legal_id,fund_id,track_no,track_code,track_name,year,asset,asset_key,current_pct,expected_pct,tolerance,min_pct,max_pct,benchmark,policy_text,group,doc_first_seen,url,doc_file,sheet
520027251,,,520027251|מוג הלכתי|מסלול רגיל,מוג הלכתי - מסלול רגיל,2025,מניות,equity,47.39,46.0,6% +/-,40.0,52.0,"ת""א 125- 25% MSCI ALL COUNTRIES  -75% שקלי",,מוג הלכתי,2026-10-01T19:04:24.573Z,https://www.kranoth.org.il/wp-content/uploads/2025/10/%D7%9E%D7%93%D7%99%D7%A0%D7%99%D7%95%D7%AA_%D7%94%D7%A9%D7%A7%D7%A2%D7%95%D7%AA_%D7%A6%D7%A4%D7%95%D7%99%D7%94_%D7%AA%D7%A9%D7%A4%D7%95-%D7%9E%D7%95%D7%92_%D7%94%D7%9C%D7%9B%D7%AA%D7%99.xlsx,policy/companies/520027251/raw/520027251/04917f58aa7c_מדיניות_השקעות_צפויה_תשפו-מוג_הלכתי.xlsx,מוג הלכתי
520027251,,,520027251|מוג הלכתי|מסלול רגיל,מוג הלכתי - מסלול רגיל,2025,"אג""ח ממשלתי (שקלי, צמוד, משתנה, מט""ח, מק""מ)",,24.27,25.0,5% +/-,20.0,30.0,ממשלתי שקלי בריבית קבועה- 65% ממשלתי צמוד 2-5 שנים- 35%,,מוג הלכתי,2026-10-01T19:04:24.573Z,https://www.kranoth.org.il/wp-content/uploads/2025/10/%D7%9E%D7%93%D7%99%D7%A0%D7%99%D7%95%D7%AA_%D7%94%D7%A9%D7%A7%D7%A2%D7%95%D7%AA_%D7%A6%D7%A4%D7%95%D7%99%D7%94_%D7%AA%D7%A9%D7%A4%D7%95-%D7%9E%D7%95%D7%92_%D7%94%D7%9C%D7%9B%D7%AA%D7%99.xlsx,policy/companies/520027251/raw/520027251/04917f58aa7c_מדיניות_השקעות_צפויה_תשפו-מוג_הלכתי.xlsx,מוג הלכתי
520027251,,,520027251|מוג הלכתי|מסלול רגיל,מוג הלכתי - מסלול רגיל,2025,"אג""ח קונצרני (כולל פקדונות ושטרי הון)***",,21.83,24.0,6% +/-,18.0,30.0,תל בונד 60 -60%        תל בונד שקלי 20%     Bloomberg us corporate 1  bond index 10  -20%  שקלי,,מוג הלכתי,2026-10-01T19:04:24.573Z,https://www.kranoth.org.il/wp-content/uploads/2025/10/%D7%9E%D7%93%D7%99%D7%A0%D7%99%D7%95%D7%AA_%D7%94%D7%A9%D7%A7%D7%A2%D7%95%D7%AA_%D7%A6%D7%A4%D7%95%D7%99%D7%94_%D7%AA%D7%A9%D7%A4%D7%95-%D7%9E%D7%95%D7%92_%D7%94%D7%9C%D7%9B%D7%AA%D7%99.xlsx,policy/companies/520027251/raw/520027251/04917f58aa7c_מדיניות_השקעות_צפויה_תשפו-מוג_הלכתי.xlsx,מוג הלכתי
520027251,,,520027251|מוג הלכתי|מסלול רגיל,מוג הלכתי - מסלול רגיל,2025,"אחר (קרנות הון סיכון, קרנות השקעה, קרנות גידור, הלוואות לעמיתים שקליות' השקעות ראיליות, מניות לא סחירות)",,0.61,3.0,5% +/-,0.0,8.0,אין מידע,,מוג הלכתי,2026-10-01T19:04:24.573Z,https://www.kranoth.org.il/wp-content/uploads/2025/10/%D7%9E%D7%93%D7%99%D7%A0%D7%99%D7%95%D7%AA_%D7%94%D7%A9%D7%A7%D7%A2%D7%95%D7%AA_%D7%A6%D7%A4%D7%95%D7%99%D7%94_%D7%AA%D7%A9%D7%A4%D7%95-%D7%9E%D7%95%D7%92_%D7%94%D7%9C%D7%9B%D7%AA%D7%99.xlsx,policy/companies/520027251/raw/520027251/04917f58aa7c_מדיניות_השקעות_צפויה_תשפו-מוג_הלכתי.xlsx,מוג הלכתי
520027251,,,520027251|מוג הלכתי|מסלול רגיל,מוג הלכתי - מסלול רגיל,2025,"עו""ש (כולל פר""י, פק""מ שבועי, עו""ש מט""ח)**",,6.24,5.0,5% +/-,0.0,10.0,"מדד מק""מ",,מוג הלכתי,2026-10-01T19:04:24.573Z,https://www.kranoth.org.il/wp-content/uploads/2025/10/%D7%9E%D7%93%D7%99%D7%A0%D7%99%D7%95%D7%AA_%D7%94%D7%A9%D7%A7%D7%A2%D7%95%D7%AA_%D7%A6%D7%A4%D7%95%D7%99%D7%94_%D7%AA%D7%A9%D7%A4%D7%95-%D7%9E%D7%95%D7%92_%D7%94%D7%9C%D7%9B%D7%AA%D7%99.xlsx,policy/companies/520027251/raw/520027251/04917f58aa7c_מדיניות_השקעות_צפויה_תשפו-מוג_הלכתי.xlsx,מוג הלכתי
520027251,,,520027251|מוג הלכתי|מסלול רגיל,מוג הלכתי - מסלול רגיל,2025,"סה""כ*",,100.34,103.0,אין מידע,,,אין מידע,,מוג הלכתי,2026-10-01T19:04:24.573Z,https://www.kranoth.org.il/wp-content/uploads/2025/10/%D7%9E%D7%93%D7%99%D7%A0%D7%99%D7%95%D7%AA_%D7%94%D7%A9%D7%A7%D7%A2%D7%95%D7%AA_%D7%A6%D7%A4%D7%95%D7%99%D7%94_%D7%AA%D7%A9%D7%A4%D7%95-%D7%9E%D7%95%D7%92_%D7%94%D7%9C%D7%9B%D7%AA%D7%99.xlsx,policy/companies/520027251/raw/520027251/04917f58aa7c_מדיניות_השקעות_צפויה_תשפו-מוג_הלכתי.xlsx,מוג הלכתי
520027251,,,520027251|מוג הלכתי|מסלול רגיל,מוג הלכתי - מסלול רגיל,2025,"חשיפה למט""ח",fx,18.73,19.0,6% +/-,13.0,25.0,אין מידע,,מוג הלכתי,2026-10-01T19:04:24.573Z,https://www.kranoth.org.il/wp-content/uploads/2025/10/%D7%9E%D7%93%D7%99%D7%A0%D7%99%D7%95%D7%AA_%D7%94%D7%A9%D7%A7%D7%A2%D7%95%D7%AA_%D7%A6%D7%A4%D7%95%D7%99%D7%94_%D7%AA%D7%A9%D7%A4%D7%95-%D7%9E%D7%95%D7%92_%D7%94%D7%9C%D7%9B%D7%AA%D7%99.xlsx,policy/companies/520027251/raw/520027251/04917f58aa7c_מדיניות_השקעות_צפויה_תשפו-מוג_הלכתי.xlsx,מוג הלכתי
520027251,,,520027251|מוג הלכתי|מסלול רגיל,מוג הלכתי - מסלול רגיל,2025,"מגבלת עמלת ניהול חיצוני לשנת תשפ""ו",,,0.15,אין מידע,,,אין מידע,,מוג הלכתי,2026-10-01T19:04:24.573Z,https://www.kranoth.org.il/wp-content/uploads/2025/10/%D7%9E%D7%93%D7%99%D7%A0%D7%99%D7%95%D7%AA_%D7%94%D7%A9%D7%A7%D7%A2%D7%95%D7%AA_%D7%A6%D7%A4%D7%95%D7%99%D7%94_%D7%AA%D7%A9%D7%A4%D7%95-%D7%9E%D7%95%D7%92_%D7%94%D7%9C%D7%9B%D7%AA%D7%99.xlsx,policy/companies/520027251/raw/520027251/04917f58aa7c_מדיניות_השקעות_צפויה_תשפו-מוג_הלכתי.xlsx,מוג הלכתי
520027251,,,520027251|מוג מקור|מסלול מקוצר,מוג מקור - מסלול מקוצר,2024,מניות סחירות,equity,46.43,44.0,6% +/-,38.0,50.0,"ת""א 125- 25% MSCI ALL COUNTRIES  -75% שקלי",,מוג מקור,2026-10-01T19:04:45.032Z,https://www.kranoth.org.il/wp-content/uploads/2024/11/%D7%9E%D7%95%D7%A8%D7%99%D7%9D_%D7%95%D7%92%D7%A0%D7%A0%D7%95%D7%AA_%D7%9E%D7%A7%D7%95%D7%A8_%D7%9E%D7%A1%D7%9C%D7%95%D7%9C_%D7%9B%D7%9C%D7%9C%D7%99_%D7%9E%D7%93%D7%99%D7%A0%D7%99%D7%95%D7%AA_%D7%94%D7%A9%D7%A7%D7%A2%D7%95%D7%AA_%D7%AA%D7%A9%D7%A4%D7%94-1.xlsx,policy/companies/520027251/raw/520027251/0690fece1b44_מורים_וגננות_מקור_מסלול_כללי_מדיניות_השקעות_תשפה-1.xlsx,מוג מקור
520027251,,,520027251|מוג מקור|מסלול מקוצר,מוג מקור - מסלול מקוצר,2024,"אג""ח ממשלתי (שקלי, צמוד, משתנה, מט""ח, מק""מ)",,14.12,15.0,5% +/-,10.0,20.0,ממשלתי שקלי בריבית קבועה- 65% ממשלתי צמוד 2-5 שנים- 35%,,מוג מקור,2026-10-01T19:04:45.032Z,https://www.kranoth.org.il/wp-content/uploads/2024/11/%D7%9E%D7%95%D7%A8%D7%99%D7%9D_%D7%95%D7%92%D7%A0%D7%A0%D7%95%D7%AA_%D7%9E%D7%A7%D7%95%D7%A8_%D7%9E%D7%A1%D7%9C%D7%95%D7%9C_%D7%9B%D7%9C%D7%9C%D7%99_%D7%9E%D7%93%D7%99%D7%A0%D7%99%D7%95%D7%AA_%D7%94%D7%A9%D7%A7%D7%A2%D7%95%D7%AA_%D7%AA%D7%A9%D7%A4%D7%94-1.xlsx,policy/companies/520027251/raw/520027251/0690fece1b44_מורים_וגננות_מקור_מסלול_כללי_מדיניות_השקעות_תשפה-1.xlsx,מוג מקור
520027251,,,520027251|מוג מקור|מסלול מקוצר,מוג מקור - מסלול מקוצר,2024,"אג""ח קונצרני (כולל פקדונות ושטרי הון)***",,17.06,20.0,6% +/-,14.0,26.0,תל בונד 60 -60%        תל בונד שקלי 20%     Bloomberg us corporate 1  bond index 10  -20%  שקלי,,מוג מקור,2026-10-01T19:04:45.032Z,https://www.kranoth.org.il/wp-content/uploads/2024/11/%D7%9E%D7%95%D7%A8%D7%99%D7%9D_%D7%95%D7%92%D7%A0%D7%A0%D7%95%D7%AA_%D7%9E%D7%A7%D7%95%D7%A8_%D7%9E%D7%A1%D7%9C%D7%95%D7%9C_%D7%9B%D7%9C%D7%9C%D7%99_%D7%9E%D7%93%D7%99%D7%A0%D7%99%D7%95%D7%AA_%D7%94%D7%A9%D7%A7%D7%A2%D7%95%D7%AA_%D7%AA%D7%A9%D7%A4%D7%94-1.xlsx,policy/companies/520027251/raw/520027251/0690fece1b44_מורים_וגננות_מקור_מסלול_כללי_מדיניות_השקעות_תשפה-1.xlsx,מוג מקור
520027251,,,520027251|מוג מקור|מסלול מקוצר,מוג מקור - מסלול מקוצר,2024,"אחר (קרנות הון סיכון, קרנות השקעה, קרנות גידור, הלוואות לעמיתים שקליות' השקעות ראיליות, מניות לא סחירות)",,20.03,22.0,5% +/-,17.0,27.0,אין מידע,,מוג מקור,2026-10-01T19:04:45.032Z,https://www.kranoth.org.il/wp-content/uploads/2024/11/%D7%9E%D7%95%D7%A8%D7%99%D7%9D_%D7%95%D7%92%D7%A0%D7%A0%D7%95%D7%AA_%D7%9E%D7%A7%D7%95%D7%A8_%D7%9E%D7%A1%D7%9C%D7%95%D7%9C_%D7%9B%D7%9C%D7%9C%D7%99_%D7%9E%D7%93%D7%99%D7%A0%D7%99%D7%95%D7%AA_%D7%94%D7%A9%D7%A7%D7%A2%D7%95%D7%AA_%D7%AA%D7%A9%D7%A4%D7%94-1.xlsx,policy/companies/520027251/raw/520027251/0690fece1b44_מורים_וגננות_מקור_מסלול_כללי_מדיניות_השקעות_תשפה-1.xlsx,מוג מקור
520027251,,,520027251|מוג מקור|מסלול מקוצר,מוג מקור - מסלול מקוצר,2024,"עו""ש (כולל פר""י, פק""מ שבועי, עו""ש מט""ח)**",,5.92,5.0,5% +/-,0.0,10.0,"מדד מק""מ",,מוג מקור,2026-10-01T19:04:45.032Z,https://www.kranoth.org.il/wp-content/uploads/2024/11/%D7%9E%D7%95%D7%A8%D7%99%D7%9D_%D7%95%D7%92%D7%A0%D7%A0%D7%95%D7%AA_%D7%9E%D7%A7%D7%95%D7%A8_%D7%9E%D7%A1%D7%9C%D7%95%D7%9C_%D7%9B%D7%9C%D7%9C%D7%99_%D7%9E%D7%93%D7%99%D7%A0%D7%99%D7%95%D7%AA_%D7%94%D7%A9%D7%A7%D7%A2%D7%95%D7%AA_%D7%AA%D7%A9%D7%A4%D7%94-1.xlsx,policy/companies/520027251/raw/520027251/0690fece1b44_מורים_וגננות_מקור_מסלול_כללי_מדיניות_השקעות_תשפה-1.xlsx,מוג מקור
520027251,,,520027251|מוג מקור|מסלול מקוצר,מוג מקור - מסלול מקוצר,2024,"סה""כ*",,103.56,106.0,אין מידע,,,אין מידע,,מוג מקור,2026-10-01T19:04:45.032Z,https://www.kranoth.org.il/wp-content/uploads/2024/11/%D7%9E%D7%95%D7%A8%D7%99%D7%9D_%D7%95%D7%92%D7%A0%D7%A0%D7%95%D7%AA_%D7%9E%D7%A7%D7%95%D7%A8_%D7%9E%D7%A1%D7%9C%D7%95%D7%9C_%D7%9B%D7%9C%D7%9C%D7%99_%D7%9E%D7%93%D7%99%D7%A0%D7%99%D7%95%D7%AA_%D7%94%D7%A9%D7%A7%D7%A2%D7%95%D7%AA_%D7%AA%D7%A9%D7%A4%D7%94-1.xlsx,policy/companies/520027251/raw/520027251/0690fece1b44_מורים_וגננות_מקור_מסלול_כללי_מדיניות_השקעות_תשפה-1.xlsx,מוג מקור
520027251,,,520027251|מוג מקור|מסלול מקוצר,מוג מקור - מסלול מקוצר,2024,"חשיפה למט""ח",fx,23.0,21.0,6% +/-,15.0,27.0,אין מידע,,מוג מקור,2026-10-01T19:04:45.032Z,https://www.kranoth.org.il/wp-content/uploads/2024/11/%D7%9E%D7%95%D7%A8%D7%99%D7%9D_%D7%95%D7%92%D7%A0%D7%A0%D7%95%D7%AA_%D7%9E%D7%A7%D7%95%D7%A8_%D7%9E%D7%A1%D7%9C%D7%95%D7%9C_%D7%9B%D7%9C%D7%9C%D7%99_%D7%9E%D7%93%D7%99%D7%A0%D7%99%D7%95%D7%AA_%D7%94%D7%A9%D7%A7%D7%A2%D7%95%D7%AA_%D7%AA%D7%A9%D7%A4%D7%94-1.xlsx,policy/companies/520027251/raw/520027251/0690fece1b44_מורים_וגננות_מקור_מסלול_כללי_מדיניות_השקעות_תשפה-1.xlsx,מוג מקור
520027251,,,520027251|מוג מקור|מסלול מקוצר,מוג מקור - מסלול מקוצר,2024,"מגבלת עמלת ניהול חיצוני לשנת תשפ""ה",,,0.4,אין מידע,,,אין מידע,,מוג מקור,2026-10-01T19:04:45.032Z,https://www.kranoth.org.il/wp-content/uploads/2024/11/%D7%9E%D7%95%D7%A8%D7%99%D7%9D_%D7%95%D7%92%D7%A0%D7%A0%D7%95%D7%AA_%D7%9E%D7%A7%D7%95%D7%A8_%D7%9E%D7%A1%D7%9C%D7%95%D7%9C_%D7%9B%D7%9C%D7%9C%D7%99_%D7%9E%D7%93%D7%99%D7%A0%D7%99%D7%95%D7%AA_%D7%94%D7%A9%D7%A7%D7%A2%D7%95%D7%AA_%D7%AA%D7%A9%D7%A4%D7%94-1.xlsx,policy/companies/520027251/raw/520027251/0690fece1b44_מורים_וגננות_מקור_מסלול_כללי_מדיניות_השקעות_תשפה-1.xlsx,מוג מקור
520027251,,,520027251|מוג אשראי ואגח|מסלול רגיל,מוג אשראי ואגח - מסלול רגיל,2025,מניות,equity,0.0,0.0,0,0.0,6.0,אין מידע,,מוג אשראי ואגח,2026-10-01T19:04:27.889Z,https://www.kranoth.org.il/wp-content/uploads/2026/07/%D7%9E%D7%93%D7%99%D7%A0%D7%99%D7%95%D7%AA_%D7%94%D7%A9%D7%A7%D7%A2%D7%95%D7%AA_%D7%A6%D7%A4%D7%95%D7%99%D7%94_%D7%AA%D7%A9%D7%A4%D7%95-%D7%9E%D7%95%D7%92_%D7%90%D7%A9%D7%A8%D7%90%D7%99_%D7%95%D7%90%D7%92%D7%97.xlsx,policy/companies/520027251/raw/520027251/0bf765a357c7_מדיניות_השקעות_צפויה_תשפו-מוג_אשראי_ואגח.xlsx,מוג אשראי ואגח
520027251,,,520027251|מוג אשראי ואגח|מסלול רגיל,מוג אשראי ואגח - מסלול רגיל,2025,"אג""ח ממשלתי (שקלי, צמוד, משתנה, מט""ח, מק""מ)",,58.05,55.0,5% +/-,50.0,60.0,ממשלתי שקלי בריבית קבועה- 65% ממשלתי צמוד 2-5 שנים- 35%,,מוג אשראי ואגח,2026-10-01T19:04:27.889Z,https://www.kranoth.org.il/wp-content/uploads/2026/07/%D7%9E%D7%93%D7%99%D7%A0%D7%99%D7%95%D7%AA_%D7%94%D7%A9%D7%A7%D7%A2%D7%95%D7%AA_%D7%A6%D7%A4%D7%95%D7%99%D7%94_%D7%AA%D7%A9%D7%A4%D7%95-%D7%9E%D7%95%D7%92_%D7%90%D7%A9%D7%A8%D7%90%D7%99_%D7%95%D7%90%D7%92%D7%97.xlsx,policy/companies/520027251/raw/520027251/0bf765a357c7_מדיניות_השקעות_צפויה_תשפו-מוג_אשראי_ואגח.xlsx,מוג אשראי ואגח
520027251,,,520027251|מוג אשראי ואגח|מסלול רגיל,מוג אשראי ואגח - מסלול רגיל,2025,"אג""ח קונצרני (כולל פקדונות ושטרי הון)***",,35.7,40.0,6% +/-,34.0,46.0,תל בונד 60 -60%        תל בונד שקלי 20%     Bloomberg us corporate 1  bond index 10  -20%  שקלי,,מוג אשראי ואגח,2026-10-01T19:04:27.889Z,https://www.kranoth.org.il/wp-content/uploads/2026/07/%D7%9E%D7%93%D7%99%D7%A0%D7%99%D7%95%D7%AA_%D7%94%D7%A9%D7%A7%D7%A2%D7%95%D7%AA_%D7%A6%D7%A4%D7%95%D7%99%D7%94_%D7%AA%D7%A9%D7%A4%D7%95-%D7%9E%D7%95%D7%92_%D7%90%D7%A9%D7%A8%D7%90%D7%99_%D7%95%D7%90%D7%92%D7%97.xlsx,policy/companies/520027251/raw/520027251/0bf765a357c7_מדיניות_השקעות_צפויה_תשפו-מוג_אשראי_ואגח.xlsx,מוג אשראי ואגח
520027251,,,520027251|מוג אשראי ואגח|מסלול רגיל,מוג אשראי ואגח - מסלול רגיל,2025,"אחר (קרנות הון סיכון, קרנות השקעה, קרנות גידור, הלוואות לעמיתים שקליות' השקעות ראיליות, מניות לא סחירות)",,0.0,0.0,0,0.0,5.0,אין מידע,,מוג אשראי ואגח,2026-10-01T19:04:27.889Z,https://www.kranoth.org.il/wp-content/uploads/2026/07/%D7%9E%D7%93%D7%99%D7%A0%D7%99%D7%95%D7%AA_%D7%94%D7%A9%D7%A7%D7%A2%D7%95%D7%AA_%D7%A6%D7%A4%D7%95%D7%99%D7%94_%D7%AA%D7%A9%D7%A4%D7%95-%D7%9E%D7%95%D7%92_%D7%90%D7%A9%D7%A8%D7%90%D7%99_%D7%95%D7%90%D7%92%D7%97.xlsx,policy/companies/520027251/raw/520027251/0bf765a357c7_מדיניות_השקעות_צפויה_תשפו-מוג_אשראי_ואגח.xlsx,מוג אשראי ואגח
520027251,,,520027251|מוג אשראי ואגח|מסלול רגיל,מוג אשראי ואגח - מסלול רגיל,2025,"עו""ש (כולל פר""י, פק""מ שבועי, עו""ש מט""ח)**",,6.25,5.0,5% +/-,0.0,10.0,"מדד מק""מ",,מוג אשראי ואגח,2026-10-01T19:04:27.889Z,https://www.kranoth.org.il/wp-content/uploads/2026/07/%D7%9E%D7%93%D7%99%D7%A0%D7%99%D7%95%D7%AA_%D7%94%D7%A9%D7%A7%D7%A2%D7%95%D7%AA_%D7%A6%D7%A4%D7%95%D7%99%D7%94_%D7%AA%D7%A9%D7%A4%D7%95-%D7%9E%D7%95%D7%92_%D7%90%D7%A9%D7%A8%D7%90%D7%99_%D7%95%D7%90%D7%92%D7%97.xlsx,policy/companies/520027251/raw/520027251/0bf765a357c7_מדיניות_השקעות_צפויה_תשפו-מוג_אשראי_ואגח.xlsx,מוג אשראי ואגח
520027251,,,520027251|מוג אשראי ואגח|מסלול רגיל,מוג אשראי ואגח - מסלול רגיל,2025,"סה""כ*",,100.0,100.0,1,,,אין מידע,,מוג אשראי ואגח,2026-10-01T19:04:27.889Z,https://www.kranoth.org.il/wp-content/uploads/2026/07/%D7%9E%D7%93%D7%99%D7%A0%D7%99%D7%95%D7%AA_%D7%94%D7%A9%D7%A7%D7%A2%D7%95%D7%AA_%D7%A6%D7%A4%D7%95%D7%99%D7%94_%D7%AA%D7%A9%D7%A4%D7%95-%D7%9E%D7%95%D7%92_%D7%90%D7%A9%D7%A8%D7%90%D7%99_%D7%95%D7%90%D7%92%D7%97.xlsx,policy/companies/520027251/raw/520027251/0bf765a357c7_מדיניות_השקעות_צפויה_תשפו-מוג_אשראי_ואגח.xlsx,מוג אשראי ואגח
520027251,,,520027251|מוג אשראי ואגח|מסלול רגיל,מוג אשראי ואגח - מסלול רגיל,2025,"חשיפה למט""ח",fx,2.7,6.0,6% +/-,0.0,12.0,אין מידע,,מוג אשראי ואגח,2026-10-01T19:04:27.889Z,https://www.kranoth.org.il/wp-content/uploads/2026/07/%D7%9E%D7%93%D7%99%D7%A0%D7%99%D7%95%D7%AA_%D7%94%D7%A9%D7%A7%D7%A2%D7%95%D7%AA_%D7%A6%D7%A4%D7%95%D7%99%D7%94_%D7%AA%D7%A9%D7%A4%D7%95-%D7%9E%D7%95%D7%92_%D7%90%D7%A9%D7%A8%D7%90%D7%99_%D7%95%D7%90%D7%92%D7%97.xlsx,policy/companies/520027251/raw/520027251/0bf765a357c7_מדיניות_השקעות_צפויה_תשפו-מוג_אשראי_ואגח.xlsx,מוג אשראי ואגח
520027251,,,520027251|מוג מקור|מסלול מקוצר,מוג מקור - מסלול מקוצר,2026,מניות סחירות,equity,47.27,45.0,6% +/-,39.0,51.0,"ת""א 125- 30% MSCI ALL COUNTRIES  -70% שקלי",,מוג מקור,2026-10-01T19:04:43.702Z,https://www.kranoth.org.il/wp-content/uploads/2026/06/%D7%9E%D7%95%D7%92_%D7%9E%D7%A7%D7%95%D7%A8-%D7%9E%D7%93%D7%99%D7%A0%D7%99%D7%95%D7%AA_%D7%94%D7%A9%D7%A7%D7%A2%D7%95%D7%AA_%D7%9E%D7%A8%D7%A5_2026.xlsx,policy/companies/520027251/raw/520027251/0da9ec3ce0cb_מוג_מקור-מדיניות_השקעות_מרץ_2026.xlsx,מוג מקור
520027251,,,520027251|מוג מקור|מסלול מקוצר,מוג מקור - מסלול מקוצר,2026,"אג""ח ממשלתי (שקלי, צמוד, משתנה, מט""ח, מק""מ)",,14.97,15.0,5% +/-,10.0,20.0,ממשלתי שקלי בריבית קבועה- 65% ממשלתי צמוד 2-5 שנים- 35%,,מוג מקור,2026-10-01T19:04:43.702Z,https://www.kranoth.org.il/wp-content/uploads/2026/06/%D7%9E%D7%95%D7%92_%D7%9E%D7%A7%D7%95%D7%A8-%D7%9E%D7%93%D7%99%D7%A0%D7%99%D7%95%D7%AA_%D7%94%D7%A9%D7%A7%D7%A2%D7%95%D7%AA_%D7%9E%D7%A8%D7%A5_2026.xlsx,policy/companies/520027251/raw/520027251/0da9ec3ce0cb_מוג_מקור-מדיניות_השקעות_מרץ_2026.xlsx,מוג מקור
520027251,,,520027251|מוג מקור|מסלול מקוצר,מוג מקור - מסלול מקוצר,2026,"אג""ח קונצרני (כולל פקדונות ושטרי הון)***",,18.75,19.0,6% +/-,13.0,25.0,תל בונד 60 -60%        תל בונד שקלי 20%     Bloomberg us corporate 1  bond index 10  -20%  שקלי,,מוג מקור,2026-10-01T19:04:43.702Z,https://www.kranoth.org.il/wp-content/uploads/2026/06/%D7%9E%D7%95%D7%92_%D7%9E%D7%A7%D7%95%D7%A8-%D7%9E%D7%93%D7%99%D7%A0%D7%99%D7%95%D7%AA_%D7%94%D7%A9%D7%A7%D7%A2%D7%95%D7%AA_%D7%9E%D7%A8%D7%A5_2026.xlsx,policy/companies/520027251/raw/520027251/0da9ec3ce0cb_מוג_מקור-מדיניות_השקעות_מרץ_2026.xlsx,מוג מקור
520027251,,,520027251|מוג מקור|מסלול מקוצר,מוג מקור - מסלול מקוצר,2026,"אחר (קרנות הון סיכון, קרנות השקעה, קרנות גידור, הלוואות לעמיתים שקליות' השקעות ראיליות, מניות לא סחירות)",,18.12,20.0,5% +/-,,,"Barclays Global Aggregate Corporate Bond Index- 11% ,  msci-ac - 34% , S&P Global Infrastructure Index - 43%, MSCI World Real Estate Index - 11% שקליים",,מוג מקור,2026-10-01T19:04:43.702Z,https://www.kranoth.org.il/wp-content/uploads/2026/06/%D7%9E%D7%95%D7%92_%D7%9E%D7%A7%D7%95%D7%A8-%D7%9E%D7%93%D7%99%D7%A0%D7%99%D7%95%D7%AA_%D7%94%D7%A9%D7%A7%D7%A2%D7%95%D7%AA_%D7%9E%D7%A8%D7%A5_2026.xlsx,policy/companies/520027251/raw/520027251/0da9ec3ce0cb_מוג_מקור-מדיניות_השקעות_מרץ_2026.xlsx,מוג מקור
520027251,,,520027251|מוג מקור|מסלול מקוצר,מוג מקור - מסלול מקוצר,2026,"עו""ש (כולל פר""י, פק""מ שבועי, עו""ש מט""ח)**",,3.86,5.0,5% +/-,0.0,10.0,"מדד מק""מ",,מוג מקור,2026-10-01T19:04:43.702Z,https://www.kranoth.org.il/wp-content/uploads/2026/06/%D7%9E%D7%95%D7%92_%D7%9E%D7%A7%D7%95%D7%A8-%D7%9E%D7%93%D7%99%D7%A0%D7%99%D7%95%D7%AA_%D7%94%D7%A9%D7%A7%D7%A2%D7%95%D7%AA_%D7%9E%D7%A8%D7%A5_2026.xlsx,policy/companies/520027251/raw/520027251/0da9ec3ce0cb_מוג_מקור-מדיניות_השקעות_מרץ_2026.xlsx,מוג מקור
520027251,,,520027251|מוג מקור|מסלול מקוצר,מוג מקור - מסלול מקוצר,2026,"סה""כ*",,102.55,104.0,אין מידע,,,אין מידע,,מוג מקור,2026-10-01T19:04:43.702Z,https://www.kranoth.org.il/wp-content/uploads/2026/06/%D7%9E%D7%95%D7%92_%D7%9E%D7%A7%D7%95%D7%A8-%D7%9E%D7%93%D7%99%D7%A0%D7%99%D7%95%D7%AA_%D7%94%D7%A9%D7%A7%D7%A2%D7%95%D7%AA_%D7%9E%D7%A8%D7%A5_2026.xlsx,policy/companies/520027251/raw/520027251/0da9ec3ce0cb_מוג_מקור-מדיניות_השקעות_מרץ_2026.xlsx,מוג מקור
520027251,,,520027251|מוג מקור|מסלול מקוצר,מוג מקור - מסלול מקוצר,2026,"חשיפה למט""ח",fx,18.75,19.0,6% +/-,13.0,25.0,אין מידע,,מוג מקור,2026-10-01T19:04:43.702Z,https://www.kranoth.org.il/wp-content/uploads/2026/06/%D7%9E%D7%95%D7%92_%D7%9E%D7%A7%D7%95%D7%A8-%D7%9E%D7%93%D7%99%D7%A0%D7%99%D7%95%D7%AA_%D7%94%D7%A9%D7%A7%D7%A2%D7%95%D7%AA_%D7%9E%D7%A8%D7%A5_2026.xlsx,policy/companies/520027251/raw/520027251/0da9ec3ce0cb_מוג_מקור-מדיניות_השקעות_מרץ_2026.xlsx,מוג מקור
520027251,,,520027251|מוג מקור|מסלול מקוצר,מוג מקור - מסלול מקוצר,2026,"מגבלת עמלת ניהול חיצוני לשנת תשפ""ו",,,0.36,אין מידע,,,אין מידע,,מוג מקור,2026-10-01T19:04:43.702Z,https://www.kranoth.org.il/wp-content/uploads/2026/06/%D7%9E%D7%95%D7%92_%D7%9E%D7%A7%D7%95%D7%A8-%D7%9E%D7%93%D7%99%D7%A0%D7%99%D7%95%D7%AA_%D7%94%D7%A9%D7%A7%D7%A2%D7%95%D7%AA_%D7%9E%D7%A8%D7%A5_2026.xlsx,policy/companies/520027251/raw/520027251/0da9ec3ce0cb_מוג_מקור-מדיניות_השקעות_מרץ_2026.xlsx,מוג מקור
520027251,,,520027251|מורים וגננות|מסלול רגיל,מורים וגננות - מסלול רגיל,2024,מניות סחירות,equity,47.34,44.0,6% +/-,38.0,50.0,"ת""א 125- 25% MSCI ALL COUNTRIES  -75% שקלי",,מורים וגננות,2026-10-01T19:04:19.887Z,https://www.kranoth.org.il/wp-content/uploads/2024/12/%D7%9E%D7%95%D7%A8%D7%99%D7%9D_%D7%95%D7%92%D7%A0%D7%A0%D7%95%D7%AA-%D7%9E%D7%A1%D7%9C%D7%95%D7%9C_%D7%9B%D7%9C%D7%9C%D7%99-%D7%9E%D7%93%D7%99%D7%A0%D7%99%D7%95%D7%AA_%D7%94%D7%A9%D7%A7%D7%A2%D7%95%D7%AA_%D7%AA%D7%A9%D7%A4%D7%94_%D7%93%D7%A6%D7%9E%D7%91%D7%A8_2024.xlsx,policy/companies/520027251/raw/520027251/0e798f303f9d_מורים_וגננות-מסלול_כללי-מדיניות_השקעות_תשפה_דצמבר_2024.xlsx,מורים וגננות 
520027251,,,520027251|מורים וגננות|מסלול רגיל,מורים וגננות - מסלול רגיל,2024,"אג""ח ממשלתי (שקלי, צמוד, משתנה, מט""ח, מק""מ)",,14.88,15.0,5% +/-,10.0,20.0,ממשלתי שקלי בריבית קבועה- 65% ממשלתי צמוד 2-5 שנים- 35%,,מורים וגננות,2026-10-01T19:04:19.887Z,https://www.kranoth.org.il/wp-content/uploads/2024/12/%D7%9E%D7%95%D7%A8%D7%99%D7%9D_%D7%95%D7%92%D7%A0%D7%A0%D7%95%D7%AA-%D7%9E%D7%A1%D7%9C%D7%95%D7%9C_%D7%9B%D7%9C%D7%9C%D7%99-%D7%9E%D7%93%D7%99%D7%A0%D7%99%D7%95%D7%AA_%D7%94%D7%A9%D7%A7%D7%A2%D7%95%D7%AA_%D7%AA%D7%A9%D7%A4%D7%94_%D7%93%D7%A6%D7%9E%D7%91%D7%A8_2024.xlsx,policy/companies/520027251/raw/520027251/0e798f303f9d_מורים_וגננות-מסלול_כללי-מדיניות_השקעות_תשפה_דצמבר_2024.xlsx,מורים וגננות 
520027251,,,520027251|מורים וגננות|מסלול רגיל,מורים וגננות - מסלול רגיל,2024,"אג""ח קונצרני (כולל פקדונות ושטרי הון)***",,17.73,20.0,6% +/-,14.0,26.0,תל בונד 60 -60%        תל בונד שקלי 20%     Bloomberg us corporate 1  bond index 10  -20%  שקלי,,מורים וגננות,2026-10-01T19:04:19.887Z,https://www.kranoth.org.il/wp-content/uploads/2024/12/%D7%9E%D7%95%D7%A8%D7%99%D7%9D_%D7%95%D7%92%D7%A0%D7%A0%D7%95%D7%AA-%D7%9E%D7%A1%D7%9C%D7%95%D7%9C_%D7%9B%D7%9C%D7%9C%D7%99-%D7%9E%D7%93%D7%99%D7%A0%D7%99%D7%95%D7%AA_%D7%94%D7%A9%D7%A7%D7%A2%D7%95%D7%AA_%D7%AA%D7%A9%D7%A4%D7%94_%D7%93%D7%A6%D7%9E%D7%91%D7%A8_2024.xlsx,policy/companies/520027251/raw/520027251/0e798f303f9d_מורים_וגננות-מסלול_כללי-מדיניות_השקעות_תשפה_דצמבר_2024.xlsx,מורים וגננות 
520027251,,,520027251|מורים וגננות|מסלול רגיל,מורים וגננות - מסלול רגיל,2024,"אחר (קרנות הון סיכון, קרנות השקעה, קרנות גידור, הלוואות לעמיתים שקליות' השקעות ראיליות, מניות לא סחירות)",,20.16,22.0,5% +/-,17.0,27.0,אין מידע,,מורים וגננות,2026-10-01T19:04:19.887Z,https://www.kranoth.org.il/wp-content/uploads/2024/12/%D7%9E%D7%95%D7%A8%D7%99%D7%9D_%D7%95%D7%92%D7%A0%D7%A0%D7%95%D7%AA-%D7%9E%D7%A1%D7%9C%D7%95%D7%9C_%D7%9B%D7%9C%D7%9C%D7%99-%D7%9E%D7%93%D7%99%D7%A0%D7%99%D7%95%D7%AA_%D7%94%D7%A9%D7%A7%D7%A2%D7%95%D7%AA_%D7%AA%D7%A9%D7%A4%D7%94_%D7%93%D7%A6%D7%9E%D7%91%D7%A8_2024.xlsx,policy/companies/520027251/raw/520027251/0e798f303f9d_מורים_וגננות-מסלול_כללי-מדיניות_השקעות_תשפה_דצמבר_2024.xlsx,מורים וגננות 
520027251,,,520027251|מורים וגננות|מסלול רגיל,מורים וגננות - מסלול רגיל,2024,"עו""ש (כולל פר""י, פק""מ שבועי, עו""ש מט""ח)**",,3.5,5.0,5% +/-,0.0,10.0,"מדד מק""מ",,מורים וגננות,2026-10-01T19:04:19.887Z,https://www.kranoth.org.il/wp-content/uploads/2024/12/%D7%9E%D7%95%D7%A8%D7%99%D7%9D_%D7%95%D7%92%D7%A0%D7%A0%D7%95%D7%AA-%D7%9E%D7%A1%D7%9C%D7%95%D7%9C_%D7%9B%D7%9C%D7%9C%D7%99-%D7%9E%D7%93%D7%99%D7%A0%D7%99%D7%95%D7%AA_%D7%94%D7%A9%D7%A7%D7%A2%D7%95%D7%AA_%D7%AA%D7%A9%D7%A4%D7%94_%D7%93%D7%A6%D7%9E%D7%91%D7%A8_2024.xlsx,policy/companies/520027251/raw/520027251/0e798f303f9d_מורים_וגננות-מסלול_כללי-מדיניות_השקעות_תשפה_דצמבר_2024.xlsx,מורים וגננות 
520027251,,,520027251|מורים וגננות|מסלול רגיל,מורים וגננות - מסלול רגיל,2024,"סה""כ*",,103.61,106.0,אין מידע,,,אין מידע,,מורים וגננות,2026-10-01T19:04:19.887Z,https://www.kranoth.org.il/wp-content/uploads/2024/12/%D7%9E%D7%95%D7%A8%D7%99%D7%9D_%D7%95%D7%92%D7%A0%D7%A0%D7%95%D7%AA-%D7%9E%D7%A1%D7%9C%D7%95%D7%9C_%D7%9B%D7%9C%D7%9C%D7%99-%D7%9E%D7%93%D7%99%D7%A0%D7%99%D7%95%D7%AA_%D7%94%D7%A9%D7%A7%D7%A2%D7%95%D7%AA_%D7%AA%D7%A9%D7%A4%D7%94_%D7%93%D7%A6%D7%9E%D7%91%D7%A8_2024.xlsx,policy/companies/520027251/raw/520027251/0e798f303f9d_מורים_וגננות-מסלול_כללי-מדיניות_השקעות_תשפה_דצמבר_2024.xlsx,מורים וגננות 
520027251,,,520027251|מורים וגננות|מסלול רגיל,מורים וגננות - מסלול רגיל,2024,"חשיפה למט""ח",fx,20.94,20.0,6% +/-,14.0,26.0,אין מידע,,מורים וגננות,2026-10-01T19:04:19.887Z,https://www.kranoth.org.il/wp-content/uploads/2024/12/%D7%9E%D7%95%D7%A8%D7%99%D7%9D_%D7%95%D7%92%D7%A0%D7%A0%D7%95%D7%AA-%D7%9E%D7%A1%D7%9C%D7%95%D7%9C_%D7%9B%D7%9C%D7%9C%D7%99-%D7%9E%D7%93%D7%99%D7%A0%D7%99%D7%95%D7%AA_%D7%94%D7%A9%D7%A7%D7%A2%D7%95%D7%AA_%D7%AA%D7%A9%D7%A4%D7%94_%D7%93%D7%A6%D7%9E%D7%91%D7%A8_2024.xlsx,policy/companies/520027251/raw/520027251/0e798f303f9d_מורים_וגננות-מסלול_כללי-מדיניות_השקעות_תשפה_דצמבר_2024.xlsx,מורים וגננות 
520027251,,,520027251|מורים וגננות|מסלול רגיל,מורים וגננות - מסלול רגיל,2024,"מגבלת עמלת ניהול חיצוני לשנת תשפ""ה",,,0.4,אין מידע,,,אין מידע,,מורים וגננות,2026-10-01T19:04:19.887Z,https://www.kranoth.org.il/wp-content/uploads/2024/12/%D7%9E%D7%95%D7%A8%D7%99%D7%9D_%D7%95%D7%92%D7%A0%D7%A0%D7%95%D7%AA-%D7%9E%D7%A1%D7%9C%D7%95%D7%9C_%D7%9B%D7%9C%D7%9C%D7%99-%D7%9E%D7%93%D7%99%D7%A0%D7%99%D7%95%D7%AA_%D7%94%D7%A9%D7%A7%D7%A2%D7%95%D7%AA_%D7%AA%D7%A9%D7%A4%D7%94_%D7%93%D7%A6%D7%9E%D7%91%D7%A8_2024.xlsx,policy/companies/520027251/raw/520027251/0e798f303f9d_מורים_וגננות-מסלול_כללי-מדיניות_השקעות_תשפה_דצמבר_2024.xlsx,מורים וגננות 
520027251,,,520027251|מורים וגננות|מסלול רגיל,מורים וגננות - מסלול רגיל,2026,מניות סחירות,equity,46.86,45.0,6% +/-,39.0,51.0,"ת""א 125- 30% MSCI ALL COUNTRIES  -70% שקלי",,מורים וגננות,2026-10-01T19:04:18.431Z,https://www.kranoth.org.il/wp-content/uploads/2026/06/%D7%9E%D7%95%D7%92_%D7%A8%D7%92%D7%99%D7%9C%D7%94-%D7%9E%D7%93%D7%99%D7%A0%D7%99%D7%95%D7%AA_%D7%94%D7%A9%D7%A7%D7%A2%D7%95%D7%AA_%D7%9E%D7%A8%D7%A5_2026.xlsx,policy/companies/520027251/raw/520027251/1c7889d354ea_מוג_רגילה-מדיניות_השקעות_מרץ_2026.xlsx,מורים וגננות 
520027251,,,520027251|מורים וגננות|מסלול רגיל,מורים וגננות - מסלול רגיל,2026,"אג""ח ממשלתי (שקלי, צמוד, משתנה, מט""ח, מק""מ)",,15.33,15.0,5% +/-,10.0,20.0,ממשלתי שקלי בריבית קבועה- 65% ממשלתי צמוד 2-5 שנים- 35%,,מורים וגננות,2026-10-01T19:04:18.431Z,https://www.kranoth.org.il/wp-content/uploads/2026/06/%D7%9E%D7%95%D7%92_%D7%A8%D7%92%D7%99%D7%9C%D7%94-%D7%9E%D7%93%D7%99%D7%A0%D7%99%D7%95%D7%AA_%D7%94%D7%A9%D7%A7%D7%A2%D7%95%D7%AA_%D7%9E%D7%A8%D7%A5_2026.xlsx,policy/companies/520027251/raw/520027251/1c7889d354ea_מוג_רגילה-מדיניות_השקעות_מרץ_2026.xlsx,מורים וגננות 
520027251,,,520027251|מורים וגננות|מסלול רגיל,מורים וגננות - מסלול רגיל,2026,"אג""ח קונצרני (כולל פקדונות ושטרי הון)***",,17.78,19.0,6% +/-,13.0,25.0,תל בונד 60 -60%        תל בונד שקלי 20%     Bloomberg us corporate 1  bond index 10  -20%  שקלי,,מורים וגננות,2026-10-01T19:04:18.431Z,https://www.kranoth.org.il/wp-content/uploads/2026/06/%D7%9E%D7%95%D7%92_%D7%A8%D7%92%D7%99%D7%9C%D7%94-%D7%9E%D7%93%D7%99%D7%A0%D7%99%D7%95%D7%AA_%D7%94%D7%A9%D7%A7%D7%A2%D7%95%D7%AA_%D7%9E%D7%A8%D7%A5_2026.xlsx,policy/companies/520027251/raw/520027251/1c7889d354ea_מוג_רגילה-מדיניות_השקעות_מרץ_2026.xlsx,מורים וגננות 
520027251,,,520027251|מורים וגננות|מסלול רגיל,מורים וגננות - מסלול רגיל,2026,"אחר (קרנות הון סיכון, קרנות השקעה, קרנות גידור, הלוואות לעמיתים שקליות' השקעות ראיליות, מניות לא סחירות)",,18.35,20.0,5% +/-,,,"Barclays Global Aggregate Corporate Bond Index- 11% ,  msci-ac - 34% , S&P Global Infrastructure Index - 43%, MSCI World Real Estate Index - 11% שקליים",,מורים וגננות,2026-10-01T19:04:18.431Z,https://www.kranoth.org.il/wp-content/uploads/2026/06/%D7%9E%D7%95%D7%92_%D7%A8%D7%92%D7%99%D7%9C%D7%94-%D7%9E%D7%93%D7%99%D7%A0%D7%99%D7%95%D7%AA_%D7%94%D7%A9%D7%A7%D7%A2%D7%95%D7%AA_%D7%9E%D7%A8%D7%A5_2026.xlsx,policy/companies/520027251/raw/520027251/1c7889d354ea_מוג_רגילה-מדיניות_השקעות_מרץ_2026.xlsx,מורים וגננות 
520027251,,,520027251|מורים וגננות|מסלול רגיל,מורים וגננות - מסלול רגיל,2026,"עו""ש (כולל פר""י, פק""מ שבועי, עו""ש מט""ח)**",,5.63,5.0,5% +/-,0.0,10.0,"מדד מק""מ",,מורים וגננות,2026-10-01T19:04:18.431Z,https://www.kranoth.org.il/wp-content/uploads/2026/06/%D7%9E%D7%95%D7%92_%D7%A8%D7%92%D7%99%D7%9C%D7%94-%D7%9E%D7%93%D7%99%D7%A0%D7%99%D7%95%D7%AA_%D7%94%D7%A9%D7%A7%D7%A2%D7%95%D7%AA_%D7%9E%D7%A8%D7%A5_2026.xlsx,policy/companies/520027251/raw/520027251/1c7889d354ea_מוג_רגילה-מדיניות_השקעות_מרץ_2026.xlsx,מורים וגננות 
520027251,,,520027251|מורים וגננות|מסלול רגיל,מורים וגננות - מסלול רגיל,2026,"סה""כ*",,103.61,104.0,אין מידע,,,אין מידע,,מורים וגננות,2026-10-01T19:04:18.431Z,https://www.kranoth.org.il/wp-content/uploads/2026/06/%D7%9E%D7%95%D7%92_%D7%A8%D7%92%D7%99%D7%9C%D7%94-%D7%9E%D7%93%D7%99%D7%A0%D7%99%D7%95%D7%AA_%D7%94%D7%A9%D7%A7%D7%A2%D7%95%D7%AA_%D7%9E%D7%A8%D7%A5_2026.xlsx,policy/companies/520027251/raw/520027251/1c7889d354ea_מוג_רגילה-מדיניות_השקעות_מרץ_2026.xlsx,מורים וגננות 
520027251,,,520027251|מורים וגננות|מסלול רגיל,מורים וגננות - מסלול רגיל,2026,"חשיפה למט""ח",fx,18.93,19.0,6% +/-,13.0,25.0,אין מידע,,מורים וגננות,2026-10-01T19:04:18.431Z,https://www.kranoth.org.il/wp-content/uploads/2026/06/%D7%9E%D7%95%D7%92_%D7%A8%D7%92%D7%99%D7%9C%D7%94-%D7%9E%D7%93%D7%99%D7%A0%D7%99%D7%95%D7%AA_%D7%94%D7%A9%D7%A7%D7%A2%D7%95%D7%AA_%D7%9E%D7%A8%D7%A5_2026.xlsx,policy/companies/520027251/raw/520027251/1c7889d354ea_מוג_רגילה-מדיניות_השקעות_מרץ_2026.xlsx,מורים וגננות 
520027251,,,520027251|מורים וגננות|מסלול רגיל,מורים וגננות - מסלול רגיל,2026,"מגבלת עמלת ניהול חיצוני לשנת תשפ""ו",,,0.36,אין מידע,,,אין מידע,,מורים וגננות,2026-10-01T19:04:18.431Z,https://www.kranoth.org.il/wp-content/uploads/2026/06/%D7%9E%D7%95%D7%92_%D7%A8%D7%92%D7%99%D7%9C%D7%94-%D7%9E%D7%93%D7%99%D7%A0%D7%99%D7%95%D7%AA_%D7%94%D7%A9%D7%A7%D7%A2%D7%95%D7%AA_%D7%9E%D7%A8%D7%A5_2026.xlsx,policy/companies/520027251/raw/520027251/1c7889d354ea_מוג_רגילה-מדיניות_השקעות_מרץ_2026.xlsx,מורים וגננות 
520027251,,,520027251|מוג מקור|מוג מקור,מוג מקור,2023,מניות סחירות,equity,44.56,44.0,6% +/-,38.0,50.0,"ת""א 125- 30% MSCI ALL COUNTRIES  -70% שקלי",,מוג מקור,2026-10-01T19:04:45.521Z,https://www.kranoth.org.il/wp-content/uploads/2024/01/%D7%9E%D7%95%D7%92_%D7%9E%D7%A7%D7%95%D7%A8_%D7%9B%D7%9C%D7%9C%D7%99-%D7%9E%D7%93%D7%99%D7%A0%D7%99%D7%95%D7%AA_%D7%94%D7%A9%D7%A7%D7%A2%D7%95%D7%AA_%D7%A6%D7%A4%D7%95%D7%99%D7%94_25.12.23.xlsx,policy/companies/520027251/raw/520027251/1cbeb8d27d5c_מוג_מקור_כללי-מדיניות_השקעות_צפויה_25.12.23.xlsx,מוג מקור
520027251,,,520027251|מוג מקור|מוג מקור,מוג מקור,2023,"אג""ח ממשלתי (שקלי, צמוד, משתנה, מט""ח, מק""מ)",,13.83,15.0,5% +/-,10.0,20.0,ממשלתי שקלי בריבית קבועה- 65% ממשלתי צמוד 2-5 שנים- 35%,,מוג מקור,2026-10-01T19:04:45.521Z,https://www.kranoth.org.il/wp-content/uploads/2024/01/%D7%9E%D7%95%D7%92_%D7%9E%D7%A7%D7%95%D7%A8_%D7%9B%D7%9C%D7%9C%D7%99-%D7%9E%D7%93%D7%99%D7%A0%D7%99%D7%95%D7%AA_%D7%94%D7%A9%D7%A7%D7%A2%D7%95%D7%AA_%D7%A6%D7%A4%D7%95%D7%99%D7%94_25.12.23.xlsx,policy/companies/520027251/raw/520027251/1cbeb8d27d5c_מוג_מקור_כללי-מדיניות_השקעות_צפויה_25.12.23.xlsx,מוג מקור
520027251,,,520027251|מוג מקור|מוג מקור,מוג מקור,2023,"אג""ח קונצרני (כולל פקדונות ושטרי הון)***",,19.81,20.0,6% +/-,14.0,26.0,תל בונד 60 -60%        תל בונד שקלי 20%     Bloomberg us corporate 1  bond index 10  -20%  שקלי,,מוג מקור,2026-10-01T19:04:45.521Z,https://www.kranoth.org.il/wp-content/uploads/2024/01/%D7%9E%D7%95%D7%92_%D7%9E%D7%A7%D7%95%D7%A8_%D7%9B%D7%9C%D7%9C%D7%99-%D7%9E%D7%93%D7%99%D7%A0%D7%99%D7%95%D7%AA_%D7%94%D7%A9%D7%A7%D7%A2%D7%95%D7%AA_%D7%A6%D7%A4%D7%95%D7%99%D7%94_25.12.23.xlsx,policy/companies/520027251/raw/520027251/1cbeb8d27d5c_מוג_מקור_כללי-מדיניות_השקעות_צפויה_25.12.23.xlsx,מוג מקור
520027251,,,520027251|מוג מקור|מוג מקור,מוג מקור,2023,"אחר (קרנות הון סיכון, קרנות השקעה, קרנות גידור, הלוואות לעמיתים שקליות' השקעות ראיליות, מניות לא סחירות)",,20.4,22.0,5% +/-,17.0,27.0,,,מוג מקור,2026-10-01T19:04:45.521Z,https://www.kranoth.org.il/wp-content/uploads/2024/01/%D7%9E%D7%95%D7%92_%D7%9E%D7%A7%D7%95%D7%A8_%D7%9B%D7%9C%D7%9C%D7%99-%D7%9E%D7%93%D7%99%D7%A0%D7%99%D7%95%D7%AA_%D7%94%D7%A9%D7%A7%D7%A2%D7%95%D7%AA_%D7%A6%D7%A4%D7%95%D7%99%D7%94_25.12.23.xlsx,policy/companies/520027251/raw/520027251/1cbeb8d27d5c_מוג_מקור_כללי-מדיניות_השקעות_צפויה_25.12.23.xlsx,מוג מקור
520027251,,,520027251|מוג מקור|מוג מקור,מוג מקור,2023,"עו""ש (כולל פר""י, פק""מ שבועי, עו""ש מט""ח)**",,5.59,5.0,5% +/-,0.0,10.0,"מדד מק""מ",,מוג מקור,2026-10-01T19:04:45.521Z,https://www.kranoth.org.il/wp-content/uploads/2024/01/%D7%9E%D7%95%D7%92_%D7%9E%D7%A7%D7%95%D7%A8_%D7%9B%D7%9C%D7%9C%D7%99-%D7%9E%D7%93%D7%99%D7%A0%D7%99%D7%95%D7%AA_%D7%94%D7%A9%D7%A7%D7%A2%D7%95%D7%AA_%D7%A6%D7%A4%D7%95%D7%99%D7%94_25.12.23.xlsx,policy/companies/520027251/raw/520027251/1cbeb8d27d5c_מוג_מקור_כללי-מדיניות_השקעות_צפויה_25.12.23.xlsx,מוג מקור
520027251,,,520027251|מוג מקור|מוג מקור,מוג מקור,2023,"סה""כ*",,104.19,106.0,,,,,,מוג מקור,2026-10-01T19:04:45.521Z,https://www.kranoth.org.il/wp-content/uploads/2024/01/%D7%9E%D7%95%D7%92_%D7%9E%D7%A7%D7%95%D7%A8_%D7%9B%D7%9C%D7%9C%D7%99-%D7%9E%D7%93%D7%99%D7%A0%D7%99%D7%95%D7%AA_%D7%94%D7%A9%D7%A7%D7%A2%D7%95%D7%AA_%D7%A6%D7%A4%D7%95%D7%99%D7%94_25.12.23.xlsx,policy/companies/520027251/raw/520027251/1cbeb8d27d5c_מוג_מקור_כללי-מדיניות_השקעות_צפויה_25.12.23.xlsx,מוג מקור
520027251,,,520027251|מוג מקור|מוג מקור,מוג מקור,2023,"חשיפה למט""ח",fx,22.64,19.0,6% +/-,13.0,25.0,,,מוג מקור,2026-10-01T19:04:45.521Z,https://www.kranoth.org.il/wp-content/uploads/2024/01/%D7%9E%D7%95%D7%92_%D7%9E%D7%A7%D7%95%D7%A8_%D7%9B%D7%9C%D7%9C%D7%99-%D7%9E%D7%93%D7%99%D7%A0%D7%99%D7%95%D7%AA_%D7%94%D7%A9%D7%A7%D7%A2%D7%95%D7%AA_%D7%A6%D7%A4%D7%95%D7%99%D7%94_25.12.23.xlsx,policy/companies/520027251/raw/520027251/1cbeb8d27d5c_מוג_מקור_כללי-מדיניות_השקעות_צפויה_25.12.23.xlsx,מוג מקור
520027251,,,520027251|מוג מקור|מוג מקור,מוג מקור,2023,"מגבלת עמלת ניהול חיצוני לשנת תשפ""ד",,0.4,,,,,,,מוג מקור,2026-10-01T19:04:45.521Z,https://www.kranoth.org.il/wp-content/uploads/2024/01/%D7%9E%D7%95%D7%92_%D7%9E%D7%A7%D7%95%D7%A8_%D7%9B%D7%9C%D7%9C%D7%99-%D7%9E%D7%93%D7%99%D7%A0%D7%99%D7%95%D7%AA_%D7%94%D7%A9%D7%A7%D7%A2%D7%95%D7%AA_%D7%A6%D7%A4%D7%95%D7%99%D7%94_25.12.23.xlsx,policy/companies/520027251/raw/520027251/1cbeb8d27d5c_מוג_מקור_כללי-מדיניות_השקעות_צפויה_25.12.23.xlsx,מוג מקור
520027251,,,520027251|מוג הלכתי|מוג הלכתי,מוג הלכתי,2022,מניות,equity,45.14,46.0,6% +/-,40.0,52.0,"ת""א 125- 30% MSCI ALL COUNTRIES  -70% שקלי",,מוג הלכתי,2026-10-01T19:04:26.449Z,https://www.kranoth.org.il/wp-content/uploads/2023/01/%D7%9E%D7%93%D7%99%D7%A0%D7%99%D7%95%D7%AA_%D7%94%D7%A9%D7%A7%D7%A2%D7%95%D7%AA_%D7%A6%D7%A4%D7%95%D7%99%D7%94_%D7%9E%D7%95%D7%92_%D7%A8%D7%92%D7%99%D7%9C%D7%94_%D7%AA%D7%A9%D7%A4%D7%92-%D7%9E%D7%A1%D7%9C%D7%95%D7%9C_%D7%94%D7%9C%D7%9B%D7%94-%D7%A2%D7%93%D7%9B%D7%95%D7%9F_%D7%93%D7%A6%D7%9E%D7%91%D7%A8_2022.xlsx,policy/companies/520027251/raw/520027251/2322ef12b3b1_מדיניות_השקעות_צפויה_מוג_רגילה_תשפג-מסלול_הלכה-עדכון_דצמבר_2022.xlsx,מוג הלכתי
520027251,,,520027251|מוג הלכתי|מוג הלכתי,מוג הלכתי,2022,"אג""ח ממשלתי (שקלי, צמוד, משתנה, מט""ח, מק""מ)",,26.67,27.0,5% +/-,22.0,32.0,ממשלתי שקלי 2-5 שנים- 65% ממשלתי צמוד 2-5 שנים- 35%,,מוג הלכתי,2026-10-01T19:04:26.449Z,https://www.kranoth.org.il/wp-content/uploads/2023/01/%D7%9E%D7%93%D7%99%D7%A0%D7%99%D7%95%D7%AA_%D7%94%D7%A9%D7%A7%D7%A2%D7%95%D7%AA_%D7%A6%D7%A4%D7%95%D7%99%D7%94_%D7%9E%D7%95%D7%92_%D7%A8%D7%92%D7%99%D7%9C%D7%94_%D7%AA%D7%A9%D7%A4%D7%92-%D7%9E%D7%A1%D7%9C%D7%95%D7%9C_%D7%94%D7%9C%D7%9B%D7%94-%D7%A2%D7%93%D7%9B%D7%95%D7%9F_%D7%93%D7%A6%D7%9E%D7%91%D7%A8_2022.xlsx,policy/companies/520027251/raw/520027251/2322ef12b3b1_מדיניות_השקעות_צפויה_מוג_רגילה_תשפג-מסלול_הלכה-עדכון_דצמבר_2022.xlsx,מוג הלכתי
520027251,,,520027251|מוג הלכתי|מוג הלכתי,מוג הלכתי,2022,"אג""ח קונצרני (כולל פקדונות ושטרי הון)***",,21.33,22.0,6% +/-,16.0,28.0,תל בונד 60 -60%        תל בונד שקלי 20%     Bloomberg us corporate 1  bond index 10  -20%  שקלי,,מוג הלכתי,2026-10-01T19:04:26.449Z,https://www.kranoth.org.il/wp-content/uploads/2023/01/%D7%9E%D7%93%D7%99%D7%A0%D7%99%D7%95%D7%AA_%D7%94%D7%A9%D7%A7%D7%A2%D7%95%D7%AA_%D7%A6%D7%A4%D7%95%D7%99%D7%94_%D7%9E%D7%95%D7%92_%D7%A8%D7%92%D7%99%D7%9C%D7%94_%D7%AA%D7%A9%D7%A4%D7%92-%D7%9E%D7%A1%D7%9C%D7%95%D7%9C_%D7%94%D7%9C%D7%9B%D7%94-%D7%A2%D7%93%D7%9B%D7%95%D7%9F_%D7%93%D7%A6%D7%9E%D7%91%D7%A8_2022.xlsx,policy/companies/520027251/raw/520027251/2322ef12b3b1_מדיניות_השקעות_צפויה_מוג_רגילה_תשפג-מסלול_הלכה-עדכון_דצמבר_2022.xlsx,מוג הלכתי
520027251,,,520027251|מוג הלכתי|מוג הלכתי,מוג הלכתי,2022,"אחר (קרנות הון סיכון, קרנות השקעה, קרנות גידור, הלוואות לעמיתים שקליות' השקעות ראיליות, מניות לא סחירות)",,0.0,3.0,5% +/-,0.0,8.0,0%-8%,,מוג הלכתי,2026-10-01T19:04:26.449Z,https://www.kranoth.org.il/wp-content/uploads/2023/01/%D7%9E%D7%93%D7%99%D7%A0%D7%99%D7%95%D7%AA_%D7%94%D7%A9%D7%A7%D7%A2%D7%95%D7%AA_%D7%A6%D7%A4%D7%95%D7%99%D7%94_%D7%9E%D7%95%D7%92_%D7%A8%D7%92%D7%99%D7%9C%D7%94_%D7%AA%D7%A9%D7%A4%D7%92-%D7%9E%D7%A1%D7%9C%D7%95%D7%9C_%D7%94%D7%9C%D7%9B%D7%94-%D7%A2%D7%93%D7%9B%D7%95%D7%9F_%D7%93%D7%A6%D7%9E%D7%91%D7%A8_2022.xlsx,policy/companies/520027251/raw/520027251/2322ef12b3b1_מדיניות_השקעות_צפויה_מוג_רגילה_תשפג-מסלול_הלכה-עדכון_דצמבר_2022.xlsx,מוג הלכתי
520027251,,,520027251|מוג הלכתי|מוג הלכתי,מוג הלכתי,2022,"עו""ש (כולל פר""י, פק""מ שבועי, עו""ש מט""ח)**",,6.91,5.0,5% +/-,0.0,10.0,"מדד מק""מ",,מוג הלכתי,2026-10-01T19:04:26.449Z,https://www.kranoth.org.il/wp-content/uploads/2023/01/%D7%9E%D7%93%D7%99%D7%A0%D7%99%D7%95%D7%AA_%D7%94%D7%A9%D7%A7%D7%A2%D7%95%D7%AA_%D7%A6%D7%A4%D7%95%D7%99%D7%94_%D7%9E%D7%95%D7%92_%D7%A8%D7%92%D7%99%D7%9C%D7%94_%D7%AA%D7%A9%D7%A4%D7%92-%D7%9E%D7%A1%D7%9C%D7%95%D7%9C_%D7%94%D7%9C%D7%9B%D7%94-%D7%A2%D7%93%D7%9B%D7%95%D7%9F_%D7%93%D7%A6%D7%9E%D7%91%D7%A8_2022.xlsx,policy/companies/520027251/raw/520027251/2322ef12b3b1_מדיניות_השקעות_צפויה_מוג_רגילה_תשפג-מסלול_הלכה-עדכון_דצמבר_2022.xlsx,מוג הלכתי
520027251,,,520027251|מוג הלכתי|מוג הלכתי,מוג הלכתי,2022,"סה""כ*",,100.05,103.0,,103.0,103.0,,,מוג הלכתי,2026-10-01T19:04:26.449Z,https://www.kranoth.org.il/wp-content/uploads/2023/01/%D7%9E%D7%93%D7%99%D7%A0%D7%99%D7%95%D7%AA_%D7%94%D7%A9%D7%A7%D7%A2%D7%95%D7%AA_%D7%A6%D7%A4%D7%95%D7%99%D7%94_%D7%9E%D7%95%D7%92_%D7%A8%D7%92%D7%99%D7%9C%D7%94_%D7%AA%D7%A9%D7%A4%D7%92-%D7%9E%D7%A1%D7%9C%D7%95%D7%9C_%D7%94%D7%9C%D7%9B%D7%94-%D7%A2%D7%93%D7%9B%D7%95%D7%9F_%D7%93%D7%A6%D7%9E%D7%91%D7%A8_2022.xlsx,policy/companies/520027251/raw/520027251/2322ef12b3b1_מדיניות_השקעות_צפויה_מוג_רגילה_תשפג-מסלול_הלכה-עדכון_דצמבר_2022.xlsx,מוג הלכתי
520027251,,,520027251|מוג הלכתי|מוג הלכתי,מוג הלכתי,2022,"חשיפה למט""ח",fx,18.02,19.0,6% +/-,13.0,25.0,13%-25%,,מוג הלכתי,2026-10-01T19:04:26.449Z,https://www.kranoth.org.il/wp-content/uploads/2023/01/%D7%9E%D7%93%D7%99%D7%A0%D7%99%D7%95%D7%AA_%D7%94%D7%A9%D7%A7%D7%A2%D7%95%D7%AA_%D7%A6%D7%A4%D7%95%D7%99%D7%94_%D7%9E%D7%95%D7%92_%D7%A8%D7%92%D7%99%D7%9C%D7%94_%D7%AA%D7%A9%D7%A4%D7%92-%D7%9E%D7%A1%D7%9C%D7%95%D7%9C_%D7%94%D7%9C%D7%9B%D7%94-%D7%A2%D7%93%D7%9B%D7%95%D7%9F_%D7%93%D7%A6%D7%9E%D7%91%D7%A8_2022.xlsx,policy/companies/520027251/raw/520027251/2322ef12b3b1_מדיניות_השקעות_צפויה_מוג_רגילה_תשפג-מסלול_הלכה-עדכון_דצמבר_2022.xlsx,מוג הלכתי
520027251,,,520027251|מוג הלכתי|מוג הלכתי,מוג הלכתי,2022,"מגבלת עמלת ניהול חיצוני לשנת תשפ""ג",,0.15,,,,,,,מוג הלכתי,2026-10-01T19:04:26.449Z,https://www.kranoth.org.il/wp-content/uploads/2023/01/%D7%9E%D7%93%D7%99%D7%A0%D7%99%D7%95%D7%AA_%D7%94%D7%A9%D7%A7%D7%A2%D7%95%D7%AA_%D7%A6%D7%A4%D7%95%D7%99%D7%94_%D7%9E%D7%95%D7%92_%D7%A8%D7%92%D7%99%D7%9C%D7%94_%D7%AA%D7%A9%D7%A4%D7%92-%D7%9E%D7%A1%D7%9C%D7%95%D7%9C_%D7%94%D7%9C%D7%9B%D7%94-%D7%A2%D7%93%D7%9B%D7%95%D7%9F_%D7%93%D7%A6%D7%9E%D7%91%D7%A8_2022.xlsx,policy/companies/520027251/raw/520027251/2322ef12b3b1_מדיניות_השקעות_צפויה_מוג_רגילה_תשפג-מסלול_הלכה-עדכון_דצמבר_2022.xlsx,מוג הלכתי
520027251,,,520027251|מוג מקור הלכתי|מסלול מקוצר,מוג מקור הלכתי - מסלול מקוצר,2024,מניות,equity,46.79,46.0,6% +/-,40.0,52.0,"ת""א 125- 25% MSCI ALL COUNTRIES  -75% שקלי",,מוג מקור הלכתי,2026-10-01T19:04:50.257Z,https://www.kranoth.org.il/wp-content/uploads/2024/12/%D7%9E%D7%95%D7%92_%D7%9E%D7%A7%D7%95%D7%A8-%D7%9E%D7%A1%D7%9C%D7%95%D7%9C_%D7%94%D7%9C%D7%9B%D7%94-%D7%9E%D7%93%D7%99%D7%A0%D7%99%D7%95%D7%AA_%D7%AA%D7%A9%D7%A4%D7%94_%D7%93%D7%A6%D7%9E%D7%91%D7%A8_2024.xlsx,policy/companies/520027251/raw/520027251/274f6d24e528_מוג_מקור-מסלול_הלכה-מדיניות_תשפה_דצמבר_2024.xlsx,מוג מקור הלכתי
520027251,,,520027251|מוג מקור הלכתי|מסלול מקוצר,מוג מקור הלכתי - מסלול מקוצר,2024,"אג""ח ממשלתי (שקלי, צמוד, משתנה, מט""ח, מק""מ)",,25.22,25.0,5% +/-,20.0,30.0,ממשלתי שקלי בריבית קבועה- 65% ממשלתי צמוד 2-5 שנים- 35%,,מוג מקור הלכתי,2026-10-01T19:04:50.257Z,https://www.kranoth.org.il/wp-content/uploads/2024/12/%D7%9E%D7%95%D7%92_%D7%9E%D7%A7%D7%95%D7%A8-%D7%9E%D7%A1%D7%9C%D7%95%D7%9C_%D7%94%D7%9C%D7%9B%D7%94-%D7%9E%D7%93%D7%99%D7%A0%D7%99%D7%95%D7%AA_%D7%AA%D7%A9%D7%A4%D7%94_%D7%93%D7%A6%D7%9E%D7%91%D7%A8_2024.xlsx,policy/companies/520027251/raw/520027251/274f6d24e528_מוג_מקור-מסלול_הלכה-מדיניות_תשפה_דצמבר_2024.xlsx,מוג מקור הלכתי
520027251,,,520027251|מוג מקור הלכתי|מסלול מקוצר,מוג מקור הלכתי - מסלול מקוצר,2024,"אג""ח קונצרני (כולל פקדונות ושטרי הון)***",,20.77,24.0,6% +/-,18.0,30.0,תל בונד 60 -60%        תל בונד שקלי 20%     Bloomberg us corporate 1  bond index 10  -20%  שקלי,,מוג מקור הלכתי,2026-10-01T19:04:50.257Z,https://www.kranoth.org.il/wp-content/uploads/2024/12/%D7%9E%D7%95%D7%92_%D7%9E%D7%A7%D7%95%D7%A8-%D7%9E%D7%A1%D7%9C%D7%95%D7%9C_%D7%94%D7%9C%D7%9B%D7%94-%D7%9E%D7%93%D7%99%D7%A0%D7%99%D7%95%D7%AA_%D7%AA%D7%A9%D7%A4%D7%94_%D7%93%D7%A6%D7%9E%D7%91%D7%A8_2024.xlsx,policy/companies/520027251/raw/520027251/274f6d24e528_מוג_מקור-מסלול_הלכה-מדיניות_תשפה_דצמבר_2024.xlsx,מוג מקור הלכתי
520027251,,,520027251|מוג מקור הלכתי|מסלול מקוצר,מוג מקור הלכתי - מסלול מקוצר,2024,"אחר (קרנות הון סיכון, קרנות השקעה, קרנות גידור, הלוואות לעמיתים שקליות' השקעות ראיליות, מניות לא סחירות)",,0.19,3.0,5% +/-,0.0,8.0,אין מידע,,מוג מקור הלכתי,2026-10-01T19:04:50.257Z,https://www.kranoth.org.il/wp-content/uploads/2024/12/%D7%9E%D7%95%D7%92_%D7%9E%D7%A7%D7%95%D7%A8-%D7%9E%D7%A1%D7%9C%D7%95%D7%9C_%D7%94%D7%9C%D7%9B%D7%94-%D7%9E%D7%93%D7%99%D7%A0%D7%99%D7%95%D7%AA_%D7%AA%D7%A9%D7%A4%D7%94_%D7%93%D7%A6%D7%9E%D7%91%D7%A8_2024.xlsx,policy/companies/520027251/raw/520027251/274f6d24e528_מוג_מקור-מסלול_הלכה-מדיניות_תשפה_דצמבר_2024.xlsx,מוג מקור הלכתי
520027251,,,520027251|מוג מקור הלכתי|מסלול מקוצר,מוג מקור הלכתי - מסלול מקוצר,2024,"עו""ש (כולל פר""י, פק""מ שבועי, עו""ש מט""ח)**",,6.76,5.0,5% +/-,0.0,10.0,"מדד מק""מ",,מוג מקור הלכתי,2026-10-01T19:04:50.257Z,https://www.kranoth.org.il/wp-content/uploads/2024/12/%D7%9E%D7%95%D7%92_%D7%9E%D7%A7%D7%95%D7%A8-%D7%9E%D7%A1%D7%9C%D7%95%D7%9C_%D7%94%D7%9C%D7%9B%D7%94-%D7%9E%D7%93%D7%99%D7%A0%D7%99%D7%95%D7%AA_%D7%AA%D7%A9%D7%A4%D7%94_%D7%93%D7%A6%D7%9E%D7%91%D7%A8_2024.xlsx,policy/companies/520027251/raw/520027251/274f6d24e528_מוג_מקור-מסלול_הלכה-מדיניות_תשפה_דצמבר_2024.xlsx,מוג מקור הלכתי
520027251,,,520027251|מוג מקור הלכתי|מסלול מקוצר,מוג מקור הלכתי - מסלול מקוצר,2024,"סה""כ*",,99.73,103.0,אין מידע,,,אין מידע,,מוג מקור הלכתי,2026-10-01T19:04:50.257Z,https://www.kranoth.org.il/wp-content/uploads/2024/12/%D7%9E%D7%95%D7%92_%D7%9E%D7%A7%D7%95%D7%A8-%D7%9E%D7%A1%D7%9C%D7%95%D7%9C_%D7%94%D7%9C%D7%9B%D7%94-%D7%9E%D7%93%D7%99%D7%A0%D7%99%D7%95%D7%AA_%D7%AA%D7%A9%D7%A4%D7%94_%D7%93%D7%A6%D7%9E%D7%91%D7%A8_2024.xlsx,policy/companies/520027251/raw/520027251/274f6d24e528_מוג_מקור-מסלול_הלכה-מדיניות_תשפה_דצמבר_2024.xlsx,מוג מקור הלכתי
520027251,,,520027251|מוג מקור הלכתי|מסלול מקוצר,מוג מקור הלכתי - מסלול מקוצר,2024,"חשיפה למט""ח",fx,23.42,20.0,6% +/-,14.0,26.0,אין מידע,,מוג מקור הלכתי,2026-10-01T19:04:50.257Z,https://www.kranoth.org.il/wp-content/uploads/2024/12/%D7%9E%D7%95%D7%92_%D7%9E%D7%A7%D7%95%D7%A8-%D7%9E%D7%A1%D7%9C%D7%95%D7%9C_%D7%94%D7%9C%D7%9B%D7%94-%D7%9E%D7%93%D7%99%D7%A0%D7%99%D7%95%D7%AA_%D7%AA%D7%A9%D7%A4%D7%94_%D7%93%D7%A6%D7%9E%D7%91%D7%A8_2024.xlsx,policy/companies/520027251/raw/520027251/274f6d24e528_מוג_מקור-מסלול_הלכה-מדיניות_תשפה_דצמבר_2024.xlsx,מוג מקור הלכתי
520027251,,,520027251|מוג מקור הלכתי|מסלול מקוצר,מוג מקור הלכתי - מסלול מקוצר,2024,"מגבלת עמלת ניהול חיצוני לשנת תשפ""ה",,,0.15,אין מידע,,,אין מידע,,מוג מקור הלכתי,2026-10-01T19:04:50.257Z,https://www.kranoth.org.il/wp-content/uploads/2024/12/%D7%9E%D7%95%D7%92_%D7%9E%D7%A7%D7%95%D7%A8-%D7%9E%D7%A1%D7%9C%D7%95%D7%9C_%D7%94%D7%9C%D7%9B%D7%94-%D7%9E%D7%93%D7%99%D7%A0%D7%99%D7%95%D7%AA_%D7%AA%D7%A9%D7%A4%D7%94_%D7%93%D7%A6%D7%9E%D7%91%D7%A8_2024.xlsx,policy/companies/520027251/raw/520027251/274f6d24e528_מוג_מקור-מסלול_הלכה-מדיניות_תשפה_דצמבר_2024.xlsx,מוג מקור הלכתי
520027251,,,520027251|מוג הלכתי|מוג הלכתי,מוג הלכתי,2023,מניות,equity,44.76,46.0,6% +/-,40.0,52.0,"ת""א 125- 30% MSCI ALL COUNTRIES  -70% שקלי",,מוג הלכתי,2026-10-01T19:04:26.212Z,https://www.kranoth.org.il/wp-content/uploads/2023/08/%D7%9E%D7%93%D7%99%D7%A0%D7%99%D7%95%D7%AA_%D7%94%D7%A9%D7%A7%D7%A2%D7%95%D7%AA_%D7%A6%D7%A4%D7%95%D7%99%D7%94_%D7%AA%D7%A9%D7%A4%D7%93-%D7%9E%D7%95%D7%92_%D7%A8%D7%92%D7%99%D7%9C%D7%94-%D7%9E%D7%A1%D7%9C%D7%95%D7%9C_%D7%94%D7%9C%D7%9B%D7%94.xlsx,policy/companies/520027251/raw/520027251/2fdf027b2e84_מדיניות_השקעות_צפויה_תשפד-מוג_רגילה-מסלול_הלכה.xlsx,מוג הלכתי
520027251,,,520027251|מוג הלכתי|מוג הלכתי,מוג הלכתי,2023,"אג""ח ממשלתי (שקלי, צמוד, משתנה, מט""ח, מק""מ)",,25.25,25.0,5% +/-,20.0,30.0,ממשלתי שקלי בריבית קבועה- 65% ממשלתי צמוד 2-5 שנים- 35%,,מוג הלכתי,2026-10-01T19:04:26.212Z,https://www.kranoth.org.il/wp-content/uploads/2023/08/%D7%9E%D7%93%D7%99%D7%A0%D7%99%D7%95%D7%AA_%D7%94%D7%A9%D7%A7%D7%A2%D7%95%D7%AA_%D7%A6%D7%A4%D7%95%D7%99%D7%94_%D7%AA%D7%A9%D7%A4%D7%93-%D7%9E%D7%95%D7%92_%D7%A8%D7%92%D7%99%D7%9C%D7%94-%D7%9E%D7%A1%D7%9C%D7%95%D7%9C_%D7%94%D7%9C%D7%9B%D7%94.xlsx,policy/companies/520027251/raw/520027251/2fdf027b2e84_מדיניות_השקעות_צפויה_תשפד-מוג_רגילה-מסלול_הלכה.xlsx,מוג הלכתי
520027251,,,520027251|מוג הלכתי|מוג הלכתי,מוג הלכתי,2023,"אג""ח קונצרני (כולל פקדונות ושטרי הון)***",,23.6,24.0,6% +/-,18.0,30.0,תל בונד 60 -60%        תל בונד שקלי 20%     Bloomberg us corporate 1  bond index 10  -20%  שקלי,,מוג הלכתי,2026-10-01T19:04:26.212Z,https://www.kranoth.org.il/wp-content/uploads/2023/08/%D7%9E%D7%93%D7%99%D7%A0%D7%99%D7%95%D7%AA_%D7%94%D7%A9%D7%A7%D7%A2%D7%95%D7%AA_%D7%A6%D7%A4%D7%95%D7%99%D7%94_%D7%AA%D7%A9%D7%A4%D7%93-%D7%9E%D7%95%D7%92_%D7%A8%D7%92%D7%99%D7%9C%D7%94-%D7%9E%D7%A1%D7%9C%D7%95%D7%9C_%D7%94%D7%9C%D7%9B%D7%94.xlsx,policy/companies/520027251/raw/520027251/2fdf027b2e84_מדיניות_השקעות_צפויה_תשפד-מוג_רגילה-מסלול_הלכה.xlsx,מוג הלכתי
520027251,,,520027251|מוג הלכתי|מוג הלכתי,מוג הלכתי,2023,"אחר (קרנות הון סיכון, קרנות השקעה, קרנות גידור, הלוואות לעמיתים שקליות' השקעות ראיליות, מניות לא סחירות)",,0.38,3.0,5% +/-,0.0,8.0,,,מוג הלכתי,2026-10-01T19:04:26.212Z,https://www.kranoth.org.il/wp-content/uploads/2023/08/%D7%9E%D7%93%D7%99%D7%A0%D7%99%D7%95%D7%AA_%D7%94%D7%A9%D7%A7%D7%A2%D7%95%D7%AA_%D7%A6%D7%A4%D7%95%D7%99%D7%94_%D7%AA%D7%A9%D7%A4%D7%93-%D7%9E%D7%95%D7%92_%D7%A8%D7%92%D7%99%D7%9C%D7%94-%D7%9E%D7%A1%D7%9C%D7%95%D7%9C_%D7%94%D7%9C%D7%9B%D7%94.xlsx,policy/companies/520027251/raw/520027251/2fdf027b2e84_מדיניות_השקעות_צפויה_תשפד-מוג_רגילה-מסלול_הלכה.xlsx,מוג הלכתי
520027251,,,520027251|מוג הלכתי|מוג הלכתי,מוג הלכתי,2023,"עו""ש (כולל פר""י, פק""מ שבועי, עו""ש מט""ח)**",,6.69,5.0,5% +/-,0.0,10.0,"מדד מק""מ",,מוג הלכתי,2026-10-01T19:04:26.212Z,https://www.kranoth.org.il/wp-content/uploads/2023/08/%D7%9E%D7%93%D7%99%D7%A0%D7%99%D7%95%D7%AA_%D7%94%D7%A9%D7%A7%D7%A2%D7%95%D7%AA_%D7%A6%D7%A4%D7%95%D7%99%D7%94_%D7%AA%D7%A9%D7%A4%D7%93-%D7%9E%D7%95%D7%92_%D7%A8%D7%92%D7%99%D7%9C%D7%94-%D7%9E%D7%A1%D7%9C%D7%95%D7%9C_%D7%94%D7%9C%D7%9B%D7%94.xlsx,policy/companies/520027251/raw/520027251/2fdf027b2e84_מדיניות_השקעות_צפויה_תשפד-מוג_רגילה-מסלול_הלכה.xlsx,מוג הלכתי
520027251,,,520027251|מוג הלכתי|מוג הלכתי,מוג הלכתי,2023,"סה""כ*",,100.68,103.0,1.03,,,,,מוג הלכתי,2026-10-01T19:04:26.212Z,https://www.kranoth.org.il/wp-content/uploads/2023/08/%D7%9E%D7%93%D7%99%D7%A0%D7%99%D7%95%D7%AA_%D7%94%D7%A9%D7%A7%D7%A2%D7%95%D7%AA_%D7%A6%D7%A4%D7%95%D7%99%D7%94_%D7%AA%D7%A9%D7%A4%D7%93-%D7%9E%D7%95%D7%92_%D7%A8%D7%92%D7%99%D7%9C%D7%94-%D7%9E%D7%A1%D7%9C%D7%95%D7%9C_%D7%94%D7%9C%D7%9B%D7%94.xlsx,policy/companies/520027251/raw/520027251/2fdf027b2e84_מדיניות_השקעות_צפויה_תשפד-מוג_רגילה-מסלול_הלכה.xlsx,מוג הלכתי
520027251,,,520027251|מוג הלכתי|מוג הלכתי,מוג הלכתי,2023,"חשיפה למט""ח",fx,21.13,19.0,6% +/-,13.0,25.0,,,מוג הלכתי,2026-10-01T19:04:26.212Z,https://www.kranoth.org.il/wp-content/uploads/2023/08/%D7%9E%D7%93%D7%99%D7%A0%D7%99%D7%95%D7%AA_%D7%94%D7%A9%D7%A7%D7%A2%D7%95%D7%AA_%D7%A6%D7%A4%D7%95%D7%99%D7%94_%D7%AA%D7%A9%D7%A4%D7%93-%D7%9E%D7%95%D7%92_%D7%A8%D7%92%D7%99%D7%9C%D7%94-%D7%9E%D7%A1%D7%9C%D7%95%D7%9C_%D7%94%D7%9C%D7%9B%D7%94.xlsx,policy/companies/520027251/raw/520027251/2fdf027b2e84_מדיניות_השקעות_צפויה_תשפד-מוג_רגילה-מסלול_הלכה.xlsx,מוג הלכתי
520027251,,,520027251|מוג הלכתי|מוג הלכתי,מוג הלכתי,2023,"מגבלת עמלת ניהול חיצוני לשנת תשפ""ד",,0.15,,,,,,,מוג הלכתי,2026-10-01T19:04:26.212Z,https://www.kranoth.org.il/wp-content/uploads/2023/08/%D7%9E%D7%93%D7%99%D7%A0%D7%99%D7%95%D7%AA_%D7%94%D7%A9%D7%A7%D7%A2%D7%95%D7%AA_%D7%A6%D7%A4%D7%95%D7%99%D7%94_%D7%AA%D7%A9%D7%A4%D7%93-%D7%9E%D7%95%D7%92_%D7%A8%D7%92%D7%99%D7%9C%D7%94-%D7%9E%D7%A1%D7%9C%D7%95%D7%9C_%D7%94%D7%9C%D7%9B%D7%94.xlsx,policy/companies/520027251/raw/520027251/2fdf027b2e84_מדיניות_השקעות_צפויה_תשפד-מוג_רגילה-מסלול_הלכה.xlsx,מוג הלכתי
520027251,,,520027251|מורים וגננות|מסלול רגיל,מורים וגננות - מסלול רגיל,2025,מניות סחירות,equity,46.86,45.0,6% +/-,39.0,51.0,"ת""א 125- 30% MSCI ALL COUNTRIES  -70% שקלי",,מורים וגננות,2026-10-01T19:04:18.967Z,https://www.kranoth.org.il/wp-content/uploads/2026/01/%D7%9E%D7%93%D7%99%D7%A0%D7%99%D7%95%D7%AA_%D7%94%D7%A9%D7%A7%D7%A2%D7%95%D7%AA_%D7%A6%D7%A4%D7%95%D7%99%D7%94_%D7%9E%D7%95%D7%A8%D7%99%D7%9D_%D7%95%D7%92%D7%A0%D7%A0%D7%95%D7%AA_%D7%AA%D7%A9%D7%A4%D7%95_%D7%9E%D7%95%D7%A0%D7%92%D7%A9_%D7%A2%D7%93%D7%9B%D7%95%D7%9F_%D7%93%D7%A6%D7%9E%D7%91%D7%A8_2025.xlsx,policy/companies/520027251/raw/520027251/31be1de0d12a_מדיניות_השקעות_צפויה_מורים_וגננות_תשפו_מונגש_עדכון_דצמבר_2025.xlsx,מורים וגננות 
520027251,,,520027251|מורים וגננות|מסלול רגיל,מורים וגננות - מסלול רגיל,2025,"אג""ח ממשלתי (שקלי, צמוד, משתנה, מט""ח, מק""מ)",,15.33,15.0,5% +/-,10.0,20.0,ממשלתי שקלי בריבית קבועה- 65% ממשלתי צמוד 2-5 שנים- 35%,,מורים וגננות,2026-10-01T19:04:18.967Z,https://www.kranoth.org.il/wp-content/uploads/2026/01/%D7%9E%D7%93%D7%99%D7%A0%D7%99%D7%95%D7%AA_%D7%94%D7%A9%D7%A7%D7%A2%D7%95%D7%AA_%D7%A6%D7%A4%D7%95%D7%99%D7%94_%D7%9E%D7%95%D7%A8%D7%99%D7%9D_%D7%95%D7%92%D7%A0%D7%A0%D7%95%D7%AA_%D7%AA%D7%A9%D7%A4%D7%95_%D7%9E%D7%95%D7%A0%D7%92%D7%A9_%D7%A2%D7%93%D7%9B%D7%95%D7%9F_%D7%93%D7%A6%D7%9E%D7%91%D7%A8_2025.xlsx,policy/companies/520027251/raw/520027251/31be1de0d12a_מדיניות_השקעות_צפויה_מורים_וגננות_תשפו_מונגש_עדכון_דצמבר_2025.xlsx,מורים וגננות 
520027251,,,520027251|מורים וגננות|מסלול רגיל,מורים וגננות - מסלול רגיל,2025,"אג""ח קונצרני (כולל פקדונות ושטרי הון)***",,17.78,19.0,6% +/-,13.0,25.0,תל בונד 60 -60%        תל בונד שקלי 20%     Bloomberg us corporate 1  bond index 10  -20%  שקלי,,מורים וגננות,2026-10-01T19:04:18.967Z,https://www.kranoth.org.il/wp-content/uploads/2026/01/%D7%9E%D7%93%D7%99%D7%A0%D7%99%D7%95%D7%AA_%D7%94%D7%A9%D7%A7%D7%A2%D7%95%D7%AA_%D7%A6%D7%A4%D7%95%D7%99%D7%94_%D7%9E%D7%95%D7%A8%D7%99%D7%9D_%D7%95%D7%92%D7%A0%D7%A0%D7%95%D7%AA_%D7%AA%D7%A9%D7%A4%D7%95_%D7%9E%D7%95%D7%A0%D7%92%D7%A9_%D7%A2%D7%93%D7%9B%D7%95%D7%9F_%D7%93%D7%A6%D7%9E%D7%91%D7%A8_2025.xlsx,policy/companies/520027251/raw/520027251/31be1de0d12a_מדיניות_השקעות_צפויה_מורים_וגננות_תשפו_מונגש_עדכון_דצמבר_2025.xlsx,מורים וגננות 
520027251,,,520027251|מורים וגננות|מסלול רגיל,מורים וגננות - מסלול רגיל,2025,"אחר (קרנות הון סיכון, קרנות השקעה, קרנות גידור, הלוואות לעמיתים שקליות' השקעות ראיליות, מניות לא סחירות)",,18.35,20.0,5% +/-,,,אין מידע,,מורים וגננות,2026-10-01T19:04:18.967Z,https://www.kranoth.org.il/wp-content/uploads/2026/01/%D7%9E%D7%93%D7%99%D7%A0%D7%99%D7%95%D7%AA_%D7%94%D7%A9%D7%A7%D7%A2%D7%95%D7%AA_%D7%A6%D7%A4%D7%95%D7%99%D7%94_%D7%9E%D7%95%D7%A8%D7%99%D7%9D_%D7%95%D7%92%D7%A0%D7%A0%D7%95%D7%AA_%D7%AA%D7%A9%D7%A4%D7%95_%D7%9E%D7%95%D7%A0%D7%92%D7%A9_%D7%A2%D7%93%D7%9B%D7%95%D7%9F_%D7%93%D7%A6%D7%9E%D7%91%D7%A8_2025.xlsx,policy/companies/520027251/raw/520027251/31be1de0d12a_מדיניות_השקעות_צפויה_מורים_וגננות_תשפו_מונגש_עדכון_דצמבר_2025.xlsx,מורים וגננות 
520027251,,,520027251|מורים וגננות|מסלול רגיל,מורים וגננות - מסלול רגיל,2025,"עו""ש (כולל פר""י, פק""מ שבועי, עו""ש מט""ח)**",,5.63,5.0,5% +/-,0.0,10.0,"מדד מק""מ",,מורים וגננות,2026-10-01T19:04:18.967Z,https://www.kranoth.org.il/wp-content/uploads/2026/01/%D7%9E%D7%93%D7%99%D7%A0%D7%99%D7%95%D7%AA_%D7%94%D7%A9%D7%A7%D7%A2%D7%95%D7%AA_%D7%A6%D7%A4%D7%95%D7%99%D7%94_%D7%9E%D7%95%D7%A8%D7%99%D7%9D_%D7%95%D7%92%D7%A0%D7%A0%D7%95%D7%AA_%D7%AA%D7%A9%D7%A4%D7%95_%D7%9E%D7%95%D7%A0%D7%92%D7%A9_%D7%A2%D7%93%D7%9B%D7%95%D7%9F_%D7%93%D7%A6%D7%9E%D7%91%D7%A8_2025.xlsx,policy/companies/520027251/raw/520027251/31be1de0d12a_מדיניות_השקעות_צפויה_מורים_וגננות_תשפו_מונגש_עדכון_דצמבר_2025.xlsx,מורים וגננות 
520027251,,,520027251|מורים וגננות|מסלול רגיל,מורים וגננות - מסלול רגיל,2025,"סה""כ*",,103.61,104.0,אין מידע,,,אין מידע,,מורים וגננות,2026-10-01T19:04:18.967Z,https://www.kranoth.org.il/wp-content/uploads/2026/01/%D7%9E%D7%93%D7%99%D7%A0%D7%99%D7%95%D7%AA_%D7%94%D7%A9%D7%A7%D7%A2%D7%95%D7%AA_%D7%A6%D7%A4%D7%95%D7%99%D7%94_%D7%9E%D7%95%D7%A8%D7%99%D7%9D_%D7%95%D7%92%D7%A0%D7%A0%D7%95%D7%AA_%D7%AA%D7%A9%D7%A4%D7%95_%D7%9E%D7%95%D7%A0%D7%92%D7%A9_%D7%A2%D7%93%D7%9B%D7%95%D7%9F_%D7%93%D7%A6%D7%9E%D7%91%D7%A8_2025.xlsx,policy/companies/520027251/raw/520027251/31be1de0d12a_מדיניות_השקעות_צפויה_מורים_וגננות_תשפו_מונגש_עדכון_דצמבר_2025.xlsx,מורים וגננות 
520027251,,,520027251|מורים וגננות|מסלול רגיל,מורים וגננות - מסלול רגיל,2025,"חשיפה למט""ח",fx,18.93,19.0,6% +/-,13.0,25.0,אין מידע,,מורים וגננות,2026-10-01T19:04:18.967Z,https://www.kranoth.org.il/wp-content/uploads/2026/01/%D7%9E%D7%93%D7%99%D7%A0%D7%99%D7%95%D7%AA_%D7%94%D7%A9%D7%A7%D7%A2%D7%95%D7%AA_%D7%A6%D7%A4%D7%95%D7%99%D7%94_%D7%9E%D7%95%D7%A8%D7%99%D7%9D_%D7%95%D7%92%D7%A0%D7%A0%D7%95%D7%AA_%D7%AA%D7%A9%D7%A4%D7%95_%D7%9E%D7%95%D7%A0%D7%92%D7%A9_%D7%A2%D7%93%D7%9B%D7%95%D7%9F_%D7%93%D7%A6%D7%9E%D7%91%D7%A8_2025.xlsx,policy/companies/520027251/raw/520027251/31be1de0d12a_מדיניות_השקעות_צפויה_מורים_וגננות_תשפו_מונגש_עדכון_דצמבר_2025.xlsx,מורים וגננות 
520027251,,,520027251|מורים וגננות|מסלול רגיל,מורים וגננות - מסלול רגיל,2025,"מגבלת עמלת ניהול חיצוני לשנת תשפ""ו",,,0.36,אין מידע,,,אין מידע,,מורים וגננות,2026-10-01T19:04:18.967Z,https://www.kranoth.org.il/wp-content/uploads/2026/01/%D7%9E%D7%93%D7%99%D7%A0%D7%99%D7%95%D7%AA_%D7%94%D7%A9%D7%A7%D7%A2%D7%95%D7%AA_%D7%A6%D7%A4%D7%95%D7%99%D7%94_%D7%9E%D7%95%D7%A8%D7%99%D7%9D_%D7%95%D7%92%D7%A0%D7%A0%D7%95%D7%AA_%D7%AA%D7%A9%D7%A4%D7%95_%D7%9E%D7%95%D7%A0%D7%92%D7%A9_%D7%A2%D7%93%D7%9B%D7%95%D7%9F_%D7%93%D7%A6%D7%9E%D7%91%D7%A8_2025.xlsx,policy/companies/520027251/raw/520027251/31be1de0d12a_מדיניות_השקעות_צפויה_מורים_וגננות_תשפו_מונגש_עדכון_דצמבר_2025.xlsx,מורים וגננות 
520027251,,,520027251|מוג מקור|מסלול מקוצר,מוג מקור - מסלול מקוצר,2025,מניות סחירות,equity,47.27,45.0,6% +/-,39.0,51.0,"ת""א 125- 30% MSCI ALL COUNTRIES  -70% שקלי",,מוג מקור,2026-10-01T19:04:18.967Z,https://www.kranoth.org.il/wp-content/uploads/2026/01/%D7%9E%D7%93%D7%99%D7%A0%D7%99%D7%95%D7%AA_%D7%94%D7%A9%D7%A7%D7%A2%D7%95%D7%AA_%D7%A6%D7%A4%D7%95%D7%99%D7%94_%D7%9E%D7%95%D7%A8%D7%99%D7%9D_%D7%95%D7%92%D7%A0%D7%A0%D7%95%D7%AA_%D7%AA%D7%A9%D7%A4%D7%95_%D7%9E%D7%95%D7%A0%D7%92%D7%A9_%D7%A2%D7%93%D7%9B%D7%95%D7%9F_%D7%93%D7%A6%D7%9E%D7%91%D7%A8_2025.xlsx,policy/companies/520027251/raw/520027251/31be1de0d12a_מדיניות_השקעות_צפויה_מורים_וגננות_תשפו_מונגש_עדכון_דצמבר_2025.xlsx,מוג מקור
520027251,,,520027251|מוג מקור|מסלול מקוצר,מוג מקור - מסלול מקוצר,2025,"אג""ח ממשלתי (שקלי, צמוד, משתנה, מט""ח, מק""מ)",,14.97,15.0,5% +/-,10.0,20.0,ממשלתי שקלי בריבית קבועה- 65% ממשלתי צמוד 2-5 שנים- 35%,,מוג מקור,2026-10-01T19:04:18.967Z,https://www.kranoth.org.il/wp-content/uploads/2026/01/%D7%9E%D7%93%D7%99%D7%A0%D7%99%D7%95%D7%AA_%D7%94%D7%A9%D7%A7%D7%A2%D7%95%D7%AA_%D7%A6%D7%A4%D7%95%D7%99%D7%94_%D7%9E%D7%95%D7%A8%D7%99%D7%9D_%D7%95%D7%92%D7%A0%D7%A0%D7%95%D7%AA_%D7%AA%D7%A9%D7%A4%D7%95_%D7%9E%D7%95%D7%A0%D7%92%D7%A9_%D7%A2%D7%93%D7%9B%D7%95%D7%9F_%D7%93%D7%A6%D7%9E%D7%91%D7%A8_2025.xlsx,policy/companies/520027251/raw/520027251/31be1de0d12a_מדיניות_השקעות_צפויה_מורים_וגננות_תשפו_מונגש_עדכון_דצמבר_2025.xlsx,מוג מקור
520027251,,,520027251|מוג מקור|מסלול מקוצר,מוג מקור - מסלול מקוצר,2025,"אג""ח קונצרני (כולל פקדונות ושטרי הון)***",,18.75,19.0,6% +/-,13.0,25.0,תל בונד 60 -60%        תל בונד שקלי 20%     Bloomberg us corporate 1  bond index 10  -20%  שקלי,,מוג מקור,2026-10-01T19:04:18.967Z,https://www.kranoth.org.il/wp-content/uploads/2026/01/%D7%9E%D7%93%D7%99%D7%A0%D7%99%D7%95%D7%AA_%D7%94%D7%A9%D7%A7%D7%A2%D7%95%D7%AA_%D7%A6%D7%A4%D7%95%D7%99%D7%94_%D7%9E%D7%95%D7%A8%D7%99%D7%9D_%D7%95%D7%92%D7%A0%D7%A0%D7%95%D7%AA_%D7%AA%D7%A9%D7%A4%D7%95_%D7%9E%D7%95%D7%A0%D7%92%D7%A9_%D7%A2%D7%93%D7%9B%D7%95%D7%9F_%D7%93%D7%A6%D7%9E%D7%91%D7%A8_2025.xlsx,policy/companies/520027251/raw/520027251/31be1de0d12a_מדיניות_השקעות_צפויה_מורים_וגננות_תשפו_מונגש_עדכון_דצמבר_2025.xlsx,מוג מקור
520027251,,,520027251|מוג מקור|מסלול מקוצר,מוג מקור - מסלול מקוצר,2025,"אחר (קרנות הון סיכון, קרנות השקעה, קרנות גידור, הלוואות לעמיתים שקליות' השקעות ראיליות, מניות לא סחירות)",,18.12,20.0,5% +/-,,,אין מידע,,מוג מקור,2026-10-01T19:04:18.967Z,https://www.kranoth.org.il/wp-content/uploads/2026/01/%D7%9E%D7%93%D7%99%D7%A0%D7%99%D7%95%D7%AA_%D7%94%D7%A9%D7%A7%D7%A2%D7%95%D7%AA_%D7%A6%D7%A4%D7%95%D7%99%D7%94_%D7%9E%D7%95%D7%A8%D7%99%D7%9D_%D7%95%D7%92%D7%A0%D7%A0%D7%95%D7%AA_%D7%AA%D7%A9%D7%A4%D7%95_%D7%9E%D7%95%D7%A0%D7%92%D7%A9_%D7%A2%D7%93%D7%9B%D7%95%D7%9F_%D7%93%D7%A6%D7%9E%D7%91%D7%A8_2025.xlsx,policy/companies/520027251/raw/520027251/31be1de0d12a_מדיניות_השקעות_צפויה_מורים_וגננות_תשפו_מונגש_עדכון_דצמבר_2025.xlsx,מוג מקור
520027251,,,520027251|מוג מקור|מסלול מקוצר,מוג מקור - מסלול מקוצר,2025,"עו""ש (כולל פר""י, פק""מ שבועי, עו""ש מט""ח)**",,3.86,5.0,5% +/-,0.0,10.0,"מדד מק""מ",,מוג מקור,2026-10-01T19:04:18.967Z,https://www.kranoth.org.il/wp-content/uploads/2026/01/%D7%9E%D7%93%D7%99%D7%A0%D7%99%D7%95%D7%AA_%D7%94%D7%A9%D7%A7%D7%A2%D7%95%D7%AA_%D7%A6%D7%A4%D7%95%D7%99%D7%94_%D7%9E%D7%95%D7%A8%D7%99%D7%9D_%D7%95%D7%92%D7%A0%D7%A0%D7%95%D7%AA_%D7%AA%D7%A9%D7%A4%D7%95_%D7%9E%D7%95%D7%A0%D7%92%D7%A9_%D7%A2%D7%93%D7%9B%D7%95%D7%9F_%D7%93%D7%A6%D7%9E%D7%91%D7%A8_2025.xlsx,policy/companies/520027251/raw/520027251/31be1de0d12a_מדיניות_השקעות_צפויה_מורים_וגננות_תשפו_מונגש_עדכון_דצמבר_2025.xlsx,מוג מקור
520027251,,,520027251|מוג מקור|מסלול מקוצר,מוג מקור - מסלול מקוצר,2025,"סה""כ*",,102.55,104.0,אין מידע,,,אין מידע,,מוג מקור,2026-10-01T19:04:18.967Z,https://www.kranoth.org.il/wp-content/uploads/2026/01/%D7%9E%D7%93%D7%99%D7%A0%D7%99%D7%95%D7%AA_%D7%94%D7%A9%D7%A7%D7%A2%D7%95%D7%AA_%D7%A6%D7%A4%D7%95%D7%99%D7%94_%D7%9E%D7%95%D7%A8%D7%99%D7%9D_%D7%95%D7%92%D7%A0%D7%A0%D7%95%D7%AA_%D7%AA%D7%A9%D7%A4%D7%95_%D7%9E%D7%95%D7%A0%D7%92%D7%A9_%D7%A2%D7%93%D7%9B%D7%95%D7%9F_%D7%93%D7%A6%D7%9E%D7%91%D7%A8_2025.xlsx,policy/companies/520027251/raw/520027251/31be1de0d12a_מדיניות_השקעות_צפויה_מורים_וגננות_תשפו_מונגש_עדכון_דצמבר_2025.xlsx,מוג מקור
520027251,,,520027251|מוג מקור|מסלול מקוצר,מוג מקור - מסלול מקוצר,2025,"חשיפה למט""ח",fx,18.75,19.0,6% +/-,13.0,25.0,אין מידע,,מוג מקור,2026-10-01T19:04:18.967Z,https://www.kranoth.org.il/wp-content/uploads/2026/01/%D7%9E%D7%93%D7%99%D7%A0%D7%99%D7%95%D7%AA_%D7%94%D7%A9%D7%A7%D7%A2%D7%95%D7%AA_%D7%A6%D7%A4%D7%95%D7%99%D7%94_%D7%9E%D7%95%D7%A8%D7%99%D7%9D_%D7%95%D7%92%D7%A0%D7%A0%D7%95%D7%AA_%D7%AA%D7%A9%D7%A4%D7%95_%D7%9E%D7%95%D7%A0%D7%92%D7%A9_%D7%A2%D7%93%D7%9B%D7%95%D7%9F_%D7%93%D7%A6%D7%9E%D7%91%D7%A8_2025.xlsx,policy/companies/520027251/raw/520027251/31be1de0d12a_מדיניות_השקעות_צפויה_מורים_וגננות_תשפו_מונגש_עדכון_דצמבר_2025.xlsx,מוג מקור
520027251,,,520027251|מוג מקור|מסלול מקוצר,מוג מקור - מסלול מקוצר,2025,"מגבלת עמלת ניהול חיצוני לשנת תשפ""ו",,,0.36,אין מידע,,,אין מידע,,מוג מקור,2026-10-01T19:04:18.967Z,https://www.kranoth.org.il/wp-content/uploads/2026/01/%D7%9E%D7%93%D7%99%D7%A0%D7%99%D7%95%D7%AA_%D7%94%D7%A9%D7%A7%D7%A2%D7%95%D7%AA_%D7%A6%D7%A4%D7%95%D7%99%D7%94_%D7%9E%D7%95%D7%A8%D7%99%D7%9D_%D7%95%D7%92%D7%A0%D7%A0%D7%95%D7%AA_%D7%AA%D7%A9%D7%A4%D7%95_%D7%9E%D7%95%D7%A0%D7%92%D7%A9_%D7%A2%D7%93%D7%9B%D7%95%D7%9F_%D7%93%D7%A6%D7%9E%D7%91%D7%A8_2025.xlsx,policy/companies/520027251/raw/520027251/31be1de0d12a_מדיניות_השקעות_צפויה_מורים_וגננות_תשפו_מונגש_עדכון_דצמבר_2025.xlsx,מוג מקור
520027251,,,520027251|מוג הלכתי|מסלול רגיל,מוג הלכתי - מסלול רגיל,2025,מניות,equity,46.89,46.0,6% +/-,40.0,52.0,"ת""א 125- 30% MSCI ALL COUNTRIES  -70% שקלי",,מוג הלכתי,2026-10-01T19:04:18.967Z,https://www.kranoth.org.il/wp-content/uploads/2026/01/%D7%9E%D7%93%D7%99%D7%A0%D7%99%D7%95%D7%AA_%D7%94%D7%A9%D7%A7%D7%A2%D7%95%D7%AA_%D7%A6%D7%A4%D7%95%D7%99%D7%94_%D7%9E%D7%95%D7%A8%D7%99%D7%9D_%D7%95%D7%92%D7%A0%D7%A0%D7%95%D7%AA_%D7%AA%D7%A9%D7%A4%D7%95_%D7%9E%D7%95%D7%A0%D7%92%D7%A9_%D7%A2%D7%93%D7%9B%D7%95%D7%9F_%D7%93%D7%A6%D7%9E%D7%91%D7%A8_2025.xlsx,policy/companies/520027251/raw/520027251/31be1de0d12a_מדיניות_השקעות_צפויה_מורים_וגננות_תשפו_מונגש_עדכון_דצמבר_2025.xlsx,מוג הלכתי
520027251,,,520027251|מוג הלכתי|מסלול רגיל,מוג הלכתי - מסלול רגיל,2025,"אג""ח ממשלתי (שקלי, צמוד, משתנה, מט""ח, מק""מ)",,24.31,25.0,5% +/-,20.0,30.0,ממשלתי שקלי בריבית קבועה- 65% ממשלתי צמוד 2-5 שנים- 35%,,מוג הלכתי,2026-10-01T19:04:18.967Z,https://www.kranoth.org.il/wp-content/uploads/2026/01/%D7%9E%D7%93%D7%99%D7%A0%D7%99%D7%95%D7%AA_%D7%94%D7%A9%D7%A7%D7%A2%D7%95%D7%AA_%D7%A6%D7%A4%D7%95%D7%99%D7%94_%D7%9E%D7%95%D7%A8%D7%99%D7%9D_%D7%95%D7%92%D7%A0%D7%A0%D7%95%D7%AA_%D7%AA%D7%A9%D7%A4%D7%95_%D7%9E%D7%95%D7%A0%D7%92%D7%A9_%D7%A2%D7%93%D7%9B%D7%95%D7%9F_%D7%93%D7%A6%D7%9E%D7%91%D7%A8_2025.xlsx,policy/companies/520027251/raw/520027251/31be1de0d12a_מדיניות_השקעות_צפויה_מורים_וגננות_תשפו_מונגש_עדכון_דצמבר_2025.xlsx,מוג הלכתי
520027251,,,520027251|מוג הלכתי|מסלול רגיל,מוג הלכתי - מסלול רגיל,2025,"אג""ח קונצרני (כולל פקדונות ושטרי הון)***",,21.07,24.0,6% +/-,18.0,30.0,תל בונד 60 -60%        תל בונד שקלי 20%     Bloomberg us corporate 1  bond index 10  -20%  שקלי,,מוג הלכתי,2026-10-01T19:04:18.967Z,https://www.kranoth.org.il/wp-content/uploads/2026/01/%D7%9E%D7%93%D7%99%D7%A0%D7%99%D7%95%D7%AA_%D7%94%D7%A9%D7%A7%D7%A2%D7%95%D7%AA_%D7%A6%D7%A4%D7%95%D7%99%D7%94_%D7%9E%D7%95%D7%A8%D7%99%D7%9D_%D7%95%D7%92%D7%A0%D7%A0%D7%95%D7%AA_%D7%AA%D7%A9%D7%A4%D7%95_%D7%9E%D7%95%D7%A0%D7%92%D7%A9_%D7%A2%D7%93%D7%9B%D7%95%D7%9F_%D7%93%D7%A6%D7%9E%D7%91%D7%A8_2025.xlsx,policy/companies/520027251/raw/520027251/31be1de0d12a_מדיניות_השקעות_צפויה_מורים_וגננות_תשפו_מונגש_עדכון_דצמבר_2025.xlsx,מוג הלכתי
520027251,,,520027251|מוג הלכתי|מסלול רגיל,מוג הלכתי - מסלול רגיל,2025,"אחר (קרנות הון סיכון, קרנות השקעה, קרנות גידור, הלוואות לעמיתים שקליות' השקעות ראיליות, מניות לא סחירות)",,0.61,3.0,5% +/-,0.0,8.0,אין מידע,,מוג הלכתי,2026-10-01T19:04:18.967Z,https://www.kranoth.org.il/wp-content/uploads/2026/01/%D7%9E%D7%93%D7%99%D7%A0%D7%99%D7%95%D7%AA_%D7%94%D7%A9%D7%A7%D7%A2%D7%95%D7%AA_%D7%A6%D7%A4%D7%95%D7%99%D7%94_%D7%9E%D7%95%D7%A8%D7%99%D7%9D_%D7%95%D7%92%D7%A0%D7%A0%D7%95%D7%AA_%D7%AA%D7%A9%D7%A4%D7%95_%D7%9E%D7%95%D7%A0%D7%92%D7%A9_%D7%A2%D7%93%D7%9B%D7%95%D7%9F_%D7%93%D7%A6%D7%9E%D7%91%D7%A8_2025.xlsx,policy/companies/520027251/raw/520027251/31be1de0d12a_מדיניות_השקעות_צפויה_מורים_וגננות_תשפו_מונגש_עדכון_דצמבר_2025.xlsx,מוג הלכתי
520027251,,,520027251|מוג הלכתי|מסלול רגיל,מוג הלכתי - מסלול רגיל,2025,"עו""ש (כולל פר""י, פק""מ שבועי, עו""ש מט""ח)**",,6.84,5.0,5% +/-,0.0,10.0,"מדד מק""מ",,מוג הלכתי,2026-10-01T19:04:18.967Z,https://www.kranoth.org.il/wp-content/uploads/2026/01/%D7%9E%D7%93%D7%99%D7%A0%D7%99%D7%95%D7%AA_%D7%94%D7%A9%D7%A7%D7%A2%D7%95%D7%AA_%D7%A6%D7%A4%D7%95%D7%99%D7%94_%D7%9E%D7%95%D7%A8%D7%99%D7%9D_%D7%95%D7%92%D7%A0%D7%A0%D7%95%D7%AA_%D7%AA%D7%A9%D7%A4%D7%95_%D7%9E%D7%95%D7%A0%D7%92%D7%A9_%D7%A2%D7%93%D7%9B%D7%95%D7%9F_%D7%93%D7%A6%D7%9E%D7%91%D7%A8_2025.xlsx,policy/companies/520027251/raw/520027251/31be1de0d12a_מדיניות_השקעות_צפויה_מורים_וגננות_תשפו_מונגש_עדכון_דצמבר_2025.xlsx,מוג הלכתי
520027251,,,520027251|מוג הלכתי|מסלול רגיל,מוג הלכתי - מסלול רגיל,2025,"סה""כ*",,99.72,103.0,אין מידע,,,אין מידע,,מוג הלכתי,2026-10-01T19:04:18.967Z,https://www.kranoth.org.il/wp-content/uploads/2026/01/%D7%9E%D7%93%D7%99%D7%A0%D7%99%D7%95%D7%AA_%D7%94%D7%A9%D7%A7%D7%A2%D7%95%D7%AA_%D7%A6%D7%A4%D7%95%D7%99%D7%94_%D7%9E%D7%95%D7%A8%D7%99%D7%9D_%D7%95%D7%92%D7%A0%D7%A0%D7%95%D7%AA_%D7%AA%D7%A9%D7%A4%D7%95_%D7%9E%D7%95%D7%A0%D7%92%D7%A9_%D7%A2%D7%93%D7%9B%D7%95%D7%9F_%D7%93%D7%A6%D7%9E%D7%91%D7%A8_2025.xlsx,policy/companies/520027251/raw/520027251/31be1de0d12a_מדיניות_השקעות_צפויה_מורים_וגננות_תשפו_מונגש_עדכון_דצמבר_2025.xlsx,מוג הלכתי
520027251,,,520027251|מוג הלכתי|מסלול רגיל,מוג הלכתי - מסלול רגיל,2025,"חשיפה למט""ח",fx,18.43,19.0,6% +/-,13.0,25.0,אין מידע,,מוג הלכתי,2026-10-01T19:04:18.967Z,https://www.kranoth.org.il/wp-content/uploads/2026/01/%D7%9E%D7%93%D7%99%D7%A0%D7%99%D7%95%D7%AA_%D7%94%D7%A9%D7%A7%D7%A2%D7%95%D7%AA_%D7%A6%D7%A4%D7%95%D7%99%D7%94_%D7%9E%D7%95%D7%A8%D7%99%D7%9D_%D7%95%D7%92%D7%A0%D7%A0%D7%95%D7%AA_%D7%AA%D7%A9%D7%A4%D7%95_%D7%9E%D7%95%D7%A0%D7%92%D7%A9_%D7%A2%D7%93%D7%9B%D7%95%D7%9F_%D7%93%D7%A6%D7%9E%D7%91%D7%A8_2025.xlsx,policy/companies/520027251/raw/520027251/31be1de0d12a_מדיניות_השקעות_צפויה_מורים_וגננות_תשפו_מונגש_עדכון_דצמבר_2025.xlsx,מוג הלכתי
520027251,,,520027251|מוג הלכתי|מסלול רגיל,מוג הלכתי - מסלול רגיל,2025,"מגבלת עמלת ניהול חיצוני לשנת תשפ""ו",,,0.15,אין מידע,,,אין מידע,,מוג הלכתי,2026-10-01T19:04:18.967Z,https://www.kranoth.org.il/wp-content/uploads/2026/01/%D7%9E%D7%93%D7%99%D7%A0%D7%99%D7%95%D7%AA_%D7%94%D7%A9%D7%A7%D7%A2%D7%95%D7%AA_%D7%A6%D7%A4%D7%95%D7%99%D7%94_%D7%9E%D7%95%D7%A8%D7%99%D7%9D_%D7%95%D7%92%D7%A0%D7%A0%D7%95%D7%AA_%D7%AA%D7%A9%D7%A4%D7%95_%D7%9E%D7%95%D7%A0%D7%92%D7%A9_%D7%A2%D7%93%D7%9B%D7%95%D7%9F_%D7%93%D7%A6%D7%9E%D7%91%D7%A8_2025.xlsx,policy/companies/520027251/raw/520027251/31be1de0d12a_מדיניות_השקעות_צפויה_מורים_וגננות_תשפו_מונגש_עדכון_דצמבר_2025.xlsx,מוג הלכתי
520027251,,,520027251|מוג מקור הלכתי|מסלול מקוצר,מוג מקור הלכתי - מסלול מקוצר,2025,מניות,equity,47.17,46.0,6% +/-,40.0,52.0,"ת""א 125- 30% MSCI ALL COUNTRIES  -70% שקלי",,מוג מקור הלכתי,2026-10-01T19:04:18.967Z,https://www.kranoth.org.il/wp-content/uploads/2026/01/%D7%9E%D7%93%D7%99%D7%A0%D7%99%D7%95%D7%AA_%D7%94%D7%A9%D7%A7%D7%A2%D7%95%D7%AA_%D7%A6%D7%A4%D7%95%D7%99%D7%94_%D7%9E%D7%95%D7%A8%D7%99%D7%9D_%D7%95%D7%92%D7%A0%D7%A0%D7%95%D7%AA_%D7%AA%D7%A9%D7%A4%D7%95_%D7%9E%D7%95%D7%A0%D7%92%D7%A9_%D7%A2%D7%93%D7%9B%D7%95%D7%9F_%D7%93%D7%A6%D7%9E%D7%91%D7%A8_2025.xlsx,policy/companies/520027251/raw/520027251/31be1de0d12a_מדיניות_השקעות_צפויה_מורים_וגננות_תשפו_מונגש_עדכון_דצמבר_2025.xlsx,מוג מקור הלכתי
520027251,,,520027251|מוג מקור הלכתי|מסלול מקוצר,מוג מקור הלכתי - מסלול מקוצר,2025,"אג""ח ממשלתי (שקלי, צמוד, משתנה, מט""ח, מק""מ)",,24.94,25.0,5% +/-,20.0,30.0,ממשלתי שקלי בריבית קבועה- 65% ממשלתי צמוד 2-5 שנים- 35%,,מוג מקור הלכתי,2026-10-01T19:04:18.967Z,https://www.kranoth.org.il/wp-content/uploads/2026/01/%D7%9E%D7%93%D7%99%D7%A0%D7%99%D7%95%D7%AA_%D7%94%D7%A9%D7%A7%D7%A2%D7%95%D7%AA_%D7%A6%D7%A4%D7%95%D7%99%D7%94_%D7%9E%D7%95%D7%A8%D7%99%D7%9D_%D7%95%D7%92%D7%A0%D7%A0%D7%95%D7%AA_%D7%AA%D7%A9%D7%A4%D7%95_%D7%9E%D7%95%D7%A0%D7%92%D7%A9_%D7%A2%D7%93%D7%9B%D7%95%D7%9F_%D7%93%D7%A6%D7%9E%D7%91%D7%A8_2025.xlsx,policy/companies/520027251/raw/520027251/31be1de0d12a_מדיניות_השקעות_צפויה_מורים_וגננות_תשפו_מונגש_עדכון_דצמבר_2025.xlsx,מוג מקור הלכתי
520027251,,,520027251|מוג מקור הלכתי|מסלול מקוצר,מוג מקור הלכתי - מסלול מקוצר,2025,"אג""ח קונצרני (כולל פקדונות ושטרי הון)***",,21.9,24.0,6% +/-,18.0,30.0,תל בונד 60 -60%        תל בונד שקלי 20%     Bloomberg us corporate 1  bond index 10  -20%  שקלי,,מוג מקור הלכתי,2026-10-01T19:04:18.967Z,https://www.kranoth.org.il/wp-content/uploads/2026/01/%D7%9E%D7%93%D7%99%D7%A0%D7%99%D7%95%D7%AA_%D7%94%D7%A9%D7%A7%D7%A2%D7%95%D7%AA_%D7%A6%D7%A4%D7%95%D7%99%D7%94_%D7%9E%D7%95%D7%A8%D7%99%D7%9D_%D7%95%D7%92%D7%A0%D7%A0%D7%95%D7%AA_%D7%AA%D7%A9%D7%A4%D7%95_%D7%9E%D7%95%D7%A0%D7%92%D7%A9_%D7%A2%D7%93%D7%9B%D7%95%D7%9F_%D7%93%D7%A6%D7%9E%D7%91%D7%A8_2025.xlsx,policy/companies/520027251/raw/520027251/31be1de0d12a_מדיניות_השקעות_צפויה_מורים_וגננות_תשפו_מונגש_עדכון_דצמבר_2025.xlsx,מוג מקור הלכתי
520027251,,,520027251|מוג מקור הלכתי|מסלול מקוצר,מוג מקור הלכתי - מסלול מקוצר,2025,"אחר (קרנות הון סיכון, קרנות השקעה, קרנות גידור, הלוואות לעמיתים שקליות' השקעות ראיליות, מניות לא סחירות)",,0.24,3.0,5% +/-,0.0,8.0,אין מידע,,מוג מקור הלכתי,2026-10-01T19:04:18.967Z,https://www.kranoth.org.il/wp-content/uploads/2026/01/%D7%9E%D7%93%D7%99%D7%A0%D7%99%D7%95%D7%AA_%D7%94%D7%A9%D7%A7%D7%A2%D7%95%D7%AA_%D7%A6%D7%A4%D7%95%D7%99%D7%94_%D7%9E%D7%95%D7%A8%D7%99%D7%9D_%D7%95%D7%92%D7%A0%D7%A0%D7%95%D7%AA_%D7%AA%D7%A9%D7%A4%D7%95_%D7%9E%D7%95%D7%A0%D7%92%D7%A9_%D7%A2%D7%93%D7%9B%D7%95%D7%9F_%D7%93%D7%A6%D7%9E%D7%91%D7%A8_2025.xlsx,policy/companies/520027251/raw/520027251/31be1de0d12a_מדיניות_השקעות_צפויה_מורים_וגננות_תשפו_מונגש_עדכון_דצמבר_2025.xlsx,מוג מקור הלכתי
520027251,,,520027251|מוג מקור הלכתי|מסלול מקוצר,מוג מקור הלכתי - מסלול מקוצר,2025,"עו""ש (כולל פר""י, פק""מ שבועי, עו""ש מט""ח)**",,5.41,5.0,5% +/-,0.0,10.0,"מדד מק""מ",,מוג מקור הלכתי,2026-10-01T19:04:18.967Z,https://www.kranoth.org.il/wp-content/uploads/2026/01/%D7%9E%D7%93%D7%99%D7%A0%D7%99%D7%95%D7%AA_%D7%94%D7%A9%D7%A7%D7%A2%D7%95%D7%AA_%D7%A6%D7%A4%D7%95%D7%99%D7%94_%D7%9E%D7%95%D7%A8%D7%99%D7%9D_%D7%95%D7%92%D7%A0%D7%A0%D7%95%D7%AA_%D7%AA%D7%A9%D7%A4%D7%95_%D7%9E%D7%95%D7%A0%D7%92%D7%A9_%D7%A2%D7%93%D7%9B%D7%95%D7%9F_%D7%93%D7%A6%D7%9E%D7%91%D7%A8_2025.xlsx,policy/companies/520027251/raw/520027251/31be1de0d12a_מדיניות_השקעות_צפויה_מורים_וגננות_תשפו_מונגש_עדכון_דצמבר_2025.xlsx,מוג מקור הלכתי
520027251,,,520027251|מוג מקור הלכתי|מסלול מקוצר,מוג מקור הלכתי - מסלול מקוצר,2025,"סה""כ*",,99.66,103.0,אין מידע,,,אין מידע,,מוג מקור הלכתי,2026-10-01T19:04:18.967Z,https://www.kranoth.org.il/wp-content/uploads/2026/01/%D7%9E%D7%93%D7%99%D7%A0%D7%99%D7%95%D7%AA_%D7%94%D7%A9%D7%A7%D7%A2%D7%95%D7%AA_%D7%A6%D7%A4%D7%95%D7%99%D7%94_%D7%9E%D7%95%D7%A8%D7%99%D7%9D_%D7%95%D7%92%D7%A0%D7%A0%D7%95%D7%AA_%D7%AA%D7%A9%D7%A4%D7%95_%D7%9E%D7%95%D7%A0%D7%92%D7%A9_%D7%A2%D7%93%D7%9B%D7%95%D7%9F_%D7%93%D7%A6%D7%9E%D7%91%D7%A8_2025.xlsx,policy/companies/520027251/raw/520027251/31be1de0d12a_מדיניות_השקעות_צפויה_מורים_וגננות_תשפו_מונגש_עדכון_דצמבר_2025.xlsx,מוג מקור הלכתי
520027251,,,520027251|מוג מקור הלכתי|מסלול מקוצר,מוג מקור הלכתי - מסלול מקוצר,2025,"חשיפה למט""ח",fx,18.6,19.0,6% +/-,13.0,25.0,אין מידע,,מוג מקור הלכתי,2026-10-01T19:04:18.967Z,https://www.kranoth.org.il/wp-content/uploads/2026/01/%D7%9E%D7%93%D7%99%D7%A0%D7%99%D7%95%D7%AA_%D7%94%D7%A9%D7%A7%D7%A2%D7%95%D7%AA_%D7%A6%D7%A4%D7%95%D7%99%D7%94_%D7%9E%D7%95%D7%A8%D7%99%D7%9D_%D7%95%D7%92%D7%A0%D7%A0%D7%95%D7%AA_%D7%AA%D7%A9%D7%A4%D7%95_%D7%9E%D7%95%D7%A0%D7%92%D7%A9_%D7%A2%D7%93%D7%9B%D7%95%D7%9F_%D7%93%D7%A6%D7%9E%D7%91%D7%A8_2025.xlsx,policy/companies/520027251/raw/520027251/31be1de0d12a_מדיניות_השקעות_צפויה_מורים_וגננות_תשפו_מונגש_עדכון_דצמבר_2025.xlsx,מוג מקור הלכתי
520027251,,,520027251|מוג מקור הלכתי|מסלול מקוצר,מוג מקור הלכתי - מסלול מקוצר,2025,"מגבלת עמלת ניהול חיצוני לשנת תשפ""ו",,,0.15,,,,אין מידע,,מוג מקור הלכתי,2026-10-01T19:04:18.967Z,https://www.kranoth.org.il/wp-content/uploads/2026/01/%D7%9E%D7%93%D7%99%D7%A0%D7%99%D7%95%D7%AA_%D7%94%D7%A9%D7%A7%D7%A2%D7%95%D7%AA_%D7%A6%D7%A4%D7%95%D7%99%D7%94_%D7%9E%D7%95%D7%A8%D7%99%D7%9D_%D7%95%D7%92%D7%A0%D7%A0%D7%95%D7%AA_%D7%AA%D7%A9%D7%A4%D7%95_%D7%9E%D7%95%D7%A0%D7%92%D7%A9_%D7%A2%D7%93%D7%9B%D7%95%D7%9F_%D7%93%D7%A6%D7%9E%D7%91%D7%A8_2025.xlsx,policy/companies/520027251/raw/520027251/31be1de0d12a_מדיניות_השקעות_צפויה_מורים_וגננות_תשפו_מונגש_עדכון_דצמבר_2025.xlsx,מוג מקור הלכתי
520027251,,,520027251|מוג אשראי ואגח|מסלול רגיל,מוג אשראי ואגח - מסלול רגיל,2025,מניות,equity,0.0,0.0,0,0.0,6.0,אין מידע,,מוג אשראי ואגח,2026-10-01T19:04:18.967Z,https://www.kranoth.org.il/wp-content/uploads/2026/01/%D7%9E%D7%93%D7%99%D7%A0%D7%99%D7%95%D7%AA_%D7%94%D7%A9%D7%A7%D7%A2%D7%95%D7%AA_%D7%A6%D7%A4%D7%95%D7%99%D7%94_%D7%9E%D7%95%D7%A8%D7%99%D7%9D_%D7%95%D7%92%D7%A0%D7%A0%D7%95%D7%AA_%D7%AA%D7%A9%D7%A4%D7%95_%D7%9E%D7%95%D7%A0%D7%92%D7%A9_%D7%A2%D7%93%D7%9B%D7%95%D7%9F_%D7%93%D7%A6%D7%9E%D7%91%D7%A8_2025.xlsx,policy/companies/520027251/raw/520027251/31be1de0d12a_מדיניות_השקעות_צפויה_מורים_וגננות_תשפו_מונגש_עדכון_דצמבר_2025.xlsx,מוג אשראי ואגח
520027251,,,520027251|מוג אשראי ואגח|מסלול רגיל,מוג אשראי ואגח - מסלול רגיל,2025,"אג""ח ממשלתי (שקלי, צמוד, משתנה, מט""ח, מק""מ)",,55.73,,0.55,50.0,60.0,ממשלתי שקלי בריבית קבועה- 65% ממשלתי צמוד 2-5 שנים- 35%,,מוג אשראי ואגח,2026-10-01T19:04:18.967Z,https://www.kranoth.org.il/wp-content/uploads/2026/01/%D7%9E%D7%93%D7%99%D7%A0%D7%99%D7%95%D7%AA_%D7%94%D7%A9%D7%A7%D7%A2%D7%95%D7%AA_%D7%A6%D7%A4%D7%95%D7%99%D7%94_%D7%9E%D7%95%D7%A8%D7%99%D7%9D_%D7%95%D7%92%D7%A0%D7%A0%D7%95%D7%AA_%D7%AA%D7%A9%D7%A4%D7%95_%D7%9E%D7%95%D7%A0%D7%92%D7%A9_%D7%A2%D7%93%D7%9B%D7%95%D7%9F_%D7%93%D7%A6%D7%9E%D7%91%D7%A8_2025.xlsx,policy/companies/520027251/raw/520027251/31be1de0d12a_מדיניות_השקעות_צפויה_מורים_וגננות_תשפו_מונגש_עדכון_דצמבר_2025.xlsx,מוג אשראי ואגח
520027251,,,520027251|מוג אשראי ואגח|מסלול רגיל,מוג אשראי ואגח - מסלול רגיל,2025,"אג""ח קונצרני (כולל פקדונות ושטרי הון)***",,38.01,,0.4,34.0,46.0,תל בונד 60 -60%        תל בונד שקלי 20%     Bloomberg us corporate 1  bond index 10  -20%  שקלי,,מוג אשראי ואגח,2026-10-01T19:04:18.967Z,https://www.kranoth.org.il/wp-content/uploads/2026/01/%D7%9E%D7%93%D7%99%D7%A0%D7%99%D7%95%D7%AA_%D7%94%D7%A9%D7%A7%D7%A2%D7%95%D7%AA_%D7%A6%D7%A4%D7%95%D7%99%D7%94_%D7%9E%D7%95%D7%A8%D7%99%D7%9D_%D7%95%D7%92%D7%A0%D7%A0%D7%95%D7%AA_%D7%AA%D7%A9%D7%A4%D7%95_%D7%9E%D7%95%D7%A0%D7%92%D7%A9_%D7%A2%D7%93%D7%9B%D7%95%D7%9F_%D7%93%D7%A6%D7%9E%D7%91%D7%A8_2025.xlsx,policy/companies/520027251/raw/520027251/31be1de0d12a_מדיניות_השקעות_צפויה_מורים_וגננות_תשפו_מונגש_עדכון_דצמבר_2025.xlsx,מוג אשראי ואגח
520027251,,,520027251|מוג אשראי ואגח|מסלול רגיל,מוג אשראי ואגח - מסלול רגיל,2025,"אחר (קרנות הון סיכון, קרנות השקעה, קרנות גידור, הלוואות לעמיתים שקליות' השקעות ראיליות, מניות לא סחירות)",,0.0,0.0,0,0.0,5.0,אין מידע,,מוג אשראי ואגח,2026-10-01T19:04:18.967Z,https://www.kranoth.org.il/wp-content/uploads/2026/01/%D7%9E%D7%93%D7%99%D7%A0%D7%99%D7%95%D7%AA_%D7%94%D7%A9%D7%A7%D7%A2%D7%95%D7%AA_%D7%A6%D7%A4%D7%95%D7%99%D7%94_%D7%9E%D7%95%D7%A8%D7%99%D7%9D_%D7%95%D7%92%D7%A0%D7%A0%D7%95%D7%AA_%D7%AA%D7%A9%D7%A4%D7%95_%D7%9E%D7%95%D7%A0%D7%92%D7%A9_%D7%A2%D7%93%D7%9B%D7%95%D7%9F_%D7%93%D7%A6%D7%9E%D7%91%D7%A8_2025.xlsx,policy/companies/520027251/raw/520027251/31be1de0d12a_מדיניות_השקעות_צפויה_מורים_וגננות_תשפו_מונגש_עדכון_דצמבר_2025.xlsx,מוג אשראי ואגח
520027251,,,520027251|מוג אשראי ואגח|מסלול רגיל,מוג אשראי ואגח - מסלול רגיל,2025,"עו""ש (כולל פר""י, פק""מ שבועי, עו""ש מט""ח)**",,6.26,,0.05,0.0,10.0,"מדד מק""מ",,מוג אשראי ואגח,2026-10-01T19:04:18.967Z,https://www.kranoth.org.il/wp-content/uploads/2026/01/%D7%9E%D7%93%D7%99%D7%A0%D7%99%D7%95%D7%AA_%D7%94%D7%A9%D7%A7%D7%A2%D7%95%D7%AA_%D7%A6%D7%A4%D7%95%D7%99%D7%94_%D7%9E%D7%95%D7%A8%D7%99%D7%9D_%D7%95%D7%92%D7%A0%D7%A0%D7%95%D7%AA_%D7%AA%D7%A9%D7%A4%D7%95_%D7%9E%D7%95%D7%A0%D7%92%D7%A9_%D7%A2%D7%93%D7%9B%D7%95%D7%9F_%D7%93%D7%A6%D7%9E%D7%91%D7%A8_2025.xlsx,policy/companies/520027251/raw/520027251/31be1de0d12a_מדיניות_השקעות_צפויה_מורים_וגננות_תשפו_מונגש_עדכון_דצמבר_2025.xlsx,מוג אשראי ואגח
520027251,,,520027251|מוג אשראי ואגח|מסלול רגיל,מוג אשראי ואגח - מסלול רגיל,2025,"סה""כ*",,100.0,,1,,,אין מידע,,מוג אשראי ואגח,2026-10-01T19:04:18.967Z,https://www.kranoth.org.il/wp-content/uploads/2026/01/%D7%9E%D7%93%D7%99%D7%A0%D7%99%D7%95%D7%AA_%D7%94%D7%A9%D7%A7%D7%A2%D7%95%D7%AA_%D7%A6%D7%A4%D7%95%D7%99%D7%94_%D7%9E%D7%95%D7%A8%D7%99%D7%9D_%D7%95%D7%92%D7%A0%D7%A0%D7%95%D7%AA_%D7%AA%D7%A9%D7%A4%D7%95_%D7%9E%D7%95%D7%A0%D7%92%D7%A9_%D7%A2%D7%93%D7%9B%D7%95%D7%9F_%D7%93%D7%A6%D7%9E%D7%91%D7%A8_2025.xlsx,policy/companies/520027251/raw/520027251/31be1de0d12a_מדיניות_השקעות_צפויה_מורים_וגננות_תשפו_מונגש_עדכון_דצמבר_2025.xlsx,מוג אשראי ואגח
520027251,,,520027251|מוג אשראי ואגח|מסלול רגיל,מוג אשראי ואגח - מסלול רגיל,2025,"חשיפה למט""ח",fx,2.87,,0.06,0.0,12.0,אין מידע,,מוג אשראי ואגח,2026-10-01T19:04:18.967Z,https://www.kranoth.org.il/wp-content/uploads/2026/01/%D7%9E%D7%93%D7%99%D7%A0%D7%99%D7%95%D7%AA_%D7%94%D7%A9%D7%A7%D7%A2%D7%95%D7%AA_%D7%A6%D7%A4%D7%95%D7%99%D7%94_%D7%9E%D7%95%D7%A8%D7%99%D7%9D_%D7%95%D7%92%D7%A0%D7%A0%D7%95%D7%AA_%D7%AA%D7%A9%D7%A4%D7%95_%D7%9E%D7%95%D7%A0%D7%92%D7%A9_%D7%A2%D7%93%D7%9B%D7%95%D7%9F_%D7%93%D7%A6%D7%9E%D7%91%D7%A8_2025.xlsx,policy/companies/520027251/raw/520027251/31be1de0d12a_מדיניות_השקעות_צפויה_מורים_וגננות_תשפו_מונגש_עדכון_דצמבר_2025.xlsx,מוג אשראי ואגח
520027251,,,520027251|מוג מקור אשראי ואגח|מסלול מקוצר,מוג מקור אשראי ואגח - מסלול מקוצר,2025,מניות,equity,0.0,0.0,0,0.0,6.0,אין מידע,,מוג מקור אשראי ואגח,2026-10-01T19:04:18.967Z,https://www.kranoth.org.il/wp-content/uploads/2026/01/%D7%9E%D7%93%D7%99%D7%A0%D7%99%D7%95%D7%AA_%D7%94%D7%A9%D7%A7%D7%A2%D7%95%D7%AA_%D7%A6%D7%A4%D7%95%D7%99%D7%94_%D7%9E%D7%95%D7%A8%D7%99%D7%9D_%D7%95%D7%92%D7%A0%D7%A0%D7%95%D7%AA_%D7%AA%D7%A9%D7%A4%D7%95_%D7%9E%D7%95%D7%A0%D7%92%D7%A9_%D7%A2%D7%93%D7%9B%D7%95%D7%9F_%D7%93%D7%A6%D7%9E%D7%91%D7%A8_2025.xlsx,policy/companies/520027251/raw/520027251/31be1de0d12a_מדיניות_השקעות_צפויה_מורים_וגננות_תשפו_מונגש_עדכון_דצמבר_2025.xlsx,מוג מקור אשראי ואגח
520027251,,,520027251|מוג מקור אשראי ואגח|מסלול מקוצר,מוג מקור אשראי ואגח - מסלול מקוצר,2025,"אג""ח ממשלתי (שקלי, צמוד, משתנה, מט""ח, מק""מ)",,57.65,,0.55,50.0,60.0,ממשלתי שקלי בריבית קבועה- 65% ממשלתי צמוד 2-5 שנים- 35%,,מוג מקור אשראי ואגח,2026-10-01T19:04:18.967Z,https://www.kranoth.org.il/wp-content/uploads/2026/01/%D7%9E%D7%93%D7%99%D7%A0%D7%99%D7%95%D7%AA_%D7%94%D7%A9%D7%A7%D7%A2%D7%95%D7%AA_%D7%A6%D7%A4%D7%95%D7%99%D7%94_%D7%9E%D7%95%D7%A8%D7%99%D7%9D_%D7%95%D7%92%D7%A0%D7%A0%D7%95%D7%AA_%D7%AA%D7%A9%D7%A4%D7%95_%D7%9E%D7%95%D7%A0%D7%92%D7%A9_%D7%A2%D7%93%D7%9B%D7%95%D7%9F_%D7%93%D7%A6%D7%9E%D7%91%D7%A8_2025.xlsx,policy/companies/520027251/raw/520027251/31be1de0d12a_מדיניות_השקעות_צפויה_מורים_וגננות_תשפו_מונגש_עדכון_דצמבר_2025.xlsx,מוג מקור אשראי ואגח
520027251,,,520027251|מוג מקור אשראי ואגח|מסלול מקוצר,מוג מקור אשראי ואגח - מסלול מקוצר,2025,"אג""ח קונצרני (כולל פקדונות ושטרי הון)***",,35.2,,0.4,34.0,46.0,תל בונד 60 -60%        תל בונד שקלי 20%     Bloomberg us corporate 1  bond index 10  -20%  שקלי,,מוג מקור אשראי ואגח,2026-10-01T19:04:18.967Z,https://www.kranoth.org.il/wp-content/uploads/2026/01/%D7%9E%D7%93%D7%99%D7%A0%D7%99%D7%95%D7%AA_%D7%94%D7%A9%D7%A7%D7%A2%D7%95%D7%AA_%D7%A6%D7%A4%D7%95%D7%99%D7%94_%D7%9E%D7%95%D7%A8%D7%99%D7%9D_%D7%95%D7%92%D7%A0%D7%A0%D7%95%D7%AA_%D7%AA%D7%A9%D7%A4%D7%95_%D7%9E%D7%95%D7%A0%D7%92%D7%A9_%D7%A2%D7%93%D7%9B%D7%95%D7%9F_%D7%93%D7%A6%D7%9E%D7%91%D7%A8_2025.xlsx,policy/companies/520027251/raw/520027251/31be1de0d12a_מדיניות_השקעות_צפויה_מורים_וגננות_תשפו_מונגש_עדכון_דצמבר_2025.xlsx,מוג מקור אשראי ואגח
520027251,,,520027251|מוג מקור אשראי ואגח|מסלול מקוצר,מוג מקור אשראי ואגח - מסלול מקוצר,2025,"אחר (קרנות הון סיכון, קרנות השקעה, קרנות גידור, הלוואות לעמיתים שקליות' השקעות ראיליות, מניות לא סחירות)",,0.0,0.0,0,0.0,5.0,אין מידע,,מוג מקור אשראי ואגח,2026-10-01T19:04:18.967Z,https://www.kranoth.org.il/wp-content/uploads/2026/01/%D7%9E%D7%93%D7%99%D7%A0%D7%99%D7%95%D7%AA_%D7%94%D7%A9%D7%A7%D7%A2%D7%95%D7%AA_%D7%A6%D7%A4%D7%95%D7%99%D7%94_%D7%9E%D7%95%D7%A8%D7%99%D7%9D_%D7%95%D7%92%D7%A0%D7%A0%D7%95%D7%AA_%D7%AA%D7%A9%D7%A4%D7%95_%D7%9E%D7%95%D7%A0%D7%92%D7%A9_%D7%A2%D7%93%D7%9B%D7%95%D7%9F_%D7%93%D7%A6%D7%9E%D7%91%D7%A8_2025.xlsx,policy/companies/520027251/raw/520027251/31be1de0d12a_מדיניות_השקעות_צפויה_מורים_וגננות_תשפו_מונגש_עדכון_דצמבר_2025.xlsx,מוג מקור אשראי ואגח
520027251,,,520027251|מוג מקור אשראי ואגח|מסלול מקוצר,מוג מקור אשראי ואגח - מסלול מקוצר,2025,"עו""ש (כולל פר""י, פק""מ שבועי, עו""ש מט""ח)**",,7.15,,0.05,0.0,10.0,"מדד מק""מ",,מוג מקור אשראי ואגח,2026-10-01T19:04:18.967Z,https://www.kranoth.org.il/wp-content/uploads/2026/01/%D7%9E%D7%93%D7%99%D7%A0%D7%99%D7%95%D7%AA_%D7%94%D7%A9%D7%A7%D7%A2%D7%95%D7%AA_%D7%A6%D7%A4%D7%95%D7%99%D7%94_%D7%9E%D7%95%D7%A8%D7%99%D7%9D_%D7%95%D7%92%D7%A0%D7%A0%D7%95%D7%AA_%D7%AA%D7%A9%D7%A4%D7%95_%D7%9E%D7%95%D7%A0%D7%92%D7%A9_%D7%A2%D7%93%D7%9B%D7%95%D7%9F_%D7%93%D7%A6%D7%9E%D7%91%D7%A8_2025.xlsx,policy/companies/520027251/raw/520027251/31be1de0d12a_מדיניות_השקעות_צפויה_מורים_וגננות_תשפו_מונגש_עדכון_דצמבר_2025.xlsx,מוג מקור אשראי ואגח
520027251,,,520027251|מוג מקור אשראי ואגח|מסלול מקוצר,מוג מקור אשראי ואגח - מסלול מקוצר,2025,"סה""כ*",,100.0,,1,,,אין מידע,,מוג מקור אשראי ואגח,2026-10-01T19:04:18.967Z,https://www.kranoth.org.il/wp-content/uploads/2026/01/%D7%9E%D7%93%D7%99%D7%A0%D7%99%D7%95%D7%AA_%D7%94%D7%A9%D7%A7%D7%A2%D7%95%D7%AA_%D7%A6%D7%A4%D7%95%D7%99%D7%94_%D7%9E%D7%95%D7%A8%D7%99%D7%9D_%D7%95%D7%92%D7%A0%D7%A0%D7%95%D7%AA_%D7%AA%D7%A9%D7%A4%D7%95_%D7%9E%D7%95%D7%A0%D7%92%D7%A9_%D7%A2%D7%93%D7%9B%D7%95%D7%9F_%D7%93%D7%A6%D7%9E%D7%91%D7%A8_2025.xlsx,policy/companies/520027251/raw/520027251/31be1de0d12a_מדיניות_השקעות_צפויה_מורים_וגננות_תשפו_מונגש_עדכון_דצמבר_2025.xlsx,מוג מקור אשראי ואגח
520027251,,,520027251|מוג מקור אשראי ואגח|מסלול מקוצר,מוג מקור אשראי ואגח - מסלול מקוצר,2025,"חשיפה למט""ח",fx,3.0,,0.06,0.0,12.0,אין מידע,,מוג מקור אשראי ואגח,2026-10-01T19:04:18.967Z,https://www.kranoth.org.il/wp-content/uploads/2026/01/%D7%9E%D7%93%D7%99%D7%A0%D7%99%D7%95%D7%AA_%D7%94%D7%A9%D7%A7%D7%A2%D7%95%D7%AA_%D7%A6%D7%A4%D7%95%D7%99%D7%94_%D7%9E%D7%95%D7%A8%D7%99%D7%9D_%D7%95%D7%92%D7%A0%D7%A0%D7%95%D7%AA_%D7%AA%D7%A9%D7%A4%D7%95_%D7%9E%D7%95%D7%A0%D7%92%D7%A9_%D7%A2%D7%93%D7%9B%D7%95%D7%9F_%D7%93%D7%A6%D7%9E%D7%91%D7%A8_2025.xlsx,policy/companies/520027251/raw/520027251/31be1de0d12a_מדיניות_השקעות_צפויה_מורים_וגננות_תשפו_מונגש_עדכון_דצמבר_2025.xlsx,מוג מקור אשראי ואגח
520027251,,,520027251|מוג מקור אשראי ואגח|מסלול מקוצר,מוג מקור אשראי ואגח - מסלול מקוצר,2024,מניות,equity,0.0,0.0,0,0.0,6.0,אין מידע,,מוג מקור אשראי ואגח,2026-10-01T19:04:54.487Z,https://www.kranoth.org.il/wp-content/uploads/2024/12/%D7%9E%D7%95%D7%92_%D7%9E%D7%A7%D7%95%D7%A8-%D7%9E%D7%A1%D7%9C%D7%95%D7%9C_%D7%90%D7%A9%D7%A8%D7%90%D7%99_%D7%95%D7%90%D7%92%D7%97-%D7%9E%D7%93%D7%99%D7%A0%D7%99%D7%95%D7%AA_%D7%AA%D7%A9%D7%A4%D7%94_%D7%93%D7%A6%D7%9E%D7%91%D7%A8_2024.xlsx,policy/companies/520027251/raw/520027251/4068bc5e3698_מוג_מקור-מסלול_אשראי_ואגח-מדיניות_תשפה_דצמבר_2024.xlsx,מוג מקור אשראי ואגח
520027251,,,520027251|מוג מקור אשראי ואגח|מסלול מקוצר,מוג מקור אשראי ואגח - מסלול מקוצר,2024,"אג""ח ממשלתי (שקלי, צמוד, משתנה, מט""ח, מק""מ)",,56.96,55.0,5% +/-,50.0,60.0,ממשלתי שקלי בריבית קבועה- 65% ממשלתי צמוד 2-5 שנים- 35%,,מוג מקור אשראי ואגח,2026-10-01T19:04:54.487Z,https://www.kranoth.org.il/wp-content/uploads/2024/12/%D7%9E%D7%95%D7%92_%D7%9E%D7%A7%D7%95%D7%A8-%D7%9E%D7%A1%D7%9C%D7%95%D7%9C_%D7%90%D7%A9%D7%A8%D7%90%D7%99_%D7%95%D7%90%D7%92%D7%97-%D7%9E%D7%93%D7%99%D7%A0%D7%99%D7%95%D7%AA_%D7%AA%D7%A9%D7%A4%D7%94_%D7%93%D7%A6%D7%9E%D7%91%D7%A8_2024.xlsx,policy/companies/520027251/raw/520027251/4068bc5e3698_מוג_מקור-מסלול_אשראי_ואגח-מדיניות_תשפה_דצמבר_2024.xlsx,מוג מקור אשראי ואגח
520027251,,,520027251|מוג מקור אשראי ואגח|מסלול מקוצר,מוג מקור אשראי ואגח - מסלול מקוצר,2024,"אג""ח קונצרני (כולל פקדונות ושטרי הון)***",,38.41,40.0,6% +/-,34.0,46.0,תל בונד 60 -60%        תל בונד שקלי 20%     Bloomberg us corporate 1  bond index 10  -20%  שקלי,,מוג מקור אשראי ואגח,2026-10-01T19:04:54.487Z,https://www.kranoth.org.il/wp-content/uploads/2024/12/%D7%9E%D7%95%D7%92_%D7%9E%D7%A7%D7%95%D7%A8-%D7%9E%D7%A1%D7%9C%D7%95%D7%9C_%D7%90%D7%A9%D7%A8%D7%90%D7%99_%D7%95%D7%90%D7%92%D7%97-%D7%9E%D7%93%D7%99%D7%A0%D7%99%D7%95%D7%AA_%D7%AA%D7%A9%D7%A4%D7%94_%D7%93%D7%A6%D7%9E%D7%91%D7%A8_2024.xlsx,policy/companies/520027251/raw/520027251/4068bc5e3698_מוג_מקור-מסלול_אשראי_ואגח-מדיניות_תשפה_דצמבר_2024.xlsx,מוג מקור אשראי ואגח
520027251,,,520027251|מוג מקור אשראי ואגח|מסלול מקוצר,מוג מקור אשראי ואגח - מסלול מקוצר,2024,"אחר (קרנות הון סיכון, קרנות השקעה, קרנות גידור, הלוואות לעמיתים שקליות' השקעות ראיליות, מניות לא סחירות)",,0.0,0.0,0,0.0,5.0,אין מידע,,מוג מקור אשראי ואגח,2026-10-01T19:04:54.487Z,https://www.kranoth.org.il/wp-content/uploads/2024/12/%D7%9E%D7%95%D7%92_%D7%9E%D7%A7%D7%95%D7%A8-%D7%9E%D7%A1%D7%9C%D7%95%D7%9C_%D7%90%D7%A9%D7%A8%D7%90%D7%99_%D7%95%D7%90%D7%92%D7%97-%D7%9E%D7%93%D7%99%D7%A0%D7%99%D7%95%D7%AA_%D7%AA%D7%A9%D7%A4%D7%94_%D7%93%D7%A6%D7%9E%D7%91%D7%A8_2024.xlsx,policy/companies/520027251/raw/520027251/4068bc5e3698_מוג_מקור-מסלול_אשראי_ואגח-מדיניות_תשפה_דצמבר_2024.xlsx,מוג מקור אשראי ואגח
520027251,,,520027251|מוג מקור אשראי ואגח|מסלול מקוצר,מוג מקור אשראי ואגח - מסלול מקוצר,2024,"עו""ש (כולל פר""י, פק""מ שבועי, עו""ש מט""ח)**",,4.63,5.0,5% +/-,0.0,10.0,"מדד מק""מ",,מוג מקור אשראי ואגח,2026-10-01T19:04:54.487Z,https://www.kranoth.org.il/wp-content/uploads/2024/12/%D7%9E%D7%95%D7%92_%D7%9E%D7%A7%D7%95%D7%A8-%D7%9E%D7%A1%D7%9C%D7%95%D7%9C_%D7%90%D7%A9%D7%A8%D7%90%D7%99_%D7%95%D7%90%D7%92%D7%97-%D7%9E%D7%93%D7%99%D7%A0%D7%99%D7%95%D7%AA_%D7%AA%D7%A9%D7%A4%D7%94_%D7%93%D7%A6%D7%9E%D7%91%D7%A8_2024.xlsx,policy/companies/520027251/raw/520027251/4068bc5e3698_מוג_מקור-מסלול_אשראי_ואגח-מדיניות_תשפה_דצמבר_2024.xlsx,מוג מקור אשראי ואגח
520027251,,,520027251|מוג מקור אשראי ואגח|מסלול מקוצר,מוג מקור אשראי ואגח - מסלול מקוצר,2024,"סה""כ*",,100.0,100.0,1,,,אין מידע,,מוג מקור אשראי ואגח,2026-10-01T19:04:54.487Z,https://www.kranoth.org.il/wp-content/uploads/2024/12/%D7%9E%D7%95%D7%92_%D7%9E%D7%A7%D7%95%D7%A8-%D7%9E%D7%A1%D7%9C%D7%95%D7%9C_%D7%90%D7%A9%D7%A8%D7%90%D7%99_%D7%95%D7%90%D7%92%D7%97-%D7%9E%D7%93%D7%99%D7%A0%D7%99%D7%95%D7%AA_%D7%AA%D7%A9%D7%A4%D7%94_%D7%93%D7%A6%D7%9E%D7%91%D7%A8_2024.xlsx,policy/companies/520027251/raw/520027251/4068bc5e3698_מוג_מקור-מסלול_אשראי_ואגח-מדיניות_תשפה_דצמבר_2024.xlsx,מוג מקור אשראי ואגח
520027251,,,520027251|מוג מקור אשראי ואגח|מסלול מקוצר,מוג מקור אשראי ואגח - מסלול מקוצר,2024,"חשיפה למט""ח",fx,2.49,6.0,6% +/-,0.0,12.0,אין מידע,,מוג מקור אשראי ואגח,2026-10-01T19:04:54.487Z,https://www.kranoth.org.il/wp-content/uploads/2024/12/%D7%9E%D7%95%D7%92_%D7%9E%D7%A7%D7%95%D7%A8-%D7%9E%D7%A1%D7%9C%D7%95%D7%9C_%D7%90%D7%A9%D7%A8%D7%90%D7%99_%D7%95%D7%90%D7%92%D7%97-%D7%9E%D7%93%D7%99%D7%A0%D7%99%D7%95%D7%AA_%D7%AA%D7%A9%D7%A4%D7%94_%D7%93%D7%A6%D7%9E%D7%91%D7%A8_2024.xlsx,policy/companies/520027251/raw/520027251/4068bc5e3698_מוג_מקור-מסלול_אשראי_ואגח-מדיניות_תשפה_דצמבר_2024.xlsx,מוג מקור אשראי ואגח
520027251,,,520027251|מוג מקור|מסלול מקוצר,מוג מקור - מסלול מקוצר,2026,מניות סחירות,equity,49.73,47.0,6% +/-,41.0,53.0,"ת""א 125- 35% MSCI ALL COUNTRIES  -65% שקלי",,מוג מקור,2026-10-01T19:04:43.231Z,https://kranoth.org.il/wp-content/uploads/2026/09/%D7%9E%D7%93%D7%99%D7%A0%D7%99%D7%95%D7%AA_%D7%94%D7%A9%D7%A7%D7%A2%D7%95%D7%AA_%D7%A6%D7%A4%D7%95%D7%99%D7%94_%D7%AA%D7%A9%D7%A4%D7%96-%D7%9E%D7%95%D7%A8%D7%99%D7%9D_%D7%95%D7%92%D7%A0%D7%A0%D7%95%D7%AA_%D7%9E%D7%A7%D7%95%D7%A8-%D7%9E%D7%A1%D7%9C%D7%95%D7%9C_%D7%9B%D7%9C%D7%9C%D7%99.xlsx,policy/companies/520027251/raw/520027251/4238d0e71ea7_מדיניות_השקעות_צפויה_תשפז-מורים_וגננות_מקור-מסלול_כללי.xlsx,מוג מקור
520027251,,,520027251|מוג מקור|מסלול מקוצר,מוג מקור - מסלול מקוצר,2026,"אג""ח ממשלתי (שקלי, צמוד, משתנה, מט""ח, מק""מ)",,15.5,16.0,5% +/-,11.0,21.0,ממשלתי שקלי בריבית קבועה- 50%              us 10 year treasury 15% שקלי  ממשלתי צמוד 2-5 שנים- 35%,,מוג מקור,2026-10-01T19:04:43.231Z,https://kranoth.org.il/wp-content/uploads/2026/09/%D7%9E%D7%93%D7%99%D7%A0%D7%99%D7%95%D7%AA_%D7%94%D7%A9%D7%A7%D7%A2%D7%95%D7%AA_%D7%A6%D7%A4%D7%95%D7%99%D7%94_%D7%AA%D7%A9%D7%A4%D7%96-%D7%9E%D7%95%D7%A8%D7%99%D7%9D_%D7%95%D7%92%D7%A0%D7%A0%D7%95%D7%AA_%D7%9E%D7%A7%D7%95%D7%A8-%D7%9E%D7%A1%D7%9C%D7%95%D7%9C_%D7%9B%D7%9C%D7%9C%D7%99.xlsx,policy/companies/520027251/raw/520027251/4238d0e71ea7_מדיניות_השקעות_צפויה_תשפז-מורים_וגננות_מקור-מסלול_כללי.xlsx,מוג מקור
520027251,,,520027251|מוג מקור|מסלול מקוצר,מוג מקור - מסלול מקוצר,2026,"אג""ח קונצרני (כולל פקדונות ושטרי הון)***",,17.39,17.0,6% +/-,11.0,23.0,תל בונד 60 -60%        תל בונד שקלי 20%     Bloomberg us corporate 1  bond index 10  -20%  שקלי,,מוג מקור,2026-10-01T19:04:43.231Z,https://kranoth.org.il/wp-content/uploads/2026/09/%D7%9E%D7%93%D7%99%D7%A0%D7%99%D7%95%D7%AA_%D7%94%D7%A9%D7%A7%D7%A2%D7%95%D7%AA_%D7%A6%D7%A4%D7%95%D7%99%D7%94_%D7%AA%D7%A9%D7%A4%D7%96-%D7%9E%D7%95%D7%A8%D7%99%D7%9D_%D7%95%D7%92%D7%A0%D7%A0%D7%95%D7%AA_%D7%9E%D7%A7%D7%95%D7%A8-%D7%9E%D7%A1%D7%9C%D7%95%D7%9C_%D7%9B%D7%9C%D7%9C%D7%99.xlsx,policy/companies/520027251/raw/520027251/4238d0e71ea7_מדיניות_השקעות_צפויה_תשפז-מורים_וגננות_מקור-מסלול_כללי.xlsx,מוג מקור
520027251,,,520027251|מוג מקור|מסלול מקוצר,מוג מקור - מסלול מקוצר,2026,"אחר (קרנות הון סיכון, קרנות השקעה, קרנות גידור, הלוואות לעמיתים שקליות' השקעות ראיליות, מניות לא סחירות)",,17.67,18.0,5% +/-,13.0,23.0,"Barclays Global Aggregate Corporate Bond Index- 11% ,  msci-ac - 35% , S&P Global Infrastructure Index - 43%, MSCI World Real Estate Index - 11% שקליים",,מוג מקור,2026-10-01T19:04:43.231Z,https://kranoth.org.il/wp-content/uploads/2026/09/%D7%9E%D7%93%D7%99%D7%A0%D7%99%D7%95%D7%AA_%D7%94%D7%A9%D7%A7%D7%A2%D7%95%D7%AA_%D7%A6%D7%A4%D7%95%D7%99%D7%94_%D7%AA%D7%A9%D7%A4%D7%96-%D7%9E%D7%95%D7%A8%D7%99%D7%9D_%D7%95%D7%92%D7%A0%D7%A0%D7%95%D7%AA_%D7%9E%D7%A7%D7%95%D7%A8-%D7%9E%D7%A1%D7%9C%D7%95%D7%9C_%D7%9B%D7%9C%D7%9C%D7%99.xlsx,policy/companies/520027251/raw/520027251/4238d0e71ea7_מדיניות_השקעות_צפויה_תשפז-מורים_וגננות_מקור-מסלול_כללי.xlsx,מוג מקור
520027251,,,520027251|מוג מקור|מסלול מקוצר,מוג מקור - מסלול מקוצר,2026,"עו""ש (כולל פר""י, פק""מ שבועי, עו""ש מט""ח)**",,3.52,5.0,5% +/-,0.0,10.0,"מדד מק""מ",,מוג מקור,2026-10-01T19:04:43.231Z,https://kranoth.org.il/wp-content/uploads/2026/09/%D7%9E%D7%93%D7%99%D7%A0%D7%99%D7%95%D7%AA_%D7%94%D7%A9%D7%A7%D7%A2%D7%95%D7%AA_%D7%A6%D7%A4%D7%95%D7%99%D7%94_%D7%AA%D7%A9%D7%A4%D7%96-%D7%9E%D7%95%D7%A8%D7%99%D7%9D_%D7%95%D7%92%D7%A0%D7%A0%D7%95%D7%AA_%D7%9E%D7%A7%D7%95%D7%A8-%D7%9E%D7%A1%D7%9C%D7%95%D7%9C_%D7%9B%D7%9C%D7%9C%D7%99.xlsx,policy/companies/520027251/raw/520027251/4238d0e71ea7_מדיניות_השקעות_צפויה_תשפז-מורים_וגננות_מקור-מסלול_כללי.xlsx,מוג מקור
520027251,,,520027251|מוג מקור|מסלול מקוצר,מוג מקור - מסלול מקוצר,2026,"סה""כ*",,103.81,103.0,1.04,,,אין מידע,,מוג מקור,2026-10-01T19:04:43.231Z,https://kranoth.org.il/wp-content/uploads/2026/09/%D7%9E%D7%93%D7%99%D7%A0%D7%99%D7%95%D7%AA_%D7%94%D7%A9%D7%A7%D7%A2%D7%95%D7%AA_%D7%A6%D7%A4%D7%95%D7%99%D7%94_%D7%AA%D7%A9%D7%A4%D7%96-%D7%9E%D7%95%D7%A8%D7%99%D7%9D_%D7%95%D7%92%D7%A0%D7%A0%D7%95%D7%AA_%D7%9E%D7%A7%D7%95%D7%A8-%D7%9E%D7%A1%D7%9C%D7%95%D7%9C_%D7%9B%D7%9C%D7%9C%D7%99.xlsx,policy/companies/520027251/raw/520027251/4238d0e71ea7_מדיניות_השקעות_צפויה_תשפז-מורים_וגננות_מקור-מסלול_כללי.xlsx,מוג מקור
520027251,,,520027251|מוג מקור|מסלול מקוצר,מוג מקור - מסלול מקוצר,2026,"חשיפה למט""ח",fx,20.23,19.0,6% +/-,13.0,25.0,אין מידע,,מוג מקור,2026-10-01T19:04:43.231Z,https://kranoth.org.il/wp-content/uploads/2026/09/%D7%9E%D7%93%D7%99%D7%A0%D7%99%D7%95%D7%AA_%D7%94%D7%A9%D7%A7%D7%A2%D7%95%D7%AA_%D7%A6%D7%A4%D7%95%D7%99%D7%94_%D7%AA%D7%A9%D7%A4%D7%96-%D7%9E%D7%95%D7%A8%D7%99%D7%9D_%D7%95%D7%92%D7%A0%D7%A0%D7%95%D7%AA_%D7%9E%D7%A7%D7%95%D7%A8-%D7%9E%D7%A1%D7%9C%D7%95%D7%9C_%D7%9B%D7%9C%D7%9C%D7%99.xlsx,policy/companies/520027251/raw/520027251/4238d0e71ea7_מדיניות_השקעות_צפויה_תשפז-מורים_וגננות_מקור-מסלול_כללי.xlsx,מוג מקור
520027251,,,520027251|מוג מקור|מסלול מקוצר,מוג מקור - מסלול מקוצר,2026,"מגבלת עמלת ניהול חיצוני לשנת תשפ""ז",,,0.3,אין מידע,,,אין מידע,,מוג מקור,2026-10-01T19:04:43.231Z,https://kranoth.org.il/wp-content/uploads/2026/09/%D7%9E%D7%93%D7%99%D7%A0%D7%99%D7%95%D7%AA_%D7%94%D7%A9%D7%A7%D7%A2%D7%95%D7%AA_%D7%A6%D7%A4%D7%95%D7%99%D7%94_%D7%AA%D7%A9%D7%A4%D7%96-%D7%9E%D7%95%D7%A8%D7%99%D7%9D_%D7%95%D7%92%D7%A0%D7%A0%D7%95%D7%AA_%D7%9E%D7%A7%D7%95%D7%A8-%D7%9E%D7%A1%D7%9C%D7%95%D7%9C_%D7%9B%D7%9C%D7%9C%D7%99.xlsx,policy/companies/520027251/raw/520027251/4238d0e71ea7_מדיניות_השקעות_צפויה_תשפז-מורים_וגננות_מקור-מסלול_כללי.xlsx,מוג מקור
520027251,,,520027251|מוג מקור אשראי ואגח|מסלול מקוצר,מוג מקור אשראי ואגח - מסלול מקוצר,2026,מניות,equity,0.0,0.0,0,0.0,6.0,אין מידע,,מוג מקור אשראי ואגח,2026-10-01T19:04:53.540Z,https://kranoth.org.il/wp-content/uploads/2026/09/%D7%9E%D7%93%D7%99%D7%A0%D7%99%D7%95%D7%AA_%D7%94%D7%A9%D7%A7%D7%A2%D7%95%D7%AA_%D7%A6%D7%A4%D7%95%D7%99%D7%94_%D7%AA%D7%A9%D7%A4%D7%96-%D7%9E%D7%95%D7%A8%D7%99%D7%9D_%D7%95%D7%92%D7%A0%D7%A0%D7%95%D7%AA_%D7%9E%D7%A7%D7%95%D7%A8-%D7%9E%D7%A1%D7%9C%D7%95%D7%9C_%D7%90%D7%A9%D7%A8%D7%90%D7%99_%D7%95%D7%90%D7%92%D7%97.xlsx,policy/companies/520027251/raw/520027251/42540a9e130d_מדיניות_השקעות_צפויה_תשפז-מורים_וגננות_מקור-מסלול_אשראי_ואגח.xlsx,מוג מקור אשראי ואגח
520027251,,,520027251|מוג מקור אשראי ואגח|מסלול מקוצר,מוג מקור אשראי ואגח - מסלול מקוצר,2026,"אג""ח ממשלתי (שקלי, צמוד, משתנה, מט""ח, מק""מ)",,57.18,55.0,5% +/-,50.0,60.0,ממשלתי שקלי בריבית קבועה- 65% ממשלתי צמוד 2-5 שנים- 35%,,מוג מקור אשראי ואגח,2026-10-01T19:04:53.540Z,https://kranoth.org.il/wp-content/uploads/2026/09/%D7%9E%D7%93%D7%99%D7%A0%D7%99%D7%95%D7%AA_%D7%94%D7%A9%D7%A7%D7%A2%D7%95%D7%AA_%D7%A6%D7%A4%D7%95%D7%99%D7%94_%D7%AA%D7%A9%D7%A4%D7%96-%D7%9E%D7%95%D7%A8%D7%99%D7%9D_%D7%95%D7%92%D7%A0%D7%A0%D7%95%D7%AA_%D7%9E%D7%A7%D7%95%D7%A8-%D7%9E%D7%A1%D7%9C%D7%95%D7%9C_%D7%90%D7%A9%D7%A8%D7%90%D7%99_%D7%95%D7%90%D7%92%D7%97.xlsx,policy/companies/520027251/raw/520027251/42540a9e130d_מדיניות_השקעות_צפויה_תשפז-מורים_וגננות_מקור-מסלול_אשראי_ואגח.xlsx,מוג מקור אשראי ואגח
520027251,,,520027251|מוג מקור אשראי ואגח|מסלול מקוצר,מוג מקור אשראי ואגח - מסלול מקוצר,2026,"אג""ח קונצרני (כולל פקדונות ושטרי הון)***",,35.89,40.0,6% +/-,34.0,46.0,תל בונד 60 -60%        תל בונד שקלי 20%     Bloomberg us corporate 1  bond index 10  -20%  שקלי,,מוג מקור אשראי ואגח,2026-10-01T19:04:53.540Z,https://kranoth.org.il/wp-content/uploads/2026/09/%D7%9E%D7%93%D7%99%D7%A0%D7%99%D7%95%D7%AA_%D7%94%D7%A9%D7%A7%D7%A2%D7%95%D7%AA_%D7%A6%D7%A4%D7%95%D7%99%D7%94_%D7%AA%D7%A9%D7%A4%D7%96-%D7%9E%D7%95%D7%A8%D7%99%D7%9D_%D7%95%D7%92%D7%A0%D7%A0%D7%95%D7%AA_%D7%9E%D7%A7%D7%95%D7%A8-%D7%9E%D7%A1%D7%9C%D7%95%D7%9C_%D7%90%D7%A9%D7%A8%D7%90%D7%99_%D7%95%D7%90%D7%92%D7%97.xlsx,policy/companies/520027251/raw/520027251/42540a9e130d_מדיניות_השקעות_צפויה_תשפז-מורים_וגננות_מקור-מסלול_אשראי_ואגח.xlsx,מוג מקור אשראי ואגח
520027251,,,520027251|מוג מקור אשראי ואגח|מסלול מקוצר,מוג מקור אשראי ואגח - מסלול מקוצר,2026,"אחר (קרנות הון סיכון, קרנות השקעה, קרנות גידור, הלוואות לעמיתים שקליות' השקעות ראיליות, מניות לא סחירות)",,0.0,0.0,0,0.0,5.0,אין מידע,,מוג מקור אשראי ואגח,2026-10-01T19:04:53.540Z,https://kranoth.org.il/wp-content/uploads/2026/09/%D7%9E%D7%93%D7%99%D7%A0%D7%99%D7%95%D7%AA_%D7%94%D7%A9%D7%A7%D7%A2%D7%95%D7%AA_%D7%A6%D7%A4%D7%95%D7%99%D7%94_%D7%AA%D7%A9%D7%A4%D7%96-%D7%9E%D7%95%D7%A8%D7%99%D7%9D_%D7%95%D7%92%D7%A0%D7%A0%D7%95%D7%AA_%D7%9E%D7%A7%D7%95%D7%A8-%D7%9E%D7%A1%D7%9C%D7%95%D7%9C_%D7%90%D7%A9%D7%A8%D7%90%D7%99_%D7%95%D7%90%D7%92%D7%97.xlsx,policy/companies/520027251/raw/520027251/42540a9e130d_מדיניות_השקעות_צפויה_תשפז-מורים_וגננות_מקור-מסלול_אשראי_ואגח.xlsx,מוג מקור אשראי ואגח
520027251,,,520027251|מוג מקור אשראי ואגח|מסלול מקוצר,מוג מקור אשראי ואגח - מסלול מקוצר,2026,"עו""ש (כולל פר""י, פק""מ שבועי, עו""ש מט""ח)**",,6.94,5.0,5% +/-,0.0,10.0,"מדד מק""מ",,מוג מקור אשראי ואגח,2026-10-01T19:04:53.540Z,https://kranoth.org.il/wp-content/uploads/2026/09/%D7%9E%D7%93%D7%99%D7%A0%D7%99%D7%95%D7%AA_%D7%94%D7%A9%D7%A7%D7%A2%D7%95%D7%AA_%D7%A6%D7%A4%D7%95%D7%99%D7%94_%D7%AA%D7%A9%D7%A4%D7%96-%D7%9E%D7%95%D7%A8%D7%99%D7%9D_%D7%95%D7%92%D7%A0%D7%A0%D7%95%D7%AA_%D7%9E%D7%A7%D7%95%D7%A8-%D7%9E%D7%A1%D7%9C%D7%95%D7%9C_%D7%90%D7%A9%D7%A8%D7%90%D7%99_%D7%95%D7%90%D7%92%D7%97.xlsx,policy/companies/520027251/raw/520027251/42540a9e130d_מדיניות_השקעות_צפויה_תשפז-מורים_וגננות_מקור-מסלול_אשראי_ואגח.xlsx,מוג מקור אשראי ואגח
520027251,,,520027251|מוג מקור אשראי ואגח|מסלול מקוצר,מוג מקור אשראי ואגח - מסלול מקוצר,2026,"סה""כ*",,100.01,100.0,,,,אין מידע,,מוג מקור אשראי ואגח,2026-10-01T19:04:53.540Z,https://kranoth.org.il/wp-content/uploads/2026/09/%D7%9E%D7%93%D7%99%D7%A0%D7%99%D7%95%D7%AA_%D7%94%D7%A9%D7%A7%D7%A2%D7%95%D7%AA_%D7%A6%D7%A4%D7%95%D7%99%D7%94_%D7%AA%D7%A9%D7%A4%D7%96-%D7%9E%D7%95%D7%A8%D7%99%D7%9D_%D7%95%D7%92%D7%A0%D7%A0%D7%95%D7%AA_%D7%9E%D7%A7%D7%95%D7%A8-%D7%9E%D7%A1%D7%9C%D7%95%D7%9C_%D7%90%D7%A9%D7%A8%D7%90%D7%99_%D7%95%D7%90%D7%92%D7%97.xlsx,policy/companies/520027251/raw/520027251/42540a9e130d_מדיניות_השקעות_צפויה_תשפז-מורים_וגננות_מקור-מסלול_אשראי_ואגח.xlsx,מוג מקור אשראי ואגח
520027251,,,520027251|מוג מקור אשראי ואגח|מסלול מקוצר,מוג מקור אשראי ואגח - מסלול מקוצר,2026,"חשיפה למט""ח",fx,2.49,6.0,6% +/-,0.0,12.0,אין מידע,,מוג מקור אשראי ואגח,2026-10-01T19:04:53.540Z,https://kranoth.org.il/wp-content/uploads/2026/09/%D7%9E%D7%93%D7%99%D7%A0%D7%99%D7%95%D7%AA_%D7%94%D7%A9%D7%A7%D7%A2%D7%95%D7%AA_%D7%A6%D7%A4%D7%95%D7%99%D7%94_%D7%AA%D7%A9%D7%A4%D7%96-%D7%9E%D7%95%D7%A8%D7%99%D7%9D_%D7%95%D7%92%D7%A0%D7%A0%D7%95%D7%AA_%D7%9E%D7%A7%D7%95%D7%A8-%D7%9E%D7%A1%D7%9C%D7%95%D7%9C_%D7%90%D7%A9%D7%A8%D7%90%D7%99_%D7%95%D7%90%D7%92%D7%97.xlsx,policy/companies/520027251/raw/520027251/42540a9e130d_מדיניות_השקעות_צפויה_תשפז-מורים_וגננות_מקור-מסלול_אשראי_ואגח.xlsx,מוג מקור אשראי ואגח
520027251,,,520027251|מוג מקור אשראי ואגח|מסלול מקוצר,מוג מקור אשראי ואגח - מסלול מקוצר,2026,"מגבלת עמלת ניהול חיצוני לשנת תשפ""ז",,,0.05,אין מידע,,,אין מידע,,מוג מקור אשראי ואגח,2026-10-01T19:04:53.540Z,https://kranoth.org.il/wp-content/uploads/2026/09/%D7%9E%D7%93%D7%99%D7%A0%D7%99%D7%95%D7%AA_%D7%94%D7%A9%D7%A7%D7%A2%D7%95%D7%AA_%D7%A6%D7%A4%D7%95%D7%99%D7%94_%D7%AA%D7%A9%D7%A4%D7%96-%D7%9E%D7%95%D7%A8%D7%99%D7%9D_%D7%95%D7%92%D7%A0%D7%A0%D7%95%D7%AA_%D7%9E%D7%A7%D7%95%D7%A8-%D7%9E%D7%A1%D7%9C%D7%95%D7%9C_%D7%90%D7%A9%D7%A8%D7%90%D7%99_%D7%95%D7%90%D7%92%D7%97.xlsx,policy/companies/520027251/raw/520027251/42540a9e130d_מדיניות_השקעות_צפויה_תשפז-מורים_וגננות_מקור-מסלול_אשראי_ואגח.xlsx,מוג מקור אשראי ואגח
520027251,,,520027251|מוג מקור הלכתי|מסלול מקוצר,מוג מקור הלכתי - מסלול מקוצר,2026,מניות,equity,47.17,46.0,6% +/-,40.0,52.0,"ת""א 125- 30% MSCI ALL COUNTRIES  -70% שקלי",,מוג מקור הלכתי,2026-10-01T19:04:48.971Z,https://www.kranoth.org.il/wp-content/uploads/2026/06/%D7%9E%D7%95%D7%92_%D7%9E%D7%A7%D7%95%D7%A8_%D7%94%D7%9C%D7%9B%D7%94-%D7%9E%D7%93%D7%99%D7%A0%D7%99%D7%95%D7%AA_%D7%94%D7%A9%D7%A7%D7%A2%D7%95%D7%AA_%D7%9E%D7%A8%D7%A5_2026.xlsx,policy/companies/520027251/raw/520027251/5924778a20d2_מוג_מקור_הלכה-מדיניות_השקעות_מרץ_2026.xlsx,מוג מקור הלכתי
520027251,,,520027251|מוג מקור הלכתי|מסלול מקוצר,מוג מקור הלכתי - מסלול מקוצר,2026,"אג""ח ממשלתי (שקלי, צמוד, משתנה, מט""ח, מק""מ)",,24.94,25.0,5% +/-,20.0,30.0,ממשלתי שקלי בריבית קבועה- 65% ממשלתי צמוד 2-5 שנים- 35%,,מוג מקור הלכתי,2026-10-01T19:04:48.971Z,https://www.kranoth.org.il/wp-content/uploads/2026/06/%D7%9E%D7%95%D7%92_%D7%9E%D7%A7%D7%95%D7%A8_%D7%94%D7%9C%D7%9B%D7%94-%D7%9E%D7%93%D7%99%D7%A0%D7%99%D7%95%D7%AA_%D7%94%D7%A9%D7%A7%D7%A2%D7%95%D7%AA_%D7%9E%D7%A8%D7%A5_2026.xlsx,policy/companies/520027251/raw/520027251/5924778a20d2_מוג_מקור_הלכה-מדיניות_השקעות_מרץ_2026.xlsx,מוג מקור הלכתי
520027251,,,520027251|מוג מקור הלכתי|מסלול מקוצר,מוג מקור הלכתי - מסלול מקוצר,2026,"אג""ח קונצרני (כולל פקדונות ושטרי הון)***",,21.9,24.0,6% +/-,18.0,30.0,תל בונד 60 -60%        תל בונד שקלי 20%     Bloomberg us corporate 1  bond index 10  -20%  שקלי,,מוג מקור הלכתי,2026-10-01T19:04:48.971Z,https://www.kranoth.org.il/wp-content/uploads/2026/06/%D7%9E%D7%95%D7%92_%D7%9E%D7%A7%D7%95%D7%A8_%D7%94%D7%9C%D7%9B%D7%94-%D7%9E%D7%93%D7%99%D7%A0%D7%99%D7%95%D7%AA_%D7%94%D7%A9%D7%A7%D7%A2%D7%95%D7%AA_%D7%9E%D7%A8%D7%A5_2026.xlsx,policy/companies/520027251/raw/520027251/5924778a20d2_מוג_מקור_הלכה-מדיניות_השקעות_מרץ_2026.xlsx,מוג מקור הלכתי
520027251,,,520027251|מוג מקור הלכתי|מסלול מקוצר,מוג מקור הלכתי - מסלול מקוצר,2026,"אחר (קרנות הון סיכון, קרנות השקעה, קרנות גידור, הלוואות לעמיתים שקליות' השקעות ראיליות, מניות לא סחירות)",,0.24,3.0,5% +/-,0.0,8.0,"Barclays Global Aggregate Corporate Bond Index- 11% ,  msci-ac - 34% , S&P Global Infrastructure Index - 43%, MSCI World Real Estate Index - 11% שקליים",,מוג מקור הלכתי,2026-10-01T19:04:48.971Z,https://www.kranoth.org.il/wp-content/uploads/2026/06/%D7%9E%D7%95%D7%92_%D7%9E%D7%A7%D7%95%D7%A8_%D7%94%D7%9C%D7%9B%D7%94-%D7%9E%D7%93%D7%99%D7%A0%D7%99%D7%95%D7%AA_%D7%94%D7%A9%D7%A7%D7%A2%D7%95%D7%AA_%D7%9E%D7%A8%D7%A5_2026.xlsx,policy/companies/520027251/raw/520027251/5924778a20d2_מוג_מקור_הלכה-מדיניות_השקעות_מרץ_2026.xlsx,מוג מקור הלכתי
520027251,,,520027251|מוג מקור הלכתי|מסלול מקוצר,מוג מקור הלכתי - מסלול מקוצר,2026,"עו""ש (כולל פר""י, פק""מ שבועי, עו""ש מט""ח)**",,5.41,5.0,5% +/-,0.0,10.0,"מדד מק""מ",,מוג מקור הלכתי,2026-10-01T19:04:48.971Z,https://www.kranoth.org.il/wp-content/uploads/2026/06/%D7%9E%D7%95%D7%92_%D7%9E%D7%A7%D7%95%D7%A8_%D7%94%D7%9C%D7%9B%D7%94-%D7%9E%D7%93%D7%99%D7%A0%D7%99%D7%95%D7%AA_%D7%94%D7%A9%D7%A7%D7%A2%D7%95%D7%AA_%D7%9E%D7%A8%D7%A5_2026.xlsx,policy/companies/520027251/raw/520027251/5924778a20d2_מוג_מקור_הלכה-מדיניות_השקעות_מרץ_2026.xlsx,מוג מקור הלכתי
520027251,,,520027251|מוג מקור הלכתי|מסלול מקוצר,מוג מקור הלכתי - מסלול מקוצר,2026,"סה""כ*",,99.66,103.0,אין מידע,,,אין מידע,,מוג מקור הלכתי,2026-10-01T19:04:48.971Z,https://www.kranoth.org.il/wp-content/uploads/2026/06/%D7%9E%D7%95%D7%92_%D7%9E%D7%A7%D7%95%D7%A8_%D7%94%D7%9C%D7%9B%D7%94-%D7%9E%D7%93%D7%99%D7%A0%D7%99%D7%95%D7%AA_%D7%94%D7%A9%D7%A7%D7%A2%D7%95%D7%AA_%D7%9E%D7%A8%D7%A5_2026.xlsx,policy/companies/520027251/raw/520027251/5924778a20d2_מוג_מקור_הלכה-מדיניות_השקעות_מרץ_2026.xlsx,מוג מקור הלכתי
520027251,,,520027251|מוג מקור הלכתי|מסלול מקוצר,מוג מקור הלכתי - מסלול מקוצר,2026,"חשיפה למט""ח",fx,18.6,19.0,6% +/-,13.0,25.0,אין מידע,,מוג מקור הלכתי,2026-10-01T19:04:48.971Z,https://www.kranoth.org.il/wp-content/uploads/2026/06/%D7%9E%D7%95%D7%92_%D7%9E%D7%A7%D7%95%D7%A8_%D7%94%D7%9C%D7%9B%D7%94-%D7%9E%D7%93%D7%99%D7%A0%D7%99%D7%95%D7%AA_%D7%94%D7%A9%D7%A7%D7%A2%D7%95%D7%AA_%D7%9E%D7%A8%D7%A5_2026.xlsx,policy/companies/520027251/raw/520027251/5924778a20d2_מוג_מקור_הלכה-מדיניות_השקעות_מרץ_2026.xlsx,מוג מקור הלכתי
520027251,,,520027251|מוג מקור הלכתי|מסלול מקוצר,מוג מקור הלכתי - מסלול מקוצר,2026,"מגבלת עמלת ניהול חיצוני לשנת תשפ""ו",,,0.15,,,,אין מידע,,מוג מקור הלכתי,2026-10-01T19:04:48.971Z,https://www.kranoth.org.il/wp-content/uploads/2026/06/%D7%9E%D7%95%D7%92_%D7%9E%D7%A7%D7%95%D7%A8_%D7%94%D7%9C%D7%9B%D7%94-%D7%9E%D7%93%D7%99%D7%A0%D7%99%D7%95%D7%AA_%D7%94%D7%A9%D7%A7%D7%A2%D7%95%D7%AA_%D7%9E%D7%A8%D7%A5_2026.xlsx,policy/companies/520027251/raw/520027251/5924778a20d2_מוג_מקור_הלכה-מדיניות_השקעות_מרץ_2026.xlsx,מוג מקור הלכתי
520027251,,,520027251|מוג הלכתי|מסלול רגיל,מוג הלכתי - מסלול רגיל,2024,מניות,equity,46.8,46.0,6% +/-,40.0,52.0,"ת""א 125- 25% MSCI ALL COUNTRIES  -75% שקלי",,מוג הלכתי,2026-10-01T19:04:25.399Z,https://www.kranoth.org.il/wp-content/uploads/2024/11/%D7%9E%D7%95%D7%A8%D7%99%D7%9D_%D7%95%D7%92%D7%A0%D7%A0%D7%95%D7%AA_%D7%A8%D7%92%D7%99%D7%9C%D7%94_%D7%9E%D7%A1%D7%9C%D7%95%D7%9C_%D7%94%D7%9C%D7%9B%D7%94_%D7%9E%D7%93%D7%99%D7%A0%D7%99%D7%95%D7%AA_%D7%94%D7%A9%D7%A7%D7%A2%D7%95%D7%AA_%D7%AA%D7%A9%D7%A4%D7%94-1.xlsx,policy/companies/520027251/raw/520027251/5c5ed4b10ae4_מורים_וגננות_רגילה_מסלול_הלכה_מדיניות_השקעות_תשפה-1.xlsx,מוג הלכתי
520027251,,,520027251|מוג הלכתי|מסלול רגיל,מוג הלכתי - מסלול רגיל,2024,"אג""ח ממשלתי (שקלי, צמוד, משתנה, מט""ח, מק""מ)",,24.62,25.0,5% +/-,20.0,30.0,ממשלתי שקלי בריבית קבועה- 65% ממשלתי צמוד 2-5 שנים- 35%,,מוג הלכתי,2026-10-01T19:04:25.399Z,https://www.kranoth.org.il/wp-content/uploads/2024/11/%D7%9E%D7%95%D7%A8%D7%99%D7%9D_%D7%95%D7%92%D7%A0%D7%A0%D7%95%D7%AA_%D7%A8%D7%92%D7%99%D7%9C%D7%94_%D7%9E%D7%A1%D7%9C%D7%95%D7%9C_%D7%94%D7%9C%D7%9B%D7%94_%D7%9E%D7%93%D7%99%D7%A0%D7%99%D7%95%D7%AA_%D7%94%D7%A9%D7%A7%D7%A2%D7%95%D7%AA_%D7%AA%D7%A9%D7%A4%D7%94-1.xlsx,policy/companies/520027251/raw/520027251/5c5ed4b10ae4_מורים_וגננות_רגילה_מסלול_הלכה_מדיניות_השקעות_תשפה-1.xlsx,מוג הלכתי
520027251,,,520027251|מוג הלכתי|מסלול רגיל,מוג הלכתי - מסלול רגיל,2024,"אג""ח קונצרני (כולל פקדונות ושטרי הון)***",,20.21,24.0,6% +/-,18.0,30.0,תל בונד 60 -60%        תל בונד שקלי 20%     Bloomberg us corporate 1  bond index 10  -20%  שקלי,,מוג הלכתי,2026-10-01T19:04:25.399Z,https://www.kranoth.org.il/wp-content/uploads/2024/11/%D7%9E%D7%95%D7%A8%D7%99%D7%9D_%D7%95%D7%92%D7%A0%D7%A0%D7%95%D7%AA_%D7%A8%D7%92%D7%99%D7%9C%D7%94_%D7%9E%D7%A1%D7%9C%D7%95%D7%9C_%D7%94%D7%9C%D7%9B%D7%94_%D7%9E%D7%93%D7%99%D7%A0%D7%99%D7%95%D7%AA_%D7%94%D7%A9%D7%A7%D7%A2%D7%95%D7%AA_%D7%AA%D7%A9%D7%A4%D7%94-1.xlsx,policy/companies/520027251/raw/520027251/5c5ed4b10ae4_מורים_וגננות_רגילה_מסלול_הלכה_מדיניות_השקעות_תשפה-1.xlsx,מוג הלכתי
520027251,,,520027251|מוג הלכתי|מסלול רגיל,מוג הלכתי - מסלול רגיל,2024,"אחר (קרנות הון סיכון, קרנות השקעה, קרנות גידור, הלוואות לעמיתים שקליות' השקעות ראיליות, מניות לא סחירות)",,0.49,3.0,5% +/-,0.0,8.0,אין מידע,,מוג הלכתי,2026-10-01T19:04:25.399Z,https://www.kranoth.org.il/wp-content/uploads/2024/11/%D7%9E%D7%95%D7%A8%D7%99%D7%9D_%D7%95%D7%92%D7%A0%D7%A0%D7%95%D7%AA_%D7%A8%D7%92%D7%99%D7%9C%D7%94_%D7%9E%D7%A1%D7%9C%D7%95%D7%9C_%D7%94%D7%9C%D7%9B%D7%94_%D7%9E%D7%93%D7%99%D7%A0%D7%99%D7%95%D7%AA_%D7%94%D7%A9%D7%A7%D7%A2%D7%95%D7%AA_%D7%AA%D7%A9%D7%A4%D7%94-1.xlsx,policy/companies/520027251/raw/520027251/5c5ed4b10ae4_מורים_וגננות_רגילה_מסלול_הלכה_מדיניות_השקעות_תשפה-1.xlsx,מוג הלכתי
520027251,,,520027251|מוג הלכתי|מסלול רגיל,מוג הלכתי - מסלול רגיל,2024,"עו""ש (כולל פר""י, פק""מ שבועי, עו""ש מט""ח)**",,7.62,5.0,5% +/-,0.0,10.0,"מדד מק""מ",,מוג הלכתי,2026-10-01T19:04:25.399Z,https://www.kranoth.org.il/wp-content/uploads/2024/11/%D7%9E%D7%95%D7%A8%D7%99%D7%9D_%D7%95%D7%92%D7%A0%D7%A0%D7%95%D7%AA_%D7%A8%D7%92%D7%99%D7%9C%D7%94_%D7%9E%D7%A1%D7%9C%D7%95%D7%9C_%D7%94%D7%9C%D7%9B%D7%94_%D7%9E%D7%93%D7%99%D7%A0%D7%99%D7%95%D7%AA_%D7%94%D7%A9%D7%A7%D7%A2%D7%95%D7%AA_%D7%AA%D7%A9%D7%A4%D7%94-1.xlsx,policy/companies/520027251/raw/520027251/5c5ed4b10ae4_מורים_וגננות_רגילה_מסלול_הלכה_מדיניות_השקעות_תשפה-1.xlsx,מוג הלכתי
520027251,,,520027251|מוג הלכתי|מסלול רגיל,מוג הלכתי - מסלול רגיל,2024,"סה""כ*",,99.74,103.0,אין מידע,,,אין מידע,,מוג הלכתי,2026-10-01T19:04:25.399Z,https://www.kranoth.org.il/wp-content/uploads/2024/11/%D7%9E%D7%95%D7%A8%D7%99%D7%9D_%D7%95%D7%92%D7%A0%D7%A0%D7%95%D7%AA_%D7%A8%D7%92%D7%99%D7%9C%D7%94_%D7%9E%D7%A1%D7%9C%D7%95%D7%9C_%D7%94%D7%9C%D7%9B%D7%94_%D7%9E%D7%93%D7%99%D7%A0%D7%99%D7%95%D7%AA_%D7%94%D7%A9%D7%A7%D7%A2%D7%95%D7%AA_%D7%AA%D7%A9%D7%A4%D7%94-1.xlsx,policy/companies/520027251/raw/520027251/5c5ed4b10ae4_מורים_וגננות_רגילה_מסלול_הלכה_מדיניות_השקעות_תשפה-1.xlsx,מוג הלכתי
520027251,,,520027251|מוג הלכתי|מסלול רגיל,מוג הלכתי - מסלול רגיל,2024,"חשיפה למט""ח",fx,22.96,21.0,6% +/-,15.0,27.0,אין מידע,,מוג הלכתי,2026-10-01T19:04:25.399Z,https://www.kranoth.org.il/wp-content/uploads/2024/11/%D7%9E%D7%95%D7%A8%D7%99%D7%9D_%D7%95%D7%92%D7%A0%D7%A0%D7%95%D7%AA_%D7%A8%D7%92%D7%99%D7%9C%D7%94_%D7%9E%D7%A1%D7%9C%D7%95%D7%9C_%D7%94%D7%9C%D7%9B%D7%94_%D7%9E%D7%93%D7%99%D7%A0%D7%99%D7%95%D7%AA_%D7%94%D7%A9%D7%A7%D7%A2%D7%95%D7%AA_%D7%AA%D7%A9%D7%A4%D7%94-1.xlsx,policy/companies/520027251/raw/520027251/5c5ed4b10ae4_מורים_וגננות_רגילה_מסלול_הלכה_מדיניות_השקעות_תשפה-1.xlsx,מוג הלכתי
520027251,,,520027251|מוג הלכתי|מסלול רגיל,מוג הלכתי - מסלול רגיל,2024,"מגבלת עמלת ניהול חיצוני לשנת תשפ""ה",,,0.15,אין מידע,,,אין מידע,,מוג הלכתי,2026-10-01T19:04:25.399Z,https://www.kranoth.org.il/wp-content/uploads/2024/11/%D7%9E%D7%95%D7%A8%D7%99%D7%9D_%D7%95%D7%92%D7%A0%D7%A0%D7%95%D7%AA_%D7%A8%D7%92%D7%99%D7%9C%D7%94_%D7%9E%D7%A1%D7%9C%D7%95%D7%9C_%D7%94%D7%9C%D7%9B%D7%94_%D7%9E%D7%93%D7%99%D7%A0%D7%99%D7%95%D7%AA_%D7%94%D7%A9%D7%A7%D7%A2%D7%95%D7%AA_%D7%AA%D7%A9%D7%A4%D7%94-1.xlsx,policy/companies/520027251/raw/520027251/5c5ed4b10ae4_מורים_וגננות_רגילה_מסלול_הלכה_מדיניות_השקעות_תשפה-1.xlsx,מוג הלכתי
520027251,,,520027251|מוג הלכתי|מסלול רגיל,מוג הלכתי - מסלול רגיל,2026,מניות,equity,49.28,47.0,6% +/-,41.0,53.0,"ת""א 125- 35% MSCI ALL COUNTRIES  -65% שקלי",,מוג הלכתי,2026-10-01T19:04:23.662Z,https://kranoth.org.il/wp-content/uploads/2026/09/%D7%9E%D7%93%D7%99%D7%A0%D7%99%D7%95%D7%AA_%D7%94%D7%A9%D7%A7%D7%A2%D7%95%D7%AA_%D7%A6%D7%A4%D7%95%D7%99%D7%94_%D7%AA%D7%A9%D7%A4%D7%96-%D7%9E%D7%95%D7%A8%D7%99%D7%9D_%D7%95%D7%92%D7%A0%D7%A0%D7%95%D7%AA_%D7%9E%D7%A1%D7%9C%D7%95%D7%9C_%D7%94%D7%9C%D7%9B%D7%94.xlsx,policy/companies/520027251/raw/520027251/62b26b5c30da_מדיניות_השקעות_צפויה_תשפז-מורים_וגננות_מסלול_הלכה.xlsx,מוג הלכתי
520027251,,,520027251|מוג הלכתי|מסלול רגיל,מוג הלכתי - מסלול רגיל,2026,"אג""ח ממשלתי (שקלי, צמוד, משתנה, מט""ח, מק""מ)",,23.64,26.0,5% +/-,21.0,31.0,ממשלתי שקלי בריבית קבועה- 55%              us 10 year treasury 10% שקלי  ממשלתי צמוד 2-5 שנים- 35%,,מוג הלכתי,2026-10-01T19:04:23.662Z,https://kranoth.org.il/wp-content/uploads/2026/09/%D7%9E%D7%93%D7%99%D7%A0%D7%99%D7%95%D7%AA_%D7%94%D7%A9%D7%A7%D7%A2%D7%95%D7%AA_%D7%A6%D7%A4%D7%95%D7%99%D7%94_%D7%AA%D7%A9%D7%A4%D7%96-%D7%9E%D7%95%D7%A8%D7%99%D7%9D_%D7%95%D7%92%D7%A0%D7%A0%D7%95%D7%AA_%D7%9E%D7%A1%D7%9C%D7%95%D7%9C_%D7%94%D7%9C%D7%9B%D7%94.xlsx,policy/companies/520027251/raw/520027251/62b26b5c30da_מדיניות_השקעות_צפויה_תשפז-מורים_וגננות_מסלול_הלכה.xlsx,מוג הלכתי
520027251,,,520027251|מוג הלכתי|מסלול רגיל,מוג הלכתי - מסלול רגיל,2026,"אג""ח קונצרני (כולל פקדונות ושטרי הון)***",,23.83,22.0,6% +/-,16.0,28.0,תל בונד 60 -60%        תל בונד שקלי 20%     Bloomberg us corporate 1  bond index 10  -20%  שקלי,,מוג הלכתי,2026-10-01T19:04:23.662Z,https://kranoth.org.il/wp-content/uploads/2026/09/%D7%9E%D7%93%D7%99%D7%A0%D7%99%D7%95%D7%AA_%D7%94%D7%A9%D7%A7%D7%A2%D7%95%D7%AA_%D7%A6%D7%A4%D7%95%D7%99%D7%94_%D7%AA%D7%A9%D7%A4%D7%96-%D7%9E%D7%95%D7%A8%D7%99%D7%9D_%D7%95%D7%92%D7%A0%D7%A0%D7%95%D7%AA_%D7%9E%D7%A1%D7%9C%D7%95%D7%9C_%D7%94%D7%9C%D7%9B%D7%94.xlsx,policy/companies/520027251/raw/520027251/62b26b5c30da_מדיניות_השקעות_צפויה_תשפז-מורים_וגננות_מסלול_הלכה.xlsx,מוג הלכתי
520027251,,,520027251|מוג הלכתי|מסלול רגיל,מוג הלכתי - מסלול רגיל,2026,"אחר (קרנות הון סיכון, קרנות השקעה, קרנות גידור, הלוואות לעמיתים שקליות' השקעות ראיליות, מניות לא סחירות)",,0.72,3.0,5% +/-,0.0,8.0,"Barclays Global Aggregate Corporate Bond Index- 11% ,  msci-ac - 35% , S&P Global Infrastructure Index - 43%, MSCI World Real Estate Index - 11% שקליים",,מוג הלכתי,2026-10-01T19:04:23.662Z,https://kranoth.org.il/wp-content/uploads/2026/09/%D7%9E%D7%93%D7%99%D7%A0%D7%99%D7%95%D7%AA_%D7%94%D7%A9%D7%A7%D7%A2%D7%95%D7%AA_%D7%A6%D7%A4%D7%95%D7%99%D7%94_%D7%AA%D7%A9%D7%A4%D7%96-%D7%9E%D7%95%D7%A8%D7%99%D7%9D_%D7%95%D7%92%D7%A0%D7%A0%D7%95%D7%AA_%D7%9E%D7%A1%D7%9C%D7%95%D7%9C_%D7%94%D7%9C%D7%9B%D7%94.xlsx,policy/companies/520027251/raw/520027251/62b26b5c30da_מדיניות_השקעות_צפויה_תשפז-מורים_וגננות_מסלול_הלכה.xlsx,מוג הלכתי
520027251,,,520027251|מוג הלכתי|מסלול רגיל,מוג הלכתי - מסלול רגיל,2026,"עו""ש (כולל פר""י, פק""מ שבועי, עו""ש מט""ח)**",,4.34,5.0,5% +/-,0.0,10.0,"מדד מק""מ",,מוג הלכתי,2026-10-01T19:04:23.662Z,https://kranoth.org.il/wp-content/uploads/2026/09/%D7%9E%D7%93%D7%99%D7%A0%D7%99%D7%95%D7%AA_%D7%94%D7%A9%D7%A7%D7%A2%D7%95%D7%AA_%D7%A6%D7%A4%D7%95%D7%99%D7%94_%D7%AA%D7%A9%D7%A4%D7%96-%D7%9E%D7%95%D7%A8%D7%99%D7%9D_%D7%95%D7%92%D7%A0%D7%A0%D7%95%D7%AA_%D7%9E%D7%A1%D7%9C%D7%95%D7%9C_%D7%94%D7%9C%D7%9B%D7%94.xlsx,policy/companies/520027251/raw/520027251/62b26b5c30da_מדיניות_השקעות_צפויה_תשפז-מורים_וגננות_מסלול_הלכה.xlsx,מוג הלכתי
520027251,,,520027251|מוג הלכתי|מסלול רגיל,מוג הלכתי - מסלול רגיל,2026,"סה""כ*",,101.81,103.0,אין מידע,,,אין מידע,,מוג הלכתי,2026-10-01T19:04:23.662Z,https://kranoth.org.il/wp-content/uploads/2026/09/%D7%9E%D7%93%D7%99%D7%A0%D7%99%D7%95%D7%AA_%D7%94%D7%A9%D7%A7%D7%A2%D7%95%D7%AA_%D7%A6%D7%A4%D7%95%D7%99%D7%94_%D7%AA%D7%A9%D7%A4%D7%96-%D7%9E%D7%95%D7%A8%D7%99%D7%9D_%D7%95%D7%92%D7%A0%D7%A0%D7%95%D7%AA_%D7%9E%D7%A1%D7%9C%D7%95%D7%9C_%D7%94%D7%9C%D7%9B%D7%94.xlsx,policy/companies/520027251/raw/520027251/62b26b5c30da_מדיניות_השקעות_צפויה_תשפז-מורים_וגננות_מסלול_הלכה.xlsx,מוג הלכתי
520027251,,,520027251|מוג הלכתי|מסלול רגיל,מוג הלכתי - מסלול רגיל,2026,"חשיפה למט""ח",fx,19.29,19.0,6% +/-,13.0,25.0,אין מידע,,מוג הלכתי,2026-10-01T19:04:23.662Z,https://kranoth.org.il/wp-content/uploads/2026/09/%D7%9E%D7%93%D7%99%D7%A0%D7%99%D7%95%D7%AA_%D7%94%D7%A9%D7%A7%D7%A2%D7%95%D7%AA_%D7%A6%D7%A4%D7%95%D7%99%D7%94_%D7%AA%D7%A9%D7%A4%D7%96-%D7%9E%D7%95%D7%A8%D7%99%D7%9D_%D7%95%D7%92%D7%A0%D7%A0%D7%95%D7%AA_%D7%9E%D7%A1%D7%9C%D7%95%D7%9C_%D7%94%D7%9C%D7%9B%D7%94.xlsx,policy/companies/520027251/raw/520027251/62b26b5c30da_מדיניות_השקעות_צפויה_תשפז-מורים_וגננות_מסלול_הלכה.xlsx,מוג הלכתי
520027251,,,520027251|מוג הלכתי|מסלול רגיל,מוג הלכתי - מסלול רגיל,2026,"מגבלת עמלת ניהול חיצוני לשנת תשפ""ז",,,0.15,אין מידע,,,אין מידע,,מוג הלכתי,2026-10-01T19:04:23.662Z,https://kranoth.org.il/wp-content/uploads/2026/09/%D7%9E%D7%93%D7%99%D7%A0%D7%99%D7%95%D7%AA_%D7%94%D7%A9%D7%A7%D7%A2%D7%95%D7%AA_%D7%A6%D7%A4%D7%95%D7%99%D7%94_%D7%AA%D7%A9%D7%A4%D7%96-%D7%9E%D7%95%D7%A8%D7%99%D7%9D_%D7%95%D7%92%D7%A0%D7%A0%D7%95%D7%AA_%D7%9E%D7%A1%D7%9C%D7%95%D7%9C_%D7%94%D7%9C%D7%9B%D7%94.xlsx,policy/companies/520027251/raw/520027251/62b26b5c30da_מדיניות_השקעות_צפויה_תשפז-מורים_וגננות_מסלול_הלכה.xlsx,מוג הלכתי
520027251,,,520027251|מוג מקור|מוג מקור,מוג מקור,2023,מניות סחירות,equity,44.86,44.0,6% +/-,38.0,50.0,"ת""א 125- 30% MSCI ALL COUNTRIES  -70% שקלי",,מוג מקור,2026-10-01T19:04:46.280Z,https://www.kranoth.org.il/wp-content/uploads/2024/01/%D7%9E%D7%93%D7%99%D7%A0%D7%99%D7%95%D7%AA_%D7%94%D7%A9%D7%A7%D7%A2%D7%95%D7%AA_%D7%A6%D7%A4%D7%95%D7%99%D7%94_%D7%AA%D7%A9%D7%A4%D7%93-%D7%9E%D7%95%D7%92_%D7%9E%D7%A7%D7%95%D7%A8-%D7%9E%D7%A1%D7%9C%D7%95%D7%9C_%D7%9B%D7%9C%D7%9C%D7%99.xlsx,policy/companies/520027251/raw/520027251/66070d84fc8e_מדיניות_השקעות_צפויה_תשפד-מוג_מקור-מסלול_כללי.xlsx,מוג מקור
520027251,,,520027251|מוג מקור|מוג מקור,מוג מקור,2023,"אג""ח ממשלתי (שקלי, צמוד, משתנה, מט""ח, מק""מ)",,12.77,15.0,5% +/-,10.0,20.0,ממשלתי שקלי בריבית קבועה- 65% ממשלתי צמוד 2-5 שנים- 35%,,מוג מקור,2026-10-01T19:04:46.280Z,https://www.kranoth.org.il/wp-content/uploads/2024/01/%D7%9E%D7%93%D7%99%D7%A0%D7%99%D7%95%D7%AA_%D7%94%D7%A9%D7%A7%D7%A2%D7%95%D7%AA_%D7%A6%D7%A4%D7%95%D7%99%D7%94_%D7%AA%D7%A9%D7%A4%D7%93-%D7%9E%D7%95%D7%92_%D7%9E%D7%A7%D7%95%D7%A8-%D7%9E%D7%A1%D7%9C%D7%95%D7%9C_%D7%9B%D7%9C%D7%9C%D7%99.xlsx,policy/companies/520027251/raw/520027251/66070d84fc8e_מדיניות_השקעות_צפויה_תשפד-מוג_מקור-מסלול_כללי.xlsx,מוג מקור
520027251,,,520027251|מוג מקור|מוג מקור,מוג מקור,2023,"אג""ח קונצרני (כולל פקדונות ושטרי הון)***",,20.12,20.0,6% +/-,14.0,26.0,תל בונד 60 -60%        תל בונד שקלי 20%     Bloomberg us corporate 1  bond index 10  -20%  שקלי,,מוג מקור,2026-10-01T19:04:46.280Z,https://www.kranoth.org.il/wp-content/uploads/2024/01/%D7%9E%D7%93%D7%99%D7%A0%D7%99%D7%95%D7%AA_%D7%94%D7%A9%D7%A7%D7%A2%D7%95%D7%AA_%D7%A6%D7%A4%D7%95%D7%99%D7%94_%D7%AA%D7%A9%D7%A4%D7%93-%D7%9E%D7%95%D7%92_%D7%9E%D7%A7%D7%95%D7%A8-%D7%9E%D7%A1%D7%9C%D7%95%D7%9C_%D7%9B%D7%9C%D7%9C%D7%99.xlsx,policy/companies/520027251/raw/520027251/66070d84fc8e_מדיניות_השקעות_צפויה_תשפד-מוג_מקור-מסלול_כללי.xlsx,מוג מקור
520027251,,,520027251|מוג מקור|מוג מקור,מוג מקור,2023,"אחר (קרנות הון סיכון, קרנות השקעה, קרנות גידור, הלוואות לעמיתים שקליות' השקעות ראיליות, מניות לא סחירות)",,22.45,22.0,5% +/-,17.0,27.0,,,מוג מקור,2026-10-01T19:04:46.280Z,https://www.kranoth.org.il/wp-content/uploads/2024/01/%D7%9E%D7%93%D7%99%D7%A0%D7%99%D7%95%D7%AA_%D7%94%D7%A9%D7%A7%D7%A2%D7%95%D7%AA_%D7%A6%D7%A4%D7%95%D7%99%D7%94_%D7%AA%D7%A9%D7%A4%D7%93-%D7%9E%D7%95%D7%92_%D7%9E%D7%A7%D7%95%D7%A8-%D7%9E%D7%A1%D7%9C%D7%95%D7%9C_%D7%9B%D7%9C%D7%9C%D7%99.xlsx,policy/companies/520027251/raw/520027251/66070d84fc8e_מדיניות_השקעות_צפויה_תשפד-מוג_מקור-מסלול_כללי.xlsx,מוג מקור
520027251,,,520027251|מוג מקור|מוג מקור,מוג מקור,2023,"עו""ש (כולל פר""י, פק""מ שבועי, עו""ש מט""ח)**",,5.74,5.0,5% +/-,0.0,10.0,"מדד מק""מ",,מוג מקור,2026-10-01T19:04:46.280Z,https://www.kranoth.org.il/wp-content/uploads/2024/01/%D7%9E%D7%93%D7%99%D7%A0%D7%99%D7%95%D7%AA_%D7%94%D7%A9%D7%A7%D7%A2%D7%95%D7%AA_%D7%A6%D7%A4%D7%95%D7%99%D7%94_%D7%AA%D7%A9%D7%A4%D7%93-%D7%9E%D7%95%D7%92_%D7%9E%D7%A7%D7%95%D7%A8-%D7%9E%D7%A1%D7%9C%D7%95%D7%9C_%D7%9B%D7%9C%D7%9C%D7%99.xlsx,policy/companies/520027251/raw/520027251/66070d84fc8e_מדיניות_השקעות_צפויה_תשפד-מוג_מקור-מסלול_כללי.xlsx,מוג מקור
520027251,,,520027251|מוג מקור|מוג מקור,מוג מקור,2023,"סה""כ*",,105.94,106.0,1.05,,,,,מוג מקור,2026-10-01T19:04:46.280Z,https://www.kranoth.org.il/wp-content/uploads/2024/01/%D7%9E%D7%93%D7%99%D7%A0%D7%99%D7%95%D7%AA_%D7%94%D7%A9%D7%A7%D7%A2%D7%95%D7%AA_%D7%A6%D7%A4%D7%95%D7%99%D7%94_%D7%AA%D7%A9%D7%A4%D7%93-%D7%9E%D7%95%D7%92_%D7%9E%D7%A7%D7%95%D7%A8-%D7%9E%D7%A1%D7%9C%D7%95%D7%9C_%D7%9B%D7%9C%D7%9C%D7%99.xlsx,policy/companies/520027251/raw/520027251/66070d84fc8e_מדיניות_השקעות_צפויה_תשפד-מוג_מקור-מסלול_כללי.xlsx,מוג מקור
520027251,,,520027251|מוג מקור|מוג מקור,מוג מקור,2023,"חשיפה למט""ח",fx,22.05,19.0,6% +/-,13.0,25.0,,,מוג מקור,2026-10-01T19:04:46.280Z,https://www.kranoth.org.il/wp-content/uploads/2024/01/%D7%9E%D7%93%D7%99%D7%A0%D7%99%D7%95%D7%AA_%D7%94%D7%A9%D7%A7%D7%A2%D7%95%D7%AA_%D7%A6%D7%A4%D7%95%D7%99%D7%94_%D7%AA%D7%A9%D7%A4%D7%93-%D7%9E%D7%95%D7%92_%D7%9E%D7%A7%D7%95%D7%A8-%D7%9E%D7%A1%D7%9C%D7%95%D7%9C_%D7%9B%D7%9C%D7%9C%D7%99.xlsx,policy/companies/520027251/raw/520027251/66070d84fc8e_מדיניות_השקעות_צפויה_תשפד-מוג_מקור-מסלול_כללי.xlsx,מוג מקור
520027251,,,520027251|מוג מקור|מוג מקור,מוג מקור,2023,"מגבלת עמלת ניהול חיצוני לשנת תשפ""ד",,0.4,,,,,,,מוג מקור,2026-10-01T19:04:46.280Z,https://www.kranoth.org.il/wp-content/uploads/2024/01/%D7%9E%D7%93%D7%99%D7%A0%D7%99%D7%95%D7%AA_%D7%94%D7%A9%D7%A7%D7%A2%D7%95%D7%AA_%D7%A6%D7%A4%D7%95%D7%99%D7%94_%D7%AA%D7%A9%D7%A4%D7%93-%D7%9E%D7%95%D7%92_%D7%9E%D7%A7%D7%95%D7%A8-%D7%9E%D7%A1%D7%9C%D7%95%D7%9C_%D7%9B%D7%9C%D7%9C%D7%99.xlsx,policy/companies/520027251/raw/520027251/66070d84fc8e_מדיניות_השקעות_צפויה_תשפד-מוג_מקור-מסלול_כללי.xlsx,מוג מקור
520027251,,,520027251|מוג אשראי ואגח|מסלול רגיל,מוג אשראי ואגח - מסלול רגיל,2026,מניות,equity,0.0,0.0,0,0.0,6.0,אין מידע,,מוג אשראי ואגח,2026-10-01T19:04:27.493Z,https://kranoth.org.il/wp-content/uploads/2026/09/%D7%9E%D7%93%D7%99%D7%A0%D7%99%D7%95%D7%AA_%D7%94%D7%A9%D7%A7%D7%A2%D7%95%D7%AA_%D7%A6%D7%A4%D7%95%D7%99%D7%94_%D7%AA%D7%A9%D7%A4%D7%96-%D7%9E%D7%95%D7%A8%D7%99%D7%9D_%D7%95%D7%92%D7%A0%D7%A0%D7%95%D7%AA_%D7%9E%D7%A1%D7%9C%D7%95%D7%9C_%D7%90%D7%A9%D7%A8%D7%90%D7%99_%D7%95%D7%90%D7%92%D7%97.xlsx,policy/companies/520027251/raw/520027251/69a63da2ee3e_מדיניות_השקעות_צפויה_תשפז-מורים_וגננות_מסלול_אשראי_ואגח.xlsx,מוג אשראי ואגח
520027251,,,520027251|מוג אשראי ואגח|מסלול רגיל,מוג אשראי ואגח - מסלול רגיל,2026,"אג""ח ממשלתי (שקלי, צמוד, משתנה, מט""ח, מק""מ)",,58.39,57.0,5% +/-,52.0,62.0,ממשלתי שקלי בריבית קבועה- 65% ממשלתי צמוד 2-5 שנים- 35%,,מוג אשראי ואגח,2026-10-01T19:04:27.493Z,https://kranoth.org.il/wp-content/uploads/2026/09/%D7%9E%D7%93%D7%99%D7%A0%D7%99%D7%95%D7%AA_%D7%94%D7%A9%D7%A7%D7%A2%D7%95%D7%AA_%D7%A6%D7%A4%D7%95%D7%99%D7%94_%D7%AA%D7%A9%D7%A4%D7%96-%D7%9E%D7%95%D7%A8%D7%99%D7%9D_%D7%95%D7%92%D7%A0%D7%A0%D7%95%D7%AA_%D7%9E%D7%A1%D7%9C%D7%95%D7%9C_%D7%90%D7%A9%D7%A8%D7%90%D7%99_%D7%95%D7%90%D7%92%D7%97.xlsx,policy/companies/520027251/raw/520027251/69a63da2ee3e_מדיניות_השקעות_צפויה_תשפז-מורים_וגננות_מסלול_אשראי_ואגח.xlsx,מוג אשראי ואגח
520027251,,,520027251|מוג אשראי ואגח|מסלול רגיל,מוג אשראי ואגח - מסלול רגיל,2026,"אג""ח קונצרני (כולל פקדונות ושטרי הון)***",,35.29,38.0,6% +/-,32.0,44.0,תל בונד 60 -60%        תל בונד שקלי 20%     Bloomberg us corporate 1  bond index 10  -20%  שקלי,,מוג אשראי ואגח,2026-10-01T19:04:27.493Z,https://kranoth.org.il/wp-content/uploads/2026/09/%D7%9E%D7%93%D7%99%D7%A0%D7%99%D7%95%D7%AA_%D7%94%D7%A9%D7%A7%D7%A2%D7%95%D7%AA_%D7%A6%D7%A4%D7%95%D7%99%D7%94_%D7%AA%D7%A9%D7%A4%D7%96-%D7%9E%D7%95%D7%A8%D7%99%D7%9D_%D7%95%D7%92%D7%A0%D7%A0%D7%95%D7%AA_%D7%9E%D7%A1%D7%9C%D7%95%D7%9C_%D7%90%D7%A9%D7%A8%D7%90%D7%99_%D7%95%D7%90%D7%92%D7%97.xlsx,policy/companies/520027251/raw/520027251/69a63da2ee3e_מדיניות_השקעות_צפויה_תשפז-מורים_וגננות_מסלול_אשראי_ואגח.xlsx,מוג אשראי ואגח
520027251,,,520027251|מוג אשראי ואגח|מסלול רגיל,מוג אשראי ואגח - מסלול רגיל,2026,"אחר (קרנות הון סיכון, קרנות השקעה, קרנות גידור, הלוואות לעמיתים שקליות' השקעות ראיליות, מניות לא סחירות)",,0.0,0.0,0,0.0,5.0,אין מידע,,מוג אשראי ואגח,2026-10-01T19:04:27.493Z,https://kranoth.org.il/wp-content/uploads/2026/09/%D7%9E%D7%93%D7%99%D7%A0%D7%99%D7%95%D7%AA_%D7%94%D7%A9%D7%A7%D7%A2%D7%95%D7%AA_%D7%A6%D7%A4%D7%95%D7%99%D7%94_%D7%AA%D7%A9%D7%A4%D7%96-%D7%9E%D7%95%D7%A8%D7%99%D7%9D_%D7%95%D7%92%D7%A0%D7%A0%D7%95%D7%AA_%D7%9E%D7%A1%D7%9C%D7%95%D7%9C_%D7%90%D7%A9%D7%A8%D7%90%D7%99_%D7%95%D7%90%D7%92%D7%97.xlsx,policy/companies/520027251/raw/520027251/69a63da2ee3e_מדיניות_השקעות_צפויה_תשפז-מורים_וגננות_מסלול_אשראי_ואגח.xlsx,מוג אשראי ואגח
520027251,,,520027251|מוג אשראי ואגח|מסלול רגיל,מוג אשראי ואגח - מסלול רגיל,2026,"עו""ש (כולל פר""י, פק""מ שבועי, עו""ש מט""ח)**",,6.31,5.0,5% +/-,0.0,10.0,"מדד מק""מ",,מוג אשראי ואגח,2026-10-01T19:04:27.493Z,https://kranoth.org.il/wp-content/uploads/2026/09/%D7%9E%D7%93%D7%99%D7%A0%D7%99%D7%95%D7%AA_%D7%94%D7%A9%D7%A7%D7%A2%D7%95%D7%AA_%D7%A6%D7%A4%D7%95%D7%99%D7%94_%D7%AA%D7%A9%D7%A4%D7%96-%D7%9E%D7%95%D7%A8%D7%99%D7%9D_%D7%95%D7%92%D7%A0%D7%A0%D7%95%D7%AA_%D7%9E%D7%A1%D7%9C%D7%95%D7%9C_%D7%90%D7%A9%D7%A8%D7%90%D7%99_%D7%95%D7%90%D7%92%D7%97.xlsx,policy/companies/520027251/raw/520027251/69a63da2ee3e_מדיניות_השקעות_צפויה_תשפז-מורים_וגננות_מסלול_אשראי_ואגח.xlsx,מוג אשראי ואגח
520027251,,,520027251|מוג אשראי ואגח|מסלול רגיל,מוג אשראי ואגח - מסלול רגיל,2026,"סה""כ*",,99.99,100.0,,,,אין מידע,,מוג אשראי ואגח,2026-10-01T19:04:27.493Z,https://kranoth.org.il/wp-content/uploads/2026/09/%D7%9E%D7%93%D7%99%D7%A0%D7%99%D7%95%D7%AA_%D7%94%D7%A9%D7%A7%D7%A2%D7%95%D7%AA_%D7%A6%D7%A4%D7%95%D7%99%D7%94_%D7%AA%D7%A9%D7%A4%D7%96-%D7%9E%D7%95%D7%A8%D7%99%D7%9D_%D7%95%D7%92%D7%A0%D7%A0%D7%95%D7%AA_%D7%9E%D7%A1%D7%9C%D7%95%D7%9C_%D7%90%D7%A9%D7%A8%D7%90%D7%99_%D7%95%D7%90%D7%92%D7%97.xlsx,policy/companies/520027251/raw/520027251/69a63da2ee3e_מדיניות_השקעות_צפויה_תשפז-מורים_וגננות_מסלול_אשראי_ואגח.xlsx,מוג אשראי ואגח
520027251,,,520027251|מוג אשראי ואגח|מסלול רגיל,מוג אשראי ואגח - מסלול רגיל,2026,"חשיפה למט""ח",fx,2.91,6.0,6% +/-,0.0,12.0,אין מידע,,מוג אשראי ואגח,2026-10-01T19:04:27.493Z,https://kranoth.org.il/wp-content/uploads/2026/09/%D7%9E%D7%93%D7%99%D7%A0%D7%99%D7%95%D7%AA_%D7%94%D7%A9%D7%A7%D7%A2%D7%95%D7%AA_%D7%A6%D7%A4%D7%95%D7%99%D7%94_%D7%AA%D7%A9%D7%A4%D7%96-%D7%9E%D7%95%D7%A8%D7%99%D7%9D_%D7%95%D7%92%D7%A0%D7%A0%D7%95%D7%AA_%D7%9E%D7%A1%D7%9C%D7%95%D7%9C_%D7%90%D7%A9%D7%A8%D7%90%D7%99_%D7%95%D7%90%D7%92%D7%97.xlsx,policy/companies/520027251/raw/520027251/69a63da2ee3e_מדיניות_השקעות_צפויה_תשפז-מורים_וגננות_מסלול_אשראי_ואגח.xlsx,מוג אשראי ואגח
520027251,,,520027251|מוג אשראי ואגח|מסלול רגיל,מוג אשראי ואגח - מסלול רגיל,2026,"מגבלת עמלת ניהול חיצוני לשנת תשפ""ז",,,0.05,אין מידע,,,אין מידע,,מוג אשראי ואגח,2026-10-01T19:04:27.493Z,https://kranoth.org.il/wp-content/uploads/2026/09/%D7%9E%D7%93%D7%99%D7%A0%D7%99%D7%95%D7%AA_%D7%94%D7%A9%D7%A7%D7%A2%D7%95%D7%AA_%D7%A6%D7%A4%D7%95%D7%99%D7%94_%D7%AA%D7%A9%D7%A4%D7%96-%D7%9E%D7%95%D7%A8%D7%99%D7%9D_%D7%95%D7%92%D7%A0%D7%A0%D7%95%D7%AA_%D7%9E%D7%A1%D7%9C%D7%95%D7%9C_%D7%90%D7%A9%D7%A8%D7%90%D7%99_%D7%95%D7%90%D7%92%D7%97.xlsx,policy/companies/520027251/raw/520027251/69a63da2ee3e_מדיניות_השקעות_צפויה_תשפז-מורים_וגננות_מסלול_אשראי_ואגח.xlsx,מוג אשראי ואגח
520027251,,,520027251|מוג הלכתי|מוג הלכתי,מוג הלכתי,2022,מניות,equity,46.52,46.0,6% +/-,40.0,52.0,"ת""א 125- 30% MSCI ALL COUNTRIES  -70% שקלי",,מוג הלכתי,2026-10-01T19:04:26.798Z,https://www.kranoth.org.il/wp-content/uploads/2022/10/%D7%9E%D7%93%D7%99%D7%A0%D7%99%D7%95%D7%AA_%D7%94%D7%A9%D7%A7%D7%A2%D7%95%D7%AA_%D7%A6%D7%A4%D7%95%D7%99%D7%94_%D7%AA%D7%A9%D7%A4%D7%92_%D7%9E%D7%95%D7%92_%D7%A8%D7%92%D7%99%D7%9C%D7%94_%D7%9E%D7%A1%D7%9C%D7%95%D7%9C_%D7%94%D7%9C%D7%9B%D7%94.xlsx,policy/companies/520027251/raw/520027251/6cfd9c82321d_מדיניות_השקעות_צפויה_תשפג_מוג_רגילה_מסלול_הלכה.xlsx,מוג הלכתי
520027251,,,520027251|מוג הלכתי|מוג הלכתי,מוג הלכתי,2022,"אג""ח ממשלתי (שקלי, צמוד, משתנה, מט""ח, מק""מ)",,25.52,27.0,5% +/-,22.0,32.0,ממשלתי שקלי 2-5 שנים- 65% ממשלתי צמוד 2-5 שנים- 35%,,מוג הלכתי,2026-10-01T19:04:26.798Z,https://www.kranoth.org.il/wp-content/uploads/2022/10/%D7%9E%D7%93%D7%99%D7%A0%D7%99%D7%95%D7%AA_%D7%94%D7%A9%D7%A7%D7%A2%D7%95%D7%AA_%D7%A6%D7%A4%D7%95%D7%99%D7%94_%D7%AA%D7%A9%D7%A4%D7%92_%D7%9E%D7%95%D7%92_%D7%A8%D7%92%D7%99%D7%9C%D7%94_%D7%9E%D7%A1%D7%9C%D7%95%D7%9C_%D7%94%D7%9C%D7%9B%D7%94.xlsx,policy/companies/520027251/raw/520027251/6cfd9c82321d_מדיניות_השקעות_צפויה_תשפג_מוג_רגילה_מסלול_הלכה.xlsx,מוג הלכתי
520027251,,,520027251|מוג הלכתי|מוג הלכתי,מוג הלכתי,2022,"אג""ח קונצרני (כולל פקדונות ושטרי הון)***",,19.67,22.0,6% +/-,16.0,28.0,תל בונד 60 -60%        תל בונד שקלי 20%     Bloomberg us corporate 1  bond index 10  -20%  שקלי,,מוג הלכתי,2026-10-01T19:04:26.798Z,https://www.kranoth.org.il/wp-content/uploads/2022/10/%D7%9E%D7%93%D7%99%D7%A0%D7%99%D7%95%D7%AA_%D7%94%D7%A9%D7%A7%D7%A2%D7%95%D7%AA_%D7%A6%D7%A4%D7%95%D7%99%D7%94_%D7%AA%D7%A9%D7%A4%D7%92_%D7%9E%D7%95%D7%92_%D7%A8%D7%92%D7%99%D7%9C%D7%94_%D7%9E%D7%A1%D7%9C%D7%95%D7%9C_%D7%94%D7%9C%D7%9B%D7%94.xlsx,policy/companies/520027251/raw/520027251/6cfd9c82321d_מדיניות_השקעות_צפויה_תשפג_מוג_רגילה_מסלול_הלכה.xlsx,מוג הלכתי
520027251,,,520027251|מוג הלכתי|מוג הלכתי,מוג הלכתי,2022,"אחר (קרנות הון סיכון, קרנות השקעה, קרנות גידור, הלוואות לעמיתים שקליות' השקעות ראיליות, מניות לא סחירות)",,0.0,3.0,5% +/-,0.0,8.0,,,מוג הלכתי,2026-10-01T19:04:26.798Z,https://www.kranoth.org.il/wp-content/uploads/2022/10/%D7%9E%D7%93%D7%99%D7%A0%D7%99%D7%95%D7%AA_%D7%94%D7%A9%D7%A7%D7%A2%D7%95%D7%AA_%D7%A6%D7%A4%D7%95%D7%99%D7%94_%D7%AA%D7%A9%D7%A4%D7%92_%D7%9E%D7%95%D7%92_%D7%A8%D7%92%D7%99%D7%9C%D7%94_%D7%9E%D7%A1%D7%9C%D7%95%D7%9C_%D7%94%D7%9C%D7%9B%D7%94.xlsx,policy/companies/520027251/raw/520027251/6cfd9c82321d_מדיניות_השקעות_צפויה_תשפג_מוג_רגילה_מסלול_הלכה.xlsx,מוג הלכתי
520027251,,,520027251|מוג הלכתי|מוג הלכתי,מוג הלכתי,2022,"עו""ש (כולל פר""י, פק""מ שבועי, עו""ש מט""ח)**",,7.2,5.0,5% +/-,0.0,10.0,"מדד מק""מ",,מוג הלכתי,2026-10-01T19:04:26.798Z,https://www.kranoth.org.il/wp-content/uploads/2022/10/%D7%9E%D7%93%D7%99%D7%A0%D7%99%D7%95%D7%AA_%D7%94%D7%A9%D7%A7%D7%A2%D7%95%D7%AA_%D7%A6%D7%A4%D7%95%D7%99%D7%94_%D7%AA%D7%A9%D7%A4%D7%92_%D7%9E%D7%95%D7%92_%D7%A8%D7%92%D7%99%D7%9C%D7%94_%D7%9E%D7%A1%D7%9C%D7%95%D7%9C_%D7%94%D7%9C%D7%9B%D7%94.xlsx,policy/companies/520027251/raw/520027251/6cfd9c82321d_מדיניות_השקעות_צפויה_תשפג_מוג_רגילה_מסלול_הלכה.xlsx,מוג הלכתי
520027251,,,520027251|מוג הלכתי|מוג הלכתי,מוג הלכתי,2022,"סה""כ*",,98.91,103.0,1.03,,,,,מוג הלכתי,2026-10-01T19:04:26.798Z,https://www.kranoth.org.il/wp-content/uploads/2022/10/%D7%9E%D7%93%D7%99%D7%A0%D7%99%D7%95%D7%AA_%D7%94%D7%A9%D7%A7%D7%A2%D7%95%D7%AA_%D7%A6%D7%A4%D7%95%D7%99%D7%94_%D7%AA%D7%A9%D7%A4%D7%92_%D7%9E%D7%95%D7%92_%D7%A8%D7%92%D7%99%D7%9C%D7%94_%D7%9E%D7%A1%D7%9C%D7%95%D7%9C_%D7%94%D7%9C%D7%9B%D7%94.xlsx,policy/companies/520027251/raw/520027251/6cfd9c82321d_מדיניות_השקעות_צפויה_תשפג_מוג_רגילה_מסלול_הלכה.xlsx,מוג הלכתי
520027251,,,520027251|מוג הלכתי|מוג הלכתי,מוג הלכתי,2022,"חשיפה למט""ח",fx,18.16,19.0,6% +/-,13.0,25.0,,,מוג הלכתי,2026-10-01T19:04:26.798Z,https://www.kranoth.org.il/wp-content/uploads/2022/10/%D7%9E%D7%93%D7%99%D7%A0%D7%99%D7%95%D7%AA_%D7%94%D7%A9%D7%A7%D7%A2%D7%95%D7%AA_%D7%A6%D7%A4%D7%95%D7%99%D7%94_%D7%AA%D7%A9%D7%A4%D7%92_%D7%9E%D7%95%D7%92_%D7%A8%D7%92%D7%99%D7%9C%D7%94_%D7%9E%D7%A1%D7%9C%D7%95%D7%9C_%D7%94%D7%9C%D7%9B%D7%94.xlsx,policy/companies/520027251/raw/520027251/6cfd9c82321d_מדיניות_השקעות_צפויה_תשפג_מוג_רגילה_מסלול_הלכה.xlsx,מוג הלכתי
520027251,,,520027251|מוג מקור הלכתי|מוג מקור הלכתי,מוג מקור הלכתי,2023,מניות,equity,45.1,46.0,6% +/-,40.0,52.0,"ת""א 125- 30% MSCI ALL COUNTRIES  -70% שקלי",,מוג מקור הלכתי,2026-10-01T19:04:52.074Z,https://www.kranoth.org.il/wp-content/uploads/2023/08/%D7%9E%D7%93%D7%99%D7%A0%D7%99%D7%95%D7%AA_%D7%94%D7%A9%D7%A7%D7%A2%D7%95%D7%AA_%D7%A6%D7%A4%D7%95%D7%99%D7%94_%D7%AA%D7%A9%D7%A4%D7%93-%D7%9E%D7%95%D7%92_%D7%9E%D7%A7%D7%95%D7%A8-%D7%9E%D7%A1%D7%9C%D7%95%D7%9C_%D7%94%D7%9C%D7%9B%D7%94.xlsx,policy/companies/520027251/raw/520027251/6e47250e938f_מדיניות_השקעות_צפויה_תשפד-מוג_מקור-מסלול_הלכה.xlsx,מוג מקור הלכתי
520027251,,,520027251|מוג מקור הלכתי|מוג מקור הלכתי,מוג מקור הלכתי,2023,"אג""ח ממשלתי (שקלי, צמוד, משתנה, מט""ח, מק""מ)",,25.52,25.0,5% +/-,20.0,30.0,ממשלתי שקלי בריבית קבועה- 65% ממשלתי צמוד 2-5 שנים- 35%,,מוג מקור הלכתי,2026-10-01T19:04:52.074Z,https://www.kranoth.org.il/wp-content/uploads/2023/08/%D7%9E%D7%93%D7%99%D7%A0%D7%99%D7%95%D7%AA_%D7%94%D7%A9%D7%A7%D7%A2%D7%95%D7%AA_%D7%A6%D7%A4%D7%95%D7%99%D7%94_%D7%AA%D7%A9%D7%A4%D7%93-%D7%9E%D7%95%D7%92_%D7%9E%D7%A7%D7%95%D7%A8-%D7%9E%D7%A1%D7%9C%D7%95%D7%9C_%D7%94%D7%9C%D7%9B%D7%94.xlsx,policy/companies/520027251/raw/520027251/6e47250e938f_מדיניות_השקעות_צפויה_תשפד-מוג_מקור-מסלול_הלכה.xlsx,מוג מקור הלכתי
520027251,,,520027251|מוג מקור הלכתי|מוג מקור הלכתי,מוג מקור הלכתי,2023,"אג""ח קונצרני (כולל פקדונות ושטרי הון)***",,23.64,24.0,6% +/-,18.0,30.0,תל בונד 60 -60%        תל בונד שקלי 20%     Bloomberg us corporate 1  bond index 10  -20%  שקלי,,מוג מקור הלכתי,2026-10-01T19:04:52.074Z,https://www.kranoth.org.il/wp-content/uploads/2023/08/%D7%9E%D7%93%D7%99%D7%A0%D7%99%D7%95%D7%AA_%D7%94%D7%A9%D7%A7%D7%A2%D7%95%D7%AA_%D7%A6%D7%A4%D7%95%D7%99%D7%94_%D7%AA%D7%A9%D7%A4%D7%93-%D7%9E%D7%95%D7%92_%D7%9E%D7%A7%D7%95%D7%A8-%D7%9E%D7%A1%D7%9C%D7%95%D7%9C_%D7%94%D7%9C%D7%9B%D7%94.xlsx,policy/companies/520027251/raw/520027251/6e47250e938f_מדיניות_השקעות_צפויה_תשפד-מוג_מקור-מסלול_הלכה.xlsx,מוג מקור הלכתי
520027251,,,520027251|מוג מקור הלכתי|מוג מקור הלכתי,מוג מקור הלכתי,2023,"אחר (קרנות הון סיכון, קרנות השקעה, קרנות גידור, הלוואות לעמיתים שקליות' השקעות ראיליות, מניות לא סחירות)",,0.09,3.0,5% +/-,0.0,8.0,,,מוג מקור הלכתי,2026-10-01T19:04:52.074Z,https://www.kranoth.org.il/wp-content/uploads/2023/08/%D7%9E%D7%93%D7%99%D7%A0%D7%99%D7%95%D7%AA_%D7%94%D7%A9%D7%A7%D7%A2%D7%95%D7%AA_%D7%A6%D7%A4%D7%95%D7%99%D7%94_%D7%AA%D7%A9%D7%A4%D7%93-%D7%9E%D7%95%D7%92_%D7%9E%D7%A7%D7%95%D7%A8-%D7%9E%D7%A1%D7%9C%D7%95%D7%9C_%D7%94%D7%9C%D7%9B%D7%94.xlsx,policy/companies/520027251/raw/520027251/6e47250e938f_מדיניות_השקעות_צפויה_תשפד-מוג_מקור-מסלול_הלכה.xlsx,מוג מקור הלכתי
520027251,,,520027251|מוג מקור הלכתי|מוג מקור הלכתי,מוג מקור הלכתי,2023,"עו""ש (כולל פר""י, פק""מ שבועי, עו""ש מט""ח)**",,6.28,5.0,5% +/-,0.0,10.0,"מדד מק""מ",,מוג מקור הלכתי,2026-10-01T19:04:52.074Z,https://www.kranoth.org.il/wp-content/uploads/2023/08/%D7%9E%D7%93%D7%99%D7%A0%D7%99%D7%95%D7%AA_%D7%94%D7%A9%D7%A7%D7%A2%D7%95%D7%AA_%D7%A6%D7%A4%D7%95%D7%99%D7%94_%D7%AA%D7%A9%D7%A4%D7%93-%D7%9E%D7%95%D7%92_%D7%9E%D7%A7%D7%95%D7%A8-%D7%9E%D7%A1%D7%9C%D7%95%D7%9C_%D7%94%D7%9C%D7%9B%D7%94.xlsx,policy/companies/520027251/raw/520027251/6e47250e938f_מדיניות_השקעות_צפויה_תשפד-מוג_מקור-מסלול_הלכה.xlsx,מוג מקור הלכתי
520027251,,,520027251|מוג מקור הלכתי|מוג מקור הלכתי,מוג מקור הלכתי,2023,"סה""כ*",,100.63,103.0,1.03,,,,,מוג מקור הלכתי,2026-10-01T19:04:52.074Z,https://www.kranoth.org.il/wp-content/uploads/2023/08/%D7%9E%D7%93%D7%99%D7%A0%D7%99%D7%95%D7%AA_%D7%94%D7%A9%D7%A7%D7%A2%D7%95%D7%AA_%D7%A6%D7%A4%D7%95%D7%99%D7%94_%D7%AA%D7%A9%D7%A4%D7%93-%D7%9E%D7%95%D7%92_%D7%9E%D7%A7%D7%95%D7%A8-%D7%9E%D7%A1%D7%9C%D7%95%D7%9C_%D7%94%D7%9C%D7%9B%D7%94.xlsx,policy/companies/520027251/raw/520027251/6e47250e938f_מדיניות_השקעות_צפויה_תשפד-מוג_מקור-מסלול_הלכה.xlsx,מוג מקור הלכתי
520027251,,,520027251|מוג מקור הלכתי|מוג מקור הלכתי,מוג מקור הלכתי,2023,"חשיפה למט""ח",fx,22.28,19.0,6% +/-,13.0,25.0,,,מוג מקור הלכתי,2026-10-01T19:04:52.074Z,https://www.kranoth.org.il/wp-content/uploads/2023/08/%D7%9E%D7%93%D7%99%D7%A0%D7%99%D7%95%D7%AA_%D7%94%D7%A9%D7%A7%D7%A2%D7%95%D7%AA_%D7%A6%D7%A4%D7%95%D7%99%D7%94_%D7%AA%D7%A9%D7%A4%D7%93-%D7%9E%D7%95%D7%92_%D7%9E%D7%A7%D7%95%D7%A8-%D7%9E%D7%A1%D7%9C%D7%95%D7%9C_%D7%94%D7%9C%D7%9B%D7%94.xlsx,policy/companies/520027251/raw/520027251/6e47250e938f_מדיניות_השקעות_צפויה_תשפד-מוג_מקור-מסלול_הלכה.xlsx,מוג מקור הלכתי
520027251,,,520027251|מוג מקור הלכתי|מוג מקור הלכתי,מוג מקור הלכתי,2023,"מגבלת עמלת ניהול חיצוני לשנת תשפ""ד",,0.15,,,,,,,מוג מקור הלכתי,2026-10-01T19:04:52.074Z,https://www.kranoth.org.il/wp-content/uploads/2023/08/%D7%9E%D7%93%D7%99%D7%A0%D7%99%D7%95%D7%AA_%D7%94%D7%A9%D7%A7%D7%A2%D7%95%D7%AA_%D7%A6%D7%A4%D7%95%D7%99%D7%94_%D7%AA%D7%A9%D7%A4%D7%93-%D7%9E%D7%95%D7%92_%D7%9E%D7%A7%D7%95%D7%A8-%D7%9E%D7%A1%D7%9C%D7%95%D7%9C_%D7%94%D7%9C%D7%9B%D7%94.xlsx,policy/companies/520027251/raw/520027251/6e47250e938f_מדיניות_השקעות_צפויה_תשפד-מוג_מקור-מסלול_הלכה.xlsx,מוג מקור הלכתי
520027251,,,520027251|מורים וגננות|מסלול רגיל,מורים וגננות - מסלול רגיל,2026,מניות סחירות,equity,49.22,47.0,6% +/-,41.0,53.0,"ת""א 125- 35% MSCI ALL COUNTRIES  -65% שקלי",,מורים וגננות,2026-10-01T19:04:17.983Z,https://kranoth.org.il/wp-content/uploads/2026/09/%D7%9E%D7%93%D7%99%D7%A0%D7%99%D7%95%D7%AA_%D7%94%D7%A9%D7%A7%D7%A2%D7%95%D7%AA_%D7%A6%D7%A4%D7%95%D7%99%D7%94_%D7%AA%D7%A9%D7%A4%D7%96-%D7%9E%D7%95%D7%A8%D7%99%D7%9D_%D7%95%D7%92%D7%A0%D7%A0%D7%95%D7%AA_%D7%9E%D7%A1%D7%9C%D7%95%D7%9C_%D7%9B%D7%9C%D7%9C%D7%99.xlsx,policy/companies/520027251/raw/520027251/86bb8c230c6e_מדיניות_השקעות_צפויה_תשפז-מורים_וגננות_מסלול_כללי.xlsx,מורים וגננות 
520027251,,,520027251|מורים וגננות|מסלול רגיל,מורים וגננות - מסלול רגיל,2026,"אג""ח ממשלתי (שקלי, צמוד, משתנה, מט""ח, מק""מ)",,15.97,16.0,5% +/-,11.0,21.0,ממשלתי שקלי בריבית קבועה- 50%              us 10 year treasury 15% שקלי  ממשלתי צמוד 2-5 שנים- 35%,,מורים וגננות,2026-10-01T19:04:17.983Z,https://kranoth.org.il/wp-content/uploads/2026/09/%D7%9E%D7%93%D7%99%D7%A0%D7%99%D7%95%D7%AA_%D7%94%D7%A9%D7%A7%D7%A2%D7%95%D7%AA_%D7%A6%D7%A4%D7%95%D7%99%D7%94_%D7%AA%D7%A9%D7%A4%D7%96-%D7%9E%D7%95%D7%A8%D7%99%D7%9D_%D7%95%D7%92%D7%A0%D7%A0%D7%95%D7%AA_%D7%9E%D7%A1%D7%9C%D7%95%D7%9C_%D7%9B%D7%9C%D7%9C%D7%99.xlsx,policy/companies/520027251/raw/520027251/86bb8c230c6e_מדיניות_השקעות_צפויה_תשפז-מורים_וגננות_מסלול_כללי.xlsx,מורים וגננות 
520027251,,,520027251|מורים וגננות|מסלול רגיל,מורים וגננות - מסלול רגיל,2026,"אג""ח קונצרני (כולל פקדונות ושטרי הון)***",,16.67,17.0,6% +/-,11.0,23.0,תל בונד 60 -60%        תל בונד שקלי 20%     Bloomberg us corporate 1  bond index 10  -20%  שקלי,,מורים וגננות,2026-10-01T19:04:17.983Z,https://kranoth.org.il/wp-content/uploads/2026/09/%D7%9E%D7%93%D7%99%D7%A0%D7%99%D7%95%D7%AA_%D7%94%D7%A9%D7%A7%D7%A2%D7%95%D7%AA_%D7%A6%D7%A4%D7%95%D7%99%D7%94_%D7%AA%D7%A9%D7%A4%D7%96-%D7%9E%D7%95%D7%A8%D7%99%D7%9D_%D7%95%D7%92%D7%A0%D7%A0%D7%95%D7%AA_%D7%9E%D7%A1%D7%9C%D7%95%D7%9C_%D7%9B%D7%9C%D7%9C%D7%99.xlsx,policy/companies/520027251/raw/520027251/86bb8c230c6e_מדיניות_השקעות_צפויה_תשפז-מורים_וגננות_מסלול_כללי.xlsx,מורים וגננות 
520027251,,,520027251|מורים וגננות|מסלול רגיל,מורים וגננות - מסלול רגיל,2026,"אחר (קרנות הון סיכון, קרנות השקעה, קרנות גידור, הלוואות לעמיתים שקליות' השקעות ראיליות, מניות לא סחירות)",,17.66,18.0,5% +/-,13.0,23.0,"Barclays Global Aggregate Corporate Bond Index- 11% ,  msci-ac - 35% , S&P Global Infrastructure Index - 43%, MSCI World Real Estate Index - 11% שקליים",,מורים וגננות,2026-10-01T19:04:17.983Z,https://kranoth.org.il/wp-content/uploads/2026/09/%D7%9E%D7%93%D7%99%D7%A0%D7%99%D7%95%D7%AA_%D7%94%D7%A9%D7%A7%D7%A2%D7%95%D7%AA_%D7%A6%D7%A4%D7%95%D7%99%D7%94_%D7%AA%D7%A9%D7%A4%D7%96-%D7%9E%D7%95%D7%A8%D7%99%D7%9D_%D7%95%D7%92%D7%A0%D7%A0%D7%95%D7%AA_%D7%9E%D7%A1%D7%9C%D7%95%D7%9C_%D7%9B%D7%9C%D7%9C%D7%99.xlsx,policy/companies/520027251/raw/520027251/86bb8c230c6e_מדיניות_השקעות_צפויה_תשפז-מורים_וגננות_מסלול_כללי.xlsx,מורים וגננות 
520027251,,,520027251|מורים וגננות|מסלול רגיל,מורים וגננות - מסלול רגיל,2026,"עו""ש (כולל פר""י, פק""מ שבועי, עו""ש מט""ח)**",,6.25,5.0,5% +/-,0.0,10.0,"מדד מק""מ",,מורים וגננות,2026-10-01T19:04:17.983Z,https://kranoth.org.il/wp-content/uploads/2026/09/%D7%9E%D7%93%D7%99%D7%A0%D7%99%D7%95%D7%AA_%D7%94%D7%A9%D7%A7%D7%A2%D7%95%D7%AA_%D7%A6%D7%A4%D7%95%D7%99%D7%94_%D7%AA%D7%A9%D7%A4%D7%96-%D7%9E%D7%95%D7%A8%D7%99%D7%9D_%D7%95%D7%92%D7%A0%D7%A0%D7%95%D7%AA_%D7%9E%D7%A1%D7%9C%D7%95%D7%9C_%D7%9B%D7%9C%D7%9C%D7%99.xlsx,policy/companies/520027251/raw/520027251/86bb8c230c6e_מדיניות_השקעות_צפויה_תשפז-מורים_וגננות_מסלול_כללי.xlsx,מורים וגננות 
520027251,,,520027251|מורים וגננות|מסלול רגיל,מורים וגננות - מסלול רגיל,2026,"סה""כ*",,105.77,103.0,1.04,,,אין מידע,,מורים וגננות,2026-10-01T19:04:17.983Z,https://kranoth.org.il/wp-content/uploads/2026/09/%D7%9E%D7%93%D7%99%D7%A0%D7%99%D7%95%D7%AA_%D7%94%D7%A9%D7%A7%D7%A2%D7%95%D7%AA_%D7%A6%D7%A4%D7%95%D7%99%D7%94_%D7%AA%D7%A9%D7%A4%D7%96-%D7%9E%D7%95%D7%A8%D7%99%D7%9D_%D7%95%D7%92%D7%A0%D7%A0%D7%95%D7%AA_%D7%9E%D7%A1%D7%9C%D7%95%D7%9C_%D7%9B%D7%9C%D7%9C%D7%99.xlsx,policy/companies/520027251/raw/520027251/86bb8c230c6e_מדיניות_השקעות_צפויה_תשפז-מורים_וגננות_מסלול_כללי.xlsx,מורים וגננות 
520027251,,,520027251|מורים וגננות|מסלול רגיל,מורים וגננות - מסלול רגיל,2026,"חשיפה למט""ח",fx,19.95,19.0,6% +/-,13.0,25.0,אין מידע,,מורים וגננות,2026-10-01T19:04:17.983Z,https://kranoth.org.il/wp-content/uploads/2026/09/%D7%9E%D7%93%D7%99%D7%A0%D7%99%D7%95%D7%AA_%D7%94%D7%A9%D7%A7%D7%A2%D7%95%D7%AA_%D7%A6%D7%A4%D7%95%D7%99%D7%94_%D7%AA%D7%A9%D7%A4%D7%96-%D7%9E%D7%95%D7%A8%D7%99%D7%9D_%D7%95%D7%92%D7%A0%D7%A0%D7%95%D7%AA_%D7%9E%D7%A1%D7%9C%D7%95%D7%9C_%D7%9B%D7%9C%D7%9C%D7%99.xlsx,policy/companies/520027251/raw/520027251/86bb8c230c6e_מדיניות_השקעות_צפויה_תשפז-מורים_וגננות_מסלול_כללי.xlsx,מורים וגננות 
520027251,,,520027251|מורים וגננות|מסלול רגיל,מורים וגננות - מסלול רגיל,2026,"מגבלת עמלת ניהול חיצוני לשנת תשפ""ז",,,0.3,אין מידע,,,אין מידע,,מורים וגננות,2026-10-01T19:04:17.983Z,https://kranoth.org.il/wp-content/uploads/2026/09/%D7%9E%D7%93%D7%99%D7%A0%D7%99%D7%95%D7%AA_%D7%94%D7%A9%D7%A7%D7%A2%D7%95%D7%AA_%D7%A6%D7%A4%D7%95%D7%99%D7%94_%D7%AA%D7%A9%D7%A4%D7%96-%D7%9E%D7%95%D7%A8%D7%99%D7%9D_%D7%95%D7%92%D7%A0%D7%A0%D7%95%D7%AA_%D7%9E%D7%A1%D7%9C%D7%95%D7%9C_%D7%9B%D7%9C%D7%9C%D7%99.xlsx,policy/companies/520027251/raw/520027251/86bb8c230c6e_מדיניות_השקעות_צפויה_תשפז-מורים_וגננות_מסלול_כללי.xlsx,מורים וגננות 
520027251,,,520027251|מוג מקור ללא מניות|מסלול ללא מניות,מוג מקור ללא מניות - מסלול ללא מניות,2023,מניות,equity,0.0,0.0,0,,,,,מוג מקור ללא מניות,2026-10-01T19:04:55.478Z,https://www.kranoth.org.il/wp-content/uploads/2024/01/%D7%9E%D7%95%D7%92_%D7%9E%D7%A7%D7%95%D7%A8_%D7%90%D7%92%D7%97-%D7%9E%D7%93%D7%99%D7%A0%D7%99%D7%95%D7%AA_%D7%94%D7%A9%D7%A7%D7%A2%D7%95%D7%AA_25.12.23.xlsx,policy/companies/520027251/raw/520027251/8eefd1c44712_מוג_מקור_אגח-מדיניות_השקעות_25.12.23.xlsx,מוג מקור ללא מניות
520027251,,,520027251|מוג מקור ללא מניות|מסלול ללא מניות,מוג מקור ללא מניות - מסלול ללא מניות,2023,"אג""ח ממשלתי (שקלי, צמוד, משתנה, מט""ח, מק""מ)",,56.06,55.0,5% +/-,50.0,60.0,ממשלתי שקלי בריבית קבועה- 65% ממשלתי צמוד 2-5 שנים- 35%,,מוג מקור ללא מניות,2026-10-01T19:04:55.478Z,https://www.kranoth.org.il/wp-content/uploads/2024/01/%D7%9E%D7%95%D7%92_%D7%9E%D7%A7%D7%95%D7%A8_%D7%90%D7%92%D7%97-%D7%9E%D7%93%D7%99%D7%A0%D7%99%D7%95%D7%AA_%D7%94%D7%A9%D7%A7%D7%A2%D7%95%D7%AA_25.12.23.xlsx,policy/companies/520027251/raw/520027251/8eefd1c44712_מוג_מקור_אגח-מדיניות_השקעות_25.12.23.xlsx,מוג מקור ללא מניות
520027251,,,520027251|מוג מקור ללא מניות|מסלול ללא מניות,מוג מקור ללא מניות - מסלול ללא מניות,2023,"אג""ח קונצרני (כולל פקדונות ושטרי הון)***",,37.15,40.0,6% +/-,34.0,46.0,תל בונד 60 -60%        תל בונד שקלי 20%     Bloomberg us corporate 1  bond index 10  -20%  שקלי,,מוג מקור ללא מניות,2026-10-01T19:04:55.478Z,https://www.kranoth.org.il/wp-content/uploads/2024/01/%D7%9E%D7%95%D7%92_%D7%9E%D7%A7%D7%95%D7%A8_%D7%90%D7%92%D7%97-%D7%9E%D7%93%D7%99%D7%A0%D7%99%D7%95%D7%AA_%D7%94%D7%A9%D7%A7%D7%A2%D7%95%D7%AA_25.12.23.xlsx,policy/companies/520027251/raw/520027251/8eefd1c44712_מוג_מקור_אגח-מדיניות_השקעות_25.12.23.xlsx,מוג מקור ללא מניות
520027251,,,520027251|מוג מקור ללא מניות|מסלול ללא מניות,מוג מקור ללא מניות - מסלול ללא מניות,2023,"אחר (קרנות הון סיכון, קרנות השקעה, קרנות גידור, הלוואות לעמיתים שקליות' השקעות ראיליות, מניות לא סחירות)",,0.0,0.0,0,,,,,מוג מקור ללא מניות,2026-10-01T19:04:55.478Z,https://www.kranoth.org.il/wp-content/uploads/2024/01/%D7%9E%D7%95%D7%92_%D7%9E%D7%A7%D7%95%D7%A8_%D7%90%D7%92%D7%97-%D7%9E%D7%93%D7%99%D7%A0%D7%99%D7%95%D7%AA_%D7%94%D7%A9%D7%A7%D7%A2%D7%95%D7%AA_25.12.23.xlsx,policy/companies/520027251/raw/520027251/8eefd1c44712_מוג_מקור_אגח-מדיניות_השקעות_25.12.23.xlsx,מוג מקור ללא מניות
520027251,,,520027251|מוג מקור ללא מניות|מסלול ללא מניות,מוג מקור ללא מניות - מסלול ללא מניות,2023,"עו""ש (כולל פר""י, פק""מ שבועי, עו""ש מט""ח)**",,6.79,5.0,5% +/-,0.0,10.0,"מדד מק""מ",,מוג מקור ללא מניות,2026-10-01T19:04:55.478Z,https://www.kranoth.org.il/wp-content/uploads/2024/01/%D7%9E%D7%95%D7%92_%D7%9E%D7%A7%D7%95%D7%A8_%D7%90%D7%92%D7%97-%D7%9E%D7%93%D7%99%D7%A0%D7%99%D7%95%D7%AA_%D7%94%D7%A9%D7%A7%D7%A2%D7%95%D7%AA_25.12.23.xlsx,policy/companies/520027251/raw/520027251/8eefd1c44712_מוג_מקור_אגח-מדיניות_השקעות_25.12.23.xlsx,מוג מקור ללא מניות
520027251,,,520027251|מוג מקור ללא מניות|מסלול ללא מניות,מוג מקור ללא מניות - מסלול ללא מניות,2023,"סה""כ*",,100.0,100.0,1,,,,,מוג מקור ללא מניות,2026-10-01T19:04:55.478Z,https://www.kranoth.org.il/wp-content/uploads/2024/01/%D7%9E%D7%95%D7%92_%D7%9E%D7%A7%D7%95%D7%A8_%D7%90%D7%92%D7%97-%D7%9E%D7%93%D7%99%D7%A0%D7%99%D7%95%D7%AA_%D7%94%D7%A9%D7%A7%D7%A2%D7%95%D7%AA_25.12.23.xlsx,policy/companies/520027251/raw/520027251/8eefd1c44712_מוג_מקור_אגח-מדיניות_השקעות_25.12.23.xlsx,מוג מקור ללא מניות
520027251,,,520027251|מוג מקור ללא מניות|מסלול ללא מניות,מוג מקור ללא מניות - מסלול ללא מניות,2023,"חשיפה למט""ח",fx,4.61,6.0,6% +/-,0.0,12.0,,,מוג מקור ללא מניות,2026-10-01T19:04:55.478Z,https://www.kranoth.org.il/wp-content/uploads/2024/01/%D7%9E%D7%95%D7%92_%D7%9E%D7%A7%D7%95%D7%A8_%D7%90%D7%92%D7%97-%D7%9E%D7%93%D7%99%D7%A0%D7%99%D7%95%D7%AA_%D7%94%D7%A9%D7%A7%D7%A2%D7%95%D7%AA_25.12.23.xlsx,policy/companies/520027251/raw/520027251/8eefd1c44712_מוג_מקור_אגח-מדיניות_השקעות_25.12.23.xlsx,מוג מקור ללא מניות
520027251,,,520027251|מוג מקור הלכתי|מוג מקור הלכתי,מוג מקור הלכתי,2023,מניות,equity,45.1,46.0,6% +/-,40.0,52.0,"ת""א 125- 30% MSCI ALL COUNTRIES  -70% שקלי",,מוג מקור הלכתי,2026-10-01T19:04:51.594Z,https://www.kranoth.org.il/wp-content/uploads/2024/01/%D7%9E%D7%95%D7%92_%D7%9E%D7%A7%D7%95%D7%A8_%D7%94%D7%9C%D7%9B%D7%AA%D7%99-%D7%9E%D7%93%D7%99%D7%A0%D7%99%D7%95%D7%AA_%D7%94%D7%A9%D7%A7%D7%A2%D7%95%D7%AA_%D7%A6%D7%A4%D7%95%D7%99%D7%94_25.12.23.xlsx,policy/companies/520027251/raw/520027251/90456ec3b930_מוג_מקור_הלכתי-מדיניות_השקעות_צפויה_25.12.23.xlsx,מוג מקור הלכתי
520027251,,,520027251|מוג מקור הלכתי|מוג מקור הלכתי,מוג מקור הלכתי,2023,"אג""ח ממשלתי (שקלי, צמוד, משתנה, מט""ח, מק""מ)",,25.53,25.0,5% +/-,20.0,30.0,ממשלתי שקלי בריבית קבועה- 65% ממשלתי צמוד 2-5 שנים- 35%,,מוג מקור הלכתי,2026-10-01T19:04:51.594Z,https://www.kranoth.org.il/wp-content/uploads/2024/01/%D7%9E%D7%95%D7%92_%D7%9E%D7%A7%D7%95%D7%A8_%D7%94%D7%9C%D7%9B%D7%AA%D7%99-%D7%9E%D7%93%D7%99%D7%A0%D7%99%D7%95%D7%AA_%D7%94%D7%A9%D7%A7%D7%A2%D7%95%D7%AA_%D7%A6%D7%A4%D7%95%D7%99%D7%94_25.12.23.xlsx,policy/companies/520027251/raw/520027251/90456ec3b930_מוג_מקור_הלכתי-מדיניות_השקעות_צפויה_25.12.23.xlsx,מוג מקור הלכתי
520027251,,,520027251|מוג מקור הלכתי|מוג מקור הלכתי,מוג מקור הלכתי,2023,"אג""ח קונצרני (כולל פקדונות ושטרי הון)***",,23.38,24.0,6% +/-,18.0,30.0,תל בונד 60 -60%        תל בונד שקלי 20%     Bloomberg us corporate 1  bond index 10  -20%  שקלי,,מוג מקור הלכתי,2026-10-01T19:04:51.594Z,https://www.kranoth.org.il/wp-content/uploads/2024/01/%D7%9E%D7%95%D7%92_%D7%9E%D7%A7%D7%95%D7%A8_%D7%94%D7%9C%D7%9B%D7%AA%D7%99-%D7%9E%D7%93%D7%99%D7%A0%D7%99%D7%95%D7%AA_%D7%94%D7%A9%D7%A7%D7%A2%D7%95%D7%AA_%D7%A6%D7%A4%D7%95%D7%99%D7%94_25.12.23.xlsx,policy/companies/520027251/raw/520027251/90456ec3b930_מוג_מקור_הלכתי-מדיניות_השקעות_צפויה_25.12.23.xlsx,מוג מקור הלכתי
520027251,,,520027251|מוג מקור הלכתי|מוג מקור הלכתי,מוג מקור הלכתי,2023,"אחר (קרנות הון סיכון, קרנות השקעה, קרנות גידור, הלוואות לעמיתים שקליות' השקעות ראיליות, מניות לא סחירות)",,0.24,3.0,5% +/-,0.0,8.0,,,מוג מקור הלכתי,2026-10-01T19:04:51.594Z,https://www.kranoth.org.il/wp-content/uploads/2024/01/%D7%9E%D7%95%D7%92_%D7%9E%D7%A7%D7%95%D7%A8_%D7%94%D7%9C%D7%9B%D7%AA%D7%99-%D7%9E%D7%93%D7%99%D7%A0%D7%99%D7%95%D7%AA_%D7%94%D7%A9%D7%A7%D7%A2%D7%95%D7%AA_%D7%A6%D7%A4%D7%95%D7%99%D7%94_25.12.23.xlsx,policy/companies/520027251/raw/520027251/90456ec3b930_מוג_מקור_הלכתי-מדיניות_השקעות_צפויה_25.12.23.xlsx,מוג מקור הלכתי
520027251,,,520027251|מוג מקור הלכתי|מוג מקור הלכתי,מוג מקור הלכתי,2023,"עו""ש (כולל פר""י, פק""מ שבועי, עו""ש מט""ח)**",,5.7,5.0,5% +/-,0.0,10.0,"מדד מק""מ",,מוג מקור הלכתי,2026-10-01T19:04:51.594Z,https://www.kranoth.org.il/wp-content/uploads/2024/01/%D7%9E%D7%95%D7%92_%D7%9E%D7%A7%D7%95%D7%A8_%D7%94%D7%9C%D7%9B%D7%AA%D7%99-%D7%9E%D7%93%D7%99%D7%A0%D7%99%D7%95%D7%AA_%D7%94%D7%A9%D7%A7%D7%A2%D7%95%D7%AA_%D7%A6%D7%A4%D7%95%D7%99%D7%94_25.12.23.xlsx,policy/companies/520027251/raw/520027251/90456ec3b930_מוג_מקור_הלכתי-מדיניות_השקעות_צפויה_25.12.23.xlsx,מוג מקור הלכתי
520027251,,,520027251|מוג מקור הלכתי|מוג מקור הלכתי,מוג מקור הלכתי,2023,"סה""כ*",,99.95,103.0,,,,,,מוג מקור הלכתי,2026-10-01T19:04:51.594Z,https://www.kranoth.org.il/wp-content/uploads/2024/01/%D7%9E%D7%95%D7%92_%D7%9E%D7%A7%D7%95%D7%A8_%D7%94%D7%9C%D7%9B%D7%AA%D7%99-%D7%9E%D7%93%D7%99%D7%A0%D7%99%D7%95%D7%AA_%D7%94%D7%A9%D7%A7%D7%A2%D7%95%D7%AA_%D7%A6%D7%A4%D7%95%D7%99%D7%94_25.12.23.xlsx,policy/companies/520027251/raw/520027251/90456ec3b930_מוג_מקור_הלכתי-מדיניות_השקעות_צפויה_25.12.23.xlsx,מוג מקור הלכתי
520027251,,,520027251|מוג מקור הלכתי|מוג מקור הלכתי,מוג מקור הלכתי,2023,"חשיפה למט""ח",fx,22.5,19.0,6% +/-,13.0,25.0,,,מוג מקור הלכתי,2026-10-01T19:04:51.594Z,https://www.kranoth.org.il/wp-content/uploads/2024/01/%D7%9E%D7%95%D7%92_%D7%9E%D7%A7%D7%95%D7%A8_%D7%94%D7%9C%D7%9B%D7%AA%D7%99-%D7%9E%D7%93%D7%99%D7%A0%D7%99%D7%95%D7%AA_%D7%94%D7%A9%D7%A7%D7%A2%D7%95%D7%AA_%D7%A6%D7%A4%D7%95%D7%99%D7%94_25.12.23.xlsx,policy/companies/520027251/raw/520027251/90456ec3b930_מוג_מקור_הלכתי-מדיניות_השקעות_צפויה_25.12.23.xlsx,מוג מקור הלכתי
520027251,,,520027251|מוג מקור הלכתי|מוג מקור הלכתי,מוג מקור הלכתי,2023,"מגבלת עמלת ניהול חיצוני לשנת תשפ""ד",,0.15,,,,,,,מוג מקור הלכתי,2026-10-01T19:04:51.594Z,https://www.kranoth.org.il/wp-content/uploads/2024/01/%D7%9E%D7%95%D7%92_%D7%9E%D7%A7%D7%95%D7%A8_%D7%94%D7%9C%D7%9B%D7%AA%D7%99-%D7%9E%D7%93%D7%99%D7%A0%D7%99%D7%95%D7%AA_%D7%94%D7%A9%D7%A7%D7%A2%D7%95%D7%AA_%D7%A6%D7%A4%D7%95%D7%99%D7%94_25.12.23.xlsx,policy/companies/520027251/raw/520027251/90456ec3b930_מוג_מקור_הלכתי-מדיניות_השקעות_צפויה_25.12.23.xlsx,מוג מקור הלכתי
520027251,,,520027251|מוג מקור הלכתי|מוג מקור הלכתי,מוג מקור הלכתי,2022,מניות,equity,46.83,46.0,6% +/-,40.0,52.0,"ת""א 125- 30% MSCI ALL COUNTRIES  -70% שקלי",,מוג מקור הלכתי,2026-10-01T19:04:52.644Z,https://www.kranoth.org.il/wp-content/uploads/2022/10/%D7%9E%D7%93%D7%99%D7%A0%D7%99%D7%95%D7%AA_%D7%94%D7%A9%D7%A7%D7%A2%D7%95%D7%AA_%D7%A6%D7%A4%D7%95%D7%99%D7%94_%D7%AA%D7%A9%D7%A4%D7%92_%D7%9E%D7%95%D7%92_%D7%9E%D7%A7%D7%95%D7%A8_%D7%9E%D7%A1%D7%9C%D7%95%D7%9C_%D7%94%D7%9C%D7%9B%D7%94.xlsx,policy/companies/520027251/raw/520027251/9e5b15d0536a_מדיניות_השקעות_צפויה_תשפג_מוג_מקור_מסלול_הלכה.xlsx,מוג מקור הלכתי
520027251,,,520027251|מוג מקור הלכתי|מוג מקור הלכתי,מוג מקור הלכתי,2022,"אג""ח ממשלתי (שקלי, צמוד, משתנה, מט""ח, מק""מ)",,25.14,27.0,5% +/-,22.0,32.0,ממשלתי שקלי 2-5 שנים- 65% ממשלתי צמוד 2-5 שנים- 35%,,מוג מקור הלכתי,2026-10-01T19:04:52.644Z,https://www.kranoth.org.il/wp-content/uploads/2022/10/%D7%9E%D7%93%D7%99%D7%A0%D7%99%D7%95%D7%AA_%D7%94%D7%A9%D7%A7%D7%A2%D7%95%D7%AA_%D7%A6%D7%A4%D7%95%D7%99%D7%94_%D7%AA%D7%A9%D7%A4%D7%92_%D7%9E%D7%95%D7%92_%D7%9E%D7%A7%D7%95%D7%A8_%D7%9E%D7%A1%D7%9C%D7%95%D7%9C_%D7%94%D7%9C%D7%9B%D7%94.xlsx,policy/companies/520027251/raw/520027251/9e5b15d0536a_מדיניות_השקעות_צפויה_תשפג_מוג_מקור_מסלול_הלכה.xlsx,מוג מקור הלכתי
520027251,,,520027251|מוג מקור הלכתי|מוג מקור הלכתי,מוג מקור הלכתי,2022,"אג""ח קונצרני (כולל פקדונות ושטרי הון)***",,19.61,22.0,6% +/-,16.0,28.0,תל בונד 60 -60%        תל בונד שקלי 20%     Bloomberg us corporate 1  bond index 10  -20%  שקלי,,מוג מקור הלכתי,2026-10-01T19:04:52.644Z,https://www.kranoth.org.il/wp-content/uploads/2022/10/%D7%9E%D7%93%D7%99%D7%A0%D7%99%D7%95%D7%AA_%D7%94%D7%A9%D7%A7%D7%A2%D7%95%D7%AA_%D7%A6%D7%A4%D7%95%D7%99%D7%94_%D7%AA%D7%A9%D7%A4%D7%92_%D7%9E%D7%95%D7%92_%D7%9E%D7%A7%D7%95%D7%A8_%D7%9E%D7%A1%D7%9C%D7%95%D7%9C_%D7%94%D7%9C%D7%9B%D7%94.xlsx,policy/companies/520027251/raw/520027251/9e5b15d0536a_מדיניות_השקעות_צפויה_תשפג_מוג_מקור_מסלול_הלכה.xlsx,מוג מקור הלכתי
520027251,,,520027251|מוג מקור הלכתי|מוג מקור הלכתי,מוג מקור הלכתי,2022,"אחר (קרנות הון סיכון, קרנות השקעה, קרנות גידור, הלוואות לעמיתים שקליות' השקעות ראיליות, מניות לא סחירות)",,0.0,3.0,5% +/-,0.0,8.0,,,מוג מקור הלכתי,2026-10-01T19:04:52.644Z,https://www.kranoth.org.il/wp-content/uploads/2022/10/%D7%9E%D7%93%D7%99%D7%A0%D7%99%D7%95%D7%AA_%D7%94%D7%A9%D7%A7%D7%A2%D7%95%D7%AA_%D7%A6%D7%A4%D7%95%D7%99%D7%94_%D7%AA%D7%A9%D7%A4%D7%92_%D7%9E%D7%95%D7%92_%D7%9E%D7%A7%D7%95%D7%A8_%D7%9E%D7%A1%D7%9C%D7%95%D7%9C_%D7%94%D7%9C%D7%9B%D7%94.xlsx,policy/companies/520027251/raw/520027251/9e5b15d0536a_מדיניות_השקעות_צפויה_תשפג_מוג_מקור_מסלול_הלכה.xlsx,מוג מקור הלכתי
520027251,,,520027251|מוג מקור הלכתי|מוג מקור הלכתי,מוג מקור הלכתי,2022,"עו""ש (כולל פר""י, פק""מ שבועי, עו""ש מט""ח)**",,7.14,5.0,5% +/-,0.0,10.0,"מדד מק""מ",,מוג מקור הלכתי,2026-10-01T19:04:52.644Z,https://www.kranoth.org.il/wp-content/uploads/2022/10/%D7%9E%D7%93%D7%99%D7%A0%D7%99%D7%95%D7%AA_%D7%94%D7%A9%D7%A7%D7%A2%D7%95%D7%AA_%D7%A6%D7%A4%D7%95%D7%99%D7%94_%D7%AA%D7%A9%D7%A4%D7%92_%D7%9E%D7%95%D7%92_%D7%9E%D7%A7%D7%95%D7%A8_%D7%9E%D7%A1%D7%9C%D7%95%D7%9C_%D7%94%D7%9C%D7%9B%D7%94.xlsx,policy/companies/520027251/raw/520027251/9e5b15d0536a_מדיניות_השקעות_צפויה_תשפג_מוג_מקור_מסלול_הלכה.xlsx,מוג מקור הלכתי
520027251,,,520027251|מוג מקור הלכתי|מוג מקור הלכתי,מוג מקור הלכתי,2022,"סה""כ*",,98.72,103.0,1.03,,,,,מוג מקור הלכתי,2026-10-01T19:04:52.644Z,https://www.kranoth.org.il/wp-content/uploads/2022/10/%D7%9E%D7%93%D7%99%D7%A0%D7%99%D7%95%D7%AA_%D7%94%D7%A9%D7%A7%D7%A2%D7%95%D7%AA_%D7%A6%D7%A4%D7%95%D7%99%D7%94_%D7%AA%D7%A9%D7%A4%D7%92_%D7%9E%D7%95%D7%92_%D7%9E%D7%A7%D7%95%D7%A8_%D7%9E%D7%A1%D7%9C%D7%95%D7%9C_%D7%94%D7%9C%D7%9B%D7%94.xlsx,policy/companies/520027251/raw/520027251/9e5b15d0536a_מדיניות_השקעות_צפויה_תשפג_מוג_מקור_מסלול_הלכה.xlsx,מוג מקור הלכתי
520027251,,,520027251|מוג מקור הלכתי|מוג מקור הלכתי,מוג מקור הלכתי,2022,"חשיפה למט""ח",fx,17.91,19.0,6% +/-,13.0,25.0,,,מוג מקור הלכתי,2026-10-01T19:04:52.644Z,https://www.kranoth.org.il/wp-content/uploads/2022/10/%D7%9E%D7%93%D7%99%D7%A0%D7%99%D7%95%D7%AA_%D7%94%D7%A9%D7%A7%D7%A2%D7%95%D7%AA_%D7%A6%D7%A4%D7%95%D7%99%D7%94_%D7%AA%D7%A9%D7%A4%D7%92_%D7%9E%D7%95%D7%92_%D7%9E%D7%A7%D7%95%D7%A8_%D7%9E%D7%A1%D7%9C%D7%95%D7%9C_%D7%94%D7%9C%D7%9B%D7%94.xlsx,policy/companies/520027251/raw/520027251/9e5b15d0536a_מדיניות_השקעות_צפויה_תשפג_מוג_מקור_מסלול_הלכה.xlsx,מוג מקור הלכתי
520027251,,,520027251|מורים וגננות|מורים וגננות,מורים וגננות,2023,מניות סחירות,equity,45.07,44.0,6% +/-,38.0,50.0,"ת""א 125- 30% MSCI ALL COUNTRIES  -70% שקלי",,מורים וגננות,2026-10-01T19:04:21.094Z,https://www.kranoth.org.il/wp-content/uploads/2023/08/%D7%9E%D7%93%D7%99%D7%A0%D7%99%D7%95%D7%AA_%D7%94%D7%A9%D7%A7%D7%A2%D7%95%D7%AA_%D7%A6%D7%A4%D7%95%D7%99%D7%94_%D7%AA%D7%A9%D7%A4%D7%93-%D7%9E%D7%95%D7%92_%D7%A8%D7%92%D7%99%D7%9C%D7%94-%D7%9E%D7%A1%D7%9C%D7%95%D7%9C_%D7%9B%D7%9C%D7%9C%D7%99.xlsx,policy/companies/520027251/raw/520027251/9f3767cb79dc_מדיניות_השקעות_צפויה_תשפד-מוג_רגילה-מסלול_כללי.xlsx,מורים וגננות 
520027251,,,520027251|מורים וגננות|מורים וגננות,מורים וגננות,2023,"אג""ח ממשלתי (שקלי, צמוד, משתנה, מט""ח, מק""מ)",,11.96,15.0,5% +/-,10.0,20.0,ממשלתי שקלי בריבית קבועה- 65% ממשלתי צמוד 2-5 שנים- 35%,,מורים וגננות,2026-10-01T19:04:21.094Z,https://www.kranoth.org.il/wp-content/uploads/2023/08/%D7%9E%D7%93%D7%99%D7%A0%D7%99%D7%95%D7%AA_%D7%94%D7%A9%D7%A7%D7%A2%D7%95%D7%AA_%D7%A6%D7%A4%D7%95%D7%99%D7%94_%D7%AA%D7%A9%D7%A4%D7%93-%D7%9E%D7%95%D7%92_%D7%A8%D7%92%D7%99%D7%9C%D7%94-%D7%9E%D7%A1%D7%9C%D7%95%D7%9C_%D7%9B%D7%9C%D7%9C%D7%99.xlsx,policy/companies/520027251/raw/520027251/9f3767cb79dc_מדיניות_השקעות_צפויה_תשפד-מוג_רגילה-מסלול_כללי.xlsx,מורים וגננות 
520027251,,,520027251|מורים וגננות|מורים וגננות,מורים וגננות,2023,"אג""ח קונצרני (כולל פקדונות ושטרי הון)***",,19.68,20.0,6% +/-,14.0,26.0,תל בונד 60 -60%        תל בונד שקלי 20%     Bloomberg us corporate 1  bond index 10  -20%  שקלי,,מורים וגננות,2026-10-01T19:04:21.094Z,https://www.kranoth.org.il/wp-content/uploads/2023/08/%D7%9E%D7%93%D7%99%D7%A0%D7%99%D7%95%D7%AA_%D7%94%D7%A9%D7%A7%D7%A2%D7%95%D7%AA_%D7%A6%D7%A4%D7%95%D7%99%D7%94_%D7%AA%D7%A9%D7%A4%D7%93-%D7%9E%D7%95%D7%92_%D7%A8%D7%92%D7%99%D7%9C%D7%94-%D7%9E%D7%A1%D7%9C%D7%95%D7%9C_%D7%9B%D7%9C%D7%9C%D7%99.xlsx,policy/companies/520027251/raw/520027251/9f3767cb79dc_מדיניות_השקעות_צפויה_תשפד-מוג_רגילה-מסלול_כללי.xlsx,מורים וגננות 
520027251,,,520027251|מורים וגננות|מורים וגננות,מורים וגננות,2023,"אחר (קרנות הון סיכון, קרנות השקעה, קרנות גידור, הלוואות לעמיתים שקליות' השקעות ראיליות, מניות לא סחירות)",,22.0,22.0,5% +/-,17.0,27.0,,,מורים וגננות,2026-10-01T19:04:21.094Z,https://www.kranoth.org.il/wp-content/uploads/2023/08/%D7%9E%D7%93%D7%99%D7%A0%D7%99%D7%95%D7%AA_%D7%94%D7%A9%D7%A7%D7%A2%D7%95%D7%AA_%D7%A6%D7%A4%D7%95%D7%99%D7%94_%D7%AA%D7%A9%D7%A4%D7%93-%D7%9E%D7%95%D7%92_%D7%A8%D7%92%D7%99%D7%9C%D7%94-%D7%9E%D7%A1%D7%9C%D7%95%D7%9C_%D7%9B%D7%9C%D7%9C%D7%99.xlsx,policy/companies/520027251/raw/520027251/9f3767cb79dc_מדיניות_השקעות_צפויה_תשפד-מוג_רגילה-מסלול_כללי.xlsx,מורים וגננות 
520027251,,,520027251|מורים וגננות|מורים וגננות,מורים וגננות,2023,"עו""ש (כולל פר""י, פק""מ שבועי, עו""ש מט""ח)**",,5.74,5.0,5% +/-,0.0,10.0,"מדד מק""מ",,מורים וגננות,2026-10-01T19:04:21.094Z,https://www.kranoth.org.il/wp-content/uploads/2023/08/%D7%9E%D7%93%D7%99%D7%A0%D7%99%D7%95%D7%AA_%D7%94%D7%A9%D7%A7%D7%A2%D7%95%D7%AA_%D7%A6%D7%A4%D7%95%D7%99%D7%94_%D7%AA%D7%A9%D7%A4%D7%93-%D7%9E%D7%95%D7%92_%D7%A8%D7%92%D7%99%D7%9C%D7%94-%D7%9E%D7%A1%D7%9C%D7%95%D7%9C_%D7%9B%D7%9C%D7%9C%D7%99.xlsx,policy/companies/520027251/raw/520027251/9f3767cb79dc_מדיניות_השקעות_צפויה_תשפד-מוג_רגילה-מסלול_כללי.xlsx,מורים וגננות 
520027251,,,520027251|מורים וגננות|מורים וגננות,מורים וגננות,2023,"סה""כ*",,104.45,106.0,1.05,,,,,מורים וגננות,2026-10-01T19:04:21.094Z,https://www.kranoth.org.il/wp-content/uploads/2023/08/%D7%9E%D7%93%D7%99%D7%A0%D7%99%D7%95%D7%AA_%D7%94%D7%A9%D7%A7%D7%A2%D7%95%D7%AA_%D7%A6%D7%A4%D7%95%D7%99%D7%94_%D7%AA%D7%A9%D7%A4%D7%93-%D7%9E%D7%95%D7%92_%D7%A8%D7%92%D7%99%D7%9C%D7%94-%D7%9E%D7%A1%D7%9C%D7%95%D7%9C_%D7%9B%D7%9C%D7%9C%D7%99.xlsx,policy/companies/520027251/raw/520027251/9f3767cb79dc_מדיניות_השקעות_צפויה_תשפד-מוג_רגילה-מסלול_כללי.xlsx,מורים וגננות 
520027251,,,520027251|מורים וגננות|מורים וגננות,מורים וגננות,2023,"חשיפה למט""ח",fx,21.7,19.0,6% +/-,13.0,25.0,,,מורים וגננות,2026-10-01T19:04:21.094Z,https://www.kranoth.org.il/wp-content/uploads/2023/08/%D7%9E%D7%93%D7%99%D7%A0%D7%99%D7%95%D7%AA_%D7%94%D7%A9%D7%A7%D7%A2%D7%95%D7%AA_%D7%A6%D7%A4%D7%95%D7%99%D7%94_%D7%AA%D7%A9%D7%A4%D7%93-%D7%9E%D7%95%D7%92_%D7%A8%D7%92%D7%99%D7%9C%D7%94-%D7%9E%D7%A1%D7%9C%D7%95%D7%9C_%D7%9B%D7%9C%D7%9C%D7%99.xlsx,policy/companies/520027251/raw/520027251/9f3767cb79dc_מדיניות_השקעות_צפויה_תשפד-מוג_רגילה-מסלול_כללי.xlsx,מורים וגננות 
520027251,,,520027251|מורים וגננות|מורים וגננות,מורים וגננות,2023,"מגבלת עמלת ניהול חיצוני לשנת תשפ""ד",,0.4,,,,,,,מורים וגננות,2026-10-01T19:04:21.094Z,https://www.kranoth.org.il/wp-content/uploads/2023/08/%D7%9E%D7%93%D7%99%D7%A0%D7%99%D7%95%D7%AA_%D7%94%D7%A9%D7%A7%D7%A2%D7%95%D7%AA_%D7%A6%D7%A4%D7%95%D7%99%D7%94_%D7%AA%D7%A9%D7%A4%D7%93-%D7%9E%D7%95%D7%92_%D7%A8%D7%92%D7%99%D7%9C%D7%94-%D7%9E%D7%A1%D7%9C%D7%95%D7%9C_%D7%9B%D7%9C%D7%9C%D7%99.xlsx,policy/companies/520027251/raw/520027251/9f3767cb79dc_מדיניות_השקעות_צפויה_תשפד-מוג_רגילה-מסלול_כללי.xlsx,מורים וגננות 
520027251,,,520027251|מוג אשראי ואגח|מסלול רגיל,מוג אשראי ואגח - מסלול רגיל,2024,מניות,equity,0.0,0.0,0,0.0,6.0,אין מידע,,מוג אשראי ואגח,2026-10-01T19:04:28.358Z,https://www.kranoth.org.il/wp-content/uploads/2024/12/%D7%9E%D7%95%D7%92_%D7%A8%D7%92%D7%99%D7%9C%D7%94-%D7%9E%D7%A1%D7%9C%D7%95%D7%9C_%D7%90%D7%A9%D7%A8%D7%90%D7%99_%D7%95%D7%90%D7%92%D7%97-%D7%9E%D7%93%D7%99%D7%A0%D7%99%D7%95%D7%AA_%D7%AA%D7%A9%D7%A4%D7%94_%D7%93%D7%A6%D7%9E%D7%91%D7%A8_2024.xlsx,policy/companies/520027251/raw/520027251/a0eb893d4fee_מוג_רגילה-מסלול_אשראי_ואגח-מדיניות_תשפה_דצמבר_2024.xlsx,מוג אשראי ואגח
520027251,,,520027251|מוג אשראי ואגח|מסלול רגיל,מוג אשראי ואגח - מסלול רגיל,2024,"אג""ח ממשלתי (שקלי, צמוד, משתנה, מט""ח, מק""מ)",,57.59,55.0,5% +/-,50.0,60.0,ממשלתי שקלי בריבית קבועה- 65% ממשלתי צמוד 2-5 שנים- 35%,,מוג אשראי ואגח,2026-10-01T19:04:28.358Z,https://www.kranoth.org.il/wp-content/uploads/2024/12/%D7%9E%D7%95%D7%92_%D7%A8%D7%92%D7%99%D7%9C%D7%94-%D7%9E%D7%A1%D7%9C%D7%95%D7%9C_%D7%90%D7%A9%D7%A8%D7%90%D7%99_%D7%95%D7%90%D7%92%D7%97-%D7%9E%D7%93%D7%99%D7%A0%D7%99%D7%95%D7%AA_%D7%AA%D7%A9%D7%A4%D7%94_%D7%93%D7%A6%D7%9E%D7%91%D7%A8_2024.xlsx,policy/companies/520027251/raw/520027251/a0eb893d4fee_מוג_רגילה-מסלול_אשראי_ואגח-מדיניות_תשפה_דצמבר_2024.xlsx,מוג אשראי ואגח
520027251,,,520027251|מוג אשראי ואגח|מסלול רגיל,מוג אשראי ואגח - מסלול רגיל,2024,"אג""ח קונצרני (כולל פקדונות ושטרי הון)***",,37.57,40.0,6% +/-,34.0,46.0,תל בונד 60 -60%        תל בונד שקלי 20%     Bloomberg us corporate 1  bond index 10  -20%  שקלי,,מוג אשראי ואגח,2026-10-01T19:04:28.358Z,https://www.kranoth.org.il/wp-content/uploads/2024/12/%D7%9E%D7%95%D7%92_%D7%A8%D7%92%D7%99%D7%9C%D7%94-%D7%9E%D7%A1%D7%9C%D7%95%D7%9C_%D7%90%D7%A9%D7%A8%D7%90%D7%99_%D7%95%D7%90%D7%92%D7%97-%D7%9E%D7%93%D7%99%D7%A0%D7%99%D7%95%D7%AA_%D7%AA%D7%A9%D7%A4%D7%94_%D7%93%D7%A6%D7%9E%D7%91%D7%A8_2024.xlsx,policy/companies/520027251/raw/520027251/a0eb893d4fee_מוג_רגילה-מסלול_אשראי_ואגח-מדיניות_תשפה_דצמבר_2024.xlsx,מוג אשראי ואגח
520027251,,,520027251|מוג אשראי ואגח|מסלול רגיל,מוג אשראי ואגח - מסלול רגיל,2024,"אחר (קרנות הון סיכון, קרנות השקעה, קרנות גידור, הלוואות לעמיתים שקליות' השקעות ראיליות, מניות לא סחירות)",,0.0,0.0,0,0.0,5.0,אין מידע,,מוג אשראי ואגח,2026-10-01T19:04:28.358Z,https://www.kranoth.org.il/wp-content/uploads/2024/12/%D7%9E%D7%95%D7%92_%D7%A8%D7%92%D7%99%D7%9C%D7%94-%D7%9E%D7%A1%D7%9C%D7%95%D7%9C_%D7%90%D7%A9%D7%A8%D7%90%D7%99_%D7%95%D7%90%D7%92%D7%97-%D7%9E%D7%93%D7%99%D7%A0%D7%99%D7%95%D7%AA_%D7%AA%D7%A9%D7%A4%D7%94_%D7%93%D7%A6%D7%9E%D7%91%D7%A8_2024.xlsx,policy/companies/520027251/raw/520027251/a0eb893d4fee_מוג_רגילה-מסלול_אשראי_ואגח-מדיניות_תשפה_דצמבר_2024.xlsx,מוג אשראי ואגח
520027251,,,520027251|מוג אשראי ואגח|מסלול רגיל,מוג אשראי ואגח - מסלול רגיל,2024,"עו""ש (כולל פר""י, פק""מ שבועי, עו""ש מט""ח)**",,4.84,5.0,5% +/-,0.0,10.0,"מדד מק""מ",,מוג אשראי ואגח,2026-10-01T19:04:28.358Z,https://www.kranoth.org.il/wp-content/uploads/2024/12/%D7%9E%D7%95%D7%92_%D7%A8%D7%92%D7%99%D7%9C%D7%94-%D7%9E%D7%A1%D7%9C%D7%95%D7%9C_%D7%90%D7%A9%D7%A8%D7%90%D7%99_%D7%95%D7%90%D7%92%D7%97-%D7%9E%D7%93%D7%99%D7%A0%D7%99%D7%95%D7%AA_%D7%AA%D7%A9%D7%A4%D7%94_%D7%93%D7%A6%D7%9E%D7%91%D7%A8_2024.xlsx,policy/companies/520027251/raw/520027251/a0eb893d4fee_מוג_רגילה-מסלול_אשראי_ואגח-מדיניות_תשפה_דצמבר_2024.xlsx,מוג אשראי ואגח
520027251,,,520027251|מוג אשראי ואגח|מסלול רגיל,מוג אשראי ואגח - מסלול רגיל,2024,"סה""כ*",,100.0,100.0,1,,,אין מידע,,מוג אשראי ואגח,2026-10-01T19:04:28.358Z,https://www.kranoth.org.il/wp-content/uploads/2024/12/%D7%9E%D7%95%D7%92_%D7%A8%D7%92%D7%99%D7%9C%D7%94-%D7%9E%D7%A1%D7%9C%D7%95%D7%9C_%D7%90%D7%A9%D7%A8%D7%90%D7%99_%D7%95%D7%90%D7%92%D7%97-%D7%9E%D7%93%D7%99%D7%A0%D7%99%D7%95%D7%AA_%D7%AA%D7%A9%D7%A4%D7%94_%D7%93%D7%A6%D7%9E%D7%91%D7%A8_2024.xlsx,policy/companies/520027251/raw/520027251/a0eb893d4fee_מוג_רגילה-מסלול_אשראי_ואגח-מדיניות_תשפה_דצמבר_2024.xlsx,מוג אשראי ואגח
520027251,,,520027251|מוג אשראי ואגח|מסלול רגיל,מוג אשראי ואגח - מסלול רגיל,2024,"חשיפה למט""ח",fx,3.14,6.0,6% +/-,0.0,12.0,אין מידע,,מוג אשראי ואגח,2026-10-01T19:04:28.358Z,https://www.kranoth.org.il/wp-content/uploads/2024/12/%D7%9E%D7%95%D7%92_%D7%A8%D7%92%D7%99%D7%9C%D7%94-%D7%9E%D7%A1%D7%9C%D7%95%D7%9C_%D7%90%D7%A9%D7%A8%D7%90%D7%99_%D7%95%D7%90%D7%92%D7%97-%D7%9E%D7%93%D7%99%D7%A0%D7%99%D7%95%D7%AA_%D7%AA%D7%A9%D7%A4%D7%94_%D7%93%D7%A6%D7%9E%D7%91%D7%A8_2024.xlsx,policy/companies/520027251/raw/520027251/a0eb893d4fee_מוג_רגילה-מסלול_אשראי_ואגח-מדיניות_תשפה_דצמבר_2024.xlsx,מוג אשראי ואגח
520027251,,,520027251|מורים וגננות|מורים וגננות,מורים וגננות,2023,מניות סחירות,equity,44.72,44.0,6% +/-,38.0,50.0,"ת""א 125- 30% MSCI ALL COUNTRIES  -70% שקלי",,מורים וגננות,2026-10-01T19:04:20.829Z,https://www.kranoth.org.il/wp-content/uploads/2024/01/%D7%9E%D7%95%D7%92_%D7%A8%D7%92%D7%99%D7%9C%D7%94_%D7%9B%D7%9C%D7%9C%D7%99-%D7%9E%D7%93%D7%99%D7%A0%D7%99%D7%95%D7%AA_%D7%94%D7%A9%D7%A2%D7%95%D7%AA_%D7%A6%D7%A4%D7%95%D7%99%D7%94_25.12.23.xlsx,policy/companies/520027251/raw/520027251/a493e0b4627b_מוג_רגילה_כללי-מדיניות_השעות_צפויה_25.12.23.xlsx,מורים וגננות 
520027251,,,520027251|מורים וגננות|מורים וגננות,מורים וגננות,2023,"אג""ח ממשלתי (שקלי, צמוד, משתנה, מט""ח, מק""מ)",,13.02,15.0,5% +/-,10.0,20.0,ממשלתי שקלי בריבית קבועה- 65% ממשלתי צמוד 2-5 שנים- 35%,,מורים וגננות,2026-10-01T19:04:20.829Z,https://www.kranoth.org.il/wp-content/uploads/2024/01/%D7%9E%D7%95%D7%92_%D7%A8%D7%92%D7%99%D7%9C%D7%94_%D7%9B%D7%9C%D7%9C%D7%99-%D7%9E%D7%93%D7%99%D7%A0%D7%99%D7%95%D7%AA_%D7%94%D7%A9%D7%A2%D7%95%D7%AA_%D7%A6%D7%A4%D7%95%D7%99%D7%94_25.12.23.xlsx,policy/companies/520027251/raw/520027251/a493e0b4627b_מוג_רגילה_כללי-מדיניות_השעות_צפויה_25.12.23.xlsx,מורים וגננות 
520027251,,,520027251|מורים וגננות|מורים וגננות,מורים וגננות,2023,"אג""ח קונצרני (כולל פקדונות ושטרי הון)***",,19.37,20.0,6% +/-,14.0,26.0,תל בונד 60 -60%        תל בונד שקלי 20%     Bloomberg us corporate 1  bond index 10  -20%  שקלי,,מורים וגננות,2026-10-01T19:04:20.829Z,https://www.kranoth.org.il/wp-content/uploads/2024/01/%D7%9E%D7%95%D7%92_%D7%A8%D7%92%D7%99%D7%9C%D7%94_%D7%9B%D7%9C%D7%9C%D7%99-%D7%9E%D7%93%D7%99%D7%A0%D7%99%D7%95%D7%AA_%D7%94%D7%A9%D7%A2%D7%95%D7%AA_%D7%A6%D7%A4%D7%95%D7%99%D7%94_25.12.23.xlsx,policy/companies/520027251/raw/520027251/a493e0b4627b_מוג_רגילה_כללי-מדיניות_השעות_צפויה_25.12.23.xlsx,מורים וגננות 
520027251,,,520027251|מורים וגננות|מורים וגננות,מורים וגננות,2023,"אחר (קרנות הון סיכון, קרנות השקעה, קרנות גידור, הלוואות לעמיתים שקליות' השקעות ראיליות, מניות לא סחירות)",,21.94,22.0,5% +/-,17.0,27.0,,,מורים וגננות,2026-10-01T19:04:20.829Z,https://www.kranoth.org.il/wp-content/uploads/2024/01/%D7%9E%D7%95%D7%92_%D7%A8%D7%92%D7%99%D7%9C%D7%94_%D7%9B%D7%9C%D7%9C%D7%99-%D7%9E%D7%93%D7%99%D7%A0%D7%99%D7%95%D7%AA_%D7%94%D7%A9%D7%A2%D7%95%D7%AA_%D7%A6%D7%A4%D7%95%D7%99%D7%94_25.12.23.xlsx,policy/companies/520027251/raw/520027251/a493e0b4627b_מוג_רגילה_כללי-מדיניות_השעות_צפויה_25.12.23.xlsx,מורים וגננות 
520027251,,,520027251|מורים וגננות|מורים וגננות,מורים וגננות,2023,"עו""ש (כולל פר""י, פק""מ שבועי, עו""ש מט""ח)**",,5.35,5.0,5% +/-,0.0,10.0,"מדד מק""מ",,מורים וגננות,2026-10-01T19:04:20.829Z,https://www.kranoth.org.il/wp-content/uploads/2024/01/%D7%9E%D7%95%D7%92_%D7%A8%D7%92%D7%99%D7%9C%D7%94_%D7%9B%D7%9C%D7%9C%D7%99-%D7%9E%D7%93%D7%99%D7%A0%D7%99%D7%95%D7%AA_%D7%94%D7%A9%D7%A2%D7%95%D7%AA_%D7%A6%D7%A4%D7%95%D7%99%D7%94_25.12.23.xlsx,policy/companies/520027251/raw/520027251/a493e0b4627b_מוג_רגילה_כללי-מדיניות_השעות_צפויה_25.12.23.xlsx,מורים וגננות 
520027251,,,520027251|מורים וגננות|מורים וגננות,מורים וגננות,2023,"סה""כ*",,104.4,106.0,,,,,,מורים וגננות,2026-10-01T19:04:20.829Z,https://www.kranoth.org.il/wp-content/uploads/2024/01/%D7%9E%D7%95%D7%92_%D7%A8%D7%92%D7%99%D7%9C%D7%94_%D7%9B%D7%9C%D7%9C%D7%99-%D7%9E%D7%93%D7%99%D7%A0%D7%99%D7%95%D7%AA_%D7%94%D7%A9%D7%A2%D7%95%D7%AA_%D7%A6%D7%A4%D7%95%D7%99%D7%94_25.12.23.xlsx,policy/companies/520027251/raw/520027251/a493e0b4627b_מוג_רגילה_כללי-מדיניות_השעות_צפויה_25.12.23.xlsx,מורים וגננות 
520027251,,,520027251|מורים וגננות|מורים וגננות,מורים וגננות,2023,"חשיפה למט""ח",fx,22.27,19.0,6% +/-,13.0,25.0,,,מורים וגננות,2026-10-01T19:04:20.829Z,https://www.kranoth.org.il/wp-content/uploads/2024/01/%D7%9E%D7%95%D7%92_%D7%A8%D7%92%D7%99%D7%9C%D7%94_%D7%9B%D7%9C%D7%9C%D7%99-%D7%9E%D7%93%D7%99%D7%A0%D7%99%D7%95%D7%AA_%D7%94%D7%A9%D7%A2%D7%95%D7%AA_%D7%A6%D7%A4%D7%95%D7%99%D7%94_25.12.23.xlsx,policy/companies/520027251/raw/520027251/a493e0b4627b_מוג_רגילה_כללי-מדיניות_השעות_צפויה_25.12.23.xlsx,מורים וגננות 
520027251,,,520027251|מורים וגננות|מורים וגננות,מורים וגננות,2023,"מגבלת עמלת ניהול חיצוני לשנת תשפ""ד",,0.4,,,,,,,מורים וגננות,2026-10-01T19:04:20.829Z,https://www.kranoth.org.il/wp-content/uploads/2024/01/%D7%9E%D7%95%D7%92_%D7%A8%D7%92%D7%99%D7%9C%D7%94_%D7%9B%D7%9C%D7%9C%D7%99-%D7%9E%D7%93%D7%99%D7%A0%D7%99%D7%95%D7%AA_%D7%94%D7%A9%D7%A2%D7%95%D7%AA_%D7%A6%D7%A4%D7%95%D7%99%D7%94_25.12.23.xlsx,policy/companies/520027251/raw/520027251/a493e0b4627b_מוג_רגילה_כללי-מדיניות_השעות_צפויה_25.12.23.xlsx,מורים וגננות 
520027251,,,520027251|מוג מקור הלכתי|מסלול מקוצר,מוג מקור הלכתי - מסלול מקוצר,2024,מניות,equity,46.79,46.0,6% +/-,40.0,52.0,"ת""א 125- 25% MSCI ALL COUNTRIES  -75% שקלי",,מוג מקור הלכתי,2026-10-01T19:04:50.563Z,https://www.kranoth.org.il/wp-content/uploads/2024/11/%D7%9E%D7%95%D7%A8%D7%99%D7%9D_%D7%95%D7%92%D7%A0%D7%A0%D7%95%D7%AA_%D7%9E%D7%A7%D7%95%D7%A8_%D7%9E%D7%A1%D7%9C%D7%95%D7%9C_%D7%94%D7%9C%D7%9B%D7%94_%D7%9E%D7%93%D7%99%D7%A0%D7%99%D7%95%D7%AA_%D7%94%D7%A9%D7%A7%D7%A2%D7%94_%D7%AA%D7%A9%D7%A4%D7%94-1.xlsx,policy/companies/520027251/raw/520027251/a4b66fc71d50_מורים_וגננות_מקור_מסלול_הלכה_מדיניות_השקעה_תשפה-1.xlsx,מוג מקור הלכתי
520027251,,,520027251|מוג מקור הלכתי|מסלול מקוצר,מוג מקור הלכתי - מסלול מקוצר,2024,"אג""ח ממשלתי (שקלי, צמוד, משתנה, מט""ח, מק""מ)",,25.22,25.0,5% +/-,20.0,30.0,ממשלתי שקלי בריבית קבועה- 65% ממשלתי צמוד 2-5 שנים- 35%,,מוג מקור הלכתי,2026-10-01T19:04:50.563Z,https://www.kranoth.org.il/wp-content/uploads/2024/11/%D7%9E%D7%95%D7%A8%D7%99%D7%9D_%D7%95%D7%92%D7%A0%D7%A0%D7%95%D7%AA_%D7%9E%D7%A7%D7%95%D7%A8_%D7%9E%D7%A1%D7%9C%D7%95%D7%9C_%D7%94%D7%9C%D7%9B%D7%94_%D7%9E%D7%93%D7%99%D7%A0%D7%99%D7%95%D7%AA_%D7%94%D7%A9%D7%A7%D7%A2%D7%94_%D7%AA%D7%A9%D7%A4%D7%94-1.xlsx,policy/companies/520027251/raw/520027251/a4b66fc71d50_מורים_וגננות_מקור_מסלול_הלכה_מדיניות_השקעה_תשפה-1.xlsx,מוג מקור הלכתי
520027251,,,520027251|מוג מקור הלכתי|מסלול מקוצר,מוג מקור הלכתי - מסלול מקוצר,2024,"אג""ח קונצרני (כולל פקדונות ושטרי הון)***",,20.77,24.0,6% +/-,18.0,30.0,תל בונד 60 -60%        תל בונד שקלי 20%     Bloomberg us corporate 1  bond index 10  -20%  שקלי,,מוג מקור הלכתי,2026-10-01T19:04:50.563Z,https://www.kranoth.org.il/wp-content/uploads/2024/11/%D7%9E%D7%95%D7%A8%D7%99%D7%9D_%D7%95%D7%92%D7%A0%D7%A0%D7%95%D7%AA_%D7%9E%D7%A7%D7%95%D7%A8_%D7%9E%D7%A1%D7%9C%D7%95%D7%9C_%D7%94%D7%9C%D7%9B%D7%94_%D7%9E%D7%93%D7%99%D7%A0%D7%99%D7%95%D7%AA_%D7%94%D7%A9%D7%A7%D7%A2%D7%94_%D7%AA%D7%A9%D7%A4%D7%94-1.xlsx,policy/companies/520027251/raw/520027251/a4b66fc71d50_מורים_וגננות_מקור_מסלול_הלכה_מדיניות_השקעה_תשפה-1.xlsx,מוג מקור הלכתי
520027251,,,520027251|מוג מקור הלכתי|מסלול מקוצר,מוג מקור הלכתי - מסלול מקוצר,2024,"אחר (קרנות הון סיכון, קרנות השקעה, קרנות גידור, הלוואות לעמיתים שקליות' השקעות ראיליות, מניות לא סחירות)",,0.19,3.0,5% +/-,0.0,8.0,אין מידע,,מוג מקור הלכתי,2026-10-01T19:04:50.563Z,https://www.kranoth.org.il/wp-content/uploads/2024/11/%D7%9E%D7%95%D7%A8%D7%99%D7%9D_%D7%95%D7%92%D7%A0%D7%A0%D7%95%D7%AA_%D7%9E%D7%A7%D7%95%D7%A8_%D7%9E%D7%A1%D7%9C%D7%95%D7%9C_%D7%94%D7%9C%D7%9B%D7%94_%D7%9E%D7%93%D7%99%D7%A0%D7%99%D7%95%D7%AA_%D7%94%D7%A9%D7%A7%D7%A2%D7%94_%D7%AA%D7%A9%D7%A4%D7%94-1.xlsx,policy/companies/520027251/raw/520027251/a4b66fc71d50_מורים_וגננות_מקור_מסלול_הלכה_מדיניות_השקעה_תשפה-1.xlsx,מוג מקור הלכתי
520027251,,,520027251|מוג מקור הלכתי|מסלול מקוצר,מוג מקור הלכתי - מסלול מקוצר,2024,"עו""ש (כולל פר""י, פק""מ שבועי, עו""ש מט""ח)**",,6.76,5.0,5% +/-,0.0,10.0,"מדד מק""מ",,מוג מקור הלכתי,2026-10-01T19:04:50.563Z,https://www.kranoth.org.il/wp-content/uploads/2024/11/%D7%9E%D7%95%D7%A8%D7%99%D7%9D_%D7%95%D7%92%D7%A0%D7%A0%D7%95%D7%AA_%D7%9E%D7%A7%D7%95%D7%A8_%D7%9E%D7%A1%D7%9C%D7%95%D7%9C_%D7%94%D7%9C%D7%9B%D7%94_%D7%9E%D7%93%D7%99%D7%A0%D7%99%D7%95%D7%AA_%D7%94%D7%A9%D7%A7%D7%A2%D7%94_%D7%AA%D7%A9%D7%A4%D7%94-1.xlsx,policy/companies/520027251/raw/520027251/a4b66fc71d50_מורים_וגננות_מקור_מסלול_הלכה_מדיניות_השקעה_תשפה-1.xlsx,מוג מקור הלכתי
520027251,,,520027251|מוג מקור הלכתי|מסלול מקוצר,מוג מקור הלכתי - מסלול מקוצר,2024,"סה""כ*",,99.73,103.0,אין מידע,,,אין מידע,,מוג מקור הלכתי,2026-10-01T19:04:50.563Z,https://www.kranoth.org.il/wp-content/uploads/2024/11/%D7%9E%D7%95%D7%A8%D7%99%D7%9D_%D7%95%D7%92%D7%A0%D7%A0%D7%95%D7%AA_%D7%9E%D7%A7%D7%95%D7%A8_%D7%9E%D7%A1%D7%9C%D7%95%D7%9C_%D7%94%D7%9C%D7%9B%D7%94_%D7%9E%D7%93%D7%99%D7%A0%D7%99%D7%95%D7%AA_%D7%94%D7%A9%D7%A7%D7%A2%D7%94_%D7%AA%D7%A9%D7%A4%D7%94-1.xlsx,policy/companies/520027251/raw/520027251/a4b66fc71d50_מורים_וגננות_מקור_מסלול_הלכה_מדיניות_השקעה_תשפה-1.xlsx,מוג מקור הלכתי
520027251,,,520027251|מוג מקור הלכתי|מסלול מקוצר,מוג מקור הלכתי - מסלול מקוצר,2024,"חשיפה למט""ח",fx,23.42,21.0,6% +/-,15.0,27.0,אין מידע,,מוג מקור הלכתי,2026-10-01T19:04:50.563Z,https://www.kranoth.org.il/wp-content/uploads/2024/11/%D7%9E%D7%95%D7%A8%D7%99%D7%9D_%D7%95%D7%92%D7%A0%D7%A0%D7%95%D7%AA_%D7%9E%D7%A7%D7%95%D7%A8_%D7%9E%D7%A1%D7%9C%D7%95%D7%9C_%D7%94%D7%9C%D7%9B%D7%94_%D7%9E%D7%93%D7%99%D7%A0%D7%99%D7%95%D7%AA_%D7%94%D7%A9%D7%A7%D7%A2%D7%94_%D7%AA%D7%A9%D7%A4%D7%94-1.xlsx,policy/companies/520027251/raw/520027251/a4b66fc71d50_מורים_וגננות_מקור_מסלול_הלכה_מדיניות_השקעה_תשפה-1.xlsx,מוג מקור הלכתי
520027251,,,520027251|מוג מקור הלכתי|מסלול מקוצר,מוג מקור הלכתי - מסלול מקוצר,2024,"מגבלת עמלת ניהול חיצוני לשנת תשפ""ה",,,0.15,אין מידע,,,אין מידע,,מוג מקור הלכתי,2026-10-01T19:04:50.563Z,https://www.kranoth.org.il/wp-content/uploads/2024/11/%D7%9E%D7%95%D7%A8%D7%99%D7%9D_%D7%95%D7%92%D7%A0%D7%A0%D7%95%D7%AA_%D7%9E%D7%A7%D7%95%D7%A8_%D7%9E%D7%A1%D7%9C%D7%95%D7%9C_%D7%94%D7%9C%D7%9B%D7%94_%D7%9E%D7%93%D7%99%D7%A0%D7%99%D7%95%D7%AA_%D7%94%D7%A9%D7%A7%D7%A2%D7%94_%D7%AA%D7%A9%D7%A4%D7%94-1.xlsx,policy/companies/520027251/raw/520027251/a4b66fc71d50_מורים_וגננות_מקור_מסלול_הלכה_מדיניות_השקעה_תשפה-1.xlsx,מוג מקור הלכתי
520027251,,,520027251|מוג הלכתי|מוג הלכתי,מוג הלכתי,2023,מניות,equity,44.8,46.0,6% +/-,40.0,52.0,"ת""א 125- 30% MSCI ALL COUNTRIES  -70% שקלי",,מוג הלכתי,2026-10-01T19:04:25.806Z,https://www.kranoth.org.il/wp-content/uploads/2024/01/%D7%9E%D7%95%D7%92_%D7%A8%D7%92%D7%99%D7%9C%D7%94_%D7%94%D7%9C%D7%9B%D7%94-%D7%9E%D7%93%D7%99%D7%A0%D7%99%D7%95%D7%AA_%D7%94%D7%A9%D7%A7%D7%A2%D7%95%D7%AA_%D7%A6%D7%A4%D7%95%D7%99%D7%94_25.12.23.xlsx,policy/companies/520027251/raw/520027251/a5445e68df99_מוג_רגילה_הלכה-מדיניות_השקעות_צפויה_25.12.23.xlsx,מוג הלכתי
520027251,,,520027251|מוג הלכתי|מוג הלכתי,מוג הלכתי,2023,"אג""ח ממשלתי (שקלי, צמוד, משתנה, מט""ח, מק""מ)",,24.8,25.0,5% +/-,20.0,30.0,ממשלתי שקלי בריבית קבועה- 65% ממשלתי צמוד 2-5 שנים- 35%,,מוג הלכתי,2026-10-01T19:04:25.806Z,https://www.kranoth.org.il/wp-content/uploads/2024/01/%D7%9E%D7%95%D7%92_%D7%A8%D7%92%D7%99%D7%9C%D7%94_%D7%94%D7%9C%D7%9B%D7%94-%D7%9E%D7%93%D7%99%D7%A0%D7%99%D7%95%D7%AA_%D7%94%D7%A9%D7%A7%D7%A2%D7%95%D7%AA_%D7%A6%D7%A4%D7%95%D7%99%D7%94_25.12.23.xlsx,policy/companies/520027251/raw/520027251/a5445e68df99_מוג_רגילה_הלכה-מדיניות_השקעות_צפויה_25.12.23.xlsx,מוג הלכתי
520027251,,,520027251|מוג הלכתי|מוג הלכתי,מוג הלכתי,2023,"אג""ח קונצרני (כולל פקדונות ושטרי הון)***",,23.16,24.0,6% +/-,18.0,30.0,תל בונד 60 -60%        תל בונד שקלי 20%     Bloomberg us corporate 1  bond index 10  -20%  שקלי,,מוג הלכתי,2026-10-01T19:04:25.806Z,https://www.kranoth.org.il/wp-content/uploads/2024/01/%D7%9E%D7%95%D7%92_%D7%A8%D7%92%D7%99%D7%9C%D7%94_%D7%94%D7%9C%D7%9B%D7%94-%D7%9E%D7%93%D7%99%D7%A0%D7%99%D7%95%D7%AA_%D7%94%D7%A9%D7%A7%D7%A2%D7%95%D7%AA_%D7%A6%D7%A4%D7%95%D7%99%D7%94_25.12.23.xlsx,policy/companies/520027251/raw/520027251/a5445e68df99_מוג_רגילה_הלכה-מדיניות_השקעות_צפויה_25.12.23.xlsx,מוג הלכתי
520027251,,,520027251|מוג הלכתי|מוג הלכתי,מוג הלכתי,2023,"אחר (קרנות הון סיכון, קרנות השקעה, קרנות גידור, הלוואות לעמיתים שקליות' השקעות ראיליות, מניות לא סחירות)",,0.42,3.0,5% +/-,0.0,8.0,,,מוג הלכתי,2026-10-01T19:04:25.806Z,https://www.kranoth.org.il/wp-content/uploads/2024/01/%D7%9E%D7%95%D7%92_%D7%A8%D7%92%D7%99%D7%9C%D7%94_%D7%94%D7%9C%D7%9B%D7%94-%D7%9E%D7%93%D7%99%D7%A0%D7%99%D7%95%D7%AA_%D7%94%D7%A9%D7%A7%D7%A2%D7%95%D7%AA_%D7%A6%D7%A4%D7%95%D7%99%D7%94_25.12.23.xlsx,policy/companies/520027251/raw/520027251/a5445e68df99_מוג_רגילה_הלכה-מדיניות_השקעות_צפויה_25.12.23.xlsx,מוג הלכתי
520027251,,,520027251|מוג הלכתי|מוג הלכתי,מוג הלכתי,2023,"עו""ש (כולל פר""י, פק""מ שבועי, עו""ש מט""ח)**",,6.78,5.0,5% +/-,0.0,10.0,"מדד מק""מ",,מוג הלכתי,2026-10-01T19:04:25.806Z,https://www.kranoth.org.il/wp-content/uploads/2024/01/%D7%9E%D7%95%D7%92_%D7%A8%D7%92%D7%99%D7%9C%D7%94_%D7%94%D7%9C%D7%9B%D7%94-%D7%9E%D7%93%D7%99%D7%A0%D7%99%D7%95%D7%AA_%D7%94%D7%A9%D7%A7%D7%A2%D7%95%D7%AA_%D7%A6%D7%A4%D7%95%D7%99%D7%94_25.12.23.xlsx,policy/companies/520027251/raw/520027251/a5445e68df99_מוג_רגילה_הלכה-מדיניות_השקעות_צפויה_25.12.23.xlsx,מוג הלכתי
520027251,,,520027251|מוג הלכתי|מוג הלכתי,מוג הלכתי,2023,"סה""כ*",,99.96,103.0,,,,,,מוג הלכתי,2026-10-01T19:04:25.806Z,https://www.kranoth.org.il/wp-content/uploads/2024/01/%D7%9E%D7%95%D7%92_%D7%A8%D7%92%D7%99%D7%9C%D7%94_%D7%94%D7%9C%D7%9B%D7%94-%D7%9E%D7%93%D7%99%D7%A0%D7%99%D7%95%D7%AA_%D7%94%D7%A9%D7%A7%D7%A2%D7%95%D7%AA_%D7%A6%D7%A4%D7%95%D7%99%D7%94_25.12.23.xlsx,policy/companies/520027251/raw/520027251/a5445e68df99_מוג_רגילה_הלכה-מדיניות_השקעות_צפויה_25.12.23.xlsx,מוג הלכתי
520027251,,,520027251|מוג הלכתי|מוג הלכתי,מוג הלכתי,2023,"חשיפה למט""ח",fx,22.0,19.0,6% +/-,13.0,25.0,,,מוג הלכתי,2026-10-01T19:04:25.806Z,https://www.kranoth.org.il/wp-content/uploads/2024/01/%D7%9E%D7%95%D7%92_%D7%A8%D7%92%D7%99%D7%9C%D7%94_%D7%94%D7%9C%D7%9B%D7%94-%D7%9E%D7%93%D7%99%D7%A0%D7%99%D7%95%D7%AA_%D7%94%D7%A9%D7%A7%D7%A2%D7%95%D7%AA_%D7%A6%D7%A4%D7%95%D7%99%D7%94_25.12.23.xlsx,policy/companies/520027251/raw/520027251/a5445e68df99_מוג_רגילה_הלכה-מדיניות_השקעות_צפויה_25.12.23.xlsx,מוג הלכתי
520027251,,,520027251|מוג הלכתי|מוג הלכתי,מוג הלכתי,2023,"מגבלת עמלת ניהול חיצוני לשנת תשפ""ד",,0.15,,,,,,,מוג הלכתי,2026-10-01T19:04:25.806Z,https://www.kranoth.org.il/wp-content/uploads/2024/01/%D7%9E%D7%95%D7%92_%D7%A8%D7%92%D7%99%D7%9C%D7%94_%D7%94%D7%9C%D7%9B%D7%94-%D7%9E%D7%93%D7%99%D7%A0%D7%99%D7%95%D7%AA_%D7%94%D7%A9%D7%A7%D7%A2%D7%95%D7%AA_%D7%A6%D7%A4%D7%95%D7%99%D7%94_25.12.23.xlsx,policy/companies/520027251/raw/520027251/a5445e68df99_מוג_רגילה_הלכה-מדיניות_השקעות_צפויה_25.12.23.xlsx,מוג הלכתי
520027251,,,520027251|מוג מקור|מוג מקור,מוג מקור,2022,מניות סחירות,equity,45.18,46.0,6% +/-,40.0,52.0,"ת""א 125- 30% MSCI ALL COUNTRIES  -70% שקלי",,מוג מקור,2026-10-01T19:04:46.624Z,https://www.kranoth.org.il/wp-content/uploads/2023/01/%D7%9E%D7%93%D7%99%D7%A0%D7%99%D7%95%D7%AA_%D7%94%D7%A9%D7%A7%D7%A2%D7%95%D7%AA_%D7%A6%D7%A4%D7%95%D7%99%D7%94_%D7%9E%D7%95%D7%92_%D7%9E%D7%A7%D7%95%D7%A8_%D7%AA%D7%A9%D7%A4%D7%92-%D7%9E%D7%A1%D7%9C%D7%95%D7%9C_%D7%9B%D7%9C%D7%9C%D7%99-%D7%A2%D7%93%D7%9B%D7%95%D7%9F_%D7%93%D7%A6%D7%9E%D7%91%D7%A8_2022.xlsx,policy/companies/520027251/raw/520027251/abe86ef81313_מדיניות_השקעות_צפויה_מוג_מקור_תשפג-מסלול_כללי-עדכון_דצמבר_2022.xlsx,מוג מקור
520027251,,,520027251|מוג מקור|מוג מקור,מוג מקור,2022,"אג""ח ממשלתי (שקלי, צמוד, משתנה, מט""ח, מק""מ)",,15.68,15.0,5% +/-,10.0,20.0,ממשלתי שקלי 2-5 שנים- 65% ממשלתי צמוד 2-5 שנים- 35%,,מוג מקור,2026-10-01T19:04:46.624Z,https://www.kranoth.org.il/wp-content/uploads/2023/01/%D7%9E%D7%93%D7%99%D7%A0%D7%99%D7%95%D7%AA_%D7%94%D7%A9%D7%A7%D7%A2%D7%95%D7%AA_%D7%A6%D7%A4%D7%95%D7%99%D7%94_%D7%9E%D7%95%D7%92_%D7%9E%D7%A7%D7%95%D7%A8_%D7%AA%D7%A9%D7%A4%D7%92-%D7%9E%D7%A1%D7%9C%D7%95%D7%9C_%D7%9B%D7%9C%D7%9C%D7%99-%D7%A2%D7%93%D7%9B%D7%95%D7%9F_%D7%93%D7%A6%D7%9E%D7%91%D7%A8_2022.xlsx,policy/companies/520027251/raw/520027251/abe86ef81313_מדיניות_השקעות_צפויה_מוג_מקור_תשפג-מסלול_כללי-עדכון_דצמבר_2022.xlsx,מוג מקור
520027251,,,520027251|מוג מקור|מוג מקור,מוג מקור,2022,"אג""ח קונצרני (כולל פקדונות ושטרי הון)***",,19.78,20.0,6% +/-,14.0,26.0,תל בונד 60 -60%        תל בונד שקלי 20%     Bloomberg us corporate 1  bond index 10  -20%  שקלי,,מוג מקור,2026-10-01T19:04:46.624Z,https://www.kranoth.org.il/wp-content/uploads/2023/01/%D7%9E%D7%93%D7%99%D7%A0%D7%99%D7%95%D7%AA_%D7%94%D7%A9%D7%A7%D7%A2%D7%95%D7%AA_%D7%A6%D7%A4%D7%95%D7%99%D7%94_%D7%9E%D7%95%D7%92_%D7%9E%D7%A7%D7%95%D7%A8_%D7%AA%D7%A9%D7%A4%D7%92-%D7%9E%D7%A1%D7%9C%D7%95%D7%9C_%D7%9B%D7%9C%D7%9C%D7%99-%D7%A2%D7%93%D7%9B%D7%95%D7%9F_%D7%93%D7%A6%D7%9E%D7%91%D7%A8_2022.xlsx,policy/companies/520027251/raw/520027251/abe86ef81313_מדיניות_השקעות_צפויה_מוג_מקור_תשפג-מסלול_כללי-עדכון_דצמבר_2022.xlsx,מוג מקור
520027251,,,520027251|מוג מקור|מוג מקור,מוג מקור,2022,"אחר (קרנות הון סיכון, קרנות השקעה, קרנות גידור, הלוואות לעמיתים שקליות' השקעות ראיליות, מניות לא סחירות)",,19.05,19.0,5% +/-,14.0,24.0,16%-26%,,מוג מקור,2026-10-01T19:04:46.624Z,https://www.kranoth.org.il/wp-content/uploads/2023/01/%D7%9E%D7%93%D7%99%D7%A0%D7%99%D7%95%D7%AA_%D7%94%D7%A9%D7%A7%D7%A2%D7%95%D7%AA_%D7%A6%D7%A4%D7%95%D7%99%D7%94_%D7%9E%D7%95%D7%92_%D7%9E%D7%A7%D7%95%D7%A8_%D7%AA%D7%A9%D7%A4%D7%92-%D7%9E%D7%A1%D7%9C%D7%95%D7%9C_%D7%9B%D7%9C%D7%9C%D7%99-%D7%A2%D7%93%D7%9B%D7%95%D7%9F_%D7%93%D7%A6%D7%9E%D7%91%D7%A8_2022.xlsx,policy/companies/520027251/raw/520027251/abe86ef81313_מדיניות_השקעות_צפויה_מוג_מקור_תשפג-מסלול_כללי-עדכון_דצמבר_2022.xlsx,מוג מקור
520027251,,,520027251|מוג מקור|מוג מקור,מוג מקור,2022,"עו""ש (כולל פר""י, פק""מ שבועי, עו""ש מט""ח)**",,3.66,5.0,5% +/-,0.0,10.0,"מדד מק""מ",,מוג מקור,2026-10-01T19:04:46.624Z,https://www.kranoth.org.il/wp-content/uploads/2023/01/%D7%9E%D7%93%D7%99%D7%A0%D7%99%D7%95%D7%AA_%D7%94%D7%A9%D7%A7%D7%A2%D7%95%D7%AA_%D7%A6%D7%A4%D7%95%D7%99%D7%94_%D7%9E%D7%95%D7%92_%D7%9E%D7%A7%D7%95%D7%A8_%D7%AA%D7%A9%D7%A4%D7%92-%D7%9E%D7%A1%D7%9C%D7%95%D7%9C_%D7%9B%D7%9C%D7%9C%D7%99-%D7%A2%D7%93%D7%9B%D7%95%D7%9F_%D7%93%D7%A6%D7%9E%D7%91%D7%A8_2022.xlsx,policy/companies/520027251/raw/520027251/abe86ef81313_מדיניות_השקעות_צפויה_מוג_מקור_תשפג-מסלול_כללי-עדכון_דצמבר_2022.xlsx,מוג מקור
520027251,,,520027251|מוג מקור|מוג מקור,מוג מקור,2022,"סה""כ*",,103.35,105.0,,105.0,105.0,,,מוג מקור,2026-10-01T19:04:46.624Z,https://www.kranoth.org.il/wp-content/uploads/2023/01/%D7%9E%D7%93%D7%99%D7%A0%D7%99%D7%95%D7%AA_%D7%94%D7%A9%D7%A7%D7%A2%D7%95%D7%AA_%D7%A6%D7%A4%D7%95%D7%99%D7%94_%D7%9E%D7%95%D7%92_%D7%9E%D7%A7%D7%95%D7%A8_%D7%AA%D7%A9%D7%A4%D7%92-%D7%9E%D7%A1%D7%9C%D7%95%D7%9C_%D7%9B%D7%9C%D7%9C%D7%99-%D7%A2%D7%93%D7%9B%D7%95%D7%9F_%D7%93%D7%A6%D7%9E%D7%91%D7%A8_2022.xlsx,policy/companies/520027251/raw/520027251/abe86ef81313_מדיניות_השקעות_צפויה_מוג_מקור_תשפג-מסלול_כללי-עדכון_דצמבר_2022.xlsx,מוג מקור
520027251,,,520027251|מוג מקור|מוג מקור,מוג מקור,2022,"חשיפה למט""ח",fx,18.52,19.0,6% +/-,13.0,25.0,13%-25%,,מוג מקור,2026-10-01T19:04:46.624Z,https://www.kranoth.org.il/wp-content/uploads/2023/01/%D7%9E%D7%93%D7%99%D7%A0%D7%99%D7%95%D7%AA_%D7%94%D7%A9%D7%A7%D7%A2%D7%95%D7%AA_%D7%A6%D7%A4%D7%95%D7%99%D7%94_%D7%9E%D7%95%D7%92_%D7%9E%D7%A7%D7%95%D7%A8_%D7%AA%D7%A9%D7%A4%D7%92-%D7%9E%D7%A1%D7%9C%D7%95%D7%9C_%D7%9B%D7%9C%D7%9C%D7%99-%D7%A2%D7%93%D7%9B%D7%95%D7%9F_%D7%93%D7%A6%D7%9E%D7%91%D7%A8_2022.xlsx,policy/companies/520027251/raw/520027251/abe86ef81313_מדיניות_השקעות_צפויה_מוג_מקור_תשפג-מסלול_כללי-עדכון_דצמבר_2022.xlsx,מוג מקור
520027251,,,520027251|מוג מקור|מוג מקור,מוג מקור,2022,"מגבלת עמלת ניהול חיצוני לשנת תשפ""ג",,0.33,,,,,,,מוג מקור,2026-10-01T19:04:46.624Z,https://www.kranoth.org.il/wp-content/uploads/2023/01/%D7%9E%D7%93%D7%99%D7%A0%D7%99%D7%95%D7%AA_%D7%94%D7%A9%D7%A7%D7%A2%D7%95%D7%AA_%D7%A6%D7%A4%D7%95%D7%99%D7%94_%D7%9E%D7%95%D7%92_%D7%9E%D7%A7%D7%95%D7%A8_%D7%AA%D7%A9%D7%A4%D7%92-%D7%9E%D7%A1%D7%9C%D7%95%D7%9C_%D7%9B%D7%9C%D7%9C%D7%99-%D7%A2%D7%93%D7%9B%D7%95%D7%9F_%D7%93%D7%A6%D7%9E%D7%91%D7%A8_2022.xlsx,policy/companies/520027251/raw/520027251/abe86ef81313_מדיניות_השקעות_צפויה_מוג_מקור_תשפג-מסלול_כללי-עדכון_דצמבר_2022.xlsx,מוג מקור
520027251,,,520027251|מוג מקור הלכתי|מסלול מקוצר,מוג מקור הלכתי - מסלול מקוצר,2025,מניות,equity,48.16,46.0,6% +/-,40.0,52.0,"ת""א 125- 25% MSCI ALL COUNTRIES  -75% שקלי",,מוג מקור הלכתי,2026-10-01T19:04:49.745Z,https://www.kranoth.org.il/wp-content/uploads/2025/10/%D7%9E%D7%93%D7%99%D7%A0%D7%99%D7%95%D7%AA_%D7%94%D7%A9%D7%A7%D7%A2%D7%95%D7%AA_%D7%A6%D7%A4%D7%95%D7%99%D7%94_%D7%AA%D7%A9%D7%A4%D7%95-%D7%9E%D7%95%D7%92_%D7%9E%D7%A7%D7%95%D7%A8_%D7%94%D7%9C%D7%9B%D7%AA%D7%99.xlsx,policy/companies/520027251/raw/520027251/b203bf7f416c_מדיניות_השקעות_צפויה_תשפו-מוג_מקור_הלכתי.xlsx,מוג מקור הלכתי
520027251,,,520027251|מוג מקור הלכתי|מסלול מקוצר,מוג מקור הלכתי - מסלול מקוצר,2025,"אג""ח ממשלתי (שקלי, צמוד, משתנה, מט""ח, מק""מ)",,24.16,25.0,5% +/-,20.0,30.0,ממשלתי שקלי בריבית קבועה- 65% ממשלתי צמוד 2-5 שנים- 35%,,מוג מקור הלכתי,2026-10-01T19:04:49.745Z,https://www.kranoth.org.il/wp-content/uploads/2025/10/%D7%9E%D7%93%D7%99%D7%A0%D7%99%D7%95%D7%AA_%D7%94%D7%A9%D7%A7%D7%A2%D7%95%D7%AA_%D7%A6%D7%A4%D7%95%D7%99%D7%94_%D7%AA%D7%A9%D7%A4%D7%95-%D7%9E%D7%95%D7%92_%D7%9E%D7%A7%D7%95%D7%A8_%D7%94%D7%9C%D7%9B%D7%AA%D7%99.xlsx,policy/companies/520027251/raw/520027251/b203bf7f416c_מדיניות_השקעות_צפויה_תשפו-מוג_מקור_הלכתי.xlsx,מוג מקור הלכתי
520027251,,,520027251|מוג מקור הלכתי|מסלול מקוצר,מוג מקור הלכתי - מסלול מקוצר,2025,"אג""ח קונצרני (כולל פקדונות ושטרי הון)***",,22.18,24.0,6% +/-,18.0,30.0,תל בונד 60 -60%        תל בונד שקלי 20%     Bloomberg us corporate 1  bond index 10  -20%  שקלי,,מוג מקור הלכתי,2026-10-01T19:04:49.745Z,https://www.kranoth.org.il/wp-content/uploads/2025/10/%D7%9E%D7%93%D7%99%D7%A0%D7%99%D7%95%D7%AA_%D7%94%D7%A9%D7%A7%D7%A2%D7%95%D7%AA_%D7%A6%D7%A4%D7%95%D7%99%D7%94_%D7%AA%D7%A9%D7%A4%D7%95-%D7%9E%D7%95%D7%92_%D7%9E%D7%A7%D7%95%D7%A8_%D7%94%D7%9C%D7%9B%D7%AA%D7%99.xlsx,policy/companies/520027251/raw/520027251/b203bf7f416c_מדיניות_השקעות_צפויה_תשפו-מוג_מקור_הלכתי.xlsx,מוג מקור הלכתי
520027251,,,520027251|מוג מקור הלכתי|מסלול מקוצר,מוג מקור הלכתי - מסלול מקוצר,2025,"אחר (קרנות הון סיכון, קרנות השקעה, קרנות גידור, הלוואות לעמיתים שקליות' השקעות ראיליות, מניות לא סחירות)",,0.32,3.0,5% +/-,0.0,8.0,אין מידע,,מוג מקור הלכתי,2026-10-01T19:04:49.745Z,https://www.kranoth.org.il/wp-content/uploads/2025/10/%D7%9E%D7%93%D7%99%D7%A0%D7%99%D7%95%D7%AA_%D7%94%D7%A9%D7%A7%D7%A2%D7%95%D7%AA_%D7%A6%D7%A4%D7%95%D7%99%D7%94_%D7%AA%D7%A9%D7%A4%D7%95-%D7%9E%D7%95%D7%92_%D7%9E%D7%A7%D7%95%D7%A8_%D7%94%D7%9C%D7%9B%D7%AA%D7%99.xlsx,policy/companies/520027251/raw/520027251/b203bf7f416c_מדיניות_השקעות_צפויה_תשפו-מוג_מקור_הלכתי.xlsx,מוג מקור הלכתי
520027251,,,520027251|מוג מקור הלכתי|מסלול מקוצר,מוג מקור הלכתי - מסלול מקוצר,2025,"עו""ש (כולל פר""י, פק""מ שבועי, עו""ש מט""ח)**",,5.58,5.0,5% +/-,0.0,10.0,"מדד מק""מ",,מוג מקור הלכתי,2026-10-01T19:04:49.745Z,https://www.kranoth.org.il/wp-content/uploads/2025/10/%D7%9E%D7%93%D7%99%D7%A0%D7%99%D7%95%D7%AA_%D7%94%D7%A9%D7%A7%D7%A2%D7%95%D7%AA_%D7%A6%D7%A4%D7%95%D7%99%D7%94_%D7%AA%D7%A9%D7%A4%D7%95-%D7%9E%D7%95%D7%92_%D7%9E%D7%A7%D7%95%D7%A8_%D7%94%D7%9C%D7%9B%D7%AA%D7%99.xlsx,policy/companies/520027251/raw/520027251/b203bf7f416c_מדיניות_השקעות_צפויה_תשפו-מוג_מקור_הלכתי.xlsx,מוג מקור הלכתי
520027251,,,520027251|מוג מקור הלכתי|מסלול מקוצר,מוג מקור הלכתי - מסלול מקוצר,2025,"סה""כ*",,100.4,103.0,אין מידע,,,אין מידע,,מוג מקור הלכתי,2026-10-01T19:04:49.745Z,https://www.kranoth.org.il/wp-content/uploads/2025/10/%D7%9E%D7%93%D7%99%D7%A0%D7%99%D7%95%D7%AA_%D7%94%D7%A9%D7%A7%D7%A2%D7%95%D7%AA_%D7%A6%D7%A4%D7%95%D7%99%D7%94_%D7%AA%D7%A9%D7%A4%D7%95-%D7%9E%D7%95%D7%92_%D7%9E%D7%A7%D7%95%D7%A8_%D7%94%D7%9C%D7%9B%D7%AA%D7%99.xlsx,policy/companies/520027251/raw/520027251/b203bf7f416c_מדיניות_השקעות_צפויה_תשפו-מוג_מקור_הלכתי.xlsx,מוג מקור הלכתי
520027251,,,520027251|מוג מקור הלכתי|מסלול מקוצר,מוג מקור הלכתי - מסלול מקוצר,2025,"חשיפה למט""ח",fx,19.14,19.0,6% +/-,13.0,25.0,אין מידע,,מוג מקור הלכתי,2026-10-01T19:04:49.745Z,https://www.kranoth.org.il/wp-content/uploads/2025/10/%D7%9E%D7%93%D7%99%D7%A0%D7%99%D7%95%D7%AA_%D7%94%D7%A9%D7%A7%D7%A2%D7%95%D7%AA_%D7%A6%D7%A4%D7%95%D7%99%D7%94_%D7%AA%D7%A9%D7%A4%D7%95-%D7%9E%D7%95%D7%92_%D7%9E%D7%A7%D7%95%D7%A8_%D7%94%D7%9C%D7%9B%D7%AA%D7%99.xlsx,policy/companies/520027251/raw/520027251/b203bf7f416c_מדיניות_השקעות_צפויה_תשפו-מוג_מקור_הלכתי.xlsx,מוג מקור הלכתי
520027251,,,520027251|מוג מקור הלכתי|מסלול מקוצר,מוג מקור הלכתי - מסלול מקוצר,2025,"מגבלת עמלת ניהול חיצוני לשנת תשפ""ו",,,0.15,,,,אין מידע,,מוג מקור הלכתי,2026-10-01T19:04:49.745Z,https://www.kranoth.org.il/wp-content/uploads/2025/10/%D7%9E%D7%93%D7%99%D7%A0%D7%99%D7%95%D7%AA_%D7%94%D7%A9%D7%A7%D7%A2%D7%95%D7%AA_%D7%A6%D7%A4%D7%95%D7%99%D7%94_%D7%AA%D7%A9%D7%A4%D7%95-%D7%9E%D7%95%D7%92_%D7%9E%D7%A7%D7%95%D7%A8_%D7%94%D7%9C%D7%9B%D7%AA%D7%99.xlsx,policy/companies/520027251/raw/520027251/b203bf7f416c_מדיניות_השקעות_צפויה_תשפו-מוג_מקור_הלכתי.xlsx,מוג מקור הלכתי
520027251,,,520027251|מוג הלכתי|מסלול רגיל,מוג הלכתי - מסלול רגיל,2026,מניות,equity,46.89,46.0,6% +/-,40.0,52.0,"ת""א 125- 30% MSCI ALL COUNTRIES  -70% שקלי",,מוג הלכתי,2026-10-01T19:04:24.114Z,https://www.kranoth.org.il/wp-content/uploads/2026/06/%D7%9E%D7%95%D7%92_%D7%A8%D7%92%D7%99%D7%9C%D7%94_%D7%94%D7%9C%D7%9B%D7%94-%D7%9E%D7%93%D7%99%D7%A0%D7%99%D7%95%D7%AA_%D7%94%D7%A7%D7%A9%D7%A2%D7%95%D7%AA_%D7%9E%D7%A8%D7%A5_2026.xlsx,policy/companies/520027251/raw/520027251/bfb0fd74a6aa_מוג_רגילה_הלכה-מדיניות_הקשעות_מרץ_2026.xlsx,מוג הלכתי
520027251,,,520027251|מוג הלכתי|מסלול רגיל,מוג הלכתי - מסלול רגיל,2026,"אג""ח ממשלתי (שקלי, צמוד, משתנה, מט""ח, מק""מ)",,24.31,25.0,5% +/-,20.0,30.0,ממשלתי שקלי בריבית קבועה- 65% ממשלתי צמוד 2-5 שנים- 35%,,מוג הלכתי,2026-10-01T19:04:24.114Z,https://www.kranoth.org.il/wp-content/uploads/2026/06/%D7%9E%D7%95%D7%92_%D7%A8%D7%92%D7%99%D7%9C%D7%94_%D7%94%D7%9C%D7%9B%D7%94-%D7%9E%D7%93%D7%99%D7%A0%D7%99%D7%95%D7%AA_%D7%94%D7%A7%D7%A9%D7%A2%D7%95%D7%AA_%D7%9E%D7%A8%D7%A5_2026.xlsx,policy/companies/520027251/raw/520027251/bfb0fd74a6aa_מוג_רגילה_הלכה-מדיניות_הקשעות_מרץ_2026.xlsx,מוג הלכתי
520027251,,,520027251|מוג הלכתי|מסלול רגיל,מוג הלכתי - מסלול רגיל,2026,"אג""ח קונצרני (כולל פקדונות ושטרי הון)***",,21.07,24.0,6% +/-,18.0,30.0,תל בונד 60 -60%        תל בונד שקלי 20%     Bloomberg us corporate 1  bond index 10  -20%  שקלי,,מוג הלכתי,2026-10-01T19:04:24.114Z,https://www.kranoth.org.il/wp-content/uploads/2026/06/%D7%9E%D7%95%D7%92_%D7%A8%D7%92%D7%99%D7%9C%D7%94_%D7%94%D7%9C%D7%9B%D7%94-%D7%9E%D7%93%D7%99%D7%A0%D7%99%D7%95%D7%AA_%D7%94%D7%A7%D7%A9%D7%A2%D7%95%D7%AA_%D7%9E%D7%A8%D7%A5_2026.xlsx,policy/companies/520027251/raw/520027251/bfb0fd74a6aa_מוג_רגילה_הלכה-מדיניות_הקשעות_מרץ_2026.xlsx,מוג הלכתי
520027251,,,520027251|מוג הלכתי|מסלול רגיל,מוג הלכתי - מסלול רגיל,2026,"אחר (קרנות הון סיכון, קרנות השקעה, קרנות גידור, הלוואות לעמיתים שקליות' השקעות ראיליות, מניות לא סחירות)",,0.61,3.0,5% +/-,0.0,8.0,"Barclays Global Aggregate Corporate Bond Index- 11% ,  msci-ac - 34% , S&P Global Infrastructure Index - 43%, MSCI World Real Estate Index - 11% שקליים",,מוג הלכתי,2026-10-01T19:04:24.114Z,https://www.kranoth.org.il/wp-content/uploads/2026/06/%D7%9E%D7%95%D7%92_%D7%A8%D7%92%D7%99%D7%9C%D7%94_%D7%94%D7%9C%D7%9B%D7%94-%D7%9E%D7%93%D7%99%D7%A0%D7%99%D7%95%D7%AA_%D7%94%D7%A7%D7%A9%D7%A2%D7%95%D7%AA_%D7%9E%D7%A8%D7%A5_2026.xlsx,policy/companies/520027251/raw/520027251/bfb0fd74a6aa_מוג_רגילה_הלכה-מדיניות_הקשעות_מרץ_2026.xlsx,מוג הלכתי
520027251,,,520027251|מוג הלכתי|מסלול רגיל,מוג הלכתי - מסלול רגיל,2026,"עו""ש (כולל פר""י, פק""מ שבועי, עו""ש מט""ח)**",,6.84,5.0,5% +/-,0.0,10.0,"מדד מק""מ",,מוג הלכתי,2026-10-01T19:04:24.114Z,https://www.kranoth.org.il/wp-content/uploads/2026/06/%D7%9E%D7%95%D7%92_%D7%A8%D7%92%D7%99%D7%9C%D7%94_%D7%94%D7%9C%D7%9B%D7%94-%D7%9E%D7%93%D7%99%D7%A0%D7%99%D7%95%D7%AA_%D7%94%D7%A7%D7%A9%D7%A2%D7%95%D7%AA_%D7%9E%D7%A8%D7%A5_2026.xlsx,policy/companies/520027251/raw/520027251/bfb0fd74a6aa_מוג_רגילה_הלכה-מדיניות_הקשעות_מרץ_2026.xlsx,מוג הלכתי
520027251,,,520027251|מוג הלכתי|מסלול רגיל,מוג הלכתי - מסלול רגיל,2026,"סה""כ*",,99.72,103.0,אין מידע,,,אין מידע,,מוג הלכתי,2026-10-01T19:04:24.114Z,https://www.kranoth.org.il/wp-content/uploads/2026/06/%D7%9E%D7%95%D7%92_%D7%A8%D7%92%D7%99%D7%9C%D7%94_%D7%94%D7%9C%D7%9B%D7%94-%D7%9E%D7%93%D7%99%D7%A0%D7%99%D7%95%D7%AA_%D7%94%D7%A7%D7%A9%D7%A2%D7%95%D7%AA_%D7%9E%D7%A8%D7%A5_2026.xlsx,policy/companies/520027251/raw/520027251/bfb0fd74a6aa_מוג_רגילה_הלכה-מדיניות_הקשעות_מרץ_2026.xlsx,מוג הלכתי
520027251,,,520027251|מוג הלכתי|מסלול רגיל,מוג הלכתי - מסלול רגיל,2026,"חשיפה למט""ח",fx,18.43,19.0,6% +/-,13.0,25.0,אין מידע,,מוג הלכתי,2026-10-01T19:04:24.114Z,https://www.kranoth.org.il/wp-content/uploads/2026/06/%D7%9E%D7%95%D7%92_%D7%A8%D7%92%D7%99%D7%9C%D7%94_%D7%94%D7%9C%D7%9B%D7%94-%D7%9E%D7%93%D7%99%D7%A0%D7%99%D7%95%D7%AA_%D7%94%D7%A7%D7%A9%D7%A2%D7%95%D7%AA_%D7%9E%D7%A8%D7%A5_2026.xlsx,policy/companies/520027251/raw/520027251/bfb0fd74a6aa_מוג_רגילה_הלכה-מדיניות_הקשעות_מרץ_2026.xlsx,מוג הלכתי
520027251,,,520027251|מוג הלכתי|מסלול רגיל,מוג הלכתי - מסלול רגיל,2026,"מגבלת עמלת ניהול חיצוני לשנת תשפ""ו",,,0.15,אין מידע,,,אין מידע,,מוג הלכתי,2026-10-01T19:04:24.114Z,https://www.kranoth.org.il/wp-content/uploads/2026/06/%D7%9E%D7%95%D7%92_%D7%A8%D7%92%D7%99%D7%9C%D7%94_%D7%94%D7%9C%D7%9B%D7%94-%D7%9E%D7%93%D7%99%D7%A0%D7%99%D7%95%D7%AA_%D7%94%D7%A7%D7%A9%D7%A2%D7%95%D7%AA_%D7%9E%D7%A8%D7%A5_2026.xlsx,policy/companies/520027251/raw/520027251/bfb0fd74a6aa_מוג_רגילה_הלכה-מדיניות_הקשעות_מרץ_2026.xlsx,מוג הלכתי
520027251,,,520027251|מוג מקור אשראי ואגח|מסלול מקוצר,מוג מקור אשראי ואגח - מסלול מקוצר,2025,מניות,equity,0.0,0.0,0,0.0,6.0,אין מידע,,מוג מקור אשראי ואגח,2026-10-01T19:04:54.000Z,https://www.kranoth.org.il/wp-content/uploads/2026/07/%D7%9E%D7%93%D7%99%D7%A0%D7%99%D7%95%D7%AA_%D7%94%D7%A9%D7%A7%D7%A2%D7%95%D7%AA_%D7%A6%D7%A4%D7%95%D7%99%D7%94_%D7%AA%D7%A9%D7%A4%D7%95-%D7%9E%D7%95%D7%92_%D7%9E%D7%A7%D7%95%D7%A8_%D7%90%D7%A9%D7%A8%D7%90%D7%99_%D7%95%D7%90%D7%92%D7%97.xlsx,policy/companies/520027251/raw/520027251/c075d23b8e5f_מדיניות_השקעות_צפויה_תשפו-מוג_מקור_אשראי_ואגח.xlsx,מוג מקור אשראי ואגח
520027251,,,520027251|מוג מקור אשראי ואגח|מסלול מקוצר,מוג מקור אשראי ואגח - מסלול מקוצר,2025,"אג""ח ממשלתי (שקלי, צמוד, משתנה, מט""ח, מק""מ)",,58.16,55.0,5% +/-,50.0,60.0,ממשלתי שקלי בריבית קבועה- 65% ממשלתי צמוד 2-5 שנים- 35%,,מוג מקור אשראי ואגח,2026-10-01T19:04:54.000Z,https://www.kranoth.org.il/wp-content/uploads/2026/07/%D7%9E%D7%93%D7%99%D7%A0%D7%99%D7%95%D7%AA_%D7%94%D7%A9%D7%A7%D7%A2%D7%95%D7%AA_%D7%A6%D7%A4%D7%95%D7%99%D7%94_%D7%AA%D7%A9%D7%A4%D7%95-%D7%9E%D7%95%D7%92_%D7%9E%D7%A7%D7%95%D7%A8_%D7%90%D7%A9%D7%A8%D7%90%D7%99_%D7%95%D7%90%D7%92%D7%97.xlsx,policy/companies/520027251/raw/520027251/c075d23b8e5f_מדיניות_השקעות_צפויה_תשפו-מוג_מקור_אשראי_ואגח.xlsx,מוג מקור אשראי ואגח
520027251,,,520027251|מוג מקור אשראי ואגח|מסלול מקוצר,מוג מקור אשראי ואגח - מסלול מקוצר,2025,"אג""ח קונצרני (כולל פקדונות ושטרי הון)***",,36.99,40.0,6% +/-,34.0,46.0,תל בונד 60 -60%        תל בונד שקלי 20%     Bloomberg us corporate 1  bond index 10  -20%  שקלי,,מוג מקור אשראי ואגח,2026-10-01T19:04:54.000Z,https://www.kranoth.org.il/wp-content/uploads/2026/07/%D7%9E%D7%93%D7%99%D7%A0%D7%99%D7%95%D7%AA_%D7%94%D7%A9%D7%A7%D7%A2%D7%95%D7%AA_%D7%A6%D7%A4%D7%95%D7%99%D7%94_%D7%AA%D7%A9%D7%A4%D7%95-%D7%9E%D7%95%D7%92_%D7%9E%D7%A7%D7%95%D7%A8_%D7%90%D7%A9%D7%A8%D7%90%D7%99_%D7%95%D7%90%D7%92%D7%97.xlsx,policy/companies/520027251/raw/520027251/c075d23b8e5f_מדיניות_השקעות_צפויה_תשפו-מוג_מקור_אשראי_ואגח.xlsx,מוג מקור אשראי ואגח
520027251,,,520027251|מוג מקור אשראי ואגח|מסלול מקוצר,מוג מקור אשראי ואגח - מסלול מקוצר,2025,"אחר (קרנות הון סיכון, קרנות השקעה, קרנות גידור, הלוואות לעמיתים שקליות' השקעות ראיליות, מניות לא סחירות)",,0.0,0.0,0,0.0,5.0,אין מידע,,מוג מקור אשראי ואגח,2026-10-01T19:04:54.000Z,https://www.kranoth.org.il/wp-content/uploads/2026/07/%D7%9E%D7%93%D7%99%D7%A0%D7%99%D7%95%D7%AA_%D7%94%D7%A9%D7%A7%D7%A2%D7%95%D7%AA_%D7%A6%D7%A4%D7%95%D7%99%D7%94_%D7%AA%D7%A9%D7%A4%D7%95-%D7%9E%D7%95%D7%92_%D7%9E%D7%A7%D7%95%D7%A8_%D7%90%D7%A9%D7%A8%D7%90%D7%99_%D7%95%D7%90%D7%92%D7%97.xlsx,policy/companies/520027251/raw/520027251/c075d23b8e5f_מדיניות_השקעות_צפויה_תשפו-מוג_מקור_אשראי_ואגח.xlsx,מוג מקור אשראי ואגח
520027251,,,520027251|מוג מקור אשראי ואגח|מסלול מקוצר,מוג מקור אשראי ואגח - מסלול מקוצר,2025,"עו""ש (כולל פר""י, פק""מ שבועי, עו""ש מט""ח)**",,4.85,5.0,5% +/-,0.0,10.0,"מדד מק""מ",,מוג מקור אשראי ואגח,2026-10-01T19:04:54.000Z,https://www.kranoth.org.il/wp-content/uploads/2026/07/%D7%9E%D7%93%D7%99%D7%A0%D7%99%D7%95%D7%AA_%D7%94%D7%A9%D7%A7%D7%A2%D7%95%D7%AA_%D7%A6%D7%A4%D7%95%D7%99%D7%94_%D7%AA%D7%A9%D7%A4%D7%95-%D7%9E%D7%95%D7%92_%D7%9E%D7%A7%D7%95%D7%A8_%D7%90%D7%A9%D7%A8%D7%90%D7%99_%D7%95%D7%90%D7%92%D7%97.xlsx,policy/companies/520027251/raw/520027251/c075d23b8e5f_מדיניות_השקעות_צפויה_תשפו-מוג_מקור_אשראי_ואגח.xlsx,מוג מקור אשראי ואגח
520027251,,,520027251|מוג מקור אשראי ואגח|מסלול מקוצר,מוג מקור אשראי ואגח - מסלול מקוצר,2025,"סה""כ*",,100.0,100.0,1,,,אין מידע,,מוג מקור אשראי ואגח,2026-10-01T19:04:54.000Z,https://www.kranoth.org.il/wp-content/uploads/2026/07/%D7%9E%D7%93%D7%99%D7%A0%D7%99%D7%95%D7%AA_%D7%94%D7%A9%D7%A7%D7%A2%D7%95%D7%AA_%D7%A6%D7%A4%D7%95%D7%99%D7%94_%D7%AA%D7%A9%D7%A4%D7%95-%D7%9E%D7%95%D7%92_%D7%9E%D7%A7%D7%95%D7%A8_%D7%90%D7%A9%D7%A8%D7%90%D7%99_%D7%95%D7%90%D7%92%D7%97.xlsx,policy/companies/520027251/raw/520027251/c075d23b8e5f_מדיניות_השקעות_צפויה_תשפו-מוג_מקור_אשראי_ואגח.xlsx,מוג מקור אשראי ואגח
520027251,,,520027251|מוג מקור אשראי ואגח|מסלול מקוצר,מוג מקור אשראי ואגח - מסלול מקוצר,2025,"חשיפה למט""ח",fx,3.28,6.0,6% +/-,0.0,12.0,אין מידע,,מוג מקור אשראי ואגח,2026-10-01T19:04:54.000Z,https://www.kranoth.org.il/wp-content/uploads/2026/07/%D7%9E%D7%93%D7%99%D7%A0%D7%99%D7%95%D7%AA_%D7%94%D7%A9%D7%A7%D7%A2%D7%95%D7%AA_%D7%A6%D7%A4%D7%95%D7%99%D7%94_%D7%AA%D7%A9%D7%A4%D7%95-%D7%9E%D7%95%D7%92_%D7%9E%D7%A7%D7%95%D7%A8_%D7%90%D7%A9%D7%A8%D7%90%D7%99_%D7%95%D7%90%D7%92%D7%97.xlsx,policy/companies/520027251/raw/520027251/c075d23b8e5f_מדיניות_השקעות_צפויה_תשפו-מוג_מקור_אשראי_ואגח.xlsx,מוג מקור אשראי ואגח
520027251,,,520027251|מוג מקור הלכתי|מוג מקור הלכתי,מוג מקור הלכתי,2022,מניות,equity,45.93,46.0,6% +/-,40.0,52.0,"ת""א 125- 30% MSCI ALL COUNTRIES  -70% שקלי",,מוג מקור הלכתי,2026-10-01T19:04:52.303Z,https://www.kranoth.org.il/wp-content/uploads/2023/01/%D7%9E%D7%93%D7%99%D7%A0%D7%99%D7%95%D7%AA_%D7%94%D7%A9%D7%A7%D7%A2%D7%95%D7%AA_%D7%A6%D7%A4%D7%95%D7%99%D7%94_%D7%9E%D7%95%D7%92_%D7%9E%D7%A7%D7%95%D7%A8_%D7%AA%D7%A9%D7%A4%D7%92-%D7%9E%D7%A1%D7%9C%D7%95%D7%9C_%D7%94%D7%9C%D7%9B%D7%94-%D7%A2%D7%93%D7%9B%D7%95%D7%9F_%D7%93%D7%A6%D7%9E%D7%91%D7%A8_2022.xlsx,policy/companies/520027251/raw/520027251/c27da50e55c9_מדיניות_השקעות_צפויה_מוג_מקור_תשפג-מסלול_הלכה-עדכון_דצמבר_2022.xlsx,מוג מקור הלכתי
520027251,,,520027251|מוג מקור הלכתי|מוג מקור הלכתי,מוג מקור הלכתי,2022,"אג""ח ממשלתי (שקלי, צמוד, משתנה, מט""ח, מק""מ)",,27.68,27.0,5% +/-,22.0,32.0,ממשלתי שקלי 2-5 שנים- 65% ממשלתי צמוד 2-5 שנים- 35%,,מוג מקור הלכתי,2026-10-01T19:04:52.303Z,https://www.kranoth.org.il/wp-content/uploads/2023/01/%D7%9E%D7%93%D7%99%D7%A0%D7%99%D7%95%D7%AA_%D7%94%D7%A9%D7%A7%D7%A2%D7%95%D7%AA_%D7%A6%D7%A4%D7%95%D7%99%D7%94_%D7%9E%D7%95%D7%92_%D7%9E%D7%A7%D7%95%D7%A8_%D7%AA%D7%A9%D7%A4%D7%92-%D7%9E%D7%A1%D7%9C%D7%95%D7%9C_%D7%94%D7%9C%D7%9B%D7%94-%D7%A2%D7%93%D7%9B%D7%95%D7%9F_%D7%93%D7%A6%D7%9E%D7%91%D7%A8_2022.xlsx,policy/companies/520027251/raw/520027251/c27da50e55c9_מדיניות_השקעות_צפויה_מוג_מקור_תשפג-מסלול_הלכה-עדכון_דצמבר_2022.xlsx,מוג מקור הלכתי
520027251,,,520027251|מוג מקור הלכתי|מוג מקור הלכתי,מוג מקור הלכתי,2022,"אג""ח קונצרני (כולל פקדונות ושטרי הון)***",,19.87,22.0,6% +/-,16.0,28.0,תל בונד 60 -60%        תל בונד שקלי 20%     Bloomberg us corporate 1  bond index 10  -20%  שקלי,,מוג מקור הלכתי,2026-10-01T19:04:52.303Z,https://www.kranoth.org.il/wp-content/uploads/2023/01/%D7%9E%D7%93%D7%99%D7%A0%D7%99%D7%95%D7%AA_%D7%94%D7%A9%D7%A7%D7%A2%D7%95%D7%AA_%D7%A6%D7%A4%D7%95%D7%99%D7%94_%D7%9E%D7%95%D7%92_%D7%9E%D7%A7%D7%95%D7%A8_%D7%AA%D7%A9%D7%A4%D7%92-%D7%9E%D7%A1%D7%9C%D7%95%D7%9C_%D7%94%D7%9C%D7%9B%D7%94-%D7%A2%D7%93%D7%9B%D7%95%D7%9F_%D7%93%D7%A6%D7%9E%D7%91%D7%A8_2022.xlsx,policy/companies/520027251/raw/520027251/c27da50e55c9_מדיניות_השקעות_צפויה_מוג_מקור_תשפג-מסלול_הלכה-עדכון_דצמבר_2022.xlsx,מוג מקור הלכתי
520027251,,,520027251|מוג מקור הלכתי|מוג מקור הלכתי,מוג מקור הלכתי,2022,"אחר (קרנות הון סיכון, קרנות השקעה, קרנות גידור, הלוואות לעמיתים שקליות' השקעות ראיליות, מניות לא סחירות)",,0.0,3.0,5% +/-,0.0,8.0,0%-8%,,מוג מקור הלכתי,2026-10-01T19:04:52.303Z,https://www.kranoth.org.il/wp-content/uploads/2023/01/%D7%9E%D7%93%D7%99%D7%A0%D7%99%D7%95%D7%AA_%D7%94%D7%A9%D7%A7%D7%A2%D7%95%D7%AA_%D7%A6%D7%A4%D7%95%D7%99%D7%94_%D7%9E%D7%95%D7%92_%D7%9E%D7%A7%D7%95%D7%A8_%D7%AA%D7%A9%D7%A4%D7%92-%D7%9E%D7%A1%D7%9C%D7%95%D7%9C_%D7%94%D7%9C%D7%9B%D7%94-%D7%A2%D7%93%D7%9B%D7%95%D7%9F_%D7%93%D7%A6%D7%9E%D7%91%D7%A8_2022.xlsx,policy/companies/520027251/raw/520027251/c27da50e55c9_מדיניות_השקעות_צפויה_מוג_מקור_תשפג-מסלול_הלכה-עדכון_דצמבר_2022.xlsx,מוג מקור הלכתי
520027251,,,520027251|מוג מקור הלכתי|מוג מקור הלכתי,מוג מקור הלכתי,2022,"עו""ש (כולל פר""י, פק""מ שבועי, עו""ש מט""ח)**",,6.69,5.0,5% +/-,0.0,10.0,"מדד מק""מ",,מוג מקור הלכתי,2026-10-01T19:04:52.303Z,https://www.kranoth.org.il/wp-content/uploads/2023/01/%D7%9E%D7%93%D7%99%D7%A0%D7%99%D7%95%D7%AA_%D7%94%D7%A9%D7%A7%D7%A2%D7%95%D7%AA_%D7%A6%D7%A4%D7%95%D7%99%D7%94_%D7%9E%D7%95%D7%92_%D7%9E%D7%A7%D7%95%D7%A8_%D7%AA%D7%A9%D7%A4%D7%92-%D7%9E%D7%A1%D7%9C%D7%95%D7%9C_%D7%94%D7%9C%D7%9B%D7%94-%D7%A2%D7%93%D7%9B%D7%95%D7%9F_%D7%93%D7%A6%D7%9E%D7%91%D7%A8_2022.xlsx,policy/companies/520027251/raw/520027251/c27da50e55c9_מדיניות_השקעות_צפויה_מוג_מקור_תשפג-מסלול_הלכה-עדכון_דצמבר_2022.xlsx,מוג מקור הלכתי
520027251,,,520027251|מוג מקור הלכתי|מוג מקור הלכתי,מוג מקור הלכתי,2022,"סה""כ*",,100.17,103.0,,103.0,103.0,,,מוג מקור הלכתי,2026-10-01T19:04:52.303Z,https://www.kranoth.org.il/wp-content/uploads/2023/01/%D7%9E%D7%93%D7%99%D7%A0%D7%99%D7%95%D7%AA_%D7%94%D7%A9%D7%A7%D7%A2%D7%95%D7%AA_%D7%A6%D7%A4%D7%95%D7%99%D7%94_%D7%9E%D7%95%D7%92_%D7%9E%D7%A7%D7%95%D7%A8_%D7%AA%D7%A9%D7%A4%D7%92-%D7%9E%D7%A1%D7%9C%D7%95%D7%9C_%D7%94%D7%9C%D7%9B%D7%94-%D7%A2%D7%93%D7%9B%D7%95%D7%9F_%D7%93%D7%A6%D7%9E%D7%91%D7%A8_2022.xlsx,policy/companies/520027251/raw/520027251/c27da50e55c9_מדיניות_השקעות_צפויה_מוג_מקור_תשפג-מסלול_הלכה-עדכון_דצמבר_2022.xlsx,מוג מקור הלכתי
520027251,,,520027251|מוג מקור הלכתי|מוג מקור הלכתי,מוג מקור הלכתי,2022,"חשיפה למט""ח",fx,16.55,19.0,6% +/-,13.0,25.0,13%-25%,,מוג מקור הלכתי,2026-10-01T19:04:52.303Z,https://www.kranoth.org.il/wp-content/uploads/2023/01/%D7%9E%D7%93%D7%99%D7%A0%D7%99%D7%95%D7%AA_%D7%94%D7%A9%D7%A7%D7%A2%D7%95%D7%AA_%D7%A6%D7%A4%D7%95%D7%99%D7%94_%D7%9E%D7%95%D7%92_%D7%9E%D7%A7%D7%95%D7%A8_%D7%AA%D7%A9%D7%A4%D7%92-%D7%9E%D7%A1%D7%9C%D7%95%D7%9C_%D7%94%D7%9C%D7%9B%D7%94-%D7%A2%D7%93%D7%9B%D7%95%D7%9F_%D7%93%D7%A6%D7%9E%D7%91%D7%A8_2022.xlsx,policy/companies/520027251/raw/520027251/c27da50e55c9_מדיניות_השקעות_צפויה_מוג_מקור_תשפג-מסלול_הלכה-עדכון_דצמבר_2022.xlsx,מוג מקור הלכתי
520027251,,,520027251|מוג מקור הלכתי|מוג מקור הלכתי,מוג מקור הלכתי,2022,"מגבלת עמלת ניהול חיצוני לשנת תשפ""ג",,0.15,,,,,,,מוג מקור הלכתי,2026-10-01T19:04:52.303Z,https://www.kranoth.org.il/wp-content/uploads/2023/01/%D7%9E%D7%93%D7%99%D7%A0%D7%99%D7%95%D7%AA_%D7%94%D7%A9%D7%A7%D7%A2%D7%95%D7%AA_%D7%A6%D7%A4%D7%95%D7%99%D7%94_%D7%9E%D7%95%D7%92_%D7%9E%D7%A7%D7%95%D7%A8_%D7%AA%D7%A9%D7%A4%D7%92-%D7%9E%D7%A1%D7%9C%D7%95%D7%9C_%D7%94%D7%9C%D7%9B%D7%94-%D7%A2%D7%93%D7%9B%D7%95%D7%9F_%D7%93%D7%A6%D7%9E%D7%91%D7%A8_2022.xlsx,policy/companies/520027251/raw/520027251/c27da50e55c9_מדיניות_השקעות_צפויה_מוג_מקור_תשפג-מסלול_הלכה-עדכון_דצמבר_2022.xlsx,מוג מקור הלכתי
520027251,,,520027251|מוג מקור הלכתי|מסלול מקוצר,מוג מקור הלכתי - מסלול מקוצר,2026,מניות,equity,49.47,47.0,6% +/-,41.0,53.0,"ת""א 125- 35% MSCI ALL COUNTRIES  -65% שקלי",,מוג מקור הלכתי,2026-10-01T19:04:48.260Z,https://kranoth.org.il/wp-content/uploads/2026/09/%D7%9E%D7%93%D7%99%D7%A0%D7%99%D7%95%D7%AA_%D7%94%D7%A9%D7%A7%D7%A2%D7%95%D7%AA_%D7%A6%D7%A4%D7%95%D7%99%D7%94_%D7%AA%D7%A9%D7%A4%D7%96-%D7%9E%D7%95%D7%A8%D7%99%D7%9D_%D7%95%D7%92%D7%A0%D7%A0%D7%95%D7%AA_%D7%9E%D7%A7%D7%95%D7%A8-%D7%9E%D7%A1%D7%9C%D7%95%D7%9C_%D7%94%D7%9C%D7%9B%D7%94.xlsx,policy/companies/520027251/raw/520027251/cc107f76bce3_מדיניות_השקעות_צפויה_תשפז-מורים_וגננות_מקור-מסלול_הלכה.xlsx,מוג מקור הלכתי
520027251,,,520027251|מוג מקור הלכתי|מסלול מקוצר,מוג מקור הלכתי - מסלול מקוצר,2026,"אג""ח ממשלתי (שקלי, צמוד, משתנה, מט""ח, מק""מ)",,23.05,26.0,5% +/-,21.0,31.0,ממשלתי שקלי בריבית קבועה- 55%              us 10 year treasury 10% שקלי  ממשלתי צמוד 2-5 שנים- 35%,,מוג מקור הלכתי,2026-10-01T19:04:48.260Z,https://kranoth.org.il/wp-content/uploads/2026/09/%D7%9E%D7%93%D7%99%D7%A0%D7%99%D7%95%D7%AA_%D7%94%D7%A9%D7%A7%D7%A2%D7%95%D7%AA_%D7%A6%D7%A4%D7%95%D7%99%D7%94_%D7%AA%D7%A9%D7%A4%D7%96-%D7%9E%D7%95%D7%A8%D7%99%D7%9D_%D7%95%D7%92%D7%A0%D7%A0%D7%95%D7%AA_%D7%9E%D7%A7%D7%95%D7%A8-%D7%9E%D7%A1%D7%9C%D7%95%D7%9C_%D7%94%D7%9C%D7%9B%D7%94.xlsx,policy/companies/520027251/raw/520027251/cc107f76bce3_מדיניות_השקעות_צפויה_תשפז-מורים_וגננות_מקור-מסלול_הלכה.xlsx,מוג מקור הלכתי
520027251,,,520027251|מוג מקור הלכתי|מסלול מקוצר,מוג מקור הלכתי - מסלול מקוצר,2026,"אג""ח קונצרני (כולל פקדונות ושטרי הון)***",,22.45,22.0,6% +/-,16.0,28.0,תל בונד 60 -60%        תל בונד שקלי 20%     Bloomberg us corporate 1  bond index 10  -20%  שקלי,,מוג מקור הלכתי,2026-10-01T19:04:48.260Z,https://kranoth.org.il/wp-content/uploads/2026/09/%D7%9E%D7%93%D7%99%D7%A0%D7%99%D7%95%D7%AA_%D7%94%D7%A9%D7%A7%D7%A2%D7%95%D7%AA_%D7%A6%D7%A4%D7%95%D7%99%D7%94_%D7%AA%D7%A9%D7%A4%D7%96-%D7%9E%D7%95%D7%A8%D7%99%D7%9D_%D7%95%D7%92%D7%A0%D7%A0%D7%95%D7%AA_%D7%9E%D7%A7%D7%95%D7%A8-%D7%9E%D7%A1%D7%9C%D7%95%D7%9C_%D7%94%D7%9C%D7%9B%D7%94.xlsx,policy/companies/520027251/raw/520027251/cc107f76bce3_מדיניות_השקעות_צפויה_תשפז-מורים_וגננות_מקור-מסלול_הלכה.xlsx,מוג מקור הלכתי
520027251,,,520027251|מוג מקור הלכתי|מסלול מקוצר,מוג מקור הלכתי - מסלול מקוצר,2026,"אחר (קרנות הון סיכון, קרנות השקעה, קרנות גידור, הלוואות לעמיתים שקליות' השקעות ראיליות, מניות לא סחירות)",,0.4,3.0,5% +/-,0.0,8.0,"Barclays Global Aggregate Corporate Bond Index- 11% ,  msci-ac - 35% , S&P Global Infrastructure Index - 43%, MSCI World Real Estate Index - 11% שקליים",,מוג מקור הלכתי,2026-10-01T19:04:48.260Z,https://kranoth.org.il/wp-content/uploads/2026/09/%D7%9E%D7%93%D7%99%D7%A0%D7%99%D7%95%D7%AA_%D7%94%D7%A9%D7%A7%D7%A2%D7%95%D7%AA_%D7%A6%D7%A4%D7%95%D7%99%D7%94_%D7%AA%D7%A9%D7%A4%D7%96-%D7%9E%D7%95%D7%A8%D7%99%D7%9D_%D7%95%D7%92%D7%A0%D7%A0%D7%95%D7%AA_%D7%9E%D7%A7%D7%95%D7%A8-%D7%9E%D7%A1%D7%9C%D7%95%D7%9C_%D7%94%D7%9C%D7%9B%D7%94.xlsx,policy/companies/520027251/raw/520027251/cc107f76bce3_מדיניות_השקעות_צפויה_תשפז-מורים_וגננות_מקור-מסלול_הלכה.xlsx,מוג מקור הלכתי
520027251,,,520027251|מוג מקור הלכתי|מסלול מקוצר,מוג מקור הלכתי - מסלול מקוצר,2026,"עו""ש (כולל פר""י, פק""מ שבועי, עו""ש מט""ח)**",,4.28,5.0,5% +/-,0.0,10.0,"מדד מק""מ",,מוג מקור הלכתי,2026-10-01T19:04:48.260Z,https://kranoth.org.il/wp-content/uploads/2026/09/%D7%9E%D7%93%D7%99%D7%A0%D7%99%D7%95%D7%AA_%D7%94%D7%A9%D7%A7%D7%A2%D7%95%D7%AA_%D7%A6%D7%A4%D7%95%D7%99%D7%94_%D7%AA%D7%A9%D7%A4%D7%96-%D7%9E%D7%95%D7%A8%D7%99%D7%9D_%D7%95%D7%92%D7%A0%D7%A0%D7%95%D7%AA_%D7%9E%D7%A7%D7%95%D7%A8-%D7%9E%D7%A1%D7%9C%D7%95%D7%9C_%D7%94%D7%9C%D7%9B%D7%94.xlsx,policy/companies/520027251/raw/520027251/cc107f76bce3_מדיניות_השקעות_צפויה_תשפז-מורים_וגננות_מקור-מסלול_הלכה.xlsx,מוג מקור הלכתי
520027251,,,520027251|מוג מקור הלכתי|מסלול מקוצר,מוג מקור הלכתי - מסלול מקוצר,2026,"סה""כ*",,99.65,103.0,אין מידע,,,אין מידע,,מוג מקור הלכתי,2026-10-01T19:04:48.260Z,https://kranoth.org.il/wp-content/uploads/2026/09/%D7%9E%D7%93%D7%99%D7%A0%D7%99%D7%95%D7%AA_%D7%94%D7%A9%D7%A7%D7%A2%D7%95%D7%AA_%D7%A6%D7%A4%D7%95%D7%99%D7%94_%D7%AA%D7%A9%D7%A4%D7%96-%D7%9E%D7%95%D7%A8%D7%99%D7%9D_%D7%95%D7%92%D7%A0%D7%A0%D7%95%D7%AA_%D7%9E%D7%A7%D7%95%D7%A8-%D7%9E%D7%A1%D7%9C%D7%95%D7%9C_%D7%94%D7%9C%D7%9B%D7%94.xlsx,policy/companies/520027251/raw/520027251/cc107f76bce3_מדיניות_השקעות_צפויה_תשפז-מורים_וגננות_מקור-מסלול_הלכה.xlsx,מוג מקור הלכתי
520027251,,,520027251|מוג מקור הלכתי|מסלול מקוצר,מוג מקור הלכתי - מסלול מקוצר,2026,"חשיפה למט""ח",fx,19.32,19.0,6% +/-,13.0,25.0,אין מידע,,מוג מקור הלכתי,2026-10-01T19:04:48.260Z,https://kranoth.org.il/wp-content/uploads/2026/09/%D7%9E%D7%93%D7%99%D7%A0%D7%99%D7%95%D7%AA_%D7%94%D7%A9%D7%A7%D7%A2%D7%95%D7%AA_%D7%A6%D7%A4%D7%95%D7%99%D7%94_%D7%AA%D7%A9%D7%A4%D7%96-%D7%9E%D7%95%D7%A8%D7%99%D7%9D_%D7%95%D7%92%D7%A0%D7%A0%D7%95%D7%AA_%D7%9E%D7%A7%D7%95%D7%A8-%D7%9E%D7%A1%D7%9C%D7%95%D7%9C_%D7%94%D7%9C%D7%9B%D7%94.xlsx,policy/companies/520027251/raw/520027251/cc107f76bce3_מדיניות_השקעות_צפויה_תשפז-מורים_וגננות_מקור-מסלול_הלכה.xlsx,מוג מקור הלכתי
520027251,,,520027251|מוג מקור הלכתי|מסלול מקוצר,מוג מקור הלכתי - מסלול מקוצר,2026,"מגבלת עמלת ניהול חיצוני לשנת תשפ""ז",,,0.15,אין מידע,,,אין מידע,,מוג מקור הלכתי,2026-10-01T19:04:48.260Z,https://kranoth.org.il/wp-content/uploads/2026/09/%D7%9E%D7%93%D7%99%D7%A0%D7%99%D7%95%D7%AA_%D7%94%D7%A9%D7%A7%D7%A2%D7%95%D7%AA_%D7%A6%D7%A4%D7%95%D7%99%D7%94_%D7%AA%D7%A9%D7%A4%D7%96-%D7%9E%D7%95%D7%A8%D7%99%D7%9D_%D7%95%D7%92%D7%A0%D7%A0%D7%95%D7%AA_%D7%9E%D7%A7%D7%95%D7%A8-%D7%9E%D7%A1%D7%9C%D7%95%D7%9C_%D7%94%D7%9C%D7%9B%D7%94.xlsx,policy/companies/520027251/raw/520027251/cc107f76bce3_מדיניות_השקעות_צפויה_תשפז-מורים_וגננות_מקור-מסלול_הלכה.xlsx,מוג מקור הלכתי
520027251,,,520027251|מוג מקור אשראי ואגח|מסלול מקוצר,מוג מקור אשראי ואגח - מסלול מקוצר,2024,מניות,equity,0.0,0.0,0,0.0,6.0,אין מידע,,מוג מקור אשראי ואגח,2026-10-01T19:04:54.959Z,https://www.kranoth.org.il/wp-content/uploads/2024/11/%D7%9E%D7%95%D7%A8%D7%99%D7%9D_%D7%95%D7%92%D7%A0%D7%A0%D7%95%D7%AA_%D7%9E%D7%A7%D7%95%D7%A8_%D7%9E%D7%A1%D7%9C%D7%95%D7%9C_%D7%90%D7%A9%D7%A8%D7%90%D7%99_%D7%95%D7%90%D7%92%D7%97_%D7%9E%D7%93%D7%99%D7%A0%D7%99%D7%95%D7%AA_%D7%94%D7%A9%D7%A7%D7%A2%D7%94_%D7%AA%D7%A9%D7%A4%D7%94-1.xlsx,policy/companies/520027251/raw/520027251/d64e5dd0deaf_מורים_וגננות_מקור_מסלול_אשראי_ואגח_מדיניות_השקעה_תשפה-1.xlsx,מוג מקור אשראי ואגח
520027251,,,520027251|מוג מקור אשראי ואגח|מסלול מקוצר,מוג מקור אשראי ואגח - מסלול מקוצר,2024,"אג""ח ממשלתי (שקלי, צמוד, משתנה, מט""ח, מק""מ)",,56.07,55.0,5% +/-,50.0,60.0,ממשלתי שקלי בריבית קבועה- 65% ממשלתי צמוד 2-5 שנים- 35%,,מוג מקור אשראי ואגח,2026-10-01T19:04:54.959Z,https://www.kranoth.org.il/wp-content/uploads/2024/11/%D7%9E%D7%95%D7%A8%D7%99%D7%9D_%D7%95%D7%92%D7%A0%D7%A0%D7%95%D7%AA_%D7%9E%D7%A7%D7%95%D7%A8_%D7%9E%D7%A1%D7%9C%D7%95%D7%9C_%D7%90%D7%A9%D7%A8%D7%90%D7%99_%D7%95%D7%90%D7%92%D7%97_%D7%9E%D7%93%D7%99%D7%A0%D7%99%D7%95%D7%AA_%D7%94%D7%A9%D7%A7%D7%A2%D7%94_%D7%AA%D7%A9%D7%A4%D7%94-1.xlsx,policy/companies/520027251/raw/520027251/d64e5dd0deaf_מורים_וגננות_מקור_מסלול_אשראי_ואגח_מדיניות_השקעה_תשפה-1.xlsx,מוג מקור אשראי ואגח
520027251,,,520027251|מוג מקור אשראי ואגח|מסלול מקוצר,מוג מקור אשראי ואגח - מסלול מקוצר,2024,"אג""ח קונצרני (כולל פקדונות ושטרי הון)***",,37.41,40.0,6% +/-,34.0,46.0,תל בונד 60 -60%        תל בונד שקלי 20%     Bloomberg us corporate 1  bond index 10  -20%  שקלי,,מוג מקור אשראי ואגח,2026-10-01T19:04:54.959Z,https://www.kranoth.org.il/wp-content/uploads/2024/11/%D7%9E%D7%95%D7%A8%D7%99%D7%9D_%D7%95%D7%92%D7%A0%D7%A0%D7%95%D7%AA_%D7%9E%D7%A7%D7%95%D7%A8_%D7%9E%D7%A1%D7%9C%D7%95%D7%9C_%D7%90%D7%A9%D7%A8%D7%90%D7%99_%D7%95%D7%90%D7%92%D7%97_%D7%9E%D7%93%D7%99%D7%A0%D7%99%D7%95%D7%AA_%D7%94%D7%A9%D7%A7%D7%A2%D7%94_%D7%AA%D7%A9%D7%A4%D7%94-1.xlsx,policy/companies/520027251/raw/520027251/d64e5dd0deaf_מורים_וגננות_מקור_מסלול_אשראי_ואגח_מדיניות_השקעה_תשפה-1.xlsx,מוג מקור אשראי ואגח
520027251,,,520027251|מוג מקור אשראי ואגח|מסלול מקוצר,מוג מקור אשראי ואגח - מסלול מקוצר,2024,"אחר (קרנות הון סיכון, קרנות השקעה, קרנות גידור, הלוואות לעמיתים שקליות' השקעות ראיליות, מניות לא סחירות)",,0.0,0.0,0,0.0,5.0,אין מידע,,מוג מקור אשראי ואגח,2026-10-01T19:04:54.959Z,https://www.kranoth.org.il/wp-content/uploads/2024/11/%D7%9E%D7%95%D7%A8%D7%99%D7%9D_%D7%95%D7%92%D7%A0%D7%A0%D7%95%D7%AA_%D7%9E%D7%A7%D7%95%D7%A8_%D7%9E%D7%A1%D7%9C%D7%95%D7%9C_%D7%90%D7%A9%D7%A8%D7%90%D7%99_%D7%95%D7%90%D7%92%D7%97_%D7%9E%D7%93%D7%99%D7%A0%D7%99%D7%95%D7%AA_%D7%94%D7%A9%D7%A7%D7%A2%D7%94_%D7%AA%D7%A9%D7%A4%D7%94-1.xlsx,policy/companies/520027251/raw/520027251/d64e5dd0deaf_מורים_וגננות_מקור_מסלול_אשראי_ואגח_מדיניות_השקעה_תשפה-1.xlsx,מוג מקור אשראי ואגח
520027251,,,520027251|מוג מקור אשראי ואגח|מסלול מקוצר,מוג מקור אשראי ואגח - מסלול מקוצר,2024,"עו""ש (כולל פר""י, פק""מ שבועי, עו""ש מט""ח)**",,6.52,5.0,5% +/-,0.0,10.0,"מדד מק""מ",,מוג מקור אשראי ואגח,2026-10-01T19:04:54.959Z,https://www.kranoth.org.il/wp-content/uploads/2024/11/%D7%9E%D7%95%D7%A8%D7%99%D7%9D_%D7%95%D7%92%D7%A0%D7%A0%D7%95%D7%AA_%D7%9E%D7%A7%D7%95%D7%A8_%D7%9E%D7%A1%D7%9C%D7%95%D7%9C_%D7%90%D7%A9%D7%A8%D7%90%D7%99_%D7%95%D7%90%D7%92%D7%97_%D7%9E%D7%93%D7%99%D7%A0%D7%99%D7%95%D7%AA_%D7%94%D7%A9%D7%A7%D7%A2%D7%94_%D7%AA%D7%A9%D7%A4%D7%94-1.xlsx,policy/companies/520027251/raw/520027251/d64e5dd0deaf_מורים_וגננות_מקור_מסלול_אשראי_ואגח_מדיניות_השקעה_תשפה-1.xlsx,מוג מקור אשראי ואגח
520027251,,,520027251|מוג מקור אשראי ואגח|מסלול מקוצר,מוג מקור אשראי ואגח - מסלול מקוצר,2024,"סה""כ*",,100.0,100.0,1,,,אין מידע,,מוג מקור אשראי ואגח,2026-10-01T19:04:54.959Z,https://www.kranoth.org.il/wp-content/uploads/2024/11/%D7%9E%D7%95%D7%A8%D7%99%D7%9D_%D7%95%D7%92%D7%A0%D7%A0%D7%95%D7%AA_%D7%9E%D7%A7%D7%95%D7%A8_%D7%9E%D7%A1%D7%9C%D7%95%D7%9C_%D7%90%D7%A9%D7%A8%D7%90%D7%99_%D7%95%D7%90%D7%92%D7%97_%D7%9E%D7%93%D7%99%D7%A0%D7%99%D7%95%D7%AA_%D7%94%D7%A9%D7%A7%D7%A2%D7%94_%D7%AA%D7%A9%D7%A4%D7%94-1.xlsx,policy/companies/520027251/raw/520027251/d64e5dd0deaf_מורים_וגננות_מקור_מסלול_אשראי_ואגח_מדיניות_השקעה_תשפה-1.xlsx,מוג מקור אשראי ואגח
520027251,,,520027251|מוג מקור אשראי ואגח|מסלול מקוצר,מוג מקור אשראי ואגח - מסלול מקוצר,2024,"חשיפה למט""ח",fx,2.55,6.0,6% +/-,0.0,12.0,אין מידע,,מוג מקור אשראי ואגח,2026-10-01T19:04:54.959Z,https://www.kranoth.org.il/wp-content/uploads/2024/11/%D7%9E%D7%95%D7%A8%D7%99%D7%9D_%D7%95%D7%92%D7%A0%D7%A0%D7%95%D7%AA_%D7%9E%D7%A7%D7%95%D7%A8_%D7%9E%D7%A1%D7%9C%D7%95%D7%9C_%D7%90%D7%A9%D7%A8%D7%90%D7%99_%D7%95%D7%90%D7%92%D7%97_%D7%9E%D7%93%D7%99%D7%A0%D7%99%D7%95%D7%AA_%D7%94%D7%A9%D7%A7%D7%A2%D7%94_%D7%AA%D7%A9%D7%A4%D7%94-1.xlsx,policy/companies/520027251/raw/520027251/d64e5dd0deaf_מורים_וגננות_מקור_מסלול_אשראי_ואגח_מדיניות_השקעה_תשפה-1.xlsx,מוג מקור אשראי ואגח
520027251,,,520027251|מוג ללא מניות|מסלול ללא מניות,מוג ללא מניות - מסלול ללא מניות,2023,מניות,equity,0.0,0.0,0,,,,,מוג ללא מניות,2026-10-01T19:04:29.283Z,https://www.kranoth.org.il/wp-content/uploads/2024/01/%D7%9E%D7%95%D7%92_%D7%A8%D7%92%D7%99%D7%9C%D7%94_%D7%90%D7%92%D7%97-%D7%9E%D7%93%D7%99%D7%A0%D7%99%D7%95%D7%AA_%D7%94%D7%A9%D7%A7%D7%A2%D7%95%D7%AA_%D7%A6%D7%A4%D7%95%D7%99%D7%94_25.12.23.xlsx,policy/companies/520027251/raw/520027251/db25745976a0_מוג_רגילה_אגח-מדיניות_השקעות_צפויה_25.12.23.xlsx,מוג ללא מניות
520027251,,,520027251|מוג ללא מניות|מסלול ללא מניות,מוג ללא מניות - מסלול ללא מניות,2023,"אג""ח ממשלתי (שקלי, צמוד, משתנה, מט""ח, מק""מ)",,55.77,55.0,5% +/-,50.0,60.0,ממשלתי שקלי בריבית קבועה- 65% ממשלתי צמוד 2-5 שנים- 35%,,מוג ללא מניות,2026-10-01T19:04:29.283Z,https://www.kranoth.org.il/wp-content/uploads/2024/01/%D7%9E%D7%95%D7%92_%D7%A8%D7%92%D7%99%D7%9C%D7%94_%D7%90%D7%92%D7%97-%D7%9E%D7%93%D7%99%D7%A0%D7%99%D7%95%D7%AA_%D7%94%D7%A9%D7%A7%D7%A2%D7%95%D7%AA_%D7%A6%D7%A4%D7%95%D7%99%D7%94_25.12.23.xlsx,policy/companies/520027251/raw/520027251/db25745976a0_מוג_רגילה_אגח-מדיניות_השקעות_צפויה_25.12.23.xlsx,מוג ללא מניות
520027251,,,520027251|מוג ללא מניות|מסלול ללא מניות,מוג ללא מניות - מסלול ללא מניות,2023,"אג""ח קונצרני (כולל פקדונות ושטרי הון)***",,37.16,40.0,6% +/-,34.0,46.0,תל בונד 60 -60%        תל בונד שקלי 20%     Bloomberg us corporate 1  bond index 10  -20%  שקלי,,מוג ללא מניות,2026-10-01T19:04:29.283Z,https://www.kranoth.org.il/wp-content/uploads/2024/01/%D7%9E%D7%95%D7%92_%D7%A8%D7%92%D7%99%D7%9C%D7%94_%D7%90%D7%92%D7%97-%D7%9E%D7%93%D7%99%D7%A0%D7%99%D7%95%D7%AA_%D7%94%D7%A9%D7%A7%D7%A2%D7%95%D7%AA_%D7%A6%D7%A4%D7%95%D7%99%D7%94_25.12.23.xlsx,policy/companies/520027251/raw/520027251/db25745976a0_מוג_רגילה_אגח-מדיניות_השקעות_צפויה_25.12.23.xlsx,מוג ללא מניות
520027251,,,520027251|מוג ללא מניות|מסלול ללא מניות,מוג ללא מניות - מסלול ללא מניות,2023,"אחר (קרנות הון סיכון, קרנות השקעה, קרנות גידור, הלוואות לעמיתים שקליות' השקעות ראיליות, מניות לא סחירות)",,0.0,0.0,0,,,,,מוג ללא מניות,2026-10-01T19:04:29.283Z,https://www.kranoth.org.il/wp-content/uploads/2024/01/%D7%9E%D7%95%D7%92_%D7%A8%D7%92%D7%99%D7%9C%D7%94_%D7%90%D7%92%D7%97-%D7%9E%D7%93%D7%99%D7%A0%D7%99%D7%95%D7%AA_%D7%94%D7%A9%D7%A7%D7%A2%D7%95%D7%AA_%D7%A6%D7%A4%D7%95%D7%99%D7%94_25.12.23.xlsx,policy/companies/520027251/raw/520027251/db25745976a0_מוג_רגילה_אגח-מדיניות_השקעות_צפויה_25.12.23.xlsx,מוג ללא מניות
520027251,,,520027251|מוג ללא מניות|מסלול ללא מניות,מוג ללא מניות - מסלול ללא מניות,2023,"עו""ש (כולל פר""י, פק""מ שבועי, עו""ש מט""ח)**",,7.07,5.0,5% +/-,0.0,10.0,"מדד מק""מ",,מוג ללא מניות,2026-10-01T19:04:29.283Z,https://www.kranoth.org.il/wp-content/uploads/2024/01/%D7%9E%D7%95%D7%92_%D7%A8%D7%92%D7%99%D7%9C%D7%94_%D7%90%D7%92%D7%97-%D7%9E%D7%93%D7%99%D7%A0%D7%99%D7%95%D7%AA_%D7%94%D7%A9%D7%A7%D7%A2%D7%95%D7%AA_%D7%A6%D7%A4%D7%95%D7%99%D7%94_25.12.23.xlsx,policy/companies/520027251/raw/520027251/db25745976a0_מוג_רגילה_אגח-מדיניות_השקעות_צפויה_25.12.23.xlsx,מוג ללא מניות
520027251,,,520027251|מוג ללא מניות|מסלול ללא מניות,מוג ללא מניות - מסלול ללא מניות,2023,"סה""כ*",,100.0,100.0,1,,,,,מוג ללא מניות,2026-10-01T19:04:29.283Z,https://www.kranoth.org.il/wp-content/uploads/2024/01/%D7%9E%D7%95%D7%92_%D7%A8%D7%92%D7%99%D7%9C%D7%94_%D7%90%D7%92%D7%97-%D7%9E%D7%93%D7%99%D7%A0%D7%99%D7%95%D7%AA_%D7%94%D7%A9%D7%A7%D7%A2%D7%95%D7%AA_%D7%A6%D7%A4%D7%95%D7%99%D7%94_25.12.23.xlsx,policy/companies/520027251/raw/520027251/db25745976a0_מוג_רגילה_אגח-מדיניות_השקעות_צפויה_25.12.23.xlsx,מוג ללא מניות
520027251,,,520027251|מוג ללא מניות|מסלול ללא מניות,מוג ללא מניות - מסלול ללא מניות,2023,"חשיפה למט""ח",fx,4.28,6.0,6% +/-,0.0,12.0,,,מוג ללא מניות,2026-10-01T19:04:29.283Z,https://www.kranoth.org.il/wp-content/uploads/2024/01/%D7%9E%D7%95%D7%92_%D7%A8%D7%92%D7%99%D7%9C%D7%94_%D7%90%D7%92%D7%97-%D7%9E%D7%93%D7%99%D7%A0%D7%99%D7%95%D7%AA_%D7%94%D7%A9%D7%A7%D7%A2%D7%95%D7%AA_%D7%A6%D7%A4%D7%95%D7%99%D7%94_25.12.23.xlsx,policy/companies/520027251/raw/520027251/db25745976a0_מוג_רגילה_אגח-מדיניות_השקעות_צפויה_25.12.23.xlsx,מוג ללא מניות
520027251,,,520027251|מוג מקור|מסלול מקוצר,מוג מקור - מסלול מקוצר,2024,מניות סחירות,equity,47.32,44.0,6% +/-,38.0,50.0,"ת""א 125- 25% MSCI ALL COUNTRIES  -75% שקלי",,מוג מקור,2026-10-01T19:04:44.584Z,https://www.kranoth.org.il/wp-content/uploads/2024/12/%D7%9E%D7%95%D7%92_%D7%9E%D7%A7%D7%95%D7%A8-%D7%9E%D7%A1%D7%9C%D7%95%D7%9C_%D7%9B%D7%9C%D7%9C%D7%99-%D7%9E%D7%93%D7%99%D7%A0%D7%99%D7%95%D7%AA_%D7%94%D7%A9%D7%A7%D7%A2%D7%95%D7%AA_%D7%AA%D7%A9%D7%A4%D7%94_%D7%93%D7%A6%D7%9E%D7%91%D7%A8_2024.xlsx,policy/companies/520027251/raw/520027251/e1e7908223ad_מוג_מקור-מסלול_כללי-מדיניות_השקעות_תשפה_דצמבר_2024.xlsx,מוג מקור
520027251,,,520027251|מוג מקור|מסלול מקוצר,מוג מקור - מסלול מקוצר,2024,"אג""ח ממשלתי (שקלי, צמוד, משתנה, מט""ח, מק""מ)",,15.53,15.0,5% +/-,10.0,20.0,ממשלתי שקלי בריבית קבועה- 65% ממשלתי צמוד 2-5 שנים- 35%,,מוג מקור,2026-10-01T19:04:44.584Z,https://www.kranoth.org.il/wp-content/uploads/2024/12/%D7%9E%D7%95%D7%92_%D7%9E%D7%A7%D7%95%D7%A8-%D7%9E%D7%A1%D7%9C%D7%95%D7%9C_%D7%9B%D7%9C%D7%9C%D7%99-%D7%9E%D7%93%D7%99%D7%A0%D7%99%D7%95%D7%AA_%D7%94%D7%A9%D7%A7%D7%A2%D7%95%D7%AA_%D7%AA%D7%A9%D7%A4%D7%94_%D7%93%D7%A6%D7%9E%D7%91%D7%A8_2024.xlsx,policy/companies/520027251/raw/520027251/e1e7908223ad_מוג_מקור-מסלול_כללי-מדיניות_השקעות_תשפה_דצמבר_2024.xlsx,מוג מקור
520027251,,,520027251|מוג מקור|מסלול מקוצר,מוג מקור - מסלול מקוצר,2024,"אג""ח קונצרני (כולל פקדונות ושטרי הון)***",,18.48,20.0,6% +/-,14.0,26.0,תל בונד 60 -60%        תל בונד שקלי 20%     Bloomberg us corporate 1  bond index 10  -20%  שקלי,,מוג מקור,2026-10-01T19:04:44.584Z,https://www.kranoth.org.il/wp-content/uploads/2024/12/%D7%9E%D7%95%D7%92_%D7%9E%D7%A7%D7%95%D7%A8-%D7%9E%D7%A1%D7%9C%D7%95%D7%9C_%D7%9B%D7%9C%D7%9C%D7%99-%D7%9E%D7%93%D7%99%D7%A0%D7%99%D7%95%D7%AA_%D7%94%D7%A9%D7%A7%D7%A2%D7%95%D7%AA_%D7%AA%D7%A9%D7%A4%D7%94_%D7%93%D7%A6%D7%9E%D7%91%D7%A8_2024.xlsx,policy/companies/520027251/raw/520027251/e1e7908223ad_מוג_מקור-מסלול_כללי-מדיניות_השקעות_תשפה_דצמבר_2024.xlsx,מוג מקור
520027251,,,520027251|מוג מקור|מסלול מקוצר,מוג מקור - מסלול מקוצר,2024,"אחר (קרנות הון סיכון, קרנות השקעה, קרנות גידור, הלוואות לעמיתים שקליות' השקעות ראיליות, מניות לא סחירות)",,19.18,22.0,5% +/-,17.0,27.0,אין מידע,,מוג מקור,2026-10-01T19:04:44.584Z,https://www.kranoth.org.il/wp-content/uploads/2024/12/%D7%9E%D7%95%D7%92_%D7%9E%D7%A7%D7%95%D7%A8-%D7%9E%D7%A1%D7%9C%D7%95%D7%9C_%D7%9B%D7%9C%D7%9C%D7%99-%D7%9E%D7%93%D7%99%D7%A0%D7%99%D7%95%D7%AA_%D7%94%D7%A9%D7%A7%D7%A2%D7%95%D7%AA_%D7%AA%D7%A9%D7%A4%D7%94_%D7%93%D7%A6%D7%9E%D7%91%D7%A8_2024.xlsx,policy/companies/520027251/raw/520027251/e1e7908223ad_מוג_מקור-מסלול_כללי-מדיניות_השקעות_תשפה_דצמבר_2024.xlsx,מוג מקור
520027251,,,520027251|מוג מקור|מסלול מקוצר,מוג מקור - מסלול מקוצר,2024,"עו""ש (כולל פר""י, פק""מ שבועי, עו""ש מט""ח)**",,2.04,5.0,5% +/-,0.0,10.0,"מדד מק""מ",,מוג מקור,2026-10-01T19:04:44.584Z,https://www.kranoth.org.il/wp-content/uploads/2024/12/%D7%9E%D7%95%D7%92_%D7%9E%D7%A7%D7%95%D7%A8-%D7%9E%D7%A1%D7%9C%D7%95%D7%9C_%D7%9B%D7%9C%D7%9C%D7%99-%D7%9E%D7%93%D7%99%D7%A0%D7%99%D7%95%D7%AA_%D7%94%D7%A9%D7%A7%D7%A2%D7%95%D7%AA_%D7%AA%D7%A9%D7%A4%D7%94_%D7%93%D7%A6%D7%9E%D7%91%D7%A8_2024.xlsx,policy/companies/520027251/raw/520027251/e1e7908223ad_מוג_מקור-מסלול_כללי-מדיניות_השקעות_תשפה_דצמבר_2024.xlsx,מוג מקור
520027251,,,520027251|מוג מקור|מסלול מקוצר,מוג מקור - מסלול מקוצר,2024,"סה""כ*",,102.55,106.0,אין מידע,,,אין מידע,,מוג מקור,2026-10-01T19:04:44.584Z,https://www.kranoth.org.il/wp-content/uploads/2024/12/%D7%9E%D7%95%D7%92_%D7%9E%D7%A7%D7%95%D7%A8-%D7%9E%D7%A1%D7%9C%D7%95%D7%9C_%D7%9B%D7%9C%D7%9C%D7%99-%D7%9E%D7%93%D7%99%D7%A0%D7%99%D7%95%D7%AA_%D7%94%D7%A9%D7%A7%D7%A2%D7%95%D7%AA_%D7%AA%D7%A9%D7%A4%D7%94_%D7%93%D7%A6%D7%9E%D7%91%D7%A8_2024.xlsx,policy/companies/520027251/raw/520027251/e1e7908223ad_מוג_מקור-מסלול_כללי-מדיניות_השקעות_תשפה_דצמבר_2024.xlsx,מוג מקור
520027251,,,520027251|מוג מקור|מסלול מקוצר,מוג מקור - מסלול מקוצר,2024,"חשיפה למט""ח",fx,20.97,20.0,6% +/-,14.0,26.0,אין מידע,,מוג מקור,2026-10-01T19:04:44.584Z,https://www.kranoth.org.il/wp-content/uploads/2024/12/%D7%9E%D7%95%D7%92_%D7%9E%D7%A7%D7%95%D7%A8-%D7%9E%D7%A1%D7%9C%D7%95%D7%9C_%D7%9B%D7%9C%D7%9C%D7%99-%D7%9E%D7%93%D7%99%D7%A0%D7%99%D7%95%D7%AA_%D7%94%D7%A9%D7%A7%D7%A2%D7%95%D7%AA_%D7%AA%D7%A9%D7%A4%D7%94_%D7%93%D7%A6%D7%9E%D7%91%D7%A8_2024.xlsx,policy/companies/520027251/raw/520027251/e1e7908223ad_מוג_מקור-מסלול_כללי-מדיניות_השקעות_תשפה_דצמבר_2024.xlsx,מוג מקור
520027251,,,520027251|מוג מקור|מסלול מקוצר,מוג מקור - מסלול מקוצר,2024,"מגבלת עמלת ניהול חיצוני לשנת תשפ""ה",,,0.4,אין מידע,,,אין מידע,,מוג מקור,2026-10-01T19:04:44.584Z,https://www.kranoth.org.il/wp-content/uploads/2024/12/%D7%9E%D7%95%D7%92_%D7%9E%D7%A7%D7%95%D7%A8-%D7%9E%D7%A1%D7%9C%D7%95%D7%9C_%D7%9B%D7%9C%D7%9C%D7%99-%D7%9E%D7%93%D7%99%D7%A0%D7%99%D7%95%D7%AA_%D7%94%D7%A9%D7%A7%D7%A2%D7%95%D7%AA_%D7%AA%D7%A9%D7%A4%D7%94_%D7%93%D7%A6%D7%9E%D7%91%D7%A8_2024.xlsx,policy/companies/520027251/raw/520027251/e1e7908223ad_מוג_מקור-מסלול_כללי-מדיניות_השקעות_תשפה_דצמבר_2024.xlsx,מוג מקור
520027251,,,520027251|מוג הלכתי|מסלול רגיל,מוג הלכתי - מסלול רגיל,2024,מניות,equity,46.8,46.0,6% +/-,40.0,52.0,"ת""א 125- 25% MSCI ALL COUNTRIES  -75% שקלי",,מוג הלכתי,2026-10-01T19:04:25.000Z,https://www.kranoth.org.il/wp-content/uploads/2024/12/%D7%9E%D7%95%D7%92_%D7%A8%D7%92%D7%99%D7%9C%D7%94-%D7%9E%D7%A1%D7%9C%D7%95%D7%9C_%D7%94%D7%9C%D7%9B%D7%94-%D7%9E%D7%93%D7%99%D7%A0%D7%99%D7%95%D7%AA_%D7%AA%D7%A9%D7%A4%D7%94_%D7%93%D7%A6%D7%9E%D7%91%D7%A8_2024.xlsx,policy/companies/520027251/raw/520027251/e24bcdd9632f_מוג_רגילה-מסלול_הלכה-מדיניות_תשפה_דצמבר_2024.xlsx,מוג הלכתי
520027251,,,520027251|מוג הלכתי|מסלול רגיל,מוג הלכתי - מסלול רגיל,2024,"אג""ח ממשלתי (שקלי, צמוד, משתנה, מט""ח, מק""מ)",,24.62,25.0,5% +/-,20.0,30.0,ממשלתי שקלי בריבית קבועה- 65% ממשלתי צמוד 2-5 שנים- 35%,,מוג הלכתי,2026-10-01T19:04:25.000Z,https://www.kranoth.org.il/wp-content/uploads/2024/12/%D7%9E%D7%95%D7%92_%D7%A8%D7%92%D7%99%D7%9C%D7%94-%D7%9E%D7%A1%D7%9C%D7%95%D7%9C_%D7%94%D7%9C%D7%9B%D7%94-%D7%9E%D7%93%D7%99%D7%A0%D7%99%D7%95%D7%AA_%D7%AA%D7%A9%D7%A4%D7%94_%D7%93%D7%A6%D7%9E%D7%91%D7%A8_2024.xlsx,policy/companies/520027251/raw/520027251/e24bcdd9632f_מוג_רגילה-מסלול_הלכה-מדיניות_תשפה_דצמבר_2024.xlsx,מוג הלכתי
520027251,,,520027251|מוג הלכתי|מסלול רגיל,מוג הלכתי - מסלול רגיל,2024,"אג""ח קונצרני (כולל פקדונות ושטרי הון)***",,20.21,24.0,6% +/-,18.0,30.0,תל בונד 60 -60%        תל בונד שקלי 20%     Bloomberg us corporate 1  bond index 10  -20%  שקלי,,מוג הלכתי,2026-10-01T19:04:25.000Z,https://www.kranoth.org.il/wp-content/uploads/2024/12/%D7%9E%D7%95%D7%92_%D7%A8%D7%92%D7%99%D7%9C%D7%94-%D7%9E%D7%A1%D7%9C%D7%95%D7%9C_%D7%94%D7%9C%D7%9B%D7%94-%D7%9E%D7%93%D7%99%D7%A0%D7%99%D7%95%D7%AA_%D7%AA%D7%A9%D7%A4%D7%94_%D7%93%D7%A6%D7%9E%D7%91%D7%A8_2024.xlsx,policy/companies/520027251/raw/520027251/e24bcdd9632f_מוג_רגילה-מסלול_הלכה-מדיניות_תשפה_דצמבר_2024.xlsx,מוג הלכתי
520027251,,,520027251|מוג הלכתי|מסלול רגיל,מוג הלכתי - מסלול רגיל,2024,"אחר (קרנות הון סיכון, קרנות השקעה, קרנות גידור, הלוואות לעמיתים שקליות' השקעות ראיליות, מניות לא סחירות)",,0.49,3.0,5% +/-,0.0,8.0,אין מידע,,מוג הלכתי,2026-10-01T19:04:25.000Z,https://www.kranoth.org.il/wp-content/uploads/2024/12/%D7%9E%D7%95%D7%92_%D7%A8%D7%92%D7%99%D7%9C%D7%94-%D7%9E%D7%A1%D7%9C%D7%95%D7%9C_%D7%94%D7%9C%D7%9B%D7%94-%D7%9E%D7%93%D7%99%D7%A0%D7%99%D7%95%D7%AA_%D7%AA%D7%A9%D7%A4%D7%94_%D7%93%D7%A6%D7%9E%D7%91%D7%A8_2024.xlsx,policy/companies/520027251/raw/520027251/e24bcdd9632f_מוג_רגילה-מסלול_הלכה-מדיניות_תשפה_דצמבר_2024.xlsx,מוג הלכתי
520027251,,,520027251|מוג הלכתי|מסלול רגיל,מוג הלכתי - מסלול רגיל,2024,"עו""ש (כולל פר""י, פק""מ שבועי, עו""ש מט""ח)**",,7.62,5.0,5% +/-,0.0,10.0,"מדד מק""מ",,מוג הלכתי,2026-10-01T19:04:25.000Z,https://www.kranoth.org.il/wp-content/uploads/2024/12/%D7%9E%D7%95%D7%92_%D7%A8%D7%92%D7%99%D7%9C%D7%94-%D7%9E%D7%A1%D7%9C%D7%95%D7%9C_%D7%94%D7%9C%D7%9B%D7%94-%D7%9E%D7%93%D7%99%D7%A0%D7%99%D7%95%D7%AA_%D7%AA%D7%A9%D7%A4%D7%94_%D7%93%D7%A6%D7%9E%D7%91%D7%A8_2024.xlsx,policy/companies/520027251/raw/520027251/e24bcdd9632f_מוג_רגילה-מסלול_הלכה-מדיניות_תשפה_דצמבר_2024.xlsx,מוג הלכתי
520027251,,,520027251|מוג הלכתי|מסלול רגיל,מוג הלכתי - מסלול רגיל,2024,"סה""כ*",,99.74,103.0,אין מידע,,,אין מידע,,מוג הלכתי,2026-10-01T19:04:25.000Z,https://www.kranoth.org.il/wp-content/uploads/2024/12/%D7%9E%D7%95%D7%92_%D7%A8%D7%92%D7%99%D7%9C%D7%94-%D7%9E%D7%A1%D7%9C%D7%95%D7%9C_%D7%94%D7%9C%D7%9B%D7%94-%D7%9E%D7%93%D7%99%D7%A0%D7%99%D7%95%D7%AA_%D7%AA%D7%A9%D7%A4%D7%94_%D7%93%D7%A6%D7%9E%D7%91%D7%A8_2024.xlsx,policy/companies/520027251/raw/520027251/e24bcdd9632f_מוג_רגילה-מסלול_הלכה-מדיניות_תשפה_דצמבר_2024.xlsx,מוג הלכתי
520027251,,,520027251|מוג הלכתי|מסלול רגיל,מוג הלכתי - מסלול רגיל,2024,"חשיפה למט""ח",fx,22.96,20.0,6% +/-,14.0,26.0,אין מידע,,מוג הלכתי,2026-10-01T19:04:25.000Z,https://www.kranoth.org.il/wp-content/uploads/2024/12/%D7%9E%D7%95%D7%92_%D7%A8%D7%92%D7%99%D7%9C%D7%94-%D7%9E%D7%A1%D7%9C%D7%95%D7%9C_%D7%94%D7%9C%D7%9B%D7%94-%D7%9E%D7%93%D7%99%D7%A0%D7%99%D7%95%D7%AA_%D7%AA%D7%A9%D7%A4%D7%94_%D7%93%D7%A6%D7%9E%D7%91%D7%A8_2024.xlsx,policy/companies/520027251/raw/520027251/e24bcdd9632f_מוג_רגילה-מסלול_הלכה-מדיניות_תשפה_דצמבר_2024.xlsx,מוג הלכתי
520027251,,,520027251|מוג הלכתי|מסלול רגיל,מוג הלכתי - מסלול רגיל,2024,"מגבלת עמלת ניהול חיצוני לשנת תשפ""ה",,,0.15,אין מידע,,,אין מידע,,מוג הלכתי,2026-10-01T19:04:25.000Z,https://www.kranoth.org.il/wp-content/uploads/2024/12/%D7%9E%D7%95%D7%92_%D7%A8%D7%92%D7%99%D7%9C%D7%94-%D7%9E%D7%A1%D7%9C%D7%95%D7%9C_%D7%94%D7%9C%D7%9B%D7%94-%D7%9E%D7%93%D7%99%D7%A0%D7%99%D7%95%D7%AA_%D7%AA%D7%A9%D7%A4%D7%94_%D7%93%D7%A6%D7%9E%D7%91%D7%A8_2024.xlsx,policy/companies/520027251/raw/520027251/e24bcdd9632f_מוג_רגילה-מסלול_הלכה-מדיניות_תשפה_דצמבר_2024.xlsx,מוג הלכתי
520027251,,,520027251|מורים וגננות|מורים וגננות,מורים וגננות,2022,מניות סחירות,equity,46.87,46.0,6% +/-,40.0,52.0,"ת""א 125- 30% MSCI ALL COUNTRIES  -70% שקלי",,מורים וגננות,2026-10-01T19:04:21.863Z,https://www.kranoth.org.il/wp-content/uploads/2022/10/%D7%9E%D7%93%D7%99%D7%A0%D7%99%D7%95%D7%AA_%D7%94%D7%A9%D7%A7%D7%A2%D7%95%D7%AA_%D7%A6%D7%A4%D7%95%D7%99%D7%94_%D7%AA%D7%A9%D7%A4%D7%92_%D7%9E%D7%95%D7%92_%D7%A8%D7%92%D7%99%D7%9C%D7%94_%D7%9E%D7%A1%D7%9C%D7%95%D7%9C_%D7%9B%D7%9C%D7%9C%D7%99.xlsx,policy/companies/520027251/raw/520027251/ec481ac10f1d_מדיניות_השקעות_צפויה_תשפג_מוג_רגילה_מסלול_כללי.xlsx,מורים וגננות 
520027251,,,520027251|מורים וגננות|מורים וגננות,מורים וגננות,2022,"אג""ח ממשלתי (שקלי, צמוד, משתנה, מט""ח, מק""מ)",,14.86,15.0,5% +/-,10.0,20.0,ממשלתי שקלי 2-5 שנים- 65% ממשלתי צמוד 2-5 שנים- 35%,,מורים וגננות,2026-10-01T19:04:21.863Z,https://www.kranoth.org.il/wp-content/uploads/2022/10/%D7%9E%D7%93%D7%99%D7%A0%D7%99%D7%95%D7%AA_%D7%94%D7%A9%D7%A7%D7%A2%D7%95%D7%AA_%D7%A6%D7%A4%D7%95%D7%99%D7%94_%D7%AA%D7%A9%D7%A4%D7%92_%D7%9E%D7%95%D7%92_%D7%A8%D7%92%D7%99%D7%9C%D7%94_%D7%9E%D7%A1%D7%9C%D7%95%D7%9C_%D7%9B%D7%9C%D7%9C%D7%99.xlsx,policy/companies/520027251/raw/520027251/ec481ac10f1d_מדיניות_השקעות_צפויה_תשפג_מוג_רגילה_מסלול_כללי.xlsx,מורים וגננות 
520027251,,,520027251|מורים וגננות|מורים וגננות,מורים וגננות,2022,"אג""ח קונצרני (כולל פקדונות ושטרי הון)***",,18.21,20.0,6% +/-,14.0,26.0,תל בונד 60 -60%        תל בונד שקלי 20%     Bloomberg us corporate 1  bond index 10  -20%  שקלי,,מורים וגננות,2026-10-01T19:04:21.863Z,https://www.kranoth.org.il/wp-content/uploads/2022/10/%D7%9E%D7%93%D7%99%D7%A0%D7%99%D7%95%D7%AA_%D7%94%D7%A9%D7%A7%D7%A2%D7%95%D7%AA_%D7%A6%D7%A4%D7%95%D7%99%D7%94_%D7%AA%D7%A9%D7%A4%D7%92_%D7%9E%D7%95%D7%92_%D7%A8%D7%92%D7%99%D7%9C%D7%94_%D7%9E%D7%A1%D7%9C%D7%95%D7%9C_%D7%9B%D7%9C%D7%9C%D7%99.xlsx,policy/companies/520027251/raw/520027251/ec481ac10f1d_מדיניות_השקעות_צפויה_תשפג_מוג_רגילה_מסלול_כללי.xlsx,מורים וגננות 
520027251,,,520027251|מורים וגננות|מורים וגננות,מורים וגננות,2022,"אחר (קרנות הון סיכון, קרנות השקעה, קרנות גידור, הלוואות לעמיתים שקליות' השקעות ראיליות, מניות לא סחירות)",,17.71,19.0,5% +/-,14.0,24.0,,,מורים וגננות,2026-10-01T19:04:21.863Z,https://www.kranoth.org.il/wp-content/uploads/2022/10/%D7%9E%D7%93%D7%99%D7%A0%D7%99%D7%95%D7%AA_%D7%94%D7%A9%D7%A7%D7%A2%D7%95%D7%AA_%D7%A6%D7%A4%D7%95%D7%99%D7%94_%D7%AA%D7%A9%D7%A4%D7%92_%D7%9E%D7%95%D7%92_%D7%A8%D7%92%D7%99%D7%9C%D7%94_%D7%9E%D7%A1%D7%9C%D7%95%D7%9C_%D7%9B%D7%9C%D7%9C%D7%99.xlsx,policy/companies/520027251/raw/520027251/ec481ac10f1d_מדיניות_השקעות_צפויה_תשפג_מוג_רגילה_מסלול_כללי.xlsx,מורים וגננות 
520027251,,,520027251|מורים וגננות|מורים וגננות,מורים וגננות,2022,"עו""ש (כולל פר""י, פק""מ שבועי, עו""ש מט""ח)**",,3.67,5.0,5% +/-,0.0,10.0,"מדד מק""מ",,מורים וגננות,2026-10-01T19:04:21.863Z,https://www.kranoth.org.il/wp-content/uploads/2022/10/%D7%9E%D7%93%D7%99%D7%A0%D7%99%D7%95%D7%AA_%D7%94%D7%A9%D7%A7%D7%A2%D7%95%D7%AA_%D7%A6%D7%A4%D7%95%D7%99%D7%94_%D7%AA%D7%A9%D7%A4%D7%92_%D7%9E%D7%95%D7%92_%D7%A8%D7%92%D7%99%D7%9C%D7%94_%D7%9E%D7%A1%D7%9C%D7%95%D7%9C_%D7%9B%D7%9C%D7%9C%D7%99.xlsx,policy/companies/520027251/raw/520027251/ec481ac10f1d_מדיניות_השקעות_צפויה_תשפג_מוג_רגילה_מסלול_כללי.xlsx,מורים וגננות 
520027251,,,520027251|מורים וגננות|מורים וגננות,מורים וגננות,2022,"סה""כ*",,101.32,105.0,1.05,,,,,מורים וגננות,2026-10-01T19:04:21.863Z,https://www.kranoth.org.il/wp-content/uploads/2022/10/%D7%9E%D7%93%D7%99%D7%A0%D7%99%D7%95%D7%AA_%D7%94%D7%A9%D7%A7%D7%A2%D7%95%D7%AA_%D7%A6%D7%A4%D7%95%D7%99%D7%94_%D7%AA%D7%A9%D7%A4%D7%92_%D7%9E%D7%95%D7%92_%D7%A8%D7%92%D7%99%D7%9C%D7%94_%D7%9E%D7%A1%D7%9C%D7%95%D7%9C_%D7%9B%D7%9C%D7%9C%D7%99.xlsx,policy/companies/520027251/raw/520027251/ec481ac10f1d_מדיניות_השקעות_צפויה_תשפג_מוג_רגילה_מסלול_כללי.xlsx,מורים וגננות 
520027251,,,520027251|מורים וגננות|מורים וגננות,מורים וגננות,2022,"חשיפה למט""ח",fx,18.61,19.0,6% +/-,13.0,25.0,,,מורים וגננות,2026-10-01T19:04:21.863Z,https://www.kranoth.org.il/wp-content/uploads/2022/10/%D7%9E%D7%93%D7%99%D7%A0%D7%99%D7%95%D7%AA_%D7%94%D7%A9%D7%A7%D7%A2%D7%95%D7%AA_%D7%A6%D7%A4%D7%95%D7%99%D7%94_%D7%AA%D7%A9%D7%A4%D7%92_%D7%9E%D7%95%D7%92_%D7%A8%D7%92%D7%99%D7%9C%D7%94_%D7%9E%D7%A1%D7%9C%D7%95%D7%9C_%D7%9B%D7%9C%D7%9C%D7%99.xlsx,policy/companies/520027251/raw/520027251/ec481ac10f1d_מדיניות_השקעות_צפויה_תשפג_מוג_רגילה_מסלול_כללי.xlsx,מורים וגננות 
520027251,,,520027251|מורים וגננות|מסלול רגיל,מורים וגננות - מסלול רגיל,2024,מניות סחירות,equity,46.29,44.0,6% +/-,38.0,50.0,"ת""א 125- 25% MSCI ALL COUNTRIES  -75% שקלי",,מורים וגננות,2026-10-01T19:04:20.369Z,https://www.kranoth.org.il/wp-content/uploads/2024/11/%D7%9E%D7%95%D7%A8%D7%99%D7%9D_%D7%95%D7%92%D7%A0%D7%A0%D7%95%D7%AA_%D7%A8%D7%92%D7%99%D7%9C%D7%94_%D7%9E%D7%A1%D7%9C%D7%95%D7%9C_%D7%9B%D7%9C%D7%9C%D7%99_%D7%9E%D7%93%D7%99%D7%A0%D7%99%D7%95%D7%AA_%D7%94%D7%A9%D7%A7%D7%A2%D7%95%D7%AA_%D7%AA%D7%A9%D7%A4%D7%94-1.xlsx,policy/companies/520027251/raw/520027251/ed04f83692ac_מורים_וגננות_רגילה_מסלול_כללי_מדיניות_השקעות_תשפה-1.xlsx,מורים וגננות 
520027251,,,520027251|מורים וגננות|מסלול רגיל,מורים וגננות - מסלול רגיל,2024,"אג""ח ממשלתי (שקלי, צמוד, משתנה, מט""ח, מק""מ)",,13.51,15.0,5% +/-,10.0,20.0,ממשלתי שקלי בריבית קבועה- 65% ממשלתי צמוד 2-5 שנים- 35%,,מורים וגננות,2026-10-01T19:04:20.369Z,https://www.kranoth.org.il/wp-content/uploads/2024/11/%D7%9E%D7%95%D7%A8%D7%99%D7%9D_%D7%95%D7%92%D7%A0%D7%A0%D7%95%D7%AA_%D7%A8%D7%92%D7%99%D7%9C%D7%94_%D7%9E%D7%A1%D7%9C%D7%95%D7%9C_%D7%9B%D7%9C%D7%9C%D7%99_%D7%9E%D7%93%D7%99%D7%A0%D7%99%D7%95%D7%AA_%D7%94%D7%A9%D7%A7%D7%A2%D7%95%D7%AA_%D7%AA%D7%A9%D7%A4%D7%94-1.xlsx,policy/companies/520027251/raw/520027251/ed04f83692ac_מורים_וגננות_רגילה_מסלול_כללי_מדיניות_השקעות_תשפה-1.xlsx,מורים וגננות 
520027251,,,520027251|מורים וגננות|מסלול רגיל,מורים וגננות - מסלול רגיל,2024,"אג""ח קונצרני (כולל פקדונות ושטרי הון)***",,16.41,20.0,6% +/-,14.0,26.0,תל בונד 60 -60%        תל בונד שקלי 20%     Bloomberg us corporate 1  bond index 10  -20%  שקלי,,מורים וגננות,2026-10-01T19:04:20.369Z,https://www.kranoth.org.il/wp-content/uploads/2024/11/%D7%9E%D7%95%D7%A8%D7%99%D7%9D_%D7%95%D7%92%D7%A0%D7%A0%D7%95%D7%AA_%D7%A8%D7%92%D7%99%D7%9C%D7%94_%D7%9E%D7%A1%D7%9C%D7%95%D7%9C_%D7%9B%D7%9C%D7%9C%D7%99_%D7%9E%D7%93%D7%99%D7%A0%D7%99%D7%95%D7%AA_%D7%94%D7%A9%D7%A7%D7%A2%D7%95%D7%AA_%D7%AA%D7%A9%D7%A4%D7%94-1.xlsx,policy/companies/520027251/raw/520027251/ed04f83692ac_מורים_וגננות_רגילה_מסלול_כללי_מדיניות_השקעות_תשפה-1.xlsx,מורים וגננות 
520027251,,,520027251|מורים וגננות|מסלול רגיל,מורים וגננות - מסלול רגיל,2024,"אחר (קרנות הון סיכון, קרנות השקעה, קרנות גידור, הלוואות לעמיתים שקליות' השקעות ראיליות, מניות לא סחירות)",,21.22,22.0,5% +/-,17.0,27.0,אין מידע,,מורים וגננות,2026-10-01T19:04:20.369Z,https://www.kranoth.org.il/wp-content/uploads/2024/11/%D7%9E%D7%95%D7%A8%D7%99%D7%9D_%D7%95%D7%92%D7%A0%D7%A0%D7%95%D7%AA_%D7%A8%D7%92%D7%99%D7%9C%D7%94_%D7%9E%D7%A1%D7%9C%D7%95%D7%9C_%D7%9B%D7%9C%D7%9C%D7%99_%D7%9E%D7%93%D7%99%D7%A0%D7%99%D7%95%D7%AA_%D7%94%D7%A9%D7%A7%D7%A2%D7%95%D7%AA_%D7%AA%D7%A9%D7%A4%D7%94-1.xlsx,policy/companies/520027251/raw/520027251/ed04f83692ac_מורים_וגננות_רגילה_מסלול_כללי_מדיניות_השקעות_תשפה-1.xlsx,מורים וגננות 
520027251,,,520027251|מורים וגננות|מסלול רגיל,מורים וגננות - מסלול רגיל,2024,"עו""ש (כולל פר""י, פק""מ שבועי, עו""ש מט""ח)**",,7.3,5.0,5% +/-,0.0,10.0,"מדד מק""מ",,מורים וגננות,2026-10-01T19:04:20.369Z,https://www.kranoth.org.il/wp-content/uploads/2024/11/%D7%9E%D7%95%D7%A8%D7%99%D7%9D_%D7%95%D7%92%D7%A0%D7%A0%D7%95%D7%AA_%D7%A8%D7%92%D7%99%D7%9C%D7%94_%D7%9E%D7%A1%D7%9C%D7%95%D7%9C_%D7%9B%D7%9C%D7%9C%D7%99_%D7%9E%D7%93%D7%99%D7%A0%D7%99%D7%95%D7%AA_%D7%94%D7%A9%D7%A7%D7%A2%D7%95%D7%AA_%D7%AA%D7%A9%D7%A4%D7%94-1.xlsx,policy/companies/520027251/raw/520027251/ed04f83692ac_מורים_וגננות_רגילה_מסלול_כללי_מדיניות_השקעות_תשפה-1.xlsx,מורים וגננות 
520027251,,,520027251|מורים וגננות|מסלול רגיל,מורים וגננות - מסלול רגיל,2024,"סה""כ*",,104.73,106.0,אין מידע,,,אין מידע,,מורים וגננות,2026-10-01T19:04:20.369Z,https://www.kranoth.org.il/wp-content/uploads/2024/11/%D7%9E%D7%95%D7%A8%D7%99%D7%9D_%D7%95%D7%92%D7%A0%D7%A0%D7%95%D7%AA_%D7%A8%D7%92%D7%99%D7%9C%D7%94_%D7%9E%D7%A1%D7%9C%D7%95%D7%9C_%D7%9B%D7%9C%D7%9C%D7%99_%D7%9E%D7%93%D7%99%D7%A0%D7%99%D7%95%D7%AA_%D7%94%D7%A9%D7%A7%D7%A2%D7%95%D7%AA_%D7%AA%D7%A9%D7%A4%D7%94-1.xlsx,policy/companies/520027251/raw/520027251/ed04f83692ac_מורים_וגננות_רגילה_מסלול_כללי_מדיניות_השקעות_תשפה-1.xlsx,מורים וגננות 
520027251,,,520027251|מורים וגננות|מסלול רגיל,מורים וגננות - מסלול רגיל,2024,"חשיפה למט""ח",fx,23.14,21.0,6% +/-,15.0,27.0,אין מידע,,מורים וגננות,2026-10-01T19:04:20.369Z,https://www.kranoth.org.il/wp-content/uploads/2024/11/%D7%9E%D7%95%D7%A8%D7%99%D7%9D_%D7%95%D7%92%D7%A0%D7%A0%D7%95%D7%AA_%D7%A8%D7%92%D7%99%D7%9C%D7%94_%D7%9E%D7%A1%D7%9C%D7%95%D7%9C_%D7%9B%D7%9C%D7%9C%D7%99_%D7%9E%D7%93%D7%99%D7%A0%D7%99%D7%95%D7%AA_%D7%94%D7%A9%D7%A7%D7%A2%D7%95%D7%AA_%D7%AA%D7%A9%D7%A4%D7%94-1.xlsx,policy/companies/520027251/raw/520027251/ed04f83692ac_מורים_וגננות_רגילה_מסלול_כללי_מדיניות_השקעות_תשפה-1.xlsx,מורים וגננות 
520027251,,,520027251|מורים וגננות|מסלול רגיל,מורים וגננות - מסלול רגיל,2024,"מגבלת עמלת ניהול חיצוני לשנת תשפ""ה",,,0.4,אין מידע,,,אין מידע,,מורים וגננות,2026-10-01T19:04:20.369Z,https://www.kranoth.org.il/wp-content/uploads/2024/11/%D7%9E%D7%95%D7%A8%D7%99%D7%9D_%D7%95%D7%92%D7%A0%D7%A0%D7%95%D7%AA_%D7%A8%D7%92%D7%99%D7%9C%D7%94_%D7%9E%D7%A1%D7%9C%D7%95%D7%9C_%D7%9B%D7%9C%D7%9C%D7%99_%D7%9E%D7%93%D7%99%D7%A0%D7%99%D7%95%D7%AA_%D7%94%D7%A9%D7%A7%D7%A2%D7%95%D7%AA_%D7%AA%D7%A9%D7%A4%D7%94-1.xlsx,policy/companies/520027251/raw/520027251/ed04f83692ac_מורים_וגננות_רגילה_מסלול_כללי_מדיניות_השקעות_תשפה-1.xlsx,מורים וגננות 
520027251,,,520027251|מוג אשראי ואגח|מסלול רגיל,מוג אשראי ואגח - מסלול רגיל,2024,מניות,equity,0.0,0.0,0,0.0,6.0,אין מידע,,מוג אשראי ואגח,2026-10-01T19:04:28.614Z,https://www.kranoth.org.il/wp-content/uploads/2024/11/%D7%9E%D7%95%D7%A8%D7%99%D7%9D_%D7%95%D7%92%D7%A0%D7%A0%D7%95%D7%AA_%D7%A8%D7%92%D7%99%D7%9C%D7%94_%D7%9E%D7%A1%D7%9C%D7%95%D7%9C_%D7%90%D7%A9%D7%A8%D7%90%D7%99_%D7%95%D7%90%D7%92%D7%97_%D7%9E%D7%93%D7%99%D7%A0%D7%99%D7%95%D7%AA_%D7%AA%D7%A9%D7%A4%D7%94-1.xlsx,policy/companies/520027251/raw/520027251/f484e9ec6472_מורים_וגננות_רגילה_מסלול_אשראי_ואגח_מדיניות_תשפה-1.xlsx,מוג אשראי ואגח
520027251,,,520027251|מוג אשראי ואגח|מסלול רגיל,מוג אשראי ואגח - מסלול רגיל,2024,"אג""ח ממשלתי (שקלי, צמוד, משתנה, מט""ח, מק""מ)",,58.5,55.0,5% +/-,50.0,60.0,ממשלתי שקלי בריבית קבועה- 65% ממשלתי צמוד 2-5 שנים- 35%,,מוג אשראי ואגח,2026-10-01T19:04:28.614Z,https://www.kranoth.org.il/wp-content/uploads/2024/11/%D7%9E%D7%95%D7%A8%D7%99%D7%9D_%D7%95%D7%92%D7%A0%D7%A0%D7%95%D7%AA_%D7%A8%D7%92%D7%99%D7%9C%D7%94_%D7%9E%D7%A1%D7%9C%D7%95%D7%9C_%D7%90%D7%A9%D7%A8%D7%90%D7%99_%D7%95%D7%90%D7%92%D7%97_%D7%9E%D7%93%D7%99%D7%A0%D7%99%D7%95%D7%AA_%D7%AA%D7%A9%D7%A4%D7%94-1.xlsx,policy/companies/520027251/raw/520027251/f484e9ec6472_מורים_וגננות_רגילה_מסלול_אשראי_ואגח_מדיניות_תשפה-1.xlsx,מוג אשראי ואגח
520027251,,,520027251|מוג אשראי ואגח|מסלול רגיל,מוג אשראי ואגח - מסלול רגיל,2024,"אג""ח קונצרני (כולל פקדונות ושטרי הון)***",,36.74,40.0,6% +/-,34.0,46.0,תל בונד 60 -60%        תל בונד שקלי 20%     Bloomberg us corporate 1  bond index 10  -20%  שקלי,,מוג אשראי ואגח,2026-10-01T19:04:28.614Z,https://www.kranoth.org.il/wp-content/uploads/2024/11/%D7%9E%D7%95%D7%A8%D7%99%D7%9D_%D7%95%D7%92%D7%A0%D7%A0%D7%95%D7%AA_%D7%A8%D7%92%D7%99%D7%9C%D7%94_%D7%9E%D7%A1%D7%9C%D7%95%D7%9C_%D7%90%D7%A9%D7%A8%D7%90%D7%99_%D7%95%D7%90%D7%92%D7%97_%D7%9E%D7%93%D7%99%D7%A0%D7%99%D7%95%D7%AA_%D7%AA%D7%A9%D7%A4%D7%94-1.xlsx,policy/companies/520027251/raw/520027251/f484e9ec6472_מורים_וגננות_רגילה_מסלול_אשראי_ואגח_מדיניות_תשפה-1.xlsx,מוג אשראי ואגח
520027251,,,520027251|מוג אשראי ואגח|מסלול רגיל,מוג אשראי ואגח - מסלול רגיל,2024,"אחר (קרנות הון סיכון, קרנות השקעה, קרנות גידור, הלוואות לעמיתים שקליות' השקעות ראיליות, מניות לא סחירות)",,0.0,0.0,0,0.0,5.0,אין מידע,,מוג אשראי ואגח,2026-10-01T19:04:28.614Z,https://www.kranoth.org.il/wp-content/uploads/2024/11/%D7%9E%D7%95%D7%A8%D7%99%D7%9D_%D7%95%D7%92%D7%A0%D7%A0%D7%95%D7%AA_%D7%A8%D7%92%D7%99%D7%9C%D7%94_%D7%9E%D7%A1%D7%9C%D7%95%D7%9C_%D7%90%D7%A9%D7%A8%D7%90%D7%99_%D7%95%D7%90%D7%92%D7%97_%D7%9E%D7%93%D7%99%D7%A0%D7%99%D7%95%D7%AA_%D7%AA%D7%A9%D7%A4%D7%94-1.xlsx,policy/companies/520027251/raw/520027251/f484e9ec6472_מורים_וגננות_רגילה_מסלול_אשראי_ואגח_מדיניות_תשפה-1.xlsx,מוג אשראי ואגח
520027251,,,520027251|מוג אשראי ואגח|מסלול רגיל,מוג אשראי ואגח - מסלול רגיל,2024,"עו""ש (כולל פר""י, פק""מ שבועי, עו""ש מט""ח)**",,4.76,5.0,5% +/-,0.0,10.0,"מדד מק""מ",,מוג אשראי ואגח,2026-10-01T19:04:28.614Z,https://www.kranoth.org.il/wp-content/uploads/2024/11/%D7%9E%D7%95%D7%A8%D7%99%D7%9D_%D7%95%D7%92%D7%A0%D7%A0%D7%95%D7%AA_%D7%A8%D7%92%D7%99%D7%9C%D7%94_%D7%9E%D7%A1%D7%9C%D7%95%D7%9C_%D7%90%D7%A9%D7%A8%D7%90%D7%99_%D7%95%D7%90%D7%92%D7%97_%D7%9E%D7%93%D7%99%D7%A0%D7%99%D7%95%D7%AA_%D7%AA%D7%A9%D7%A4%D7%94-1.xlsx,policy/companies/520027251/raw/520027251/f484e9ec6472_מורים_וגננות_רגילה_מסלול_אשראי_ואגח_מדיניות_תשפה-1.xlsx,מוג אשראי ואגח
520027251,,,520027251|מוג אשראי ואגח|מסלול רגיל,מוג אשראי ואגח - מסלול רגיל,2024,"סה""כ*",,100.0,100.0,1,,,אין מידע,,מוג אשראי ואגח,2026-10-01T19:04:28.614Z,https://www.kranoth.org.il/wp-content/uploads/2024/11/%D7%9E%D7%95%D7%A8%D7%99%D7%9D_%D7%95%D7%92%D7%A0%D7%A0%D7%95%D7%AA_%D7%A8%D7%92%D7%99%D7%9C%D7%94_%D7%9E%D7%A1%D7%9C%D7%95%D7%9C_%D7%90%D7%A9%D7%A8%D7%90%D7%99_%D7%95%D7%90%D7%92%D7%97_%D7%9E%D7%93%D7%99%D7%A0%D7%99%D7%95%D7%AA_%D7%AA%D7%A9%D7%A4%D7%94-1.xlsx,policy/companies/520027251/raw/520027251/f484e9ec6472_מורים_וגננות_רגילה_מסלול_אשראי_ואגח_מדיניות_תשפה-1.xlsx,מוג אשראי ואגח
520027251,,,520027251|מוג אשראי ואגח|מסלול רגיל,מוג אשראי ואגח - מסלול רגיל,2024,"חשיפה למט""ח",fx,3.02,6.0,6% +/-,0.0,12.0,אין מידע,,מוג אשראי ואגח,2026-10-01T19:04:28.614Z,https://www.kranoth.org.il/wp-content/uploads/2024/11/%D7%9E%D7%95%D7%A8%D7%99%D7%9D_%D7%95%D7%92%D7%A0%D7%A0%D7%95%D7%AA_%D7%A8%D7%92%D7%99%D7%9C%D7%94_%D7%9E%D7%A1%D7%9C%D7%95%D7%9C_%D7%90%D7%A9%D7%A8%D7%90%D7%99_%D7%95%D7%90%D7%92%D7%97_%D7%9E%D7%93%D7%99%D7%A0%D7%99%D7%95%D7%AA_%D7%AA%D7%A9%D7%A4%D7%94-1.xlsx,policy/companies/520027251/raw/520027251/f484e9ec6472_מורים_וגננות_רגילה_מסלול_אשראי_ואגח_מדיניות_תשפה-1.xlsx,מוג אשראי ואגח
520027251,,,520027251|מוג מקור|מוג מקור,מוג מקור,2022,מניות סחירות,equity,46.62,46.0,6% +/-,40.0,52.0,"ת""א 125- 30% MSCI ALL COUNTRIES  -70% שקלי",,מוג מקור,2026-10-01T19:04:47.017Z,https://www.kranoth.org.il/wp-content/uploads/2022/10/%D7%9E_%D7%93%D7%99%D7%A0%D7%99%D7%95%D7%AA_%D7%94%D7%A9%D7%A7%D7%A2%D7%95%D7%AA_%D7%A6%D7%A4%D7%95%D7%99%D7%94_%D7%AA%D7%A9%D7%A4%D7%92_%D7%9E%D7%95%D7%92_%D7%9E%D7%A7%D7%95%D7%A8_%D7%9E%D7%A1%D7%9C%D7%95%D7%9C_%D7%9B%D7%9C%D7%9C%D7%99.xlsx,policy/companies/520027251/raw/520027251/f76ef598ba07_מ_דיניות_השקעות_צפויה_תשפג_מוג_מקור_מסלול_כללי.xlsx,מוג מקור
520027251,,,520027251|מוג מקור|מוג מקור,מוג מקור,2022,"אג""ח ממשלתי (שקלי, צמוד, משתנה, מט""ח, מק""מ)",,16.41,15.0,5% +/-,10.0,20.0,ממשלתי שקלי 2-5 שנים- 65% ממשלתי צמוד 2-5 שנים- 35%,,מוג מקור,2026-10-01T19:04:47.017Z,https://www.kranoth.org.il/wp-content/uploads/2022/10/%D7%9E_%D7%93%D7%99%D7%A0%D7%99%D7%95%D7%AA_%D7%94%D7%A9%D7%A7%D7%A2%D7%95%D7%AA_%D7%A6%D7%A4%D7%95%D7%99%D7%94_%D7%AA%D7%A9%D7%A4%D7%92_%D7%9E%D7%95%D7%92_%D7%9E%D7%A7%D7%95%D7%A8_%D7%9E%D7%A1%D7%9C%D7%95%D7%9C_%D7%9B%D7%9C%D7%9C%D7%99.xlsx,policy/companies/520027251/raw/520027251/f76ef598ba07_מ_דיניות_השקעות_צפויה_תשפג_מוג_מקור_מסלול_כללי.xlsx,מוג מקור
520027251,,,520027251|מוג מקור|מוג מקור,מוג מקור,2022,"אג""ח קונצרני (כולל פקדונות ושטרי הון)***",,18.09,20.0,6% +/-,14.0,26.0,תל בונד 60 -60%        תל בונד שקלי 20%     Bloomberg us corporate 1  bond index 10  -20%  שקלי,,מוג מקור,2026-10-01T19:04:47.017Z,https://www.kranoth.org.il/wp-content/uploads/2022/10/%D7%9E_%D7%93%D7%99%D7%A0%D7%99%D7%95%D7%AA_%D7%94%D7%A9%D7%A7%D7%A2%D7%95%D7%AA_%D7%A6%D7%A4%D7%95%D7%99%D7%94_%D7%AA%D7%A9%D7%A4%D7%92_%D7%9E%D7%95%D7%92_%D7%9E%D7%A7%D7%95%D7%A8_%D7%9E%D7%A1%D7%9C%D7%95%D7%9C_%D7%9B%D7%9C%D7%9C%D7%99.xlsx,policy/companies/520027251/raw/520027251/f76ef598ba07_מ_דיניות_השקעות_צפויה_תשפג_מוג_מקור_מסלול_כללי.xlsx,מוג מקור
520027251,,,520027251|מוג מקור|מוג מקור,מוג מקור,2022,"אחר (קרנות הון סיכון, קרנות השקעה, קרנות גידור, הלוואות לעמיתים שקליות' השקעות ראיליות, מניות לא סחירות)",,15.86,19.0,5% +/-,14.0,24.0,,,מוג מקור,2026-10-01T19:04:47.017Z,https://www.kranoth.org.il/wp-content/uploads/2022/10/%D7%9E_%D7%93%D7%99%D7%A0%D7%99%D7%95%D7%AA_%D7%94%D7%A9%D7%A7%D7%A2%D7%95%D7%AA_%D7%A6%D7%A4%D7%95%D7%99%D7%94_%D7%AA%D7%A9%D7%A4%D7%92_%D7%9E%D7%95%D7%92_%D7%9E%D7%A7%D7%95%D7%A8_%D7%9E%D7%A1%D7%9C%D7%95%D7%9C_%D7%9B%D7%9C%D7%9C%D7%99.xlsx,policy/companies/520027251/raw/520027251/f76ef598ba07_מ_דיניות_השקעות_צפויה_תשפג_מוג_מקור_מסלול_כללי.xlsx,מוג מקור
520027251,,,520027251|מוג מקור|מוג מקור,מוג מקור,2022,"עו""ש (כולל פר""י, פק""מ שבועי, עו""ש מט""ח)**",,4.15,5.0,5% +/-,0.0,10.0,"מדד מק""מ",,מוג מקור,2026-10-01T19:04:47.017Z,https://www.kranoth.org.il/wp-content/uploads/2022/10/%D7%9E_%D7%93%D7%99%D7%A0%D7%99%D7%95%D7%AA_%D7%94%D7%A9%D7%A7%D7%A2%D7%95%D7%AA_%D7%A6%D7%A4%D7%95%D7%99%D7%94_%D7%AA%D7%A9%D7%A4%D7%92_%D7%9E%D7%95%D7%92_%D7%9E%D7%A7%D7%95%D7%A8_%D7%9E%D7%A1%D7%9C%D7%95%D7%9C_%D7%9B%D7%9C%D7%9C%D7%99.xlsx,policy/companies/520027251/raw/520027251/f76ef598ba07_מ_דיניות_השקעות_צפויה_תשפג_מוג_מקור_מסלול_כללי.xlsx,מוג מקור
520027251,,,520027251|מוג מקור|מוג מקור,מוג מקור,2022,"סה""כ*",,101.13,105.0,1.04,,,,,מוג מקור,2026-10-01T19:04:47.017Z,https://www.kranoth.org.il/wp-content/uploads/2022/10/%D7%9E_%D7%93%D7%99%D7%A0%D7%99%D7%95%D7%AA_%D7%94%D7%A9%D7%A7%D7%A2%D7%95%D7%AA_%D7%A6%D7%A4%D7%95%D7%99%D7%94_%D7%AA%D7%A9%D7%A4%D7%92_%D7%9E%D7%95%D7%92_%D7%9E%D7%A7%D7%95%D7%A8_%D7%9E%D7%A1%D7%9C%D7%95%D7%9C_%D7%9B%D7%9C%D7%9C%D7%99.xlsx,policy/companies/520027251/raw/520027251/f76ef598ba07_מ_דיניות_השקעות_צפויה_תשפג_מוג_מקור_מסלול_כללי.xlsx,מוג מקור
520027251,,,520027251|מוג מקור|מוג מקור,מוג מקור,2022,"חשיפה למט""ח",fx,18.56,19.0,6% +/-,13.0,25.0,,,מוג מקור,2026-10-01T19:04:47.017Z,https://www.kranoth.org.il/wp-content/uploads/2022/10/%D7%9E_%D7%93%D7%99%D7%A0%D7%99%D7%95%D7%AA_%D7%94%D7%A9%D7%A7%D7%A2%D7%95%D7%AA_%D7%A6%D7%A4%D7%95%D7%99%D7%94_%D7%AA%D7%A9%D7%A4%D7%92_%D7%9E%D7%95%D7%92_%D7%9E%D7%A7%D7%95%D7%A8_%D7%9E%D7%A1%D7%9C%D7%95%D7%9C_%D7%9B%D7%9C%D7%9C%D7%99.xlsx,policy/companies/520027251/raw/520027251/f76ef598ba07_מ_דיניות_השקעות_צפויה_תשפג_מוג_מקור_מסלול_כללי.xlsx,מוג מקור
520027251,,,520027251|מורים וגננות|מורים וגננות,מורים וגננות,2022,מניות סחירות,equity,44.94,46.0,6% +/-,40.0,52.0,"ת""א 125- 30% MSCI ALL COUNTRIES  -70% שקלי",,מורים וגננות,2026-10-01T19:04:21.364Z,https://www.kranoth.org.il/wp-content/uploads/2023/01/%D7%9E%D7%93%D7%99%D7%A0%D7%99%D7%95%D7%AA_%D7%94%D7%A9%D7%A7%D7%A2%D7%95%D7%AA_%D7%A6%D7%A4%D7%95%D7%99%D7%94_%D7%9E%D7%95%D7%92_%D7%A8%D7%92%D7%99%D7%9C%D7%94_%D7%AA%D7%A9%D7%A4%D7%92-%D7%9E%D7%A1%D7%9C%D7%95%D7%9C_%D7%9B%D7%9C%D7%9C%D7%99-%D7%A2%D7%93%D7%9B%D7%95%D7%9F_%D7%93%D7%A6%D7%9E%D7%91%D7%A8_2022.xlsx,policy/companies/520027251/raw/520027251/fdc575cf786b_מדיניות_השקעות_צפויה_מוג_רגילה_תשפג-מסלול_כללי-עדכון_דצמבר_2022.xlsx,מורים וגננות 
520027251,,,520027251|מורים וגננות|מורים וגננות,מורים וגננות,2022,"אג""ח ממשלתי (שקלי, צמוד, משתנה, מט""ח, מק""מ)",,13.79,15.0,5% +/-,10.0,20.0,ממשלתי שקלי 2-5 שנים- 65% ממשלתי צמוד 2-5 שנים- 35%,,מורים וגננות,2026-10-01T19:04:21.364Z,https://www.kranoth.org.il/wp-content/uploads/2023/01/%D7%9E%D7%93%D7%99%D7%A0%D7%99%D7%95%D7%AA_%D7%94%D7%A9%D7%A7%D7%A2%D7%95%D7%AA_%D7%A6%D7%A4%D7%95%D7%99%D7%94_%D7%9E%D7%95%D7%92_%D7%A8%D7%92%D7%99%D7%9C%D7%94_%D7%AA%D7%A9%D7%A4%D7%92-%D7%9E%D7%A1%D7%9C%D7%95%D7%9C_%D7%9B%D7%9C%D7%9C%D7%99-%D7%A2%D7%93%D7%9B%D7%95%D7%9F_%D7%93%D7%A6%D7%9E%D7%91%D7%A8_2022.xlsx,policy/companies/520027251/raw/520027251/fdc575cf786b_מדיניות_השקעות_צפויה_מוג_רגילה_תשפג-מסלול_כללי-עדכון_דצמבר_2022.xlsx,מורים וגננות 
520027251,,,520027251|מורים וגננות|מורים וגננות,מורים וגננות,2022,"אג""ח קונצרני (כולל פקדונות ושטרי הון)***",,20.97,20.0,6% +/-,14.0,26.0,תל בונד 60 -60%        תל בונד שקלי 20%     Bloomberg us corporate 1  bond index 10  -20%  שקלי,,מורים וגננות,2026-10-01T19:04:21.364Z,https://www.kranoth.org.il/wp-content/uploads/2023/01/%D7%9E%D7%93%D7%99%D7%A0%D7%99%D7%95%D7%AA_%D7%94%D7%A9%D7%A7%D7%A2%D7%95%D7%AA_%D7%A6%D7%A4%D7%95%D7%99%D7%94_%D7%9E%D7%95%D7%92_%D7%A8%D7%92%D7%99%D7%9C%D7%94_%D7%AA%D7%A9%D7%A4%D7%92-%D7%9E%D7%A1%D7%9C%D7%95%D7%9C_%D7%9B%D7%9C%D7%9C%D7%99-%D7%A2%D7%93%D7%9B%D7%95%D7%9F_%D7%93%D7%A6%D7%9E%D7%91%D7%A8_2022.xlsx,policy/companies/520027251/raw/520027251/fdc575cf786b_מדיניות_השקעות_צפויה_מוג_רגילה_תשפג-מסלול_כללי-עדכון_דצמבר_2022.xlsx,מורים וגננות 
520027251,,,520027251|מורים וגננות|מורים וגננות,מורים וגננות,2022,"אחר (קרנות הון סיכון, קרנות השקעה, קרנות גידור, הלוואות לעמיתים שקליות' השקעות ראיליות, מניות לא סחירות)",,17.71,19.0,5% +/-,14.0,24.0,16%-26%,,מורים וגננות,2026-10-01T19:04:21.364Z,https://www.kranoth.org.il/wp-content/uploads/2023/01/%D7%9E%D7%93%D7%99%D7%A0%D7%99%D7%95%D7%AA_%D7%94%D7%A9%D7%A7%D7%A2%D7%95%D7%AA_%D7%A6%D7%A4%D7%95%D7%99%D7%94_%D7%9E%D7%95%D7%92_%D7%A8%D7%92%D7%99%D7%9C%D7%94_%D7%AA%D7%A9%D7%A4%D7%92-%D7%9E%D7%A1%D7%9C%D7%95%D7%9C_%D7%9B%D7%9C%D7%9C%D7%99-%D7%A2%D7%93%D7%9B%D7%95%D7%9F_%D7%93%D7%A6%D7%9E%D7%91%D7%A8_2022.xlsx,policy/companies/520027251/raw/520027251/fdc575cf786b_מדיניות_השקעות_צפויה_מוג_רגילה_תשפג-מסלול_כללי-עדכון_דצמבר_2022.xlsx,מורים וגננות 
520027251,,,520027251|מורים וגננות|מורים וגננות,מורים וגננות,2022,"עו""ש (כולל פר""י, פק""מ שבועי, עו""ש מט""ח)**",,3.73,5.0,5% +/-,0.0,10.0,"מדד מק""מ",,מורים וגננות,2026-10-01T19:04:21.364Z,https://www.kranoth.org.il/wp-content/uploads/2023/01/%D7%9E%D7%93%D7%99%D7%A0%D7%99%D7%95%D7%AA_%D7%94%D7%A9%D7%A7%D7%A2%D7%95%D7%AA_%D7%A6%D7%A4%D7%95%D7%99%D7%94_%D7%9E%D7%95%D7%92_%D7%A8%D7%92%D7%99%D7%9C%D7%94_%D7%AA%D7%A9%D7%A4%D7%92-%D7%9E%D7%A1%D7%9C%D7%95%D7%9C_%D7%9B%D7%9C%D7%9C%D7%99-%D7%A2%D7%93%D7%9B%D7%95%D7%9F_%D7%93%D7%A6%D7%9E%D7%91%D7%A8_2022.xlsx,policy/companies/520027251/raw/520027251/fdc575cf786b_מדיניות_השקעות_צפויה_מוג_רגילה_תשפג-מסלול_כללי-עדכון_דצמבר_2022.xlsx,מורים וגננות 
520027251,,,520027251|מורים וגננות|מורים וגננות,מורים וגננות,2022,"סה""כ*",,101.14,105.0,,105.0,105.0,,,מורים וגננות,2026-10-01T19:04:21.364Z,https://www.kranoth.org.il/wp-content/uploads/2023/01/%D7%9E%D7%93%D7%99%D7%A0%D7%99%D7%95%D7%AA_%D7%94%D7%A9%D7%A7%D7%A2%D7%95%D7%AA_%D7%A6%D7%A4%D7%95%D7%99%D7%94_%D7%9E%D7%95%D7%92_%D7%A8%D7%92%D7%99%D7%9C%D7%94_%D7%AA%D7%A9%D7%A4%D7%92-%D7%9E%D7%A1%D7%9C%D7%95%D7%9C_%D7%9B%D7%9C%D7%9C%D7%99-%D7%A2%D7%93%D7%9B%D7%95%D7%9F_%D7%93%D7%A6%D7%9E%D7%91%D7%A8_2022.xlsx,policy/companies/520027251/raw/520027251/fdc575cf786b_מדיניות_השקעות_צפויה_מוג_רגילה_תשפג-מסלול_כללי-עדכון_דצמבר_2022.xlsx,מורים וגננות 
520027251,,,520027251|מורים וגננות|מורים וגננות,מורים וגננות,2022,"חשיפה למט""ח",fx,18.39,19.0,6% +/-,13.0,25.0,13%-25%,,מורים וגננות,2026-10-01T19:04:21.364Z,https://www.kranoth.org.il/wp-content/uploads/2023/01/%D7%9E%D7%93%D7%99%D7%A0%D7%99%D7%95%D7%AA_%D7%94%D7%A9%D7%A7%D7%A2%D7%95%D7%AA_%D7%A6%D7%A4%D7%95%D7%99%D7%94_%D7%9E%D7%95%D7%92_%D7%A8%D7%92%D7%99%D7%9C%D7%94_%D7%AA%D7%A9%D7%A4%D7%92-%D7%9E%D7%A1%D7%9C%D7%95%D7%9C_%D7%9B%D7%9C%D7%9C%D7%99-%D7%A2%D7%93%D7%9B%D7%95%D7%9F_%D7%93%D7%A6%D7%9E%D7%91%D7%A8_2022.xlsx,policy/companies/520027251/raw/520027251/fdc575cf786b_מדיניות_השקעות_צפויה_מוג_רגילה_תשפג-מסלול_כללי-עדכון_דצמבר_2022.xlsx,מורים וגננות 
520027251,,,520027251|מורים וגננות|מורים וגננות,מורים וגננות,2022,"מגבלת עמלת ניהול חיצוני לשנת תשפ""ג",,0.33,,,,,,,מורים וגננות,2026-10-01T19:04:21.364Z,https://www.kranoth.org.il/wp-content/uploads/2023/01/%D7%9E%D7%93%D7%99%D7%A0%D7%99%D7%95%D7%AA_%D7%94%D7%A9%D7%A7%D7%A2%D7%95%D7%AA_%D7%A6%D7%A4%D7%95%D7%99%D7%94_%D7%9E%D7%95%D7%92_%D7%A8%D7%92%D7%99%D7%9C%D7%94_%D7%AA%D7%A9%D7%A4%D7%92-%D7%9E%D7%A1%D7%9C%D7%95%D7%9C_%D7%9B%D7%9C%D7%9C%D7%99-%D7%A2%D7%93%D7%9B%D7%95%D7%9F_%D7%93%D7%A6%D7%9E%D7%91%D7%A8_2022.xlsx,policy/companies/520027251/raw/520027251/fdc575cf786b_מדיניות_השקעות_צפויה_מוג_רגילה_תשפג-מסלול_כללי-עדכון_דצמבר_2022.xlsx,מורים וגננות 
