legal_id,fund_id,track_no,track_code,track_name,year,asset,asset_key,current_pct,expected_pct,tolerance,min_pct,max_pct,benchmark,policy_text,group,doc_first_seen,url,doc_file,sheet
520023185,,,520023185|מקיפה- אשכול 4 - עוקב מדדים|מספר מסלול באוצר 14286,מספר מסלול באוצר 14286,2026,"מניות (כולל תעודות סל, אופציות, קרנות נאמנות)",equity,46.81,50.0,0.06,44.0,56.0,MSCI WORLD AC,,מקיפה- אשכול 4 - עוקב מדדים,2026-09-30T21:21:21+00:00,http://www.fnx.co.il/sites/docs/genery/mediniut_ashkaa_tzfuia/pension-expected-investment-policy-update082026.xlsx,policy/companies/520023185/raw/520023185/9a8b2e316705_pension-expected-investment-policy-update082026.xlsx,מקיפה- אשכול 4 - עוקב מדדים
520023185,,,520023185|מקיפה- אשכול 4 - עוקב מדדים|מספר מסלול באוצר 14286,מספר מסלול באוצר 14286,2026,"אג""ח ממשלתי (צמוד, שקלי ומט""ח), ממשלות זרות בנטרול חשיפות בנגזרים",,3.31,3.0,0.05,0.0,8.0,ISHARES 7-10 YEARS TREASURY,,מקיפה- אשכול 4 - עוקב מדדים,2026-09-30T21:21:21+00:00,http://www.fnx.co.il/sites/docs/genery/mediniut_ashkaa_tzfuia/pension-expected-investment-policy-update082026.xlsx,policy/companies/520023185/raw/520023185/9a8b2e316705_pension-expected-investment-policy-update082026.xlsx,מקיפה- אשכול 4 - עוקב מדדים
520023185,,,520023185|מקיפה- אשכול 4 - עוקב מדדים|מספר מסלול באוצר 14286,מספר מסלול באוצר 14286,2026,"אג""ח מיועדות ורכיב מבטיח תשואה(***)",,27.06,27.0,0.05,22.0,32.0,,,מקיפה- אשכול 4 - עוקב מדדים,2026-09-30T21:21:21+00:00,http://www.fnx.co.il/sites/docs/genery/mediniut_ashkaa_tzfuia/pension-expected-investment-policy-update082026.xlsx,policy/companies/520023185/raw/520023185/9a8b2e316705_pension-expected-investment-policy-update082026.xlsx,מקיפה- אשכול 4 - עוקב מדדים
520023185,,,520023185|מקיפה- אשכול 4 - עוקב מדדים|מספר מסלול באוצר 14286,מספר מסלול באוצר 14286,2026,"אג""ח קונצרני (כולל קרנות נאמנות, תעודות סל)",,20.42,18.0,0.06,12.0,24.0,"IBOXY HY 46%, IBXXC1D1 12% , JGENUUG 8%, JCMBCOMP 8%, IBOXIG 26%",,מקיפה- אשכול 4 - עוקב מדדים,2026-09-30T21:21:21+00:00,http://www.fnx.co.il/sites/docs/genery/mediniut_ashkaa_tzfuia/pension-expected-investment-policy-update082026.xlsx,policy/companies/520023185/raw/520023185/9a8b2e316705_pension-expected-investment-policy-update082026.xlsx,מקיפה- אשכול 4 - עוקב מדדים
520023185,,,520023185|מקיפה- אשכול 4 - עוקב מדדים|מספר מסלול באוצר 14286,מספר מסלול באוצר 14286,2026,אחר,,0.0,0.0,0.05,0.0,5.0,,,מקיפה- אשכול 4 - עוקב מדדים,2026-09-30T21:21:21+00:00,http://www.fnx.co.il/sites/docs/genery/mediniut_ashkaa_tzfuia/pension-expected-investment-policy-update082026.xlsx,policy/companies/520023185/raw/520023185/9a8b2e316705_pension-expected-investment-policy-update082026.xlsx,מקיפה- אשכול 4 - עוקב מדדים
520023185,,,520023185|מקיפה- אשכול 4 - עוקב מדדים|מספר מסלול באוצר 14286,מספר מסלול באוצר 14286,2026,מזומנים (*),,2.39,2.0,,,,,,מקיפה- אשכול 4 - עוקב מדדים,2026-09-30T21:21:21+00:00,http://www.fnx.co.il/sites/docs/genery/mediniut_ashkaa_tzfuia/pension-expected-investment-policy-update082026.xlsx,policy/companies/520023185/raw/520023185/9a8b2e316705_pension-expected-investment-policy-update082026.xlsx,מקיפה- אשכול 4 - עוקב מדדים
520023185,,,520023185|מקיפה- אשכול 4 - עוקב מדדים|מספר מסלול באוצר 14286,מספר מסלול באוצר 14286,2026,"חשיפה למט""ח",fx,64.34,65.0,0.06,59.0,71.0,,,מקיפה- אשכול 4 - עוקב מדדים,2026-09-30T21:21:21+00:00,http://www.fnx.co.il/sites/docs/genery/mediniut_ashkaa_tzfuia/pension-expected-investment-policy-update082026.xlsx,policy/companies/520023185/raw/520023185/9a8b2e316705_pension-expected-investment-policy-update082026.xlsx,מקיפה- אשכול 4 - עוקב מדדים
520023185,,,520023185|מקיפה- אשכול 4 - עוקב מדדים|מספר מסלול באוצר 14286,מספר מסלול באוצר 14286,2026,מגבלת עמלת ניהול חיצוני לשנת 2026,,0.15,,,,,,,מקיפה- אשכול 4 - עוקב מדדים,2026-09-30T21:21:21+00:00,http://www.fnx.co.il/sites/docs/genery/mediniut_ashkaa_tzfuia/pension-expected-investment-policy-update082026.xlsx,policy/companies/520023185/raw/520023185/9a8b2e316705_pension-expected-investment-policy-update082026.xlsx,מקיפה- אשכול 4 - עוקב מדדים
520023185,,,520023185|מקיפה- אשכול 4 - עוקב מדדים|מספר מסלול באוצר 13335,מספר מסלול באוצר 13335,2026,"מניות (כולל תעודות סל, אופציות, קרנות נאמנות)",equity,72.62,72.0,0.06,64.0,76.0,s&p 500,,מקיפה- אשכול 4 - עוקב מדדים,2026-09-30T21:21:21+00:00,http://www.fnx.co.il/sites/docs/genery/mediniut_ashkaa_tzfuia/pension-expected-investment-policy-update082026.xlsx,policy/companies/520023185/raw/520023185/9a8b2e316705_pension-expected-investment-policy-update082026.xlsx,מקיפה- אשכול 4 - עוקב מדדים
520023185,,,520023185|מקיפה- אשכול 4 - עוקב מדדים|מספר מסלול באוצר 13335,מספר מסלול באוצר 13335,2026,"אג""ח מיועדות ורכיב מבטיח תשואה(***)",,26.89,27.0,0.05,22.0,32.0,,,מקיפה- אשכול 4 - עוקב מדדים,2026-09-30T21:21:21+00:00,http://www.fnx.co.il/sites/docs/genery/mediniut_ashkaa_tzfuia/pension-expected-investment-policy-update082026.xlsx,policy/companies/520023185/raw/520023185/9a8b2e316705_pension-expected-investment-policy-update082026.xlsx,מקיפה- אשכול 4 - עוקב מדדים
520023185,,,520023185|מקיפה- אשכול 4 - עוקב מדדים|מספר מסלול באוצר 13335,מספר מסלול באוצר 13335,2026,"אג""ח ממשלתי (צמוד, שקלי ומט""ח), ממשלות זרות בנטרול חשיפות בנגזרים",,5.08,0.0,0.05,7.0,17.0,,,מקיפה- אשכול 4 - עוקב מדדים,2026-09-30T21:21:21+00:00,http://www.fnx.co.il/sites/docs/genery/mediniut_ashkaa_tzfuia/pension-expected-investment-policy-update082026.xlsx,policy/companies/520023185/raw/520023185/9a8b2e316705_pension-expected-investment-policy-update082026.xlsx,מקיפה- אשכול 4 - עוקב מדדים
520023185,,,520023185|מקיפה- אשכול 4 - עוקב מדדים|מספר מסלול באוצר 13335,מספר מסלול באוצר 13335,2026,מזומנים (*),,-4.59,1.0,,,,,,מקיפה- אשכול 4 - עוקב מדדים,2026-09-30T21:21:21+00:00,http://www.fnx.co.il/sites/docs/genery/mediniut_ashkaa_tzfuia/pension-expected-investment-policy-update082026.xlsx,policy/companies/520023185/raw/520023185/9a8b2e316705_pension-expected-investment-policy-update082026.xlsx,מקיפה- אשכול 4 - עוקב מדדים
520023185,,,520023185|מקיפה- אשכול 4 - עוקב מדדים|מספר מסלול באוצר 13335,מספר מסלול באוצר 13335,2026,"חשיפה למט""ח",fx,72.32,70.0,0.06,64.0,76.0,,,מקיפה- אשכול 4 - עוקב מדדים,2026-09-30T21:21:21+00:00,http://www.fnx.co.il/sites/docs/genery/mediniut_ashkaa_tzfuia/pension-expected-investment-policy-update082026.xlsx,policy/companies/520023185/raw/520023185/9a8b2e316705_pension-expected-investment-policy-update082026.xlsx,מקיפה- אשכול 4 - עוקב מדדים
520023185,,,520023185|מקיפה- אשכול 4 - עוקב מדדים|מספר מסלול באוצר 13335,מספר מסלול באוצר 13335,2026,מגבלת עמלת ניהול חיצוני לשנת 2026,,0.05,,,,,,,מקיפה- אשכול 4 - עוקב מדדים,2026-09-30T21:21:21+00:00,http://www.fnx.co.il/sites/docs/genery/mediniut_ashkaa_tzfuia/pension-expected-investment-policy-update082026.xlsx,policy/companies/520023185/raw/520023185/9a8b2e316705_pension-expected-investment-policy-update082026.xlsx,מקיפה- אשכול 4 - עוקב מדדים
520023185,,,520023185|מקיפה- אשכול 4 - עוקב מדדים|מספר מסלול באוצר 9979,מספר מסלול באוצר 9979,2026,"אג""ח מיועדות ורכיב מבטיח תשואה(***)",,28.85,27.0,0.05,22.0,32.0,"מדד אג""ח ממשלתי כללי",,מקיפה- אשכול 4 - עוקב מדדים,2026-09-30T21:21:21+00:00,http://www.fnx.co.il/sites/docs/genery/mediniut_ashkaa_tzfuia/pension-expected-investment-policy-update082026.xlsx,policy/companies/520023185/raw/520023185/9a8b2e316705_pension-expected-investment-policy-update082026.xlsx,מקיפה- אשכול 4 - עוקב מדדים
520023185,,,520023185|מקיפה- אשכול 4 - עוקב מדדים|מספר מסלול באוצר 9979,מספר מסלול באוצר 9979,2026,"אג""ח קונצרני (כולל קרנות נאמנות, תעודות סל)",,63.86,66.0,0.06,60.0,72.0,"IBOXY HY 46%, IBXXC1D1 12% , JGENUUG 8%, JCMBCOMP 8%, IBOXIG 26%",,מקיפה- אשכול 4 - עוקב מדדים,2026-09-30T21:21:21+00:00,http://www.fnx.co.il/sites/docs/genery/mediniut_ashkaa_tzfuia/pension-expected-investment-policy-update082026.xlsx,policy/companies/520023185/raw/520023185/9a8b2e316705_pension-expected-investment-policy-update082026.xlsx,מקיפה- אשכול 4 - עוקב מדדים
520023185,,,520023185|מקיפה- אשכול 4 - עוקב מדדים|מספר מסלול באוצר 9979,מספר מסלול באוצר 9979,2026,"אג""ח ממשלתי (צמוד, שקלי ומט""ח), ממשלות זרות בנטרול חשיפות בנגזרים",,5.11,4.0,0.05,0.0,9.0,,,מקיפה- אשכול 4 - עוקב מדדים,2026-09-30T21:21:21+00:00,http://www.fnx.co.il/sites/docs/genery/mediniut_ashkaa_tzfuia/pension-expected-investment-policy-update082026.xlsx,policy/companies/520023185/raw/520023185/9a8b2e316705_pension-expected-investment-policy-update082026.xlsx,מקיפה- אשכול 4 - עוקב מדדים
520023185,,,520023185|מקיפה- אשכול 4 - עוקב מדדים|מספר מסלול באוצר 9979,מספר מסלול באוצר 9979,2026,מזומנים (*),,2.18,3.0,,,,,,מקיפה- אשכול 4 - עוקב מדדים,2026-09-30T21:21:21+00:00,http://www.fnx.co.il/sites/docs/genery/mediniut_ashkaa_tzfuia/pension-expected-investment-policy-update082026.xlsx,policy/companies/520023185/raw/520023185/9a8b2e316705_pension-expected-investment-policy-update082026.xlsx,מקיפה- אשכול 4 - עוקב מדדים
520023185,,,520023185|מקיפה- אשכול 4 - עוקב מדדים|מספר מסלול באוצר 9979,מספר מסלול באוצר 9979,2026,"חשיפה למט""ח",fx,67.78,68.0,0.06,62.0,74.0,,,מקיפה- אשכול 4 - עוקב מדדים,2026-09-30T21:21:21+00:00,http://www.fnx.co.il/sites/docs/genery/mediniut_ashkaa_tzfuia/pension-expected-investment-policy-update082026.xlsx,policy/companies/520023185/raw/520023185/9a8b2e316705_pension-expected-investment-policy-update082026.xlsx,מקיפה- אשכול 4 - עוקב מדדים
520023185,,,520023185|מקיפה- אשכול 4 - עוקב מדדים|מספר מסלול באוצר 9979,מספר מסלול באוצר 9979,2026,מגבלת עמלת ניהול חיצוני לשנת 2026,,0.15,,,,,,,מקיפה- אשכול 4 - עוקב מדדים,2026-09-30T21:21:21+00:00,http://www.fnx.co.il/sites/docs/genery/mediniut_ashkaa_tzfuia/pension-expected-investment-policy-update082026.xlsx,policy/companies/520023185/raw/520023185/9a8b2e316705_pension-expected-investment-policy-update082026.xlsx,מקיפה- אשכול 4 - עוקב מדדים
520023185,,,520023185|מקיפה- אשכול 4 - עוקב מדדים|מספר מסלול באוצר 15219,מספר מסלול באוצר 15219,2026,"מניות (כולל תעודות סל, אופציות, קרנות נאמנות)",equity,72.14,72.0,0.06,66.0,78.0,50% Xndx 40% SP5T5T 10% - SPTRMDCP,,מקיפה- אשכול 4 - עוקב מדדים,2026-09-30T21:21:21+00:00,http://www.fnx.co.il/sites/docs/genery/mediniut_ashkaa_tzfuia/pension-expected-investment-policy-update082026.xlsx,policy/companies/520023185/raw/520023185/9a8b2e316705_pension-expected-investment-policy-update082026.xlsx,מקיפה- אשכול 4 - עוקב מדדים
520023185,,,520023185|מקיפה- אשכול 4 - עוקב מדדים|מספר מסלול באוצר 15219,מספר מסלול באוצר 15219,2026,"אג""ח מיועדות ורכיב מבטיח תשואה(***)",,25.94,27.0,0.05,22.0,32.0,,,מקיפה- אשכול 4 - עוקב מדדים,2026-09-30T21:21:21+00:00,http://www.fnx.co.il/sites/docs/genery/mediniut_ashkaa_tzfuia/pension-expected-investment-policy-update082026.xlsx,policy/companies/520023185/raw/520023185/9a8b2e316705_pension-expected-investment-policy-update082026.xlsx,מקיפה- אשכול 4 - עוקב מדדים
520023185,,,520023185|מקיפה- אשכול 4 - עוקב מדדים|מספר מסלול באוצר 15219,מספר מסלול באוצר 15219,2026,מזומנים (*),,1.91,1.0,,,,,,מקיפה- אשכול 4 - עוקב מדדים,2026-09-30T21:21:21+00:00,http://www.fnx.co.il/sites/docs/genery/mediniut_ashkaa_tzfuia/pension-expected-investment-policy-update082026.xlsx,policy/companies/520023185/raw/520023185/9a8b2e316705_pension-expected-investment-policy-update082026.xlsx,מקיפה- אשכול 4 - עוקב מדדים
520023185,,,520023185|מקיפה- אשכול 4 - עוקב מדדים|מספר מסלול באוצר 15219,מספר מסלול באוצר 15219,2026,"חשיפה למט""ח",fx,72.66,71.0,0.06,65.0,77.0,,,מקיפה- אשכול 4 - עוקב מדדים,2026-09-30T21:21:21+00:00,http://www.fnx.co.il/sites/docs/genery/mediniut_ashkaa_tzfuia/pension-expected-investment-policy-update082026.xlsx,policy/companies/520023185/raw/520023185/9a8b2e316705_pension-expected-investment-policy-update082026.xlsx,מקיפה- אשכול 4 - עוקב מדדים
520023185,,,520023185|מקיפה- אשכול 4 - עוקב מדדים|מספר מסלול באוצר 15219,מספר מסלול באוצר 15219,2026,מגבלת עמלת ניהול חיצוני לשנת 2026,,0.12,,,,,,,מקיפה- אשכול 4 - עוקב מדדים,2026-09-30T21:21:21+00:00,http://www.fnx.co.il/sites/docs/genery/mediniut_ashkaa_tzfuia/pension-expected-investment-policy-update082026.xlsx,policy/companies/520023185/raw/520023185/9a8b2e316705_pension-expected-investment-policy-update082026.xlsx,מקיפה- אשכול 4 - עוקב מדדים
520023185,,,520023185|משלימה - אשכול 4 - עוקב מדדים|מספר מסלול באוצר 14287,מספר מסלול באוצר 14287,2026,"מניות (כולל תעודות סל, אופציות, קרנות נאמנות)",equity,41.11,47.0,0.06,41.0,53.0,MSCI WORLD AC,,משלימה - אשכול 4 - עוקב מדדים,2026-09-30T21:21:21+00:00,http://www.fnx.co.il/sites/docs/genery/mediniut_ashkaa_tzfuia/pension-expected-investment-policy-update082026.xlsx,policy/companies/520023185/raw/520023185/9a8b2e316705_pension-expected-investment-policy-update082026.xlsx,משלימה - אשכול 4 - עוקב מדדים
520023185,,,520023185|משלימה - אשכול 4 - עוקב מדדים|מספר מסלול באוצר 14287,מספר מסלול באוצר 14287,2026,"אג""ח ממשלתי (צמוד, שקלי ומט""ח), ממשלות",,23.01,23.0,0.05,18.0,28.0,ISHARES 7-10 YEARS TREASURY,,משלימה - אשכול 4 - עוקב מדדים,2026-09-30T21:21:21+00:00,http://www.fnx.co.il/sites/docs/genery/mediniut_ashkaa_tzfuia/pension-expected-investment-policy-update082026.xlsx,policy/companies/520023185/raw/520023185/9a8b2e316705_pension-expected-investment-policy-update082026.xlsx,משלימה - אשכול 4 - עוקב מדדים
520023185,,,520023185|משלימה - אשכול 4 - עוקב מדדים|מספר מסלול באוצר 14287,מספר מסלול באוצר 14287,2026,"אג""ח קונצרני (כולל קרנות נאמנות, תעודות סל)",,32.69,29.0,0.06,23.0,35.0,"IBOXY HY 46%, IBXXC1D1 12% , JGENUUG 8%, JCMBCOMP 8%, IBOXIG 26%",,משלימה - אשכול 4 - עוקב מדדים,2026-09-30T21:21:21+00:00,http://www.fnx.co.il/sites/docs/genery/mediniut_ashkaa_tzfuia/pension-expected-investment-policy-update082026.xlsx,policy/companies/520023185/raw/520023185/9a8b2e316705_pension-expected-investment-policy-update082026.xlsx,משלימה - אשכול 4 - עוקב מדדים
520023185,,,520023185|משלימה - אשכול 4 - עוקב מדדים|מספר מסלול באוצר 14287,מספר מסלול באוצר 14287,2026,מזומנים (*),,3.19,1.0,,,,,,משלימה - אשכול 4 - עוקב מדדים,2026-09-30T21:21:21+00:00,http://www.fnx.co.il/sites/docs/genery/mediniut_ashkaa_tzfuia/pension-expected-investment-policy-update082026.xlsx,policy/companies/520023185/raw/520023185/9a8b2e316705_pension-expected-investment-policy-update082026.xlsx,משלימה - אשכול 4 - עוקב מדדים
520023185,,,520023185|משלימה - אשכול 4 - עוקב מדדים|מספר מסלול באוצר 14287,מספר מסלול באוצר 14287,2026,"חשיפה למט""ח",fx,91.05,94.0,0.06,88.0,100.0,,,משלימה - אשכול 4 - עוקב מדדים,2026-09-30T21:21:21+00:00,http://www.fnx.co.il/sites/docs/genery/mediniut_ashkaa_tzfuia/pension-expected-investment-policy-update082026.xlsx,policy/companies/520023185/raw/520023185/9a8b2e316705_pension-expected-investment-policy-update082026.xlsx,משלימה - אשכול 4 - עוקב מדדים
520023185,,,520023185|משלימה - אשכול 4 - עוקב מדדים|מספר מסלול באוצר 14287,מספר מסלול באוצר 14287,2026,מגבלת עמלת ניהול חיצוני לשנת 2026,,0.15,,,,,,,משלימה - אשכול 4 - עוקב מדדים,2026-09-30T21:21:21+00:00,http://www.fnx.co.il/sites/docs/genery/mediniut_ashkaa_tzfuia/pension-expected-investment-policy-update082026.xlsx,policy/companies/520023185/raw/520023185/9a8b2e316705_pension-expected-investment-policy-update082026.xlsx,משלימה - אשכול 4 - עוקב מדדים
520023185,,,520023185|משלימה - אשכול 4 - עוקב מדדים|מספר מסלול באוצר 13465,מספר מסלול באוצר 13465,2026,"מניות (כולל תעודות סל, אופציות, קרנות נאמנות)",equity,98.87,94.0,0.06,88.0,100.0,s&p 500,,משלימה - אשכול 4 - עוקב מדדים,2026-09-30T21:21:21+00:00,http://www.fnx.co.il/sites/docs/genery/mediniut_ashkaa_tzfuia/pension-expected-investment-policy-update082026.xlsx,policy/companies/520023185/raw/520023185/9a8b2e316705_pension-expected-investment-policy-update082026.xlsx,משלימה - אשכול 4 - עוקב מדדים
520023185,,,520023185|משלימה - אשכול 4 - עוקב מדדים|מספר מסלול באוצר 13465,מספר מסלול באוצר 13465,2026,"אג""ח ממשלתי (צמוד, שקלי ומט""ח), ממשלות זרות בנטרול חשיפות בנגזרים",,6.91,14.0,0.05,9.0,19.0,,,משלימה - אשכול 4 - עוקב מדדים,2026-09-30T21:21:21+00:00,http://www.fnx.co.il/sites/docs/genery/mediniut_ashkaa_tzfuia/pension-expected-investment-policy-update082026.xlsx,policy/companies/520023185/raw/520023185/9a8b2e316705_pension-expected-investment-policy-update082026.xlsx,משלימה - אשכול 4 - עוקב מדדים
520023185,,,520023185|משלימה - אשכול 4 - עוקב מדדים|מספר מסלול באוצר 13465,מספר מסלול באוצר 13465,2026,מזומנים (*),,-5.78,2.0,,,,,,משלימה - אשכול 4 - עוקב מדדים,2026-09-30T21:21:21+00:00,http://www.fnx.co.il/sites/docs/genery/mediniut_ashkaa_tzfuia/pension-expected-investment-policy-update082026.xlsx,policy/companies/520023185/raw/520023185/9a8b2e316705_pension-expected-investment-policy-update082026.xlsx,משלימה - אשכול 4 - עוקב מדדים
520023185,,,520023185|משלימה - אשכול 4 - עוקב מדדים|מספר מסלול באוצר 13465,מספר מסלול באוצר 13465,2026,"חשיפה למט""ח",fx,98.46,94.0,0.06,88.0,100.0,,,משלימה - אשכול 4 - עוקב מדדים,2026-09-30T21:21:21+00:00,http://www.fnx.co.il/sites/docs/genery/mediniut_ashkaa_tzfuia/pension-expected-investment-policy-update082026.xlsx,policy/companies/520023185/raw/520023185/9a8b2e316705_pension-expected-investment-policy-update082026.xlsx,משלימה - אשכול 4 - עוקב מדדים
520023185,,,520023185|משלימה - אשכול 4 - עוקב מדדים|מספר מסלול באוצר 13465,מספר מסלול באוצר 13465,2026,מגבלת עמלת ניהול חיצוני לשנת 2026,,0.05,,,,,,,משלימה - אשכול 4 - עוקב מדדים,2026-09-30T21:21:21+00:00,http://www.fnx.co.il/sites/docs/genery/mediniut_ashkaa_tzfuia/pension-expected-investment-policy-update082026.xlsx,policy/companies/520023185/raw/520023185/9a8b2e316705_pension-expected-investment-policy-update082026.xlsx,משלימה - אשכול 4 - עוקב מדדים
520023185,,,520023185|משלימה - אשכול 4 - עוקב מדדים|מספר מסלול באוצר 15223,מספר מסלול באוצר 15223,2026,"מניות (כולל תעודות סל, אופציות, קרנות נאמנות)",equity,96.14,94.0,0.06,88.0,100.0,50% Xndx 40% SP5T5T 10% - SPTRMDCP,,משלימה - אשכול 4 - עוקב מדדים,2026-09-30T21:21:21+00:00,http://www.fnx.co.il/sites/docs/genery/mediniut_ashkaa_tzfuia/pension-expected-investment-policy-update082026.xlsx,policy/companies/520023185/raw/520023185/9a8b2e316705_pension-expected-investment-policy-update082026.xlsx,משלימה - אשכול 4 - עוקב מדדים
520023185,,,520023185|משלימה - אשכול 4 - עוקב מדדים|מספר מסלול באוצר 15223,מספר מסלול באוצר 15223,2026,"אג""ח ממשלתי (צמוד, שקלי ומט""ח), ממשלות זרות בנטרול חשיפות בנגזרים",,0.0,14.0,0.05,9.0,19.0,,,משלימה - אשכול 4 - עוקב מדדים,2026-09-30T21:21:21+00:00,http://www.fnx.co.il/sites/docs/genery/mediniut_ashkaa_tzfuia/pension-expected-investment-policy-update082026.xlsx,policy/companies/520023185/raw/520023185/9a8b2e316705_pension-expected-investment-policy-update082026.xlsx,משלימה - אשכול 4 - עוקב מדדים
520023185,,,520023185|משלימה - אשכול 4 - עוקב מדדים|מספר מסלול באוצר 15223,מספר מסלול באוצר 15223,2026,מזומנים (*),,3.86,2.0,,,,,,משלימה - אשכול 4 - עוקב מדדים,2026-09-30T21:21:21+00:00,http://www.fnx.co.il/sites/docs/genery/mediniut_ashkaa_tzfuia/pension-expected-investment-policy-update082026.xlsx,policy/companies/520023185/raw/520023185/9a8b2e316705_pension-expected-investment-policy-update082026.xlsx,משלימה - אשכול 4 - עוקב מדדים
520023185,,,520023185|משלימה - אשכול 4 - עוקב מדדים|מספר מסלול באוצר 15223,מספר מסלול באוצר 15223,2026,"חשיפה למט""ח",fx,96.23,94.0,0.06,88.0,100.0,,,משלימה - אשכול 4 - עוקב מדדים,2026-09-30T21:21:21+00:00,http://www.fnx.co.il/sites/docs/genery/mediniut_ashkaa_tzfuia/pension-expected-investment-policy-update082026.xlsx,policy/companies/520023185/raw/520023185/9a8b2e316705_pension-expected-investment-policy-update082026.xlsx,משלימה - אשכול 4 - עוקב מדדים
520023185,,,520023185|משלימה - אשכול 4 - עוקב מדדים|מספר מסלול באוצר 15223,מספר מסלול באוצר 15223,2026,מגבלת עמלת ניהול חיצוני לשנת 2026,,0.12,,,,,,,משלימה - אשכול 4 - עוקב מדדים,2026-09-30T21:21:21+00:00,http://www.fnx.co.il/sites/docs/genery/mediniut_ashkaa_tzfuia/pension-expected-investment-policy-update082026.xlsx,policy/companies/520023185/raw/520023185/9a8b2e316705_pension-expected-investment-policy-update082026.xlsx,משלימה - אשכול 4 - עוקב מדדים
520023185,,,520023185|משלימה - אשכול 4 - עוקב מדדים|מספר מסלול באוצר 15222,מספר מסלול באוצר 15222,2026,"אג""ח קונצרני (כולל קרנות נאמנות, תעודות סל)",,90.84,91.0,0.06,85.0,97.0,"IBOXY HY 46%, IBXXC1D1 12% , JCMBCOMP 8%, IBOXIG 26%",,משלימה - אשכול 4 - עוקב מדדים,2026-09-30T21:21:21+00:00,http://www.fnx.co.il/sites/docs/genery/mediniut_ashkaa_tzfuia/pension-expected-investment-policy-update082026.xlsx,policy/companies/520023185/raw/520023185/9a8b2e316705_pension-expected-investment-policy-update082026.xlsx,משלימה - אשכול 4 - עוקב מדדים
520023185,,,520023185|משלימה - אשכול 4 - עוקב מדדים|מספר מסלול באוצר 15222,מספר מסלול באוצר 15222,2026,"אג""ח ממשלתי (צמוד, שקלי ומט""ח), ממשלות זרות בנטרול חשיפות בנגזרים",,7.86,8.0,0.05,3.0,13.0,JGENUUG 8%,,משלימה - אשכול 4 - עוקב מדדים,2026-09-30T21:21:21+00:00,http://www.fnx.co.il/sites/docs/genery/mediniut_ashkaa_tzfuia/pension-expected-investment-policy-update082026.xlsx,policy/companies/520023185/raw/520023185/9a8b2e316705_pension-expected-investment-policy-update082026.xlsx,משלימה - אשכול 4 - עוקב מדדים
520023185,,,520023185|משלימה - אשכול 4 - עוקב מדדים|מספר מסלול באוצר 15222,מספר מסלול באוצר 15222,2026,מזומנים (*),,1.3,1.0,,,,,,משלימה - אשכול 4 - עוקב מדדים,2026-09-30T21:21:21+00:00,http://www.fnx.co.il/sites/docs/genery/mediniut_ashkaa_tzfuia/pension-expected-investment-policy-update082026.xlsx,policy/companies/520023185/raw/520023185/9a8b2e316705_pension-expected-investment-policy-update082026.xlsx,משלימה - אשכול 4 - עוקב מדדים
520023185,,,520023185|משלימה - אשכול 4 - עוקב מדדים|מספר מסלול באוצר 15222,מספר מסלול באוצר 15222,2026,"חשיפה למט""ח",fx,96.16,94.0,0.06,88.0,100.0,,,משלימה - אשכול 4 - עוקב מדדים,2026-09-30T21:21:21+00:00,http://www.fnx.co.il/sites/docs/genery/mediniut_ashkaa_tzfuia/pension-expected-investment-policy-update082026.xlsx,policy/companies/520023185/raw/520023185/9a8b2e316705_pension-expected-investment-policy-update082026.xlsx,משלימה - אשכול 4 - עוקב מדדים
520023185,,,520023185|משלימה - אשכול 4 - עוקב מדדים|מספר מסלול באוצר 15222,מספר מסלול באוצר 15222,2026,מגבלת עמלת ניהול חיצוני לשנת 2026,,0.2,,,,,,,משלימה - אשכול 4 - עוקב מדדים,2026-09-30T21:21:21+00:00,http://www.fnx.co.il/sites/docs/genery/mediniut_ashkaa_tzfuia/pension-expected-investment-policy-update082026.xlsx,policy/companies/520023185/raw/520023185/9a8b2e316705_pension-expected-investment-policy-update082026.xlsx,משלימה - אשכול 4 - עוקב מדדים
520023185,,,520023185|מקיפה-פנסיונרים עד 31.12.17|מספר מסלול באוצר 2201,מספר מסלול באוצר 2201,2026,"מניות (תעודות סל, אופציות, קרנות נאמנות)",equity,,0.0,0.01,0.0,1.0,,,מקיפה-פנסיונרים עד 31.12.17,2026-09-30T21:21:21+00:00,http://www.fnx.co.il/sites/docs/genery/mediniut_ashkaa_tzfuia/pension-expected-investment-policy-update082026.xlsx,policy/companies/520023185/raw/520023185/9a8b2e316705_pension-expected-investment-policy-update082026.xlsx,מקיפה-פנסיונרים עד 31.12.17
520023185,,,520023185|מקיפה-פנסיונרים עד 31.12.17|מספר מסלול באוצר 2201,מספר מסלול באוצר 2201,2026,"אג""ח ממשלתי (צמוד, שקלי ומט""ח), ממשלות זרות בנטרול חשיפות בנגזרים",,,37.0,0.05,0.0,42.0,"מדד אג""ח ממשלתי כללי",,מקיפה-פנסיונרים עד 31.12.17,2026-09-30T21:21:21+00:00,http://www.fnx.co.il/sites/docs/genery/mediniut_ashkaa_tzfuia/pension-expected-investment-policy-update082026.xlsx,policy/companies/520023185/raw/520023185/9a8b2e316705_pension-expected-investment-policy-update082026.xlsx,מקיפה-פנסיונרים עד 31.12.17
520023185,,,520023185|מקיפה-פנסיונרים עד 31.12.17|מספר מסלול באוצר 2201,מספר מסלול באוצר 2201,2026,"אג""ח מיועדות ורכיב מבטיח תשואה(***)",,,60.0,0.05,55.0,65.0,,,מקיפה-פנסיונרים עד 31.12.17,2026-09-30T21:21:21+00:00,http://www.fnx.co.il/sites/docs/genery/mediniut_ashkaa_tzfuia/pension-expected-investment-policy-update082026.xlsx,policy/companies/520023185/raw/520023185/9a8b2e316705_pension-expected-investment-policy-update082026.xlsx,מקיפה-פנסיונרים עד 31.12.17
520023185,,,520023185|מקיפה-פנסיונרים עד 31.12.17|מספר מסלול באוצר 2201,מספר מסלול באוצר 2201,2026,"אג""ח קונצרני (כולל קרנות נאמנות, תעודות סל)",,,0.0,0.01,0.0,1.0,מדד תל בונד 60,,מקיפה-פנסיונרים עד 31.12.17,2026-09-30T21:21:21+00:00,http://www.fnx.co.il/sites/docs/genery/mediniut_ashkaa_tzfuia/pension-expected-investment-policy-update082026.xlsx,policy/companies/520023185/raw/520023185/9a8b2e316705_pension-expected-investment-policy-update082026.xlsx,מקיפה-פנסיונרים עד 31.12.17
520023185,,,520023185|מקיפה-פנסיונרים עד 31.12.17|מספר מסלול באוצר 2201,מספר מסלול באוצר 2201,2026,"נדל""ן",,,0.0,0,0.0,0.0,,,מקיפה-פנסיונרים עד 31.12.17,2026-09-30T21:21:21+00:00,http://www.fnx.co.il/sites/docs/genery/mediniut_ashkaa_tzfuia/pension-expected-investment-policy-update082026.xlsx,policy/companies/520023185/raw/520023185/9a8b2e316705_pension-expected-investment-policy-update082026.xlsx,מקיפה-פנסיונרים עד 31.12.17
520023185,,,520023185|מקיפה-פנסיונרים עד 31.12.17|מספר מסלול באוצר 2201,מספר מסלול באוצר 2201,2026,"אחר (קרנות השקעה, Co Invest, תשתיות, גידור)",,,0.0,0,0.0,0.0,,,מקיפה-פנסיונרים עד 31.12.17,2026-09-30T21:21:21+00:00,http://www.fnx.co.il/sites/docs/genery/mediniut_ashkaa_tzfuia/pension-expected-investment-policy-update082026.xlsx,policy/companies/520023185/raw/520023185/9a8b2e316705_pension-expected-investment-policy-update082026.xlsx,מקיפה-פנסיונרים עד 31.12.17
520023185,,,520023185|מקיפה-פנסיונרים עד 31.12.17|מספר מסלול באוצר 2201,מספר מסלול באוצר 2201,2026,מזומנים (*),,,3.0,,,,,,מקיפה-פנסיונרים עד 31.12.17,2026-09-30T21:21:21+00:00,http://www.fnx.co.il/sites/docs/genery/mediniut_ashkaa_tzfuia/pension-expected-investment-policy-update082026.xlsx,policy/companies/520023185/raw/520023185/9a8b2e316705_pension-expected-investment-policy-update082026.xlsx,מקיפה-פנסיונרים עד 31.12.17
520023185,,,520023185|מקיפה-פנסיונרים עד 31.12.17|מספר מסלול באוצר 2201,מספר מסלול באוצר 2201,2026,"חשיפה למט""ח",fx,,0.0,0.06,0.0,6.0,,,מקיפה-פנסיונרים עד 31.12.17,2026-09-30T21:21:21+00:00,http://www.fnx.co.il/sites/docs/genery/mediniut_ashkaa_tzfuia/pension-expected-investment-policy-update082026.xlsx,policy/companies/520023185/raw/520023185/9a8b2e316705_pension-expected-investment-policy-update082026.xlsx,מקיפה-פנסיונרים עד 31.12.17
520023185,,,520023185|מקיפה-פנסיונרים עד 31.12.17|מספר מסלול באוצר 2201,מספר מסלול באוצר 2201,2026,מגבלת עמלת ניהול חיצוני לשנת 2024,,,0.2,,,,,,מקיפה-פנסיונרים עד 31.12.17,2026-09-30T21:21:21+00:00,http://www.fnx.co.il/sites/docs/genery/mediniut_ashkaa_tzfuia/pension-expected-investment-policy-update082026.xlsx,policy/companies/520023185/raw/520023185/9a8b2e316705_pension-expected-investment-policy-update082026.xlsx,מקיפה-פנסיונרים עד 31.12.17
520023185,,,520023185|מקיפה-פנסיונרים זכאים|מספר מסלול באוצר 9987,מספר מסלול באוצר 9987,2026,"מניות (תעודות סל, אופציות, קרנות נאמנות)",equity,,0.0,0.06,0.0,6.0,"40%- מדד ת""א 125 ,   60%- MSCI WORLD AC",,מקיפה-פנסיונרים זכאים,2026-09-30T21:21:21+00:00,http://www.fnx.co.il/sites/docs/genery/mediniut_ashkaa_tzfuia/pension-expected-investment-policy-update082026.xlsx,policy/companies/520023185/raw/520023185/9a8b2e316705_pension-expected-investment-policy-update082026.xlsx,מקיפה-פנסיונרים זכאים
520023185,,,520023185|מקיפה-פנסיונרים זכאים|מספר מסלול באוצר 9987,מספר מסלול באוצר 9987,2026,"אג""ח ממשלתי (צמוד, שקלי ומט""ח), ממשלות זרות בנטרול חשיפות בנגזרים",,,15.0,0.05,0.0,20.0,"מדד אג""ח ממשלתי כללי",,מקיפה-פנסיונרים זכאים,2026-09-30T21:21:21+00:00,http://www.fnx.co.il/sites/docs/genery/mediniut_ashkaa_tzfuia/pension-expected-investment-policy-update082026.xlsx,policy/companies/520023185/raw/520023185/9a8b2e316705_pension-expected-investment-policy-update082026.xlsx,מקיפה-פנסיונרים זכאים
520023185,,,520023185|מקיפה-פנסיונרים זכאים|מספר מסלול באוצר 9987,מספר מסלול באוצר 9987,2026,"אג""ח מיועדות ורכיב מבטיח תשואה(***)",,,80.0,0.05,75.0,85.0,,,מקיפה-פנסיונרים זכאים,2026-09-30T21:21:21+00:00,http://www.fnx.co.il/sites/docs/genery/mediniut_ashkaa_tzfuia/pension-expected-investment-policy-update082026.xlsx,policy/companies/520023185/raw/520023185/9a8b2e316705_pension-expected-investment-policy-update082026.xlsx,מקיפה-פנסיונרים זכאים
520023185,,,520023185|מקיפה-פנסיונרים זכאים|מספר מסלול באוצר 9987,מספר מסלול באוצר 9987,2026,"אג""ח קונצרני (כולל קרנות נאמנות, תעודות סל)",,,0.0,0.06,0.0,6.0,מדד תל בונד 60,,מקיפה-פנסיונרים זכאים,2026-09-30T21:21:21+00:00,http://www.fnx.co.il/sites/docs/genery/mediniut_ashkaa_tzfuia/pension-expected-investment-policy-update082026.xlsx,policy/companies/520023185/raw/520023185/9a8b2e316705_pension-expected-investment-policy-update082026.xlsx,מקיפה-פנסיונרים זכאים
520023185,,,520023185|מקיפה-פנסיונרים זכאים|מספר מסלול באוצר 9987,מספר מסלול באוצר 9987,2026,"נדל""ן",,,0.0,0.05,0.0,5.0,,,מקיפה-פנסיונרים זכאים,2026-09-30T21:21:21+00:00,http://www.fnx.co.il/sites/docs/genery/mediniut_ashkaa_tzfuia/pension-expected-investment-policy-update082026.xlsx,policy/companies/520023185/raw/520023185/9a8b2e316705_pension-expected-investment-policy-update082026.xlsx,מקיפה-פנסיונרים זכאים
520023185,,,520023185|מקיפה-פנסיונרים זכאים|מספר מסלול באוצר 9987,מספר מסלול באוצר 9987,2026,"אחר (קרנות השקעה, Co Invest, תשתיות, גידור)",,,0.0,0.05,0.0,5.0,,,מקיפה-פנסיונרים זכאים,2026-09-30T21:21:21+00:00,http://www.fnx.co.il/sites/docs/genery/mediniut_ashkaa_tzfuia/pension-expected-investment-policy-update082026.xlsx,policy/companies/520023185/raw/520023185/9a8b2e316705_pension-expected-investment-policy-update082026.xlsx,מקיפה-פנסיונרים זכאים
520023185,,,520023185|מקיפה-פנסיונרים זכאים|מספר מסלול באוצר 9987,מספר מסלול באוצר 9987,2026,מזומנים (*),,,5.0,,,,,,מקיפה-פנסיונרים זכאים,2026-09-30T21:21:21+00:00,http://www.fnx.co.il/sites/docs/genery/mediniut_ashkaa_tzfuia/pension-expected-investment-policy-update082026.xlsx,policy/companies/520023185/raw/520023185/9a8b2e316705_pension-expected-investment-policy-update082026.xlsx,מקיפה-פנסיונרים זכאים
520023185,,,520023185|מקיפה-פנסיונרים זכאים|מספר מסלול באוצר 9987,מספר מסלול באוצר 9987,2026,"חשיפה למט""ח",fx,,0.0,0.06,6.0,18.0,,,מקיפה-פנסיונרים זכאים,2026-09-30T21:21:21+00:00,http://www.fnx.co.il/sites/docs/genery/mediniut_ashkaa_tzfuia/pension-expected-investment-policy-update082026.xlsx,policy/companies/520023185/raw/520023185/9a8b2e316705_pension-expected-investment-policy-update082026.xlsx,מקיפה-פנסיונרים זכאים
520023185,,,520023185|מקיפה-פנסיונרים זכאים|מספר מסלול באוצר 9987,מספר מסלול באוצר 9987,2026,מגבלת עמלת ניהול חיצוני לשנת 2024,,,0.1,,,,,,מקיפה-פנסיונרים זכאים,2026-09-30T21:21:21+00:00,http://www.fnx.co.il/sites/docs/genery/mediniut_ashkaa_tzfuia/pension-expected-investment-policy-update082026.xlsx,policy/companies/520023185/raw/520023185/9a8b2e316705_pension-expected-investment-policy-update082026.xlsx,מקיפה-פנסיונרים זכאים
520023185,,,520023185|מקיפה-פנסיונרים החל מ-1.1.18|מספר מסלול באוצר 12119,מספר מסלול באוצר 12119,2026,"מניות (תעודות סל, אופציות, קרנות נאמנות)",equity,,16.0,0.06,10.0,22.0,"35%- מדד ת""א 125 ,   65%- MSCI WORLD AC",,מקיפה-פנסיונרים החל מ-1.1.18,2026-09-30T21:21:21+00:00,http://www.fnx.co.il/sites/docs/genery/mediniut_ashkaa_tzfuia/pension-expected-investment-policy-update082026.xlsx,policy/companies/520023185/raw/520023185/9a8b2e316705_pension-expected-investment-policy-update082026.xlsx,מקיפה-פנסיונרים החל מ-1.1.18
520023185,,,520023185|מקיפה-פנסיונרים החל מ-1.1.18|מספר מסלול באוצר 12119,מספר מסלול באוצר 12119,2026,"אג""ח ממשלתי (צמוד, שקלי ומט""ח), ממשלות זרות בנטרול חשיפות בנגזרים",,,3.0,0.05,0.0,8.0,"מדד אג""ח ממשלתי כללי",,מקיפה-פנסיונרים החל מ-1.1.18,2026-09-30T21:21:21+00:00,http://www.fnx.co.il/sites/docs/genery/mediniut_ashkaa_tzfuia/pension-expected-investment-policy-update082026.xlsx,policy/companies/520023185/raw/520023185/9a8b2e316705_pension-expected-investment-policy-update082026.xlsx,מקיפה-פנסיונרים החל מ-1.1.18
520023185,,,520023185|מקיפה-פנסיונרים החל מ-1.1.18|מספר מסלול באוצר 12119,מספר מסלול באוצר 12119,2026,"אג""ח מיועדות ורכיב מבטיח תשואה(***)",,,60.0,0.05,55.0,65.0,,,מקיפה-פנסיונרים החל מ-1.1.18,2026-09-30T21:21:21+00:00,http://www.fnx.co.il/sites/docs/genery/mediniut_ashkaa_tzfuia/pension-expected-investment-policy-update082026.xlsx,policy/companies/520023185/raw/520023185/9a8b2e316705_pension-expected-investment-policy-update082026.xlsx,מקיפה-פנסיונרים החל מ-1.1.18
520023185,,,520023185|מקיפה-פנסיונרים החל מ-1.1.18|מספר מסלול באוצר 12119,מספר מסלול באוצר 12119,2026,"אג""ח קונצרני (כולל קרנות נאמנות, תעודות סל)",,,16.0,0.06,10.0,22.0,"35% - תל בונד כללי , 20% - תל בונד 60 , 15% - תל בונד 50 , 15% - IBOXX HY - 15%, IBOXX IG",,מקיפה-פנסיונרים החל מ-1.1.18,2026-09-30T21:21:21+00:00,http://www.fnx.co.il/sites/docs/genery/mediniut_ashkaa_tzfuia/pension-expected-investment-policy-update082026.xlsx,policy/companies/520023185/raw/520023185/9a8b2e316705_pension-expected-investment-policy-update082026.xlsx,מקיפה-פנסיונרים החל מ-1.1.18
520023185,,,520023185|מקיפה-פנסיונרים החל מ-1.1.18|מספר מסלול באוצר 12119,מספר מסלול באוצר 12119,2026,"נדל""ן",,,0.0,0.05,0.0,5.0,,,מקיפה-פנסיונרים החל מ-1.1.18,2026-09-30T21:21:21+00:00,http://www.fnx.co.il/sites/docs/genery/mediniut_ashkaa_tzfuia/pension-expected-investment-policy-update082026.xlsx,policy/companies/520023185/raw/520023185/9a8b2e316705_pension-expected-investment-policy-update082026.xlsx,מקיפה-פנסיונרים החל מ-1.1.18
520023185,,,520023185|מקיפה-פנסיונרים החל מ-1.1.18|מספר מסלול באוצר 12119,מספר מסלול באוצר 12119,2026,"אחר (קרנות השקעה, Co Invest, תשתיות, גידור)",,,3.0,0.05,0.0,8.0,,,מקיפה-פנסיונרים החל מ-1.1.18,2026-09-30T21:21:21+00:00,http://www.fnx.co.il/sites/docs/genery/mediniut_ashkaa_tzfuia/pension-expected-investment-policy-update082026.xlsx,policy/companies/520023185/raw/520023185/9a8b2e316705_pension-expected-investment-policy-update082026.xlsx,מקיפה-פנסיונרים החל מ-1.1.18
520023185,,,520023185|מקיפה-פנסיונרים החל מ-1.1.18|מספר מסלול באוצר 12119,מספר מסלול באוצר 12119,2026,מזומנים (*),,,2.0,,,,,,מקיפה-פנסיונרים החל מ-1.1.18,2026-09-30T21:21:21+00:00,http://www.fnx.co.il/sites/docs/genery/mediniut_ashkaa_tzfuia/pension-expected-investment-policy-update082026.xlsx,policy/companies/520023185/raw/520023185/9a8b2e316705_pension-expected-investment-policy-update082026.xlsx,מקיפה-פנסיונרים החל מ-1.1.18
520023185,,,520023185|מקיפה-פנסיונרים החל מ-1.1.18|מספר מסלול באוצר 12119,מספר מסלול באוצר 12119,2026,"חשיפה למט""ח",fx,,12.0,0.06,6.0,18.0,,,מקיפה-פנסיונרים החל מ-1.1.18,2026-09-30T21:21:21+00:00,http://www.fnx.co.il/sites/docs/genery/mediniut_ashkaa_tzfuia/pension-expected-investment-policy-update082026.xlsx,policy/companies/520023185/raw/520023185/9a8b2e316705_pension-expected-investment-policy-update082026.xlsx,מקיפה-פנסיונרים החל מ-1.1.18
520023185,,,520023185|מקיפה-פנסיונרים החל מ-1.1.18|מספר מסלול באוצר 12119,מספר מסלול באוצר 12119,2026,מגבלת עמלת ניהול חיצוני לשנת 2024,,,0.2,,,,,,מקיפה-פנסיונרים החל מ-1.1.18,2026-09-30T21:21:21+00:00,http://www.fnx.co.il/sites/docs/genery/mediniut_ashkaa_tzfuia/pension-expected-investment-policy-update082026.xlsx,policy/companies/520023185/raw/520023185/9a8b2e316705_pension-expected-investment-policy-update082026.xlsx,מקיפה-פנסיונרים החל מ-1.1.18
520023185,,,520023185|משלימה - מסלו השקעה למקבלי קצבה|מספר מסלול באוצר 12120,מספר מסלול באוצר 12120,2026,"מניות (תעודות סל, אופציות, קרנות נאמנות)",equity,17.43,17.0,0.06,11.0,23.0,"35%- מדד ת""א 125 ,   65%- MSCI WORLD AC",,משלימה - מסלו השקעה למקבלי קצבה,2026-09-30T21:21:21+00:00,http://www.fnx.co.il/sites/docs/genery/mediniut_ashkaa_tzfuia/pension-expected-investment-policy-update082026.xlsx,policy/companies/520023185/raw/520023185/9a8b2e316705_pension-expected-investment-policy-update082026.xlsx,משלימה - מסלו השקעה למקבלי קצבה
520023185,,,520023185|משלימה - מסלו השקעה למקבלי קצבה|מספר מסלול באוצר 12120,מספר מסלול באוצר 12120,2026,"אג""ח ממשלתי (צמוד, שקלי ומט""ח), ממשלות זרות בנטרול חשיפות בנגזרים",,36.0,39.0,0.05,34.0,44.0,"מדד אג""ח ממשלתי כללי",,משלימה - מסלו השקעה למקבלי קצבה,2026-09-30T21:21:21+00:00,http://www.fnx.co.il/sites/docs/genery/mediniut_ashkaa_tzfuia/pension-expected-investment-policy-update082026.xlsx,policy/companies/520023185/raw/520023185/9a8b2e316705_pension-expected-investment-policy-update082026.xlsx,משלימה - מסלו השקעה למקבלי קצבה
520023185,,,520023185|משלימה - מסלו השקעה למקבלי קצבה|מספר מסלול באוצר 12120,מספר מסלול באוצר 12120,2026,"אג""ח קונצרני (כולל קרנות נאמנות, תעודות סל)",,41.24,41.0,0.06,35.0,47.0,"35% - תל בונד כללי , 20% - תל בונד 60 , 15% - תל בונד 50 , 15% - IBOXX HY - 15%, IBOXX IG",,משלימה - מסלו השקעה למקבלי קצבה,2026-09-30T21:21:21+00:00,http://www.fnx.co.il/sites/docs/genery/mediniut_ashkaa_tzfuia/pension-expected-investment-policy-update082026.xlsx,policy/companies/520023185/raw/520023185/9a8b2e316705_pension-expected-investment-policy-update082026.xlsx,משלימה - מסלו השקעה למקבלי קצבה
520023185,,,520023185|משלימה - מסלו השקעה למקבלי קצבה|מספר מסלול באוצר 12120,מספר מסלול באוצר 12120,2026,"נדל""ן",,0.0,0.0,0.05,0.0,5.0,,,משלימה - מסלו השקעה למקבלי קצבה,2026-09-30T21:21:21+00:00,http://www.fnx.co.il/sites/docs/genery/mediniut_ashkaa_tzfuia/pension-expected-investment-policy-update082026.xlsx,policy/companies/520023185/raw/520023185/9a8b2e316705_pension-expected-investment-policy-update082026.xlsx,משלימה - מסלו השקעה למקבלי קצבה
520023185,,,520023185|משלימה - מסלו השקעה למקבלי קצבה|מספר מסלול באוצר 12120,מספר מסלול באוצר 12120,2026,"אחר (קרנות השקעה, Co Invest, תשתיות, גידור)",,0.12,0.0,0.05,0.0,5.0,,,משלימה - מסלו השקעה למקבלי קצבה,2026-09-30T21:21:21+00:00,http://www.fnx.co.il/sites/docs/genery/mediniut_ashkaa_tzfuia/pension-expected-investment-policy-update082026.xlsx,policy/companies/520023185/raw/520023185/9a8b2e316705_pension-expected-investment-policy-update082026.xlsx,משלימה - מסלו השקעה למקבלי קצבה
520023185,,,520023185|משלימה - מסלו השקעה למקבלי קצבה|מספר מסלול באוצר 12120,מספר מסלול באוצר 12120,2026,מזומנים (*),,5.06,3.0,,,,,,משלימה - מסלו השקעה למקבלי קצבה,2026-09-30T21:21:21+00:00,http://www.fnx.co.il/sites/docs/genery/mediniut_ashkaa_tzfuia/pension-expected-investment-policy-update082026.xlsx,policy/companies/520023185/raw/520023185/9a8b2e316705_pension-expected-investment-policy-update082026.xlsx,משלימה - מסלו השקעה למקבלי קצבה
520023185,,,520023185|משלימה - מסלו השקעה למקבלי קצבה|מספר מסלול באוצר 12120,מספר מסלול באוצר 12120,2026,"חשיפה למט""ח",fx,15.48,14.0,0.06,8.0,20.0,,,משלימה - מסלו השקעה למקבלי קצבה,2026-09-30T21:21:21+00:00,http://www.fnx.co.il/sites/docs/genery/mediniut_ashkaa_tzfuia/pension-expected-investment-policy-update082026.xlsx,policy/companies/520023185/raw/520023185/9a8b2e316705_pension-expected-investment-policy-update082026.xlsx,משלימה - מסלו השקעה למקבלי קצבה
520023185,,,520023185|משלימה - מסלו השקעה למקבלי קצבה|מספר מסלול באוצר 12120,מספר מסלול באוצר 12120,2026,מגבלת עמלת ניהול חיצוני לשנת 2026,,0.15,,,,,,,משלימה - מסלו השקעה למקבלי קצבה,2026-09-30T21:21:21+00:00,http://www.fnx.co.il/sites/docs/genery/mediniut_ashkaa_tzfuia/pension-expected-investment-policy-update082026.xlsx,policy/companies/520023185/raw/520023185/9a8b2e316705_pension-expected-investment-policy-update082026.xlsx,משלימה - מסלו השקעה למקבלי קצבה
520023185,,,520023185|משלימה - מסלו השקעה למקבלי קצבה|מספר מסלול באוצר 2202,מספר מסלול באוצר 2202,2026,"אג""ח ממשלתי (צמוד, שקלי ומט""ח), ממשלות זרות בנטרול חשיפות בנגזרים",,99.43,96.0,0.05,91.0,100.0,"מדד אג""ח ממשלתי כללי",,משלימה - מסלו השקעה למקבלי קצבה,2026-09-30T21:21:21+00:00,http://www.fnx.co.il/sites/docs/genery/mediniut_ashkaa_tzfuia/pension-expected-investment-policy-update082026.xlsx,policy/companies/520023185/raw/520023185/9a8b2e316705_pension-expected-investment-policy-update082026.xlsx,משלימה - מסלו השקעה למקבלי קצבה
520023185,,,520023185|משלימה - מסלו השקעה למקבלי קצבה|מספר מסלול באוצר 2202,מספר מסלול באוצר 2202,2026,מזומנים (*),,0.57,4.0,,,,,,משלימה - מסלו השקעה למקבלי קצבה,2026-09-30T21:21:21+00:00,http://www.fnx.co.il/sites/docs/genery/mediniut_ashkaa_tzfuia/pension-expected-investment-policy-update082026.xlsx,policy/companies/520023185/raw/520023185/9a8b2e316705_pension-expected-investment-policy-update082026.xlsx,משלימה - מסלו השקעה למקבלי קצבה
520023185,,,520023185|משלימה - מסלו השקעה למקבלי קצבה|מספר מסלול באוצר 2202,מספר מסלול באוצר 2202,2026,"חשיפה למט""ח",fx,0.0,0.0,0.06,0.0,6.0,,,משלימה - מסלו השקעה למקבלי קצבה,2026-09-30T21:21:21+00:00,http://www.fnx.co.il/sites/docs/genery/mediniut_ashkaa_tzfuia/pension-expected-investment-policy-update082026.xlsx,policy/companies/520023185/raw/520023185/9a8b2e316705_pension-expected-investment-policy-update082026.xlsx,משלימה - מסלו השקעה למקבלי קצבה
520023185,,,520023185|משלימה - מסלו השקעה למקבלי קצבה|מספר מסלול באוצר 2202,מספר מסלול באוצר 2202,2026,מגבלת עמלת ניהול חיצוני לשנת 2026,,0.05,,,,,,,משלימה - מסלו השקעה למקבלי קצבה,2026-09-30T21:21:21+00:00,http://www.fnx.co.il/sites/docs/genery/mediniut_ashkaa_tzfuia/pension-expected-investment-policy-update082026.xlsx,policy/companies/520023185/raw/520023185/9a8b2e316705_pension-expected-investment-policy-update082026.xlsx,משלימה - מסלו השקעה למקבלי קצבה
520023185,,,520023185|פנסיית יסוד|מספר מסלול באוצר 347,מספר מסלול באוצר 347,2026,"מניות (תעודות סל, אופציות, קרנות נאמנות)",equity,18.53,17.0,0.06,11.0,23.0,"40%- מדד ת""א 125 ,   60%- MSCI WORLD AC",,פנסיית יסוד,2026-09-30T21:21:21+00:00,http://www.fnx.co.il/sites/docs/genery/mediniut_ashkaa_tzfuia/pension-expected-investment-policy-update082026.xlsx,policy/companies/520023185/raw/520023185/9a8b2e316705_pension-expected-investment-policy-update082026.xlsx,פנסיית יסוד
520023185,,,520023185|פנסיית יסוד|מספר מסלול באוצר 347,מספר מסלול באוצר 347,2026,"אג""ח ממשלתי (צמוד, שקלי ומט""ח), ממשלות זרות בנטרול חשיפות בנגזרים",,10.09,11.0,0.05,6.0,16.0,"מדד אג""ח ממשלתי כללי",,פנסיית יסוד,2026-09-30T21:21:21+00:00,http://www.fnx.co.il/sites/docs/genery/mediniut_ashkaa_tzfuia/pension-expected-investment-policy-update082026.xlsx,policy/companies/520023185/raw/520023185/9a8b2e316705_pension-expected-investment-policy-update082026.xlsx,פנסיית יסוד
520023185,,,520023185|פנסיית יסוד|מספר מסלול באוצר 347,מספר מסלול באוצר 347,2026,"אג""ח מיועדות ורכיב מבטיח תשואה(***)",,32.78,30.0,0.05,25.0,35.0,,,פנסיית יסוד,2026-09-30T21:21:21+00:00,http://www.fnx.co.il/sites/docs/genery/mediniut_ashkaa_tzfuia/pension-expected-investment-policy-update082026.xlsx,policy/companies/520023185/raw/520023185/9a8b2e316705_pension-expected-investment-policy-update082026.xlsx,פנסיית יסוד
520023185,,,520023185|פנסיית יסוד|מספר מסלול באוצר 347,מספר מסלול באוצר 347,2026,"אג""ח קונצרני (כולל קרנות נאמנות, תעודות סל)",,22.44,26.0,0.06,20.0,32.0,"35% - תל בונד כללי , 20% - תל בונד 60 , 15% - תל בונד 50 , 15% - IBOXX HY - 15%, IBOXX IG",,פנסיית יסוד,2026-09-30T21:21:21+00:00,http://www.fnx.co.il/sites/docs/genery/mediniut_ashkaa_tzfuia/pension-expected-investment-policy-update082026.xlsx,policy/companies/520023185/raw/520023185/9a8b2e316705_pension-expected-investment-policy-update082026.xlsx,פנסיית יסוד
520023185,,,520023185|פנסיית יסוד|מספר מסלול באוצר 347,מספר מסלול באוצר 347,2026,קרנות השקעה,,3.37,3.0,0.05,0.0,8.0,,,פנסיית יסוד,2026-09-30T21:21:21+00:00,http://www.fnx.co.il/sites/docs/genery/mediniut_ashkaa_tzfuia/pension-expected-investment-policy-update082026.xlsx,policy/companies/520023185/raw/520023185/9a8b2e316705_pension-expected-investment-policy-update082026.xlsx,פנסיית יסוד
520023185,,,520023185|פנסיית יסוד|מספר מסלול באוצר 347,מספר מסלול באוצר 347,2026,"אחר (Co Invest, תשתיות, גידור, נדל""ן)",,9.4,9.0,0.05,4.0,14.0,,,פנסיית יסוד,2026-09-30T21:21:21+00:00,http://www.fnx.co.il/sites/docs/genery/mediniut_ashkaa_tzfuia/pension-expected-investment-policy-update082026.xlsx,policy/companies/520023185/raw/520023185/9a8b2e316705_pension-expected-investment-policy-update082026.xlsx,פנסיית יסוד
520023185,,,520023185|פנסיית יסוד|מספר מסלול באוצר 347,מספר מסלול באוצר 347,2026,מזומנים (*),,3.37,4.0,,,,,,פנסיית יסוד,2026-09-30T21:21:21+00:00,http://www.fnx.co.il/sites/docs/genery/mediniut_ashkaa_tzfuia/pension-expected-investment-policy-update082026.xlsx,policy/companies/520023185/raw/520023185/9a8b2e316705_pension-expected-investment-policy-update082026.xlsx,פנסיית יסוד
520023185,,,520023185|פנסיית יסוד|מספר מסלול באוצר 347,מספר מסלול באוצר 347,2026,"חשיפה למט""ח",fx,16.07,16.0,0.06,10.0,22.0,,,פנסיית יסוד,2026-09-30T21:21:21+00:00,http://www.fnx.co.il/sites/docs/genery/mediniut_ashkaa_tzfuia/pension-expected-investment-policy-update082026.xlsx,policy/companies/520023185/raw/520023185/9a8b2e316705_pension-expected-investment-policy-update082026.xlsx,פנסיית יסוד
520023185,,,520023185|פנסיית יסוד|מספר מסלול באוצר 347,מספר מסלול באוצר 347,2026,מגבלת עמלת ניהול חיצוני לשנת 2026,,0.0,,,,,,,פנסיית יסוד,2026-09-30T21:21:21+00:00,http://www.fnx.co.il/sites/docs/genery/mediniut_ashkaa_tzfuia/pension-expected-investment-policy-update082026.xlsx,policy/companies/520023185/raw/520023185/9a8b2e316705_pension-expected-investment-policy-update082026.xlsx,פנסיית יסוד
520023185,,,520023185|פנסיית יסוד|הפניקס פנסיה מקיפה מסלול כללי,הפניקס פנסיה מקיפה מסלול כללי,2026,"מניות (כולל תעודות סל, אופציות, קרנות נאמנות)",equity,,,+/- 6%,28.0,40.0,,,פנסיית יסוד,2026-09-30T21:21:21+00:00,http://www.fnx.co.il/sites/docs/genery/mediniut_ashkaa_tzfuia/pension-expected-investment-policy-update082026.xlsx,policy/companies/520023185/raw/520023185/9a8b2e316705_pension-expected-investment-policy-update082026.xlsx,פנסיית יסוד
520023185,,,520023185|פנסיית יסוד|הפניקס פנסיה מקיפה מסלול כללי,הפניקס פנסיה מקיפה מסלול כללי,2026,"אג""ח ממשלתי (צמוד, שקלי ומט""ח), ממשלות זרות בנטרול חשיפות בנגזרים1",,,,+/- 5%,33.0,43.0,,,פנסיית יסוד,2026-09-30T21:21:21+00:00,http://www.fnx.co.il/sites/docs/genery/mediniut_ashkaa_tzfuia/pension-expected-investment-policy-update082026.xlsx,policy/companies/520023185/raw/520023185/9a8b2e316705_pension-expected-investment-policy-update082026.xlsx,פנסיית יסוד
520023185,,,520023185|פנסיית יסוד|הפניקס פנסיה מקיפה מסלול כללי,הפניקס פנסיה מקיפה מסלול כללי,2026,"אג""ח קונצרני (קרנות נאמנות, תעודות סל)",,,,+/- 6%,17.0,29.0,,,פנסיית יסוד,2026-09-30T21:21:21+00:00,http://www.fnx.co.il/sites/docs/genery/mediniut_ashkaa_tzfuia/pension-expected-investment-policy-update082026.xlsx,policy/companies/520023185/raw/520023185/9a8b2e316705_pension-expected-investment-policy-update082026.xlsx,פנסיית יסוד
520023185,,,520023185|פנסיית יסוד|הפניקס פנסיה מקיפה מסלול כללי,הפניקס פנסיה מקיפה מסלול כללי,2026,"נדל""ן",,,,+/- 5%,0.0,9.0,,,פנסיית יסוד,2026-09-30T21:21:21+00:00,http://www.fnx.co.il/sites/docs/genery/mediniut_ashkaa_tzfuia/pension-expected-investment-policy-update082026.xlsx,policy/companies/520023185/raw/520023185/9a8b2e316705_pension-expected-investment-policy-update082026.xlsx,פנסיית יסוד
520023185,,,520023185|פנסיית יסוד|הפניקס פנסיה מקיפה מסלול כללי,הפניקס פנסיה מקיפה מסלול כללי,2026,"אחר (קרנות השקעה, PE, VC, קרדיט, גידור)",,,,+/- 5%,0.0,5.0,,,פנסיית יסוד,2026-09-30T21:21:21+00:00,http://www.fnx.co.il/sites/docs/genery/mediniut_ashkaa_tzfuia/pension-expected-investment-policy-update082026.xlsx,policy/companies/520023185/raw/520023185/9a8b2e316705_pension-expected-investment-policy-update082026.xlsx,פנסיית יסוד
520023185,,,520023185|פנסיית יסוד|הפניקס פנסיה מקיפה מסלול כללי,הפניקס פנסיה מקיפה מסלול כללי,2026,מזומנים (בנטרול נגזרים),,,,+/- 5%,0.0,6.0,,,פנסיית יסוד,2026-09-30T21:21:21+00:00,http://www.fnx.co.il/sites/docs/genery/mediniut_ashkaa_tzfuia/pension-expected-investment-policy-update082026.xlsx,policy/companies/520023185/raw/520023185/9a8b2e316705_pension-expected-investment-policy-update082026.xlsx,פנסיית יסוד
520023185,,,520023185|פנסיית יסוד|הפניקס פנסיה מקיפה מסלול כללי,הפניקס פנסיה מקיפה מסלול כללי,2026,"חשיפה למט""ח",fx,,,+/- 6%,10.0,22.0,,,פנסיית יסוד,2026-09-30T21:21:21+00:00,http://www.fnx.co.il/sites/docs/genery/mediniut_ashkaa_tzfuia/pension-expected-investment-policy-update082026.xlsx,policy/companies/520023185/raw/520023185/9a8b2e316705_pension-expected-investment-policy-update082026.xlsx,פנסיית יסוד
520023185,,,520023185|עמיתי דור ביניים|מספר מסלול באוצר 3471,מספר מסלול באוצר 3471,2026,"מניות (תעודות סל, אופציות, קרנות נאמנות)",equity,19.27,17.0,0.06,11.0,23.0,"40%- מדד ת""א 125 ,   60%- MSCI WORLD AC",,עמיתי דור ביניים,2026-09-30T21:21:21+00:00,http://www.fnx.co.il/sites/docs/genery/mediniut_ashkaa_tzfuia/pension-expected-investment-policy-update082026.xlsx,policy/companies/520023185/raw/520023185/9a8b2e316705_pension-expected-investment-policy-update082026.xlsx,עמיתי דור ביניים
520023185,,,520023185|עמיתי דור ביניים|מספר מסלול באוצר 3471,מספר מסלול באוצר 3471,2026,"אג""ח ממשלתי (צמוד, שקלי ומט""ח), ממשלות זרות בנטרול חשיפות בנגזרים",,14.17,16.0,0.05,11.0,21.0,"מדד אג""ח ממשלתי כללי",,עמיתי דור ביניים,2026-09-30T21:21:21+00:00,http://www.fnx.co.il/sites/docs/genery/mediniut_ashkaa_tzfuia/pension-expected-investment-policy-update082026.xlsx,policy/companies/520023185/raw/520023185/9a8b2e316705_pension-expected-investment-policy-update082026.xlsx,עמיתי דור ביניים
520023185,,,520023185|עמיתי דור ביניים|מספר מסלול באוצר 3471,מספר מסלול באוצר 3471,2026,"אג""ח מיועדות ורכיב מבטיח תשואה(***)",,32.78,30.0,0.05,25.0,35.0,,,עמיתי דור ביניים,2026-09-30T21:21:21+00:00,http://www.fnx.co.il/sites/docs/genery/mediniut_ashkaa_tzfuia/pension-expected-investment-policy-update082026.xlsx,policy/companies/520023185/raw/520023185/9a8b2e316705_pension-expected-investment-policy-update082026.xlsx,עמיתי דור ביניים
520023185,,,520023185|עמיתי דור ביניים|מספר מסלול באוצר 3471,מספר מסלול באוצר 3471,2026,"אג""ח קונצרני (כולל קרנות נאמנות, תעודות סל)",,28.65,32.0,0.06,26.0,38.0,"35% - תל בונד כללי , 20% - תל בונד 60 , 15% - תל בונד 50 , 15% - IBOXX HY - 15%, IBOXX IG",,עמיתי דור ביניים,2026-09-30T21:21:21+00:00,http://www.fnx.co.il/sites/docs/genery/mediniut_ashkaa_tzfuia/pension-expected-investment-policy-update082026.xlsx,policy/companies/520023185/raw/520023185/9a8b2e316705_pension-expected-investment-policy-update082026.xlsx,עמיתי דור ביניים
520023185,,,520023185|עמיתי דור ביניים|מספר מסלול באוצר 3471,מספר מסלול באוצר 3471,2026,"אחר (קרנות השקעה,Co Invest, תשתיות, גידור,נדלן)",,0.73,2.0,0.05,0.0,7.0,,,עמיתי דור ביניים,2026-09-30T21:21:21+00:00,http://www.fnx.co.il/sites/docs/genery/mediniut_ashkaa_tzfuia/pension-expected-investment-policy-update082026.xlsx,policy/companies/520023185/raw/520023185/9a8b2e316705_pension-expected-investment-policy-update082026.xlsx,עמיתי דור ביניים
520023185,,,520023185|עמיתי דור ביניים|מספר מסלול באוצר 3471,מספר מסלול באוצר 3471,2026,מזומנים (*),,4.37,3.0,,,,,,עמיתי דור ביניים,2026-09-30T21:21:21+00:00,http://www.fnx.co.il/sites/docs/genery/mediniut_ashkaa_tzfuia/pension-expected-investment-policy-update082026.xlsx,policy/companies/520023185/raw/520023185/9a8b2e316705_pension-expected-investment-policy-update082026.xlsx,עמיתי דור ביניים
520023185,,,520023185|עמיתי דור ביניים|מספר מסלול באוצר 3471,מספר מסלול באוצר 3471,2026,"חשיפה למט""ח",fx,13.3,13.0,0.06,7.0,19.0,,,עמיתי דור ביניים,2026-09-30T21:21:21+00:00,http://www.fnx.co.il/sites/docs/genery/mediniut_ashkaa_tzfuia/pension-expected-investment-policy-update082026.xlsx,policy/companies/520023185/raw/520023185/9a8b2e316705_pension-expected-investment-policy-update082026.xlsx,עמיתי דור ביניים
520023185,,,520023185|עמיתי דור ביניים|מספר מסלול באוצר 3471,מספר מסלול באוצר 3471,2026,מגבלת עמלת ניהול חיצוני לשנת 2026,,0.0,,,,,,,עמיתי דור ביניים,2026-09-30T21:21:21+00:00,http://www.fnx.co.il/sites/docs/genery/mediniut_ashkaa_tzfuia/pension-expected-investment-policy-update082026.xlsx,policy/companies/520023185/raw/520023185/9a8b2e316705_pension-expected-investment-policy-update082026.xlsx,עמיתי דור ביניים
520023185,,,520023185|עמיתי דור ביניים|הפניקס פנסיה מקיפה מסלול כללי,הפניקס פנסיה מקיפה מסלול כללי,2026,"מניות (כולל תעודות סל, אופציות, קרנות נאמנות)",equity,33.32,,+/- 6%,28.0,40.0,,,עמיתי דור ביניים,2026-09-30T21:21:21+00:00,http://www.fnx.co.il/sites/docs/genery/mediniut_ashkaa_tzfuia/pension-expected-investment-policy-update082026.xlsx,policy/companies/520023185/raw/520023185/9a8b2e316705_pension-expected-investment-policy-update082026.xlsx,עמיתי דור ביניים
520023185,,,520023185|עמיתי דור ביניים|הפניקס פנסיה מקיפה מסלול כללי,הפניקס פנסיה מקיפה מסלול כללי,2026,"אג""ח ממשלתי (צמוד, שקלי ומט""ח), ממשלות זרות בנטרול חשיפות בנגזרים1",,35.97,,+/- 5%,33.0,43.0,,,עמיתי דור ביניים,2026-09-30T21:21:21+00:00,http://www.fnx.co.il/sites/docs/genery/mediniut_ashkaa_tzfuia/pension-expected-investment-policy-update082026.xlsx,policy/companies/520023185/raw/520023185/9a8b2e316705_pension-expected-investment-policy-update082026.xlsx,עמיתי דור ביניים
520023185,,,520023185|עמיתי דור ביניים|הפניקס פנסיה מקיפה מסלול כללי,הפניקס פנסיה מקיפה מסלול כללי,2026,"אג""ח מיועדות",,29.71,,,,,,,עמיתי דור ביניים,2026-09-30T21:21:21+00:00,http://www.fnx.co.il/sites/docs/genery/mediniut_ashkaa_tzfuia/pension-expected-investment-policy-update082026.xlsx,policy/companies/520023185/raw/520023185/9a8b2e316705_pension-expected-investment-policy-update082026.xlsx,עמיתי דור ביניים
520023185,,,520023185|עמיתי דור ביניים|הפניקס פנסיה מקיפה מסלול כללי,הפניקס פנסיה מקיפה מסלול כללי,2026,"אג""ח קונצרני (קרנות נאמנות, תעודות סל)",,25.51,,+/- 6%,17.0,29.0,,,עמיתי דור ביניים,2026-09-30T21:21:21+00:00,http://www.fnx.co.il/sites/docs/genery/mediniut_ashkaa_tzfuia/pension-expected-investment-policy-update082026.xlsx,policy/companies/520023185/raw/520023185/9a8b2e316705_pension-expected-investment-policy-update082026.xlsx,עמיתי דור ביניים
520023185,,,520023185|עמיתי דור ביניים|הפניקס פנסיה מקיפה מסלול כללי,הפניקס פנסיה מקיפה מסלול כללי,2026,"נדל""ן",,3.88,,+/- 5%,0.0,9.0,,,עמיתי דור ביניים,2026-09-30T21:21:21+00:00,http://www.fnx.co.il/sites/docs/genery/mediniut_ashkaa_tzfuia/pension-expected-investment-policy-update082026.xlsx,policy/companies/520023185/raw/520023185/9a8b2e316705_pension-expected-investment-policy-update082026.xlsx,עמיתי דור ביניים
520023185,,,520023185|עמיתי דור ביניים|הפניקס פנסיה מקיפה מסלול כללי,הפניקס פנסיה מקיפה מסלול כללי,2026,"אחר (קרנות השקעה, PE, VC, קרדיט, גידור)",,0.61,,+/- 5%,0.0,5.0,,,עמיתי דור ביניים,2026-09-30T21:21:21+00:00,http://www.fnx.co.il/sites/docs/genery/mediniut_ashkaa_tzfuia/pension-expected-investment-policy-update082026.xlsx,policy/companies/520023185/raw/520023185/9a8b2e316705_pension-expected-investment-policy-update082026.xlsx,עמיתי דור ביניים
520023185,,,520023185|עמיתי דור ביניים|הפניקס פנסיה מקיפה מסלול כללי,הפניקס פנסיה מקיפה מסלול כללי,2026,מזומנים (בנטרול נגזרים),,0.75,,+/- 5%,0.0,6.0,,,עמיתי דור ביניים,2026-09-30T21:21:21+00:00,http://www.fnx.co.il/sites/docs/genery/mediniut_ashkaa_tzfuia/pension-expected-investment-policy-update082026.xlsx,policy/companies/520023185/raw/520023185/9a8b2e316705_pension-expected-investment-policy-update082026.xlsx,עמיתי דור ביניים
520023185,,,520023185|עמיתי דור ביניים|הפניקס פנסיה מקיפה מסלול כללי,הפניקס פנסיה מקיפה מסלול כללי,2026,"חשיפה למט""ח",fx,16.78,,+/- 6%,10.0,22.0,,,עמיתי דור ביניים,2026-09-30T21:21:21+00:00,http://www.fnx.co.il/sites/docs/genery/mediniut_ashkaa_tzfuia/pension-expected-investment-policy-update082026.xlsx,policy/companies/520023185/raw/520023185/9a8b2e316705_pension-expected-investment-policy-update082026.xlsx,עמיתי דור ביניים
520023185,,,520023185|קרן גמלאות של עורכי דין|מספר מסלול באוצר 389,מספר מסלול באוצר 389,2026,"מניות (תעודות סל, אופציות, קרנות נאמנות)",equity,18.38,17.0,0.06,11.0,23.0,"40%- מדד ת""א 125 ,   60%- MSCI WORLD AC",,קרן גמלאות של עורכי דין,2026-09-30T21:21:21+00:00,http://www.fnx.co.il/sites/docs/genery/mediniut_ashkaa_tzfuia/pension-expected-investment-policy-update082026.xlsx,policy/companies/520023185/raw/520023185/9a8b2e316705_pension-expected-investment-policy-update082026.xlsx,קרן גמלאות של עורכי דין
520023185,,,520023185|קרן גמלאות של עורכי דין|מספר מסלול באוצר 389,מספר מסלול באוצר 389,2026,"אג""ח ממשלתי (צמוד, שקלי ומט""ח), ממשלות זרות בנטרול חשיפות בנגזרים",,26.66,31.0,0.05,26.0,36.0,"מדד אג""ח ממשלתי כללי",,קרן גמלאות של עורכי דין,2026-09-30T21:21:21+00:00,http://www.fnx.co.il/sites/docs/genery/mediniut_ashkaa_tzfuia/pension-expected-investment-policy-update082026.xlsx,policy/companies/520023185/raw/520023185/9a8b2e316705_pension-expected-investment-policy-update082026.xlsx,קרן גמלאות של עורכי דין
520023185,,,520023185|קרן גמלאות של עורכי דין|מספר מסלול באוצר 389,מספר מסלול באוצר 389,2026,"אג""ח מיועדות ורכיב מבטיח תשואה(***)",,33.99,30.0,0.05,25.0,35.0,,,קרן גמלאות של עורכי דין,2026-09-30T21:21:21+00:00,http://www.fnx.co.il/sites/docs/genery/mediniut_ashkaa_tzfuia/pension-expected-investment-policy-update082026.xlsx,policy/companies/520023185/raw/520023185/9a8b2e316705_pension-expected-investment-policy-update082026.xlsx,קרן גמלאות של עורכי דין
520023185,,,520023185|קרן גמלאות של עורכי דין|מספר מסלול באוצר 389,מספר מסלול באוצר 389,2026,"אג""ח קונצרני (קרנות נאמנות, תעודות סל)",,10.37,12.0,0.06,6.0,18.0,"35% - תל בונד כללי , 20% - תל בונד 60 , 15% - תל בונד 50 , 15% - IBOXX HY - 15%, IBOXX IG",,קרן גמלאות של עורכי דין,2026-09-30T21:21:21+00:00,http://www.fnx.co.il/sites/docs/genery/mediniut_ashkaa_tzfuia/pension-expected-investment-policy-update082026.xlsx,policy/companies/520023185/raw/520023185/9a8b2e316705_pension-expected-investment-policy-update082026.xlsx,קרן גמלאות של עורכי דין
520023185,,,520023185|קרן גמלאות של עורכי דין|מספר מסלול באוצר 389,מספר מסלול באוצר 389,2026,"אחר (נדלן, קרנות השקעה, Co Invest, תשתיות, גידור)",,5.15,7.0,0.05,2.0,12.0,,,קרן גמלאות של עורכי דין,2026-09-30T21:21:21+00:00,http://www.fnx.co.il/sites/docs/genery/mediniut_ashkaa_tzfuia/pension-expected-investment-policy-update082026.xlsx,policy/companies/520023185/raw/520023185/9a8b2e316705_pension-expected-investment-policy-update082026.xlsx,קרן גמלאות של עורכי דין
520023185,,,520023185|קרן גמלאות של עורכי דין|מספר מסלול באוצר 389,מספר מסלול באוצר 389,2026,מזומנים (*),,5.44,3.0,,,,,,קרן גמלאות של עורכי דין,2026-09-30T21:21:21+00:00,http://www.fnx.co.il/sites/docs/genery/mediniut_ashkaa_tzfuia/pension-expected-investment-policy-update082026.xlsx,policy/companies/520023185/raw/520023185/9a8b2e316705_pension-expected-investment-policy-update082026.xlsx,קרן גמלאות של עורכי דין
520023185,,,520023185|קרן גמלאות של עורכי דין|מספר מסלול באוצר 389,מספר מסלול באוצר 389,2026,"חשיפה למט""ח",fx,11.79,11.0,0.06,5.0,17.0,,,קרן גמלאות של עורכי דין,2026-09-30T21:21:21+00:00,http://www.fnx.co.il/sites/docs/genery/mediniut_ashkaa_tzfuia/pension-expected-investment-policy-update082026.xlsx,policy/companies/520023185/raw/520023185/9a8b2e316705_pension-expected-investment-policy-update082026.xlsx,קרן גמלאות של עורכי דין
520023185,,,520023185|קרן גמלאות של עורכי דין|מספר מסלול באוצר 389,מספר מסלול באוצר 389,2026,מגבלת עמלת ניהול חיצוני לשנת 2026,,0.0,,,,,,,קרן גמלאות של עורכי דין,2026-09-30T21:21:21+00:00,http://www.fnx.co.il/sites/docs/genery/mediniut_ashkaa_tzfuia/pension-expected-investment-policy-update082026.xlsx,policy/companies/520023185/raw/520023185/9a8b2e316705_pension-expected-investment-policy-update082026.xlsx,קרן גמלאות של עורכי דין
520023185,,,520023185|מקיפה - אשכול 1 - אקטיבי|מספר מסול באוצר 2189,מספר מסול באוצר 2189,2026,"אג""ח ממשלתי (צמוד, שקלי ומט""ח), 
ממשלות זרות בנטרול חשיפות בנגזרים",,57.3,56.0,0.05,51.0,61.0,"מדד אג""ח ממשלתי כללי",,מקיפה - אשכול 1 - אקטיבי,2026-09-30T21:21:21+00:00,http://www.fnx.co.il/sites/docs/genery/mediniut_ashkaa_tzfuia/pension-expected-investment-policy-update052026.xlsx,policy/companies/520023185/raw/520023185/ed57cdc739a8_pension-expected-investment-policy-update052026.xlsx,מקיפה - אשכול 1 - אקטיבי
520023185,,,520023185|מקיפה - אשכול 1 - אקטיבי|מספר מסול באוצר 2189,מספר מסול באוצר 2189,2026,"אג""ח מיועדות ורכיב מבטיח תשואה(***)",,26.25,27.0,0.05,22.0,32.0,,,מקיפה - אשכול 1 - אקטיבי,2026-09-30T21:21:21+00:00,http://www.fnx.co.il/sites/docs/genery/mediniut_ashkaa_tzfuia/pension-expected-investment-policy-update052026.xlsx,policy/companies/520023185/raw/520023185/ed57cdc739a8_pension-expected-investment-policy-update052026.xlsx,מקיפה - אשכול 1 - אקטיבי
520023185,,,520023185|מקיפה - אשכול 1 - אקטיבי|מספר מסול באוצר 2189,מספר מסול באוצר 2189,2026,"אג""ח קונצרני (כולל קרנות נאמנות, תעודות סל)",,15.31,16.0,0.06,10.0,22.0,"35% - תל בונד כללי , 20% - תל בונד 60 , 15% - תל בונד 50 , 15% - IBOXX HY - 15%, IBOXX IG",,מקיפה - אשכול 1 - אקטיבי,2026-09-30T21:21:21+00:00,http://www.fnx.co.il/sites/docs/genery/mediniut_ashkaa_tzfuia/pension-expected-investment-policy-update052026.xlsx,policy/companies/520023185/raw/520023185/ed57cdc739a8_pension-expected-investment-policy-update052026.xlsx,מקיפה - אשכול 1 - אקטיבי
520023185,,,520023185|מקיפה - אשכול 1 - אקטיבי|מספר מסול באוצר 2189,מספר מסול באוצר 2189,2026,מזומנים (*),,1.14,1.0,,,,,,מקיפה - אשכול 1 - אקטיבי,2026-09-30T21:21:21+00:00,http://www.fnx.co.il/sites/docs/genery/mediniut_ashkaa_tzfuia/pension-expected-investment-policy-update052026.xlsx,policy/companies/520023185/raw/520023185/ed57cdc739a8_pension-expected-investment-policy-update052026.xlsx,מקיפה - אשכול 1 - אקטיבי
520023185,,,520023185|מקיפה - אשכול 1 - אקטיבי|מספר מסול באוצר 2189,מספר מסול באוצר 2189,2026,"חשיפה למט""ח",fx,0.0,0.0,0.06,0.0,6.0,,,מקיפה - אשכול 1 - אקטיבי,2026-09-30T21:21:21+00:00,http://www.fnx.co.il/sites/docs/genery/mediniut_ashkaa_tzfuia/pension-expected-investment-policy-update052026.xlsx,policy/companies/520023185/raw/520023185/ed57cdc739a8_pension-expected-investment-policy-update052026.xlsx,מקיפה - אשכול 1 - אקטיבי
520023185,,,520023185|מקיפה - אשכול 1 - אקטיבי|מספר מסול באוצר 2189,מספר מסול באוצר 2189,2026,מגבלת עמלת ניהול חיצוני לשנת 2026,,0.05,,,,,,,מקיפה - אשכול 1 - אקטיבי,2026-09-30T21:21:21+00:00,http://www.fnx.co.il/sites/docs/genery/mediniut_ashkaa_tzfuia/pension-expected-investment-policy-update052026.xlsx,policy/companies/520023185/raw/520023185/ed57cdc739a8_pension-expected-investment-policy-update052026.xlsx,מקיפה - אשכול 1 - אקטיבי
520023185,,,520023185|מקיפה - אשכול 1 - אקטיבי|מספר מסלול באוצר 2188,מספר מסלול באוצר 2188,2026,"מניות (כולל תעודות סל, אופציות, קרנות נאמנות)",equity,3.34,3.0,0.06,0.0,9.0,"40%- מדד ת""א 125 ,   60%- MSCI WORLD AC",,מקיפה - אשכול 1 - אקטיבי,2026-09-30T21:21:21+00:00,http://www.fnx.co.il/sites/docs/genery/mediniut_ashkaa_tzfuia/pension-expected-investment-policy-update052026.xlsx,policy/companies/520023185/raw/520023185/ed57cdc739a8_pension-expected-investment-policy-update052026.xlsx,מקיפה - אשכול 1 - אקטיבי
520023185,,,520023185|מקיפה - אשכול 1 - אקטיבי|מספר מסלול באוצר 2188,מספר מסלול באוצר 2188,2026,"אג""ח ממשלתי (צמוד, שקלי ומט""ח), 
ממשלות זרות בנטרול חשיפות בנגזרים",,8.24,9.0,0.05,4.0,14.0,"מדד אג""ח ממשלתי כללי",,מקיפה - אשכול 1 - אקטיבי,2026-09-30T21:21:21+00:00,http://www.fnx.co.il/sites/docs/genery/mediniut_ashkaa_tzfuia/pension-expected-investment-policy-update052026.xlsx,policy/companies/520023185/raw/520023185/ed57cdc739a8_pension-expected-investment-policy-update052026.xlsx,מקיפה - אשכול 1 - אקטיבי
520023185,,,520023185|מקיפה - אשכול 1 - אקטיבי|מספר מסלול באוצר 2188,מספר מסלול באוצר 2188,2026,"אג""ח מיועדות ורכיב מבטיח תשואה(***)",,26.83,27.0,0.05,22.0,32.0,,,מקיפה - אשכול 1 - אקטיבי,2026-09-30T21:21:21+00:00,http://www.fnx.co.il/sites/docs/genery/mediniut_ashkaa_tzfuia/pension-expected-investment-policy-update052026.xlsx,policy/companies/520023185/raw/520023185/ed57cdc739a8_pension-expected-investment-policy-update052026.xlsx,מקיפה - אשכול 1 - אקטיבי
520023185,,,520023185|מקיפה - אשכול 1 - אקטיבי|מספר מסלול באוצר 2188,מספר מסלול באוצר 2188,2026,"אג""ח קונצרני (כולל קרנות נאמנות, תעודות סל)",,57.26,57.0,0.06,51.0,63.0,"35% - תל בונד כללי , 20% - תל בונד 60 , 15% - תל בונד 50 , 15% - IBOXX HY - 15%, IBOXX IG",,מקיפה - אשכול 1 - אקטיבי,2026-09-30T21:21:21+00:00,http://www.fnx.co.il/sites/docs/genery/mediniut_ashkaa_tzfuia/pension-expected-investment-policy-update052026.xlsx,policy/companies/520023185/raw/520023185/ed57cdc739a8_pension-expected-investment-policy-update052026.xlsx,מקיפה - אשכול 1 - אקטיבי
520023185,,,520023185|מקיפה - אשכול 1 - אקטיבי|מספר מסלול באוצר 2188,מספר מסלול באוצר 2188,2026,"אחר ( Co Invest, נדל""ן, קרנות השקעהתשתיות, גידור)",,0.13,1.0,0.05,0.0,6.0,,,מקיפה - אשכול 1 - אקטיבי,2026-09-30T21:21:21+00:00,http://www.fnx.co.il/sites/docs/genery/mediniut_ashkaa_tzfuia/pension-expected-investment-policy-update052026.xlsx,policy/companies/520023185/raw/520023185/ed57cdc739a8_pension-expected-investment-policy-update052026.xlsx,מקיפה - אשכול 1 - אקטיבי
520023185,,,520023185|מקיפה - אשכול 1 - אקטיבי|מספר מסלול באוצר 2188,מספר מסלול באוצר 2188,2026,מזומנים (*),,4.18,3.0,,,,,,מקיפה - אשכול 1 - אקטיבי,2026-09-30T21:21:21+00:00,http://www.fnx.co.il/sites/docs/genery/mediniut_ashkaa_tzfuia/pension-expected-investment-policy-update052026.xlsx,policy/companies/520023185/raw/520023185/ed57cdc739a8_pension-expected-investment-policy-update052026.xlsx,מקיפה - אשכול 1 - אקטיבי
520023185,,,520023185|מקיפה - אשכול 1 - אקטיבי|מספר מסלול באוצר 2188,מספר מסלול באוצר 2188,2026,"חשיפה למט""ח",fx,9.73,9.0,0.06,3.0,15.0,,,מקיפה - אשכול 1 - אקטיבי,2026-09-30T21:21:21+00:00,http://www.fnx.co.il/sites/docs/genery/mediniut_ashkaa_tzfuia/pension-expected-investment-policy-update052026.xlsx,policy/companies/520023185/raw/520023185/ed57cdc739a8_pension-expected-investment-policy-update052026.xlsx,מקיפה - אשכול 1 - אקטיבי
520023185,,,520023185|מקיפה - אשכול 1 - אקטיבי|מספר מסלול באוצר 2188,מספר מסלול באוצר 2188,2026,מגבלת עמלת ניהול חיצוני לשנת 2026,,0.15,,,,,,,מקיפה - אשכול 1 - אקטיבי,2026-09-30T21:21:21+00:00,http://www.fnx.co.il/sites/docs/genery/mediniut_ashkaa_tzfuia/pension-expected-investment-policy-update052026.xlsx,policy/companies/520023185/raw/520023185/ed57cdc739a8_pension-expected-investment-policy-update052026.xlsx,מקיפה - אשכול 1 - אקטיבי
520023185,,,520023185|מקיפה - אשכול 1 - אקטיבי|מספר מסלול באוצר 2187,מספר מסלול באוצר 2187,2026,"מניות (כולל תעודות סל, אופציות, קרנות נאמנות)",equity,70.04,69.0,0.06,63.0,75.0,"40%- מדד ת""א 125 ,   60%- MSCI WORLD AC",,מקיפה - אשכול 1 - אקטיבי,2026-09-30T21:21:21+00:00,http://www.fnx.co.il/sites/docs/genery/mediniut_ashkaa_tzfuia/pension-expected-investment-policy-update052026.xlsx,policy/companies/520023185/raw/520023185/ed57cdc739a8_pension-expected-investment-policy-update052026.xlsx,מקיפה - אשכול 1 - אקטיבי
520023185,,,520023185|מקיפה - אשכול 1 - אקטיבי|מספר מסלול באוצר 2187,מספר מסלול באוצר 2187,2026,"אג""ח ממשלתי (צמוד, שקלי ומט""ח), 
ממשלות זרות בנטרול חשיפות בנגזרים",,1.68,2.0,0.05,0.0,7.0,"מדד אג""ח ממשלתי כללי",,מקיפה - אשכול 1 - אקטיבי,2026-09-30T21:21:21+00:00,http://www.fnx.co.il/sites/docs/genery/mediniut_ashkaa_tzfuia/pension-expected-investment-policy-update052026.xlsx,policy/companies/520023185/raw/520023185/ed57cdc739a8_pension-expected-investment-policy-update052026.xlsx,מקיפה - אשכול 1 - אקטיבי
520023185,,,520023185|מקיפה - אשכול 1 - אקטיבי|מספר מסלול באוצר 2187,מספר מסלול באוצר 2187,2026,"אג""ח מיועדות ורכיב מבטיח תשואה(***)",,24.6,27.0,0.05,22.0,32.0,,,מקיפה - אשכול 1 - אקטיבי,2026-09-30T21:21:21+00:00,http://www.fnx.co.il/sites/docs/genery/mediniut_ashkaa_tzfuia/pension-expected-investment-policy-update052026.xlsx,policy/companies/520023185/raw/520023185/ed57cdc739a8_pension-expected-investment-policy-update052026.xlsx,מקיפה - אשכול 1 - אקטיבי
520023185,,,520023185|מקיפה - אשכול 1 - אקטיבי|מספר מסלול באוצר 2187,מספר מסלול באוצר 2187,2026,"אחר ( Co Invest, נדל""ן, קרנות השקעה,תשתיות, גידור)",,2.0,1.0,0.05,0.0,6.0,,,מקיפה - אשכול 1 - אקטיבי,2026-09-30T21:21:21+00:00,http://www.fnx.co.il/sites/docs/genery/mediniut_ashkaa_tzfuia/pension-expected-investment-policy-update052026.xlsx,policy/companies/520023185/raw/520023185/ed57cdc739a8_pension-expected-investment-policy-update052026.xlsx,מקיפה - אשכול 1 - אקטיבי
520023185,,,520023185|מקיפה - אשכול 1 - אקטיבי|מספר מסלול באוצר 2187,מספר מסלול באוצר 2187,2026,מזומנים (*),,1.83,1.0,,,,,,מקיפה - אשכול 1 - אקטיבי,2026-09-30T21:21:21+00:00,http://www.fnx.co.il/sites/docs/genery/mediniut_ashkaa_tzfuia/pension-expected-investment-policy-update052026.xlsx,policy/companies/520023185/raw/520023185/ed57cdc739a8_pension-expected-investment-policy-update052026.xlsx,מקיפה - אשכול 1 - אקטיבי
520023185,,,520023185|מקיפה - אשכול 1 - אקטיבי|מספר מסלול באוצר 2187,מספר מסלול באוצר 2187,2026,"חשיפה למט""ח",fx,22.53,22.0,0.06,16.0,28.0,,,מקיפה - אשכול 1 - אקטיבי,2026-09-30T21:21:21+00:00,http://www.fnx.co.il/sites/docs/genery/mediniut_ashkaa_tzfuia/pension-expected-investment-policy-update052026.xlsx,policy/companies/520023185/raw/520023185/ed57cdc739a8_pension-expected-investment-policy-update052026.xlsx,מקיפה - אשכול 1 - אקטיבי
520023185,,,520023185|מקיפה - אשכול 1 - אקטיבי|מספר מסלול באוצר 2187,מספר מסלול באוצר 2187,2026,מגבלת עמלת ניהול חיצוני לשנת 2026,,0.15,,,,,,,מקיפה - אשכול 1 - אקטיבי,2026-09-30T21:21:21+00:00,http://www.fnx.co.il/sites/docs/genery/mediniut_ashkaa_tzfuia/pension-expected-investment-policy-update052026.xlsx,policy/companies/520023185/raw/520023185/ed57cdc739a8_pension-expected-investment-policy-update052026.xlsx,מקיפה - אשכול 1 - אקטיבי
520023185,,,520023185|מקיפה - אשכול 3 סחיר|מספר מסלול באוצר 14285,מספר מסלול באוצר 14285,2026,"מניות (תעודות סל, אופציות, קרנות נאמנות)",equity,48.42,48.0,0.06,42.0,54.0,"40%- מדד ת""א 125 ,   60%- MSCI WORLD AC",,מקיפה - אשכול 3 סחיר,2026-09-30T21:21:21+00:00,http://www.fnx.co.il/sites/docs/genery/mediniut_ashkaa_tzfuia/pension-expected-investment-policy-update052026.xlsx,policy/companies/520023185/raw/520023185/ed57cdc739a8_pension-expected-investment-policy-update052026.xlsx,מקיפה - אשכול 3 סחיר
520023185,,,520023185|מקיפה - אשכול 3 סחיר|מספר מסלול באוצר 14285,מספר מסלול באוצר 14285,2026,"אג""ח ממשלתי (צמוד, שקלי ומט""ח), ממשלות זרות בנטרול חשיפות בנגזרים",,6.21,6.0,0.05,1.0,11.0,"מדד אג""ח ממשלתי כללי",,מקיפה - אשכול 3 סחיר,2026-09-30T21:21:21+00:00,http://www.fnx.co.il/sites/docs/genery/mediniut_ashkaa_tzfuia/pension-expected-investment-policy-update052026.xlsx,policy/companies/520023185/raw/520023185/ed57cdc739a8_pension-expected-investment-policy-update052026.xlsx,מקיפה - אשכול 3 סחיר
520023185,,,520023185|מקיפה - אשכול 3 סחיר|מספר מסלול באוצר 14285,מספר מסלול באוצר 14285,2026,"אג""ח מיועדות ורכיב מבטיח תשואה(***)",,24.66,27.0,0.05,22.0,32.0,,,מקיפה - אשכול 3 סחיר,2026-09-30T21:21:21+00:00,http://www.fnx.co.il/sites/docs/genery/mediniut_ashkaa_tzfuia/pension-expected-investment-policy-update052026.xlsx,policy/companies/520023185/raw/520023185/ed57cdc739a8_pension-expected-investment-policy-update052026.xlsx,מקיפה - אשכול 3 סחיר
520023185,,,520023185|מקיפה - אשכול 3 סחיר|מספר מסלול באוצר 14285,מספר מסלול באוצר 14285,2026,"אג""ח קונצרני (כולל קרנות נאמנות, תעודות סל)",,18.14,18.0,0.06,12.0,24.0,"35% - תל בונד כללי , 20% - תל בונד 60 , 15% - תל בונד 50 , 15% - IBOXX HY - 15%, IBOXX IG",,מקיפה - אשכול 3 סחיר,2026-09-30T21:21:21+00:00,http://www.fnx.co.il/sites/docs/genery/mediniut_ashkaa_tzfuia/pension-expected-investment-policy-update052026.xlsx,policy/companies/520023185/raw/520023185/ed57cdc739a8_pension-expected-investment-policy-update052026.xlsx,מקיפה - אשכול 3 סחיר
520023185,,,520023185|מקיפה - אשכול 3 סחיר|מספר מסלול באוצר 14285,מספר מסלול באוצר 14285,2026,מזומנים (*),,2.56,1.0,,,,,,מקיפה - אשכול 3 סחיר,2026-09-30T21:21:21+00:00,http://www.fnx.co.il/sites/docs/genery/mediniut_ashkaa_tzfuia/pension-expected-investment-policy-update052026.xlsx,policy/companies/520023185/raw/520023185/ed57cdc739a8_pension-expected-investment-policy-update052026.xlsx,מקיפה - אשכול 3 סחיר
520023185,,,520023185|מקיפה - אשכול 3 סחיר|מספר מסלול באוצר 14285,מספר מסלול באוצר 14285,2026,"חשיפה למט""ח",fx,18.61,17.0,0.06,11.0,23.0,,,מקיפה - אשכול 3 סחיר,2026-09-30T21:21:21+00:00,http://www.fnx.co.il/sites/docs/genery/mediniut_ashkaa_tzfuia/pension-expected-investment-policy-update052026.xlsx,policy/companies/520023185/raw/520023185/ed57cdc739a8_pension-expected-investment-policy-update052026.xlsx,מקיפה - אשכול 3 סחיר
520023185,,,520023185|מקיפה - אשכול 3 סחיר|מספר מסלול באוצר 14285,מספר מסלול באוצר 14285,2026,מגבלת עמלת ניהול חיצוני לשנת 2026,,0.15,,,,,,,מקיפה - אשכול 3 סחיר,2026-09-30T21:21:21+00:00,http://www.fnx.co.il/sites/docs/genery/mediniut_ashkaa_tzfuia/pension-expected-investment-policy-update052026.xlsx,policy/companies/520023185/raw/520023185/ed57cdc739a8_pension-expected-investment-policy-update052026.xlsx,מקיפה - אשכול 3 סחיר
520023185,,,520023185|מקיפה - אשכול 3 סחיר|מספר מסלול באוצר 15217,מספר מסלול באוצר 15217,2026,"מניות (תעודות סל, אופציות, קרנות נאמנות)",equity,21.79,19.0,0.06,13.0,25.0,"100%- מדד ת""א 125",,מקיפה - אשכול 3 סחיר,2026-09-30T21:21:21+00:00,http://www.fnx.co.il/sites/docs/genery/mediniut_ashkaa_tzfuia/pension-expected-investment-policy-update052026.xlsx,policy/companies/520023185/raw/520023185/ed57cdc739a8_pension-expected-investment-policy-update052026.xlsx,מקיפה - אשכול 3 סחיר
520023185,,,520023185|מקיפה - אשכול 3 סחיר|מספר מסלול באוצר 15217,מספר מסלול באוצר 15217,2026,"אג""ח ממשלתי (צמוד, שקלי ומט""ח), ממשלות זרות בנטרול חשיפות בנגזרים",,6.84,7.0,0.05,2.0,12.0,"מדד אג""ח ממשלתי כללי",,מקיפה - אשכול 3 סחיר,2026-09-30T21:21:21+00:00,http://www.fnx.co.il/sites/docs/genery/mediniut_ashkaa_tzfuia/pension-expected-investment-policy-update052026.xlsx,policy/companies/520023185/raw/520023185/ed57cdc739a8_pension-expected-investment-policy-update052026.xlsx,מקיפה - אשכול 3 סחיר
520023185,,,520023185|מקיפה - אשכול 3 סחיר|מספר מסלול באוצר 15217,מספר מסלול באוצר 15217,2026,"אג""ח מיועדות ורכיב מבטיח תשואה(***)",,23.36,27.0,0.05,22.0,32.0,,,מקיפה - אשכול 3 סחיר,2026-09-30T21:21:21+00:00,http://www.fnx.co.il/sites/docs/genery/mediniut_ashkaa_tzfuia/pension-expected-investment-policy-update052026.xlsx,policy/companies/520023185/raw/520023185/ed57cdc739a8_pension-expected-investment-policy-update052026.xlsx,מקיפה - אשכול 3 סחיר
520023185,,,520023185|מקיפה - אשכול 3 סחיר|מספר מסלול באוצר 15217,מספר מסלול באוצר 15217,2026,"אג""ח קונצרני (כולל קרנות נאמנות, תעודות סל)",,44.51,45.0,0.06,39.0,51.0,"50% - תל בונד כללי , 30% - תל בונד 60 , 20% - תל בונד 50 ,",,מקיפה - אשכול 3 סחיר,2026-09-30T21:21:21+00:00,http://www.fnx.co.il/sites/docs/genery/mediniut_ashkaa_tzfuia/pension-expected-investment-policy-update052026.xlsx,policy/companies/520023185/raw/520023185/ed57cdc739a8_pension-expected-investment-policy-update052026.xlsx,מקיפה - אשכול 3 סחיר
520023185,,,520023185|מקיפה - אשכול 3 סחיר|מספר מסלול באוצר 15217,מספר מסלול באוצר 15217,2026,מזומנים (*),,3.5,2.0,,,,,,מקיפה - אשכול 3 סחיר,2026-09-30T21:21:21+00:00,http://www.fnx.co.il/sites/docs/genery/mediniut_ashkaa_tzfuia/pension-expected-investment-policy-update052026.xlsx,policy/companies/520023185/raw/520023185/ed57cdc739a8_pension-expected-investment-policy-update052026.xlsx,מקיפה - אשכול 3 סחיר
520023185,,,520023185|מקיפה - אשכול 3 סחיר|מספר מסלול באוצר 15217,מספר מסלול באוצר 15217,2026,"חשיפה למט""ח",fx,7.2,9.0,0.06,3.0,15.0,,,מקיפה - אשכול 3 סחיר,2026-09-30T21:21:21+00:00,http://www.fnx.co.il/sites/docs/genery/mediniut_ashkaa_tzfuia/pension-expected-investment-policy-update052026.xlsx,policy/companies/520023185/raw/520023185/ed57cdc739a8_pension-expected-investment-policy-update052026.xlsx,מקיפה - אשכול 3 סחיר
520023185,,,520023185|מקיפה - אשכול 3 סחיר|מספר מסלול באוצר 15217,מספר מסלול באוצר 15217,2026,מגבלת עמלת ניהול חיצוני לשנת 2026,,0.1,,,,,,,מקיפה - אשכול 3 סחיר,2026-09-30T21:21:21+00:00,http://www.fnx.co.il/sites/docs/genery/mediniut_ashkaa_tzfuia/pension-expected-investment-policy-update052026.xlsx,policy/companies/520023185/raw/520023185/ed57cdc739a8_pension-expected-investment-policy-update052026.xlsx,מקיפה - אשכול 3 סחיר
520023185,,,520023185|מקיפה - אשכול 3 סחיר|מספר מסלול באוצר 15218,מספר מסלול באוצר 15218,2026,"מניות (תעודות סל, אופציות, קרנות נאמנות)",equity,76.16,72.0,0.06,66.0,78.0,"100%- מדד ת""א 125",,מקיפה - אשכול 3 סחיר,2026-09-30T21:21:21+00:00,http://www.fnx.co.il/sites/docs/genery/mediniut_ashkaa_tzfuia/pension-expected-investment-policy-update052026.xlsx,policy/companies/520023185/raw/520023185/ed57cdc739a8_pension-expected-investment-policy-update052026.xlsx,מקיפה - אשכול 3 סחיר
520023185,,,520023185|מקיפה - אשכול 3 סחיר|מספר מסלול באוצר 15218,מספר מסלול באוצר 15218,2026,"אג""ח ממשלתי (צמוד, שקלי ומט""ח), ממשלות זרות בנטרול חשיפות בנגזרים",,0.21,0.0,0.05,0.0,5.0,,,מקיפה - אשכול 3 סחיר,2026-09-30T21:21:21+00:00,http://www.fnx.co.il/sites/docs/genery/mediniut_ashkaa_tzfuia/pension-expected-investment-policy-update052026.xlsx,policy/companies/520023185/raw/520023185/ed57cdc739a8_pension-expected-investment-policy-update052026.xlsx,מקיפה - אשכול 3 סחיר
520023185,,,520023185|מקיפה - אשכול 3 סחיר|מספר מסלול באוצר 15218,מספר מסלול באוצר 15218,2026,"אג""ח קונצרני (כולל קרנות נאמנות, תעודות סל)",,2.26,0.0,0.06,0.0,6.0,,,מקיפה - אשכול 3 סחיר,2026-09-30T21:21:21+00:00,http://www.fnx.co.il/sites/docs/genery/mediniut_ashkaa_tzfuia/pension-expected-investment-policy-update052026.xlsx,policy/companies/520023185/raw/520023185/ed57cdc739a8_pension-expected-investment-policy-update052026.xlsx,מקיפה - אשכול 3 סחיר
520023185,,,520023185|מקיפה - אשכול 3 סחיר|מספר מסלול באוצר 15218,מספר מסלול באוצר 15218,2026,"אג""ח מיועדות ורכיב מבטיח תשואה(***)",,20.06,27.0,0.05,22.0,32.0,,,מקיפה - אשכול 3 סחיר,2026-09-30T21:21:21+00:00,http://www.fnx.co.il/sites/docs/genery/mediniut_ashkaa_tzfuia/pension-expected-investment-policy-update052026.xlsx,policy/companies/520023185/raw/520023185/ed57cdc739a8_pension-expected-investment-policy-update052026.xlsx,מקיפה - אשכול 3 סחיר
520023185,,,520023185|מקיפה - אשכול 3 סחיר|מספר מסלול באוצר 15218,מספר מסלול באוצר 15218,2026,מזומנים (*),,1.31,1.0,,,,,,מקיפה - אשכול 3 סחיר,2026-09-30T21:21:21+00:00,http://www.fnx.co.il/sites/docs/genery/mediniut_ashkaa_tzfuia/pension-expected-investment-policy-update052026.xlsx,policy/companies/520023185/raw/520023185/ed57cdc739a8_pension-expected-investment-policy-update052026.xlsx,מקיפה - אשכול 3 סחיר
520023185,,,520023185|מקיפה - אשכול 3 סחיר|מספר מסלול באוצר 15218,מספר מסלול באוצר 15218,2026,"חשיפה למט""ח",fx,12.95,12.0,0.06,6.0,18.0,,,מקיפה - אשכול 3 סחיר,2026-09-30T21:21:21+00:00,http://www.fnx.co.il/sites/docs/genery/mediniut_ashkaa_tzfuia/pension-expected-investment-policy-update052026.xlsx,policy/companies/520023185/raw/520023185/ed57cdc739a8_pension-expected-investment-policy-update052026.xlsx,מקיפה - אשכול 3 סחיר
520023185,,,520023185|מקיפה - אשכול 3 סחיר|מספר מסלול באוצר 15218,מספר מסלול באוצר 15218,2026,מגבלת עמלת ניהול חיצוני לשנת 2026,,0.15,,,,,,,מקיפה - אשכול 3 סחיר,2026-09-30T21:21:21+00:00,http://www.fnx.co.il/sites/docs/genery/mediniut_ashkaa_tzfuia/pension-expected-investment-policy-update052026.xlsx,policy/companies/520023185/raw/520023185/ed57cdc739a8_pension-expected-investment-policy-update052026.xlsx,מקיפה - אשכול 3 סחיר
520023185,,,520023185|מקיפה- אשכול 4 - עוקב מדדים|מספר מסלול באוצר 14286,מספר מסלול באוצר 14286,2026,"מניות (כולל תעודות סל, אופציות, קרנות נאמנות)",equity,46.81,50.0,0.06,44.0,56.0,MSCI WORLD AC,,מקיפה- אשכול 4 - עוקב מדדים,2026-09-30T21:21:21+00:00,http://www.fnx.co.il/sites/docs/genery/mediniut_ashkaa_tzfuia/pension-expected-investment-policy-update052026.xlsx,policy/companies/520023185/raw/520023185/ed57cdc739a8_pension-expected-investment-policy-update052026.xlsx,מקיפה- אשכול 4 - עוקב מדדים
520023185,,,520023185|מקיפה- אשכול 4 - עוקב מדדים|מספר מסלול באוצר 14286,מספר מסלול באוצר 14286,2026,"אג""ח ממשלתי (צמוד, שקלי ומט""ח), ממשלות זרות בנטרול חשיפות בנגזרים",,3.31,3.0,0.05,0.0,8.0,ISHARES 7-10 YEARS TREASURY,,מקיפה- אשכול 4 - עוקב מדדים,2026-09-30T21:21:21+00:00,http://www.fnx.co.il/sites/docs/genery/mediniut_ashkaa_tzfuia/pension-expected-investment-policy-update052026.xlsx,policy/companies/520023185/raw/520023185/ed57cdc739a8_pension-expected-investment-policy-update052026.xlsx,מקיפה- אשכול 4 - עוקב מדדים
520023185,,,520023185|מקיפה- אשכול 4 - עוקב מדדים|מספר מסלול באוצר 14286,מספר מסלול באוצר 14286,2026,"אג""ח מיועדות ורכיב מבטיח תשואה(***)",,27.06,27.0,0.05,22.0,32.0,,,מקיפה- אשכול 4 - עוקב מדדים,2026-09-30T21:21:21+00:00,http://www.fnx.co.il/sites/docs/genery/mediniut_ashkaa_tzfuia/pension-expected-investment-policy-update052026.xlsx,policy/companies/520023185/raw/520023185/ed57cdc739a8_pension-expected-investment-policy-update052026.xlsx,מקיפה- אשכול 4 - עוקב מדדים
520023185,,,520023185|מקיפה- אשכול 4 - עוקב מדדים|מספר מסלול באוצר 14286,מספר מסלול באוצר 14286,2026,"אג""ח קונצרני (כולל קרנות נאמנות, תעודות סל)",,20.42,18.0,0.06,12.0,24.0,"IBOXY HY 46%, IBXXC1D1 12% , JGENUUG 8%, JCMBCOMP 8%, IBOXIG 26%",,מקיפה- אשכול 4 - עוקב מדדים,2026-09-30T21:21:21+00:00,http://www.fnx.co.il/sites/docs/genery/mediniut_ashkaa_tzfuia/pension-expected-investment-policy-update052026.xlsx,policy/companies/520023185/raw/520023185/ed57cdc739a8_pension-expected-investment-policy-update052026.xlsx,מקיפה- אשכול 4 - עוקב מדדים
520023185,,,520023185|מקיפה- אשכול 4 - עוקב מדדים|מספר מסלול באוצר 14286,מספר מסלול באוצר 14286,2026,אחר,,0.0,0.0,0.05,0.0,5.0,,,מקיפה- אשכול 4 - עוקב מדדים,2026-09-30T21:21:21+00:00,http://www.fnx.co.il/sites/docs/genery/mediniut_ashkaa_tzfuia/pension-expected-investment-policy-update052026.xlsx,policy/companies/520023185/raw/520023185/ed57cdc739a8_pension-expected-investment-policy-update052026.xlsx,מקיפה- אשכול 4 - עוקב מדדים
520023185,,,520023185|מקיפה- אשכול 4 - עוקב מדדים|מספר מסלול באוצר 14286,מספר מסלול באוצר 14286,2026,מזומנים (*),,2.39,2.0,,,,,,מקיפה- אשכול 4 - עוקב מדדים,2026-09-30T21:21:21+00:00,http://www.fnx.co.il/sites/docs/genery/mediniut_ashkaa_tzfuia/pension-expected-investment-policy-update052026.xlsx,policy/companies/520023185/raw/520023185/ed57cdc739a8_pension-expected-investment-policy-update052026.xlsx,מקיפה- אשכול 4 - עוקב מדדים
520023185,,,520023185|מקיפה- אשכול 4 - עוקב מדדים|מספר מסלול באוצר 14286,מספר מסלול באוצר 14286,2026,"חשיפה למט""ח",fx,64.34,65.0,0.06,59.0,71.0,,,מקיפה- אשכול 4 - עוקב מדדים,2026-09-30T21:21:21+00:00,http://www.fnx.co.il/sites/docs/genery/mediniut_ashkaa_tzfuia/pension-expected-investment-policy-update052026.xlsx,policy/companies/520023185/raw/520023185/ed57cdc739a8_pension-expected-investment-policy-update052026.xlsx,מקיפה- אשכול 4 - עוקב מדדים
520023185,,,520023185|מקיפה- אשכול 4 - עוקב מדדים|מספר מסלול באוצר 14286,מספר מסלול באוצר 14286,2026,מגבלת עמלת ניהול חיצוני לשנת 2026,,0.15,,,,,,,מקיפה- אשכול 4 - עוקב מדדים,2026-09-30T21:21:21+00:00,http://www.fnx.co.il/sites/docs/genery/mediniut_ashkaa_tzfuia/pension-expected-investment-policy-update052026.xlsx,policy/companies/520023185/raw/520023185/ed57cdc739a8_pension-expected-investment-policy-update052026.xlsx,מקיפה- אשכול 4 - עוקב מדדים
520023185,,,520023185|מקיפה- אשכול 4 - עוקב מדדים|מספר מסלול באוצר 13335,מספר מסלול באוצר 13335,2026,"מניות (כולל תעודות סל, אופציות, קרנות נאמנות)",equity,72.62,72.0,0.06,66.0,78.0,s&p 500,,מקיפה- אשכול 4 - עוקב מדדים,2026-09-30T21:21:21+00:00,http://www.fnx.co.il/sites/docs/genery/mediniut_ashkaa_tzfuia/pension-expected-investment-policy-update052026.xlsx,policy/companies/520023185/raw/520023185/ed57cdc739a8_pension-expected-investment-policy-update052026.xlsx,מקיפה- אשכול 4 - עוקב מדדים
520023185,,,520023185|מקיפה- אשכול 4 - עוקב מדדים|מספר מסלול באוצר 13335,מספר מסלול באוצר 13335,2026,"אג""ח מיועדות ורכיב מבטיח תשואה(***)",,26.89,27.0,0.05,22.0,32.0,,,מקיפה- אשכול 4 - עוקב מדדים,2026-09-30T21:21:21+00:00,http://www.fnx.co.il/sites/docs/genery/mediniut_ashkaa_tzfuia/pension-expected-investment-policy-update052026.xlsx,policy/companies/520023185/raw/520023185/ed57cdc739a8_pension-expected-investment-policy-update052026.xlsx,מקיפה- אשכול 4 - עוקב מדדים
520023185,,,520023185|מקיפה- אשכול 4 - עוקב מדדים|מספר מסלול באוצר 13335,מספר מסלול באוצר 13335,2026,"אג""ח ממשלתי (צמוד, שקלי ומט""ח), ממשלות זרות בנטרול חשיפות בנגזרים",,5.08,0.0,0.05,0.0,5.0,,,מקיפה- אשכול 4 - עוקב מדדים,2026-09-30T21:21:21+00:00,http://www.fnx.co.il/sites/docs/genery/mediniut_ashkaa_tzfuia/pension-expected-investment-policy-update052026.xlsx,policy/companies/520023185/raw/520023185/ed57cdc739a8_pension-expected-investment-policy-update052026.xlsx,מקיפה- אשכול 4 - עוקב מדדים
520023185,,,520023185|מקיפה- אשכול 4 - עוקב מדדים|מספר מסלול באוצר 13335,מספר מסלול באוצר 13335,2026,מזומנים (*),,-4.59,1.0,,,,,,מקיפה- אשכול 4 - עוקב מדדים,2026-09-30T21:21:21+00:00,http://www.fnx.co.il/sites/docs/genery/mediniut_ashkaa_tzfuia/pension-expected-investment-policy-update052026.xlsx,policy/companies/520023185/raw/520023185/ed57cdc739a8_pension-expected-investment-policy-update052026.xlsx,מקיפה- אשכול 4 - עוקב מדדים
520023185,,,520023185|מקיפה- אשכול 4 - עוקב מדדים|מספר מסלול באוצר 13335,מספר מסלול באוצר 13335,2026,"חשיפה למט""ח",fx,72.32,70.0,0.06,64.0,76.0,,,מקיפה- אשכול 4 - עוקב מדדים,2026-09-30T21:21:21+00:00,http://www.fnx.co.il/sites/docs/genery/mediniut_ashkaa_tzfuia/pension-expected-investment-policy-update052026.xlsx,policy/companies/520023185/raw/520023185/ed57cdc739a8_pension-expected-investment-policy-update052026.xlsx,מקיפה- אשכול 4 - עוקב מדדים
520023185,,,520023185|מקיפה- אשכול 4 - עוקב מדדים|מספר מסלול באוצר 13335,מספר מסלול באוצר 13335,2026,מגבלת עמלת ניהול חיצוני לשנת 2026,,0.05,,,,,,,מקיפה- אשכול 4 - עוקב מדדים,2026-09-30T21:21:21+00:00,http://www.fnx.co.il/sites/docs/genery/mediniut_ashkaa_tzfuia/pension-expected-investment-policy-update052026.xlsx,policy/companies/520023185/raw/520023185/ed57cdc739a8_pension-expected-investment-policy-update052026.xlsx,מקיפה- אשכול 4 - עוקב מדדים
520023185,,,520023185|מקיפה- אשכול 4 - עוקב מדדים|מספר מסלול באוצר 9979,מספר מסלול באוצר 9979,2026,"אג""ח מיועדות ורכיב מבטיח תשואה(***)",,28.85,27.0,0.05,22.0,32.0,"מדד אג""ח ממשלתי כללי",,מקיפה- אשכול 4 - עוקב מדדים,2026-09-30T21:21:21+00:00,http://www.fnx.co.il/sites/docs/genery/mediniut_ashkaa_tzfuia/pension-expected-investment-policy-update052026.xlsx,policy/companies/520023185/raw/520023185/ed57cdc739a8_pension-expected-investment-policy-update052026.xlsx,מקיפה- אשכול 4 - עוקב מדדים
520023185,,,520023185|מקיפה- אשכול 4 - עוקב מדדים|מספר מסלול באוצר 9979,מספר מסלול באוצר 9979,2026,"אג""ח קונצרני (כולל קרנות נאמנות, תעודות סל)",,63.86,66.0,0.06,60.0,72.0,"IBOXY HY 46%, IBXXC1D1 12% , JGENUUG 8%, JCMBCOMP 8%, IBOXIG 26%",,מקיפה- אשכול 4 - עוקב מדדים,2026-09-30T21:21:21+00:00,http://www.fnx.co.il/sites/docs/genery/mediniut_ashkaa_tzfuia/pension-expected-investment-policy-update052026.xlsx,policy/companies/520023185/raw/520023185/ed57cdc739a8_pension-expected-investment-policy-update052026.xlsx,מקיפה- אשכול 4 - עוקב מדדים
520023185,,,520023185|מקיפה- אשכול 4 - עוקב מדדים|מספר מסלול באוצר 9979,מספר מסלול באוצר 9979,2026,"אג""ח ממשלתי (צמוד, שקלי ומט""ח), ממשלות זרות בנטרול חשיפות בנגזרים",,5.11,4.0,0.05,0.0,9.0,,,מקיפה- אשכול 4 - עוקב מדדים,2026-09-30T21:21:21+00:00,http://www.fnx.co.il/sites/docs/genery/mediniut_ashkaa_tzfuia/pension-expected-investment-policy-update052026.xlsx,policy/companies/520023185/raw/520023185/ed57cdc739a8_pension-expected-investment-policy-update052026.xlsx,מקיפה- אשכול 4 - עוקב מדדים
520023185,,,520023185|מקיפה- אשכול 4 - עוקב מדדים|מספר מסלול באוצר 9979,מספר מסלול באוצר 9979,2026,מזומנים (*),,2.18,3.0,,,,,,מקיפה- אשכול 4 - עוקב מדדים,2026-09-30T21:21:21+00:00,http://www.fnx.co.il/sites/docs/genery/mediniut_ashkaa_tzfuia/pension-expected-investment-policy-update052026.xlsx,policy/companies/520023185/raw/520023185/ed57cdc739a8_pension-expected-investment-policy-update052026.xlsx,מקיפה- אשכול 4 - עוקב מדדים
520023185,,,520023185|מקיפה- אשכול 4 - עוקב מדדים|מספר מסלול באוצר 9979,מספר מסלול באוצר 9979,2026,"חשיפה למט""ח",fx,67.78,68.0,0.06,62.0,74.0,,,מקיפה- אשכול 4 - עוקב מדדים,2026-09-30T21:21:21+00:00,http://www.fnx.co.il/sites/docs/genery/mediniut_ashkaa_tzfuia/pension-expected-investment-policy-update052026.xlsx,policy/companies/520023185/raw/520023185/ed57cdc739a8_pension-expected-investment-policy-update052026.xlsx,מקיפה- אשכול 4 - עוקב מדדים
520023185,,,520023185|מקיפה- אשכול 4 - עוקב מדדים|מספר מסלול באוצר 9979,מספר מסלול באוצר 9979,2026,מגבלת עמלת ניהול חיצוני לשנת 2026,,0.15,,,,,,,מקיפה- אשכול 4 - עוקב מדדים,2026-09-30T21:21:21+00:00,http://www.fnx.co.il/sites/docs/genery/mediniut_ashkaa_tzfuia/pension-expected-investment-policy-update052026.xlsx,policy/companies/520023185/raw/520023185/ed57cdc739a8_pension-expected-investment-policy-update052026.xlsx,מקיפה- אשכול 4 - עוקב מדדים
520023185,,,520023185|מקיפה- אשכול 4 - עוקב מדדים|מספר מסלול באוצר 15219,מספר מסלול באוצר 15219,2026,"מניות (כולל תעודות סל, אופציות, קרנות נאמנות)",equity,72.14,72.0,0.06,66.0,78.0,50% Xndx 40% SP5T5T 10% - SPTRMDCP,,מקיפה- אשכול 4 - עוקב מדדים,2026-09-30T21:21:21+00:00,http://www.fnx.co.il/sites/docs/genery/mediniut_ashkaa_tzfuia/pension-expected-investment-policy-update052026.xlsx,policy/companies/520023185/raw/520023185/ed57cdc739a8_pension-expected-investment-policy-update052026.xlsx,מקיפה- אשכול 4 - עוקב מדדים
520023185,,,520023185|מקיפה- אשכול 4 - עוקב מדדים|מספר מסלול באוצר 15219,מספר מסלול באוצר 15219,2026,"אג""ח מיועדות ורכיב מבטיח תשואה(***)",,25.94,27.0,0.05,22.0,32.0,,,מקיפה- אשכול 4 - עוקב מדדים,2026-09-30T21:21:21+00:00,http://www.fnx.co.il/sites/docs/genery/mediniut_ashkaa_tzfuia/pension-expected-investment-policy-update052026.xlsx,policy/companies/520023185/raw/520023185/ed57cdc739a8_pension-expected-investment-policy-update052026.xlsx,מקיפה- אשכול 4 - עוקב מדדים
520023185,,,520023185|מקיפה- אשכול 4 - עוקב מדדים|מספר מסלול באוצר 15219,מספר מסלול באוצר 15219,2026,מזומנים (*),,1.91,1.0,,,,,,מקיפה- אשכול 4 - עוקב מדדים,2026-09-30T21:21:21+00:00,http://www.fnx.co.il/sites/docs/genery/mediniut_ashkaa_tzfuia/pension-expected-investment-policy-update052026.xlsx,policy/companies/520023185/raw/520023185/ed57cdc739a8_pension-expected-investment-policy-update052026.xlsx,מקיפה- אשכול 4 - עוקב מדדים
520023185,,,520023185|מקיפה- אשכול 4 - עוקב מדדים|מספר מסלול באוצר 15219,מספר מסלול באוצר 15219,2026,"חשיפה למט""ח",fx,72.66,71.0,0.06,65.0,77.0,,,מקיפה- אשכול 4 - עוקב מדדים,2026-09-30T21:21:21+00:00,http://www.fnx.co.il/sites/docs/genery/mediniut_ashkaa_tzfuia/pension-expected-investment-policy-update052026.xlsx,policy/companies/520023185/raw/520023185/ed57cdc739a8_pension-expected-investment-policy-update052026.xlsx,מקיפה- אשכול 4 - עוקב מדדים
520023185,,,520023185|מקיפה- אשכול 4 - עוקב מדדים|מספר מסלול באוצר 15219,מספר מסלול באוצר 15219,2026,מגבלת עמלת ניהול חיצוני לשנת 2026,,0.12,,,,,,,מקיפה- אשכול 4 - עוקב מדדים,2026-09-30T21:21:21+00:00,http://www.fnx.co.il/sites/docs/genery/mediniut_ashkaa_tzfuia/pension-expected-investment-policy-update052026.xlsx,policy/companies/520023185/raw/520023185/ed57cdc739a8_pension-expected-investment-policy-update052026.xlsx,מקיפה- אשכול 4 - עוקב מדדים
520023185,,,520023185|משלימה - אשכול 3 - סחיר|מספר מסלול באוצר 14288,מספר מסלול באוצר 14288,2026,"מניות (תעודות סל, אופציות, קרנות נאמנות)",equity,42.64,48.0,0.06,42.0,54.0,"40%- מדד ת""א 125 ,   60%- MSCI WORLD AC",,משלימה - אשכול 3 - סחיר,2026-09-30T21:21:21+00:00,http://www.fnx.co.il/sites/docs/genery/mediniut_ashkaa_tzfuia/pension-expected-investment-policy-update052026.xlsx,policy/companies/520023185/raw/520023185/ed57cdc739a8_pension-expected-investment-policy-update052026.xlsx,משלימה - אשכול 3 - סחיר
520023185,,,520023185|משלימה - אשכול 3 - סחיר|מספר מסלול באוצר 14288,מספר מסלול באוצר 14288,2026,"אג""ח ממשלתי (צמוד, שקלי ומט""ח), ממשלות זרות בנטרול חשיפות בנגזרים",,24.26,24.0,0.05,19.0,29.0,"מדד אג""ח ממשלתי כללי",,משלימה - אשכול 3 - סחיר,2026-09-30T21:21:21+00:00,http://www.fnx.co.il/sites/docs/genery/mediniut_ashkaa_tzfuia/pension-expected-investment-policy-update052026.xlsx,policy/companies/520023185/raw/520023185/ed57cdc739a8_pension-expected-investment-policy-update052026.xlsx,משלימה - אשכול 3 - סחיר
520023185,,,520023185|משלימה - אשכול 3 - סחיר|מספר מסלול באוצר 14288,מספר מסלול באוצר 14288,2026,"אג""ח קונצרני (כולל קרנות נאמנות, תעודות סל)",,28.98,27.0,0.06,21.0,33.0,"35% - תל בונד כללי , 20% - תל בונד 60 , 15% - תל בונד 50 , 15% - IBOXX HY - 15%, IBOXX IG",,משלימה - אשכול 3 - סחיר,2026-09-30T21:21:21+00:00,http://www.fnx.co.il/sites/docs/genery/mediniut_ashkaa_tzfuia/pension-expected-investment-policy-update052026.xlsx,policy/companies/520023185/raw/520023185/ed57cdc739a8_pension-expected-investment-policy-update052026.xlsx,משלימה - אשכול 3 - סחיר
520023185,,,520023185|משלימה - אשכול 3 - סחיר|מספר מסלול באוצר 14288,מספר מסלול באוצר 14288,2026,מזומנים (*),,4.11,1.0,,,,,,משלימה - אשכול 3 - סחיר,2026-09-30T21:21:21+00:00,http://www.fnx.co.il/sites/docs/genery/mediniut_ashkaa_tzfuia/pension-expected-investment-policy-update052026.xlsx,policy/companies/520023185/raw/520023185/ed57cdc739a8_pension-expected-investment-policy-update052026.xlsx,משלימה - אשכול 3 - סחיר
520023185,,,520023185|משלימה - אשכול 3 - סחיר|מספר מסלול באוצר 14288,מספר מסלול באוצר 14288,2026,"חשיפה למט""ח",fx,18.66,18.0,0.06,12.0,24.0,,,משלימה - אשכול 3 - סחיר,2026-09-30T21:21:21+00:00,http://www.fnx.co.il/sites/docs/genery/mediniut_ashkaa_tzfuia/pension-expected-investment-policy-update052026.xlsx,policy/companies/520023185/raw/520023185/ed57cdc739a8_pension-expected-investment-policy-update052026.xlsx,משלימה - אשכול 3 - סחיר
520023185,,,520023185|משלימה - אשכול 3 - סחיר|מספר מסלול באוצר 14288,מספר מסלול באוצר 14288,2026,מגבלת עמלת ניהול חיצוני לשנת 2026,,0.2,,,,,,,משלימה - אשכול 3 - סחיר,2026-09-30T21:21:21+00:00,http://www.fnx.co.il/sites/docs/genery/mediniut_ashkaa_tzfuia/pension-expected-investment-policy-update052026.xlsx,policy/companies/520023185/raw/520023185/ed57cdc739a8_pension-expected-investment-policy-update052026.xlsx,משלימה - אשכול 3 - סחיר
520023185,,,520023185|משלימה - אשכול 3 - סחיר|אג ח סחיר ייפתח כמסלול חדש,אג ח סחיר ייפתח כמסלול חדש,2026,"מניות (תעודות סל, אופציות, קרנות נאמנות)",equity,,,0.06,-6.0,6.0,,,משלימה - אשכול 3 - סחיר,2026-09-30T21:21:21+00:00,http://www.fnx.co.il/sites/docs/genery/mediniut_ashkaa_tzfuia/pension-expected-investment-policy-update052026.xlsx,policy/companies/520023185/raw/520023185/ed57cdc739a8_pension-expected-investment-policy-update052026.xlsx,משלימה - אשכול 3 - סחיר
520023185,,,520023185|משלימה - אשכול 3 - סחיר|אג ח סחיר ייפתח כמסלול חדש,אג ח סחיר ייפתח כמסלול חדש,2026,"אג""ח ממשלתי (צמוד, שקלי ומט""ח), ממשלות זרות בנטרול חשיפות בנגזרים",,,,0.05,0.0,5.0,,,משלימה - אשכול 3 - סחיר,2026-09-30T21:21:21+00:00,http://www.fnx.co.il/sites/docs/genery/mediniut_ashkaa_tzfuia/pension-expected-investment-policy-update052026.xlsx,policy/companies/520023185/raw/520023185/ed57cdc739a8_pension-expected-investment-policy-update052026.xlsx,משלימה - אשכול 3 - סחיר
520023185,,,520023185|משלימה - אשכול 3 - סחיר|אג ח סחיר ייפתח כמסלול חדש,אג ח סחיר ייפתח כמסלול חדש,2026,"אג""ח קונצרני (כולל קרנות נאמנות, תעודות סל)",,,,0.06,-6.0,6.0,,,משלימה - אשכול 3 - סחיר,2026-09-30T21:21:21+00:00,http://www.fnx.co.il/sites/docs/genery/mediniut_ashkaa_tzfuia/pension-expected-investment-policy-update052026.xlsx,policy/companies/520023185/raw/520023185/ed57cdc739a8_pension-expected-investment-policy-update052026.xlsx,משלימה - אשכול 3 - סחיר
520023185,,,520023185|משלימה - אשכול 3 - סחיר|אג ח סחיר ייפתח כמסלול חדש,אג ח סחיר ייפתח כמסלול חדש,2026,מזומנים (*),,,3.0,,,,,,משלימה - אשכול 3 - סחיר,2026-09-30T21:21:21+00:00,http://www.fnx.co.il/sites/docs/genery/mediniut_ashkaa_tzfuia/pension-expected-investment-policy-update052026.xlsx,policy/companies/520023185/raw/520023185/ed57cdc739a8_pension-expected-investment-policy-update052026.xlsx,משלימה - אשכול 3 - סחיר
520023185,,,520023185|משלימה - אשכול 3 - סחיר|אג ח סחיר ייפתח כמסלול חדש,אג ח סחיר ייפתח כמסלול חדש,2026,"חשיפה למט""ח",fx,,18.0,0.06,12.0,24.0,,,משלימה - אשכול 3 - סחיר,2026-09-30T21:21:21+00:00,http://www.fnx.co.il/sites/docs/genery/mediniut_ashkaa_tzfuia/pension-expected-investment-policy-update052026.xlsx,policy/companies/520023185/raw/520023185/ed57cdc739a8_pension-expected-investment-policy-update052026.xlsx,משלימה - אשכול 3 - סחיר
520023185,,,520023185|משלימה - אשכול 3 - סחיר|מספר מסלול באוצר 15221,מספר מסלול באוצר 15221,2026,"מניות (תעודות סל, אופציות, קרנות נאמנות)",equity,93.21,98.0,0.06,92.0,104.0,"מדד ת""א 125",,משלימה - אשכול 3 - סחיר,2026-09-30T21:21:21+00:00,http://www.fnx.co.il/sites/docs/genery/mediniut_ashkaa_tzfuia/pension-expected-investment-policy-update052026.xlsx,policy/companies/520023185/raw/520023185/ed57cdc739a8_pension-expected-investment-policy-update052026.xlsx,משלימה - אשכול 3 - סחיר
520023185,,,520023185|משלימה - אשכול 3 - סחיר|מספר מסלול באוצר 15221,מספר מסלול באוצר 15221,2026,"אג""ח קונצרני (קרנות נאמנות, תעודות סל)",,2.65,1.0,0.06,0.0,7.0,,,משלימה - אשכול 3 - סחיר,2026-09-30T21:21:21+00:00,http://www.fnx.co.il/sites/docs/genery/mediniut_ashkaa_tzfuia/pension-expected-investment-policy-update052026.xlsx,policy/companies/520023185/raw/520023185/ed57cdc739a8_pension-expected-investment-policy-update052026.xlsx,משלימה - אשכול 3 - סחיר
520023185,,,520023185|משלימה - אשכול 3 - סחיר|מספר מסלול באוצר 15221,מספר מסלול באוצר 15221,2026,מזומנים (*),,3.89,1.0,,,,,,משלימה - אשכול 3 - סחיר,2026-09-30T21:21:21+00:00,http://www.fnx.co.il/sites/docs/genery/mediniut_ashkaa_tzfuia/pension-expected-investment-policy-update052026.xlsx,policy/companies/520023185/raw/520023185/ed57cdc739a8_pension-expected-investment-policy-update052026.xlsx,משלימה - אשכול 3 - סחיר
520023185,,,520023185|משלימה - אשכול 3 - סחיר|מספר מסלול באוצר 15221,מספר מסלול באוצר 15221,2026,"חשיפה למט""ח",fx,15.57,17.0,0.06,11.0,23.0,,,משלימה - אשכול 3 - סחיר,2026-09-30T21:21:21+00:00,http://www.fnx.co.il/sites/docs/genery/mediniut_ashkaa_tzfuia/pension-expected-investment-policy-update052026.xlsx,policy/companies/520023185/raw/520023185/ed57cdc739a8_pension-expected-investment-policy-update052026.xlsx,משלימה - אשכול 3 - סחיר
520023185,,,520023185|משלימה - אשכול 3 - סחיר|מספר מסלול באוצר 15221,מספר מסלול באוצר 15221,2026,מגבלת עמלת ניהול חיצוני לשנת 2026,,0.2,,,,,,,משלימה - אשכול 3 - סחיר,2026-09-30T21:21:21+00:00,http://www.fnx.co.il/sites/docs/genery/mediniut_ashkaa_tzfuia/pension-expected-investment-policy-update052026.xlsx,policy/companies/520023185/raw/520023185/ed57cdc739a8_pension-expected-investment-policy-update052026.xlsx,משלימה - אשכול 3 - סחיר
520023185,,,520023185|משלימה - אשכול 3 - סחיר|מספר מסלול באוצר 15220,מספר מסלול באוצר 15220,2026,"מניות (תעודות סל, אופציות, קרנות נאמנות)",equity,19.5,19.0,0.06,13.0,25.0,"100%- מדד ת""א 125",,משלימה - אשכול 3 - סחיר,2026-09-30T21:21:21+00:00,http://www.fnx.co.il/sites/docs/genery/mediniut_ashkaa_tzfuia/pension-expected-investment-policy-update052026.xlsx,policy/companies/520023185/raw/520023185/ed57cdc739a8_pension-expected-investment-policy-update052026.xlsx,משלימה - אשכול 3 - סחיר
520023185,,,520023185|משלימה - אשכול 3 - סחיר|מספר מסלול באוצר 15220,מספר מסלול באוצר 15220,2026,"אג""ח ממשלתי (צמוד, שקלי ומט""ח), ממשלות זרות בנטרול חשיפות בנגזרים",,18.93,20.0,0.05,15.0,25.0,"מדד אג""ח ממשלתי כללי",,משלימה - אשכול 3 - סחיר,2026-09-30T21:21:21+00:00,http://www.fnx.co.il/sites/docs/genery/mediniut_ashkaa_tzfuia/pension-expected-investment-policy-update052026.xlsx,policy/companies/520023185/raw/520023185/ed57cdc739a8_pension-expected-investment-policy-update052026.xlsx,משלימה - אשכול 3 - סחיר
520023185,,,520023185|משלימה - אשכול 3 - סחיר|מספר מסלול באוצר 15220,מספר מסלול באוצר 15220,2026,"אג""ח קונצרני (כולל קרנות נאמנות, תעודות סל)",,54.96,58.0,0.06,52.0,64.0,"50% - תל בונד כללי , 30% - תל בונד 60 , 20% - תל בונד 50 ,",,משלימה - אשכול 3 - סחיר,2026-09-30T21:21:21+00:00,http://www.fnx.co.il/sites/docs/genery/mediniut_ashkaa_tzfuia/pension-expected-investment-policy-update052026.xlsx,policy/companies/520023185/raw/520023185/ed57cdc739a8_pension-expected-investment-policy-update052026.xlsx,משלימה - אשכול 3 - סחיר
520023185,,,520023185|משלימה - אשכול 3 - סחיר|מספר מסלול באוצר 15220,מספר מסלול באוצר 15220,2026,מזומנים (*),,6.62,3.0,,,,,,משלימה - אשכול 3 - סחיר,2026-09-30T21:21:21+00:00,http://www.fnx.co.il/sites/docs/genery/mediniut_ashkaa_tzfuia/pension-expected-investment-policy-update052026.xlsx,policy/companies/520023185/raw/520023185/ed57cdc739a8_pension-expected-investment-policy-update052026.xlsx,משלימה - אשכול 3 - סחיר
520023185,,,520023185|משלימה - אשכול 3 - סחיר|מספר מסלול באוצר 15220,מספר מסלול באוצר 15220,2026,"חשיפה למט""ח",fx,10.35,14.0,0.06,8.0,20.0,,,משלימה - אשכול 3 - סחיר,2026-09-30T21:21:21+00:00,http://www.fnx.co.il/sites/docs/genery/mediniut_ashkaa_tzfuia/pension-expected-investment-policy-update052026.xlsx,policy/companies/520023185/raw/520023185/ed57cdc739a8_pension-expected-investment-policy-update052026.xlsx,משלימה - אשכול 3 - סחיר
520023185,,,520023185|משלימה - אשכול 3 - סחיר|מספר מסלול באוצר 15220,מספר מסלול באוצר 15220,2026,מגבלת עמלת ניהול חיצוני לשנת 2026,,0.2,,,,,,,משלימה - אשכול 3 - סחיר,2026-09-30T21:21:21+00:00,http://www.fnx.co.il/sites/docs/genery/mediniut_ashkaa_tzfuia/pension-expected-investment-policy-update052026.xlsx,policy/companies/520023185/raw/520023185/ed57cdc739a8_pension-expected-investment-policy-update052026.xlsx,משלימה - אשכול 3 - סחיר
520023185,,,520023185|משלימה - אשכול 4 - עוקב מדדים|מספר מסלול באוצר 14287,מספר מסלול באוצר 14287,2026,"מניות (כולל תעודות סל, אופציות, קרנות נאמנות)",equity,41.11,47.0,0.06,41.0,53.0,MSCI WORLD AC,,משלימה - אשכול 4 - עוקב מדדים,2026-09-30T21:21:21+00:00,http://www.fnx.co.il/sites/docs/genery/mediniut_ashkaa_tzfuia/pension-expected-investment-policy-update052026.xlsx,policy/companies/520023185/raw/520023185/ed57cdc739a8_pension-expected-investment-policy-update052026.xlsx,משלימה - אשכול 4 - עוקב מדדים
520023185,,,520023185|משלימה - אשכול 4 - עוקב מדדים|מספר מסלול באוצר 14287,מספר מסלול באוצר 14287,2026,"אג""ח ממשלתי (צמוד, שקלי ומט""ח), ממשלות",,23.01,23.0,0.05,18.0,28.0,ISHARES 7-10 YEARS TREASURY,,משלימה - אשכול 4 - עוקב מדדים,2026-09-30T21:21:21+00:00,http://www.fnx.co.il/sites/docs/genery/mediniut_ashkaa_tzfuia/pension-expected-investment-policy-update052026.xlsx,policy/companies/520023185/raw/520023185/ed57cdc739a8_pension-expected-investment-policy-update052026.xlsx,משלימה - אשכול 4 - עוקב מדדים
520023185,,,520023185|משלימה - אשכול 4 - עוקב מדדים|מספר מסלול באוצר 14287,מספר מסלול באוצר 14287,2026,"אג""ח קונצרני (כולל קרנות נאמנות, תעודות סל)",,32.69,29.0,0.06,23.0,35.0,"IBOXY HY 46%, IBXXC1D1 12% , JGENUUG 8%, JCMBCOMP 8%, IBOXIG 26%",,משלימה - אשכול 4 - עוקב מדדים,2026-09-30T21:21:21+00:00,http://www.fnx.co.il/sites/docs/genery/mediniut_ashkaa_tzfuia/pension-expected-investment-policy-update052026.xlsx,policy/companies/520023185/raw/520023185/ed57cdc739a8_pension-expected-investment-policy-update052026.xlsx,משלימה - אשכול 4 - עוקב מדדים
520023185,,,520023185|משלימה - אשכול 4 - עוקב מדדים|מספר מסלול באוצר 14287,מספר מסלול באוצר 14287,2026,מזומנים (*),,3.19,1.0,,,,,,משלימה - אשכול 4 - עוקב מדדים,2026-09-30T21:21:21+00:00,http://www.fnx.co.il/sites/docs/genery/mediniut_ashkaa_tzfuia/pension-expected-investment-policy-update052026.xlsx,policy/companies/520023185/raw/520023185/ed57cdc739a8_pension-expected-investment-policy-update052026.xlsx,משלימה - אשכול 4 - עוקב מדדים
520023185,,,520023185|משלימה - אשכול 4 - עוקב מדדים|מספר מסלול באוצר 14287,מספר מסלול באוצר 14287,2026,"חשיפה למט""ח",fx,91.05,94.0,0.06,88.0,100.0,,,משלימה - אשכול 4 - עוקב מדדים,2026-09-30T21:21:21+00:00,http://www.fnx.co.il/sites/docs/genery/mediniut_ashkaa_tzfuia/pension-expected-investment-policy-update052026.xlsx,policy/companies/520023185/raw/520023185/ed57cdc739a8_pension-expected-investment-policy-update052026.xlsx,משלימה - אשכול 4 - עוקב מדדים
520023185,,,520023185|משלימה - אשכול 4 - עוקב מדדים|מספר מסלול באוצר 14287,מספר מסלול באוצר 14287,2026,מגבלת עמלת ניהול חיצוני לשנת 2026,,0.15,,,,,,,משלימה - אשכול 4 - עוקב מדדים,2026-09-30T21:21:21+00:00,http://www.fnx.co.il/sites/docs/genery/mediniut_ashkaa_tzfuia/pension-expected-investment-policy-update052026.xlsx,policy/companies/520023185/raw/520023185/ed57cdc739a8_pension-expected-investment-policy-update052026.xlsx,משלימה - אשכול 4 - עוקב מדדים
520023185,,,520023185|משלימה - אשכול 4 - עוקב מדדים|מספר מסלול באוצר 13465,מספר מסלול באוצר 13465,2026,"מניות (כולל תעודות סל, אופציות, קרנות נאמנות)",equity,98.87,94.0,0.06,88.0,100.0,s&p 500,,משלימה - אשכול 4 - עוקב מדדים,2026-09-30T21:21:21+00:00,http://www.fnx.co.il/sites/docs/genery/mediniut_ashkaa_tzfuia/pension-expected-investment-policy-update052026.xlsx,policy/companies/520023185/raw/520023185/ed57cdc739a8_pension-expected-investment-policy-update052026.xlsx,משלימה - אשכול 4 - עוקב מדדים
520023185,,,520023185|משלימה - אשכול 4 - עוקב מדדים|מספר מסלול באוצר 13465,מספר מסלול באוצר 13465,2026,"אג""ח ממשלתי (צמוד, שקלי ומט""ח), ממשלות זרות בנטרול חשיפות בנגזרים",,6.91,14.0,0.05,9.0,19.0,,,משלימה - אשכול 4 - עוקב מדדים,2026-09-30T21:21:21+00:00,http://www.fnx.co.il/sites/docs/genery/mediniut_ashkaa_tzfuia/pension-expected-investment-policy-update052026.xlsx,policy/companies/520023185/raw/520023185/ed57cdc739a8_pension-expected-investment-policy-update052026.xlsx,משלימה - אשכול 4 - עוקב מדדים
520023185,,,520023185|משלימה - אשכול 4 - עוקב מדדים|מספר מסלול באוצר 13465,מספר מסלול באוצר 13465,2026,מזומנים (*),,-5.78,2.0,,,,,,משלימה - אשכול 4 - עוקב מדדים,2026-09-30T21:21:21+00:00,http://www.fnx.co.il/sites/docs/genery/mediniut_ashkaa_tzfuia/pension-expected-investment-policy-update052026.xlsx,policy/companies/520023185/raw/520023185/ed57cdc739a8_pension-expected-investment-policy-update052026.xlsx,משלימה - אשכול 4 - עוקב מדדים
520023185,,,520023185|משלימה - אשכול 4 - עוקב מדדים|מספר מסלול באוצר 13465,מספר מסלול באוצר 13465,2026,"חשיפה למט""ח",fx,98.46,94.0,0.06,88.0,100.0,,,משלימה - אשכול 4 - עוקב מדדים,2026-09-30T21:21:21+00:00,http://www.fnx.co.il/sites/docs/genery/mediniut_ashkaa_tzfuia/pension-expected-investment-policy-update052026.xlsx,policy/companies/520023185/raw/520023185/ed57cdc739a8_pension-expected-investment-policy-update052026.xlsx,משלימה - אשכול 4 - עוקב מדדים
520023185,,,520023185|משלימה - אשכול 4 - עוקב מדדים|מספר מסלול באוצר 13465,מספר מסלול באוצר 13465,2026,מגבלת עמלת ניהול חיצוני לשנת 2026,,0.05,,,,,,,משלימה - אשכול 4 - עוקב מדדים,2026-09-30T21:21:21+00:00,http://www.fnx.co.il/sites/docs/genery/mediniut_ashkaa_tzfuia/pension-expected-investment-policy-update052026.xlsx,policy/companies/520023185/raw/520023185/ed57cdc739a8_pension-expected-investment-policy-update052026.xlsx,משלימה - אשכול 4 - עוקב מדדים
520023185,,,520023185|משלימה - אשכול 4 - עוקב מדדים|מספר מסלול באוצר 15223,מספר מסלול באוצר 15223,2026,"מניות (כולל תעודות סל, אופציות, קרנות נאמנות)",equity,96.14,94.0,0.06,88.0,100.0,50% Xndx 40% SP5T5T 10% - SPTRMDCP,,משלימה - אשכול 4 - עוקב מדדים,2026-09-30T21:21:21+00:00,http://www.fnx.co.il/sites/docs/genery/mediniut_ashkaa_tzfuia/pension-expected-investment-policy-update052026.xlsx,policy/companies/520023185/raw/520023185/ed57cdc739a8_pension-expected-investment-policy-update052026.xlsx,משלימה - אשכול 4 - עוקב מדדים
520023185,,,520023185|משלימה - אשכול 4 - עוקב מדדים|מספר מסלול באוצר 15223,מספר מסלול באוצר 15223,2026,"אג""ח ממשלתי (צמוד, שקלי ומט""ח), ממשלות זרות בנטרול חשיפות בנגזרים",,0.0,14.0,0.05,9.0,19.0,,,משלימה - אשכול 4 - עוקב מדדים,2026-09-30T21:21:21+00:00,http://www.fnx.co.il/sites/docs/genery/mediniut_ashkaa_tzfuia/pension-expected-investment-policy-update052026.xlsx,policy/companies/520023185/raw/520023185/ed57cdc739a8_pension-expected-investment-policy-update052026.xlsx,משלימה - אשכול 4 - עוקב מדדים
520023185,,,520023185|משלימה - אשכול 4 - עוקב מדדים|מספר מסלול באוצר 15223,מספר מסלול באוצר 15223,2026,מזומנים (*),,3.86,2.0,,,,,,משלימה - אשכול 4 - עוקב מדדים,2026-09-30T21:21:21+00:00,http://www.fnx.co.il/sites/docs/genery/mediniut_ashkaa_tzfuia/pension-expected-investment-policy-update052026.xlsx,policy/companies/520023185/raw/520023185/ed57cdc739a8_pension-expected-investment-policy-update052026.xlsx,משלימה - אשכול 4 - עוקב מדדים
520023185,,,520023185|משלימה - אשכול 4 - עוקב מדדים|מספר מסלול באוצר 15223,מספר מסלול באוצר 15223,2026,"חשיפה למט""ח",fx,96.23,94.0,0.06,88.0,100.0,,,משלימה - אשכול 4 - עוקב מדדים,2026-09-30T21:21:21+00:00,http://www.fnx.co.il/sites/docs/genery/mediniut_ashkaa_tzfuia/pension-expected-investment-policy-update052026.xlsx,policy/companies/520023185/raw/520023185/ed57cdc739a8_pension-expected-investment-policy-update052026.xlsx,משלימה - אשכול 4 - עוקב מדדים
520023185,,,520023185|משלימה - אשכול 4 - עוקב מדדים|מספר מסלול באוצר 15223,מספר מסלול באוצר 15223,2026,מגבלת עמלת ניהול חיצוני לשנת 2026,,0.12,,,,,,,משלימה - אשכול 4 - עוקב מדדים,2026-09-30T21:21:21+00:00,http://www.fnx.co.il/sites/docs/genery/mediniut_ashkaa_tzfuia/pension-expected-investment-policy-update052026.xlsx,policy/companies/520023185/raw/520023185/ed57cdc739a8_pension-expected-investment-policy-update052026.xlsx,משלימה - אשכול 4 - עוקב מדדים
520023185,,,520023185|משלימה - אשכול 4 - עוקב מדדים|מספר מסלול באוצר 15222,מספר מסלול באוצר 15222,2026,"אג""ח קונצרני (כולל קרנות נאמנות, תעודות סל)",,90.84,91.0,0.06,85.0,97.0,"IBOXY HY 46%, IBXXC1D1 12% , JCMBCOMP 8%, IBOXIG 26%",,משלימה - אשכול 4 - עוקב מדדים,2026-09-30T21:21:21+00:00,http://www.fnx.co.il/sites/docs/genery/mediniut_ashkaa_tzfuia/pension-expected-investment-policy-update052026.xlsx,policy/companies/520023185/raw/520023185/ed57cdc739a8_pension-expected-investment-policy-update052026.xlsx,משלימה - אשכול 4 - עוקב מדדים
520023185,,,520023185|משלימה - אשכול 4 - עוקב מדדים|מספר מסלול באוצר 15222,מספר מסלול באוצר 15222,2026,"אג""ח ממשלתי (צמוד, שקלי ומט""ח), ממשלות זרות בנטרול חשיפות בנגזרים",,7.86,8.0,0.05,3.0,13.0,JGENUUG 8%,,משלימה - אשכול 4 - עוקב מדדים,2026-09-30T21:21:21+00:00,http://www.fnx.co.il/sites/docs/genery/mediniut_ashkaa_tzfuia/pension-expected-investment-policy-update052026.xlsx,policy/companies/520023185/raw/520023185/ed57cdc739a8_pension-expected-investment-policy-update052026.xlsx,משלימה - אשכול 4 - עוקב מדדים
520023185,,,520023185|משלימה - אשכול 4 - עוקב מדדים|מספר מסלול באוצר 15222,מספר מסלול באוצר 15222,2026,מזומנים (*),,1.3,1.0,,,,,,משלימה - אשכול 4 - עוקב מדדים,2026-09-30T21:21:21+00:00,http://www.fnx.co.il/sites/docs/genery/mediniut_ashkaa_tzfuia/pension-expected-investment-policy-update052026.xlsx,policy/companies/520023185/raw/520023185/ed57cdc739a8_pension-expected-investment-policy-update052026.xlsx,משלימה - אשכול 4 - עוקב מדדים
520023185,,,520023185|משלימה - אשכול 4 - עוקב מדדים|מספר מסלול באוצר 15222,מספר מסלול באוצר 15222,2026,"חשיפה למט""ח",fx,96.16,94.0,0.06,88.0,100.0,,,משלימה - אשכול 4 - עוקב מדדים,2026-09-30T21:21:21+00:00,http://www.fnx.co.il/sites/docs/genery/mediniut_ashkaa_tzfuia/pension-expected-investment-policy-update052026.xlsx,policy/companies/520023185/raw/520023185/ed57cdc739a8_pension-expected-investment-policy-update052026.xlsx,משלימה - אשכול 4 - עוקב מדדים
520023185,,,520023185|משלימה - אשכול 4 - עוקב מדדים|מספר מסלול באוצר 15222,מספר מסלול באוצר 15222,2026,מגבלת עמלת ניהול חיצוני לשנת 2026,,0.2,,,,,,,משלימה - אשכול 4 - עוקב מדדים,2026-09-30T21:21:21+00:00,http://www.fnx.co.il/sites/docs/genery/mediniut_ashkaa_tzfuia/pension-expected-investment-policy-update052026.xlsx,policy/companies/520023185/raw/520023185/ed57cdc739a8_pension-expected-investment-policy-update052026.xlsx,משלימה - אשכול 4 - עוקב מדדים
520023185,,,520023185|מקיפה-פנסיונרים עד 31.12.17|מספר מסלול באוצר 2201,מספר מסלול באוצר 2201,2026,"מניות (תעודות סל, אופציות, קרנות נאמנות)",equity,,0.0,0.01,0.0,1.0,,,מקיפה-פנסיונרים עד 31.12.17,2026-09-30T21:21:21+00:00,http://www.fnx.co.il/sites/docs/genery/mediniut_ashkaa_tzfuia/pension-expected-investment-policy-update052026.xlsx,policy/companies/520023185/raw/520023185/ed57cdc739a8_pension-expected-investment-policy-update052026.xlsx,מקיפה-פנסיונרים עד 31.12.17
520023185,,,520023185|מקיפה-פנסיונרים עד 31.12.17|מספר מסלול באוצר 2201,מספר מסלול באוצר 2201,2026,"אג""ח ממשלתי (צמוד, שקלי ומט""ח), ממשלות זרות בנטרול חשיפות בנגזרים",,,37.0,0.05,0.0,42.0,"מדד אג""ח ממשלתי כללי",,מקיפה-פנסיונרים עד 31.12.17,2026-09-30T21:21:21+00:00,http://www.fnx.co.il/sites/docs/genery/mediniut_ashkaa_tzfuia/pension-expected-investment-policy-update052026.xlsx,policy/companies/520023185/raw/520023185/ed57cdc739a8_pension-expected-investment-policy-update052026.xlsx,מקיפה-פנסיונרים עד 31.12.17
520023185,,,520023185|מקיפה-פנסיונרים עד 31.12.17|מספר מסלול באוצר 2201,מספר מסלול באוצר 2201,2026,"אג""ח מיועדות ורכיב מבטיח תשואה(***)",,,60.0,0.05,55.0,65.0,,,מקיפה-פנסיונרים עד 31.12.17,2026-09-30T21:21:21+00:00,http://www.fnx.co.il/sites/docs/genery/mediniut_ashkaa_tzfuia/pension-expected-investment-policy-update052026.xlsx,policy/companies/520023185/raw/520023185/ed57cdc739a8_pension-expected-investment-policy-update052026.xlsx,מקיפה-פנסיונרים עד 31.12.17
520023185,,,520023185|מקיפה-פנסיונרים עד 31.12.17|מספר מסלול באוצר 2201,מספר מסלול באוצר 2201,2026,"אג""ח קונצרני (כולל קרנות נאמנות, תעודות סל)",,,0.0,0.01,0.0,1.0,מדד תל בונד 60,,מקיפה-פנסיונרים עד 31.12.17,2026-09-30T21:21:21+00:00,http://www.fnx.co.il/sites/docs/genery/mediniut_ashkaa_tzfuia/pension-expected-investment-policy-update052026.xlsx,policy/companies/520023185/raw/520023185/ed57cdc739a8_pension-expected-investment-policy-update052026.xlsx,מקיפה-פנסיונרים עד 31.12.17
520023185,,,520023185|מקיפה-פנסיונרים עד 31.12.17|מספר מסלול באוצר 2201,מספר מסלול באוצר 2201,2026,"נדל""ן",,,0.0,0,0.0,0.0,,,מקיפה-פנסיונרים עד 31.12.17,2026-09-30T21:21:21+00:00,http://www.fnx.co.il/sites/docs/genery/mediniut_ashkaa_tzfuia/pension-expected-investment-policy-update052026.xlsx,policy/companies/520023185/raw/520023185/ed57cdc739a8_pension-expected-investment-policy-update052026.xlsx,מקיפה-פנסיונרים עד 31.12.17
520023185,,,520023185|מקיפה-פנסיונרים עד 31.12.17|מספר מסלול באוצר 2201,מספר מסלול באוצר 2201,2026,"אחר (קרנות השקעה, Co Invest, תשתיות, גידור)",,,0.0,0,0.0,0.0,,,מקיפה-פנסיונרים עד 31.12.17,2026-09-30T21:21:21+00:00,http://www.fnx.co.il/sites/docs/genery/mediniut_ashkaa_tzfuia/pension-expected-investment-policy-update052026.xlsx,policy/companies/520023185/raw/520023185/ed57cdc739a8_pension-expected-investment-policy-update052026.xlsx,מקיפה-פנסיונרים עד 31.12.17
520023185,,,520023185|מקיפה-פנסיונרים עד 31.12.17|מספר מסלול באוצר 2201,מספר מסלול באוצר 2201,2026,מזומנים (*),,,3.0,,,,,,מקיפה-פנסיונרים עד 31.12.17,2026-09-30T21:21:21+00:00,http://www.fnx.co.il/sites/docs/genery/mediniut_ashkaa_tzfuia/pension-expected-investment-policy-update052026.xlsx,policy/companies/520023185/raw/520023185/ed57cdc739a8_pension-expected-investment-policy-update052026.xlsx,מקיפה-פנסיונרים עד 31.12.17
520023185,,,520023185|מקיפה-פנסיונרים עד 31.12.17|מספר מסלול באוצר 2201,מספר מסלול באוצר 2201,2026,"חשיפה למט""ח",fx,,0.0,0.06,0.0,6.0,,,מקיפה-פנסיונרים עד 31.12.17,2026-09-30T21:21:21+00:00,http://www.fnx.co.il/sites/docs/genery/mediniut_ashkaa_tzfuia/pension-expected-investment-policy-update052026.xlsx,policy/companies/520023185/raw/520023185/ed57cdc739a8_pension-expected-investment-policy-update052026.xlsx,מקיפה-פנסיונרים עד 31.12.17
520023185,,,520023185|מקיפה-פנסיונרים עד 31.12.17|מספר מסלול באוצר 2201,מספר מסלול באוצר 2201,2026,מגבלת עמלת ניהול חיצוני לשנת 2024,,,0.2,,,,,,מקיפה-פנסיונרים עד 31.12.17,2026-09-30T21:21:21+00:00,http://www.fnx.co.il/sites/docs/genery/mediniut_ashkaa_tzfuia/pension-expected-investment-policy-update052026.xlsx,policy/companies/520023185/raw/520023185/ed57cdc739a8_pension-expected-investment-policy-update052026.xlsx,מקיפה-פנסיונרים עד 31.12.17
520023185,,,520023185|מקיפה-פנסיונרים זכאים|מספר מסלול באוצר 9987,מספר מסלול באוצר 9987,2026,"מניות (תעודות סל, אופציות, קרנות נאמנות)",equity,,0.0,0.06,0.0,6.0,"40%- מדד ת""א 125 ,   60%- MSCI WORLD AC",,מקיפה-פנסיונרים זכאים,2026-09-30T21:21:21+00:00,http://www.fnx.co.il/sites/docs/genery/mediniut_ashkaa_tzfuia/pension-expected-investment-policy-update052026.xlsx,policy/companies/520023185/raw/520023185/ed57cdc739a8_pension-expected-investment-policy-update052026.xlsx,מקיפה-פנסיונרים זכאים
520023185,,,520023185|מקיפה-פנסיונרים זכאים|מספר מסלול באוצר 9987,מספר מסלול באוצר 9987,2026,"אג""ח ממשלתי (צמוד, שקלי ומט""ח), ממשלות זרות בנטרול חשיפות בנגזרים",,,15.0,0.05,0.0,20.0,"מדד אג""ח ממשלתי כללי",,מקיפה-פנסיונרים זכאים,2026-09-30T21:21:21+00:00,http://www.fnx.co.il/sites/docs/genery/mediniut_ashkaa_tzfuia/pension-expected-investment-policy-update052026.xlsx,policy/companies/520023185/raw/520023185/ed57cdc739a8_pension-expected-investment-policy-update052026.xlsx,מקיפה-פנסיונרים זכאים
520023185,,,520023185|מקיפה-פנסיונרים זכאים|מספר מסלול באוצר 9987,מספר מסלול באוצר 9987,2026,"אג""ח מיועדות ורכיב מבטיח תשואה(***)",,,80.0,0.05,75.0,85.0,,,מקיפה-פנסיונרים זכאים,2026-09-30T21:21:21+00:00,http://www.fnx.co.il/sites/docs/genery/mediniut_ashkaa_tzfuia/pension-expected-investment-policy-update052026.xlsx,policy/companies/520023185/raw/520023185/ed57cdc739a8_pension-expected-investment-policy-update052026.xlsx,מקיפה-פנסיונרים זכאים
520023185,,,520023185|מקיפה-פנסיונרים זכאים|מספר מסלול באוצר 9987,מספר מסלול באוצר 9987,2026,"אג""ח קונצרני (כולל קרנות נאמנות, תעודות סל)",,,0.0,0.06,0.0,6.0,מדד תל בונד 60,,מקיפה-פנסיונרים זכאים,2026-09-30T21:21:21+00:00,http://www.fnx.co.il/sites/docs/genery/mediniut_ashkaa_tzfuia/pension-expected-investment-policy-update052026.xlsx,policy/companies/520023185/raw/520023185/ed57cdc739a8_pension-expected-investment-policy-update052026.xlsx,מקיפה-פנסיונרים זכאים
520023185,,,520023185|מקיפה-פנסיונרים זכאים|מספר מסלול באוצר 9987,מספר מסלול באוצר 9987,2026,"נדל""ן",,,0.0,0.05,0.0,5.0,,,מקיפה-פנסיונרים זכאים,2026-09-30T21:21:21+00:00,http://www.fnx.co.il/sites/docs/genery/mediniut_ashkaa_tzfuia/pension-expected-investment-policy-update052026.xlsx,policy/companies/520023185/raw/520023185/ed57cdc739a8_pension-expected-investment-policy-update052026.xlsx,מקיפה-פנסיונרים זכאים
520023185,,,520023185|מקיפה-פנסיונרים זכאים|מספר מסלול באוצר 9987,מספר מסלול באוצר 9987,2026,"אחר (קרנות השקעה, Co Invest, תשתיות, גידור)",,,0.0,0.05,0.0,5.0,,,מקיפה-פנסיונרים זכאים,2026-09-30T21:21:21+00:00,http://www.fnx.co.il/sites/docs/genery/mediniut_ashkaa_tzfuia/pension-expected-investment-policy-update052026.xlsx,policy/companies/520023185/raw/520023185/ed57cdc739a8_pension-expected-investment-policy-update052026.xlsx,מקיפה-פנסיונרים זכאים
520023185,,,520023185|מקיפה-פנסיונרים זכאים|מספר מסלול באוצר 9987,מספר מסלול באוצר 9987,2026,מזומנים (*),,,5.0,,,,,,מקיפה-פנסיונרים זכאים,2026-09-30T21:21:21+00:00,http://www.fnx.co.il/sites/docs/genery/mediniut_ashkaa_tzfuia/pension-expected-investment-policy-update052026.xlsx,policy/companies/520023185/raw/520023185/ed57cdc739a8_pension-expected-investment-policy-update052026.xlsx,מקיפה-פנסיונרים זכאים
520023185,,,520023185|מקיפה-פנסיונרים זכאים|מספר מסלול באוצר 9987,מספר מסלול באוצר 9987,2026,"חשיפה למט""ח",fx,,0.0,0.06,6.0,18.0,,,מקיפה-פנסיונרים זכאים,2026-09-30T21:21:21+00:00,http://www.fnx.co.il/sites/docs/genery/mediniut_ashkaa_tzfuia/pension-expected-investment-policy-update052026.xlsx,policy/companies/520023185/raw/520023185/ed57cdc739a8_pension-expected-investment-policy-update052026.xlsx,מקיפה-פנסיונרים זכאים
520023185,,,520023185|מקיפה-פנסיונרים זכאים|מספר מסלול באוצר 9987,מספר מסלול באוצר 9987,2026,מגבלת עמלת ניהול חיצוני לשנת 2024,,,0.1,,,,,,מקיפה-פנסיונרים זכאים,2026-09-30T21:21:21+00:00,http://www.fnx.co.il/sites/docs/genery/mediniut_ashkaa_tzfuia/pension-expected-investment-policy-update052026.xlsx,policy/companies/520023185/raw/520023185/ed57cdc739a8_pension-expected-investment-policy-update052026.xlsx,מקיפה-פנסיונרים זכאים
520023185,,,520023185|מקיפה-פנסיונרים החל מ-1.1.18|מספר מסלול באוצר 12119,מספר מסלול באוצר 12119,2026,"מניות (תעודות סל, אופציות, קרנות נאמנות)",equity,,16.0,0.06,10.0,22.0,"35%- מדד ת""א 125 ,   65%- MSCI WORLD AC",,מקיפה-פנסיונרים החל מ-1.1.18,2026-09-30T21:21:21+00:00,http://www.fnx.co.il/sites/docs/genery/mediniut_ashkaa_tzfuia/pension-expected-investment-policy-update052026.xlsx,policy/companies/520023185/raw/520023185/ed57cdc739a8_pension-expected-investment-policy-update052026.xlsx,מקיפה-פנסיונרים החל מ-1.1.18
520023185,,,520023185|מקיפה-פנסיונרים החל מ-1.1.18|מספר מסלול באוצר 12119,מספר מסלול באוצר 12119,2026,"אג""ח ממשלתי (צמוד, שקלי ומט""ח), ממשלות זרות בנטרול חשיפות בנגזרים",,,3.0,0.05,0.0,8.0,"מדד אג""ח ממשלתי כללי",,מקיפה-פנסיונרים החל מ-1.1.18,2026-09-30T21:21:21+00:00,http://www.fnx.co.il/sites/docs/genery/mediniut_ashkaa_tzfuia/pension-expected-investment-policy-update052026.xlsx,policy/companies/520023185/raw/520023185/ed57cdc739a8_pension-expected-investment-policy-update052026.xlsx,מקיפה-פנסיונרים החל מ-1.1.18
520023185,,,520023185|מקיפה-פנסיונרים החל מ-1.1.18|מספר מסלול באוצר 12119,מספר מסלול באוצר 12119,2026,"אג""ח מיועדות ורכיב מבטיח תשואה(***)",,,60.0,0.05,55.0,65.0,,,מקיפה-פנסיונרים החל מ-1.1.18,2026-09-30T21:21:21+00:00,http://www.fnx.co.il/sites/docs/genery/mediniut_ashkaa_tzfuia/pension-expected-investment-policy-update052026.xlsx,policy/companies/520023185/raw/520023185/ed57cdc739a8_pension-expected-investment-policy-update052026.xlsx,מקיפה-פנסיונרים החל מ-1.1.18
520023185,,,520023185|מקיפה-פנסיונרים החל מ-1.1.18|מספר מסלול באוצר 12119,מספר מסלול באוצר 12119,2026,"אג""ח קונצרני (כולל קרנות נאמנות, תעודות סל)",,,16.0,0.06,10.0,22.0,"35% - תל בונד כללי , 20% - תל בונד 60 , 15% - תל בונד 50 , 15% - IBOXX HY - 15%, IBOXX IG",,מקיפה-פנסיונרים החל מ-1.1.18,2026-09-30T21:21:21+00:00,http://www.fnx.co.il/sites/docs/genery/mediniut_ashkaa_tzfuia/pension-expected-investment-policy-update052026.xlsx,policy/companies/520023185/raw/520023185/ed57cdc739a8_pension-expected-investment-policy-update052026.xlsx,מקיפה-פנסיונרים החל מ-1.1.18
520023185,,,520023185|מקיפה-פנסיונרים החל מ-1.1.18|מספר מסלול באוצר 12119,מספר מסלול באוצר 12119,2026,"נדל""ן",,,0.0,0.05,0.0,5.0,,,מקיפה-פנסיונרים החל מ-1.1.18,2026-09-30T21:21:21+00:00,http://www.fnx.co.il/sites/docs/genery/mediniut_ashkaa_tzfuia/pension-expected-investment-policy-update052026.xlsx,policy/companies/520023185/raw/520023185/ed57cdc739a8_pension-expected-investment-policy-update052026.xlsx,מקיפה-פנסיונרים החל מ-1.1.18
520023185,,,520023185|מקיפה-פנסיונרים החל מ-1.1.18|מספר מסלול באוצר 12119,מספר מסלול באוצר 12119,2026,"אחר (קרנות השקעה, Co Invest, תשתיות, גידור)",,,3.0,0.05,0.0,8.0,,,מקיפה-פנסיונרים החל מ-1.1.18,2026-09-30T21:21:21+00:00,http://www.fnx.co.il/sites/docs/genery/mediniut_ashkaa_tzfuia/pension-expected-investment-policy-update052026.xlsx,policy/companies/520023185/raw/520023185/ed57cdc739a8_pension-expected-investment-policy-update052026.xlsx,מקיפה-פנסיונרים החל מ-1.1.18
520023185,,,520023185|מקיפה-פנסיונרים החל מ-1.1.18|מספר מסלול באוצר 12119,מספר מסלול באוצר 12119,2026,מזומנים (*),,,2.0,,,,,,מקיפה-פנסיונרים החל מ-1.1.18,2026-09-30T21:21:21+00:00,http://www.fnx.co.il/sites/docs/genery/mediniut_ashkaa_tzfuia/pension-expected-investment-policy-update052026.xlsx,policy/companies/520023185/raw/520023185/ed57cdc739a8_pension-expected-investment-policy-update052026.xlsx,מקיפה-פנסיונרים החל מ-1.1.18
520023185,,,520023185|מקיפה-פנסיונרים החל מ-1.1.18|מספר מסלול באוצר 12119,מספר מסלול באוצר 12119,2026,"חשיפה למט""ח",fx,,12.0,0.06,6.0,18.0,,,מקיפה-פנסיונרים החל מ-1.1.18,2026-09-30T21:21:21+00:00,http://www.fnx.co.il/sites/docs/genery/mediniut_ashkaa_tzfuia/pension-expected-investment-policy-update052026.xlsx,policy/companies/520023185/raw/520023185/ed57cdc739a8_pension-expected-investment-policy-update052026.xlsx,מקיפה-פנסיונרים החל מ-1.1.18
520023185,,,520023185|מקיפה-פנסיונרים החל מ-1.1.18|מספר מסלול באוצר 12119,מספר מסלול באוצר 12119,2026,מגבלת עמלת ניהול חיצוני לשנת 2024,,,0.2,,,,,,מקיפה-פנסיונרים החל מ-1.1.18,2026-09-30T21:21:21+00:00,http://www.fnx.co.il/sites/docs/genery/mediniut_ashkaa_tzfuia/pension-expected-investment-policy-update052026.xlsx,policy/companies/520023185/raw/520023185/ed57cdc739a8_pension-expected-investment-policy-update052026.xlsx,מקיפה-פנסיונרים החל מ-1.1.18
520023185,,,520023185|משלימה - מסלו השקעה למקבלי קצבה|מספר מסלול באוצר 12120,מספר מסלול באוצר 12120,2026,"מניות (תעודות סל, אופציות, קרנות נאמנות)",equity,17.43,17.0,0.06,11.0,23.0,"35%- מדד ת""א 125 ,   65%- MSCI WORLD AC",,משלימה - מסלו השקעה למקבלי קצבה,2026-09-30T21:21:21+00:00,http://www.fnx.co.il/sites/docs/genery/mediniut_ashkaa_tzfuia/pension-expected-investment-policy-update052026.xlsx,policy/companies/520023185/raw/520023185/ed57cdc739a8_pension-expected-investment-policy-update052026.xlsx,משלימה - מסלו השקעה למקבלי קצבה
520023185,,,520023185|משלימה - מסלו השקעה למקבלי קצבה|מספר מסלול באוצר 12120,מספר מסלול באוצר 12120,2026,"אג""ח ממשלתי (צמוד, שקלי ומט""ח), ממשלות זרות בנטרול חשיפות בנגזרים",,36.0,39.0,0.05,34.0,44.0,"מדד אג""ח ממשלתי כללי",,משלימה - מסלו השקעה למקבלי קצבה,2026-09-30T21:21:21+00:00,http://www.fnx.co.il/sites/docs/genery/mediniut_ashkaa_tzfuia/pension-expected-investment-policy-update052026.xlsx,policy/companies/520023185/raw/520023185/ed57cdc739a8_pension-expected-investment-policy-update052026.xlsx,משלימה - מסלו השקעה למקבלי קצבה
520023185,,,520023185|משלימה - מסלו השקעה למקבלי קצבה|מספר מסלול באוצר 12120,מספר מסלול באוצר 12120,2026,"אג""ח קונצרני (כולל קרנות נאמנות, תעודות סל)",,41.24,41.0,0.06,35.0,47.0,"35% - תל בונד כללי , 20% - תל בונד 60 , 15% - תל בונד 50 , 15% - IBOXX HY - 15%, IBOXX IG",,משלימה - מסלו השקעה למקבלי קצבה,2026-09-30T21:21:21+00:00,http://www.fnx.co.il/sites/docs/genery/mediniut_ashkaa_tzfuia/pension-expected-investment-policy-update052026.xlsx,policy/companies/520023185/raw/520023185/ed57cdc739a8_pension-expected-investment-policy-update052026.xlsx,משלימה - מסלו השקעה למקבלי קצבה
520023185,,,520023185|משלימה - מסלו השקעה למקבלי קצבה|מספר מסלול באוצר 12120,מספר מסלול באוצר 12120,2026,"נדל""ן",,0.0,0.0,0.05,0.0,5.0,,,משלימה - מסלו השקעה למקבלי קצבה,2026-09-30T21:21:21+00:00,http://www.fnx.co.il/sites/docs/genery/mediniut_ashkaa_tzfuia/pension-expected-investment-policy-update052026.xlsx,policy/companies/520023185/raw/520023185/ed57cdc739a8_pension-expected-investment-policy-update052026.xlsx,משלימה - מסלו השקעה למקבלי קצבה
520023185,,,520023185|משלימה - מסלו השקעה למקבלי קצבה|מספר מסלול באוצר 12120,מספר מסלול באוצר 12120,2026,"אחר (קרנות השקעה, Co Invest, תשתיות, גידור)",,0.12,0.0,0.05,0.0,5.0,,,משלימה - מסלו השקעה למקבלי קצבה,2026-09-30T21:21:21+00:00,http://www.fnx.co.il/sites/docs/genery/mediniut_ashkaa_tzfuia/pension-expected-investment-policy-update052026.xlsx,policy/companies/520023185/raw/520023185/ed57cdc739a8_pension-expected-investment-policy-update052026.xlsx,משלימה - מסלו השקעה למקבלי קצבה
520023185,,,520023185|משלימה - מסלו השקעה למקבלי קצבה|מספר מסלול באוצר 12120,מספר מסלול באוצר 12120,2026,מזומנים (*),,5.06,3.0,,,,,,משלימה - מסלו השקעה למקבלי קצבה,2026-09-30T21:21:21+00:00,http://www.fnx.co.il/sites/docs/genery/mediniut_ashkaa_tzfuia/pension-expected-investment-policy-update052026.xlsx,policy/companies/520023185/raw/520023185/ed57cdc739a8_pension-expected-investment-policy-update052026.xlsx,משלימה - מסלו השקעה למקבלי קצבה
520023185,,,520023185|משלימה - מסלו השקעה למקבלי קצבה|מספר מסלול באוצר 12120,מספר מסלול באוצר 12120,2026,"חשיפה למט""ח",fx,15.48,14.0,0.06,8.0,20.0,,,משלימה - מסלו השקעה למקבלי קצבה,2026-09-30T21:21:21+00:00,http://www.fnx.co.il/sites/docs/genery/mediniut_ashkaa_tzfuia/pension-expected-investment-policy-update052026.xlsx,policy/companies/520023185/raw/520023185/ed57cdc739a8_pension-expected-investment-policy-update052026.xlsx,משלימה - מסלו השקעה למקבלי קצבה
520023185,,,520023185|משלימה - מסלו השקעה למקבלי קצבה|מספר מסלול באוצר 12120,מספר מסלול באוצר 12120,2026,מגבלת עמלת ניהול חיצוני לשנת 2026,,0.15,,,,,,,משלימה - מסלו השקעה למקבלי קצבה,2026-09-30T21:21:21+00:00,http://www.fnx.co.il/sites/docs/genery/mediniut_ashkaa_tzfuia/pension-expected-investment-policy-update052026.xlsx,policy/companies/520023185/raw/520023185/ed57cdc739a8_pension-expected-investment-policy-update052026.xlsx,משלימה - מסלו השקעה למקבלי קצבה
520023185,,,520023185|משלימה - מסלו השקעה למקבלי קצבה|מספר מסלול באוצר 2202,מספר מסלול באוצר 2202,2026,"אג""ח ממשלתי (צמוד, שקלי ומט""ח), ממשלות זרות בנטרול חשיפות בנגזרים",,99.43,96.0,0.05,91.0,100.0,"מדד אג""ח ממשלתי כללי",,משלימה - מסלו השקעה למקבלי קצבה,2026-09-30T21:21:21+00:00,http://www.fnx.co.il/sites/docs/genery/mediniut_ashkaa_tzfuia/pension-expected-investment-policy-update052026.xlsx,policy/companies/520023185/raw/520023185/ed57cdc739a8_pension-expected-investment-policy-update052026.xlsx,משלימה - מסלו השקעה למקבלי קצבה
520023185,,,520023185|משלימה - מסלו השקעה למקבלי קצבה|מספר מסלול באוצר 2202,מספר מסלול באוצר 2202,2026,מזומנים (*),,0.57,4.0,,,,,,משלימה - מסלו השקעה למקבלי קצבה,2026-09-30T21:21:21+00:00,http://www.fnx.co.il/sites/docs/genery/mediniut_ashkaa_tzfuia/pension-expected-investment-policy-update052026.xlsx,policy/companies/520023185/raw/520023185/ed57cdc739a8_pension-expected-investment-policy-update052026.xlsx,משלימה - מסלו השקעה למקבלי קצבה
520023185,,,520023185|משלימה - מסלו השקעה למקבלי קצבה|מספר מסלול באוצר 2202,מספר מסלול באוצר 2202,2026,"חשיפה למט""ח",fx,0.0,0.0,0.06,0.0,6.0,,,משלימה - מסלו השקעה למקבלי קצבה,2026-09-30T21:21:21+00:00,http://www.fnx.co.il/sites/docs/genery/mediniut_ashkaa_tzfuia/pension-expected-investment-policy-update052026.xlsx,policy/companies/520023185/raw/520023185/ed57cdc739a8_pension-expected-investment-policy-update052026.xlsx,משלימה - מסלו השקעה למקבלי קצבה
520023185,,,520023185|משלימה - מסלו השקעה למקבלי קצבה|מספר מסלול באוצר 2202,מספר מסלול באוצר 2202,2026,מגבלת עמלת ניהול חיצוני לשנת 2026,,0.05,,,,,,,משלימה - מסלו השקעה למקבלי קצבה,2026-09-30T21:21:21+00:00,http://www.fnx.co.il/sites/docs/genery/mediniut_ashkaa_tzfuia/pension-expected-investment-policy-update052026.xlsx,policy/companies/520023185/raw/520023185/ed57cdc739a8_pension-expected-investment-policy-update052026.xlsx,משלימה - מסלו השקעה למקבלי קצבה
520023185,,,520023185|פנסיית יסוד|מספר מסלול באוצר 347,מספר מסלול באוצר 347,2026,"מניות (תעודות סל, אופציות, קרנות נאמנות)",equity,18.53,17.0,0.06,11.0,23.0,"40%- מדד ת""א 125 ,   60%- MSCI WORLD AC",,פנסיית יסוד,2026-09-30T21:21:21+00:00,http://www.fnx.co.il/sites/docs/genery/mediniut_ashkaa_tzfuia/pension-expected-investment-policy-update052026.xlsx,policy/companies/520023185/raw/520023185/ed57cdc739a8_pension-expected-investment-policy-update052026.xlsx,פנסיית יסוד
520023185,,,520023185|פנסיית יסוד|מספר מסלול באוצר 347,מספר מסלול באוצר 347,2026,"אג""ח ממשלתי (צמוד, שקלי ומט""ח), ממשלות זרות בנטרול חשיפות בנגזרים",,10.09,11.0,0.05,6.0,16.0,"מדד אג""ח ממשלתי כללי",,פנסיית יסוד,2026-09-30T21:21:21+00:00,http://www.fnx.co.il/sites/docs/genery/mediniut_ashkaa_tzfuia/pension-expected-investment-policy-update052026.xlsx,policy/companies/520023185/raw/520023185/ed57cdc739a8_pension-expected-investment-policy-update052026.xlsx,פנסיית יסוד
520023185,,,520023185|פנסיית יסוד|מספר מסלול באוצר 347,מספר מסלול באוצר 347,2026,"אג""ח מיועדות ורכיב מבטיח תשואה(***)",,32.78,30.0,0.05,25.0,35.0,,,פנסיית יסוד,2026-09-30T21:21:21+00:00,http://www.fnx.co.il/sites/docs/genery/mediniut_ashkaa_tzfuia/pension-expected-investment-policy-update052026.xlsx,policy/companies/520023185/raw/520023185/ed57cdc739a8_pension-expected-investment-policy-update052026.xlsx,פנסיית יסוד
520023185,,,520023185|פנסיית יסוד|מספר מסלול באוצר 347,מספר מסלול באוצר 347,2026,"אג""ח קונצרני (כולל קרנות נאמנות, תעודות סל)",,22.44,26.0,0.06,20.0,32.0,"35% - תל בונד כללי , 20% - תל בונד 60 , 15% - תל בונד 50 , 15% - IBOXX HY - 15%, IBOXX IG",,פנסיית יסוד,2026-09-30T21:21:21+00:00,http://www.fnx.co.il/sites/docs/genery/mediniut_ashkaa_tzfuia/pension-expected-investment-policy-update052026.xlsx,policy/companies/520023185/raw/520023185/ed57cdc739a8_pension-expected-investment-policy-update052026.xlsx,פנסיית יסוד
520023185,,,520023185|פנסיית יסוד|מספר מסלול באוצר 347,מספר מסלול באוצר 347,2026,קרנות השקעה,,3.37,3.0,0.05,0.0,8.0,,,פנסיית יסוד,2026-09-30T21:21:21+00:00,http://www.fnx.co.il/sites/docs/genery/mediniut_ashkaa_tzfuia/pension-expected-investment-policy-update052026.xlsx,policy/companies/520023185/raw/520023185/ed57cdc739a8_pension-expected-investment-policy-update052026.xlsx,פנסיית יסוד
520023185,,,520023185|פנסיית יסוד|מספר מסלול באוצר 347,מספר מסלול באוצר 347,2026,"אחר (Co Invest, תשתיות, גידור, נדל""ן)",,9.4,9.0,0.05,4.0,14.0,,,פנסיית יסוד,2026-09-30T21:21:21+00:00,http://www.fnx.co.il/sites/docs/genery/mediniut_ashkaa_tzfuia/pension-expected-investment-policy-update052026.xlsx,policy/companies/520023185/raw/520023185/ed57cdc739a8_pension-expected-investment-policy-update052026.xlsx,פנסיית יסוד
520023185,,,520023185|פנסיית יסוד|מספר מסלול באוצר 347,מספר מסלול באוצר 347,2026,מזומנים (*),,3.37,4.0,,,,,,פנסיית יסוד,2026-09-30T21:21:21+00:00,http://www.fnx.co.il/sites/docs/genery/mediniut_ashkaa_tzfuia/pension-expected-investment-policy-update052026.xlsx,policy/companies/520023185/raw/520023185/ed57cdc739a8_pension-expected-investment-policy-update052026.xlsx,פנסיית יסוד
520023185,,,520023185|פנסיית יסוד|מספר מסלול באוצר 347,מספר מסלול באוצר 347,2026,"חשיפה למט""ח",fx,16.07,16.0,0.06,10.0,22.0,,,פנסיית יסוד,2026-09-30T21:21:21+00:00,http://www.fnx.co.il/sites/docs/genery/mediniut_ashkaa_tzfuia/pension-expected-investment-policy-update052026.xlsx,policy/companies/520023185/raw/520023185/ed57cdc739a8_pension-expected-investment-policy-update052026.xlsx,פנסיית יסוד
520023185,,,520023185|פנסיית יסוד|מספר מסלול באוצר 347,מספר מסלול באוצר 347,2026,מגבלת עמלת ניהול חיצוני לשנת 2026,,0.0,,,,,,,פנסיית יסוד,2026-09-30T21:21:21+00:00,http://www.fnx.co.il/sites/docs/genery/mediniut_ashkaa_tzfuia/pension-expected-investment-policy-update052026.xlsx,policy/companies/520023185/raw/520023185/ed57cdc739a8_pension-expected-investment-policy-update052026.xlsx,פנסיית יסוד
520023185,,,520023185|פנסיית יסוד|הפניקס פנסיה מקיפה מסלול כללי,הפניקס פנסיה מקיפה מסלול כללי,2026,"מניות (כולל תעודות סל, אופציות, קרנות נאמנות)",equity,,,+/- 6%,28.0,40.0,,,פנסיית יסוד,2026-09-30T21:21:21+00:00,http://www.fnx.co.il/sites/docs/genery/mediniut_ashkaa_tzfuia/pension-expected-investment-policy-update052026.xlsx,policy/companies/520023185/raw/520023185/ed57cdc739a8_pension-expected-investment-policy-update052026.xlsx,פנסיית יסוד
520023185,,,520023185|פנסיית יסוד|הפניקס פנסיה מקיפה מסלול כללי,הפניקס פנסיה מקיפה מסלול כללי,2026,"אג""ח ממשלתי (צמוד, שקלי ומט""ח), ממשלות זרות בנטרול חשיפות בנגזרים1",,,,+/- 5%,33.0,43.0,,,פנסיית יסוד,2026-09-30T21:21:21+00:00,http://www.fnx.co.il/sites/docs/genery/mediniut_ashkaa_tzfuia/pension-expected-investment-policy-update052026.xlsx,policy/companies/520023185/raw/520023185/ed57cdc739a8_pension-expected-investment-policy-update052026.xlsx,פנסיית יסוד
520023185,,,520023185|פנסיית יסוד|הפניקס פנסיה מקיפה מסלול כללי,הפניקס פנסיה מקיפה מסלול כללי,2026,"אג""ח קונצרני (קרנות נאמנות, תעודות סל)",,,,+/- 6%,17.0,29.0,,,פנסיית יסוד,2026-09-30T21:21:21+00:00,http://www.fnx.co.il/sites/docs/genery/mediniut_ashkaa_tzfuia/pension-expected-investment-policy-update052026.xlsx,policy/companies/520023185/raw/520023185/ed57cdc739a8_pension-expected-investment-policy-update052026.xlsx,פנסיית יסוד
520023185,,,520023185|פנסיית יסוד|הפניקס פנסיה מקיפה מסלול כללי,הפניקס פנסיה מקיפה מסלול כללי,2026,"נדל""ן",,,,+/- 5%,0.0,9.0,,,פנסיית יסוד,2026-09-30T21:21:21+00:00,http://www.fnx.co.il/sites/docs/genery/mediniut_ashkaa_tzfuia/pension-expected-investment-policy-update052026.xlsx,policy/companies/520023185/raw/520023185/ed57cdc739a8_pension-expected-investment-policy-update052026.xlsx,פנסיית יסוד
520023185,,,520023185|פנסיית יסוד|הפניקס פנסיה מקיפה מסלול כללי,הפניקס פנסיה מקיפה מסלול כללי,2026,"אחר (קרנות השקעה, PE, VC, קרדיט, גידור)",,,,+/- 5%,0.0,5.0,,,פנסיית יסוד,2026-09-30T21:21:21+00:00,http://www.fnx.co.il/sites/docs/genery/mediniut_ashkaa_tzfuia/pension-expected-investment-policy-update052026.xlsx,policy/companies/520023185/raw/520023185/ed57cdc739a8_pension-expected-investment-policy-update052026.xlsx,פנסיית יסוד
520023185,,,520023185|פנסיית יסוד|הפניקס פנסיה מקיפה מסלול כללי,הפניקס פנסיה מקיפה מסלול כללי,2026,מזומנים (בנטרול נגזרים),,,,+/- 5%,0.0,6.0,,,פנסיית יסוד,2026-09-30T21:21:21+00:00,http://www.fnx.co.il/sites/docs/genery/mediniut_ashkaa_tzfuia/pension-expected-investment-policy-update052026.xlsx,policy/companies/520023185/raw/520023185/ed57cdc739a8_pension-expected-investment-policy-update052026.xlsx,פנסיית יסוד
520023185,,,520023185|פנסיית יסוד|הפניקס פנסיה מקיפה מסלול כללי,הפניקס פנסיה מקיפה מסלול כללי,2026,"חשיפה למט""ח",fx,,,+/- 6%,10.0,22.0,,,פנסיית יסוד,2026-09-30T21:21:21+00:00,http://www.fnx.co.il/sites/docs/genery/mediniut_ashkaa_tzfuia/pension-expected-investment-policy-update052026.xlsx,policy/companies/520023185/raw/520023185/ed57cdc739a8_pension-expected-investment-policy-update052026.xlsx,פנסיית יסוד
520023185,,,520023185|מגן|מספר מסלול באוצר 325,מספר מסלול באוצר 325,2026,"מניות (תעודות סל, אופציות, קרנות נאמנות)",equity,19.43,17.0,0.06,11.0,23.0,"40%- מדד ת""א 125 ,   60%- MSCI WORLD AC",,מגן,2026-09-30T21:21:21+00:00,http://www.fnx.co.il/sites/docs/genery/mediniut_ashkaa_tzfuia/pension-expected-investment-policy-update052026.xlsx,policy/companies/520023185/raw/520023185/ed57cdc739a8_pension-expected-investment-policy-update052026.xlsx,מגן
520023185,,,520023185|מגן|מספר מסלול באוצר 325,מספר מסלול באוצר 325,2026,"אג""ח ממשלתי (צמוד, שקלי ומט""ח), ממשלות זרות בנטרול חשיפות בנגזרים",,21.73,26.0,0.05,21.0,31.0,"מדד אג""ח ממשלתי כללי",,מגן,2026-09-30T21:21:21+00:00,http://www.fnx.co.il/sites/docs/genery/mediniut_ashkaa_tzfuia/pension-expected-investment-policy-update052026.xlsx,policy/companies/520023185/raw/520023185/ed57cdc739a8_pension-expected-investment-policy-update052026.xlsx,מגן
520023185,,,520023185|מגן|מספר מסלול באוצר 325,מספר מסלול באוצר 325,2026,"אג""ח מיועדות ורכיב מבטיח תשואה(***)",,37.92,30.0,0.05,25.0,35.0,,,מגן,2026-09-30T21:21:21+00:00,http://www.fnx.co.il/sites/docs/genery/mediniut_ashkaa_tzfuia/pension-expected-investment-policy-update052026.xlsx,policy/companies/520023185/raw/520023185/ed57cdc739a8_pension-expected-investment-policy-update052026.xlsx,מגן
520023185,,,520023185|מגן|מספר מסלול באוצר 325,מספר מסלול באוצר 325,2026,"אג""ח קונצרני (קרנות נאמנות, תעודות סל)",,7.88,14.0,0.06,8.0,20.0,"35% - תל בונד כללי , 20% - תל בונד 60 , 15% - תל בונד 50 , 15% - IBOXX HY - 15%, IBOXX IG",,מגן,2026-09-30T21:21:21+00:00,http://www.fnx.co.il/sites/docs/genery/mediniut_ashkaa_tzfuia/pension-expected-investment-policy-update052026.xlsx,policy/companies/520023185/raw/520023185/ed57cdc739a8_pension-expected-investment-policy-update052026.xlsx,מגן
520023185,,,520023185|מגן|מספר מסלול באוצר 325,מספר מסלול באוצר 325,2026,"אחר (קרנות השקעה, Co Invest, תשתיות, גידור)",,7.85,9.0,0.05,4.0,14.0,,,מגן,2026-09-30T21:21:21+00:00,http://www.fnx.co.il/sites/docs/genery/mediniut_ashkaa_tzfuia/pension-expected-investment-policy-update052026.xlsx,policy/companies/520023185/raw/520023185/ed57cdc739a8_pension-expected-investment-policy-update052026.xlsx,מגן
520023185,,,520023185|מגן|מספר מסלול באוצר 325,מספר מסלול באוצר 325,2026,מזומנים (*),,5.19,4.0,,,,,,מגן,2026-09-30T21:21:21+00:00,http://www.fnx.co.il/sites/docs/genery/mediniut_ashkaa_tzfuia/pension-expected-investment-policy-update052026.xlsx,policy/companies/520023185/raw/520023185/ed57cdc739a8_pension-expected-investment-policy-update052026.xlsx,מגן
520023185,,,520023185|מגן|מספר מסלול באוצר 325,מספר מסלול באוצר 325,2026,"חשיפה למט""ח",fx,15.09,15.0,0.06,9.0,21.0,,,מגן,2026-09-30T21:21:21+00:00,http://www.fnx.co.il/sites/docs/genery/mediniut_ashkaa_tzfuia/pension-expected-investment-policy-update052026.xlsx,policy/companies/520023185/raw/520023185/ed57cdc739a8_pension-expected-investment-policy-update052026.xlsx,מגן
520023185,,,520023185|מגן|מספר מסלול באוצר 325,מספר מסלול באוצר 325,2026,מגבלת עמלת ניהול חיצוני לשנת 2026,,0.0,,,,,,,מגן,2026-09-30T21:21:21+00:00,http://www.fnx.co.il/sites/docs/genery/mediniut_ashkaa_tzfuia/pension-expected-investment-policy-update052026.xlsx,policy/companies/520023185/raw/520023185/ed57cdc739a8_pension-expected-investment-policy-update052026.xlsx,מגן
520023185,,,520023185|עמיתי דור ביניים|מספר מסלול באוצר 3471,מספר מסלול באוצר 3471,2026,"מניות (תעודות סל, אופציות, קרנות נאמנות)",equity,19.27,17.0,0.06,11.0,23.0,"40%- מדד ת""א 125 ,   60%- MSCI WORLD AC",,עמיתי דור ביניים,2026-09-30T21:21:21+00:00,http://www.fnx.co.il/sites/docs/genery/mediniut_ashkaa_tzfuia/pension-expected-investment-policy-update052026.xlsx,policy/companies/520023185/raw/520023185/ed57cdc739a8_pension-expected-investment-policy-update052026.xlsx,עמיתי דור ביניים
520023185,,,520023185|עמיתי דור ביניים|מספר מסלול באוצר 3471,מספר מסלול באוצר 3471,2026,"אג""ח ממשלתי (צמוד, שקלי ומט""ח), ממשלות זרות בנטרול חשיפות בנגזרים",,14.17,16.0,0.05,11.0,21.0,"מדד אג""ח ממשלתי כללי",,עמיתי דור ביניים,2026-09-30T21:21:21+00:00,http://www.fnx.co.il/sites/docs/genery/mediniut_ashkaa_tzfuia/pension-expected-investment-policy-update052026.xlsx,policy/companies/520023185/raw/520023185/ed57cdc739a8_pension-expected-investment-policy-update052026.xlsx,עמיתי דור ביניים
520023185,,,520023185|עמיתי דור ביניים|מספר מסלול באוצר 3471,מספר מסלול באוצר 3471,2026,"אג""ח מיועדות ורכיב מבטיח תשואה(***)",,32.78,30.0,0.05,25.0,35.0,,,עמיתי דור ביניים,2026-09-30T21:21:21+00:00,http://www.fnx.co.il/sites/docs/genery/mediniut_ashkaa_tzfuia/pension-expected-investment-policy-update052026.xlsx,policy/companies/520023185/raw/520023185/ed57cdc739a8_pension-expected-investment-policy-update052026.xlsx,עמיתי דור ביניים
520023185,,,520023185|עמיתי דור ביניים|מספר מסלול באוצר 3471,מספר מסלול באוצר 3471,2026,"אג""ח קונצרני (כולל קרנות נאמנות, תעודות סל)",,28.65,32.0,0.06,26.0,38.0,"35% - תל בונד כללי , 20% - תל בונד 60 , 15% - תל בונד 50 , 15% - IBOXX HY - 15%, IBOXX IG",,עמיתי דור ביניים,2026-09-30T21:21:21+00:00,http://www.fnx.co.il/sites/docs/genery/mediniut_ashkaa_tzfuia/pension-expected-investment-policy-update052026.xlsx,policy/companies/520023185/raw/520023185/ed57cdc739a8_pension-expected-investment-policy-update052026.xlsx,עמיתי דור ביניים
520023185,,,520023185|עמיתי דור ביניים|מספר מסלול באוצר 3471,מספר מסלול באוצר 3471,2026,"אחר (קרנות השקעה,Co Invest, תשתיות, גידור,נדלן)",,0.73,2.0,0.05,0.0,7.0,,,עמיתי דור ביניים,2026-09-30T21:21:21+00:00,http://www.fnx.co.il/sites/docs/genery/mediniut_ashkaa_tzfuia/pension-expected-investment-policy-update052026.xlsx,policy/companies/520023185/raw/520023185/ed57cdc739a8_pension-expected-investment-policy-update052026.xlsx,עמיתי דור ביניים
520023185,,,520023185|עמיתי דור ביניים|מספר מסלול באוצר 3471,מספר מסלול באוצר 3471,2026,מזומנים (*),,4.37,3.0,,,,,,עמיתי דור ביניים,2026-09-30T21:21:21+00:00,http://www.fnx.co.il/sites/docs/genery/mediniut_ashkaa_tzfuia/pension-expected-investment-policy-update052026.xlsx,policy/companies/520023185/raw/520023185/ed57cdc739a8_pension-expected-investment-policy-update052026.xlsx,עמיתי דור ביניים
520023185,,,520023185|עמיתי דור ביניים|מספר מסלול באוצר 3471,מספר מסלול באוצר 3471,2026,"חשיפה למט""ח",fx,13.3,13.0,0.06,7.0,19.0,,,עמיתי דור ביניים,2026-09-30T21:21:21+00:00,http://www.fnx.co.il/sites/docs/genery/mediniut_ashkaa_tzfuia/pension-expected-investment-policy-update052026.xlsx,policy/companies/520023185/raw/520023185/ed57cdc739a8_pension-expected-investment-policy-update052026.xlsx,עמיתי דור ביניים
520023185,,,520023185|עמיתי דור ביניים|מספר מסלול באוצר 3471,מספר מסלול באוצר 3471,2026,מגבלת עמלת ניהול חיצוני לשנת 2026,,0.0,,,,,,,עמיתי דור ביניים,2026-09-30T21:21:21+00:00,http://www.fnx.co.il/sites/docs/genery/mediniut_ashkaa_tzfuia/pension-expected-investment-policy-update052026.xlsx,policy/companies/520023185/raw/520023185/ed57cdc739a8_pension-expected-investment-policy-update052026.xlsx,עמיתי דור ביניים
520023185,,,520023185|עמיתי דור ביניים|הפניקס פנסיה מקיפה מסלול כללי,הפניקס פנסיה מקיפה מסלול כללי,2026,"מניות (כולל תעודות סל, אופציות, קרנות נאמנות)",equity,33.32,,+/- 6%,28.0,40.0,,,עמיתי דור ביניים,2026-09-30T21:21:21+00:00,http://www.fnx.co.il/sites/docs/genery/mediniut_ashkaa_tzfuia/pension-expected-investment-policy-update052026.xlsx,policy/companies/520023185/raw/520023185/ed57cdc739a8_pension-expected-investment-policy-update052026.xlsx,עמיתי דור ביניים
520023185,,,520023185|עמיתי דור ביניים|הפניקס פנסיה מקיפה מסלול כללי,הפניקס פנסיה מקיפה מסלול כללי,2026,"אג""ח ממשלתי (צמוד, שקלי ומט""ח), ממשלות זרות בנטרול חשיפות בנגזרים1",,35.97,,+/- 5%,33.0,43.0,,,עמיתי דור ביניים,2026-09-30T21:21:21+00:00,http://www.fnx.co.il/sites/docs/genery/mediniut_ashkaa_tzfuia/pension-expected-investment-policy-update052026.xlsx,policy/companies/520023185/raw/520023185/ed57cdc739a8_pension-expected-investment-policy-update052026.xlsx,עמיתי דור ביניים
520023185,,,520023185|עמיתי דור ביניים|הפניקס פנסיה מקיפה מסלול כללי,הפניקס פנסיה מקיפה מסלול כללי,2026,"אג""ח מיועדות",,29.71,,,,,,,עמיתי דור ביניים,2026-09-30T21:21:21+00:00,http://www.fnx.co.il/sites/docs/genery/mediniut_ashkaa_tzfuia/pension-expected-investment-policy-update052026.xlsx,policy/companies/520023185/raw/520023185/ed57cdc739a8_pension-expected-investment-policy-update052026.xlsx,עמיתי דור ביניים
520023185,,,520023185|עמיתי דור ביניים|הפניקס פנסיה מקיפה מסלול כללי,הפניקס פנסיה מקיפה מסלול כללי,2026,"אג""ח קונצרני (קרנות נאמנות, תעודות סל)",,25.51,,+/- 6%,17.0,29.0,,,עמיתי דור ביניים,2026-09-30T21:21:21+00:00,http://www.fnx.co.il/sites/docs/genery/mediniut_ashkaa_tzfuia/pension-expected-investment-policy-update052026.xlsx,policy/companies/520023185/raw/520023185/ed57cdc739a8_pension-expected-investment-policy-update052026.xlsx,עמיתי דור ביניים
520023185,,,520023185|עמיתי דור ביניים|הפניקס פנסיה מקיפה מסלול כללי,הפניקס פנסיה מקיפה מסלול כללי,2026,"נדל""ן",,3.88,,+/- 5%,0.0,9.0,,,עמיתי דור ביניים,2026-09-30T21:21:21+00:00,http://www.fnx.co.il/sites/docs/genery/mediniut_ashkaa_tzfuia/pension-expected-investment-policy-update052026.xlsx,policy/companies/520023185/raw/520023185/ed57cdc739a8_pension-expected-investment-policy-update052026.xlsx,עמיתי דור ביניים
520023185,,,520023185|עמיתי דור ביניים|הפניקס פנסיה מקיפה מסלול כללי,הפניקס פנסיה מקיפה מסלול כללי,2026,"אחר (קרנות השקעה, PE, VC, קרדיט, גידור)",,0.61,,+/- 5%,0.0,5.0,,,עמיתי דור ביניים,2026-09-30T21:21:21+00:00,http://www.fnx.co.il/sites/docs/genery/mediniut_ashkaa_tzfuia/pension-expected-investment-policy-update052026.xlsx,policy/companies/520023185/raw/520023185/ed57cdc739a8_pension-expected-investment-policy-update052026.xlsx,עמיתי דור ביניים
520023185,,,520023185|עמיתי דור ביניים|הפניקס פנסיה מקיפה מסלול כללי,הפניקס פנסיה מקיפה מסלול כללי,2026,מזומנים (בנטרול נגזרים),,0.75,,+/- 5%,0.0,6.0,,,עמיתי דור ביניים,2026-09-30T21:21:21+00:00,http://www.fnx.co.il/sites/docs/genery/mediniut_ashkaa_tzfuia/pension-expected-investment-policy-update052026.xlsx,policy/companies/520023185/raw/520023185/ed57cdc739a8_pension-expected-investment-policy-update052026.xlsx,עמיתי דור ביניים
520023185,,,520023185|עמיתי דור ביניים|הפניקס פנסיה מקיפה מסלול כללי,הפניקס פנסיה מקיפה מסלול כללי,2026,"חשיפה למט""ח",fx,16.78,,+/- 6%,10.0,22.0,,,עמיתי דור ביניים,2026-09-30T21:21:21+00:00,http://www.fnx.co.il/sites/docs/genery/mediniut_ashkaa_tzfuia/pension-expected-investment-policy-update052026.xlsx,policy/companies/520023185/raw/520023185/ed57cdc739a8_pension-expected-investment-policy-update052026.xlsx,עמיתי דור ביניים
520023185,,,520023185|קרן גמלאות של עורכי דין|מספר מסלול באוצר 389,מספר מסלול באוצר 389,2026,"מניות (תעודות סל, אופציות, קרנות נאמנות)",equity,18.38,17.0,0.06,11.0,23.0,"40%- מדד ת""א 125 ,   60%- MSCI WORLD AC",,קרן גמלאות של עורכי דין,2026-09-30T21:21:21+00:00,http://www.fnx.co.il/sites/docs/genery/mediniut_ashkaa_tzfuia/pension-expected-investment-policy-update052026.xlsx,policy/companies/520023185/raw/520023185/ed57cdc739a8_pension-expected-investment-policy-update052026.xlsx,קרן גמלאות של עורכי דין
520023185,,,520023185|קרן גמלאות של עורכי דין|מספר מסלול באוצר 389,מספר מסלול באוצר 389,2026,"אג""ח ממשלתי (צמוד, שקלי ומט""ח), ממשלות זרות בנטרול חשיפות בנגזרים",,26.66,31.0,0.05,26.0,36.0,"מדד אג""ח ממשלתי כללי",,קרן גמלאות של עורכי דין,2026-09-30T21:21:21+00:00,http://www.fnx.co.il/sites/docs/genery/mediniut_ashkaa_tzfuia/pension-expected-investment-policy-update052026.xlsx,policy/companies/520023185/raw/520023185/ed57cdc739a8_pension-expected-investment-policy-update052026.xlsx,קרן גמלאות של עורכי דין
520023185,,,520023185|קרן גמלאות של עורכי דין|מספר מסלול באוצר 389,מספר מסלול באוצר 389,2026,"אג""ח מיועדות ורכיב מבטיח תשואה(***)",,33.99,30.0,0.05,25.0,35.0,,,קרן גמלאות של עורכי דין,2026-09-30T21:21:21+00:00,http://www.fnx.co.il/sites/docs/genery/mediniut_ashkaa_tzfuia/pension-expected-investment-policy-update052026.xlsx,policy/companies/520023185/raw/520023185/ed57cdc739a8_pension-expected-investment-policy-update052026.xlsx,קרן גמלאות של עורכי דין
520023185,,,520023185|קרן גמלאות של עורכי דין|מספר מסלול באוצר 389,מספר מסלול באוצר 389,2026,"אג""ח קונצרני (קרנות נאמנות, תעודות סל)",,10.37,12.0,0.06,6.0,18.0,"35% - תל בונד כללי , 20% - תל בונד 60 , 15% - תל בונד 50 , 15% - IBOXX HY - 15%, IBOXX IG",,קרן גמלאות של עורכי דין,2026-09-30T21:21:21+00:00,http://www.fnx.co.il/sites/docs/genery/mediniut_ashkaa_tzfuia/pension-expected-investment-policy-update052026.xlsx,policy/companies/520023185/raw/520023185/ed57cdc739a8_pension-expected-investment-policy-update052026.xlsx,קרן גמלאות של עורכי דין
520023185,,,520023185|קרן גמלאות של עורכי דין|מספר מסלול באוצר 389,מספר מסלול באוצר 389,2026,"אחר (נדלן, קרנות השקעה, Co Invest, תשתיות, גידור)",,5.15,7.0,0.05,2.0,12.0,,,קרן גמלאות של עורכי דין,2026-09-30T21:21:21+00:00,http://www.fnx.co.il/sites/docs/genery/mediniut_ashkaa_tzfuia/pension-expected-investment-policy-update052026.xlsx,policy/companies/520023185/raw/520023185/ed57cdc739a8_pension-expected-investment-policy-update052026.xlsx,קרן גמלאות של עורכי דין
520023185,,,520023185|קרן גמלאות של עורכי דין|מספר מסלול באוצר 389,מספר מסלול באוצר 389,2026,מזומנים (*),,5.44,3.0,,,,,,קרן גמלאות של עורכי דין,2026-09-30T21:21:21+00:00,http://www.fnx.co.il/sites/docs/genery/mediniut_ashkaa_tzfuia/pension-expected-investment-policy-update052026.xlsx,policy/companies/520023185/raw/520023185/ed57cdc739a8_pension-expected-investment-policy-update052026.xlsx,קרן גמלאות של עורכי דין
520023185,,,520023185|קרן גמלאות של עורכי דין|מספר מסלול באוצר 389,מספר מסלול באוצר 389,2026,"חשיפה למט""ח",fx,11.79,11.0,0.06,5.0,17.0,,,קרן גמלאות של עורכי דין,2026-09-30T21:21:21+00:00,http://www.fnx.co.il/sites/docs/genery/mediniut_ashkaa_tzfuia/pension-expected-investment-policy-update052026.xlsx,policy/companies/520023185/raw/520023185/ed57cdc739a8_pension-expected-investment-policy-update052026.xlsx,קרן גמלאות של עורכי דין
520023185,,,520023185|קרן גמלאות של עורכי דין|מספר מסלול באוצר 389,מספר מסלול באוצר 389,2026,מגבלת עמלת ניהול חיצוני לשנת 2026,,0.0,,,,,,,קרן גמלאות של עורכי דין,2026-09-30T21:21:21+00:00,http://www.fnx.co.il/sites/docs/genery/mediniut_ashkaa_tzfuia/pension-expected-investment-policy-update052026.xlsx,policy/companies/520023185/raw/520023185/ed57cdc739a8_pension-expected-investment-policy-update052026.xlsx,קרן גמלאות של עורכי דין
520023185,,,520023185|אקסלנס ישן|מסלול מנוהל כללי 1,מסלול מנוהל כללי 1,2026,מניות,equity,,91.0,+/- 6%,85.0,97.0,"מדד ת""א 100",,אקסלנס ישן,2026-09-30T21:21:21+00:00,http://www.fnx.co.il/sites/docs/genery/mediniut_ashkaa_tzfuia/bituach-expected-investment-policy-update052026.xlsx,policy/companies/520023185/raw/520023185/80d1ad79d75f_bituach-expected-investment-policy-update052026.xlsx, אקסלנס ישן
520023185,,,520023185|אקסלנס ישן|מסלול מנוהל כללי 1,מסלול מנוהל כללי 1,2026,מזומנים,,,9.0,+/- 5%,4.0,14.0,"מדד מק""מ",,אקסלנס ישן,2026-09-30T21:21:21+00:00,http://www.fnx.co.il/sites/docs/genery/mediniut_ashkaa_tzfuia/bituach-expected-investment-policy-update052026.xlsx,policy/companies/520023185/raw/520023185/80d1ad79d75f_bituach-expected-investment-policy-update052026.xlsx, אקסלנס ישן
520023185,,,520023185|אקסלנס ישן|מסלול מנוהל כללי 1,מסלול מנוהל כללי 1,2026,מניות,equity,,91.0,+/- 6%,85.0,97.0,"מדד ת""א 100",,אקסלנס ישן,2026-09-30T21:21:21+00:00,http://www.fnx.co.il/sites/docs/genery/mediniut_ashkaa_tzfuia/bituach-expected-investment-policy-update072026.xlsx,policy/companies/520023185/raw/520023185/2cc889637e0e_bituach-expected-investment-policy-update072026.xlsx, אקסלנס ישן
520023185,,,520023185|אקסלנס ישן|מסלול מנוהל כללי 1,מסלול מנוהל כללי 1,2026,מזומנים,,,9.0,+/- 5%,4.0,14.0,"מדד מק""מ",,אקסלנס ישן,2026-09-30T21:21:21+00:00,http://www.fnx.co.il/sites/docs/genery/mediniut_ashkaa_tzfuia/bituach-expected-investment-policy-update072026.xlsx,policy/companies/520023185/raw/520023185/2cc889637e0e_bituach-expected-investment-policy-update072026.xlsx, אקסלנס ישן
520023185,,,520023185|אקסלנס ישן|מסלול מנוהל כללי 1,מסלול מנוהל כללי 1,2026,מניות,equity,,91.0,+/- 6%,85.0,97.0,"מדד ת""א 100",,אקסלנס ישן,2026-09-30T21:21:21+00:00,http://www.fnx.co.il/sites/docs/genery/mediniut_ashkaa_tzfuia/bituach-expected-investment-policy-2026.xlsx,policy/companies/520023185/raw/520023185/951049d9d9a1_bituach-expected-investment-policy-2026.xlsx, אקסלנס ישן
520023185,,,520023185|אקסלנס ישן|מסלול מנוהל כללי 1,מסלול מנוהל כללי 1,2026,מזומנים,,,9.0,+/- 5%,4.0,14.0,"מדד מק""מ",,אקסלנס ישן,2026-09-30T21:21:21+00:00,http://www.fnx.co.il/sites/docs/genery/mediniut_ashkaa_tzfuia/bituach-expected-investment-policy-2026.xlsx,policy/companies/520023185/raw/520023185/951049d9d9a1_bituach-expected-investment-policy-2026.xlsx, אקסלנס ישן
520023185,,,520023185|מקיפה - אשכול 1 - אקטיבי|מספר מסול באוצר 2189,מספר מסול באוצר 2189,2026,"אג""ח ממשלתי (צמוד, שקלי ומט""ח), 
ממשלות זרות בנטרול חשיפות בנגזרים",,57.3,56.0,0.05,51.0,61.0,"מדד אג""ח ממשלתי כללי",,מקיפה - אשכול 1 - אקטיבי,2026-09-30T21:21:21+00:00,http://www.fnx.co.il/sites/docs/genery/mediniut_ashkaa_tzfuia/pension-expected-investment-policy-2026.xlsx,policy/companies/520023185/raw/520023185/fcbc1bb9c5bf_pension-expected-investment-policy-2026.xlsx,מקיפה - אשכול 1 - אקטיבי
520023185,,,520023185|מקיפה - אשכול 1 - אקטיבי|מספר מסול באוצר 2189,מספר מסול באוצר 2189,2026,"אג""ח מיועדות ורכיב מבטיח תשואה(***)",,26.25,27.0,0.05,22.0,32.0,,,מקיפה - אשכול 1 - אקטיבי,2026-09-30T21:21:21+00:00,http://www.fnx.co.il/sites/docs/genery/mediniut_ashkaa_tzfuia/pension-expected-investment-policy-2026.xlsx,policy/companies/520023185/raw/520023185/fcbc1bb9c5bf_pension-expected-investment-policy-2026.xlsx,מקיפה - אשכול 1 - אקטיבי
520023185,,,520023185|מקיפה - אשכול 1 - אקטיבי|מספר מסול באוצר 2189,מספר מסול באוצר 2189,2026,"אג""ח קונצרני (כולל קרנות נאמנות, תעודות סל)",,15.31,16.0,0.06,10.0,22.0,"35% - תל בונד כללי , 20% - תל בונד 60 , 15% - תל בונד 50 , 15% - IBOXX HY - 15%, IBOXX IG",,מקיפה - אשכול 1 - אקטיבי,2026-09-30T21:21:21+00:00,http://www.fnx.co.il/sites/docs/genery/mediniut_ashkaa_tzfuia/pension-expected-investment-policy-2026.xlsx,policy/companies/520023185/raw/520023185/fcbc1bb9c5bf_pension-expected-investment-policy-2026.xlsx,מקיפה - אשכול 1 - אקטיבי
520023185,,,520023185|מקיפה - אשכול 1 - אקטיבי|מספר מסול באוצר 2189,מספר מסול באוצר 2189,2026,מזומנים (*),,1.14,1.0,,,,,,מקיפה - אשכול 1 - אקטיבי,2026-09-30T21:21:21+00:00,http://www.fnx.co.il/sites/docs/genery/mediniut_ashkaa_tzfuia/pension-expected-investment-policy-2026.xlsx,policy/companies/520023185/raw/520023185/fcbc1bb9c5bf_pension-expected-investment-policy-2026.xlsx,מקיפה - אשכול 1 - אקטיבי
520023185,,,520023185|מקיפה - אשכול 1 - אקטיבי|מספר מסול באוצר 2189,מספר מסול באוצר 2189,2026,"חשיפה למט""ח",fx,0.0,0.0,0.06,0.0,6.0,,,מקיפה - אשכול 1 - אקטיבי,2026-09-30T21:21:21+00:00,http://www.fnx.co.il/sites/docs/genery/mediniut_ashkaa_tzfuia/pension-expected-investment-policy-2026.xlsx,policy/companies/520023185/raw/520023185/fcbc1bb9c5bf_pension-expected-investment-policy-2026.xlsx,מקיפה - אשכול 1 - אקטיבי
520023185,,,520023185|מקיפה - אשכול 1 - אקטיבי|מספר מסול באוצר 2189,מספר מסול באוצר 2189,2026,מגבלת עמלת ניהול חיצוני לשנת 2026,,0.05,,,,,,,מקיפה - אשכול 1 - אקטיבי,2026-09-30T21:21:21+00:00,http://www.fnx.co.il/sites/docs/genery/mediniut_ashkaa_tzfuia/pension-expected-investment-policy-2026.xlsx,policy/companies/520023185/raw/520023185/fcbc1bb9c5bf_pension-expected-investment-policy-2026.xlsx,מקיפה - אשכול 1 - אקטיבי
520023185,,,520023185|מקיפה - אשכול 1 - אקטיבי|מספר מסלול באוצר 2188,מספר מסלול באוצר 2188,2026,"מניות (כולל תעודות סל, אופציות, קרנות נאמנות)",equity,3.34,3.0,0.06,0.0,9.0,"40%- מדד ת""א 125 ,   60%- MSCI WORLD AC",,מקיפה - אשכול 1 - אקטיבי,2026-09-30T21:21:21+00:00,http://www.fnx.co.il/sites/docs/genery/mediniut_ashkaa_tzfuia/pension-expected-investment-policy-2026.xlsx,policy/companies/520023185/raw/520023185/fcbc1bb9c5bf_pension-expected-investment-policy-2026.xlsx,מקיפה - אשכול 1 - אקטיבי
520023185,,,520023185|מקיפה - אשכול 1 - אקטיבי|מספר מסלול באוצר 2188,מספר מסלול באוצר 2188,2026,"אג""ח ממשלתי (צמוד, שקלי ומט""ח), 
ממשלות זרות בנטרול חשיפות בנגזרים",,8.24,9.0,0.05,4.0,14.0,"מדד אג""ח ממשלתי כללי",,מקיפה - אשכול 1 - אקטיבי,2026-09-30T21:21:21+00:00,http://www.fnx.co.il/sites/docs/genery/mediniut_ashkaa_tzfuia/pension-expected-investment-policy-2026.xlsx,policy/companies/520023185/raw/520023185/fcbc1bb9c5bf_pension-expected-investment-policy-2026.xlsx,מקיפה - אשכול 1 - אקטיבי
520023185,,,520023185|מקיפה - אשכול 1 - אקטיבי|מספר מסלול באוצר 2188,מספר מסלול באוצר 2188,2026,"אג""ח מיועדות ורכיב מבטיח תשואה(***)",,26.83,27.0,0.05,22.0,32.0,,,מקיפה - אשכול 1 - אקטיבי,2026-09-30T21:21:21+00:00,http://www.fnx.co.il/sites/docs/genery/mediniut_ashkaa_tzfuia/pension-expected-investment-policy-2026.xlsx,policy/companies/520023185/raw/520023185/fcbc1bb9c5bf_pension-expected-investment-policy-2026.xlsx,מקיפה - אשכול 1 - אקטיבי
520023185,,,520023185|מקיפה - אשכול 1 - אקטיבי|מספר מסלול באוצר 2188,מספר מסלול באוצר 2188,2026,"אג""ח קונצרני (כולל קרנות נאמנות, תעודות סל)",,57.26,57.0,0.06,51.0,63.0,"35% - תל בונד כללי , 20% - תל בונד 60 , 15% - תל בונד 50 , 15% - IBOXX HY - 15%, IBOXX IG",,מקיפה - אשכול 1 - אקטיבי,2026-09-30T21:21:21+00:00,http://www.fnx.co.il/sites/docs/genery/mediniut_ashkaa_tzfuia/pension-expected-investment-policy-2026.xlsx,policy/companies/520023185/raw/520023185/fcbc1bb9c5bf_pension-expected-investment-policy-2026.xlsx,מקיפה - אשכול 1 - אקטיבי
520023185,,,520023185|מקיפה - אשכול 1 - אקטיבי|מספר מסלול באוצר 2188,מספר מסלול באוצר 2188,2026,"אחר ( Co Invest, נדל""ן, קרנות השקעהתשתיות, גידור)",,0.13,1.0,0.05,0.0,6.0,,,מקיפה - אשכול 1 - אקטיבי,2026-09-30T21:21:21+00:00,http://www.fnx.co.il/sites/docs/genery/mediniut_ashkaa_tzfuia/pension-expected-investment-policy-2026.xlsx,policy/companies/520023185/raw/520023185/fcbc1bb9c5bf_pension-expected-investment-policy-2026.xlsx,מקיפה - אשכול 1 - אקטיבי
520023185,,,520023185|מקיפה - אשכול 1 - אקטיבי|מספר מסלול באוצר 2188,מספר מסלול באוצר 2188,2026,מזומנים (*),,4.18,3.0,,,,,,מקיפה - אשכול 1 - אקטיבי,2026-09-30T21:21:21+00:00,http://www.fnx.co.il/sites/docs/genery/mediniut_ashkaa_tzfuia/pension-expected-investment-policy-2026.xlsx,policy/companies/520023185/raw/520023185/fcbc1bb9c5bf_pension-expected-investment-policy-2026.xlsx,מקיפה - אשכול 1 - אקטיבי
520023185,,,520023185|מקיפה - אשכול 1 - אקטיבי|מספר מסלול באוצר 2188,מספר מסלול באוצר 2188,2026,"חשיפה למט""ח",fx,9.73,9.0,0.06,3.0,15.0,,,מקיפה - אשכול 1 - אקטיבי,2026-09-30T21:21:21+00:00,http://www.fnx.co.il/sites/docs/genery/mediniut_ashkaa_tzfuia/pension-expected-investment-policy-2026.xlsx,policy/companies/520023185/raw/520023185/fcbc1bb9c5bf_pension-expected-investment-policy-2026.xlsx,מקיפה - אשכול 1 - אקטיבי
520023185,,,520023185|מקיפה - אשכול 1 - אקטיבי|מספר מסלול באוצר 2188,מספר מסלול באוצר 2188,2026,מגבלת עמלת ניהול חיצוני לשנת 2026,,0.15,,,,,,,מקיפה - אשכול 1 - אקטיבי,2026-09-30T21:21:21+00:00,http://www.fnx.co.il/sites/docs/genery/mediniut_ashkaa_tzfuia/pension-expected-investment-policy-2026.xlsx,policy/companies/520023185/raw/520023185/fcbc1bb9c5bf_pension-expected-investment-policy-2026.xlsx,מקיפה - אשכול 1 - אקטיבי
520023185,,,520023185|מקיפה - אשכול 1 - אקטיבי|מספר מסלול באוצר 2187,מספר מסלול באוצר 2187,2026,"מניות (כולל תעודות סל, אופציות, קרנות נאמנות)",equity,70.04,69.0,0.06,63.0,75.0,"40%- מדד ת""א 125 ,   60%- MSCI WORLD AC",,מקיפה - אשכול 1 - אקטיבי,2026-09-30T21:21:21+00:00,http://www.fnx.co.il/sites/docs/genery/mediniut_ashkaa_tzfuia/pension-expected-investment-policy-2026.xlsx,policy/companies/520023185/raw/520023185/fcbc1bb9c5bf_pension-expected-investment-policy-2026.xlsx,מקיפה - אשכול 1 - אקטיבי
520023185,,,520023185|מקיפה - אשכול 1 - אקטיבי|מספר מסלול באוצר 2187,מספר מסלול באוצר 2187,2026,"אג""ח ממשלתי (צמוד, שקלי ומט""ח), 
ממשלות זרות בנטרול חשיפות בנגזרים",,1.68,2.0,0.05,0.0,7.0,"מדד אג""ח ממשלתי כללי",,מקיפה - אשכול 1 - אקטיבי,2026-09-30T21:21:21+00:00,http://www.fnx.co.il/sites/docs/genery/mediniut_ashkaa_tzfuia/pension-expected-investment-policy-2026.xlsx,policy/companies/520023185/raw/520023185/fcbc1bb9c5bf_pension-expected-investment-policy-2026.xlsx,מקיפה - אשכול 1 - אקטיבי
520023185,,,520023185|מקיפה - אשכול 1 - אקטיבי|מספר מסלול באוצר 2187,מספר מסלול באוצר 2187,2026,"אג""ח מיועדות ורכיב מבטיח תשואה(***)",,24.6,27.0,0.05,22.0,32.0,,,מקיפה - אשכול 1 - אקטיבי,2026-09-30T21:21:21+00:00,http://www.fnx.co.il/sites/docs/genery/mediniut_ashkaa_tzfuia/pension-expected-investment-policy-2026.xlsx,policy/companies/520023185/raw/520023185/fcbc1bb9c5bf_pension-expected-investment-policy-2026.xlsx,מקיפה - אשכול 1 - אקטיבי
520023185,,,520023185|מקיפה - אשכול 1 - אקטיבי|מספר מסלול באוצר 2187,מספר מסלול באוצר 2187,2026,"אחר ( Co Invest, נדל""ן, קרנות השקעה,תשתיות, גידור)",,2.0,1.0,0.05,0.0,6.0,,,מקיפה - אשכול 1 - אקטיבי,2026-09-30T21:21:21+00:00,http://www.fnx.co.il/sites/docs/genery/mediniut_ashkaa_tzfuia/pension-expected-investment-policy-2026.xlsx,policy/companies/520023185/raw/520023185/fcbc1bb9c5bf_pension-expected-investment-policy-2026.xlsx,מקיפה - אשכול 1 - אקטיבי
520023185,,,520023185|מקיפה - אשכול 1 - אקטיבי|מספר מסלול באוצר 2187,מספר מסלול באוצר 2187,2026,מזומנים (*),,1.83,1.0,,,,,,מקיפה - אשכול 1 - אקטיבי,2026-09-30T21:21:21+00:00,http://www.fnx.co.il/sites/docs/genery/mediniut_ashkaa_tzfuia/pension-expected-investment-policy-2026.xlsx,policy/companies/520023185/raw/520023185/fcbc1bb9c5bf_pension-expected-investment-policy-2026.xlsx,מקיפה - אשכול 1 - אקטיבי
520023185,,,520023185|מקיפה - אשכול 1 - אקטיבי|מספר מסלול באוצר 2187,מספר מסלול באוצר 2187,2026,"חשיפה למט""ח",fx,22.53,22.0,0.06,16.0,28.0,,,מקיפה - אשכול 1 - אקטיבי,2026-09-30T21:21:21+00:00,http://www.fnx.co.il/sites/docs/genery/mediniut_ashkaa_tzfuia/pension-expected-investment-policy-2026.xlsx,policy/companies/520023185/raw/520023185/fcbc1bb9c5bf_pension-expected-investment-policy-2026.xlsx,מקיפה - אשכול 1 - אקטיבי
520023185,,,520023185|מקיפה - אשכול 1 - אקטיבי|מספר מסלול באוצר 2187,מספר מסלול באוצר 2187,2026,מגבלת עמלת ניהול חיצוני לשנת 2026,,0.15,,,,,,,מקיפה - אשכול 1 - אקטיבי,2026-09-30T21:21:21+00:00,http://www.fnx.co.il/sites/docs/genery/mediniut_ashkaa_tzfuia/pension-expected-investment-policy-2026.xlsx,policy/companies/520023185/raw/520023185/fcbc1bb9c5bf_pension-expected-investment-policy-2026.xlsx,מקיפה - אשכול 1 - אקטיבי
520023185,,,520023185|מקיפה - אשכול 3 סחיר|מספר מסלול באוצר 14285,מספר מסלול באוצר 14285,2026,"מניות (תעודות סל, אופציות, קרנות נאמנות)",equity,48.42,48.0,0.06,42.0,54.0,"40%- מדד ת""א 125 ,   60%- MSCI WORLD AC",,מקיפה - אשכול 3 סחיר,2026-09-30T21:21:21+00:00,http://www.fnx.co.il/sites/docs/genery/mediniut_ashkaa_tzfuia/pension-expected-investment-policy-2026.xlsx,policy/companies/520023185/raw/520023185/fcbc1bb9c5bf_pension-expected-investment-policy-2026.xlsx,מקיפה - אשכול 3 סחיר
520023185,,,520023185|מקיפה - אשכול 3 סחיר|מספר מסלול באוצר 14285,מספר מסלול באוצר 14285,2026,"אג""ח ממשלתי (צמוד, שקלי ומט""ח), ממשלות זרות בנטרול חשיפות בנגזרים",,6.21,6.0,0.05,1.0,11.0,"מדד אג""ח ממשלתי כללי",,מקיפה - אשכול 3 סחיר,2026-09-30T21:21:21+00:00,http://www.fnx.co.il/sites/docs/genery/mediniut_ashkaa_tzfuia/pension-expected-investment-policy-2026.xlsx,policy/companies/520023185/raw/520023185/fcbc1bb9c5bf_pension-expected-investment-policy-2026.xlsx,מקיפה - אשכול 3 סחיר
520023185,,,520023185|מקיפה - אשכול 3 סחיר|מספר מסלול באוצר 14285,מספר מסלול באוצר 14285,2026,"אג""ח מיועדות ורכיב מבטיח תשואה(***)",,24.66,27.0,0.05,22.0,32.0,,,מקיפה - אשכול 3 סחיר,2026-09-30T21:21:21+00:00,http://www.fnx.co.il/sites/docs/genery/mediniut_ashkaa_tzfuia/pension-expected-investment-policy-2026.xlsx,policy/companies/520023185/raw/520023185/fcbc1bb9c5bf_pension-expected-investment-policy-2026.xlsx,מקיפה - אשכול 3 סחיר
520023185,,,520023185|מקיפה - אשכול 3 סחיר|מספר מסלול באוצר 14285,מספר מסלול באוצר 14285,2026,"אג""ח קונצרני (כולל קרנות נאמנות, תעודות סל)",,18.14,18.0,0.06,12.0,24.0,"35% - תל בונד כללי , 20% - תל בונד 60 , 15% - תל בונד 50 , 15% - IBOXX HY - 15%, IBOXX IG",,מקיפה - אשכול 3 סחיר,2026-09-30T21:21:21+00:00,http://www.fnx.co.il/sites/docs/genery/mediniut_ashkaa_tzfuia/pension-expected-investment-policy-2026.xlsx,policy/companies/520023185/raw/520023185/fcbc1bb9c5bf_pension-expected-investment-policy-2026.xlsx,מקיפה - אשכול 3 סחיר
520023185,,,520023185|מקיפה - אשכול 3 סחיר|מספר מסלול באוצר 14285,מספר מסלול באוצר 14285,2026,מזומנים (*),,2.56,1.0,,,,,,מקיפה - אשכול 3 סחיר,2026-09-30T21:21:21+00:00,http://www.fnx.co.il/sites/docs/genery/mediniut_ashkaa_tzfuia/pension-expected-investment-policy-2026.xlsx,policy/companies/520023185/raw/520023185/fcbc1bb9c5bf_pension-expected-investment-policy-2026.xlsx,מקיפה - אשכול 3 סחיר
520023185,,,520023185|מקיפה - אשכול 3 סחיר|מספר מסלול באוצר 14285,מספר מסלול באוצר 14285,2026,"חשיפה למט""ח",fx,18.61,17.0,0.06,11.0,23.0,,,מקיפה - אשכול 3 סחיר,2026-09-30T21:21:21+00:00,http://www.fnx.co.il/sites/docs/genery/mediniut_ashkaa_tzfuia/pension-expected-investment-policy-2026.xlsx,policy/companies/520023185/raw/520023185/fcbc1bb9c5bf_pension-expected-investment-policy-2026.xlsx,מקיפה - אשכול 3 סחיר
520023185,,,520023185|מקיפה - אשכול 3 סחיר|מספר מסלול באוצר 14285,מספר מסלול באוצר 14285,2026,מגבלת עמלת ניהול חיצוני לשנת 2026,,0.15,,,,,,,מקיפה - אשכול 3 סחיר,2026-09-30T21:21:21+00:00,http://www.fnx.co.il/sites/docs/genery/mediniut_ashkaa_tzfuia/pension-expected-investment-policy-2026.xlsx,policy/companies/520023185/raw/520023185/fcbc1bb9c5bf_pension-expected-investment-policy-2026.xlsx,מקיפה - אשכול 3 סחיר
520023185,,,520023185|מקיפה - אשכול 3 סחיר|מספר מסלול באוצר 15217,מספר מסלול באוצר 15217,2026,"מניות (תעודות סל, אופציות, קרנות נאמנות)",equity,21.79,19.0,0.06,13.0,25.0,"100%- מדד ת""א 125",,מקיפה - אשכול 3 סחיר,2026-09-30T21:21:21+00:00,http://www.fnx.co.il/sites/docs/genery/mediniut_ashkaa_tzfuia/pension-expected-investment-policy-2026.xlsx,policy/companies/520023185/raw/520023185/fcbc1bb9c5bf_pension-expected-investment-policy-2026.xlsx,מקיפה - אשכול 3 סחיר
520023185,,,520023185|מקיפה - אשכול 3 סחיר|מספר מסלול באוצר 15217,מספר מסלול באוצר 15217,2026,"אג""ח ממשלתי (צמוד, שקלי ומט""ח), ממשלות זרות בנטרול חשיפות בנגזרים",,6.84,7.0,0.05,2.0,12.0,"מדד אג""ח ממשלתי כללי",,מקיפה - אשכול 3 סחיר,2026-09-30T21:21:21+00:00,http://www.fnx.co.il/sites/docs/genery/mediniut_ashkaa_tzfuia/pension-expected-investment-policy-2026.xlsx,policy/companies/520023185/raw/520023185/fcbc1bb9c5bf_pension-expected-investment-policy-2026.xlsx,מקיפה - אשכול 3 סחיר
520023185,,,520023185|מקיפה - אשכול 3 סחיר|מספר מסלול באוצר 15217,מספר מסלול באוצר 15217,2026,"אג""ח מיועדות ורכיב מבטיח תשואה(***)",,23.36,27.0,0.05,22.0,32.0,,,מקיפה - אשכול 3 סחיר,2026-09-30T21:21:21+00:00,http://www.fnx.co.il/sites/docs/genery/mediniut_ashkaa_tzfuia/pension-expected-investment-policy-2026.xlsx,policy/companies/520023185/raw/520023185/fcbc1bb9c5bf_pension-expected-investment-policy-2026.xlsx,מקיפה - אשכול 3 סחיר
520023185,,,520023185|מקיפה - אשכול 3 סחיר|מספר מסלול באוצר 15217,מספר מסלול באוצר 15217,2026,"אג""ח קונצרני (כולל קרנות נאמנות, תעודות סל)",,44.51,45.0,0.06,39.0,51.0,"50% - תל בונד כללי , 30% - תל בונד 60 , 20% - תל בונד 50 ,",,מקיפה - אשכול 3 סחיר,2026-09-30T21:21:21+00:00,http://www.fnx.co.il/sites/docs/genery/mediniut_ashkaa_tzfuia/pension-expected-investment-policy-2026.xlsx,policy/companies/520023185/raw/520023185/fcbc1bb9c5bf_pension-expected-investment-policy-2026.xlsx,מקיפה - אשכול 3 סחיר
520023185,,,520023185|מקיפה - אשכול 3 סחיר|מספר מסלול באוצר 15217,מספר מסלול באוצר 15217,2026,מזומנים (*),,3.5,2.0,,,,,,מקיפה - אשכול 3 סחיר,2026-09-30T21:21:21+00:00,http://www.fnx.co.il/sites/docs/genery/mediniut_ashkaa_tzfuia/pension-expected-investment-policy-2026.xlsx,policy/companies/520023185/raw/520023185/fcbc1bb9c5bf_pension-expected-investment-policy-2026.xlsx,מקיפה - אשכול 3 סחיר
520023185,,,520023185|מקיפה - אשכול 3 סחיר|מספר מסלול באוצר 15217,מספר מסלול באוצר 15217,2026,"חשיפה למט""ח",fx,7.2,9.0,0.06,3.0,15.0,,,מקיפה - אשכול 3 סחיר,2026-09-30T21:21:21+00:00,http://www.fnx.co.il/sites/docs/genery/mediniut_ashkaa_tzfuia/pension-expected-investment-policy-2026.xlsx,policy/companies/520023185/raw/520023185/fcbc1bb9c5bf_pension-expected-investment-policy-2026.xlsx,מקיפה - אשכול 3 סחיר
520023185,,,520023185|מקיפה - אשכול 3 סחיר|מספר מסלול באוצר 15217,מספר מסלול באוצר 15217,2026,מגבלת עמלת ניהול חיצוני לשנת 2026,,0.1,,,,,,,מקיפה - אשכול 3 סחיר,2026-09-30T21:21:21+00:00,http://www.fnx.co.il/sites/docs/genery/mediniut_ashkaa_tzfuia/pension-expected-investment-policy-2026.xlsx,policy/companies/520023185/raw/520023185/fcbc1bb9c5bf_pension-expected-investment-policy-2026.xlsx,מקיפה - אשכול 3 סחיר
520023185,,,520023185|מקיפה - אשכול 3 סחיר|מספר מסלול באוצר 15218,מספר מסלול באוצר 15218,2026,"מניות (תעודות סל, אופציות, קרנות נאמנות)",equity,76.16,72.0,0.06,66.0,78.0,"100%- מדד ת""א 125",,מקיפה - אשכול 3 סחיר,2026-09-30T21:21:21+00:00,http://www.fnx.co.il/sites/docs/genery/mediniut_ashkaa_tzfuia/pension-expected-investment-policy-2026.xlsx,policy/companies/520023185/raw/520023185/fcbc1bb9c5bf_pension-expected-investment-policy-2026.xlsx,מקיפה - אשכול 3 סחיר
520023185,,,520023185|מקיפה - אשכול 3 סחיר|מספר מסלול באוצר 15218,מספר מסלול באוצר 15218,2026,"אג""ח ממשלתי (צמוד, שקלי ומט""ח), ממשלות זרות בנטרול חשיפות בנגזרים",,0.21,0.0,0.05,0.0,5.0,,,מקיפה - אשכול 3 סחיר,2026-09-30T21:21:21+00:00,http://www.fnx.co.il/sites/docs/genery/mediniut_ashkaa_tzfuia/pension-expected-investment-policy-2026.xlsx,policy/companies/520023185/raw/520023185/fcbc1bb9c5bf_pension-expected-investment-policy-2026.xlsx,מקיפה - אשכול 3 סחיר
520023185,,,520023185|מקיפה - אשכול 3 סחיר|מספר מסלול באוצר 15218,מספר מסלול באוצר 15218,2026,"אג""ח קונצרני (כולל קרנות נאמנות, תעודות סל)",,2.26,0.0,0.06,0.0,6.0,,,מקיפה - אשכול 3 סחיר,2026-09-30T21:21:21+00:00,http://www.fnx.co.il/sites/docs/genery/mediniut_ashkaa_tzfuia/pension-expected-investment-policy-2026.xlsx,policy/companies/520023185/raw/520023185/fcbc1bb9c5bf_pension-expected-investment-policy-2026.xlsx,מקיפה - אשכול 3 סחיר
520023185,,,520023185|מקיפה - אשכול 3 סחיר|מספר מסלול באוצר 15218,מספר מסלול באוצר 15218,2026,"אג""ח מיועדות ורכיב מבטיח תשואה(***)",,20.06,27.0,0.05,22.0,32.0,,,מקיפה - אשכול 3 סחיר,2026-09-30T21:21:21+00:00,http://www.fnx.co.il/sites/docs/genery/mediniut_ashkaa_tzfuia/pension-expected-investment-policy-2026.xlsx,policy/companies/520023185/raw/520023185/fcbc1bb9c5bf_pension-expected-investment-policy-2026.xlsx,מקיפה - אשכול 3 סחיר
520023185,,,520023185|מקיפה - אשכול 3 סחיר|מספר מסלול באוצר 15218,מספר מסלול באוצר 15218,2026,מזומנים (*),,1.31,1.0,,,,,,מקיפה - אשכול 3 סחיר,2026-09-30T21:21:21+00:00,http://www.fnx.co.il/sites/docs/genery/mediniut_ashkaa_tzfuia/pension-expected-investment-policy-2026.xlsx,policy/companies/520023185/raw/520023185/fcbc1bb9c5bf_pension-expected-investment-policy-2026.xlsx,מקיפה - אשכול 3 סחיר
520023185,,,520023185|מקיפה - אשכול 3 סחיר|מספר מסלול באוצר 15218,מספר מסלול באוצר 15218,2026,"חשיפה למט""ח",fx,12.95,12.0,0.06,6.0,18.0,,,מקיפה - אשכול 3 סחיר,2026-09-30T21:21:21+00:00,http://www.fnx.co.il/sites/docs/genery/mediniut_ashkaa_tzfuia/pension-expected-investment-policy-2026.xlsx,policy/companies/520023185/raw/520023185/fcbc1bb9c5bf_pension-expected-investment-policy-2026.xlsx,מקיפה - אשכול 3 סחיר
520023185,,,520023185|מקיפה - אשכול 3 סחיר|מספר מסלול באוצר 15218,מספר מסלול באוצר 15218,2026,מגבלת עמלת ניהול חיצוני לשנת 2026,,0.15,,,,,,,מקיפה - אשכול 3 סחיר,2026-09-30T21:21:21+00:00,http://www.fnx.co.il/sites/docs/genery/mediniut_ashkaa_tzfuia/pension-expected-investment-policy-2026.xlsx,policy/companies/520023185/raw/520023185/fcbc1bb9c5bf_pension-expected-investment-policy-2026.xlsx,מקיפה - אשכול 3 סחיר
520023185,,,520023185|מקיפה- אשכול 4 - עוקב מדדים|מספר מסלול באוצר 14286,מספר מסלול באוצר 14286,2026,"מניות (כולל תעודות סל, אופציות, קרנות נאמנות)",equity,46.81,50.0,0.06,44.0,56.0,MSCI WORLD AC,,מקיפה- אשכול 4 - עוקב מדדים,2026-09-30T21:21:21+00:00,http://www.fnx.co.il/sites/docs/genery/mediniut_ashkaa_tzfuia/pension-expected-investment-policy-2026.xlsx,policy/companies/520023185/raw/520023185/fcbc1bb9c5bf_pension-expected-investment-policy-2026.xlsx,מקיפה- אשכול 4 - עוקב מדדים
520023185,,,520023185|מקיפה- אשכול 4 - עוקב מדדים|מספר מסלול באוצר 14286,מספר מסלול באוצר 14286,2026,"אג""ח ממשלתי (צמוד, שקלי ומט""ח), ממשלות זרות בנטרול חשיפות בנגזרים",,3.31,3.0,0.05,0.0,8.0,ISHARES 7-10 YEARS TREASURY,,מקיפה- אשכול 4 - עוקב מדדים,2026-09-30T21:21:21+00:00,http://www.fnx.co.il/sites/docs/genery/mediniut_ashkaa_tzfuia/pension-expected-investment-policy-2026.xlsx,policy/companies/520023185/raw/520023185/fcbc1bb9c5bf_pension-expected-investment-policy-2026.xlsx,מקיפה- אשכול 4 - עוקב מדדים
520023185,,,520023185|מקיפה- אשכול 4 - עוקב מדדים|מספר מסלול באוצר 14286,מספר מסלול באוצר 14286,2026,"אג""ח מיועדות ורכיב מבטיח תשואה(***)",,27.06,27.0,0.05,22.0,32.0,,,מקיפה- אשכול 4 - עוקב מדדים,2026-09-30T21:21:21+00:00,http://www.fnx.co.il/sites/docs/genery/mediniut_ashkaa_tzfuia/pension-expected-investment-policy-2026.xlsx,policy/companies/520023185/raw/520023185/fcbc1bb9c5bf_pension-expected-investment-policy-2026.xlsx,מקיפה- אשכול 4 - עוקב מדדים
520023185,,,520023185|מקיפה- אשכול 4 - עוקב מדדים|מספר מסלול באוצר 14286,מספר מסלול באוצר 14286,2026,"אג""ח קונצרני (כולל קרנות נאמנות, תעודות סל)",,20.42,18.0,0.06,12.0,24.0,"IBOXY HY 46%, IBXXC1D1 12% , JGENUUG 8%, JCMBCOMP 8%, IBOXIG 26%",,מקיפה- אשכול 4 - עוקב מדדים,2026-09-30T21:21:21+00:00,http://www.fnx.co.il/sites/docs/genery/mediniut_ashkaa_tzfuia/pension-expected-investment-policy-2026.xlsx,policy/companies/520023185/raw/520023185/fcbc1bb9c5bf_pension-expected-investment-policy-2026.xlsx,מקיפה- אשכול 4 - עוקב מדדים
520023185,,,520023185|מקיפה- אשכול 4 - עוקב מדדים|מספר מסלול באוצר 14286,מספר מסלול באוצר 14286,2026,אחר,,0.0,0.0,0.05,0.0,5.0,,,מקיפה- אשכול 4 - עוקב מדדים,2026-09-30T21:21:21+00:00,http://www.fnx.co.il/sites/docs/genery/mediniut_ashkaa_tzfuia/pension-expected-investment-policy-2026.xlsx,policy/companies/520023185/raw/520023185/fcbc1bb9c5bf_pension-expected-investment-policy-2026.xlsx,מקיפה- אשכול 4 - עוקב מדדים
520023185,,,520023185|מקיפה- אשכול 4 - עוקב מדדים|מספר מסלול באוצר 14286,מספר מסלול באוצר 14286,2026,מזומנים (*),,2.39,2.0,,,,,,מקיפה- אשכול 4 - עוקב מדדים,2026-09-30T21:21:21+00:00,http://www.fnx.co.il/sites/docs/genery/mediniut_ashkaa_tzfuia/pension-expected-investment-policy-2026.xlsx,policy/companies/520023185/raw/520023185/fcbc1bb9c5bf_pension-expected-investment-policy-2026.xlsx,מקיפה- אשכול 4 - עוקב מדדים
520023185,,,520023185|מקיפה- אשכול 4 - עוקב מדדים|מספר מסלול באוצר 14286,מספר מסלול באוצר 14286,2026,"חשיפה למט""ח",fx,64.34,65.0,0.06,59.0,71.0,,,מקיפה- אשכול 4 - עוקב מדדים,2026-09-30T21:21:21+00:00,http://www.fnx.co.il/sites/docs/genery/mediniut_ashkaa_tzfuia/pension-expected-investment-policy-2026.xlsx,policy/companies/520023185/raw/520023185/fcbc1bb9c5bf_pension-expected-investment-policy-2026.xlsx,מקיפה- אשכול 4 - עוקב מדדים
520023185,,,520023185|מקיפה- אשכול 4 - עוקב מדדים|מספר מסלול באוצר 14286,מספר מסלול באוצר 14286,2026,מגבלת עמלת ניהול חיצוני לשנת 2026,,0.15,,,,,,,מקיפה- אשכול 4 - עוקב מדדים,2026-09-30T21:21:21+00:00,http://www.fnx.co.il/sites/docs/genery/mediniut_ashkaa_tzfuia/pension-expected-investment-policy-2026.xlsx,policy/companies/520023185/raw/520023185/fcbc1bb9c5bf_pension-expected-investment-policy-2026.xlsx,מקיפה- אשכול 4 - עוקב מדדים
520023185,,,520023185|מקיפה- אשכול 4 - עוקב מדדים|מספר מסלול באוצר 13335,מספר מסלול באוצר 13335,2026,"מניות (כולל תעודות סל, אופציות, קרנות נאמנות)",equity,72.62,72.0,0.06,66.0,78.0,s&p 500,,מקיפה- אשכול 4 - עוקב מדדים,2026-09-30T21:21:21+00:00,http://www.fnx.co.il/sites/docs/genery/mediniut_ashkaa_tzfuia/pension-expected-investment-policy-2026.xlsx,policy/companies/520023185/raw/520023185/fcbc1bb9c5bf_pension-expected-investment-policy-2026.xlsx,מקיפה- אשכול 4 - עוקב מדדים
520023185,,,520023185|מקיפה- אשכול 4 - עוקב מדדים|מספר מסלול באוצר 13335,מספר מסלול באוצר 13335,2026,"אג""ח מיועדות ורכיב מבטיח תשואה(***)",,26.89,27.0,0.05,22.0,32.0,,,מקיפה- אשכול 4 - עוקב מדדים,2026-09-30T21:21:21+00:00,http://www.fnx.co.il/sites/docs/genery/mediniut_ashkaa_tzfuia/pension-expected-investment-policy-2026.xlsx,policy/companies/520023185/raw/520023185/fcbc1bb9c5bf_pension-expected-investment-policy-2026.xlsx,מקיפה- אשכול 4 - עוקב מדדים
520023185,,,520023185|מקיפה- אשכול 4 - עוקב מדדים|מספר מסלול באוצר 13335,מספר מסלול באוצר 13335,2026,"אג""ח ממשלתי (צמוד, שקלי ומט""ח), ממשלות זרות בנטרול חשיפות בנגזרים",,5.08,0.0,0.05,0.0,5.0,,,מקיפה- אשכול 4 - עוקב מדדים,2026-09-30T21:21:21+00:00,http://www.fnx.co.il/sites/docs/genery/mediniut_ashkaa_tzfuia/pension-expected-investment-policy-2026.xlsx,policy/companies/520023185/raw/520023185/fcbc1bb9c5bf_pension-expected-investment-policy-2026.xlsx,מקיפה- אשכול 4 - עוקב מדדים
520023185,,,520023185|מקיפה- אשכול 4 - עוקב מדדים|מספר מסלול באוצר 13335,מספר מסלול באוצר 13335,2026,מזומנים (*),,-4.59,1.0,,,,,,מקיפה- אשכול 4 - עוקב מדדים,2026-09-30T21:21:21+00:00,http://www.fnx.co.il/sites/docs/genery/mediniut_ashkaa_tzfuia/pension-expected-investment-policy-2026.xlsx,policy/companies/520023185/raw/520023185/fcbc1bb9c5bf_pension-expected-investment-policy-2026.xlsx,מקיפה- אשכול 4 - עוקב מדדים
520023185,,,520023185|מקיפה- אשכול 4 - עוקב מדדים|מספר מסלול באוצר 13335,מספר מסלול באוצר 13335,2026,"חשיפה למט""ח",fx,72.32,70.0,0.06,64.0,76.0,,,מקיפה- אשכול 4 - עוקב מדדים,2026-09-30T21:21:21+00:00,http://www.fnx.co.il/sites/docs/genery/mediniut_ashkaa_tzfuia/pension-expected-investment-policy-2026.xlsx,policy/companies/520023185/raw/520023185/fcbc1bb9c5bf_pension-expected-investment-policy-2026.xlsx,מקיפה- אשכול 4 - עוקב מדדים
520023185,,,520023185|מקיפה- אשכול 4 - עוקב מדדים|מספר מסלול באוצר 13335,מספר מסלול באוצר 13335,2026,מגבלת עמלת ניהול חיצוני לשנת 2026,,0.05,,,,,,,מקיפה- אשכול 4 - עוקב מדדים,2026-09-30T21:21:21+00:00,http://www.fnx.co.il/sites/docs/genery/mediniut_ashkaa_tzfuia/pension-expected-investment-policy-2026.xlsx,policy/companies/520023185/raw/520023185/fcbc1bb9c5bf_pension-expected-investment-policy-2026.xlsx,מקיפה- אשכול 4 - עוקב מדדים
520023185,,,520023185|מקיפה- אשכול 4 - עוקב מדדים|מספר מסלול באוצר 9979,מספר מסלול באוצר 9979,2026,"אג""ח מיועדות ורכיב מבטיח תשואה(***)",,28.85,27.0,0.05,22.0,32.0,"מדד אג""ח ממשלתי כללי",,מקיפה- אשכול 4 - עוקב מדדים,2026-09-30T21:21:21+00:00,http://www.fnx.co.il/sites/docs/genery/mediniut_ashkaa_tzfuia/pension-expected-investment-policy-2026.xlsx,policy/companies/520023185/raw/520023185/fcbc1bb9c5bf_pension-expected-investment-policy-2026.xlsx,מקיפה- אשכול 4 - עוקב מדדים
520023185,,,520023185|מקיפה- אשכול 4 - עוקב מדדים|מספר מסלול באוצר 9979,מספר מסלול באוצר 9979,2026,"אג""ח קונצרני (כולל קרנות נאמנות, תעודות סל)",,63.86,66.0,0.06,60.0,72.0,"IBOXY HY 46%, IBXXC1D1 12% , JGENUUG 8%, JCMBCOMP 8%, IBOXIG 26%",,מקיפה- אשכול 4 - עוקב מדדים,2026-09-30T21:21:21+00:00,http://www.fnx.co.il/sites/docs/genery/mediniut_ashkaa_tzfuia/pension-expected-investment-policy-2026.xlsx,policy/companies/520023185/raw/520023185/fcbc1bb9c5bf_pension-expected-investment-policy-2026.xlsx,מקיפה- אשכול 4 - עוקב מדדים
520023185,,,520023185|מקיפה- אשכול 4 - עוקב מדדים|מספר מסלול באוצר 9979,מספר מסלול באוצר 9979,2026,"אג""ח ממשלתי (צמוד, שקלי ומט""ח), ממשלות זרות בנטרול חשיפות בנגזרים",,5.11,4.0,0.05,0.0,9.0,,,מקיפה- אשכול 4 - עוקב מדדים,2026-09-30T21:21:21+00:00,http://www.fnx.co.il/sites/docs/genery/mediniut_ashkaa_tzfuia/pension-expected-investment-policy-2026.xlsx,policy/companies/520023185/raw/520023185/fcbc1bb9c5bf_pension-expected-investment-policy-2026.xlsx,מקיפה- אשכול 4 - עוקב מדדים
520023185,,,520023185|מקיפה- אשכול 4 - עוקב מדדים|מספר מסלול באוצר 9979,מספר מסלול באוצר 9979,2026,מזומנים (*),,2.18,3.0,,,,,,מקיפה- אשכול 4 - עוקב מדדים,2026-09-30T21:21:21+00:00,http://www.fnx.co.il/sites/docs/genery/mediniut_ashkaa_tzfuia/pension-expected-investment-policy-2026.xlsx,policy/companies/520023185/raw/520023185/fcbc1bb9c5bf_pension-expected-investment-policy-2026.xlsx,מקיפה- אשכול 4 - עוקב מדדים
520023185,,,520023185|מקיפה- אשכול 4 - עוקב מדדים|מספר מסלול באוצר 9979,מספר מסלול באוצר 9979,2026,"חשיפה למט""ח",fx,67.78,68.0,0.06,62.0,74.0,,,מקיפה- אשכול 4 - עוקב מדדים,2026-09-30T21:21:21+00:00,http://www.fnx.co.il/sites/docs/genery/mediniut_ashkaa_tzfuia/pension-expected-investment-policy-2026.xlsx,policy/companies/520023185/raw/520023185/fcbc1bb9c5bf_pension-expected-investment-policy-2026.xlsx,מקיפה- אשכול 4 - עוקב מדדים
520023185,,,520023185|מקיפה- אשכול 4 - עוקב מדדים|מספר מסלול באוצר 9979,מספר מסלול באוצר 9979,2026,מגבלת עמלת ניהול חיצוני לשנת 2026,,0.15,,,,,,,מקיפה- אשכול 4 - עוקב מדדים,2026-09-30T21:21:21+00:00,http://www.fnx.co.il/sites/docs/genery/mediniut_ashkaa_tzfuia/pension-expected-investment-policy-2026.xlsx,policy/companies/520023185/raw/520023185/fcbc1bb9c5bf_pension-expected-investment-policy-2026.xlsx,מקיפה- אשכול 4 - עוקב מדדים
520023185,,,520023185|מקיפה- אשכול 4 - עוקב מדדים|מספר מסלול באוצר 15219,מספר מסלול באוצר 15219,2026,"מניות (כולל תעודות סל, אופציות, קרנות נאמנות)",equity,72.14,72.0,0.06,66.0,78.0,50% Xndx 40% SP5T5T 10% - SPTRMDCP,,מקיפה- אשכול 4 - עוקב מדדים,2026-09-30T21:21:21+00:00,http://www.fnx.co.il/sites/docs/genery/mediniut_ashkaa_tzfuia/pension-expected-investment-policy-2026.xlsx,policy/companies/520023185/raw/520023185/fcbc1bb9c5bf_pension-expected-investment-policy-2026.xlsx,מקיפה- אשכול 4 - עוקב מדדים
520023185,,,520023185|מקיפה- אשכול 4 - עוקב מדדים|מספר מסלול באוצר 15219,מספר מסלול באוצר 15219,2026,"אג""ח מיועדות ורכיב מבטיח תשואה(***)",,25.94,27.0,0.05,22.0,32.0,,,מקיפה- אשכול 4 - עוקב מדדים,2026-09-30T21:21:21+00:00,http://www.fnx.co.il/sites/docs/genery/mediniut_ashkaa_tzfuia/pension-expected-investment-policy-2026.xlsx,policy/companies/520023185/raw/520023185/fcbc1bb9c5bf_pension-expected-investment-policy-2026.xlsx,מקיפה- אשכול 4 - עוקב מדדים
520023185,,,520023185|מקיפה- אשכול 4 - עוקב מדדים|מספר מסלול באוצר 15219,מספר מסלול באוצר 15219,2026,מזומנים (*),,1.91,1.0,,,,,,מקיפה- אשכול 4 - עוקב מדדים,2026-09-30T21:21:21+00:00,http://www.fnx.co.il/sites/docs/genery/mediniut_ashkaa_tzfuia/pension-expected-investment-policy-2026.xlsx,policy/companies/520023185/raw/520023185/fcbc1bb9c5bf_pension-expected-investment-policy-2026.xlsx,מקיפה- אשכול 4 - עוקב מדדים
520023185,,,520023185|מקיפה- אשכול 4 - עוקב מדדים|מספר מסלול באוצר 15219,מספר מסלול באוצר 15219,2026,"חשיפה למט""ח",fx,72.66,71.0,0.06,65.0,77.0,,,מקיפה- אשכול 4 - עוקב מדדים,2026-09-30T21:21:21+00:00,http://www.fnx.co.il/sites/docs/genery/mediniut_ashkaa_tzfuia/pension-expected-investment-policy-2026.xlsx,policy/companies/520023185/raw/520023185/fcbc1bb9c5bf_pension-expected-investment-policy-2026.xlsx,מקיפה- אשכול 4 - עוקב מדדים
520023185,,,520023185|מקיפה- אשכול 4 - עוקב מדדים|מספר מסלול באוצר 15219,מספר מסלול באוצר 15219,2026,מגבלת עמלת ניהול חיצוני לשנת 2026,,0.12,,,,,,,מקיפה- אשכול 4 - עוקב מדדים,2026-09-30T21:21:21+00:00,http://www.fnx.co.il/sites/docs/genery/mediniut_ashkaa_tzfuia/pension-expected-investment-policy-2026.xlsx,policy/companies/520023185/raw/520023185/fcbc1bb9c5bf_pension-expected-investment-policy-2026.xlsx,מקיפה- אשכול 4 - עוקב מדדים
520023185,,,520023185|משלימה - אשכול 3 - סחיר|מספר מסלול באוצר 14288,מספר מסלול באוצר 14288,2026,"מניות (תעודות סל, אופציות, קרנות נאמנות)",equity,42.64,48.0,0.06,42.0,54.0,"40%- מדד ת""א 125 ,   60%- MSCI WORLD AC",,משלימה - אשכול 3 - סחיר,2026-09-30T21:21:21+00:00,http://www.fnx.co.il/sites/docs/genery/mediniut_ashkaa_tzfuia/pension-expected-investment-policy-2026.xlsx,policy/companies/520023185/raw/520023185/fcbc1bb9c5bf_pension-expected-investment-policy-2026.xlsx,משלימה - אשכול 3 - סחיר
520023185,,,520023185|משלימה - אשכול 3 - סחיר|מספר מסלול באוצר 14288,מספר מסלול באוצר 14288,2026,"אג""ח ממשלתי (צמוד, שקלי ומט""ח), ממשלות זרות בנטרול חשיפות בנגזרים",,24.26,24.0,0.05,19.0,29.0,"מדד אג""ח ממשלתי כללי",,משלימה - אשכול 3 - סחיר,2026-09-30T21:21:21+00:00,http://www.fnx.co.il/sites/docs/genery/mediniut_ashkaa_tzfuia/pension-expected-investment-policy-2026.xlsx,policy/companies/520023185/raw/520023185/fcbc1bb9c5bf_pension-expected-investment-policy-2026.xlsx,משלימה - אשכול 3 - סחיר
520023185,,,520023185|משלימה - אשכול 3 - סחיר|מספר מסלול באוצר 14288,מספר מסלול באוצר 14288,2026,"אג""ח קונצרני (כולל קרנות נאמנות, תעודות סל)",,28.98,27.0,0.06,21.0,33.0,"35% - תל בונד כללי , 20% - תל בונד 60 , 15% - תל בונד 50 , 15% - IBOXX HY - 15%, IBOXX IG",,משלימה - אשכול 3 - סחיר,2026-09-30T21:21:21+00:00,http://www.fnx.co.il/sites/docs/genery/mediniut_ashkaa_tzfuia/pension-expected-investment-policy-2026.xlsx,policy/companies/520023185/raw/520023185/fcbc1bb9c5bf_pension-expected-investment-policy-2026.xlsx,משלימה - אשכול 3 - סחיר
520023185,,,520023185|משלימה - אשכול 3 - סחיר|מספר מסלול באוצר 14288,מספר מסלול באוצר 14288,2026,מזומנים (*),,4.11,1.0,,,,,,משלימה - אשכול 3 - סחיר,2026-09-30T21:21:21+00:00,http://www.fnx.co.il/sites/docs/genery/mediniut_ashkaa_tzfuia/pension-expected-investment-policy-2026.xlsx,policy/companies/520023185/raw/520023185/fcbc1bb9c5bf_pension-expected-investment-policy-2026.xlsx,משלימה - אשכול 3 - סחיר
520023185,,,520023185|משלימה - אשכול 3 - סחיר|מספר מסלול באוצר 14288,מספר מסלול באוצר 14288,2026,"חשיפה למט""ח",fx,18.66,18.0,0.06,12.0,24.0,,,משלימה - אשכול 3 - סחיר,2026-09-30T21:21:21+00:00,http://www.fnx.co.il/sites/docs/genery/mediniut_ashkaa_tzfuia/pension-expected-investment-policy-2026.xlsx,policy/companies/520023185/raw/520023185/fcbc1bb9c5bf_pension-expected-investment-policy-2026.xlsx,משלימה - אשכול 3 - סחיר
520023185,,,520023185|משלימה - אשכול 3 - סחיר|מספר מסלול באוצר 14288,מספר מסלול באוצר 14288,2026,מגבלת עמלת ניהול חיצוני לשנת 2026,,0.2,,,,,,,משלימה - אשכול 3 - סחיר,2026-09-30T21:21:21+00:00,http://www.fnx.co.il/sites/docs/genery/mediniut_ashkaa_tzfuia/pension-expected-investment-policy-2026.xlsx,policy/companies/520023185/raw/520023185/fcbc1bb9c5bf_pension-expected-investment-policy-2026.xlsx,משלימה - אשכול 3 - סחיר
520023185,,,520023185|משלימה - אשכול 3 - סחיר|אג ח סחיר ייפתח כמסלול חדש,אג ח סחיר ייפתח כמסלול חדש,2026,"מניות (תעודות סל, אופציות, קרנות נאמנות)",equity,,,0.06,-6.0,6.0,,,משלימה - אשכול 3 - סחיר,2026-09-30T21:21:21+00:00,http://www.fnx.co.il/sites/docs/genery/mediniut_ashkaa_tzfuia/pension-expected-investment-policy-2026.xlsx,policy/companies/520023185/raw/520023185/fcbc1bb9c5bf_pension-expected-investment-policy-2026.xlsx,משלימה - אשכול 3 - סחיר
520023185,,,520023185|משלימה - אשכול 3 - סחיר|אג ח סחיר ייפתח כמסלול חדש,אג ח סחיר ייפתח כמסלול חדש,2026,"אג""ח ממשלתי (צמוד, שקלי ומט""ח), ממשלות זרות בנטרול חשיפות בנגזרים",,,,0.05,0.0,5.0,,,משלימה - אשכול 3 - סחיר,2026-09-30T21:21:21+00:00,http://www.fnx.co.il/sites/docs/genery/mediniut_ashkaa_tzfuia/pension-expected-investment-policy-2026.xlsx,policy/companies/520023185/raw/520023185/fcbc1bb9c5bf_pension-expected-investment-policy-2026.xlsx,משלימה - אשכול 3 - סחיר
520023185,,,520023185|משלימה - אשכול 3 - סחיר|אג ח סחיר ייפתח כמסלול חדש,אג ח סחיר ייפתח כמסלול חדש,2026,"אג""ח קונצרני (כולל קרנות נאמנות, תעודות סל)",,,,0.06,-6.0,6.0,,,משלימה - אשכול 3 - סחיר,2026-09-30T21:21:21+00:00,http://www.fnx.co.il/sites/docs/genery/mediniut_ashkaa_tzfuia/pension-expected-investment-policy-2026.xlsx,policy/companies/520023185/raw/520023185/fcbc1bb9c5bf_pension-expected-investment-policy-2026.xlsx,משלימה - אשכול 3 - סחיר
520023185,,,520023185|משלימה - אשכול 3 - סחיר|אג ח סחיר ייפתח כמסלול חדש,אג ח סחיר ייפתח כמסלול חדש,2026,מזומנים (*),,,3.0,,,,,,משלימה - אשכול 3 - סחיר,2026-09-30T21:21:21+00:00,http://www.fnx.co.il/sites/docs/genery/mediniut_ashkaa_tzfuia/pension-expected-investment-policy-2026.xlsx,policy/companies/520023185/raw/520023185/fcbc1bb9c5bf_pension-expected-investment-policy-2026.xlsx,משלימה - אשכול 3 - סחיר
520023185,,,520023185|משלימה - אשכול 3 - סחיר|אג ח סחיר ייפתח כמסלול חדש,אג ח סחיר ייפתח כמסלול חדש,2026,"חשיפה למט""ח",fx,,18.0,0.06,12.0,24.0,,,משלימה - אשכול 3 - סחיר,2026-09-30T21:21:21+00:00,http://www.fnx.co.il/sites/docs/genery/mediniut_ashkaa_tzfuia/pension-expected-investment-policy-2026.xlsx,policy/companies/520023185/raw/520023185/fcbc1bb9c5bf_pension-expected-investment-policy-2026.xlsx,משלימה - אשכול 3 - סחיר
520023185,,,520023185|משלימה - אשכול 3 - סחיר|מספר מסלול באוצר 15221,מספר מסלול באוצר 15221,2026,"מניות (תעודות סל, אופציות, קרנות נאמנות)",equity,93.21,98.0,0.06,92.0,104.0,"מדד ת""א 125",,משלימה - אשכול 3 - סחיר,2026-09-30T21:21:21+00:00,http://www.fnx.co.il/sites/docs/genery/mediniut_ashkaa_tzfuia/pension-expected-investment-policy-2026.xlsx,policy/companies/520023185/raw/520023185/fcbc1bb9c5bf_pension-expected-investment-policy-2026.xlsx,משלימה - אשכול 3 - סחיר
520023185,,,520023185|משלימה - אשכול 3 - סחיר|מספר מסלול באוצר 15221,מספר מסלול באוצר 15221,2026,"אג""ח קונצרני (קרנות נאמנות, תעודות סל)",,2.65,1.0,0.06,0.0,7.0,,,משלימה - אשכול 3 - סחיר,2026-09-30T21:21:21+00:00,http://www.fnx.co.il/sites/docs/genery/mediniut_ashkaa_tzfuia/pension-expected-investment-policy-2026.xlsx,policy/companies/520023185/raw/520023185/fcbc1bb9c5bf_pension-expected-investment-policy-2026.xlsx,משלימה - אשכול 3 - סחיר
520023185,,,520023185|משלימה - אשכול 3 - סחיר|מספר מסלול באוצר 15221,מספר מסלול באוצר 15221,2026,מזומנים (*),,3.89,1.0,,,,,,משלימה - אשכול 3 - סחיר,2026-09-30T21:21:21+00:00,http://www.fnx.co.il/sites/docs/genery/mediniut_ashkaa_tzfuia/pension-expected-investment-policy-2026.xlsx,policy/companies/520023185/raw/520023185/fcbc1bb9c5bf_pension-expected-investment-policy-2026.xlsx,משלימה - אשכול 3 - סחיר
520023185,,,520023185|משלימה - אשכול 3 - סחיר|מספר מסלול באוצר 15221,מספר מסלול באוצר 15221,2026,"חשיפה למט""ח",fx,15.57,17.0,0.06,11.0,23.0,,,משלימה - אשכול 3 - סחיר,2026-09-30T21:21:21+00:00,http://www.fnx.co.il/sites/docs/genery/mediniut_ashkaa_tzfuia/pension-expected-investment-policy-2026.xlsx,policy/companies/520023185/raw/520023185/fcbc1bb9c5bf_pension-expected-investment-policy-2026.xlsx,משלימה - אשכול 3 - סחיר
520023185,,,520023185|משלימה - אשכול 3 - סחיר|מספר מסלול באוצר 15221,מספר מסלול באוצר 15221,2026,מגבלת עמלת ניהול חיצוני לשנת 2026,,0.2,,,,,,,משלימה - אשכול 3 - סחיר,2026-09-30T21:21:21+00:00,http://www.fnx.co.il/sites/docs/genery/mediniut_ashkaa_tzfuia/pension-expected-investment-policy-2026.xlsx,policy/companies/520023185/raw/520023185/fcbc1bb9c5bf_pension-expected-investment-policy-2026.xlsx,משלימה - אשכול 3 - סחיר
520023185,,,520023185|משלימה - אשכול 3 - סחיר|מספר מסלול באוצר 15220,מספר מסלול באוצר 15220,2026,"מניות (תעודות סל, אופציות, קרנות נאמנות)",equity,19.5,19.0,0.06,13.0,25.0,"100%- מדד ת""א 125",,משלימה - אשכול 3 - סחיר,2026-09-30T21:21:21+00:00,http://www.fnx.co.il/sites/docs/genery/mediniut_ashkaa_tzfuia/pension-expected-investment-policy-2026.xlsx,policy/companies/520023185/raw/520023185/fcbc1bb9c5bf_pension-expected-investment-policy-2026.xlsx,משלימה - אשכול 3 - סחיר
520023185,,,520023185|משלימה - אשכול 3 - סחיר|מספר מסלול באוצר 15220,מספר מסלול באוצר 15220,2026,"אג""ח ממשלתי (צמוד, שקלי ומט""ח), ממשלות זרות בנטרול חשיפות בנגזרים",,18.93,20.0,0.05,15.0,25.0,"מדד אג""ח ממשלתי כללי",,משלימה - אשכול 3 - סחיר,2026-09-30T21:21:21+00:00,http://www.fnx.co.il/sites/docs/genery/mediniut_ashkaa_tzfuia/pension-expected-investment-policy-2026.xlsx,policy/companies/520023185/raw/520023185/fcbc1bb9c5bf_pension-expected-investment-policy-2026.xlsx,משלימה - אשכול 3 - סחיר
520023185,,,520023185|משלימה - אשכול 3 - סחיר|מספר מסלול באוצר 15220,מספר מסלול באוצר 15220,2026,"אג""ח קונצרני (כולל קרנות נאמנות, תעודות סל)",,54.96,58.0,0.06,52.0,64.0,"50% - תל בונד כללי , 30% - תל בונד 60 , 20% - תל בונד 50 ,",,משלימה - אשכול 3 - סחיר,2026-09-30T21:21:21+00:00,http://www.fnx.co.il/sites/docs/genery/mediniut_ashkaa_tzfuia/pension-expected-investment-policy-2026.xlsx,policy/companies/520023185/raw/520023185/fcbc1bb9c5bf_pension-expected-investment-policy-2026.xlsx,משלימה - אשכול 3 - סחיר
520023185,,,520023185|משלימה - אשכול 3 - סחיר|מספר מסלול באוצר 15220,מספר מסלול באוצר 15220,2026,מזומנים (*),,6.62,3.0,,,,,,משלימה - אשכול 3 - סחיר,2026-09-30T21:21:21+00:00,http://www.fnx.co.il/sites/docs/genery/mediniut_ashkaa_tzfuia/pension-expected-investment-policy-2026.xlsx,policy/companies/520023185/raw/520023185/fcbc1bb9c5bf_pension-expected-investment-policy-2026.xlsx,משלימה - אשכול 3 - סחיר
520023185,,,520023185|משלימה - אשכול 3 - סחיר|מספר מסלול באוצר 15220,מספר מסלול באוצר 15220,2026,"חשיפה למט""ח",fx,10.35,14.0,0.06,8.0,20.0,,,משלימה - אשכול 3 - סחיר,2026-09-30T21:21:21+00:00,http://www.fnx.co.il/sites/docs/genery/mediniut_ashkaa_tzfuia/pension-expected-investment-policy-2026.xlsx,policy/companies/520023185/raw/520023185/fcbc1bb9c5bf_pension-expected-investment-policy-2026.xlsx,משלימה - אשכול 3 - סחיר
520023185,,,520023185|משלימה - אשכול 3 - סחיר|מספר מסלול באוצר 15220,מספר מסלול באוצר 15220,2026,מגבלת עמלת ניהול חיצוני לשנת 2026,,0.2,,,,,,,משלימה - אשכול 3 - סחיר,2026-09-30T21:21:21+00:00,http://www.fnx.co.il/sites/docs/genery/mediniut_ashkaa_tzfuia/pension-expected-investment-policy-2026.xlsx,policy/companies/520023185/raw/520023185/fcbc1bb9c5bf_pension-expected-investment-policy-2026.xlsx,משלימה - אשכול 3 - סחיר
520023185,,,520023185|משלימה - אשכול 4 - עוקב מדדים|מספר מסלול באוצר 14287,מספר מסלול באוצר 14287,2026,"מניות (כולל תעודות סל, אופציות, קרנות נאמנות)",equity,41.11,47.0,0.06,41.0,53.0,MSCI WORLD AC,,משלימה - אשכול 4 - עוקב מדדים,2026-09-30T21:21:21+00:00,http://www.fnx.co.il/sites/docs/genery/mediniut_ashkaa_tzfuia/pension-expected-investment-policy-2026.xlsx,policy/companies/520023185/raw/520023185/fcbc1bb9c5bf_pension-expected-investment-policy-2026.xlsx,משלימה - אשכול 4 - עוקב מדדים
520023185,,,520023185|משלימה - אשכול 4 - עוקב מדדים|מספר מסלול באוצר 14287,מספר מסלול באוצר 14287,2026,"אג""ח ממשלתי (צמוד, שקלי ומט""ח), ממשלות",,23.01,23.0,0.05,18.0,28.0,ISHARES 7-10 YEARS TREASURY,,משלימה - אשכול 4 - עוקב מדדים,2026-09-30T21:21:21+00:00,http://www.fnx.co.il/sites/docs/genery/mediniut_ashkaa_tzfuia/pension-expected-investment-policy-2026.xlsx,policy/companies/520023185/raw/520023185/fcbc1bb9c5bf_pension-expected-investment-policy-2026.xlsx,משלימה - אשכול 4 - עוקב מדדים
520023185,,,520023185|משלימה - אשכול 4 - עוקב מדדים|מספר מסלול באוצר 14287,מספר מסלול באוצר 14287,2026,"אג""ח קונצרני (כולל קרנות נאמנות, תעודות סל)",,32.69,29.0,0.06,23.0,35.0,"IBOXY HY 46%, IBXXC1D1 12% , JGENUUG 8%, JCMBCOMP 8%, IBOXIG 26%",,משלימה - אשכול 4 - עוקב מדדים,2026-09-30T21:21:21+00:00,http://www.fnx.co.il/sites/docs/genery/mediniut_ashkaa_tzfuia/pension-expected-investment-policy-2026.xlsx,policy/companies/520023185/raw/520023185/fcbc1bb9c5bf_pension-expected-investment-policy-2026.xlsx,משלימה - אשכול 4 - עוקב מדדים
520023185,,,520023185|משלימה - אשכול 4 - עוקב מדדים|מספר מסלול באוצר 14287,מספר מסלול באוצר 14287,2026,מזומנים (*),,3.19,1.0,,,,,,משלימה - אשכול 4 - עוקב מדדים,2026-09-30T21:21:21+00:00,http://www.fnx.co.il/sites/docs/genery/mediniut_ashkaa_tzfuia/pension-expected-investment-policy-2026.xlsx,policy/companies/520023185/raw/520023185/fcbc1bb9c5bf_pension-expected-investment-policy-2026.xlsx,משלימה - אשכול 4 - עוקב מדדים
520023185,,,520023185|משלימה - אשכול 4 - עוקב מדדים|מספר מסלול באוצר 14287,מספר מסלול באוצר 14287,2026,"חשיפה למט""ח",fx,91.05,94.0,0.06,88.0,100.0,,,משלימה - אשכול 4 - עוקב מדדים,2026-09-30T21:21:21+00:00,http://www.fnx.co.il/sites/docs/genery/mediniut_ashkaa_tzfuia/pension-expected-investment-policy-2026.xlsx,policy/companies/520023185/raw/520023185/fcbc1bb9c5bf_pension-expected-investment-policy-2026.xlsx,משלימה - אשכול 4 - עוקב מדדים
520023185,,,520023185|משלימה - אשכול 4 - עוקב מדדים|מספר מסלול באוצר 14287,מספר מסלול באוצר 14287,2026,מגבלת עמלת ניהול חיצוני לשנת 2026,,0.15,,,,,,,משלימה - אשכול 4 - עוקב מדדים,2026-09-30T21:21:21+00:00,http://www.fnx.co.il/sites/docs/genery/mediniut_ashkaa_tzfuia/pension-expected-investment-policy-2026.xlsx,policy/companies/520023185/raw/520023185/fcbc1bb9c5bf_pension-expected-investment-policy-2026.xlsx,משלימה - אשכול 4 - עוקב מדדים
520023185,,,520023185|משלימה - אשכול 4 - עוקב מדדים|מספר מסלול באוצר 13465,מספר מסלול באוצר 13465,2026,"מניות (כולל תעודות סל, אופציות, קרנות נאמנות)",equity,98.87,94.0,0.06,88.0,100.0,s&p 500,,משלימה - אשכול 4 - עוקב מדדים,2026-09-30T21:21:21+00:00,http://www.fnx.co.il/sites/docs/genery/mediniut_ashkaa_tzfuia/pension-expected-investment-policy-2026.xlsx,policy/companies/520023185/raw/520023185/fcbc1bb9c5bf_pension-expected-investment-policy-2026.xlsx,משלימה - אשכול 4 - עוקב מדדים
520023185,,,520023185|משלימה - אשכול 4 - עוקב מדדים|מספר מסלול באוצר 13465,מספר מסלול באוצר 13465,2026,"אג""ח ממשלתי (צמוד, שקלי ומט""ח), ממשלות זרות בנטרול חשיפות בנגזרים",,6.91,14.0,0.05,9.0,19.0,,,משלימה - אשכול 4 - עוקב מדדים,2026-09-30T21:21:21+00:00,http://www.fnx.co.il/sites/docs/genery/mediniut_ashkaa_tzfuia/pension-expected-investment-policy-2026.xlsx,policy/companies/520023185/raw/520023185/fcbc1bb9c5bf_pension-expected-investment-policy-2026.xlsx,משלימה - אשכול 4 - עוקב מדדים
520023185,,,520023185|משלימה - אשכול 4 - עוקב מדדים|מספר מסלול באוצר 13465,מספר מסלול באוצר 13465,2026,מזומנים (*),,-5.78,2.0,,,,,,משלימה - אשכול 4 - עוקב מדדים,2026-09-30T21:21:21+00:00,http://www.fnx.co.il/sites/docs/genery/mediniut_ashkaa_tzfuia/pension-expected-investment-policy-2026.xlsx,policy/companies/520023185/raw/520023185/fcbc1bb9c5bf_pension-expected-investment-policy-2026.xlsx,משלימה - אשכול 4 - עוקב מדדים
520023185,,,520023185|משלימה - אשכול 4 - עוקב מדדים|מספר מסלול באוצר 13465,מספר מסלול באוצר 13465,2026,"חשיפה למט""ח",fx,98.46,94.0,0.06,88.0,100.0,,,משלימה - אשכול 4 - עוקב מדדים,2026-09-30T21:21:21+00:00,http://www.fnx.co.il/sites/docs/genery/mediniut_ashkaa_tzfuia/pension-expected-investment-policy-2026.xlsx,policy/companies/520023185/raw/520023185/fcbc1bb9c5bf_pension-expected-investment-policy-2026.xlsx,משלימה - אשכול 4 - עוקב מדדים
520023185,,,520023185|משלימה - אשכול 4 - עוקב מדדים|מספר מסלול באוצר 13465,מספר מסלול באוצר 13465,2026,מגבלת עמלת ניהול חיצוני לשנת 2026,,0.05,,,,,,,משלימה - אשכול 4 - עוקב מדדים,2026-09-30T21:21:21+00:00,http://www.fnx.co.il/sites/docs/genery/mediniut_ashkaa_tzfuia/pension-expected-investment-policy-2026.xlsx,policy/companies/520023185/raw/520023185/fcbc1bb9c5bf_pension-expected-investment-policy-2026.xlsx,משלימה - אשכול 4 - עוקב מדדים
520023185,,,520023185|משלימה - אשכול 4 - עוקב מדדים|מספר מסלול באוצר 15223,מספר מסלול באוצר 15223,2026,"מניות (כולל תעודות סל, אופציות, קרנות נאמנות)",equity,96.14,94.0,0.06,88.0,100.0,50% Xndx 40% SP5T5T 10% - SPTRMDCP,,משלימה - אשכול 4 - עוקב מדדים,2026-09-30T21:21:21+00:00,http://www.fnx.co.il/sites/docs/genery/mediniut_ashkaa_tzfuia/pension-expected-investment-policy-2026.xlsx,policy/companies/520023185/raw/520023185/fcbc1bb9c5bf_pension-expected-investment-policy-2026.xlsx,משלימה - אשכול 4 - עוקב מדדים
520023185,,,520023185|משלימה - אשכול 4 - עוקב מדדים|מספר מסלול באוצר 15223,מספר מסלול באוצר 15223,2026,"אג""ח ממשלתי (צמוד, שקלי ומט""ח), ממשלות זרות בנטרול חשיפות בנגזרים",,0.0,14.0,0.05,9.0,19.0,,,משלימה - אשכול 4 - עוקב מדדים,2026-09-30T21:21:21+00:00,http://www.fnx.co.il/sites/docs/genery/mediniut_ashkaa_tzfuia/pension-expected-investment-policy-2026.xlsx,policy/companies/520023185/raw/520023185/fcbc1bb9c5bf_pension-expected-investment-policy-2026.xlsx,משלימה - אשכול 4 - עוקב מדדים
520023185,,,520023185|משלימה - אשכול 4 - עוקב מדדים|מספר מסלול באוצר 15223,מספר מסלול באוצר 15223,2026,מזומנים (*),,3.86,2.0,,,,,,משלימה - אשכול 4 - עוקב מדדים,2026-09-30T21:21:21+00:00,http://www.fnx.co.il/sites/docs/genery/mediniut_ashkaa_tzfuia/pension-expected-investment-policy-2026.xlsx,policy/companies/520023185/raw/520023185/fcbc1bb9c5bf_pension-expected-investment-policy-2026.xlsx,משלימה - אשכול 4 - עוקב מדדים
520023185,,,520023185|משלימה - אשכול 4 - עוקב מדדים|מספר מסלול באוצר 15223,מספר מסלול באוצר 15223,2026,"חשיפה למט""ח",fx,96.23,94.0,0.06,88.0,100.0,,,משלימה - אשכול 4 - עוקב מדדים,2026-09-30T21:21:21+00:00,http://www.fnx.co.il/sites/docs/genery/mediniut_ashkaa_tzfuia/pension-expected-investment-policy-2026.xlsx,policy/companies/520023185/raw/520023185/fcbc1bb9c5bf_pension-expected-investment-policy-2026.xlsx,משלימה - אשכול 4 - עוקב מדדים
520023185,,,520023185|משלימה - אשכול 4 - עוקב מדדים|מספר מסלול באוצר 15223,מספר מסלול באוצר 15223,2026,מגבלת עמלת ניהול חיצוני לשנת 2026,,0.12,,,,,,,משלימה - אשכול 4 - עוקב מדדים,2026-09-30T21:21:21+00:00,http://www.fnx.co.il/sites/docs/genery/mediniut_ashkaa_tzfuia/pension-expected-investment-policy-2026.xlsx,policy/companies/520023185/raw/520023185/fcbc1bb9c5bf_pension-expected-investment-policy-2026.xlsx,משלימה - אשכול 4 - עוקב מדדים
520023185,,,520023185|משלימה - אשכול 4 - עוקב מדדים|מספר מסלול באוצר 15222,מספר מסלול באוצר 15222,2026,"אג""ח קונצרני (כולל קרנות נאמנות, תעודות סל)",,90.84,91.0,0.06,85.0,97.0,"IBOXY HY 46%, IBXXC1D1 12% , JCMBCOMP 8%, IBOXIG 26%",,משלימה - אשכול 4 - עוקב מדדים,2026-09-30T21:21:21+00:00,http://www.fnx.co.il/sites/docs/genery/mediniut_ashkaa_tzfuia/pension-expected-investment-policy-2026.xlsx,policy/companies/520023185/raw/520023185/fcbc1bb9c5bf_pension-expected-investment-policy-2026.xlsx,משלימה - אשכול 4 - עוקב מדדים
520023185,,,520023185|משלימה - אשכול 4 - עוקב מדדים|מספר מסלול באוצר 15222,מספר מסלול באוצר 15222,2026,"אג""ח ממשלתי (צמוד, שקלי ומט""ח), ממשלות זרות בנטרול חשיפות בנגזרים",,7.86,8.0,0.05,3.0,13.0,JGENUUG 8%,,משלימה - אשכול 4 - עוקב מדדים,2026-09-30T21:21:21+00:00,http://www.fnx.co.il/sites/docs/genery/mediniut_ashkaa_tzfuia/pension-expected-investment-policy-2026.xlsx,policy/companies/520023185/raw/520023185/fcbc1bb9c5bf_pension-expected-investment-policy-2026.xlsx,משלימה - אשכול 4 - עוקב מדדים
520023185,,,520023185|משלימה - אשכול 4 - עוקב מדדים|מספר מסלול באוצר 15222,מספר מסלול באוצר 15222,2026,מזומנים (*),,1.3,1.0,,,,,,משלימה - אשכול 4 - עוקב מדדים,2026-09-30T21:21:21+00:00,http://www.fnx.co.il/sites/docs/genery/mediniut_ashkaa_tzfuia/pension-expected-investment-policy-2026.xlsx,policy/companies/520023185/raw/520023185/fcbc1bb9c5bf_pension-expected-investment-policy-2026.xlsx,משלימה - אשכול 4 - עוקב מדדים
520023185,,,520023185|משלימה - אשכול 4 - עוקב מדדים|מספר מסלול באוצר 15222,מספר מסלול באוצר 15222,2026,"חשיפה למט""ח",fx,96.16,94.0,0.06,88.0,100.0,,,משלימה - אשכול 4 - עוקב מדדים,2026-09-30T21:21:21+00:00,http://www.fnx.co.il/sites/docs/genery/mediniut_ashkaa_tzfuia/pension-expected-investment-policy-2026.xlsx,policy/companies/520023185/raw/520023185/fcbc1bb9c5bf_pension-expected-investment-policy-2026.xlsx,משלימה - אשכול 4 - עוקב מדדים
520023185,,,520023185|משלימה - אשכול 4 - עוקב מדדים|מספר מסלול באוצר 15222,מספר מסלול באוצר 15222,2026,מגבלת עמלת ניהול חיצוני לשנת 2026,,0.2,,,,,,,משלימה - אשכול 4 - עוקב מדדים,2026-09-30T21:21:21+00:00,http://www.fnx.co.il/sites/docs/genery/mediniut_ashkaa_tzfuia/pension-expected-investment-policy-2026.xlsx,policy/companies/520023185/raw/520023185/fcbc1bb9c5bf_pension-expected-investment-policy-2026.xlsx,משלימה - אשכול 4 - עוקב מדדים
520023185,,,520023185|מקיפה-פנסיונרים עד 31.12.17|מספר מסלול באוצר 2201,מספר מסלול באוצר 2201,2026,"מניות (תעודות סל, אופציות, קרנות נאמנות)",equity,,0.0,0.01,0.0,1.0,,,מקיפה-פנסיונרים עד 31.12.17,2026-09-30T21:21:21+00:00,http://www.fnx.co.il/sites/docs/genery/mediniut_ashkaa_tzfuia/pension-expected-investment-policy-2026.xlsx,policy/companies/520023185/raw/520023185/fcbc1bb9c5bf_pension-expected-investment-policy-2026.xlsx,מקיפה-פנסיונרים עד 31.12.17
520023185,,,520023185|מקיפה-פנסיונרים עד 31.12.17|מספר מסלול באוצר 2201,מספר מסלול באוצר 2201,2026,"אג""ח ממשלתי (צמוד, שקלי ומט""ח), ממשלות זרות בנטרול חשיפות בנגזרים",,,37.0,0.05,0.0,42.0,"מדד אג""ח ממשלתי כללי",,מקיפה-פנסיונרים עד 31.12.17,2026-09-30T21:21:21+00:00,http://www.fnx.co.il/sites/docs/genery/mediniut_ashkaa_tzfuia/pension-expected-investment-policy-2026.xlsx,policy/companies/520023185/raw/520023185/fcbc1bb9c5bf_pension-expected-investment-policy-2026.xlsx,מקיפה-פנסיונרים עד 31.12.17
520023185,,,520023185|מקיפה-פנסיונרים עד 31.12.17|מספר מסלול באוצר 2201,מספר מסלול באוצר 2201,2026,"אג""ח מיועדות ורכיב מבטיח תשואה(***)",,,60.0,0.05,55.0,65.0,,,מקיפה-פנסיונרים עד 31.12.17,2026-09-30T21:21:21+00:00,http://www.fnx.co.il/sites/docs/genery/mediniut_ashkaa_tzfuia/pension-expected-investment-policy-2026.xlsx,policy/companies/520023185/raw/520023185/fcbc1bb9c5bf_pension-expected-investment-policy-2026.xlsx,מקיפה-פנסיונרים עד 31.12.17
520023185,,,520023185|מקיפה-פנסיונרים עד 31.12.17|מספר מסלול באוצר 2201,מספר מסלול באוצר 2201,2026,"אג""ח קונצרני (כולל קרנות נאמנות, תעודות סל)",,,0.0,0.01,0.0,1.0,מדד תל בונד 60,,מקיפה-פנסיונרים עד 31.12.17,2026-09-30T21:21:21+00:00,http://www.fnx.co.il/sites/docs/genery/mediniut_ashkaa_tzfuia/pension-expected-investment-policy-2026.xlsx,policy/companies/520023185/raw/520023185/fcbc1bb9c5bf_pension-expected-investment-policy-2026.xlsx,מקיפה-פנסיונרים עד 31.12.17
520023185,,,520023185|מקיפה-פנסיונרים עד 31.12.17|מספר מסלול באוצר 2201,מספר מסלול באוצר 2201,2026,"נדל""ן",,,0.0,0,0.0,0.0,,,מקיפה-פנסיונרים עד 31.12.17,2026-09-30T21:21:21+00:00,http://www.fnx.co.il/sites/docs/genery/mediniut_ashkaa_tzfuia/pension-expected-investment-policy-2026.xlsx,policy/companies/520023185/raw/520023185/fcbc1bb9c5bf_pension-expected-investment-policy-2026.xlsx,מקיפה-פנסיונרים עד 31.12.17
520023185,,,520023185|מקיפה-פנסיונרים עד 31.12.17|מספר מסלול באוצר 2201,מספר מסלול באוצר 2201,2026,"אחר (קרנות השקעה, Co Invest, תשתיות, גידור)",,,0.0,0,0.0,0.0,,,מקיפה-פנסיונרים עד 31.12.17,2026-09-30T21:21:21+00:00,http://www.fnx.co.il/sites/docs/genery/mediniut_ashkaa_tzfuia/pension-expected-investment-policy-2026.xlsx,policy/companies/520023185/raw/520023185/fcbc1bb9c5bf_pension-expected-investment-policy-2026.xlsx,מקיפה-פנסיונרים עד 31.12.17
520023185,,,520023185|מקיפה-פנסיונרים עד 31.12.17|מספר מסלול באוצר 2201,מספר מסלול באוצר 2201,2026,מזומנים (*),,,3.0,,,,,,מקיפה-פנסיונרים עד 31.12.17,2026-09-30T21:21:21+00:00,http://www.fnx.co.il/sites/docs/genery/mediniut_ashkaa_tzfuia/pension-expected-investment-policy-2026.xlsx,policy/companies/520023185/raw/520023185/fcbc1bb9c5bf_pension-expected-investment-policy-2026.xlsx,מקיפה-פנסיונרים עד 31.12.17
520023185,,,520023185|מקיפה-פנסיונרים עד 31.12.17|מספר מסלול באוצר 2201,מספר מסלול באוצר 2201,2026,"חשיפה למט""ח",fx,,0.0,0.06,0.0,6.0,,,מקיפה-פנסיונרים עד 31.12.17,2026-09-30T21:21:21+00:00,http://www.fnx.co.il/sites/docs/genery/mediniut_ashkaa_tzfuia/pension-expected-investment-policy-2026.xlsx,policy/companies/520023185/raw/520023185/fcbc1bb9c5bf_pension-expected-investment-policy-2026.xlsx,מקיפה-פנסיונרים עד 31.12.17
520023185,,,520023185|מקיפה-פנסיונרים עד 31.12.17|מספר מסלול באוצר 2201,מספר מסלול באוצר 2201,2026,מגבלת עמלת ניהול חיצוני לשנת 2024,,,0.2,,,,,,מקיפה-פנסיונרים עד 31.12.17,2026-09-30T21:21:21+00:00,http://www.fnx.co.il/sites/docs/genery/mediniut_ashkaa_tzfuia/pension-expected-investment-policy-2026.xlsx,policy/companies/520023185/raw/520023185/fcbc1bb9c5bf_pension-expected-investment-policy-2026.xlsx,מקיפה-פנסיונרים עד 31.12.17
520023185,,,520023185|מקיפה-פנסיונרים זכאים|מספר מסלול באוצר 9987,מספר מסלול באוצר 9987,2026,"מניות (תעודות סל, אופציות, קרנות נאמנות)",equity,,0.0,0.06,0.0,6.0,"40%- מדד ת""א 125 ,   60%- MSCI WORLD AC",,מקיפה-פנסיונרים זכאים,2026-09-30T21:21:21+00:00,http://www.fnx.co.il/sites/docs/genery/mediniut_ashkaa_tzfuia/pension-expected-investment-policy-2026.xlsx,policy/companies/520023185/raw/520023185/fcbc1bb9c5bf_pension-expected-investment-policy-2026.xlsx,מקיפה-פנסיונרים זכאים
520023185,,,520023185|מקיפה-פנסיונרים זכאים|מספר מסלול באוצר 9987,מספר מסלול באוצר 9987,2026,"אג""ח ממשלתי (צמוד, שקלי ומט""ח), ממשלות זרות בנטרול חשיפות בנגזרים",,,15.0,0.05,0.0,20.0,"מדד אג""ח ממשלתי כללי",,מקיפה-פנסיונרים זכאים,2026-09-30T21:21:21+00:00,http://www.fnx.co.il/sites/docs/genery/mediniut_ashkaa_tzfuia/pension-expected-investment-policy-2026.xlsx,policy/companies/520023185/raw/520023185/fcbc1bb9c5bf_pension-expected-investment-policy-2026.xlsx,מקיפה-פנסיונרים זכאים
520023185,,,520023185|מקיפה-פנסיונרים זכאים|מספר מסלול באוצר 9987,מספר מסלול באוצר 9987,2026,"אג""ח מיועדות ורכיב מבטיח תשואה(***)",,,80.0,0.05,75.0,85.0,,,מקיפה-פנסיונרים זכאים,2026-09-30T21:21:21+00:00,http://www.fnx.co.il/sites/docs/genery/mediniut_ashkaa_tzfuia/pension-expected-investment-policy-2026.xlsx,policy/companies/520023185/raw/520023185/fcbc1bb9c5bf_pension-expected-investment-policy-2026.xlsx,מקיפה-פנסיונרים זכאים
520023185,,,520023185|מקיפה-פנסיונרים זכאים|מספר מסלול באוצר 9987,מספר מסלול באוצר 9987,2026,"אג""ח קונצרני (כולל קרנות נאמנות, תעודות סל)",,,0.0,0.06,0.0,6.0,מדד תל בונד 60,,מקיפה-פנסיונרים זכאים,2026-09-30T21:21:21+00:00,http://www.fnx.co.il/sites/docs/genery/mediniut_ashkaa_tzfuia/pension-expected-investment-policy-2026.xlsx,policy/companies/520023185/raw/520023185/fcbc1bb9c5bf_pension-expected-investment-policy-2026.xlsx,מקיפה-פנסיונרים זכאים
520023185,,,520023185|מקיפה-פנסיונרים זכאים|מספר מסלול באוצר 9987,מספר מסלול באוצר 9987,2026,"נדל""ן",,,0.0,0.05,0.0,5.0,,,מקיפה-פנסיונרים זכאים,2026-09-30T21:21:21+00:00,http://www.fnx.co.il/sites/docs/genery/mediniut_ashkaa_tzfuia/pension-expected-investment-policy-2026.xlsx,policy/companies/520023185/raw/520023185/fcbc1bb9c5bf_pension-expected-investment-policy-2026.xlsx,מקיפה-פנסיונרים זכאים
520023185,,,520023185|מקיפה-פנסיונרים זכאים|מספר מסלול באוצר 9987,מספר מסלול באוצר 9987,2026,"אחר (קרנות השקעה, Co Invest, תשתיות, גידור)",,,0.0,0.05,0.0,5.0,,,מקיפה-פנסיונרים זכאים,2026-09-30T21:21:21+00:00,http://www.fnx.co.il/sites/docs/genery/mediniut_ashkaa_tzfuia/pension-expected-investment-policy-2026.xlsx,policy/companies/520023185/raw/520023185/fcbc1bb9c5bf_pension-expected-investment-policy-2026.xlsx,מקיפה-פנסיונרים זכאים
520023185,,,520023185|מקיפה-פנסיונרים זכאים|מספר מסלול באוצר 9987,מספר מסלול באוצר 9987,2026,מזומנים (*),,,5.0,,,,,,מקיפה-פנסיונרים זכאים,2026-09-30T21:21:21+00:00,http://www.fnx.co.il/sites/docs/genery/mediniut_ashkaa_tzfuia/pension-expected-investment-policy-2026.xlsx,policy/companies/520023185/raw/520023185/fcbc1bb9c5bf_pension-expected-investment-policy-2026.xlsx,מקיפה-פנסיונרים זכאים
520023185,,,520023185|מקיפה-פנסיונרים זכאים|מספר מסלול באוצר 9987,מספר מסלול באוצר 9987,2026,"חשיפה למט""ח",fx,,0.0,0.06,6.0,18.0,,,מקיפה-פנסיונרים זכאים,2026-09-30T21:21:21+00:00,http://www.fnx.co.il/sites/docs/genery/mediniut_ashkaa_tzfuia/pension-expected-investment-policy-2026.xlsx,policy/companies/520023185/raw/520023185/fcbc1bb9c5bf_pension-expected-investment-policy-2026.xlsx,מקיפה-פנסיונרים זכאים
520023185,,,520023185|מקיפה-פנסיונרים זכאים|מספר מסלול באוצר 9987,מספר מסלול באוצר 9987,2026,מגבלת עמלת ניהול חיצוני לשנת 2024,,,0.1,,,,,,מקיפה-פנסיונרים זכאים,2026-09-30T21:21:21+00:00,http://www.fnx.co.il/sites/docs/genery/mediniut_ashkaa_tzfuia/pension-expected-investment-policy-2026.xlsx,policy/companies/520023185/raw/520023185/fcbc1bb9c5bf_pension-expected-investment-policy-2026.xlsx,מקיפה-פנסיונרים זכאים
520023185,,,520023185|מקיפה-פנסיונרים החל מ-1.1.18|מספר מסלול באוצר 12119,מספר מסלול באוצר 12119,2026,"מניות (תעודות סל, אופציות, קרנות נאמנות)",equity,,16.0,0.06,10.0,22.0,"35%- מדד ת""א 125 ,   65%- MSCI WORLD AC",,מקיפה-פנסיונרים החל מ-1.1.18,2026-09-30T21:21:21+00:00,http://www.fnx.co.il/sites/docs/genery/mediniut_ashkaa_tzfuia/pension-expected-investment-policy-2026.xlsx,policy/companies/520023185/raw/520023185/fcbc1bb9c5bf_pension-expected-investment-policy-2026.xlsx,מקיפה-פנסיונרים החל מ-1.1.18
520023185,,,520023185|מקיפה-פנסיונרים החל מ-1.1.18|מספר מסלול באוצר 12119,מספר מסלול באוצר 12119,2026,"אג""ח ממשלתי (צמוד, שקלי ומט""ח), ממשלות זרות בנטרול חשיפות בנגזרים",,,3.0,0.05,0.0,8.0,"מדד אג""ח ממשלתי כללי",,מקיפה-פנסיונרים החל מ-1.1.18,2026-09-30T21:21:21+00:00,http://www.fnx.co.il/sites/docs/genery/mediniut_ashkaa_tzfuia/pension-expected-investment-policy-2026.xlsx,policy/companies/520023185/raw/520023185/fcbc1bb9c5bf_pension-expected-investment-policy-2026.xlsx,מקיפה-פנסיונרים החל מ-1.1.18
520023185,,,520023185|מקיפה-פנסיונרים החל מ-1.1.18|מספר מסלול באוצר 12119,מספר מסלול באוצר 12119,2026,"אג""ח מיועדות ורכיב מבטיח תשואה(***)",,,60.0,0.05,55.0,65.0,,,מקיפה-פנסיונרים החל מ-1.1.18,2026-09-30T21:21:21+00:00,http://www.fnx.co.il/sites/docs/genery/mediniut_ashkaa_tzfuia/pension-expected-investment-policy-2026.xlsx,policy/companies/520023185/raw/520023185/fcbc1bb9c5bf_pension-expected-investment-policy-2026.xlsx,מקיפה-פנסיונרים החל מ-1.1.18
520023185,,,520023185|מקיפה-פנסיונרים החל מ-1.1.18|מספר מסלול באוצר 12119,מספר מסלול באוצר 12119,2026,"אג""ח קונצרני (כולל קרנות נאמנות, תעודות סל)",,,16.0,0.06,10.0,22.0,"35% - תל בונד כללי , 20% - תל בונד 60 , 15% - תל בונד 50 , 15% - IBOXX HY - 15%, IBOXX IG",,מקיפה-פנסיונרים החל מ-1.1.18,2026-09-30T21:21:21+00:00,http://www.fnx.co.il/sites/docs/genery/mediniut_ashkaa_tzfuia/pension-expected-investment-policy-2026.xlsx,policy/companies/520023185/raw/520023185/fcbc1bb9c5bf_pension-expected-investment-policy-2026.xlsx,מקיפה-פנסיונרים החל מ-1.1.18
520023185,,,520023185|מקיפה-פנסיונרים החל מ-1.1.18|מספר מסלול באוצר 12119,מספר מסלול באוצר 12119,2026,"נדל""ן",,,0.0,0.05,0.0,5.0,,,מקיפה-פנסיונרים החל מ-1.1.18,2026-09-30T21:21:21+00:00,http://www.fnx.co.il/sites/docs/genery/mediniut_ashkaa_tzfuia/pension-expected-investment-policy-2026.xlsx,policy/companies/520023185/raw/520023185/fcbc1bb9c5bf_pension-expected-investment-policy-2026.xlsx,מקיפה-פנסיונרים החל מ-1.1.18
520023185,,,520023185|מקיפה-פנסיונרים החל מ-1.1.18|מספר מסלול באוצר 12119,מספר מסלול באוצר 12119,2026,"אחר (קרנות השקעה, Co Invest, תשתיות, גידור)",,,3.0,0.05,0.0,8.0,,,מקיפה-פנסיונרים החל מ-1.1.18,2026-09-30T21:21:21+00:00,http://www.fnx.co.il/sites/docs/genery/mediniut_ashkaa_tzfuia/pension-expected-investment-policy-2026.xlsx,policy/companies/520023185/raw/520023185/fcbc1bb9c5bf_pension-expected-investment-policy-2026.xlsx,מקיפה-פנסיונרים החל מ-1.1.18
520023185,,,520023185|מקיפה-פנסיונרים החל מ-1.1.18|מספר מסלול באוצר 12119,מספר מסלול באוצר 12119,2026,מזומנים (*),,,2.0,,,,,,מקיפה-פנסיונרים החל מ-1.1.18,2026-09-30T21:21:21+00:00,http://www.fnx.co.il/sites/docs/genery/mediniut_ashkaa_tzfuia/pension-expected-investment-policy-2026.xlsx,policy/companies/520023185/raw/520023185/fcbc1bb9c5bf_pension-expected-investment-policy-2026.xlsx,מקיפה-פנסיונרים החל מ-1.1.18
520023185,,,520023185|מקיפה-פנסיונרים החל מ-1.1.18|מספר מסלול באוצר 12119,מספר מסלול באוצר 12119,2026,"חשיפה למט""ח",fx,,12.0,0.06,6.0,18.0,,,מקיפה-פנסיונרים החל מ-1.1.18,2026-09-30T21:21:21+00:00,http://www.fnx.co.il/sites/docs/genery/mediniut_ashkaa_tzfuia/pension-expected-investment-policy-2026.xlsx,policy/companies/520023185/raw/520023185/fcbc1bb9c5bf_pension-expected-investment-policy-2026.xlsx,מקיפה-פנסיונרים החל מ-1.1.18
520023185,,,520023185|מקיפה-פנסיונרים החל מ-1.1.18|מספר מסלול באוצר 12119,מספר מסלול באוצר 12119,2026,מגבלת עמלת ניהול חיצוני לשנת 2024,,,0.2,,,,,,מקיפה-פנסיונרים החל מ-1.1.18,2026-09-30T21:21:21+00:00,http://www.fnx.co.il/sites/docs/genery/mediniut_ashkaa_tzfuia/pension-expected-investment-policy-2026.xlsx,policy/companies/520023185/raw/520023185/fcbc1bb9c5bf_pension-expected-investment-policy-2026.xlsx,מקיפה-פנסיונרים החל מ-1.1.18
520023185,,,520023185|משלימה - מסלו השקעה למקבלי קצבה|מספר מסלול באוצר 12120,מספר מסלול באוצר 12120,2026,"מניות (תעודות סל, אופציות, קרנות נאמנות)",equity,17.43,17.0,0.06,11.0,23.0,"35%- מדד ת""א 125 ,   65%- MSCI WORLD AC",,משלימה - מסלו השקעה למקבלי קצבה,2026-09-30T21:21:21+00:00,http://www.fnx.co.il/sites/docs/genery/mediniut_ashkaa_tzfuia/pension-expected-investment-policy-2026.xlsx,policy/companies/520023185/raw/520023185/fcbc1bb9c5bf_pension-expected-investment-policy-2026.xlsx,משלימה - מסלו השקעה למקבלי קצבה
520023185,,,520023185|משלימה - מסלו השקעה למקבלי קצבה|מספר מסלול באוצר 12120,מספר מסלול באוצר 12120,2026,"אג""ח ממשלתי (צמוד, שקלי ומט""ח), ממשלות זרות בנטרול חשיפות בנגזרים",,36.0,39.0,0.05,34.0,44.0,"מדד אג""ח ממשלתי כללי",,משלימה - מסלו השקעה למקבלי קצבה,2026-09-30T21:21:21+00:00,http://www.fnx.co.il/sites/docs/genery/mediniut_ashkaa_tzfuia/pension-expected-investment-policy-2026.xlsx,policy/companies/520023185/raw/520023185/fcbc1bb9c5bf_pension-expected-investment-policy-2026.xlsx,משלימה - מסלו השקעה למקבלי קצבה
520023185,,,520023185|משלימה - מסלו השקעה למקבלי קצבה|מספר מסלול באוצר 12120,מספר מסלול באוצר 12120,2026,"אג""ח קונצרני (כולל קרנות נאמנות, תעודות סל)",,41.24,41.0,0.06,35.0,47.0,"35% - תל בונד כללי , 20% - תל בונד 60 , 15% - תל בונד 50 , 15% - IBOXX HY - 15%, IBOXX IG",,משלימה - מסלו השקעה למקבלי קצבה,2026-09-30T21:21:21+00:00,http://www.fnx.co.il/sites/docs/genery/mediniut_ashkaa_tzfuia/pension-expected-investment-policy-2026.xlsx,policy/companies/520023185/raw/520023185/fcbc1bb9c5bf_pension-expected-investment-policy-2026.xlsx,משלימה - מסלו השקעה למקבלי קצבה
520023185,,,520023185|משלימה - מסלו השקעה למקבלי קצבה|מספר מסלול באוצר 12120,מספר מסלול באוצר 12120,2026,"נדל""ן",,0.0,0.0,0.05,0.0,5.0,,,משלימה - מסלו השקעה למקבלי קצבה,2026-09-30T21:21:21+00:00,http://www.fnx.co.il/sites/docs/genery/mediniut_ashkaa_tzfuia/pension-expected-investment-policy-2026.xlsx,policy/companies/520023185/raw/520023185/fcbc1bb9c5bf_pension-expected-investment-policy-2026.xlsx,משלימה - מסלו השקעה למקבלי קצבה
520023185,,,520023185|משלימה - מסלו השקעה למקבלי קצבה|מספר מסלול באוצר 12120,מספר מסלול באוצר 12120,2026,"אחר (קרנות השקעה, Co Invest, תשתיות, גידור)",,0.12,0.0,0.05,0.0,5.0,,,משלימה - מסלו השקעה למקבלי קצבה,2026-09-30T21:21:21+00:00,http://www.fnx.co.il/sites/docs/genery/mediniut_ashkaa_tzfuia/pension-expected-investment-policy-2026.xlsx,policy/companies/520023185/raw/520023185/fcbc1bb9c5bf_pension-expected-investment-policy-2026.xlsx,משלימה - מסלו השקעה למקבלי קצבה
520023185,,,520023185|משלימה - מסלו השקעה למקבלי קצבה|מספר מסלול באוצר 12120,מספר מסלול באוצר 12120,2026,מזומנים (*),,5.06,3.0,,,,,,משלימה - מסלו השקעה למקבלי קצבה,2026-09-30T21:21:21+00:00,http://www.fnx.co.il/sites/docs/genery/mediniut_ashkaa_tzfuia/pension-expected-investment-policy-2026.xlsx,policy/companies/520023185/raw/520023185/fcbc1bb9c5bf_pension-expected-investment-policy-2026.xlsx,משלימה - מסלו השקעה למקבלי קצבה
520023185,,,520023185|משלימה - מסלו השקעה למקבלי קצבה|מספר מסלול באוצר 12120,מספר מסלול באוצר 12120,2026,"חשיפה למט""ח",fx,15.48,14.0,0.06,8.0,20.0,,,משלימה - מסלו השקעה למקבלי קצבה,2026-09-30T21:21:21+00:00,http://www.fnx.co.il/sites/docs/genery/mediniut_ashkaa_tzfuia/pension-expected-investment-policy-2026.xlsx,policy/companies/520023185/raw/520023185/fcbc1bb9c5bf_pension-expected-investment-policy-2026.xlsx,משלימה - מסלו השקעה למקבלי קצבה
520023185,,,520023185|משלימה - מסלו השקעה למקבלי קצבה|מספר מסלול באוצר 12120,מספר מסלול באוצר 12120,2026,מגבלת עמלת ניהול חיצוני לשנת 2026,,0.15,,,,,,,משלימה - מסלו השקעה למקבלי קצבה,2026-09-30T21:21:21+00:00,http://www.fnx.co.il/sites/docs/genery/mediniut_ashkaa_tzfuia/pension-expected-investment-policy-2026.xlsx,policy/companies/520023185/raw/520023185/fcbc1bb9c5bf_pension-expected-investment-policy-2026.xlsx,משלימה - מסלו השקעה למקבלי קצבה
520023185,,,520023185|משלימה - מסלו השקעה למקבלי קצבה|מספר מסלול באוצר 2202,מספר מסלול באוצר 2202,2026,"אג""ח ממשלתי (צמוד, שקלי ומט""ח), ממשלות זרות בנטרול חשיפות בנגזרים",,99.43,96.0,0.05,91.0,100.0,"מדד אג""ח ממשלתי כללי",,משלימה - מסלו השקעה למקבלי קצבה,2026-09-30T21:21:21+00:00,http://www.fnx.co.il/sites/docs/genery/mediniut_ashkaa_tzfuia/pension-expected-investment-policy-2026.xlsx,policy/companies/520023185/raw/520023185/fcbc1bb9c5bf_pension-expected-investment-policy-2026.xlsx,משלימה - מסלו השקעה למקבלי קצבה
520023185,,,520023185|משלימה - מסלו השקעה למקבלי קצבה|מספר מסלול באוצר 2202,מספר מסלול באוצר 2202,2026,מזומנים (*),,0.57,4.0,,,,,,משלימה - מסלו השקעה למקבלי קצבה,2026-09-30T21:21:21+00:00,http://www.fnx.co.il/sites/docs/genery/mediniut_ashkaa_tzfuia/pension-expected-investment-policy-2026.xlsx,policy/companies/520023185/raw/520023185/fcbc1bb9c5bf_pension-expected-investment-policy-2026.xlsx,משלימה - מסלו השקעה למקבלי קצבה
520023185,,,520023185|משלימה - מסלו השקעה למקבלי קצבה|מספר מסלול באוצר 2202,מספר מסלול באוצר 2202,2026,"חשיפה למט""ח",fx,0.0,0.0,0.06,0.0,6.0,,,משלימה - מסלו השקעה למקבלי קצבה,2026-09-30T21:21:21+00:00,http://www.fnx.co.il/sites/docs/genery/mediniut_ashkaa_tzfuia/pension-expected-investment-policy-2026.xlsx,policy/companies/520023185/raw/520023185/fcbc1bb9c5bf_pension-expected-investment-policy-2026.xlsx,משלימה - מסלו השקעה למקבלי קצבה
520023185,,,520023185|משלימה - מסלו השקעה למקבלי קצבה|מספר מסלול באוצר 2202,מספר מסלול באוצר 2202,2026,מגבלת עמלת ניהול חיצוני לשנת 2026,,0.05,,,,,,,משלימה - מסלו השקעה למקבלי קצבה,2026-09-30T21:21:21+00:00,http://www.fnx.co.il/sites/docs/genery/mediniut_ashkaa_tzfuia/pension-expected-investment-policy-2026.xlsx,policy/companies/520023185/raw/520023185/fcbc1bb9c5bf_pension-expected-investment-policy-2026.xlsx,משלימה - מסלו השקעה למקבלי קצבה
520023185,,,520023185|פנסיית יסוד|מספר מסלול באוצר 347,מספר מסלול באוצר 347,2026,"מניות (תעודות סל, אופציות, קרנות נאמנות)",equity,18.53,17.0,0.06,11.0,23.0,"40%- מדד ת""א 125 ,   60%- MSCI WORLD AC",,פנסיית יסוד,2026-09-30T21:21:21+00:00,http://www.fnx.co.il/sites/docs/genery/mediniut_ashkaa_tzfuia/pension-expected-investment-policy-2026.xlsx,policy/companies/520023185/raw/520023185/fcbc1bb9c5bf_pension-expected-investment-policy-2026.xlsx,פנסיית יסוד
520023185,,,520023185|פנסיית יסוד|מספר מסלול באוצר 347,מספר מסלול באוצר 347,2026,"אג""ח ממשלתי (צמוד, שקלי ומט""ח), ממשלות זרות בנטרול חשיפות בנגזרים",,10.09,11.0,0.05,6.0,16.0,"מדד אג""ח ממשלתי כללי",,פנסיית יסוד,2026-09-30T21:21:21+00:00,http://www.fnx.co.il/sites/docs/genery/mediniut_ashkaa_tzfuia/pension-expected-investment-policy-2026.xlsx,policy/companies/520023185/raw/520023185/fcbc1bb9c5bf_pension-expected-investment-policy-2026.xlsx,פנסיית יסוד
520023185,,,520023185|פנסיית יסוד|מספר מסלול באוצר 347,מספר מסלול באוצר 347,2026,"אג""ח מיועדות ורכיב מבטיח תשואה(***)",,32.78,30.0,0.05,25.0,35.0,,,פנסיית יסוד,2026-09-30T21:21:21+00:00,http://www.fnx.co.il/sites/docs/genery/mediniut_ashkaa_tzfuia/pension-expected-investment-policy-2026.xlsx,policy/companies/520023185/raw/520023185/fcbc1bb9c5bf_pension-expected-investment-policy-2026.xlsx,פנסיית יסוד
520023185,,,520023185|פנסיית יסוד|מספר מסלול באוצר 347,מספר מסלול באוצר 347,2026,"אג""ח קונצרני (כולל קרנות נאמנות, תעודות סל)",,22.44,26.0,0.06,20.0,32.0,"35% - תל בונד כללי , 20% - תל בונד 60 , 15% - תל בונד 50 , 15% - IBOXX HY - 15%, IBOXX IG",,פנסיית יסוד,2026-09-30T21:21:21+00:00,http://www.fnx.co.il/sites/docs/genery/mediniut_ashkaa_tzfuia/pension-expected-investment-policy-2026.xlsx,policy/companies/520023185/raw/520023185/fcbc1bb9c5bf_pension-expected-investment-policy-2026.xlsx,פנסיית יסוד
520023185,,,520023185|פנסיית יסוד|מספר מסלול באוצר 347,מספר מסלול באוצר 347,2026,קרנות השקעה,,3.37,3.0,0.05,0.0,8.0,,,פנסיית יסוד,2026-09-30T21:21:21+00:00,http://www.fnx.co.il/sites/docs/genery/mediniut_ashkaa_tzfuia/pension-expected-investment-policy-2026.xlsx,policy/companies/520023185/raw/520023185/fcbc1bb9c5bf_pension-expected-investment-policy-2026.xlsx,פנסיית יסוד
520023185,,,520023185|פנסיית יסוד|מספר מסלול באוצר 347,מספר מסלול באוצר 347,2026,"אחר (Co Invest, תשתיות, גידור, נדל""ן)",,9.4,9.0,0.05,4.0,14.0,,,פנסיית יסוד,2026-09-30T21:21:21+00:00,http://www.fnx.co.il/sites/docs/genery/mediniut_ashkaa_tzfuia/pension-expected-investment-policy-2026.xlsx,policy/companies/520023185/raw/520023185/fcbc1bb9c5bf_pension-expected-investment-policy-2026.xlsx,פנסיית יסוד
520023185,,,520023185|פנסיית יסוד|מספר מסלול באוצר 347,מספר מסלול באוצר 347,2026,מזומנים (*),,3.37,4.0,,,,,,פנסיית יסוד,2026-09-30T21:21:21+00:00,http://www.fnx.co.il/sites/docs/genery/mediniut_ashkaa_tzfuia/pension-expected-investment-policy-2026.xlsx,policy/companies/520023185/raw/520023185/fcbc1bb9c5bf_pension-expected-investment-policy-2026.xlsx,פנסיית יסוד
520023185,,,520023185|פנסיית יסוד|מספר מסלול באוצר 347,מספר מסלול באוצר 347,2026,"חשיפה למט""ח",fx,16.07,16.0,0.06,10.0,22.0,,,פנסיית יסוד,2026-09-30T21:21:21+00:00,http://www.fnx.co.il/sites/docs/genery/mediniut_ashkaa_tzfuia/pension-expected-investment-policy-2026.xlsx,policy/companies/520023185/raw/520023185/fcbc1bb9c5bf_pension-expected-investment-policy-2026.xlsx,פנסיית יסוד
520023185,,,520023185|פנסיית יסוד|מספר מסלול באוצר 347,מספר מסלול באוצר 347,2026,מגבלת עמלת ניהול חיצוני לשנת 2026,,0.0,,,,,,,פנסיית יסוד,2026-09-30T21:21:21+00:00,http://www.fnx.co.il/sites/docs/genery/mediniut_ashkaa_tzfuia/pension-expected-investment-policy-2026.xlsx,policy/companies/520023185/raw/520023185/fcbc1bb9c5bf_pension-expected-investment-policy-2026.xlsx,פנסיית יסוד
520023185,,,520023185|פנסיית יסוד|הפניקס פנסיה מקיפה מסלול כללי,הפניקס פנסיה מקיפה מסלול כללי,2026,"מניות (כולל תעודות סל, אופציות, קרנות נאמנות)",equity,,,+/- 6%,28.0,40.0,,,פנסיית יסוד,2026-09-30T21:21:21+00:00,http://www.fnx.co.il/sites/docs/genery/mediniut_ashkaa_tzfuia/pension-expected-investment-policy-2026.xlsx,policy/companies/520023185/raw/520023185/fcbc1bb9c5bf_pension-expected-investment-policy-2026.xlsx,פנסיית יסוד
520023185,,,520023185|פנסיית יסוד|הפניקס פנסיה מקיפה מסלול כללי,הפניקס פנסיה מקיפה מסלול כללי,2026,"אג""ח ממשלתי (צמוד, שקלי ומט""ח), ממשלות זרות בנטרול חשיפות בנגזרים1",,,,+/- 5%,33.0,43.0,,,פנסיית יסוד,2026-09-30T21:21:21+00:00,http://www.fnx.co.il/sites/docs/genery/mediniut_ashkaa_tzfuia/pension-expected-investment-policy-2026.xlsx,policy/companies/520023185/raw/520023185/fcbc1bb9c5bf_pension-expected-investment-policy-2026.xlsx,פנסיית יסוד
520023185,,,520023185|פנסיית יסוד|הפניקס פנסיה מקיפה מסלול כללי,הפניקס פנסיה מקיפה מסלול כללי,2026,"אג""ח קונצרני (קרנות נאמנות, תעודות סל)",,,,+/- 6%,17.0,29.0,,,פנסיית יסוד,2026-09-30T21:21:21+00:00,http://www.fnx.co.il/sites/docs/genery/mediniut_ashkaa_tzfuia/pension-expected-investment-policy-2026.xlsx,policy/companies/520023185/raw/520023185/fcbc1bb9c5bf_pension-expected-investment-policy-2026.xlsx,פנסיית יסוד
520023185,,,520023185|פנסיית יסוד|הפניקס פנסיה מקיפה מסלול כללי,הפניקס פנסיה מקיפה מסלול כללי,2026,"נדל""ן",,,,+/- 5%,0.0,9.0,,,פנסיית יסוד,2026-09-30T21:21:21+00:00,http://www.fnx.co.il/sites/docs/genery/mediniut_ashkaa_tzfuia/pension-expected-investment-policy-2026.xlsx,policy/companies/520023185/raw/520023185/fcbc1bb9c5bf_pension-expected-investment-policy-2026.xlsx,פנסיית יסוד
520023185,,,520023185|פנסיית יסוד|הפניקס פנסיה מקיפה מסלול כללי,הפניקס פנסיה מקיפה מסלול כללי,2026,"אחר (קרנות השקעה, PE, VC, קרדיט, גידור)",,,,+/- 5%,0.0,5.0,,,פנסיית יסוד,2026-09-30T21:21:21+00:00,http://www.fnx.co.il/sites/docs/genery/mediniut_ashkaa_tzfuia/pension-expected-investment-policy-2026.xlsx,policy/companies/520023185/raw/520023185/fcbc1bb9c5bf_pension-expected-investment-policy-2026.xlsx,פנסיית יסוד
520023185,,,520023185|פנסיית יסוד|הפניקס פנסיה מקיפה מסלול כללי,הפניקס פנסיה מקיפה מסלול כללי,2026,מזומנים (בנטרול נגזרים),,,,+/- 5%,0.0,6.0,,,פנסיית יסוד,2026-09-30T21:21:21+00:00,http://www.fnx.co.il/sites/docs/genery/mediniut_ashkaa_tzfuia/pension-expected-investment-policy-2026.xlsx,policy/companies/520023185/raw/520023185/fcbc1bb9c5bf_pension-expected-investment-policy-2026.xlsx,פנסיית יסוד
520023185,,,520023185|פנסיית יסוד|הפניקס פנסיה מקיפה מסלול כללי,הפניקס פנסיה מקיפה מסלול כללי,2026,"חשיפה למט""ח",fx,,,+/- 6%,10.0,22.0,,,פנסיית יסוד,2026-09-30T21:21:21+00:00,http://www.fnx.co.il/sites/docs/genery/mediniut_ashkaa_tzfuia/pension-expected-investment-policy-2026.xlsx,policy/companies/520023185/raw/520023185/fcbc1bb9c5bf_pension-expected-investment-policy-2026.xlsx,פנסיית יסוד
520023185,,,520023185|מגן|מספר מסלול באוצר 325,מספר מסלול באוצר 325,2026,"מניות (תעודות סל, אופציות, קרנות נאמנות)",equity,19.43,17.0,0.06,11.0,23.0,"40%- מדד ת""א 125 ,   60%- MSCI WORLD AC",,מגן,2026-09-30T21:21:21+00:00,http://www.fnx.co.il/sites/docs/genery/mediniut_ashkaa_tzfuia/pension-expected-investment-policy-2026.xlsx,policy/companies/520023185/raw/520023185/fcbc1bb9c5bf_pension-expected-investment-policy-2026.xlsx,מגן
520023185,,,520023185|מגן|מספר מסלול באוצר 325,מספר מסלול באוצר 325,2026,"אג""ח ממשלתי (צמוד, שקלי ומט""ח), ממשלות זרות בנטרול חשיפות בנגזרים",,21.73,26.0,0.05,21.0,31.0,"מדד אג""ח ממשלתי כללי",,מגן,2026-09-30T21:21:21+00:00,http://www.fnx.co.il/sites/docs/genery/mediniut_ashkaa_tzfuia/pension-expected-investment-policy-2026.xlsx,policy/companies/520023185/raw/520023185/fcbc1bb9c5bf_pension-expected-investment-policy-2026.xlsx,מגן
520023185,,,520023185|מגן|מספר מסלול באוצר 325,מספר מסלול באוצר 325,2026,"אג""ח מיועדות ורכיב מבטיח תשואה(***)",,37.92,30.0,0.05,25.0,35.0,,,מגן,2026-09-30T21:21:21+00:00,http://www.fnx.co.il/sites/docs/genery/mediniut_ashkaa_tzfuia/pension-expected-investment-policy-2026.xlsx,policy/companies/520023185/raw/520023185/fcbc1bb9c5bf_pension-expected-investment-policy-2026.xlsx,מגן
520023185,,,520023185|מגן|מספר מסלול באוצר 325,מספר מסלול באוצר 325,2026,"אג""ח קונצרני (קרנות נאמנות, תעודות סל)",,7.88,14.0,0.06,8.0,20.0,"35% - תל בונד כללי , 20% - תל בונד 60 , 15% - תל בונד 50 , 15% - IBOXX HY - 15%, IBOXX IG",,מגן,2026-09-30T21:21:21+00:00,http://www.fnx.co.il/sites/docs/genery/mediniut_ashkaa_tzfuia/pension-expected-investment-policy-2026.xlsx,policy/companies/520023185/raw/520023185/fcbc1bb9c5bf_pension-expected-investment-policy-2026.xlsx,מגן
520023185,,,520023185|מגן|מספר מסלול באוצר 325,מספר מסלול באוצר 325,2026,"אחר (קרנות השקעה, Co Invest, תשתיות, גידור)",,7.85,9.0,0.05,4.0,14.0,,,מגן,2026-09-30T21:21:21+00:00,http://www.fnx.co.il/sites/docs/genery/mediniut_ashkaa_tzfuia/pension-expected-investment-policy-2026.xlsx,policy/companies/520023185/raw/520023185/fcbc1bb9c5bf_pension-expected-investment-policy-2026.xlsx,מגן
520023185,,,520023185|מגן|מספר מסלול באוצר 325,מספר מסלול באוצר 325,2026,מזומנים (*),,5.19,4.0,,,,,,מגן,2026-09-30T21:21:21+00:00,http://www.fnx.co.il/sites/docs/genery/mediniut_ashkaa_tzfuia/pension-expected-investment-policy-2026.xlsx,policy/companies/520023185/raw/520023185/fcbc1bb9c5bf_pension-expected-investment-policy-2026.xlsx,מגן
520023185,,,520023185|מגן|מספר מסלול באוצר 325,מספר מסלול באוצר 325,2026,"חשיפה למט""ח",fx,15.09,15.0,0.06,9.0,21.0,,,מגן,2026-09-30T21:21:21+00:00,http://www.fnx.co.il/sites/docs/genery/mediniut_ashkaa_tzfuia/pension-expected-investment-policy-2026.xlsx,policy/companies/520023185/raw/520023185/fcbc1bb9c5bf_pension-expected-investment-policy-2026.xlsx,מגן
520023185,,,520023185|מגן|מספר מסלול באוצר 325,מספר מסלול באוצר 325,2026,מגבלת עמלת ניהול חיצוני לשנת 2026,,0.0,,,,,,,מגן,2026-09-30T21:21:21+00:00,http://www.fnx.co.il/sites/docs/genery/mediniut_ashkaa_tzfuia/pension-expected-investment-policy-2026.xlsx,policy/companies/520023185/raw/520023185/fcbc1bb9c5bf_pension-expected-investment-policy-2026.xlsx,מגן
520023185,,,520023185|עמיתי דור ביניים|מספר מסלול באוצר 3471,מספר מסלול באוצר 3471,2026,"מניות (תעודות סל, אופציות, קרנות נאמנות)",equity,19.27,17.0,0.06,11.0,23.0,"40%- מדד ת""א 125 ,   60%- MSCI WORLD AC",,עמיתי דור ביניים,2026-09-30T21:21:21+00:00,http://www.fnx.co.il/sites/docs/genery/mediniut_ashkaa_tzfuia/pension-expected-investment-policy-2026.xlsx,policy/companies/520023185/raw/520023185/fcbc1bb9c5bf_pension-expected-investment-policy-2026.xlsx,עמיתי דור ביניים
520023185,,,520023185|עמיתי דור ביניים|מספר מסלול באוצר 3471,מספר מסלול באוצר 3471,2026,"אג""ח ממשלתי (צמוד, שקלי ומט""ח), ממשלות זרות בנטרול חשיפות בנגזרים",,14.17,16.0,0.05,11.0,21.0,"מדד אג""ח ממשלתי כללי",,עמיתי דור ביניים,2026-09-30T21:21:21+00:00,http://www.fnx.co.il/sites/docs/genery/mediniut_ashkaa_tzfuia/pension-expected-investment-policy-2026.xlsx,policy/companies/520023185/raw/520023185/fcbc1bb9c5bf_pension-expected-investment-policy-2026.xlsx,עמיתי דור ביניים
520023185,,,520023185|עמיתי דור ביניים|מספר מסלול באוצר 3471,מספר מסלול באוצר 3471,2026,"אג""ח מיועדות ורכיב מבטיח תשואה(***)",,32.78,30.0,0.05,25.0,35.0,,,עמיתי דור ביניים,2026-09-30T21:21:21+00:00,http://www.fnx.co.il/sites/docs/genery/mediniut_ashkaa_tzfuia/pension-expected-investment-policy-2026.xlsx,policy/companies/520023185/raw/520023185/fcbc1bb9c5bf_pension-expected-investment-policy-2026.xlsx,עמיתי דור ביניים
520023185,,,520023185|עמיתי דור ביניים|מספר מסלול באוצר 3471,מספר מסלול באוצר 3471,2026,"אג""ח קונצרני (כולל קרנות נאמנות, תעודות סל)",,28.65,32.0,0.06,26.0,38.0,"35% - תל בונד כללי , 20% - תל בונד 60 , 15% - תל בונד 50 , 15% - IBOXX HY - 15%, IBOXX IG",,עמיתי דור ביניים,2026-09-30T21:21:21+00:00,http://www.fnx.co.il/sites/docs/genery/mediniut_ashkaa_tzfuia/pension-expected-investment-policy-2026.xlsx,policy/companies/520023185/raw/520023185/fcbc1bb9c5bf_pension-expected-investment-policy-2026.xlsx,עמיתי דור ביניים
520023185,,,520023185|עמיתי דור ביניים|מספר מסלול באוצר 3471,מספר מסלול באוצר 3471,2026,"אחר (קרנות השקעה,Co Invest, תשתיות, גידור,נדלן)",,0.73,2.0,0.05,0.0,7.0,,,עמיתי דור ביניים,2026-09-30T21:21:21+00:00,http://www.fnx.co.il/sites/docs/genery/mediniut_ashkaa_tzfuia/pension-expected-investment-policy-2026.xlsx,policy/companies/520023185/raw/520023185/fcbc1bb9c5bf_pension-expected-investment-policy-2026.xlsx,עמיתי דור ביניים
520023185,,,520023185|עמיתי דור ביניים|מספר מסלול באוצר 3471,מספר מסלול באוצר 3471,2026,מזומנים (*),,4.37,3.0,,,,,,עמיתי דור ביניים,2026-09-30T21:21:21+00:00,http://www.fnx.co.il/sites/docs/genery/mediniut_ashkaa_tzfuia/pension-expected-investment-policy-2026.xlsx,policy/companies/520023185/raw/520023185/fcbc1bb9c5bf_pension-expected-investment-policy-2026.xlsx,עמיתי דור ביניים
520023185,,,520023185|עמיתי דור ביניים|מספר מסלול באוצר 3471,מספר מסלול באוצר 3471,2026,"חשיפה למט""ח",fx,13.3,13.0,0.06,7.0,19.0,,,עמיתי דור ביניים,2026-09-30T21:21:21+00:00,http://www.fnx.co.il/sites/docs/genery/mediniut_ashkaa_tzfuia/pension-expected-investment-policy-2026.xlsx,policy/companies/520023185/raw/520023185/fcbc1bb9c5bf_pension-expected-investment-policy-2026.xlsx,עמיתי דור ביניים
520023185,,,520023185|עמיתי דור ביניים|מספר מסלול באוצר 3471,מספר מסלול באוצר 3471,2026,מגבלת עמלת ניהול חיצוני לשנת 2026,,0.0,,,,,,,עמיתי דור ביניים,2026-09-30T21:21:21+00:00,http://www.fnx.co.il/sites/docs/genery/mediniut_ashkaa_tzfuia/pension-expected-investment-policy-2026.xlsx,policy/companies/520023185/raw/520023185/fcbc1bb9c5bf_pension-expected-investment-policy-2026.xlsx,עמיתי דור ביניים
520023185,,,520023185|עמיתי דור ביניים|הפניקס פנסיה מקיפה מסלול כללי,הפניקס פנסיה מקיפה מסלול כללי,2026,"מניות (כולל תעודות סל, אופציות, קרנות נאמנות)",equity,33.32,,+/- 6%,28.0,40.0,,,עמיתי דור ביניים,2026-09-30T21:21:21+00:00,http://www.fnx.co.il/sites/docs/genery/mediniut_ashkaa_tzfuia/pension-expected-investment-policy-2026.xlsx,policy/companies/520023185/raw/520023185/fcbc1bb9c5bf_pension-expected-investment-policy-2026.xlsx,עמיתי דור ביניים
520023185,,,520023185|עמיתי דור ביניים|הפניקס פנסיה מקיפה מסלול כללי,הפניקס פנסיה מקיפה מסלול כללי,2026,"אג""ח ממשלתי (צמוד, שקלי ומט""ח), ממשלות זרות בנטרול חשיפות בנגזרים1",,35.97,,+/- 5%,33.0,43.0,,,עמיתי דור ביניים,2026-09-30T21:21:21+00:00,http://www.fnx.co.il/sites/docs/genery/mediniut_ashkaa_tzfuia/pension-expected-investment-policy-2026.xlsx,policy/companies/520023185/raw/520023185/fcbc1bb9c5bf_pension-expected-investment-policy-2026.xlsx,עמיתי דור ביניים
520023185,,,520023185|עמיתי דור ביניים|הפניקס פנסיה מקיפה מסלול כללי,הפניקס פנסיה מקיפה מסלול כללי,2026,"אג""ח מיועדות",,29.71,,,,,,,עמיתי דור ביניים,2026-09-30T21:21:21+00:00,http://www.fnx.co.il/sites/docs/genery/mediniut_ashkaa_tzfuia/pension-expected-investment-policy-2026.xlsx,policy/companies/520023185/raw/520023185/fcbc1bb9c5bf_pension-expected-investment-policy-2026.xlsx,עמיתי דור ביניים
520023185,,,520023185|עמיתי דור ביניים|הפניקס פנסיה מקיפה מסלול כללי,הפניקס פנסיה מקיפה מסלול כללי,2026,"אג""ח קונצרני (קרנות נאמנות, תעודות סל)",,25.51,,+/- 6%,17.0,29.0,,,עמיתי דור ביניים,2026-09-30T21:21:21+00:00,http://www.fnx.co.il/sites/docs/genery/mediniut_ashkaa_tzfuia/pension-expected-investment-policy-2026.xlsx,policy/companies/520023185/raw/520023185/fcbc1bb9c5bf_pension-expected-investment-policy-2026.xlsx,עמיתי דור ביניים
520023185,,,520023185|עמיתי דור ביניים|הפניקס פנסיה מקיפה מסלול כללי,הפניקס פנסיה מקיפה מסלול כללי,2026,"נדל""ן",,3.88,,+/- 5%,0.0,9.0,,,עמיתי דור ביניים,2026-09-30T21:21:21+00:00,http://www.fnx.co.il/sites/docs/genery/mediniut_ashkaa_tzfuia/pension-expected-investment-policy-2026.xlsx,policy/companies/520023185/raw/520023185/fcbc1bb9c5bf_pension-expected-investment-policy-2026.xlsx,עמיתי דור ביניים
520023185,,,520023185|עמיתי דור ביניים|הפניקס פנסיה מקיפה מסלול כללי,הפניקס פנסיה מקיפה מסלול כללי,2026,"אחר (קרנות השקעה, PE, VC, קרדיט, גידור)",,0.61,,+/- 5%,0.0,5.0,,,עמיתי דור ביניים,2026-09-30T21:21:21+00:00,http://www.fnx.co.il/sites/docs/genery/mediniut_ashkaa_tzfuia/pension-expected-investment-policy-2026.xlsx,policy/companies/520023185/raw/520023185/fcbc1bb9c5bf_pension-expected-investment-policy-2026.xlsx,עמיתי דור ביניים
520023185,,,520023185|עמיתי דור ביניים|הפניקס פנסיה מקיפה מסלול כללי,הפניקס פנסיה מקיפה מסלול כללי,2026,מזומנים (בנטרול נגזרים),,0.75,,+/- 5%,0.0,6.0,,,עמיתי דור ביניים,2026-09-30T21:21:21+00:00,http://www.fnx.co.il/sites/docs/genery/mediniut_ashkaa_tzfuia/pension-expected-investment-policy-2026.xlsx,policy/companies/520023185/raw/520023185/fcbc1bb9c5bf_pension-expected-investment-policy-2026.xlsx,עמיתי דור ביניים
520023185,,,520023185|עמיתי דור ביניים|הפניקס פנסיה מקיפה מסלול כללי,הפניקס פנסיה מקיפה מסלול כללי,2026,"חשיפה למט""ח",fx,16.78,,+/- 6%,10.0,22.0,,,עמיתי דור ביניים,2026-09-30T21:21:21+00:00,http://www.fnx.co.il/sites/docs/genery/mediniut_ashkaa_tzfuia/pension-expected-investment-policy-2026.xlsx,policy/companies/520023185/raw/520023185/fcbc1bb9c5bf_pension-expected-investment-policy-2026.xlsx,עמיתי דור ביניים
520023185,,,520023185|קרן גמלאות של עורכי דין|מספר מסלול באוצר 389,מספר מסלול באוצר 389,2026,"מניות (תעודות סל, אופציות, קרנות נאמנות)",equity,18.38,17.0,0.06,11.0,23.0,"40%- מדד ת""א 125 ,   60%- MSCI WORLD AC",,קרן גמלאות של עורכי דין,2026-09-30T21:21:21+00:00,http://www.fnx.co.il/sites/docs/genery/mediniut_ashkaa_tzfuia/pension-expected-investment-policy-2026.xlsx,policy/companies/520023185/raw/520023185/fcbc1bb9c5bf_pension-expected-investment-policy-2026.xlsx,קרן גמלאות של עורכי דין
520023185,,,520023185|קרן גמלאות של עורכי דין|מספר מסלול באוצר 389,מספר מסלול באוצר 389,2026,"אג""ח ממשלתי (צמוד, שקלי ומט""ח), ממשלות זרות בנטרול חשיפות בנגזרים",,26.66,31.0,0.05,26.0,36.0,"מדד אג""ח ממשלתי כללי",,קרן גמלאות של עורכי דין,2026-09-30T21:21:21+00:00,http://www.fnx.co.il/sites/docs/genery/mediniut_ashkaa_tzfuia/pension-expected-investment-policy-2026.xlsx,policy/companies/520023185/raw/520023185/fcbc1bb9c5bf_pension-expected-investment-policy-2026.xlsx,קרן גמלאות של עורכי דין
520023185,,,520023185|קרן גמלאות של עורכי דין|מספר מסלול באוצר 389,מספר מסלול באוצר 389,2026,"אג""ח מיועדות ורכיב מבטיח תשואה(***)",,33.99,30.0,0.05,25.0,35.0,,,קרן גמלאות של עורכי דין,2026-09-30T21:21:21+00:00,http://www.fnx.co.il/sites/docs/genery/mediniut_ashkaa_tzfuia/pension-expected-investment-policy-2026.xlsx,policy/companies/520023185/raw/520023185/fcbc1bb9c5bf_pension-expected-investment-policy-2026.xlsx,קרן גמלאות של עורכי דין
520023185,,,520023185|קרן גמלאות של עורכי דין|מספר מסלול באוצר 389,מספר מסלול באוצר 389,2026,"אג""ח קונצרני (קרנות נאמנות, תעודות סל)",,10.37,12.0,0.06,6.0,18.0,"35% - תל בונד כללי , 20% - תל בונד 60 , 15% - תל בונד 50 , 15% - IBOXX HY - 15%, IBOXX IG",,קרן גמלאות של עורכי דין,2026-09-30T21:21:21+00:00,http://www.fnx.co.il/sites/docs/genery/mediniut_ashkaa_tzfuia/pension-expected-investment-policy-2026.xlsx,policy/companies/520023185/raw/520023185/fcbc1bb9c5bf_pension-expected-investment-policy-2026.xlsx,קרן גמלאות של עורכי דין
520023185,,,520023185|קרן גמלאות של עורכי דין|מספר מסלול באוצר 389,מספר מסלול באוצר 389,2026,"אחר (נדלן, קרנות השקעה, Co Invest, תשתיות, גידור)",,5.15,7.0,0.05,2.0,12.0,,,קרן גמלאות של עורכי דין,2026-09-30T21:21:21+00:00,http://www.fnx.co.il/sites/docs/genery/mediniut_ashkaa_tzfuia/pension-expected-investment-policy-2026.xlsx,policy/companies/520023185/raw/520023185/fcbc1bb9c5bf_pension-expected-investment-policy-2026.xlsx,קרן גמלאות של עורכי דין
520023185,,,520023185|קרן גמלאות של עורכי דין|מספר מסלול באוצר 389,מספר מסלול באוצר 389,2026,מזומנים (*),,5.44,3.0,,,,,,קרן גמלאות של עורכי דין,2026-09-30T21:21:21+00:00,http://www.fnx.co.il/sites/docs/genery/mediniut_ashkaa_tzfuia/pension-expected-investment-policy-2026.xlsx,policy/companies/520023185/raw/520023185/fcbc1bb9c5bf_pension-expected-investment-policy-2026.xlsx,קרן גמלאות של עורכי דין
520023185,,,520023185|קרן גמלאות של עורכי דין|מספר מסלול באוצר 389,מספר מסלול באוצר 389,2026,"חשיפה למט""ח",fx,11.79,11.0,0.06,5.0,17.0,,,קרן גמלאות של עורכי דין,2026-09-30T21:21:21+00:00,http://www.fnx.co.il/sites/docs/genery/mediniut_ashkaa_tzfuia/pension-expected-investment-policy-2026.xlsx,policy/companies/520023185/raw/520023185/fcbc1bb9c5bf_pension-expected-investment-policy-2026.xlsx,קרן גמלאות של עורכי דין
520023185,,,520023185|קרן גמלאות של עורכי דין|מספר מסלול באוצר 389,מספר מסלול באוצר 389,2026,מגבלת עמלת ניהול חיצוני לשנת 2026,,0.0,,,,,,,קרן גמלאות של עורכי דין,2026-09-30T21:21:21+00:00,http://www.fnx.co.il/sites/docs/genery/mediniut_ashkaa_tzfuia/pension-expected-investment-policy-2026.xlsx,policy/companies/520023185/raw/520023185/fcbc1bb9c5bf_pension-expected-investment-policy-2026.xlsx,קרן גמלאות של עורכי דין
520023185,,,520023185|גמל להשקעה אשכול 1 - אקטיבי|מספר מסלול באוצר 7908,מספר מסלול באוצר 7908,2025,"מניות (כולל תעודות סל, אופציות, קרנות נאמנות)",equity,,39.0,0.06,39.0,51.0,"40%- מדד ת""א 125 ,   60%- MSCI WORLD AC",,גמל להשקעה אשכול 1 - אקטיבי,2026-09-30T21:21:21+00:00,http://www.fnx.co.il/sites/docs/genery/mediniut_ashkaa_tzfuia/gemel2025.xls,policy/companies/520023185/raw/520023185/6d64d82b965c_gemel2025.xls,גמל להשקעה אשכול 1 - אקטיבי
520023185,,,520023185|גמל להשקעה אשכול 1 - אקטיבי|מספר מסלול באוצר 7908,מספר מסלול באוצר 7908,2025,"אג""ח ממשלתי (צמוד, שקלי ומט""ח), 
ממשלות זרות בנטרול חשיפות בנגזרים",,,12.0,0.05,12.0,22.0,"מדד אג""ח ממשלתי כללי",,גמל להשקעה אשכול 1 - אקטיבי,2026-09-30T21:21:21+00:00,http://www.fnx.co.il/sites/docs/genery/mediniut_ashkaa_tzfuia/gemel2025.xls,policy/companies/520023185/raw/520023185/6d64d82b965c_gemel2025.xls,גמל להשקעה אשכול 1 - אקטיבי
520023185,,,520023185|גמל להשקעה אשכול 1 - אקטיבי|מספר מסלול באוצר 7908,מספר מסלול באוצר 7908,2025,"אג""ח קונצרני (כולל קרנות נאמנות, תעודות סל)",,,22.0,0.06,22.0,34.0,"35% - תל בונד כללי , 20% - תל בונד 60 , 15% - תל בונד 50 , 15% - IBOXX HY - 15%, IBOXX IG",,גמל להשקעה אשכול 1 - אקטיבי,2026-09-30T21:21:21+00:00,http://www.fnx.co.il/sites/docs/genery/mediniut_ashkaa_tzfuia/gemel2025.xls,policy/companies/520023185/raw/520023185/6d64d82b965c_gemel2025.xls,גמל להשקעה אשכול 1 - אקטיבי
520023185,,,520023185|גמל להשקעה אשכול 1 - אקטיבי|מספר מסלול באוצר 7908,מספר מסלול באוצר 7908,2025,"אחר ( Co Invest, נדל""ן, קרנות השקעה,תשתיות, גידור)",,,2.0,0.05,2.0,12.0,,,גמל להשקעה אשכול 1 - אקטיבי,2026-09-30T21:21:21+00:00,http://www.fnx.co.il/sites/docs/genery/mediniut_ashkaa_tzfuia/gemel2025.xls,policy/companies/520023185/raw/520023185/6d64d82b965c_gemel2025.xls,גמל להשקעה אשכול 1 - אקטיבי
520023185,,,520023185|גמל להשקעה אשכול 1 - אקטיבי|מספר מסלול באוצר 7908,מספר מסלול באוצר 7908,2025,מזומנים (*),,,0.0,0.05,0.0,8.0,,,גמל להשקעה אשכול 1 - אקטיבי,2026-09-30T21:21:21+00:00,http://www.fnx.co.il/sites/docs/genery/mediniut_ashkaa_tzfuia/gemel2025.xls,policy/companies/520023185/raw/520023185/6d64d82b965c_gemel2025.xls,גמל להשקעה אשכול 1 - אקטיבי
520023185,,,520023185|גמל להשקעה אשכול 1 - אקטיבי|מספר מסלול באוצר 7908,מספר מסלול באוצר 7908,2025,"חשיפה למט""ח",fx,,19.0,0.06,19.0,31.0,,,גמל להשקעה אשכול 1 - אקטיבי,2026-09-30T21:21:21+00:00,http://www.fnx.co.il/sites/docs/genery/mediniut_ashkaa_tzfuia/gemel2025.xls,policy/companies/520023185/raw/520023185/6d64d82b965c_gemel2025.xls,גמל להשקעה אשכול 1 - אקטיבי
520023185,,,520023185|גמל להשקעה אשכול 1 - אקטיבי|מספר מסלול באוצר 13209,מספר מסלול באוצר 13209,2025,"אג""ח ממשלתי (צמוד, שקלי ומט""ח), 
ממשלות זרות בנטרול חשיפות בנגזרים",,,72.0,0.05,72.0,82.0,"מדד אג""ח ממשלתי כללי",,גמל להשקעה אשכול 1 - אקטיבי,2026-09-30T21:21:21+00:00,http://www.fnx.co.il/sites/docs/genery/mediniut_ashkaa_tzfuia/gemel2025.xls,policy/companies/520023185/raw/520023185/6d64d82b965c_gemel2025.xls,גמל להשקעה אשכול 1 - אקטיבי
520023185,,,520023185|גמל להשקעה אשכול 1 - אקטיבי|מספר מסלול באוצר 13209,מספר מסלול באוצר 13209,2025,"אג""ח קונצרני (כולל קרנות נאמנות, תעודות סל)",,,15.0,0.06,15.0,27.0,"35% - תל בונד כללי , 20% - תל בונד 60 , 15% - תל בונד 50 , 15% - IBOXX HY - 15%, IBOXX IG",,גמל להשקעה אשכול 1 - אקטיבי,2026-09-30T21:21:21+00:00,http://www.fnx.co.il/sites/docs/genery/mediniut_ashkaa_tzfuia/gemel2025.xls,policy/companies/520023185/raw/520023185/6d64d82b965c_gemel2025.xls,גמל להשקעה אשכול 1 - אקטיבי
520023185,,,520023185|גמל להשקעה אשכול 1 - אקטיבי|מספר מסלול באוצר 13209,מספר מסלול באוצר 13209,2025,"חשיפה למט""ח",fx,,0.0,0.06,0.0,6.0,,,גמל להשקעה אשכול 1 - אקטיבי,2026-09-30T21:21:21+00:00,http://www.fnx.co.il/sites/docs/genery/mediniut_ashkaa_tzfuia/gemel2025.xls,policy/companies/520023185/raw/520023185/6d64d82b965c_gemel2025.xls,גמל להשקעה אשכול 1 - אקטיבי
520023185,,,520023185|גמל להשקעה אשכול 1 - אקטיבי|מספר מסלול באוצר 7906,מספר מסלול באוצר 7906,2025,"מניות (כולל תעודות סל, אופציות, קרנות נאמנות)",equity,,13.0,0.06,13.0,25.0,"40%- מדד ת""א 125 ,   60%- MSCI WORLD AC",,גמל להשקעה אשכול 1 - אקטיבי,2026-09-30T21:21:21+00:00,http://www.fnx.co.il/sites/docs/genery/mediniut_ashkaa_tzfuia/gemel2025.xls,policy/companies/520023185/raw/520023185/6d64d82b965c_gemel2025.xls,גמל להשקעה אשכול 1 - אקטיבי
520023185,,,520023185|גמל להשקעה אשכול 1 - אקטיבי|מספר מסלול באוצר 7906,מספר מסלול באוצר 7906,2025,"אג""ח ממשלתי (צמוד, שקלי ומט""ח), 
ממשלות זרות בנטרול חשיפות בנגזרים",,,19.0,0.05,19.0,29.0,"מדד אג""ח ממשלתי כללי",,גמל להשקעה אשכול 1 - אקטיבי,2026-09-30T21:21:21+00:00,http://www.fnx.co.il/sites/docs/genery/mediniut_ashkaa_tzfuia/gemel2025.xls,policy/companies/520023185/raw/520023185/6d64d82b965c_gemel2025.xls,גמל להשקעה אשכול 1 - אקטיבי
520023185,,,520023185|גמל להשקעה אשכול 1 - אקטיבי|מספר מסלול באוצר 7906,מספר מסלול באוצר 7906,2025,"אג""ח קונצרני (כולל קרנות נאמנות, תעודות סל)",,,49.0,0.06,49.0,61.0,"35% - תל בונד כללי , 20% - תל בונד 60 , 15% - תל בונד 50 , 15% - IBOXX HY - 15%, IBOXX IG",,גמל להשקעה אשכול 1 - אקטיבי,2026-09-30T21:21:21+00:00,http://www.fnx.co.il/sites/docs/genery/mediniut_ashkaa_tzfuia/gemel2025.xls,policy/companies/520023185/raw/520023185/6d64d82b965c_gemel2025.xls,גמל להשקעה אשכול 1 - אקטיבי
520023185,,,520023185|גמל להשקעה אשכול 1 - אקטיבי|מספר מסלול באוצר 7906,מספר מסלול באוצר 7906,2025,"אחר ( Co Invest, נדל""ן, קרנות השקעהתשתיות, גידור)",,,0.0,0.05,0.0,6.0,,,גמל להשקעה אשכול 1 - אקטיבי,2026-09-30T21:21:21+00:00,http://www.fnx.co.il/sites/docs/genery/mediniut_ashkaa_tzfuia/gemel2025.xls,policy/companies/520023185/raw/520023185/6d64d82b965c_gemel2025.xls,גמל להשקעה אשכול 1 - אקטיבי
520023185,,,520023185|גמל להשקעה אשכול 1 - אקטיבי|מספר מסלול באוצר 7906,מספר מסלול באוצר 7906,2025,"חשיפה למט""ח",fx,,10.0,0.06,10.0,22.0,,,גמל להשקעה אשכול 1 - אקטיבי,2026-09-30T21:21:21+00:00,http://www.fnx.co.il/sites/docs/genery/mediniut_ashkaa_tzfuia/gemel2025.xls,policy/companies/520023185/raw/520023185/6d64d82b965c_gemel2025.xls,גמל להשקעה אשכול 1 - אקטיבי
520023185,,,520023185|גמל להשקעה אשכול 1 - אקטיבי|מספר מסלול באוצר 7905,מספר מסלול באוצר 7905,2025,"מניות (כולל תעודות סל, אופציות, קרנות נאמנות)",equity,,0.0,0.06,0.0,7.0,"40%- מדד ת""א 125 ,   60%- MSCI WORLD AC",,גמל להשקעה אשכול 1 - אקטיבי,2026-09-30T21:21:21+00:00,http://www.fnx.co.il/sites/docs/genery/mediniut_ashkaa_tzfuia/gemel2025.xls,policy/companies/520023185/raw/520023185/6d64d82b965c_gemel2025.xls,גמל להשקעה אשכול 1 - אקטיבי
520023185,,,520023185|גמל להשקעה אשכול 1 - אקטיבי|מספר מסלול באוצר 7905,מספר מסלול באוצר 7905,2025,"אג""ח ממשלתי (צמוד, שקלי ומט""ח), 
ממשלות זרות בנטרול חשיפות בנגזרים",,,24.0,0.05,24.0,34.0,"מדד אג""ח ממשלתי כללי",,גמל להשקעה אשכול 1 - אקטיבי,2026-09-30T21:21:21+00:00,http://www.fnx.co.il/sites/docs/genery/mediniut_ashkaa_tzfuia/gemel2025.xls,policy/companies/520023185/raw/520023185/6d64d82b965c_gemel2025.xls,גמל להשקעה אשכול 1 - אקטיבי
520023185,,,520023185|גמל להשקעה אשכול 1 - אקטיבי|מספר מסלול באוצר 7905,מספר מסלול באוצר 7905,2025,"אג""ח קונצרני (כולל קרנות נאמנות, תעודות סל)",,,60.0,0.06,60.0,72.0,"35% - תל בונד כללי , 20% - תל בונד 60 , 15% - תל בונד 50 , 15% - IBOXX HY - 15%, IBOXX IG",,גמל להשקעה אשכול 1 - אקטיבי,2026-09-30T21:21:21+00:00,http://www.fnx.co.il/sites/docs/genery/mediniut_ashkaa_tzfuia/gemel2025.xls,policy/companies/520023185/raw/520023185/6d64d82b965c_gemel2025.xls,גמל להשקעה אשכול 1 - אקטיבי
520023185,,,520023185|גמל להשקעה אשכול 1 - אקטיבי|מספר מסלול באוצר 7905,מספר מסלול באוצר 7905,2025,"אחר ( Co Invest, נדל""ן, קרנות השקעהתשתיות, גידור)",,,0.0,0.05,0.0,6.0,,,גמל להשקעה אשכול 1 - אקטיבי,2026-09-30T21:21:21+00:00,http://www.fnx.co.il/sites/docs/genery/mediniut_ashkaa_tzfuia/gemel2025.xls,policy/companies/520023185/raw/520023185/6d64d82b965c_gemel2025.xls,גמל להשקעה אשכול 1 - אקטיבי
520023185,,,520023185|גמל להשקעה אשכול 1 - אקטיבי|מספר מסלול באוצר 7905,מספר מסלול באוצר 7905,2025,"חשיפה למט""ח",fx,,8.0,0.06,8.0,20.0,,,גמל להשקעה אשכול 1 - אקטיבי,2026-09-30T21:21:21+00:00,http://www.fnx.co.il/sites/docs/genery/mediniut_ashkaa_tzfuia/gemel2025.xls,policy/companies/520023185/raw/520023185/6d64d82b965c_gemel2025.xls,גמל להשקעה אשכול 1 - אקטיבי
520023185,,,520023185|גמל להשקעה אשכול 1 - אקטיבי|מספר מסלול באוצר 7975,מספר מסלול באוצר 7975,2025,"מניות (כולל תעודות סל, אופציות, קרנות נאמנות)",equity,,,0.06,88.0,100.0,"40%- מדד ת""א 125 ,   60%- MSCI WORLD AC",,גמל להשקעה אשכול 1 - אקטיבי,2026-09-30T21:21:21+00:00,http://www.fnx.co.il/sites/docs/genery/mediniut_ashkaa_tzfuia/gemel2025.xls,policy/companies/520023185/raw/520023185/6d64d82b965c_gemel2025.xls,גמל להשקעה אשכול 1 - אקטיבי
520023185,,,520023185|גמל להשקעה אשכול 1 - אקטיבי|מספר מסלול באוצר 7975,מספר מסלול באוצר 7975,2025,"אג""ח ממשלתי (צמוד, שקלי ומט""ח), 
ממשלות זרות בנטרול חשיפות בנגזרים",,,,0.05,0.0,8.0,"מדד אג""ח ממשלתי כללי",,גמל להשקעה אשכול 1 - אקטיבי,2026-09-30T21:21:21+00:00,http://www.fnx.co.il/sites/docs/genery/mediniut_ashkaa_tzfuia/gemel2025.xls,policy/companies/520023185/raw/520023185/6d64d82b965c_gemel2025.xls,גמל להשקעה אשכול 1 - אקטיבי
520023185,,,520023185|גמל להשקעה אשכול 1 - אקטיבי|מספר מסלול באוצר 7975,מספר מסלול באוצר 7975,2025,"אחר ( Co Invest, נדל""ן, קרנות השקעהתשתיות, גידור)",,,,0.05,0.0,6.0,,,גמל להשקעה אשכול 1 - אקטיבי,2026-09-30T21:21:21+00:00,http://www.fnx.co.il/sites/docs/genery/mediniut_ashkaa_tzfuia/gemel2025.xls,policy/companies/520023185/raw/520023185/6d64d82b965c_gemel2025.xls,גמל להשקעה אשכול 1 - אקטיבי
520023185,,,520023185|גמל להשקעה אשכול 1 - אקטיבי|מספר מסלול באוצר 7975,מספר מסלול באוצר 7975,2025,"חשיפה למט""ח",fx,,,0.06,24.0,36.0,,,גמל להשקעה אשכול 1 - אקטיבי,2026-09-30T21:21:21+00:00,http://www.fnx.co.il/sites/docs/genery/mediniut_ashkaa_tzfuia/gemel2025.xls,policy/companies/520023185/raw/520023185/6d64d82b965c_gemel2025.xls,גמל להשקעה אשכול 1 - אקטיבי
520023185,,,520023185|גמל להשקעה אשכול 3 - סחיר|מספר מסלול באוצר 15214,מספר מסלול באוצר 15214,2025,"מניות (כולל תעודות סל, אופציות, קרנות נאמנות)",equity,,42.0,0.06,42.0,54.0,"40%- מדד ת""א 125 ,   60%- MSCI WORLD AC",,גמל להשקעה אשכול 3 - סחיר,2026-09-30T21:21:21+00:00,http://www.fnx.co.il/sites/docs/genery/mediniut_ashkaa_tzfuia/gemel2025.xls,policy/companies/520023185/raw/520023185/6d64d82b965c_gemel2025.xls,גמל להשקעה אשכול 3 - סחיר
520023185,,,520023185|גמל להשקעה אשכול 3 - סחיר|מספר מסלול באוצר 15214,מספר מסלול באוצר 15214,2025,"אג""ח ממשלתי (צמוד, שקלי ומט""ח), 
ממשלות זרות בנטרול חשיפות בנגזרים",,,11.0,0.05,11.0,21.0,"מדד אג""ח ממשלתי כללי",,גמל להשקעה אשכול 3 - סחיר,2026-09-30T21:21:21+00:00,http://www.fnx.co.il/sites/docs/genery/mediniut_ashkaa_tzfuia/gemel2025.xls,policy/companies/520023185/raw/520023185/6d64d82b965c_gemel2025.xls,גמל להשקעה אשכול 3 - סחיר
520023185,,,520023185|גמל להשקעה אשכול 3 - סחיר|מספר מסלול באוצר 15214,מספר מסלול באוצר 15214,2025,"אג""ח קונצרני (כולל קרנות נאמנות, תעודות סל)",,,29.0,0.06,29.0,41.0,"35% - תל בונד כללי , 20% - תל בונד 60 , 15% - תל בונד 50 , 15% - IBOXX HY - 15%, IBOXX IG",,גמל להשקעה אשכול 3 - סחיר,2026-09-30T21:21:21+00:00,http://www.fnx.co.il/sites/docs/genery/mediniut_ashkaa_tzfuia/gemel2025.xls,policy/companies/520023185/raw/520023185/6d64d82b965c_gemel2025.xls,גמל להשקעה אשכול 3 - סחיר
520023185,,,520023185|גמל להשקעה אשכול 3 - סחיר|מספר מסלול באוצר 15214,מספר מסלול באוצר 15214,2025,"חשיפה למט""ח",fx,,14.0,0.06,14.0,26.0,,,גמל להשקעה אשכול 3 - סחיר,2026-09-30T21:21:21+00:00,http://www.fnx.co.il/sites/docs/genery/mediniut_ashkaa_tzfuia/gemel2025.xls,policy/companies/520023185/raw/520023185/6d64d82b965c_gemel2025.xls,גמל להשקעה אשכול 3 - סחיר
520023185,,,520023185|גמל להשקעה אשכול 3 - סחיר|מספר מסלול באוצר 15215,מספר מסלול באוצר 15215,2025,"אג""ח ממשלתי (צמוד, שקלי ומט""ח), 
ממשלות זרות בנטרול חשיפות בנגזרים",,,21.0,0.05,21.0,31.0,"מדד אג""ח ממשלתי כללי",,גמל להשקעה אשכול 3 - סחיר,2026-09-30T21:21:21+00:00,http://www.fnx.co.il/sites/docs/genery/mediniut_ashkaa_tzfuia/gemel2025.xls,policy/companies/520023185/raw/520023185/6d64d82b965c_gemel2025.xls,גמל להשקעה אשכול 3 - סחיר
520023185,,,520023185|גמל להשקעה אשכול 3 - סחיר|מספר מסלול באוצר 15215,מספר מסלול באוצר 15215,2025,"אג""ח קונצרני (כולל קרנות נאמנות, תעודות סל)",,,63.0,0.06,63.0,75.0,,,גמל להשקעה אשכול 3 - סחיר,2026-09-30T21:21:21+00:00,http://www.fnx.co.il/sites/docs/genery/mediniut_ashkaa_tzfuia/gemel2025.xls,policy/companies/520023185/raw/520023185/6d64d82b965c_gemel2025.xls,גמל להשקעה אשכול 3 - סחיר
520023185,,,520023185|גמל להשקעה אשכול 3 - סחיר|מספר מסלול באוצר 15215,מספר מסלול באוצר 15215,2025,"חשיפה למט""ח",fx,,8.0,0.06,8.0,20.0,,,גמל להשקעה אשכול 3 - סחיר,2026-09-30T21:21:21+00:00,http://www.fnx.co.il/sites/docs/genery/mediniut_ashkaa_tzfuia/gemel2025.xls,policy/companies/520023185/raw/520023185/6d64d82b965c_gemel2025.xls,גמל להשקעה אשכול 3 - סחיר
520023185,,,520023185|גמל להשקעה אשכול 3 - סחיר|מספר מסלול באוצר 15233,מספר מסלול באוצר 15233,2025,"מניות (כולל תעודות סל, אופציות, קרנות נאמנות)",equity,,88.0,0.06,88.0,100.0,"מדד ת""א 125",,גמל להשקעה אשכול 3 - סחיר,2026-09-30T21:21:21+00:00,http://www.fnx.co.il/sites/docs/genery/mediniut_ashkaa_tzfuia/gemel2025.xls,policy/companies/520023185/raw/520023185/6d64d82b965c_gemel2025.xls,גמל להשקעה אשכול 3 - סחיר
520023185,,,520023185|גמל להשקעה אשכול 3 - סחיר|מספר מסלול באוצר 15233,מספר מסלול באוצר 15233,2025,"אג""ח קונצרני (קרנות נאמנות, תעודות סל)",,,0.0,0.06,0.0,7.0,,,גמל להשקעה אשכול 3 - סחיר,2026-09-30T21:21:21+00:00,http://www.fnx.co.il/sites/docs/genery/mediniut_ashkaa_tzfuia/gemel2025.xls,policy/companies/520023185/raw/520023185/6d64d82b965c_gemel2025.xls,גמל להשקעה אשכול 3 - סחיר
520023185,,,520023185|גמל להשקעה אשכול 3 - סחיר|מספר מסלול באוצר 15233,מספר מסלול באוצר 15233,2025,"חשיפה למט""ח",fx,,12.0,0.06,12.0,24.0,,,גמל להשקעה אשכול 3 - סחיר,2026-09-30T21:21:21+00:00,http://www.fnx.co.il/sites/docs/genery/mediniut_ashkaa_tzfuia/gemel2025.xls,policy/companies/520023185/raw/520023185/6d64d82b965c_gemel2025.xls,גמל להשקעה אשכול 3 - סחיר
520023185,,,520023185|גמל להשקעה אשכול 4 - עוקב מדדים|מספר מסלול באוצר 7909,מספר מסלול באוצר 7909,2025,"מניות (כולל תעודות סל, אופציות, קרנות נאמנות)",equity,,42.0,0.06,42.0,54.0,MSCI WORLD AC,,גמל להשקעה אשכול 4 - עוקב מדדים,2026-09-30T21:21:21+00:00,http://www.fnx.co.il/sites/docs/genery/mediniut_ashkaa_tzfuia/gemel2025.xls,policy/companies/520023185/raw/520023185/6d64d82b965c_gemel2025.xls,גמל להשקעה אשכול 4 - עוקב מדדים
520023185,,,520023185|גמל להשקעה אשכול 4 - עוקב מדדים|מספר מסלול באוצר 7909,מספר מסלול באוצר 7909,2025,"אג""ח ממשלתי (צמוד, שקלי ומט""ח), 
ממשלות זרות בנטרול חשיפות בנגזרים",,,11.0,0.05,11.0,21.0,US TREASURY - 7years,,גמל להשקעה אשכול 4 - עוקב מדדים,2026-09-30T21:21:21+00:00,http://www.fnx.co.il/sites/docs/genery/mediniut_ashkaa_tzfuia/gemel2025.xls,policy/companies/520023185/raw/520023185/6d64d82b965c_gemel2025.xls,גמל להשקעה אשכול 4 - עוקב מדדים
520023185,,,520023185|גמל להשקעה אשכול 4 - עוקב מדדים|מספר מסלול באוצר 7909,מספר מסלול באוצר 7909,2025,"אג""ח קונצרני (כולל קרנות נאמנות, תעודות סל)",,,29.0,0.06,29.0,41.0,"IBOXY HY 46%, IBXXC1D1 12% , JGENUUG 8%, JCMBCOMP 8%, IBOXIG 26%",,גמל להשקעה אשכול 4 - עוקב מדדים,2026-09-30T21:21:21+00:00,http://www.fnx.co.il/sites/docs/genery/mediniut_ashkaa_tzfuia/gemel2025.xls,policy/companies/520023185/raw/520023185/6d64d82b965c_gemel2025.xls,גמל להשקעה אשכול 4 - עוקב מדדים
520023185,,,520023185|גמל להשקעה אשכול 4 - עוקב מדדים|מספר מסלול באוצר 7909,מספר מסלול באוצר 7909,2025,"חשיפה למט""ח",fx,,88.0,0.06,88.0,100.0,,,גמל להשקעה אשכול 4 - עוקב מדדים,2026-09-30T21:21:21+00:00,http://www.fnx.co.il/sites/docs/genery/mediniut_ashkaa_tzfuia/gemel2025.xls,policy/companies/520023185/raw/520023185/6d64d82b965c_gemel2025.xls,גמל להשקעה אשכול 4 - עוקב מדדים
520023185,,,520023185|גמל להשקעה אשכול 4 - עוקב מדדים|מספר מסלול באוצר 13250,מספר מסלול באוצר 13250,2025,"מניות (כולל תעודות סל, אופציות, קרנות נאמנות)",equity,,88.0,0.06,88.0,100.0,s&p 500,,גמל להשקעה אשכול 4 - עוקב מדדים,2026-09-30T21:21:21+00:00,http://www.fnx.co.il/sites/docs/genery/mediniut_ashkaa_tzfuia/gemel2025.xls,policy/companies/520023185/raw/520023185/6d64d82b965c_gemel2025.xls,גמל להשקעה אשכול 4 - עוקב מדדים
520023185,,,520023185|גמל להשקעה אשכול 4 - עוקב מדדים|מספר מסלול באוצר 13250,מספר מסלול באוצר 13250,2025,"אג""ח ממשלתי (צמוד, שקלי ומט""ח), ממשלות זרות בנטרול חשיפות בנגזרים",,,0.0,0.05,0.0,9.0,,,גמל להשקעה אשכול 4 - עוקב מדדים,2026-09-30T21:21:21+00:00,http://www.fnx.co.il/sites/docs/genery/mediniut_ashkaa_tzfuia/gemel2025.xls,policy/companies/520023185/raw/520023185/6d64d82b965c_gemel2025.xls,גמל להשקעה אשכול 4 - עוקב מדדים
520023185,,,520023185|גמל להשקעה אשכול 4 - עוקב מדדים|מספר מסלול באוצר 13250,מספר מסלול באוצר 13250,2025,"חשיפה למט""ח",fx,,88.0,0.06,88.0,100.0,,,גמל להשקעה אשכול 4 - עוקב מדדים,2026-09-30T21:21:21+00:00,http://www.fnx.co.il/sites/docs/genery/mediniut_ashkaa_tzfuia/gemel2025.xls,policy/companies/520023185/raw/520023185/6d64d82b965c_gemel2025.xls,גמל להשקעה אשכול 4 - עוקב מדדים
520023185,,,520023185|גמל להשקעה אשכול 4 - עוקב מדדים|עוקב מדדי אג ח בבחינה האם לפתוח כמסלול חדש כמסלול אג ח לפידיון ישראל,עוקב מדדי אג ח בבחינה האם לפתוח כמסלול חדש כמסלול אג ח לפידיון ישראל,2025,"מניות (כולל תעודות סל, אופציות, קרנות נאמנות)",equity,,23.0,0.06,23.0,23.0,"40%- מדד ת""א 125 ,   60%- MSCI WORLD AC",,גמל להשקעה אשכול 4 - עוקב מדדים,2026-09-30T21:21:21+00:00,http://www.fnx.co.il/sites/docs/genery/mediniut_ashkaa_tzfuia/gemel2025.xls,policy/companies/520023185/raw/520023185/6d64d82b965c_gemel2025.xls,גמל להשקעה אשכול 4 - עוקב מדדים
520023185,,,520023185|גמל להשקעה אשכול 4 - עוקב מדדים|עוקב מדדי אג ח בבחינה האם לפתוח כמסלול חדש כמסלול אג ח לפידיון ישראל,עוקב מדדי אג ח בבחינה האם לפתוח כמסלול חדש כמסלול אג ח לפידיון ישראל,2025,"אג""ח ממשלתי (צמוד, שקלי ומט""ח), 
ממשלות זרות בנטרול חשיפות בנגזרים",,,23.0,0.05,23.0,23.0,"מדד אג""ח ממשלתי כללי",,גמל להשקעה אשכול 4 - עוקב מדדים,2026-09-30T21:21:21+00:00,http://www.fnx.co.il/sites/docs/genery/mediniut_ashkaa_tzfuia/gemel2025.xls,policy/companies/520023185/raw/520023185/6d64d82b965c_gemel2025.xls,גמל להשקעה אשכול 4 - עוקב מדדים
520023185,,,520023185|גמל להשקעה אשכול 4 - עוקב מדדים|עוקב מדדי אג ח בבחינה האם לפתוח כמסלול חדש כמסלול אג ח לפידיון ישראל,עוקב מדדי אג ח בבחינה האם לפתוח כמסלול חדש כמסלול אג ח לפידיון ישראל,2025,"אג""ח קונצרני (כולל קרנות נאמנות, תעודות סל)",,,23.0,0.06,23.0,23.0,"35% - תל בונד כללי , 20% - תל בונד 60 , 15% - תל בונד 50 , 15% - IBOXX HY - 15%, IBOXX IG",,גמל להשקעה אשכול 4 - עוקב מדדים,2026-09-30T21:21:21+00:00,http://www.fnx.co.il/sites/docs/genery/mediniut_ashkaa_tzfuia/gemel2025.xls,policy/companies/520023185/raw/520023185/6d64d82b965c_gemel2025.xls,גמל להשקעה אשכול 4 - עוקב מדדים
520023185,,,520023185|גמל להשקעה אשכול 4 - עוקב מדדים|עוקב מדדי אג ח בבחינה האם לפתוח כמסלול חדש כמסלול אג ח לפידיון ישראל,עוקב מדדי אג ח בבחינה האם לפתוח כמסלול חדש כמסלול אג ח לפידיון ישראל,2025,"אחר ( Co Invest, נדל""ן, קרנות השקעהתשתיות, גידור)",,,0.0,0.05,0.0,23.0,,,גמל להשקעה אשכול 4 - עוקב מדדים,2026-09-30T21:21:21+00:00,http://www.fnx.co.il/sites/docs/genery/mediniut_ashkaa_tzfuia/gemel2025.xls,policy/companies/520023185/raw/520023185/6d64d82b965c_gemel2025.xls,גמל להשקעה אשכול 4 - עוקב מדדים
520023185,,,520023185|גמל להשקעה אשכול 4 - עוקב מדדים|עוקב מדדי אג ח בבחינה האם לפתוח כמסלול חדש כמסלול אג ח לפידיון ישראל,עוקב מדדי אג ח בבחינה האם לפתוח כמסלול חדש כמסלול אג ח לפידיון ישראל,2025,מזומנים (*),,,23.0,,23.0,23.0,,,גמל להשקעה אשכול 4 - עוקב מדדים,2026-09-30T21:21:21+00:00,http://www.fnx.co.il/sites/docs/genery/mediniut_ashkaa_tzfuia/gemel2025.xls,policy/companies/520023185/raw/520023185/6d64d82b965c_gemel2025.xls,גמל להשקעה אשכול 4 - עוקב מדדים
520023185,,,520023185|גמל להשקעה אשכול 4 - עוקב מדדים|עוקב מדדי אג ח בבחינה האם לפתוח כמסלול חדש כמסלול אג ח לפידיון ישראל,עוקב מדדי אג ח בבחינה האם לפתוח כמסלול חדש כמסלול אג ח לפידיון ישראל,2025,"חשיפה למט""ח",fx,,23.0,0.06,23.0,23.0,,,גמל להשקעה אשכול 4 - עוקב מדדים,2026-09-30T21:21:21+00:00,http://www.fnx.co.il/sites/docs/genery/mediniut_ashkaa_tzfuia/gemel2025.xls,policy/companies/520023185/raw/520023185/6d64d82b965c_gemel2025.xls,גמל להשקעה אשכול 4 - עוקב מדדים
520023185,,,520023185|גמל להשקעה אשכול 4 - עוקב מדדים|מספר מסלול באוצר 7907,מספר מסלול באוצר 7907,2025,"מניות (כולל תעודות סל, אופציות, קרנות נאמנות)",equity,,88.0,0.06,88.0,100.0,50% Xndx 40% SP5T5T 10% - SPTRMDCP,,גמל להשקעה אשכול 4 - עוקב מדדים,2026-09-30T21:21:21+00:00,http://www.fnx.co.il/sites/docs/genery/mediniut_ashkaa_tzfuia/gemel2025.xls,policy/companies/520023185/raw/520023185/6d64d82b965c_gemel2025.xls,גמל להשקעה אשכול 4 - עוקב מדדים
520023185,,,520023185|גמל להשקעה אשכול 4 - עוקב מדדים|מספר מסלול באוצר 7907,מספר מסלול באוצר 7907,2025,"חשיפה למט""ח",fx,,88.0,0.06,88.0,100.0,,,גמל להשקעה אשכול 4 - עוקב מדדים,2026-09-30T21:21:21+00:00,http://www.fnx.co.il/sites/docs/genery/mediniut_ashkaa_tzfuia/gemel2025.xls,policy/companies/520023185/raw/520023185/6d64d82b965c_gemel2025.xls,גמל להשקעה אשכול 4 - עוקב מדדים
520023185,,,520023185|גמל להשקעה אשכול 5 - אמונה|מספר מסלול באוצר 8004,מספר מסלול באוצר 8004,2025,"מניות (כולל תעודות סל, אופציות, קרנות נאמנות)",equity,,88.0,0.06,88.0,100.0,s&p שריעה,,גמל להשקעה אשכול 5 - אמונה,2026-09-30T21:21:21+00:00,http://www.fnx.co.il/sites/docs/genery/mediniut_ashkaa_tzfuia/gemel2025.xls,policy/companies/520023185/raw/520023185/6d64d82b965c_gemel2025.xls,גמל להשקעה אשכול 5 - אמונה
520023185,,,520023185|גמל להשקעה אשכול 5 - אמונה|מספר מסלול באוצר 8004,מספר מסלול באוצר 8004,2025,"חשיפה למט""ח",fx,,88.0,0.06,88.0,100.0,,,גמל להשקעה אשכול 5 - אמונה,2026-09-30T21:21:21+00:00,http://www.fnx.co.il/sites/docs/genery/mediniut_ashkaa_tzfuia/gemel2025.xls,policy/companies/520023185/raw/520023185/6d64d82b965c_gemel2025.xls,גמל להשקעה אשכול 5 - אמונה
520023185,,,520023185|חיסכון לכל ילד|מספר מסלול באוצר 11310,מספר מסלול באוצר 11310,2025,"מניות (כולל תעודות סל, אופציות, קרנות נאמנות)",equity,,0.0,0.06,0.0,8.0,"40%- מדד ת""א 125 ,   60%- MSCI WORLD AC",,חיסכון לכל ילד,2026-09-30T21:21:21+00:00,http://www.fnx.co.il/sites/docs/genery/mediniut_ashkaa_tzfuia/gemel2025.xls,policy/companies/520023185/raw/520023185/6d64d82b965c_gemel2025.xls,חיסכון לכל ילד
520023185,,,520023185|חיסכון לכל ילד|מספר מסלול באוצר 11310,מספר מסלול באוצר 11310,2025,"אג""ח ממשלתי (צמוד, שקלי ומט""ח), 
ממשלות זרות בנטרול חשיפות בנגזרים",,,30.0,0.05,30.0,40.0,"מדד אג""ח ממשלתי כללי",,חיסכון לכל ילד,2026-09-30T21:21:21+00:00,http://www.fnx.co.il/sites/docs/genery/mediniut_ashkaa_tzfuia/gemel2025.xls,policy/companies/520023185/raw/520023185/6d64d82b965c_gemel2025.xls,חיסכון לכל ילד
520023185,,,520023185|חיסכון לכל ילד|מספר מסלול באוצר 11310,מספר מסלול באוצר 11310,2025,"אג""ח קונצרני (כולל קרנות נאמנות, תעודות סל)",,,53.0,0.06,53.0,65.0,"35% - תל בונד כללי , 20% - תל בונד 60 , 15% - תל בונד 50 , 15% - IBOXX HY - 15%, IBOXX IG",,חיסכון לכל ילד,2026-09-30T21:21:21+00:00,http://www.fnx.co.il/sites/docs/genery/mediniut_ashkaa_tzfuia/gemel2025.xls,policy/companies/520023185/raw/520023185/6d64d82b965c_gemel2025.xls,חיסכון לכל ילד
520023185,,,520023185|חיסכון לכל ילד|מספר מסלול באוצר 11310,מספר מסלול באוצר 11310,2025,"אחר ( Co Invest, נדל""ן, קרנות השקעהתשתיות, גידור)",,,0.0,0.05,0.0,7.0,,,חיסכון לכל ילד,2026-09-30T21:21:21+00:00,http://www.fnx.co.il/sites/docs/genery/mediniut_ashkaa_tzfuia/gemel2025.xls,policy/companies/520023185/raw/520023185/6d64d82b965c_gemel2025.xls,חיסכון לכל ילד
520023185,,,520023185|חיסכון לכל ילד|מספר מסלול באוצר 11310,מספר מסלול באוצר 11310,2025,"חשיפה למט""ח",fx,,7.0,0.06,7.0,19.0,,,חיסכון לכל ילד,2026-09-30T21:21:21+00:00,http://www.fnx.co.il/sites/docs/genery/mediniut_ashkaa_tzfuia/gemel2025.xls,policy/companies/520023185/raw/520023185/6d64d82b965c_gemel2025.xls,חיסכון לכל ילד
520023185,,,520023185|חיסכון לכל ילד|מספר מסלול באוצר 11311,מספר מסלול באוצר 11311,2025,"מניות (כולל תעודות סל, אופציות, קרנות נאמנות)",equity,,88.0,0.06,88.0,100.0,"40%- מדד ת""א 125 ,   60%- MSCI WORLD AC",,חיסכון לכל ילד,2026-09-30T21:21:21+00:00,http://www.fnx.co.il/sites/docs/genery/mediniut_ashkaa_tzfuia/gemel2025.xls,policy/companies/520023185/raw/520023185/6d64d82b965c_gemel2025.xls,חיסכון לכל ילד
520023185,,,520023185|חיסכון לכל ילד|מספר מסלול באוצר 11311,מספר מסלול באוצר 11311,2025,"אג""ח ממשלתי (צמוד, שקלי ומט""ח), 
ממשלות זרות בנטרול חשיפות בנגזרים",,,0.0,0.05,0.0,6.0,"מדד אג""ח ממשלתי כללי",,חיסכון לכל ילד,2026-09-30T21:21:21+00:00,http://www.fnx.co.il/sites/docs/genery/mediniut_ashkaa_tzfuia/gemel2025.xls,policy/companies/520023185/raw/520023185/6d64d82b965c_gemel2025.xls,חיסכון לכל ילד
520023185,,,520023185|חיסכון לכל ילד|מספר מסלול באוצר 11311,מספר מסלול באוצר 11311,2025,"אג""ח קונצרני (כולל קרנות נאמנות, תעודות סל)",,,0.0,0.06,0.0,8.0,"35% - תל בונד כללי , 20% - תל בונד 60 , 15% - תל בונד 50 , 15% - IBOXX HY - 15%, IBOXX IG",,חיסכון לכל ילד,2026-09-30T21:21:21+00:00,http://www.fnx.co.il/sites/docs/genery/mediniut_ashkaa_tzfuia/gemel2025.xls,policy/companies/520023185/raw/520023185/6d64d82b965c_gemel2025.xls,חיסכון לכל ילד
520023185,,,520023185|חיסכון לכל ילד|מספר מסלול באוצר 11311,מספר מסלול באוצר 11311,2025,"חשיפה למט""ח",fx,,20.0,0.06,20.0,32.0,,,חיסכון לכל ילד,2026-09-30T21:21:21+00:00,http://www.fnx.co.il/sites/docs/genery/mediniut_ashkaa_tzfuia/gemel2025.xls,policy/companies/520023185/raw/520023185/6d64d82b965c_gemel2025.xls,חיסכון לכל ילד
520023185,,,520023185|חיסכון לכל ילד|מספר מסלול באוצר 11352,מספר מסלול באוצר 11352,2025,"מניות (כולל תעודות סל, אופציות, קרנות נאמנות)",equity,,88.0,0.06,88.0,100.0,s&p 500,,חיסכון לכל ילד,2026-09-30T21:21:21+00:00,http://www.fnx.co.il/sites/docs/genery/mediniut_ashkaa_tzfuia/gemel2025.xls,policy/companies/520023185/raw/520023185/6d64d82b965c_gemel2025.xls,חיסכון לכל ילד
520023185,,,520023185|חיסכון לכל ילד|מספר מסלול באוצר 11352,מספר מסלול באוצר 11352,2025,"חשיפה למט""ח",fx,,88.0,0.06,88.0,100.0,,,חיסכון לכל ילד,2026-09-30T21:21:21+00:00,http://www.fnx.co.il/sites/docs/genery/mediniut_ashkaa_tzfuia/gemel2025.xls,policy/companies/520023185/raw/520023185/6d64d82b965c_gemel2025.xls,חיסכון לכל ילד
520023185,,,520023185|חיסכון לכל ילד|מספר מסלול באוצר 11312,מספר מסלול באוצר 11312,2025,"מניות (כולל תעודות סל, אופציות, קרנות נאמנות)",equity,,37.0,0.06,37.0,49.0,"40%- מדד ת""א 125 ,   60%- MSCI WORLD AC",,חיסכון לכל ילד,2026-09-30T21:21:21+00:00,http://www.fnx.co.il/sites/docs/genery/mediniut_ashkaa_tzfuia/gemel2025.xls,policy/companies/520023185/raw/520023185/6d64d82b965c_gemel2025.xls,חיסכון לכל ילד
520023185,,,520023185|חיסכון לכל ילד|מספר מסלול באוצר 11312,מספר מסלול באוצר 11312,2025,"אג""ח ממשלתי (צמוד, שקלי ומט""ח), 
ממשלות זרות בנטרול חשיפות בנגזרים",,,11.0,0.05,11.0,21.0,"מדד אג""ח ממשלתי כללי",,חיסכון לכל ילד,2026-09-30T21:21:21+00:00,http://www.fnx.co.il/sites/docs/genery/mediniut_ashkaa_tzfuia/gemel2025.xls,policy/companies/520023185/raw/520023185/6d64d82b965c_gemel2025.xls,חיסכון לכל ילד
520023185,,,520023185|חיסכון לכל ילד|מספר מסלול באוצר 11312,מספר מסלול באוצר 11312,2025,"אג""ח קונצרני (כולל קרנות נאמנות, תעודות סל)",,,32.0,0.06,32.0,44.0,"35% - תל בונד כללי , 20% - תל בונד 60 , 15% - תל בונד 50 , 15% - IBOXX HY - 15%, IBOXX IG",,חיסכון לכל ילד,2026-09-30T21:21:21+00:00,http://www.fnx.co.il/sites/docs/genery/mediniut_ashkaa_tzfuia/gemel2025.xls,policy/companies/520023185/raw/520023185/6d64d82b965c_gemel2025.xls,חיסכון לכל ילד
520023185,,,520023185|חיסכון לכל ילד|מספר מסלול באוצר 11312,מספר מסלול באוצר 11312,2025,"אחר ( Co Invest, נדל""ן, קרנות השקעהתשתיות, גידור)",,,0.0,0.05,0.0,6.0,,,חיסכון לכל ילד,2026-09-30T21:21:21+00:00,http://www.fnx.co.il/sites/docs/genery/mediniut_ashkaa_tzfuia/gemel2025.xls,policy/companies/520023185/raw/520023185/6d64d82b965c_gemel2025.xls,חיסכון לכל ילד
520023185,,,520023185|חיסכון לכל ילד|מספר מסלול באוצר 11312,מספר מסלול באוצר 11312,2025,מזומנים (*),,,0.0,0.05,0.0,7.0,,,חיסכון לכל ילד,2026-09-30T21:21:21+00:00,http://www.fnx.co.il/sites/docs/genery/mediniut_ashkaa_tzfuia/gemel2025.xls,policy/companies/520023185/raw/520023185/6d64d82b965c_gemel2025.xls,חיסכון לכל ילד
520023185,,,520023185|חיסכון לכל ילד|מספר מסלול באוצר 11312,מספר מסלול באוצר 11312,2025,"חשיפה למט""ח",fx,,16.0,0.06,16.0,28.0,,,חיסכון לכל ילד,2026-09-30T21:21:21+00:00,http://www.fnx.co.il/sites/docs/genery/mediniut_ashkaa_tzfuia/gemel2025.xls,policy/companies/520023185/raw/520023185/6d64d82b965c_gemel2025.xls,חיסכון לכל ילד
520023185,,,520023185|חיסכון לכל ילד|מספר מסלול באוצר 11335,מספר מסלול באוצר 11335,2025,"מניות (כולל תעודות סל, אופציות, קרנות נאמנות)",equity,,37.0,0.06,37.0,49.0,"40%- מדד ת""א 125 ,   60%- MSCI WORLD AC",,חיסכון לכל ילד,2026-09-30T21:21:21+00:00,http://www.fnx.co.il/sites/docs/genery/mediniut_ashkaa_tzfuia/gemel2025.xls,policy/companies/520023185/raw/520023185/6d64d82b965c_gemel2025.xls,חיסכון לכל ילד
520023185,,,520023185|חיסכון לכל ילד|מספר מסלול באוצר 11335,מספר מסלול באוצר 11335,2025,"אג""ח ממשלתי (צמוד, שקלי ומט""ח), 
ממשלות זרות בנטרול חשיפות בנגזרים",,,13.0,0.05,13.0,23.0,"מדד אג""ח ממשלתי כללי",,חיסכון לכל ילד,2026-09-30T21:21:21+00:00,http://www.fnx.co.il/sites/docs/genery/mediniut_ashkaa_tzfuia/gemel2025.xls,policy/companies/520023185/raw/520023185/6d64d82b965c_gemel2025.xls,חיסכון לכל ילד
520023185,,,520023185|חיסכון לכל ילד|מספר מסלול באוצר 11335,מספר מסלול באוצר 11335,2025,"אג""ח קונצרני (כולל קרנות נאמנות, תעודות סל)",,,28.0,0.06,28.0,40.0,"35% - תל בונד כללי , 20% - תל בונד 60 , 15% - תל בונד 50 , 15% - IBOXX HY - 15%, IBOXX IG",,חיסכון לכל ילד,2026-09-30T21:21:21+00:00,http://www.fnx.co.il/sites/docs/genery/mediniut_ashkaa_tzfuia/gemel2025.xls,policy/companies/520023185/raw/520023185/6d64d82b965c_gemel2025.xls,חיסכון לכל ילד
520023185,,,520023185|חיסכון לכל ילד|מספר מסלול באוצר 11335,מספר מסלול באוצר 11335,2025,"חשיפה למט""ח",fx,,20.0,0.06,20.0,32.0,,,חיסכון לכל ילד,2026-09-30T21:21:21+00:00,http://www.fnx.co.il/sites/docs/genery/mediniut_ashkaa_tzfuia/gemel2025.xls,policy/companies/520023185/raw/520023185/6d64d82b965c_gemel2025.xls,חיסכון לכל ילד
520023185,,,520023185|חנ''י|הפניקס חנ י מרכזית לקצבה,הפניקס חנ י מרכזית לקצבה,2025,"מניות (כולל תעודות סל, אופציות, קרנות נאמנות)",equity,,3.0,0.06,3.0,15.0,"50%- מדד ת""א 125, 50%- MSCI WORLD AC",,חנ''י,2026-09-30T21:21:21+00:00,http://www.fnx.co.il/sites/docs/genery/mediniut_ashkaa_tzfuia/gemel2025.xls,policy/companies/520023185/raw/520023185/6d64d82b965c_gemel2025.xls,חנ''י
520023185,,,520023185|חנ''י|הפניקס חנ י מרכזית לקצבה,הפניקס חנ י מרכזית לקצבה,2025,"אג""ח ממשלתי (צמוד, שקלי ומט""ח), ממשלות זרות בנטרול חשיפות בנגזרים(*)",,,72.0,0.05,72.0,82.0,ממשלתי צמוד 5-10,,חנ''י,2026-09-30T21:21:21+00:00,http://www.fnx.co.il/sites/docs/genery/mediniut_ashkaa_tzfuia/gemel2025.xls,policy/companies/520023185/raw/520023185/6d64d82b965c_gemel2025.xls,חנ''י
520023185,,,520023185|חנ''י|הפניקס חנ י מרכזית לקצבה,הפניקס חנ י מרכזית לקצבה,2025,"אג""ח קונצרני (קרנות נאמנות, תעודות סל)",,,0.0,0.06,0.0,10.0,מדד תל בונד 20,,חנ''י,2026-09-30T21:21:21+00:00,http://www.fnx.co.il/sites/docs/genery/mediniut_ashkaa_tzfuia/gemel2025.xls,policy/companies/520023185/raw/520023185/6d64d82b965c_gemel2025.xls,חנ''י
520023185,,,520023185|חנ''י|הפניקס חנ י מרכזית לקצבה,הפניקס חנ י מרכזית לקצבה,2025,"אחר (קרנות השקעה,Co Invest ,תשתיות, גידור)",,,0.0,0.05,0.0,10.0,,,חנ''י,2026-09-30T21:21:21+00:00,http://www.fnx.co.il/sites/docs/genery/mediniut_ashkaa_tzfuia/gemel2025.xls,policy/companies/520023185/raw/520023185/6d64d82b965c_gemel2025.xls,חנ''י
520023185,,,520023185|חנ''י|הפניקס חנ י מרכזית לקצבה,הפניקס חנ י מרכזית לקצבה,2025,"חשיפה למט""ח",fx,,2.0,0.06,2.0,14.0,,,חנ''י,2026-09-30T21:21:21+00:00,http://www.fnx.co.il/sites/docs/genery/mediniut_ashkaa_tzfuia/gemel2025.xls,policy/companies/520023185/raw/520023185/6d64d82b965c_gemel2025.xls,חנ''י
520023185,,,520023185|חנ''ם|הפניקס לקצבה חברת ניהול מערכות חנ ם,הפניקס לקצבה חברת ניהול מערכות חנ ם,2025,"מניות (כולל תעודות סל, אופציות, קרנות נאמנות)",equity,,3.0,0.06,3.0,15.0,"50%- מדד ת""א 125, 50%- MSCI WORLD AC",,חנ''ם,2026-09-30T21:21:21+00:00,http://www.fnx.co.il/sites/docs/genery/mediniut_ashkaa_tzfuia/gemel2025.xls,policy/companies/520023185/raw/520023185/6d64d82b965c_gemel2025.xls,חנ''ם
520023185,,,520023185|חנ''ם|הפניקס לקצבה חברת ניהול מערכות חנ ם,הפניקס לקצבה חברת ניהול מערכות חנ ם,2025,"אג""ח ממשלתי (צמוד, שקלי ומט""ח), ממשלות זרות בנטרול חשיפות בנגזרים(*)",,,60.0,0.05,60.0,70.0,ממשלתי צמוד 5-10,,חנ''ם,2026-09-30T21:21:21+00:00,http://www.fnx.co.il/sites/docs/genery/mediniut_ashkaa_tzfuia/gemel2025.xls,policy/companies/520023185/raw/520023185/6d64d82b965c_gemel2025.xls,חנ''ם
520023185,,,520023185|חנ''ם|הפניקס לקצבה חברת ניהול מערכות חנ ם,הפניקס לקצבה חברת ניהול מערכות חנ ם,2025,"אג""ח קונצרני (קרנות נאמנות, תעודות סל)",,,14.0,0.06,14.0,26.0,מדד תל בונד 20 100%,,חנ''ם,2026-09-30T21:21:21+00:00,http://www.fnx.co.il/sites/docs/genery/mediniut_ashkaa_tzfuia/gemel2025.xls,policy/companies/520023185/raw/520023185/6d64d82b965c_gemel2025.xls,חנ''ם
520023185,,,520023185|חנ''ם|הפניקס לקצבה חברת ניהול מערכות חנ ם,הפניקס לקצבה חברת ניהול מערכות חנ ם,2025,"אחר (קרנות השקעה,Co Invest ,תשתיות, גידור)",,,0.0,0.05,0.0,5.0,,,חנ''ם,2026-09-30T21:21:21+00:00,http://www.fnx.co.il/sites/docs/genery/mediniut_ashkaa_tzfuia/gemel2025.xls,policy/companies/520023185/raw/520023185/6d64d82b965c_gemel2025.xls,חנ''ם
520023185,,,520023185|חנ''ם|הפניקס לקצבה חברת ניהול מערכות חנ ם,הפניקס לקצבה חברת ניהול מערכות חנ ם,2025,"חשיפה למט""ח",fx,,0.0,0.06,0.0,10.0,,,חנ''ם,2026-09-30T21:21:21+00:00,http://www.fnx.co.il/sites/docs/genery/mediniut_ashkaa_tzfuia/gemel2025.xls,policy/companies/520023185/raw/520023185/6d64d82b965c_gemel2025.xls,חנ''ם
520023185,,,520023185|חנ''א|מספר מסלול באוצר 13318,מספר מסלול באוצר 13318,2025,"מניות (כולל תעודות סל, אופציות, קרנות נאמנות)",equity,,3.0,0.06,3.0,15.0,"50%- מדד ת""א 125, 50%- MSCI WORLD AC",,חנ''א,2026-09-30T21:21:21+00:00,http://www.fnx.co.il/sites/docs/genery/mediniut_ashkaa_tzfuia/gemel2025.xls,policy/companies/520023185/raw/520023185/6d64d82b965c_gemel2025.xls,חנ''א
520023185,,,520023185|חנ''א|מספר מסלול באוצר 13318,מספר מסלול באוצר 13318,2025,"אג""ח ממשלתי (צמוד, שקלי ומט""ח), ממשלות זרות בנטרול חשיפות בנגזרים(*)",,,52.0,0.05,52.0,62.0,100% -ממשלתי צמוד 5-10,,חנ''א,2026-09-30T21:21:21+00:00,http://www.fnx.co.il/sites/docs/genery/mediniut_ashkaa_tzfuia/gemel2025.xls,policy/companies/520023185/raw/520023185/6d64d82b965c_gemel2025.xls,חנ''א
520023185,,,520023185|חנ''א|מספר מסלול באוצר 13318,מספר מסלול באוצר 13318,2025,"אג""ח קונצרני (קרנות נאמנות, תעודות סל)",,,23.0,0.06,23.0,35.0,מדד תל בונד 20 100%,,חנ''א,2026-09-30T21:21:21+00:00,http://www.fnx.co.il/sites/docs/genery/mediniut_ashkaa_tzfuia/gemel2025.xls,policy/companies/520023185/raw/520023185/6d64d82b965c_gemel2025.xls,חנ''א
520023185,,,520023185|חנ''א|מספר מסלול באוצר 13318,מספר מסלול באוצר 13318,2025,"אחר (קרנות השקעה,Co Invest ,תשתיות, גידור)",,,0.0,0.05,0.0,5.0,,,חנ''א,2026-09-30T21:21:21+00:00,http://www.fnx.co.il/sites/docs/genery/mediniut_ashkaa_tzfuia/gemel2025.xls,policy/companies/520023185/raw/520023185/6d64d82b965c_gemel2025.xls,חנ''א
520023185,,,520023185|חנ''א|מספר מסלול באוצר 13318,מספר מסלול באוצר 13318,2025,"חשיפה למט""ח",fx,,0.0,0.06,0.0,9.0,,,חנ''א,2026-09-30T21:21:21+00:00,http://www.fnx.co.il/sites/docs/genery/mediniut_ashkaa_tzfuia/gemel2025.xls,policy/companies/520023185/raw/520023185/6d64d82b965c_gemel2025.xls,חנ''א
520023185,,,520023185|גמולה מבטיחת תשואה|מספר מסלול באוצר 528,מספר מסלול באוצר 528,2025,"מניות (כולל תעודות סל, אופציות, קרנות נאמנות)",equity,,0.0,0.06,0.0,7.0,"35%- מדד ת""א 125, 65%- MSCI WORLD AC",,גמולה מבטיחת תשואה,2026-09-30T21:21:21+00:00,http://www.fnx.co.il/sites/docs/genery/mediniut_ashkaa_tzfuia/gemel2025.xls,policy/companies/520023185/raw/520023185/6d64d82b965c_gemel2025.xls,גמולה מבטיחת תשואה
520023185,,,520023185|גמולה מבטיחת תשואה|מספר מסלול באוצר 528,מספר מסלול באוצר 528,2025,"אג""ח ממשלתי (צמוד, שקלי ומט""ח), ממשלות זרות בנטרול חשיפות בנגזרים(*)",,,80.0,0.05,80.0,90.0,"מדד אג""ח ממשלתי כללי",,גמולה מבטיחת תשואה,2026-09-30T21:21:21+00:00,http://www.fnx.co.il/sites/docs/genery/mediniut_ashkaa_tzfuia/gemel2025.xls,policy/companies/520023185/raw/520023185/6d64d82b965c_gemel2025.xls,גמולה מבטיחת תשואה
520023185,,,520023185|גמולה מבטיחת תשואה|מספר מסלול באוצר 528,מספר מסלול באוצר 528,2025,"אג""ח קונצרני (קרנות נאמנות, תעודות סל)",,,4.0,0.06,4.0,16.0,"70% - מדד תל בונד 60 , 30% - מדד BarCap Global Corporate Total Return Bond Index UnHedged",,גמולה מבטיחת תשואה,2026-09-30T21:21:21+00:00,http://www.fnx.co.il/sites/docs/genery/mediniut_ashkaa_tzfuia/gemel2025.xls,policy/companies/520023185/raw/520023185/6d64d82b965c_gemel2025.xls,גמולה מבטיחת תשואה
520023185,,,520023185|גמולה מבטיחת תשואה|מספר מסלול באוצר 528,מספר מסלול באוצר 528,2025,"אחר (קרנות השקעה,Co Invest ,תשתיות, גידור,נדל""ן)",,,0.0,0.05,0.0,6.0,,,גמולה מבטיחת תשואה,2026-09-30T21:21:21+00:00,http://www.fnx.co.il/sites/docs/genery/mediniut_ashkaa_tzfuia/gemel2025.xls,policy/companies/520023185/raw/520023185/6d64d82b965c_gemel2025.xls,גמולה מבטיחת תשואה
520023185,,,520023185|גמולה מבטיחת תשואה|מספר מסלול באוצר 528,מספר מסלול באוצר 528,2025,"חשיפה למט""ח",fx,,0.0,0.06,0.0,8.0,,,גמולה מבטיחת תשואה,2026-09-30T21:21:21+00:00,http://www.fnx.co.il/sites/docs/genery/mediniut_ashkaa_tzfuia/gemel2025.xls,policy/companies/520023185/raw/520023185/6d64d82b965c_gemel2025.xls,גמולה מבטיחת תשואה
520023185,,,520023185|אקסלנס ישן|מסלול מנוהל כללי 1,מסלול מנוהל כללי 1,2025,מניות,equity,,91.0,+/- 6%,85.0,97.0,"מדד ת""א 100",,אקסלנס ישן,2026-09-30T21:21:21+00:00,http://www.fnx.co.il/sites/docs/genery/mediniut_ashkaa_tzfuia/bituach2025-update0225.xlsx,policy/companies/520023185/raw/520023185/2c11d319507f_bituach2025-update0225.xlsx, אקסלנס ישן
520023185,,,520023185|אקסלנס ישן|מסלול מנוהל כללי 1,מסלול מנוהל כללי 1,2025,מזומנים,,,9.0,+/- 5%,4.0,14.0,"מדד מק""מ",,אקסלנס ישן,2026-09-30T21:21:21+00:00,http://www.fnx.co.il/sites/docs/genery/mediniut_ashkaa_tzfuia/bituach2025-update0225.xlsx,policy/companies/520023185/raw/520023185/2c11d319507f_bituach2025-update0225.xlsx, אקסלנס ישן
520023185,,,520023185|אקסלנס ישן|מסלול מנוהל כללי 1,מסלול מנוהל כללי 1,2025,מניות,equity,,91.0,+/- 6%,85.0,97.0,"מדד ת""א 100",,אקסלנס ישן,2026-09-30T21:21:21+00:00,http://www.fnx.co.il/sites/docs/genery/mediniut_ashkaa_tzfuia/bituach2025-update0725.xlsx,policy/companies/520023185/raw/520023185/022ebca18677_bituach2025-update0725.xlsx, אקסלנס ישן
520023185,,,520023185|אקסלנס ישן|מסלול מנוהל כללי 1,מסלול מנוהל כללי 1,2025,מזומנים,,,9.0,+/- 5%,4.0,14.0,"מדד מק""מ",,אקסלנס ישן,2026-09-30T21:21:21+00:00,http://www.fnx.co.il/sites/docs/genery/mediniut_ashkaa_tzfuia/bituach2025-update0725.xlsx,policy/companies/520023185/raw/520023185/022ebca18677_bituach2025-update0725.xlsx, אקסלנס ישן
520023185,,,520023185|אקסלנס ישן|מסלול מנוהל כללי 1,מסלול מנוהל כללי 1,2025,מניות,equity,,91.0,+/- 6%,85.0,97.0,"מדד ת""א 100",,אקסלנס ישן,2026-09-30T21:21:21+00:00,http://www.fnx.co.il/sites/docs/genery/mediniut_ashkaa_tzfuia/bituach2025.xlsx,policy/companies/520023185/raw/520023185/b4d4f7c8f888_bituach2025.xlsx, אקסלנס ישן
520023185,,,520023185|אקסלנס ישן|מסלול מנוהל כללי 1,מסלול מנוהל כללי 1,2025,מזומנים,,,9.0,+/- 5%,4.0,14.0,"מדד מק""מ",,אקסלנס ישן,2026-09-30T21:21:21+00:00,http://www.fnx.co.il/sites/docs/genery/mediniut_ashkaa_tzfuia/bituach2025.xlsx,policy/companies/520023185/raw/520023185/b4d4f7c8f888_bituach2025.xlsx, אקסלנס ישן
520023185,,,520023185|מקיפה - אשכול 1 - אקטיבי|מספר מסול באוצר 2189,מספר מסול באוצר 2189,2025,"אג""ח ממשלתי (צמוד, שקלי ומט""ח), 
ממשלות זרות בנטרול חשיפות בנגזרים",,,51.0,0.05,51.0,61.0,"מדד אג""ח ממשלתי כללי",,מקיפה - אשכול 1 - אקטיבי,2026-09-30T21:21:21+00:00,http://www.fnx.co.il/sites/docs/genery/mediniut_ashkaa_tzfuia/pension2025.xlsx,policy/companies/520023185/raw/520023185/97fb416365f0_pension2025.xlsx,מקיפה - אשכול 1 - אקטיבי
520023185,,,520023185|מקיפה - אשכול 1 - אקטיבי|מספר מסול באוצר 2189,מספר מסול באוצר 2189,2025,"אג""ח מיועדות ורכיב מבטיח תשואה(***)",,,22.0,0.05,22.0,32.0,,,מקיפה - אשכול 1 - אקטיבי,2026-09-30T21:21:21+00:00,http://www.fnx.co.il/sites/docs/genery/mediniut_ashkaa_tzfuia/pension2025.xlsx,policy/companies/520023185/raw/520023185/97fb416365f0_pension2025.xlsx,מקיפה - אשכול 1 - אקטיבי
520023185,,,520023185|מקיפה - אשכול 1 - אקטיבי|מספר מסול באוצר 2189,מספר מסול באוצר 2189,2025,"אג""ח קונצרני (כולל קרנות נאמנות, תעודות סל)",,,9.0,0.06,9.0,21.0,"35% - תל בונד כללי , 20% - תל בונד 60 , 15% - תל בונד 50 , 15% - IBOXX HY - 15%, IBOXX IG",,מקיפה - אשכול 1 - אקטיבי,2026-09-30T21:21:21+00:00,http://www.fnx.co.il/sites/docs/genery/mediniut_ashkaa_tzfuia/pension2025.xlsx,policy/companies/520023185/raw/520023185/97fb416365f0_pension2025.xlsx,מקיפה - אשכול 1 - אקטיבי
520023185,,,520023185|מקיפה - אשכול 1 - אקטיבי|מספר מסול באוצר 2189,מספר מסול באוצר 2189,2025,"חשיפה למט""ח",fx,,0.0,0.06,0.0,6.0,,,מקיפה - אשכול 1 - אקטיבי,2026-09-30T21:21:21+00:00,http://www.fnx.co.il/sites/docs/genery/mediniut_ashkaa_tzfuia/pension2025.xlsx,policy/companies/520023185/raw/520023185/97fb416365f0_pension2025.xlsx,מקיפה - אשכול 1 - אקטיבי
520023185,,,520023185|מקיפה - אשכול 1 - אקטיבי|מספר מסלול באוצר 2188,מספר מסלול באוצר 2188,2025,"מניות (כולל תעודות סל, אופציות, קרנות נאמנות)",equity,,0.0,0.06,0.0,8.0,"40%- מדד ת""א 125 ,   60%- MSCI WORLD AC",,מקיפה - אשכול 1 - אקטיבי,2026-09-30T21:21:21+00:00,http://www.fnx.co.il/sites/docs/genery/mediniut_ashkaa_tzfuia/pension2025.xlsx,policy/companies/520023185/raw/520023185/97fb416365f0_pension2025.xlsx,מקיפה - אשכול 1 - אקטיבי
520023185,,,520023185|מקיפה - אשכול 1 - אקטיבי|מספר מסלול באוצר 2188,מספר מסלול באוצר 2188,2025,"אג""ח ממשלתי (צמוד, שקלי ומט""ח), 
ממשלות זרות בנטרול חשיפות בנגזרים",,,5.0,0.05,5.0,15.0,"מדד אג""ח ממשלתי כללי",,מקיפה - אשכול 1 - אקטיבי,2026-09-30T21:21:21+00:00,http://www.fnx.co.il/sites/docs/genery/mediniut_ashkaa_tzfuia/pension2025.xlsx,policy/companies/520023185/raw/520023185/97fb416365f0_pension2025.xlsx,מקיפה - אשכול 1 - אקטיבי
520023185,,,520023185|מקיפה - אשכול 1 - אקטיבי|מספר מסלול באוצר 2188,מספר מסלול באוצר 2188,2025,"אג""ח מיועדות ורכיב מבטיח תשואה(***)",,,22.0,0.05,22.0,32.0,,,מקיפה - אשכול 1 - אקטיבי,2026-09-30T21:21:21+00:00,http://www.fnx.co.il/sites/docs/genery/mediniut_ashkaa_tzfuia/pension2025.xlsx,policy/companies/520023185/raw/520023185/97fb416365f0_pension2025.xlsx,מקיפה - אשכול 1 - אקטיבי
520023185,,,520023185|מקיפה - אשכול 1 - אקטיבי|מספר מסלול באוצר 2188,מספר מסלול באוצר 2188,2025,"אג""ח קונצרני (כולל קרנות נאמנות, תעודות סל)",,,50.0,0.06,50.0,62.0,"35% - תל בונד כללי , 20% - תל בונד 60 , 15% - תל בונד 50 , 15% - IBOXX HY - 15%, IBOXX IG",,מקיפה - אשכול 1 - אקטיבי,2026-09-30T21:21:21+00:00,http://www.fnx.co.il/sites/docs/genery/mediniut_ashkaa_tzfuia/pension2025.xlsx,policy/companies/520023185/raw/520023185/97fb416365f0_pension2025.xlsx,מקיפה - אשכול 1 - אקטיבי
520023185,,,520023185|מקיפה - אשכול 1 - אקטיבי|מספר מסלול באוצר 2188,מספר מסלול באוצר 2188,2025,"אחר ( Co Invest, נדל""ן, קרנות השקעהתשתיות, גידור)",,,0.0,0.05,0.0,6.0,,,מקיפה - אשכול 1 - אקטיבי,2026-09-30T21:21:21+00:00,http://www.fnx.co.il/sites/docs/genery/mediniut_ashkaa_tzfuia/pension2025.xlsx,policy/companies/520023185/raw/520023185/97fb416365f0_pension2025.xlsx,מקיפה - אשכול 1 - אקטיבי
520023185,,,520023185|מקיפה - אשכול 1 - אקטיבי|מספר מסלול באוצר 2188,מספר מסלול באוצר 2188,2025,"חשיפה למט""ח",fx,,3.0,0.06,3.0,15.0,,,מקיפה - אשכול 1 - אקטיבי,2026-09-30T21:21:21+00:00,http://www.fnx.co.il/sites/docs/genery/mediniut_ashkaa_tzfuia/pension2025.xlsx,policy/companies/520023185/raw/520023185/97fb416365f0_pension2025.xlsx,מקיפה - אשכול 1 - אקטיבי
520023185,,,520023185|מקיפה - אשכול 1 - אקטיבי|מספר מסלול באוצר 2187,מספר מסלול באוצר 2187,2025,"מניות (כולל תעודות סל, אופציות, קרנות נאמנות)",equity,,61.0,0.06,61.0,73.0,"40%- מדד ת""א 125 ,   60%- MSCI WORLD AC",,מקיפה - אשכול 1 - אקטיבי,2026-09-30T21:21:21+00:00,http://www.fnx.co.il/sites/docs/genery/mediniut_ashkaa_tzfuia/pension2025.xlsx,policy/companies/520023185/raw/520023185/97fb416365f0_pension2025.xlsx,מקיפה - אשכול 1 - אקטיבי
520023185,,,520023185|מקיפה - אשכול 1 - אקטיבי|מספר מסלול באוצר 2187,מספר מסלול באוצר 2187,2025,"אג""ח ממשלתי (צמוד, שקלי ומט""ח), 
ממשלות זרות בנטרול חשיפות בנגזרים",,,0.0,0.05,0.0,7.0,"מדד אג""ח ממשלתי כללי",,מקיפה - אשכול 1 - אקטיבי,2026-09-30T21:21:21+00:00,http://www.fnx.co.il/sites/docs/genery/mediniut_ashkaa_tzfuia/pension2025.xlsx,policy/companies/520023185/raw/520023185/97fb416365f0_pension2025.xlsx,מקיפה - אשכול 1 - אקטיבי
520023185,,,520023185|מקיפה - אשכול 1 - אקטיבי|מספר מסלול באוצר 2187,מספר מסלול באוצר 2187,2025,"אג""ח מיועדות ורכיב מבטיח תשואה(***)",,,22.0,0.05,22.0,32.0,,,מקיפה - אשכול 1 - אקטיבי,2026-09-30T21:21:21+00:00,http://www.fnx.co.il/sites/docs/genery/mediniut_ashkaa_tzfuia/pension2025.xlsx,policy/companies/520023185/raw/520023185/97fb416365f0_pension2025.xlsx,מקיפה - אשכול 1 - אקטיבי
520023185,,,520023185|מקיפה - אשכול 1 - אקטיבי|מספר מסלול באוצר 2187,מספר מסלול באוצר 2187,2025,"אחר ( Co Invest, נדל""ן, קרנות השקעהתשתיות, גידור)",,,0.0,0.05,0.0,7.0,,,מקיפה - אשכול 1 - אקטיבי,2026-09-30T21:21:21+00:00,http://www.fnx.co.il/sites/docs/genery/mediniut_ashkaa_tzfuia/pension2025.xlsx,policy/companies/520023185/raw/520023185/97fb416365f0_pension2025.xlsx,מקיפה - אשכול 1 - אקטיבי
520023185,,,520023185|מקיפה - אשכול 1 - אקטיבי|מספר מסלול באוצר 2187,מספר מסלול באוצר 2187,2025,"חשיפה למט""ח",fx,,16.0,0.06,16.0,28.0,,,מקיפה - אשכול 1 - אקטיבי,2026-09-30T21:21:21+00:00,http://www.fnx.co.il/sites/docs/genery/mediniut_ashkaa_tzfuia/pension2025.xlsx,policy/companies/520023185/raw/520023185/97fb416365f0_pension2025.xlsx,מקיפה - אשכול 1 - אקטיבי
520023185,,,520023185|מקיפה - אשכול 3 סחיר|מספר מסלול באוצר 14285,מספר מסלול באוצר 14285,2025,"מניות (תעודות סל, אופציות, קרנות נאמנות)",equity,,40.0,0.06,40.0,52.0,"40%- מדד ת""א 125 ,   60%- MSCI WORLD AC",,מקיפה - אשכול 3 סחיר,2026-09-30T21:21:21+00:00,http://www.fnx.co.il/sites/docs/genery/mediniut_ashkaa_tzfuia/pension2025.xlsx,policy/companies/520023185/raw/520023185/97fb416365f0_pension2025.xlsx,מקיפה - אשכול 3 סחיר
520023185,,,520023185|מקיפה - אשכול 3 סחיר|מספר מסלול באוצר 14285,מספר מסלול באוצר 14285,2025,"אג""ח ממשלתי (צמוד, שקלי ומט""ח), ממשלות זרות בנטרול חשיפות בנגזרים",,,1.0,0.05,1.0,11.0,"מדד אג""ח ממשלתי כללי",,מקיפה - אשכול 3 סחיר,2026-09-30T21:21:21+00:00,http://www.fnx.co.il/sites/docs/genery/mediniut_ashkaa_tzfuia/pension2025.xlsx,policy/companies/520023185/raw/520023185/97fb416365f0_pension2025.xlsx,מקיפה - אשכול 3 סחיר
520023185,,,520023185|מקיפה - אשכול 3 סחיר|מספר מסלול באוצר 14285,מספר מסלול באוצר 14285,2025,"אג""ח מיועדות ורכיב מבטיח תשואה(***)",,,22.0,0.05,22.0,32.0,,,מקיפה - אשכול 3 סחיר,2026-09-30T21:21:21+00:00,http://www.fnx.co.il/sites/docs/genery/mediniut_ashkaa_tzfuia/pension2025.xlsx,policy/companies/520023185/raw/520023185/97fb416365f0_pension2025.xlsx,מקיפה - אשכול 3 סחיר
520023185,,,520023185|מקיפה - אשכול 3 סחיר|מספר מסלול באוצר 14285,מספר מסלול באוצר 14285,2025,"אג""ח קונצרני (כולל קרנות נאמנות, תעודות סל)",,,13.0,0.06,13.0,25.0,"35% - תל בונד כללי , 20% - תל בונד 60 , 15% - תל בונד 50 , 15% - IBOXX HY - 15%, IBOXX IG",,מקיפה - אשכול 3 סחיר,2026-09-30T21:21:21+00:00,http://www.fnx.co.il/sites/docs/genery/mediniut_ashkaa_tzfuia/pension2025.xlsx,policy/companies/520023185/raw/520023185/97fb416365f0_pension2025.xlsx,מקיפה - אשכול 3 סחיר
520023185,,,520023185|מקיפה - אשכול 3 סחיר|מספר מסלול באוצר 14285,מספר מסלול באוצר 14285,2025,"חשיפה למט""ח",fx,,11.0,0.06,11.0,23.0,,,מקיפה - אשכול 3 סחיר,2026-09-30T21:21:21+00:00,http://www.fnx.co.il/sites/docs/genery/mediniut_ashkaa_tzfuia/pension2025.xlsx,policy/companies/520023185/raw/520023185/97fb416365f0_pension2025.xlsx,מקיפה - אשכול 3 סחיר
520023185,,,520023185|מקיפה - אשכול 3 סחיר|מספר מסלול באוצר 15217,מספר מסלול באוצר 15217,2025,"מניות (תעודות סל, אופציות, קרנות נאמנות)",equity,,12.0,0.06,12.0,24.0,"100%- מדד ת""א 125",,מקיפה - אשכול 3 סחיר,2026-09-30T21:21:21+00:00,http://www.fnx.co.il/sites/docs/genery/mediniut_ashkaa_tzfuia/pension2025.xlsx,policy/companies/520023185/raw/520023185/97fb416365f0_pension2025.xlsx,מקיפה - אשכול 3 סחיר
520023185,,,520023185|מקיפה - אשכול 3 סחיר|מספר מסלול באוצר 15217,מספר מסלול באוצר 15217,2025,"אג""ח ממשלתי (צמוד, שקלי ומט""ח), ממשלות זרות בנטרול חשיפות בנגזרים",,,2.0,0.05,2.0,12.0,"מדד אג""ח ממשלתי כללי",,מקיפה - אשכול 3 סחיר,2026-09-30T21:21:21+00:00,http://www.fnx.co.il/sites/docs/genery/mediniut_ashkaa_tzfuia/pension2025.xlsx,policy/companies/520023185/raw/520023185/97fb416365f0_pension2025.xlsx,מקיפה - אשכול 3 סחיר
520023185,,,520023185|מקיפה - אשכול 3 סחיר|מספר מסלול באוצר 15217,מספר מסלול באוצר 15217,2025,"אג""ח מיועדות ורכיב מבטיח תשואה(***)",,,22.0,0.05,22.0,32.0,,,מקיפה - אשכול 3 סחיר,2026-09-30T21:21:21+00:00,http://www.fnx.co.il/sites/docs/genery/mediniut_ashkaa_tzfuia/pension2025.xlsx,policy/companies/520023185/raw/520023185/97fb416365f0_pension2025.xlsx,מקיפה - אשכול 3 סחיר
520023185,,,520023185|מקיפה - אשכול 3 סחיר|מספר מסלול באוצר 15217,מספר מסלול באוצר 15217,2025,"אג""ח קונצרני (כולל קרנות נאמנות, תעודות סל)",,,40.0,0.06,40.0,52.0,,,מקיפה - אשכול 3 סחיר,2026-09-30T21:21:21+00:00,http://www.fnx.co.il/sites/docs/genery/mediniut_ashkaa_tzfuia/pension2025.xlsx,policy/companies/520023185/raw/520023185/97fb416365f0_pension2025.xlsx,מקיפה - אשכול 3 סחיר
520023185,,,520023185|מקיפה - אשכול 3 סחיר|מספר מסלול באוצר 15217,מספר מסלול באוצר 15217,2025,"חשיפה למט""ח",fx,,5.0,0.06,5.0,17.0,,,מקיפה - אשכול 3 סחיר,2026-09-30T21:21:21+00:00,http://www.fnx.co.il/sites/docs/genery/mediniut_ashkaa_tzfuia/pension2025.xlsx,policy/companies/520023185/raw/520023185/97fb416365f0_pension2025.xlsx,מקיפה - אשכול 3 סחיר
520023185,,,520023185|מקיפה - אשכול 3 סחיר|מספר מסלול באוצר 15218,מספר מסלול באוצר 15218,2025,"מניות (תעודות סל, אופציות, קרנות נאמנות)",equity,,64.0,0.06,64.0,76.0,"100%- מדד ת""א 125",,מקיפה - אשכול 3 סחיר,2026-09-30T21:21:21+00:00,http://www.fnx.co.il/sites/docs/genery/mediniut_ashkaa_tzfuia/pension2025.xlsx,policy/companies/520023185/raw/520023185/97fb416365f0_pension2025.xlsx,מקיפה - אשכול 3 סחיר
520023185,,,520023185|מקיפה - אשכול 3 סחיר|מספר מסלול באוצר 15218,מספר מסלול באוצר 15218,2025,"אג""ח ממשלתי (צמוד, שקלי ומט""ח), ממשלות זרות בנטרול חשיפות בנגזרים",,,0.0,0.05,0.0,6.0,,,מקיפה - אשכול 3 סחיר,2026-09-30T21:21:21+00:00,http://www.fnx.co.il/sites/docs/genery/mediniut_ashkaa_tzfuia/pension2025.xlsx,policy/companies/520023185/raw/520023185/97fb416365f0_pension2025.xlsx,מקיפה - אשכול 3 סחיר
520023185,,,520023185|מקיפה - אשכול 3 סחיר|מספר מסלול באוצר 15218,מספר מסלול באוצר 15218,2025,"אג""ח קונצרני (כולל קרנות נאמנות, תעודות סל)",,,0.0,0.06,0.0,7.0,,,מקיפה - אשכול 3 סחיר,2026-09-30T21:21:21+00:00,http://www.fnx.co.il/sites/docs/genery/mediniut_ashkaa_tzfuia/pension2025.xlsx,policy/companies/520023185/raw/520023185/97fb416365f0_pension2025.xlsx,מקיפה - אשכול 3 סחיר
520023185,,,520023185|מקיפה - אשכול 3 סחיר|מספר מסלול באוצר 15218,מספר מסלול באוצר 15218,2025,"אג""ח מיועדות ורכיב מבטיח תשואה(***)",,,22.0,0.05,22.0,32.0,,,מקיפה - אשכול 3 סחיר,2026-09-30T21:21:21+00:00,http://www.fnx.co.il/sites/docs/genery/mediniut_ashkaa_tzfuia/pension2025.xlsx,policy/companies/520023185/raw/520023185/97fb416365f0_pension2025.xlsx,מקיפה - אשכול 3 סחיר
520023185,,,520023185|מקיפה - אשכול 3 סחיר|מספר מסלול באוצר 15218,מספר מסלול באוצר 15218,2025,"חשיפה למט""ח",fx,,7.0,0.06,7.0,19.0,,,מקיפה - אשכול 3 סחיר,2026-09-30T21:21:21+00:00,http://www.fnx.co.il/sites/docs/genery/mediniut_ashkaa_tzfuia/pension2025.xlsx,policy/companies/520023185/raw/520023185/97fb416365f0_pension2025.xlsx,מקיפה - אשכול 3 סחיר
520023185,,,520023185|מקיפה- אשכול 4 - עוקב מדדים|מספר מסלול באוצר 14286,מספר מסלול באוצר 14286,2025,"מניות (כולל תעודות סל, אופציות, קרנות נאמנות)",equity,,39.0,0.06,39.0,51.0,MSCI WORLD AC,,מקיפה- אשכול 4 - עוקב מדדים,2026-09-30T21:21:21+00:00,http://www.fnx.co.il/sites/docs/genery/mediniut_ashkaa_tzfuia/pension2025.xlsx,policy/companies/520023185/raw/520023185/97fb416365f0_pension2025.xlsx,מקיפה- אשכול 4 - עוקב מדדים
520023185,,,520023185|מקיפה- אשכול 4 - עוקב מדדים|מספר מסלול באוצר 14286,מספר מסלול באוצר 14286,2025,"אג""ח ממשלתי (צמוד, שקלי ומט""ח), ממשלות זרות בנטרול חשיפות בנגזרים",,,-1.0,0.05,-1.0,9.0,ISHARES 7-10 YEARS TREASURY,,מקיפה- אשכול 4 - עוקב מדדים,2026-09-30T21:21:21+00:00,http://www.fnx.co.il/sites/docs/genery/mediniut_ashkaa_tzfuia/pension2025.xlsx,policy/companies/520023185/raw/520023185/97fb416365f0_pension2025.xlsx,מקיפה- אשכול 4 - עוקב מדדים
520023185,,,520023185|מקיפה- אשכול 4 - עוקב מדדים|מספר מסלול באוצר 14286,מספר מסלול באוצר 14286,2025,"אג""ח מיועדות ורכיב מבטיח תשואה(***)",,,22.0,0.05,22.0,32.0,,,מקיפה- אשכול 4 - עוקב מדדים,2026-09-30T21:21:21+00:00,http://www.fnx.co.il/sites/docs/genery/mediniut_ashkaa_tzfuia/pension2025.xlsx,policy/companies/520023185/raw/520023185/97fb416365f0_pension2025.xlsx,מקיפה- אשכול 4 - עוקב מדדים
520023185,,,520023185|מקיפה- אשכול 4 - עוקב מדדים|מספר מסלול באוצר 14286,מספר מסלול באוצר 14286,2025,"אג""ח קונצרני (כולל קרנות נאמנות, תעודות סל)",,,16.0,0.06,16.0,28.0,"IBOXY HY 46%, IBXXC1D1 12% , JGENUUG 8%, JCMBCOMP 8%, IBOXIG 26%",,מקיפה- אשכול 4 - עוקב מדדים,2026-09-30T21:21:21+00:00,http://www.fnx.co.il/sites/docs/genery/mediniut_ashkaa_tzfuia/pension2025.xlsx,policy/companies/520023185/raw/520023185/97fb416365f0_pension2025.xlsx,מקיפה- אשכול 4 - עוקב מדדים
520023185,,,520023185|מקיפה- אשכול 4 - עוקב מדדים|מספר מסלול באוצר 14286,מספר מסלול באוצר 14286,2025,אחר,,,-5.0,0.05,-5.0,5.0,,,מקיפה- אשכול 4 - עוקב מדדים,2026-09-30T21:21:21+00:00,http://www.fnx.co.il/sites/docs/genery/mediniut_ashkaa_tzfuia/pension2025.xlsx,policy/companies/520023185/raw/520023185/97fb416365f0_pension2025.xlsx,מקיפה- אשכול 4 - עוקב מדדים
520023185,,,520023185|מקיפה- אשכול 4 - עוקב מדדים|מספר מסלול באוצר 14286,מספר מסלול באוצר 14286,2025,"חשיפה למט""ח",fx,,61.0,0.06,61.0,73.0,,,מקיפה- אשכול 4 - עוקב מדדים,2026-09-30T21:21:21+00:00,http://www.fnx.co.il/sites/docs/genery/mediniut_ashkaa_tzfuia/pension2025.xlsx,policy/companies/520023185/raw/520023185/97fb416365f0_pension2025.xlsx,מקיפה- אשכול 4 - עוקב מדדים
520023185,,,520023185|מקיפה- אשכול 4 - עוקב מדדים|מספר מסלול באוצר 13335,מספר מסלול באוצר 13335,2025,"מניות (כולל תעודות סל, אופציות, קרנות נאמנות)",equity,,64.0,0.06,64.0,76.0,s&p 500,,מקיפה- אשכול 4 - עוקב מדדים,2026-09-30T21:21:21+00:00,http://www.fnx.co.il/sites/docs/genery/mediniut_ashkaa_tzfuia/pension2025.xlsx,policy/companies/520023185/raw/520023185/97fb416365f0_pension2025.xlsx,מקיפה- אשכול 4 - עוקב מדדים
520023185,,,520023185|מקיפה- אשכול 4 - עוקב מדדים|מספר מסלול באוצר 13335,מספר מסלול באוצר 13335,2025,"אג""ח מיועדות ורכיב מבטיח תשואה(***)",,,22.0,0.05,22.0,32.0,,,מקיפה- אשכול 4 - עוקב מדדים,2026-09-30T21:21:21+00:00,http://www.fnx.co.il/sites/docs/genery/mediniut_ashkaa_tzfuia/pension2025.xlsx,policy/companies/520023185/raw/520023185/97fb416365f0_pension2025.xlsx,מקיפה- אשכול 4 - עוקב מדדים
520023185,,,520023185|מקיפה- אשכול 4 - עוקב מדדים|מספר מסלול באוצר 13335,מספר מסלול באוצר 13335,2025,"אג""ח ממשלתי (צמוד, שקלי ומט""ח), ממשלות זרות בנטרול חשיפות בנגזרים",,,0.0,0.05,0.0,7.0,,,מקיפה- אשכול 4 - עוקב מדדים,2026-09-30T21:21:21+00:00,http://www.fnx.co.il/sites/docs/genery/mediniut_ashkaa_tzfuia/pension2025.xlsx,policy/companies/520023185/raw/520023185/97fb416365f0_pension2025.xlsx,מקיפה- אשכול 4 - עוקב מדדים
520023185,,,520023185|מקיפה- אשכול 4 - עוקב מדדים|מספר מסלול באוצר 13335,מספר מסלול באוצר 13335,2025,"חשיפה למט""ח",fx,,65.0,0.06,65.0,77.0,,,מקיפה- אשכול 4 - עוקב מדדים,2026-09-30T21:21:21+00:00,http://www.fnx.co.il/sites/docs/genery/mediniut_ashkaa_tzfuia/pension2025.xlsx,policy/companies/520023185/raw/520023185/97fb416365f0_pension2025.xlsx,מקיפה- אשכול 4 - עוקב מדדים
520023185,,,520023185|מקיפה- אשכול 4 - עוקב מדדים|מספר מסלול באוצר 9979,מספר מסלול באוצר 9979,2025,"אג""ח מיועדות ורכיב מבטיח תשואה(***)",,,22.0,0.05,22.0,32.0,"מדד אג""ח ממשלתי כללי",,מקיפה- אשכול 4 - עוקב מדדים,2026-09-30T21:21:21+00:00,http://www.fnx.co.il/sites/docs/genery/mediniut_ashkaa_tzfuia/pension2025.xlsx,policy/companies/520023185/raw/520023185/97fb416365f0_pension2025.xlsx,מקיפה- אשכול 4 - עוקב מדדים
520023185,,,520023185|מקיפה- אשכול 4 - עוקב מדדים|מספר מסלול באוצר 9979,מספר מסלול באוצר 9979,2025,"אג""ח קונצרני (כולל קרנות נאמנות, תעודות סל)",,,62.0,0.06,62.0,74.0,"IBOXY HY 46%, IBXXC1D1 12% , JGENUUG 8%, JCMBCOMP 8%, IBOXIG 26%",,מקיפה- אשכול 4 - עוקב מדדים,2026-09-30T21:21:21+00:00,http://www.fnx.co.il/sites/docs/genery/mediniut_ashkaa_tzfuia/pension2025.xlsx,policy/companies/520023185/raw/520023185/97fb416365f0_pension2025.xlsx,מקיפה- אשכול 4 - עוקב מדדים
520023185,,,520023185|מקיפה- אשכול 4 - עוקב מדדים|מספר מסלול באוצר 9979,מספר מסלול באוצר 9979,2025,"אג""ח ממשלתי (צמוד, שקלי ומט""ח), ממשלות זרות בנטרול חשיפות בנגזרים",,,0.0,0.05,0.0,7.0,,,מקיפה- אשכול 4 - עוקב מדדים,2026-09-30T21:21:21+00:00,http://www.fnx.co.il/sites/docs/genery/mediniut_ashkaa_tzfuia/pension2025.xlsx,policy/companies/520023185/raw/520023185/97fb416365f0_pension2025.xlsx,מקיפה- אשכול 4 - עוקב מדדים
520023185,,,520023185|מקיפה- אשכול 4 - עוקב מדדים|מספר מסלול באוצר 9979,מספר מסלול באוצר 9979,2025,"חשיפה למט""ח",fx,,64.0,0.06,64.0,76.0,,,מקיפה- אשכול 4 - עוקב מדדים,2026-09-30T21:21:21+00:00,http://www.fnx.co.il/sites/docs/genery/mediniut_ashkaa_tzfuia/pension2025.xlsx,policy/companies/520023185/raw/520023185/97fb416365f0_pension2025.xlsx,מקיפה- אשכול 4 - עוקב מדדים
520023185,,,520023185|מקיפה- אשכול 4 - עוקב מדדים|מספר מסלול באוצר 15219,מספר מסלול באוצר 15219,2025,"מניות (כולל תעודות סל, אופציות, קרנות נאמנות)",equity,,66.0,0.06,66.0,78.0,50% Xndx 40% SP5T5T 10% - SPTRMDCP,,מקיפה- אשכול 4 - עוקב מדדים,2026-09-30T21:21:21+00:00,http://www.fnx.co.il/sites/docs/genery/mediniut_ashkaa_tzfuia/pension2025.xlsx,policy/companies/520023185/raw/520023185/97fb416365f0_pension2025.xlsx,מקיפה- אשכול 4 - עוקב מדדים
520023185,,,520023185|מקיפה- אשכול 4 - עוקב מדדים|מספר מסלול באוצר 15219,מספר מסלול באוצר 15219,2025,"אג""ח מיועדות ורכיב מבטיח תשואה(***)",,,22.0,0.05,22.0,32.0,,,מקיפה- אשכול 4 - עוקב מדדים,2026-09-30T21:21:21+00:00,http://www.fnx.co.il/sites/docs/genery/mediniut_ashkaa_tzfuia/pension2025.xlsx,policy/companies/520023185/raw/520023185/97fb416365f0_pension2025.xlsx,מקיפה- אשכול 4 - עוקב מדדים
520023185,,,520023185|מקיפה- אשכול 4 - עוקב מדדים|מספר מסלול באוצר 15219,מספר מסלול באוצר 15219,2025,"חשיפה למט""ח",fx,,66.0,0.06,66.0,78.0,,,מקיפה- אשכול 4 - עוקב מדדים,2026-09-30T21:21:21+00:00,http://www.fnx.co.il/sites/docs/genery/mediniut_ashkaa_tzfuia/pension2025.xlsx,policy/companies/520023185/raw/520023185/97fb416365f0_pension2025.xlsx,מקיפה- אשכול 4 - עוקב מדדים
520023185,,,520023185|משלימה - אשכול 3 - סחיר|מספר מסלול באוצר 14288,מספר מסלול באוצר 14288,2025,"מניות (תעודות סל, אופציות, קרנות נאמנות)",equity,,34.0,0.06,34.0,46.0,"40%- מדד ת""א 125 ,   60%- MSCI WORLD AC",,משלימה - אשכול 3 - סחיר,2026-09-30T21:21:21+00:00,http://www.fnx.co.il/sites/docs/genery/mediniut_ashkaa_tzfuia/pension2025.xlsx,policy/companies/520023185/raw/520023185/97fb416365f0_pension2025.xlsx,משלימה - אשכול 3 - סחיר
520023185,,,520023185|משלימה - אשכול 3 - סחיר|מספר מסלול באוצר 14288,מספר מסלול באוצר 14288,2025,"אג""ח ממשלתי (צמוד, שקלי ומט""ח), ממשלות זרות בנטרול חשיפות בנגזרים",,,20.0,0.05,20.0,30.0,"מדד אג""ח ממשלתי כללי",,משלימה - אשכול 3 - סחיר,2026-09-30T21:21:21+00:00,http://www.fnx.co.il/sites/docs/genery/mediniut_ashkaa_tzfuia/pension2025.xlsx,policy/companies/520023185/raw/520023185/97fb416365f0_pension2025.xlsx,משלימה - אשכול 3 - סחיר
520023185,,,520023185|משלימה - אשכול 3 - סחיר|מספר מסלול באוצר 14288,מספר מסלול באוצר 14288,2025,"אג""ח קונצרני (כולל קרנות נאמנות, תעודות סל)",,,25.0,0.06,25.0,37.0,"35% - תל בונד כללי , 20% - תל בונד 60 , 15% - תל בונד 50 , 15% - IBOXX HY - 15%, IBOXX IG",,משלימה - אשכול 3 - סחיר,2026-09-30T21:21:21+00:00,http://www.fnx.co.il/sites/docs/genery/mediniut_ashkaa_tzfuia/pension2025.xlsx,policy/companies/520023185/raw/520023185/97fb416365f0_pension2025.xlsx,משלימה - אשכול 3 - סחיר
520023185,,,520023185|משלימה - אשכול 3 - סחיר|מספר מסלול באוצר 14288,מספר מסלול באוצר 14288,2025,"חשיפה למט""ח",fx,,13.0,0.06,13.0,25.0,,,משלימה - אשכול 3 - סחיר,2026-09-30T21:21:21+00:00,http://www.fnx.co.il/sites/docs/genery/mediniut_ashkaa_tzfuia/pension2025.xlsx,policy/companies/520023185/raw/520023185/97fb416365f0_pension2025.xlsx,משלימה - אשכול 3 - סחיר
520023185,,,520023185|משלימה - אשכול 3 - סחיר|אג ח סחיר ייפתח כמסלול חדש,אג ח סחיר ייפתח כמסלול חדש,2025,"מניות (תעודות סל, אופציות, קרנות נאמנות)",equity,,,0.06,-6.0,6.0,,,משלימה - אשכול 3 - סחיר,2026-09-30T21:21:21+00:00,http://www.fnx.co.il/sites/docs/genery/mediniut_ashkaa_tzfuia/pension2025.xlsx,policy/companies/520023185/raw/520023185/97fb416365f0_pension2025.xlsx,משלימה - אשכול 3 - סחיר
520023185,,,520023185|משלימה - אשכול 3 - סחיר|אג ח סחיר ייפתח כמסלול חדש,אג ח סחיר ייפתח כמסלול חדש,2025,"אג""ח ממשלתי (צמוד, שקלי ומט""ח), ממשלות זרות בנטרול חשיפות בנגזרים",,,,0.05,0.0,5.0,,,משלימה - אשכול 3 - סחיר,2026-09-30T21:21:21+00:00,http://www.fnx.co.il/sites/docs/genery/mediniut_ashkaa_tzfuia/pension2025.xlsx,policy/companies/520023185/raw/520023185/97fb416365f0_pension2025.xlsx,משלימה - אשכול 3 - סחיר
520023185,,,520023185|משלימה - אשכול 3 - סחיר|אג ח סחיר ייפתח כמסלול חדש,אג ח סחיר ייפתח כמסלול חדש,2025,"אג""ח קונצרני (כולל קרנות נאמנות, תעודות סל)",,,,0.06,-6.0,6.0,,,משלימה - אשכול 3 - סחיר,2026-09-30T21:21:21+00:00,http://www.fnx.co.il/sites/docs/genery/mediniut_ashkaa_tzfuia/pension2025.xlsx,policy/companies/520023185/raw/520023185/97fb416365f0_pension2025.xlsx,משלימה - אשכול 3 - סחיר
520023185,,,520023185|משלימה - אשכול 3 - סחיר|אג ח סחיר ייפתח כמסלול חדש,אג ח סחיר ייפתח כמסלול חדש,2025,מזומנים (*),,,3.0,,,,,,משלימה - אשכול 3 - סחיר,2026-09-30T21:21:21+00:00,http://www.fnx.co.il/sites/docs/genery/mediniut_ashkaa_tzfuia/pension2025.xlsx,policy/companies/520023185/raw/520023185/97fb416365f0_pension2025.xlsx,משלימה - אשכול 3 - סחיר
520023185,,,520023185|משלימה - אשכול 3 - סחיר|אג ח סחיר ייפתח כמסלול חדש,אג ח סחיר ייפתח כמסלול חדש,2025,"חשיפה למט""ח",fx,,18.0,0.06,12.0,24.0,,,משלימה - אשכול 3 - סחיר,2026-09-30T21:21:21+00:00,http://www.fnx.co.il/sites/docs/genery/mediniut_ashkaa_tzfuia/pension2025.xlsx,policy/companies/520023185/raw/520023185/97fb416365f0_pension2025.xlsx,משלימה - אשכול 3 - סחיר
520023185,,,520023185|משלימה - אשכול 3 - סחיר|מספר מסלול באוצר 15221,מספר מסלול באוצר 15221,2025,"מניות (תעודות סל, אופציות, קרנות נאמנות)",equity,,88.0,0.06,88.0,100.0,"מדד ת""א 125",,משלימה - אשכול 3 - סחיר,2026-09-30T21:21:21+00:00,http://www.fnx.co.il/sites/docs/genery/mediniut_ashkaa_tzfuia/pension2025.xlsx,policy/companies/520023185/raw/520023185/97fb416365f0_pension2025.xlsx,משלימה - אשכול 3 - סחיר
520023185,,,520023185|משלימה - אשכול 3 - סחיר|מספר מסלול באוצר 15221,מספר מסלול באוצר 15221,2025,"אג""ח קונצרני (קרנות נאמנות, תעודות סל)",,,0.0,0.06,0.0,7.0,,,משלימה - אשכול 3 - סחיר,2026-09-30T21:21:21+00:00,http://www.fnx.co.il/sites/docs/genery/mediniut_ashkaa_tzfuia/pension2025.xlsx,policy/companies/520023185/raw/520023185/97fb416365f0_pension2025.xlsx,משלימה - אשכול 3 - סחיר
520023185,,,520023185|משלימה - אשכול 3 - סחיר|מספר מסלול באוצר 15221,מספר מסלול באוצר 15221,2025,"חשיפה למט""ח",fx,,12.0,0.06,12.0,24.0,,,משלימה - אשכול 3 - סחיר,2026-09-30T21:21:21+00:00,http://www.fnx.co.il/sites/docs/genery/mediniut_ashkaa_tzfuia/pension2025.xlsx,policy/companies/520023185/raw/520023185/97fb416365f0_pension2025.xlsx,משלימה - אשכול 3 - סחיר
520023185,,,520023185|משלימה - אשכול 3 - סחיר|מספר מסלול באוצר 15220,מספר מסלול באוצר 15220,2025,"מניות (תעודות סל, אופציות, קרנות נאמנות)",equity,,13.0,0.06,13.0,25.0,"מדד ת""א 125",,משלימה - אשכול 3 - סחיר,2026-09-30T21:21:21+00:00,http://www.fnx.co.il/sites/docs/genery/mediniut_ashkaa_tzfuia/pension2025.xlsx,policy/companies/520023185/raw/520023185/97fb416365f0_pension2025.xlsx,משלימה - אשכול 3 - סחיר
520023185,,,520023185|משלימה - אשכול 3 - סחיר|מספר מסלול באוצר 15220,מספר מסלול באוצר 15220,2025,"אג""ח ממשלתי (צמוד, שקלי ומט""ח), ממשלות זרות בנטרול חשיפות בנגזרים",,,15.0,0.05,15.0,25.0,"מדד אג""ח ממשלתי כללי",,משלימה - אשכול 3 - סחיר,2026-09-30T21:21:21+00:00,http://www.fnx.co.il/sites/docs/genery/mediniut_ashkaa_tzfuia/pension2025.xlsx,policy/companies/520023185/raw/520023185/97fb416365f0_pension2025.xlsx,משלימה - אשכול 3 - סחיר
520023185,,,520023185|משלימה - אשכול 3 - סחיר|מספר מסלול באוצר 15220,מספר מסלול באוצר 15220,2025,"אג""ח קונצרני (כולל קרנות נאמנות, תעודות סל)",,,52.0,0.06,52.0,64.0,,,משלימה - אשכול 3 - סחיר,2026-09-30T21:21:21+00:00,http://www.fnx.co.il/sites/docs/genery/mediniut_ashkaa_tzfuia/pension2025.xlsx,policy/companies/520023185/raw/520023185/97fb416365f0_pension2025.xlsx,משלימה - אשכול 3 - סחיר
520023185,,,520023185|משלימה - אשכול 3 - סחיר|מספר מסלול באוצר 15220,מספר מסלול באוצר 15220,2025,"חשיפה למט""ח",fx,,9.0,0.06,9.0,21.0,,,משלימה - אשכול 3 - סחיר,2026-09-30T21:21:21+00:00,http://www.fnx.co.il/sites/docs/genery/mediniut_ashkaa_tzfuia/pension2025.xlsx,policy/companies/520023185/raw/520023185/97fb416365f0_pension2025.xlsx,משלימה - אשכול 3 - סחיר
520023185,,,520023185|משלימה - אשכול 4 - עוקב מדדים|מספר מסלול באוצר 14287,מספר מסלול באוצר 14287,2025,"מניות (כולל תעודות סל, אופציות, קרנות נאמנות)",equity,,31.0,0.06,31.0,43.0,MSCI WORLD AC,,משלימה - אשכול 4 - עוקב מדדים,2026-09-30T21:21:21+00:00,http://www.fnx.co.il/sites/docs/genery/mediniut_ashkaa_tzfuia/pension2025.xlsx,policy/companies/520023185/raw/520023185/97fb416365f0_pension2025.xlsx,משלימה - אשכול 4 - עוקב מדדים
520023185,,,520023185|משלימה - אשכול 4 - עוקב מדדים|מספר מסלול באוצר 14287,מספר מסלול באוצר 14287,2025,"אג""ח ממשלתי (צמוד, שקלי ומט""ח), ממשלות",,,22.0,0.05,22.0,32.0,ISHARES 7-10 YEARS TREASURY,,משלימה - אשכול 4 - עוקב מדדים,2026-09-30T21:21:21+00:00,http://www.fnx.co.il/sites/docs/genery/mediniut_ashkaa_tzfuia/pension2025.xlsx,policy/companies/520023185/raw/520023185/97fb416365f0_pension2025.xlsx,משלימה - אשכול 4 - עוקב מדדים
520023185,,,520023185|משלימה - אשכול 4 - עוקב מדדים|מספר מסלול באוצר 14287,מספר מסלול באוצר 14287,2025,"אג""ח קונצרני (כולל קרנות נאמנות, תעודות סל)",,,26.0,0.06,26.0,38.0,"IBOXY HY 46%, IBXXC1D1 12% , JGENUUG 8%, JCMBCOMP 8%, IBOXIG 26%",,משלימה - אשכול 4 - עוקב מדדים,2026-09-30T21:21:21+00:00,http://www.fnx.co.il/sites/docs/genery/mediniut_ashkaa_tzfuia/pension2025.xlsx,policy/companies/520023185/raw/520023185/97fb416365f0_pension2025.xlsx,משלימה - אשכול 4 - עוקב מדדים
520023185,,,520023185|משלימה - אשכול 4 - עוקב מדדים|מספר מסלול באוצר 14287,מספר מסלול באוצר 14287,2025,"חשיפה למט""ח",fx,,88.0,0.06,88.0,100.0,,,משלימה - אשכול 4 - עוקב מדדים,2026-09-30T21:21:21+00:00,http://www.fnx.co.il/sites/docs/genery/mediniut_ashkaa_tzfuia/pension2025.xlsx,policy/companies/520023185/raw/520023185/97fb416365f0_pension2025.xlsx,משלימה - אשכול 4 - עוקב מדדים
520023185,,,520023185|משלימה - אשכול 4 - עוקב מדדים|מספר מסלול באוצר 13465,מספר מסלול באוצר 13465,2025,"מניות (כולל תעודות סל, אופציות, קרנות נאמנות)",equity,,88.0,0.06,88.0,100.0,s&p 500,,משלימה - אשכול 4 - עוקב מדדים,2026-09-30T21:21:21+00:00,http://www.fnx.co.il/sites/docs/genery/mediniut_ashkaa_tzfuia/pension2025.xlsx,policy/companies/520023185/raw/520023185/97fb416365f0_pension2025.xlsx,משלימה - אשכול 4 - עוקב מדדים
520023185,,,520023185|משלימה - אשכול 4 - עוקב מדדים|מספר מסלול באוצר 13465,מספר מסלול באוצר 13465,2025,"אג""ח ממשלתי (צמוד, שקלי ומט""ח), ממשלות זרות בנטרול חשיפות בנגזרים",,,0.0,0.05,0.0,9.0,,,משלימה - אשכול 4 - עוקב מדדים,2026-09-30T21:21:21+00:00,http://www.fnx.co.il/sites/docs/genery/mediniut_ashkaa_tzfuia/pension2025.xlsx,policy/companies/520023185/raw/520023185/97fb416365f0_pension2025.xlsx,משלימה - אשכול 4 - עוקב מדדים
520023185,,,520023185|משלימה - אשכול 4 - עוקב מדדים|מספר מסלול באוצר 13465,מספר מסלול באוצר 13465,2025,"חשיפה למט""ח",fx,,88.0,0.06,88.0,100.0,,,משלימה - אשכול 4 - עוקב מדדים,2026-09-30T21:21:21+00:00,http://www.fnx.co.il/sites/docs/genery/mediniut_ashkaa_tzfuia/pension2025.xlsx,policy/companies/520023185/raw/520023185/97fb416365f0_pension2025.xlsx,משלימה - אשכול 4 - עוקב מדדים
520023185,,,520023185|משלימה - אשכול 4 - עוקב מדדים|מספר מסלול באוצר 15223,מספר מסלול באוצר 15223,2025,"מניות (כולל תעודות סל, אופציות, קרנות נאמנות)",equity,,88.0,0.06,88.0,100.0,50% Xndx 40% SP5T5T 10% - SPTRMDCP,,משלימה - אשכול 4 - עוקב מדדים,2026-09-30T21:21:21+00:00,http://www.fnx.co.il/sites/docs/genery/mediniut_ashkaa_tzfuia/pension2025.xlsx,policy/companies/520023185/raw/520023185/97fb416365f0_pension2025.xlsx,משלימה - אשכול 4 - עוקב מדדים
520023185,,,520023185|משלימה - אשכול 4 - עוקב מדדים|מספר מסלול באוצר 15223,מספר מסלול באוצר 15223,2025,"חשיפה למט""ח",fx,,88.0,0.06,88.0,100.0,,,משלימה - אשכול 4 - עוקב מדדים,2026-09-30T21:21:21+00:00,http://www.fnx.co.il/sites/docs/genery/mediniut_ashkaa_tzfuia/pension2025.xlsx,policy/companies/520023185/raw/520023185/97fb416365f0_pension2025.xlsx,משלימה - אשכול 4 - עוקב מדדים
520023185,,,520023185|משלימה - אשכול 4 - עוקב מדדים|מספר מסלול באוצר 15222,מספר מסלול באוצר 15222,2025,"אג""ח קונצרני (כולל קרנות נאמנות, תעודות סל)",,,85.0,0.06,85.0,97.0,"IBOXY HY 46%, IBXXC1D1 12% , JCMBCOMP 8%, IBOXIG 26%",,משלימה - אשכול 4 - עוקב מדדים,2026-09-30T21:21:21+00:00,http://www.fnx.co.il/sites/docs/genery/mediniut_ashkaa_tzfuia/pension2025.xlsx,policy/companies/520023185/raw/520023185/97fb416365f0_pension2025.xlsx,משלימה - אשכול 4 - עוקב מדדים
520023185,,,520023185|משלימה - אשכול 4 - עוקב מדדים|מספר מסלול באוצר 15222,מספר מסלול באוצר 15222,2025,"אג""ח ממשלתי (צמוד, שקלי ומט""ח), ממשלות זרות בנטרול חשיפות בנגזרים",,,2.0,0.05,2.0,12.0,JGENUUG 8%,,משלימה - אשכול 4 - עוקב מדדים,2026-09-30T21:21:21+00:00,http://www.fnx.co.il/sites/docs/genery/mediniut_ashkaa_tzfuia/pension2025.xlsx,policy/companies/520023185/raw/520023185/97fb416365f0_pension2025.xlsx,משלימה - אשכול 4 - עוקב מדדים
520023185,,,520023185|משלימה - אשכול 4 - עוקב מדדים|מספר מסלול באוצר 15222,מספר מסלול באוצר 15222,2025,"חשיפה למט""ח",fx,,88.0,0.06,88.0,100.0,,,משלימה - אשכול 4 - עוקב מדדים,2026-09-30T21:21:21+00:00,http://www.fnx.co.il/sites/docs/genery/mediniut_ashkaa_tzfuia/pension2025.xlsx,policy/companies/520023185/raw/520023185/97fb416365f0_pension2025.xlsx,משלימה - אשכול 4 - עוקב מדדים
520023185,,,520023185|מקיפה-פנסיונרים עד 31.12.17|מספר מסלול באוצר 2201,מספר מסלול באוצר 2201,2025,"מניות (תעודות סל, אופציות, קרנות נאמנות)",equity,,0.0,0.01,0.0,1.0,,,מקיפה-פנסיונרים עד 31.12.17,2026-09-30T21:21:21+00:00,http://www.fnx.co.il/sites/docs/genery/mediniut_ashkaa_tzfuia/pension2025.xlsx,policy/companies/520023185/raw/520023185/97fb416365f0_pension2025.xlsx,מקיפה-פנסיונרים עד 31.12.17
520023185,,,520023185|מקיפה-פנסיונרים עד 31.12.17|מספר מסלול באוצר 2201,מספר מסלול באוצר 2201,2025,"אג""ח ממשלתי (צמוד, שקלי ומט""ח), ממשלות זרות בנטרול חשיפות בנגזרים",,,37.0,0.05,0.0,42.0,"מדד אג""ח ממשלתי כללי",,מקיפה-פנסיונרים עד 31.12.17,2026-09-30T21:21:21+00:00,http://www.fnx.co.il/sites/docs/genery/mediniut_ashkaa_tzfuia/pension2025.xlsx,policy/companies/520023185/raw/520023185/97fb416365f0_pension2025.xlsx,מקיפה-פנסיונרים עד 31.12.17
520023185,,,520023185|מקיפה-פנסיונרים עד 31.12.17|מספר מסלול באוצר 2201,מספר מסלול באוצר 2201,2025,"אג""ח מיועדות ורכיב מבטיח תשואה(***)",,,60.0,0.05,55.0,65.0,,,מקיפה-פנסיונרים עד 31.12.17,2026-09-30T21:21:21+00:00,http://www.fnx.co.il/sites/docs/genery/mediniut_ashkaa_tzfuia/pension2025.xlsx,policy/companies/520023185/raw/520023185/97fb416365f0_pension2025.xlsx,מקיפה-פנסיונרים עד 31.12.17
520023185,,,520023185|מקיפה-פנסיונרים עד 31.12.17|מספר מסלול באוצר 2201,מספר מסלול באוצר 2201,2025,"אג""ח קונצרני (כולל קרנות נאמנות, תעודות סל)",,,0.0,0.01,0.0,1.0,מדד תל בונד 60,,מקיפה-פנסיונרים עד 31.12.17,2026-09-30T21:21:21+00:00,http://www.fnx.co.il/sites/docs/genery/mediniut_ashkaa_tzfuia/pension2025.xlsx,policy/companies/520023185/raw/520023185/97fb416365f0_pension2025.xlsx,מקיפה-פנסיונרים עד 31.12.17
520023185,,,520023185|מקיפה-פנסיונרים עד 31.12.17|מספר מסלול באוצר 2201,מספר מסלול באוצר 2201,2025,"נדל""ן",,,0.0,0,0.0,0.0,,,מקיפה-פנסיונרים עד 31.12.17,2026-09-30T21:21:21+00:00,http://www.fnx.co.il/sites/docs/genery/mediniut_ashkaa_tzfuia/pension2025.xlsx,policy/companies/520023185/raw/520023185/97fb416365f0_pension2025.xlsx,מקיפה-פנסיונרים עד 31.12.17
520023185,,,520023185|מקיפה-פנסיונרים עד 31.12.17|מספר מסלול באוצר 2201,מספר מסלול באוצר 2201,2025,"אחר (קרנות השקעה, Co Invest, תשתיות, גידור)",,,0.0,0,0.0,0.0,,,מקיפה-פנסיונרים עד 31.12.17,2026-09-30T21:21:21+00:00,http://www.fnx.co.il/sites/docs/genery/mediniut_ashkaa_tzfuia/pension2025.xlsx,policy/companies/520023185/raw/520023185/97fb416365f0_pension2025.xlsx,מקיפה-פנסיונרים עד 31.12.17
520023185,,,520023185|מקיפה-פנסיונרים עד 31.12.17|מספר מסלול באוצר 2201,מספר מסלול באוצר 2201,2025,מזומנים (*),,,3.0,,,,,,מקיפה-פנסיונרים עד 31.12.17,2026-09-30T21:21:21+00:00,http://www.fnx.co.il/sites/docs/genery/mediniut_ashkaa_tzfuia/pension2025.xlsx,policy/companies/520023185/raw/520023185/97fb416365f0_pension2025.xlsx,מקיפה-פנסיונרים עד 31.12.17
520023185,,,520023185|מקיפה-פנסיונרים עד 31.12.17|מספר מסלול באוצר 2201,מספר מסלול באוצר 2201,2025,"חשיפה למט""ח",fx,,0.0,0.06,0.0,6.0,,,מקיפה-פנסיונרים עד 31.12.17,2026-09-30T21:21:21+00:00,http://www.fnx.co.il/sites/docs/genery/mediniut_ashkaa_tzfuia/pension2025.xlsx,policy/companies/520023185/raw/520023185/97fb416365f0_pension2025.xlsx,מקיפה-פנסיונרים עד 31.12.17
520023185,,,520023185|מקיפה-פנסיונרים עד 31.12.17|מספר מסלול באוצר 2201,מספר מסלול באוצר 2201,2025,מגבלת עמלת ניהול חיצוני לשנת 2024,,,0.2,,,,,,מקיפה-פנסיונרים עד 31.12.17,2026-09-30T21:21:21+00:00,http://www.fnx.co.il/sites/docs/genery/mediniut_ashkaa_tzfuia/pension2025.xlsx,policy/companies/520023185/raw/520023185/97fb416365f0_pension2025.xlsx,מקיפה-פנסיונרים עד 31.12.17
520023185,,,520023185|מקיפה-פנסיונרים זכאים|מספר מסלול באוצר 9987,מספר מסלול באוצר 9987,2025,"מניות (תעודות סל, אופציות, קרנות נאמנות)",equity,,0.0,0.06,0.0,6.0,"40%- מדד ת""א 125 ,   60%- MSCI WORLD AC",,מקיפה-פנסיונרים זכאים,2026-09-30T21:21:21+00:00,http://www.fnx.co.il/sites/docs/genery/mediniut_ashkaa_tzfuia/pension2025.xlsx,policy/companies/520023185/raw/520023185/97fb416365f0_pension2025.xlsx,מקיפה-פנסיונרים זכאים
520023185,,,520023185|מקיפה-פנסיונרים זכאים|מספר מסלול באוצר 9987,מספר מסלול באוצר 9987,2025,"אג""ח ממשלתי (צמוד, שקלי ומט""ח), ממשלות זרות בנטרול חשיפות בנגזרים",,,15.0,0.05,0.0,20.0,"מדד אג""ח ממשלתי כללי",,מקיפה-פנסיונרים זכאים,2026-09-30T21:21:21+00:00,http://www.fnx.co.il/sites/docs/genery/mediniut_ashkaa_tzfuia/pension2025.xlsx,policy/companies/520023185/raw/520023185/97fb416365f0_pension2025.xlsx,מקיפה-פנסיונרים זכאים
520023185,,,520023185|מקיפה-פנסיונרים זכאים|מספר מסלול באוצר 9987,מספר מסלול באוצר 9987,2025,"אג""ח מיועדות ורכיב מבטיח תשואה(***)",,,80.0,0.05,75.0,85.0,,,מקיפה-פנסיונרים זכאים,2026-09-30T21:21:21+00:00,http://www.fnx.co.il/sites/docs/genery/mediniut_ashkaa_tzfuia/pension2025.xlsx,policy/companies/520023185/raw/520023185/97fb416365f0_pension2025.xlsx,מקיפה-פנסיונרים זכאים
520023185,,,520023185|מקיפה-פנסיונרים זכאים|מספר מסלול באוצר 9987,מספר מסלול באוצר 9987,2025,"אג""ח קונצרני (כולל קרנות נאמנות, תעודות סל)",,,0.0,0.06,0.0,6.0,מדד תל בונד 60,,מקיפה-פנסיונרים זכאים,2026-09-30T21:21:21+00:00,http://www.fnx.co.il/sites/docs/genery/mediniut_ashkaa_tzfuia/pension2025.xlsx,policy/companies/520023185/raw/520023185/97fb416365f0_pension2025.xlsx,מקיפה-פנסיונרים זכאים
520023185,,,520023185|מקיפה-פנסיונרים זכאים|מספר מסלול באוצר 9987,מספר מסלול באוצר 9987,2025,"נדל""ן",,,0.0,0.05,0.0,5.0,,,מקיפה-פנסיונרים זכאים,2026-09-30T21:21:21+00:00,http://www.fnx.co.il/sites/docs/genery/mediniut_ashkaa_tzfuia/pension2025.xlsx,policy/companies/520023185/raw/520023185/97fb416365f0_pension2025.xlsx,מקיפה-פנסיונרים זכאים
520023185,,,520023185|מקיפה-פנסיונרים זכאים|מספר מסלול באוצר 9987,מספר מסלול באוצר 9987,2025,"אחר (קרנות השקעה, Co Invest, תשתיות, גידור)",,,0.0,0.05,0.0,5.0,,,מקיפה-פנסיונרים זכאים,2026-09-30T21:21:21+00:00,http://www.fnx.co.il/sites/docs/genery/mediniut_ashkaa_tzfuia/pension2025.xlsx,policy/companies/520023185/raw/520023185/97fb416365f0_pension2025.xlsx,מקיפה-פנסיונרים זכאים
520023185,,,520023185|מקיפה-פנסיונרים זכאים|מספר מסלול באוצר 9987,מספר מסלול באוצר 9987,2025,מזומנים (*),,,5.0,,,,,,מקיפה-פנסיונרים זכאים,2026-09-30T21:21:21+00:00,http://www.fnx.co.il/sites/docs/genery/mediniut_ashkaa_tzfuia/pension2025.xlsx,policy/companies/520023185/raw/520023185/97fb416365f0_pension2025.xlsx,מקיפה-פנסיונרים זכאים
520023185,,,520023185|מקיפה-פנסיונרים זכאים|מספר מסלול באוצר 9987,מספר מסלול באוצר 9987,2025,"חשיפה למט""ח",fx,,0.0,0.06,6.0,18.0,,,מקיפה-פנסיונרים זכאים,2026-09-30T21:21:21+00:00,http://www.fnx.co.il/sites/docs/genery/mediniut_ashkaa_tzfuia/pension2025.xlsx,policy/companies/520023185/raw/520023185/97fb416365f0_pension2025.xlsx,מקיפה-פנסיונרים זכאים
520023185,,,520023185|מקיפה-פנסיונרים זכאים|מספר מסלול באוצר 9987,מספר מסלול באוצר 9987,2025,מגבלת עמלת ניהול חיצוני לשנת 2024,,,0.1,,,,,,מקיפה-פנסיונרים זכאים,2026-09-30T21:21:21+00:00,http://www.fnx.co.il/sites/docs/genery/mediniut_ashkaa_tzfuia/pension2025.xlsx,policy/companies/520023185/raw/520023185/97fb416365f0_pension2025.xlsx,מקיפה-פנסיונרים זכאים
520023185,,,520023185|מקיפה-פנסיונרים החל מ-1.1.18|מספר מסלול באוצר 12119,מספר מסלול באוצר 12119,2025,"מניות (תעודות סל, אופציות, קרנות נאמנות)",equity,,16.0,0.06,10.0,22.0,"35%- מדד ת""א 125 ,   65%- MSCI WORLD AC",,מקיפה-פנסיונרים החל מ-1.1.18,2026-09-30T21:21:21+00:00,http://www.fnx.co.il/sites/docs/genery/mediniut_ashkaa_tzfuia/pension2025.xlsx,policy/companies/520023185/raw/520023185/97fb416365f0_pension2025.xlsx,מקיפה-פנסיונרים החל מ-1.1.18
520023185,,,520023185|מקיפה-פנסיונרים החל מ-1.1.18|מספר מסלול באוצר 12119,מספר מסלול באוצר 12119,2025,"אג""ח ממשלתי (צמוד, שקלי ומט""ח), ממשלות זרות בנטרול חשיפות בנגזרים",,,3.0,0.05,0.0,8.0,"מדד אג""ח ממשלתי כללי",,מקיפה-פנסיונרים החל מ-1.1.18,2026-09-30T21:21:21+00:00,http://www.fnx.co.il/sites/docs/genery/mediniut_ashkaa_tzfuia/pension2025.xlsx,policy/companies/520023185/raw/520023185/97fb416365f0_pension2025.xlsx,מקיפה-פנסיונרים החל מ-1.1.18
520023185,,,520023185|מקיפה-פנסיונרים החל מ-1.1.18|מספר מסלול באוצר 12119,מספר מסלול באוצר 12119,2025,"אג""ח מיועדות ורכיב מבטיח תשואה(***)",,,60.0,0.05,55.0,65.0,,,מקיפה-פנסיונרים החל מ-1.1.18,2026-09-30T21:21:21+00:00,http://www.fnx.co.il/sites/docs/genery/mediniut_ashkaa_tzfuia/pension2025.xlsx,policy/companies/520023185/raw/520023185/97fb416365f0_pension2025.xlsx,מקיפה-פנסיונרים החל מ-1.1.18
520023185,,,520023185|מקיפה-פנסיונרים החל מ-1.1.18|מספר מסלול באוצר 12119,מספר מסלול באוצר 12119,2025,"אג""ח קונצרני (כולל קרנות נאמנות, תעודות סל)",,,16.0,0.06,10.0,22.0,"35% - תל בונד כללי , 20% - תל בונד 60 , 15% - תל בונד 50 , 15% - IBOXX HY - 15%, IBOXX IG",,מקיפה-פנסיונרים החל מ-1.1.18,2026-09-30T21:21:21+00:00,http://www.fnx.co.il/sites/docs/genery/mediniut_ashkaa_tzfuia/pension2025.xlsx,policy/companies/520023185/raw/520023185/97fb416365f0_pension2025.xlsx,מקיפה-פנסיונרים החל מ-1.1.18
520023185,,,520023185|מקיפה-פנסיונרים החל מ-1.1.18|מספר מסלול באוצר 12119,מספר מסלול באוצר 12119,2025,"נדל""ן",,,0.0,0.05,0.0,5.0,,,מקיפה-פנסיונרים החל מ-1.1.18,2026-09-30T21:21:21+00:00,http://www.fnx.co.il/sites/docs/genery/mediniut_ashkaa_tzfuia/pension2025.xlsx,policy/companies/520023185/raw/520023185/97fb416365f0_pension2025.xlsx,מקיפה-פנסיונרים החל מ-1.1.18
520023185,,,520023185|מקיפה-פנסיונרים החל מ-1.1.18|מספר מסלול באוצר 12119,מספר מסלול באוצר 12119,2025,"אחר (קרנות השקעה, Co Invest, תשתיות, גידור)",,,3.0,0.05,0.0,8.0,,,מקיפה-פנסיונרים החל מ-1.1.18,2026-09-30T21:21:21+00:00,http://www.fnx.co.il/sites/docs/genery/mediniut_ashkaa_tzfuia/pension2025.xlsx,policy/companies/520023185/raw/520023185/97fb416365f0_pension2025.xlsx,מקיפה-פנסיונרים החל מ-1.1.18
520023185,,,520023185|מקיפה-פנסיונרים החל מ-1.1.18|מספר מסלול באוצר 12119,מספר מסלול באוצר 12119,2025,מזומנים (*),,,2.0,,,,,,מקיפה-פנסיונרים החל מ-1.1.18,2026-09-30T21:21:21+00:00,http://www.fnx.co.il/sites/docs/genery/mediniut_ashkaa_tzfuia/pension2025.xlsx,policy/companies/520023185/raw/520023185/97fb416365f0_pension2025.xlsx,מקיפה-פנסיונרים החל מ-1.1.18
520023185,,,520023185|מקיפה-פנסיונרים החל מ-1.1.18|מספר מסלול באוצר 12119,מספר מסלול באוצר 12119,2025,"חשיפה למט""ח",fx,,12.0,0.06,6.0,18.0,,,מקיפה-פנסיונרים החל מ-1.1.18,2026-09-30T21:21:21+00:00,http://www.fnx.co.il/sites/docs/genery/mediniut_ashkaa_tzfuia/pension2025.xlsx,policy/companies/520023185/raw/520023185/97fb416365f0_pension2025.xlsx,מקיפה-פנסיונרים החל מ-1.1.18
520023185,,,520023185|מקיפה-פנסיונרים החל מ-1.1.18|מספר מסלול באוצר 12119,מספר מסלול באוצר 12119,2025,מגבלת עמלת ניהול חיצוני לשנת 2024,,,0.2,,,,,,מקיפה-פנסיונרים החל מ-1.1.18,2026-09-30T21:21:21+00:00,http://www.fnx.co.il/sites/docs/genery/mediniut_ashkaa_tzfuia/pension2025.xlsx,policy/companies/520023185/raw/520023185/97fb416365f0_pension2025.xlsx,מקיפה-פנסיונרים החל מ-1.1.18
520023185,,,520023185|משלימה - מסלו השקעה למקבלי קצבה|מספר מסלול באוצר 12120,מספר מסלול באוצר 12120,2025,"מניות (תעודות סל, אופציות, קרנות נאמנות)",equity,,11.0,0.06,11.0,23.0,"35%- מדד ת""א 125 ,   65%- MSCI WORLD AC",,משלימה - מסלו השקעה למקבלי קצבה,2026-09-30T21:21:21+00:00,http://www.fnx.co.il/sites/docs/genery/mediniut_ashkaa_tzfuia/pension2025.xlsx,policy/companies/520023185/raw/520023185/97fb416365f0_pension2025.xlsx,משלימה - מסלו השקעה למקבלי קצבה
520023185,,,520023185|משלימה - מסלו השקעה למקבלי קצבה|מספר מסלול באוצר 12120,מספר מסלול באוצר 12120,2025,"אג""ח ממשלתי (צמוד, שקלי ומט""ח), ממשלות זרות בנטרול חשיפות בנגזרים",,,35.0,0.05,35.0,45.0,"מדד אג""ח ממשלתי כללי",,משלימה - מסלו השקעה למקבלי קצבה,2026-09-30T21:21:21+00:00,http://www.fnx.co.il/sites/docs/genery/mediniut_ashkaa_tzfuia/pension2025.xlsx,policy/companies/520023185/raw/520023185/97fb416365f0_pension2025.xlsx,משלימה - מסלו השקעה למקבלי קצבה
520023185,,,520023185|משלימה - מסלו השקעה למקבלי קצבה|מספר מסלול באוצר 12120,מספר מסלול באוצר 12120,2025,"אג""ח קונצרני (כולל קרנות נאמנות, תעודות סל)",,,33.0,0.06,33.0,45.0,"35% - תל בונד כללי , 20% - תל בונד 60 , 15% - תל בונד 50 , 15% - IBOXX HY - 15%, IBOXX IG",,משלימה - מסלו השקעה למקבלי קצבה,2026-09-30T21:21:21+00:00,http://www.fnx.co.il/sites/docs/genery/mediniut_ashkaa_tzfuia/pension2025.xlsx,policy/companies/520023185/raw/520023185/97fb416365f0_pension2025.xlsx,משלימה - מסלו השקעה למקבלי קצבה
520023185,,,520023185|משלימה - מסלו השקעה למקבלי קצבה|מספר מסלול באוצר 12120,מספר מסלול באוצר 12120,2025,"נדל""ן",,,0.0,0.05,0.0,5.0,,,משלימה - מסלו השקעה למקבלי קצבה,2026-09-30T21:21:21+00:00,http://www.fnx.co.il/sites/docs/genery/mediniut_ashkaa_tzfuia/pension2025.xlsx,policy/companies/520023185/raw/520023185/97fb416365f0_pension2025.xlsx,משלימה - מסלו השקעה למקבלי קצבה
520023185,,,520023185|משלימה - מסלו השקעה למקבלי קצבה|מספר מסלול באוצר 12120,מספר מסלול באוצר 12120,2025,"אחר (קרנות השקעה, Co Invest, תשתיות, גידור)",,,0.0,0.05,0.0,6.0,,,משלימה - מסלו השקעה למקבלי קצבה,2026-09-30T21:21:21+00:00,http://www.fnx.co.il/sites/docs/genery/mediniut_ashkaa_tzfuia/pension2025.xlsx,policy/companies/520023185/raw/520023185/97fb416365f0_pension2025.xlsx,משלימה - מסלו השקעה למקבלי קצבה
520023185,,,520023185|משלימה - מסלו השקעה למקבלי קצבה|מספר מסלול באוצר 12120,מספר מסלול באוצר 12120,2025,"חשיפה למט""ח",fx,,9.0,0.06,9.0,21.0,,,משלימה - מסלו השקעה למקבלי קצבה,2026-09-30T21:21:21+00:00,http://www.fnx.co.il/sites/docs/genery/mediniut_ashkaa_tzfuia/pension2025.xlsx,policy/companies/520023185/raw/520023185/97fb416365f0_pension2025.xlsx,משלימה - מסלו השקעה למקבלי קצבה
520023185,,,520023185|משלימה - מסלו השקעה למקבלי קצבה|מספר מסלול באוצר 2202,מספר מסלול באוצר 2202,2025,"אג""ח ממשלתי (צמוד, שקלי ומט""ח), ממשלות זרות בנטרול חשיפות בנגזרים",,,90.0,0.05,90.0,100.0,"מדד אג""ח ממשלתי כללי",,משלימה - מסלו השקעה למקבלי קצבה,2026-09-30T21:21:21+00:00,http://www.fnx.co.il/sites/docs/genery/mediniut_ashkaa_tzfuia/pension2025.xlsx,policy/companies/520023185/raw/520023185/97fb416365f0_pension2025.xlsx,משלימה - מסלו השקעה למקבלי קצבה
520023185,,,520023185|משלימה - מסלו השקעה למקבלי קצבה|מספר מסלול באוצר 2202,מספר מסלול באוצר 2202,2025,"חשיפה למט""ח",fx,,0.0,0.06,0.0,6.0,,,משלימה - מסלו השקעה למקבלי קצבה,2026-09-30T21:21:21+00:00,http://www.fnx.co.il/sites/docs/genery/mediniut_ashkaa_tzfuia/pension2025.xlsx,policy/companies/520023185/raw/520023185/97fb416365f0_pension2025.xlsx,משלימה - מסלו השקעה למקבלי קצבה
520023185,,,520023185|פנסיית יסוד|מספר מסלול באוצר 347,מספר מסלול באוצר 347,2025,"מניות (תעודות סל, אופציות, קרנות נאמנות)",equity,,11.0,0.06,11.0,23.0,"40%- מדד ת""א 125 ,   60%- MSCI WORLD AC",,פנסיית יסוד,2026-09-30T21:21:21+00:00,http://www.fnx.co.il/sites/docs/genery/mediniut_ashkaa_tzfuia/pension2025.xlsx,policy/companies/520023185/raw/520023185/97fb416365f0_pension2025.xlsx,פנסיית יסוד
520023185,,,520023185|פנסיית יסוד|מספר מסלול באוצר 347,מספר מסלול באוצר 347,2025,"אג""ח ממשלתי (צמוד, שקלי ומט""ח), ממשלות זרות בנטרול חשיפות בנגזרים",,,6.0,0.05,6.0,16.0,"מדד אג""ח ממשלתי כללי",,פנסיית יסוד,2026-09-30T21:21:21+00:00,http://www.fnx.co.il/sites/docs/genery/mediniut_ashkaa_tzfuia/pension2025.xlsx,policy/companies/520023185/raw/520023185/97fb416365f0_pension2025.xlsx,פנסיית יסוד
520023185,,,520023185|פנסיית יסוד|מספר מסלול באוצר 347,מספר מסלול באוצר 347,2025,"אג""ח מיועדות ורכיב מבטיח תשואה(***)",,,25.0,0.05,25.0,35.0,,,פנסיית יסוד,2026-09-30T21:21:21+00:00,http://www.fnx.co.il/sites/docs/genery/mediniut_ashkaa_tzfuia/pension2025.xlsx,policy/companies/520023185/raw/520023185/97fb416365f0_pension2025.xlsx,פנסיית יסוד
520023185,,,520023185|פנסיית יסוד|מספר מסלול באוצר 347,מספר מסלול באוצר 347,2025,"אג""ח קונצרני (כולל קרנות נאמנות, תעודות סל)",,,18.0,0.06,18.0,30.0,"35% - תל בונד כללי , 20% - תל בונד 60 , 15% - תל בונד 50 , 15% - IBOXX HY - 15%, IBOXX IG",,פנסיית יסוד,2026-09-30T21:21:21+00:00,http://www.fnx.co.il/sites/docs/genery/mediniut_ashkaa_tzfuia/pension2025.xlsx,policy/companies/520023185/raw/520023185/97fb416365f0_pension2025.xlsx,פנסיית יסוד
520023185,,,520023185|פנסיית יסוד|מספר מסלול באוצר 347,מספר מסלול באוצר 347,2025,קרנות השקעה,,,0.0,0.05,0.0,9.0,,,פנסיית יסוד,2026-09-30T21:21:21+00:00,http://www.fnx.co.il/sites/docs/genery/mediniut_ashkaa_tzfuia/pension2025.xlsx,policy/companies/520023185/raw/520023185/97fb416365f0_pension2025.xlsx,פנסיית יסוד
520023185,,,520023185|פנסיית יסוד|מספר מסלול באוצר 347,מספר מסלול באוצר 347,2025,"אחר (Co Invest, תשתיות, גידור, נדל""ן)",,,5.0,0.05,5.0,15.0,,,פנסיית יסוד,2026-09-30T21:21:21+00:00,http://www.fnx.co.il/sites/docs/genery/mediniut_ashkaa_tzfuia/pension2025.xlsx,policy/companies/520023185/raw/520023185/97fb416365f0_pension2025.xlsx,פנסיית יסוד
520023185,,,520023185|פנסיית יסוד|מספר מסלול באוצר 347,מספר מסלול באוצר 347,2025,"חשיפה למט""ח",fx,,11.0,0.06,11.0,23.0,,,פנסיית יסוד,2026-09-30T21:21:21+00:00,http://www.fnx.co.il/sites/docs/genery/mediniut_ashkaa_tzfuia/pension2025.xlsx,policy/companies/520023185/raw/520023185/97fb416365f0_pension2025.xlsx,פנסיית יסוד
520023185,,,520023185|פנסיית יסוד|הפניקס פנסיה מקיפה מסלול כללי,הפניקס פנסיה מקיפה מסלול כללי,2025,"מניות (כולל תעודות סל, אופציות, קרנות נאמנות)",equity,,,+/- 6%,28.0,40.0,,,פנסיית יסוד,2026-09-30T21:21:21+00:00,http://www.fnx.co.il/sites/docs/genery/mediniut_ashkaa_tzfuia/pension2025.xlsx,policy/companies/520023185/raw/520023185/97fb416365f0_pension2025.xlsx,פנסיית יסוד
520023185,,,520023185|פנסיית יסוד|הפניקס פנסיה מקיפה מסלול כללי,הפניקס פנסיה מקיפה מסלול כללי,2025,"אג""ח ממשלתי (צמוד, שקלי ומט""ח), ממשלות זרות בנטרול חשיפות בנגזרים1",,,,+/- 5%,33.0,43.0,,,פנסיית יסוד,2026-09-30T21:21:21+00:00,http://www.fnx.co.il/sites/docs/genery/mediniut_ashkaa_tzfuia/pension2025.xlsx,policy/companies/520023185/raw/520023185/97fb416365f0_pension2025.xlsx,פנסיית יסוד
520023185,,,520023185|פנסיית יסוד|הפניקס פנסיה מקיפה מסלול כללי,הפניקס פנסיה מקיפה מסלול כללי,2025,"אג""ח קונצרני (קרנות נאמנות, תעודות סל)",,,,+/- 6%,17.0,29.0,,,פנסיית יסוד,2026-09-30T21:21:21+00:00,http://www.fnx.co.il/sites/docs/genery/mediniut_ashkaa_tzfuia/pension2025.xlsx,policy/companies/520023185/raw/520023185/97fb416365f0_pension2025.xlsx,פנסיית יסוד
520023185,,,520023185|פנסיית יסוד|הפניקס פנסיה מקיפה מסלול כללי,הפניקס פנסיה מקיפה מסלול כללי,2025,"נדל""ן",,,,+/- 5%,0.0,9.0,,,פנסיית יסוד,2026-09-30T21:21:21+00:00,http://www.fnx.co.il/sites/docs/genery/mediniut_ashkaa_tzfuia/pension2025.xlsx,policy/companies/520023185/raw/520023185/97fb416365f0_pension2025.xlsx,פנסיית יסוד
520023185,,,520023185|פנסיית יסוד|הפניקס פנסיה מקיפה מסלול כללי,הפניקס פנסיה מקיפה מסלול כללי,2025,"אחר (קרנות השקעה, PE, VC, קרדיט, גידור)",,,,+/- 5%,0.0,5.0,,,פנסיית יסוד,2026-09-30T21:21:21+00:00,http://www.fnx.co.il/sites/docs/genery/mediniut_ashkaa_tzfuia/pension2025.xlsx,policy/companies/520023185/raw/520023185/97fb416365f0_pension2025.xlsx,פנסיית יסוד
520023185,,,520023185|פנסיית יסוד|הפניקס פנסיה מקיפה מסלול כללי,הפניקס פנסיה מקיפה מסלול כללי,2025,מזומנים (בנטרול נגזרים),,,,+/- 5%,0.0,6.0,,,פנסיית יסוד,2026-09-30T21:21:21+00:00,http://www.fnx.co.il/sites/docs/genery/mediniut_ashkaa_tzfuia/pension2025.xlsx,policy/companies/520023185/raw/520023185/97fb416365f0_pension2025.xlsx,פנסיית יסוד
520023185,,,520023185|פנסיית יסוד|הפניקס פנסיה מקיפה מסלול כללי,הפניקס פנסיה מקיפה מסלול כללי,2025,"חשיפה למט""ח",fx,,,+/- 6%,10.0,22.0,,,פנסיית יסוד,2026-09-30T21:21:21+00:00,http://www.fnx.co.il/sites/docs/genery/mediniut_ashkaa_tzfuia/pension2025.xlsx,policy/companies/520023185/raw/520023185/97fb416365f0_pension2025.xlsx,פנסיית יסוד
520023185,,,520023185|עמיתי דור ביניים|מספר מסלול באוצר 3471,מספר מסלול באוצר 3471,2025,"מניות (תעודות סל, אופציות, קרנות נאמנות)",equity,,12.0,0.06,12.0,24.0,"40%- מדד ת""א 125 ,   60%- MSCI WORLD AC",,עמיתי דור ביניים,2026-09-30T21:21:21+00:00,http://www.fnx.co.il/sites/docs/genery/mediniut_ashkaa_tzfuia/pension2025.xlsx,policy/companies/520023185/raw/520023185/97fb416365f0_pension2025.xlsx,עמיתי דור ביניים
520023185,,,520023185|עמיתי דור ביניים|מספר מסלול באוצר 3471,מספר מסלול באוצר 3471,2025,"אג""ח ממשלתי (צמוד, שקלי ומט""ח), ממשלות זרות בנטרול חשיפות בנגזרים",,,11.0,0.05,11.0,21.0,"מדד אג""ח ממשלתי כללי",,עמיתי דור ביניים,2026-09-30T21:21:21+00:00,http://www.fnx.co.il/sites/docs/genery/mediniut_ashkaa_tzfuia/pension2025.xlsx,policy/companies/520023185/raw/520023185/97fb416365f0_pension2025.xlsx,עמיתי דור ביניים
520023185,,,520023185|עמיתי דור ביניים|מספר מסלול באוצר 3471,מספר מסלול באוצר 3471,2025,"אג""ח מיועדות ורכיב מבטיח תשואה(***)",,,25.0,0.05,25.0,35.0,,,עמיתי דור ביניים,2026-09-30T21:21:21+00:00,http://www.fnx.co.il/sites/docs/genery/mediniut_ashkaa_tzfuia/pension2025.xlsx,policy/companies/520023185/raw/520023185/97fb416365f0_pension2025.xlsx,עמיתי דור ביניים
520023185,,,520023185|עמיתי דור ביניים|מספר מסלול באוצר 3471,מספר מסלול באוצר 3471,2025,"אג""ח קונצרני (כולל קרנות נאמנות, תעודות סל)",,,24.0,0.06,24.0,36.0,"35% - תל בונד כללי , 20% - תל בונד 60 , 15% - תל בונד 50 , 15% - IBOXX HY - 15%, IBOXX IG",,עמיתי דור ביניים,2026-09-30T21:21:21+00:00,http://www.fnx.co.il/sites/docs/genery/mediniut_ashkaa_tzfuia/pension2025.xlsx,policy/companies/520023185/raw/520023185/97fb416365f0_pension2025.xlsx,עמיתי דור ביניים
520023185,,,520023185|עמיתי דור ביניים|מספר מסלול באוצר 3471,מספר מסלול באוצר 3471,2025,"אחר (קרנות השקעה,Co Invest, תשתיות, גידור,נדלן)",,,0.0,0.05,0.0,7.0,,,עמיתי דור ביניים,2026-09-30T21:21:21+00:00,http://www.fnx.co.il/sites/docs/genery/mediniut_ashkaa_tzfuia/pension2025.xlsx,policy/companies/520023185/raw/520023185/97fb416365f0_pension2025.xlsx,עמיתי דור ביניים
520023185,,,520023185|עמיתי דור ביניים|מספר מסלול באוצר 3471,מספר מסלול באוצר 3471,2025,"חשיפה למט""ח",fx,,8.0,0.06,8.0,20.0,,,עמיתי דור ביניים,2026-09-30T21:21:21+00:00,http://www.fnx.co.il/sites/docs/genery/mediniut_ashkaa_tzfuia/pension2025.xlsx,policy/companies/520023185/raw/520023185/97fb416365f0_pension2025.xlsx,עמיתי דור ביניים
520023185,,,520023185|עמיתי דור ביניים|הפניקס פנסיה מקיפה מסלול כללי,הפניקס פנסיה מקיפה מסלול כללי,2025,"מניות (כולל תעודות סל, אופציות, קרנות נאמנות)",equity,33.32,,+/- 6%,28.0,40.0,,,עמיתי דור ביניים,2026-09-30T21:21:21+00:00,http://www.fnx.co.il/sites/docs/genery/mediniut_ashkaa_tzfuia/pension2025.xlsx,policy/companies/520023185/raw/520023185/97fb416365f0_pension2025.xlsx,עמיתי דור ביניים
520023185,,,520023185|עמיתי דור ביניים|הפניקס פנסיה מקיפה מסלול כללי,הפניקס פנסיה מקיפה מסלול כללי,2025,"אג""ח ממשלתי (צמוד, שקלי ומט""ח), ממשלות זרות בנטרול חשיפות בנגזרים1",,35.97,,+/- 5%,33.0,43.0,,,עמיתי דור ביניים,2026-09-30T21:21:21+00:00,http://www.fnx.co.il/sites/docs/genery/mediniut_ashkaa_tzfuia/pension2025.xlsx,policy/companies/520023185/raw/520023185/97fb416365f0_pension2025.xlsx,עמיתי דור ביניים
520023185,,,520023185|עמיתי דור ביניים|הפניקס פנסיה מקיפה מסלול כללי,הפניקס פנסיה מקיפה מסלול כללי,2025,"אג""ח מיועדות",,29.71,,,,,,,עמיתי דור ביניים,2026-09-30T21:21:21+00:00,http://www.fnx.co.il/sites/docs/genery/mediniut_ashkaa_tzfuia/pension2025.xlsx,policy/companies/520023185/raw/520023185/97fb416365f0_pension2025.xlsx,עמיתי דור ביניים
520023185,,,520023185|עמיתי דור ביניים|הפניקס פנסיה מקיפה מסלול כללי,הפניקס פנסיה מקיפה מסלול כללי,2025,"אג""ח קונצרני (קרנות נאמנות, תעודות סל)",,25.51,,+/- 6%,17.0,29.0,,,עמיתי דור ביניים,2026-09-30T21:21:21+00:00,http://www.fnx.co.il/sites/docs/genery/mediniut_ashkaa_tzfuia/pension2025.xlsx,policy/companies/520023185/raw/520023185/97fb416365f0_pension2025.xlsx,עמיתי דור ביניים
520023185,,,520023185|עמיתי דור ביניים|הפניקס פנסיה מקיפה מסלול כללי,הפניקס פנסיה מקיפה מסלול כללי,2025,"נדל""ן",,3.88,,+/- 5%,0.0,9.0,,,עמיתי דור ביניים,2026-09-30T21:21:21+00:00,http://www.fnx.co.il/sites/docs/genery/mediniut_ashkaa_tzfuia/pension2025.xlsx,policy/companies/520023185/raw/520023185/97fb416365f0_pension2025.xlsx,עמיתי דור ביניים
520023185,,,520023185|עמיתי דור ביניים|הפניקס פנסיה מקיפה מסלול כללי,הפניקס פנסיה מקיפה מסלול כללי,2025,"אחר (קרנות השקעה, PE, VC, קרדיט, גידור)",,0.61,,+/- 5%,0.0,5.0,,,עמיתי דור ביניים,2026-09-30T21:21:21+00:00,http://www.fnx.co.il/sites/docs/genery/mediniut_ashkaa_tzfuia/pension2025.xlsx,policy/companies/520023185/raw/520023185/97fb416365f0_pension2025.xlsx,עמיתי דור ביניים
520023185,,,520023185|עמיתי דור ביניים|הפניקס פנסיה מקיפה מסלול כללי,הפניקס פנסיה מקיפה מסלול כללי,2025,מזומנים (בנטרול נגזרים),,0.75,,+/- 5%,0.0,6.0,,,עמיתי דור ביניים,2026-09-30T21:21:21+00:00,http://www.fnx.co.il/sites/docs/genery/mediniut_ashkaa_tzfuia/pension2025.xlsx,policy/companies/520023185/raw/520023185/97fb416365f0_pension2025.xlsx,עמיתי דור ביניים
520023185,,,520023185|עמיתי דור ביניים|הפניקס פנסיה מקיפה מסלול כללי,הפניקס פנסיה מקיפה מסלול כללי,2025,"חשיפה למט""ח",fx,16.78,,+/- 6%,10.0,22.0,,,עמיתי דור ביניים,2026-09-30T21:21:21+00:00,http://www.fnx.co.il/sites/docs/genery/mediniut_ashkaa_tzfuia/pension2025.xlsx,policy/companies/520023185/raw/520023185/97fb416365f0_pension2025.xlsx,עמיתי דור ביניים
520023185,,,520023185|מגן|מספר מסלול באוצר 325,מספר מסלול באוצר 325,2025,"מניות (תעודות סל, אופציות, קרנות נאמנות)",equity,,12.0,0.06,12.0,24.0,"40%- מדד ת""א 125 ,   60%- MSCI WORLD AC",,מגן,2026-09-30T21:21:21+00:00,http://www.fnx.co.il/sites/docs/genery/mediniut_ashkaa_tzfuia/pension2025.xlsx,policy/companies/520023185/raw/520023185/97fb416365f0_pension2025.xlsx,מגן
520023185,,,520023185|מגן|מספר מסלול באוצר 325,מספר מסלול באוצר 325,2025,"אג""ח ממשלתי (צמוד, שקלי ומט""ח), ממשלות זרות בנטרול חשיפות בנגזרים",,,21.0,0.05,21.0,31.0,"מדד אג""ח ממשלתי כללי",,מגן,2026-09-30T21:21:21+00:00,http://www.fnx.co.il/sites/docs/genery/mediniut_ashkaa_tzfuia/pension2025.xlsx,policy/companies/520023185/raw/520023185/97fb416365f0_pension2025.xlsx,מגן
520023185,,,520023185|מגן|מספר מסלול באוצר 325,מספר מסלול באוצר 325,2025,"אג""ח מיועדות ורכיב מבטיח תשואה(***)",,,25.0,0.05,25.0,35.0,,,מגן,2026-09-30T21:21:21+00:00,http://www.fnx.co.il/sites/docs/genery/mediniut_ashkaa_tzfuia/pension2025.xlsx,policy/companies/520023185/raw/520023185/97fb416365f0_pension2025.xlsx,מגן
520023185,,,520023185|מגן|מספר מסלול באוצר 325,מספר מסלול באוצר 325,2025,"אג""ח קונצרני (קרנות נאמנות, תעודות סל)",,,6.0,0.06,6.0,18.0,"35% - תל בונד כללי , 20% - תל בונד 60 , 15% - תל בונד 50 , 15% - IBOXX HY - 15%, IBOXX IG",,מגן,2026-09-30T21:21:21+00:00,http://www.fnx.co.il/sites/docs/genery/mediniut_ashkaa_tzfuia/pension2025.xlsx,policy/companies/520023185/raw/520023185/97fb416365f0_pension2025.xlsx,מגן
520023185,,,520023185|מגן|מספר מסלול באוצר 325,מספר מסלול באוצר 325,2025,"אחר (קרנות השקעה, Co Invest, תשתיות, גידור)",,,4.0,0.05,4.0,14.0,,,מגן,2026-09-30T21:21:21+00:00,http://www.fnx.co.il/sites/docs/genery/mediniut_ashkaa_tzfuia/pension2025.xlsx,policy/companies/520023185/raw/520023185/97fb416365f0_pension2025.xlsx,מגן
520023185,,,520023185|מגן|מספר מסלול באוצר 325,מספר מסלול באוצר 325,2025,"חשיפה למט""ח",fx,,10.0,0.06,10.0,22.0,,,מגן,2026-09-30T21:21:21+00:00,http://www.fnx.co.il/sites/docs/genery/mediniut_ashkaa_tzfuia/pension2025.xlsx,policy/companies/520023185/raw/520023185/97fb416365f0_pension2025.xlsx,מגן
520023185,,,520023185|קרן גמלאות של עורכי דין|מספר מסלול באוצר 389,מספר מסלול באוצר 389,2025,"מניות (תעודות סל, אופציות, קרנות נאמנות)",equity,,11.0,0.06,11.0,23.0,"40%- מדד ת""א 125 ,   60%- MSCI WORLD AC",,קרן גמלאות של עורכי דין,2026-09-30T21:21:21+00:00,http://www.fnx.co.il/sites/docs/genery/mediniut_ashkaa_tzfuia/pension2025.xlsx,policy/companies/520023185/raw/520023185/97fb416365f0_pension2025.xlsx,קרן גמלאות של עורכי דין
520023185,,,520023185|קרן גמלאות של עורכי דין|מספר מסלול באוצר 389,מספר מסלול באוצר 389,2025,"אג""ח ממשלתי (צמוד, שקלי ומט""ח), ממשלות זרות בנטרול חשיפות בנגזרים",,,27.0,0.05,27.0,37.0,"מדד אג""ח ממשלתי כללי",,קרן גמלאות של עורכי דין,2026-09-30T21:21:21+00:00,http://www.fnx.co.il/sites/docs/genery/mediniut_ashkaa_tzfuia/pension2025.xlsx,policy/companies/520023185/raw/520023185/97fb416365f0_pension2025.xlsx,קרן גמלאות של עורכי דין
520023185,,,520023185|קרן גמלאות של עורכי דין|מספר מסלול באוצר 389,מספר מסלול באוצר 389,2025,"אג""ח מיועדות ורכיב מבטיח תשואה(***)",,,25.0,0.05,25.0,35.0,,,קרן גמלאות של עורכי דין,2026-09-30T21:21:21+00:00,http://www.fnx.co.il/sites/docs/genery/mediniut_ashkaa_tzfuia/pension2025.xlsx,policy/companies/520023185/raw/520023185/97fb416365f0_pension2025.xlsx,קרן גמלאות של עורכי דין
520023185,,,520023185|קרן גמלאות של עורכי דין|מספר מסלול באוצר 389,מספר מסלול באוצר 389,2025,"אג""ח קונצרני (קרנות נאמנות, תעודות סל)",,,3.0,0.06,3.0,15.0,"35% - תל בונד כללי , 20% - תל בונד 60 , 15% - תל בונד 50 , 15% - IBOXX HY - 15%, IBOXX IG",,קרן גמלאות של עורכי דין,2026-09-30T21:21:21+00:00,http://www.fnx.co.il/sites/docs/genery/mediniut_ashkaa_tzfuia/pension2025.xlsx,policy/companies/520023185/raw/520023185/97fb416365f0_pension2025.xlsx,קרן גמלאות של עורכי דין
520023185,,,520023185|קרן גמלאות של עורכי דין|מספר מסלול באוצר 389,מספר מסלול באוצר 389,2025,"אחר (נדלן, קרנות השקעה, Co Invest, תשתיות, גידור)",,,2.0,0.05,2.0,12.0,,,קרן גמלאות של עורכי דין,2026-09-30T21:21:21+00:00,http://www.fnx.co.il/sites/docs/genery/mediniut_ashkaa_tzfuia/pension2025.xlsx,policy/companies/520023185/raw/520023185/97fb416365f0_pension2025.xlsx,קרן גמלאות של עורכי דין
520023185,,,520023185|קרן גמלאות של עורכי דין|מספר מסלול באוצר 389,מספר מסלול באוצר 389,2025,"חשיפה למט""ח",fx,,6.0,0.06,6.0,18.0,,,קרן גמלאות של עורכי דין,2026-09-30T21:21:21+00:00,http://www.fnx.co.il/sites/docs/genery/mediniut_ashkaa_tzfuia/pension2025.xlsx,policy/companies/520023185/raw/520023185/97fb416365f0_pension2025.xlsx,קרן גמלאות של עורכי דין
520023185,,,520023185|גמל להשקעה|הפניקס גמל להשקעה עד 15%,הפניקס גמל להשקעה עד 15%,2024,"מניות (כולל תעודות סל, אופציות, קרנות נאמנות)",equity,,9.0,0.06,3.0,15.0,"40%- מדד ת""א 125 ,   60%- MSCI WORLD AC",,גמל להשקעה,2026-09-30T21:21:21+00:00,http://www.fnx.co.il/sites/docs/genery/mediniut_ashkaa_tzfuia/gemel2024-update0224.xls,policy/companies/520023185/raw/520023185/ee7a6838e4d5_gemel2024-update0224.xls,גמל להשקעה
520023185,,,520023185|גמל להשקעה|הפניקס גמל להשקעה עד 15%,הפניקס גמל להשקעה עד 15%,2024,"אג""ח ממשלתי (צמוד, שקלי ומט""ח), 
ממשלות זרות בנטרול חשיפות בנגזרים",,,25.0,0.05,20.0,30.0,"מדד אג""ח ממשלתי כללי",,גמל להשקעה,2026-09-30T21:21:21+00:00,http://www.fnx.co.il/sites/docs/genery/mediniut_ashkaa_tzfuia/gemel2024-update0224.xls,policy/companies/520023185/raw/520023185/ee7a6838e4d5_gemel2024-update0224.xls,גמל להשקעה
520023185,,,520023185|גמל להשקעה|הפניקס גמל להשקעה עד 15%,הפניקס גמל להשקעה עד 15%,2024,"אג""ח קונצרני (כולל קרנות נאמנות, תעודות סל)",,,56.0,0.06,50.0,62.0,"35% - תל בונד כללי , 20% - תל בונד 60 , 15% - תל בונד 50 , 15% - IBOXX HY - 15%, IBOXX IG",,גמל להשקעה,2026-09-30T21:21:21+00:00,http://www.fnx.co.il/sites/docs/genery/mediniut_ashkaa_tzfuia/gemel2024-update0224.xls,policy/companies/520023185/raw/520023185/ee7a6838e4d5_gemel2024-update0224.xls,גמל להשקעה
520023185,,,520023185|גמל להשקעה|הפניקס גמל להשקעה עד 15%,הפניקס גמל להשקעה עד 15%,2024,"אחר ( Co Invest, נדל""ן, קרנות השקעהתשתיות, גידור)",,,5.0,0.05,0.0,10.0,,,גמל להשקעה,2026-09-30T21:21:21+00:00,http://www.fnx.co.il/sites/docs/genery/mediniut_ashkaa_tzfuia/gemel2024-update0224.xls,policy/companies/520023185/raw/520023185/ee7a6838e4d5_gemel2024-update0224.xls,גמל להשקעה
520023185,,,520023185|גמל להשקעה|הפניקס גמל להשקעה עד 15%,הפניקס גמל להשקעה עד 15%,2024,מזומנים (*),,,5.0,,5.0,5.0,,,גמל להשקעה,2026-09-30T21:21:21+00:00,http://www.fnx.co.il/sites/docs/genery/mediniut_ashkaa_tzfuia/gemel2024-update0224.xls,policy/companies/520023185/raw/520023185/ee7a6838e4d5_gemel2024-update0224.xls,גמל להשקעה
520023185,,,520023185|גמל להשקעה|הפניקס גמל להשקעה עד 15%,הפניקס גמל להשקעה עד 15%,2024,"חשיפה למט""ח",fx,,16.0,0.06,10.0,22.0,,,גמל להשקעה,2026-09-30T21:21:21+00:00,http://www.fnx.co.il/sites/docs/genery/mediniut_ashkaa_tzfuia/gemel2024-update0224.xls,policy/companies/520023185/raw/520023185/ee7a6838e4d5_gemel2024-update0224.xls,גמל להשקעה
520023185,,,520023185|גמל להשקעה|הפניקס גמל להשקעה עד 15%,הפניקס גמל להשקעה עד 15%,2024,מגבלת עמלת ניהול חיצוני לשנת 2024,,,0.15,,,,,,גמל להשקעה,2026-09-30T21:21:21+00:00,http://www.fnx.co.il/sites/docs/genery/mediniut_ashkaa_tzfuia/gemel2024-update0224.xls,policy/companies/520023185/raw/520023185/ee7a6838e4d5_gemel2024-update0224.xls,גמל להשקעה
520023185,,,520023185|גמל להשקעה|הפניקס גמל להשקעה אג ח ללא מניות,הפניקס גמל להשקעה אג ח ללא מניות,2024,"מניות (כולל תעודות סל, אופציות, קרנות נאמנות)",equity,,1.0,0.06,0.0,7.0,"40%- מדד ת""א 125 ,   60%- MSCI WORLD AC",,גמל להשקעה,2026-09-30T21:21:21+00:00,http://www.fnx.co.il/sites/docs/genery/mediniut_ashkaa_tzfuia/gemel2024-update0224.xls,policy/companies/520023185/raw/520023185/ee7a6838e4d5_gemel2024-update0224.xls,גמל להשקעה
520023185,,,520023185|גמל להשקעה|הפניקס גמל להשקעה אג ח ללא מניות,הפניקס גמל להשקעה אג ח ללא מניות,2024,"אג""ח ממשלתי (צמוד, שקלי ומט""ח), 
ממשלות זרות בנטרול חשיפות בנגזרים",,,29.0,0.05,24.0,34.0,"מדד אג""ח ממשלתי כללי",,גמל להשקעה,2026-09-30T21:21:21+00:00,http://www.fnx.co.il/sites/docs/genery/mediniut_ashkaa_tzfuia/gemel2024-update0224.xls,policy/companies/520023185/raw/520023185/ee7a6838e4d5_gemel2024-update0224.xls,גמל להשקעה
520023185,,,520023185|גמל להשקעה|הפניקס גמל להשקעה אג ח ללא מניות,הפניקס גמל להשקעה אג ח ללא מניות,2024,"אג""ח קונצרני (כולל קרנות נאמנות, תעודות סל)",,,62.0,0.06,56.0,68.0,"35% - תל בונד כללי , 20% - תל בונד 60 , 15% - תל בונד 50 , 15% - IBOXX HY - 15%, IBOXX IG",,גמל להשקעה,2026-09-30T21:21:21+00:00,http://www.fnx.co.il/sites/docs/genery/mediniut_ashkaa_tzfuia/gemel2024-update0224.xls,policy/companies/520023185/raw/520023185/ee7a6838e4d5_gemel2024-update0224.xls,גמל להשקעה
520023185,,,520023185|גמל להשקעה|הפניקס גמל להשקעה אג ח ללא מניות,הפניקס גמל להשקעה אג ח ללא מניות,2024,"אחר ( Co Invest, נדל""ן, קרנות השקעהתשתיות, גידור)",,,3.0,0.05,0.0,8.0,,,גמל להשקעה,2026-09-30T21:21:21+00:00,http://www.fnx.co.il/sites/docs/genery/mediniut_ashkaa_tzfuia/gemel2024-update0224.xls,policy/companies/520023185/raw/520023185/ee7a6838e4d5_gemel2024-update0224.xls,גמל להשקעה
520023185,,,520023185|גמל להשקעה|הפניקס גמל להשקעה אג ח ללא מניות,הפניקס גמל להשקעה אג ח ללא מניות,2024,מזומנים (*),,,5.0,,5.0,5.0,,,גמל להשקעה,2026-09-30T21:21:21+00:00,http://www.fnx.co.il/sites/docs/genery/mediniut_ashkaa_tzfuia/gemel2024-update0224.xls,policy/companies/520023185/raw/520023185/ee7a6838e4d5_gemel2024-update0224.xls,גמל להשקעה
520023185,,,520023185|גמל להשקעה|הפניקס גמל להשקעה אג ח ללא מניות,הפניקס גמל להשקעה אג ח ללא מניות,2024,"חשיפה למט""ח",fx,,14.0,0.06,8.0,20.0,,,גמל להשקעה,2026-09-30T21:21:21+00:00,http://www.fnx.co.il/sites/docs/genery/mediniut_ashkaa_tzfuia/gemel2024-update0224.xls,policy/companies/520023185/raw/520023185/ee7a6838e4d5_gemel2024-update0224.xls,גמל להשקעה
520023185,,,520023185|גמל להשקעה|הפניקס גמל להשקעה אג ח ללא מניות,הפניקס גמל להשקעה אג ח ללא מניות,2024,מגבלת עמלת ניהול חיצוני לשנת 2024,,,0.05,,,,,,גמל להשקעה,2026-09-30T21:21:21+00:00,http://www.fnx.co.il/sites/docs/genery/mediniut_ashkaa_tzfuia/gemel2024-update0224.xls,policy/companies/520023185/raw/520023185/ee7a6838e4d5_gemel2024-update0224.xls,גמל להשקעה
520023185,,,520023185|גמל להשקעה|הפניקס גמל להשקעה שקלי טווח קצר,הפניקס גמל להשקעה שקלי טווח קצר,2024,"אג""ח ממשלתי (צמוד, שקלי ומט""ח), 
ממשלות זרות בנטרול חשיפות בנגזרים",,,75.0,0.05,70.0,80.0,"מדד אג""ח ממשלתי כללי",,גמל להשקעה,2026-09-30T21:21:21+00:00,http://www.fnx.co.il/sites/docs/genery/mediniut_ashkaa_tzfuia/gemel2024-update0224.xls,policy/companies/520023185/raw/520023185/ee7a6838e4d5_gemel2024-update0224.xls,גמל להשקעה
520023185,,,520023185|גמל להשקעה|הפניקס גמל להשקעה שקלי טווח קצר,הפניקס גמל להשקעה שקלי טווח קצר,2024,"אג""ח קונצרני (כולל קרנות נאמנות, תעודות סל)",,,24.0,0.06,18.0,30.0,"35% - תל בונד כללי , 20% - תל בונד 60 , 15% - תל בונד 50 , 15% - IBOXX HY - 15%, IBOXX IG",,גמל להשקעה,2026-09-30T21:21:21+00:00,http://www.fnx.co.il/sites/docs/genery/mediniut_ashkaa_tzfuia/gemel2024-update0224.xls,policy/companies/520023185/raw/520023185/ee7a6838e4d5_gemel2024-update0224.xls,גמל להשקעה
520023185,,,520023185|גמל להשקעה|הפניקס גמל להשקעה שקלי טווח קצר,הפניקס גמל להשקעה שקלי טווח קצר,2024,מזומנים (*),,,1.0,,1.0,1.0,,,גמל להשקעה,2026-09-30T21:21:21+00:00,http://www.fnx.co.il/sites/docs/genery/mediniut_ashkaa_tzfuia/gemel2024-update0224.xls,policy/companies/520023185/raw/520023185/ee7a6838e4d5_gemel2024-update0224.xls,גמל להשקעה
520023185,,,520023185|גמל להשקעה|הפניקס גמל להשקעה שקלי טווח קצר,הפניקס גמל להשקעה שקלי טווח קצר,2024,"חשיפה למט""ח",fx,,0.0,0.06,0.0,6.0,,,גמל להשקעה,2026-09-30T21:21:21+00:00,http://www.fnx.co.il/sites/docs/genery/mediniut_ashkaa_tzfuia/gemel2024-update0224.xls,policy/companies/520023185/raw/520023185/ee7a6838e4d5_gemel2024-update0224.xls,גמל להשקעה
520023185,,,520023185|גמל להשקעה|הפניקס גמל להשקעה שקלי טווח קצר,הפניקס גמל להשקעה שקלי טווח קצר,2024,מגבלת עמלת ניהול חיצוני לשנת 2024,,,0.05,,,,,,גמל להשקעה,2026-09-30T21:21:21+00:00,http://www.fnx.co.il/sites/docs/genery/mediniut_ashkaa_tzfuia/gemel2024-update0224.xls,policy/companies/520023185/raw/520023185/ee7a6838e4d5_gemel2024-update0224.xls,גמל להשקעה
520023185,,,520023185|גמל להשקעה|הפניקס גמל להשקעה מניות,הפניקס גמל להשקעה מניות,2024,"מניות (כולל תעודות סל, אופציות, קרנות נאמנות)",equity,,94.0,0.06,88.0,100.0,"40%- מדד ת""א 125 ,   60%- MSCI WORLD AC",,גמל להשקעה,2026-09-30T21:21:21+00:00,http://www.fnx.co.il/sites/docs/genery/mediniut_ashkaa_tzfuia/gemel2024-update0224.xls,policy/companies/520023185/raw/520023185/ee7a6838e4d5_gemel2024-update0224.xls,גמל להשקעה
520023185,,,520023185|גמל להשקעה|הפניקס גמל להשקעה מניות,הפניקס גמל להשקעה מניות,2024,"אג""ח ממשלתי (צמוד, שקלי ומט""ח), 
ממשלות זרות בנטרול חשיפות בנגזרים",,,3.0,0.05,-2.0,8.0,"מדד אג""ח ממשלתי כללי",,גמל להשקעה,2026-09-30T21:21:21+00:00,http://www.fnx.co.il/sites/docs/genery/mediniut_ashkaa_tzfuia/gemel2024-update0224.xls,policy/companies/520023185/raw/520023185/ee7a6838e4d5_gemel2024-update0224.xls,גמל להשקעה
520023185,,,520023185|גמל להשקעה|הפניקס גמל להשקעה מניות,הפניקס גמל להשקעה מניות,2024,"אחר ( Co Invest, נדל""ן, קרנות השקעהתשתיות, גידור)",,,1.0,0.05,0.0,6.0,,,גמל להשקעה,2026-09-30T21:21:21+00:00,http://www.fnx.co.il/sites/docs/genery/mediniut_ashkaa_tzfuia/gemel2024-update0224.xls,policy/companies/520023185/raw/520023185/ee7a6838e4d5_gemel2024-update0224.xls,גמל להשקעה
520023185,,,520023185|גמל להשקעה|הפניקס גמל להשקעה מניות,הפניקס גמל להשקעה מניות,2024,מזומנים (*),,,2.0,,2.0,2.0,,,גמל להשקעה,2026-09-30T21:21:21+00:00,http://www.fnx.co.il/sites/docs/genery/mediniut_ashkaa_tzfuia/gemel2024-update0224.xls,policy/companies/520023185/raw/520023185/ee7a6838e4d5_gemel2024-update0224.xls,גמל להשקעה
520023185,,,520023185|גמל להשקעה|הפניקס גמל להשקעה מניות,הפניקס גמל להשקעה מניות,2024,"חשיפה למט""ח",fx,,29.0,0.06,23.0,35.0,,,גמל להשקעה,2026-09-30T21:21:21+00:00,http://www.fnx.co.il/sites/docs/genery/mediniut_ashkaa_tzfuia/gemel2024-update0224.xls,policy/companies/520023185/raw/520023185/ee7a6838e4d5_gemel2024-update0224.xls,גמל להשקעה
520023185,,,520023185|גמל להשקעה|הפניקס גמל להשקעה מניות,הפניקס גמל להשקעה מניות,2024,מגבלת עמלת ניהול חיצוני לשנת 2024,,,0.15,,,,,,גמל להשקעה,2026-09-30T21:21:21+00:00,http://www.fnx.co.il/sites/docs/genery/mediniut_ashkaa_tzfuia/gemel2024-update0224.xls,policy/companies/520023185/raw/520023185/ee7a6838e4d5_gemel2024-update0224.xls,גמל להשקעה
520023185,,,520023185|גמל להשקעה|הפניקס גמל להשקעה כללי פאסיבי,הפניקס גמל להשקעה כללי פאסיבי,2024,"מניות (כולל תעודות סל, אופציות, קרנות נאמנות)",equity,,44.0,0.06,38.0,50.0,MSCI WORLD AC,,גמל להשקעה,2026-09-30T21:21:21+00:00,http://www.fnx.co.il/sites/docs/genery/mediniut_ashkaa_tzfuia/gemel2024-update0224.xls,policy/companies/520023185/raw/520023185/ee7a6838e4d5_gemel2024-update0224.xls,גמל להשקעה
520023185,,,520023185|גמל להשקעה|הפניקס גמל להשקעה כללי פאסיבי,הפניקס גמל להשקעה כללי פאסיבי,2024,"אג""ח ממשלתי (צמוד, שקלי ומט""ח), 
ממשלות זרות בנטרול חשיפות בנגזרים",,,18.0,0.05,13.0,23.0,US TREASURY - 7years,,גמל להשקעה,2026-09-30T21:21:21+00:00,http://www.fnx.co.il/sites/docs/genery/mediniut_ashkaa_tzfuia/gemel2024-update0224.xls,policy/companies/520023185/raw/520023185/ee7a6838e4d5_gemel2024-update0224.xls,גמל להשקעה
520023185,,,520023185|גמל להשקעה|הפניקס גמל להשקעה כללי פאסיבי,הפניקס גמל להשקעה כללי פאסיבי,2024,"אג""ח קונצרני (כולל קרנות נאמנות, תעודות סל)",,,31.0,0.06,25.0,37.0,"50% - IBOXX HY - 50%, IBOXX IG",,גמל להשקעה,2026-09-30T21:21:21+00:00,http://www.fnx.co.il/sites/docs/genery/mediniut_ashkaa_tzfuia/gemel2024-update0224.xls,policy/companies/520023185/raw/520023185/ee7a6838e4d5_gemel2024-update0224.xls,גמל להשקעה
520023185,,,520023185|גמל להשקעה|הפניקס גמל להשקעה כללי פאסיבי,הפניקס גמל להשקעה כללי פאסיבי,2024,מזומנים (*),,,7.0,,7.0,7.0,,,גמל להשקעה,2026-09-30T21:21:21+00:00,http://www.fnx.co.il/sites/docs/genery/mediniut_ashkaa_tzfuia/gemel2024-update0224.xls,policy/companies/520023185/raw/520023185/ee7a6838e4d5_gemel2024-update0224.xls,גמל להשקעה
520023185,,,520023185|גמל להשקעה|הפניקס גמל להשקעה כללי פאסיבי,הפניקס גמל להשקעה כללי פאסיבי,2024,"חשיפה למט""ח",fx,,95.0,0.06,89.0,101.0,,,גמל להשקעה,2026-09-30T21:21:21+00:00,http://www.fnx.co.il/sites/docs/genery/mediniut_ashkaa_tzfuia/gemel2024-update0224.xls,policy/companies/520023185/raw/520023185/ee7a6838e4d5_gemel2024-update0224.xls,גמל להשקעה
520023185,,,520023185|גמל להשקעה|הפניקס גמל להשקעה כללי פאסיבי,הפניקס גמל להשקעה כללי פאסיבי,2024,מגבלת עמלת ניהול חיצוני לשנת 2024,,,0.15,,,,,,גמל להשקעה,2026-09-30T21:21:21+00:00,http://www.fnx.co.il/sites/docs/genery/mediniut_ashkaa_tzfuia/gemel2024-update0224.xls,policy/companies/520023185/raw/520023185/ee7a6838e4d5_gemel2024-update0224.xls,גמל להשקעה
520023185,,,520023185|גמל להשקעה|הפניקס גמל להשקעה מניות פאסיבי,הפניקס גמל להשקעה מניות פאסיבי,2024,"מניות (כולל תעודות סל, אופציות, קרנות נאמנות)",equity,,94.0,0.06,88.0,100.0,"מדד ת""א 125 ,",,גמל להשקעה,2026-09-30T21:21:21+00:00,http://www.fnx.co.il/sites/docs/genery/mediniut_ashkaa_tzfuia/gemel2024-update0224.xls,policy/companies/520023185/raw/520023185/ee7a6838e4d5_gemel2024-update0224.xls,גמל להשקעה
520023185,,,520023185|גמל להשקעה|הפניקס גמל להשקעה מניות פאסיבי,הפניקס גמל להשקעה מניות פאסיבי,2024,מזומנים (*),,,6.0,,6.0,6.0,,,גמל להשקעה,2026-09-30T21:21:21+00:00,http://www.fnx.co.il/sites/docs/genery/mediniut_ashkaa_tzfuia/gemel2024-update0224.xls,policy/companies/520023185/raw/520023185/ee7a6838e4d5_gemel2024-update0224.xls,גמל להשקעה
520023185,,,520023185|גמל להשקעה|הפניקס גמל להשקעה מניות פאסיבי,הפניקס גמל להשקעה מניות פאסיבי,2024,"חשיפה למט""ח",fx,,5.0,0.06,0.0,11.0,,,גמל להשקעה,2026-09-30T21:21:21+00:00,http://www.fnx.co.il/sites/docs/genery/mediniut_ashkaa_tzfuia/gemel2024-update0224.xls,policy/companies/520023185/raw/520023185/ee7a6838e4d5_gemel2024-update0224.xls,גמל להשקעה
520023185,,,520023185|גמל להשקעה|הפניקס גמל להשקעה מניות פאסיבי,הפניקס גמל להשקעה מניות פאסיבי,2024,מגבלת עמלת ניהול חיצוני לשנת 2024,,,0.1,,,,,,גמל להשקעה,2026-09-30T21:21:21+00:00,http://www.fnx.co.il/sites/docs/genery/mediniut_ashkaa_tzfuia/gemel2024-update0224.xls,policy/companies/520023185/raw/520023185/ee7a6838e4d5_gemel2024-update0224.xls,גמל להשקעה
520023185,,,520023185|גמל להשקעה|הפניקס גמל להשקעה מחקה מדד s&p 500,הפניקס גמל להשקעה מחקה מדד s&p 500,2024,"מניות (כולל תעודות סל, אופציות, קרנות נאמנות)",equity,,94.0,0.06,88.0,100.0,s&p 500,,גמל להשקעה,2026-09-30T21:21:21+00:00,http://www.fnx.co.il/sites/docs/genery/mediniut_ashkaa_tzfuia/gemel2024-update0224.xls,policy/companies/520023185/raw/520023185/ee7a6838e4d5_gemel2024-update0224.xls,גמל להשקעה
520023185,,,520023185|גמל להשקעה|הפניקס גמל להשקעה מחקה מדד s&p 500,הפניקס גמל להשקעה מחקה מדד s&p 500,2024,מזומנים (*),,,6.0,,6.0,6.0,,,גמל להשקעה,2026-09-30T21:21:21+00:00,http://www.fnx.co.il/sites/docs/genery/mediniut_ashkaa_tzfuia/gemel2024-update0224.xls,policy/companies/520023185/raw/520023185/ee7a6838e4d5_gemel2024-update0224.xls,גמל להשקעה
520023185,,,520023185|גמל להשקעה|הפניקס גמל להשקעה מחקה מדד s&p 500,הפניקס גמל להשקעה מחקה מדד s&p 500,2024,"חשיפה למט""ח",fx,,96.0,0.06,90.0,102.0,,,גמל להשקעה,2026-09-30T21:21:21+00:00,http://www.fnx.co.il/sites/docs/genery/mediniut_ashkaa_tzfuia/gemel2024-update0224.xls,policy/companies/520023185/raw/520023185/ee7a6838e4d5_gemel2024-update0224.xls,גמל להשקעה
520023185,,,520023185|גמל להשקעה|הפניקס גמל להשקעה מחקה מדד s&p 500,הפניקס גמל להשקעה מחקה מדד s&p 500,2024,מגבלת עמלת ניהול חיצוני לשנת 2024,,,0.05,,,,,,גמל להשקעה,2026-09-30T21:21:21+00:00,http://www.fnx.co.il/sites/docs/genery/mediniut_ashkaa_tzfuia/gemel2024-update0224.xls,policy/companies/520023185/raw/520023185/ee7a6838e4d5_gemel2024-update0224.xls,גמל להשקעה
520023185,,,520023185|גמל להשקעה|הפניקס גמל להשקעה שריעה,הפניקס גמל להשקעה שריעה,2024,"מניות (כולל תעודות סל, אופציות, קרנות נאמנות)",equity,,92.0,0.06,86.0,98.0,s&p 500,,גמל להשקעה,2026-09-30T21:21:21+00:00,http://www.fnx.co.il/sites/docs/genery/mediniut_ashkaa_tzfuia/gemel2024-update0224.xls,policy/companies/520023185/raw/520023185/ee7a6838e4d5_gemel2024-update0224.xls,גמל להשקעה
520023185,,,520023185|גמל להשקעה|הפניקס גמל להשקעה שריעה,הפניקס גמל להשקעה שריעה,2024,מזומנים (*),,,8.0,,8.0,8.0,,,גמל להשקעה,2026-09-30T21:21:21+00:00,http://www.fnx.co.il/sites/docs/genery/mediniut_ashkaa_tzfuia/gemel2024-update0224.xls,policy/companies/520023185/raw/520023185/ee7a6838e4d5_gemel2024-update0224.xls,גמל להשקעה
520023185,,,520023185|גמל להשקעה|הפניקס גמל להשקעה שריעה,הפניקס גמל להשקעה שריעה,2024,"חשיפה למט""ח",fx,,94.0,0.06,88.0,100.0,,,גמל להשקעה,2026-09-30T21:21:21+00:00,http://www.fnx.co.il/sites/docs/genery/mediniut_ashkaa_tzfuia/gemel2024-update0224.xls,policy/companies/520023185/raw/520023185/ee7a6838e4d5_gemel2024-update0224.xls,גמל להשקעה
520023185,,,520023185|גמל להשקעה|הפניקס גמל להשקעה שריעה,הפניקס גמל להשקעה שריעה,2024,מגבלת עמלת ניהול חיצוני לשנת 2024,,,0.05,,,,,,גמל להשקעה,2026-09-30T21:21:21+00:00,http://www.fnx.co.il/sites/docs/genery/mediniut_ashkaa_tzfuia/gemel2024-update0224.xls,policy/companies/520023185/raw/520023185/ee7a6838e4d5_gemel2024-update0224.xls,גמל להשקעה
520023185,,,520023185|חיסכון לכל ילד|הפניקס חסכון לילד סיכון מועט,הפניקס חסכון לילד סיכון מועט,2024,"מניות (כולל תעודות סל, אופציות, קרנות נאמנות)",equity,,1.0,0.06,0.0,7.0,"40%- מדד ת""א 125 ,   60%- MSCI WORLD AC",,חיסכון לכל ילד,2026-09-30T21:21:21+00:00,http://www.fnx.co.il/sites/docs/genery/mediniut_ashkaa_tzfuia/gemel2024-update0224.xls,policy/companies/520023185/raw/520023185/ee7a6838e4d5_gemel2024-update0224.xls,חיסכון לכל ילד
520023185,,,520023185|חיסכון לכל ילד|הפניקס חסכון לילד סיכון מועט,הפניקס חסכון לילד סיכון מועט,2024,"אג""ח ממשלתי (צמוד, שקלי ומט""ח), 
ממשלות זרות בנטרול חשיפות בנגזרים",,,33.0,0.05,28.0,38.0,"מדד אג""ח ממשלתי כללי",,חיסכון לכל ילד,2026-09-30T21:21:21+00:00,http://www.fnx.co.il/sites/docs/genery/mediniut_ashkaa_tzfuia/gemel2024-update0224.xls,policy/companies/520023185/raw/520023185/ee7a6838e4d5_gemel2024-update0224.xls,חיסכון לכל ילד
520023185,,,520023185|חיסכון לכל ילד|הפניקס חסכון לילד סיכון מועט,הפניקס חסכון לילד סיכון מועט,2024,"אג""ח קונצרני (כולל קרנות נאמנות, תעודות סל)",,,56.0,0.06,50.0,62.0,"35% - תל בונד כללי , 20% - תל בונד 60 , 15% - תל בונד 50 , 15% - IBOXX HY - 15%, IBOXX IG",,חיסכון לכל ילד,2026-09-30T21:21:21+00:00,http://www.fnx.co.il/sites/docs/genery/mediniut_ashkaa_tzfuia/gemel2024-update0224.xls,policy/companies/520023185/raw/520023185/ee7a6838e4d5_gemel2024-update0224.xls,חיסכון לכל ילד
520023185,,,520023185|חיסכון לכל ילד|הפניקס חסכון לילד סיכון מועט,הפניקס חסכון לילד סיכון מועט,2024,"אחר ( Co Invest, נדל""ן, קרנות השקעהתשתיות, גידור)",,,3.0,0.05,0.0,8.0,,,חיסכון לכל ילד,2026-09-30T21:21:21+00:00,http://www.fnx.co.il/sites/docs/genery/mediniut_ashkaa_tzfuia/gemel2024-update0224.xls,policy/companies/520023185/raw/520023185/ee7a6838e4d5_gemel2024-update0224.xls,חיסכון לכל ילד
520023185,,,520023185|חיסכון לכל ילד|הפניקס חסכון לילד סיכון מועט,הפניקס חסכון לילד סיכון מועט,2024,מזומנים (*),,,7.0,,2.0,2.0,,,חיסכון לכל ילד,2026-09-30T21:21:21+00:00,http://www.fnx.co.il/sites/docs/genery/mediniut_ashkaa_tzfuia/gemel2024-update0224.xls,policy/companies/520023185/raw/520023185/ee7a6838e4d5_gemel2024-update0224.xls,חיסכון לכל ילד
520023185,,,520023185|חיסכון לכל ילד|הפניקס חסכון לילד סיכון מועט,הפניקס חסכון לילד סיכון מועט,2024,"חשיפה למט""ח",fx,,12.0,0.06,6.0,18.0,,,חיסכון לכל ילד,2026-09-30T21:21:21+00:00,http://www.fnx.co.il/sites/docs/genery/mediniut_ashkaa_tzfuia/gemel2024-update0224.xls,policy/companies/520023185/raw/520023185/ee7a6838e4d5_gemel2024-update0224.xls,חיסכון לכל ילד
520023185,,,520023185|חיסכון לכל ילד|הפניקס חסכון לילד סיכון מועט,הפניקס חסכון לילד סיכון מועט,2024,מגבלת עמלת ניהול חיצוני לשנת 2024,,,0.1,,,,,,חיסכון לכל ילד,2026-09-30T21:21:21+00:00,http://www.fnx.co.il/sites/docs/genery/mediniut_ashkaa_tzfuia/gemel2024-update0224.xls,policy/companies/520023185/raw/520023185/ee7a6838e4d5_gemel2024-update0224.xls,חיסכון לכל ילד
520023185,,,520023185|חיסכון לכל ילד|הפניקס חסכון לילד סיכון מוגבר,הפניקס חסכון לילד סיכון מוגבר,2024,"מניות (כולל תעודות סל, אופציות, קרנות נאמנות)",equity,,94.0,0.06,88.0,100.0,"40%- מדד ת""א 125 ,   60%- MSCI WORLD AC",,חיסכון לכל ילד,2026-09-30T21:21:21+00:00,http://www.fnx.co.il/sites/docs/genery/mediniut_ashkaa_tzfuia/gemel2024-update0224.xls,policy/companies/520023185/raw/520023185/ee7a6838e4d5_gemel2024-update0224.xls,חיסכון לכל ילד
520023185,,,520023185|חיסכון לכל ילד|הפניקס חסכון לילד סיכון מוגבר,הפניקס חסכון לילד סיכון מוגבר,2024,"אג""ח ממשלתי (צמוד, שקלי ומט""ח), 
ממשלות זרות בנטרול חשיפות בנגזרים",,,1.0,0.05,0.0,6.0,"מדד אג""ח ממשלתי כללי",,חיסכון לכל ילד,2026-09-30T21:21:21+00:00,http://www.fnx.co.il/sites/docs/genery/mediniut_ashkaa_tzfuia/gemel2024-update0224.xls,policy/companies/520023185/raw/520023185/ee7a6838e4d5_gemel2024-update0224.xls,חיסכון לכל ילד
520023185,,,520023185|חיסכון לכל ילד|הפניקס חסכון לילד סיכון מוגבר,הפניקס חסכון לילד סיכון מוגבר,2024,מזומנים (*),,,5.0,,2.0,2.0,,,חיסכון לכל ילד,2026-09-30T21:21:21+00:00,http://www.fnx.co.il/sites/docs/genery/mediniut_ashkaa_tzfuia/gemel2024-update0224.xls,policy/companies/520023185/raw/520023185/ee7a6838e4d5_gemel2024-update0224.xls,חיסכון לכל ילד
520023185,,,520023185|חיסכון לכל ילד|הפניקס חסכון לילד סיכון מוגבר,הפניקס חסכון לילד סיכון מוגבר,2024,"חשיפה למט""ח",fx,,28.0,0.06,22.0,34.0,,,חיסכון לכל ילד,2026-09-30T21:21:21+00:00,http://www.fnx.co.il/sites/docs/genery/mediniut_ashkaa_tzfuia/gemel2024-update0224.xls,policy/companies/520023185/raw/520023185/ee7a6838e4d5_gemel2024-update0224.xls,חיסכון לכל ילד
520023185,,,520023185|חיסכון לכל ילד|הפניקס חסכון לילד סיכון מוגבר,הפניקס חסכון לילד סיכון מוגבר,2024,מגבלת עמלת ניהול חיצוני לשנת 2024,,,0.1,,,,,,חיסכון לכל ילד,2026-09-30T21:21:21+00:00,http://www.fnx.co.il/sites/docs/genery/mediniut_ashkaa_tzfuia/gemel2024-update0224.xls,policy/companies/520023185/raw/520023185/ee7a6838e4d5_gemel2024-update0224.xls,חיסכון לכל ילד
520023185,,,520023185|חיסכון לכל ילד|הפניקס חסכון לילד שריעה,הפניקס חסכון לילד שריעה,2024,"מניות (כולל תעודות סל, אופציות, קרנות נאמנות)",equity,,92.0,0.06,86.0,98.0,s&p 500,,חיסכון לכל ילד,2026-09-30T21:21:21+00:00,http://www.fnx.co.il/sites/docs/genery/mediniut_ashkaa_tzfuia/gemel2024-update0224.xls,policy/companies/520023185/raw/520023185/ee7a6838e4d5_gemel2024-update0224.xls,חיסכון לכל ילד
520023185,,,520023185|חיסכון לכל ילד|הפניקס חסכון לילד שריעה,הפניקס חסכון לילד שריעה,2024,מזומנים (*),,,8.0,,2.0,2.0,,,חיסכון לכל ילד,2026-09-30T21:21:21+00:00,http://www.fnx.co.il/sites/docs/genery/mediniut_ashkaa_tzfuia/gemel2024-update0224.xls,policy/companies/520023185/raw/520023185/ee7a6838e4d5_gemel2024-update0224.xls,חיסכון לכל ילד
520023185,,,520023185|חיסכון לכל ילד|הפניקס חסכון לילד שריעה,הפניקס חסכון לילד שריעה,2024,"חשיפה למט""ח",fx,,100.0,0.06,94.0,106.0,,,חיסכון לכל ילד,2026-09-30T21:21:21+00:00,http://www.fnx.co.il/sites/docs/genery/mediniut_ashkaa_tzfuia/gemel2024-update0224.xls,policy/companies/520023185/raw/520023185/ee7a6838e4d5_gemel2024-update0224.xls,חיסכון לכל ילד
520023185,,,520023185|חיסכון לכל ילד|הפניקס חסכון לילד שריעה,הפניקס חסכון לילד שריעה,2024,מגבלת עמלת ניהול חיצוני לשנת 2024,,,0.05,,,,,,חיסכון לכל ילד,2026-09-30T21:21:21+00:00,http://www.fnx.co.il/sites/docs/genery/mediniut_ashkaa_tzfuia/gemel2024-update0224.xls,policy/companies/520023185/raw/520023185/ee7a6838e4d5_gemel2024-update0224.xls,חיסכון לכל ילד
520023185,,,520023185|חיסכון לכל ילד|הפניקס חסכון לילד סיכון בינוני,הפניקס חסכון לילד סיכון בינוני,2024,"מניות (כולל תעודות סל, אופציות, קרנות נאמנות)",equity,,42.0,0.06,36.0,48.0,"40%- מדד ת""א 125 ,   60%- MSCI WORLD AC",,חיסכון לכל ילד,2026-09-30T21:21:21+00:00,http://www.fnx.co.il/sites/docs/genery/mediniut_ashkaa_tzfuia/gemel2024-update0224.xls,policy/companies/520023185/raw/520023185/ee7a6838e4d5_gemel2024-update0224.xls,חיסכון לכל ילד
520023185,,,520023185|חיסכון לכל ילד|הפניקס חסכון לילד סיכון בינוני,הפניקס חסכון לילד סיכון בינוני,2024,"אג""ח ממשלתי (צמוד, שקלי ומט""ח), 
ממשלות זרות בנטרול חשיפות בנגזרים",,,13.0,0.05,8.0,18.0,"מדד אג""ח ממשלתי כללי",,חיסכון לכל ילד,2026-09-30T21:21:21+00:00,http://www.fnx.co.il/sites/docs/genery/mediniut_ashkaa_tzfuia/gemel2024-update0224.xls,policy/companies/520023185/raw/520023185/ee7a6838e4d5_gemel2024-update0224.xls,חיסכון לכל ילד
520023185,,,520023185|חיסכון לכל ילד|הפניקס חסכון לילד סיכון בינוני,הפניקס חסכון לילד סיכון בינוני,2024,"אג""ח קונצרני (כולל קרנות נאמנות, תעודות סל)",,,40.0,0.06,34.0,46.0,"35% - תל בונד כללי , 20% - תל בונד 60 , 15% - תל בונד 50 , 15% - IBOXX HY - 15%, IBOXX IG",,חיסכון לכל ילד,2026-09-30T21:21:21+00:00,http://www.fnx.co.il/sites/docs/genery/mediniut_ashkaa_tzfuia/gemel2024-update0224.xls,policy/companies/520023185/raw/520023185/ee7a6838e4d5_gemel2024-update0224.xls,חיסכון לכל ילד
520023185,,,520023185|חיסכון לכל ילד|הפניקס חסכון לילד סיכון בינוני,הפניקס חסכון לילד סיכון בינוני,2024,"אחר ( Co Invest, נדל""ן, קרנות השקעהתשתיות, גידור)",,,1.0,0.05,0.0,6.0,,,חיסכון לכל ילד,2026-09-30T21:21:21+00:00,http://www.fnx.co.il/sites/docs/genery/mediniut_ashkaa_tzfuia/gemel2024-update0224.xls,policy/companies/520023185/raw/520023185/ee7a6838e4d5_gemel2024-update0224.xls,חיסכון לכל ילד
520023185,,,520023185|חיסכון לכל ילד|הפניקס חסכון לילד סיכון בינוני,הפניקס חסכון לילד סיכון בינוני,2024,מזומנים (*),,,4.0,0.05,0.0,9.0,,,חיסכון לכל ילד,2026-09-30T21:21:21+00:00,http://www.fnx.co.il/sites/docs/genery/mediniut_ashkaa_tzfuia/gemel2024-update0224.xls,policy/companies/520023185/raw/520023185/ee7a6838e4d5_gemel2024-update0224.xls,חיסכון לכל ילד
520023185,,,520023185|חיסכון לכל ילד|הפניקס חסכון לילד סיכון בינוני,הפניקס חסכון לילד סיכון בינוני,2024,"חשיפה למט""ח",fx,,22.0,0.06,16.0,28.0,,,חיסכון לכל ילד,2026-09-30T21:21:21+00:00,http://www.fnx.co.il/sites/docs/genery/mediniut_ashkaa_tzfuia/gemel2024-update0224.xls,policy/companies/520023185/raw/520023185/ee7a6838e4d5_gemel2024-update0224.xls,חיסכון לכל ילד
520023185,,,520023185|חיסכון לכל ילד|הפניקס חסכון לילד סיכון בינוני,הפניקס חסכון לילד סיכון בינוני,2024,מגבלת עמלת ניהול חיצוני לשנת 2024,,,0.1,,,,,,חיסכון לכל ילד,2026-09-30T21:21:21+00:00,http://www.fnx.co.il/sites/docs/genery/mediniut_ashkaa_tzfuia/gemel2024-update0224.xls,policy/companies/520023185/raw/520023185/ee7a6838e4d5_gemel2024-update0224.xls,חיסכון לכל ילד
520023185,,,520023185|גמל להשקעה אשכול 1 - אקטיבי|מספר מסלול באוצר 7908,מספר מסלול באוצר 7908,2024,"מניות (כולל תעודות סל, אופציות, קרנות נאמנות)",equity,43.0,43.0,0.06,37.0,49.0,"40%- מדד ת""א 125 ,   60%- MSCI WORLD AC",,גמל להשקעה אשכול 1 - אקטיבי,2026-09-30T21:21:21+00:00,http://www.fnx.co.il/sites/docs/genery/mediniut_ashkaa_tzfuia/gemel2024-update0724.xls,policy/companies/520023185/raw/520023185/e94b1ddc1118_gemel2024-update0724.xls,גמל להשקעה אשכול 1 - אקטיבי
520023185,,,520023185|גמל להשקעה אשכול 1 - אקטיבי|מספר מסלול באוצר 7908,מספר מסלול באוצר 7908,2024,"אג""ח ממשלתי (צמוד, שקלי ומט""ח), 
ממשלות זרות בנטרול חשיפות בנגזרים",,14.0,18.0,0.05,13.0,23.0,"מדד אג""ח ממשלתי כללי",,גמל להשקעה אשכול 1 - אקטיבי,2026-09-30T21:21:21+00:00,http://www.fnx.co.il/sites/docs/genery/mediniut_ashkaa_tzfuia/gemel2024-update0724.xls,policy/companies/520023185/raw/520023185/e94b1ddc1118_gemel2024-update0724.xls,גמל להשקעה אשכול 1 - אקטיבי
520023185,,,520023185|גמל להשקעה אשכול 1 - אקטיבי|מספר מסלול באוצר 7908,מספר מסלול באוצר 7908,2024,"אג""ח קונצרני (כולל קרנות נאמנות, תעודות סל)",,33.0,31.0,0.06,25.0,37.0,"35% - תל בונד כללי , 20% - תל בונד 60 , 15% - תל בונד 50 , 15% - IBOXX HY - 15%, IBOXX IG",,גמל להשקעה אשכול 1 - אקטיבי,2026-09-30T21:21:21+00:00,http://www.fnx.co.il/sites/docs/genery/mediniut_ashkaa_tzfuia/gemel2024-update0724.xls,policy/companies/520023185/raw/520023185/e94b1ddc1118_gemel2024-update0724.xls,גמל להשקעה אשכול 1 - אקטיבי
520023185,,,520023185|גמל להשקעה אשכול 1 - אקטיבי|מספר מסלול באוצר 7908,מספר מסלול באוצר 7908,2024,"אחר ( Co Invest, נדל""ן, קרנות השקעה,תשתיות, גידור)",,5.0,4.0,0.05,0.0,9.0,,,גמל להשקעה אשכול 1 - אקטיבי,2026-09-30T21:21:21+00:00,http://www.fnx.co.il/sites/docs/genery/mediniut_ashkaa_tzfuia/gemel2024-update0724.xls,policy/companies/520023185/raw/520023185/e94b1ddc1118_gemel2024-update0724.xls,גמל להשקעה אשכול 1 - אקטיבי
520023185,,,520023185|גמל להשקעה אשכול 1 - אקטיבי|מספר מסלול באוצר 7908,מספר מסלול באוצר 7908,2024,מזומנים (*),,5.0,4.0,0.05,0.0,9.0,,,גמל להשקעה אשכול 1 - אקטיבי,2026-09-30T21:21:21+00:00,http://www.fnx.co.il/sites/docs/genery/mediniut_ashkaa_tzfuia/gemel2024-update0724.xls,policy/companies/520023185/raw/520023185/e94b1ddc1118_gemel2024-update0724.xls,גמל להשקעה אשכול 1 - אקטיבי
520023185,,,520023185|גמל להשקעה אשכול 1 - אקטיבי|מספר מסלול באוצר 7908,מספר מסלול באוצר 7908,2024,"חשיפה למט""ח",fx,14.0,24.0,0.06,18.0,30.0,,,גמל להשקעה אשכול 1 - אקטיבי,2026-09-30T21:21:21+00:00,http://www.fnx.co.il/sites/docs/genery/mediniut_ashkaa_tzfuia/gemel2024-update0724.xls,policy/companies/520023185/raw/520023185/e94b1ddc1118_gemel2024-update0724.xls,גמל להשקעה אשכול 1 - אקטיבי
520023185,,,520023185|גמל להשקעה אשכול 1 - אקטיבי|מספר מסלול באוצר 7908,מספר מסלול באוצר 7908,2024,מגבלת עמלת ניהול חיצוני לשנת 2024,,,0.25,,,,,,גמל להשקעה אשכול 1 - אקטיבי,2026-09-30T21:21:21+00:00,http://www.fnx.co.il/sites/docs/genery/mediniut_ashkaa_tzfuia/gemel2024-update0724.xls,policy/companies/520023185/raw/520023185/e94b1ddc1118_gemel2024-update0724.xls,גמל להשקעה אשכול 1 - אקטיבי
520023185,,,520023185|גמל להשקעה אשכול 1 - אקטיבי|מספר מסלול באוצר 13209,מספר מסלול באוצר 13209,2024,"אג""ח ממשלתי (צמוד, שקלי ומט""ח), 
ממשלות זרות בנטרול חשיפות בנגזרים",,75.0,75.0,0.05,70.0,80.0,"מדד אג""ח ממשלתי כללי",,גמל להשקעה אשכול 1 - אקטיבי,2026-09-30T21:21:21+00:00,http://www.fnx.co.il/sites/docs/genery/mediniut_ashkaa_tzfuia/gemel2024-update0724.xls,policy/companies/520023185/raw/520023185/e94b1ddc1118_gemel2024-update0724.xls,גמל להשקעה אשכול 1 - אקטיבי
520023185,,,520023185|גמל להשקעה אשכול 1 - אקטיבי|מספר מסלול באוצר 13209,מספר מסלול באוצר 13209,2024,"אג""ח קונצרני (כולל קרנות נאמנות, תעודות סל)",,24.0,24.0,0.06,18.0,30.0,"35% - תל בונד כללי , 20% - תל בונד 60 , 15% - תל בונד 50 , 15% - IBOXX HY - 15%, IBOXX IG",,גמל להשקעה אשכול 1 - אקטיבי,2026-09-30T21:21:21+00:00,http://www.fnx.co.il/sites/docs/genery/mediniut_ashkaa_tzfuia/gemel2024-update0724.xls,policy/companies/520023185/raw/520023185/e94b1ddc1118_gemel2024-update0724.xls,גמל להשקעה אשכול 1 - אקטיבי
520023185,,,520023185|גמל להשקעה אשכול 1 - אקטיבי|מספר מסלול באוצר 13209,מספר מסלול באוצר 13209,2024,מזומנים (*),,1.0,1.0,,,,,,גמל להשקעה אשכול 1 - אקטיבי,2026-09-30T21:21:21+00:00,http://www.fnx.co.il/sites/docs/genery/mediniut_ashkaa_tzfuia/gemel2024-update0724.xls,policy/companies/520023185/raw/520023185/e94b1ddc1118_gemel2024-update0724.xls,גמל להשקעה אשכול 1 - אקטיבי
520023185,,,520023185|גמל להשקעה אשכול 1 - אקטיבי|מספר מסלול באוצר 13209,מספר מסלול באוצר 13209,2024,"חשיפה למט""ח",fx,0.0,0.0,0.06,0.0,6.0,,,גמל להשקעה אשכול 1 - אקטיבי,2026-09-30T21:21:21+00:00,http://www.fnx.co.il/sites/docs/genery/mediniut_ashkaa_tzfuia/gemel2024-update0724.xls,policy/companies/520023185/raw/520023185/e94b1ddc1118_gemel2024-update0724.xls,גמל להשקעה אשכול 1 - אקטיבי
520023185,,,520023185|גמל להשקעה אשכול 1 - אקטיבי|מספר מסלול באוצר 13209,מספר מסלול באוצר 13209,2024,מגבלת עמלת ניהול חיצוני לשנת 2024,,,0.1,,,,,,גמל להשקעה אשכול 1 - אקטיבי,2026-09-30T21:21:21+00:00,http://www.fnx.co.il/sites/docs/genery/mediniut_ashkaa_tzfuia/gemel2024-update0724.xls,policy/companies/520023185/raw/520023185/e94b1ddc1118_gemel2024-update0724.xls,גמל להשקעה אשכול 1 - אקטיבי
520023185,,,520023185|גמל להשקעה אשכול 1 - אקטיבי|מספר מסלול באוצר 7906,מספר מסלול באוצר 7906,2024,"מניות (כולל תעודות סל, אופציות, קרנות נאמנות)",equity,9.0,19.0,0.06,13.0,25.0,"40%- מדד ת""א 125 ,   60%- MSCI WORLD AC",,גמל להשקעה אשכול 1 - אקטיבי,2026-09-30T21:21:21+00:00,http://www.fnx.co.il/sites/docs/genery/mediniut_ashkaa_tzfuia/gemel2024-update0724.xls,policy/companies/520023185/raw/520023185/e94b1ddc1118_gemel2024-update0724.xls,גמל להשקעה אשכול 1 - אקטיבי
520023185,,,520023185|גמל להשקעה אשכול 1 - אקטיבי|מספר מסלול באוצר 7906,מספר מסלול באוצר 7906,2024,"אג""ח ממשלתי (צמוד, שקלי ומט""ח), 
ממשלות זרות בנטרול חשיפות בנגזרים",,25.0,22.0,0.05,17.0,27.0,"מדד אג""ח ממשלתי כללי",,גמל להשקעה אשכול 1 - אקטיבי,2026-09-30T21:21:21+00:00,http://www.fnx.co.il/sites/docs/genery/mediniut_ashkaa_tzfuia/gemel2024-update0724.xls,policy/companies/520023185/raw/520023185/e94b1ddc1118_gemel2024-update0724.xls,גמל להשקעה אשכול 1 - אקטיבי
520023185,,,520023185|גמל להשקעה אשכול 1 - אקטיבי|מספר מסלול באוצר 7906,מספר מסלול באוצר 7906,2024,"אג""ח קונצרני (כולל קרנות נאמנות, תעודות סל)",,56.0,53.0,0.06,47.0,59.0,"35% - תל בונד כללי , 20% - תל בונד 60 , 15% - תל בונד 50 , 15% - IBOXX HY - 15%, IBOXX IG",,גמל להשקעה אשכול 1 - אקטיבי,2026-09-30T21:21:21+00:00,http://www.fnx.co.il/sites/docs/genery/mediniut_ashkaa_tzfuia/gemel2024-update0724.xls,policy/companies/520023185/raw/520023185/e94b1ddc1118_gemel2024-update0724.xls,גמל להשקעה אשכול 1 - אקטיבי
520023185,,,520023185|גמל להשקעה אשכול 1 - אקטיבי|מספר מסלול באוצר 7906,מספר מסלול באוצר 7906,2024,"אחר ( Co Invest, נדל""ן, קרנות השקעהתשתיות, גידור)",,5.0,5.0,0.05,0.0,10.0,,,גמל להשקעה אשכול 1 - אקטיבי,2026-09-30T21:21:21+00:00,http://www.fnx.co.il/sites/docs/genery/mediniut_ashkaa_tzfuia/gemel2024-update0724.xls,policy/companies/520023185/raw/520023185/e94b1ddc1118_gemel2024-update0724.xls,גמל להשקעה אשכול 1 - אקטיבי
520023185,,,520023185|גמל להשקעה אשכול 1 - אקטיבי|מספר מסלול באוצר 7906,מספר מסלול באוצר 7906,2024,מזומנים (*),,5.0,1.0,,,,,,גמל להשקעה אשכול 1 - אקטיבי,2026-09-30T21:21:21+00:00,http://www.fnx.co.il/sites/docs/genery/mediniut_ashkaa_tzfuia/gemel2024-update0724.xls,policy/companies/520023185/raw/520023185/e94b1ddc1118_gemel2024-update0724.xls,גמל להשקעה אשכול 1 - אקטיבי
520023185,,,520023185|גמל להשקעה אשכול 1 - אקטיבי|מספר מסלול באוצר 7906,מספר מסלול באוצר 7906,2024,"חשיפה למט""ח",fx,16.0,16.0,0.06,10.0,22.0,,,גמל להשקעה אשכול 1 - אקטיבי,2026-09-30T21:21:21+00:00,http://www.fnx.co.il/sites/docs/genery/mediniut_ashkaa_tzfuia/gemel2024-update0724.xls,policy/companies/520023185/raw/520023185/e94b1ddc1118_gemel2024-update0724.xls,גמל להשקעה אשכול 1 - אקטיבי
520023185,,,520023185|גמל להשקעה אשכול 1 - אקטיבי|מספר מסלול באוצר 7906,מספר מסלול באוצר 7906,2024,מגבלת עמלת ניהול חיצוני לשנת 2024,,,0.15,,,,,,גמל להשקעה אשכול 1 - אקטיבי,2026-09-30T21:21:21+00:00,http://www.fnx.co.il/sites/docs/genery/mediniut_ashkaa_tzfuia/gemel2024-update0724.xls,policy/companies/520023185/raw/520023185/e94b1ddc1118_gemel2024-update0724.xls,גמל להשקעה אשכול 1 - אקטיבי
520023185,,,520023185|גמל להשקעה אשכול 1 - אקטיבי|מספר מסלול באוצר 7905,מספר מסלול באוצר 7905,2024,"מניות (כולל תעודות סל, אופציות, קרנות נאמנות)",equity,1.0,1.0,0.06,0.0,7.0,"40%- מדד ת""א 125 ,   60%- MSCI WORLD AC",,גמל להשקעה אשכול 1 - אקטיבי,2026-09-30T21:21:21+00:00,http://www.fnx.co.il/sites/docs/genery/mediniut_ashkaa_tzfuia/gemel2024-update0724.xls,policy/companies/520023185/raw/520023185/e94b1ddc1118_gemel2024-update0724.xls,גמל להשקעה אשכול 1 - אקטיבי
520023185,,,520023185|גמל להשקעה אשכול 1 - אקטיבי|מספר מסלול באוצר 7905,מספר מסלול באוצר 7905,2024,"אג""ח ממשלתי (צמוד, שקלי ומט""ח), 
ממשלות זרות בנטרול חשיפות בנגזרים",,29.0,29.0,0.05,24.0,34.0,"מדד אג""ח ממשלתי כללי",,גמל להשקעה אשכול 1 - אקטיבי,2026-09-30T21:21:21+00:00,http://www.fnx.co.il/sites/docs/genery/mediniut_ashkaa_tzfuia/gemel2024-update0724.xls,policy/companies/520023185/raw/520023185/e94b1ddc1118_gemel2024-update0724.xls,גמל להשקעה אשכול 1 - אקטיבי
520023185,,,520023185|גמל להשקעה אשכול 1 - אקטיבי|מספר מסלול באוצר 7905,מספר מסלול באוצר 7905,2024,"אג""ח קונצרני (כולל קרנות נאמנות, תעודות סל)",,62.0,62.0,0.06,56.0,68.0,"35% - תל בונד כללי , 20% - תל בונד 60 , 15% - תל בונד 50 , 15% - IBOXX HY - 15%, IBOXX IG",,גמל להשקעה אשכול 1 - אקטיבי,2026-09-30T21:21:21+00:00,http://www.fnx.co.il/sites/docs/genery/mediniut_ashkaa_tzfuia/gemel2024-update0724.xls,policy/companies/520023185/raw/520023185/e94b1ddc1118_gemel2024-update0724.xls,גמל להשקעה אשכול 1 - אקטיבי
520023185,,,520023185|גמל להשקעה אשכול 1 - אקטיבי|מספר מסלול באוצר 7905,מספר מסלול באוצר 7905,2024,"אחר ( Co Invest, נדל""ן, קרנות השקעהתשתיות, גידור)",,3.0,3.0,0.05,0.0,8.0,,,גמל להשקעה אשכול 1 - אקטיבי,2026-09-30T21:21:21+00:00,http://www.fnx.co.il/sites/docs/genery/mediniut_ashkaa_tzfuia/gemel2024-update0724.xls,policy/companies/520023185/raw/520023185/e94b1ddc1118_gemel2024-update0724.xls,גמל להשקעה אשכול 1 - אקטיבי
520023185,,,520023185|גמל להשקעה אשכול 1 - אקטיבי|מספר מסלול באוצר 7905,מספר מסלול באוצר 7905,2024,מזומנים (*),,5.0,5.0,,,,,,גמל להשקעה אשכול 1 - אקטיבי,2026-09-30T21:21:21+00:00,http://www.fnx.co.il/sites/docs/genery/mediniut_ashkaa_tzfuia/gemel2024-update0724.xls,policy/companies/520023185/raw/520023185/e94b1ddc1118_gemel2024-update0724.xls,גמל להשקעה אשכול 1 - אקטיבי
520023185,,,520023185|גמל להשקעה אשכול 1 - אקטיבי|מספר מסלול באוצר 7905,מספר מסלול באוצר 7905,2024,"חשיפה למט""ח",fx,14.0,14.0,0.06,8.0,20.0,,,גמל להשקעה אשכול 1 - אקטיבי,2026-09-30T21:21:21+00:00,http://www.fnx.co.il/sites/docs/genery/mediniut_ashkaa_tzfuia/gemel2024-update0724.xls,policy/companies/520023185/raw/520023185/e94b1ddc1118_gemel2024-update0724.xls,גמל להשקעה אשכול 1 - אקטיבי
520023185,,,520023185|גמל להשקעה אשכול 1 - אקטיבי|מספר מסלול באוצר 7905,מספר מסלול באוצר 7905,2024,מגבלת עמלת ניהול חיצוני לשנת 2024,,,0.05,,,,,,גמל להשקעה אשכול 1 - אקטיבי,2026-09-30T21:21:21+00:00,http://www.fnx.co.il/sites/docs/genery/mediniut_ashkaa_tzfuia/gemel2024-update0724.xls,policy/companies/520023185/raw/520023185/e94b1ddc1118_gemel2024-update0724.xls,גמל להשקעה אשכול 1 - אקטיבי
520023185,,,520023185|גמל להשקעה אשכול 1 - אקטיבי|מספר מסלול באוצר 7975,מספר מסלול באוצר 7975,2024,"מניות (כולל תעודות סל, אופציות, קרנות נאמנות)",equity,94.0,94.0,0.06,88.0,100.0,"40%- מדד ת""א 125 ,   60%- MSCI WORLD AC",,גמל להשקעה אשכול 1 - אקטיבי,2026-09-30T21:21:21+00:00,http://www.fnx.co.il/sites/docs/genery/mediniut_ashkaa_tzfuia/gemel2024-update0724.xls,policy/companies/520023185/raw/520023185/e94b1ddc1118_gemel2024-update0724.xls,גמל להשקעה אשכול 1 - אקטיבי
520023185,,,520023185|גמל להשקעה אשכול 1 - אקטיבי|מספר מסלול באוצר 7975,מספר מסלול באוצר 7975,2024,"אג""ח ממשלתי (צמוד, שקלי ומט""ח), 
ממשלות זרות בנטרול חשיפות בנגזרים",,3.0,3.0,0.05,-2.0,8.0,"מדד אג""ח ממשלתי כללי",,גמל להשקעה אשכול 1 - אקטיבי,2026-09-30T21:21:21+00:00,http://www.fnx.co.il/sites/docs/genery/mediniut_ashkaa_tzfuia/gemel2024-update0724.xls,policy/companies/520023185/raw/520023185/e94b1ddc1118_gemel2024-update0724.xls,גמל להשקעה אשכול 1 - אקטיבי
520023185,,,520023185|גמל להשקעה אשכול 1 - אקטיבי|מספר מסלול באוצר 7975,מספר מסלול באוצר 7975,2024,"אחר ( Co Invest, נדל""ן, קרנות השקעהתשתיות, גידור)",,1.0,1.0,0.05,0.0,6.0,,,גמל להשקעה אשכול 1 - אקטיבי,2026-09-30T21:21:21+00:00,http://www.fnx.co.il/sites/docs/genery/mediniut_ashkaa_tzfuia/gemel2024-update0724.xls,policy/companies/520023185/raw/520023185/e94b1ddc1118_gemel2024-update0724.xls,גמל להשקעה אשכול 1 - אקטיבי
520023185,,,520023185|גמל להשקעה אשכול 1 - אקטיבי|מספר מסלול באוצר 7975,מספר מסלול באוצר 7975,2024,מזומנים (*),,2.0,2.0,,,,,,גמל להשקעה אשכול 1 - אקטיבי,2026-09-30T21:21:21+00:00,http://www.fnx.co.il/sites/docs/genery/mediniut_ashkaa_tzfuia/gemel2024-update0724.xls,policy/companies/520023185/raw/520023185/e94b1ddc1118_gemel2024-update0724.xls,גמל להשקעה אשכול 1 - אקטיבי
520023185,,,520023185|גמל להשקעה אשכול 1 - אקטיבי|מספר מסלול באוצר 7975,מספר מסלול באוצר 7975,2024,"חשיפה למט""ח",fx,29.0,30.0,0.06,24.0,36.0,,,גמל להשקעה אשכול 1 - אקטיבי,2026-09-30T21:21:21+00:00,http://www.fnx.co.il/sites/docs/genery/mediniut_ashkaa_tzfuia/gemel2024-update0724.xls,policy/companies/520023185/raw/520023185/e94b1ddc1118_gemel2024-update0724.xls,גמל להשקעה אשכול 1 - אקטיבי
520023185,,,520023185|גמל להשקעה אשכול 1 - אקטיבי|מספר מסלול באוצר 7975,מספר מסלול באוצר 7975,2024,מגבלת עמלת ניהול חיצוני לשנת 2024,,,0.15,,,,,,גמל להשקעה אשכול 1 - אקטיבי,2026-09-30T21:21:21+00:00,http://www.fnx.co.il/sites/docs/genery/mediniut_ashkaa_tzfuia/gemel2024-update0724.xls,policy/companies/520023185/raw/520023185/e94b1ddc1118_gemel2024-update0724.xls,גמל להשקעה אשכול 1 - אקטיבי
520023185,,,520023185|גמל להשקעה אשכול 3 - סחיר|מספר מסלול באוצר 15214,מספר מסלול באוצר 15214,2024,"מניות (כולל תעודות סל, אופציות, קרנות נאמנות)",equity,,45.0,0.06,39.0,51.0,"40%- מדד ת""א 125 ,   60%- MSCI WORLD AC",,גמל להשקעה אשכול 3 - סחיר,2026-09-30T21:21:21+00:00,http://www.fnx.co.il/sites/docs/genery/mediniut_ashkaa_tzfuia/gemel2024-update0724.xls,policy/companies/520023185/raw/520023185/e94b1ddc1118_gemel2024-update0724.xls,גמל להשקעה אשכול 3 - סחיר
520023185,,,520023185|גמל להשקעה אשכול 3 - סחיר|מספר מסלול באוצר 15214,מספר מסלול באוצר 15214,2024,"אג""ח ממשלתי (צמוד, שקלי ומט""ח), 
ממשלות זרות בנטרול חשיפות בנגזרים",,,15.0,0.05,10.0,20.0,"מדד אג""ח ממשלתי כללי",,גמל להשקעה אשכול 3 - סחיר,2026-09-30T21:21:21+00:00,http://www.fnx.co.il/sites/docs/genery/mediniut_ashkaa_tzfuia/gemel2024-update0724.xls,policy/companies/520023185/raw/520023185/e94b1ddc1118_gemel2024-update0724.xls,גמל להשקעה אשכול 3 - סחיר
520023185,,,520023185|גמל להשקעה אשכול 3 - סחיר|מספר מסלול באוצר 15214,מספר מסלול באוצר 15214,2024,"אג""ח קונצרני (כולל קרנות נאמנות, תעודות סל)",,,35.0,0.06,29.0,41.0,"35% - תל בונד כללי , 20% - תל בונד 60 , 15% - תל בונד 50 , 15% - IBOXX HY - 15%, IBOXX IG",,גמל להשקעה אשכול 3 - סחיר,2026-09-30T21:21:21+00:00,http://www.fnx.co.il/sites/docs/genery/mediniut_ashkaa_tzfuia/gemel2024-update0724.xls,policy/companies/520023185/raw/520023185/e94b1ddc1118_gemel2024-update0724.xls,גמל להשקעה אשכול 3 - סחיר
520023185,,,520023185|גמל להשקעה אשכול 3 - סחיר|מספר מסלול באוצר 15214,מספר מסלול באוצר 15214,2024,מזומנים (*),,,5.0,,,,,,גמל להשקעה אשכול 3 - סחיר,2026-09-30T21:21:21+00:00,http://www.fnx.co.il/sites/docs/genery/mediniut_ashkaa_tzfuia/gemel2024-update0724.xls,policy/companies/520023185/raw/520023185/e94b1ddc1118_gemel2024-update0724.xls,גמל להשקעה אשכול 3 - סחיר
520023185,,,520023185|גמל להשקעה אשכול 3 - סחיר|מספר מסלול באוצר 15214,מספר מסלול באוצר 15214,2024,"חשיפה למט""ח",fx,,24.0,0.06,18.0,30.0,,,גמל להשקעה אשכול 3 - סחיר,2026-09-30T21:21:21+00:00,http://www.fnx.co.il/sites/docs/genery/mediniut_ashkaa_tzfuia/gemel2024-update0724.xls,policy/companies/520023185/raw/520023185/e94b1ddc1118_gemel2024-update0724.xls,גמל להשקעה אשכול 3 - סחיר
520023185,,,520023185|גמל להשקעה אשכול 3 - סחיר|מספר מסלול באוצר 15214,מספר מסלול באוצר 15214,2024,מגבלת עמלת ניהול חיצוני לשנת 2024,,,0.08,,,,,,גמל להשקעה אשכול 3 - סחיר,2026-09-30T21:21:21+00:00,http://www.fnx.co.il/sites/docs/genery/mediniut_ashkaa_tzfuia/gemel2024-update0724.xls,policy/companies/520023185/raw/520023185/e94b1ddc1118_gemel2024-update0724.xls,גמל להשקעה אשכול 3 - סחיר
520023185,,,520023185|גמל להשקעה אשכול 3 - סחיר|מספר מסלול באוצר 15215,מספר מסלול באוצר 15215,2024,"אג""ח ממשלתי (צמוד, שקלי ומט""ח), 
ממשלות זרות בנטרול חשיפות בנגזרים",,,25.0,0.05,20.0,30.0,"מדד אג""ח ממשלתי כללי",,גמל להשקעה אשכול 3 - סחיר,2026-09-30T21:21:21+00:00,http://www.fnx.co.il/sites/docs/genery/mediniut_ashkaa_tzfuia/gemel2024-update0724.xls,policy/companies/520023185/raw/520023185/e94b1ddc1118_gemel2024-update0724.xls,גמל להשקעה אשכול 3 - סחיר
520023185,,,520023185|גמל להשקעה אשכול 3 - סחיר|מספר מסלול באוצר 15215,מספר מסלול באוצר 15215,2024,"אג""ח קונצרני (כולל קרנות נאמנות, תעודות סל)",,,70.0,0.06,64.0,76.0,"35% - תל בונד כללי , 20% - תל בונד 60 , 15% - תל בונד 50 , 15% - IBOXX HY - 15%, IBOXX IG",,גמל להשקעה אשכול 3 - סחיר,2026-09-30T21:21:21+00:00,http://www.fnx.co.il/sites/docs/genery/mediniut_ashkaa_tzfuia/gemel2024-update0724.xls,policy/companies/520023185/raw/520023185/e94b1ddc1118_gemel2024-update0724.xls,גמל להשקעה אשכול 3 - סחיר
520023185,,,520023185|גמל להשקעה אשכול 3 - סחיר|מספר מסלול באוצר 15215,מספר מסלול באוצר 15215,2024,מזומנים (*),,,5.0,,,,,,גמל להשקעה אשכול 3 - סחיר,2026-09-30T21:21:21+00:00,http://www.fnx.co.il/sites/docs/genery/mediniut_ashkaa_tzfuia/gemel2024-update0724.xls,policy/companies/520023185/raw/520023185/e94b1ddc1118_gemel2024-update0724.xls,גמל להשקעה אשכול 3 - סחיר
520023185,,,520023185|גמל להשקעה אשכול 3 - סחיר|מספר מסלול באוצר 15215,מספר מסלול באוצר 15215,2024,"חשיפה למט""ח",fx,,14.0,0.06,8.0,20.0,,,גמל להשקעה אשכול 3 - סחיר,2026-09-30T21:21:21+00:00,http://www.fnx.co.il/sites/docs/genery/mediniut_ashkaa_tzfuia/gemel2024-update0724.xls,policy/companies/520023185/raw/520023185/e94b1ddc1118_gemel2024-update0724.xls,גמל להשקעה אשכול 3 - סחיר
520023185,,,520023185|גמל להשקעה אשכול 3 - סחיר|מספר מסלול באוצר 15215,מספר מסלול באוצר 15215,2024,מגבלת עמלת ניהול חיצוני לשנת 2024,,,0.06,,,,,,גמל להשקעה אשכול 3 - סחיר,2026-09-30T21:21:21+00:00,http://www.fnx.co.il/sites/docs/genery/mediniut_ashkaa_tzfuia/gemel2024-update0724.xls,policy/companies/520023185/raw/520023185/e94b1ddc1118_gemel2024-update0724.xls,גמל להשקעה אשכול 3 - סחיר
520023185,,,520023185|גמל להשקעה אשכול 3 - סחיר|מספר מסלול באוצר 7907,מספר מסלול באוצר 7907,2024,"מניות (כולל תעודות סל, אופציות, קרנות נאמנות)",equity,94.0,94.0,0.06,88.0,100.0,"מדד ת""א 125",,גמל להשקעה אשכול 3 - סחיר,2026-09-30T21:21:21+00:00,http://www.fnx.co.il/sites/docs/genery/mediniut_ashkaa_tzfuia/gemel2024-update0724.xls,policy/companies/520023185/raw/520023185/e94b1ddc1118_gemel2024-update0724.xls,גמל להשקעה אשכול 3 - סחיר
520023185,,,520023185|גמל להשקעה אשכול 3 - סחיר|מספר מסלול באוצר 7907,מספר מסלול באוצר 7907,2024,מזומנים (*),,6.0,6.0,,,,,,גמל להשקעה אשכול 3 - סחיר,2026-09-30T21:21:21+00:00,http://www.fnx.co.il/sites/docs/genery/mediniut_ashkaa_tzfuia/gemel2024-update0724.xls,policy/companies/520023185/raw/520023185/e94b1ddc1118_gemel2024-update0724.xls,גמל להשקעה אשכול 3 - סחיר
520023185,,,520023185|גמל להשקעה אשכול 3 - סחיר|מספר מסלול באוצר 7907,מספר מסלול באוצר 7907,2024,"חשיפה למט""ח",fx,5.0,20.0,0.06,14.0,26.0,,,גמל להשקעה אשכול 3 - סחיר,2026-09-30T21:21:21+00:00,http://www.fnx.co.il/sites/docs/genery/mediniut_ashkaa_tzfuia/gemel2024-update0724.xls,policy/companies/520023185/raw/520023185/e94b1ddc1118_gemel2024-update0724.xls,גמל להשקעה אשכול 3 - סחיר
520023185,,,520023185|גמל להשקעה אשכול 3 - סחיר|מספר מסלול באוצר 7907,מספר מסלול באוצר 7907,2024,מגבלת עמלת ניהול חיצוני לשנת 2024,,,0.1,,,,,,גמל להשקעה אשכול 3 - סחיר,2026-09-30T21:21:21+00:00,http://www.fnx.co.il/sites/docs/genery/mediniut_ashkaa_tzfuia/gemel2024-update0724.xls,policy/companies/520023185/raw/520023185/e94b1ddc1118_gemel2024-update0724.xls,גמל להשקעה אשכול 3 - סחיר
520023185,,,520023185|גמל להשקעה אשכול 4 - עוקב מדדים|מספר מסלול באוצר 7909,מספר מסלול באוצר 7909,2024,"מניות (כולל תעודות סל, אופציות, קרנות נאמנות)",equity,44.0,44.0,0.06,38.0,50.0,MSCI WORLD AC,,גמל להשקעה אשכול 4 - עוקב מדדים,2026-09-30T21:21:21+00:00,http://www.fnx.co.il/sites/docs/genery/mediniut_ashkaa_tzfuia/gemel2024-update0724.xls,policy/companies/520023185/raw/520023185/e94b1ddc1118_gemel2024-update0724.xls,גמל להשקעה אשכול 4 - עוקב מדדים
520023185,,,520023185|גמל להשקעה אשכול 4 - עוקב מדדים|מספר מסלול באוצר 7909,מספר מסלול באוצר 7909,2024,"אג""ח ממשלתי (צמוד, שקלי ומט""ח), 
ממשלות זרות בנטרול חשיפות בנגזרים",,18.0,18.0,0.05,13.0,23.0,US TREASURY - 7years,,גמל להשקעה אשכול 4 - עוקב מדדים,2026-09-30T21:21:21+00:00,http://www.fnx.co.il/sites/docs/genery/mediniut_ashkaa_tzfuia/gemel2024-update0724.xls,policy/companies/520023185/raw/520023185/e94b1ddc1118_gemel2024-update0724.xls,גמל להשקעה אשכול 4 - עוקב מדדים
520023185,,,520023185|גמל להשקעה אשכול 4 - עוקב מדדים|מספר מסלול באוצר 7909,מספר מסלול באוצר 7909,2024,"אג""ח קונצרני (כולל קרנות נאמנות, תעודות סל)",,31.0,34.0,0.06,28.0,40.0,"IBOXY HY 46%, IBXXC1D1 12% , JGENUUG 8%, JCMBCOMP 8%, IBOXIG 26%",,גמל להשקעה אשכול 4 - עוקב מדדים,2026-09-30T21:21:21+00:00,http://www.fnx.co.il/sites/docs/genery/mediniut_ashkaa_tzfuia/gemel2024-update0724.xls,policy/companies/520023185/raw/520023185/e94b1ddc1118_gemel2024-update0724.xls,גמל להשקעה אשכול 4 - עוקב מדדים
520023185,,,520023185|גמל להשקעה אשכול 4 - עוקב מדדים|מספר מסלול באוצר 7909,מספר מסלול באוצר 7909,2024,מזומנים (*),,7.0,4.0,,,,,,גמל להשקעה אשכול 4 - עוקב מדדים,2026-09-30T21:21:21+00:00,http://www.fnx.co.il/sites/docs/genery/mediniut_ashkaa_tzfuia/gemel2024-update0724.xls,policy/companies/520023185/raw/520023185/e94b1ddc1118_gemel2024-update0724.xls,גמל להשקעה אשכול 4 - עוקב מדדים
520023185,,,520023185|גמל להשקעה אשכול 4 - עוקב מדדים|מספר מסלול באוצר 7909,מספר מסלול באוצר 7909,2024,"חשיפה למט""ח",fx,95.0,95.0,0.06,89.0,101.0,,,גמל להשקעה אשכול 4 - עוקב מדדים,2026-09-30T21:21:21+00:00,http://www.fnx.co.il/sites/docs/genery/mediniut_ashkaa_tzfuia/gemel2024-update0724.xls,policy/companies/520023185/raw/520023185/e94b1ddc1118_gemel2024-update0724.xls,גמל להשקעה אשכול 4 - עוקב מדדים
520023185,,,520023185|גמל להשקעה אשכול 4 - עוקב מדדים|מספר מסלול באוצר 7909,מספר מסלול באוצר 7909,2024,מגבלת עמלת ניהול חיצוני לשנת 2024,,,0.15,,,,,,גמל להשקעה אשכול 4 - עוקב מדדים,2026-09-30T21:21:21+00:00,http://www.fnx.co.il/sites/docs/genery/mediniut_ashkaa_tzfuia/gemel2024-update0724.xls,policy/companies/520023185/raw/520023185/e94b1ddc1118_gemel2024-update0724.xls,גמל להשקעה אשכול 4 - עוקב מדדים
520023185,,,520023185|גמל להשקעה אשכול 4 - עוקב מדדים|מספר מסלול באוצר 13250,מספר מסלול באוצר 13250,2024,"מניות (כולל תעודות סל, אופציות, קרנות נאמנות)",equity,94.0,94.0,0.06,88.0,100.0,s&p 500,,גמל להשקעה אשכול 4 - עוקב מדדים,2026-09-30T21:21:21+00:00,http://www.fnx.co.il/sites/docs/genery/mediniut_ashkaa_tzfuia/gemel2024-update0724.xls,policy/companies/520023185/raw/520023185/e94b1ddc1118_gemel2024-update0724.xls,גמל להשקעה אשכול 4 - עוקב מדדים
520023185,,,520023185|גמל להשקעה אשכול 4 - עוקב מדדים|מספר מסלול באוצר 13250,מספר מסלול באוצר 13250,2024,מזומנים (*),,6.0,6.0,,6.0,6.0,,,גמל להשקעה אשכול 4 - עוקב מדדים,2026-09-30T21:21:21+00:00,http://www.fnx.co.il/sites/docs/genery/mediniut_ashkaa_tzfuia/gemel2024-update0724.xls,policy/companies/520023185/raw/520023185/e94b1ddc1118_gemel2024-update0724.xls,גמל להשקעה אשכול 4 - עוקב מדדים
520023185,,,520023185|גמל להשקעה אשכול 4 - עוקב מדדים|מספר מסלול באוצר 13250,מספר מסלול באוצר 13250,2024,"חשיפה למט""ח",fx,96.0,95.0,0.06,89.0,101.0,,,גמל להשקעה אשכול 4 - עוקב מדדים,2026-09-30T21:21:21+00:00,http://www.fnx.co.il/sites/docs/genery/mediniut_ashkaa_tzfuia/gemel2024-update0724.xls,policy/companies/520023185/raw/520023185/e94b1ddc1118_gemel2024-update0724.xls,גמל להשקעה אשכול 4 - עוקב מדדים
520023185,,,520023185|גמל להשקעה אשכול 4 - עוקב מדדים|מספר מסלול באוצר 13250,מספר מסלול באוצר 13250,2024,מגבלת עמלת ניהול חיצוני לשנת 2024,,,0.05,,,,,,גמל להשקעה אשכול 4 - עוקב מדדים,2026-09-30T21:21:21+00:00,http://www.fnx.co.il/sites/docs/genery/mediniut_ashkaa_tzfuia/gemel2024-update0724.xls,policy/companies/520023185/raw/520023185/e94b1ddc1118_gemel2024-update0724.xls,גמל להשקעה אשכול 4 - עוקב מדדים
520023185,,,520023185|גמל להשקעה אשכול 4 - עוקב מדדים|עוקב מדדי אג ח בבחינה האם לפתוח כמסלול חדש כמסלול אג ח לפידיון ישראל,עוקב מדדי אג ח בבחינה האם לפתוח כמסלול חדש כמסלול אג ח לפידיון ישראל,2024,"מניות (כולל תעודות סל, אופציות, קרנות נאמנות)",equity,,,0.06,-6.0,6.0,"40%- מדד ת""א 125 ,   60%- MSCI WORLD AC",,גמל להשקעה אשכול 4 - עוקב מדדים,2026-09-30T21:21:21+00:00,http://www.fnx.co.il/sites/docs/genery/mediniut_ashkaa_tzfuia/gemel2024-update0724.xls,policy/companies/520023185/raw/520023185/e94b1ddc1118_gemel2024-update0724.xls,גמל להשקעה אשכול 4 - עוקב מדדים
520023185,,,520023185|גמל להשקעה אשכול 4 - עוקב מדדים|עוקב מדדי אג ח בבחינה האם לפתוח כמסלול חדש כמסלול אג ח לפידיון ישראל,עוקב מדדי אג ח בבחינה האם לפתוח כמסלול חדש כמסלול אג ח לפידיון ישראל,2024,"אג""ח ממשלתי (צמוד, שקלי ומט""ח), 
ממשלות זרות בנטרול חשיפות בנגזרים",,,,0.05,-5.0,5.0,"מדד אג""ח ממשלתי כללי",,גמל להשקעה אשכול 4 - עוקב מדדים,2026-09-30T21:21:21+00:00,http://www.fnx.co.il/sites/docs/genery/mediniut_ashkaa_tzfuia/gemel2024-update0724.xls,policy/companies/520023185/raw/520023185/e94b1ddc1118_gemel2024-update0724.xls,גמל להשקעה אשכול 4 - עוקב מדדים
520023185,,,520023185|גמל להשקעה אשכול 4 - עוקב מדדים|עוקב מדדי אג ח בבחינה האם לפתוח כמסלול חדש כמסלול אג ח לפידיון ישראל,עוקב מדדי אג ח בבחינה האם לפתוח כמסלול חדש כמסלול אג ח לפידיון ישראל,2024,"אג""ח קונצרני (כולל קרנות נאמנות, תעודות סל)",,,,0.06,-6.0,6.0,"35% - תל בונד כללי , 20% - תל בונד 60 , 15% - תל בונד 50 , 15% - IBOXX HY - 15%, IBOXX IG",,גמל להשקעה אשכול 4 - עוקב מדדים,2026-09-30T21:21:21+00:00,http://www.fnx.co.il/sites/docs/genery/mediniut_ashkaa_tzfuia/gemel2024-update0724.xls,policy/companies/520023185/raw/520023185/e94b1ddc1118_gemel2024-update0724.xls,גמל להשקעה אשכול 4 - עוקב מדדים
520023185,,,520023185|גמל להשקעה אשכול 4 - עוקב מדדים|עוקב מדדי אג ח בבחינה האם לפתוח כמסלול חדש כמסלול אג ח לפידיון ישראל,עוקב מדדי אג ח בבחינה האם לפתוח כמסלול חדש כמסלול אג ח לפידיון ישראל,2024,"אחר ( Co Invest, נדל""ן, קרנות השקעהתשתיות, גידור)",,,,0.05,0.0,5.0,,,גמל להשקעה אשכול 4 - עוקב מדדים,2026-09-30T21:21:21+00:00,http://www.fnx.co.il/sites/docs/genery/mediniut_ashkaa_tzfuia/gemel2024-update0724.xls,policy/companies/520023185/raw/520023185/e94b1ddc1118_gemel2024-update0724.xls,גמל להשקעה אשכול 4 - עוקב מדדים
520023185,,,520023185|גמל להשקעה אשכול 4 - עוקב מדדים|עוקב מדדי אג ח בבחינה האם לפתוח כמסלול חדש כמסלול אג ח לפידיון ישראל,עוקב מדדי אג ח בבחינה האם לפתוח כמסלול חדש כמסלול אג ח לפידיון ישראל,2024,מזומנים (*),,,,,0.0,0.0,,,גמל להשקעה אשכול 4 - עוקב מדדים,2026-09-30T21:21:21+00:00,http://www.fnx.co.il/sites/docs/genery/mediniut_ashkaa_tzfuia/gemel2024-update0724.xls,policy/companies/520023185/raw/520023185/e94b1ddc1118_gemel2024-update0724.xls,גמל להשקעה אשכול 4 - עוקב מדדים
520023185,,,520023185|גמל להשקעה אשכול 4 - עוקב מדדים|עוקב מדדי אג ח בבחינה האם לפתוח כמסלול חדש כמסלול אג ח לפידיון ישראל,עוקב מדדי אג ח בבחינה האם לפתוח כמסלול חדש כמסלול אג ח לפידיון ישראל,2024,"חשיפה למט""ח",fx,,,0.06,0.0,6.0,,,גמל להשקעה אשכול 4 - עוקב מדדים,2026-09-30T21:21:21+00:00,http://www.fnx.co.il/sites/docs/genery/mediniut_ashkaa_tzfuia/gemel2024-update0724.xls,policy/companies/520023185/raw/520023185/e94b1ddc1118_gemel2024-update0724.xls,גמל להשקעה אשכול 4 - עוקב מדדים
520023185,,,520023185|גמל להשקעה אשכול 4 - עוקב מדדים|מספר מסלול באוצר 15216,מספר מסלול באוצר 15216,2024,"מניות (כולל תעודות סל, אופציות, קרנות נאמנות)",equity,,94.0,0.06,88.0,100.0,50% Xndx 40% SP5T5T 10% - SPTRMDCP,,גמל להשקעה אשכול 4 - עוקב מדדים,2026-09-30T21:21:21+00:00,http://www.fnx.co.il/sites/docs/genery/mediniut_ashkaa_tzfuia/gemel2024-update0724.xls,policy/companies/520023185/raw/520023185/e94b1ddc1118_gemel2024-update0724.xls,גמל להשקעה אשכול 4 - עוקב מדדים
520023185,,,520023185|גמל להשקעה אשכול 4 - עוקב מדדים|מספר מסלול באוצר 15216,מספר מסלול באוצר 15216,2024,מזומנים (*),,,6.0,,,,,,גמל להשקעה אשכול 4 - עוקב מדדים,2026-09-30T21:21:21+00:00,http://www.fnx.co.il/sites/docs/genery/mediniut_ashkaa_tzfuia/gemel2024-update0724.xls,policy/companies/520023185/raw/520023185/e94b1ddc1118_gemel2024-update0724.xls,גמל להשקעה אשכול 4 - עוקב מדדים
520023185,,,520023185|גמל להשקעה אשכול 4 - עוקב מדדים|מספר מסלול באוצר 15216,מספר מסלול באוצר 15216,2024,"חשיפה למט""ח",fx,,95.0,0.06,89.0,101.0,,,גמל להשקעה אשכול 4 - עוקב מדדים,2026-09-30T21:21:21+00:00,http://www.fnx.co.il/sites/docs/genery/mediniut_ashkaa_tzfuia/gemel2024-update0724.xls,policy/companies/520023185/raw/520023185/e94b1ddc1118_gemel2024-update0724.xls,גמל להשקעה אשכול 4 - עוקב מדדים
520023185,,,520023185|גמל להשקעה אשכול 4 - עוקב מדדים|מספר מסלול באוצר 15216,מספר מסלול באוצר 15216,2024,מגבלת עמלת ניהול חיצוני לשנת 2024,,,0.08,,,,,,גמל להשקעה אשכול 4 - עוקב מדדים,2026-09-30T21:21:21+00:00,http://www.fnx.co.il/sites/docs/genery/mediniut_ashkaa_tzfuia/gemel2024-update0724.xls,policy/companies/520023185/raw/520023185/e94b1ddc1118_gemel2024-update0724.xls,גמל להשקעה אשכול 4 - עוקב מדדים
520023185,,,520023185|גמל להשקעה אשכול 5 - אמונה|מספר מסלול באוצר 8004,מספר מסלול באוצר 8004,2024,"מניות (כולל תעודות סל, אופציות, קרנות נאמנות)",equity,92.0,92.0,0.06,86.0,98.0,s&p שריעה,,גמל להשקעה אשכול 5 - אמונה,2026-09-30T21:21:21+00:00,http://www.fnx.co.il/sites/docs/genery/mediniut_ashkaa_tzfuia/gemel2024-update0724.xls,policy/companies/520023185/raw/520023185/e94b1ddc1118_gemel2024-update0724.xls,גמל להשקעה אשכול 5 - אמונה
520023185,,,520023185|גמל להשקעה אשכול 5 - אמונה|מספר מסלול באוצר 8004,מספר מסלול באוצר 8004,2024,מזומנים (*),,8.0,8.0,,,,,,גמל להשקעה אשכול 5 - אמונה,2026-09-30T21:21:21+00:00,http://www.fnx.co.il/sites/docs/genery/mediniut_ashkaa_tzfuia/gemel2024-update0724.xls,policy/companies/520023185/raw/520023185/e94b1ddc1118_gemel2024-update0724.xls,גמל להשקעה אשכול 5 - אמונה
520023185,,,520023185|גמל להשקעה אשכול 5 - אמונה|מספר מסלול באוצר 8004,מספר מסלול באוצר 8004,2024,"חשיפה למט""ח",fx,93.0,95.0,0.06,89.0,101.0,,,גמל להשקעה אשכול 5 - אמונה,2026-09-30T21:21:21+00:00,http://www.fnx.co.il/sites/docs/genery/mediniut_ashkaa_tzfuia/gemel2024-update0724.xls,policy/companies/520023185/raw/520023185/e94b1ddc1118_gemel2024-update0724.xls,גמל להשקעה אשכול 5 - אמונה
520023185,,,520023185|גמל להשקעה אשכול 5 - אמונה|מספר מסלול באוצר 8004,מספר מסלול באוצר 8004,2024,מגבלת עמלת ניהול חיצוני לשנת 2024,,,0.05,,,,,,גמל להשקעה אשכול 5 - אמונה,2026-09-30T21:21:21+00:00,http://www.fnx.co.il/sites/docs/genery/mediniut_ashkaa_tzfuia/gemel2024-update0724.xls,policy/companies/520023185/raw/520023185/e94b1ddc1118_gemel2024-update0724.xls,גמל להשקעה אשכול 5 - אמונה
520023185,,,520023185|חיסכון לכל ילד|הפניקס חסכון לילד סיכון מועט,הפניקס חסכון לילד סיכון מועט,2024,"מניות (כולל תעודות סל, אופציות, קרנות נאמנות)",equity,,1.0,0.06,0.0,7.0,"40%- מדד ת""א 125 ,   60%- MSCI WORLD AC",,חיסכון לכל ילד,2026-09-30T21:21:21+00:00,http://www.fnx.co.il/sites/docs/genery/mediniut_ashkaa_tzfuia/gemel2024-update0724.xls,policy/companies/520023185/raw/520023185/e94b1ddc1118_gemel2024-update0724.xls,חיסכון לכל ילד
520023185,,,520023185|חיסכון לכל ילד|הפניקס חסכון לילד סיכון מועט,הפניקס חסכון לילד סיכון מועט,2024,"אג""ח ממשלתי (צמוד, שקלי ומט""ח), 
ממשלות זרות בנטרול חשיפות בנגזרים",,,33.0,0.05,28.0,38.0,"מדד אג""ח ממשלתי כללי",,חיסכון לכל ילד,2026-09-30T21:21:21+00:00,http://www.fnx.co.il/sites/docs/genery/mediniut_ashkaa_tzfuia/gemel2024-update0724.xls,policy/companies/520023185/raw/520023185/e94b1ddc1118_gemel2024-update0724.xls,חיסכון לכל ילד
520023185,,,520023185|חיסכון לכל ילד|הפניקס חסכון לילד סיכון מועט,הפניקס חסכון לילד סיכון מועט,2024,"אג""ח קונצרני (כולל קרנות נאמנות, תעודות סל)",,,56.0,0.06,50.0,62.0,"35% - תל בונד כללי , 20% - תל בונד 60 , 15% - תל בונד 50 , 15% - IBOXX HY - 15%, IBOXX IG",,חיסכון לכל ילד,2026-09-30T21:21:21+00:00,http://www.fnx.co.il/sites/docs/genery/mediniut_ashkaa_tzfuia/gemel2024-update0724.xls,policy/companies/520023185/raw/520023185/e94b1ddc1118_gemel2024-update0724.xls,חיסכון לכל ילד
520023185,,,520023185|חיסכון לכל ילד|הפניקס חסכון לילד סיכון מועט,הפניקס חסכון לילד סיכון מועט,2024,"אחר ( Co Invest, נדל""ן, קרנות השקעהתשתיות, גידור)",,,3.0,0.05,0.0,8.0,,,חיסכון לכל ילד,2026-09-30T21:21:21+00:00,http://www.fnx.co.il/sites/docs/genery/mediniut_ashkaa_tzfuia/gemel2024-update0724.xls,policy/companies/520023185/raw/520023185/e94b1ddc1118_gemel2024-update0724.xls,חיסכון לכל ילד
520023185,,,520023185|חיסכון לכל ילד|הפניקס חסכון לילד סיכון מועט,הפניקס חסכון לילד סיכון מועט,2024,מזומנים (*),,,7.0,,2.0,2.0,,,חיסכון לכל ילד,2026-09-30T21:21:21+00:00,http://www.fnx.co.il/sites/docs/genery/mediniut_ashkaa_tzfuia/gemel2024-update0724.xls,policy/companies/520023185/raw/520023185/e94b1ddc1118_gemel2024-update0724.xls,חיסכון לכל ילד
520023185,,,520023185|חיסכון לכל ילד|הפניקס חסכון לילד סיכון מועט,הפניקס חסכון לילד סיכון מועט,2024,"חשיפה למט""ח",fx,,12.0,0.06,6.0,18.0,,,חיסכון לכל ילד,2026-09-30T21:21:21+00:00,http://www.fnx.co.il/sites/docs/genery/mediniut_ashkaa_tzfuia/gemel2024-update0724.xls,policy/companies/520023185/raw/520023185/e94b1ddc1118_gemel2024-update0724.xls,חיסכון לכל ילד
520023185,,,520023185|חיסכון לכל ילד|הפניקס חסכון לילד סיכון מועט,הפניקס חסכון לילד סיכון מועט,2024,מגבלת עמלת ניהול חיצוני לשנת 2024,,,0.1,,,,,,חיסכון לכל ילד,2026-09-30T21:21:21+00:00,http://www.fnx.co.il/sites/docs/genery/mediniut_ashkaa_tzfuia/gemel2024-update0724.xls,policy/companies/520023185/raw/520023185/e94b1ddc1118_gemel2024-update0724.xls,חיסכון לכל ילד
520023185,,,520023185|חיסכון לכל ילד|הפניקס חסכון לילד סיכון מוגבר,הפניקס חסכון לילד סיכון מוגבר,2024,"מניות (כולל תעודות סל, אופציות, קרנות נאמנות)",equity,,94.0,0.06,88.0,100.0,"40%- מדד ת""א 125 ,   60%- MSCI WORLD AC",,חיסכון לכל ילד,2026-09-30T21:21:21+00:00,http://www.fnx.co.il/sites/docs/genery/mediniut_ashkaa_tzfuia/gemel2024-update0724.xls,policy/companies/520023185/raw/520023185/e94b1ddc1118_gemel2024-update0724.xls,חיסכון לכל ילד
520023185,,,520023185|חיסכון לכל ילד|הפניקס חסכון לילד סיכון מוגבר,הפניקס חסכון לילד סיכון מוגבר,2024,"אג""ח ממשלתי (צמוד, שקלי ומט""ח), 
ממשלות זרות בנטרול חשיפות בנגזרים",,,1.0,0.05,0.0,6.0,"מדד אג""ח ממשלתי כללי",,חיסכון לכל ילד,2026-09-30T21:21:21+00:00,http://www.fnx.co.il/sites/docs/genery/mediniut_ashkaa_tzfuia/gemel2024-update0724.xls,policy/companies/520023185/raw/520023185/e94b1ddc1118_gemel2024-update0724.xls,חיסכון לכל ילד
520023185,,,520023185|חיסכון לכל ילד|הפניקס חסכון לילד סיכון מוגבר,הפניקס חסכון לילד סיכון מוגבר,2024,מזומנים (*),,,5.0,,2.0,2.0,,,חיסכון לכל ילד,2026-09-30T21:21:21+00:00,http://www.fnx.co.il/sites/docs/genery/mediniut_ashkaa_tzfuia/gemel2024-update0724.xls,policy/companies/520023185/raw/520023185/e94b1ddc1118_gemel2024-update0724.xls,חיסכון לכל ילד
520023185,,,520023185|חיסכון לכל ילד|הפניקס חסכון לילד סיכון מוגבר,הפניקס חסכון לילד סיכון מוגבר,2024,"חשיפה למט""ח",fx,,28.0,0.06,22.0,34.0,,,חיסכון לכל ילד,2026-09-30T21:21:21+00:00,http://www.fnx.co.il/sites/docs/genery/mediniut_ashkaa_tzfuia/gemel2024-update0724.xls,policy/companies/520023185/raw/520023185/e94b1ddc1118_gemel2024-update0724.xls,חיסכון לכל ילד
520023185,,,520023185|חיסכון לכל ילד|הפניקס חסכון לילד סיכון מוגבר,הפניקס חסכון לילד סיכון מוגבר,2024,מגבלת עמלת ניהול חיצוני לשנת 2024,,,0.1,,,,,,חיסכון לכל ילד,2026-09-30T21:21:21+00:00,http://www.fnx.co.il/sites/docs/genery/mediniut_ashkaa_tzfuia/gemel2024-update0724.xls,policy/companies/520023185/raw/520023185/e94b1ddc1118_gemel2024-update0724.xls,חיסכון לכל ילד
520023185,,,520023185|חיסכון לכל ילד|הפניקס חסכון לילד שריעה,הפניקס חסכון לילד שריעה,2024,"מניות (כולל תעודות סל, אופציות, קרנות נאמנות)",equity,,92.0,0.06,86.0,98.0,s&p 500,,חיסכון לכל ילד,2026-09-30T21:21:21+00:00,http://www.fnx.co.il/sites/docs/genery/mediniut_ashkaa_tzfuia/gemel2024-update0724.xls,policy/companies/520023185/raw/520023185/e94b1ddc1118_gemel2024-update0724.xls,חיסכון לכל ילד
520023185,,,520023185|חיסכון לכל ילד|הפניקס חסכון לילד שריעה,הפניקס חסכון לילד שריעה,2024,מזומנים (*),,,8.0,,2.0,2.0,,,חיסכון לכל ילד,2026-09-30T21:21:21+00:00,http://www.fnx.co.il/sites/docs/genery/mediniut_ashkaa_tzfuia/gemel2024-update0724.xls,policy/companies/520023185/raw/520023185/e94b1ddc1118_gemel2024-update0724.xls,חיסכון לכל ילד
520023185,,,520023185|חיסכון לכל ילד|הפניקס חסכון לילד שריעה,הפניקס חסכון לילד שריעה,2024,"חשיפה למט""ח",fx,,100.0,0.06,94.0,106.0,,,חיסכון לכל ילד,2026-09-30T21:21:21+00:00,http://www.fnx.co.il/sites/docs/genery/mediniut_ashkaa_tzfuia/gemel2024-update0724.xls,policy/companies/520023185/raw/520023185/e94b1ddc1118_gemel2024-update0724.xls,חיסכון לכל ילד
520023185,,,520023185|חיסכון לכל ילד|הפניקס חסכון לילד שריעה,הפניקס חסכון לילד שריעה,2024,מגבלת עמלת ניהול חיצוני לשנת 2024,,,0.05,,,,,,חיסכון לכל ילד,2026-09-30T21:21:21+00:00,http://www.fnx.co.il/sites/docs/genery/mediniut_ashkaa_tzfuia/gemel2024-update0724.xls,policy/companies/520023185/raw/520023185/e94b1ddc1118_gemel2024-update0724.xls,חיסכון לכל ילד
520023185,,,520023185|חיסכון לכל ילד|הפניקס חסכון לילד סיכון בינוני,הפניקס חסכון לילד סיכון בינוני,2024,"מניות (כולל תעודות סל, אופציות, קרנות נאמנות)",equity,,42.0,0.06,36.0,48.0,"40%- מדד ת""א 125 ,   60%- MSCI WORLD AC",,חיסכון לכל ילד,2026-09-30T21:21:21+00:00,http://www.fnx.co.il/sites/docs/genery/mediniut_ashkaa_tzfuia/gemel2024-update0724.xls,policy/companies/520023185/raw/520023185/e94b1ddc1118_gemel2024-update0724.xls,חיסכון לכל ילד
520023185,,,520023185|חיסכון לכל ילד|הפניקס חסכון לילד סיכון בינוני,הפניקס חסכון לילד סיכון בינוני,2024,"אג""ח ממשלתי (צמוד, שקלי ומט""ח), 
ממשלות זרות בנטרול חשיפות בנגזרים",,,13.0,0.05,8.0,18.0,"מדד אג""ח ממשלתי כללי",,חיסכון לכל ילד,2026-09-30T21:21:21+00:00,http://www.fnx.co.il/sites/docs/genery/mediniut_ashkaa_tzfuia/gemel2024-update0724.xls,policy/companies/520023185/raw/520023185/e94b1ddc1118_gemel2024-update0724.xls,חיסכון לכל ילד
520023185,,,520023185|חיסכון לכל ילד|הפניקס חסכון לילד סיכון בינוני,הפניקס חסכון לילד סיכון בינוני,2024,"אג""ח קונצרני (כולל קרנות נאמנות, תעודות סל)",,,40.0,0.06,34.0,46.0,"35% - תל בונד כללי , 20% - תל בונד 60 , 15% - תל בונד 50 , 15% - IBOXX HY - 15%, IBOXX IG",,חיסכון לכל ילד,2026-09-30T21:21:21+00:00,http://www.fnx.co.il/sites/docs/genery/mediniut_ashkaa_tzfuia/gemel2024-update0724.xls,policy/companies/520023185/raw/520023185/e94b1ddc1118_gemel2024-update0724.xls,חיסכון לכל ילד
520023185,,,520023185|חיסכון לכל ילד|הפניקס חסכון לילד סיכון בינוני,הפניקס חסכון לילד סיכון בינוני,2024,"אחר ( Co Invest, נדל""ן, קרנות השקעהתשתיות, גידור)",,,1.0,0.05,0.0,6.0,,,חיסכון לכל ילד,2026-09-30T21:21:21+00:00,http://www.fnx.co.il/sites/docs/genery/mediniut_ashkaa_tzfuia/gemel2024-update0724.xls,policy/companies/520023185/raw/520023185/e94b1ddc1118_gemel2024-update0724.xls,חיסכון לכל ילד
520023185,,,520023185|חיסכון לכל ילד|הפניקס חסכון לילד סיכון בינוני,הפניקס חסכון לילד סיכון בינוני,2024,מזומנים (*),,,4.0,0.05,0.0,9.0,,,חיסכון לכל ילד,2026-09-30T21:21:21+00:00,http://www.fnx.co.il/sites/docs/genery/mediniut_ashkaa_tzfuia/gemel2024-update0724.xls,policy/companies/520023185/raw/520023185/e94b1ddc1118_gemel2024-update0724.xls,חיסכון לכל ילד
520023185,,,520023185|חיסכון לכל ילד|הפניקס חסכון לילד סיכון בינוני,הפניקס חסכון לילד סיכון בינוני,2024,"חשיפה למט""ח",fx,,22.0,0.06,16.0,28.0,,,חיסכון לכל ילד,2026-09-30T21:21:21+00:00,http://www.fnx.co.il/sites/docs/genery/mediniut_ashkaa_tzfuia/gemel2024-update0724.xls,policy/companies/520023185/raw/520023185/e94b1ddc1118_gemel2024-update0724.xls,חיסכון לכל ילד
520023185,,,520023185|חיסכון לכל ילד|הפניקס חסכון לילד סיכון בינוני,הפניקס חסכון לילד סיכון בינוני,2024,מגבלת עמלת ניהול חיצוני לשנת 2024,,,0.1,,,,,,חיסכון לכל ילד,2026-09-30T21:21:21+00:00,http://www.fnx.co.il/sites/docs/genery/mediniut_ashkaa_tzfuia/gemel2024-update0724.xls,policy/companies/520023185/raw/520023185/e94b1ddc1118_gemel2024-update0724.xls,חיסכון לכל ילד
520023185,,,520023185|גמל להשקעה|הפניקס גמל להשקעה עד 15%,הפניקס גמל להשקעה עד 15%,2024,"מניות (כולל תעודות סל, אופציות, קרנות נאמנות)",equity,,9.0,0.06,3.0,15.0,"40%- מדד ת""א 125 ,   60%- MSCI WORLD AC",,גמל להשקעה,2026-09-30T21:21:21+00:00,http://www.fnx.co.il/sites/docs/genery/mediniut_ashkaa_tzfuia/gemel2024.xls,policy/companies/520023185/raw/520023185/82b2bc1f5c04_gemel2024.xls,גמל להשקעה
520023185,,,520023185|גמל להשקעה|הפניקס גמל להשקעה עד 15%,הפניקס גמל להשקעה עד 15%,2024,"אג""ח ממשלתי (צמוד, שקלי ומט""ח), 
ממשלות זרות בנטרול חשיפות בנגזרים",,,25.0,0.05,20.0,30.0,"מדד אג""ח ממשלתי כללי",,גמל להשקעה,2026-09-30T21:21:21+00:00,http://www.fnx.co.il/sites/docs/genery/mediniut_ashkaa_tzfuia/gemel2024.xls,policy/companies/520023185/raw/520023185/82b2bc1f5c04_gemel2024.xls,גמל להשקעה
520023185,,,520023185|גמל להשקעה|הפניקס גמל להשקעה עד 15%,הפניקס גמל להשקעה עד 15%,2024,"אג""ח קונצרני (כולל קרנות נאמנות, תעודות סל)",,,56.0,0.06,50.0,62.0,"35% - תל בונד כללי , 20% - תל בונד 60 , 15% - תל בונד 50 , 15% - IBOXX HY - 15%, IBOXX IG",,גמל להשקעה,2026-09-30T21:21:21+00:00,http://www.fnx.co.il/sites/docs/genery/mediniut_ashkaa_tzfuia/gemel2024.xls,policy/companies/520023185/raw/520023185/82b2bc1f5c04_gemel2024.xls,גמל להשקעה
520023185,,,520023185|גמל להשקעה|הפניקס גמל להשקעה עד 15%,הפניקס גמל להשקעה עד 15%,2024,"אחר ( Co Invest, נדל""ן, קרנות השקעהתשתיות, גידור)",,,5.0,0.05,0.0,10.0,,,גמל להשקעה,2026-09-30T21:21:21+00:00,http://www.fnx.co.il/sites/docs/genery/mediniut_ashkaa_tzfuia/gemel2024.xls,policy/companies/520023185/raw/520023185/82b2bc1f5c04_gemel2024.xls,גמל להשקעה
520023185,,,520023185|גמל להשקעה|הפניקס גמל להשקעה עד 15%,הפניקס גמל להשקעה עד 15%,2024,מזומנים (*),,,5.0,,5.0,5.0,,,גמל להשקעה,2026-09-30T21:21:21+00:00,http://www.fnx.co.il/sites/docs/genery/mediniut_ashkaa_tzfuia/gemel2024.xls,policy/companies/520023185/raw/520023185/82b2bc1f5c04_gemel2024.xls,גמל להשקעה
520023185,,,520023185|גמל להשקעה|הפניקס גמל להשקעה עד 15%,הפניקס גמל להשקעה עד 15%,2024,"חשיפה למט""ח",fx,,16.0,0.06,10.0,22.0,,,גמל להשקעה,2026-09-30T21:21:21+00:00,http://www.fnx.co.il/sites/docs/genery/mediniut_ashkaa_tzfuia/gemel2024.xls,policy/companies/520023185/raw/520023185/82b2bc1f5c04_gemel2024.xls,גמל להשקעה
520023185,,,520023185|גמל להשקעה|הפניקס גמל להשקעה עד 15%,הפניקס גמל להשקעה עד 15%,2024,מגבלת עמלת ניהול חיצוני לשנת 2024,,,0.15,,,,,,גמל להשקעה,2026-09-30T21:21:21+00:00,http://www.fnx.co.il/sites/docs/genery/mediniut_ashkaa_tzfuia/gemel2024.xls,policy/companies/520023185/raw/520023185/82b2bc1f5c04_gemel2024.xls,גמל להשקעה
520023185,,,520023185|גמל להשקעה|הפניקס גמל להשקעה אג ח ללא מניות,הפניקס גמל להשקעה אג ח ללא מניות,2024,"מניות (כולל תעודות סל, אופציות, קרנות נאמנות)",equity,,1.0,0.06,0.0,7.0,"40%- מדד ת""א 125 ,   60%- MSCI WORLD AC",,גמל להשקעה,2026-09-30T21:21:21+00:00,http://www.fnx.co.il/sites/docs/genery/mediniut_ashkaa_tzfuia/gemel2024.xls,policy/companies/520023185/raw/520023185/82b2bc1f5c04_gemel2024.xls,גמל להשקעה
520023185,,,520023185|גמל להשקעה|הפניקס גמל להשקעה אג ח ללא מניות,הפניקס גמל להשקעה אג ח ללא מניות,2024,"אג""ח ממשלתי (צמוד, שקלי ומט""ח), 
ממשלות זרות בנטרול חשיפות בנגזרים",,,29.0,0.05,24.0,34.0,"מדד אג""ח ממשלתי כללי",,גמל להשקעה,2026-09-30T21:21:21+00:00,http://www.fnx.co.il/sites/docs/genery/mediniut_ashkaa_tzfuia/gemel2024.xls,policy/companies/520023185/raw/520023185/82b2bc1f5c04_gemel2024.xls,גמל להשקעה
520023185,,,520023185|גמל להשקעה|הפניקס גמל להשקעה אג ח ללא מניות,הפניקס גמל להשקעה אג ח ללא מניות,2024,"אג""ח קונצרני (כולל קרנות נאמנות, תעודות סל)",,,62.0,0.06,56.0,68.0,"35% - תל בונד כללי , 20% - תל בונד 60 , 15% - תל בונד 50 , 15% - IBOXX HY - 15%, IBOXX IG",,גמל להשקעה,2026-09-30T21:21:21+00:00,http://www.fnx.co.il/sites/docs/genery/mediniut_ashkaa_tzfuia/gemel2024.xls,policy/companies/520023185/raw/520023185/82b2bc1f5c04_gemel2024.xls,גמל להשקעה
520023185,,,520023185|גמל להשקעה|הפניקס גמל להשקעה אג ח ללא מניות,הפניקס גמל להשקעה אג ח ללא מניות,2024,"אחר ( Co Invest, נדל""ן, קרנות השקעהתשתיות, גידור)",,,3.0,0.05,0.0,8.0,,,גמל להשקעה,2026-09-30T21:21:21+00:00,http://www.fnx.co.il/sites/docs/genery/mediniut_ashkaa_tzfuia/gemel2024.xls,policy/companies/520023185/raw/520023185/82b2bc1f5c04_gemel2024.xls,גמל להשקעה
520023185,,,520023185|גמל להשקעה|הפניקס גמל להשקעה אג ח ללא מניות,הפניקס גמל להשקעה אג ח ללא מניות,2024,מזומנים (*),,,5.0,,5.0,5.0,,,גמל להשקעה,2026-09-30T21:21:21+00:00,http://www.fnx.co.il/sites/docs/genery/mediniut_ashkaa_tzfuia/gemel2024.xls,policy/companies/520023185/raw/520023185/82b2bc1f5c04_gemel2024.xls,גמל להשקעה
520023185,,,520023185|גמל להשקעה|הפניקס גמל להשקעה אג ח ללא מניות,הפניקס גמל להשקעה אג ח ללא מניות,2024,"חשיפה למט""ח",fx,,14.0,0.06,8.0,20.0,,,גמל להשקעה,2026-09-30T21:21:21+00:00,http://www.fnx.co.il/sites/docs/genery/mediniut_ashkaa_tzfuia/gemel2024.xls,policy/companies/520023185/raw/520023185/82b2bc1f5c04_gemel2024.xls,גמל להשקעה
520023185,,,520023185|גמל להשקעה|הפניקס גמל להשקעה אג ח ללא מניות,הפניקס גמל להשקעה אג ח ללא מניות,2024,מגבלת עמלת ניהול חיצוני לשנת 2024,,,0.05,,,,,,גמל להשקעה,2026-09-30T21:21:21+00:00,http://www.fnx.co.il/sites/docs/genery/mediniut_ashkaa_tzfuia/gemel2024.xls,policy/companies/520023185/raw/520023185/82b2bc1f5c04_gemel2024.xls,גמל להשקעה
520023185,,,520023185|גמל להשקעה|הפניקס גמל להשקעה שקלי טווח קצר,הפניקס גמל להשקעה שקלי טווח קצר,2024,"אג""ח ממשלתי (צמוד, שקלי ומט""ח), 
ממשלות זרות בנטרול חשיפות בנגזרים",,,75.0,0.05,70.0,80.0,"מדד אג""ח ממשלתי כללי",,גמל להשקעה,2026-09-30T21:21:21+00:00,http://www.fnx.co.il/sites/docs/genery/mediniut_ashkaa_tzfuia/gemel2024.xls,policy/companies/520023185/raw/520023185/82b2bc1f5c04_gemel2024.xls,גמל להשקעה
520023185,,,520023185|גמל להשקעה|הפניקס גמל להשקעה שקלי טווח קצר,הפניקס גמל להשקעה שקלי טווח קצר,2024,"אג""ח קונצרני (כולל קרנות נאמנות, תעודות סל)",,,24.0,0.06,18.0,30.0,"35% - תל בונד כללי , 20% - תל בונד 60 , 15% - תל בונד 50 , 15% - IBOXX HY - 15%, IBOXX IG",,גמל להשקעה,2026-09-30T21:21:21+00:00,http://www.fnx.co.il/sites/docs/genery/mediniut_ashkaa_tzfuia/gemel2024.xls,policy/companies/520023185/raw/520023185/82b2bc1f5c04_gemel2024.xls,גמל להשקעה
520023185,,,520023185|גמל להשקעה|הפניקס גמל להשקעה שקלי טווח קצר,הפניקס גמל להשקעה שקלי טווח קצר,2024,מזומנים (*),,,1.0,,1.0,1.0,,,גמל להשקעה,2026-09-30T21:21:21+00:00,http://www.fnx.co.il/sites/docs/genery/mediniut_ashkaa_tzfuia/gemel2024.xls,policy/companies/520023185/raw/520023185/82b2bc1f5c04_gemel2024.xls,גמל להשקעה
520023185,,,520023185|גמל להשקעה|הפניקס גמל להשקעה שקלי טווח קצר,הפניקס גמל להשקעה שקלי טווח קצר,2024,"חשיפה למט""ח",fx,,0.0,0.06,0.0,6.0,,,גמל להשקעה,2026-09-30T21:21:21+00:00,http://www.fnx.co.il/sites/docs/genery/mediniut_ashkaa_tzfuia/gemel2024.xls,policy/companies/520023185/raw/520023185/82b2bc1f5c04_gemel2024.xls,גמל להשקעה
520023185,,,520023185|גמל להשקעה|הפניקס גמל להשקעה שקלי טווח קצר,הפניקס גמל להשקעה שקלי טווח קצר,2024,מגבלת עמלת ניהול חיצוני לשנת 2024,,,0.05,,,,,,גמל להשקעה,2026-09-30T21:21:21+00:00,http://www.fnx.co.il/sites/docs/genery/mediniut_ashkaa_tzfuia/gemel2024.xls,policy/companies/520023185/raw/520023185/82b2bc1f5c04_gemel2024.xls,גמל להשקעה
520023185,,,520023185|גמל להשקעה|הפניקס גמל להשקעה מניות,הפניקס גמל להשקעה מניות,2024,"מניות (כולל תעודות סל, אופציות, קרנות נאמנות)",equity,,94.0,0.06,88.0,100.0,"40%- מדד ת""א 125 ,   60%- MSCI WORLD AC",,גמל להשקעה,2026-09-30T21:21:21+00:00,http://www.fnx.co.il/sites/docs/genery/mediniut_ashkaa_tzfuia/gemel2024.xls,policy/companies/520023185/raw/520023185/82b2bc1f5c04_gemel2024.xls,גמל להשקעה
520023185,,,520023185|גמל להשקעה|הפניקס גמל להשקעה מניות,הפניקס גמל להשקעה מניות,2024,"אג""ח ממשלתי (צמוד, שקלי ומט""ח), 
ממשלות זרות בנטרול חשיפות בנגזרים",,,3.0,0.05,-2.0,8.0,"מדד אג""ח ממשלתי כללי",,גמל להשקעה,2026-09-30T21:21:21+00:00,http://www.fnx.co.il/sites/docs/genery/mediniut_ashkaa_tzfuia/gemel2024.xls,policy/companies/520023185/raw/520023185/82b2bc1f5c04_gemel2024.xls,גמל להשקעה
520023185,,,520023185|גמל להשקעה|הפניקס גמל להשקעה מניות,הפניקס גמל להשקעה מניות,2024,"אחר ( Co Invest, נדל""ן, קרנות השקעהתשתיות, גידור)",,,1.0,0.05,0.0,6.0,,,גמל להשקעה,2026-09-30T21:21:21+00:00,http://www.fnx.co.il/sites/docs/genery/mediniut_ashkaa_tzfuia/gemel2024.xls,policy/companies/520023185/raw/520023185/82b2bc1f5c04_gemel2024.xls,גמל להשקעה
520023185,,,520023185|גמל להשקעה|הפניקס גמל להשקעה מניות,הפניקס גמל להשקעה מניות,2024,מזומנים (*),,,2.0,,2.0,2.0,,,גמל להשקעה,2026-09-30T21:21:21+00:00,http://www.fnx.co.il/sites/docs/genery/mediniut_ashkaa_tzfuia/gemel2024.xls,policy/companies/520023185/raw/520023185/82b2bc1f5c04_gemel2024.xls,גמל להשקעה
520023185,,,520023185|גמל להשקעה|הפניקס גמל להשקעה מניות,הפניקס גמל להשקעה מניות,2024,"חשיפה למט""ח",fx,,29.0,0.06,23.0,35.0,,,גמל להשקעה,2026-09-30T21:21:21+00:00,http://www.fnx.co.il/sites/docs/genery/mediniut_ashkaa_tzfuia/gemel2024.xls,policy/companies/520023185/raw/520023185/82b2bc1f5c04_gemel2024.xls,גמל להשקעה
520023185,,,520023185|גמל להשקעה|הפניקס גמל להשקעה מניות,הפניקס גמל להשקעה מניות,2024,מגבלת עמלת ניהול חיצוני לשנת 2024,,,0.15,,,,,,גמל להשקעה,2026-09-30T21:21:21+00:00,http://www.fnx.co.il/sites/docs/genery/mediniut_ashkaa_tzfuia/gemel2024.xls,policy/companies/520023185/raw/520023185/82b2bc1f5c04_gemel2024.xls,גמל להשקעה
520023185,,,520023185|גמל להשקעה|הפניקס גמל להשקעה כללי פאסיבי,הפניקס גמל להשקעה כללי פאסיבי,2024,"מניות (כולל תעודות סל, אופציות, קרנות נאמנות)",equity,,44.0,0.06,38.0,50.0,MSCI WORLD AC,,גמל להשקעה,2026-09-30T21:21:21+00:00,http://www.fnx.co.il/sites/docs/genery/mediniut_ashkaa_tzfuia/gemel2024.xls,policy/companies/520023185/raw/520023185/82b2bc1f5c04_gemel2024.xls,גמל להשקעה
520023185,,,520023185|גמל להשקעה|הפניקס גמל להשקעה כללי פאסיבי,הפניקס גמל להשקעה כללי פאסיבי,2024,"אג""ח ממשלתי (צמוד, שקלי ומט""ח), 
ממשלות זרות בנטרול חשיפות בנגזרים",,,18.0,0.05,13.0,23.0,US TREASURY - 7years,,גמל להשקעה,2026-09-30T21:21:21+00:00,http://www.fnx.co.il/sites/docs/genery/mediniut_ashkaa_tzfuia/gemel2024.xls,policy/companies/520023185/raw/520023185/82b2bc1f5c04_gemel2024.xls,גמל להשקעה
520023185,,,520023185|גמל להשקעה|הפניקס גמל להשקעה כללי פאסיבי,הפניקס גמל להשקעה כללי פאסיבי,2024,"אג""ח קונצרני (כולל קרנות נאמנות, תעודות סל)",,,31.0,0.06,25.0,37.0,"50% - IBOXX HY - 50%, IBOXX IG",,גמל להשקעה,2026-09-30T21:21:21+00:00,http://www.fnx.co.il/sites/docs/genery/mediniut_ashkaa_tzfuia/gemel2024.xls,policy/companies/520023185/raw/520023185/82b2bc1f5c04_gemel2024.xls,גמל להשקעה
520023185,,,520023185|גמל להשקעה|הפניקס גמל להשקעה כללי פאסיבי,הפניקס גמל להשקעה כללי פאסיבי,2024,מזומנים (*),,,7.0,,7.0,7.0,,,גמל להשקעה,2026-09-30T21:21:21+00:00,http://www.fnx.co.il/sites/docs/genery/mediniut_ashkaa_tzfuia/gemel2024.xls,policy/companies/520023185/raw/520023185/82b2bc1f5c04_gemel2024.xls,גמל להשקעה
520023185,,,520023185|גמל להשקעה|הפניקס גמל להשקעה כללי פאסיבי,הפניקס גמל להשקעה כללי פאסיבי,2024,"חשיפה למט""ח",fx,,95.0,0.06,89.0,101.0,,,גמל להשקעה,2026-09-30T21:21:21+00:00,http://www.fnx.co.il/sites/docs/genery/mediniut_ashkaa_tzfuia/gemel2024.xls,policy/companies/520023185/raw/520023185/82b2bc1f5c04_gemel2024.xls,גמל להשקעה
520023185,,,520023185|גמל להשקעה|הפניקס גמל להשקעה כללי פאסיבי,הפניקס גמל להשקעה כללי פאסיבי,2024,מגבלת עמלת ניהול חיצוני לשנת 2024,,,0.15,,,,,,גמל להשקעה,2026-09-30T21:21:21+00:00,http://www.fnx.co.il/sites/docs/genery/mediniut_ashkaa_tzfuia/gemel2024.xls,policy/companies/520023185/raw/520023185/82b2bc1f5c04_gemel2024.xls,גמל להשקעה
520023185,,,520023185|גמל להשקעה|הפניקס גמל להשקעה מניות פאסיבי,הפניקס גמל להשקעה מניות פאסיבי,2024,"מניות (כולל תעודות סל, אופציות, קרנות נאמנות)",equity,,94.0,0.06,88.0,100.0,"מדד ת""א 125 ,",,גמל להשקעה,2026-09-30T21:21:21+00:00,http://www.fnx.co.il/sites/docs/genery/mediniut_ashkaa_tzfuia/gemel2024.xls,policy/companies/520023185/raw/520023185/82b2bc1f5c04_gemel2024.xls,גמל להשקעה
520023185,,,520023185|גמל להשקעה|הפניקס גמל להשקעה מניות פאסיבי,הפניקס גמל להשקעה מניות פאסיבי,2024,מזומנים (*),,,6.0,,6.0,6.0,,,גמל להשקעה,2026-09-30T21:21:21+00:00,http://www.fnx.co.il/sites/docs/genery/mediniut_ashkaa_tzfuia/gemel2024.xls,policy/companies/520023185/raw/520023185/82b2bc1f5c04_gemel2024.xls,גמל להשקעה
520023185,,,520023185|גמל להשקעה|הפניקס גמל להשקעה מניות פאסיבי,הפניקס גמל להשקעה מניות פאסיבי,2024,"חשיפה למט""ח",fx,,5.0,0.06,0.0,11.0,,,גמל להשקעה,2026-09-30T21:21:21+00:00,http://www.fnx.co.il/sites/docs/genery/mediniut_ashkaa_tzfuia/gemel2024.xls,policy/companies/520023185/raw/520023185/82b2bc1f5c04_gemel2024.xls,גמל להשקעה
520023185,,,520023185|גמל להשקעה|הפניקס גמל להשקעה מניות פאסיבי,הפניקס גמל להשקעה מניות פאסיבי,2024,מגבלת עמלת ניהול חיצוני לשנת 2024,,,0.1,,,,,,גמל להשקעה,2026-09-30T21:21:21+00:00,http://www.fnx.co.il/sites/docs/genery/mediniut_ashkaa_tzfuia/gemel2024.xls,policy/companies/520023185/raw/520023185/82b2bc1f5c04_gemel2024.xls,גמל להשקעה
520023185,,,520023185|גמל להשקעה|הפניקס גמל להשקעה מחקה מדד s&p 500,הפניקס גמל להשקעה מחקה מדד s&p 500,2024,"מניות (כולל תעודות סל, אופציות, קרנות נאמנות)",equity,,94.0,0.06,88.0,100.0,s&p 500,,גמל להשקעה,2026-09-30T21:21:21+00:00,http://www.fnx.co.il/sites/docs/genery/mediniut_ashkaa_tzfuia/gemel2024.xls,policy/companies/520023185/raw/520023185/82b2bc1f5c04_gemel2024.xls,גמל להשקעה
520023185,,,520023185|גמל להשקעה|הפניקס גמל להשקעה מחקה מדד s&p 500,הפניקס גמל להשקעה מחקה מדד s&p 500,2024,מזומנים (*),,,6.0,,6.0,6.0,,,גמל להשקעה,2026-09-30T21:21:21+00:00,http://www.fnx.co.il/sites/docs/genery/mediniut_ashkaa_tzfuia/gemel2024.xls,policy/companies/520023185/raw/520023185/82b2bc1f5c04_gemel2024.xls,גמל להשקעה
520023185,,,520023185|גמל להשקעה|הפניקס גמל להשקעה מחקה מדד s&p 500,הפניקס גמל להשקעה מחקה מדד s&p 500,2024,"חשיפה למט""ח",fx,,96.0,0.06,90.0,102.0,,,גמל להשקעה,2026-09-30T21:21:21+00:00,http://www.fnx.co.il/sites/docs/genery/mediniut_ashkaa_tzfuia/gemel2024.xls,policy/companies/520023185/raw/520023185/82b2bc1f5c04_gemel2024.xls,גמל להשקעה
520023185,,,520023185|גמל להשקעה|הפניקס גמל להשקעה מחקה מדד s&p 500,הפניקס גמל להשקעה מחקה מדד s&p 500,2024,מגבלת עמלת ניהול חיצוני לשנת 2024,,,0.05,,,,,,גמל להשקעה,2026-09-30T21:21:21+00:00,http://www.fnx.co.il/sites/docs/genery/mediniut_ashkaa_tzfuia/gemel2024.xls,policy/companies/520023185/raw/520023185/82b2bc1f5c04_gemel2024.xls,גמל להשקעה
520023185,,,520023185|גמל להשקעה|הפניקס גמל להשקעה שריעה,הפניקס גמל להשקעה שריעה,2024,"מניות (כולל תעודות סל, אופציות, קרנות נאמנות)",equity,,92.0,0.06,86.0,98.0,s&p 500,,גמל להשקעה,2026-09-30T21:21:21+00:00,http://www.fnx.co.il/sites/docs/genery/mediniut_ashkaa_tzfuia/gemel2024.xls,policy/companies/520023185/raw/520023185/82b2bc1f5c04_gemel2024.xls,גמל להשקעה
520023185,,,520023185|גמל להשקעה|הפניקס גמל להשקעה שריעה,הפניקס גמל להשקעה שריעה,2024,מזומנים (*),,,8.0,,8.0,8.0,,,גמל להשקעה,2026-09-30T21:21:21+00:00,http://www.fnx.co.il/sites/docs/genery/mediniut_ashkaa_tzfuia/gemel2024.xls,policy/companies/520023185/raw/520023185/82b2bc1f5c04_gemel2024.xls,גמל להשקעה
520023185,,,520023185|גמל להשקעה|הפניקס גמל להשקעה שריעה,הפניקס גמל להשקעה שריעה,2024,"חשיפה למט""ח",fx,,94.0,0.06,88.0,100.0,,,גמל להשקעה,2026-09-30T21:21:21+00:00,http://www.fnx.co.il/sites/docs/genery/mediniut_ashkaa_tzfuia/gemel2024.xls,policy/companies/520023185/raw/520023185/82b2bc1f5c04_gemel2024.xls,גמל להשקעה
520023185,,,520023185|גמל להשקעה|הפניקס גמל להשקעה שריעה,הפניקס גמל להשקעה שריעה,2024,מגבלת עמלת ניהול חיצוני לשנת 2024,,,0.05,,,,,,גמל להשקעה,2026-09-30T21:21:21+00:00,http://www.fnx.co.il/sites/docs/genery/mediniut_ashkaa_tzfuia/gemel2024.xls,policy/companies/520023185/raw/520023185/82b2bc1f5c04_gemel2024.xls,גמל להשקעה
520023185,,,520023185|חיסכון לכל ילד|הפניקס חסכון לילד סיכון מועט,הפניקס חסכון לילד סיכון מועט,2024,"מניות (כולל תעודות סל, אופציות, קרנות נאמנות)",equity,,1.0,0.06,0.0,7.0,"40%- מדד ת""א 125 ,   60%- MSCI WORLD AC",,חיסכון לכל ילד,2026-09-30T21:21:21+00:00,http://www.fnx.co.il/sites/docs/genery/mediniut_ashkaa_tzfuia/gemel2024.xls,policy/companies/520023185/raw/520023185/82b2bc1f5c04_gemel2024.xls,חיסכון לכל ילד
520023185,,,520023185|חיסכון לכל ילד|הפניקס חסכון לילד סיכון מועט,הפניקס חסכון לילד סיכון מועט,2024,"אג""ח ממשלתי (צמוד, שקלי ומט""ח), 
ממשלות זרות בנטרול חשיפות בנגזרים",,,33.0,0.05,28.0,38.0,"מדד אג""ח ממשלתי כללי",,חיסכון לכל ילד,2026-09-30T21:21:21+00:00,http://www.fnx.co.il/sites/docs/genery/mediniut_ashkaa_tzfuia/gemel2024.xls,policy/companies/520023185/raw/520023185/82b2bc1f5c04_gemel2024.xls,חיסכון לכל ילד
520023185,,,520023185|חיסכון לכל ילד|הפניקס חסכון לילד סיכון מועט,הפניקס חסכון לילד סיכון מועט,2024,"אג""ח קונצרני (כולל קרנות נאמנות, תעודות סל)",,,56.0,0.06,50.0,62.0,"35% - תל בונד כללי , 20% - תל בונד 60 , 15% - תל בונד 50 , 15% - IBOXX HY - 15%, IBOXX IG",,חיסכון לכל ילד,2026-09-30T21:21:21+00:00,http://www.fnx.co.il/sites/docs/genery/mediniut_ashkaa_tzfuia/gemel2024.xls,policy/companies/520023185/raw/520023185/82b2bc1f5c04_gemel2024.xls,חיסכון לכל ילד
520023185,,,520023185|חיסכון לכל ילד|הפניקס חסכון לילד סיכון מועט,הפניקס חסכון לילד סיכון מועט,2024,"אחר ( Co Invest, נדל""ן, קרנות השקעהתשתיות, גידור)",,,3.0,0.05,0.0,8.0,,,חיסכון לכל ילד,2026-09-30T21:21:21+00:00,http://www.fnx.co.il/sites/docs/genery/mediniut_ashkaa_tzfuia/gemel2024.xls,policy/companies/520023185/raw/520023185/82b2bc1f5c04_gemel2024.xls,חיסכון לכל ילד
520023185,,,520023185|חיסכון לכל ילד|הפניקס חסכון לילד סיכון מועט,הפניקס חסכון לילד סיכון מועט,2024,מזומנים (*),,,7.0,,2.0,2.0,,,חיסכון לכל ילד,2026-09-30T21:21:21+00:00,http://www.fnx.co.il/sites/docs/genery/mediniut_ashkaa_tzfuia/gemel2024.xls,policy/companies/520023185/raw/520023185/82b2bc1f5c04_gemel2024.xls,חיסכון לכל ילד
520023185,,,520023185|חיסכון לכל ילד|הפניקס חסכון לילד סיכון מועט,הפניקס חסכון לילד סיכון מועט,2024,"חשיפה למט""ח",fx,,12.0,0.06,6.0,18.0,,,חיסכון לכל ילד,2026-09-30T21:21:21+00:00,http://www.fnx.co.il/sites/docs/genery/mediniut_ashkaa_tzfuia/gemel2024.xls,policy/companies/520023185/raw/520023185/82b2bc1f5c04_gemel2024.xls,חיסכון לכל ילד
520023185,,,520023185|חיסכון לכל ילד|הפניקס חסכון לילד סיכון מועט,הפניקס חסכון לילד סיכון מועט,2024,מגבלת עמלת ניהול חיצוני לשנת 2024,,,0.1,,,,,,חיסכון לכל ילד,2026-09-30T21:21:21+00:00,http://www.fnx.co.il/sites/docs/genery/mediniut_ashkaa_tzfuia/gemel2024.xls,policy/companies/520023185/raw/520023185/82b2bc1f5c04_gemel2024.xls,חיסכון לכל ילד
520023185,,,520023185|חיסכון לכל ילד|הפניקס חסכון לילד סיכון מוגבר,הפניקס חסכון לילד סיכון מוגבר,2024,"מניות (כולל תעודות סל, אופציות, קרנות נאמנות)",equity,,94.0,0.06,88.0,100.0,"40%- מדד ת""א 125 ,   60%- MSCI WORLD AC",,חיסכון לכל ילד,2026-09-30T21:21:21+00:00,http://www.fnx.co.il/sites/docs/genery/mediniut_ashkaa_tzfuia/gemel2024.xls,policy/companies/520023185/raw/520023185/82b2bc1f5c04_gemel2024.xls,חיסכון לכל ילד
520023185,,,520023185|חיסכון לכל ילד|הפניקס חסכון לילד סיכון מוגבר,הפניקס חסכון לילד סיכון מוגבר,2024,"אג""ח ממשלתי (צמוד, שקלי ומט""ח), 
ממשלות זרות בנטרול חשיפות בנגזרים",,,1.0,0.05,0.0,6.0,"מדד אג""ח ממשלתי כללי",,חיסכון לכל ילד,2026-09-30T21:21:21+00:00,http://www.fnx.co.il/sites/docs/genery/mediniut_ashkaa_tzfuia/gemel2024.xls,policy/companies/520023185/raw/520023185/82b2bc1f5c04_gemel2024.xls,חיסכון לכל ילד
520023185,,,520023185|חיסכון לכל ילד|הפניקס חסכון לילד סיכון מוגבר,הפניקס חסכון לילד סיכון מוגבר,2024,מזומנים (*),,,5.0,,2.0,2.0,,,חיסכון לכל ילד,2026-09-30T21:21:21+00:00,http://www.fnx.co.il/sites/docs/genery/mediniut_ashkaa_tzfuia/gemel2024.xls,policy/companies/520023185/raw/520023185/82b2bc1f5c04_gemel2024.xls,חיסכון לכל ילד
520023185,,,520023185|חיסכון לכל ילד|הפניקס חסכון לילד סיכון מוגבר,הפניקס חסכון לילד סיכון מוגבר,2024,"חשיפה למט""ח",fx,,28.0,0.06,22.0,34.0,,,חיסכון לכל ילד,2026-09-30T21:21:21+00:00,http://www.fnx.co.il/sites/docs/genery/mediniut_ashkaa_tzfuia/gemel2024.xls,policy/companies/520023185/raw/520023185/82b2bc1f5c04_gemel2024.xls,חיסכון לכל ילד
520023185,,,520023185|חיסכון לכל ילד|הפניקס חסכון לילד סיכון מוגבר,הפניקס חסכון לילד סיכון מוגבר,2024,מגבלת עמלת ניהול חיצוני לשנת 2024,,,0.1,,,,,,חיסכון לכל ילד,2026-09-30T21:21:21+00:00,http://www.fnx.co.il/sites/docs/genery/mediniut_ashkaa_tzfuia/gemel2024.xls,policy/companies/520023185/raw/520023185/82b2bc1f5c04_gemel2024.xls,חיסכון לכל ילד
520023185,,,520023185|חיסכון לכל ילד|הפניקס חסכון לילד שריעה,הפניקס חסכון לילד שריעה,2024,"מניות (כולל תעודות סל, אופציות, קרנות נאמנות)",equity,,92.0,0.06,86.0,98.0,s&p 500,,חיסכון לכל ילד,2026-09-30T21:21:21+00:00,http://www.fnx.co.il/sites/docs/genery/mediniut_ashkaa_tzfuia/gemel2024.xls,policy/companies/520023185/raw/520023185/82b2bc1f5c04_gemel2024.xls,חיסכון לכל ילד
520023185,,,520023185|חיסכון לכל ילד|הפניקס חסכון לילד שריעה,הפניקס חסכון לילד שריעה,2024,מזומנים (*),,,8.0,,2.0,2.0,,,חיסכון לכל ילד,2026-09-30T21:21:21+00:00,http://www.fnx.co.il/sites/docs/genery/mediniut_ashkaa_tzfuia/gemel2024.xls,policy/companies/520023185/raw/520023185/82b2bc1f5c04_gemel2024.xls,חיסכון לכל ילד
520023185,,,520023185|חיסכון לכל ילד|הפניקס חסכון לילד שריעה,הפניקס חסכון לילד שריעה,2024,"חשיפה למט""ח",fx,,100.0,0.06,94.0,106.0,,,חיסכון לכל ילד,2026-09-30T21:21:21+00:00,http://www.fnx.co.il/sites/docs/genery/mediniut_ashkaa_tzfuia/gemel2024.xls,policy/companies/520023185/raw/520023185/82b2bc1f5c04_gemel2024.xls,חיסכון לכל ילד
520023185,,,520023185|חיסכון לכל ילד|הפניקס חסכון לילד שריעה,הפניקס חסכון לילד שריעה,2024,מגבלת עמלת ניהול חיצוני לשנת 2024,,,0.05,,,,,,חיסכון לכל ילד,2026-09-30T21:21:21+00:00,http://www.fnx.co.il/sites/docs/genery/mediniut_ashkaa_tzfuia/gemel2024.xls,policy/companies/520023185/raw/520023185/82b2bc1f5c04_gemel2024.xls,חיסכון לכל ילד
520023185,,,520023185|חיסכון לכל ילד|הפניקס חסכון לילד סיכון בינוני,הפניקס חסכון לילד סיכון בינוני,2024,"מניות (כולל תעודות סל, אופציות, קרנות נאמנות)",equity,,42.0,0.06,36.0,48.0,"40%- מדד ת""א 125 ,   60%- MSCI WORLD AC",,חיסכון לכל ילד,2026-09-30T21:21:21+00:00,http://www.fnx.co.il/sites/docs/genery/mediniut_ashkaa_tzfuia/gemel2024.xls,policy/companies/520023185/raw/520023185/82b2bc1f5c04_gemel2024.xls,חיסכון לכל ילד
520023185,,,520023185|חיסכון לכל ילד|הפניקס חסכון לילד סיכון בינוני,הפניקס חסכון לילד סיכון בינוני,2024,"אג""ח ממשלתי (צמוד, שקלי ומט""ח), 
ממשלות זרות בנטרול חשיפות בנגזרים",,,13.0,0.05,8.0,18.0,"מדד אג""ח ממשלתי כללי",,חיסכון לכל ילד,2026-09-30T21:21:21+00:00,http://www.fnx.co.il/sites/docs/genery/mediniut_ashkaa_tzfuia/gemel2024.xls,policy/companies/520023185/raw/520023185/82b2bc1f5c04_gemel2024.xls,חיסכון לכל ילד
520023185,,,520023185|חיסכון לכל ילד|הפניקס חסכון לילד סיכון בינוני,הפניקס חסכון לילד סיכון בינוני,2024,"אג""ח קונצרני (כולל קרנות נאמנות, תעודות סל)",,,40.0,0.06,34.0,46.0,"35% - תל בונד כללי , 20% - תל בונד 60 , 15% - תל בונד 50 , 15% - IBOXX HY - 15%, IBOXX IG",,חיסכון לכל ילד,2026-09-30T21:21:21+00:00,http://www.fnx.co.il/sites/docs/genery/mediniut_ashkaa_tzfuia/gemel2024.xls,policy/companies/520023185/raw/520023185/82b2bc1f5c04_gemel2024.xls,חיסכון לכל ילד
520023185,,,520023185|חיסכון לכל ילד|הפניקס חסכון לילד סיכון בינוני,הפניקס חסכון לילד סיכון בינוני,2024,"אחר ( Co Invest, נדל""ן, קרנות השקעהתשתיות, גידור)",,,1.0,0.05,0.0,6.0,,,חיסכון לכל ילד,2026-09-30T21:21:21+00:00,http://www.fnx.co.il/sites/docs/genery/mediniut_ashkaa_tzfuia/gemel2024.xls,policy/companies/520023185/raw/520023185/82b2bc1f5c04_gemel2024.xls,חיסכון לכל ילד
520023185,,,520023185|חיסכון לכל ילד|הפניקס חסכון לילד סיכון בינוני,הפניקס חסכון לילד סיכון בינוני,2024,מזומנים (*),,,4.0,0.05,0.0,9.0,,,חיסכון לכל ילד,2026-09-30T21:21:21+00:00,http://www.fnx.co.il/sites/docs/genery/mediniut_ashkaa_tzfuia/gemel2024.xls,policy/companies/520023185/raw/520023185/82b2bc1f5c04_gemel2024.xls,חיסכון לכל ילד
520023185,,,520023185|חיסכון לכל ילד|הפניקס חסכון לילד סיכון בינוני,הפניקס חסכון לילד סיכון בינוני,2024,"חשיפה למט""ח",fx,,22.0,0.06,16.0,28.0,,,חיסכון לכל ילד,2026-09-30T21:21:21+00:00,http://www.fnx.co.il/sites/docs/genery/mediniut_ashkaa_tzfuia/gemel2024.xls,policy/companies/520023185/raw/520023185/82b2bc1f5c04_gemel2024.xls,חיסכון לכל ילד
520023185,,,520023185|חיסכון לכל ילד|הפניקס חסכון לילד סיכון בינוני,הפניקס חסכון לילד סיכון בינוני,2024,מגבלת עמלת ניהול חיצוני לשנת 2024,,,0.1,,,,,,חיסכון לכל ילד,2026-09-30T21:21:21+00:00,http://www.fnx.co.il/sites/docs/genery/mediniut_ashkaa_tzfuia/gemel2024.xls,policy/companies/520023185/raw/520023185/82b2bc1f5c04_gemel2024.xls,חיסכון לכל ילד
520023185,,,520023185|אקסלנס ישן|מסלול מנוהל כללי 1,מסלול מנוהל כללי 1,2024,מניות,equity,,91.0,+/- 6%,85.0,97.0,"מדד ת""א 100",,אקסלנס ישן,2026-09-30T21:21:21+00:00,http://www.fnx.co.il/sites/docs/genery/mediniut_ashkaa_tzfuia/bituach2024-update0224.xls,policy/companies/520023185/raw/520023185/d2768921a73d_bituach2024-update0224.xls, אקסלנס ישן
520023185,,,520023185|אקסלנס ישן|מסלול מנוהל כללי 1,מסלול מנוהל כללי 1,2024,מזומנים,,,9.0,+/- 5%,4.0,14.0,"מדד מק""מ",,אקסלנס ישן,2026-09-30T21:21:21+00:00,http://www.fnx.co.il/sites/docs/genery/mediniut_ashkaa_tzfuia/bituach2024-update0224.xls,policy/companies/520023185/raw/520023185/d2768921a73d_bituach2024-update0224.xls, אקסלנס ישן
520023185,,,520023185|פנסיה תלוי גיל פאסיבי|הפניקס פנסיה מקיפה מסלול פאסיבי לבני 50 ומטה,הפניקס פנסיה מקיפה מסלול פאסיבי לבני 50 ומטה,2024,"מניות (כולל תעודות סל, אופציות, קרנות נאמנות)",equity,,61.0,0.06,55.0,67.0,MSCI EM,,פנסיה תלוי גיל פאסיבי,2026-09-30T21:21:21+00:00,http://www.fnx.co.il/sites/docs/genery/mediniut_ashkaa_tzfuia/pension2024-update0224.xls,policy/companies/520023185/raw/520023185/48f75f349c9f_pension2024-update0224.xls,פנסיה תלוי גיל פאסיבי
520023185,,,520023185|פנסיה תלוי גיל פאסיבי|הפניקס פנסיה מקיפה מסלול פאסיבי לבני 50 ומטה,הפניקס פנסיה מקיפה מסלול פאסיבי לבני 50 ומטה,2024,"אג""ח ממשלתי (צמוד, שקלי ומט""ח), ממשלות",,,0.0,0.05,0.0,5.0,משקל שחר 0-2,,פנסיה תלוי גיל פאסיבי,2026-09-30T21:21:21+00:00,http://www.fnx.co.il/sites/docs/genery/mediniut_ashkaa_tzfuia/pension2024-update0224.xls,policy/companies/520023185/raw/520023185/48f75f349c9f_pension2024-update0224.xls,פנסיה תלוי גיל פאסיבי
520023185,,,520023185|פנסיה תלוי גיל פאסיבי|הפניקס פנסיה מקיפה מסלול פאסיבי לבני 50 ומטה,הפניקס פנסיה מקיפה מסלול פאסיבי לבני 50 ומטה,2024,"אג""ח מיועדות ורכיב מבטיח תשואה(***)",,,27.0,0.05,22.0,32.0,,,פנסיה תלוי גיל פאסיבי,2026-09-30T21:21:21+00:00,http://www.fnx.co.il/sites/docs/genery/mediniut_ashkaa_tzfuia/pension2024-update0224.xls,policy/companies/520023185/raw/520023185/48f75f349c9f_pension2024-update0224.xls,פנסיה תלוי גיל פאסיבי
520023185,,,520023185|פנסיה תלוי גיל פאסיבי|הפניקס פנסיה מקיפה מסלול פאסיבי לבני 50 ומטה,הפניקס פנסיה מקיפה מסלול פאסיבי לבני 50 ומטה,2024,"אג""ח קונצרני (כולל קרנות נאמנות, תעודות סל)",,,11.0,0.06,5.0,17.0,JCMBCOMP,,פנסיה תלוי גיל פאסיבי,2026-09-30T21:21:21+00:00,http://www.fnx.co.il/sites/docs/genery/mediniut_ashkaa_tzfuia/pension2024-update0224.xls,policy/companies/520023185/raw/520023185/48f75f349c9f_pension2024-update0224.xls,פנסיה תלוי גיל פאסיבי
520023185,,,520023185|פנסיה תלוי גיל פאסיבי|הפניקס פנסיה מקיפה מסלול פאסיבי לבני 50 ומטה,הפניקס פנסיה מקיפה מסלול פאסיבי לבני 50 ומטה,2024,אחר,,,0.0,0.05,0.0,5.0,,,פנסיה תלוי גיל פאסיבי,2026-09-30T21:21:21+00:00,http://www.fnx.co.il/sites/docs/genery/mediniut_ashkaa_tzfuia/pension2024-update0224.xls,policy/companies/520023185/raw/520023185/48f75f349c9f_pension2024-update0224.xls,פנסיה תלוי גיל פאסיבי
520023185,,,520023185|פנסיה תלוי גיל פאסיבי|הפניקס פנסיה מקיפה מסלול פאסיבי לבני 50 ומטה,הפניקס פנסיה מקיפה מסלול פאסיבי לבני 50 ומטה,2024,מזומנים (*),,,1.0,,,,"ריבית פח""ק",,פנסיה תלוי גיל פאסיבי,2026-09-30T21:21:21+00:00,http://www.fnx.co.il/sites/docs/genery/mediniut_ashkaa_tzfuia/pension2024-update0224.xls,policy/companies/520023185/raw/520023185/48f75f349c9f_pension2024-update0224.xls,פנסיה תלוי גיל פאסיבי
520023185,,,520023185|פנסיה תלוי גיל פאסיבי|הפניקס פנסיה מקיפה מסלול פאסיבי לבני 50 ומטה,הפניקס פנסיה מקיפה מסלול פאסיבי לבני 50 ומטה,2024,"חשיפה למט""ח",fx,,24.0,0.06,18.0,30.0,,,פנסיה תלוי גיל פאסיבי,2026-09-30T21:21:21+00:00,http://www.fnx.co.il/sites/docs/genery/mediniut_ashkaa_tzfuia/pension2024-update0224.xls,policy/companies/520023185/raw/520023185/48f75f349c9f_pension2024-update0224.xls,פנסיה תלוי גיל פאסיבי
520023185,,,520023185|פנסיה תלוי גיל פאסיבי|הפניקס פנסיה מקיפה מסלול פאסיבי לבני 50 ומטה,הפניקס פנסיה מקיפה מסלול פאסיבי לבני 50 ומטה,2024,מגבלת עמלת ניהול חיצוני לשנת 2024,,,0.1,,,,,,פנסיה תלוי גיל פאסיבי,2026-09-30T21:21:21+00:00,http://www.fnx.co.il/sites/docs/genery/mediniut_ashkaa_tzfuia/pension2024-update0224.xls,policy/companies/520023185/raw/520023185/48f75f349c9f_pension2024-update0224.xls,פנסיה תלוי גיל פאסיבי
520023185,,,520023185|פנסיה תלוי גיל פאסיבי|הפניקס פנסיה מקיפה מסלול פאסיבי לבני 50 עד 60,הפניקס פנסיה מקיפה מסלול פאסיבי לבני 50 עד 60,2024,"מניות (כולל תעודות סל, אופציות, קרנות נאמנות)",equity,,46.0,0.06,40.0,52.0,MSCI EM,,פנסיה תלוי גיל פאסיבי,2026-09-30T21:21:21+00:00,http://www.fnx.co.il/sites/docs/genery/mediniut_ashkaa_tzfuia/pension2024-update0224.xls,policy/companies/520023185/raw/520023185/48f75f349c9f_pension2024-update0224.xls,פנסיה תלוי גיל פאסיבי
520023185,,,520023185|פנסיה תלוי גיל פאסיבי|הפניקס פנסיה מקיפה מסלול פאסיבי לבני 50 עד 60,הפניקס פנסיה מקיפה מסלול פאסיבי לבני 50 עד 60,2024,"אג""ח ממשלתי (צמוד, שקלי ומט""ח), ממשלות",,,2.0,0.05,0.0,7.0,משקל שחר 0-2,,פנסיה תלוי גיל פאסיבי,2026-09-30T21:21:21+00:00,http://www.fnx.co.il/sites/docs/genery/mediniut_ashkaa_tzfuia/pension2024-update0224.xls,policy/companies/520023185/raw/520023185/48f75f349c9f_pension2024-update0224.xls,פנסיה תלוי גיל פאסיבי
520023185,,,520023185|פנסיה תלוי גיל פאסיבי|הפניקס פנסיה מקיפה מסלול פאסיבי לבני 50 עד 60,הפניקס פנסיה מקיפה מסלול פאסיבי לבני 50 עד 60,2024,"אג""ח מיועדות ורכיב מבטיח תשואה(***)",,,27.0,0.06,21.0,33.0,,,פנסיה תלוי גיל פאסיבי,2026-09-30T21:21:21+00:00,http://www.fnx.co.il/sites/docs/genery/mediniut_ashkaa_tzfuia/pension2024-update0224.xls,policy/companies/520023185/raw/520023185/48f75f349c9f_pension2024-update0224.xls,פנסיה תלוי גיל פאסיבי
520023185,,,520023185|פנסיה תלוי גיל פאסיבי|הפניקס פנסיה מקיפה מסלול פאסיבי לבני 50 עד 60,הפניקס פנסיה מקיפה מסלול פאסיבי לבני 50 עד 60,2024,"אג""ח קונצרני (כולל קרנות נאמנות, תעודות סל)",,,22.0,0.06,16.0,28.0,JCMBCOMP,,פנסיה תלוי גיל פאסיבי,2026-09-30T21:21:21+00:00,http://www.fnx.co.il/sites/docs/genery/mediniut_ashkaa_tzfuia/pension2024-update0224.xls,policy/companies/520023185/raw/520023185/48f75f349c9f_pension2024-update0224.xls,פנסיה תלוי גיל פאסיבי
520023185,,,520023185|פנסיה תלוי גיל פאסיבי|הפניקס פנסיה מקיפה מסלול פאסיבי לבני 50 עד 60,הפניקס פנסיה מקיפה מסלול פאסיבי לבני 50 עד 60,2024,אחר,,,0.0,0.05,0.0,5.0,,,פנסיה תלוי גיל פאסיבי,2026-09-30T21:21:21+00:00,http://www.fnx.co.il/sites/docs/genery/mediniut_ashkaa_tzfuia/pension2024-update0224.xls,policy/companies/520023185/raw/520023185/48f75f349c9f_pension2024-update0224.xls,פנסיה תלוי גיל פאסיבי
520023185,,,520023185|פנסיה תלוי גיל פאסיבי|הפניקס פנסיה מקיפה מסלול פאסיבי לבני 50 עד 60,הפניקס פנסיה מקיפה מסלול פאסיבי לבני 50 עד 60,2024,מזומנים (*),,,3.0,,,,"ריבית פח""ק",,פנסיה תלוי גיל פאסיבי,2026-09-30T21:21:21+00:00,http://www.fnx.co.il/sites/docs/genery/mediniut_ashkaa_tzfuia/pension2024-update0224.xls,policy/companies/520023185/raw/520023185/48f75f349c9f_pension2024-update0224.xls,פנסיה תלוי גיל פאסיבי
520023185,,,520023185|פנסיה תלוי גיל פאסיבי|הפניקס פנסיה מקיפה מסלול פאסיבי לבני 50 עד 60,הפניקס פנסיה מקיפה מסלול פאסיבי לבני 50 עד 60,2024,"חשיפה למט""ח",fx,,22.0,0.06,16.0,28.0,,,פנסיה תלוי גיל פאסיבי,2026-09-30T21:21:21+00:00,http://www.fnx.co.il/sites/docs/genery/mediniut_ashkaa_tzfuia/pension2024-update0224.xls,policy/companies/520023185/raw/520023185/48f75f349c9f_pension2024-update0224.xls,פנסיה תלוי גיל פאסיבי
520023185,,,520023185|פנסיה תלוי גיל פאסיבי|הפניקס פנסיה מקיפה מסלול פאסיבי לבני 50 עד 60,הפניקס פנסיה מקיפה מסלול פאסיבי לבני 50 עד 60,2024,מגבלת עמלת ניהול חיצוני לשנת 2024,,,0.1,,,,,,פנסיה תלוי גיל פאסיבי,2026-09-30T21:21:21+00:00,http://www.fnx.co.il/sites/docs/genery/mediniut_ashkaa_tzfuia/pension2024-update0224.xls,policy/companies/520023185/raw/520023185/48f75f349c9f_pension2024-update0224.xls,פנסיה תלוי גיל פאסיבי
520023185,,,520023185|פנסיה תלוי גיל פאסיבי|הפניקס פנסיה מקיפה מסלול פאסיבי לבני 60 ומעלה,הפניקס פנסיה מקיפה מסלול פאסיבי לבני 60 ומעלה,2024,"מניות (כולל תעודות סל, אופציות, קרנות נאמנות)",equity,,25.0,0.06,19.0,31.0,TPX,,פנסיה תלוי גיל פאסיבי,2026-09-30T21:21:21+00:00,http://www.fnx.co.il/sites/docs/genery/mediniut_ashkaa_tzfuia/pension2024-update0224.xls,policy/companies/520023185/raw/520023185/48f75f349c9f_pension2024-update0224.xls,פנסיה תלוי גיל פאסיבי
520023185,,,520023185|פנסיה תלוי גיל פאסיבי|הפניקס פנסיה מקיפה מסלול פאסיבי לבני 60 ומעלה,הפניקס פנסיה מקיפה מסלול פאסיבי לבני 60 ומעלה,2024,"אג""ח ממשלתי (צמוד, שקלי ומט""ח), ממשלות",,,13.0,0.05,8.0,18.0,משקל שחר 0-2,,פנסיה תלוי גיל פאסיבי,2026-09-30T21:21:21+00:00,http://www.fnx.co.il/sites/docs/genery/mediniut_ashkaa_tzfuia/pension2024-update0224.xls,policy/companies/520023185/raw/520023185/48f75f349c9f_pension2024-update0224.xls,פנסיה תלוי גיל פאסיבי
520023185,,,520023185|פנסיה תלוי גיל פאסיבי|הפניקס פנסיה מקיפה מסלול פאסיבי לבני 60 ומעלה,הפניקס פנסיה מקיפה מסלול פאסיבי לבני 60 ומעלה,2024,"אג""ח מיועדות ורכיב מבטיח תשואה(***)",,,27.0,0.05,22.0,32.0,,,פנסיה תלוי גיל פאסיבי,2026-09-30T21:21:21+00:00,http://www.fnx.co.il/sites/docs/genery/mediniut_ashkaa_tzfuia/pension2024-update0224.xls,policy/companies/520023185/raw/520023185/48f75f349c9f_pension2024-update0224.xls,פנסיה תלוי גיל פאסיבי
520023185,,,520023185|פנסיה תלוי גיל פאסיבי|הפניקס פנסיה מקיפה מסלול פאסיבי לבני 60 ומעלה,הפניקס פנסיה מקיפה מסלול פאסיבי לבני 60 ומעלה,2024,"אג""ח קונצרני (כולל קרנות נאמנות, תעודות סל)",,,31.0,0.06,25.0,37.0,JCMBCOMP,,פנסיה תלוי גיל פאסיבי,2026-09-30T21:21:21+00:00,http://www.fnx.co.il/sites/docs/genery/mediniut_ashkaa_tzfuia/pension2024-update0224.xls,policy/companies/520023185/raw/520023185/48f75f349c9f_pension2024-update0224.xls,פנסיה תלוי גיל פאסיבי
520023185,,,520023185|פנסיה תלוי גיל פאסיבי|הפניקס פנסיה מקיפה מסלול פאסיבי לבני 60 ומעלה,הפניקס פנסיה מקיפה מסלול פאסיבי לבני 60 ומעלה,2024,אחר,,,0.0,0.05,0.0,5.0,,,פנסיה תלוי גיל פאסיבי,2026-09-30T21:21:21+00:00,http://www.fnx.co.il/sites/docs/genery/mediniut_ashkaa_tzfuia/pension2024-update0224.xls,policy/companies/520023185/raw/520023185/48f75f349c9f_pension2024-update0224.xls,פנסיה תלוי גיל פאסיבי
520023185,,,520023185|פנסיה תלוי גיל פאסיבי|הפניקס פנסיה מקיפה מסלול פאסיבי לבני 60 ומעלה,הפניקס פנסיה מקיפה מסלול פאסיבי לבני 60 ומעלה,2024,מזומנים (*),,,4.0,,,,"ריבית פח""ק",,פנסיה תלוי גיל פאסיבי,2026-09-30T21:21:21+00:00,http://www.fnx.co.il/sites/docs/genery/mediniut_ashkaa_tzfuia/pension2024-update0224.xls,policy/companies/520023185/raw/520023185/48f75f349c9f_pension2024-update0224.xls,פנסיה תלוי גיל פאסיבי
520023185,,,520023185|פנסיה תלוי גיל פאסיבי|הפניקס פנסיה מקיפה מסלול פאסיבי לבני 60 ומעלה,הפניקס פנסיה מקיפה מסלול פאסיבי לבני 60 ומעלה,2024,"חשיפה למט""ח",fx,,18.0,0.06,12.0,24.0,,,פנסיה תלוי גיל פאסיבי,2026-09-30T21:21:21+00:00,http://www.fnx.co.il/sites/docs/genery/mediniut_ashkaa_tzfuia/pension2024-update0224.xls,policy/companies/520023185/raw/520023185/48f75f349c9f_pension2024-update0224.xls,פנסיה תלוי גיל פאסיבי
520023185,,,520023185|פנסיה תלוי גיל פאסיבי|הפניקס פנסיה מקיפה מסלול פאסיבי לבני 60 ומעלה,הפניקס פנסיה מקיפה מסלול פאסיבי לבני 60 ומעלה,2024,מגבלת עמלת ניהול חיצוני לשנת 2024,,,0.1,,,,,,פנסיה תלוי גיל פאסיבי,2026-09-30T21:21:21+00:00,http://www.fnx.co.il/sites/docs/genery/mediniut_ashkaa_tzfuia/pension2024-update0224.xls,policy/companies/520023185/raw/520023185/48f75f349c9f_pension2024-update0224.xls,פנסיה תלוי גיל פאסיבי
520023185,,,520023185|פנסיה מקיפה משולב סחיר|פנסיה מקיפה מסלול משולב סחיר,פנסיה מקיפה מסלול משולב סחיר,2024,"מניות (תעודות סל, אופציות, קרנות נאמנות)",equity,,46.0,0.06,40.0,52.0,"35%- מדד ת""א 125 ,   65%- MSCI WORLD AC",,פנסיה מקיפה משולב סחיר,2026-09-30T21:21:21+00:00,http://www.fnx.co.il/sites/docs/genery/mediniut_ashkaa_tzfuia/pension2024-update0224.xls,policy/companies/520023185/raw/520023185/48f75f349c9f_pension2024-update0224.xls,פנסיה מקיפה משולב סחיר
520023185,,,520023185|פנסיה מקיפה משולב סחיר|פנסיה מקיפה מסלול משולב סחיר,פנסיה מקיפה מסלול משולב סחיר,2024,"אג""ח ממשלתי (צמוד, שקלי ומט""ח), ממשלות זרות בנטרול חשיפות בנגזרים",,,4.0,0.05,0.0,9.0,"מדד אג""ח ממשלתי כללי",,פנסיה מקיפה משולב סחיר,2026-09-30T21:21:21+00:00,http://www.fnx.co.il/sites/docs/genery/mediniut_ashkaa_tzfuia/pension2024-update0224.xls,policy/companies/520023185/raw/520023185/48f75f349c9f_pension2024-update0224.xls,פנסיה מקיפה משולב סחיר
520023185,,,520023185|פנסיה מקיפה משולב סחיר|פנסיה מקיפה מסלול משולב סחיר,פנסיה מקיפה מסלול משולב סחיר,2024,"אג""ח מיועדות ורכיב מבטיח תשואה(***)",,,27.0,0.05,22.0,32.0,,,פנסיה מקיפה משולב סחיר,2026-09-30T21:21:21+00:00,http://www.fnx.co.il/sites/docs/genery/mediniut_ashkaa_tzfuia/pension2024-update0224.xls,policy/companies/520023185/raw/520023185/48f75f349c9f_pension2024-update0224.xls,פנסיה מקיפה משולב סחיר
520023185,,,520023185|פנסיה מקיפה משולב סחיר|פנסיה מקיפה מסלול משולב סחיר,פנסיה מקיפה מסלול משולב סחיר,2024,"אג""ח קונצרני (כולל קרנות נאמנות, תעודות סל)",,,20.0,0.06,14.0,26.0,"35% - תל בונד כללי , 20% - תל בונד 60 , 15% - תל בונד 50 , 15% - IBOXX HY - 15%, IBOXX IG",,פנסיה מקיפה משולב סחיר,2026-09-30T21:21:21+00:00,http://www.fnx.co.il/sites/docs/genery/mediniut_ashkaa_tzfuia/pension2024-update0224.xls,policy/companies/520023185/raw/520023185/48f75f349c9f_pension2024-update0224.xls,פנסיה מקיפה משולב סחיר
520023185,,,520023185|פנסיה מקיפה משולב סחיר|פנסיה מקיפה מסלול משולב סחיר,פנסיה מקיפה מסלול משולב סחיר,2024,מזומנים (*),,,3.0,,,,,,פנסיה מקיפה משולב סחיר,2026-09-30T21:21:21+00:00,http://www.fnx.co.il/sites/docs/genery/mediniut_ashkaa_tzfuia/pension2024-update0224.xls,policy/companies/520023185/raw/520023185/48f75f349c9f_pension2024-update0224.xls,פנסיה מקיפה משולב סחיר
520023185,,,520023185|פנסיה מקיפה משולב סחיר|פנסיה מקיפה מסלול משולב סחיר,פנסיה מקיפה מסלול משולב סחיר,2024,"חשיפה למט""ח",fx,,18.0,0.06,12.0,24.0,,,פנסיה מקיפה משולב סחיר,2026-09-30T21:21:21+00:00,http://www.fnx.co.il/sites/docs/genery/mediniut_ashkaa_tzfuia/pension2024-update0224.xls,policy/companies/520023185/raw/520023185/48f75f349c9f_pension2024-update0224.xls,פנסיה מקיפה משולב סחיר
520023185,,,520023185|פנסיה מקיפה משולב סחיר|פנסיה מקיפה מסלול משולב סחיר,פנסיה מקיפה מסלול משולב סחיר,2024,מגבלת עמלת ניהול חיצוני לשנת 2024,,,0.05,,,,,,פנסיה מקיפה משולב סחיר,2026-09-30T21:21:21+00:00,http://www.fnx.co.il/sites/docs/genery/mediniut_ashkaa_tzfuia/pension2024-update0224.xls,policy/companies/520023185/raw/520023185/48f75f349c9f_pension2024-update0224.xls,פנסיה מקיפה משולב סחיר
520023185,,,520023185|פנסיה מקיפה משולב סחיר|הפניקס פנסיה מקיפה מסלול כללי,הפניקס פנסיה מקיפה מסלול כללי,2024,"מניות (כולל תעודות סל, אופציות, קרנות נאמנות)",equity,,,+/- 6%,28.0,40.0,,,פנסיה מקיפה משולב סחיר,2026-09-30T21:21:21+00:00,http://www.fnx.co.il/sites/docs/genery/mediniut_ashkaa_tzfuia/pension2024-update0224.xls,policy/companies/520023185/raw/520023185/48f75f349c9f_pension2024-update0224.xls,פנסיה מקיפה משולב סחיר
520023185,,,520023185|פנסיה מקיפה משולב סחיר|הפניקס פנסיה מקיפה מסלול כללי,הפניקס פנסיה מקיפה מסלול כללי,2024,"אג""ח ממשלתי (צמוד, שקלי ומט""ח), ממשלות זרות בנטרול חשיפות בנגזרים1",,,,+/- 5%,33.0,43.0,,,פנסיה מקיפה משולב סחיר,2026-09-30T21:21:21+00:00,http://www.fnx.co.il/sites/docs/genery/mediniut_ashkaa_tzfuia/pension2024-update0224.xls,policy/companies/520023185/raw/520023185/48f75f349c9f_pension2024-update0224.xls,פנסיה מקיפה משולב סחיר
520023185,,,520023185|פנסיה מקיפה משולב סחיר|הפניקס פנסיה מקיפה מסלול כללי,הפניקס פנסיה מקיפה מסלול כללי,2024,"אג""ח קונצרני (קרנות נאמנות, תעודות סל)",,,,+/- 6%,17.0,29.0,,,פנסיה מקיפה משולב סחיר,2026-09-30T21:21:21+00:00,http://www.fnx.co.il/sites/docs/genery/mediniut_ashkaa_tzfuia/pension2024-update0224.xls,policy/companies/520023185/raw/520023185/48f75f349c9f_pension2024-update0224.xls,פנסיה מקיפה משולב סחיר
520023185,,,520023185|פנסיה מקיפה משולב סחיר|הפניקס פנסיה מקיפה מסלול כללי,הפניקס פנסיה מקיפה מסלול כללי,2024,"נדל""ן",,,,+/- 5%,0.0,9.0,,,פנסיה מקיפה משולב סחיר,2026-09-30T21:21:21+00:00,http://www.fnx.co.il/sites/docs/genery/mediniut_ashkaa_tzfuia/pension2024-update0224.xls,policy/companies/520023185/raw/520023185/48f75f349c9f_pension2024-update0224.xls,פנסיה מקיפה משולב סחיר
520023185,,,520023185|פנסיה מקיפה משולב סחיר|הפניקס פנסיה מקיפה מסלול כללי,הפניקס פנסיה מקיפה מסלול כללי,2024,"אחר (קרנות השקעה, PE, VC, קרדיט, גידור)",,,,+/- 5%,0.0,5.0,,,פנסיה מקיפה משולב סחיר,2026-09-30T21:21:21+00:00,http://www.fnx.co.il/sites/docs/genery/mediniut_ashkaa_tzfuia/pension2024-update0224.xls,policy/companies/520023185/raw/520023185/48f75f349c9f_pension2024-update0224.xls,פנסיה מקיפה משולב סחיר
520023185,,,520023185|פנסיה מקיפה משולב סחיר|הפניקס פנסיה מקיפה מסלול כללי,הפניקס פנסיה מקיפה מסלול כללי,2024,מזומנים (בנטרול נגזרים),,,,+/- 5%,0.0,6.0,,,פנסיה מקיפה משולב סחיר,2026-09-30T21:21:21+00:00,http://www.fnx.co.il/sites/docs/genery/mediniut_ashkaa_tzfuia/pension2024-update0224.xls,policy/companies/520023185/raw/520023185/48f75f349c9f_pension2024-update0224.xls,פנסיה מקיפה משולב סחיר
520023185,,,520023185|פנסיה מקיפה משולב סחיר|הפניקס פנסיה מקיפה מסלול כללי,הפניקס פנסיה מקיפה מסלול כללי,2024,"חשיפה למט""ח",fx,,,+/- 6%,10.0,22.0,,,פנסיה מקיפה משולב סחיר,2026-09-30T21:21:21+00:00,http://www.fnx.co.il/sites/docs/genery/mediniut_ashkaa_tzfuia/pension2024-update0224.xls,policy/companies/520023185/raw/520023185/48f75f349c9f_pension2024-update0224.xls,פנסיה מקיפה משולב סחיר
520023185,,,520023185|מקיפה עוקב מדדים גמיש|פנסיה מקיפה מסלול עוקב מדדים גמיש,פנסיה מקיפה מסלול עוקב מדדים גמיש,2024,"מניות (כולל תעודות סל, אופציות, קרנות נאמנות)",equity,,46.0,0.06,40.0,52.0,MSCI EM,,מקיפה עוקב מדדים גמיש,2026-09-30T21:21:21+00:00,http://www.fnx.co.il/sites/docs/genery/mediniut_ashkaa_tzfuia/pension2024-update0224.xls,policy/companies/520023185/raw/520023185/48f75f349c9f_pension2024-update0224.xls,מקיפה עוקב מדדים גמיש
520023185,,,520023185|מקיפה עוקב מדדים גמיש|פנסיה מקיפה מסלול עוקב מדדים גמיש,פנסיה מקיפה מסלול עוקב מדדים גמיש,2024,"אג""ח ממשלתי (צמוד, שקלי ומט""ח), ממשלות",,,3.0,0.05,0.0,8.0,משקל שחר 0-2,,מקיפה עוקב מדדים גמיש,2026-09-30T21:21:21+00:00,http://www.fnx.co.il/sites/docs/genery/mediniut_ashkaa_tzfuia/pension2024-update0224.xls,policy/companies/520023185/raw/520023185/48f75f349c9f_pension2024-update0224.xls,מקיפה עוקב מדדים גמיש
520023185,,,520023185|מקיפה עוקב מדדים גמיש|פנסיה מקיפה מסלול עוקב מדדים גמיש,פנסיה מקיפה מסלול עוקב מדדים גמיש,2024,"אג""ח מיועדות ורכיב מבטיח תשואה(***)",,,27.0,0.05,22.0,32.0,,,מקיפה עוקב מדדים גמיש,2026-09-30T21:21:21+00:00,http://www.fnx.co.il/sites/docs/genery/mediniut_ashkaa_tzfuia/pension2024-update0224.xls,policy/companies/520023185/raw/520023185/48f75f349c9f_pension2024-update0224.xls,מקיפה עוקב מדדים גמיש
520023185,,,520023185|מקיפה עוקב מדדים גמיש|פנסיה מקיפה מסלול עוקב מדדים גמיש,פנסיה מקיפה מסלול עוקב מדדים גמיש,2024,"אג""ח קונצרני (כולל קרנות נאמנות, תעודות סל)",,,22.0,0.06,16.0,28.0,JCMBCOMP,,מקיפה עוקב מדדים גמיש,2026-09-30T21:21:21+00:00,http://www.fnx.co.il/sites/docs/genery/mediniut_ashkaa_tzfuia/pension2024-update0224.xls,policy/companies/520023185/raw/520023185/48f75f349c9f_pension2024-update0224.xls,מקיפה עוקב מדדים גמיש
520023185,,,520023185|מקיפה עוקב מדדים גמיש|פנסיה מקיפה מסלול עוקב מדדים גמיש,פנסיה מקיפה מסלול עוקב מדדים גמיש,2024,אחר,,,0.0,0.05,0.0,5.0,,,מקיפה עוקב מדדים גמיש,2026-09-30T21:21:21+00:00,http://www.fnx.co.il/sites/docs/genery/mediniut_ashkaa_tzfuia/pension2024-update0224.xls,policy/companies/520023185/raw/520023185/48f75f349c9f_pension2024-update0224.xls,מקיפה עוקב מדדים גמיש
520023185,,,520023185|מקיפה עוקב מדדים גמיש|פנסיה מקיפה מסלול עוקב מדדים גמיש,פנסיה מקיפה מסלול עוקב מדדים גמיש,2024,מזומנים (*),,,2.0,,,,"ריבית פח""ק",,מקיפה עוקב מדדים גמיש,2026-09-30T21:21:21+00:00,http://www.fnx.co.il/sites/docs/genery/mediniut_ashkaa_tzfuia/pension2024-update0224.xls,policy/companies/520023185/raw/520023185/48f75f349c9f_pension2024-update0224.xls,מקיפה עוקב מדדים גמיש
520023185,,,520023185|מקיפה עוקב מדדים גמיש|פנסיה מקיפה מסלול עוקב מדדים גמיש,פנסיה מקיפה מסלול עוקב מדדים גמיש,2024,"חשיפה למט""ח",fx,,20.0,0.06,14.0,26.0,,,מקיפה עוקב מדדים גמיש,2026-09-30T21:21:21+00:00,http://www.fnx.co.il/sites/docs/genery/mediniut_ashkaa_tzfuia/pension2024-update0224.xls,policy/companies/520023185/raw/520023185/48f75f349c9f_pension2024-update0224.xls,מקיפה עוקב מדדים גמיש
520023185,,,520023185|מקיפה עוקב מדדים גמיש|פנסיה מקיפה מסלול עוקב מדדים גמיש,פנסיה מקיפה מסלול עוקב מדדים גמיש,2024,מגבלת עמלת ניהול חיצוני לשנת 2024,,,0.15,,,,,,מקיפה עוקב מדדים גמיש,2026-09-30T21:21:21+00:00,http://www.fnx.co.il/sites/docs/genery/mediniut_ashkaa_tzfuia/pension2024-update0224.xls,policy/companies/520023185/raw/520023185/48f75f349c9f_pension2024-update0224.xls,מקיפה עוקב מדדים גמיש
520023185,,,520023185|פנסיית יסוד|פנסיית יסוד,פנסיית יסוד,2024,"מניות (תעודות סל, אופציות, קרנות נאמנות)",equity,,15.0,0.06,9.0,21.0,"35%- מדד ת""א 125 ,   65%- MSCI WORLD AC",,פנסיית יסוד,2026-09-30T21:21:21+00:00,http://www.fnx.co.il/sites/docs/genery/mediniut_ashkaa_tzfuia/pension2024-update0224.xls,policy/companies/520023185/raw/520023185/48f75f349c9f_pension2024-update0224.xls,פנסיית יסוד
520023185,,,520023185|פנסיית יסוד|פנסיית יסוד,פנסיית יסוד,2024,"אג""ח ממשלתי (צמוד, שקלי ומט""ח), ממשלות זרות בנטרול חשיפות בנגזרים",,,10.0,0.05,5.0,15.0,"מדד אג""ח ממשלתי כללי",,פנסיית יסוד,2026-09-30T21:21:21+00:00,http://www.fnx.co.il/sites/docs/genery/mediniut_ashkaa_tzfuia/pension2024-update0224.xls,policy/companies/520023185/raw/520023185/48f75f349c9f_pension2024-update0224.xls,פנסיית יסוד
520023185,,,520023185|פנסיית יסוד|פנסיית יסוד,פנסיית יסוד,2024,"אג""ח מיועדות ורכיב מבטיח תשואה(***)",,,37.0,0.05,32.0,42.0,,,פנסיית יסוד,2026-09-30T21:21:21+00:00,http://www.fnx.co.il/sites/docs/genery/mediniut_ashkaa_tzfuia/pension2024-update0224.xls,policy/companies/520023185/raw/520023185/48f75f349c9f_pension2024-update0224.xls,פנסיית יסוד
520023185,,,520023185|פנסיית יסוד|פנסיית יסוד,פנסיית יסוד,2024,"אג""ח קונצרני (כולל קרנות נאמנות, תעודות סל)",,,25.0,0.06,19.0,31.0,"35% - תל בונד כללי , 20% - תל בונד 60 , 15% - תל בונד 50 , 15% - IBOXX HY - 15%, IBOXX IG",,פנסיית יסוד,2026-09-30T21:21:21+00:00,http://www.fnx.co.il/sites/docs/genery/mediniut_ashkaa_tzfuia/pension2024-update0224.xls,policy/companies/520023185/raw/520023185/48f75f349c9f_pension2024-update0224.xls,פנסיית יסוד
520023185,,,520023185|פנסיית יסוד|פנסיית יסוד,פנסיית יסוד,2024,קרנות השקעה,,,3.0,0.05,0.0,8.0,,,פנסיית יסוד,2026-09-30T21:21:21+00:00,http://www.fnx.co.il/sites/docs/genery/mediniut_ashkaa_tzfuia/pension2024-update0224.xls,policy/companies/520023185/raw/520023185/48f75f349c9f_pension2024-update0224.xls,פנסיית יסוד
520023185,,,520023185|פנסיית יסוד|פנסיית יסוד,פנסיית יסוד,2024,"אחר (Co Invest, תשתיות, גידור, נדל""ן)",,,7.0,0.05,0.0,12.0,,,פנסיית יסוד,2026-09-30T21:21:21+00:00,http://www.fnx.co.il/sites/docs/genery/mediniut_ashkaa_tzfuia/pension2024-update0224.xls,policy/companies/520023185/raw/520023185/48f75f349c9f_pension2024-update0224.xls,פנסיית יסוד
520023185,,,520023185|פנסיית יסוד|פנסיית יסוד,פנסיית יסוד,2024,מזומנים (*),,,3.0,,,,,,פנסיית יסוד,2026-09-30T21:21:21+00:00,http://www.fnx.co.il/sites/docs/genery/mediniut_ashkaa_tzfuia/pension2024-update0224.xls,policy/companies/520023185/raw/520023185/48f75f349c9f_pension2024-update0224.xls,פנסיית יסוד
520023185,,,520023185|פנסיית יסוד|פנסיית יסוד,פנסיית יסוד,2024,"חשיפה למט""ח",fx,,14.0,0.06,8.0,20.0,,,פנסיית יסוד,2026-09-30T21:21:21+00:00,http://www.fnx.co.il/sites/docs/genery/mediniut_ashkaa_tzfuia/pension2024-update0224.xls,policy/companies/520023185/raw/520023185/48f75f349c9f_pension2024-update0224.xls,פנסיית יסוד
520023185,,,520023185|פנסיית יסוד|הפניקס פנסיה מקיפה מסלול כללי,הפניקס פנסיה מקיפה מסלול כללי,2024,"מניות (כולל תעודות סל, אופציות, קרנות נאמנות)",equity,33.32,,+/- 6%,28.0,40.0,,,פנסיית יסוד,2026-09-30T21:21:21+00:00,http://www.fnx.co.il/sites/docs/genery/mediniut_ashkaa_tzfuia/pension2024-update0224.xls,policy/companies/520023185/raw/520023185/48f75f349c9f_pension2024-update0224.xls,פנסיית יסוד
520023185,,,520023185|פנסיית יסוד|הפניקס פנסיה מקיפה מסלול כללי,הפניקס פנסיה מקיפה מסלול כללי,2024,"אג""ח ממשלתי (צמוד, שקלי ומט""ח), ממשלות זרות בנטרול חשיפות בנגזרים1",,35.97,,+/- 5%,33.0,43.0,,,פנסיית יסוד,2026-09-30T21:21:21+00:00,http://www.fnx.co.il/sites/docs/genery/mediniut_ashkaa_tzfuia/pension2024-update0224.xls,policy/companies/520023185/raw/520023185/48f75f349c9f_pension2024-update0224.xls,פנסיית יסוד
520023185,,,520023185|פנסיית יסוד|הפניקס פנסיה מקיפה מסלול כללי,הפניקס פנסיה מקיפה מסלול כללי,2024,"אג""ח מיועדות",,29.71,,,,,,,פנסיית יסוד,2026-09-30T21:21:21+00:00,http://www.fnx.co.il/sites/docs/genery/mediniut_ashkaa_tzfuia/pension2024-update0224.xls,policy/companies/520023185/raw/520023185/48f75f349c9f_pension2024-update0224.xls,פנסיית יסוד
520023185,,,520023185|פנסיית יסוד|הפניקס פנסיה מקיפה מסלול כללי,הפניקס פנסיה מקיפה מסלול כללי,2024,"אג""ח קונצרני (קרנות נאמנות, תעודות סל)",,25.51,,+/- 6%,17.0,29.0,,,פנסיית יסוד,2026-09-30T21:21:21+00:00,http://www.fnx.co.il/sites/docs/genery/mediniut_ashkaa_tzfuia/pension2024-update0224.xls,policy/companies/520023185/raw/520023185/48f75f349c9f_pension2024-update0224.xls,פנסיית יסוד
520023185,,,520023185|פנסיית יסוד|הפניקס פנסיה מקיפה מסלול כללי,הפניקס פנסיה מקיפה מסלול כללי,2024,"נדל""ן",,3.88,,+/- 5%,0.0,9.0,,,פנסיית יסוד,2026-09-30T21:21:21+00:00,http://www.fnx.co.il/sites/docs/genery/mediniut_ashkaa_tzfuia/pension2024-update0224.xls,policy/companies/520023185/raw/520023185/48f75f349c9f_pension2024-update0224.xls,פנסיית יסוד
520023185,,,520023185|פנסיית יסוד|הפניקס פנסיה מקיפה מסלול כללי,הפניקס פנסיה מקיפה מסלול כללי,2024,"אחר (קרנות השקעה, PE, VC, קרדיט, גידור)",,0.61,,+/- 5%,0.0,5.0,,,פנסיית יסוד,2026-09-30T21:21:21+00:00,http://www.fnx.co.il/sites/docs/genery/mediniut_ashkaa_tzfuia/pension2024-update0224.xls,policy/companies/520023185/raw/520023185/48f75f349c9f_pension2024-update0224.xls,פנסיית יסוד
520023185,,,520023185|פנסיית יסוד|הפניקס פנסיה מקיפה מסלול כללי,הפניקס פנסיה מקיפה מסלול כללי,2024,מזומנים (בנטרול נגזרים),,0.75,,+/- 5%,0.0,6.0,,,פנסיית יסוד,2026-09-30T21:21:21+00:00,http://www.fnx.co.il/sites/docs/genery/mediniut_ashkaa_tzfuia/pension2024-update0224.xls,policy/companies/520023185/raw/520023185/48f75f349c9f_pension2024-update0224.xls,פנסיית יסוד
520023185,,,520023185|פנסיית יסוד|הפניקס פנסיה מקיפה מסלול כללי,הפניקס פנסיה מקיפה מסלול כללי,2024,"חשיפה למט""ח",fx,16.78,,+/- 6%,10.0,22.0,,,פנסיית יסוד,2026-09-30T21:21:21+00:00,http://www.fnx.co.il/sites/docs/genery/mediniut_ashkaa_tzfuia/pension2024-update0224.xls,policy/companies/520023185/raw/520023185/48f75f349c9f_pension2024-update0224.xls,פנסיית יסוד
520023185,,,520023185|עמיתי דור ביניים|עמיתי דור ביניים,עמיתי דור ביניים,2024,"מניות (תעודות סל, אופציות, קרנות נאמנות)",equity,,15.0,0.06,9.0,21.0,"35%- מדד ת""א 125 ,   65%- MSCI WORLD AC",,עמיתי דור ביניים,2026-09-30T21:21:21+00:00,http://www.fnx.co.il/sites/docs/genery/mediniut_ashkaa_tzfuia/pension2024-update0224.xls,policy/companies/520023185/raw/520023185/48f75f349c9f_pension2024-update0224.xls,עמיתי דור ביניים
520023185,,,520023185|עמיתי דור ביניים|עמיתי דור ביניים,עמיתי דור ביניים,2024,"אג""ח ממשלתי (צמוד, שקלי ומט""ח), ממשלות זרות בנטרול חשיפות בנגזרים",,,14.0,0.05,9.0,19.0,"מדד אג""ח ממשלתי כללי",,עמיתי דור ביניים,2026-09-30T21:21:21+00:00,http://www.fnx.co.il/sites/docs/genery/mediniut_ashkaa_tzfuia/pension2024-update0224.xls,policy/companies/520023185/raw/520023185/48f75f349c9f_pension2024-update0224.xls,עמיתי דור ביניים
520023185,,,520023185|עמיתי דור ביניים|עמיתי דור ביניים,עמיתי דור ביניים,2024,"אג""ח מיועדות ורכיב מבטיח תשואה(***)",,,38.0,0.05,33.0,43.0,,,עמיתי דור ביניים,2026-09-30T21:21:21+00:00,http://www.fnx.co.il/sites/docs/genery/mediniut_ashkaa_tzfuia/pension2024-update0224.xls,policy/companies/520023185/raw/520023185/48f75f349c9f_pension2024-update0224.xls,עמיתי דור ביניים
520023185,,,520023185|עמיתי דור ביניים|עמיתי דור ביניים,עמיתי דור ביניים,2024,"אג""ח קונצרני (כולל קרנות נאמנות, תעודות סל)",,,29.0,0.06,23.0,35.0,"35% - תל בונד כללי , 20% - תל בונד 60 , 15% - תל בונד 50 , 15% - IBOXX HY - 15%, IBOXX IG",,עמיתי דור ביניים,2026-09-30T21:21:21+00:00,http://www.fnx.co.il/sites/docs/genery/mediniut_ashkaa_tzfuia/pension2024-update0224.xls,policy/companies/520023185/raw/520023185/48f75f349c9f_pension2024-update0224.xls,עמיתי דור ביניים
520023185,,,520023185|עמיתי דור ביניים|עמיתי דור ביניים,עמיתי דור ביניים,2024,"אחר (קרנות השקעה,Co Invest, תשתיות, גידור,נדלן)",,,3.0,0.05,0.0,8.0,,,עמיתי דור ביניים,2026-09-30T21:21:21+00:00,http://www.fnx.co.il/sites/docs/genery/mediniut_ashkaa_tzfuia/pension2024-update0224.xls,policy/companies/520023185/raw/520023185/48f75f349c9f_pension2024-update0224.xls,עמיתי דור ביניים
520023185,,,520023185|עמיתי דור ביניים|עמיתי דור ביניים,עמיתי דור ביניים,2024,מזומנים (*),,,1.0,,,,,,עמיתי דור ביניים,2026-09-30T21:21:21+00:00,http://www.fnx.co.il/sites/docs/genery/mediniut_ashkaa_tzfuia/pension2024-update0224.xls,policy/companies/520023185/raw/520023185/48f75f349c9f_pension2024-update0224.xls,עמיתי דור ביניים
520023185,,,520023185|עמיתי דור ביניים|עמיתי דור ביניים,עמיתי דור ביניים,2024,"חשיפה למט""ח",fx,,14.0,0.06,8.0,20.0,,,עמיתי דור ביניים,2026-09-30T21:21:21+00:00,http://www.fnx.co.il/sites/docs/genery/mediniut_ashkaa_tzfuia/pension2024-update0224.xls,policy/companies/520023185/raw/520023185/48f75f349c9f_pension2024-update0224.xls,עמיתי דור ביניים
520023185,,,520023185|עמיתי דור ביניים|הפניקס פנסיה מקיפה מסלול כללי,הפניקס פנסיה מקיפה מסלול כללי,2024,"מניות (כולל תעודות סל, אופציות, קרנות נאמנות)",equity,33.32,,+/- 6%,28.0,40.0,,,עמיתי דור ביניים,2026-09-30T21:21:21+00:00,http://www.fnx.co.il/sites/docs/genery/mediniut_ashkaa_tzfuia/pension2024-update0224.xls,policy/companies/520023185/raw/520023185/48f75f349c9f_pension2024-update0224.xls,עמיתי דור ביניים
520023185,,,520023185|עמיתי דור ביניים|הפניקס פנסיה מקיפה מסלול כללי,הפניקס פנסיה מקיפה מסלול כללי,2024,"אג""ח ממשלתי (צמוד, שקלי ומט""ח), ממשלות זרות בנטרול חשיפות בנגזרים1",,35.97,,+/- 5%,33.0,43.0,,,עמיתי דור ביניים,2026-09-30T21:21:21+00:00,http://www.fnx.co.il/sites/docs/genery/mediniut_ashkaa_tzfuia/pension2024-update0224.xls,policy/companies/520023185/raw/520023185/48f75f349c9f_pension2024-update0224.xls,עמיתי דור ביניים
520023185,,,520023185|עמיתי דור ביניים|הפניקס פנסיה מקיפה מסלול כללי,הפניקס פנסיה מקיפה מסלול כללי,2024,"אג""ח מיועדות",,29.71,,,,,,,עמיתי דור ביניים,2026-09-30T21:21:21+00:00,http://www.fnx.co.il/sites/docs/genery/mediniut_ashkaa_tzfuia/pension2024-update0224.xls,policy/companies/520023185/raw/520023185/48f75f349c9f_pension2024-update0224.xls,עמיתי דור ביניים
520023185,,,520023185|עמיתי דור ביניים|הפניקס פנסיה מקיפה מסלול כללי,הפניקס פנסיה מקיפה מסלול כללי,2024,"אג""ח קונצרני (קרנות נאמנות, תעודות סל)",,25.51,,+/- 6%,17.0,29.0,,,עמיתי דור ביניים,2026-09-30T21:21:21+00:00,http://www.fnx.co.il/sites/docs/genery/mediniut_ashkaa_tzfuia/pension2024-update0224.xls,policy/companies/520023185/raw/520023185/48f75f349c9f_pension2024-update0224.xls,עמיתי דור ביניים
520023185,,,520023185|עמיתי דור ביניים|הפניקס פנסיה מקיפה מסלול כללי,הפניקס פנסיה מקיפה מסלול כללי,2024,"נדל""ן",,3.88,,+/- 5%,0.0,9.0,,,עמיתי דור ביניים,2026-09-30T21:21:21+00:00,http://www.fnx.co.il/sites/docs/genery/mediniut_ashkaa_tzfuia/pension2024-update0224.xls,policy/companies/520023185/raw/520023185/48f75f349c9f_pension2024-update0224.xls,עמיתי דור ביניים
520023185,,,520023185|עמיתי דור ביניים|הפניקס פנסיה מקיפה מסלול כללי,הפניקס פנסיה מקיפה מסלול כללי,2024,"אחר (קרנות השקעה, PE, VC, קרדיט, גידור)",,0.61,,+/- 5%,0.0,5.0,,,עמיתי דור ביניים,2026-09-30T21:21:21+00:00,http://www.fnx.co.il/sites/docs/genery/mediniut_ashkaa_tzfuia/pension2024-update0224.xls,policy/companies/520023185/raw/520023185/48f75f349c9f_pension2024-update0224.xls,עמיתי דור ביניים
520023185,,,520023185|עמיתי דור ביניים|הפניקס פנסיה מקיפה מסלול כללי,הפניקס פנסיה מקיפה מסלול כללי,2024,מזומנים (בנטרול נגזרים),,0.75,,+/- 5%,0.0,6.0,,,עמיתי דור ביניים,2026-09-30T21:21:21+00:00,http://www.fnx.co.il/sites/docs/genery/mediniut_ashkaa_tzfuia/pension2024-update0224.xls,policy/companies/520023185/raw/520023185/48f75f349c9f_pension2024-update0224.xls,עמיתי דור ביניים
520023185,,,520023185|עמיתי דור ביניים|הפניקס פנסיה מקיפה מסלול כללי,הפניקס פנסיה מקיפה מסלול כללי,2024,"חשיפה למט""ח",fx,16.78,,+/- 6%,10.0,22.0,,,עמיתי דור ביניים,2026-09-30T21:21:21+00:00,http://www.fnx.co.il/sites/docs/genery/mediniut_ashkaa_tzfuia/pension2024-update0224.xls,policy/companies/520023185/raw/520023185/48f75f349c9f_pension2024-update0224.xls,עמיתי דור ביניים
520023185,,,520023185|מקיפה - הלכה|הפניקס פנסיה מקיפה מסלול הלכה,הפניקס פנסיה מקיפה מסלול הלכה,2024,"מניות (כולל תעודות סל, אופציות, קרנות נאמנות)",equity,,44.0,0.06,38.0,50.0,"35%- מדד ת""א 125 ,   65%- MSCI WORLD AC",,מקיפה - הלכה,2026-09-30T21:21:21+00:00,http://www.fnx.co.il/sites/docs/genery/mediniut_ashkaa_tzfuia/pension2024-update0224.xls,policy/companies/520023185/raw/520023185/48f75f349c9f_pension2024-update0224.xls,מקיפה - הלכה
520023185,,,520023185|מקיפה - הלכה|הפניקס פנסיה מקיפה מסלול הלכה,הפניקס פנסיה מקיפה מסלול הלכה,2024,"אג""ח ממשלתי (צמוד, שקלי ומט""ח), ממשלות זרות בנטרול חשיפות בנגזרים",,,4.0,0.05,0.0,9.0,"מדד אג""ח ממשלתי כללי",,מקיפה - הלכה,2026-09-30T21:21:21+00:00,http://www.fnx.co.il/sites/docs/genery/mediniut_ashkaa_tzfuia/pension2024-update0224.xls,policy/companies/520023185/raw/520023185/48f75f349c9f_pension2024-update0224.xls,מקיפה - הלכה
520023185,,,520023185|מקיפה - הלכה|הפניקס פנסיה מקיפה מסלול הלכה,הפניקס פנסיה מקיפה מסלול הלכה,2024,"אג""ח מיועדות ורכיב מבטיח תשואה(***)",,,27.0,0.05,22.0,32.0,,,מקיפה - הלכה,2026-09-30T21:21:21+00:00,http://www.fnx.co.il/sites/docs/genery/mediniut_ashkaa_tzfuia/pension2024-update0224.xls,policy/companies/520023185/raw/520023185/48f75f349c9f_pension2024-update0224.xls,מקיפה - הלכה
520023185,,,520023185|מקיפה - הלכה|הפניקס פנסיה מקיפה מסלול הלכה,הפניקס פנסיה מקיפה מסלול הלכה,2024,"אג""ח קונצרני (כולל קרנות נאמנות, תעודות סל)",,,20.0,0.06,14.0,26.0,"70% - מדד תל בונד 60 , 30% - מדד BarCap Global Corporate Total Return Bond Index UnHedged",,מקיפה - הלכה,2026-09-30T21:21:21+00:00,http://www.fnx.co.il/sites/docs/genery/mediniut_ashkaa_tzfuia/pension2024-update0224.xls,policy/companies/520023185/raw/520023185/48f75f349c9f_pension2024-update0224.xls,מקיפה - הלכה
520023185,,,520023185|מקיפה - הלכה|הפניקס פנסיה מקיפה מסלול הלכה,הפניקס פנסיה מקיפה מסלול הלכה,2024,"נדל""ן",,,0.0,0.05,0.0,5.0,,,מקיפה - הלכה,2026-09-30T21:21:21+00:00,http://www.fnx.co.il/sites/docs/genery/mediniut_ashkaa_tzfuia/pension2024-update0224.xls,policy/companies/520023185/raw/520023185/48f75f349c9f_pension2024-update0224.xls,מקיפה - הלכה
520023185,,,520023185|מקיפה - הלכה|הפניקס פנסיה מקיפה מסלול הלכה,הפניקס פנסיה מקיפה מסלול הלכה,2024,"אחר (קרנות השקעה, Co Invest, תשתיות, גידור)",,,0.0,0.05,0.0,5.0,,,מקיפה - הלכה,2026-09-30T21:21:21+00:00,http://www.fnx.co.il/sites/docs/genery/mediniut_ashkaa_tzfuia/pension2024-update0224.xls,policy/companies/520023185/raw/520023185/48f75f349c9f_pension2024-update0224.xls,מקיפה - הלכה
520023185,,,520023185|מקיפה - הלכה|הפניקס פנסיה מקיפה מסלול הלכה,הפניקס פנסיה מקיפה מסלול הלכה,2024,מזומנים (*),,,5.0,,,,,,מקיפה - הלכה,2026-09-30T21:21:21+00:00,http://www.fnx.co.il/sites/docs/genery/mediniut_ashkaa_tzfuia/pension2024-update0224.xls,policy/companies/520023185/raw/520023185/48f75f349c9f_pension2024-update0224.xls,מקיפה - הלכה
520023185,,,520023185|מקיפה - הלכה|הפניקס פנסיה מקיפה מסלול הלכה,הפניקס פנסיה מקיפה מסלול הלכה,2024,"חשיפה למט""ח",fx,,20.0,0.06,14.0,26.0,,,מקיפה - הלכה,2026-09-30T21:21:21+00:00,http://www.fnx.co.il/sites/docs/genery/mediniut_ashkaa_tzfuia/pension2024-update0224.xls,policy/companies/520023185/raw/520023185/48f75f349c9f_pension2024-update0224.xls,מקיפה - הלכה
520023185,,,520023185|מקיפה - הלכה|הפניקס פנסיה מקיפה מסלול הלכה,הפניקס פנסיה מקיפה מסלול הלכה,2024,מגבלת עמלת ניהול חיצוני לשנת 2024,,,0.1,,,,,,מקיפה - הלכה,2026-09-30T21:21:21+00:00,http://www.fnx.co.il/sites/docs/genery/mediniut_ashkaa_tzfuia/pension2024-update0224.xls,policy/companies/520023185/raw/520023185/48f75f349c9f_pension2024-update0224.xls,מקיפה - הלכה
520023185,,,520023185|משלימה משולב סחיר|הפניקס פנסיה משלימה מסלול משולב סחיר,הפניקס פנסיה משלימה מסלול משולב סחיר,2024,"מניות (תעודות סל, אופציות, קרנות נאמנות)",equity,,40.0,0.06,34.0,46.0,"35%- מדד ת""א 125 ,   65%- MSCI WORLD AC",,משלימה משולב סחיר,2026-09-30T21:21:21+00:00,http://www.fnx.co.il/sites/docs/genery/mediniut_ashkaa_tzfuia/pension2024-update0224.xls,policy/companies/520023185/raw/520023185/48f75f349c9f_pension2024-update0224.xls,משלימה משולב סחיר
520023185,,,520023185|משלימה משולב סחיר|הפניקס פנסיה משלימה מסלול משולב סחיר,הפניקס פנסיה משלימה מסלול משולב סחיר,2024,"אג""ח ממשלתי (צמוד, שקלי ומט""ח), ממשלות זרות בנטרול חשיפות בנגזרים",,,24.0,0.05,19.0,29.0,"מדד אג""ח ממשלתי כללי",,משלימה משולב סחיר,2026-09-30T21:21:21+00:00,http://www.fnx.co.il/sites/docs/genery/mediniut_ashkaa_tzfuia/pension2024-update0224.xls,policy/companies/520023185/raw/520023185/48f75f349c9f_pension2024-update0224.xls,משלימה משולב סחיר
520023185,,,520023185|משלימה משולב סחיר|הפניקס פנסיה משלימה מסלול משולב סחיר,הפניקס פנסיה משלימה מסלול משולב סחיר,2024,"אג""ח קונצרני (כולל קרנות נאמנות, תעודות סל)",,,32.0,0.06,26.0,38.0,"35% - תל בונד כללי , 20% - תל בונד 60 , 15% - תל בונד 50 , 15% - IBOXX HY - 15%, IBOXX IG",,משלימה משולב סחיר,2026-09-30T21:21:21+00:00,http://www.fnx.co.il/sites/docs/genery/mediniut_ashkaa_tzfuia/pension2024-update0224.xls,policy/companies/520023185/raw/520023185/48f75f349c9f_pension2024-update0224.xls,משלימה משולב סחיר
520023185,,,520023185|משלימה משולב סחיר|הפניקס פנסיה משלימה מסלול משולב סחיר,הפניקס פנסיה משלימה מסלול משולב סחיר,2024,מזומנים (*),,,4.0,,,,,,משלימה משולב סחיר,2026-09-30T21:21:21+00:00,http://www.fnx.co.il/sites/docs/genery/mediniut_ashkaa_tzfuia/pension2024-update0224.xls,policy/companies/520023185/raw/520023185/48f75f349c9f_pension2024-update0224.xls,משלימה משולב סחיר
520023185,,,520023185|משלימה משולב סחיר|הפניקס פנסיה משלימה מסלול משולב סחיר,הפניקס פנסיה משלימה מסלול משולב סחיר,2024,"חשיפה למט""ח",fx,,19.0,0.06,13.0,25.0,,,משלימה משולב סחיר,2026-09-30T21:21:21+00:00,http://www.fnx.co.il/sites/docs/genery/mediniut_ashkaa_tzfuia/pension2024-update0224.xls,policy/companies/520023185/raw/520023185/48f75f349c9f_pension2024-update0224.xls,משלימה משולב סחיר
520023185,,,520023185|משלימה משולב סחיר|הפניקס פנסיה משלימה מסלול משולב סחיר,הפניקס פנסיה משלימה מסלול משולב סחיר,2024,מגבלת עמלת ניהול חיצוני לשנת 2024,,,0.05,,,,,,משלימה משולב סחיר,2026-09-30T21:21:21+00:00,http://www.fnx.co.il/sites/docs/genery/mediniut_ashkaa_tzfuia/pension2024-update0224.xls,policy/companies/520023185/raw/520023185/48f75f349c9f_pension2024-update0224.xls,משלימה משולב סחיר
520023185,,,520023185|משלימה עוקב מדדים גמיש|פנסיה משלימה מסלול עוקב מדדים גמיש,פנסיה משלימה מסלול עוקב מדדים גמיש,2024,"מניות (כולל תעודות סל, אופציות, קרנות נאמנות)",equity,,37.36,0.06,31.36,43.36,MSCI EM,,משלימה עוקב מדדים גמיש,2026-09-30T21:21:21+00:00,http://www.fnx.co.il/sites/docs/genery/mediniut_ashkaa_tzfuia/pension2024-update0224.xls,policy/companies/520023185/raw/520023185/48f75f349c9f_pension2024-update0224.xls,משלימה עוקב מדדים גמיש 
520023185,,,520023185|משלימה עוקב מדדים גמיש|פנסיה משלימה מסלול עוקב מדדים גמיש,פנסיה משלימה מסלול עוקב מדדים גמיש,2024,"אג""ח ממשלתי (צמוד, שקלי ומט""ח), ממשלות",,,27.0,0.05,22.0,32.0,משקל שחר 0-2,,משלימה עוקב מדדים גמיש,2026-09-30T21:21:21+00:00,http://www.fnx.co.il/sites/docs/genery/mediniut_ashkaa_tzfuia/pension2024-update0224.xls,policy/companies/520023185/raw/520023185/48f75f349c9f_pension2024-update0224.xls,משלימה עוקב מדדים גמיש 
520023185,,,520023185|משלימה עוקב מדדים גמיש|פנסיה משלימה מסלול עוקב מדדים גמיש,פנסיה משלימה מסלול עוקב מדדים גמיש,2024,"אג""ח קונצרני (כולל קרנות נאמנות, תעודות סל)",,,31.0,0.06,25.0,37.0,JCMBCOMP,,משלימה עוקב מדדים גמיש,2026-09-30T21:21:21+00:00,http://www.fnx.co.il/sites/docs/genery/mediniut_ashkaa_tzfuia/pension2024-update0224.xls,policy/companies/520023185/raw/520023185/48f75f349c9f_pension2024-update0224.xls,משלימה עוקב מדדים גמיש 
520023185,,,520023185|משלימה עוקב מדדים גמיש|פנסיה משלימה מסלול עוקב מדדים גמיש,פנסיה משלימה מסלול עוקב מדדים גמיש,2024,מזומנים (*),,,4.52,,,,"ריבית פח""ק",,משלימה עוקב מדדים גמיש,2026-09-30T21:21:21+00:00,http://www.fnx.co.il/sites/docs/genery/mediniut_ashkaa_tzfuia/pension2024-update0224.xls,policy/companies/520023185/raw/520023185/48f75f349c9f_pension2024-update0224.xls,משלימה עוקב מדדים גמיש 
520023185,,,520023185|משלימה עוקב מדדים גמיש|פנסיה משלימה מסלול עוקב מדדים גמיש,פנסיה משלימה מסלול עוקב מדדים גמיש,2024,"חשיפה למט""ח",fx,,21.0,0.06,15.0,27.0,,,משלימה עוקב מדדים גמיש,2026-09-30T21:21:21+00:00,http://www.fnx.co.il/sites/docs/genery/mediniut_ashkaa_tzfuia/pension2024-update0224.xls,policy/companies/520023185/raw/520023185/48f75f349c9f_pension2024-update0224.xls,משלימה עוקב מדדים גמיש 
520023185,,,520023185|משלימה עוקב מדדים גמיש|פנסיה משלימה מסלול עוקב מדדים גמיש,פנסיה משלימה מסלול עוקב מדדים גמיש,2024,מגבלת עמלת ניהול חיצוני לשנת 2024,,,0.15,,,,,,משלימה עוקב מדדים גמיש,2026-09-30T21:21:21+00:00,http://www.fnx.co.il/sites/docs/genery/mediniut_ashkaa_tzfuia/pension2024-update0224.xls,policy/companies/520023185/raw/520023185/48f75f349c9f_pension2024-update0224.xls,משלימה עוקב מדדים גמיש 
520023185,,,520023185|מקיפה-פנסיונרים עד 31.12.17|הפניקס פנסיה מקיפה פנסיונרים עד 31 12 17,הפניקס פנסיה מקיפה פנסיונרים עד 31 12 17,2024,"מניות (תעודות סל, אופציות, קרנות נאמנות)",equity,,0.0,0.01,0.0,1.0,,,מקיפה-פנסיונרים עד 31.12.17,2026-09-30T21:21:21+00:00,http://www.fnx.co.il/sites/docs/genery/mediniut_ashkaa_tzfuia/pension2024-update0224.xls,policy/companies/520023185/raw/520023185/48f75f349c9f_pension2024-update0224.xls,מקיפה-פנסיונרים עד 31.12.17
520023185,,,520023185|מקיפה-פנסיונרים עד 31.12.17|הפניקס פנסיה מקיפה פנסיונרים עד 31 12 17,הפניקס פנסיה מקיפה פנסיונרים עד 31 12 17,2024,"אג""ח ממשלתי (צמוד, שקלי ומט""ח), ממשלות זרות בנטרול חשיפות בנגזרים",,,37.0,0.05,0.0,42.0,"מדד אג""ח ממשלתי כללי",,מקיפה-פנסיונרים עד 31.12.17,2026-09-30T21:21:21+00:00,http://www.fnx.co.il/sites/docs/genery/mediniut_ashkaa_tzfuia/pension2024-update0224.xls,policy/companies/520023185/raw/520023185/48f75f349c9f_pension2024-update0224.xls,מקיפה-פנסיונרים עד 31.12.17
520023185,,,520023185|מקיפה-פנסיונרים עד 31.12.17|הפניקס פנסיה מקיפה פנסיונרים עד 31 12 17,הפניקס פנסיה מקיפה פנסיונרים עד 31 12 17,2024,"אג""ח מיועדות ורכיב מבטיח תשואה(***)",,,60.0,0.05,55.0,65.0,,,מקיפה-פנסיונרים עד 31.12.17,2026-09-30T21:21:21+00:00,http://www.fnx.co.il/sites/docs/genery/mediniut_ashkaa_tzfuia/pension2024-update0224.xls,policy/companies/520023185/raw/520023185/48f75f349c9f_pension2024-update0224.xls,מקיפה-פנסיונרים עד 31.12.17
520023185,,,520023185|מקיפה-פנסיונרים עד 31.12.17|הפניקס פנסיה מקיפה פנסיונרים עד 31 12 17,הפניקס פנסיה מקיפה פנסיונרים עד 31 12 17,2024,"אג""ח קונצרני (כולל קרנות נאמנות, תעודות סל)",,,0.0,0.01,0.0,1.0,מדד תל בונד 60,,מקיפה-פנסיונרים עד 31.12.17,2026-09-30T21:21:21+00:00,http://www.fnx.co.il/sites/docs/genery/mediniut_ashkaa_tzfuia/pension2024-update0224.xls,policy/companies/520023185/raw/520023185/48f75f349c9f_pension2024-update0224.xls,מקיפה-פנסיונרים עד 31.12.17
520023185,,,520023185|מקיפה-פנסיונרים עד 31.12.17|הפניקס פנסיה מקיפה פנסיונרים עד 31 12 17,הפניקס פנסיה מקיפה פנסיונרים עד 31 12 17,2024,"נדל""ן",,,0.0,0.0,0.0,0.0,,,מקיפה-פנסיונרים עד 31.12.17,2026-09-30T21:21:21+00:00,http://www.fnx.co.il/sites/docs/genery/mediniut_ashkaa_tzfuia/pension2024-update0224.xls,policy/companies/520023185/raw/520023185/48f75f349c9f_pension2024-update0224.xls,מקיפה-פנסיונרים עד 31.12.17
520023185,,,520023185|מקיפה-פנסיונרים עד 31.12.17|הפניקס פנסיה מקיפה פנסיונרים עד 31 12 17,הפניקס פנסיה מקיפה פנסיונרים עד 31 12 17,2024,"אחר (קרנות השקעה, Co Invest, תשתיות, גידור)",,,0.0,0.0,0.0,0.0,,,מקיפה-פנסיונרים עד 31.12.17,2026-09-30T21:21:21+00:00,http://www.fnx.co.il/sites/docs/genery/mediniut_ashkaa_tzfuia/pension2024-update0224.xls,policy/companies/520023185/raw/520023185/48f75f349c9f_pension2024-update0224.xls,מקיפה-פנסיונרים עד 31.12.17
520023185,,,520023185|מקיפה-פנסיונרים עד 31.12.17|הפניקס פנסיה מקיפה פנסיונרים עד 31 12 17,הפניקס פנסיה מקיפה פנסיונרים עד 31 12 17,2024,מזומנים (*),,,3.0,,,,,,מקיפה-פנסיונרים עד 31.12.17,2026-09-30T21:21:21+00:00,http://www.fnx.co.il/sites/docs/genery/mediniut_ashkaa_tzfuia/pension2024-update0224.xls,policy/companies/520023185/raw/520023185/48f75f349c9f_pension2024-update0224.xls,מקיפה-פנסיונרים עד 31.12.17
520023185,,,520023185|מקיפה-פנסיונרים עד 31.12.17|הפניקס פנסיה מקיפה פנסיונרים עד 31 12 17,הפניקס פנסיה מקיפה פנסיונרים עד 31 12 17,2024,"חשיפה למט""ח",fx,,0.0,0.06,0.0,6.0,,,מקיפה-פנסיונרים עד 31.12.17,2026-09-30T21:21:21+00:00,http://www.fnx.co.il/sites/docs/genery/mediniut_ashkaa_tzfuia/pension2024-update0224.xls,policy/companies/520023185/raw/520023185/48f75f349c9f_pension2024-update0224.xls,מקיפה-פנסיונרים עד 31.12.17
520023185,,,520023185|מקיפה-פנסיונרים עד 31.12.17|הפניקס פנסיה מקיפה פנסיונרים עד 31 12 17,הפניקס פנסיה מקיפה פנסיונרים עד 31 12 17,2024,מגבלת עמלת ניהול חיצוני לשנת 2024,,,0.2,,,,,,מקיפה-פנסיונרים עד 31.12.17,2026-09-30T21:21:21+00:00,http://www.fnx.co.il/sites/docs/genery/mediniut_ashkaa_tzfuia/pension2024-update0224.xls,policy/companies/520023185/raw/520023185/48f75f349c9f_pension2024-update0224.xls,מקיפה-פנסיונרים עד 31.12.17
520023185,,,520023185|מקיפה-פנסיונרים זכאים|הפניקס פנסיה מקיפה פנסיונרים זכאים,הפניקס פנסיה מקיפה פנסיונרים זכאים,2024,"מניות (תעודות סל, אופציות, קרנות נאמנות)",equity,,0.0,0.06,0.0,6.0,"40%- מדד ת""א 125 ,   60%- MSCI WORLD AC",,מקיפה-פנסיונרים זכאים,2026-09-30T21:21:21+00:00,http://www.fnx.co.il/sites/docs/genery/mediniut_ashkaa_tzfuia/pension2024-update0224.xls,policy/companies/520023185/raw/520023185/48f75f349c9f_pension2024-update0224.xls,מקיפה-פנסיונרים זכאים
520023185,,,520023185|מקיפה-פנסיונרים זכאים|הפניקס פנסיה מקיפה פנסיונרים זכאים,הפניקס פנסיה מקיפה פנסיונרים זכאים,2024,"אג""ח ממשלתי (צמוד, שקלי ומט""ח), ממשלות זרות בנטרול חשיפות בנגזרים",,,15.0,0.05,0.0,20.0,"מדד אג""ח ממשלתי כללי",,מקיפה-פנסיונרים זכאים,2026-09-30T21:21:21+00:00,http://www.fnx.co.il/sites/docs/genery/mediniut_ashkaa_tzfuia/pension2024-update0224.xls,policy/companies/520023185/raw/520023185/48f75f349c9f_pension2024-update0224.xls,מקיפה-פנסיונרים זכאים
520023185,,,520023185|מקיפה-פנסיונרים זכאים|הפניקס פנסיה מקיפה פנסיונרים זכאים,הפניקס פנסיה מקיפה פנסיונרים זכאים,2024,"אג""ח מיועדות ורכיב מבטיח תשואה(***)",,,80.0,0.05,75.0,85.0,,,מקיפה-פנסיונרים זכאים,2026-09-30T21:21:21+00:00,http://www.fnx.co.il/sites/docs/genery/mediniut_ashkaa_tzfuia/pension2024-update0224.xls,policy/companies/520023185/raw/520023185/48f75f349c9f_pension2024-update0224.xls,מקיפה-פנסיונרים זכאים
520023185,,,520023185|מקיפה-פנסיונרים זכאים|הפניקס פנסיה מקיפה פנסיונרים זכאים,הפניקס פנסיה מקיפה פנסיונרים זכאים,2024,"אג""ח קונצרני (כולל קרנות נאמנות, תעודות סל)",,,0.0,0.06,0.0,6.0,מדד תל בונד 60,,מקיפה-פנסיונרים זכאים,2026-09-30T21:21:21+00:00,http://www.fnx.co.il/sites/docs/genery/mediniut_ashkaa_tzfuia/pension2024-update0224.xls,policy/companies/520023185/raw/520023185/48f75f349c9f_pension2024-update0224.xls,מקיפה-פנסיונרים זכאים
520023185,,,520023185|מקיפה-פנסיונרים זכאים|הפניקס פנסיה מקיפה פנסיונרים זכאים,הפניקס פנסיה מקיפה פנסיונרים זכאים,2024,"נדל""ן",,,0.0,0.05,0.0,5.0,,,מקיפה-פנסיונרים זכאים,2026-09-30T21:21:21+00:00,http://www.fnx.co.il/sites/docs/genery/mediniut_ashkaa_tzfuia/pension2024-update0224.xls,policy/companies/520023185/raw/520023185/48f75f349c9f_pension2024-update0224.xls,מקיפה-פנסיונרים זכאים
520023185,,,520023185|מקיפה-פנסיונרים זכאים|הפניקס פנסיה מקיפה פנסיונרים זכאים,הפניקס פנסיה מקיפה פנסיונרים זכאים,2024,"אחר (קרנות השקעה, Co Invest, תשתיות, גידור)",,,0.0,0.05,0.0,5.0,,,מקיפה-פנסיונרים זכאים,2026-09-30T21:21:21+00:00,http://www.fnx.co.il/sites/docs/genery/mediniut_ashkaa_tzfuia/pension2024-update0224.xls,policy/companies/520023185/raw/520023185/48f75f349c9f_pension2024-update0224.xls,מקיפה-פנסיונרים זכאים
520023185,,,520023185|מקיפה-פנסיונרים זכאים|הפניקס פנסיה מקיפה פנסיונרים זכאים,הפניקס פנסיה מקיפה פנסיונרים זכאים,2024,מזומנים (*),,,5.0,,,,,,מקיפה-פנסיונרים זכאים,2026-09-30T21:21:21+00:00,http://www.fnx.co.il/sites/docs/genery/mediniut_ashkaa_tzfuia/pension2024-update0224.xls,policy/companies/520023185/raw/520023185/48f75f349c9f_pension2024-update0224.xls,מקיפה-פנסיונרים זכאים
520023185,,,520023185|מקיפה-פנסיונרים זכאים|הפניקס פנסיה מקיפה פנסיונרים זכאים,הפניקס פנסיה מקיפה פנסיונרים זכאים,2024,"חשיפה למט""ח",fx,,0.0,0.06,6.0,18.0,,,מקיפה-פנסיונרים זכאים,2026-09-30T21:21:21+00:00,http://www.fnx.co.il/sites/docs/genery/mediniut_ashkaa_tzfuia/pension2024-update0224.xls,policy/companies/520023185/raw/520023185/48f75f349c9f_pension2024-update0224.xls,מקיפה-פנסיונרים זכאים
520023185,,,520023185|מקיפה-פנסיונרים זכאים|הפניקס פנסיה מקיפה פנסיונרים זכאים,הפניקס פנסיה מקיפה פנסיונרים זכאים,2024,מגבלת עמלת ניהול חיצוני לשנת 2024,,,0.1,,,,,,מקיפה-פנסיונרים זכאים,2026-09-30T21:21:21+00:00,http://www.fnx.co.il/sites/docs/genery/mediniut_ashkaa_tzfuia/pension2024-update0224.xls,policy/companies/520023185/raw/520023185/48f75f349c9f_pension2024-update0224.xls,מקיפה-פנסיונרים זכאים
520023185,,,520023185|מקיפה-פנסיונרים החל מ-1.1.18|הפניקס פנסיה מקיפה פנסיונרים החל מ 1 1 18,הפניקס פנסיה מקיפה פנסיונרים החל מ 1 1 18,2024,"מניות (תעודות סל, אופציות, קרנות נאמנות)",equity,,16.0,0.06,10.0,22.0,"35%- מדד ת""א 125 ,   65%- MSCI WORLD AC",,מקיפה-פנסיונרים החל מ-1.1.18,2026-09-30T21:21:21+00:00,http://www.fnx.co.il/sites/docs/genery/mediniut_ashkaa_tzfuia/pension2024-update0224.xls,policy/companies/520023185/raw/520023185/48f75f349c9f_pension2024-update0224.xls,מקיפה-פנסיונרים החל מ-1.1.18
520023185,,,520023185|מקיפה-פנסיונרים החל מ-1.1.18|הפניקס פנסיה מקיפה פנסיונרים החל מ 1 1 18,הפניקס פנסיה מקיפה פנסיונרים החל מ 1 1 18,2024,"אג""ח ממשלתי (צמוד, שקלי ומט""ח), ממשלות זרות בנטרול חשיפות בנגזרים",,,3.0,0.05,0.0,8.0,"מדד אג""ח ממשלתי כללי",,מקיפה-פנסיונרים החל מ-1.1.18,2026-09-30T21:21:21+00:00,http://www.fnx.co.il/sites/docs/genery/mediniut_ashkaa_tzfuia/pension2024-update0224.xls,policy/companies/520023185/raw/520023185/48f75f349c9f_pension2024-update0224.xls,מקיפה-פנסיונרים החל מ-1.1.18
520023185,,,520023185|מקיפה-פנסיונרים החל מ-1.1.18|הפניקס פנסיה מקיפה פנסיונרים החל מ 1 1 18,הפניקס פנסיה מקיפה פנסיונרים החל מ 1 1 18,2024,"אג""ח מיועדות ורכיב מבטיח תשואה(***)",,,60.0,0.05,55.0,65.0,,,מקיפה-פנסיונרים החל מ-1.1.18,2026-09-30T21:21:21+00:00,http://www.fnx.co.il/sites/docs/genery/mediniut_ashkaa_tzfuia/pension2024-update0224.xls,policy/companies/520023185/raw/520023185/48f75f349c9f_pension2024-update0224.xls,מקיפה-פנסיונרים החל מ-1.1.18
520023185,,,520023185|מקיפה-פנסיונרים החל מ-1.1.18|הפניקס פנסיה מקיפה פנסיונרים החל מ 1 1 18,הפניקס פנסיה מקיפה פנסיונרים החל מ 1 1 18,2024,"אג""ח קונצרני (כולל קרנות נאמנות, תעודות סל)",,,16.0,0.06,10.0,22.0,"35% - תל בונד כללי , 20% - תל בונד 60 , 15% - תל בונד 50 , 15% - IBOXX HY - 15%, IBOXX IG",,מקיפה-פנסיונרים החל מ-1.1.18,2026-09-30T21:21:21+00:00,http://www.fnx.co.il/sites/docs/genery/mediniut_ashkaa_tzfuia/pension2024-update0224.xls,policy/companies/520023185/raw/520023185/48f75f349c9f_pension2024-update0224.xls,מקיפה-פנסיונרים החל מ-1.1.18
520023185,,,520023185|מקיפה-פנסיונרים החל מ-1.1.18|הפניקס פנסיה מקיפה פנסיונרים החל מ 1 1 18,הפניקס פנסיה מקיפה פנסיונרים החל מ 1 1 18,2024,"נדל""ן",,,0.0,0.05,0.0,5.0,,,מקיפה-פנסיונרים החל מ-1.1.18,2026-09-30T21:21:21+00:00,http://www.fnx.co.il/sites/docs/genery/mediniut_ashkaa_tzfuia/pension2024-update0224.xls,policy/companies/520023185/raw/520023185/48f75f349c9f_pension2024-update0224.xls,מקיפה-פנסיונרים החל מ-1.1.18
520023185,,,520023185|מקיפה-פנסיונרים החל מ-1.1.18|הפניקס פנסיה מקיפה פנסיונרים החל מ 1 1 18,הפניקס פנסיה מקיפה פנסיונרים החל מ 1 1 18,2024,"אחר (קרנות השקעה, Co Invest, תשתיות, גידור)",,,3.0,0.05,0.0,8.0,,,מקיפה-פנסיונרים החל מ-1.1.18,2026-09-30T21:21:21+00:00,http://www.fnx.co.il/sites/docs/genery/mediniut_ashkaa_tzfuia/pension2024-update0224.xls,policy/companies/520023185/raw/520023185/48f75f349c9f_pension2024-update0224.xls,מקיפה-פנסיונרים החל מ-1.1.18
520023185,,,520023185|מקיפה-פנסיונרים החל מ-1.1.18|הפניקס פנסיה מקיפה פנסיונרים החל מ 1 1 18,הפניקס פנסיה מקיפה פנסיונרים החל מ 1 1 18,2024,מזומנים (*),,,2.0,,,,,,מקיפה-פנסיונרים החל מ-1.1.18,2026-09-30T21:21:21+00:00,http://www.fnx.co.il/sites/docs/genery/mediniut_ashkaa_tzfuia/pension2024-update0224.xls,policy/companies/520023185/raw/520023185/48f75f349c9f_pension2024-update0224.xls,מקיפה-פנסיונרים החל מ-1.1.18
520023185,,,520023185|מקיפה-פנסיונרים החל מ-1.1.18|הפניקס פנסיה מקיפה פנסיונרים החל מ 1 1 18,הפניקס פנסיה מקיפה פנסיונרים החל מ 1 1 18,2024,"חשיפה למט""ח",fx,,12.0,0.06,6.0,18.0,,,מקיפה-פנסיונרים החל מ-1.1.18,2026-09-30T21:21:21+00:00,http://www.fnx.co.il/sites/docs/genery/mediniut_ashkaa_tzfuia/pension2024-update0224.xls,policy/companies/520023185/raw/520023185/48f75f349c9f_pension2024-update0224.xls,מקיפה-פנסיונרים החל מ-1.1.18
520023185,,,520023185|מקיפה-פנסיונרים החל מ-1.1.18|הפניקס פנסיה מקיפה פנסיונרים החל מ 1 1 18,הפניקס פנסיה מקיפה פנסיונרים החל מ 1 1 18,2024,מגבלת עמלת ניהול חיצוני לשנת 2024,,,0.2,,,,,,מקיפה-פנסיונרים החל מ-1.1.18,2026-09-30T21:21:21+00:00,http://www.fnx.co.il/sites/docs/genery/mediniut_ashkaa_tzfuia/pension2024-update0224.xls,policy/companies/520023185/raw/520023185/48f75f349c9f_pension2024-update0224.xls,מקיפה-פנסיונרים החל מ-1.1.18
520023185,,,520023185|כללית-פנסיונרים עד 31.12.17|הפניקס פנסיה משלימה פנסיונרים עד 31 12 17,הפניקס פנסיה משלימה פנסיונרים עד 31 12 17,2024,"מניות (תעודות סל, אופציות, קרנות נאמנות)",equity,,0.0,0.01,0.0,1.0,,,כללית-פנסיונרים עד 31.12.17,2026-09-30T21:21:21+00:00,http://www.fnx.co.il/sites/docs/genery/mediniut_ashkaa_tzfuia/pension2024-update0224.xls,policy/companies/520023185/raw/520023185/48f75f349c9f_pension2024-update0224.xls,כללית-פנסיונרים עד 31.12.17
520023185,,,520023185|כללית-פנסיונרים עד 31.12.17|הפניקס פנסיה משלימה פנסיונרים עד 31 12 17,הפניקס פנסיה משלימה פנסיונרים עד 31 12 17,2024,"אג""ח ממשלתי (צמוד, שקלי ומט""ח), ממשלות זרות בנטרול חשיפות בנגזרים",,,96.0,0.05,91.0,100.0,"מדד אג""ח ממשלתי כללי",,כללית-פנסיונרים עד 31.12.17,2026-09-30T21:21:21+00:00,http://www.fnx.co.il/sites/docs/genery/mediniut_ashkaa_tzfuia/pension2024-update0224.xls,policy/companies/520023185/raw/520023185/48f75f349c9f_pension2024-update0224.xls,כללית-פנסיונרים עד 31.12.17
520023185,,,520023185|כללית-פנסיונרים עד 31.12.17|הפניקס פנסיה משלימה פנסיונרים עד 31 12 17,הפניקס פנסיה משלימה פנסיונרים עד 31 12 17,2024,"אג""ח קונצרני (כולל קרנות נאמנות, תעודות סל)",,,0.0,0.01,0.0,1.0,מדד תל בונד 60,,כללית-פנסיונרים עד 31.12.17,2026-09-30T21:21:21+00:00,http://www.fnx.co.il/sites/docs/genery/mediniut_ashkaa_tzfuia/pension2024-update0224.xls,policy/companies/520023185/raw/520023185/48f75f349c9f_pension2024-update0224.xls,כללית-פנסיונרים עד 31.12.17
520023185,,,520023185|כללית-פנסיונרים עד 31.12.17|הפניקס פנסיה משלימה פנסיונרים עד 31 12 17,הפניקס פנסיה משלימה פנסיונרים עד 31 12 17,2024,"נדל""ן",,,0.0,0.0,0.0,0.0,,,כללית-פנסיונרים עד 31.12.17,2026-09-30T21:21:21+00:00,http://www.fnx.co.il/sites/docs/genery/mediniut_ashkaa_tzfuia/pension2024-update0224.xls,policy/companies/520023185/raw/520023185/48f75f349c9f_pension2024-update0224.xls,כללית-פנסיונרים עד 31.12.17
520023185,,,520023185|כללית-פנסיונרים עד 31.12.17|הפניקס פנסיה משלימה פנסיונרים עד 31 12 17,הפניקס פנסיה משלימה פנסיונרים עד 31 12 17,2024,"אחר (קרנות השקעה, Co Invest, תשתיות, גידור)",,,0.0,0.0,0.0,0.0,,,כללית-פנסיונרים עד 31.12.17,2026-09-30T21:21:21+00:00,http://www.fnx.co.il/sites/docs/genery/mediniut_ashkaa_tzfuia/pension2024-update0224.xls,policy/companies/520023185/raw/520023185/48f75f349c9f_pension2024-update0224.xls,כללית-פנסיונרים עד 31.12.17
520023185,,,520023185|כללית-פנסיונרים עד 31.12.17|הפניקס פנסיה משלימה פנסיונרים עד 31 12 17,הפניקס פנסיה משלימה פנסיונרים עד 31 12 17,2024,מזומנים (*),,,4.0,,,,,,כללית-פנסיונרים עד 31.12.17,2026-09-30T21:21:21+00:00,http://www.fnx.co.il/sites/docs/genery/mediniut_ashkaa_tzfuia/pension2024-update0224.xls,policy/companies/520023185/raw/520023185/48f75f349c9f_pension2024-update0224.xls,כללית-פנסיונרים עד 31.12.17
520023185,,,520023185|כללית-פנסיונרים עד 31.12.17|הפניקס פנסיה משלימה פנסיונרים עד 31 12 17,הפניקס פנסיה משלימה פנסיונרים עד 31 12 17,2024,"חשיפה למט""ח",fx,,0.0,0.06,0.0,6.0,,,כללית-פנסיונרים עד 31.12.17,2026-09-30T21:21:21+00:00,http://www.fnx.co.il/sites/docs/genery/mediniut_ashkaa_tzfuia/pension2024-update0224.xls,policy/companies/520023185/raw/520023185/48f75f349c9f_pension2024-update0224.xls,כללית-פנסיונרים עד 31.12.17
520023185,,,520023185|כללית-פנסיונרים עד 31.12.17|הפניקס פנסיה משלימה פנסיונרים עד 31 12 17,הפניקס פנסיה משלימה פנסיונרים עד 31 12 17,2024,מגבלת עמלת ניהול חיצוני לשנת 2024,,,0.05,,,,,,כללית-פנסיונרים עד 31.12.17,2026-09-30T21:21:21+00:00,http://www.fnx.co.il/sites/docs/genery/mediniut_ashkaa_tzfuia/pension2024-update0224.xls,policy/companies/520023185/raw/520023185/48f75f349c9f_pension2024-update0224.xls,כללית-פנסיונרים עד 31.12.17
520023185,,,520023185|כללית-פנסיונרים החל מ-1.1.18|הפניקס פנסיה משלימה פנסיונרים החל מ 1 1 18,הפניקס פנסיה משלימה פנסיונרים החל מ 1 1 18,2024,"מניות (תעודות סל, אופציות, קרנות נאמנות)",equity,,20.0,0.06,14.0,26.0,"35%- מדד ת""א 125 ,   65%- MSCI WORLD AC",,כללית-פנסיונרים החל מ-1.1.18,2026-09-30T21:21:21+00:00,http://www.fnx.co.il/sites/docs/genery/mediniut_ashkaa_tzfuia/pension2024-update0224.xls,policy/companies/520023185/raw/520023185/48f75f349c9f_pension2024-update0224.xls,כללית-פנסיונרים החל מ-1.1.18
520023185,,,520023185|כללית-פנסיונרים החל מ-1.1.18|הפניקס פנסיה משלימה פנסיונרים החל מ 1 1 18,הפניקס פנסיה משלימה פנסיונרים החל מ 1 1 18,2024,"אג""ח ממשלתי (צמוד, שקלי ומט""ח), ממשלות זרות בנטרול חשיפות בנגזרים",,,40.0,0.05,35.0,45.0,"מדד אג""ח ממשלתי כללי",,כללית-פנסיונרים החל מ-1.1.18,2026-09-30T21:21:21+00:00,http://www.fnx.co.il/sites/docs/genery/mediniut_ashkaa_tzfuia/pension2024-update0224.xls,policy/companies/520023185/raw/520023185/48f75f349c9f_pension2024-update0224.xls,כללית-פנסיונרים החל מ-1.1.18
520023185,,,520023185|כללית-פנסיונרים החל מ-1.1.18|הפניקס פנסיה משלימה פנסיונרים החל מ 1 1 18,הפניקס פנסיה משלימה פנסיונרים החל מ 1 1 18,2024,"אג""ח קונצרני (כולל קרנות נאמנות, תעודות סל)",,,37.0,0.06,31.0,43.0,"35% - תל בונד כללי , 20% - תל בונד 60 , 15% - תל בונד 50 , 15% - IBOXX HY - 15%, IBOXX IG",,כללית-פנסיונרים החל מ-1.1.18,2026-09-30T21:21:21+00:00,http://www.fnx.co.il/sites/docs/genery/mediniut_ashkaa_tzfuia/pension2024-update0224.xls,policy/companies/520023185/raw/520023185/48f75f349c9f_pension2024-update0224.xls,כללית-פנסיונרים החל מ-1.1.18
520023185,,,520023185|כללית-פנסיונרים החל מ-1.1.18|הפניקס פנסיה משלימה פנסיונרים החל מ 1 1 18,הפניקס פנסיה משלימה פנסיונרים החל מ 1 1 18,2024,"נדל""ן",,,0.0,0.05,0.0,5.0,,,כללית-פנסיונרים החל מ-1.1.18,2026-09-30T21:21:21+00:00,http://www.fnx.co.il/sites/docs/genery/mediniut_ashkaa_tzfuia/pension2024-update0224.xls,policy/companies/520023185/raw/520023185/48f75f349c9f_pension2024-update0224.xls,כללית-פנסיונרים החל מ-1.1.18
520023185,,,520023185|כללית-פנסיונרים החל מ-1.1.18|הפניקס פנסיה משלימה פנסיונרים החל מ 1 1 18,הפניקס פנסיה משלימה פנסיונרים החל מ 1 1 18,2024,"אחר (קרנות השקעה, Co Invest, תשתיות, גידור)",,,0.0,0.05,0.0,5.0,,,כללית-פנסיונרים החל מ-1.1.18,2026-09-30T21:21:21+00:00,http://www.fnx.co.il/sites/docs/genery/mediniut_ashkaa_tzfuia/pension2024-update0224.xls,policy/companies/520023185/raw/520023185/48f75f349c9f_pension2024-update0224.xls,כללית-פנסיונרים החל מ-1.1.18
520023185,,,520023185|כללית-פנסיונרים החל מ-1.1.18|הפניקס פנסיה משלימה פנסיונרים החל מ 1 1 18,הפניקס פנסיה משלימה פנסיונרים החל מ 1 1 18,2024,מזומנים (*),,,3.0,,,,,,כללית-פנסיונרים החל מ-1.1.18,2026-09-30T21:21:21+00:00,http://www.fnx.co.il/sites/docs/genery/mediniut_ashkaa_tzfuia/pension2024-update0224.xls,policy/companies/520023185/raw/520023185/48f75f349c9f_pension2024-update0224.xls,כללית-פנסיונרים החל מ-1.1.18
520023185,,,520023185|כללית-פנסיונרים החל מ-1.1.18|הפניקס פנסיה משלימה פנסיונרים החל מ 1 1 18,הפניקס פנסיה משלימה פנסיונרים החל מ 1 1 18,2024,"חשיפה למט""ח",fx,,16.0,0.06,10.0,22.0,,,כללית-פנסיונרים החל מ-1.1.18,2026-09-30T21:21:21+00:00,http://www.fnx.co.il/sites/docs/genery/mediniut_ashkaa_tzfuia/pension2024-update0224.xls,policy/companies/520023185/raw/520023185/48f75f349c9f_pension2024-update0224.xls,כללית-פנסיונרים החל מ-1.1.18
520023185,,,520023185|כללית-פנסיונרים החל מ-1.1.18|הפניקס פנסיה משלימה פנסיונרים החל מ 1 1 18,הפניקס פנסיה משלימה פנסיונרים החל מ 1 1 18,2024,מגבלת עמלת ניהול חיצוני לשנת 2024,,,0.05,,,,,,כללית-פנסיונרים החל מ-1.1.18,2026-09-30T21:21:21+00:00,http://www.fnx.co.il/sites/docs/genery/mediniut_ashkaa_tzfuia/pension2024-update0224.xls,policy/companies/520023185/raw/520023185/48f75f349c9f_pension2024-update0224.xls,כללית-פנסיונרים החל מ-1.1.18
520023185,,,520023185|מגן|מגן קרן פנסיה ותיקה,מגן קרן פנסיה ותיקה,2024,"מניות (תעודות סל, אופציות, קרנות נאמנות)",equity,,14.0,0.06,8.0,20.0,"35%- מדד ת""א 125 ,   65%- MSCI WORLD AC",,מגן,2026-09-30T21:21:21+00:00,http://www.fnx.co.il/sites/docs/genery/mediniut_ashkaa_tzfuia/pension2024-update0224.xls,policy/companies/520023185/raw/520023185/48f75f349c9f_pension2024-update0224.xls,מגן
520023185,,,520023185|מגן|מגן קרן פנסיה ותיקה,מגן קרן פנסיה ותיקה,2024,"אג""ח ממשלתי (צמוד, שקלי ומט""ח), ממשלות זרות בנטרול חשיפות בנגזרים",,,26.0,0.05,21.0,31.0,"מדד אג""ח ממשלתי כללי",,מגן,2026-09-30T21:21:21+00:00,http://www.fnx.co.il/sites/docs/genery/mediniut_ashkaa_tzfuia/pension2024-update0224.xls,policy/companies/520023185/raw/520023185/48f75f349c9f_pension2024-update0224.xls,מגן
520023185,,,520023185|מגן|מגן קרן פנסיה ותיקה,מגן קרן פנסיה ותיקה,2024,"אג""ח מיועדות ורכיב מבטיח תשואה(***)",,,38.0,0.05,33.0,43.0,,,מגן,2026-09-30T21:21:21+00:00,http://www.fnx.co.il/sites/docs/genery/mediniut_ashkaa_tzfuia/pension2024-update0224.xls,policy/companies/520023185/raw/520023185/48f75f349c9f_pension2024-update0224.xls,מגן
520023185,,,520023185|מגן|מגן קרן פנסיה ותיקה,מגן קרן פנסיה ותיקה,2024,"אג""ח קונצרני (קרנות נאמנות, תעודות סל)",,,12.0,0.06,6.0,18.0,"35% - תל בונד כללי , 20% - תל בונד 60 , 15% - תל בונד 50 , 15% - IBOXX HY - 15%, IBOXX IG",,מגן,2026-09-30T21:21:21+00:00,http://www.fnx.co.il/sites/docs/genery/mediniut_ashkaa_tzfuia/pension2024-update0224.xls,policy/companies/520023185/raw/520023185/48f75f349c9f_pension2024-update0224.xls,מגן
520023185,,,520023185|מגן|מגן קרן פנסיה ותיקה,מגן קרן פנסיה ותיקה,2024,"אחר (קרנות השקעה, Co Invest, תשתיות, גידור)",,,6.0,0.05,1.0,11.0,,,מגן,2026-09-30T21:21:21+00:00,http://www.fnx.co.il/sites/docs/genery/mediniut_ashkaa_tzfuia/pension2024-update0224.xls,policy/companies/520023185/raw/520023185/48f75f349c9f_pension2024-update0224.xls,מגן
520023185,,,520023185|מגן|מגן קרן פנסיה ותיקה,מגן קרן פנסיה ותיקה,2024,מזומנים (*),,,4.0,,,,,,מגן,2026-09-30T21:21:21+00:00,http://www.fnx.co.il/sites/docs/genery/mediniut_ashkaa_tzfuia/pension2024-update0224.xls,policy/companies/520023185/raw/520023185/48f75f349c9f_pension2024-update0224.xls,מגן
520023185,,,520023185|מגן|מגן קרן פנסיה ותיקה,מגן קרן פנסיה ותיקה,2024,"חשיפה למט""ח",fx,,14.0,0.06,8.0,20.0,,,מגן,2026-09-30T21:21:21+00:00,http://www.fnx.co.il/sites/docs/genery/mediniut_ashkaa_tzfuia/pension2024-update0224.xls,policy/companies/520023185/raw/520023185/48f75f349c9f_pension2024-update0224.xls,מגן
520023185,,,520023185|קרן גמלאות של עורכי דין|קרן גמלאות של עורכי דין,קרן גמלאות של עורכי דין,2024,"מניות (תעודות סל, אופציות, קרנות נאמנות)",equity,,13.0,0.06,7.0,19.0,"35%- מדד ת""א 125 ,   65%- MSCI WORLD AC",,קרן גמלאות של עורכי דין,2026-09-30T21:21:21+00:00,http://www.fnx.co.il/sites/docs/genery/mediniut_ashkaa_tzfuia/pension2024-update0224.xls,policy/companies/520023185/raw/520023185/48f75f349c9f_pension2024-update0224.xls,קרן גמלאות של עורכי דין
520023185,,,520023185|קרן גמלאות של עורכי דין|קרן גמלאות של עורכי דין,קרן גמלאות של עורכי דין,2024,"אג""ח ממשלתי (צמוד, שקלי ומט""ח), ממשלות זרות בנטרול חשיפות בנגזרים",,,30.0,0.05,25.0,35.0,"מדד אג""ח ממשלתי כללי",,קרן גמלאות של עורכי דין,2026-09-30T21:21:21+00:00,http://www.fnx.co.il/sites/docs/genery/mediniut_ashkaa_tzfuia/pension2024-update0224.xls,policy/companies/520023185/raw/520023185/48f75f349c9f_pension2024-update0224.xls,קרן גמלאות של עורכי דין
520023185,,,520023185|קרן גמלאות של עורכי דין|קרן גמלאות של עורכי דין,קרן גמלאות של עורכי דין,2024,"אג""ח מיועדות ורכיב מבטיח תשואה(***)",,,38.0,0.05,33.0,43.0,,,קרן גמלאות של עורכי דין,2026-09-30T21:21:21+00:00,http://www.fnx.co.il/sites/docs/genery/mediniut_ashkaa_tzfuia/pension2024-update0224.xls,policy/companies/520023185/raw/520023185/48f75f349c9f_pension2024-update0224.xls,קרן גמלאות של עורכי דין
520023185,,,520023185|קרן גמלאות של עורכי דין|קרן גמלאות של עורכי דין,קרן גמלאות של עורכי דין,2024,"אג""ח קונצרני (קרנות נאמנות, תעודות סל)",,,8.0,0.06,2.0,14.0,"35% - תל בונד כללי , 20% - תל בונד 60 , 15% - תל בונד 50 , 15% - IBOXX HY - 15%, IBOXX IG",,קרן גמלאות של עורכי דין,2026-09-30T21:21:21+00:00,http://www.fnx.co.il/sites/docs/genery/mediniut_ashkaa_tzfuia/pension2024-update0224.xls,policy/companies/520023185/raw/520023185/48f75f349c9f_pension2024-update0224.xls,קרן גמלאות של עורכי דין
520023185,,,520023185|קרן גמלאות של עורכי דין|קרן גמלאות של עורכי דין,קרן גמלאות של עורכי דין,2024,"אחר (נדלן, קרנות השקעה, Co Invest, תשתיות, גידור)",,,6.0,0.05,1.0,11.0,,,קרן גמלאות של עורכי דין,2026-09-30T21:21:21+00:00,http://www.fnx.co.il/sites/docs/genery/mediniut_ashkaa_tzfuia/pension2024-update0224.xls,policy/companies/520023185/raw/520023185/48f75f349c9f_pension2024-update0224.xls,קרן גמלאות של עורכי דין
520023185,,,520023185|קרן גמלאות של עורכי דין|קרן גמלאות של עורכי דין,קרן גמלאות של עורכי דין,2024,מזומנים (*),,,5.0,,,,,,קרן גמלאות של עורכי דין,2026-09-30T21:21:21+00:00,http://www.fnx.co.il/sites/docs/genery/mediniut_ashkaa_tzfuia/pension2024-update0224.xls,policy/companies/520023185/raw/520023185/48f75f349c9f_pension2024-update0224.xls,קרן גמלאות של עורכי דין
520023185,,,520023185|קרן גמלאות של עורכי דין|קרן גמלאות של עורכי דין,קרן גמלאות של עורכי דין,2024,"חשיפה למט""ח",fx,,12.0,0.06,6.0,18.0,,,קרן גמלאות של עורכי דין,2026-09-30T21:21:21+00:00,http://www.fnx.co.il/sites/docs/genery/mediniut_ashkaa_tzfuia/pension2024-update0224.xls,policy/companies/520023185/raw/520023185/48f75f349c9f_pension2024-update0224.xls,קרן גמלאות של עורכי דין
520023185,,,520023185|אקסלנס ישן|מסלול מנוהל כללי 1,מסלול מנוהל כללי 1,2024,מניות,equity,,91.0,+/- 6%,85.0,97.0,"מדד ת""א 100",,אקסלנס ישן,2026-09-30T21:21:21+00:00,http://www.fnx.co.il/sites/docs/genery/mediniut_ashkaa_tzfuia/bituach2024-update1124.xlsx,policy/companies/520023185/raw/520023185/5afef547a79e_bituach2024-update1124.xlsx, אקסלנס ישן
520023185,,,520023185|אקסלנס ישן|מסלול מנוהל כללי 1,מסלול מנוהל כללי 1,2024,מזומנים,,,9.0,+/- 5%,4.0,14.0,"מדד מק""מ",,אקסלנס ישן,2026-09-30T21:21:21+00:00,http://www.fnx.co.il/sites/docs/genery/mediniut_ashkaa_tzfuia/bituach2024-update1124.xlsx,policy/companies/520023185/raw/520023185/5afef547a79e_bituach2024-update1124.xlsx, אקסלנס ישן
520023185,,,520023185|אקסלנס ישן|מסלול מנוהל כללי 1,מסלול מנוהל כללי 1,2024,מניות,equity,,91.0,+/- 6%,85.0,97.0,"מדד ת""א 100",,אקסלנס ישן,2026-09-30T21:21:21+00:00,http://www.fnx.co.il/sites/docs/genery/mediniut_ashkaa_tzfuia/bituach2024-update0724.xlsx,policy/companies/520023185/raw/520023185/da71ee615486_bituach2024-update0724.xlsx, אקסלנס ישן
520023185,,,520023185|אקסלנס ישן|מסלול מנוהל כללי 1,מסלול מנוהל כללי 1,2024,מזומנים,,,9.0,+/- 5%,4.0,14.0,"מדד מק""מ",,אקסלנס ישן,2026-09-30T21:21:21+00:00,http://www.fnx.co.il/sites/docs/genery/mediniut_ashkaa_tzfuia/bituach2024-update0724.xlsx,policy/companies/520023185/raw/520023185/da71ee615486_bituach2024-update0724.xlsx, אקסלנס ישן
520023185,,,520023185|מקיפה - אשכול 1 - אקטיבי|מספר מסול באוצר 2189,מספר מסול באוצר 2189,2024,"אג""ח ממשלתי (צמוד, שקלי ומט""ח), 
ממשלות זרות בנטרול חשיפות בנגזרים",,55.0,55.0,0.05,50.0,60.0,"מדד אג""ח ממשלתי כללי",,מקיפה - אשכול 1 - אקטיבי,2026-09-30T21:21:21+00:00,http://www.fnx.co.il/sites/docs/genery/mediniut_ashkaa_tzfuia/pension2024-update0724.xlsx,policy/companies/520023185/raw/520023185/4e4909d49780_pension2024-update0724.xlsx,מקיפה - אשכול 1 - אקטיבי
520023185,,,520023185|מקיפה - אשכול 1 - אקטיבי|מספר מסול באוצר 2189,מספר מסול באוצר 2189,2024,"אג""ח מיועדות ורכיב מבטיח תשואה(***)",,27.0,27.0,0.05,22.0,32.0,,,מקיפה - אשכול 1 - אקטיבי,2026-09-30T21:21:21+00:00,http://www.fnx.co.il/sites/docs/genery/mediniut_ashkaa_tzfuia/pension2024-update0724.xlsx,policy/companies/520023185/raw/520023185/4e4909d49780_pension2024-update0724.xlsx,מקיפה - אשכול 1 - אקטיבי
520023185,,,520023185|מקיפה - אשכול 1 - אקטיבי|מספר מסול באוצר 2189,מספר מסול באוצר 2189,2024,"אג""ח קונצרני (כולל קרנות נאמנות, תעודות סל)",,16.0,16.0,0.06,10.0,22.0,"35% - תל בונד כללי , 20% - תל בונד 60 , 15% - תל בונד 50 , 15% - IBOXX HY - 15%, IBOXX IG",,מקיפה - אשכול 1 - אקטיבי,2026-09-30T21:21:21+00:00,http://www.fnx.co.il/sites/docs/genery/mediniut_ashkaa_tzfuia/pension2024-update0724.xlsx,policy/companies/520023185/raw/520023185/4e4909d49780_pension2024-update0724.xlsx,מקיפה - אשכול 1 - אקטיבי
520023185,,,520023185|מקיפה - אשכול 1 - אקטיבי|מספר מסול באוצר 2189,מספר מסול באוצר 2189,2024,מזומנים (*),,2.0,2.0,,,,,,מקיפה - אשכול 1 - אקטיבי,2026-09-30T21:21:21+00:00,http://www.fnx.co.il/sites/docs/genery/mediniut_ashkaa_tzfuia/pension2024-update0724.xlsx,policy/companies/520023185/raw/520023185/4e4909d49780_pension2024-update0724.xlsx,מקיפה - אשכול 1 - אקטיבי
520023185,,,520023185|מקיפה - אשכול 1 - אקטיבי|מספר מסול באוצר 2189,מספר מסול באוצר 2189,2024,"חשיפה למט""ח",fx,0.0,0.0,,,,,,מקיפה - אשכול 1 - אקטיבי,2026-09-30T21:21:21+00:00,http://www.fnx.co.il/sites/docs/genery/mediniut_ashkaa_tzfuia/pension2024-update0724.xlsx,policy/companies/520023185/raw/520023185/4e4909d49780_pension2024-update0724.xlsx,מקיפה - אשכול 1 - אקטיבי
520023185,,,520023185|מקיפה - אשכול 1 - אקטיבי|מספר מסול באוצר 2189,מספר מסול באוצר 2189,2024,מגבלת עמלת ניהול חיצוני לשנת 2024,,,0.05,,,,,,מקיפה - אשכול 1 - אקטיבי,2026-09-30T21:21:21+00:00,http://www.fnx.co.il/sites/docs/genery/mediniut_ashkaa_tzfuia/pension2024-update0724.xlsx,policy/companies/520023185/raw/520023185/4e4909d49780_pension2024-update0724.xlsx,מקיפה - אשכול 1 - אקטיבי
520023185,,,520023185|מקיפה - אשכול 1 - אקטיבי|מספר מסלול באוצר 2188,מספר מסלול באוצר 2188,2024,"מניות (כולל תעודות סל, אופציות, קרנות נאמנות)",equity,1.0,1.0,0.06,0.0,7.0,"40%- מדד ת""א 125 ,   60%- MSCI WORLD AC",,מקיפה - אשכול 1 - אקטיבי,2026-09-30T21:21:21+00:00,http://www.fnx.co.il/sites/docs/genery/mediniut_ashkaa_tzfuia/pension2024-update0724.xlsx,policy/companies/520023185/raw/520023185/4e4909d49780_pension2024-update0724.xlsx,מקיפה - אשכול 1 - אקטיבי
520023185,,,520023185|מקיפה - אשכול 1 - אקטיבי|מספר מסלול באוצר 2188,מספר מסלול באוצר 2188,2024,"אג""ח ממשלתי (צמוד, שקלי ומט""ח), 
ממשלות זרות בנטרול חשיפות בנגזרים",,9.0,9.0,0.05,4.0,14.0,"מדד אג""ח ממשלתי כללי",,מקיפה - אשכול 1 - אקטיבי,2026-09-30T21:21:21+00:00,http://www.fnx.co.il/sites/docs/genery/mediniut_ashkaa_tzfuia/pension2024-update0724.xlsx,policy/companies/520023185/raw/520023185/4e4909d49780_pension2024-update0724.xlsx,מקיפה - אשכול 1 - אקטיבי
520023185,,,520023185|מקיפה - אשכול 1 - אקטיבי|מספר מסלול באוצר 2188,מספר מסלול באוצר 2188,2024,"אג""ח מיועדות ורכיב מבטיח תשואה(***)",,27.0,27.0,0.05,22.0,32.0,,,מקיפה - אשכול 1 - אקטיבי,2026-09-30T21:21:21+00:00,http://www.fnx.co.il/sites/docs/genery/mediniut_ashkaa_tzfuia/pension2024-update0724.xlsx,policy/companies/520023185/raw/520023185/4e4909d49780_pension2024-update0724.xlsx,מקיפה - אשכול 1 - אקטיבי
520023185,,,520023185|מקיפה - אשכול 1 - אקטיבי|מספר מסלול באוצר 2188,מספר מסלול באוצר 2188,2024,"אג""ח קונצרני (כולל קרנות נאמנות, תעודות סל)",,55.0,55.0,0.06,49.0,61.0,"35% - תל בונד כללי , 20% - תל בונד 60 , 15% - תל בונד 50 , 15% - IBOXX HY - 15%, IBOXX IG",,מקיפה - אשכול 1 - אקטיבי,2026-09-30T21:21:21+00:00,http://www.fnx.co.il/sites/docs/genery/mediniut_ashkaa_tzfuia/pension2024-update0724.xlsx,policy/companies/520023185/raw/520023185/4e4909d49780_pension2024-update0724.xlsx,מקיפה - אשכול 1 - אקטיבי
520023185,,,520023185|מקיפה - אשכול 1 - אקטיבי|מספר מסלול באוצר 2188,מספר מסלול באוצר 2188,2024,"אחר ( Co Invest, נדל""ן, קרנות השקעהתשתיות, גידור)",,3.0,3.0,0.05,0.0,8.0,,,מקיפה - אשכול 1 - אקטיבי,2026-09-30T21:21:21+00:00,http://www.fnx.co.il/sites/docs/genery/mediniut_ashkaa_tzfuia/pension2024-update0724.xlsx,policy/companies/520023185/raw/520023185/4e4909d49780_pension2024-update0724.xlsx,מקיפה - אשכול 1 - אקטיבי
520023185,,,520023185|מקיפה - אשכול 1 - אקטיבי|מספר מסלול באוצר 2188,מספר מסלול באוצר 2188,2024,מזומנים (*),,5.0,5.0,,,,,,מקיפה - אשכול 1 - אקטיבי,2026-09-30T21:21:21+00:00,http://www.fnx.co.il/sites/docs/genery/mediniut_ashkaa_tzfuia/pension2024-update0724.xlsx,policy/companies/520023185/raw/520023185/4e4909d49780_pension2024-update0724.xlsx,מקיפה - אשכול 1 - אקטיבי
520023185,,,520023185|מקיפה - אשכול 1 - אקטיבי|מספר מסלול באוצר 2188,מספר מסלול באוצר 2188,2024,"חשיפה למט""ח",fx,9.0,9.0,0.06,3.0,15.0,,,מקיפה - אשכול 1 - אקטיבי,2026-09-30T21:21:21+00:00,http://www.fnx.co.il/sites/docs/genery/mediniut_ashkaa_tzfuia/pension2024-update0724.xlsx,policy/companies/520023185/raw/520023185/4e4909d49780_pension2024-update0724.xlsx,מקיפה - אשכול 1 - אקטיבי
520023185,,,520023185|מקיפה - אשכול 1 - אקטיבי|מספר מסלול באוצר 2188,מספר מסלול באוצר 2188,2024,מגבלת עמלת ניהול חיצוני לשנת 2024,,,0.11,,,,,,מקיפה - אשכול 1 - אקטיבי,2026-09-30T21:21:21+00:00,http://www.fnx.co.il/sites/docs/genery/mediniut_ashkaa_tzfuia/pension2024-update0724.xlsx,policy/companies/520023185/raw/520023185/4e4909d49780_pension2024-update0724.xlsx,מקיפה - אשכול 1 - אקטיבי
520023185,,,520023185|מקיפה - אשכול 1 - אקטיבי|מספר מסלול באוצר 2187,מספר מסלול באוצר 2187,2024,"מניות (כולל תעודות סל, אופציות, קרנות נאמנות)",equity,68.0,68.0,0.06,62.0,74.0,"40%- מדד ת""א 125 ,   60%- MSCI WORLD AC",,מקיפה - אשכול 1 - אקטיבי,2026-09-30T21:21:21+00:00,http://www.fnx.co.il/sites/docs/genery/mediniut_ashkaa_tzfuia/pension2024-update0724.xlsx,policy/companies/520023185/raw/520023185/4e4909d49780_pension2024-update0724.xlsx,מקיפה - אשכול 1 - אקטיבי
520023185,,,520023185|מקיפה - אשכול 1 - אקטיבי|מספר מסלול באוצר 2187,מספר מסלול באוצר 2187,2024,"אג""ח ממשלתי (צמוד, שקלי ומט""ח), 
ממשלות זרות בנטרול חשיפות בנגזרים",,2.0,2.0,0.05,0.0,7.0,"מדד אג""ח ממשלתי כללי",,מקיפה - אשכול 1 - אקטיבי,2026-09-30T21:21:21+00:00,http://www.fnx.co.il/sites/docs/genery/mediniut_ashkaa_tzfuia/pension2024-update0724.xlsx,policy/companies/520023185/raw/520023185/4e4909d49780_pension2024-update0724.xlsx,מקיפה - אשכול 1 - אקטיבי
520023185,,,520023185|מקיפה - אשכול 1 - אקטיבי|מספר מסלול באוצר 2187,מספר מסלול באוצר 2187,2024,"אג""ח מיועדות ורכיב מבטיח תשואה(***)",,27.0,27.0,0.05,22.0,32.0,,,מקיפה - אשכול 1 - אקטיבי,2026-09-30T21:21:21+00:00,http://www.fnx.co.il/sites/docs/genery/mediniut_ashkaa_tzfuia/pension2024-update0724.xlsx,policy/companies/520023185/raw/520023185/4e4909d49780_pension2024-update0724.xlsx,מקיפה - אשכול 1 - אקטיבי
520023185,,,520023185|מקיפה - אשכול 1 - אקטיבי|מספר מסלול באוצר 2187,מספר מסלול באוצר 2187,2024,"אחר ( Co Invest, נדל""ן, קרנות השקעהתשתיות, גידור)",,1.0,1.0,0.05,0.0,6.0,,,מקיפה - אשכול 1 - אקטיבי,2026-09-30T21:21:21+00:00,http://www.fnx.co.il/sites/docs/genery/mediniut_ashkaa_tzfuia/pension2024-update0724.xlsx,policy/companies/520023185/raw/520023185/4e4909d49780_pension2024-update0724.xlsx,מקיפה - אשכול 1 - אקטיבי
520023185,,,520023185|מקיפה - אשכול 1 - אקטיבי|מספר מסלול באוצר 2187,מספר מסלול באוצר 2187,2024,מזומנים (*),,2.0,2.0,,,,,,מקיפה - אשכול 1 - אקטיבי,2026-09-30T21:21:21+00:00,http://www.fnx.co.il/sites/docs/genery/mediniut_ashkaa_tzfuia/pension2024-update0724.xlsx,policy/companies/520023185/raw/520023185/4e4909d49780_pension2024-update0724.xlsx,מקיפה - אשכול 1 - אקטיבי
520023185,,,520023185|מקיפה - אשכול 1 - אקטיבי|מספר מסלול באוצר 2187,מספר מסלול באוצר 2187,2024,"חשיפה למט""ח",fx,20.0,20.0,0.06,14.0,26.0,,,מקיפה - אשכול 1 - אקטיבי,2026-09-30T21:21:21+00:00,http://www.fnx.co.il/sites/docs/genery/mediniut_ashkaa_tzfuia/pension2024-update0724.xlsx,policy/companies/520023185/raw/520023185/4e4909d49780_pension2024-update0724.xlsx,מקיפה - אשכול 1 - אקטיבי
520023185,,,520023185|מקיפה - אשכול 1 - אקטיבי|מספר מסלול באוצר 2187,מספר מסלול באוצר 2187,2024,מגבלת עמלת ניהול חיצוני לשנת 2024,,,0.15,,,,,,מקיפה - אשכול 1 - אקטיבי,2026-09-30T21:21:21+00:00,http://www.fnx.co.il/sites/docs/genery/mediniut_ashkaa_tzfuia/pension2024-update0724.xlsx,policy/companies/520023185/raw/520023185/4e4909d49780_pension2024-update0724.xlsx,מקיפה - אשכול 1 - אקטיבי
520023185,,,520023185|מקיפה - אשכול 3 סחיר|מספר מסלול באוצר 14285,מספר מסלול באוצר 14285,2024,"מניות (תעודות סל, אופציות, קרנות נאמנות)",equity,46.0,46.0,0.06,40.0,52.0,"40%- מדד ת""א 125 ,   60%- MSCI WORLD AC",,מקיפה - אשכול 3 סחיר,2026-09-30T21:21:21+00:00,http://www.fnx.co.il/sites/docs/genery/mediniut_ashkaa_tzfuia/pension2024-update0724.xlsx,policy/companies/520023185/raw/520023185/4e4909d49780_pension2024-update0724.xlsx,מקיפה - אשכול 3 סחיר
520023185,,,520023185|מקיפה - אשכול 3 סחיר|מספר מסלול באוצר 14285,מספר מסלול באוצר 14285,2024,"אג""ח ממשלתי (צמוד, שקלי ומט""ח), ממשלות זרות בנטרול חשיפות בנגזרים",,4.0,4.0,0.05,0.0,9.0,"מדד אג""ח ממשלתי כללי",,מקיפה - אשכול 3 סחיר,2026-09-30T21:21:21+00:00,http://www.fnx.co.il/sites/docs/genery/mediniut_ashkaa_tzfuia/pension2024-update0724.xlsx,policy/companies/520023185/raw/520023185/4e4909d49780_pension2024-update0724.xlsx,מקיפה - אשכול 3 סחיר
520023185,,,520023185|מקיפה - אשכול 3 סחיר|מספר מסלול באוצר 14285,מספר מסלול באוצר 14285,2024,"אג""ח מיועדות ורכיב מבטיח תשואה(***)",,27.0,27.0,0.05,22.0,32.0,,,מקיפה - אשכול 3 סחיר,2026-09-30T21:21:21+00:00,http://www.fnx.co.il/sites/docs/genery/mediniut_ashkaa_tzfuia/pension2024-update0724.xlsx,policy/companies/520023185/raw/520023185/4e4909d49780_pension2024-update0724.xlsx,מקיפה - אשכול 3 סחיר
520023185,,,520023185|מקיפה - אשכול 3 סחיר|מספר מסלול באוצר 14285,מספר מסלול באוצר 14285,2024,"אג""ח קונצרני (כולל קרנות נאמנות, תעודות סל)",,20.0,20.0,0.06,14.0,26.0,"35% - תל בונד כללי , 20% - תל בונד 60 , 15% - תל בונד 50 , 15% - IBOXX HY - 15%, IBOXX IG",,מקיפה - אשכול 3 סחיר,2026-09-30T21:21:21+00:00,http://www.fnx.co.il/sites/docs/genery/mediniut_ashkaa_tzfuia/pension2024-update0724.xlsx,policy/companies/520023185/raw/520023185/4e4909d49780_pension2024-update0724.xlsx,מקיפה - אשכול 3 סחיר
520023185,,,520023185|מקיפה - אשכול 3 סחיר|מספר מסלול באוצר 14285,מספר מסלול באוצר 14285,2024,מזומנים (*),,3.0,3.0,,,,,,מקיפה - אשכול 3 סחיר,2026-09-30T21:21:21+00:00,http://www.fnx.co.il/sites/docs/genery/mediniut_ashkaa_tzfuia/pension2024-update0724.xlsx,policy/companies/520023185/raw/520023185/4e4909d49780_pension2024-update0724.xlsx,מקיפה - אשכול 3 סחיר
520023185,,,520023185|מקיפה - אשכול 3 סחיר|מספר מסלול באוצר 14285,מספר מסלול באוצר 14285,2024,"חשיפה למט""ח",fx,18.0,18.0,0.06,12.0,24.0,,,מקיפה - אשכול 3 סחיר,2026-09-30T21:21:21+00:00,http://www.fnx.co.il/sites/docs/genery/mediniut_ashkaa_tzfuia/pension2024-update0724.xlsx,policy/companies/520023185/raw/520023185/4e4909d49780_pension2024-update0724.xlsx,מקיפה - אשכול 3 סחיר
520023185,,,520023185|מקיפה - אשכול 3 סחיר|מספר מסלול באוצר 14285,מספר מסלול באוצר 14285,2024,מגבלת עמלת ניהול חיצוני לשנת 2024,,,0.05,,,,,,מקיפה - אשכול 3 סחיר,2026-09-30T21:21:21+00:00,http://www.fnx.co.il/sites/docs/genery/mediniut_ashkaa_tzfuia/pension2024-update0724.xlsx,policy/companies/520023185/raw/520023185/4e4909d49780_pension2024-update0724.xlsx,מקיפה - אשכול 3 סחיר
520023185,,,520023185|מקיפה - אשכול 3 סחיר|מספר מסלול באוצר 15217,מספר מסלול באוצר 15217,2024,"מניות (תעודות סל, אופציות, קרנות נאמנות)",equity,,19.0,0.06,13.0,25.0,"40%- מדד ת""א 125 ,   60%- MSCI WORLD AC",,מקיפה - אשכול 3 סחיר,2026-09-30T21:21:21+00:00,http://www.fnx.co.il/sites/docs/genery/mediniut_ashkaa_tzfuia/pension2024-update0724.xlsx,policy/companies/520023185/raw/520023185/4e4909d49780_pension2024-update0724.xlsx,מקיפה - אשכול 3 סחיר
520023185,,,520023185|מקיפה - אשכול 3 סחיר|מספר מסלול באוצר 15217,מספר מסלול באוצר 15217,2024,"אג""ח ממשלתי (צמוד, שקלי ומט""ח), ממשלות זרות בנטרול חשיפות בנגזרים",,,5.0,0.05,0.0,10.0,"מדד אג""ח ממשלתי כללי",,מקיפה - אשכול 3 סחיר,2026-09-30T21:21:21+00:00,http://www.fnx.co.il/sites/docs/genery/mediniut_ashkaa_tzfuia/pension2024-update0724.xlsx,policy/companies/520023185/raw/520023185/4e4909d49780_pension2024-update0724.xlsx,מקיפה - אשכול 3 סחיר
520023185,,,520023185|מקיפה - אשכול 3 סחיר|מספר מסלול באוצר 15217,מספר מסלול באוצר 15217,2024,"אג""ח מיועדות ורכיב מבטיח תשואה(***)",,,27.0,0.05,22.0,32.0,,,מקיפה - אשכול 3 סחיר,2026-09-30T21:21:21+00:00,http://www.fnx.co.il/sites/docs/genery/mediniut_ashkaa_tzfuia/pension2024-update0724.xlsx,policy/companies/520023185/raw/520023185/4e4909d49780_pension2024-update0724.xlsx,מקיפה - אשכול 3 סחיר
520023185,,,520023185|מקיפה - אשכול 3 סחיר|מספר מסלול באוצר 15217,מספר מסלול באוצר 15217,2024,"אג""ח קונצרני (כולל קרנות נאמנות, תעודות סל)",,,45.0,0.06,39.0,51.0,"35% - תל בונד כללי , 20% - תל בונד 60 , 15% - תל בונד 50 , 15% - IBOXX HY - 15%, IBOXX IG",,מקיפה - אשכול 3 סחיר,2026-09-30T21:21:21+00:00,http://www.fnx.co.il/sites/docs/genery/mediniut_ashkaa_tzfuia/pension2024-update0724.xlsx,policy/companies/520023185/raw/520023185/4e4909d49780_pension2024-update0724.xlsx,מקיפה - אשכול 3 סחיר
520023185,,,520023185|מקיפה - אשכול 3 סחיר|מספר מסלול באוצר 15217,מספר מסלול באוצר 15217,2024,מזומנים (*),,,4.0,,,,,,מקיפה - אשכול 3 סחיר,2026-09-30T21:21:21+00:00,http://www.fnx.co.il/sites/docs/genery/mediniut_ashkaa_tzfuia/pension2024-update0724.xlsx,policy/companies/520023185/raw/520023185/4e4909d49780_pension2024-update0724.xlsx,מקיפה - אשכול 3 סחיר
520023185,,,520023185|מקיפה - אשכול 3 סחיר|מספר מסלול באוצר 15217,מספר מסלול באוצר 15217,2024,"חשיפה למט""ח",fx,,10.0,0.06,4.0,16.0,,,מקיפה - אשכול 3 סחיר,2026-09-30T21:21:21+00:00,http://www.fnx.co.il/sites/docs/genery/mediniut_ashkaa_tzfuia/pension2024-update0724.xlsx,policy/companies/520023185/raw/520023185/4e4909d49780_pension2024-update0724.xlsx,מקיפה - אשכול 3 סחיר
520023185,,,520023185|מקיפה - אשכול 3 סחיר|מספר מסלול באוצר 15217,מספר מסלול באוצר 15217,2024,מגבלת עמלת ניהול חיצוני לשנת 2024,,,0.11,,,,,,מקיפה - אשכול 3 סחיר,2026-09-30T21:21:21+00:00,http://www.fnx.co.il/sites/docs/genery/mediniut_ashkaa_tzfuia/pension2024-update0724.xlsx,policy/companies/520023185/raw/520023185/4e4909d49780_pension2024-update0724.xlsx,מקיפה - אשכול 3 סחיר
520023185,,,520023185|מקיפה - אשכול 3 סחיר|מספר מסלול באוצר 15218,מספר מסלול באוצר 15218,2024,"מניות (תעודות סל, אופציות, קרנות נאמנות)",equity,,70.0,0.06,64.0,76.0,"100%- מדד ת""א 125",,מקיפה - אשכול 3 סחיר,2026-09-30T21:21:21+00:00,http://www.fnx.co.il/sites/docs/genery/mediniut_ashkaa_tzfuia/pension2024-update0724.xlsx,policy/companies/520023185/raw/520023185/4e4909d49780_pension2024-update0724.xlsx,מקיפה - אשכול 3 סחיר
520023185,,,520023185|מקיפה - אשכול 3 סחיר|מספר מסלול באוצר 15218,מספר מסלול באוצר 15218,2024,"אג""ח מיועדות ורכיב מבטיח תשואה(***)",,,27.0,0.05,22.0,32.0,,,מקיפה - אשכול 3 סחיר,2026-09-30T21:21:21+00:00,http://www.fnx.co.il/sites/docs/genery/mediniut_ashkaa_tzfuia/pension2024-update0724.xlsx,policy/companies/520023185/raw/520023185/4e4909d49780_pension2024-update0724.xlsx,מקיפה - אשכול 3 סחיר
520023185,,,520023185|מקיפה - אשכול 3 סחיר|מספר מסלול באוצר 15218,מספר מסלול באוצר 15218,2024,מזומנים (*),,,3.0,,,,,,מקיפה - אשכול 3 סחיר,2026-09-30T21:21:21+00:00,http://www.fnx.co.il/sites/docs/genery/mediniut_ashkaa_tzfuia/pension2024-update0724.xlsx,policy/companies/520023185/raw/520023185/4e4909d49780_pension2024-update0724.xlsx,מקיפה - אשכול 3 סחיר
520023185,,,520023185|מקיפה - אשכול 3 סחיר|מספר מסלול באוצר 15218,מספר מסלול באוצר 15218,2024,"חשיפה למט""ח",fx,,15.0,0.06,9.0,21.0,,,מקיפה - אשכול 3 סחיר,2026-09-30T21:21:21+00:00,http://www.fnx.co.il/sites/docs/genery/mediniut_ashkaa_tzfuia/pension2024-update0724.xlsx,policy/companies/520023185/raw/520023185/4e4909d49780_pension2024-update0724.xlsx,מקיפה - אשכול 3 סחיר
520023185,,,520023185|מקיפה - אשכול 3 סחיר|מספר מסלול באוצר 15218,מספר מסלול באוצר 15218,2024,מגבלת עמלת ניהול חיצוני לשנת 2024,,,0.15,,,,,,מקיפה - אשכול 3 סחיר,2026-09-30T21:21:21+00:00,http://www.fnx.co.il/sites/docs/genery/mediniut_ashkaa_tzfuia/pension2024-update0724.xlsx,policy/companies/520023185/raw/520023185/4e4909d49780_pension2024-update0724.xlsx,מקיפה - אשכול 3 סחיר
520023185,,,520023185|מקיפה- אשכול 4 - עוקב מדדים|מספר מסלול באוצר 14286,מספר מסלול באוצר 14286,2024,"מניות (כולל תעודות סל, אופציות, קרנות נאמנות)",equity,46.0,46.0,0.06,40.0,52.0,MSCI WORLD AC,,מקיפה- אשכול 4 - עוקב מדדים,2026-09-30T21:21:21+00:00,http://www.fnx.co.il/sites/docs/genery/mediniut_ashkaa_tzfuia/pension2024-update0724.xlsx,policy/companies/520023185/raw/520023185/4e4909d49780_pension2024-update0724.xlsx,מקיפה- אשכול 4 - עוקב מדדים
520023185,,,520023185|מקיפה- אשכול 4 - עוקב מדדים|מספר מסלול באוצר 14286,מספר מסלול באוצר 14286,2024,"אג""ח ממשלתי (צמוד, שקלי ומט""ח), ממשלות",,3.0,3.0,0.05,0.0,8.0,ISHARES 7-10 YEARS TREASURY,,מקיפה- אשכול 4 - עוקב מדדים,2026-09-30T21:21:21+00:00,http://www.fnx.co.il/sites/docs/genery/mediniut_ashkaa_tzfuia/pension2024-update0724.xlsx,policy/companies/520023185/raw/520023185/4e4909d49780_pension2024-update0724.xlsx,מקיפה- אשכול 4 - עוקב מדדים
520023185,,,520023185|מקיפה- אשכול 4 - עוקב מדדים|מספר מסלול באוצר 14286,מספר מסלול באוצר 14286,2024,"אג""ח מיועדות ורכיב מבטיח תשואה(***)",,27.0,27.0,0.05,22.0,32.0,,,מקיפה- אשכול 4 - עוקב מדדים,2026-09-30T21:21:21+00:00,http://www.fnx.co.il/sites/docs/genery/mediniut_ashkaa_tzfuia/pension2024-update0724.xlsx,policy/companies/520023185/raw/520023185/4e4909d49780_pension2024-update0724.xlsx,מקיפה- אשכול 4 - עוקב מדדים
520023185,,,520023185|מקיפה- אשכול 4 - עוקב מדדים|מספר מסלול באוצר 14286,מספר מסלול באוצר 14286,2024,"אג""ח קונצרני (כולל קרנות נאמנות, תעודות סל)",,22.0,22.0,0.06,16.0,28.0,"IBOXY HY 46%, IBXXC1D1 12% , JGENUUG 8%, JCMBCOMP 8%, IBOXIG 26%",,מקיפה- אשכול 4 - עוקב מדדים,2026-09-30T21:21:21+00:00,http://www.fnx.co.il/sites/docs/genery/mediniut_ashkaa_tzfuia/pension2024-update0724.xlsx,policy/companies/520023185/raw/520023185/4e4909d49780_pension2024-update0724.xlsx,מקיפה- אשכול 4 - עוקב מדדים
520023185,,,520023185|מקיפה- אשכול 4 - עוקב מדדים|מספר מסלול באוצר 14286,מספר מסלול באוצר 14286,2024,אחר,,0.0,0.0,0.05,0.0,5.0,,,מקיפה- אשכול 4 - עוקב מדדים,2026-09-30T21:21:21+00:00,http://www.fnx.co.il/sites/docs/genery/mediniut_ashkaa_tzfuia/pension2024-update0724.xlsx,policy/companies/520023185/raw/520023185/4e4909d49780_pension2024-update0724.xlsx,מקיפה- אשכול 4 - עוקב מדדים
520023185,,,520023185|מקיפה- אשכול 4 - עוקב מדדים|מספר מסלול באוצר 14286,מספר מסלול באוצר 14286,2024,מזומנים (*),,2.0,2.0,,,,,,מקיפה- אשכול 4 - עוקב מדדים,2026-09-30T21:21:21+00:00,http://www.fnx.co.il/sites/docs/genery/mediniut_ashkaa_tzfuia/pension2024-update0724.xlsx,policy/companies/520023185/raw/520023185/4e4909d49780_pension2024-update0724.xlsx,מקיפה- אשכול 4 - עוקב מדדים
520023185,,,520023185|מקיפה- אשכול 4 - עוקב מדדים|מספר מסלול באוצר 14286,מספר מסלול באוצר 14286,2024,"חשיפה למט""ח",fx,20.0,70.0,0.06,64.0,76.0,,,מקיפה- אשכול 4 - עוקב מדדים,2026-09-30T21:21:21+00:00,http://www.fnx.co.il/sites/docs/genery/mediniut_ashkaa_tzfuia/pension2024-update0724.xlsx,policy/companies/520023185/raw/520023185/4e4909d49780_pension2024-update0724.xlsx,מקיפה- אשכול 4 - עוקב מדדים
520023185,,,520023185|מקיפה- אשכול 4 - עוקב מדדים|מספר מסלול באוצר 14286,מספר מסלול באוצר 14286,2024,מגבלת עמלת ניהול חיצוני לשנת 2024,,,0.15,,,,,,מקיפה- אשכול 4 - עוקב מדדים,2026-09-30T21:21:21+00:00,http://www.fnx.co.il/sites/docs/genery/mediniut_ashkaa_tzfuia/pension2024-update0724.xlsx,policy/companies/520023185/raw/520023185/4e4909d49780_pension2024-update0724.xlsx,מקיפה- אשכול 4 - עוקב מדדים
520023185,,,520023185|מקיפה- אשכול 4 - עוקב מדדים|מספר מסלול באוצר 13335,מספר מסלול באוצר 13335,2024,"מניות (כולל תעודות סל, אופציות, קרנות נאמנות)",equity,70.0,70.0,0.06,64.0,76.0,s&p 500,,מקיפה- אשכול 4 - עוקב מדדים,2026-09-30T21:21:21+00:00,http://www.fnx.co.il/sites/docs/genery/mediniut_ashkaa_tzfuia/pension2024-update0724.xlsx,policy/companies/520023185/raw/520023185/4e4909d49780_pension2024-update0724.xlsx,מקיפה- אשכול 4 - עוקב מדדים
520023185,,,520023185|מקיפה- אשכול 4 - עוקב מדדים|מספר מסלול באוצר 13335,מספר מסלול באוצר 13335,2024,מיועדות,,27.0,27.0,0.05,22.0,32.0,,,מקיפה- אשכול 4 - עוקב מדדים,2026-09-30T21:21:21+00:00,http://www.fnx.co.il/sites/docs/genery/mediniut_ashkaa_tzfuia/pension2024-update0724.xlsx,policy/companies/520023185/raw/520023185/4e4909d49780_pension2024-update0724.xlsx,מקיפה- אשכול 4 - עוקב מדדים
520023185,,,520023185|מקיפה- אשכול 4 - עוקב מדדים|מספר מסלול באוצר 13335,מספר מסלול באוצר 13335,2024,מזומנים (*),,3.0,3.0,,3.0,3.0,,,מקיפה- אשכול 4 - עוקב מדדים,2026-09-30T21:21:21+00:00,http://www.fnx.co.il/sites/docs/genery/mediniut_ashkaa_tzfuia/pension2024-update0724.xlsx,policy/companies/520023185/raw/520023185/4e4909d49780_pension2024-update0724.xlsx,מקיפה- אשכול 4 - עוקב מדדים
520023185,,,520023185|מקיפה- אשכול 4 - עוקב מדדים|מספר מסלול באוצר 13335,מספר מסלול באוצר 13335,2024,"חשיפה למט""ח",fx,70.0,70.0,0.06,64.0,76.0,,,מקיפה- אשכול 4 - עוקב מדדים,2026-09-30T21:21:21+00:00,http://www.fnx.co.il/sites/docs/genery/mediniut_ashkaa_tzfuia/pension2024-update0724.xlsx,policy/companies/520023185/raw/520023185/4e4909d49780_pension2024-update0724.xlsx,מקיפה- אשכול 4 - עוקב מדדים
520023185,,,520023185|מקיפה- אשכול 4 - עוקב מדדים|מספר מסלול באוצר 13335,מספר מסלול באוצר 13335,2024,מגבלת עמלת ניהול חיצוני לשנת 2024,,,0.05,,,,,,מקיפה- אשכול 4 - עוקב מדדים,2026-09-30T21:21:21+00:00,http://www.fnx.co.il/sites/docs/genery/mediniut_ashkaa_tzfuia/pension2024-update0724.xlsx,policy/companies/520023185/raw/520023185/4e4909d49780_pension2024-update0724.xlsx,מקיפה- אשכול 4 - עוקב מדדים
520023185,,,520023185|מקיפה- אשכול 4 - עוקב מדדים|מספר מסלול באוצר 9979,מספר מסלול באוצר 9979,2024,מיועדות,,28.0,27.0,0.05,22.0,32.0,"מדד אג""ח ממשלתי כללי",,מקיפה- אשכול 4 - עוקב מדדים,2026-09-30T21:21:21+00:00,http://www.fnx.co.il/sites/docs/genery/mediniut_ashkaa_tzfuia/pension2024-update0724.xlsx,policy/companies/520023185/raw/520023185/4e4909d49780_pension2024-update0724.xlsx,מקיפה- אשכול 4 - עוקב מדדים
520023185,,,520023185|מקיפה- אשכול 4 - עוקב מדדים|מספר מסלול באוצר 9979,מספר מסלול באוצר 9979,2024,"אג""ח קונצרני (כולל קרנות נאמנות, תעודות סל)",,70.0,69.0,0.06,63.0,75.0,"IBOXY HY 46%, IBXXC1D1 12% , JGENUUG 8%, JCMBCOMP 8%, IBOXIG 26%",,מקיפה- אשכול 4 - עוקב מדדים,2026-09-30T21:21:21+00:00,http://www.fnx.co.il/sites/docs/genery/mediniut_ashkaa_tzfuia/pension2024-update0724.xlsx,policy/companies/520023185/raw/520023185/4e4909d49780_pension2024-update0724.xlsx,מקיפה- אשכול 4 - עוקב מדדים
520023185,,,520023185|מקיפה- אשכול 4 - עוקב מדדים|מספר מסלול באוצר 9979,מספר מסלול באוצר 9979,2024,מזומנים (*),,2.0,4.0,,,,,,מקיפה- אשכול 4 - עוקב מדדים,2026-09-30T21:21:21+00:00,http://www.fnx.co.il/sites/docs/genery/mediniut_ashkaa_tzfuia/pension2024-update0724.xlsx,policy/companies/520023185/raw/520023185/4e4909d49780_pension2024-update0724.xlsx,מקיפה- אשכול 4 - עוקב מדדים
520023185,,,520023185|מקיפה- אשכול 4 - עוקב מדדים|מספר מסלול באוצר 9979,מספר מסלול באוצר 9979,2024,"חשיפה למט""ח",fx,70.0,70.0,0.06,64.0,76.0,,,מקיפה- אשכול 4 - עוקב מדדים,2026-09-30T21:21:21+00:00,http://www.fnx.co.il/sites/docs/genery/mediniut_ashkaa_tzfuia/pension2024-update0724.xlsx,policy/companies/520023185/raw/520023185/4e4909d49780_pension2024-update0724.xlsx,מקיפה- אשכול 4 - עוקב מדדים
520023185,,,520023185|מקיפה- אשכול 4 - עוקב מדדים|מספר מסלול באוצר 9979,מספר מסלול באוצר 9979,2024,מגבלת עמלת ניהול חיצוני לשנת 2024,,,0.3,,,,,,מקיפה- אשכול 4 - עוקב מדדים,2026-09-30T21:21:21+00:00,http://www.fnx.co.il/sites/docs/genery/mediniut_ashkaa_tzfuia/pension2024-update0724.xlsx,policy/companies/520023185/raw/520023185/4e4909d49780_pension2024-update0724.xlsx,מקיפה- אשכול 4 - עוקב מדדים
520023185,,,520023185|מקיפה- אשכול 4 - עוקב מדדים|מספר מסלול באוצר 15219,מספר מסלול באוצר 15219,2024,"מניות (כולל תעודות סל, אופציות, קרנות נאמנות)",equity,,70.0,0.06,64.0,76.0,50% Xndx 40% SP5T5T 10% - SPTRMDCP,,מקיפה- אשכול 4 - עוקב מדדים,2026-09-30T21:21:21+00:00,http://www.fnx.co.il/sites/docs/genery/mediniut_ashkaa_tzfuia/pension2024-update0724.xlsx,policy/companies/520023185/raw/520023185/4e4909d49780_pension2024-update0724.xlsx,מקיפה- אשכול 4 - עוקב מדדים
520023185,,,520023185|מקיפה- אשכול 4 - עוקב מדדים|מספר מסלול באוצר 15219,מספר מסלול באוצר 15219,2024,מיועדות,,,28.0,0.05,23.0,33.0,,,מקיפה- אשכול 4 - עוקב מדדים,2026-09-30T21:21:21+00:00,http://www.fnx.co.il/sites/docs/genery/mediniut_ashkaa_tzfuia/pension2024-update0724.xlsx,policy/companies/520023185/raw/520023185/4e4909d49780_pension2024-update0724.xlsx,מקיפה- אשכול 4 - עוקב מדדים
520023185,,,520023185|מקיפה- אשכול 4 - עוקב מדדים|מספר מסלול באוצר 15219,מספר מסלול באוצר 15219,2024,מזומנים (*),,,2.0,,2.0,2.0,,,מקיפה- אשכול 4 - עוקב מדדים,2026-09-30T21:21:21+00:00,http://www.fnx.co.il/sites/docs/genery/mediniut_ashkaa_tzfuia/pension2024-update0724.xlsx,policy/companies/520023185/raw/520023185/4e4909d49780_pension2024-update0724.xlsx,מקיפה- אשכול 4 - עוקב מדדים
520023185,,,520023185|מקיפה- אשכול 4 - עוקב מדדים|מספר מסלול באוצר 15219,מספר מסלול באוצר 15219,2024,"חשיפה למט""ח",fx,,70.0,0.06,64.0,76.0,,,מקיפה- אשכול 4 - עוקב מדדים,2026-09-30T21:21:21+00:00,http://www.fnx.co.il/sites/docs/genery/mediniut_ashkaa_tzfuia/pension2024-update0724.xlsx,policy/companies/520023185/raw/520023185/4e4909d49780_pension2024-update0724.xlsx,מקיפה- אשכול 4 - עוקב מדדים
520023185,,,520023185|מקיפה- אשכול 4 - עוקב מדדים|מספר מסלול באוצר 15219,מספר מסלול באוצר 15219,2024,מגבלת עמלת ניהול חיצוני לשנת 2024,,,0.08,,,,,,מקיפה- אשכול 4 - עוקב מדדים,2026-09-30T21:21:21+00:00,http://www.fnx.co.il/sites/docs/genery/mediniut_ashkaa_tzfuia/pension2024-update0724.xlsx,policy/companies/520023185/raw/520023185/4e4909d49780_pension2024-update0724.xlsx,מקיפה- אשכול 4 - עוקב מדדים
520023185,,,520023185|משלימה - אשכול 3 - סחיר|מספר מסלול באוצר 14288,מספר מסלול באוצר 14288,2024,"מניות (תעודות סל, אופציות, קרנות נאמנות)",equity,,40.0,0.06,34.0,46.0,"40%- מדד ת""א 125 ,   60%- MSCI WORLD AC",,משלימה - אשכול 3 - סחיר,2026-09-30T21:21:21+00:00,http://www.fnx.co.il/sites/docs/genery/mediniut_ashkaa_tzfuia/pension2024-update0724.xlsx,policy/companies/520023185/raw/520023185/4e4909d49780_pension2024-update0724.xlsx,משלימה - אשכול 3 - סחיר
520023185,,,520023185|משלימה - אשכול 3 - סחיר|מספר מסלול באוצר 14288,מספר מסלול באוצר 14288,2024,"אג""ח ממשלתי (צמוד, שקלי ומט""ח), ממשלות זרות בנטרול חשיפות בנגזרים",,,24.0,0.05,19.0,29.0,"מדד אג""ח ממשלתי כללי",,משלימה - אשכול 3 - סחיר,2026-09-30T21:21:21+00:00,http://www.fnx.co.il/sites/docs/genery/mediniut_ashkaa_tzfuia/pension2024-update0724.xlsx,policy/companies/520023185/raw/520023185/4e4909d49780_pension2024-update0724.xlsx,משלימה - אשכול 3 - סחיר
520023185,,,520023185|משלימה - אשכול 3 - סחיר|מספר מסלול באוצר 14288,מספר מסלול באוצר 14288,2024,"אג""ח קונצרני (כולל קרנות נאמנות, תעודות סל)",,,32.0,0.06,26.0,38.0,"35% - תל בונד כללי , 20% - תל בונד 60 , 15% - תל בונד 50 , 15% - IBOXX HY - 15%, IBOXX IG",,משלימה - אשכול 3 - סחיר,2026-09-30T21:21:21+00:00,http://www.fnx.co.il/sites/docs/genery/mediniut_ashkaa_tzfuia/pension2024-update0724.xlsx,policy/companies/520023185/raw/520023185/4e4909d49780_pension2024-update0724.xlsx,משלימה - אשכול 3 - סחיר
520023185,,,520023185|משלימה - אשכול 3 - סחיר|מספר מסלול באוצר 14288,מספר מסלול באוצר 14288,2024,מזומנים (*),,,4.0,,,,,,משלימה - אשכול 3 - סחיר,2026-09-30T21:21:21+00:00,http://www.fnx.co.il/sites/docs/genery/mediniut_ashkaa_tzfuia/pension2024-update0724.xlsx,policy/companies/520023185/raw/520023185/4e4909d49780_pension2024-update0724.xlsx,משלימה - אשכול 3 - סחיר
520023185,,,520023185|משלימה - אשכול 3 - סחיר|מספר מסלול באוצר 14288,מספר מסלול באוצר 14288,2024,"חשיפה למט""ח",fx,,19.0,0.06,13.0,25.0,,,משלימה - אשכול 3 - סחיר,2026-09-30T21:21:21+00:00,http://www.fnx.co.il/sites/docs/genery/mediniut_ashkaa_tzfuia/pension2024-update0724.xlsx,policy/companies/520023185/raw/520023185/4e4909d49780_pension2024-update0724.xlsx,משלימה - אשכול 3 - סחיר
520023185,,,520023185|משלימה - אשכול 3 - סחיר|מספר מסלול באוצר 14288,מספר מסלול באוצר 14288,2024,מגבלת עמלת ניהול חיצוני לשנת 2024,,,0.05,,,,,,משלימה - אשכול 3 - סחיר,2026-09-30T21:21:21+00:00,http://www.fnx.co.il/sites/docs/genery/mediniut_ashkaa_tzfuia/pension2024-update0724.xlsx,policy/companies/520023185/raw/520023185/4e4909d49780_pension2024-update0724.xlsx,משלימה - אשכול 3 - סחיר
520023185,,,520023185|משלימה - אשכול 3 - סחיר|אג ח סחיר ייפתח כמסלול חדש,אג ח סחיר ייפתח כמסלול חדש,2024,"מניות (תעודות סל, אופציות, קרנות נאמנות)",equity,,,0.06,-6.0,6.0,"35%- מדד ת""א 125 ,   65%- MSCI WORLD AC",,משלימה - אשכול 3 - סחיר,2026-09-30T21:21:21+00:00,http://www.fnx.co.il/sites/docs/genery/mediniut_ashkaa_tzfuia/pension2024-update0724.xlsx,policy/companies/520023185/raw/520023185/4e4909d49780_pension2024-update0724.xlsx,משלימה - אשכול 3 - סחיר
520023185,,,520023185|משלימה - אשכול 3 - סחיר|אג ח סחיר ייפתח כמסלול חדש,אג ח סחיר ייפתח כמסלול חדש,2024,"אג""ח ממשלתי (צמוד, שקלי ומט""ח), ממשלות זרות בנטרול חשיפות בנגזרים",,,,0.05,0.0,5.0,"מדד אג""ח ממשלתי כללי",,משלימה - אשכול 3 - סחיר,2026-09-30T21:21:21+00:00,http://www.fnx.co.il/sites/docs/genery/mediniut_ashkaa_tzfuia/pension2024-update0724.xlsx,policy/companies/520023185/raw/520023185/4e4909d49780_pension2024-update0724.xlsx,משלימה - אשכול 3 - סחיר
520023185,,,520023185|משלימה - אשכול 3 - סחיר|אג ח סחיר ייפתח כמסלול חדש,אג ח סחיר ייפתח כמסלול חדש,2024,"אג""ח קונצרני (כולל קרנות נאמנות, תעודות סל)",,,,0.06,-6.0,6.0,"35% - תל בונד כללי , 20% - תל בונד 60 , 15% - תל בונד 50 , 15% - IBOXX HY - 15%, IBOXX IG",,משלימה - אשכול 3 - סחיר,2026-09-30T21:21:21+00:00,http://www.fnx.co.il/sites/docs/genery/mediniut_ashkaa_tzfuia/pension2024-update0724.xlsx,policy/companies/520023185/raw/520023185/4e4909d49780_pension2024-update0724.xlsx,משלימה - אשכול 3 - סחיר
520023185,,,520023185|משלימה - אשכול 3 - סחיר|אג ח סחיר ייפתח כמסלול חדש,אג ח סחיר ייפתח כמסלול חדש,2024,מזומנים (*),,,3.0,,,,,,משלימה - אשכול 3 - סחיר,2026-09-30T21:21:21+00:00,http://www.fnx.co.il/sites/docs/genery/mediniut_ashkaa_tzfuia/pension2024-update0724.xlsx,policy/companies/520023185/raw/520023185/4e4909d49780_pension2024-update0724.xlsx,משלימה - אשכול 3 - סחיר
520023185,,,520023185|משלימה - אשכול 3 - סחיר|אג ח סחיר ייפתח כמסלול חדש,אג ח סחיר ייפתח כמסלול חדש,2024,"חשיפה למט""ח",fx,,18.0,0.06,12.0,24.0,,,משלימה - אשכול 3 - סחיר,2026-09-30T21:21:21+00:00,http://www.fnx.co.il/sites/docs/genery/mediniut_ashkaa_tzfuia/pension2024-update0724.xlsx,policy/companies/520023185/raw/520023185/4e4909d49780_pension2024-update0724.xlsx,משלימה - אשכול 3 - סחיר
520023185,,,520023185|משלימה - אשכול 3 - סחיר|מספר מסלול באוצר 15221,מספר מסלול באוצר 15221,2024,"מניות (תעודות סל, אופציות, קרנות נאמנות)",equity,,94.0,0.06,88.0,100.0,"מדד ת""א 125",,משלימה - אשכול 3 - סחיר,2026-09-30T21:21:21+00:00,http://www.fnx.co.il/sites/docs/genery/mediniut_ashkaa_tzfuia/pension2024-update0724.xlsx,policy/companies/520023185/raw/520023185/4e4909d49780_pension2024-update0724.xlsx,משלימה - אשכול 3 - סחיר
520023185,,,520023185|משלימה - אשכול 3 - סחיר|מספר מסלול באוצר 15221,מספר מסלול באוצר 15221,2024,מזומנים (*),,,6.0,,,,,,משלימה - אשכול 3 - סחיר,2026-09-30T21:21:21+00:00,http://www.fnx.co.il/sites/docs/genery/mediniut_ashkaa_tzfuia/pension2024-update0724.xlsx,policy/companies/520023185/raw/520023185/4e4909d49780_pension2024-update0724.xlsx,משלימה - אשכול 3 - סחיר
520023185,,,520023185|משלימה - אשכול 3 - סחיר|מספר מסלול באוצר 15221,מספר מסלול באוצר 15221,2024,"חשיפה למט""ח",fx,,20.0,0.06,14.0,26.0,,,משלימה - אשכול 3 - סחיר,2026-09-30T21:21:21+00:00,http://www.fnx.co.il/sites/docs/genery/mediniut_ashkaa_tzfuia/pension2024-update0724.xlsx,policy/companies/520023185/raw/520023185/4e4909d49780_pension2024-update0724.xlsx,משלימה - אשכול 3 - סחיר
520023185,,,520023185|משלימה - אשכול 3 - סחיר|מספר מסלול באוצר 15221,מספר מסלול באוצר 15221,2024,מגבלת עמלת ניהול חיצוני לשנת 2024,,,0.15,,,,,,משלימה - אשכול 3 - סחיר,2026-09-30T21:21:21+00:00,http://www.fnx.co.il/sites/docs/genery/mediniut_ashkaa_tzfuia/pension2024-update0724.xlsx,policy/companies/520023185/raw/520023185/4e4909d49780_pension2024-update0724.xlsx,משלימה - אשכול 3 - סחיר
520023185,,,520023185|משלימה - אשכול 3 - סחיר|מספר מסלול באוצר 15220,מספר מסלול באוצר 15220,2024,"מניות (תעודות סל, אופציות, קרנות נאמנות)",equity,,19.0,0.06,13.0,25.0,"40%- מדד ת""א 125 ,   60%- MSCI WORLD AC",,משלימה - אשכול 3 - סחיר,2026-09-30T21:21:21+00:00,http://www.fnx.co.il/sites/docs/genery/mediniut_ashkaa_tzfuia/pension2024-update0724.xlsx,policy/companies/520023185/raw/520023185/4e4909d49780_pension2024-update0724.xlsx,משלימה - אשכול 3 - סחיר
520023185,,,520023185|משלימה - אשכול 3 - סחיר|מספר מסלול באוצר 15220,מספר מסלול באוצר 15220,2024,"אג""ח ממשלתי (צמוד, שקלי ומט""ח), ממשלות זרות בנטרול חשיפות בנגזרים",,,20.0,0.05,15.0,25.0,"מדד אג""ח ממשלתי כללי",,משלימה - אשכול 3 - סחיר,2026-09-30T21:21:21+00:00,http://www.fnx.co.il/sites/docs/genery/mediniut_ashkaa_tzfuia/pension2024-update0724.xlsx,policy/companies/520023185/raw/520023185/4e4909d49780_pension2024-update0724.xlsx,משלימה - אשכול 3 - סחיר
520023185,,,520023185|משלימה - אשכול 3 - סחיר|מספר מסלול באוצר 15220,מספר מסלול באוצר 15220,2024,"אג""ח קונצרני (כולל קרנות נאמנות, תעודות סל)",,,56.0,0.06,50.0,62.0,"35% - תל בונד כללי , 20% - תל בונד 60 , 15% - תל בונד 50 , 15% - IBOXX HY - 15%, IBOXX IG",,משלימה - אשכול 3 - סחיר,2026-09-30T21:21:21+00:00,http://www.fnx.co.il/sites/docs/genery/mediniut_ashkaa_tzfuia/pension2024-update0724.xlsx,policy/companies/520023185/raw/520023185/4e4909d49780_pension2024-update0724.xlsx,משלימה - אשכול 3 - סחיר
520023185,,,520023185|משלימה - אשכול 3 - סחיר|מספר מסלול באוצר 15220,מספר מסלול באוצר 15220,2024,מזומנים (*),,,5.0,,,,,,משלימה - אשכול 3 - סחיר,2026-09-30T21:21:21+00:00,http://www.fnx.co.il/sites/docs/genery/mediniut_ashkaa_tzfuia/pension2024-update0724.xlsx,policy/companies/520023185/raw/520023185/4e4909d49780_pension2024-update0724.xlsx,משלימה - אשכול 3 - סחיר
520023185,,,520023185|משלימה - אשכול 3 - סחיר|מספר מסלול באוצר 15220,מספר מסלול באוצר 15220,2024,"חשיפה למט""ח",fx,,10.0,0.06,4.0,16.0,,,משלימה - אשכול 3 - סחיר,2026-09-30T21:21:21+00:00,http://www.fnx.co.il/sites/docs/genery/mediniut_ashkaa_tzfuia/pension2024-update0724.xlsx,policy/companies/520023185/raw/520023185/4e4909d49780_pension2024-update0724.xlsx,משלימה - אשכול 3 - סחיר
520023185,,,520023185|משלימה - אשכול 3 - סחיר|מספר מסלול באוצר 15220,מספר מסלול באוצר 15220,2024,מגבלת עמלת ניהול חיצוני לשנת 2024,,,0.11,,,,,,משלימה - אשכול 3 - סחיר,2026-09-30T21:21:21+00:00,http://www.fnx.co.il/sites/docs/genery/mediniut_ashkaa_tzfuia/pension2024-update0724.xlsx,policy/companies/520023185/raw/520023185/4e4909d49780_pension2024-update0724.xlsx,משלימה - אשכול 3 - סחיר
520023185,,,520023185|משלימה - אשכול 4 - עוקב מדדים|מספר מסלול באוצר 14287,מספר מסלול באוצר 14287,2024,"מניות (כולל תעודות סל, אופציות, קרנות נאמנות)",equity,37.36,37.0,0.06,31.0,43.0,MSCI WORLD AC,,משלימה - אשכול 4 - עוקב מדדים,2026-09-30T21:21:21+00:00,http://www.fnx.co.il/sites/docs/genery/mediniut_ashkaa_tzfuia/pension2024-update0724.xlsx,policy/companies/520023185/raw/520023185/4e4909d49780_pension2024-update0724.xlsx,משלימה - אשכול 4 - עוקב מדדים
520023185,,,520023185|משלימה - אשכול 4 - עוקב מדדים|מספר מסלול באוצר 14287,מספר מסלול באוצר 14287,2024,"אג""ח ממשלתי (צמוד, שקלי ומט""ח), ממשלות",,27.0,27.0,0.05,22.0,32.0,ISHARES 7-10 YEARS TREASURY,,משלימה - אשכול 4 - עוקב מדדים,2026-09-30T21:21:21+00:00,http://www.fnx.co.il/sites/docs/genery/mediniut_ashkaa_tzfuia/pension2024-update0724.xlsx,policy/companies/520023185/raw/520023185/4e4909d49780_pension2024-update0724.xlsx,משלימה - אשכול 4 - עוקב מדדים
520023185,,,520023185|משלימה - אשכול 4 - עוקב מדדים|מספר מסלול באוצר 14287,מספר מסלול באוצר 14287,2024,"אג""ח קונצרני (כולל קרנות נאמנות, תעודות סל)",,31.0,31.0,0.06,25.0,37.0,"IBOXY HY 46%, IBXXC1D1 12% , JGENUUG 8%, JCMBCOMP 8%, IBOXIG 26%",,משלימה - אשכול 4 - עוקב מדדים,2026-09-30T21:21:21+00:00,http://www.fnx.co.il/sites/docs/genery/mediniut_ashkaa_tzfuia/pension2024-update0724.xlsx,policy/companies/520023185/raw/520023185/4e4909d49780_pension2024-update0724.xlsx,משלימה - אשכול 4 - עוקב מדדים
520023185,,,520023185|משלימה - אשכול 4 - עוקב מדדים|מספר מסלול באוצר 14287,מספר מסלול באוצר 14287,2024,מזומנים (*),,4.52,5.0,,,,,,משלימה - אשכול 4 - עוקב מדדים,2026-09-30T21:21:21+00:00,http://www.fnx.co.il/sites/docs/genery/mediniut_ashkaa_tzfuia/pension2024-update0724.xlsx,policy/companies/520023185/raw/520023185/4e4909d49780_pension2024-update0724.xlsx,משלימה - אשכול 4 - עוקב מדדים
520023185,,,520023185|משלימה - אשכול 4 - עוקב מדדים|מספר מסלול באוצר 14287,מספר מסלול באוצר 14287,2024,"חשיפה למט""ח",fx,21.0,95.0,0.06,89.0,101.0,,,משלימה - אשכול 4 - עוקב מדדים,2026-09-30T21:21:21+00:00,http://www.fnx.co.il/sites/docs/genery/mediniut_ashkaa_tzfuia/pension2024-update0724.xlsx,policy/companies/520023185/raw/520023185/4e4909d49780_pension2024-update0724.xlsx,משלימה - אשכול 4 - עוקב מדדים
520023185,,,520023185|משלימה - אשכול 4 - עוקב מדדים|מספר מסלול באוצר 14287,מספר מסלול באוצר 14287,2024,מגבלת עמלת ניהול חיצוני לשנת 2024,,,0.15,,,,,,משלימה - אשכול 4 - עוקב מדדים,2026-09-30T21:21:21+00:00,http://www.fnx.co.il/sites/docs/genery/mediniut_ashkaa_tzfuia/pension2024-update0724.xlsx,policy/companies/520023185/raw/520023185/4e4909d49780_pension2024-update0724.xlsx,משלימה - אשכול 4 - עוקב מדדים
520023185,,,520023185|משלימה - אשכול 4 - עוקב מדדים|מספר מסלול באוצר 13465,מספר מסלול באוצר 13465,2024,"מניות (כולל תעודות סל, אופציות, קרנות נאמנות)",equity,,94.0,0.06,88.0,100.0,s&p 500,,משלימה - אשכול 4 - עוקב מדדים,2026-09-30T21:21:21+00:00,http://www.fnx.co.il/sites/docs/genery/mediniut_ashkaa_tzfuia/pension2024-update0724.xlsx,policy/companies/520023185/raw/520023185/4e4909d49780_pension2024-update0724.xlsx,משלימה - אשכול 4 - עוקב מדדים
520023185,,,520023185|משלימה - אשכול 4 - עוקב מדדים|מספר מסלול באוצר 13465,מספר מסלול באוצר 13465,2024,מזומנים (*),,,6.0,,6.0,6.0,,,משלימה - אשכול 4 - עוקב מדדים,2026-09-30T21:21:21+00:00,http://www.fnx.co.il/sites/docs/genery/mediniut_ashkaa_tzfuia/pension2024-update0724.xlsx,policy/companies/520023185/raw/520023185/4e4909d49780_pension2024-update0724.xlsx,משלימה - אשכול 4 - עוקב מדדים
520023185,,,520023185|משלימה - אשכול 4 - עוקב מדדים|מספר מסלול באוצר 13465,מספר מסלול באוצר 13465,2024,"חשיפה למט""ח",fx,,96.0,0.06,90.0,102.0,,,משלימה - אשכול 4 - עוקב מדדים,2026-09-30T21:21:21+00:00,http://www.fnx.co.il/sites/docs/genery/mediniut_ashkaa_tzfuia/pension2024-update0724.xlsx,policy/companies/520023185/raw/520023185/4e4909d49780_pension2024-update0724.xlsx,משלימה - אשכול 4 - עוקב מדדים
520023185,,,520023185|משלימה - אשכול 4 - עוקב מדדים|מספר מסלול באוצר 13465,מספר מסלול באוצר 13465,2024,מגבלת עמלת ניהול חיצוני לשנת 2024,,,0.05,,,,,,משלימה - אשכול 4 - עוקב מדדים,2026-09-30T21:21:21+00:00,http://www.fnx.co.il/sites/docs/genery/mediniut_ashkaa_tzfuia/pension2024-update0724.xlsx,policy/companies/520023185/raw/520023185/4e4909d49780_pension2024-update0724.xlsx,משלימה - אשכול 4 - עוקב מדדים
520023185,,,520023185|משלימה - אשכול 4 - עוקב מדדים|מספר מסלול באוצר 15223,מספר מסלול באוצר 15223,2024,"מניות (כולל תעודות סל, אופציות, קרנות נאמנות)",equity,,94.0,0.06,88.0,100.0,50% Xndx 40% SP5T5T 10% - SPTRMDCP,,משלימה - אשכול 4 - עוקב מדדים,2026-09-30T21:21:21+00:00,http://www.fnx.co.il/sites/docs/genery/mediniut_ashkaa_tzfuia/pension2024-update0724.xlsx,policy/companies/520023185/raw/520023185/4e4909d49780_pension2024-update0724.xlsx,משלימה - אשכול 4 - עוקב מדדים
520023185,,,520023185|משלימה - אשכול 4 - עוקב מדדים|מספר מסלול באוצר 15223,מספר מסלול באוצר 15223,2024,מזומנים (*),,,6.0,,6.0,6.0,,,משלימה - אשכול 4 - עוקב מדדים,2026-09-30T21:21:21+00:00,http://www.fnx.co.il/sites/docs/genery/mediniut_ashkaa_tzfuia/pension2024-update0724.xlsx,policy/companies/520023185/raw/520023185/4e4909d49780_pension2024-update0724.xlsx,משלימה - אשכול 4 - עוקב מדדים
520023185,,,520023185|משלימה - אשכול 4 - עוקב מדדים|מספר מסלול באוצר 15223,מספר מסלול באוצר 15223,2024,"חשיפה למט""ח",fx,,95.0,0.06,89.0,101.0,,,משלימה - אשכול 4 - עוקב מדדים,2026-09-30T21:21:21+00:00,http://www.fnx.co.il/sites/docs/genery/mediniut_ashkaa_tzfuia/pension2024-update0724.xlsx,policy/companies/520023185/raw/520023185/4e4909d49780_pension2024-update0724.xlsx,משלימה - אשכול 4 - עוקב מדדים
520023185,,,520023185|משלימה - אשכול 4 - עוקב מדדים|מספר מסלול באוצר 15223,מספר מסלול באוצר 15223,2024,מגבלת עמלת ניהול חיצוני לשנת 2024,,,0.08,,,,,,משלימה - אשכול 4 - עוקב מדדים,2026-09-30T21:21:21+00:00,http://www.fnx.co.il/sites/docs/genery/mediniut_ashkaa_tzfuia/pension2024-update0724.xlsx,policy/companies/520023185/raw/520023185/4e4909d49780_pension2024-update0724.xlsx,משלימה - אשכול 4 - עוקב מדדים
520023185,,,520023185|משלימה - אשכול 4 - עוקב מדדים|מספר מסלול באוצר 15222,מספר מסלול באוצר 15222,2024,"אג""ח קונצרני (כולל קרנות נאמנות, תעודות סל)",,,98.0,0.06,92.0,100.0,"IBOXY HY 46%, IBXXC1D1 12% , JGENUUG 8%, JCMBCOMP 8%, IBOXIG 26%",,משלימה - אשכול 4 - עוקב מדדים,2026-09-30T21:21:21+00:00,http://www.fnx.co.il/sites/docs/genery/mediniut_ashkaa_tzfuia/pension2024-update0724.xlsx,policy/companies/520023185/raw/520023185/4e4909d49780_pension2024-update0724.xlsx,משלימה - אשכול 4 - עוקב מדדים
520023185,,,520023185|משלימה - אשכול 4 - עוקב מדדים|מספר מסלול באוצר 15222,מספר מסלול באוצר 15222,2024,מזומנים (*),,,2.0,,2.0,2.0,,,משלימה - אשכול 4 - עוקב מדדים,2026-09-30T21:21:21+00:00,http://www.fnx.co.il/sites/docs/genery/mediniut_ashkaa_tzfuia/pension2024-update0724.xlsx,policy/companies/520023185/raw/520023185/4e4909d49780_pension2024-update0724.xlsx,משלימה - אשכול 4 - עוקב מדדים
520023185,,,520023185|משלימה - אשכול 4 - עוקב מדדים|מספר מסלול באוצר 15222,מספר מסלול באוצר 15222,2024,"חשיפה למט""ח",fx,,95.0,,89.0,101.0,,,משלימה - אשכול 4 - עוקב מדדים,2026-09-30T21:21:21+00:00,http://www.fnx.co.il/sites/docs/genery/mediniut_ashkaa_tzfuia/pension2024-update0724.xlsx,policy/companies/520023185/raw/520023185/4e4909d49780_pension2024-update0724.xlsx,משלימה - אשכול 4 - עוקב מדדים
520023185,,,520023185|משלימה - אשכול 4 - עוקב מדדים|מספר מסלול באוצר 15222,מספר מסלול באוצר 15222,2024,מגבלת עמלת ניהול חיצוני לשנת 2024,,,0.33,,,,,,משלימה - אשכול 4 - עוקב מדדים,2026-09-30T21:21:21+00:00,http://www.fnx.co.il/sites/docs/genery/mediniut_ashkaa_tzfuia/pension2024-update0724.xlsx,policy/companies/520023185/raw/520023185/4e4909d49780_pension2024-update0724.xlsx,משלימה - אשכול 4 - עוקב מדדים
520023185,,,520023185|מקיפה-פנסיונרים עד 31.12.17|מספר מסלול באוצר 2201,מספר מסלול באוצר 2201,2024,"מניות (תעודות סל, אופציות, קרנות נאמנות)",equity,,0.0,0.01,0.0,1.0,,,מקיפה-פנסיונרים עד 31.12.17,2026-09-30T21:21:21+00:00,http://www.fnx.co.il/sites/docs/genery/mediniut_ashkaa_tzfuia/pension2024-update0724.xlsx,policy/companies/520023185/raw/520023185/4e4909d49780_pension2024-update0724.xlsx,מקיפה-פנסיונרים עד 31.12.17
520023185,,,520023185|מקיפה-פנסיונרים עד 31.12.17|מספר מסלול באוצר 2201,מספר מסלול באוצר 2201,2024,"אג""ח ממשלתי (צמוד, שקלי ומט""ח), ממשלות זרות בנטרול חשיפות בנגזרים",,,37.0,0.05,0.0,42.0,"מדד אג""ח ממשלתי כללי",,מקיפה-פנסיונרים עד 31.12.17,2026-09-30T21:21:21+00:00,http://www.fnx.co.il/sites/docs/genery/mediniut_ashkaa_tzfuia/pension2024-update0724.xlsx,policy/companies/520023185/raw/520023185/4e4909d49780_pension2024-update0724.xlsx,מקיפה-פנסיונרים עד 31.12.17
520023185,,,520023185|מקיפה-פנסיונרים עד 31.12.17|מספר מסלול באוצר 2201,מספר מסלול באוצר 2201,2024,"אג""ח מיועדות ורכיב מבטיח תשואה(***)",,,60.0,0.05,55.0,65.0,,,מקיפה-פנסיונרים עד 31.12.17,2026-09-30T21:21:21+00:00,http://www.fnx.co.il/sites/docs/genery/mediniut_ashkaa_tzfuia/pension2024-update0724.xlsx,policy/companies/520023185/raw/520023185/4e4909d49780_pension2024-update0724.xlsx,מקיפה-פנסיונרים עד 31.12.17
520023185,,,520023185|מקיפה-פנסיונרים עד 31.12.17|מספר מסלול באוצר 2201,מספר מסלול באוצר 2201,2024,"אג""ח קונצרני (כולל קרנות נאמנות, תעודות סל)",,,0.0,0.01,0.0,1.0,מדד תל בונד 60,,מקיפה-פנסיונרים עד 31.12.17,2026-09-30T21:21:21+00:00,http://www.fnx.co.il/sites/docs/genery/mediniut_ashkaa_tzfuia/pension2024-update0724.xlsx,policy/companies/520023185/raw/520023185/4e4909d49780_pension2024-update0724.xlsx,מקיפה-פנסיונרים עד 31.12.17
520023185,,,520023185|מקיפה-פנסיונרים עד 31.12.17|מספר מסלול באוצר 2201,מספר מסלול באוצר 2201,2024,"נדל""ן",,,0.0,0,0.0,0.0,,,מקיפה-פנסיונרים עד 31.12.17,2026-09-30T21:21:21+00:00,http://www.fnx.co.il/sites/docs/genery/mediniut_ashkaa_tzfuia/pension2024-update0724.xlsx,policy/companies/520023185/raw/520023185/4e4909d49780_pension2024-update0724.xlsx,מקיפה-פנסיונרים עד 31.12.17
520023185,,,520023185|מקיפה-פנסיונרים עד 31.12.17|מספר מסלול באוצר 2201,מספר מסלול באוצר 2201,2024,"אחר (קרנות השקעה, Co Invest, תשתיות, גידור)",,,0.0,0,0.0,0.0,,,מקיפה-פנסיונרים עד 31.12.17,2026-09-30T21:21:21+00:00,http://www.fnx.co.il/sites/docs/genery/mediniut_ashkaa_tzfuia/pension2024-update0724.xlsx,policy/companies/520023185/raw/520023185/4e4909d49780_pension2024-update0724.xlsx,מקיפה-פנסיונרים עד 31.12.17
520023185,,,520023185|מקיפה-פנסיונרים עד 31.12.17|מספר מסלול באוצר 2201,מספר מסלול באוצר 2201,2024,מזומנים (*),,,3.0,,,,,,מקיפה-פנסיונרים עד 31.12.17,2026-09-30T21:21:21+00:00,http://www.fnx.co.il/sites/docs/genery/mediniut_ashkaa_tzfuia/pension2024-update0724.xlsx,policy/companies/520023185/raw/520023185/4e4909d49780_pension2024-update0724.xlsx,מקיפה-פנסיונרים עד 31.12.17
520023185,,,520023185|מקיפה-פנסיונרים עד 31.12.17|מספר מסלול באוצר 2201,מספר מסלול באוצר 2201,2024,"חשיפה למט""ח",fx,,0.0,0.06,0.0,6.0,,,מקיפה-פנסיונרים עד 31.12.17,2026-09-30T21:21:21+00:00,http://www.fnx.co.il/sites/docs/genery/mediniut_ashkaa_tzfuia/pension2024-update0724.xlsx,policy/companies/520023185/raw/520023185/4e4909d49780_pension2024-update0724.xlsx,מקיפה-פנסיונרים עד 31.12.17
520023185,,,520023185|מקיפה-פנסיונרים עד 31.12.17|מספר מסלול באוצר 2201,מספר מסלול באוצר 2201,2024,מגבלת עמלת ניהול חיצוני לשנת 2024,,,0.2,,,,,,מקיפה-פנסיונרים עד 31.12.17,2026-09-30T21:21:21+00:00,http://www.fnx.co.il/sites/docs/genery/mediniut_ashkaa_tzfuia/pension2024-update0724.xlsx,policy/companies/520023185/raw/520023185/4e4909d49780_pension2024-update0724.xlsx,מקיפה-פנסיונרים עד 31.12.17
520023185,,,520023185|מקיפה-פנסיונרים זכאים|מספר מסלול באוצר 9987,מספר מסלול באוצר 9987,2024,"מניות (תעודות סל, אופציות, קרנות נאמנות)",equity,,0.0,0.06,0.0,6.0,"40%- מדד ת""א 125 ,   60%- MSCI WORLD AC",,מקיפה-פנסיונרים זכאים,2026-09-30T21:21:21+00:00,http://www.fnx.co.il/sites/docs/genery/mediniut_ashkaa_tzfuia/pension2024-update0724.xlsx,policy/companies/520023185/raw/520023185/4e4909d49780_pension2024-update0724.xlsx,מקיפה-פנסיונרים זכאים
520023185,,,520023185|מקיפה-פנסיונרים זכאים|מספר מסלול באוצר 9987,מספר מסלול באוצר 9987,2024,"אג""ח ממשלתי (צמוד, שקלי ומט""ח), ממשלות זרות בנטרול חשיפות בנגזרים",,,15.0,0.05,0.0,20.0,"מדד אג""ח ממשלתי כללי",,מקיפה-פנסיונרים זכאים,2026-09-30T21:21:21+00:00,http://www.fnx.co.il/sites/docs/genery/mediniut_ashkaa_tzfuia/pension2024-update0724.xlsx,policy/companies/520023185/raw/520023185/4e4909d49780_pension2024-update0724.xlsx,מקיפה-פנסיונרים זכאים
520023185,,,520023185|מקיפה-פנסיונרים זכאים|מספר מסלול באוצר 9987,מספר מסלול באוצר 9987,2024,"אג""ח מיועדות ורכיב מבטיח תשואה(***)",,,80.0,0.05,75.0,85.0,,,מקיפה-פנסיונרים זכאים,2026-09-30T21:21:21+00:00,http://www.fnx.co.il/sites/docs/genery/mediniut_ashkaa_tzfuia/pension2024-update0724.xlsx,policy/companies/520023185/raw/520023185/4e4909d49780_pension2024-update0724.xlsx,מקיפה-פנסיונרים זכאים
520023185,,,520023185|מקיפה-פנסיונרים זכאים|מספר מסלול באוצר 9987,מספר מסלול באוצר 9987,2024,"אג""ח קונצרני (כולל קרנות נאמנות, תעודות סל)",,,0.0,0.06,0.0,6.0,מדד תל בונד 60,,מקיפה-פנסיונרים זכאים,2026-09-30T21:21:21+00:00,http://www.fnx.co.il/sites/docs/genery/mediniut_ashkaa_tzfuia/pension2024-update0724.xlsx,policy/companies/520023185/raw/520023185/4e4909d49780_pension2024-update0724.xlsx,מקיפה-פנסיונרים זכאים
520023185,,,520023185|מקיפה-פנסיונרים זכאים|מספר מסלול באוצר 9987,מספר מסלול באוצר 9987,2024,"נדל""ן",,,0.0,0.05,0.0,5.0,,,מקיפה-פנסיונרים זכאים,2026-09-30T21:21:21+00:00,http://www.fnx.co.il/sites/docs/genery/mediniut_ashkaa_tzfuia/pension2024-update0724.xlsx,policy/companies/520023185/raw/520023185/4e4909d49780_pension2024-update0724.xlsx,מקיפה-פנסיונרים זכאים
520023185,,,520023185|מקיפה-פנסיונרים זכאים|מספר מסלול באוצר 9987,מספר מסלול באוצר 9987,2024,"אחר (קרנות השקעה, Co Invest, תשתיות, גידור)",,,0.0,0.05,0.0,5.0,,,מקיפה-פנסיונרים זכאים,2026-09-30T21:21:21+00:00,http://www.fnx.co.il/sites/docs/genery/mediniut_ashkaa_tzfuia/pension2024-update0724.xlsx,policy/companies/520023185/raw/520023185/4e4909d49780_pension2024-update0724.xlsx,מקיפה-פנסיונרים זכאים
520023185,,,520023185|מקיפה-פנסיונרים זכאים|מספר מסלול באוצר 9987,מספר מסלול באוצר 9987,2024,מזומנים (*),,,5.0,,,,,,מקיפה-פנסיונרים זכאים,2026-09-30T21:21:21+00:00,http://www.fnx.co.il/sites/docs/genery/mediniut_ashkaa_tzfuia/pension2024-update0724.xlsx,policy/companies/520023185/raw/520023185/4e4909d49780_pension2024-update0724.xlsx,מקיפה-פנסיונרים זכאים
520023185,,,520023185|מקיפה-פנסיונרים זכאים|מספר מסלול באוצר 9987,מספר מסלול באוצר 9987,2024,"חשיפה למט""ח",fx,,0.0,0.06,6.0,18.0,,,מקיפה-פנסיונרים זכאים,2026-09-30T21:21:21+00:00,http://www.fnx.co.il/sites/docs/genery/mediniut_ashkaa_tzfuia/pension2024-update0724.xlsx,policy/companies/520023185/raw/520023185/4e4909d49780_pension2024-update0724.xlsx,מקיפה-פנסיונרים זכאים
520023185,,,520023185|מקיפה-פנסיונרים זכאים|מספר מסלול באוצר 9987,מספר מסלול באוצר 9987,2024,מגבלת עמלת ניהול חיצוני לשנת 2024,,,0.1,,,,,,מקיפה-פנסיונרים זכאים,2026-09-30T21:21:21+00:00,http://www.fnx.co.il/sites/docs/genery/mediniut_ashkaa_tzfuia/pension2024-update0724.xlsx,policy/companies/520023185/raw/520023185/4e4909d49780_pension2024-update0724.xlsx,מקיפה-פנסיונרים זכאים
520023185,,,520023185|מקיפה-פנסיונרים החל מ-1.1.18|מספר מסלול באוצר 12119,מספר מסלול באוצר 12119,2024,"מניות (תעודות סל, אופציות, קרנות נאמנות)",equity,,16.0,0.06,10.0,22.0,"35%- מדד ת""א 125 ,   65%- MSCI WORLD AC",,מקיפה-פנסיונרים החל מ-1.1.18,2026-09-30T21:21:21+00:00,http://www.fnx.co.il/sites/docs/genery/mediniut_ashkaa_tzfuia/pension2024-update0724.xlsx,policy/companies/520023185/raw/520023185/4e4909d49780_pension2024-update0724.xlsx,מקיפה-פנסיונרים החל מ-1.1.18
520023185,,,520023185|מקיפה-פנסיונרים החל מ-1.1.18|מספר מסלול באוצר 12119,מספר מסלול באוצר 12119,2024,"אג""ח ממשלתי (צמוד, שקלי ומט""ח), ממשלות זרות בנטרול חשיפות בנגזרים",,,3.0,0.05,0.0,8.0,"מדד אג""ח ממשלתי כללי",,מקיפה-פנסיונרים החל מ-1.1.18,2026-09-30T21:21:21+00:00,http://www.fnx.co.il/sites/docs/genery/mediniut_ashkaa_tzfuia/pension2024-update0724.xlsx,policy/companies/520023185/raw/520023185/4e4909d49780_pension2024-update0724.xlsx,מקיפה-פנסיונרים החל מ-1.1.18
520023185,,,520023185|מקיפה-פנסיונרים החל מ-1.1.18|מספר מסלול באוצר 12119,מספר מסלול באוצר 12119,2024,"אג""ח מיועדות ורכיב מבטיח תשואה(***)",,,60.0,0.05,55.0,65.0,,,מקיפה-פנסיונרים החל מ-1.1.18,2026-09-30T21:21:21+00:00,http://www.fnx.co.il/sites/docs/genery/mediniut_ashkaa_tzfuia/pension2024-update0724.xlsx,policy/companies/520023185/raw/520023185/4e4909d49780_pension2024-update0724.xlsx,מקיפה-פנסיונרים החל מ-1.1.18
520023185,,,520023185|מקיפה-פנסיונרים החל מ-1.1.18|מספר מסלול באוצר 12119,מספר מסלול באוצר 12119,2024,"אג""ח קונצרני (כולל קרנות נאמנות, תעודות סל)",,,16.0,0.06,10.0,22.0,"35% - תל בונד כללי , 20% - תל בונד 60 , 15% - תל בונד 50 , 15% - IBOXX HY - 15%, IBOXX IG",,מקיפה-פנסיונרים החל מ-1.1.18,2026-09-30T21:21:21+00:00,http://www.fnx.co.il/sites/docs/genery/mediniut_ashkaa_tzfuia/pension2024-update0724.xlsx,policy/companies/520023185/raw/520023185/4e4909d49780_pension2024-update0724.xlsx,מקיפה-פנסיונרים החל מ-1.1.18
520023185,,,520023185|מקיפה-פנסיונרים החל מ-1.1.18|מספר מסלול באוצר 12119,מספר מסלול באוצר 12119,2024,"נדל""ן",,,0.0,0.05,0.0,5.0,,,מקיפה-פנסיונרים החל מ-1.1.18,2026-09-30T21:21:21+00:00,http://www.fnx.co.il/sites/docs/genery/mediniut_ashkaa_tzfuia/pension2024-update0724.xlsx,policy/companies/520023185/raw/520023185/4e4909d49780_pension2024-update0724.xlsx,מקיפה-פנסיונרים החל מ-1.1.18
520023185,,,520023185|מקיפה-פנסיונרים החל מ-1.1.18|מספר מסלול באוצר 12119,מספר מסלול באוצר 12119,2024,"אחר (קרנות השקעה, Co Invest, תשתיות, גידור)",,,3.0,0.05,0.0,8.0,,,מקיפה-פנסיונרים החל מ-1.1.18,2026-09-30T21:21:21+00:00,http://www.fnx.co.il/sites/docs/genery/mediniut_ashkaa_tzfuia/pension2024-update0724.xlsx,policy/companies/520023185/raw/520023185/4e4909d49780_pension2024-update0724.xlsx,מקיפה-פנסיונרים החל מ-1.1.18
520023185,,,520023185|מקיפה-פנסיונרים החל מ-1.1.18|מספר מסלול באוצר 12119,מספר מסלול באוצר 12119,2024,מזומנים (*),,,2.0,,,,,,מקיפה-פנסיונרים החל מ-1.1.18,2026-09-30T21:21:21+00:00,http://www.fnx.co.il/sites/docs/genery/mediniut_ashkaa_tzfuia/pension2024-update0724.xlsx,policy/companies/520023185/raw/520023185/4e4909d49780_pension2024-update0724.xlsx,מקיפה-פנסיונרים החל מ-1.1.18
520023185,,,520023185|מקיפה-פנסיונרים החל מ-1.1.18|מספר מסלול באוצר 12119,מספר מסלול באוצר 12119,2024,"חשיפה למט""ח",fx,,12.0,0.06,6.0,18.0,,,מקיפה-פנסיונרים החל מ-1.1.18,2026-09-30T21:21:21+00:00,http://www.fnx.co.il/sites/docs/genery/mediniut_ashkaa_tzfuia/pension2024-update0724.xlsx,policy/companies/520023185/raw/520023185/4e4909d49780_pension2024-update0724.xlsx,מקיפה-פנסיונרים החל מ-1.1.18
520023185,,,520023185|מקיפה-פנסיונרים החל מ-1.1.18|מספר מסלול באוצר 12119,מספר מסלול באוצר 12119,2024,מגבלת עמלת ניהול חיצוני לשנת 2024,,,0.2,,,,,,מקיפה-פנסיונרים החל מ-1.1.18,2026-09-30T21:21:21+00:00,http://www.fnx.co.il/sites/docs/genery/mediniut_ashkaa_tzfuia/pension2024-update0724.xlsx,policy/companies/520023185/raw/520023185/4e4909d49780_pension2024-update0724.xlsx,מקיפה-פנסיונרים החל מ-1.1.18
520023185,,,520023185|משלימה - מסלו השקעה למקבלי קצבה|מספר מסלול באוצר 12120,מספר מסלול באוצר 12120,2024,"מניות (תעודות סל, אופציות, קרנות נאמנות)",equity,20.0,19.0,0.06,13.0,25.0,"35%- מדד ת""א 125 ,   65%- MSCI WORLD AC",,משלימה - מסלו השקעה למקבלי קצבה,2026-09-30T21:21:21+00:00,http://www.fnx.co.il/sites/docs/genery/mediniut_ashkaa_tzfuia/pension2024-update0724.xlsx,policy/companies/520023185/raw/520023185/4e4909d49780_pension2024-update0724.xlsx,משלימה - מסלו השקעה למקבלי קצבה
520023185,,,520023185|משלימה - מסלו השקעה למקבלי קצבה|מספר מסלול באוצר 12120,מספר מסלול באוצר 12120,2024,"אג""ח ממשלתי (צמוד, שקלי ומט""ח), ממשלות זרות בנטרול חשיפות בנגזרים",,40.0,39.0,0.05,34.0,44.0,"מדד אג""ח ממשלתי כללי",,משלימה - מסלו השקעה למקבלי קצבה,2026-09-30T21:21:21+00:00,http://www.fnx.co.il/sites/docs/genery/mediniut_ashkaa_tzfuia/pension2024-update0724.xlsx,policy/companies/520023185/raw/520023185/4e4909d49780_pension2024-update0724.xlsx,משלימה - מסלו השקעה למקבלי קצבה
520023185,,,520023185|משלימה - מסלו השקעה למקבלי קצבה|מספר מסלול באוצר 12120,מספר מסלול באוצר 12120,2024,"אג""ח קונצרני (כולל קרנות נאמנות, תעודות סל)",,37.0,36.0,0.06,30.0,42.0,"35% - תל בונד כללי , 20% - תל בונד 60 , 15% - תל בונד 50 , 15% - IBOXX HY - 15%, IBOXX IG",,משלימה - מסלו השקעה למקבלי קצבה,2026-09-30T21:21:21+00:00,http://www.fnx.co.il/sites/docs/genery/mediniut_ashkaa_tzfuia/pension2024-update0724.xlsx,policy/companies/520023185/raw/520023185/4e4909d49780_pension2024-update0724.xlsx,משלימה - מסלו השקעה למקבלי קצבה
520023185,,,520023185|משלימה - מסלו השקעה למקבלי קצבה|מספר מסלול באוצר 12120,מספר מסלול באוצר 12120,2024,"נדל""ן",,0.0,0.0,0.05,0.0,5.0,,,משלימה - מסלו השקעה למקבלי קצבה,2026-09-30T21:21:21+00:00,http://www.fnx.co.il/sites/docs/genery/mediniut_ashkaa_tzfuia/pension2024-update0724.xlsx,policy/companies/520023185/raw/520023185/4e4909d49780_pension2024-update0724.xlsx,משלימה - מסלו השקעה למקבלי קצבה
520023185,,,520023185|משלימה - מסלו השקעה למקבלי קצבה|מספר מסלול באוצר 12120,מספר מסלול באוצר 12120,2024,"אחר (קרנות השקעה, Co Invest, תשתיות, גידור)",,0.0,5.0,0.05,0.0,10.0,,,משלימה - מסלו השקעה למקבלי קצבה,2026-09-30T21:21:21+00:00,http://www.fnx.co.il/sites/docs/genery/mediniut_ashkaa_tzfuia/pension2024-update0724.xlsx,policy/companies/520023185/raw/520023185/4e4909d49780_pension2024-update0724.xlsx,משלימה - מסלו השקעה למקבלי קצבה
520023185,,,520023185|משלימה - מסלו השקעה למקבלי קצבה|מספר מסלול באוצר 12120,מספר מסלול באוצר 12120,2024,מזומנים (*),,3.0,1.0,,,,,,משלימה - מסלו השקעה למקבלי קצבה,2026-09-30T21:21:21+00:00,http://www.fnx.co.il/sites/docs/genery/mediniut_ashkaa_tzfuia/pension2024-update0724.xlsx,policy/companies/520023185/raw/520023185/4e4909d49780_pension2024-update0724.xlsx,משלימה - מסלו השקעה למקבלי קצבה
520023185,,,520023185|משלימה - מסלו השקעה למקבלי קצבה|מספר מסלול באוצר 12120,מספר מסלול באוצר 12120,2024,"חשיפה למט""ח",fx,16.0,16.0,0.06,10.0,22.0,,,משלימה - מסלו השקעה למקבלי קצבה,2026-09-30T21:21:21+00:00,http://www.fnx.co.il/sites/docs/genery/mediniut_ashkaa_tzfuia/pension2024-update0724.xlsx,policy/companies/520023185/raw/520023185/4e4909d49780_pension2024-update0724.xlsx,משלימה - מסלו השקעה למקבלי קצבה
520023185,,,520023185|משלימה - מסלו השקעה למקבלי קצבה|מספר מסלול באוצר 12120,מספר מסלול באוצר 12120,2024,מגבלת עמלת ניהול חיצוני לשנת 2024,,,0.15,,,,,,משלימה - מסלו השקעה למקבלי קצבה,2026-09-30T21:21:21+00:00,http://www.fnx.co.il/sites/docs/genery/mediniut_ashkaa_tzfuia/pension2024-update0724.xlsx,policy/companies/520023185/raw/520023185/4e4909d49780_pension2024-update0724.xlsx,משלימה - מסלו השקעה למקבלי קצבה
520023185,,,520023185|משלימה - מסלו השקעה למקבלי קצבה|מספר מסלול באוצר 2202,מספר מסלול באוצר 2202,2024,"אג""ח ממשלתי (צמוד, שקלי ומט""ח), ממשלות זרות בנטרול חשיפות בנגזרים",,96.0,95.0,0.05,90.0,100.0,"מדד אג""ח ממשלתי כללי",,משלימה - מסלו השקעה למקבלי קצבה,2026-09-30T21:21:21+00:00,http://www.fnx.co.il/sites/docs/genery/mediniut_ashkaa_tzfuia/pension2024-update0724.xlsx,policy/companies/520023185/raw/520023185/4e4909d49780_pension2024-update0724.xlsx,משלימה - מסלו השקעה למקבלי קצבה
520023185,,,520023185|משלימה - מסלו השקעה למקבלי קצבה|מספר מסלול באוצר 2202,מספר מסלול באוצר 2202,2024,מזומנים (*),,4.0,5.0,,,,,,משלימה - מסלו השקעה למקבלי קצבה,2026-09-30T21:21:21+00:00,http://www.fnx.co.il/sites/docs/genery/mediniut_ashkaa_tzfuia/pension2024-update0724.xlsx,policy/companies/520023185/raw/520023185/4e4909d49780_pension2024-update0724.xlsx,משלימה - מסלו השקעה למקבלי קצבה
520023185,,,520023185|משלימה - מסלו השקעה למקבלי קצבה|מספר מסלול באוצר 2202,מספר מסלול באוצר 2202,2024,"חשיפה למט""ח",fx,0.0,0.0,0.06,0.0,6.0,,,משלימה - מסלו השקעה למקבלי קצבה,2026-09-30T21:21:21+00:00,http://www.fnx.co.il/sites/docs/genery/mediniut_ashkaa_tzfuia/pension2024-update0724.xlsx,policy/companies/520023185/raw/520023185/4e4909d49780_pension2024-update0724.xlsx,משלימה - מסלו השקעה למקבלי קצבה
520023185,,,520023185|משלימה - מסלו השקעה למקבלי קצבה|מספר מסלול באוצר 2202,מספר מסלול באוצר 2202,2024,מגבלת עמלת ניהול חיצוני לשנת 2024,,,0.05,,,,,,משלימה - מסלו השקעה למקבלי קצבה,2026-09-30T21:21:21+00:00,http://www.fnx.co.il/sites/docs/genery/mediniut_ashkaa_tzfuia/pension2024-update0724.xlsx,policy/companies/520023185/raw/520023185/4e4909d49780_pension2024-update0724.xlsx,משלימה - מסלו השקעה למקבלי קצבה
520023185,,,520023185|פנסיית יסוד|מספר מסלול באוצר 347,מספר מסלול באוצר 347,2024,"מניות (תעודות סל, אופציות, קרנות נאמנות)",equity,,15.0,0.06,9.0,21.0,"40%- מדד ת""א 125 ,   60%- MSCI WORLD AC",,פנסיית יסוד,2026-09-30T21:21:21+00:00,http://www.fnx.co.il/sites/docs/genery/mediniut_ashkaa_tzfuia/pension2024-update0724.xlsx,policy/companies/520023185/raw/520023185/4e4909d49780_pension2024-update0724.xlsx,פנסיית יסוד
520023185,,,520023185|פנסיית יסוד|מספר מסלול באוצר 347,מספר מסלול באוצר 347,2024,"אג""ח ממשלתי (צמוד, שקלי ומט""ח), ממשלות זרות בנטרול חשיפות בנגזרים",,,10.0,0.05,5.0,15.0,"מדד אג""ח ממשלתי כללי",,פנסיית יסוד,2026-09-30T21:21:21+00:00,http://www.fnx.co.il/sites/docs/genery/mediniut_ashkaa_tzfuia/pension2024-update0724.xlsx,policy/companies/520023185/raw/520023185/4e4909d49780_pension2024-update0724.xlsx,פנסיית יסוד
520023185,,,520023185|פנסיית יסוד|מספר מסלול באוצר 347,מספר מסלול באוצר 347,2024,"אג""ח מיועדות ורכיב מבטיח תשואה(***)",,,37.0,0.05,32.0,42.0,,,פנסיית יסוד,2026-09-30T21:21:21+00:00,http://www.fnx.co.il/sites/docs/genery/mediniut_ashkaa_tzfuia/pension2024-update0724.xlsx,policy/companies/520023185/raw/520023185/4e4909d49780_pension2024-update0724.xlsx,פנסיית יסוד
520023185,,,520023185|פנסיית יסוד|מספר מסלול באוצר 347,מספר מסלול באוצר 347,2024,"אג""ח קונצרני (כולל קרנות נאמנות, תעודות סל)",,,25.0,0.06,19.0,31.0,"35% - תל בונד כללי , 20% - תל בונד 60 , 15% - תל בונד 50 , 15% - IBOXX HY - 15%, IBOXX IG",,פנסיית יסוד,2026-09-30T21:21:21+00:00,http://www.fnx.co.il/sites/docs/genery/mediniut_ashkaa_tzfuia/pension2024-update0724.xlsx,policy/companies/520023185/raw/520023185/4e4909d49780_pension2024-update0724.xlsx,פנסיית יסוד
520023185,,,520023185|פנסיית יסוד|מספר מסלול באוצר 347,מספר מסלול באוצר 347,2024,קרנות השקעה,,,3.0,0.05,0.0,8.0,,,פנסיית יסוד,2026-09-30T21:21:21+00:00,http://www.fnx.co.il/sites/docs/genery/mediniut_ashkaa_tzfuia/pension2024-update0724.xlsx,policy/companies/520023185/raw/520023185/4e4909d49780_pension2024-update0724.xlsx,פנסיית יסוד
520023185,,,520023185|פנסיית יסוד|מספר מסלול באוצר 347,מספר מסלול באוצר 347,2024,"אחר (Co Invest, תשתיות, גידור, נדל""ן)",,,7.0,0.05,0.0,12.0,,,פנסיית יסוד,2026-09-30T21:21:21+00:00,http://www.fnx.co.il/sites/docs/genery/mediniut_ashkaa_tzfuia/pension2024-update0724.xlsx,policy/companies/520023185/raw/520023185/4e4909d49780_pension2024-update0724.xlsx,פנסיית יסוד
520023185,,,520023185|פנסיית יסוד|מספר מסלול באוצר 347,מספר מסלול באוצר 347,2024,מזומנים (*),,,3.0,,,,,,פנסיית יסוד,2026-09-30T21:21:21+00:00,http://www.fnx.co.il/sites/docs/genery/mediniut_ashkaa_tzfuia/pension2024-update0724.xlsx,policy/companies/520023185/raw/520023185/4e4909d49780_pension2024-update0724.xlsx,פנסיית יסוד
520023185,,,520023185|פנסיית יסוד|מספר מסלול באוצר 347,מספר מסלול באוצר 347,2024,"חשיפה למט""ח",fx,,14.0,0.06,8.0,20.0,,,פנסיית יסוד,2026-09-30T21:21:21+00:00,http://www.fnx.co.il/sites/docs/genery/mediniut_ashkaa_tzfuia/pension2024-update0724.xlsx,policy/companies/520023185/raw/520023185/4e4909d49780_pension2024-update0724.xlsx,פנסיית יסוד
520023185,,,520023185|פנסיית יסוד|הפניקס פנסיה מקיפה מסלול כללי,הפניקס פנסיה מקיפה מסלול כללי,2024,"מניות (כולל תעודות סל, אופציות, קרנות נאמנות)",equity,33.32,,+/- 6%,28.0,40.0,,,פנסיית יסוד,2026-09-30T21:21:21+00:00,http://www.fnx.co.il/sites/docs/genery/mediniut_ashkaa_tzfuia/pension2024-update0724.xlsx,policy/companies/520023185/raw/520023185/4e4909d49780_pension2024-update0724.xlsx,פנסיית יסוד
520023185,,,520023185|פנסיית יסוד|הפניקס פנסיה מקיפה מסלול כללי,הפניקס פנסיה מקיפה מסלול כללי,2024,"אג""ח ממשלתי (צמוד, שקלי ומט""ח), ממשלות זרות בנטרול חשיפות בנגזרים1",,35.97,,+/- 5%,33.0,43.0,,,פנסיית יסוד,2026-09-30T21:21:21+00:00,http://www.fnx.co.il/sites/docs/genery/mediniut_ashkaa_tzfuia/pension2024-update0724.xlsx,policy/companies/520023185/raw/520023185/4e4909d49780_pension2024-update0724.xlsx,פנסיית יסוד
520023185,,,520023185|פנסיית יסוד|הפניקס פנסיה מקיפה מסלול כללי,הפניקס פנסיה מקיפה מסלול כללי,2024,"אג""ח מיועדות",,29.71,,,,,,,פנסיית יסוד,2026-09-30T21:21:21+00:00,http://www.fnx.co.il/sites/docs/genery/mediniut_ashkaa_tzfuia/pension2024-update0724.xlsx,policy/companies/520023185/raw/520023185/4e4909d49780_pension2024-update0724.xlsx,פנסיית יסוד
520023185,,,520023185|פנסיית יסוד|הפניקס פנסיה מקיפה מסלול כללי,הפניקס פנסיה מקיפה מסלול כללי,2024,"אג""ח קונצרני (קרנות נאמנות, תעודות סל)",,25.51,,+/- 6%,17.0,29.0,,,פנסיית יסוד,2026-09-30T21:21:21+00:00,http://www.fnx.co.il/sites/docs/genery/mediniut_ashkaa_tzfuia/pension2024-update0724.xlsx,policy/companies/520023185/raw/520023185/4e4909d49780_pension2024-update0724.xlsx,פנסיית יסוד
520023185,,,520023185|פנסיית יסוד|הפניקס פנסיה מקיפה מסלול כללי,הפניקס פנסיה מקיפה מסלול כללי,2024,"נדל""ן",,3.88,,+/- 5%,0.0,9.0,,,פנסיית יסוד,2026-09-30T21:21:21+00:00,http://www.fnx.co.il/sites/docs/genery/mediniut_ashkaa_tzfuia/pension2024-update0724.xlsx,policy/companies/520023185/raw/520023185/4e4909d49780_pension2024-update0724.xlsx,פנסיית יסוד
520023185,,,520023185|פנסיית יסוד|הפניקס פנסיה מקיפה מסלול כללי,הפניקס פנסיה מקיפה מסלול כללי,2024,"אחר (קרנות השקעה, PE, VC, קרדיט, גידור)",,0.61,,+/- 5%,0.0,5.0,,,פנסיית יסוד,2026-09-30T21:21:21+00:00,http://www.fnx.co.il/sites/docs/genery/mediniut_ashkaa_tzfuia/pension2024-update0724.xlsx,policy/companies/520023185/raw/520023185/4e4909d49780_pension2024-update0724.xlsx,פנסיית יסוד
520023185,,,520023185|פנסיית יסוד|הפניקס פנסיה מקיפה מסלול כללי,הפניקס פנסיה מקיפה מסלול כללי,2024,מזומנים (בנטרול נגזרים),,0.75,,+/- 5%,0.0,6.0,,,פנסיית יסוד,2026-09-30T21:21:21+00:00,http://www.fnx.co.il/sites/docs/genery/mediniut_ashkaa_tzfuia/pension2024-update0724.xlsx,policy/companies/520023185/raw/520023185/4e4909d49780_pension2024-update0724.xlsx,פנסיית יסוד
520023185,,,520023185|פנסיית יסוד|הפניקס פנסיה מקיפה מסלול כללי,הפניקס פנסיה מקיפה מסלול כללי,2024,"חשיפה למט""ח",fx,16.78,,+/- 6%,10.0,22.0,,,פנסיית יסוד,2026-09-30T21:21:21+00:00,http://www.fnx.co.il/sites/docs/genery/mediniut_ashkaa_tzfuia/pension2024-update0724.xlsx,policy/companies/520023185/raw/520023185/4e4909d49780_pension2024-update0724.xlsx,פנסיית יסוד
520023185,,,520023185|עמיתי דור ביניים|מספר מסלול באוצר 347,מספר מסלול באוצר 347,2024,"מניות (תעודות סל, אופציות, קרנות נאמנות)",equity,,15.0,0.06,9.0,21.0,"40%- מדד ת""א 125 ,   60%- MSCI WORLD AC",,עמיתי דור ביניים,2026-09-30T21:21:21+00:00,http://www.fnx.co.il/sites/docs/genery/mediniut_ashkaa_tzfuia/pension2024-update0724.xlsx,policy/companies/520023185/raw/520023185/4e4909d49780_pension2024-update0724.xlsx,עמיתי דור ביניים
520023185,,,520023185|עמיתי דור ביניים|מספר מסלול באוצר 347,מספר מסלול באוצר 347,2024,"אג""ח ממשלתי (צמוד, שקלי ומט""ח), ממשלות זרות בנטרול חשיפות בנגזרים",,,14.0,0.05,9.0,19.0,"מדד אג""ח ממשלתי כללי",,עמיתי דור ביניים,2026-09-30T21:21:21+00:00,http://www.fnx.co.il/sites/docs/genery/mediniut_ashkaa_tzfuia/pension2024-update0724.xlsx,policy/companies/520023185/raw/520023185/4e4909d49780_pension2024-update0724.xlsx,עמיתי דור ביניים
520023185,,,520023185|עמיתי דור ביניים|מספר מסלול באוצר 347,מספר מסלול באוצר 347,2024,"אג""ח מיועדות ורכיב מבטיח תשואה(***)",,,38.0,0.05,33.0,43.0,,,עמיתי דור ביניים,2026-09-30T21:21:21+00:00,http://www.fnx.co.il/sites/docs/genery/mediniut_ashkaa_tzfuia/pension2024-update0724.xlsx,policy/companies/520023185/raw/520023185/4e4909d49780_pension2024-update0724.xlsx,עמיתי דור ביניים
520023185,,,520023185|עמיתי דור ביניים|מספר מסלול באוצר 347,מספר מסלול באוצר 347,2024,"אג""ח קונצרני (כולל קרנות נאמנות, תעודות סל)",,,29.0,0.06,23.0,35.0,"35% - תל בונד כללי , 20% - תל בונד 60 , 15% - תל בונד 50 , 15% - IBOXX HY - 15%, IBOXX IG",,עמיתי דור ביניים,2026-09-30T21:21:21+00:00,http://www.fnx.co.il/sites/docs/genery/mediniut_ashkaa_tzfuia/pension2024-update0724.xlsx,policy/companies/520023185/raw/520023185/4e4909d49780_pension2024-update0724.xlsx,עמיתי דור ביניים
520023185,,,520023185|עמיתי דור ביניים|מספר מסלול באוצר 347,מספר מסלול באוצר 347,2024,"אחר (קרנות השקעה,Co Invest, תשתיות, גידור,נדלן)",,,3.0,0.05,0.0,8.0,,,עמיתי דור ביניים,2026-09-30T21:21:21+00:00,http://www.fnx.co.il/sites/docs/genery/mediniut_ashkaa_tzfuia/pension2024-update0724.xlsx,policy/companies/520023185/raw/520023185/4e4909d49780_pension2024-update0724.xlsx,עמיתי דור ביניים
520023185,,,520023185|עמיתי דור ביניים|מספר מסלול באוצר 347,מספר מסלול באוצר 347,2024,מזומנים (*),,,1.0,,,,,,עמיתי דור ביניים,2026-09-30T21:21:21+00:00,http://www.fnx.co.il/sites/docs/genery/mediniut_ashkaa_tzfuia/pension2024-update0724.xlsx,policy/companies/520023185/raw/520023185/4e4909d49780_pension2024-update0724.xlsx,עמיתי דור ביניים
520023185,,,520023185|עמיתי דור ביניים|מספר מסלול באוצר 347,מספר מסלול באוצר 347,2024,"חשיפה למט""ח",fx,,14.0,0.06,8.0,20.0,,,עמיתי דור ביניים,2026-09-30T21:21:21+00:00,http://www.fnx.co.il/sites/docs/genery/mediniut_ashkaa_tzfuia/pension2024-update0724.xlsx,policy/companies/520023185/raw/520023185/4e4909d49780_pension2024-update0724.xlsx,עמיתי דור ביניים
520023185,,,520023185|עמיתי דור ביניים|הפניקס פנסיה מקיפה מסלול כללי,הפניקס פנסיה מקיפה מסלול כללי,2024,"מניות (כולל תעודות סל, אופציות, קרנות נאמנות)",equity,33.32,,+/- 6%,28.0,40.0,,,עמיתי דור ביניים,2026-09-30T21:21:21+00:00,http://www.fnx.co.il/sites/docs/genery/mediniut_ashkaa_tzfuia/pension2024-update0724.xlsx,policy/companies/520023185/raw/520023185/4e4909d49780_pension2024-update0724.xlsx,עמיתי דור ביניים
520023185,,,520023185|עמיתי דור ביניים|הפניקס פנסיה מקיפה מסלול כללי,הפניקס פנסיה מקיפה מסלול כללי,2024,"אג""ח ממשלתי (צמוד, שקלי ומט""ח), ממשלות זרות בנטרול חשיפות בנגזרים1",,35.97,,+/- 5%,33.0,43.0,,,עמיתי דור ביניים,2026-09-30T21:21:21+00:00,http://www.fnx.co.il/sites/docs/genery/mediniut_ashkaa_tzfuia/pension2024-update0724.xlsx,policy/companies/520023185/raw/520023185/4e4909d49780_pension2024-update0724.xlsx,עמיתי דור ביניים
520023185,,,520023185|עמיתי דור ביניים|הפניקס פנסיה מקיפה מסלול כללי,הפניקס פנסיה מקיפה מסלול כללי,2024,"אג""ח מיועדות",,29.71,,,,,,,עמיתי דור ביניים,2026-09-30T21:21:21+00:00,http://www.fnx.co.il/sites/docs/genery/mediniut_ashkaa_tzfuia/pension2024-update0724.xlsx,policy/companies/520023185/raw/520023185/4e4909d49780_pension2024-update0724.xlsx,עמיתי דור ביניים
520023185,,,520023185|עמיתי דור ביניים|הפניקס פנסיה מקיפה מסלול כללי,הפניקס פנסיה מקיפה מסלול כללי,2024,"אג""ח קונצרני (קרנות נאמנות, תעודות סל)",,25.51,,+/- 6%,17.0,29.0,,,עמיתי דור ביניים,2026-09-30T21:21:21+00:00,http://www.fnx.co.il/sites/docs/genery/mediniut_ashkaa_tzfuia/pension2024-update0724.xlsx,policy/companies/520023185/raw/520023185/4e4909d49780_pension2024-update0724.xlsx,עמיתי דור ביניים
520023185,,,520023185|עמיתי דור ביניים|הפניקס פנסיה מקיפה מסלול כללי,הפניקס פנסיה מקיפה מסלול כללי,2024,"נדל""ן",,3.88,,+/- 5%,0.0,9.0,,,עמיתי דור ביניים,2026-09-30T21:21:21+00:00,http://www.fnx.co.il/sites/docs/genery/mediniut_ashkaa_tzfuia/pension2024-update0724.xlsx,policy/companies/520023185/raw/520023185/4e4909d49780_pension2024-update0724.xlsx,עמיתי דור ביניים
520023185,,,520023185|עמיתי דור ביניים|הפניקס פנסיה מקיפה מסלול כללי,הפניקס פנסיה מקיפה מסלול כללי,2024,"אחר (קרנות השקעה, PE, VC, קרדיט, גידור)",,0.61,,+/- 5%,0.0,5.0,,,עמיתי דור ביניים,2026-09-30T21:21:21+00:00,http://www.fnx.co.il/sites/docs/genery/mediniut_ashkaa_tzfuia/pension2024-update0724.xlsx,policy/companies/520023185/raw/520023185/4e4909d49780_pension2024-update0724.xlsx,עמיתי דור ביניים
520023185,,,520023185|עמיתי דור ביניים|הפניקס פנסיה מקיפה מסלול כללי,הפניקס פנסיה מקיפה מסלול כללי,2024,מזומנים (בנטרול נגזרים),,0.75,,+/- 5%,0.0,6.0,,,עמיתי דור ביניים,2026-09-30T21:21:21+00:00,http://www.fnx.co.il/sites/docs/genery/mediniut_ashkaa_tzfuia/pension2024-update0724.xlsx,policy/companies/520023185/raw/520023185/4e4909d49780_pension2024-update0724.xlsx,עמיתי דור ביניים
520023185,,,520023185|עמיתי דור ביניים|הפניקס פנסיה מקיפה מסלול כללי,הפניקס פנסיה מקיפה מסלול כללי,2024,"חשיפה למט""ח",fx,16.78,,+/- 6%,10.0,22.0,,,עמיתי דור ביניים,2026-09-30T21:21:21+00:00,http://www.fnx.co.il/sites/docs/genery/mediniut_ashkaa_tzfuia/pension2024-update0724.xlsx,policy/companies/520023185/raw/520023185/4e4909d49780_pension2024-update0724.xlsx,עמיתי דור ביניים
520023185,,,520023185|מגן|מגן קרן פנסיה ותיקה,מגן קרן פנסיה ותיקה,2024,"מניות (תעודות סל, אופציות, קרנות נאמנות)",equity,,14.0,0.06,8.0,20.0,"40%- מדד ת""א 125 ,   60%- MSCI WORLD AC",,מגן,2026-09-30T21:21:21+00:00,http://www.fnx.co.il/sites/docs/genery/mediniut_ashkaa_tzfuia/pension2024-update0724.xlsx,policy/companies/520023185/raw/520023185/4e4909d49780_pension2024-update0724.xlsx,מגן
520023185,,,520023185|מגן|מגן קרן פנסיה ותיקה,מגן קרן פנסיה ותיקה,2024,"אג""ח ממשלתי (צמוד, שקלי ומט""ח), ממשלות זרות בנטרול חשיפות בנגזרים",,,26.0,0.05,21.0,31.0,"מדד אג""ח ממשלתי כללי",,מגן,2026-09-30T21:21:21+00:00,http://www.fnx.co.il/sites/docs/genery/mediniut_ashkaa_tzfuia/pension2024-update0724.xlsx,policy/companies/520023185/raw/520023185/4e4909d49780_pension2024-update0724.xlsx,מגן
520023185,,,520023185|מגן|מגן קרן פנסיה ותיקה,מגן קרן פנסיה ותיקה,2024,"אג""ח מיועדות ורכיב מבטיח תשואה(***)",,,38.0,0.05,33.0,43.0,,,מגן,2026-09-30T21:21:21+00:00,http://www.fnx.co.il/sites/docs/genery/mediniut_ashkaa_tzfuia/pension2024-update0724.xlsx,policy/companies/520023185/raw/520023185/4e4909d49780_pension2024-update0724.xlsx,מגן
520023185,,,520023185|מגן|מגן קרן פנסיה ותיקה,מגן קרן פנסיה ותיקה,2024,"אג""ח קונצרני (קרנות נאמנות, תעודות סל)",,,12.0,0.06,6.0,18.0,"35% - תל בונד כללי , 20% - תל בונד 60 , 15% - תל בונד 50 , 15% - IBOXX HY - 15%, IBOXX IG",,מגן,2026-09-30T21:21:21+00:00,http://www.fnx.co.il/sites/docs/genery/mediniut_ashkaa_tzfuia/pension2024-update0724.xlsx,policy/companies/520023185/raw/520023185/4e4909d49780_pension2024-update0724.xlsx,מגן
520023185,,,520023185|מגן|מגן קרן פנסיה ותיקה,מגן קרן פנסיה ותיקה,2024,"אחר (קרנות השקעה, Co Invest, תשתיות, גידור)",,,6.0,0.05,1.0,11.0,,,מגן,2026-09-30T21:21:21+00:00,http://www.fnx.co.il/sites/docs/genery/mediniut_ashkaa_tzfuia/pension2024-update0724.xlsx,policy/companies/520023185/raw/520023185/4e4909d49780_pension2024-update0724.xlsx,מגן
520023185,,,520023185|מגן|מגן קרן פנסיה ותיקה,מגן קרן פנסיה ותיקה,2024,מזומנים (*),,,4.0,,,,,,מגן,2026-09-30T21:21:21+00:00,http://www.fnx.co.il/sites/docs/genery/mediniut_ashkaa_tzfuia/pension2024-update0724.xlsx,policy/companies/520023185/raw/520023185/4e4909d49780_pension2024-update0724.xlsx,מגן
520023185,,,520023185|מגן|מגן קרן פנסיה ותיקה,מגן קרן פנסיה ותיקה,2024,"חשיפה למט""ח",fx,,14.0,0.06,8.0,20.0,,,מגן,2026-09-30T21:21:21+00:00,http://www.fnx.co.il/sites/docs/genery/mediniut_ashkaa_tzfuia/pension2024-update0724.xlsx,policy/companies/520023185/raw/520023185/4e4909d49780_pension2024-update0724.xlsx,מגן
520023185,,,520023185|קרן גמלאות של עורכי דין|קרן גמלאות של עורכי דין,קרן גמלאות של עורכי דין,2024,"מניות (תעודות סל, אופציות, קרנות נאמנות)",equity,,13.0,0.06,7.0,19.0,"40%- מדד ת""א 125 ,   60%- MSCI WORLD AC",,קרן גמלאות של עורכי דין,2026-09-30T21:21:21+00:00,http://www.fnx.co.il/sites/docs/genery/mediniut_ashkaa_tzfuia/pension2024-update0724.xlsx,policy/companies/520023185/raw/520023185/4e4909d49780_pension2024-update0724.xlsx,קרן גמלאות של עורכי דין
520023185,,,520023185|קרן גמלאות של עורכי דין|קרן גמלאות של עורכי דין,קרן גמלאות של עורכי דין,2024,"אג""ח ממשלתי (צמוד, שקלי ומט""ח), ממשלות זרות בנטרול חשיפות בנגזרים",,,30.0,0.05,25.0,35.0,"מדד אג""ח ממשלתי כללי",,קרן גמלאות של עורכי דין,2026-09-30T21:21:21+00:00,http://www.fnx.co.il/sites/docs/genery/mediniut_ashkaa_tzfuia/pension2024-update0724.xlsx,policy/companies/520023185/raw/520023185/4e4909d49780_pension2024-update0724.xlsx,קרן גמלאות של עורכי דין
520023185,,,520023185|קרן גמלאות של עורכי דין|קרן גמלאות של עורכי דין,קרן גמלאות של עורכי דין,2024,"אג""ח מיועדות ורכיב מבטיח תשואה(***)",,,38.0,0.05,33.0,43.0,,,קרן גמלאות של עורכי דין,2026-09-30T21:21:21+00:00,http://www.fnx.co.il/sites/docs/genery/mediniut_ashkaa_tzfuia/pension2024-update0724.xlsx,policy/companies/520023185/raw/520023185/4e4909d49780_pension2024-update0724.xlsx,קרן גמלאות של עורכי דין
520023185,,,520023185|קרן גמלאות של עורכי דין|קרן גמלאות של עורכי דין,קרן גמלאות של עורכי דין,2024,"אג""ח קונצרני (קרנות נאמנות, תעודות סל)",,,8.0,0.06,2.0,14.0,"35% - תל בונד כללי , 20% - תל בונד 60 , 15% - תל בונד 50 , 15% - IBOXX HY - 15%, IBOXX IG",,קרן גמלאות של עורכי דין,2026-09-30T21:21:21+00:00,http://www.fnx.co.il/sites/docs/genery/mediniut_ashkaa_tzfuia/pension2024-update0724.xlsx,policy/companies/520023185/raw/520023185/4e4909d49780_pension2024-update0724.xlsx,קרן גמלאות של עורכי דין
520023185,,,520023185|קרן גמלאות של עורכי דין|קרן גמלאות של עורכי דין,קרן גמלאות של עורכי דין,2024,"אחר (נדלן, קרנות השקעה, Co Invest, תשתיות, גידור)",,,6.0,0.05,1.0,11.0,,,קרן גמלאות של עורכי דין,2026-09-30T21:21:21+00:00,http://www.fnx.co.il/sites/docs/genery/mediniut_ashkaa_tzfuia/pension2024-update0724.xlsx,policy/companies/520023185/raw/520023185/4e4909d49780_pension2024-update0724.xlsx,קרן גמלאות של עורכי דין
520023185,,,520023185|קרן גמלאות של עורכי דין|קרן גמלאות של עורכי דין,קרן גמלאות של עורכי דין,2024,מזומנים (*),,,5.0,,,,,,קרן גמלאות של עורכי דין,2026-09-30T21:21:21+00:00,http://www.fnx.co.il/sites/docs/genery/mediniut_ashkaa_tzfuia/pension2024-update0724.xlsx,policy/companies/520023185/raw/520023185/4e4909d49780_pension2024-update0724.xlsx,קרן גמלאות של עורכי דין
520023185,,,520023185|קרן גמלאות של עורכי דין|קרן גמלאות של עורכי דין,קרן גמלאות של עורכי דין,2024,"חשיפה למט""ח",fx,,12.0,0.06,6.0,18.0,,,קרן גמלאות של עורכי דין,2026-09-30T21:21:21+00:00,http://www.fnx.co.il/sites/docs/genery/mediniut_ashkaa_tzfuia/pension2024-update0724.xlsx,policy/companies/520023185/raw/520023185/4e4909d49780_pension2024-update0724.xlsx,קרן גמלאות של עורכי דין
520023185,,,520023185|אקסלנס ישן|מסלול מנוהל כללי 1,מסלול מנוהל כללי 1,2024,מניות,equity,,91.0,+/- 6%,85.0,97.0,"מדד ת""א 100",,אקסלנס ישן,2026-09-30T21:21:21+00:00,http://www.fnx.co.il/sites/docs/genery/mediniut_ashkaa_tzfuia/bituach2024.xls,policy/companies/520023185/raw/520023185/720f637d9ded_bituach2024.xls, אקסלנס ישן
520023185,,,520023185|אקסלנס ישן|מסלול מנוהל כללי 1,מסלול מנוהל כללי 1,2024,מזומנים,,,9.0,+/- 5%,4.0,14.0,"מדד מק""מ",,אקסלנס ישן,2026-09-30T21:21:21+00:00,http://www.fnx.co.il/sites/docs/genery/mediniut_ashkaa_tzfuia/bituach2024.xls,policy/companies/520023185/raw/520023185/720f637d9ded_bituach2024.xls, אקסלנס ישן
520023185,,,520023185|פנסיה תלוי גיל פאסיבי|הפניקס פנסיה מקיפה מסלול פאסיבי לבני 50 ומטה,הפניקס פנסיה מקיפה מסלול פאסיבי לבני 50 ומטה,2024,"מניות (כולל תעודות סל, אופציות, קרנות נאמנות)",equity,,61.0,0.06,55.0,67.0,MSCI EM,,פנסיה תלוי גיל פאסיבי,2026-09-30T21:21:21+00:00,http://www.fnx.co.il/sites/docs/genery/mediniut_ashkaa_tzfuia/pension2024.xls,policy/companies/520023185/raw/520023185/c2df78563133_pension2024.xls,פנסיה תלוי גיל פאסיבי
520023185,,,520023185|פנסיה תלוי גיל פאסיבי|הפניקס פנסיה מקיפה מסלול פאסיבי לבני 50 ומטה,הפניקס פנסיה מקיפה מסלול פאסיבי לבני 50 ומטה,2024,"אג""ח ממשלתי (צמוד, שקלי ומט""ח), ממשלות",,,0.0,0.05,0.0,5.0,משקל שחר 0-2,,פנסיה תלוי גיל פאסיבי,2026-09-30T21:21:21+00:00,http://www.fnx.co.il/sites/docs/genery/mediniut_ashkaa_tzfuia/pension2024.xls,policy/companies/520023185/raw/520023185/c2df78563133_pension2024.xls,פנסיה תלוי גיל פאסיבי
520023185,,,520023185|פנסיה תלוי גיל פאסיבי|הפניקס פנסיה מקיפה מסלול פאסיבי לבני 50 ומטה,הפניקס פנסיה מקיפה מסלול פאסיבי לבני 50 ומטה,2024,"אג""ח מיועדות ורכיב מבטיח תשואה(***)",,,27.0,0.05,22.0,32.0,,,פנסיה תלוי גיל פאסיבי,2026-09-30T21:21:21+00:00,http://www.fnx.co.il/sites/docs/genery/mediniut_ashkaa_tzfuia/pension2024.xls,policy/companies/520023185/raw/520023185/c2df78563133_pension2024.xls,פנסיה תלוי גיל פאסיבי
520023185,,,520023185|פנסיה תלוי גיל פאסיבי|הפניקס פנסיה מקיפה מסלול פאסיבי לבני 50 ומטה,הפניקס פנסיה מקיפה מסלול פאסיבי לבני 50 ומטה,2024,"אג""ח קונצרני (כולל קרנות נאמנות, תעודות סל)",,,11.0,0.06,5.0,17.0,JCMBCOMP,,פנסיה תלוי גיל פאסיבי,2026-09-30T21:21:21+00:00,http://www.fnx.co.il/sites/docs/genery/mediniut_ashkaa_tzfuia/pension2024.xls,policy/companies/520023185/raw/520023185/c2df78563133_pension2024.xls,פנסיה תלוי גיל פאסיבי
520023185,,,520023185|פנסיה תלוי גיל פאסיבי|הפניקס פנסיה מקיפה מסלול פאסיבי לבני 50 ומטה,הפניקס פנסיה מקיפה מסלול פאסיבי לבני 50 ומטה,2024,אחר,,,0.0,0.05,0.0,5.0,,,פנסיה תלוי גיל פאסיבי,2026-09-30T21:21:21+00:00,http://www.fnx.co.il/sites/docs/genery/mediniut_ashkaa_tzfuia/pension2024.xls,policy/companies/520023185/raw/520023185/c2df78563133_pension2024.xls,פנסיה תלוי גיל פאסיבי
520023185,,,520023185|פנסיה תלוי גיל פאסיבי|הפניקס פנסיה מקיפה מסלול פאסיבי לבני 50 ומטה,הפניקס פנסיה מקיפה מסלול פאסיבי לבני 50 ומטה,2024,מזומנים (*),,,1.0,,,,"ריבית פח""ק",,פנסיה תלוי גיל פאסיבי,2026-09-30T21:21:21+00:00,http://www.fnx.co.il/sites/docs/genery/mediniut_ashkaa_tzfuia/pension2024.xls,policy/companies/520023185/raw/520023185/c2df78563133_pension2024.xls,פנסיה תלוי גיל פאסיבי
520023185,,,520023185|פנסיה תלוי גיל פאסיבי|הפניקס פנסיה מקיפה מסלול פאסיבי לבני 50 ומטה,הפניקס פנסיה מקיפה מסלול פאסיבי לבני 50 ומטה,2024,"חשיפה למט""ח",fx,,24.0,0.06,18.0,30.0,,,פנסיה תלוי גיל פאסיבי,2026-09-30T21:21:21+00:00,http://www.fnx.co.il/sites/docs/genery/mediniut_ashkaa_tzfuia/pension2024.xls,policy/companies/520023185/raw/520023185/c2df78563133_pension2024.xls,פנסיה תלוי גיל פאסיבי
520023185,,,520023185|פנסיה תלוי גיל פאסיבי|הפניקס פנסיה מקיפה מסלול פאסיבי לבני 50 ומטה,הפניקס פנסיה מקיפה מסלול פאסיבי לבני 50 ומטה,2024,מגבלת עמלת ניהול חיצוני לשנת 2024,,,0.1,,,,,,פנסיה תלוי גיל פאסיבי,2026-09-30T21:21:21+00:00,http://www.fnx.co.il/sites/docs/genery/mediniut_ashkaa_tzfuia/pension2024.xls,policy/companies/520023185/raw/520023185/c2df78563133_pension2024.xls,פנסיה תלוי גיל פאסיבי
520023185,,,520023185|פנסיה תלוי גיל פאסיבי|הפניקס פנסיה מקיפה מסלול פאסיבי לבני 50 עד 60,הפניקס פנסיה מקיפה מסלול פאסיבי לבני 50 עד 60,2024,"מניות (כולל תעודות סל, אופציות, קרנות נאמנות)",equity,,46.0,0.06,40.0,52.0,MSCI EM,,פנסיה תלוי גיל פאסיבי,2026-09-30T21:21:21+00:00,http://www.fnx.co.il/sites/docs/genery/mediniut_ashkaa_tzfuia/pension2024.xls,policy/companies/520023185/raw/520023185/c2df78563133_pension2024.xls,פנסיה תלוי גיל פאסיבי
520023185,,,520023185|פנסיה תלוי גיל פאסיבי|הפניקס פנסיה מקיפה מסלול פאסיבי לבני 50 עד 60,הפניקס פנסיה מקיפה מסלול פאסיבי לבני 50 עד 60,2024,"אג""ח ממשלתי (צמוד, שקלי ומט""ח), ממשלות",,,2.0,0.05,0.0,7.0,משקל שחר 0-2,,פנסיה תלוי גיל פאסיבי,2026-09-30T21:21:21+00:00,http://www.fnx.co.il/sites/docs/genery/mediniut_ashkaa_tzfuia/pension2024.xls,policy/companies/520023185/raw/520023185/c2df78563133_pension2024.xls,פנסיה תלוי גיל פאסיבי
520023185,,,520023185|פנסיה תלוי גיל פאסיבי|הפניקס פנסיה מקיפה מסלול פאסיבי לבני 50 עד 60,הפניקס פנסיה מקיפה מסלול פאסיבי לבני 50 עד 60,2024,"אג""ח מיועדות ורכיב מבטיח תשואה(***)",,,27.0,0.06,21.0,33.0,,,פנסיה תלוי גיל פאסיבי,2026-09-30T21:21:21+00:00,http://www.fnx.co.il/sites/docs/genery/mediniut_ashkaa_tzfuia/pension2024.xls,policy/companies/520023185/raw/520023185/c2df78563133_pension2024.xls,פנסיה תלוי גיל פאסיבי
520023185,,,520023185|פנסיה תלוי גיל פאסיבי|הפניקס פנסיה מקיפה מסלול פאסיבי לבני 50 עד 60,הפניקס פנסיה מקיפה מסלול פאסיבי לבני 50 עד 60,2024,"אג""ח קונצרני (כולל קרנות נאמנות, תעודות סל)",,,22.0,0.06,16.0,28.0,JCMBCOMP,,פנסיה תלוי גיל פאסיבי,2026-09-30T21:21:21+00:00,http://www.fnx.co.il/sites/docs/genery/mediniut_ashkaa_tzfuia/pension2024.xls,policy/companies/520023185/raw/520023185/c2df78563133_pension2024.xls,פנסיה תלוי גיל פאסיבי
520023185,,,520023185|פנסיה תלוי גיל פאסיבי|הפניקס פנסיה מקיפה מסלול פאסיבי לבני 50 עד 60,הפניקס פנסיה מקיפה מסלול פאסיבי לבני 50 עד 60,2024,אחר,,,0.0,0.05,0.0,5.0,,,פנסיה תלוי גיל פאסיבי,2026-09-30T21:21:21+00:00,http://www.fnx.co.il/sites/docs/genery/mediniut_ashkaa_tzfuia/pension2024.xls,policy/companies/520023185/raw/520023185/c2df78563133_pension2024.xls,פנסיה תלוי גיל פאסיבי
520023185,,,520023185|פנסיה תלוי גיל פאסיבי|הפניקס פנסיה מקיפה מסלול פאסיבי לבני 50 עד 60,הפניקס פנסיה מקיפה מסלול פאסיבי לבני 50 עד 60,2024,מזומנים (*),,,3.0,,,,"ריבית פח""ק",,פנסיה תלוי גיל פאסיבי,2026-09-30T21:21:21+00:00,http://www.fnx.co.il/sites/docs/genery/mediniut_ashkaa_tzfuia/pension2024.xls,policy/companies/520023185/raw/520023185/c2df78563133_pension2024.xls,פנסיה תלוי גיל פאסיבי
520023185,,,520023185|פנסיה תלוי גיל פאסיבי|הפניקס פנסיה מקיפה מסלול פאסיבי לבני 50 עד 60,הפניקס פנסיה מקיפה מסלול פאסיבי לבני 50 עד 60,2024,"חשיפה למט""ח",fx,,22.0,0.06,16.0,28.0,,,פנסיה תלוי גיל פאסיבי,2026-09-30T21:21:21+00:00,http://www.fnx.co.il/sites/docs/genery/mediniut_ashkaa_tzfuia/pension2024.xls,policy/companies/520023185/raw/520023185/c2df78563133_pension2024.xls,פנסיה תלוי גיל פאסיבי
520023185,,,520023185|פנסיה תלוי גיל פאסיבי|הפניקס פנסיה מקיפה מסלול פאסיבי לבני 50 עד 60,הפניקס פנסיה מקיפה מסלול פאסיבי לבני 50 עד 60,2024,מגבלת עמלת ניהול חיצוני לשנת 2024,,,0.1,,,,,,פנסיה תלוי גיל פאסיבי,2026-09-30T21:21:21+00:00,http://www.fnx.co.il/sites/docs/genery/mediniut_ashkaa_tzfuia/pension2024.xls,policy/companies/520023185/raw/520023185/c2df78563133_pension2024.xls,פנסיה תלוי גיל פאסיבי
520023185,,,520023185|פנסיה תלוי גיל פאסיבי|הפניקס פנסיה מקיפה מסלול פאסיבי לבני 60 ומעלה,הפניקס פנסיה מקיפה מסלול פאסיבי לבני 60 ומעלה,2024,"מניות (כולל תעודות סל, אופציות, קרנות נאמנות)",equity,,25.0,0.06,19.0,31.0,TPX,,פנסיה תלוי גיל פאסיבי,2026-09-30T21:21:21+00:00,http://www.fnx.co.il/sites/docs/genery/mediniut_ashkaa_tzfuia/pension2024.xls,policy/companies/520023185/raw/520023185/c2df78563133_pension2024.xls,פנסיה תלוי גיל פאסיבי
520023185,,,520023185|פנסיה תלוי גיל פאסיבי|הפניקס פנסיה מקיפה מסלול פאסיבי לבני 60 ומעלה,הפניקס פנסיה מקיפה מסלול פאסיבי לבני 60 ומעלה,2024,"אג""ח ממשלתי (צמוד, שקלי ומט""ח), ממשלות",,,13.0,0.05,8.0,18.0,משקל שחר 0-2,,פנסיה תלוי גיל פאסיבי,2026-09-30T21:21:21+00:00,http://www.fnx.co.il/sites/docs/genery/mediniut_ashkaa_tzfuia/pension2024.xls,policy/companies/520023185/raw/520023185/c2df78563133_pension2024.xls,פנסיה תלוי גיל פאסיבי
520023185,,,520023185|פנסיה תלוי גיל פאסיבי|הפניקס פנסיה מקיפה מסלול פאסיבי לבני 60 ומעלה,הפניקס פנסיה מקיפה מסלול פאסיבי לבני 60 ומעלה,2024,"אג""ח מיועדות ורכיב מבטיח תשואה(***)",,,27.0,0.05,22.0,32.0,,,פנסיה תלוי גיל פאסיבי,2026-09-30T21:21:21+00:00,http://www.fnx.co.il/sites/docs/genery/mediniut_ashkaa_tzfuia/pension2024.xls,policy/companies/520023185/raw/520023185/c2df78563133_pension2024.xls,פנסיה תלוי גיל פאסיבי
520023185,,,520023185|פנסיה תלוי גיל פאסיבי|הפניקס פנסיה מקיפה מסלול פאסיבי לבני 60 ומעלה,הפניקס פנסיה מקיפה מסלול פאסיבי לבני 60 ומעלה,2024,"אג""ח קונצרני (כולל קרנות נאמנות, תעודות סל)",,,31.0,0.06,25.0,37.0,JCMBCOMP,,פנסיה תלוי גיל פאסיבי,2026-09-30T21:21:21+00:00,http://www.fnx.co.il/sites/docs/genery/mediniut_ashkaa_tzfuia/pension2024.xls,policy/companies/520023185/raw/520023185/c2df78563133_pension2024.xls,פנסיה תלוי גיל פאסיבי
520023185,,,520023185|פנסיה תלוי גיל פאסיבי|הפניקס פנסיה מקיפה מסלול פאסיבי לבני 60 ומעלה,הפניקס פנסיה מקיפה מסלול פאסיבי לבני 60 ומעלה,2024,אחר,,,0.0,0.05,0.0,5.0,,,פנסיה תלוי גיל פאסיבי,2026-09-30T21:21:21+00:00,http://www.fnx.co.il/sites/docs/genery/mediniut_ashkaa_tzfuia/pension2024.xls,policy/companies/520023185/raw/520023185/c2df78563133_pension2024.xls,פנסיה תלוי גיל פאסיבי
520023185,,,520023185|פנסיה תלוי גיל פאסיבי|הפניקס פנסיה מקיפה מסלול פאסיבי לבני 60 ומעלה,הפניקס פנסיה מקיפה מסלול פאסיבי לבני 60 ומעלה,2024,מזומנים (*),,,4.0,,,,"ריבית פח""ק",,פנסיה תלוי גיל פאסיבי,2026-09-30T21:21:21+00:00,http://www.fnx.co.il/sites/docs/genery/mediniut_ashkaa_tzfuia/pension2024.xls,policy/companies/520023185/raw/520023185/c2df78563133_pension2024.xls,פנסיה תלוי גיל פאסיבי
520023185,,,520023185|פנסיה תלוי גיל פאסיבי|הפניקס פנסיה מקיפה מסלול פאסיבי לבני 60 ומעלה,הפניקס פנסיה מקיפה מסלול פאסיבי לבני 60 ומעלה,2024,"חשיפה למט""ח",fx,,18.0,0.06,12.0,24.0,,,פנסיה תלוי גיל פאסיבי,2026-09-30T21:21:21+00:00,http://www.fnx.co.il/sites/docs/genery/mediniut_ashkaa_tzfuia/pension2024.xls,policy/companies/520023185/raw/520023185/c2df78563133_pension2024.xls,פנסיה תלוי גיל פאסיבי
520023185,,,520023185|פנסיה תלוי גיל פאסיבי|הפניקס פנסיה מקיפה מסלול פאסיבי לבני 60 ומעלה,הפניקס פנסיה מקיפה מסלול פאסיבי לבני 60 ומעלה,2024,מגבלת עמלת ניהול חיצוני לשנת 2024,,,0.1,,,,,,פנסיה תלוי גיל פאסיבי,2026-09-30T21:21:21+00:00,http://www.fnx.co.il/sites/docs/genery/mediniut_ashkaa_tzfuia/pension2024.xls,policy/companies/520023185/raw/520023185/c2df78563133_pension2024.xls,פנסיה תלוי גיל פאסיבי
520023185,,,520023185|פנסיה מקיפה משולב סחיר|פנסיה מקיפה מסלול משולב סחיר,פנסיה מקיפה מסלול משולב סחיר,2024,"מניות (תעודות סל, אופציות, קרנות נאמנות)",equity,,46.0,0.06,40.0,52.0,"35%- מדד ת""א 125 ,   65%- MSCI WORLD AC",,פנסיה מקיפה משולב סחיר,2026-09-30T21:21:21+00:00,http://www.fnx.co.il/sites/docs/genery/mediniut_ashkaa_tzfuia/pension2024.xls,policy/companies/520023185/raw/520023185/c2df78563133_pension2024.xls,פנסיה מקיפה משולב סחיר
520023185,,,520023185|פנסיה מקיפה משולב סחיר|פנסיה מקיפה מסלול משולב סחיר,פנסיה מקיפה מסלול משולב סחיר,2024,"אג""ח ממשלתי (צמוד, שקלי ומט""ח), ממשלות זרות בנטרול חשיפות בנגזרים",,,4.0,0.05,0.0,9.0,"מדד אג""ח ממשלתי כללי",,פנסיה מקיפה משולב סחיר,2026-09-30T21:21:21+00:00,http://www.fnx.co.il/sites/docs/genery/mediniut_ashkaa_tzfuia/pension2024.xls,policy/companies/520023185/raw/520023185/c2df78563133_pension2024.xls,פנסיה מקיפה משולב סחיר
520023185,,,520023185|פנסיה מקיפה משולב סחיר|פנסיה מקיפה מסלול משולב סחיר,פנסיה מקיפה מסלול משולב סחיר,2024,"אג""ח מיועדות ורכיב מבטיח תשואה(***)",,,27.0,0.05,22.0,32.0,,,פנסיה מקיפה משולב סחיר,2026-09-30T21:21:21+00:00,http://www.fnx.co.il/sites/docs/genery/mediniut_ashkaa_tzfuia/pension2024.xls,policy/companies/520023185/raw/520023185/c2df78563133_pension2024.xls,פנסיה מקיפה משולב סחיר
520023185,,,520023185|פנסיה מקיפה משולב סחיר|פנסיה מקיפה מסלול משולב סחיר,פנסיה מקיפה מסלול משולב סחיר,2024,"אג""ח קונצרני (כולל קרנות נאמנות, תעודות סל)",,,20.0,0.06,14.0,26.0,"35% - תל בונד כללי , 20% - תל בונד 60 , 15% - תל בונד 50 , 15% - IBOXX HY - 15%, IBOXX IG",,פנסיה מקיפה משולב סחיר,2026-09-30T21:21:21+00:00,http://www.fnx.co.il/sites/docs/genery/mediniut_ashkaa_tzfuia/pension2024.xls,policy/companies/520023185/raw/520023185/c2df78563133_pension2024.xls,פנסיה מקיפה משולב סחיר
520023185,,,520023185|פנסיה מקיפה משולב סחיר|פנסיה מקיפה מסלול משולב סחיר,פנסיה מקיפה מסלול משולב סחיר,2024,מזומנים (*),,,3.0,,,,,,פנסיה מקיפה משולב סחיר,2026-09-30T21:21:21+00:00,http://www.fnx.co.il/sites/docs/genery/mediniut_ashkaa_tzfuia/pension2024.xls,policy/companies/520023185/raw/520023185/c2df78563133_pension2024.xls,פנסיה מקיפה משולב סחיר
520023185,,,520023185|פנסיה מקיפה משולב סחיר|פנסיה מקיפה מסלול משולב סחיר,פנסיה מקיפה מסלול משולב סחיר,2024,"חשיפה למט""ח",fx,,18.0,0.06,12.0,24.0,,,פנסיה מקיפה משולב סחיר,2026-09-30T21:21:21+00:00,http://www.fnx.co.il/sites/docs/genery/mediniut_ashkaa_tzfuia/pension2024.xls,policy/companies/520023185/raw/520023185/c2df78563133_pension2024.xls,פנסיה מקיפה משולב סחיר
520023185,,,520023185|פנסיה מקיפה משולב סחיר|פנסיה מקיפה מסלול משולב סחיר,פנסיה מקיפה מסלול משולב סחיר,2024,מגבלת עמלת ניהול חיצוני לשנת 2024,,,0.05,,,,,,פנסיה מקיפה משולב סחיר,2026-09-30T21:21:21+00:00,http://www.fnx.co.il/sites/docs/genery/mediniut_ashkaa_tzfuia/pension2024.xls,policy/companies/520023185/raw/520023185/c2df78563133_pension2024.xls,פנסיה מקיפה משולב סחיר
520023185,,,520023185|פנסיה מקיפה משולב סחיר|הפניקס פנסיה מקיפה מסלול כללי,הפניקס פנסיה מקיפה מסלול כללי,2024,"מניות (כולל תעודות סל, אופציות, קרנות נאמנות)",equity,,,+/- 6%,28.0,40.0,,,פנסיה מקיפה משולב סחיר,2026-09-30T21:21:21+00:00,http://www.fnx.co.il/sites/docs/genery/mediniut_ashkaa_tzfuia/pension2024.xls,policy/companies/520023185/raw/520023185/c2df78563133_pension2024.xls,פנסיה מקיפה משולב סחיר
520023185,,,520023185|פנסיה מקיפה משולב סחיר|הפניקס פנסיה מקיפה מסלול כללי,הפניקס פנסיה מקיפה מסלול כללי,2024,"אג""ח ממשלתי (צמוד, שקלי ומט""ח), ממשלות זרות בנטרול חשיפות בנגזרים1",,,,+/- 5%,33.0,43.0,,,פנסיה מקיפה משולב סחיר,2026-09-30T21:21:21+00:00,http://www.fnx.co.il/sites/docs/genery/mediniut_ashkaa_tzfuia/pension2024.xls,policy/companies/520023185/raw/520023185/c2df78563133_pension2024.xls,פנסיה מקיפה משולב סחיר
520023185,,,520023185|פנסיה מקיפה משולב סחיר|הפניקס פנסיה מקיפה מסלול כללי,הפניקס פנסיה מקיפה מסלול כללי,2024,"אג""ח קונצרני (קרנות נאמנות, תעודות סל)",,,,+/- 6%,17.0,29.0,,,פנסיה מקיפה משולב סחיר,2026-09-30T21:21:21+00:00,http://www.fnx.co.il/sites/docs/genery/mediniut_ashkaa_tzfuia/pension2024.xls,policy/companies/520023185/raw/520023185/c2df78563133_pension2024.xls,פנסיה מקיפה משולב סחיר
520023185,,,520023185|פנסיה מקיפה משולב סחיר|הפניקס פנסיה מקיפה מסלול כללי,הפניקס פנסיה מקיפה מסלול כללי,2024,"נדל""ן",,,,+/- 5%,0.0,9.0,,,פנסיה מקיפה משולב סחיר,2026-09-30T21:21:21+00:00,http://www.fnx.co.il/sites/docs/genery/mediniut_ashkaa_tzfuia/pension2024.xls,policy/companies/520023185/raw/520023185/c2df78563133_pension2024.xls,פנסיה מקיפה משולב סחיר
520023185,,,520023185|פנסיה מקיפה משולב סחיר|הפניקס פנסיה מקיפה מסלול כללי,הפניקס פנסיה מקיפה מסלול כללי,2024,"אחר (קרנות השקעה, PE, VC, קרדיט, גידור)",,,,+/- 5%,0.0,5.0,,,פנסיה מקיפה משולב סחיר,2026-09-30T21:21:21+00:00,http://www.fnx.co.il/sites/docs/genery/mediniut_ashkaa_tzfuia/pension2024.xls,policy/companies/520023185/raw/520023185/c2df78563133_pension2024.xls,פנסיה מקיפה משולב סחיר
520023185,,,520023185|פנסיה מקיפה משולב סחיר|הפניקס פנסיה מקיפה מסלול כללי,הפניקס פנסיה מקיפה מסלול כללי,2024,מזומנים (בנטרול נגזרים),,,,+/- 5%,0.0,6.0,,,פנסיה מקיפה משולב סחיר,2026-09-30T21:21:21+00:00,http://www.fnx.co.il/sites/docs/genery/mediniut_ashkaa_tzfuia/pension2024.xls,policy/companies/520023185/raw/520023185/c2df78563133_pension2024.xls,פנסיה מקיפה משולב סחיר
520023185,,,520023185|פנסיה מקיפה משולב סחיר|הפניקס פנסיה מקיפה מסלול כללי,הפניקס פנסיה מקיפה מסלול כללי,2024,"חשיפה למט""ח",fx,,,+/- 6%,10.0,22.0,,,פנסיה מקיפה משולב סחיר,2026-09-30T21:21:21+00:00,http://www.fnx.co.il/sites/docs/genery/mediniut_ashkaa_tzfuia/pension2024.xls,policy/companies/520023185/raw/520023185/c2df78563133_pension2024.xls,פנסיה מקיפה משולב סחיר
520023185,,,520023185|מקיפה עוקב מדדים גמיש|פנסיה מקיפה מסלול עוקב מדדים גמיש,פנסיה מקיפה מסלול עוקב מדדים גמיש,2024,"מניות (כולל תעודות סל, אופציות, קרנות נאמנות)",equity,,46.0,0.06,40.0,52.0,MSCI EM,,מקיפה עוקב מדדים גמיש,2026-09-30T21:21:21+00:00,http://www.fnx.co.il/sites/docs/genery/mediniut_ashkaa_tzfuia/pension2024.xls,policy/companies/520023185/raw/520023185/c2df78563133_pension2024.xls,מקיפה עוקב מדדים גמיש
520023185,,,520023185|מקיפה עוקב מדדים גמיש|פנסיה מקיפה מסלול עוקב מדדים גמיש,פנסיה מקיפה מסלול עוקב מדדים גמיש,2024,"אג""ח ממשלתי (צמוד, שקלי ומט""ח), ממשלות",,,3.0,0.05,0.0,8.0,משקל שחר 0-2,,מקיפה עוקב מדדים גמיש,2026-09-30T21:21:21+00:00,http://www.fnx.co.il/sites/docs/genery/mediniut_ashkaa_tzfuia/pension2024.xls,policy/companies/520023185/raw/520023185/c2df78563133_pension2024.xls,מקיפה עוקב מדדים גמיש
520023185,,,520023185|מקיפה עוקב מדדים גמיש|פנסיה מקיפה מסלול עוקב מדדים גמיש,פנסיה מקיפה מסלול עוקב מדדים גמיש,2024,"אג""ח מיועדות ורכיב מבטיח תשואה(***)",,,27.0,0.05,22.0,32.0,,,מקיפה עוקב מדדים גמיש,2026-09-30T21:21:21+00:00,http://www.fnx.co.il/sites/docs/genery/mediniut_ashkaa_tzfuia/pension2024.xls,policy/companies/520023185/raw/520023185/c2df78563133_pension2024.xls,מקיפה עוקב מדדים גמיש
520023185,,,520023185|מקיפה עוקב מדדים גמיש|פנסיה מקיפה מסלול עוקב מדדים גמיש,פנסיה מקיפה מסלול עוקב מדדים גמיש,2024,"אג""ח קונצרני (כולל קרנות נאמנות, תעודות סל)",,,22.0,0.06,16.0,28.0,JCMBCOMP,,מקיפה עוקב מדדים גמיש,2026-09-30T21:21:21+00:00,http://www.fnx.co.il/sites/docs/genery/mediniut_ashkaa_tzfuia/pension2024.xls,policy/companies/520023185/raw/520023185/c2df78563133_pension2024.xls,מקיפה עוקב מדדים גמיש
520023185,,,520023185|מקיפה עוקב מדדים גמיש|פנסיה מקיפה מסלול עוקב מדדים גמיש,פנסיה מקיפה מסלול עוקב מדדים גמיש,2024,אחר,,,0.0,0.05,0.0,5.0,,,מקיפה עוקב מדדים גמיש,2026-09-30T21:21:21+00:00,http://www.fnx.co.il/sites/docs/genery/mediniut_ashkaa_tzfuia/pension2024.xls,policy/companies/520023185/raw/520023185/c2df78563133_pension2024.xls,מקיפה עוקב מדדים גמיש
520023185,,,520023185|מקיפה עוקב מדדים גמיש|פנסיה מקיפה מסלול עוקב מדדים גמיש,פנסיה מקיפה מסלול עוקב מדדים גמיש,2024,מזומנים (*),,,2.0,,,,"ריבית פח""ק",,מקיפה עוקב מדדים גמיש,2026-09-30T21:21:21+00:00,http://www.fnx.co.il/sites/docs/genery/mediniut_ashkaa_tzfuia/pension2024.xls,policy/companies/520023185/raw/520023185/c2df78563133_pension2024.xls,מקיפה עוקב מדדים גמיש
520023185,,,520023185|מקיפה עוקב מדדים גמיש|פנסיה מקיפה מסלול עוקב מדדים גמיש,פנסיה מקיפה מסלול עוקב מדדים גמיש,2024,"חשיפה למט""ח",fx,,20.0,0.06,14.0,26.0,,,מקיפה עוקב מדדים גמיש,2026-09-30T21:21:21+00:00,http://www.fnx.co.il/sites/docs/genery/mediniut_ashkaa_tzfuia/pension2024.xls,policy/companies/520023185/raw/520023185/c2df78563133_pension2024.xls,מקיפה עוקב מדדים גמיש
520023185,,,520023185|מקיפה עוקב מדדים גמיש|פנסיה מקיפה מסלול עוקב מדדים גמיש,פנסיה מקיפה מסלול עוקב מדדים גמיש,2024,מגבלת עמלת ניהול חיצוני לשנת 2024,,,0.15,,,,,,מקיפה עוקב מדדים גמיש,2026-09-30T21:21:21+00:00,http://www.fnx.co.il/sites/docs/genery/mediniut_ashkaa_tzfuia/pension2024.xls,policy/companies/520023185/raw/520023185/c2df78563133_pension2024.xls,מקיפה עוקב מדדים גמיש
520023185,,,520023185|פנסיית יסוד|פנסיית יסוד,פנסיית יסוד,2024,"מניות (תעודות סל, אופציות, קרנות נאמנות)",equity,,15.0,0.06,9.0,21.0,"35%- מדד ת""א 125 ,   65%- MSCI WORLD AC",,פנסיית יסוד,2026-09-30T21:21:21+00:00,http://www.fnx.co.il/sites/docs/genery/mediniut_ashkaa_tzfuia/pension2024.xls,policy/companies/520023185/raw/520023185/c2df78563133_pension2024.xls,פנסיית יסוד
520023185,,,520023185|פנסיית יסוד|פנסיית יסוד,פנסיית יסוד,2024,"אג""ח ממשלתי (צמוד, שקלי ומט""ח), ממשלות זרות בנטרול חשיפות בנגזרים",,,10.0,0.05,5.0,15.0,"מדד אג""ח ממשלתי כללי",,פנסיית יסוד,2026-09-30T21:21:21+00:00,http://www.fnx.co.il/sites/docs/genery/mediniut_ashkaa_tzfuia/pension2024.xls,policy/companies/520023185/raw/520023185/c2df78563133_pension2024.xls,פנסיית יסוד
520023185,,,520023185|פנסיית יסוד|פנסיית יסוד,פנסיית יסוד,2024,"אג""ח מיועדות ורכיב מבטיח תשואה(***)",,,37.0,0.05,32.0,42.0,,,פנסיית יסוד,2026-09-30T21:21:21+00:00,http://www.fnx.co.il/sites/docs/genery/mediniut_ashkaa_tzfuia/pension2024.xls,policy/companies/520023185/raw/520023185/c2df78563133_pension2024.xls,פנסיית יסוד
520023185,,,520023185|פנסיית יסוד|פנסיית יסוד,פנסיית יסוד,2024,"אג""ח קונצרני (כולל קרנות נאמנות, תעודות סל)",,,25.0,0.06,19.0,31.0,"35% - תל בונד כללי , 20% - תל בונד 60 , 15% - תל בונד 50 , 15% - IBOXX HY - 15%, IBOXX IG",,פנסיית יסוד,2026-09-30T21:21:21+00:00,http://www.fnx.co.il/sites/docs/genery/mediniut_ashkaa_tzfuia/pension2024.xls,policy/companies/520023185/raw/520023185/c2df78563133_pension2024.xls,פנסיית יסוד
520023185,,,520023185|פנסיית יסוד|פנסיית יסוד,פנסיית יסוד,2024,קרנות השקעה,,,3.0,0.05,0.0,8.0,,,פנסיית יסוד,2026-09-30T21:21:21+00:00,http://www.fnx.co.il/sites/docs/genery/mediniut_ashkaa_tzfuia/pension2024.xls,policy/companies/520023185/raw/520023185/c2df78563133_pension2024.xls,פנסיית יסוד
520023185,,,520023185|פנסיית יסוד|פנסיית יסוד,פנסיית יסוד,2024,"אחר (Co Invest, תשתיות, גידור, נדל""ן)",,,7.0,0.05,0.0,12.0,,,פנסיית יסוד,2026-09-30T21:21:21+00:00,http://www.fnx.co.il/sites/docs/genery/mediniut_ashkaa_tzfuia/pension2024.xls,policy/companies/520023185/raw/520023185/c2df78563133_pension2024.xls,פנסיית יסוד
520023185,,,520023185|פנסיית יסוד|פנסיית יסוד,פנסיית יסוד,2024,מזומנים (*),,,3.0,,,,,,פנסיית יסוד,2026-09-30T21:21:21+00:00,http://www.fnx.co.il/sites/docs/genery/mediniut_ashkaa_tzfuia/pension2024.xls,policy/companies/520023185/raw/520023185/c2df78563133_pension2024.xls,פנסיית יסוד
520023185,,,520023185|פנסיית יסוד|פנסיית יסוד,פנסיית יסוד,2024,"חשיפה למט""ח",fx,,14.0,0.06,8.0,20.0,,,פנסיית יסוד,2026-09-30T21:21:21+00:00,http://www.fnx.co.il/sites/docs/genery/mediniut_ashkaa_tzfuia/pension2024.xls,policy/companies/520023185/raw/520023185/c2df78563133_pension2024.xls,פנסיית יסוד
520023185,,,520023185|פנסיית יסוד|הפניקס פנסיה מקיפה מסלול כללי,הפניקס פנסיה מקיפה מסלול כללי,2024,"מניות (כולל תעודות סל, אופציות, קרנות נאמנות)",equity,33.32,,+/- 6%,28.0,40.0,,,פנסיית יסוד,2026-09-30T21:21:21+00:00,http://www.fnx.co.il/sites/docs/genery/mediniut_ashkaa_tzfuia/pension2024.xls,policy/companies/520023185/raw/520023185/c2df78563133_pension2024.xls,פנסיית יסוד
520023185,,,520023185|פנסיית יסוד|הפניקס פנסיה מקיפה מסלול כללי,הפניקס פנסיה מקיפה מסלול כללי,2024,"אג""ח ממשלתי (צמוד, שקלי ומט""ח), ממשלות זרות בנטרול חשיפות בנגזרים1",,35.97,,+/- 5%,33.0,43.0,,,פנסיית יסוד,2026-09-30T21:21:21+00:00,http://www.fnx.co.il/sites/docs/genery/mediniut_ashkaa_tzfuia/pension2024.xls,policy/companies/520023185/raw/520023185/c2df78563133_pension2024.xls,פנסיית יסוד
520023185,,,520023185|פנסיית יסוד|הפניקס פנסיה מקיפה מסלול כללי,הפניקס פנסיה מקיפה מסלול כללי,2024,"אג""ח מיועדות",,29.71,,,,,,,פנסיית יסוד,2026-09-30T21:21:21+00:00,http://www.fnx.co.il/sites/docs/genery/mediniut_ashkaa_tzfuia/pension2024.xls,policy/companies/520023185/raw/520023185/c2df78563133_pension2024.xls,פנסיית יסוד
520023185,,,520023185|פנסיית יסוד|הפניקס פנסיה מקיפה מסלול כללי,הפניקס פנסיה מקיפה מסלול כללי,2024,"אג""ח קונצרני (קרנות נאמנות, תעודות סל)",,25.51,,+/- 6%,17.0,29.0,,,פנסיית יסוד,2026-09-30T21:21:21+00:00,http://www.fnx.co.il/sites/docs/genery/mediniut_ashkaa_tzfuia/pension2024.xls,policy/companies/520023185/raw/520023185/c2df78563133_pension2024.xls,פנסיית יסוד
520023185,,,520023185|פנסיית יסוד|הפניקס פנסיה מקיפה מסלול כללי,הפניקס פנסיה מקיפה מסלול כללי,2024,"נדל""ן",,3.88,,+/- 5%,0.0,9.0,,,פנסיית יסוד,2026-09-30T21:21:21+00:00,http://www.fnx.co.il/sites/docs/genery/mediniut_ashkaa_tzfuia/pension2024.xls,policy/companies/520023185/raw/520023185/c2df78563133_pension2024.xls,פנסיית יסוד
520023185,,,520023185|פנסיית יסוד|הפניקס פנסיה מקיפה מסלול כללי,הפניקס פנסיה מקיפה מסלול כללי,2024,"אחר (קרנות השקעה, PE, VC, קרדיט, גידור)",,0.61,,+/- 5%,0.0,5.0,,,פנסיית יסוד,2026-09-30T21:21:21+00:00,http://www.fnx.co.il/sites/docs/genery/mediniut_ashkaa_tzfuia/pension2024.xls,policy/companies/520023185/raw/520023185/c2df78563133_pension2024.xls,פנסיית יסוד
520023185,,,520023185|פנסיית יסוד|הפניקס פנסיה מקיפה מסלול כללי,הפניקס פנסיה מקיפה מסלול כללי,2024,מזומנים (בנטרול נגזרים),,0.75,,+/- 5%,0.0,6.0,,,פנסיית יסוד,2026-09-30T21:21:21+00:00,http://www.fnx.co.il/sites/docs/genery/mediniut_ashkaa_tzfuia/pension2024.xls,policy/companies/520023185/raw/520023185/c2df78563133_pension2024.xls,פנסיית יסוד
520023185,,,520023185|פנסיית יסוד|הפניקס פנסיה מקיפה מסלול כללי,הפניקס פנסיה מקיפה מסלול כללי,2024,"חשיפה למט""ח",fx,16.78,,+/- 6%,10.0,22.0,,,פנסיית יסוד,2026-09-30T21:21:21+00:00,http://www.fnx.co.il/sites/docs/genery/mediniut_ashkaa_tzfuia/pension2024.xls,policy/companies/520023185/raw/520023185/c2df78563133_pension2024.xls,פנסיית יסוד
520023185,,,520023185|עמיתי דור ביניים|עמיתי דור ביניים,עמיתי דור ביניים,2024,"מניות (תעודות סל, אופציות, קרנות נאמנות)",equity,,15.0,0.06,9.0,21.0,"35%- מדד ת""א 125 ,   65%- MSCI WORLD AC",,עמיתי דור ביניים,2026-09-30T21:21:21+00:00,http://www.fnx.co.il/sites/docs/genery/mediniut_ashkaa_tzfuia/pension2024.xls,policy/companies/520023185/raw/520023185/c2df78563133_pension2024.xls,עמיתי דור ביניים
520023185,,,520023185|עמיתי דור ביניים|עמיתי דור ביניים,עמיתי דור ביניים,2024,"אג""ח ממשלתי (צמוד, שקלי ומט""ח), ממשלות זרות בנטרול חשיפות בנגזרים",,,14.0,0.05,9.0,19.0,"מדד אג""ח ממשלתי כללי",,עמיתי דור ביניים,2026-09-30T21:21:21+00:00,http://www.fnx.co.il/sites/docs/genery/mediniut_ashkaa_tzfuia/pension2024.xls,policy/companies/520023185/raw/520023185/c2df78563133_pension2024.xls,עמיתי דור ביניים
520023185,,,520023185|עמיתי דור ביניים|עמיתי דור ביניים,עמיתי דור ביניים,2024,"אג""ח מיועדות ורכיב מבטיח תשואה(***)",,,38.0,0.05,33.0,43.0,,,עמיתי דור ביניים,2026-09-30T21:21:21+00:00,http://www.fnx.co.il/sites/docs/genery/mediniut_ashkaa_tzfuia/pension2024.xls,policy/companies/520023185/raw/520023185/c2df78563133_pension2024.xls,עמיתי דור ביניים
520023185,,,520023185|עמיתי דור ביניים|עמיתי דור ביניים,עמיתי דור ביניים,2024,"אג""ח קונצרני (כולל קרנות נאמנות, תעודות סל)",,,29.0,0.06,23.0,35.0,"35% - תל בונד כללי , 20% - תל בונד 60 , 15% - תל בונד 50 , 15% - IBOXX HY - 15%, IBOXX IG",,עמיתי דור ביניים,2026-09-30T21:21:21+00:00,http://www.fnx.co.il/sites/docs/genery/mediniut_ashkaa_tzfuia/pension2024.xls,policy/companies/520023185/raw/520023185/c2df78563133_pension2024.xls,עמיתי דור ביניים
520023185,,,520023185|עמיתי דור ביניים|עמיתי דור ביניים,עמיתי דור ביניים,2024,"אחר (קרנות השקעה,Co Invest, תשתיות, גידור,נדלן)",,,3.0,0.05,0.0,8.0,,,עמיתי דור ביניים,2026-09-30T21:21:21+00:00,http://www.fnx.co.il/sites/docs/genery/mediniut_ashkaa_tzfuia/pension2024.xls,policy/companies/520023185/raw/520023185/c2df78563133_pension2024.xls,עמיתי דור ביניים
520023185,,,520023185|עמיתי דור ביניים|עמיתי דור ביניים,עמיתי דור ביניים,2024,מזומנים (*),,,1.0,,,,,,עמיתי דור ביניים,2026-09-30T21:21:21+00:00,http://www.fnx.co.il/sites/docs/genery/mediniut_ashkaa_tzfuia/pension2024.xls,policy/companies/520023185/raw/520023185/c2df78563133_pension2024.xls,עמיתי דור ביניים
520023185,,,520023185|עמיתי דור ביניים|עמיתי דור ביניים,עמיתי דור ביניים,2024,"חשיפה למט""ח",fx,,14.0,0.06,8.0,20.0,,,עמיתי דור ביניים,2026-09-30T21:21:21+00:00,http://www.fnx.co.il/sites/docs/genery/mediniut_ashkaa_tzfuia/pension2024.xls,policy/companies/520023185/raw/520023185/c2df78563133_pension2024.xls,עמיתי דור ביניים
520023185,,,520023185|עמיתי דור ביניים|הפניקס פנסיה מקיפה מסלול כללי,הפניקס פנסיה מקיפה מסלול כללי,2024,"מניות (כולל תעודות סל, אופציות, קרנות נאמנות)",equity,33.32,,+/- 6%,28.0,40.0,,,עמיתי דור ביניים,2026-09-30T21:21:21+00:00,http://www.fnx.co.il/sites/docs/genery/mediniut_ashkaa_tzfuia/pension2024.xls,policy/companies/520023185/raw/520023185/c2df78563133_pension2024.xls,עמיתי דור ביניים
520023185,,,520023185|עמיתי דור ביניים|הפניקס פנסיה מקיפה מסלול כללי,הפניקס פנסיה מקיפה מסלול כללי,2024,"אג""ח ממשלתי (צמוד, שקלי ומט""ח), ממשלות זרות בנטרול חשיפות בנגזרים1",,35.97,,+/- 5%,33.0,43.0,,,עמיתי דור ביניים,2026-09-30T21:21:21+00:00,http://www.fnx.co.il/sites/docs/genery/mediniut_ashkaa_tzfuia/pension2024.xls,policy/companies/520023185/raw/520023185/c2df78563133_pension2024.xls,עמיתי דור ביניים
520023185,,,520023185|עמיתי דור ביניים|הפניקס פנסיה מקיפה מסלול כללי,הפניקס פנסיה מקיפה מסלול כללי,2024,"אג""ח מיועדות",,29.71,,,,,,,עמיתי דור ביניים,2026-09-30T21:21:21+00:00,http://www.fnx.co.il/sites/docs/genery/mediniut_ashkaa_tzfuia/pension2024.xls,policy/companies/520023185/raw/520023185/c2df78563133_pension2024.xls,עמיתי דור ביניים
520023185,,,520023185|עמיתי דור ביניים|הפניקס פנסיה מקיפה מסלול כללי,הפניקס פנסיה מקיפה מסלול כללי,2024,"אג""ח קונצרני (קרנות נאמנות, תעודות סל)",,25.51,,+/- 6%,17.0,29.0,,,עמיתי דור ביניים,2026-09-30T21:21:21+00:00,http://www.fnx.co.il/sites/docs/genery/mediniut_ashkaa_tzfuia/pension2024.xls,policy/companies/520023185/raw/520023185/c2df78563133_pension2024.xls,עמיתי דור ביניים
520023185,,,520023185|עמיתי דור ביניים|הפניקס פנסיה מקיפה מסלול כללי,הפניקס פנסיה מקיפה מסלול כללי,2024,"נדל""ן",,3.88,,+/- 5%,0.0,9.0,,,עמיתי דור ביניים,2026-09-30T21:21:21+00:00,http://www.fnx.co.il/sites/docs/genery/mediniut_ashkaa_tzfuia/pension2024.xls,policy/companies/520023185/raw/520023185/c2df78563133_pension2024.xls,עמיתי דור ביניים
520023185,,,520023185|עמיתי דור ביניים|הפניקס פנסיה מקיפה מסלול כללי,הפניקס פנסיה מקיפה מסלול כללי,2024,"אחר (קרנות השקעה, PE, VC, קרדיט, גידור)",,0.61,,+/- 5%,0.0,5.0,,,עמיתי דור ביניים,2026-09-30T21:21:21+00:00,http://www.fnx.co.il/sites/docs/genery/mediniut_ashkaa_tzfuia/pension2024.xls,policy/companies/520023185/raw/520023185/c2df78563133_pension2024.xls,עמיתי דור ביניים
520023185,,,520023185|עמיתי דור ביניים|הפניקס פנסיה מקיפה מסלול כללי,הפניקס פנסיה מקיפה מסלול כללי,2024,מזומנים (בנטרול נגזרים),,0.75,,+/- 5%,0.0,6.0,,,עמיתי דור ביניים,2026-09-30T21:21:21+00:00,http://www.fnx.co.il/sites/docs/genery/mediniut_ashkaa_tzfuia/pension2024.xls,policy/companies/520023185/raw/520023185/c2df78563133_pension2024.xls,עמיתי דור ביניים
520023185,,,520023185|עמיתי דור ביניים|הפניקס פנסיה מקיפה מסלול כללי,הפניקס פנסיה מקיפה מסלול כללי,2024,"חשיפה למט""ח",fx,16.78,,+/- 6%,10.0,22.0,,,עמיתי דור ביניים,2026-09-30T21:21:21+00:00,http://www.fnx.co.il/sites/docs/genery/mediniut_ashkaa_tzfuia/pension2024.xls,policy/companies/520023185/raw/520023185/c2df78563133_pension2024.xls,עמיתי דור ביניים
520023185,,,520023185|מקיפה - הלכה|הפניקס פנסיה מקיפה מסלול הלכה,הפניקס פנסיה מקיפה מסלול הלכה,2024,"מניות (כולל תעודות סל, אופציות, קרנות נאמנות)",equity,,44.0,0.06,38.0,50.0,"35%- מדד ת""א 125 ,   65%- MSCI WORLD AC",,מקיפה - הלכה,2026-09-30T21:21:21+00:00,http://www.fnx.co.il/sites/docs/genery/mediniut_ashkaa_tzfuia/pension2024.xls,policy/companies/520023185/raw/520023185/c2df78563133_pension2024.xls,מקיפה - הלכה
520023185,,,520023185|מקיפה - הלכה|הפניקס פנסיה מקיפה מסלול הלכה,הפניקס פנסיה מקיפה מסלול הלכה,2024,"אג""ח ממשלתי (צמוד, שקלי ומט""ח), ממשלות זרות בנטרול חשיפות בנגזרים",,,4.0,0.05,0.0,9.0,"מדד אג""ח ממשלתי כללי",,מקיפה - הלכה,2026-09-30T21:21:21+00:00,http://www.fnx.co.il/sites/docs/genery/mediniut_ashkaa_tzfuia/pension2024.xls,policy/companies/520023185/raw/520023185/c2df78563133_pension2024.xls,מקיפה - הלכה
520023185,,,520023185|מקיפה - הלכה|הפניקס פנסיה מקיפה מסלול הלכה,הפניקס פנסיה מקיפה מסלול הלכה,2024,"אג""ח מיועדות ורכיב מבטיח תשואה(***)",,,27.0,0.05,22.0,32.0,,,מקיפה - הלכה,2026-09-30T21:21:21+00:00,http://www.fnx.co.il/sites/docs/genery/mediniut_ashkaa_tzfuia/pension2024.xls,policy/companies/520023185/raw/520023185/c2df78563133_pension2024.xls,מקיפה - הלכה
520023185,,,520023185|מקיפה - הלכה|הפניקס פנסיה מקיפה מסלול הלכה,הפניקס פנסיה מקיפה מסלול הלכה,2024,"אג""ח קונצרני (כולל קרנות נאמנות, תעודות סל)",,,20.0,0.06,14.0,26.0,"70% - מדד תל בונד 60 , 30% - מדד BarCap Global Corporate Total Return Bond Index UnHedged",,מקיפה - הלכה,2026-09-30T21:21:21+00:00,http://www.fnx.co.il/sites/docs/genery/mediniut_ashkaa_tzfuia/pension2024.xls,policy/companies/520023185/raw/520023185/c2df78563133_pension2024.xls,מקיפה - הלכה
520023185,,,520023185|מקיפה - הלכה|הפניקס פנסיה מקיפה מסלול הלכה,הפניקס פנסיה מקיפה מסלול הלכה,2024,"נדל""ן",,,0.0,0.05,0.0,5.0,,,מקיפה - הלכה,2026-09-30T21:21:21+00:00,http://www.fnx.co.il/sites/docs/genery/mediniut_ashkaa_tzfuia/pension2024.xls,policy/companies/520023185/raw/520023185/c2df78563133_pension2024.xls,מקיפה - הלכה
520023185,,,520023185|מקיפה - הלכה|הפניקס פנסיה מקיפה מסלול הלכה,הפניקס פנסיה מקיפה מסלול הלכה,2024,"אחר (קרנות השקעה, Co Invest, תשתיות, גידור)",,,0.0,0.05,0.0,5.0,,,מקיפה - הלכה,2026-09-30T21:21:21+00:00,http://www.fnx.co.il/sites/docs/genery/mediniut_ashkaa_tzfuia/pension2024.xls,policy/companies/520023185/raw/520023185/c2df78563133_pension2024.xls,מקיפה - הלכה
520023185,,,520023185|מקיפה - הלכה|הפניקס פנסיה מקיפה מסלול הלכה,הפניקס פנסיה מקיפה מסלול הלכה,2024,מזומנים (*),,,5.0,,,,,,מקיפה - הלכה,2026-09-30T21:21:21+00:00,http://www.fnx.co.il/sites/docs/genery/mediniut_ashkaa_tzfuia/pension2024.xls,policy/companies/520023185/raw/520023185/c2df78563133_pension2024.xls,מקיפה - הלכה
520023185,,,520023185|מקיפה - הלכה|הפניקס פנסיה מקיפה מסלול הלכה,הפניקס פנסיה מקיפה מסלול הלכה,2024,"חשיפה למט""ח",fx,,20.0,0.06,14.0,26.0,,,מקיפה - הלכה,2026-09-30T21:21:21+00:00,http://www.fnx.co.il/sites/docs/genery/mediniut_ashkaa_tzfuia/pension2024.xls,policy/companies/520023185/raw/520023185/c2df78563133_pension2024.xls,מקיפה - הלכה
520023185,,,520023185|מקיפה - הלכה|הפניקס פנסיה מקיפה מסלול הלכה,הפניקס פנסיה מקיפה מסלול הלכה,2024,מגבלת עמלת ניהול חיצוני לשנת 2024,,,0.1,,,,,,מקיפה - הלכה,2026-09-30T21:21:21+00:00,http://www.fnx.co.il/sites/docs/genery/mediniut_ashkaa_tzfuia/pension2024.xls,policy/companies/520023185/raw/520023185/c2df78563133_pension2024.xls,מקיפה - הלכה
520023185,,,520023185|משלימה משולב סחיר|הפניקס פנסיה משלימה מסלול משולב סחיר,הפניקס פנסיה משלימה מסלול משולב סחיר,2024,"מניות (תעודות סל, אופציות, קרנות נאמנות)",equity,,40.0,0.06,34.0,46.0,"35%- מדד ת""א 125 ,   65%- MSCI WORLD AC",,משלימה משולב סחיר,2026-09-30T21:21:21+00:00,http://www.fnx.co.il/sites/docs/genery/mediniut_ashkaa_tzfuia/pension2024.xls,policy/companies/520023185/raw/520023185/c2df78563133_pension2024.xls,משלימה משולב סחיר
520023185,,,520023185|משלימה משולב סחיר|הפניקס פנסיה משלימה מסלול משולב סחיר,הפניקס פנסיה משלימה מסלול משולב סחיר,2024,"אג""ח ממשלתי (צמוד, שקלי ומט""ח), ממשלות זרות בנטרול חשיפות בנגזרים",,,24.0,0.05,19.0,29.0,"מדד אג""ח ממשלתי כללי",,משלימה משולב סחיר,2026-09-30T21:21:21+00:00,http://www.fnx.co.il/sites/docs/genery/mediniut_ashkaa_tzfuia/pension2024.xls,policy/companies/520023185/raw/520023185/c2df78563133_pension2024.xls,משלימה משולב סחיר
520023185,,,520023185|משלימה משולב סחיר|הפניקס פנסיה משלימה מסלול משולב סחיר,הפניקס פנסיה משלימה מסלול משולב סחיר,2024,"אג""ח קונצרני (כולל קרנות נאמנות, תעודות סל)",,,32.0,0.06,26.0,38.0,"35% - תל בונד כללי , 20% - תל בונד 60 , 15% - תל בונד 50 , 15% - IBOXX HY - 15%, IBOXX IG",,משלימה משולב סחיר,2026-09-30T21:21:21+00:00,http://www.fnx.co.il/sites/docs/genery/mediniut_ashkaa_tzfuia/pension2024.xls,policy/companies/520023185/raw/520023185/c2df78563133_pension2024.xls,משלימה משולב סחיר
520023185,,,520023185|משלימה משולב סחיר|הפניקס פנסיה משלימה מסלול משולב סחיר,הפניקס פנסיה משלימה מסלול משולב סחיר,2024,מזומנים (*),,,4.0,,,,,,משלימה משולב סחיר,2026-09-30T21:21:21+00:00,http://www.fnx.co.il/sites/docs/genery/mediniut_ashkaa_tzfuia/pension2024.xls,policy/companies/520023185/raw/520023185/c2df78563133_pension2024.xls,משלימה משולב סחיר
520023185,,,520023185|משלימה משולב סחיר|הפניקס פנסיה משלימה מסלול משולב סחיר,הפניקס פנסיה משלימה מסלול משולב סחיר,2024,"חשיפה למט""ח",fx,,19.0,0.06,13.0,25.0,,,משלימה משולב סחיר,2026-09-30T21:21:21+00:00,http://www.fnx.co.il/sites/docs/genery/mediniut_ashkaa_tzfuia/pension2024.xls,policy/companies/520023185/raw/520023185/c2df78563133_pension2024.xls,משלימה משולב סחיר
520023185,,,520023185|משלימה משולב סחיר|הפניקס פנסיה משלימה מסלול משולב סחיר,הפניקס פנסיה משלימה מסלול משולב סחיר,2024,מגבלת עמלת ניהול חיצוני לשנת 2024,,,0.05,,,,,,משלימה משולב סחיר,2026-09-30T21:21:21+00:00,http://www.fnx.co.il/sites/docs/genery/mediniut_ashkaa_tzfuia/pension2024.xls,policy/companies/520023185/raw/520023185/c2df78563133_pension2024.xls,משלימה משולב סחיר
520023185,,,520023185|משלימה עוקב מדדים גמיש|פנסיה משלימה מסלול עוקב מדדים גמיש,פנסיה משלימה מסלול עוקב מדדים גמיש,2024,"מניות (כולל תעודות סל, אופציות, קרנות נאמנות)",equity,,37.36,0.06,31.36,43.36,MSCI EM,,משלימה עוקב מדדים גמיש,2026-09-30T21:21:21+00:00,http://www.fnx.co.il/sites/docs/genery/mediniut_ashkaa_tzfuia/pension2024.xls,policy/companies/520023185/raw/520023185/c2df78563133_pension2024.xls,משלימה עוקב מדדים גמיש 
520023185,,,520023185|משלימה עוקב מדדים גמיש|פנסיה משלימה מסלול עוקב מדדים גמיש,פנסיה משלימה מסלול עוקב מדדים גמיש,2024,"אג""ח ממשלתי (צמוד, שקלי ומט""ח), ממשלות",,,27.0,0.05,22.0,32.0,משקל שחר 0-2,,משלימה עוקב מדדים גמיש,2026-09-30T21:21:21+00:00,http://www.fnx.co.il/sites/docs/genery/mediniut_ashkaa_tzfuia/pension2024.xls,policy/companies/520023185/raw/520023185/c2df78563133_pension2024.xls,משלימה עוקב מדדים גמיש 
520023185,,,520023185|משלימה עוקב מדדים גמיש|פנסיה משלימה מסלול עוקב מדדים גמיש,פנסיה משלימה מסלול עוקב מדדים גמיש,2024,"אג""ח קונצרני (כולל קרנות נאמנות, תעודות סל)",,,31.0,0.06,25.0,37.0,JCMBCOMP,,משלימה עוקב מדדים גמיש,2026-09-30T21:21:21+00:00,http://www.fnx.co.il/sites/docs/genery/mediniut_ashkaa_tzfuia/pension2024.xls,policy/companies/520023185/raw/520023185/c2df78563133_pension2024.xls,משלימה עוקב מדדים גמיש 
520023185,,,520023185|משלימה עוקב מדדים גמיש|פנסיה משלימה מסלול עוקב מדדים גמיש,פנסיה משלימה מסלול עוקב מדדים גמיש,2024,מזומנים (*),,,4.52,,,,"ריבית פח""ק",,משלימה עוקב מדדים גמיש,2026-09-30T21:21:21+00:00,http://www.fnx.co.il/sites/docs/genery/mediniut_ashkaa_tzfuia/pension2024.xls,policy/companies/520023185/raw/520023185/c2df78563133_pension2024.xls,משלימה עוקב מדדים גמיש 
520023185,,,520023185|משלימה עוקב מדדים גמיש|פנסיה משלימה מסלול עוקב מדדים גמיש,פנסיה משלימה מסלול עוקב מדדים גמיש,2024,"חשיפה למט""ח",fx,,21.0,0.06,15.0,27.0,,,משלימה עוקב מדדים גמיש,2026-09-30T21:21:21+00:00,http://www.fnx.co.il/sites/docs/genery/mediniut_ashkaa_tzfuia/pension2024.xls,policy/companies/520023185/raw/520023185/c2df78563133_pension2024.xls,משלימה עוקב מדדים גמיש 
520023185,,,520023185|משלימה עוקב מדדים גמיש|פנסיה משלימה מסלול עוקב מדדים גמיש,פנסיה משלימה מסלול עוקב מדדים גמיש,2024,מגבלת עמלת ניהול חיצוני לשנת 2024,,,0.15,,,,,,משלימה עוקב מדדים גמיש,2026-09-30T21:21:21+00:00,http://www.fnx.co.il/sites/docs/genery/mediniut_ashkaa_tzfuia/pension2024.xls,policy/companies/520023185/raw/520023185/c2df78563133_pension2024.xls,משלימה עוקב מדדים גמיש 
520023185,,,520023185|מקיפה-פנסיונרים עד 31.12.17|הפניקס פנסיה מקיפה פנסיונרים עד 31 12 17,הפניקס פנסיה מקיפה פנסיונרים עד 31 12 17,2024,"מניות (תעודות סל, אופציות, קרנות נאמנות)",equity,,0.0,0.01,0.0,1.0,,,מקיפה-פנסיונרים עד 31.12.17,2026-09-30T21:21:21+00:00,http://www.fnx.co.il/sites/docs/genery/mediniut_ashkaa_tzfuia/pension2024.xls,policy/companies/520023185/raw/520023185/c2df78563133_pension2024.xls,מקיפה-פנסיונרים עד 31.12.17
520023185,,,520023185|מקיפה-פנסיונרים עד 31.12.17|הפניקס פנסיה מקיפה פנסיונרים עד 31 12 17,הפניקס פנסיה מקיפה פנסיונרים עד 31 12 17,2024,"אג""ח ממשלתי (צמוד, שקלי ומט""ח), ממשלות זרות בנטרול חשיפות בנגזרים",,,37.0,0.05,0.0,42.0,"מדד אג""ח ממשלתי כללי",,מקיפה-פנסיונרים עד 31.12.17,2026-09-30T21:21:21+00:00,http://www.fnx.co.il/sites/docs/genery/mediniut_ashkaa_tzfuia/pension2024.xls,policy/companies/520023185/raw/520023185/c2df78563133_pension2024.xls,מקיפה-פנסיונרים עד 31.12.17
520023185,,,520023185|מקיפה-פנסיונרים עד 31.12.17|הפניקס פנסיה מקיפה פנסיונרים עד 31 12 17,הפניקס פנסיה מקיפה פנסיונרים עד 31 12 17,2024,"אג""ח מיועדות ורכיב מבטיח תשואה(***)",,,60.0,0.05,55.0,65.0,,,מקיפה-פנסיונרים עד 31.12.17,2026-09-30T21:21:21+00:00,http://www.fnx.co.il/sites/docs/genery/mediniut_ashkaa_tzfuia/pension2024.xls,policy/companies/520023185/raw/520023185/c2df78563133_pension2024.xls,מקיפה-פנסיונרים עד 31.12.17
520023185,,,520023185|מקיפה-פנסיונרים עד 31.12.17|הפניקס פנסיה מקיפה פנסיונרים עד 31 12 17,הפניקס פנסיה מקיפה פנסיונרים עד 31 12 17,2024,"אג""ח קונצרני (כולל קרנות נאמנות, תעודות סל)",,,0.0,0.01,0.0,1.0,מדד תל בונד 60,,מקיפה-פנסיונרים עד 31.12.17,2026-09-30T21:21:21+00:00,http://www.fnx.co.il/sites/docs/genery/mediniut_ashkaa_tzfuia/pension2024.xls,policy/companies/520023185/raw/520023185/c2df78563133_pension2024.xls,מקיפה-פנסיונרים עד 31.12.17
520023185,,,520023185|מקיפה-פנסיונרים עד 31.12.17|הפניקס פנסיה מקיפה פנסיונרים עד 31 12 17,הפניקס פנסיה מקיפה פנסיונרים עד 31 12 17,2024,"נדל""ן",,,0.0,0.0,0.0,0.0,,,מקיפה-פנסיונרים עד 31.12.17,2026-09-30T21:21:21+00:00,http://www.fnx.co.il/sites/docs/genery/mediniut_ashkaa_tzfuia/pension2024.xls,policy/companies/520023185/raw/520023185/c2df78563133_pension2024.xls,מקיפה-פנסיונרים עד 31.12.17
520023185,,,520023185|מקיפה-פנסיונרים עד 31.12.17|הפניקס פנסיה מקיפה פנסיונרים עד 31 12 17,הפניקס פנסיה מקיפה פנסיונרים עד 31 12 17,2024,"אחר (קרנות השקעה, Co Invest, תשתיות, גידור)",,,0.0,0.0,0.0,0.0,,,מקיפה-פנסיונרים עד 31.12.17,2026-09-30T21:21:21+00:00,http://www.fnx.co.il/sites/docs/genery/mediniut_ashkaa_tzfuia/pension2024.xls,policy/companies/520023185/raw/520023185/c2df78563133_pension2024.xls,מקיפה-פנסיונרים עד 31.12.17
520023185,,,520023185|מקיפה-פנסיונרים עד 31.12.17|הפניקס פנסיה מקיפה פנסיונרים עד 31 12 17,הפניקס פנסיה מקיפה פנסיונרים עד 31 12 17,2024,מזומנים (*),,,3.0,,,,,,מקיפה-פנסיונרים עד 31.12.17,2026-09-30T21:21:21+00:00,http://www.fnx.co.il/sites/docs/genery/mediniut_ashkaa_tzfuia/pension2024.xls,policy/companies/520023185/raw/520023185/c2df78563133_pension2024.xls,מקיפה-פנסיונרים עד 31.12.17
520023185,,,520023185|מקיפה-פנסיונרים עד 31.12.17|הפניקס פנסיה מקיפה פנסיונרים עד 31 12 17,הפניקס פנסיה מקיפה פנסיונרים עד 31 12 17,2024,"חשיפה למט""ח",fx,,0.0,0.06,0.0,6.0,,,מקיפה-פנסיונרים עד 31.12.17,2026-09-30T21:21:21+00:00,http://www.fnx.co.il/sites/docs/genery/mediniut_ashkaa_tzfuia/pension2024.xls,policy/companies/520023185/raw/520023185/c2df78563133_pension2024.xls,מקיפה-פנסיונרים עד 31.12.17
520023185,,,520023185|מקיפה-פנסיונרים עד 31.12.17|הפניקס פנסיה מקיפה פנסיונרים עד 31 12 17,הפניקס פנסיה מקיפה פנסיונרים עד 31 12 17,2024,מגבלת עמלת ניהול חיצוני לשנת 2024,,,0.2,,,,,,מקיפה-פנסיונרים עד 31.12.17,2026-09-30T21:21:21+00:00,http://www.fnx.co.il/sites/docs/genery/mediniut_ashkaa_tzfuia/pension2024.xls,policy/companies/520023185/raw/520023185/c2df78563133_pension2024.xls,מקיפה-פנסיונרים עד 31.12.17
520023185,,,520023185|מקיפה-פנסיונרים זכאים|הפניקס פנסיה מקיפה פנסיונרים זכאים,הפניקס פנסיה מקיפה פנסיונרים זכאים,2024,"מניות (תעודות סל, אופציות, קרנות נאמנות)",equity,,0.0,0.06,0.0,6.0,"40%- מדד ת""א 125 ,   60%- MSCI WORLD AC",,מקיפה-פנסיונרים זכאים,2026-09-30T21:21:21+00:00,http://www.fnx.co.il/sites/docs/genery/mediniut_ashkaa_tzfuia/pension2024.xls,policy/companies/520023185/raw/520023185/c2df78563133_pension2024.xls,מקיפה-פנסיונרים זכאים
520023185,,,520023185|מקיפה-פנסיונרים זכאים|הפניקס פנסיה מקיפה פנסיונרים זכאים,הפניקס פנסיה מקיפה פנסיונרים זכאים,2024,"אג""ח ממשלתי (צמוד, שקלי ומט""ח), ממשלות זרות בנטרול חשיפות בנגזרים",,,15.0,0.05,0.0,20.0,"מדד אג""ח ממשלתי כללי",,מקיפה-פנסיונרים זכאים,2026-09-30T21:21:21+00:00,http://www.fnx.co.il/sites/docs/genery/mediniut_ashkaa_tzfuia/pension2024.xls,policy/companies/520023185/raw/520023185/c2df78563133_pension2024.xls,מקיפה-פנסיונרים זכאים
520023185,,,520023185|מקיפה-פנסיונרים זכאים|הפניקס פנסיה מקיפה פנסיונרים זכאים,הפניקס פנסיה מקיפה פנסיונרים זכאים,2024,"אג""ח מיועדות ורכיב מבטיח תשואה(***)",,,80.0,0.05,75.0,85.0,,,מקיפה-פנסיונרים זכאים,2026-09-30T21:21:21+00:00,http://www.fnx.co.il/sites/docs/genery/mediniut_ashkaa_tzfuia/pension2024.xls,policy/companies/520023185/raw/520023185/c2df78563133_pension2024.xls,מקיפה-פנסיונרים זכאים
520023185,,,520023185|מקיפה-פנסיונרים זכאים|הפניקס פנסיה מקיפה פנסיונרים זכאים,הפניקס פנסיה מקיפה פנסיונרים זכאים,2024,"אג""ח קונצרני (כולל קרנות נאמנות, תעודות סל)",,,0.0,0.06,0.0,6.0,מדד תל בונד 60,,מקיפה-פנסיונרים זכאים,2026-09-30T21:21:21+00:00,http://www.fnx.co.il/sites/docs/genery/mediniut_ashkaa_tzfuia/pension2024.xls,policy/companies/520023185/raw/520023185/c2df78563133_pension2024.xls,מקיפה-פנסיונרים זכאים
520023185,,,520023185|מקיפה-פנסיונרים זכאים|הפניקס פנסיה מקיפה פנסיונרים זכאים,הפניקס פנסיה מקיפה פנסיונרים זכאים,2024,"נדל""ן",,,0.0,0.05,0.0,5.0,,,מקיפה-פנסיונרים זכאים,2026-09-30T21:21:21+00:00,http://www.fnx.co.il/sites/docs/genery/mediniut_ashkaa_tzfuia/pension2024.xls,policy/companies/520023185/raw/520023185/c2df78563133_pension2024.xls,מקיפה-פנסיונרים זכאים
520023185,,,520023185|מקיפה-פנסיונרים זכאים|הפניקס פנסיה מקיפה פנסיונרים זכאים,הפניקס פנסיה מקיפה פנסיונרים זכאים,2024,"אחר (קרנות השקעה, Co Invest, תשתיות, גידור)",,,0.0,0.05,0.0,5.0,,,מקיפה-פנסיונרים זכאים,2026-09-30T21:21:21+00:00,http://www.fnx.co.il/sites/docs/genery/mediniut_ashkaa_tzfuia/pension2024.xls,policy/companies/520023185/raw/520023185/c2df78563133_pension2024.xls,מקיפה-פנסיונרים זכאים
520023185,,,520023185|מקיפה-פנסיונרים זכאים|הפניקס פנסיה מקיפה פנסיונרים זכאים,הפניקס פנסיה מקיפה פנסיונרים זכאים,2024,מזומנים (*),,,5.0,,,,,,מקיפה-פנסיונרים זכאים,2026-09-30T21:21:21+00:00,http://www.fnx.co.il/sites/docs/genery/mediniut_ashkaa_tzfuia/pension2024.xls,policy/companies/520023185/raw/520023185/c2df78563133_pension2024.xls,מקיפה-פנסיונרים זכאים
520023185,,,520023185|מקיפה-פנסיונרים זכאים|הפניקס פנסיה מקיפה פנסיונרים זכאים,הפניקס פנסיה מקיפה פנסיונרים זכאים,2024,"חשיפה למט""ח",fx,,0.0,0.06,6.0,18.0,,,מקיפה-פנסיונרים זכאים,2026-09-30T21:21:21+00:00,http://www.fnx.co.il/sites/docs/genery/mediniut_ashkaa_tzfuia/pension2024.xls,policy/companies/520023185/raw/520023185/c2df78563133_pension2024.xls,מקיפה-פנסיונרים זכאים
520023185,,,520023185|מקיפה-פנסיונרים זכאים|הפניקס פנסיה מקיפה פנסיונרים זכאים,הפניקס פנסיה מקיפה פנסיונרים זכאים,2024,מגבלת עמלת ניהול חיצוני לשנת 2024,,,0.1,,,,,,מקיפה-פנסיונרים זכאים,2026-09-30T21:21:21+00:00,http://www.fnx.co.il/sites/docs/genery/mediniut_ashkaa_tzfuia/pension2024.xls,policy/companies/520023185/raw/520023185/c2df78563133_pension2024.xls,מקיפה-פנסיונרים זכאים
520023185,,,520023185|מקיפה-פנסיונרים החל מ-1.1.18|הפניקס פנסיה מקיפה פנסיונרים החל מ 1 1 18,הפניקס פנסיה מקיפה פנסיונרים החל מ 1 1 18,2024,"מניות (תעודות סל, אופציות, קרנות נאמנות)",equity,,16.0,0.06,10.0,22.0,"35%- מדד ת""א 125 ,   65%- MSCI WORLD AC",,מקיפה-פנסיונרים החל מ-1.1.18,2026-09-30T21:21:21+00:00,http://www.fnx.co.il/sites/docs/genery/mediniut_ashkaa_tzfuia/pension2024.xls,policy/companies/520023185/raw/520023185/c2df78563133_pension2024.xls,מקיפה-פנסיונרים החל מ-1.1.18
520023185,,,520023185|מקיפה-פנסיונרים החל מ-1.1.18|הפניקס פנסיה מקיפה פנסיונרים החל מ 1 1 18,הפניקס פנסיה מקיפה פנסיונרים החל מ 1 1 18,2024,"אג""ח ממשלתי (צמוד, שקלי ומט""ח), ממשלות זרות בנטרול חשיפות בנגזרים",,,3.0,0.05,0.0,8.0,"מדד אג""ח ממשלתי כללי",,מקיפה-פנסיונרים החל מ-1.1.18,2026-09-30T21:21:21+00:00,http://www.fnx.co.il/sites/docs/genery/mediniut_ashkaa_tzfuia/pension2024.xls,policy/companies/520023185/raw/520023185/c2df78563133_pension2024.xls,מקיפה-פנסיונרים החל מ-1.1.18
520023185,,,520023185|מקיפה-פנסיונרים החל מ-1.1.18|הפניקס פנסיה מקיפה פנסיונרים החל מ 1 1 18,הפניקס פנסיה מקיפה פנסיונרים החל מ 1 1 18,2024,"אג""ח מיועדות ורכיב מבטיח תשואה(***)",,,60.0,0.05,55.0,65.0,,,מקיפה-פנסיונרים החל מ-1.1.18,2026-09-30T21:21:21+00:00,http://www.fnx.co.il/sites/docs/genery/mediniut_ashkaa_tzfuia/pension2024.xls,policy/companies/520023185/raw/520023185/c2df78563133_pension2024.xls,מקיפה-פנסיונרים החל מ-1.1.18
520023185,,,520023185|מקיפה-פנסיונרים החל מ-1.1.18|הפניקס פנסיה מקיפה פנסיונרים החל מ 1 1 18,הפניקס פנסיה מקיפה פנסיונרים החל מ 1 1 18,2024,"אג""ח קונצרני (כולל קרנות נאמנות, תעודות סל)",,,16.0,0.06,10.0,22.0,"35% - תל בונד כללי , 20% - תל בונד 60 , 15% - תל בונד 50 , 15% - IBOXX HY - 15%, IBOXX IG",,מקיפה-פנסיונרים החל מ-1.1.18,2026-09-30T21:21:21+00:00,http://www.fnx.co.il/sites/docs/genery/mediniut_ashkaa_tzfuia/pension2024.xls,policy/companies/520023185/raw/520023185/c2df78563133_pension2024.xls,מקיפה-פנסיונרים החל מ-1.1.18
520023185,,,520023185|מקיפה-פנסיונרים החל מ-1.1.18|הפניקס פנסיה מקיפה פנסיונרים החל מ 1 1 18,הפניקס פנסיה מקיפה פנסיונרים החל מ 1 1 18,2024,"נדל""ן",,,0.0,0.05,0.0,5.0,,,מקיפה-פנסיונרים החל מ-1.1.18,2026-09-30T21:21:21+00:00,http://www.fnx.co.il/sites/docs/genery/mediniut_ashkaa_tzfuia/pension2024.xls,policy/companies/520023185/raw/520023185/c2df78563133_pension2024.xls,מקיפה-פנסיונרים החל מ-1.1.18
520023185,,,520023185|מקיפה-פנסיונרים החל מ-1.1.18|הפניקס פנסיה מקיפה פנסיונרים החל מ 1 1 18,הפניקס פנסיה מקיפה פנסיונרים החל מ 1 1 18,2024,"אחר (קרנות השקעה, Co Invest, תשתיות, גידור)",,,3.0,0.05,0.0,8.0,,,מקיפה-פנסיונרים החל מ-1.1.18,2026-09-30T21:21:21+00:00,http://www.fnx.co.il/sites/docs/genery/mediniut_ashkaa_tzfuia/pension2024.xls,policy/companies/520023185/raw/520023185/c2df78563133_pension2024.xls,מקיפה-פנסיונרים החל מ-1.1.18
520023185,,,520023185|מקיפה-פנסיונרים החל מ-1.1.18|הפניקס פנסיה מקיפה פנסיונרים החל מ 1 1 18,הפניקס פנסיה מקיפה פנסיונרים החל מ 1 1 18,2024,מזומנים (*),,,2.0,,,,,,מקיפה-פנסיונרים החל מ-1.1.18,2026-09-30T21:21:21+00:00,http://www.fnx.co.il/sites/docs/genery/mediniut_ashkaa_tzfuia/pension2024.xls,policy/companies/520023185/raw/520023185/c2df78563133_pension2024.xls,מקיפה-פנסיונרים החל מ-1.1.18
520023185,,,520023185|מקיפה-פנסיונרים החל מ-1.1.18|הפניקס פנסיה מקיפה פנסיונרים החל מ 1 1 18,הפניקס פנסיה מקיפה פנסיונרים החל מ 1 1 18,2024,"חשיפה למט""ח",fx,,12.0,0.06,6.0,18.0,,,מקיפה-פנסיונרים החל מ-1.1.18,2026-09-30T21:21:21+00:00,http://www.fnx.co.il/sites/docs/genery/mediniut_ashkaa_tzfuia/pension2024.xls,policy/companies/520023185/raw/520023185/c2df78563133_pension2024.xls,מקיפה-פנסיונרים החל מ-1.1.18
520023185,,,520023185|מקיפה-פנסיונרים החל מ-1.1.18|הפניקס פנסיה מקיפה פנסיונרים החל מ 1 1 18,הפניקס פנסיה מקיפה פנסיונרים החל מ 1 1 18,2024,מגבלת עמלת ניהול חיצוני לשנת 2024,,,0.2,,,,,,מקיפה-פנסיונרים החל מ-1.1.18,2026-09-30T21:21:21+00:00,http://www.fnx.co.il/sites/docs/genery/mediniut_ashkaa_tzfuia/pension2024.xls,policy/companies/520023185/raw/520023185/c2df78563133_pension2024.xls,מקיפה-פנסיונרים החל מ-1.1.18
520023185,,,520023185|כללית-פנסיונרים עד 31.12.17|הפניקס פנסיה משלימה פנסיונרים עד 31 12 17,הפניקס פנסיה משלימה פנסיונרים עד 31 12 17,2024,"מניות (תעודות סל, אופציות, קרנות נאמנות)",equity,,0.0,0.01,0.0,1.0,,,כללית-פנסיונרים עד 31.12.17,2026-09-30T21:21:21+00:00,http://www.fnx.co.il/sites/docs/genery/mediniut_ashkaa_tzfuia/pension2024.xls,policy/companies/520023185/raw/520023185/c2df78563133_pension2024.xls,כללית-פנסיונרים עד 31.12.17
520023185,,,520023185|כללית-פנסיונרים עד 31.12.17|הפניקס פנסיה משלימה פנסיונרים עד 31 12 17,הפניקס פנסיה משלימה פנסיונרים עד 31 12 17,2024,"אג""ח ממשלתי (צמוד, שקלי ומט""ח), ממשלות זרות בנטרול חשיפות בנגזרים",,,96.0,0.05,91.0,100.0,"מדד אג""ח ממשלתי כללי",,כללית-פנסיונרים עד 31.12.17,2026-09-30T21:21:21+00:00,http://www.fnx.co.il/sites/docs/genery/mediniut_ashkaa_tzfuia/pension2024.xls,policy/companies/520023185/raw/520023185/c2df78563133_pension2024.xls,כללית-פנסיונרים עד 31.12.17
520023185,,,520023185|כללית-פנסיונרים עד 31.12.17|הפניקס פנסיה משלימה פנסיונרים עד 31 12 17,הפניקס פנסיה משלימה פנסיונרים עד 31 12 17,2024,"אג""ח קונצרני (כולל קרנות נאמנות, תעודות סל)",,,0.0,0.01,0.0,1.0,מדד תל בונד 60,,כללית-פנסיונרים עד 31.12.17,2026-09-30T21:21:21+00:00,http://www.fnx.co.il/sites/docs/genery/mediniut_ashkaa_tzfuia/pension2024.xls,policy/companies/520023185/raw/520023185/c2df78563133_pension2024.xls,כללית-פנסיונרים עד 31.12.17
520023185,,,520023185|כללית-פנסיונרים עד 31.12.17|הפניקס פנסיה משלימה פנסיונרים עד 31 12 17,הפניקס פנסיה משלימה פנסיונרים עד 31 12 17,2024,"נדל""ן",,,0.0,0.0,0.0,0.0,,,כללית-פנסיונרים עד 31.12.17,2026-09-30T21:21:21+00:00,http://www.fnx.co.il/sites/docs/genery/mediniut_ashkaa_tzfuia/pension2024.xls,policy/companies/520023185/raw/520023185/c2df78563133_pension2024.xls,כללית-פנסיונרים עד 31.12.17
520023185,,,520023185|כללית-פנסיונרים עד 31.12.17|הפניקס פנסיה משלימה פנסיונרים עד 31 12 17,הפניקס פנסיה משלימה פנסיונרים עד 31 12 17,2024,"אחר (קרנות השקעה, Co Invest, תשתיות, גידור)",,,0.0,0.0,0.0,0.0,,,כללית-פנסיונרים עד 31.12.17,2026-09-30T21:21:21+00:00,http://www.fnx.co.il/sites/docs/genery/mediniut_ashkaa_tzfuia/pension2024.xls,policy/companies/520023185/raw/520023185/c2df78563133_pension2024.xls,כללית-פנסיונרים עד 31.12.17
520023185,,,520023185|כללית-פנסיונרים עד 31.12.17|הפניקס פנסיה משלימה פנסיונרים עד 31 12 17,הפניקס פנסיה משלימה פנסיונרים עד 31 12 17,2024,מזומנים (*),,,4.0,,,,,,כללית-פנסיונרים עד 31.12.17,2026-09-30T21:21:21+00:00,http://www.fnx.co.il/sites/docs/genery/mediniut_ashkaa_tzfuia/pension2024.xls,policy/companies/520023185/raw/520023185/c2df78563133_pension2024.xls,כללית-פנסיונרים עד 31.12.17
520023185,,,520023185|כללית-פנסיונרים עד 31.12.17|הפניקס פנסיה משלימה פנסיונרים עד 31 12 17,הפניקס פנסיה משלימה פנסיונרים עד 31 12 17,2024,"חשיפה למט""ח",fx,,0.0,0.06,0.0,6.0,,,כללית-פנסיונרים עד 31.12.17,2026-09-30T21:21:21+00:00,http://www.fnx.co.il/sites/docs/genery/mediniut_ashkaa_tzfuia/pension2024.xls,policy/companies/520023185/raw/520023185/c2df78563133_pension2024.xls,כללית-פנסיונרים עד 31.12.17
520023185,,,520023185|כללית-פנסיונרים עד 31.12.17|הפניקס פנסיה משלימה פנסיונרים עד 31 12 17,הפניקס פנסיה משלימה פנסיונרים עד 31 12 17,2024,מגבלת עמלת ניהול חיצוני לשנת 2024,,,0.05,,,,,,כללית-פנסיונרים עד 31.12.17,2026-09-30T21:21:21+00:00,http://www.fnx.co.il/sites/docs/genery/mediniut_ashkaa_tzfuia/pension2024.xls,policy/companies/520023185/raw/520023185/c2df78563133_pension2024.xls,כללית-פנסיונרים עד 31.12.17
520023185,,,520023185|כללית-פנסיונרים החל מ-1.1.18|הפניקס פנסיה משלימה פנסיונרים החל מ 1 1 18,הפניקס פנסיה משלימה פנסיונרים החל מ 1 1 18,2024,"מניות (תעודות סל, אופציות, קרנות נאמנות)",equity,,20.0,0.06,14.0,26.0,"35%- מדד ת""א 125 ,   65%- MSCI WORLD AC",,כללית-פנסיונרים החל מ-1.1.18,2026-09-30T21:21:21+00:00,http://www.fnx.co.il/sites/docs/genery/mediniut_ashkaa_tzfuia/pension2024.xls,policy/companies/520023185/raw/520023185/c2df78563133_pension2024.xls,כללית-פנסיונרים החל מ-1.1.18
520023185,,,520023185|כללית-פנסיונרים החל מ-1.1.18|הפניקס פנסיה משלימה פנסיונרים החל מ 1 1 18,הפניקס פנסיה משלימה פנסיונרים החל מ 1 1 18,2024,"אג""ח ממשלתי (צמוד, שקלי ומט""ח), ממשלות זרות בנטרול חשיפות בנגזרים",,,40.0,0.05,35.0,45.0,"מדד אג""ח ממשלתי כללי",,כללית-פנסיונרים החל מ-1.1.18,2026-09-30T21:21:21+00:00,http://www.fnx.co.il/sites/docs/genery/mediniut_ashkaa_tzfuia/pension2024.xls,policy/companies/520023185/raw/520023185/c2df78563133_pension2024.xls,כללית-פנסיונרים החל מ-1.1.18
520023185,,,520023185|כללית-פנסיונרים החל מ-1.1.18|הפניקס פנסיה משלימה פנסיונרים החל מ 1 1 18,הפניקס פנסיה משלימה פנסיונרים החל מ 1 1 18,2024,"אג""ח קונצרני (כולל קרנות נאמנות, תעודות סל)",,,37.0,0.06,31.0,43.0,"35% - תל בונד כללי , 20% - תל בונד 60 , 15% - תל בונד 50 , 15% - IBOXX HY - 15%, IBOXX IG",,כללית-פנסיונרים החל מ-1.1.18,2026-09-30T21:21:21+00:00,http://www.fnx.co.il/sites/docs/genery/mediniut_ashkaa_tzfuia/pension2024.xls,policy/companies/520023185/raw/520023185/c2df78563133_pension2024.xls,כללית-פנסיונרים החל מ-1.1.18
520023185,,,520023185|כללית-פנסיונרים החל מ-1.1.18|הפניקס פנסיה משלימה פנסיונרים החל מ 1 1 18,הפניקס פנסיה משלימה פנסיונרים החל מ 1 1 18,2024,"נדל""ן",,,0.0,0.05,0.0,5.0,,,כללית-פנסיונרים החל מ-1.1.18,2026-09-30T21:21:21+00:00,http://www.fnx.co.il/sites/docs/genery/mediniut_ashkaa_tzfuia/pension2024.xls,policy/companies/520023185/raw/520023185/c2df78563133_pension2024.xls,כללית-פנסיונרים החל מ-1.1.18
520023185,,,520023185|כללית-פנסיונרים החל מ-1.1.18|הפניקס פנסיה משלימה פנסיונרים החל מ 1 1 18,הפניקס פנסיה משלימה פנסיונרים החל מ 1 1 18,2024,"אחר (קרנות השקעה, Co Invest, תשתיות, גידור)",,,0.0,0.05,0.0,5.0,,,כללית-פנסיונרים החל מ-1.1.18,2026-09-30T21:21:21+00:00,http://www.fnx.co.il/sites/docs/genery/mediniut_ashkaa_tzfuia/pension2024.xls,policy/companies/520023185/raw/520023185/c2df78563133_pension2024.xls,כללית-פנסיונרים החל מ-1.1.18
520023185,,,520023185|כללית-פנסיונרים החל מ-1.1.18|הפניקס פנסיה משלימה פנסיונרים החל מ 1 1 18,הפניקס פנסיה משלימה פנסיונרים החל מ 1 1 18,2024,מזומנים (*),,,3.0,,,,,,כללית-פנסיונרים החל מ-1.1.18,2026-09-30T21:21:21+00:00,http://www.fnx.co.il/sites/docs/genery/mediniut_ashkaa_tzfuia/pension2024.xls,policy/companies/520023185/raw/520023185/c2df78563133_pension2024.xls,כללית-פנסיונרים החל מ-1.1.18
520023185,,,520023185|כללית-פנסיונרים החל מ-1.1.18|הפניקס פנסיה משלימה פנסיונרים החל מ 1 1 18,הפניקס פנסיה משלימה פנסיונרים החל מ 1 1 18,2024,"חשיפה למט""ח",fx,,16.0,0.06,10.0,22.0,,,כללית-פנסיונרים החל מ-1.1.18,2026-09-30T21:21:21+00:00,http://www.fnx.co.il/sites/docs/genery/mediniut_ashkaa_tzfuia/pension2024.xls,policy/companies/520023185/raw/520023185/c2df78563133_pension2024.xls,כללית-פנסיונרים החל מ-1.1.18
520023185,,,520023185|כללית-פנסיונרים החל מ-1.1.18|הפניקס פנסיה משלימה פנסיונרים החל מ 1 1 18,הפניקס פנסיה משלימה פנסיונרים החל מ 1 1 18,2024,מגבלת עמלת ניהול חיצוני לשנת 2024,,,0.05,,,,,,כללית-פנסיונרים החל מ-1.1.18,2026-09-30T21:21:21+00:00,http://www.fnx.co.il/sites/docs/genery/mediniut_ashkaa_tzfuia/pension2024.xls,policy/companies/520023185/raw/520023185/c2df78563133_pension2024.xls,כללית-פנסיונרים החל מ-1.1.18
520023185,,,520023185|מגן|מגן קרן פנסיה ותיקה,מגן קרן פנסיה ותיקה,2024,"מניות (תעודות סל, אופציות, קרנות נאמנות)",equity,,14.0,0.06,8.0,20.0,"35%- מדד ת""א 125 ,   65%- MSCI WORLD AC",,מגן,2026-09-30T21:21:21+00:00,http://www.fnx.co.il/sites/docs/genery/mediniut_ashkaa_tzfuia/pension2024.xls,policy/companies/520023185/raw/520023185/c2df78563133_pension2024.xls,מגן
520023185,,,520023185|מגן|מגן קרן פנסיה ותיקה,מגן קרן פנסיה ותיקה,2024,"אג""ח ממשלתי (צמוד, שקלי ומט""ח), ממשלות זרות בנטרול חשיפות בנגזרים",,,26.0,0.05,21.0,31.0,"מדד אג""ח ממשלתי כללי",,מגן,2026-09-30T21:21:21+00:00,http://www.fnx.co.il/sites/docs/genery/mediniut_ashkaa_tzfuia/pension2024.xls,policy/companies/520023185/raw/520023185/c2df78563133_pension2024.xls,מגן
520023185,,,520023185|מגן|מגן קרן פנסיה ותיקה,מגן קרן פנסיה ותיקה,2024,"אג""ח מיועדות ורכיב מבטיח תשואה(***)",,,38.0,0.05,33.0,43.0,,,מגן,2026-09-30T21:21:21+00:00,http://www.fnx.co.il/sites/docs/genery/mediniut_ashkaa_tzfuia/pension2024.xls,policy/companies/520023185/raw/520023185/c2df78563133_pension2024.xls,מגן
520023185,,,520023185|מגן|מגן קרן פנסיה ותיקה,מגן קרן פנסיה ותיקה,2024,"אג""ח קונצרני (קרנות נאמנות, תעודות סל)",,,12.0,0.06,6.0,18.0,"35% - תל בונד כללי , 20% - תל בונד 60 , 15% - תל בונד 50 , 15% - IBOXX HY - 15%, IBOXX IG",,מגן,2026-09-30T21:21:21+00:00,http://www.fnx.co.il/sites/docs/genery/mediniut_ashkaa_tzfuia/pension2024.xls,policy/companies/520023185/raw/520023185/c2df78563133_pension2024.xls,מגן
520023185,,,520023185|מגן|מגן קרן פנסיה ותיקה,מגן קרן פנסיה ותיקה,2024,"אחר (קרנות השקעה, Co Invest, תשתיות, גידור)",,,6.0,0.05,1.0,11.0,,,מגן,2026-09-30T21:21:21+00:00,http://www.fnx.co.il/sites/docs/genery/mediniut_ashkaa_tzfuia/pension2024.xls,policy/companies/520023185/raw/520023185/c2df78563133_pension2024.xls,מגן
520023185,,,520023185|מגן|מגן קרן פנסיה ותיקה,מגן קרן פנסיה ותיקה,2024,מזומנים (*),,,4.0,,,,,,מגן,2026-09-30T21:21:21+00:00,http://www.fnx.co.il/sites/docs/genery/mediniut_ashkaa_tzfuia/pension2024.xls,policy/companies/520023185/raw/520023185/c2df78563133_pension2024.xls,מגן
520023185,,,520023185|מגן|מגן קרן פנסיה ותיקה,מגן קרן פנסיה ותיקה,2024,"חשיפה למט""ח",fx,,14.0,0.06,8.0,20.0,,,מגן,2026-09-30T21:21:21+00:00,http://www.fnx.co.il/sites/docs/genery/mediniut_ashkaa_tzfuia/pension2024.xls,policy/companies/520023185/raw/520023185/c2df78563133_pension2024.xls,מגן
520023185,,,520023185|קרן גמלאות של עורכי דין|קרן גמלאות של עורכי דין,קרן גמלאות של עורכי דין,2024,"מניות (תעודות סל, אופציות, קרנות נאמנות)",equity,,13.0,0.06,7.0,19.0,"35%- מדד ת""א 125 ,   65%- MSCI WORLD AC",,קרן גמלאות של עורכי דין,2026-09-30T21:21:21+00:00,http://www.fnx.co.il/sites/docs/genery/mediniut_ashkaa_tzfuia/pension2024.xls,policy/companies/520023185/raw/520023185/c2df78563133_pension2024.xls,קרן גמלאות של עורכי דין
520023185,,,520023185|קרן גמלאות של עורכי דין|קרן גמלאות של עורכי דין,קרן גמלאות של עורכי דין,2024,"אג""ח ממשלתי (צמוד, שקלי ומט""ח), ממשלות זרות בנטרול חשיפות בנגזרים",,,30.0,0.05,25.0,35.0,"מדד אג""ח ממשלתי כללי",,קרן גמלאות של עורכי דין,2026-09-30T21:21:21+00:00,http://www.fnx.co.il/sites/docs/genery/mediniut_ashkaa_tzfuia/pension2024.xls,policy/companies/520023185/raw/520023185/c2df78563133_pension2024.xls,קרן גמלאות של עורכי דין
520023185,,,520023185|קרן גמלאות של עורכי דין|קרן גמלאות של עורכי דין,קרן גמלאות של עורכי דין,2024,"אג""ח מיועדות ורכיב מבטיח תשואה(***)",,,38.0,0.05,33.0,43.0,,,קרן גמלאות של עורכי דין,2026-09-30T21:21:21+00:00,http://www.fnx.co.il/sites/docs/genery/mediniut_ashkaa_tzfuia/pension2024.xls,policy/companies/520023185/raw/520023185/c2df78563133_pension2024.xls,קרן גמלאות של עורכי דין
520023185,,,520023185|קרן גמלאות של עורכי דין|קרן גמלאות של עורכי דין,קרן גמלאות של עורכי דין,2024,"אג""ח קונצרני (קרנות נאמנות, תעודות סל)",,,8.0,0.06,2.0,14.0,"35% - תל בונד כללי , 20% - תל בונד 60 , 15% - תל בונד 50 , 15% - IBOXX HY - 15%, IBOXX IG",,קרן גמלאות של עורכי דין,2026-09-30T21:21:21+00:00,http://www.fnx.co.il/sites/docs/genery/mediniut_ashkaa_tzfuia/pension2024.xls,policy/companies/520023185/raw/520023185/c2df78563133_pension2024.xls,קרן גמלאות של עורכי דין
520023185,,,520023185|קרן גמלאות של עורכי דין|קרן גמלאות של עורכי דין,קרן גמלאות של עורכי דין,2024,"אחר (נדלן, קרנות השקעה, Co Invest, תשתיות, גידור)",,,6.0,0.05,1.0,11.0,,,קרן גמלאות של עורכי דין,2026-09-30T21:21:21+00:00,http://www.fnx.co.il/sites/docs/genery/mediniut_ashkaa_tzfuia/pension2024.xls,policy/companies/520023185/raw/520023185/c2df78563133_pension2024.xls,קרן גמלאות של עורכי דין
520023185,,,520023185|קרן גמלאות של עורכי דין|קרן גמלאות של עורכי דין,קרן גמלאות של עורכי דין,2024,מזומנים (*),,,5.0,,,,,,קרן גמלאות של עורכי דין,2026-09-30T21:21:21+00:00,http://www.fnx.co.il/sites/docs/genery/mediniut_ashkaa_tzfuia/pension2024.xls,policy/companies/520023185/raw/520023185/c2df78563133_pension2024.xls,קרן גמלאות של עורכי דין
520023185,,,520023185|קרן גמלאות של עורכי דין|קרן גמלאות של עורכי דין,קרן גמלאות של עורכי דין,2024,"חשיפה למט""ח",fx,,12.0,0.06,6.0,18.0,,,קרן גמלאות של עורכי דין,2026-09-30T21:21:21+00:00,http://www.fnx.co.il/sites/docs/genery/mediniut_ashkaa_tzfuia/pension2024.xls,policy/companies/520023185/raw/520023185/c2df78563133_pension2024.xls,קרן גמלאות של עורכי דין
520023185,,,520023185|אקסלנס ישן|מסלול מנוהל כללי 1,מסלול מנוהל כללי 1,2023,מניות,equity,,91.0,+/- 6%,85.0,97.0,"מדד ת""א 100",,אקסלנס ישן,2026-09-30T21:21:21+00:00,http://www.fnx.co.il/sites/docs/genery/mediniut_ashkaa_tzfuia/bituach2023_update1123.xls,policy/companies/520023185/raw/520023185/7642da207166_bituach2023_update1123.xls, אקסלנס ישן
520023185,,,520023185|אקסלנס ישן|מסלול מנוהל כללי 1,מסלול מנוהל כללי 1,2023,מזומנים,,,9.0,+/- 5%,4.0,14.0,"מדד מק""מ",,אקסלנס ישן,2026-09-30T21:21:21+00:00,http://www.fnx.co.il/sites/docs/genery/mediniut_ashkaa_tzfuia/bituach2023_update1123.xls,policy/companies/520023185/raw/520023185/7642da207166_bituach2023_update1123.xls, אקסלנס ישן
520023185,,,520023185|פנסיה מקיפה תלוי גיל|הפניקס פנסיה מקיפה לבני 50 ומטה,הפניקס פנסיה מקיפה לבני 50 ומטה,2023,"מניות (כולל תעודות סל, אופציות, קרנות נאמנות)",equity,47.3,52.0,0.06,46.0,58.0,"35%- מדד ת""א 125 ,   65%- MSCI WORLD AC",,פנסיה מקיפה תלוי גיל,2026-09-30T21:21:21+00:00,http://www.fnx.co.il/sites/docs/genery/mediniut_ashkaa_tzfuia/pension2023_update11-2023.xls,policy/companies/520023185/raw/520023185/8f694f2542dc_pension2023_update11-2023.xls,פנסיה מקיפה תלוי גיל
520023185,,,520023185|פנסיה מקיפה תלוי גיל|הפניקס פנסיה מקיפה לבני 50 ומטה,הפניקס פנסיה מקיפה לבני 50 ומטה,2023,"אג""ח ממשלתי (צמוד, שקלי ומט""ח), 
ממשלות זרות בנטרול חשיפות בנגזרים",,1.4,0.0,0.05,0.0,5.0,"מדד אג""ח ממשלתי כללי",,פנסיה מקיפה תלוי גיל,2026-09-30T21:21:21+00:00,http://www.fnx.co.il/sites/docs/genery/mediniut_ashkaa_tzfuia/pension2023_update11-2023.xls,policy/companies/520023185/raw/520023185/8f694f2542dc_pension2023_update11-2023.xls,פנסיה מקיפה תלוי גיל
520023185,,,520023185|פנסיה מקיפה תלוי גיל|הפניקס פנסיה מקיפה לבני 50 ומטה,הפניקס פנסיה מקיפה לבני 50 ומטה,2023,"אג""ח מיועדות ורכיב מבטיח תשואה(***)",,28.0,28.0,0.05,23.0,33.0,,,פנסיה מקיפה תלוי גיל,2026-09-30T21:21:21+00:00,http://www.fnx.co.il/sites/docs/genery/mediniut_ashkaa_tzfuia/pension2023_update11-2023.xls,policy/companies/520023185/raw/520023185/8f694f2542dc_pension2023_update11-2023.xls,פנסיה מקיפה תלוי גיל
520023185,,,520023185|פנסיה מקיפה תלוי גיל|הפניקס פנסיה מקיפה לבני 50 ומטה,הפניקס פנסיה מקיפה לבני 50 ומטה,2023,"אג""ח קונצרני (כולל קרנות נאמנות, תעודות סל)",,13.4,12.0,0.06,6.0,18.0,"35% - תל בונד כללי , 20% - תל בונד 60 , 15% - תל בונד 50 , 15% - IBOXX HY - 15%, IBOXX IG",,פנסיה מקיפה תלוי גיל,2026-09-30T21:21:21+00:00,http://www.fnx.co.il/sites/docs/genery/mediniut_ashkaa_tzfuia/pension2023_update11-2023.xls,policy/companies/520023185/raw/520023185/8f694f2542dc_pension2023_update11-2023.xls,פנסיה מקיפה תלוי גיל
520023185,,,520023185|פנסיה מקיפה תלוי גיל|הפניקס פנסיה מקיפה לבני 50 ומטה,הפניקס פנסיה מקיפה לבני 50 ומטה,2023,"נדל""ן",,2.1,1.0,0.05,0.0,7.0,,,פנסיה מקיפה תלוי גיל,2026-09-30T21:21:21+00:00,http://www.fnx.co.il/sites/docs/genery/mediniut_ashkaa_tzfuia/pension2023_update11-2023.xls,policy/companies/520023185/raw/520023185/8f694f2542dc_pension2023_update11-2023.xls,פנסיה מקיפה תלוי גיל
520023185,,,520023185|פנסיה מקיפה תלוי גיל|הפניקס פנסיה מקיפה לבני 50 ומטה,הפניקס פנסיה מקיפה לבני 50 ומטה,2023,קרנות השקעה,,3.9,3.0,0.05,0.0,7.0,,,פנסיה מקיפה תלוי גיל,2026-09-30T21:21:21+00:00,http://www.fnx.co.il/sites/docs/genery/mediniut_ashkaa_tzfuia/pension2023_update11-2023.xls,policy/companies/520023185/raw/520023185/8f694f2542dc_pension2023_update11-2023.xls,פנסיה מקיפה תלוי גיל
520023185,,,520023185|פנסיה מקיפה תלוי גיל|הפניקס פנסיה מקיפה לבני 50 ומטה,הפניקס פנסיה מקיפה לבני 50 ומטה,2023,"אחר ( Co Invest, תשתיות, גידור)",,4.7,3.0,0.05,0.0,10.0,,,פנסיה מקיפה תלוי גיל,2026-09-30T21:21:21+00:00,http://www.fnx.co.il/sites/docs/genery/mediniut_ashkaa_tzfuia/pension2023_update11-2023.xls,policy/companies/520023185/raw/520023185/8f694f2542dc_pension2023_update11-2023.xls,פנסיה מקיפה תלוי גיל
520023185,,,520023185|פנסיה מקיפה תלוי גיל|הפניקס פנסיה מקיפה לבני 50 ומטה,הפניקס פנסיה מקיפה לבני 50 ומטה,2023,מזומנים (*),,-1.0,1.0,,,,,,פנסיה מקיפה תלוי גיל,2026-09-30T21:21:21+00:00,http://www.fnx.co.il/sites/docs/genery/mediniut_ashkaa_tzfuia/pension2023_update11-2023.xls,policy/companies/520023185/raw/520023185/8f694f2542dc_pension2023_update11-2023.xls,פנסיה מקיפה תלוי גיל
520023185,,,520023185|פנסיה מקיפה תלוי גיל|הפניקס פנסיה מקיפה לבני 50 ומטה,הפניקס פנסיה מקיפה לבני 50 ומטה,2023,"חשיפה למט""ח",fx,19.6,22.0,0.06,16.0,28.0,,,פנסיה מקיפה תלוי גיל,2026-09-30T21:21:21+00:00,http://www.fnx.co.il/sites/docs/genery/mediniut_ashkaa_tzfuia/pension2023_update11-2023.xls,policy/companies/520023185/raw/520023185/8f694f2542dc_pension2023_update11-2023.xls,פנסיה מקיפה תלוי גיל
520023185,,,520023185|פנסיה מקיפה תלוי גיל|הפניקס פנסיה מקיפה לבני 50 ומטה,הפניקס פנסיה מקיפה לבני 50 ומטה,2023,מגבלת עמלת ניהול חיצוני לשנת 2023,,0.19,,,,,,,פנסיה מקיפה תלוי גיל,2026-09-30T21:21:21+00:00,http://www.fnx.co.il/sites/docs/genery/mediniut_ashkaa_tzfuia/pension2023_update11-2023.xls,policy/companies/520023185/raw/520023185/8f694f2542dc_pension2023_update11-2023.xls,פנסיה מקיפה תלוי גיל
520023185,,,520023185|פנסיה מקיפה תלוי גיל|הפניקס פנסיה מקיפה לבני 50 עד 60,הפניקס פנסיה מקיפה לבני 50 עד 60,2023,"מניות (כולל תעודות סל, אופציות, קרנות נאמנות)",equity,37.7,42.0,0.06,36.0,48.0,"35%- מדד ת""א 125 ,   65%- MSCI WORLD AC",,פנסיה מקיפה תלוי גיל,2026-09-30T21:21:21+00:00,http://www.fnx.co.il/sites/docs/genery/mediniut_ashkaa_tzfuia/pension2023_update11-2023.xls,policy/companies/520023185/raw/520023185/8f694f2542dc_pension2023_update11-2023.xls,פנסיה מקיפה תלוי גיל
520023185,,,520023185|פנסיה מקיפה תלוי גיל|הפניקס פנסיה מקיפה לבני 50 עד 60,הפניקס פנסיה מקיפה לבני 50 עד 60,2023,"אג""ח ממשלתי (צמוד, שקלי ומט""ח), ממשלות זרות בנטרול חשיפות בנגזרים",,2.3,2.0,0.05,0.0,7.0,"מדד אג""ח ממשלתי כללי",,פנסיה מקיפה תלוי גיל,2026-09-30T21:21:21+00:00,http://www.fnx.co.il/sites/docs/genery/mediniut_ashkaa_tzfuia/pension2023_update11-2023.xls,policy/companies/520023185/raw/520023185/8f694f2542dc_pension2023_update11-2023.xls,פנסיה מקיפה תלוי גיל
520023185,,,520023185|פנסיה מקיפה תלוי גיל|הפניקס פנסיה מקיפה לבני 50 עד 60,הפניקס פנסיה מקיפה לבני 50 עד 60,2023,"אג""ח מיועדות ורכיב מבטיח תשואה(***)",,27.6,28.0,0.05,23.0,33.0,,,פנסיה מקיפה תלוי גיל,2026-09-30T21:21:21+00:00,http://www.fnx.co.il/sites/docs/genery/mediniut_ashkaa_tzfuia/pension2023_update11-2023.xls,policy/companies/520023185/raw/520023185/8f694f2542dc_pension2023_update11-2023.xls,פנסיה מקיפה תלוי גיל
520023185,,,520023185|פנסיה מקיפה תלוי גיל|הפניקס פנסיה מקיפה לבני 50 עד 60,הפניקס פנסיה מקיפה לבני 50 עד 60,2023,"אג""ח קונצרני (כולל קרנות נאמנות, תעודות סל)",,23.7,21.0,0.06,15.0,27.0,"35% - תל בונד כללי , 20% - תל בונד 60 , 15% - תל בונד 50 , 15% - IBOXX HY - 15%, IBOXX IG",,פנסיה מקיפה תלוי גיל,2026-09-30T21:21:21+00:00,http://www.fnx.co.il/sites/docs/genery/mediniut_ashkaa_tzfuia/pension2023_update11-2023.xls,policy/companies/520023185/raw/520023185/8f694f2542dc_pension2023_update11-2023.xls,פנסיה מקיפה תלוי גיל
520023185,,,520023185|פנסיה מקיפה תלוי גיל|הפניקס פנסיה מקיפה לבני 50 עד 60,הפניקס פנסיה מקיפה לבני 50 עד 60,2023,"נדל""ן",,0.4,0.0,0.05,0.0,5.0,,,פנסיה מקיפה תלוי גיל,2026-09-30T21:21:21+00:00,http://www.fnx.co.il/sites/docs/genery/mediniut_ashkaa_tzfuia/pension2023_update11-2023.xls,policy/companies/520023185/raw/520023185/8f694f2542dc_pension2023_update11-2023.xls,פנסיה מקיפה תלוי גיל
520023185,,,520023185|פנסיה מקיפה תלוי גיל|הפניקס פנסיה מקיפה לבני 50 עד 60,הפניקס פנסיה מקיפה לבני 50 עד 60,2023,"אחר (קרנות השקעה, Co Invest, תשתיות, גידור)",,6.7,4.0,0.05,0.0,9.0,,,פנסיה מקיפה תלוי גיל,2026-09-30T21:21:21+00:00,http://www.fnx.co.il/sites/docs/genery/mediniut_ashkaa_tzfuia/pension2023_update11-2023.xls,policy/companies/520023185/raw/520023185/8f694f2542dc_pension2023_update11-2023.xls,פנסיה מקיפה תלוי גיל
520023185,,,520023185|פנסיה מקיפה תלוי גיל|הפניקס פנסיה מקיפה לבני 50 עד 60,הפניקס פנסיה מקיפה לבני 50 עד 60,2023,מזומנים (*),,1.6,3.0,,,,,,פנסיה מקיפה תלוי גיל,2026-09-30T21:21:21+00:00,http://www.fnx.co.il/sites/docs/genery/mediniut_ashkaa_tzfuia/pension2023_update11-2023.xls,policy/companies/520023185/raw/520023185/8f694f2542dc_pension2023_update11-2023.xls,פנסיה מקיפה תלוי גיל
520023185,,,520023185|פנסיה מקיפה תלוי גיל|הפניקס פנסיה מקיפה לבני 50 עד 60,הפניקס פנסיה מקיפה לבני 50 עד 60,2023,"חשיפה למט""ח",fx,17.0,19.0,0.06,13.0,25.0,,,פנסיה מקיפה תלוי גיל,2026-09-30T21:21:21+00:00,http://www.fnx.co.il/sites/docs/genery/mediniut_ashkaa_tzfuia/pension2023_update11-2023.xls,policy/companies/520023185/raw/520023185/8f694f2542dc_pension2023_update11-2023.xls,פנסיה מקיפה תלוי גיל
520023185,,,520023185|פנסיה מקיפה תלוי גיל|הפניקס פנסיה מקיפה לבני 50 עד 60,הפניקס פנסיה מקיפה לבני 50 עד 60,2023,מגבלת עמלת ניהול חיצוני לשנת 2023,,0.2,,,,,,,פנסיה מקיפה תלוי גיל,2026-09-30T21:21:21+00:00,http://www.fnx.co.il/sites/docs/genery/mediniut_ashkaa_tzfuia/pension2023_update11-2023.xls,policy/companies/520023185/raw/520023185/8f694f2542dc_pension2023_update11-2023.xls,פנסיה מקיפה תלוי גיל
520023185,,,520023185|פנסיה מקיפה תלוי גיל|הפניקס פנסיה מקיפה לבני 60 ומעלה,הפניקס פנסיה מקיפה לבני 60 ומעלה,2023,"מניות (כולל תעודות סל, אופציות, קרנות נאמנות)",equity,21.9,24.0,0.06,18.0,30.0,"35%- מדד ת""א 125 ,   65%- MSCI WORLD AC",,פנסיה מקיפה תלוי גיל,2026-09-30T21:21:21+00:00,http://www.fnx.co.il/sites/docs/genery/mediniut_ashkaa_tzfuia/pension2023_update11-2023.xls,policy/companies/520023185/raw/520023185/8f694f2542dc_pension2023_update11-2023.xls,פנסיה מקיפה תלוי גיל
520023185,,,520023185|פנסיה מקיפה תלוי גיל|הפניקס פנסיה מקיפה לבני 60 ומעלה,הפניקס פנסיה מקיפה לבני 60 ומעלה,2023,"אג""ח ממשלתי (צמוד, שקלי ומט""ח), ממשלות זרות בנטרול חשיפות בנגזרים",,13.3,13.0,0.05,0.0,18.0,"מדד אג""ח ממשלתי כללי",,פנסיה מקיפה תלוי גיל,2026-09-30T21:21:21+00:00,http://www.fnx.co.il/sites/docs/genery/mediniut_ashkaa_tzfuia/pension2023_update11-2023.xls,policy/companies/520023185/raw/520023185/8f694f2542dc_pension2023_update11-2023.xls,פנסיה מקיפה תלוי גיל
520023185,,,520023185|פנסיה מקיפה תלוי גיל|הפניקס פנסיה מקיפה לבני 60 ומעלה,הפניקס פנסיה מקיפה לבני 60 ומעלה,2023,"אג""ח מיועדות ורכיב מבטיח תשואה(***)",,26.9,28.0,0.05,23.0,33.0,,,פנסיה מקיפה תלוי גיל,2026-09-30T21:21:21+00:00,http://www.fnx.co.il/sites/docs/genery/mediniut_ashkaa_tzfuia/pension2023_update11-2023.xls,policy/companies/520023185/raw/520023185/8f694f2542dc_pension2023_update11-2023.xls,פנסיה מקיפה תלוי גיל
520023185,,,520023185|פנסיה מקיפה תלוי גיל|הפניקס פנסיה מקיפה לבני 60 ומעלה,הפניקס פנסיה מקיפה לבני 60 ומעלה,2023,"אג""ח קונצרני (כולל קרנות נאמנות, תעודות סל)",,30.8,29.0,0.06,23.0,35.0,"35% - תל בונד כללי , 20% - תל בונד 60 , 15% - תל בונד 50 , 15% - IBOXX HY - 15%, IBOXX IG",,פנסיה מקיפה תלוי גיל,2026-09-30T21:21:21+00:00,http://www.fnx.co.il/sites/docs/genery/mediniut_ashkaa_tzfuia/pension2023_update11-2023.xls,policy/companies/520023185/raw/520023185/8f694f2542dc_pension2023_update11-2023.xls,פנסיה מקיפה תלוי גיל
520023185,,,520023185|פנסיה מקיפה תלוי גיל|הפניקס פנסיה מקיפה לבני 60 ומעלה,הפניקס פנסיה מקיפה לבני 60 ומעלה,2023,"נדל""ן",,0.2,1.0,0.05,0.0,6.0,,,פנסיה מקיפה תלוי גיל,2026-09-30T21:21:21+00:00,http://www.fnx.co.il/sites/docs/genery/mediniut_ashkaa_tzfuia/pension2023_update11-2023.xls,policy/companies/520023185/raw/520023185/8f694f2542dc_pension2023_update11-2023.xls,פנסיה מקיפה תלוי גיל
520023185,,,520023185|פנסיה מקיפה תלוי גיל|הפניקס פנסיה מקיפה לבני 60 ומעלה,הפניקס פנסיה מקיפה לבני 60 ומעלה,2023,"אחר (קרנות השקעה, Co Invest, תשתיות, גידור)",,2.4,1.0,0.05,0.0,6.0,,,פנסיה מקיפה תלוי גיל,2026-09-30T21:21:21+00:00,http://www.fnx.co.il/sites/docs/genery/mediniut_ashkaa_tzfuia/pension2023_update11-2023.xls,policy/companies/520023185/raw/520023185/8f694f2542dc_pension2023_update11-2023.xls,פנסיה מקיפה תלוי גיל
520023185,,,520023185|פנסיה מקיפה תלוי גיל|הפניקס פנסיה מקיפה לבני 60 ומעלה,הפניקס פנסיה מקיפה לבני 60 ומעלה,2023,מזומנים (*),,4.5,4.0,,,,,,פנסיה מקיפה תלוי גיל,2026-09-30T21:21:21+00:00,http://www.fnx.co.il/sites/docs/genery/mediniut_ashkaa_tzfuia/pension2023_update11-2023.xls,policy/companies/520023185/raw/520023185/8f694f2542dc_pension2023_update11-2023.xls,פנסיה מקיפה תלוי גיל
520023185,,,520023185|פנסיה מקיפה תלוי גיל|הפניקס פנסיה מקיפה לבני 60 ומעלה,הפניקס פנסיה מקיפה לבני 60 ומעלה,2023,"חשיפה למט""ח",fx,12.2,17.0,0.06,11.0,23.0,,,פנסיה מקיפה תלוי גיל,2026-09-30T21:21:21+00:00,http://www.fnx.co.il/sites/docs/genery/mediniut_ashkaa_tzfuia/pension2023_update11-2023.xls,policy/companies/520023185/raw/520023185/8f694f2542dc_pension2023_update11-2023.xls,פנסיה מקיפה תלוי גיל
520023185,,,520023185|פנסיה מקיפה תלוי גיל|הפניקס פנסיה מקיפה לבני 60 ומעלה,הפניקס פנסיה מקיפה לבני 60 ומעלה,2023,מגבלת עמלת ניהול חיצוני לשנת 2023,,0.11,,,,,,,פנסיה מקיפה תלוי גיל,2026-09-30T21:21:21+00:00,http://www.fnx.co.il/sites/docs/genery/mediniut_ashkaa_tzfuia/pension2023_update11-2023.xls,policy/companies/520023185/raw/520023185/8f694f2542dc_pension2023_update11-2023.xls,פנסיה מקיפה תלוי גיל
520023185,,,520023185|פנסיה מקיפה תלוי גיל|לפני שינוי,לפני שינוי,2023,"חשיפה למט""ח",fx,19.6,19.0,0.06,13.0,25.0,,,פנסיה מקיפה תלוי גיל,2026-09-30T21:21:21+00:00,http://www.fnx.co.il/sites/docs/genery/mediniut_ashkaa_tzfuia/pension2023_update11-2023.xls,policy/companies/520023185/raw/520023185/8f694f2542dc_pension2023_update11-2023.xls,פנסיה מקיפה תלוי גיל
520023185,,,520023185|פנסיה מקיפה תלוי גיל|אחרי השינוי,אחרי השינוי,2023,"חשיפה למט""ח",fx,19.6,22.0,0.06,16.0,28.0,,,פנסיה מקיפה תלוי גיל,2026-09-30T21:21:21+00:00,http://www.fnx.co.il/sites/docs/genery/mediniut_ashkaa_tzfuia/pension2023_update11-2023.xls,policy/companies/520023185/raw/520023185/8f694f2542dc_pension2023_update11-2023.xls,פנסיה מקיפה תלוי גיל
520023185,,,520023185|פנסיה תלוי גיל פאסיבי|הפניקס פנסיה מקיפה מסלול פאסיבי לבני 50 ומטה,הפניקס פנסיה מקיפה מסלול פאסיבי לבני 50 ומטה,2023,"מניות (כולל תעודות סל, אופציות, קרנות נאמנות)",equity,55.3,58.0,0.06,52.0,64.0,MSCI EM,,פנסיה תלוי גיל פאסיבי,2026-09-30T21:21:21+00:00,http://www.fnx.co.il/sites/docs/genery/mediniut_ashkaa_tzfuia/pension2023_update11-2023.xls,policy/companies/520023185/raw/520023185/8f694f2542dc_pension2023_update11-2023.xls,פנסיה תלוי גיל פאסיבי
520023185,,,520023185|פנסיה תלוי גיל פאסיבי|הפניקס פנסיה מקיפה מסלול פאסיבי לבני 50 ומטה,הפניקס פנסיה מקיפה מסלול פאסיבי לבני 50 ומטה,2023,"אג""ח ממשלתי (צמוד, שקלי ומט""ח), ממשלות",,1.2,0.0,0.05,0.0,5.0,משקל שחר 0-2,,פנסיה תלוי גיל פאסיבי,2026-09-30T21:21:21+00:00,http://www.fnx.co.il/sites/docs/genery/mediniut_ashkaa_tzfuia/pension2023_update11-2023.xls,policy/companies/520023185/raw/520023185/8f694f2542dc_pension2023_update11-2023.xls,פנסיה תלוי גיל פאסיבי
520023185,,,520023185|פנסיה תלוי גיל פאסיבי|הפניקס פנסיה מקיפה מסלול פאסיבי לבני 50 ומטה,הפניקס פנסיה מקיפה מסלול פאסיבי לבני 50 ומטה,2023,"אג""ח מיועדות ורכיב מבטיח תשואה(***)",,29.1,28.0,0.05,23.0,33.0,,,פנסיה תלוי גיל פאסיבי,2026-09-30T21:21:21+00:00,http://www.fnx.co.il/sites/docs/genery/mediniut_ashkaa_tzfuia/pension2023_update11-2023.xls,policy/companies/520023185/raw/520023185/8f694f2542dc_pension2023_update11-2023.xls,פנסיה תלוי גיל פאסיבי
520023185,,,520023185|פנסיה תלוי גיל פאסיבי|הפניקס פנסיה מקיפה מסלול פאסיבי לבני 50 ומטה,הפניקס פנסיה מקיפה מסלול פאסיבי לבני 50 ומטה,2023,"אג""ח קונצרני (כולל קרנות נאמנות, תעודות סל)",,13.7,13.0,0.06,7.0,19.0,JCMBCOMP,,פנסיה תלוי גיל פאסיבי,2026-09-30T21:21:21+00:00,http://www.fnx.co.il/sites/docs/genery/mediniut_ashkaa_tzfuia/pension2023_update11-2023.xls,policy/companies/520023185/raw/520023185/8f694f2542dc_pension2023_update11-2023.xls,פנסיה תלוי גיל פאסיבי
520023185,,,520023185|פנסיה תלוי גיל פאסיבי|הפניקס פנסיה מקיפה מסלול פאסיבי לבני 50 ומטה,הפניקס פנסיה מקיפה מסלול פאסיבי לבני 50 ומטה,2023,אחר,,0.0,0.0,0.05,0.0,5.0,,,פנסיה תלוי גיל פאסיבי,2026-09-30T21:21:21+00:00,http://www.fnx.co.il/sites/docs/genery/mediniut_ashkaa_tzfuia/pension2023_update11-2023.xls,policy/companies/520023185/raw/520023185/8f694f2542dc_pension2023_update11-2023.xls,פנסיה תלוי גיל פאסיבי
520023185,,,520023185|פנסיה תלוי גיל פאסיבי|הפניקס פנסיה מקיפה מסלול פאסיבי לבני 50 ומטה,הפניקס פנסיה מקיפה מסלול פאסיבי לבני 50 ומטה,2023,מזומנים (*),,0.7,1.0,,,,"ריבית פח""ק",,פנסיה תלוי גיל פאסיבי,2026-09-30T21:21:21+00:00,http://www.fnx.co.il/sites/docs/genery/mediniut_ashkaa_tzfuia/pension2023_update11-2023.xls,policy/companies/520023185/raw/520023185/8f694f2542dc_pension2023_update11-2023.xls,פנסיה תלוי גיל פאסיבי
520023185,,,520023185|פנסיה תלוי גיל פאסיבי|הפניקס פנסיה מקיפה מסלול פאסיבי לבני 50 ומטה,הפניקס פנסיה מקיפה מסלול פאסיבי לבני 50 ומטה,2023,"חשיפה למט""ח",fx,19.9,19.0,0.06,13.0,25.0,,,פנסיה תלוי גיל פאסיבי,2026-09-30T21:21:21+00:00,http://www.fnx.co.il/sites/docs/genery/mediniut_ashkaa_tzfuia/pension2023_update11-2023.xls,policy/companies/520023185/raw/520023185/8f694f2542dc_pension2023_update11-2023.xls,פנסיה תלוי גיל פאסיבי
520023185,,,520023185|פנסיה תלוי גיל פאסיבי|הפניקס פנסיה מקיפה מסלול פאסיבי לבני 50 ומטה,הפניקס פנסיה מקיפה מסלול פאסיבי לבני 50 ומטה,2023,מגבלת עמלת ניהול חיצוני לשנת 2023,,0.03,,,,,,,פנסיה תלוי גיל פאסיבי,2026-09-30T21:21:21+00:00,http://www.fnx.co.il/sites/docs/genery/mediniut_ashkaa_tzfuia/pension2023_update11-2023.xls,policy/companies/520023185/raw/520023185/8f694f2542dc_pension2023_update11-2023.xls,פנסיה תלוי גיל פאסיבי
520023185,,,520023185|פנסיה תלוי גיל פאסיבי|הפניקס פנסיה מקיפה מסלול פאסיבי לבני 50 עד 60,הפניקס פנסיה מקיפה מסלול פאסיבי לבני 50 עד 60,2023,"מניות (כולל תעודות סל, אופציות, קרנות נאמנות)",equity,44.2,46.0,0.06,40.0,52.0,MSCI EM,,פנסיה תלוי גיל פאסיבי,2026-09-30T21:21:21+00:00,http://www.fnx.co.il/sites/docs/genery/mediniut_ashkaa_tzfuia/pension2023_update11-2023.xls,policy/companies/520023185/raw/520023185/8f694f2542dc_pension2023_update11-2023.xls,פנסיה תלוי גיל פאסיבי
520023185,,,520023185|פנסיה תלוי גיל פאסיבי|הפניקס פנסיה מקיפה מסלול פאסיבי לבני 50 עד 60,הפניקס פנסיה מקיפה מסלול פאסיבי לבני 50 עד 60,2023,"אג""ח ממשלתי (צמוד, שקלי ומט""ח), ממשלות",,3.0,2.0,0.05,0.0,7.0,משקל שחר 0-2,,פנסיה תלוי גיל פאסיבי,2026-09-30T21:21:21+00:00,http://www.fnx.co.il/sites/docs/genery/mediniut_ashkaa_tzfuia/pension2023_update11-2023.xls,policy/companies/520023185/raw/520023185/8f694f2542dc_pension2023_update11-2023.xls,פנסיה תלוי גיל פאסיבי
520023185,,,520023185|פנסיה תלוי גיל פאסיבי|הפניקס פנסיה מקיפה מסלול פאסיבי לבני 50 עד 60,הפניקס פנסיה מקיפה מסלול פאסיבי לבני 50 עד 60,2023,"אג""ח מיועדות ורכיב מבטיח תשואה(***)",,28.6,28.0,0.06,22.0,34.0,,,פנסיה תלוי גיל פאסיבי,2026-09-30T21:21:21+00:00,http://www.fnx.co.il/sites/docs/genery/mediniut_ashkaa_tzfuia/pension2023_update11-2023.xls,policy/companies/520023185/raw/520023185/8f694f2542dc_pension2023_update11-2023.xls,פנסיה תלוי גיל פאסיבי
520023185,,,520023185|פנסיה תלוי גיל פאסיבי|הפניקס פנסיה מקיפה מסלול פאסיבי לבני 50 עד 60,הפניקס פנסיה מקיפה מסלול פאסיבי לבני 50 עד 60,2023,"אג""ח קונצרני (כולל קרנות נאמנות, תעודות סל)",,23.2,21.0,0.06,15.0,27.0,JCMBCOMP,,פנסיה תלוי גיל פאסיבי,2026-09-30T21:21:21+00:00,http://www.fnx.co.il/sites/docs/genery/mediniut_ashkaa_tzfuia/pension2023_update11-2023.xls,policy/companies/520023185/raw/520023185/8f694f2542dc_pension2023_update11-2023.xls,פנסיה תלוי גיל פאסיבי
520023185,,,520023185|פנסיה תלוי גיל פאסיבי|הפניקס פנסיה מקיפה מסלול פאסיבי לבני 50 עד 60,הפניקס פנסיה מקיפה מסלול פאסיבי לבני 50 עד 60,2023,אחר,,0.0,0.0,0.05,0.0,5.0,,,פנסיה תלוי גיל פאסיבי,2026-09-30T21:21:21+00:00,http://www.fnx.co.il/sites/docs/genery/mediniut_ashkaa_tzfuia/pension2023_update11-2023.xls,policy/companies/520023185/raw/520023185/8f694f2542dc_pension2023_update11-2023.xls,פנסיה תלוי גיל פאסיבי
520023185,,,520023185|פנסיה תלוי גיל פאסיבי|הפניקס פנסיה מקיפה מסלול פאסיבי לבני 50 עד 60,הפניקס פנסיה מקיפה מסלול פאסיבי לבני 50 עד 60,2023,מזומנים (*),,1.0,3.0,,,,"ריבית פח""ק",,פנסיה תלוי גיל פאסיבי,2026-09-30T21:21:21+00:00,http://www.fnx.co.il/sites/docs/genery/mediniut_ashkaa_tzfuia/pension2023_update11-2023.xls,policy/companies/520023185/raw/520023185/8f694f2542dc_pension2023_update11-2023.xls,פנסיה תלוי גיל פאסיבי
520023185,,,520023185|פנסיה תלוי גיל פאסיבי|הפניקס פנסיה מקיפה מסלול פאסיבי לבני 50 עד 60,הפניקס פנסיה מקיפה מסלול פאסיבי לבני 50 עד 60,2023,"חשיפה למט""ח",fx,17.5,19.0,0.06,13.0,25.0,,,פנסיה תלוי גיל פאסיבי,2026-09-30T21:21:21+00:00,http://www.fnx.co.il/sites/docs/genery/mediniut_ashkaa_tzfuia/pension2023_update11-2023.xls,policy/companies/520023185/raw/520023185/8f694f2542dc_pension2023_update11-2023.xls,פנסיה תלוי גיל פאסיבי
520023185,,,520023185|פנסיה תלוי גיל פאסיבי|הפניקס פנסיה מקיפה מסלול פאסיבי לבני 50 עד 60,הפניקס פנסיה מקיפה מסלול פאסיבי לבני 50 עד 60,2023,מגבלת עמלת ניהול חיצוני לשנת 2023,,0.03,,,,,,,פנסיה תלוי גיל פאסיבי,2026-09-30T21:21:21+00:00,http://www.fnx.co.il/sites/docs/genery/mediniut_ashkaa_tzfuia/pension2023_update11-2023.xls,policy/companies/520023185/raw/520023185/8f694f2542dc_pension2023_update11-2023.xls,פנסיה תלוי גיל פאסיבי
520023185,,,520023185|פנסיה תלוי גיל פאסיבי|הפניקס פנסיה מקיפה מסלול פאסיבי לבני 60 ומעלה,הפניקס פנסיה מקיפה מסלול פאסיבי לבני 60 ומעלה,2023,"מניות (כולל תעודות סל, אופציות, קרנות נאמנות)",equity,24.0,25.0,0.06,19.0,31.0,TPX,,פנסיה תלוי גיל פאסיבי,2026-09-30T21:21:21+00:00,http://www.fnx.co.il/sites/docs/genery/mediniut_ashkaa_tzfuia/pension2023_update11-2023.xls,policy/companies/520023185/raw/520023185/8f694f2542dc_pension2023_update11-2023.xls,פנסיה תלוי גיל פאסיבי
520023185,,,520023185|פנסיה תלוי גיל פאסיבי|הפניקס פנסיה מקיפה מסלול פאסיבי לבני 60 ומעלה,הפניקס פנסיה מקיפה מסלול פאסיבי לבני 60 ומעלה,2023,"אג""ח ממשלתי (צמוד, שקלי ומט""ח), ממשלות",,14.4,13.0,0.05,8.0,18.0,משקל שחר 0-2,,פנסיה תלוי גיל פאסיבי,2026-09-30T21:21:21+00:00,http://www.fnx.co.il/sites/docs/genery/mediniut_ashkaa_tzfuia/pension2023_update11-2023.xls,policy/companies/520023185/raw/520023185/8f694f2542dc_pension2023_update11-2023.xls,פנסיה תלוי גיל פאסיבי
520023185,,,520023185|פנסיה תלוי גיל פאסיבי|הפניקס פנסיה מקיפה מסלול פאסיבי לבני 60 ומעלה,הפניקס פנסיה מקיפה מסלול פאסיבי לבני 60 ומעלה,2023,"אג""ח מיועדות ורכיב מבטיח תשואה(***)",,28.5,28.0,0.05,23.0,33.0,,,פנסיה תלוי גיל פאסיבי,2026-09-30T21:21:21+00:00,http://www.fnx.co.il/sites/docs/genery/mediniut_ashkaa_tzfuia/pension2023_update11-2023.xls,policy/companies/520023185/raw/520023185/8f694f2542dc_pension2023_update11-2023.xls,פנסיה תלוי גיל פאסיבי
520023185,,,520023185|פנסיה תלוי גיל פאסיבי|הפניקס פנסיה מקיפה מסלול פאסיבי לבני 60 ומעלה,הפניקס פנסיה מקיפה מסלול פאסיבי לבני 60 ומעלה,2023,"אג""ח קונצרני (כולל קרנות נאמנות, תעודות סל)",,30.7,30.0,0.06,24.0,36.0,JCMBCOMP,,פנסיה תלוי גיל פאסיבי,2026-09-30T21:21:21+00:00,http://www.fnx.co.il/sites/docs/genery/mediniut_ashkaa_tzfuia/pension2023_update11-2023.xls,policy/companies/520023185/raw/520023185/8f694f2542dc_pension2023_update11-2023.xls,פנסיה תלוי גיל פאסיבי
520023185,,,520023185|פנסיה תלוי גיל פאסיבי|הפניקס פנסיה מקיפה מסלול פאסיבי לבני 60 ומעלה,הפניקס פנסיה מקיפה מסלול פאסיבי לבני 60 ומעלה,2023,אחר,,0.0,0.0,0.05,0.0,5.0,,,פנסיה תלוי גיל פאסיבי,2026-09-30T21:21:21+00:00,http://www.fnx.co.il/sites/docs/genery/mediniut_ashkaa_tzfuia/pension2023_update11-2023.xls,policy/companies/520023185/raw/520023185/8f694f2542dc_pension2023_update11-2023.xls,פנסיה תלוי גיל פאסיבי
520023185,,,520023185|פנסיה תלוי גיל פאסיבי|הפניקס פנסיה מקיפה מסלול פאסיבי לבני 60 ומעלה,הפניקס פנסיה מקיפה מסלול פאסיבי לבני 60 ומעלה,2023,מזומנים (*),,2.4,4.0,,,,"ריבית פח""ק",,פנסיה תלוי גיל פאסיבי,2026-09-30T21:21:21+00:00,http://www.fnx.co.il/sites/docs/genery/mediniut_ashkaa_tzfuia/pension2023_update11-2023.xls,policy/companies/520023185/raw/520023185/8f694f2542dc_pension2023_update11-2023.xls,פנסיה תלוי גיל פאסיבי
520023185,,,520023185|פנסיה תלוי גיל פאסיבי|הפניקס פנסיה מקיפה מסלול פאסיבי לבני 60 ומעלה,הפניקס פנסיה מקיפה מסלול פאסיבי לבני 60 ומעלה,2023,"חשיפה למט""ח",fx,12.8,17.0,0.06,11.0,23.0,,,פנסיה תלוי גיל פאסיבי,2026-09-30T21:21:21+00:00,http://www.fnx.co.il/sites/docs/genery/mediniut_ashkaa_tzfuia/pension2023_update11-2023.xls,policy/companies/520023185/raw/520023185/8f694f2542dc_pension2023_update11-2023.xls,פנסיה תלוי גיל פאסיבי
520023185,,,520023185|פנסיה תלוי גיל פאסיבי|הפניקס פנסיה מקיפה מסלול פאסיבי לבני 60 ומעלה,הפניקס פנסיה מקיפה מסלול פאסיבי לבני 60 ומעלה,2023,מגבלת עמלת ניהול חיצוני לשנת 2023,,0.03,,,,,,,פנסיה תלוי גיל פאסיבי,2026-09-30T21:21:21+00:00,http://www.fnx.co.il/sites/docs/genery/mediniut_ashkaa_tzfuia/pension2023_update11-2023.xls,policy/companies/520023185/raw/520023185/8f694f2542dc_pension2023_update11-2023.xls,פנסיה תלוי גיל פאסיבי
520023185,,,520023185|פנסיה מקיפה משולב סחיר|פנסיה מקיפה מסלול משולב סחיר,פנסיה מקיפה מסלול משולב סחיר,2023,"מניות (תעודות סל, אופציות, קרנות נאמנות)",equity,,46.0,0.06,40.0,52.0,"35%- מדד ת""א 125 ,   65%- MSCI WORLD AC",,פנסיה מקיפה משולב סחיר,2026-09-30T21:21:21+00:00,http://www.fnx.co.il/sites/docs/genery/mediniut_ashkaa_tzfuia/pension2023_update11-2023.xls,policy/companies/520023185/raw/520023185/8f694f2542dc_pension2023_update11-2023.xls,פנסיה מקיפה משולב סחיר
520023185,,,520023185|פנסיה מקיפה משולב סחיר|פנסיה מקיפה מסלול משולב סחיר,פנסיה מקיפה מסלול משולב סחיר,2023,"אג""ח ממשלתי (צמוד, שקלי ומט""ח), ממשלות זרות בנטרול חשיפות בנגזרים",,,2.0,0.05,0.0,7.0,"מדד אג""ח ממשלתי כללי",,פנסיה מקיפה משולב סחיר,2026-09-30T21:21:21+00:00,http://www.fnx.co.il/sites/docs/genery/mediniut_ashkaa_tzfuia/pension2023_update11-2023.xls,policy/companies/520023185/raw/520023185/8f694f2542dc_pension2023_update11-2023.xls,פנסיה מקיפה משולב סחיר
520023185,,,520023185|פנסיה מקיפה משולב סחיר|פנסיה מקיפה מסלול משולב סחיר,פנסיה מקיפה מסלול משולב סחיר,2023,"אג""ח מיועדות ורכיב מבטיח תשואה(***)",,,28.0,0.05,23.0,33.0,,,פנסיה מקיפה משולב סחיר,2026-09-30T21:21:21+00:00,http://www.fnx.co.il/sites/docs/genery/mediniut_ashkaa_tzfuia/pension2023_update11-2023.xls,policy/companies/520023185/raw/520023185/8f694f2542dc_pension2023_update11-2023.xls,פנסיה מקיפה משולב סחיר
520023185,,,520023185|פנסיה מקיפה משולב סחיר|פנסיה מקיפה מסלול משולב סחיר,פנסיה מקיפה מסלול משולב סחיר,2023,"אג""ח קונצרני (כולל קרנות נאמנות, תעודות סל)",,,21.0,0.06,15.0,27.0,"35% - תל בונד כללי , 20% - תל בונד 60 , 15% - תל בונד 50 , 15% - IBOXX HY - 15%, IBOXX IG",,פנסיה מקיפה משולב סחיר,2026-09-30T21:21:21+00:00,http://www.fnx.co.il/sites/docs/genery/mediniut_ashkaa_tzfuia/pension2023_update11-2023.xls,policy/companies/520023185/raw/520023185/8f694f2542dc_pension2023_update11-2023.xls,פנסיה מקיפה משולב סחיר
520023185,,,520023185|פנסיה מקיפה משולב סחיר|פנסיה מקיפה מסלול משולב סחיר,פנסיה מקיפה מסלול משולב סחיר,2023,מזומנים (*),,,3.0,,,,,,פנסיה מקיפה משולב סחיר,2026-09-30T21:21:21+00:00,http://www.fnx.co.il/sites/docs/genery/mediniut_ashkaa_tzfuia/pension2023_update11-2023.xls,policy/companies/520023185/raw/520023185/8f694f2542dc_pension2023_update11-2023.xls,פנסיה מקיפה משולב סחיר
520023185,,,520023185|פנסיה מקיפה משולב סחיר|פנסיה מקיפה מסלול משולב סחיר,פנסיה מקיפה מסלול משולב סחיר,2023,"חשיפה למט""ח",fx,,19.0,0.06,13.0,25.0,,,פנסיה מקיפה משולב סחיר,2026-09-30T21:21:21+00:00,http://www.fnx.co.il/sites/docs/genery/mediniut_ashkaa_tzfuia/pension2023_update11-2023.xls,policy/companies/520023185/raw/520023185/8f694f2542dc_pension2023_update11-2023.xls,פנסיה מקיפה משולב סחיר
520023185,,,520023185|פנסיה מקיפה משולב סחיר|פנסיה מקיפה מסלול משולב סחיר,פנסיה מקיפה מסלול משולב סחיר,2023,מגבלת עמלת ניהול חיצוני לשנת 2023,,,0.08,,,,,,פנסיה מקיפה משולב סחיר,2026-09-30T21:21:21+00:00,http://www.fnx.co.il/sites/docs/genery/mediniut_ashkaa_tzfuia/pension2023_update11-2023.xls,policy/companies/520023185/raw/520023185/8f694f2542dc_pension2023_update11-2023.xls,פנסיה מקיפה משולב סחיר
520023185,,,520023185|פנסיה מקיפה משולב סחיר|הפניקס פנסיה מקיפה מסלול כללי,הפניקס פנסיה מקיפה מסלול כללי,2023,"מניות (כולל תעודות סל, אופציות, קרנות נאמנות)",equity,,,+/- 6%,28.0,40.0,"50%- מדד ת""א 100 ,  50%- MSCI WORLD AC",,פנסיה מקיפה משולב סחיר,2026-09-30T21:21:21+00:00,http://www.fnx.co.il/sites/docs/genery/mediniut_ashkaa_tzfuia/pension2023_update11-2023.xls,policy/companies/520023185/raw/520023185/8f694f2542dc_pension2023_update11-2023.xls,פנסיה מקיפה משולב סחיר
520023185,,,520023185|פנסיה מקיפה משולב סחיר|הפניקס פנסיה מקיפה מסלול כללי,הפניקס פנסיה מקיפה מסלול כללי,2023,"אג""ח ממשלתי (צמוד, שקלי ומט""ח), ממשלות זרות בנטרול חשיפות בנגזרים1",,,,+/- 5%,33.0,43.0,"מדד אג""ח ממשלתי כללי",,פנסיה מקיפה משולב סחיר,2026-09-30T21:21:21+00:00,http://www.fnx.co.il/sites/docs/genery/mediniut_ashkaa_tzfuia/pension2023_update11-2023.xls,policy/companies/520023185/raw/520023185/8f694f2542dc_pension2023_update11-2023.xls,פנסיה מקיפה משולב סחיר
520023185,,,520023185|פנסיה מקיפה משולב סחיר|הפניקס פנסיה מקיפה מסלול כללי,הפניקס פנסיה מקיפה מסלול כללי,2023,"אג""ח קונצרני (קרנות נאמנות, תעודות סל)",,,,+/- 6%,17.0,29.0,מדד תל בונד 60,,פנסיה מקיפה משולב סחיר,2026-09-30T21:21:21+00:00,http://www.fnx.co.il/sites/docs/genery/mediniut_ashkaa_tzfuia/pension2023_update11-2023.xls,policy/companies/520023185/raw/520023185/8f694f2542dc_pension2023_update11-2023.xls,פנסיה מקיפה משולב סחיר
520023185,,,520023185|פנסיה מקיפה משולב סחיר|הפניקס פנסיה מקיפה מסלול כללי,הפניקס פנסיה מקיפה מסלול כללי,2023,"נדל""ן",,,,+/- 5%,0.0,9.0,,,פנסיה מקיפה משולב סחיר,2026-09-30T21:21:21+00:00,http://www.fnx.co.il/sites/docs/genery/mediniut_ashkaa_tzfuia/pension2023_update11-2023.xls,policy/companies/520023185/raw/520023185/8f694f2542dc_pension2023_update11-2023.xls,פנסיה מקיפה משולב סחיר
520023185,,,520023185|פנסיה מקיפה משולב סחיר|הפניקס פנסיה מקיפה מסלול כללי,הפניקס פנסיה מקיפה מסלול כללי,2023,"אחר (קרנות השקעה, PE, VC, קרדיט, גידור)",,,,+/- 5%,0.0,5.0,,,פנסיה מקיפה משולב סחיר,2026-09-30T21:21:21+00:00,http://www.fnx.co.il/sites/docs/genery/mediniut_ashkaa_tzfuia/pension2023_update11-2023.xls,policy/companies/520023185/raw/520023185/8f694f2542dc_pension2023_update11-2023.xls,פנסיה מקיפה משולב סחיר
520023185,,,520023185|פנסיה מקיפה משולב סחיר|הפניקס פנסיה מקיפה מסלול כללי,הפניקס פנסיה מקיפה מסלול כללי,2023,מזומנים (בנטרול נגזרים),,,,+/- 5%,0.0,6.0,,,פנסיה מקיפה משולב סחיר,2026-09-30T21:21:21+00:00,http://www.fnx.co.il/sites/docs/genery/mediniut_ashkaa_tzfuia/pension2023_update11-2023.xls,policy/companies/520023185/raw/520023185/8f694f2542dc_pension2023_update11-2023.xls,פנסיה מקיפה משולב סחיר
520023185,,,520023185|פנסיה מקיפה משולב סחיר|הפניקס פנסיה מקיפה מסלול כללי,הפניקס פנסיה מקיפה מסלול כללי,2023,"חשיפה למט""ח",fx,,,+/- 6%,10.0,22.0,,,פנסיה מקיפה משולב סחיר,2026-09-30T21:21:21+00:00,http://www.fnx.co.il/sites/docs/genery/mediniut_ashkaa_tzfuia/pension2023_update11-2023.xls,policy/companies/520023185/raw/520023185/8f694f2542dc_pension2023_update11-2023.xls,פנסיה מקיפה משולב סחיר
520023185,,,520023185|מקיפה עוקב מדדים גמיש|פנסיה מקיפה מסלול עוקב מדדים גמיש,פנסיה מקיפה מסלול עוקב מדדים גמיש,2023,"מניות (כולל תעודות סל, אופציות, קרנות נאמנות)",equity,,46.0,0.06,40.0,52.0,MSCI EM,,מקיפה עוקב מדדים גמיש,2026-09-30T21:21:21+00:00,http://www.fnx.co.il/sites/docs/genery/mediniut_ashkaa_tzfuia/pension2023_update11-2023.xls,policy/companies/520023185/raw/520023185/8f694f2542dc_pension2023_update11-2023.xls,מקיפה עוקב מדדים גמיש
520023185,,,520023185|מקיפה עוקב מדדים גמיש|פנסיה מקיפה מסלול עוקב מדדים גמיש,פנסיה מקיפה מסלול עוקב מדדים גמיש,2023,"אג""ח ממשלתי (צמוד, שקלי ומט""ח), ממשלות",,,2.0,0.05,0.0,7.0,משקל שחר 0-2,,מקיפה עוקב מדדים גמיש,2026-09-30T21:21:21+00:00,http://www.fnx.co.il/sites/docs/genery/mediniut_ashkaa_tzfuia/pension2023_update11-2023.xls,policy/companies/520023185/raw/520023185/8f694f2542dc_pension2023_update11-2023.xls,מקיפה עוקב מדדים גמיש
520023185,,,520023185|מקיפה עוקב מדדים גמיש|פנסיה מקיפה מסלול עוקב מדדים גמיש,פנסיה מקיפה מסלול עוקב מדדים גמיש,2023,"אג""ח מיועדות ורכיב מבטיח תשואה(***)",,,28.0,0.05,23.0,33.0,,,מקיפה עוקב מדדים גמיש,2026-09-30T21:21:21+00:00,http://www.fnx.co.il/sites/docs/genery/mediniut_ashkaa_tzfuia/pension2023_update11-2023.xls,policy/companies/520023185/raw/520023185/8f694f2542dc_pension2023_update11-2023.xls,מקיפה עוקב מדדים גמיש
520023185,,,520023185|מקיפה עוקב מדדים גמיש|פנסיה מקיפה מסלול עוקב מדדים גמיש,פנסיה מקיפה מסלול עוקב מדדים גמיש,2023,"אג""ח קונצרני (כולל קרנות נאמנות, תעודות סל)",,,21.0,0.06,15.0,27.0,JCMBCOMP,,מקיפה עוקב מדדים גמיש,2026-09-30T21:21:21+00:00,http://www.fnx.co.il/sites/docs/genery/mediniut_ashkaa_tzfuia/pension2023_update11-2023.xls,policy/companies/520023185/raw/520023185/8f694f2542dc_pension2023_update11-2023.xls,מקיפה עוקב מדדים גמיש
520023185,,,520023185|מקיפה עוקב מדדים גמיש|פנסיה מקיפה מסלול עוקב מדדים גמיש,פנסיה מקיפה מסלול עוקב מדדים גמיש,2023,אחר,,,0.0,0.05,0.0,5.0,,,מקיפה עוקב מדדים גמיש,2026-09-30T21:21:21+00:00,http://www.fnx.co.il/sites/docs/genery/mediniut_ashkaa_tzfuia/pension2023_update11-2023.xls,policy/companies/520023185/raw/520023185/8f694f2542dc_pension2023_update11-2023.xls,מקיפה עוקב מדדים גמיש
520023185,,,520023185|מקיפה עוקב מדדים גמיש|פנסיה מקיפה מסלול עוקב מדדים גמיש,פנסיה מקיפה מסלול עוקב מדדים גמיש,2023,מזומנים (*),,,3.0,,,,"ריבית פח""ק",,מקיפה עוקב מדדים גמיש,2026-09-30T21:21:21+00:00,http://www.fnx.co.il/sites/docs/genery/mediniut_ashkaa_tzfuia/pension2023_update11-2023.xls,policy/companies/520023185/raw/520023185/8f694f2542dc_pension2023_update11-2023.xls,מקיפה עוקב מדדים גמיש
520023185,,,520023185|מקיפה עוקב מדדים גמיש|פנסיה מקיפה מסלול עוקב מדדים גמיש,פנסיה מקיפה מסלול עוקב מדדים גמיש,2023,"חשיפה למט""ח",fx,,19.0,0.06,13.0,25.0,,,מקיפה עוקב מדדים גמיש,2026-09-30T21:21:21+00:00,http://www.fnx.co.il/sites/docs/genery/mediniut_ashkaa_tzfuia/pension2023_update11-2023.xls,policy/companies/520023185/raw/520023185/8f694f2542dc_pension2023_update11-2023.xls,מקיפה עוקב מדדים גמיש
520023185,,,520023185|מקיפה עוקב מדדים גמיש|פנסיה מקיפה מסלול עוקב מדדים גמיש,פנסיה מקיפה מסלול עוקב מדדים גמיש,2023,מגבלת עמלת ניהול חיצוני לשנת 2023,,,0.05,,,,,,מקיפה עוקב מדדים גמיש,2026-09-30T21:21:21+00:00,http://www.fnx.co.il/sites/docs/genery/mediniut_ashkaa_tzfuia/pension2023_update11-2023.xls,policy/companies/520023185/raw/520023185/8f694f2542dc_pension2023_update11-2023.xls,מקיפה עוקב מדדים גמיש
520023185,,,520023185|פנסיית יסוד|פנסיית יסוד,פנסיית יסוד,2023,"מניות (תעודות סל, אופציות, קרנות נאמנות)",equity,15.0,15.0,0.06,9.0,21.0,"35%- מדד ת""א 125 ,   65%- MSCI WORLD AC",,פנסיית יסוד,2026-09-30T21:21:21+00:00,http://www.fnx.co.il/sites/docs/genery/mediniut_ashkaa_tzfuia/pension2023_update11-2023.xls,policy/companies/520023185/raw/520023185/8f694f2542dc_pension2023_update11-2023.xls,פנסיית יסוד
520023185,,,520023185|פנסיית יסוד|פנסיית יסוד,פנסיית יסוד,2023,"אג""ח ממשלתי (צמוד, שקלי ומט""ח), ממשלות זרות בנטרול חשיפות בנגזרים",,8.3,11.0,0.05,6.0,16.0,"מדד אג""ח ממשלתי כללי",,פנסיית יסוד,2026-09-30T21:21:21+00:00,http://www.fnx.co.il/sites/docs/genery/mediniut_ashkaa_tzfuia/pension2023_update11-2023.xls,policy/companies/520023185/raw/520023185/8f694f2542dc_pension2023_update11-2023.xls,פנסיית יסוד
520023185,,,520023185|פנסיית יסוד|פנסיית יסוד,פנסיית יסוד,2023,"אג""ח מיועדות ורכיב מבטיח תשואה(***)",,38.1,37.0,0.05,32.0,42.0,,,פנסיית יסוד,2026-09-30T21:21:21+00:00,http://www.fnx.co.il/sites/docs/genery/mediniut_ashkaa_tzfuia/pension2023_update11-2023.xls,policy/companies/520023185/raw/520023185/8f694f2542dc_pension2023_update11-2023.xls,פנסיית יסוד
520023185,,,520023185|פנסיית יסוד|פנסיית יסוד,פנסיית יסוד,2023,"אג""ח קונצרני (כולל קרנות נאמנות, תעודות סל)",,23.5,26.0,0.06,20.0,32.0,"35% - תל בונד כללי , 20% - תל בונד 60 , 15% - תל בונד 50 , 15% - IBOXX HY - 15%, IBOXX IG",,פנסיית יסוד,2026-09-30T21:21:21+00:00,http://www.fnx.co.il/sites/docs/genery/mediniut_ashkaa_tzfuia/pension2023_update11-2023.xls,policy/companies/520023185/raw/520023185/8f694f2542dc_pension2023_update11-2023.xls,פנסיית יסוד
520023185,,,520023185|פנסיית יסוד|פנסיית יסוד,פנסיית יסוד,2023,"נדל""ן",,3.0,2.0,0.05,0.0,7.0,,,פנסיית יסוד,2026-09-30T21:21:21+00:00,http://www.fnx.co.il/sites/docs/genery/mediniut_ashkaa_tzfuia/pension2023_update11-2023.xls,policy/companies/520023185/raw/520023185/8f694f2542dc_pension2023_update11-2023.xls,פנסיית יסוד
520023185,,,520023185|פנסיית יסוד|פנסיית יסוד,פנסיית יסוד,2023,קרנות השקעה,,3.4,2.0,0.05,0.0,7.0,,,פנסיית יסוד,2026-09-30T21:21:21+00:00,http://www.fnx.co.il/sites/docs/genery/mediniut_ashkaa_tzfuia/pension2023_update11-2023.xls,policy/companies/520023185/raw/520023185/8f694f2542dc_pension2023_update11-2023.xls,פנסיית יסוד
520023185,,,520023185|פנסיית יסוד|פנסיית יסוד,פנסיית יסוד,2023,"אחר (Co Invest, תשתיות, גידור)",,6.5,5.0,0.05,0.0,10.0,,,פנסיית יסוד,2026-09-30T21:21:21+00:00,http://www.fnx.co.il/sites/docs/genery/mediniut_ashkaa_tzfuia/pension2023_update11-2023.xls,policy/companies/520023185/raw/520023185/8f694f2542dc_pension2023_update11-2023.xls,פנסיית יסוד
520023185,,,520023185|פנסיית יסוד|פנסיית יסוד,פנסיית יסוד,2023,מזומנים (*),,2.2,2.0,,,,,,פנסיית יסוד,2026-09-30T21:21:21+00:00,http://www.fnx.co.il/sites/docs/genery/mediniut_ashkaa_tzfuia/pension2023_update11-2023.xls,policy/companies/520023185/raw/520023185/8f694f2542dc_pension2023_update11-2023.xls,פנסיית יסוד
520023185,,,520023185|פנסיית יסוד|פנסיית יסוד,פנסיית יסוד,2023,"חשיפה למט""ח",fx,12.8,12.0,0.06,6.0,18.0,,,פנסיית יסוד,2026-09-30T21:21:21+00:00,http://www.fnx.co.il/sites/docs/genery/mediniut_ashkaa_tzfuia/pension2023_update11-2023.xls,policy/companies/520023185/raw/520023185/8f694f2542dc_pension2023_update11-2023.xls,פנסיית יסוד
520023185,,,520023185|פנסיית יסוד|הפניקס פנסיה מקיפה מסלול כללי,הפניקס פנסיה מקיפה מסלול כללי,2023,"מניות (כולל תעודות סל, אופציות, קרנות נאמנות)",equity,33.32,,+/- 6%,28.0,40.0,"50%- מדד ת""א 100 ,  50%- MSCI WORLD AC",,פנסיית יסוד,2026-09-30T21:21:21+00:00,http://www.fnx.co.il/sites/docs/genery/mediniut_ashkaa_tzfuia/pension2023_update11-2023.xls,policy/companies/520023185/raw/520023185/8f694f2542dc_pension2023_update11-2023.xls,פנסיית יסוד
520023185,,,520023185|פנסיית יסוד|הפניקס פנסיה מקיפה מסלול כללי,הפניקס פנסיה מקיפה מסלול כללי,2023,"אג""ח ממשלתי (צמוד, שקלי ומט""ח), ממשלות זרות בנטרול חשיפות בנגזרים1",,35.97,,+/- 5%,33.0,43.0,"מדד אג""ח ממשלתי כללי",,פנסיית יסוד,2026-09-30T21:21:21+00:00,http://www.fnx.co.il/sites/docs/genery/mediniut_ashkaa_tzfuia/pension2023_update11-2023.xls,policy/companies/520023185/raw/520023185/8f694f2542dc_pension2023_update11-2023.xls,פנסיית יסוד
520023185,,,520023185|פנסיית יסוד|הפניקס פנסיה מקיפה מסלול כללי,הפניקס פנסיה מקיפה מסלול כללי,2023,"אג""ח מיועדות",,29.71,,,,,,,פנסיית יסוד,2026-09-30T21:21:21+00:00,http://www.fnx.co.il/sites/docs/genery/mediniut_ashkaa_tzfuia/pension2023_update11-2023.xls,policy/companies/520023185/raw/520023185/8f694f2542dc_pension2023_update11-2023.xls,פנסיית יסוד
520023185,,,520023185|פנסיית יסוד|הפניקס פנסיה מקיפה מסלול כללי,הפניקס פנסיה מקיפה מסלול כללי,2023,"אג""ח קונצרני (קרנות נאמנות, תעודות סל)",,25.51,,+/- 6%,17.0,29.0,מדד תל בונד 60,,פנסיית יסוד,2026-09-30T21:21:21+00:00,http://www.fnx.co.il/sites/docs/genery/mediniut_ashkaa_tzfuia/pension2023_update11-2023.xls,policy/companies/520023185/raw/520023185/8f694f2542dc_pension2023_update11-2023.xls,פנסיית יסוד
520023185,,,520023185|פנסיית יסוד|הפניקס פנסיה מקיפה מסלול כללי,הפניקס פנסיה מקיפה מסלול כללי,2023,"נדל""ן",,3.88,,+/- 5%,0.0,9.0,,,פנסיית יסוד,2026-09-30T21:21:21+00:00,http://www.fnx.co.il/sites/docs/genery/mediniut_ashkaa_tzfuia/pension2023_update11-2023.xls,policy/companies/520023185/raw/520023185/8f694f2542dc_pension2023_update11-2023.xls,פנסיית יסוד
520023185,,,520023185|פנסיית יסוד|הפניקס פנסיה מקיפה מסלול כללי,הפניקס פנסיה מקיפה מסלול כללי,2023,"אחר (קרנות השקעה, PE, VC, קרדיט, גידור)",,0.61,,+/- 5%,0.0,5.0,,,פנסיית יסוד,2026-09-30T21:21:21+00:00,http://www.fnx.co.il/sites/docs/genery/mediniut_ashkaa_tzfuia/pension2023_update11-2023.xls,policy/companies/520023185/raw/520023185/8f694f2542dc_pension2023_update11-2023.xls,פנסיית יסוד
520023185,,,520023185|פנסיית יסוד|הפניקס פנסיה מקיפה מסלול כללי,הפניקס פנסיה מקיפה מסלול כללי,2023,מזומנים (בנטרול נגזרים),,0.75,,+/- 5%,0.0,6.0,,,פנסיית יסוד,2026-09-30T21:21:21+00:00,http://www.fnx.co.il/sites/docs/genery/mediniut_ashkaa_tzfuia/pension2023_update11-2023.xls,policy/companies/520023185/raw/520023185/8f694f2542dc_pension2023_update11-2023.xls,פנסיית יסוד
520023185,,,520023185|פנסיית יסוד|הפניקס פנסיה מקיפה מסלול כללי,הפניקס פנסיה מקיפה מסלול כללי,2023,"חשיפה למט""ח",fx,16.78,,+/- 6%,10.0,22.0,,,פנסיית יסוד,2026-09-30T21:21:21+00:00,http://www.fnx.co.il/sites/docs/genery/mediniut_ashkaa_tzfuia/pension2023_update11-2023.xls,policy/companies/520023185/raw/520023185/8f694f2542dc_pension2023_update11-2023.xls,פנסיית יסוד
520023185,,,520023185|עמיתי דור ביניים|עמיתי דור ביניים,עמיתי דור ביניים,2023,"מניות (תעודות סל, אופציות, קרנות נאמנות)",equity,17.8,15.0,0.06,9.0,21.0,"35%- מדד ת""א 125 ,   65%- MSCI WORLD AC",,עמיתי דור ביניים,2026-09-30T21:21:21+00:00,http://www.fnx.co.il/sites/docs/genery/mediniut_ashkaa_tzfuia/pension2023_update11-2023.xls,policy/companies/520023185/raw/520023185/8f694f2542dc_pension2023_update11-2023.xls,עמיתי דור ביניים
520023185,,,520023185|עמיתי דור ביניים|עמיתי דור ביניים,עמיתי דור ביניים,2023,"אג""ח ממשלתי (צמוד, שקלי ומט""ח), ממשלות זרות בנטרול חשיפות בנגזרים",,12.6,14.0,0.05,9.0,19.0,"מדד אג""ח ממשלתי כללי",,עמיתי דור ביניים,2026-09-30T21:21:21+00:00,http://www.fnx.co.il/sites/docs/genery/mediniut_ashkaa_tzfuia/pension2023_update11-2023.xls,policy/companies/520023185/raw/520023185/8f694f2542dc_pension2023_update11-2023.xls,עמיתי דור ביניים
520023185,,,520023185|עמיתי דור ביניים|עמיתי דור ביניים,עמיתי דור ביניים,2023,"אג""ח מיועדות ורכיב מבטיח תשואה(***)",,39.2,38.0,0.05,33.0,43.0,,,עמיתי דור ביניים,2026-09-30T21:21:21+00:00,http://www.fnx.co.il/sites/docs/genery/mediniut_ashkaa_tzfuia/pension2023_update11-2023.xls,policy/companies/520023185/raw/520023185/8f694f2542dc_pension2023_update11-2023.xls,עמיתי דור ביניים
520023185,,,520023185|עמיתי דור ביניים|עמיתי דור ביניים,עמיתי דור ביניים,2023,"אג""ח קונצרני (כולל קרנות נאמנות, תעודות סל)",,26.2,28.0,0.06,22.0,34.0,"35% - תל בונד כללי , 20% - תל בונד 60 , 15% - תל בונד 50 , 15% - IBOXX HY - 15%, IBOXX IG",,עמיתי דור ביניים,2026-09-30T21:21:21+00:00,http://www.fnx.co.il/sites/docs/genery/mediniut_ashkaa_tzfuia/pension2023_update11-2023.xls,policy/companies/520023185/raw/520023185/8f694f2542dc_pension2023_update11-2023.xls,עמיתי דור ביניים
520023185,,,520023185|עמיתי דור ביניים|עמיתי דור ביניים,עמיתי דור ביניים,2023,"נדל""ן",,0.3,2.0,0.05,0.0,7.0,,,עמיתי דור ביניים,2026-09-30T21:21:21+00:00,http://www.fnx.co.il/sites/docs/genery/mediniut_ashkaa_tzfuia/pension2023_update11-2023.xls,policy/companies/520023185/raw/520023185/8f694f2542dc_pension2023_update11-2023.xls,עמיתי דור ביניים
520023185,,,520023185|עמיתי דור ביניים|עמיתי דור ביניים,עמיתי דור ביניים,2023,"אחר (קרנות השקעה,Co Invest, תשתיות, גידור)",,1.1,2.0,0.05,0.0,7.0,,,עמיתי דור ביניים,2026-09-30T21:21:21+00:00,http://www.fnx.co.il/sites/docs/genery/mediniut_ashkaa_tzfuia/pension2023_update11-2023.xls,policy/companies/520023185/raw/520023185/8f694f2542dc_pension2023_update11-2023.xls,עמיתי דור ביניים
520023185,,,520023185|עמיתי דור ביניים|עמיתי דור ביניים,עמיתי דור ביניים,2023,מזומנים (*),,2.8,1.0,,,,,,עמיתי דור ביניים,2026-09-30T21:21:21+00:00,http://www.fnx.co.il/sites/docs/genery/mediniut_ashkaa_tzfuia/pension2023_update11-2023.xls,policy/companies/520023185/raw/520023185/8f694f2542dc_pension2023_update11-2023.xls,עמיתי דור ביניים
520023185,,,520023185|עמיתי דור ביניים|עמיתי דור ביניים,עמיתי דור ביניים,2023,"חשיפה למט""ח",fx,12.0,12.0,0.06,6.0,18.0,,,עמיתי דור ביניים,2026-09-30T21:21:21+00:00,http://www.fnx.co.il/sites/docs/genery/mediniut_ashkaa_tzfuia/pension2023_update11-2023.xls,policy/companies/520023185/raw/520023185/8f694f2542dc_pension2023_update11-2023.xls,עמיתי דור ביניים
520023185,,,520023185|עמיתי דור ביניים|הפניקס פנסיה מקיפה מסלול כללי,הפניקס פנסיה מקיפה מסלול כללי,2023,"מניות (כולל תעודות סל, אופציות, קרנות נאמנות)",equity,33.32,,+/- 6%,28.0,40.0,"50%- מדד ת""א 100 ,  50%- MSCI WORLD AC",,עמיתי דור ביניים,2026-09-30T21:21:21+00:00,http://www.fnx.co.il/sites/docs/genery/mediniut_ashkaa_tzfuia/pension2023_update11-2023.xls,policy/companies/520023185/raw/520023185/8f694f2542dc_pension2023_update11-2023.xls,עמיתי דור ביניים
520023185,,,520023185|עמיתי דור ביניים|הפניקס פנסיה מקיפה מסלול כללי,הפניקס פנסיה מקיפה מסלול כללי,2023,"אג""ח ממשלתי (צמוד, שקלי ומט""ח), ממשלות זרות בנטרול חשיפות בנגזרים1",,35.97,,+/- 5%,33.0,43.0,"מדד אג""ח ממשלתי כללי",,עמיתי דור ביניים,2026-09-30T21:21:21+00:00,http://www.fnx.co.il/sites/docs/genery/mediniut_ashkaa_tzfuia/pension2023_update11-2023.xls,policy/companies/520023185/raw/520023185/8f694f2542dc_pension2023_update11-2023.xls,עמיתי דור ביניים
520023185,,,520023185|עמיתי דור ביניים|הפניקס פנסיה מקיפה מסלול כללי,הפניקס פנסיה מקיפה מסלול כללי,2023,"אג""ח מיועדות",,29.71,,,,,,,עמיתי דור ביניים,2026-09-30T21:21:21+00:00,http://www.fnx.co.il/sites/docs/genery/mediniut_ashkaa_tzfuia/pension2023_update11-2023.xls,policy/companies/520023185/raw/520023185/8f694f2542dc_pension2023_update11-2023.xls,עמיתי דור ביניים
520023185,,,520023185|עמיתי דור ביניים|הפניקס פנסיה מקיפה מסלול כללי,הפניקס פנסיה מקיפה מסלול כללי,2023,"אג""ח קונצרני (קרנות נאמנות, תעודות סל)",,25.51,,+/- 6%,17.0,29.0,מדד תל בונד 60,,עמיתי דור ביניים,2026-09-30T21:21:21+00:00,http://www.fnx.co.il/sites/docs/genery/mediniut_ashkaa_tzfuia/pension2023_update11-2023.xls,policy/companies/520023185/raw/520023185/8f694f2542dc_pension2023_update11-2023.xls,עמיתי דור ביניים
520023185,,,520023185|עמיתי דור ביניים|הפניקס פנסיה מקיפה מסלול כללי,הפניקס פנסיה מקיפה מסלול כללי,2023,"נדל""ן",,3.88,,+/- 5%,0.0,9.0,,,עמיתי דור ביניים,2026-09-30T21:21:21+00:00,http://www.fnx.co.il/sites/docs/genery/mediniut_ashkaa_tzfuia/pension2023_update11-2023.xls,policy/companies/520023185/raw/520023185/8f694f2542dc_pension2023_update11-2023.xls,עמיתי דור ביניים
520023185,,,520023185|עמיתי דור ביניים|הפניקס פנסיה מקיפה מסלול כללי,הפניקס פנסיה מקיפה מסלול כללי,2023,"אחר (קרנות השקעה, PE, VC, קרדיט, גידור)",,0.61,,+/- 5%,0.0,5.0,,,עמיתי דור ביניים,2026-09-30T21:21:21+00:00,http://www.fnx.co.il/sites/docs/genery/mediniut_ashkaa_tzfuia/pension2023_update11-2023.xls,policy/companies/520023185/raw/520023185/8f694f2542dc_pension2023_update11-2023.xls,עמיתי דור ביניים
520023185,,,520023185|עמיתי דור ביניים|הפניקס פנסיה מקיפה מסלול כללי,הפניקס פנסיה מקיפה מסלול כללי,2023,מזומנים (בנטרול נגזרים),,0.75,,+/- 5%,0.0,6.0,,,עמיתי דור ביניים,2026-09-30T21:21:21+00:00,http://www.fnx.co.il/sites/docs/genery/mediniut_ashkaa_tzfuia/pension2023_update11-2023.xls,policy/companies/520023185/raw/520023185/8f694f2542dc_pension2023_update11-2023.xls,עמיתי דור ביניים
520023185,,,520023185|עמיתי דור ביניים|הפניקס פנסיה מקיפה מסלול כללי,הפניקס פנסיה מקיפה מסלול כללי,2023,"חשיפה למט""ח",fx,16.78,,+/- 6%,10.0,22.0,,,עמיתי דור ביניים,2026-09-30T21:21:21+00:00,http://www.fnx.co.il/sites/docs/genery/mediniut_ashkaa_tzfuia/pension2023_update11-2023.xls,policy/companies/520023185/raw/520023185/8f694f2542dc_pension2023_update11-2023.xls,עמיתי דור ביניים
520023185,,,520023185|מקיפה - הלכה|הפניקס פנסיה מקיפה מסלול הלכה,הפניקס פנסיה מקיפה מסלול הלכה,2023,"מניות (כולל תעודות סל, אופציות, קרנות נאמנות)",equity,44.5,46.0,0.06,40.0,52.0,"35%- מדד ת""א 125 ,   65%- MSCI WORLD AC",,מקיפה - הלכה,2026-09-30T21:21:21+00:00,http://www.fnx.co.il/sites/docs/genery/mediniut_ashkaa_tzfuia/pension2023_update11-2023.xls,policy/companies/520023185/raw/520023185/8f694f2542dc_pension2023_update11-2023.xls,מקיפה - הלכה
520023185,,,520023185|מקיפה - הלכה|הפניקס פנסיה מקיפה מסלול הלכה,הפניקס פנסיה מקיפה מסלול הלכה,2023,"אג""ח ממשלתי (צמוד, שקלי ומט""ח), ממשלות זרות בנטרול חשיפות בנגזרים",,3.8,2.0,0.05,0.0,7.0,"מדד אג""ח ממשלתי כללי",,מקיפה - הלכה,2026-09-30T21:21:21+00:00,http://www.fnx.co.il/sites/docs/genery/mediniut_ashkaa_tzfuia/pension2023_update11-2023.xls,policy/companies/520023185/raw/520023185/8f694f2542dc_pension2023_update11-2023.xls,מקיפה - הלכה
520023185,,,520023185|מקיפה - הלכה|הפניקס פנסיה מקיפה מסלול הלכה,הפניקס פנסיה מקיפה מסלול הלכה,2023,"אג""ח מיועדות ורכיב מבטיח תשואה(***)",,28.3,28.0,0.05,23.0,33.0,,,מקיפה - הלכה,2026-09-30T21:21:21+00:00,http://www.fnx.co.il/sites/docs/genery/mediniut_ashkaa_tzfuia/pension2023_update11-2023.xls,policy/companies/520023185/raw/520023185/8f694f2542dc_pension2023_update11-2023.xls,מקיפה - הלכה
520023185,,,520023185|מקיפה - הלכה|הפניקס פנסיה מקיפה מסלול הלכה,הפניקס פנסיה מקיפה מסלול הלכה,2023,"אג""ח קונצרני (כולל קרנות נאמנות, תעודות סל)",,21.0,21.0,0.06,15.0,27.0,"70% - מדד תל בונד 60 , 30% - מדד BarCap Global Corporate Total Return Bond Index UnHedged",,מקיפה - הלכה,2026-09-30T21:21:21+00:00,http://www.fnx.co.il/sites/docs/genery/mediniut_ashkaa_tzfuia/pension2023_update11-2023.xls,policy/companies/520023185/raw/520023185/8f694f2542dc_pension2023_update11-2023.xls,מקיפה - הלכה
520023185,,,520023185|מקיפה - הלכה|הפניקס פנסיה מקיפה מסלול הלכה,הפניקס פנסיה מקיפה מסלול הלכה,2023,"נדל""ן",,0.0,0.0,0.05,0.0,5.0,,,מקיפה - הלכה,2026-09-30T21:21:21+00:00,http://www.fnx.co.il/sites/docs/genery/mediniut_ashkaa_tzfuia/pension2023_update11-2023.xls,policy/companies/520023185/raw/520023185/8f694f2542dc_pension2023_update11-2023.xls,מקיפה - הלכה
520023185,,,520023185|מקיפה - הלכה|הפניקס פנסיה מקיפה מסלול הלכה,הפניקס פנסיה מקיפה מסלול הלכה,2023,"אחר (קרנות השקעה, Co Invest, תשתיות, גידור)",,0.0,0.0,0.05,0.0,5.0,,,מקיפה - הלכה,2026-09-30T21:21:21+00:00,http://www.fnx.co.il/sites/docs/genery/mediniut_ashkaa_tzfuia/pension2023_update11-2023.xls,policy/companies/520023185/raw/520023185/8f694f2542dc_pension2023_update11-2023.xls,מקיפה - הלכה
520023185,,,520023185|מקיפה - הלכה|הפניקס פנסיה מקיפה מסלול הלכה,הפניקס פנסיה מקיפה מסלול הלכה,2023,מזומנים (*),,2.4,3.0,,,,,,מקיפה - הלכה,2026-09-30T21:21:21+00:00,http://www.fnx.co.il/sites/docs/genery/mediniut_ashkaa_tzfuia/pension2023_update11-2023.xls,policy/companies/520023185/raw/520023185/8f694f2542dc_pension2023_update11-2023.xls,מקיפה - הלכה
520023185,,,520023185|מקיפה - הלכה|הפניקס פנסיה מקיפה מסלול הלכה,הפניקס פנסיה מקיפה מסלול הלכה,2023,"חשיפה למט""ח",fx,21.7,19.0,0.06,13.0,25.0,,,מקיפה - הלכה,2026-09-30T21:21:21+00:00,http://www.fnx.co.il/sites/docs/genery/mediniut_ashkaa_tzfuia/pension2023_update11-2023.xls,policy/companies/520023185/raw/520023185/8f694f2542dc_pension2023_update11-2023.xls,מקיפה - הלכה
520023185,,,520023185|מקיפה - הלכה|הפניקס פנסיה מקיפה מסלול הלכה,הפניקס פנסיה מקיפה מסלול הלכה,2023,מגבלת עמלת ניהול חיצוני לשנת 2023,,0.09,,,,,,,מקיפה - הלכה,2026-09-30T21:21:21+00:00,http://www.fnx.co.il/sites/docs/genery/mediniut_ashkaa_tzfuia/pension2023_update11-2023.xls,policy/companies/520023185/raw/520023185/8f694f2542dc_pension2023_update11-2023.xls,מקיפה - הלכה
520023185,,,520023185|פנסיה משלימה תלוי גיל|הפניקס פנסיה משלימה מסלול לבני 50 ומטה,הפניקס פנסיה משלימה מסלול לבני 50 ומטה,2023,"מניות (תעודות סל, אופציות, קרנות נאמנות)",equity,46.7,52.0,0.06,46.0,58.0,"35%- מדד ת""א 125 ,   65%- MSCI WORLD AC",,פנסיה משלימה תלוי גיל,2026-09-30T21:21:21+00:00,http://www.fnx.co.il/sites/docs/genery/mediniut_ashkaa_tzfuia/pension2023_update11-2023.xls,policy/companies/520023185/raw/520023185/8f694f2542dc_pension2023_update11-2023.xls,פנסיה משלימה תלוי גיל
520023185,,,520023185|פנסיה משלימה תלוי גיל|הפניקס פנסיה משלימה מסלול לבני 50 ומטה,הפניקס פנסיה משלימה מסלול לבני 50 ומטה,2023,"אג""ח ממשלתי (צמוד, שקלי ומט""ח), ממשלות זרות בנטרול חשיפות בנגזרים",,16.3,14.0,0.05,9.0,19.0,"מדד אג""ח ממשלתי כללי",,פנסיה משלימה תלוי גיל,2026-09-30T21:21:21+00:00,http://www.fnx.co.il/sites/docs/genery/mediniut_ashkaa_tzfuia/pension2023_update11-2023.xls,policy/companies/520023185/raw/520023185/8f694f2542dc_pension2023_update11-2023.xls,פנסיה משלימה תלוי גיל
520023185,,,520023185|פנסיה משלימה תלוי גיל|הפניקס פנסיה משלימה מסלול לבני 50 ומטה,הפניקס פנסיה משלימה מסלול לבני 50 ומטה,2023,"אג""ח קונצרני (כולל קרנות נאמנות, תעודות סל)",,30.8,29.0,0.06,23.0,35.0,"35% - תל בונד כללי , 20% - תל בונד 60 , 15% - תל בונד 50 , 15% - IBOXX HY - 15%, IBOXX IG",,פנסיה משלימה תלוי גיל,2026-09-30T21:21:21+00:00,http://www.fnx.co.il/sites/docs/genery/mediniut_ashkaa_tzfuia/pension2023_update11-2023.xls,policy/companies/520023185/raw/520023185/8f694f2542dc_pension2023_update11-2023.xls,פנסיה משלימה תלוי גיל
520023185,,,520023185|פנסיה משלימה תלוי גיל|הפניקס פנסיה משלימה מסלול לבני 50 ומטה,הפניקס פנסיה משלימה מסלול לבני 50 ומטה,2023,"נדל""ן",,0.4,1.0,0.05,0.0,6.0,,,פנסיה משלימה תלוי גיל,2026-09-30T21:21:21+00:00,http://www.fnx.co.il/sites/docs/genery/mediniut_ashkaa_tzfuia/pension2023_update11-2023.xls,policy/companies/520023185/raw/520023185/8f694f2542dc_pension2023_update11-2023.xls,פנסיה משלימה תלוי גיל
520023185,,,520023185|פנסיה משלימה תלוי גיל|הפניקס פנסיה משלימה מסלול לבני 50 ומטה,הפניקס פנסיה משלימה מסלול לבני 50 ומטה,2023,"אחר (קרנות השקעה, Co Invest, תשתיות, גידור)",,1.9,2.0,0.05,0.0,7.0,,,פנסיה משלימה תלוי גיל,2026-09-30T21:21:21+00:00,http://www.fnx.co.il/sites/docs/genery/mediniut_ashkaa_tzfuia/pension2023_update11-2023.xls,policy/companies/520023185/raw/520023185/8f694f2542dc_pension2023_update11-2023.xls,פנסיה משלימה תלוי גיל
520023185,,,520023185|פנסיה משלימה תלוי גיל|הפניקס פנסיה משלימה מסלול לבני 50 ומטה,הפניקס פנסיה משלימה מסלול לבני 50 ומטה,2023,מזומנים (*),,3.9,2.0,,,,,,פנסיה משלימה תלוי גיל,2026-09-30T21:21:21+00:00,http://www.fnx.co.il/sites/docs/genery/mediniut_ashkaa_tzfuia/pension2023_update11-2023.xls,policy/companies/520023185/raw/520023185/8f694f2542dc_pension2023_update11-2023.xls,פנסיה משלימה תלוי גיל
520023185,,,520023185|פנסיה משלימה תלוי גיל|הפניקס פנסיה משלימה מסלול לבני 50 ומטה,הפניקס פנסיה משלימה מסלול לבני 50 ומטה,2023,"חשיפה למט""ח",fx,16.6,19.0,0.06,13.0,25.0,,,פנסיה משלימה תלוי גיל,2026-09-30T21:21:21+00:00,http://www.fnx.co.il/sites/docs/genery/mediniut_ashkaa_tzfuia/pension2023_update11-2023.xls,policy/companies/520023185/raw/520023185/8f694f2542dc_pension2023_update11-2023.xls,פנסיה משלימה תלוי גיל
520023185,,,520023185|פנסיה משלימה תלוי גיל|הפניקס פנסיה משלימה מסלול לבני 50 ומטה,הפניקס פנסיה משלימה מסלול לבני 50 ומטה,2023,מגבלת עמלת ניהול חיצוני לשנת 2023,,0.1,,,,,,,פנסיה משלימה תלוי גיל,2026-09-30T21:21:21+00:00,http://www.fnx.co.il/sites/docs/genery/mediniut_ashkaa_tzfuia/pension2023_update11-2023.xls,policy/companies/520023185/raw/520023185/8f694f2542dc_pension2023_update11-2023.xls,פנסיה משלימה תלוי גיל
520023185,,,520023185|פנסיה משלימה תלוי גיל|הפניקס פנסיה משלימה מסלול לבני 50 עד 60,הפניקס פנסיה משלימה מסלול לבני 50 עד 60,2023,"מניות (תעודות סל, אופציות, קרנות נאמנות)",equity,38.5,39.0,0.06,33.0,45.0,"35%- מדד ת""א 125 ,   65%- MSCI WORLD AC",,פנסיה משלימה תלוי גיל,2026-09-30T21:21:21+00:00,http://www.fnx.co.il/sites/docs/genery/mediniut_ashkaa_tzfuia/pension2023_update11-2023.xls,policy/companies/520023185/raw/520023185/8f694f2542dc_pension2023_update11-2023.xls,פנסיה משלימה תלוי גיל
520023185,,,520023185|פנסיה משלימה תלוי גיל|הפניקס פנסיה משלימה מסלול לבני 50 עד 60,הפניקס פנסיה משלימה מסלול לבני 50 עד 60,2023,"אג""ח ממשלתי (צמוד, שקלי ומט""ח), ממשלות זרות בנטרול חשיפות בנגזרים",,23.3,26.0,0.05,21.0,31.0,"מדד אג""ח ממשלתי כללי",,פנסיה משלימה תלוי גיל,2026-09-30T21:21:21+00:00,http://www.fnx.co.il/sites/docs/genery/mediniut_ashkaa_tzfuia/pension2023_update11-2023.xls,policy/companies/520023185/raw/520023185/8f694f2542dc_pension2023_update11-2023.xls,פנסיה משלימה תלוי גיל
520023185,,,520023185|פנסיה משלימה תלוי גיל|הפניקס פנסיה משלימה מסלול לבני 50 עד 60,הפניקס פנסיה משלימה מסלול לבני 50 עד 60,2023,"אג""ח קונצרני (כולל קרנות נאמנות, תעודות סל)",,35.7,32.0,0.06,26.0,38.0,"35% - תל בונד כללי , 20% - תל בונד 60 , 15% - תל בונד 50 , 15% - IBOXX HY - 15%, IBOXX IG",,פנסיה משלימה תלוי גיל,2026-09-30T21:21:21+00:00,http://www.fnx.co.il/sites/docs/genery/mediniut_ashkaa_tzfuia/pension2023_update11-2023.xls,policy/companies/520023185/raw/520023185/8f694f2542dc_pension2023_update11-2023.xls,פנסיה משלימה תלוי גיל
520023185,,,520023185|פנסיה משלימה תלוי גיל|הפניקס פנסיה משלימה מסלול לבני 50 עד 60,הפניקס פנסיה משלימה מסלול לבני 50 עד 60,2023,"נדל""ן",,0.0,0.0,0.05,0.0,5.0,,,פנסיה משלימה תלוי גיל,2026-09-30T21:21:21+00:00,http://www.fnx.co.il/sites/docs/genery/mediniut_ashkaa_tzfuia/pension2023_update11-2023.xls,policy/companies/520023185/raw/520023185/8f694f2542dc_pension2023_update11-2023.xls,פנסיה משלימה תלוי גיל
520023185,,,520023185|פנסיה משלימה תלוי גיל|הפניקס פנסיה משלימה מסלול לבני 50 עד 60,הפניקס פנסיה משלימה מסלול לבני 50 עד 60,2023,"אחר (קרנות השקעה, Co Invest, תשתיות, גידור)",,0.5,0.0,0.05,0.0,5.0,,,פנסיה משלימה תלוי גיל,2026-09-30T21:21:21+00:00,http://www.fnx.co.il/sites/docs/genery/mediniut_ashkaa_tzfuia/pension2023_update11-2023.xls,policy/companies/520023185/raw/520023185/8f694f2542dc_pension2023_update11-2023.xls,פנסיה משלימה תלוי גיל
520023185,,,520023185|פנסיה משלימה תלוי גיל|הפניקס פנסיה משלימה מסלול לבני 50 עד 60,הפניקס פנסיה משלימה מסלול לבני 50 עד 60,2023,מזומנים (*),,2.0,3.0,,,,,,פנסיה משלימה תלוי גיל,2026-09-30T21:21:21+00:00,http://www.fnx.co.il/sites/docs/genery/mediniut_ashkaa_tzfuia/pension2023_update11-2023.xls,policy/companies/520023185/raw/520023185/8f694f2542dc_pension2023_update11-2023.xls,פנסיה משלימה תלוי גיל
520023185,,,520023185|פנסיה משלימה תלוי גיל|הפניקס פנסיה משלימה מסלול לבני 50 עד 60,הפניקס פנסיה משלימה מסלול לבני 50 עד 60,2023,"חשיפה למט""ח",fx,12.9,19.0,0.06,13.0,25.0,,,פנסיה משלימה תלוי גיל,2026-09-30T21:21:21+00:00,http://www.fnx.co.il/sites/docs/genery/mediniut_ashkaa_tzfuia/pension2023_update11-2023.xls,policy/companies/520023185/raw/520023185/8f694f2542dc_pension2023_update11-2023.xls,פנסיה משלימה תלוי גיל
520023185,,,520023185|פנסיה משלימה תלוי גיל|הפניקס פנסיה משלימה מסלול לבני 50 עד 60,הפניקס פנסיה משלימה מסלול לבני 50 עד 60,2023,מגבלת עמלת ניהול חיצוני לשנת 2023,,0.07,,,,,,,פנסיה משלימה תלוי גיל,2026-09-30T21:21:21+00:00,http://www.fnx.co.il/sites/docs/genery/mediniut_ashkaa_tzfuia/pension2023_update11-2023.xls,policy/companies/520023185/raw/520023185/8f694f2542dc_pension2023_update11-2023.xls,פנסיה משלימה תלוי גיל
520023185,,,520023185|פנסיה משלימה תלוי גיל|הפניקס פנסיה משלימה מסלול לבני 60 ומעלה,הפניקס פנסיה משלימה מסלול לבני 60 ומעלה,2023,"מניות (תעודות סל, אופציות, קרנות נאמנות)",equity,23.7,26.0,0.06,20.0,32.0,"35%- מדד ת""א 125 ,   65%- MSCI WORLD AC",,פנסיה משלימה תלוי גיל,2026-09-30T21:21:21+00:00,http://www.fnx.co.il/sites/docs/genery/mediniut_ashkaa_tzfuia/pension2023_update11-2023.xls,policy/companies/520023185/raw/520023185/8f694f2542dc_pension2023_update11-2023.xls,פנסיה משלימה תלוי גיל
520023185,,,520023185|פנסיה משלימה תלוי גיל|הפניקס פנסיה משלימה מסלול לבני 60 ומעלה,הפניקס פנסיה משלימה מסלול לבני 60 ומעלה,2023,"אג""ח ממשלתי (צמוד, שקלי ומט""ח), ממשלות זרות בנטרול חשיפות בנגזרים",,38.2,39.0,0.05,34.0,44.0,"מדד אג""ח ממשלתי כללי",,פנסיה משלימה תלוי גיל,2026-09-30T21:21:21+00:00,http://www.fnx.co.il/sites/docs/genery/mediniut_ashkaa_tzfuia/pension2023_update11-2023.xls,policy/companies/520023185/raw/520023185/8f694f2542dc_pension2023_update11-2023.xls,פנסיה משלימה תלוי גיל
520023185,,,520023185|פנסיה משלימה תלוי גיל|הפניקס פנסיה משלימה מסלול לבני 60 ומעלה,הפניקס פנסיה משלימה מסלול לבני 60 ומעלה,2023,"אג""ח קונצרני (כולל קרנות נאמנות, תעודות סל)",,33.4,32.0,0.06,26.0,38.0,"35% - תל בונד כללי , 20% - תל בונד 60 , 15% - תל בונד 50 , 15% - IBOXX HY - 15%, IBOXX IG",,פנסיה משלימה תלוי גיל,2026-09-30T21:21:21+00:00,http://www.fnx.co.il/sites/docs/genery/mediniut_ashkaa_tzfuia/pension2023_update11-2023.xls,policy/companies/520023185/raw/520023185/8f694f2542dc_pension2023_update11-2023.xls,פנסיה משלימה תלוי גיל
520023185,,,520023185|פנסיה משלימה תלוי גיל|הפניקס פנסיה משלימה מסלול לבני 60 ומעלה,הפניקס פנסיה משלימה מסלול לבני 60 ומעלה,2023,"נדל""ן",,0.0,0.0,0.05,0.0,5.0,,,פנסיה משלימה תלוי גיל,2026-09-30T21:21:21+00:00,http://www.fnx.co.il/sites/docs/genery/mediniut_ashkaa_tzfuia/pension2023_update11-2023.xls,policy/companies/520023185/raw/520023185/8f694f2542dc_pension2023_update11-2023.xls,פנסיה משלימה תלוי גיל
520023185,,,520023185|פנסיה משלימה תלוי גיל|הפניקס פנסיה משלימה מסלול לבני 60 ומעלה,הפניקס פנסיה משלימה מסלול לבני 60 ומעלה,2023,"אחר (קרנות השקעה, Co Invest, תשתיות, גידור)",,0.8,0.0,0.05,0.0,5.0,,,פנסיה משלימה תלוי גיל,2026-09-30T21:21:21+00:00,http://www.fnx.co.il/sites/docs/genery/mediniut_ashkaa_tzfuia/pension2023_update11-2023.xls,policy/companies/520023185/raw/520023185/8f694f2542dc_pension2023_update11-2023.xls,פנסיה משלימה תלוי גיל
520023185,,,520023185|פנסיה משלימה תלוי גיל|הפניקס פנסיה משלימה מסלול לבני 60 ומעלה,הפניקס פנסיה משלימה מסלול לבני 60 ומעלה,2023,מזומנים (*),,3.9,3.0,,,,,,פנסיה משלימה תלוי גיל,2026-09-30T21:21:21+00:00,http://www.fnx.co.il/sites/docs/genery/mediniut_ashkaa_tzfuia/pension2023_update11-2023.xls,policy/companies/520023185/raw/520023185/8f694f2542dc_pension2023_update11-2023.xls,פנסיה משלימה תלוי גיל
520023185,,,520023185|פנסיה משלימה תלוי גיל|הפניקס פנסיה משלימה מסלול לבני 60 ומעלה,הפניקס פנסיה משלימה מסלול לבני 60 ומעלה,2023,"חשיפה למט""ח",fx,11.1,17.0,0.06,11.0,23.0,,,פנסיה משלימה תלוי גיל,2026-09-30T21:21:21+00:00,http://www.fnx.co.il/sites/docs/genery/mediniut_ashkaa_tzfuia/pension2023_update11-2023.xls,policy/companies/520023185/raw/520023185/8f694f2542dc_pension2023_update11-2023.xls,פנסיה משלימה תלוי גיל
520023185,,,520023185|פנסיה משלימה תלוי גיל|הפניקס פנסיה משלימה מסלול לבני 60 ומעלה,הפניקס פנסיה משלימה מסלול לבני 60 ומעלה,2023,מגבלת עמלת ניהול חיצוני לשנת 2023,,0.06,,,,,,,פנסיה משלימה תלוי גיל,2026-09-30T21:21:21+00:00,http://www.fnx.co.il/sites/docs/genery/mediniut_ashkaa_tzfuia/pension2023_update11-2023.xls,policy/companies/520023185/raw/520023185/8f694f2542dc_pension2023_update11-2023.xls,פנסיה משלימה תלוי גיל
520023185,,,520023185|משלימה משולב סחיר|הפניקס פנסיה משלימה מסלול משולב סחיר,הפניקס פנסיה משלימה מסלול משולב סחיר,2023,"מניות (תעודות סל, אופציות, קרנות נאמנות)",equity,,39.0,0.06,33.0,45.0,"35%- מדד ת""א 125 ,   65%- MSCI WORLD AC",,משלימה משולב סחיר,2026-09-30T21:21:21+00:00,http://www.fnx.co.il/sites/docs/genery/mediniut_ashkaa_tzfuia/pension2023_update11-2023.xls,policy/companies/520023185/raw/520023185/8f694f2542dc_pension2023_update11-2023.xls,משלימה משולב סחיר
520023185,,,520023185|משלימה משולב סחיר|הפניקס פנסיה משלימה מסלול משולב סחיר,הפניקס פנסיה משלימה מסלול משולב סחיר,2023,"אג""ח ממשלתי (צמוד, שקלי ומט""ח), ממשלות זרות בנטרול חשיפות בנגזרים",,,26.0,0.05,21.0,31.0,"מדד אג""ח ממשלתי כללי",,משלימה משולב סחיר,2026-09-30T21:21:21+00:00,http://www.fnx.co.il/sites/docs/genery/mediniut_ashkaa_tzfuia/pension2023_update11-2023.xls,policy/companies/520023185/raw/520023185/8f694f2542dc_pension2023_update11-2023.xls,משלימה משולב סחיר
520023185,,,520023185|משלימה משולב סחיר|הפניקס פנסיה משלימה מסלול משולב סחיר,הפניקס פנסיה משלימה מסלול משולב סחיר,2023,"אג""ח קונצרני (כולל קרנות נאמנות, תעודות סל)",,,32.0,0.06,26.0,38.0,"35% - תל בונד כללי , 20% - תל בונד 60 , 15% - תל בונד 50 , 15% - IBOXX HY - 15%, IBOXX IG",,משלימה משולב סחיר,2026-09-30T21:21:21+00:00,http://www.fnx.co.il/sites/docs/genery/mediniut_ashkaa_tzfuia/pension2023_update11-2023.xls,policy/companies/520023185/raw/520023185/8f694f2542dc_pension2023_update11-2023.xls,משלימה משולב סחיר
520023185,,,520023185|משלימה משולב סחיר|הפניקס פנסיה משלימה מסלול משולב סחיר,הפניקס פנסיה משלימה מסלול משולב סחיר,2023,מזומנים (*),,,3.0,,,,,,משלימה משולב סחיר,2026-09-30T21:21:21+00:00,http://www.fnx.co.il/sites/docs/genery/mediniut_ashkaa_tzfuia/pension2023_update11-2023.xls,policy/companies/520023185/raw/520023185/8f694f2542dc_pension2023_update11-2023.xls,משלימה משולב סחיר
520023185,,,520023185|משלימה משולב סחיר|הפניקס פנסיה משלימה מסלול משולב סחיר,הפניקס פנסיה משלימה מסלול משולב סחיר,2023,"חשיפה למט""ח",fx,,19.0,0.06,13.0,25.0,,,משלימה משולב סחיר,2026-09-30T21:21:21+00:00,http://www.fnx.co.il/sites/docs/genery/mediniut_ashkaa_tzfuia/pension2023_update11-2023.xls,policy/companies/520023185/raw/520023185/8f694f2542dc_pension2023_update11-2023.xls,משלימה משולב סחיר
520023185,,,520023185|משלימה משולב סחיר|הפניקס פנסיה משלימה מסלול משולב סחיר,הפניקס פנסיה משלימה מסלול משולב סחיר,2023,מגבלת עמלת ניהול חיצוני לשנת 2023,,,0.08,,,,,,משלימה משולב סחיר,2026-09-30T21:21:21+00:00,http://www.fnx.co.il/sites/docs/genery/mediniut_ashkaa_tzfuia/pension2023_update11-2023.xls,policy/companies/520023185/raw/520023185/8f694f2542dc_pension2023_update11-2023.xls,משלימה משולב סחיר
520023185,,,520023185|משלימה עוקב מדדים גמיש|פנסיה משלימה מסלול עוקב מדדים גמיש,פנסיה משלימה מסלול עוקב מדדים גמיש,2023,"מניות (כולל תעודות סל, אופציות, קרנות נאמנות)",equity,,39.0,0.06,33.0,45.0,MSCI EM,,משלימה עוקב מדדים גמיש,2026-09-30T21:21:21+00:00,http://www.fnx.co.il/sites/docs/genery/mediniut_ashkaa_tzfuia/pension2023_update11-2023.xls,policy/companies/520023185/raw/520023185/8f694f2542dc_pension2023_update11-2023.xls,משלימה עוקב מדדים גמיש 
520023185,,,520023185|משלימה עוקב מדדים גמיש|פנסיה משלימה מסלול עוקב מדדים גמיש,פנסיה משלימה מסלול עוקב מדדים גמיש,2023,"אג""ח ממשלתי (צמוד, שקלי ומט""ח), ממשלות",,,26.0,0.05,21.0,31.0,משקל שחר 0-2,,משלימה עוקב מדדים גמיש,2026-09-30T21:21:21+00:00,http://www.fnx.co.il/sites/docs/genery/mediniut_ashkaa_tzfuia/pension2023_update11-2023.xls,policy/companies/520023185/raw/520023185/8f694f2542dc_pension2023_update11-2023.xls,משלימה עוקב מדדים גמיש 
520023185,,,520023185|משלימה עוקב מדדים גמיש|פנסיה משלימה מסלול עוקב מדדים גמיש,פנסיה משלימה מסלול עוקב מדדים גמיש,2023,"אג""ח קונצרני (כולל קרנות נאמנות, תעודות סל)",,,32.0,0.06,26.0,38.0,JCMBCOMP,,משלימה עוקב מדדים גמיש,2026-09-30T21:21:21+00:00,http://www.fnx.co.il/sites/docs/genery/mediniut_ashkaa_tzfuia/pension2023_update11-2023.xls,policy/companies/520023185/raw/520023185/8f694f2542dc_pension2023_update11-2023.xls,משלימה עוקב מדדים גמיש 
520023185,,,520023185|משלימה עוקב מדדים גמיש|פנסיה משלימה מסלול עוקב מדדים גמיש,פנסיה משלימה מסלול עוקב מדדים גמיש,2023,מזומנים (*),,,3.0,,,,"ריבית פח""ק",,משלימה עוקב מדדים גמיש,2026-09-30T21:21:21+00:00,http://www.fnx.co.il/sites/docs/genery/mediniut_ashkaa_tzfuia/pension2023_update11-2023.xls,policy/companies/520023185/raw/520023185/8f694f2542dc_pension2023_update11-2023.xls,משלימה עוקב מדדים גמיש 
520023185,,,520023185|משלימה עוקב מדדים גמיש|פנסיה משלימה מסלול עוקב מדדים גמיש,פנסיה משלימה מסלול עוקב מדדים גמיש,2023,"חשיפה למט""ח",fx,,19.0,0.06,13.0,25.0,,,משלימה עוקב מדדים גמיש,2026-09-30T21:21:21+00:00,http://www.fnx.co.il/sites/docs/genery/mediniut_ashkaa_tzfuia/pension2023_update11-2023.xls,policy/companies/520023185/raw/520023185/8f694f2542dc_pension2023_update11-2023.xls,משלימה עוקב מדדים גמיש 
520023185,,,520023185|משלימה עוקב מדדים גמיש|פנסיה משלימה מסלול עוקב מדדים גמיש,פנסיה משלימה מסלול עוקב מדדים גמיש,2023,מגבלת עמלת ניהול חיצוני לשנת 2023,,,0.05,,,,,,משלימה עוקב מדדים גמיש,2026-09-30T21:21:21+00:00,http://www.fnx.co.il/sites/docs/genery/mediniut_ashkaa_tzfuia/pension2023_update11-2023.xls,policy/companies/520023185/raw/520023185/8f694f2542dc_pension2023_update11-2023.xls,משלימה עוקב מדדים גמיש 
520023185,,,520023185|מקיפה-פנסיונרים עד 31.12.17|הפניקס פנסיה מקיפה פנסיונרים עד 31 12 17,הפניקס פנסיה מקיפה פנסיונרים עד 31 12 17,2023,"מניות (תעודות סל, אופציות, קרנות נאמנות)",equity,0.0,0.0,0.01,0.0,1.0,,,מקיפה-פנסיונרים עד 31.12.17,2026-09-30T21:21:21+00:00,http://www.fnx.co.il/sites/docs/genery/mediniut_ashkaa_tzfuia/pension2023_update11-2023.xls,policy/companies/520023185/raw/520023185/8f694f2542dc_pension2023_update11-2023.xls,מקיפה-פנסיונרים עד 31.12.17
520023185,,,520023185|מקיפה-פנסיונרים עד 31.12.17|הפניקס פנסיה מקיפה פנסיונרים עד 31 12 17,הפניקס פנסיה מקיפה פנסיונרים עד 31 12 17,2023,"אג""ח ממשלתי (צמוד, שקלי ומט""ח), ממשלות זרות בנטרול חשיפות בנגזרים",,35.6,39.0,0.05,0.0,44.0,"מדד אג""ח ממשלתי כללי",,מקיפה-פנסיונרים עד 31.12.17,2026-09-30T21:21:21+00:00,http://www.fnx.co.il/sites/docs/genery/mediniut_ashkaa_tzfuia/pension2023_update11-2023.xls,policy/companies/520023185/raw/520023185/8f694f2542dc_pension2023_update11-2023.xls,מקיפה-פנסיונרים עד 31.12.17
520023185,,,520023185|מקיפה-פנסיונרים עד 31.12.17|הפניקס פנסיה מקיפה פנסיונרים עד 31 12 17,הפניקס פנסיה מקיפה פנסיונרים עד 31 12 17,2023,"אג""ח מיועדות ורכיב מבטיח תשואה(***)",,61.1,60.0,0.05,55.0,65.0,,,מקיפה-פנסיונרים עד 31.12.17,2026-09-30T21:21:21+00:00,http://www.fnx.co.il/sites/docs/genery/mediniut_ashkaa_tzfuia/pension2023_update11-2023.xls,policy/companies/520023185/raw/520023185/8f694f2542dc_pension2023_update11-2023.xls,מקיפה-פנסיונרים עד 31.12.17
520023185,,,520023185|מקיפה-פנסיונרים עד 31.12.17|הפניקס פנסיה מקיפה פנסיונרים עד 31 12 17,הפניקס פנסיה מקיפה פנסיונרים עד 31 12 17,2023,"אג""ח קונצרני (כולל קרנות נאמנות, תעודות סל)",,0.0,0.0,0.01,0.0,1.0,מדד תל בונד 60,,מקיפה-פנסיונרים עד 31.12.17,2026-09-30T21:21:21+00:00,http://www.fnx.co.il/sites/docs/genery/mediniut_ashkaa_tzfuia/pension2023_update11-2023.xls,policy/companies/520023185/raw/520023185/8f694f2542dc_pension2023_update11-2023.xls,מקיפה-פנסיונרים עד 31.12.17
520023185,,,520023185|מקיפה-פנסיונרים עד 31.12.17|הפניקס פנסיה מקיפה פנסיונרים עד 31 12 17,הפניקס פנסיה מקיפה פנסיונרים עד 31 12 17,2023,"נדל""ן",,0.0,0.0,0.0,0.0,0.0,,,מקיפה-פנסיונרים עד 31.12.17,2026-09-30T21:21:21+00:00,http://www.fnx.co.il/sites/docs/genery/mediniut_ashkaa_tzfuia/pension2023_update11-2023.xls,policy/companies/520023185/raw/520023185/8f694f2542dc_pension2023_update11-2023.xls,מקיפה-פנסיונרים עד 31.12.17
520023185,,,520023185|מקיפה-פנסיונרים עד 31.12.17|הפניקס פנסיה מקיפה פנסיונרים עד 31 12 17,הפניקס פנסיה מקיפה פנסיונרים עד 31 12 17,2023,"אחר (קרנות השקעה, Co Invest, תשתיות, גידור)",,0.0,0.0,0.0,0.0,0.0,,,מקיפה-פנסיונרים עד 31.12.17,2026-09-30T21:21:21+00:00,http://www.fnx.co.il/sites/docs/genery/mediniut_ashkaa_tzfuia/pension2023_update11-2023.xls,policy/companies/520023185/raw/520023185/8f694f2542dc_pension2023_update11-2023.xls,מקיפה-פנסיונרים עד 31.12.17
520023185,,,520023185|מקיפה-פנסיונרים עד 31.12.17|הפניקס פנסיה מקיפה פנסיונרים עד 31 12 17,הפניקס פנסיה מקיפה פנסיונרים עד 31 12 17,2023,מזומנים (*),,3.3,1.0,,,,,,מקיפה-פנסיונרים עד 31.12.17,2026-09-30T21:21:21+00:00,http://www.fnx.co.il/sites/docs/genery/mediniut_ashkaa_tzfuia/pension2023_update11-2023.xls,policy/companies/520023185/raw/520023185/8f694f2542dc_pension2023_update11-2023.xls,מקיפה-פנסיונרים עד 31.12.17
520023185,,,520023185|מקיפה-פנסיונרים עד 31.12.17|הפניקס פנסיה מקיפה פנסיונרים עד 31 12 17,הפניקס פנסיה מקיפה פנסיונרים עד 31 12 17,2023,"חשיפה למט""ח",fx,0.0,0.0,0.06,0.0,6.0,,,מקיפה-פנסיונרים עד 31.12.17,2026-09-30T21:21:21+00:00,http://www.fnx.co.il/sites/docs/genery/mediniut_ashkaa_tzfuia/pension2023_update11-2023.xls,policy/companies/520023185/raw/520023185/8f694f2542dc_pension2023_update11-2023.xls,מקיפה-פנסיונרים עד 31.12.17
520023185,,,520023185|מקיפה-פנסיונרים עד 31.12.17|הפניקס פנסיה מקיפה פנסיונרים עד 31 12 17,הפניקס פנסיה מקיפה פנסיונרים עד 31 12 17,2023,מגבלת עמלת ניהול חיצוני לשנת 2023,,0.0,,,,,,,מקיפה-פנסיונרים עד 31.12.17,2026-09-30T21:21:21+00:00,http://www.fnx.co.il/sites/docs/genery/mediniut_ashkaa_tzfuia/pension2023_update11-2023.xls,policy/companies/520023185/raw/520023185/8f694f2542dc_pension2023_update11-2023.xls,מקיפה-פנסיונרים עד 31.12.17
520023185,,,520023185|מקיפה-פנסיונרים זכאים|הפניקס פנסיה מקיפה פנסיונרים זכאים,הפניקס פנסיה מקיפה פנסיונרים זכאים,2023,"מניות (תעודות סל, אופציות, קרנות נאמנות)",equity,0.0,0.0,0.06,0.0,6.0,"40%- מדד ת""א 125 ,   60%- MSCI WORLD AC",,מקיפה-פנסיונרים זכאים,2026-09-30T21:21:21+00:00,http://www.fnx.co.il/sites/docs/genery/mediniut_ashkaa_tzfuia/pension2023_update11-2023.xls,policy/companies/520023185/raw/520023185/8f694f2542dc_pension2023_update11-2023.xls,מקיפה-פנסיונרים זכאים
520023185,,,520023185|מקיפה-פנסיונרים זכאים|הפניקס פנסיה מקיפה פנסיונרים זכאים,הפניקס פנסיה מקיפה פנסיונרים זכאים,2023,"אג""ח ממשלתי (צמוד, שקלי ומט""ח), ממשלות זרות בנטרול חשיפות בנגזרים",,15.6,25.0,0.05,0.0,30.0,"מדד אג""ח ממשלתי כללי",,מקיפה-פנסיונרים זכאים,2026-09-30T21:21:21+00:00,http://www.fnx.co.il/sites/docs/genery/mediniut_ashkaa_tzfuia/pension2023_update11-2023.xls,policy/companies/520023185/raw/520023185/8f694f2542dc_pension2023_update11-2023.xls,מקיפה-פנסיונרים זכאים
520023185,,,520023185|מקיפה-פנסיונרים זכאים|הפניקס פנסיה מקיפה פנסיונרים זכאים,הפניקס פנסיה מקיפה פנסיונרים זכאים,2023,"אג""ח מיועדות ורכיב מבטיח תשואה(***)",,83.5,70.0,0.05,65.0,75.0,,,מקיפה-פנסיונרים זכאים,2026-09-30T21:21:21+00:00,http://www.fnx.co.il/sites/docs/genery/mediniut_ashkaa_tzfuia/pension2023_update11-2023.xls,policy/companies/520023185/raw/520023185/8f694f2542dc_pension2023_update11-2023.xls,מקיפה-פנסיונרים זכאים
520023185,,,520023185|מקיפה-פנסיונרים זכאים|הפניקס פנסיה מקיפה פנסיונרים זכאים,הפניקס פנסיה מקיפה פנסיונרים זכאים,2023,"אג""ח קונצרני (כולל קרנות נאמנות, תעודות סל)",,0.0,0.0,0.06,0.0,6.0,מדד תל בונד 60,,מקיפה-פנסיונרים זכאים,2026-09-30T21:21:21+00:00,http://www.fnx.co.il/sites/docs/genery/mediniut_ashkaa_tzfuia/pension2023_update11-2023.xls,policy/companies/520023185/raw/520023185/8f694f2542dc_pension2023_update11-2023.xls,מקיפה-פנסיונרים זכאים
520023185,,,520023185|מקיפה-פנסיונרים זכאים|הפניקס פנסיה מקיפה פנסיונרים זכאים,הפניקס פנסיה מקיפה פנסיונרים זכאים,2023,"נדל""ן",,0.0,0.0,0.05,0.0,5.0,,,מקיפה-פנסיונרים זכאים,2026-09-30T21:21:21+00:00,http://www.fnx.co.il/sites/docs/genery/mediniut_ashkaa_tzfuia/pension2023_update11-2023.xls,policy/companies/520023185/raw/520023185/8f694f2542dc_pension2023_update11-2023.xls,מקיפה-פנסיונרים זכאים
520023185,,,520023185|מקיפה-פנסיונרים זכאים|הפניקס פנסיה מקיפה פנסיונרים זכאים,הפניקס פנסיה מקיפה פנסיונרים זכאים,2023,"אחר (קרנות השקעה, Co Invest, תשתיות, גידור)",,0.0,0.0,0.05,0.0,5.0,,,מקיפה-פנסיונרים זכאים,2026-09-30T21:21:21+00:00,http://www.fnx.co.il/sites/docs/genery/mediniut_ashkaa_tzfuia/pension2023_update11-2023.xls,policy/companies/520023185/raw/520023185/8f694f2542dc_pension2023_update11-2023.xls,מקיפה-פנסיונרים זכאים
520023185,,,520023185|מקיפה-פנסיונרים זכאים|הפניקס פנסיה מקיפה פנסיונרים זכאים,הפניקס פנסיה מקיפה פנסיונרים זכאים,2023,מזומנים (*),,0.9,5.0,,,,,,מקיפה-פנסיונרים זכאים,2026-09-30T21:21:21+00:00,http://www.fnx.co.il/sites/docs/genery/mediniut_ashkaa_tzfuia/pension2023_update11-2023.xls,policy/companies/520023185/raw/520023185/8f694f2542dc_pension2023_update11-2023.xls,מקיפה-פנסיונרים זכאים
520023185,,,520023185|מקיפה-פנסיונרים זכאים|הפניקס פנסיה מקיפה פנסיונרים זכאים,הפניקס פנסיה מקיפה פנסיונרים זכאים,2023,"חשיפה למט""ח",fx,0.0,0.0,0.06,6.0,18.0,,,מקיפה-פנסיונרים זכאים,2026-09-30T21:21:21+00:00,http://www.fnx.co.il/sites/docs/genery/mediniut_ashkaa_tzfuia/pension2023_update11-2023.xls,policy/companies/520023185/raw/520023185/8f694f2542dc_pension2023_update11-2023.xls,מקיפה-פנסיונרים זכאים
520023185,,,520023185|מקיפה-פנסיונרים זכאים|הפניקס פנסיה מקיפה פנסיונרים זכאים,הפניקס פנסיה מקיפה פנסיונרים זכאים,2023,מגבלת עמלת ניהול חיצוני לשנת 2023,,0.0,,,,,,,מקיפה-פנסיונרים זכאים,2026-09-30T21:21:21+00:00,http://www.fnx.co.il/sites/docs/genery/mediniut_ashkaa_tzfuia/pension2023_update11-2023.xls,policy/companies/520023185/raw/520023185/8f694f2542dc_pension2023_update11-2023.xls,מקיפה-פנסיונרים זכאים
520023185,,,520023185|מקיפה-פנסיונרים החל מ-1.1.18|הפניקס פנסיה מקיפה פנסיונרים החל מ 1 1 18,הפניקס פנסיה מקיפה פנסיונרים החל מ 1 1 18,2023,"מניות (תעודות סל, אופציות, קרנות נאמנות)",equity,18.0,18.0,0.06,12.0,24.0,"35%- מדד ת""א 125 ,   65%- MSCI WORLD AC",,מקיפה-פנסיונרים החל מ-1.1.18,2026-09-30T21:21:21+00:00,http://www.fnx.co.il/sites/docs/genery/mediniut_ashkaa_tzfuia/pension2023_update11-2023.xls,policy/companies/520023185/raw/520023185/8f694f2542dc_pension2023_update11-2023.xls,מקיפה-פנסיונרים החל מ-1.1.18
520023185,,,520023185|מקיפה-פנסיונרים החל מ-1.1.18|הפניקס פנסיה מקיפה פנסיונרים החל מ 1 1 18,הפניקס פנסיה מקיפה פנסיונרים החל מ 1 1 18,2023,"אג""ח ממשלתי (צמוד, שקלי ומט""ח), ממשלות זרות בנטרול חשיפות בנגזרים",,3.1,3.0,0.05,0.0,8.0,"מדד אג""ח ממשלתי כללי",,מקיפה-פנסיונרים החל מ-1.1.18,2026-09-30T21:21:21+00:00,http://www.fnx.co.il/sites/docs/genery/mediniut_ashkaa_tzfuia/pension2023_update11-2023.xls,policy/companies/520023185/raw/520023185/8f694f2542dc_pension2023_update11-2023.xls,מקיפה-פנסיונרים החל מ-1.1.18
520023185,,,520023185|מקיפה-פנסיונרים החל מ-1.1.18|הפניקס פנסיה מקיפה פנסיונרים החל מ 1 1 18,הפניקס פנסיה מקיפה פנסיונרים החל מ 1 1 18,2023,"אג""ח מיועדות ורכיב מבטיח תשואה(***)",,57.7,60.0,0.05,55.0,65.0,,,מקיפה-פנסיונרים החל מ-1.1.18,2026-09-30T21:21:21+00:00,http://www.fnx.co.il/sites/docs/genery/mediniut_ashkaa_tzfuia/pension2023_update11-2023.xls,policy/companies/520023185/raw/520023185/8f694f2542dc_pension2023_update11-2023.xls,מקיפה-פנסיונרים החל מ-1.1.18
520023185,,,520023185|מקיפה-פנסיונרים החל מ-1.1.18|הפניקס פנסיה מקיפה פנסיונרים החל מ 1 1 18,הפניקס פנסיה מקיפה פנסיונרים החל מ 1 1 18,2023,"אג""ח קונצרני (כולל קרנות נאמנות, תעודות סל)",,16.1,15.0,0.06,9.0,21.0,"35% - תל בונד כללי , 20% - תל בונד 60 , 15% - תל בונד 50 , 15% - IBOXX HY - 15%, IBOXX IG",,מקיפה-פנסיונרים החל מ-1.1.18,2026-09-30T21:21:21+00:00,http://www.fnx.co.il/sites/docs/genery/mediniut_ashkaa_tzfuia/pension2023_update11-2023.xls,policy/companies/520023185/raw/520023185/8f694f2542dc_pension2023_update11-2023.xls,מקיפה-פנסיונרים החל מ-1.1.18
520023185,,,520023185|מקיפה-פנסיונרים החל מ-1.1.18|הפניקס פנסיה מקיפה פנסיונרים החל מ 1 1 18,הפניקס פנסיה מקיפה פנסיונרים החל מ 1 1 18,2023,"נדל""ן",,0.1,0.0,0.05,0.0,5.0,,,מקיפה-פנסיונרים החל מ-1.1.18,2026-09-30T21:21:21+00:00,http://www.fnx.co.il/sites/docs/genery/mediniut_ashkaa_tzfuia/pension2023_update11-2023.xls,policy/companies/520023185/raw/520023185/8f694f2542dc_pension2023_update11-2023.xls,מקיפה-פנסיונרים החל מ-1.1.18
520023185,,,520023185|מקיפה-פנסיונרים החל מ-1.1.18|הפניקס פנסיה מקיפה פנסיונרים החל מ 1 1 18,הפניקס פנסיה מקיפה פנסיונרים החל מ 1 1 18,2023,"אחר (קרנות השקעה, Co Invest, תשתיות, גידור)",,3.4,2.0,0.05,0.0,7.0,,,מקיפה-פנסיונרים החל מ-1.1.18,2026-09-30T21:21:21+00:00,http://www.fnx.co.il/sites/docs/genery/mediniut_ashkaa_tzfuia/pension2023_update11-2023.xls,policy/companies/520023185/raw/520023185/8f694f2542dc_pension2023_update11-2023.xls,מקיפה-פנסיונרים החל מ-1.1.18
520023185,,,520023185|מקיפה-פנסיונרים החל מ-1.1.18|הפניקס פנסיה מקיפה פנסיונרים החל מ 1 1 18,הפניקס פנסיה מקיפה פנסיונרים החל מ 1 1 18,2023,מזומנים (*),,1.6,2.0,,,,,,מקיפה-פנסיונרים החל מ-1.1.18,2026-09-30T21:21:21+00:00,http://www.fnx.co.il/sites/docs/genery/mediniut_ashkaa_tzfuia/pension2023_update11-2023.xls,policy/companies/520023185/raw/520023185/8f694f2542dc_pension2023_update11-2023.xls,מקיפה-פנסיונרים החל מ-1.1.18
520023185,,,520023185|מקיפה-פנסיונרים החל מ-1.1.18|הפניקס פנסיה מקיפה פנסיונרים החל מ 1 1 18,הפניקס פנסיה מקיפה פנסיונרים החל מ 1 1 18,2023,"חשיפה למט""ח",fx,9.3,12.0,0.06,6.0,18.0,,,מקיפה-פנסיונרים החל מ-1.1.18,2026-09-30T21:21:21+00:00,http://www.fnx.co.il/sites/docs/genery/mediniut_ashkaa_tzfuia/pension2023_update11-2023.xls,policy/companies/520023185/raw/520023185/8f694f2542dc_pension2023_update11-2023.xls,מקיפה-פנסיונרים החל מ-1.1.18
520023185,,,520023185|מקיפה-פנסיונרים החל מ-1.1.18|הפניקס פנסיה מקיפה פנסיונרים החל מ 1 1 18,הפניקס פנסיה מקיפה פנסיונרים החל מ 1 1 18,2023,מגבלת עמלת ניהול חיצוני לשנת 2023,,0.12,,,,,,,מקיפה-פנסיונרים החל מ-1.1.18,2026-09-30T21:21:21+00:00,http://www.fnx.co.il/sites/docs/genery/mediniut_ashkaa_tzfuia/pension2023_update11-2023.xls,policy/companies/520023185/raw/520023185/8f694f2542dc_pension2023_update11-2023.xls,מקיפה-פנסיונרים החל מ-1.1.18
520023185,,,520023185|כללית-פנסיונרים עד 31.12.17|הפניקס פנסיה משלימה פנסיונרים עד 31 12 17,הפניקס פנסיה משלימה פנסיונרים עד 31 12 17,2023,"מניות (תעודות סל, אופציות, קרנות נאמנות)",equity,0.0,0.0,0.01,0.0,1.0,,,כללית-פנסיונרים עד 31.12.17,2026-09-30T21:21:21+00:00,http://www.fnx.co.il/sites/docs/genery/mediniut_ashkaa_tzfuia/pension2023_update11-2023.xls,policy/companies/520023185/raw/520023185/8f694f2542dc_pension2023_update11-2023.xls,כללית-פנסיונרים עד 31.12.17
520023185,,,520023185|כללית-פנסיונרים עד 31.12.17|הפניקס פנסיה משלימה פנסיונרים עד 31 12 17,הפניקס פנסיה משלימה פנסיונרים עד 31 12 17,2023,"אג""ח ממשלתי (צמוד, שקלי ומט""ח), ממשלות זרות בנטרול חשיפות בנגזרים",,98.3,96.0,0.05,91.0,100.0,"מדד אג""ח ממשלתי כללי",,כללית-פנסיונרים עד 31.12.17,2026-09-30T21:21:21+00:00,http://www.fnx.co.il/sites/docs/genery/mediniut_ashkaa_tzfuia/pension2023_update11-2023.xls,policy/companies/520023185/raw/520023185/8f694f2542dc_pension2023_update11-2023.xls,כללית-פנסיונרים עד 31.12.17
520023185,,,520023185|כללית-פנסיונרים עד 31.12.17|הפניקס פנסיה משלימה פנסיונרים עד 31 12 17,הפניקס פנסיה משלימה פנסיונרים עד 31 12 17,2023,"אג""ח קונצרני (כולל קרנות נאמנות, תעודות סל)",,0.0,0.0,0.01,0.0,1.0,מדד תל בונד 60,,כללית-פנסיונרים עד 31.12.17,2026-09-30T21:21:21+00:00,http://www.fnx.co.il/sites/docs/genery/mediniut_ashkaa_tzfuia/pension2023_update11-2023.xls,policy/companies/520023185/raw/520023185/8f694f2542dc_pension2023_update11-2023.xls,כללית-פנסיונרים עד 31.12.17
520023185,,,520023185|כללית-פנסיונרים עד 31.12.17|הפניקס פנסיה משלימה פנסיונרים עד 31 12 17,הפניקס פנסיה משלימה פנסיונרים עד 31 12 17,2023,"נדל""ן",,0.0,0.0,0.0,0.0,0.0,,,כללית-פנסיונרים עד 31.12.17,2026-09-30T21:21:21+00:00,http://www.fnx.co.il/sites/docs/genery/mediniut_ashkaa_tzfuia/pension2023_update11-2023.xls,policy/companies/520023185/raw/520023185/8f694f2542dc_pension2023_update11-2023.xls,כללית-פנסיונרים עד 31.12.17
520023185,,,520023185|כללית-פנסיונרים עד 31.12.17|הפניקס פנסיה משלימה פנסיונרים עד 31 12 17,הפניקס פנסיה משלימה פנסיונרים עד 31 12 17,2023,"אחר (קרנות השקעה, Co Invest, תשתיות, גידור)",,0.0,0.0,0.0,0.0,0.0,,,כללית-פנסיונרים עד 31.12.17,2026-09-30T21:21:21+00:00,http://www.fnx.co.il/sites/docs/genery/mediniut_ashkaa_tzfuia/pension2023_update11-2023.xls,policy/companies/520023185/raw/520023185/8f694f2542dc_pension2023_update11-2023.xls,כללית-פנסיונרים עד 31.12.17
520023185,,,520023185|כללית-פנסיונרים עד 31.12.17|הפניקס פנסיה משלימה פנסיונרים עד 31 12 17,הפניקס פנסיה משלימה פנסיונרים עד 31 12 17,2023,מזומנים (*),,1.7,4.0,,,,,,כללית-פנסיונרים עד 31.12.17,2026-09-30T21:21:21+00:00,http://www.fnx.co.il/sites/docs/genery/mediniut_ashkaa_tzfuia/pension2023_update11-2023.xls,policy/companies/520023185/raw/520023185/8f694f2542dc_pension2023_update11-2023.xls,כללית-פנסיונרים עד 31.12.17
520023185,,,520023185|כללית-פנסיונרים עד 31.12.17|הפניקס פנסיה משלימה פנסיונרים עד 31 12 17,הפניקס פנסיה משלימה פנסיונרים עד 31 12 17,2023,"חשיפה למט""ח",fx,0.0,0.0,0.0,0.0,0.0,,,כללית-פנסיונרים עד 31.12.17,2026-09-30T21:21:21+00:00,http://www.fnx.co.il/sites/docs/genery/mediniut_ashkaa_tzfuia/pension2023_update11-2023.xls,policy/companies/520023185/raw/520023185/8f694f2542dc_pension2023_update11-2023.xls,כללית-פנסיונרים עד 31.12.17
520023185,,,520023185|כללית-פנסיונרים עד 31.12.17|הפניקס פנסיה משלימה פנסיונרים עד 31 12 17,הפניקס פנסיה משלימה פנסיונרים עד 31 12 17,2023,מגבלת עמלת ניהול חיצוני לשנת 2023,,0.0,,,,,,,כללית-פנסיונרים עד 31.12.17,2026-09-30T21:21:21+00:00,http://www.fnx.co.il/sites/docs/genery/mediniut_ashkaa_tzfuia/pension2023_update11-2023.xls,policy/companies/520023185/raw/520023185/8f694f2542dc_pension2023_update11-2023.xls,כללית-פנסיונרים עד 31.12.17
520023185,,,520023185|כללית-פנסיונרים החל מ-1.1.18|הפניקס פנסיה משלימה פנסיונרים החל מ 1 1 18,הפניקס פנסיה משלימה פנסיונרים החל מ 1 1 18,2023,"מניות (תעודות סל, אופציות, קרנות נאמנות)",equity,20.6,21.0,0.06,15.0,27.0,"35%- מדד ת""א 125 ,   65%- MSCI WORLD AC",,כללית-פנסיונרים החל מ-1.1.18,2026-09-30T21:21:21+00:00,http://www.fnx.co.il/sites/docs/genery/mediniut_ashkaa_tzfuia/pension2023_update11-2023.xls,policy/companies/520023185/raw/520023185/8f694f2542dc_pension2023_update11-2023.xls,כללית-פנסיונרים החל מ-1.1.18
520023185,,,520023185|כללית-פנסיונרים החל מ-1.1.18|הפניקס פנסיה משלימה פנסיונרים החל מ 1 1 18,הפניקס פנסיה משלימה פנסיונרים החל מ 1 1 18,2023,"אג""ח ממשלתי (צמוד, שקלי ומט""ח), ממשלות זרות בנטרול חשיפות בנגזרים",,41.2,43.0,0.05,38.0,48.0,"מדד אג""ח ממשלתי כללי",,כללית-פנסיונרים החל מ-1.1.18,2026-09-30T21:21:21+00:00,http://www.fnx.co.il/sites/docs/genery/mediniut_ashkaa_tzfuia/pension2023_update11-2023.xls,policy/companies/520023185/raw/520023185/8f694f2542dc_pension2023_update11-2023.xls,כללית-פנסיונרים החל מ-1.1.18
520023185,,,520023185|כללית-פנסיונרים החל מ-1.1.18|הפניקס פנסיה משלימה פנסיונרים החל מ 1 1 18,הפניקס פנסיה משלימה פנסיונרים החל מ 1 1 18,2023,"אג""ח קונצרני (כולל קרנות נאמנות, תעודות סל)",,33.7,32.0,0.06,26.0,38.0,"35% - תל בונד כללי , 20% - תל בונד 60 , 15% - תל בונד 50 , 15% - IBOXX HY - 15%, IBOXX IG",,כללית-פנסיונרים החל מ-1.1.18,2026-09-30T21:21:21+00:00,http://www.fnx.co.il/sites/docs/genery/mediniut_ashkaa_tzfuia/pension2023_update11-2023.xls,policy/companies/520023185/raw/520023185/8f694f2542dc_pension2023_update11-2023.xls,כללית-פנסיונרים החל מ-1.1.18
520023185,,,520023185|כללית-פנסיונרים החל מ-1.1.18|הפניקס פנסיה משלימה פנסיונרים החל מ 1 1 18,הפניקס פנסיה משלימה פנסיונרים החל מ 1 1 18,2023,"נדל""ן",,0.0,0.0,0.05,0.0,5.0,,,כללית-פנסיונרים החל מ-1.1.18,2026-09-30T21:21:21+00:00,http://www.fnx.co.il/sites/docs/genery/mediniut_ashkaa_tzfuia/pension2023_update11-2023.xls,policy/companies/520023185/raw/520023185/8f694f2542dc_pension2023_update11-2023.xls,כללית-פנסיונרים החל מ-1.1.18
520023185,,,520023185|כללית-פנסיונרים החל מ-1.1.18|הפניקס פנסיה משלימה פנסיונרים החל מ 1 1 18,הפניקס פנסיה משלימה פנסיונרים החל מ 1 1 18,2023,"אחר (קרנות השקעה, Co Invest, תשתיות, גידור)",,0.7,0.0,0.05,0.0,5.0,,,כללית-פנסיונרים החל מ-1.1.18,2026-09-30T21:21:21+00:00,http://www.fnx.co.il/sites/docs/genery/mediniut_ashkaa_tzfuia/pension2023_update11-2023.xls,policy/companies/520023185/raw/520023185/8f694f2542dc_pension2023_update11-2023.xls,כללית-פנסיונרים החל מ-1.1.18
520023185,,,520023185|כללית-פנסיונרים החל מ-1.1.18|הפניקס פנסיה משלימה פנסיונרים החל מ 1 1 18,הפניקס פנסיה משלימה פנסיונרים החל מ 1 1 18,2023,מזומנים (*),,3.8,4.0,,,,,,כללית-פנסיונרים החל מ-1.1.18,2026-09-30T21:21:21+00:00,http://www.fnx.co.il/sites/docs/genery/mediniut_ashkaa_tzfuia/pension2023_update11-2023.xls,policy/companies/520023185/raw/520023185/8f694f2542dc_pension2023_update11-2023.xls,כללית-פנסיונרים החל מ-1.1.18
520023185,,,520023185|כללית-פנסיונרים החל מ-1.1.18|הפניקס פנסיה משלימה פנסיונרים החל מ 1 1 18,הפניקס פנסיה משלימה פנסיונרים החל מ 1 1 18,2023,"חשיפה למט""ח",fx,12.4,16.0,0.06,10.0,22.0,,,כללית-פנסיונרים החל מ-1.1.18,2026-09-30T21:21:21+00:00,http://www.fnx.co.il/sites/docs/genery/mediniut_ashkaa_tzfuia/pension2023_update11-2023.xls,policy/companies/520023185/raw/520023185/8f694f2542dc_pension2023_update11-2023.xls,כללית-פנסיונרים החל מ-1.1.18
520023185,,,520023185|כללית-פנסיונרים החל מ-1.1.18|הפניקס פנסיה משלימה פנסיונרים החל מ 1 1 18,הפניקס פנסיה משלימה פנסיונרים החל מ 1 1 18,2023,מגבלת עמלת ניהול חיצוני לשנת 2023,,0.08,,,,,,,כללית-פנסיונרים החל מ-1.1.18,2026-09-30T21:21:21+00:00,http://www.fnx.co.il/sites/docs/genery/mediniut_ashkaa_tzfuia/pension2023_update11-2023.xls,policy/companies/520023185/raw/520023185/8f694f2542dc_pension2023_update11-2023.xls,כללית-פנסיונרים החל מ-1.1.18
520023185,,,520023185|מגן|מגן קרן פנסיה ותיקה,מגן קרן פנסיה ותיקה,2023,"מניות (תעודות סל, אופציות, קרנות נאמנות)",equity,14.6,13.0,0.06,7.0,19.0,"35%- מדד ת""א 125 ,   65%- MSCI WORLD AC",,מגן,2026-09-30T21:21:21+00:00,http://www.fnx.co.il/sites/docs/genery/mediniut_ashkaa_tzfuia/pension2023_update11-2023.xls,policy/companies/520023185/raw/520023185/8f694f2542dc_pension2023_update11-2023.xls,מגן
520023185,,,520023185|מגן|מגן קרן פנסיה ותיקה,מגן קרן פנסיה ותיקה,2023,"אג""ח ממשלתי (צמוד, שקלי ומט""ח), ממשלות זרות בנטרול חשיפות בנגזרים",,25.8,26.0,0.05,21.0,31.0,"מדד אג""ח ממשלתי כללי",,מגן,2026-09-30T21:21:21+00:00,http://www.fnx.co.il/sites/docs/genery/mediniut_ashkaa_tzfuia/pension2023_update11-2023.xls,policy/companies/520023185/raw/520023185/8f694f2542dc_pension2023_update11-2023.xls,מגן
520023185,,,520023185|מגן|מגן קרן פנסיה ותיקה,מגן קרן פנסיה ותיקה,2023,"אג""ח מיועדות ורכיב מבטיח תשואה(***)",,39.8,38.0,0.05,33.0,43.0,,,מגן,2026-09-30T21:21:21+00:00,http://www.fnx.co.il/sites/docs/genery/mediniut_ashkaa_tzfuia/pension2023_update11-2023.xls,policy/companies/520023185/raw/520023185/8f694f2542dc_pension2023_update11-2023.xls,מגן
520023185,,,520023185|מגן|מגן קרן פנסיה ותיקה,מגן קרן פנסיה ותיקה,2023,"אג""ח קונצרני (קרנות נאמנות, תעודות סל)",,8.4,12.0,0.06,6.0,18.0,"35% - תל בונד כללי , 20% - תל בונד 60 , 15% - תל בונד 50 , 15% - IBOXX HY - 15%, IBOXX IG",,מגן,2026-09-30T21:21:21+00:00,http://www.fnx.co.il/sites/docs/genery/mediniut_ashkaa_tzfuia/pension2023_update11-2023.xls,policy/companies/520023185/raw/520023185/8f694f2542dc_pension2023_update11-2023.xls,מגן
520023185,,,520023185|מגן|מגן קרן פנסיה ותיקה,מגן קרן פנסיה ותיקה,2023,"נדל""ן",,2.8,1.0,0.05,0.0,6.0,,,מגן,2026-09-30T21:21:21+00:00,http://www.fnx.co.il/sites/docs/genery/mediniut_ashkaa_tzfuia/pension2023_update11-2023.xls,policy/companies/520023185/raw/520023185/8f694f2542dc_pension2023_update11-2023.xls,מגן
520023185,,,520023185|מגן|מגן קרן פנסיה ותיקה,מגן קרן פנסיה ותיקה,2023,"אחר (קרנות השקעה, Co Invest, תשתיות, גידור)",,6.2,5.0,0.05,0.0,10.0,,,מגן,2026-09-30T21:21:21+00:00,http://www.fnx.co.il/sites/docs/genery/mediniut_ashkaa_tzfuia/pension2023_update11-2023.xls,policy/companies/520023185/raw/520023185/8f694f2542dc_pension2023_update11-2023.xls,מגן
520023185,,,520023185|מגן|מגן קרן פנסיה ותיקה,מגן קרן פנסיה ותיקה,2023,מזומנים (*),,2.4,5.0,,,,,,מגן,2026-09-30T21:21:21+00:00,http://www.fnx.co.il/sites/docs/genery/mediniut_ashkaa_tzfuia/pension2023_update11-2023.xls,policy/companies/520023185/raw/520023185/8f694f2542dc_pension2023_update11-2023.xls,מגן
520023185,,,520023185|מגן|מגן קרן פנסיה ותיקה,מגן קרן פנסיה ותיקה,2023,"חשיפה למט""ח",fx,13.1,12.0,0.06,6.0,18.0,,,מגן,2026-09-30T21:21:21+00:00,http://www.fnx.co.il/sites/docs/genery/mediniut_ashkaa_tzfuia/pension2023_update11-2023.xls,policy/companies/520023185/raw/520023185/8f694f2542dc_pension2023_update11-2023.xls,מגן
520023185,,,520023185|קרן גמלאות של עורכי דין|קרן גמלאות של עורכי דין,קרן גמלאות של עורכי דין,2023,"מניות (תעודות סל, אופציות, קרנות נאמנות)",equity,15.2,13.0,0.06,7.0,19.0,"35%- מדד ת""א 125 ,   65%- MSCI WORLD AC",,קרן גמלאות של עורכי דין,2026-09-30T21:21:21+00:00,http://www.fnx.co.il/sites/docs/genery/mediniut_ashkaa_tzfuia/pension2023_update11-2023.xls,policy/companies/520023185/raw/520023185/8f694f2542dc_pension2023_update11-2023.xls,קרן גמלאות של עורכי דין
520023185,,,520023185|קרן גמלאות של עורכי דין|קרן גמלאות של עורכי דין,קרן גמלאות של עורכי דין,2023,"אג""ח ממשלתי (צמוד, שקלי ומט""ח), ממשלות זרות בנטרול חשיפות בנגזרים",,28.2,30.0,0.05,25.0,35.0,"מדד אג""ח ממשלתי כללי",,קרן גמלאות של עורכי דין,2026-09-30T21:21:21+00:00,http://www.fnx.co.il/sites/docs/genery/mediniut_ashkaa_tzfuia/pension2023_update11-2023.xls,policy/companies/520023185/raw/520023185/8f694f2542dc_pension2023_update11-2023.xls,קרן גמלאות של עורכי דין
520023185,,,520023185|קרן גמלאות של עורכי דין|קרן גמלאות של עורכי דין,קרן גמלאות של עורכי דין,2023,"אג""ח מיועדות ורכיב מבטיח תשואה(***)",,38.7,38.0,0.05,33.0,43.0,,,קרן גמלאות של עורכי דין,2026-09-30T21:21:21+00:00,http://www.fnx.co.il/sites/docs/genery/mediniut_ashkaa_tzfuia/pension2023_update11-2023.xls,policy/companies/520023185/raw/520023185/8f694f2542dc_pension2023_update11-2023.xls,קרן גמלאות של עורכי דין
520023185,,,520023185|קרן גמלאות של עורכי דין|קרן גמלאות של עורכי דין,קרן גמלאות של עורכי דין,2023,"אג""ח קונצרני (קרנות נאמנות, תעודות סל)",,9.1,8.0,0.06,2.0,14.0,"35% - תל בונד כללי , 20% - תל בונד 60 , 15% - תל בונד 50 , 15% - IBOXX HY - 15%, IBOXX IG",,קרן גמלאות של עורכי דין,2026-09-30T21:21:21+00:00,http://www.fnx.co.il/sites/docs/genery/mediniut_ashkaa_tzfuia/pension2023_update11-2023.xls,policy/companies/520023185/raw/520023185/8f694f2542dc_pension2023_update11-2023.xls,קרן גמלאות של עורכי דין
520023185,,,520023185|קרן גמלאות של עורכי דין|קרן גמלאות של עורכי דין,קרן גמלאות של עורכי דין,2023,"נדל""ן",,1.7,1.0,0.05,0.0,6.0,,,קרן גמלאות של עורכי דין,2026-09-30T21:21:21+00:00,http://www.fnx.co.il/sites/docs/genery/mediniut_ashkaa_tzfuia/pension2023_update11-2023.xls,policy/companies/520023185/raw/520023185/8f694f2542dc_pension2023_update11-2023.xls,קרן גמלאות של עורכי דין
520023185,,,520023185|קרן גמלאות של עורכי דין|קרן גמלאות של עורכי דין,קרן גמלאות של עורכי דין,2023,"אחר (קרנות השקעה, Co Invest, תשתיות, גידור)",,5.0,5.0,0.05,0.0,10.0,,,קרן גמלאות של עורכי דין,2026-09-30T21:21:21+00:00,http://www.fnx.co.il/sites/docs/genery/mediniut_ashkaa_tzfuia/pension2023_update11-2023.xls,policy/companies/520023185/raw/520023185/8f694f2542dc_pension2023_update11-2023.xls,קרן גמלאות של עורכי דין
520023185,,,520023185|קרן גמלאות של עורכי דין|קרן גמלאות של עורכי דין,קרן גמלאות של עורכי דין,2023,מזומנים (*),,2.1,5.0,,,,,,קרן גמלאות של עורכי דין,2026-09-30T21:21:21+00:00,http://www.fnx.co.il/sites/docs/genery/mediniut_ashkaa_tzfuia/pension2023_update11-2023.xls,policy/companies/520023185/raw/520023185/8f694f2542dc_pension2023_update11-2023.xls,קרן גמלאות של עורכי דין
520023185,,,520023185|קרן גמלאות של עורכי דין|קרן גמלאות של עורכי דין,קרן גמלאות של עורכי דין,2023,"חשיפה למט""ח",fx,10.1,12.0,0.06,6.0,18.0,,,קרן גמלאות של עורכי דין,2026-09-30T21:21:21+00:00,http://www.fnx.co.il/sites/docs/genery/mediniut_ashkaa_tzfuia/pension2023_update11-2023.xls,policy/companies/520023185/raw/520023185/8f694f2542dc_pension2023_update11-2023.xls,קרן גמלאות של עורכי דין
520023185,,,520023185|קרן ט|קרן ט,קרן ט,2023,"מניות (כולל תעודות סל, אופציות, קרנות נאמנות)",equity,38.6,36.0,0.06,30.0,42.0,"35%- מדד ת""א 125,     65%- MSCI WORLD AC",,קרן ט,2026-09-30T21:21:21+00:00,http://www.fnx.co.il/sites/docs/genery/mediniut_ashkaa_tzfuia/bituach2023-update0523.xls,policy/companies/520023185/raw/520023185/dbd3b563e3a9_bituach2023-update0523.xls,קרן ט
520023185,,,520023185|קרן ט|קרן ט,קרן ט,2023,"אג""ח ממשלתי (צמוד,שקלי ומט""ח), ממשלות זרות בנטרול חשיפות בנגזרים (*)",,1.6,0.0,0.05,0.0,5.0,"מדד אג""ח ממשלתי כללי",,קרן ט,2026-09-30T21:21:21+00:00,http://www.fnx.co.il/sites/docs/genery/mediniut_ashkaa_tzfuia/bituach2023-update0523.xls,policy/companies/520023185/raw/520023185/dbd3b563e3a9_bituach2023-update0523.xls,קרן ט
520023185,,,520023185|קרן ט|קרן ט,קרן ט,2023,"אג""ח מיועדות (חץ)",,33.1,40.0,0.05,35.0,45.0,,,קרן ט,2026-09-30T21:21:21+00:00,http://www.fnx.co.il/sites/docs/genery/mediniut_ashkaa_tzfuia/bituach2023-update0523.xls,policy/companies/520023185/raw/520023185/dbd3b563e3a9_bituach2023-update0523.xls,קרן ט
520023185,,,520023185|קרן ט|קרן ט,קרן ט,2023,"אג""ח קונצרני (כולל קרנות נאמנות, תעודות סל)",,17.5,17.0,0.06,11.0,23.0,"35% - תל בונד כללי , 20% - תל בונד 60 , 15% - תל בונד 50 , 15% - IBOXX HY - 15%, IBOXX IG",,קרן ט,2026-09-30T21:21:21+00:00,http://www.fnx.co.il/sites/docs/genery/mediniut_ashkaa_tzfuia/bituach2023-update0523.xls,policy/companies/520023185/raw/520023185/dbd3b563e3a9_bituach2023-update0523.xls,קרן ט
520023185,,,520023185|קרן ט|קרן ט,קרן ט,2023,"נדל""ן",,3.5,3.0,0.05,0.0,8.0,,,קרן ט,2026-09-30T21:21:21+00:00,http://www.fnx.co.il/sites/docs/genery/mediniut_ashkaa_tzfuia/bituach2023-update0523.xls,policy/companies/520023185/raw/520023185/dbd3b563e3a9_bituach2023-update0523.xls,קרן ט
520023185,,,520023185|קרן ט|קרן ט,קרן ט,2023,"אחר (קרנות השקעה,Co Invest,תשתיות, גידור)",,2.9,2.0,0.05,0.0,7.0,,,קרן ט,2026-09-30T21:21:21+00:00,http://www.fnx.co.il/sites/docs/genery/mediniut_ashkaa_tzfuia/bituach2023-update0523.xls,policy/companies/520023185/raw/520023185/dbd3b563e3a9_bituach2023-update0523.xls,קרן ט
520023185,,,520023185|קרן ט|קרן ט,קרן ט,2023,מזומנים (*),,2.8,2.0,,,,,,קרן ט,2026-09-30T21:21:21+00:00,http://www.fnx.co.il/sites/docs/genery/mediniut_ashkaa_tzfuia/bituach2023-update0523.xls,policy/companies/520023185/raw/520023185/dbd3b563e3a9_bituach2023-update0523.xls,קרן ט
520023185,,,520023185|קרן ט|קרן ט,קרן ט,2023,"חשיפה למט""ח",fx,18.5,19.0,0.06,13.0,25.0,,,קרן ט,2026-09-30T21:21:21+00:00,http://www.fnx.co.il/sites/docs/genery/mediniut_ashkaa_tzfuia/bituach2023-update0523.xls,policy/companies/520023185/raw/520023185/dbd3b563e3a9_bituach2023-update0523.xls,קרן ט
520023185,,,520023185|קרן ט|קרן ט,קרן ט,2023,מגבלת עמלת ניהול חיצוני לשנת 2023,,0.1,,,,,,,קרן ט,2026-09-30T21:21:21+00:00,http://www.fnx.co.il/sites/docs/genery/mediniut_ashkaa_tzfuia/bituach2023-update0523.xls,policy/companies/520023185/raw/520023185/dbd3b563e3a9_bituach2023-update0523.xls,קרן ט
520023185,,,520023185|מסלול כללי (פרט)|מסלול כללי 1,מסלול כללי 1,2023,"מניות (כולל תעודות סל, אופציות, קרנות נאמנות)",equity,42.6,43.0,0.06,37.0,49.0,"35%- מדד ת""א 125,     65%- MSCI WORLD AC",,מסלול כללי (פרט),2026-09-30T21:21:21+00:00,http://www.fnx.co.il/sites/docs/genery/mediniut_ashkaa_tzfuia/bituach2023-update0523.xls,policy/companies/520023185/raw/520023185/dbd3b563e3a9_bituach2023-update0523.xls,מסלול כללי (פרט)
520023185,,,520023185|מסלול כללי (פרט)|מסלול כללי 1,מסלול כללי 1,2023,"אג""ח ממשלתי (צמוד,שקלי ומט""ח), ממשלות זרות בנטרול חשיפות בנגזרים (*)",,7.4,8.0,0.05,3.0,13.0,"מדד אג""ח ממשלתי כללי",,מסלול כללי (פרט),2026-09-30T21:21:21+00:00,http://www.fnx.co.il/sites/docs/genery/mediniut_ashkaa_tzfuia/bituach2023-update0523.xls,policy/companies/520023185/raw/520023185/dbd3b563e3a9_bituach2023-update0523.xls,מסלול כללי (פרט)
520023185,,,520023185|מסלול כללי (פרט)|מסלול כללי 1,מסלול כללי 1,2023,"אג""ח קונצרני (כולל קרנות נאמנות, תעודות סל)",,34.4,33.0,0.06,27.0,39.0,"35% - תל בונד כללי , 20% - תל בונד 60 , 15% - תל בונד 50 , 15% - IBOXX HY - 15%, IBOXX IG",,מסלול כללי (פרט),2026-09-30T21:21:21+00:00,http://www.fnx.co.il/sites/docs/genery/mediniut_ashkaa_tzfuia/bituach2023-update0523.xls,policy/companies/520023185/raw/520023185/dbd3b563e3a9_bituach2023-update0523.xls,מסלול כללי (פרט)
520023185,,,520023185|מסלול כללי (פרט)|מסלול כללי 1,מסלול כללי 1,2023,"נדל""ן",,3.8,5.0,0.05,0.0,10.0,,,מסלול כללי (פרט),2026-09-30T21:21:21+00:00,http://www.fnx.co.il/sites/docs/genery/mediniut_ashkaa_tzfuia/bituach2023-update0523.xls,policy/companies/520023185/raw/520023185/dbd3b563e3a9_bituach2023-update0523.xls,מסלול כללי (פרט)
520023185,,,520023185|מסלול כללי (פרט)|מסלול כללי 1,מסלול כללי 1,2023,קרנות השקעה,,5.3,4.0,0.05,0.0,9.0,,,מסלול כללי (פרט),2026-09-30T21:21:21+00:00,http://www.fnx.co.il/sites/docs/genery/mediniut_ashkaa_tzfuia/bituach2023-update0523.xls,policy/companies/520023185/raw/520023185/dbd3b563e3a9_bituach2023-update0523.xls,מסלול כללי (פרט)
520023185,,,520023185|מסלול כללי (פרט)|מסלול כללי 1,מסלול כללי 1,2023,"אחר (Co Invest,תשתיות, גידור)",,5.7,5.0,0.05,0.0,10.0,,,מסלול כללי (פרט),2026-09-30T21:21:21+00:00,http://www.fnx.co.il/sites/docs/genery/mediniut_ashkaa_tzfuia/bituach2023-update0523.xls,policy/companies/520023185/raw/520023185/dbd3b563e3a9_bituach2023-update0523.xls,מסלול כללי (פרט)
520023185,,,520023185|מסלול כללי (פרט)|מסלול כללי 1,מסלול כללי 1,2023,מזומנים (*),,0.8,2.0,,,,,,מסלול כללי (פרט),2026-09-30T21:21:21+00:00,http://www.fnx.co.il/sites/docs/genery/mediniut_ashkaa_tzfuia/bituach2023-update0523.xls,policy/companies/520023185/raw/520023185/dbd3b563e3a9_bituach2023-update0523.xls,מסלול כללי (פרט)
520023185,,,520023185|מסלול כללי (פרט)|מסלול כללי 1,מסלול כללי 1,2023,"חשיפה למט""ח",fx,18.1,19.0,0.06,15.0,27.0,,,מסלול כללי (פרט),2026-09-30T21:21:21+00:00,http://www.fnx.co.il/sites/docs/genery/mediniut_ashkaa_tzfuia/bituach2023-update0523.xls,policy/companies/520023185/raw/520023185/dbd3b563e3a9_bituach2023-update0523.xls,מסלול כללי (פרט)
520023185,,,520023185|מסלול כללי (פרט)|מסלול כללי 1,מסלול כללי 1,2023,מגבלת עמלת ניהול חיצוני לשנת 2023,,0.2,,,,,,,מסלול כללי (פרט),2026-09-30T21:21:21+00:00,http://www.fnx.co.il/sites/docs/genery/mediniut_ashkaa_tzfuia/bituach2023-update0523.xls,policy/companies/520023185/raw/520023185/dbd3b563e3a9_bituach2023-update0523.xls,מסלול כללי (פרט)
520023185,,,520023185|כללי פאסיבי כללי|מסלול ביטוח פאסיבי כללי,מסלול ביטוח פאסיבי כללי,2023,"מניות (תעודות סל, אופציות, קרנות נאמנות)",equity,54.4,52.0,0.06,46.0,58.0,TPX,,כללי פאסיבי כללי,2026-09-30T21:21:21+00:00,http://www.fnx.co.il/sites/docs/genery/mediniut_ashkaa_tzfuia/bituach2023-update0523.xls,policy/companies/520023185/raw/520023185/dbd3b563e3a9_bituach2023-update0523.xls,כללי פאסיבי כללי
520023185,,,520023185|כללי פאסיבי כללי|מסלול ביטוח פאסיבי כללי,מסלול ביטוח פאסיבי כללי,2023,"אג""ח ממשלתי (צמוד,שקלי ומט""ח), ממשלות",,8.2,8.0,0.05,3.0,13.0,משקל שחר 0-2,,כללי פאסיבי כללי,2026-09-30T21:21:21+00:00,http://www.fnx.co.il/sites/docs/genery/mediniut_ashkaa_tzfuia/bituach2023-update0523.xls,policy/companies/520023185/raw/520023185/dbd3b563e3a9_bituach2023-update0523.xls,כללי פאסיבי כללי
520023185,,,520023185|כללי פאסיבי כללי|מסלול ביטוח פאסיבי כללי,מסלול ביטוח פאסיבי כללי,2023,"אג""ח קונצרני (כולל קרנות נאמנות, תעודות סל)",,38.6,38.0,0.06,32.0,44.0,JCMBCOMP,,כללי פאסיבי כללי,2026-09-30T21:21:21+00:00,http://www.fnx.co.il/sites/docs/genery/mediniut_ashkaa_tzfuia/bituach2023-update0523.xls,policy/companies/520023185/raw/520023185/dbd3b563e3a9_bituach2023-update0523.xls,כללי פאסיבי כללי
520023185,,,520023185|כללי פאסיבי כללי|מסלול ביטוח פאסיבי כללי,מסלול ביטוח פאסיבי כללי,2023,אחר,,0.0,0.0,0.05,0.0,5.0,,,כללי פאסיבי כללי,2026-09-30T21:21:21+00:00,http://www.fnx.co.il/sites/docs/genery/mediniut_ashkaa_tzfuia/bituach2023-update0523.xls,policy/companies/520023185/raw/520023185/dbd3b563e3a9_bituach2023-update0523.xls,כללי פאסיבי כללי
520023185,,,520023185|כללי פאסיבי כללי|מסלול ביטוח פאסיבי כללי,מסלול ביטוח פאסיבי כללי,2023,מזומנים (*),,-1.2,2.0,,,,"ריבית פח""ק",,כללי פאסיבי כללי,2026-09-30T21:21:21+00:00,http://www.fnx.co.il/sites/docs/genery/mediniut_ashkaa_tzfuia/bituach2023-update0523.xls,policy/companies/520023185/raw/520023185/dbd3b563e3a9_bituach2023-update0523.xls,כללי פאסיבי כללי
520023185,,,520023185|כללי פאסיבי כללי|מסלול ביטוח פאסיבי כללי,מסלול ביטוח פאסיבי כללי,2023,"חשיפה למט""ח",fx,19.9,19.0,0.06,13.0,25.0,,,כללי פאסיבי כללי,2026-09-30T21:21:21+00:00,http://www.fnx.co.il/sites/docs/genery/mediniut_ashkaa_tzfuia/bituach2023-update0523.xls,policy/companies/520023185/raw/520023185/dbd3b563e3a9_bituach2023-update0523.xls,כללי פאסיבי כללי
520023185,,,520023185|כללי פאסיבי כללי|מסלול ביטוח פאסיבי כללי,מסלול ביטוח פאסיבי כללי,2023,מגבלת עמלת ניהול חיצוני לשנת 2023,,0.04,,,,,,,כללי פאסיבי כללי,2026-09-30T21:21:21+00:00,http://www.fnx.co.il/sites/docs/genery/mediniut_ashkaa_tzfuia/bituach2023-update0523.xls,policy/companies/520023185/raw/520023185/dbd3b563e3a9_bituach2023-update0523.xls,כללי פאסיבי כללי
520023185,,,520023185|תלוי גיל|הפניקס מסלול השקעה לבני 50 ומטה,הפניקס מסלול השקעה לבני 50 ומטה,2023,"מניות (כולל תעודות סל, אופציות, קרנות נאמנות)",equity,49.0,51.0,0.06,45.0,57.0,"35%- מדד ת""א 125,     65%- MSCI WORLD AC",,תלוי גיל,2026-09-30T21:21:21+00:00,http://www.fnx.co.il/sites/docs/genery/mediniut_ashkaa_tzfuia/bituach2023-update0523.xls,policy/companies/520023185/raw/520023185/dbd3b563e3a9_bituach2023-update0523.xls,תלוי גיל
520023185,,,520023185|תלוי גיל|הפניקס מסלול השקעה לבני 50 ומטה,הפניקס מסלול השקעה לבני 50 ומטה,2023,"אג""ח ממשלתי (צמוד,שקלי ומט""ח), ממשלות זרות בנטרול חשיפות בנגזרים (*)",,4.7,6.0,0.05,1.0,11.0,"מדד אג""ח ממשלתי כללי",,תלוי גיל,2026-09-30T21:21:21+00:00,http://www.fnx.co.il/sites/docs/genery/mediniut_ashkaa_tzfuia/bituach2023-update0523.xls,policy/companies/520023185/raw/520023185/dbd3b563e3a9_bituach2023-update0523.xls,תלוי גיל
520023185,,,520023185|תלוי גיל|הפניקס מסלול השקעה לבני 50 ומטה,הפניקס מסלול השקעה לבני 50 ומטה,2023,"אג""ח קונצרני (כולל קרנות נאמנות, תעודות סל)",,28.4,29.0,0.06,23.0,35.0,"35% - תל בונד כללי , 20% - תל בונד 60 , 15% - תל בונד 50 , 15% - IBOXX HY - 15%, IBOXX IG",,תלוי גיל,2026-09-30T21:21:21+00:00,http://www.fnx.co.il/sites/docs/genery/mediniut_ashkaa_tzfuia/bituach2023-update0523.xls,policy/companies/520023185/raw/520023185/dbd3b563e3a9_bituach2023-update0523.xls,תלוי גיל
520023185,,,520023185|תלוי גיל|הפניקס מסלול השקעה לבני 50 ומטה,הפניקס מסלול השקעה לבני 50 ומטה,2023,"נדל""ן",,2.2,2.0,0.05,0.0,7.0,,,תלוי גיל,2026-09-30T21:21:21+00:00,http://www.fnx.co.il/sites/docs/genery/mediniut_ashkaa_tzfuia/bituach2023-update0523.xls,policy/companies/520023185/raw/520023185/dbd3b563e3a9_bituach2023-update0523.xls,תלוי גיל
520023185,,,520023185|תלוי גיל|הפניקס מסלול השקעה לבני 50 ומטה,הפניקס מסלול השקעה לבני 50 ומטה,2023,קרנות השקעה,,6.4,5.0,0.05,0.0,10.0,,,תלוי גיל,2026-09-30T21:21:21+00:00,http://www.fnx.co.il/sites/docs/genery/mediniut_ashkaa_tzfuia/bituach2023-update0523.xls,policy/companies/520023185/raw/520023185/dbd3b563e3a9_bituach2023-update0523.xls,תלוי גיל
520023185,,,520023185|תלוי גיל|הפניקס מסלול השקעה לבני 50 ומטה,הפניקס מסלול השקעה לבני 50 ומטה,2023,Co Invest,,4.9,4.0,0.05,0.0,9.0,,,תלוי גיל,2026-09-30T21:21:21+00:00,http://www.fnx.co.il/sites/docs/genery/mediniut_ashkaa_tzfuia/bituach2023-update0523.xls,policy/companies/520023185/raw/520023185/dbd3b563e3a9_bituach2023-update0523.xls,תלוי גיל
520023185,,,520023185|תלוי גיל|הפניקס מסלול השקעה לבני 50 ומטה,הפניקס מסלול השקעה לבני 50 ומטה,2023,"אחר (תשתיות, גידור)",,3.0,1.0,0.05,0.0,6.0,,,תלוי גיל,2026-09-30T21:21:21+00:00,http://www.fnx.co.il/sites/docs/genery/mediniut_ashkaa_tzfuia/bituach2023-update0523.xls,policy/companies/520023185/raw/520023185/dbd3b563e3a9_bituach2023-update0523.xls,תלוי גיל
520023185,,,520023185|תלוי גיל|הפניקס מסלול השקעה לבני 50 ומטה,הפניקס מסלול השקעה לבני 50 ומטה,2023,מזומנים (*),,1.4,2.0,,,,,,תלוי גיל,2026-09-30T21:21:21+00:00,http://www.fnx.co.il/sites/docs/genery/mediniut_ashkaa_tzfuia/bituach2023-update0523.xls,policy/companies/520023185/raw/520023185/dbd3b563e3a9_bituach2023-update0523.xls,תלוי גיל
520023185,,,520023185|תלוי גיל|הפניקס מסלול השקעה לבני 50 ומטה,הפניקס מסלול השקעה לבני 50 ומטה,2023,"חשיפה למט""ח",fx,18.1,19.0,0.06,15.0,27.0,,,תלוי גיל,2026-09-30T21:21:21+00:00,http://www.fnx.co.il/sites/docs/genery/mediniut_ashkaa_tzfuia/bituach2023-update0523.xls,policy/companies/520023185/raw/520023185/dbd3b563e3a9_bituach2023-update0523.xls,תלוי גיל
520023185,,,520023185|תלוי גיל|הפניקס מסלול השקעה לבני 50 ומטה,הפניקס מסלול השקעה לבני 50 ומטה,2023,מגבלת עמלת ניהול חיצוני לשנת 2023,,0.25,,,,,,,תלוי גיל,2026-09-30T21:21:21+00:00,http://www.fnx.co.il/sites/docs/genery/mediniut_ashkaa_tzfuia/bituach2023-update0523.xls,policy/companies/520023185/raw/520023185/dbd3b563e3a9_bituach2023-update0523.xls,תלוי גיל
520023185,,,520023185|תלוי גיל|הפניקס מסלול השקעה לבני 50 עד 60,הפניקס מסלול השקעה לבני 50 עד 60,2023,"מניות (כולל תעודות סל, אופציות, קרנות נאמנות)",equity,40.3,42.0,0.06,36.0,48.0,"35%- מדד ת""א 125,     65%- MSCI WORLD AC",,תלוי גיל,2026-09-30T21:21:21+00:00,http://www.fnx.co.il/sites/docs/genery/mediniut_ashkaa_tzfuia/bituach2023-update0523.xls,policy/companies/520023185/raw/520023185/dbd3b563e3a9_bituach2023-update0523.xls,תלוי גיל
520023185,,,520023185|תלוי גיל|הפניקס מסלול השקעה לבני 50 עד 60,הפניקס מסלול השקעה לבני 50 עד 60,2023,"אג""ח ממשלתי (צמוד,שקלי ומט""ח), ממשלות זרות בנטרול חשיפות בנגזרים (*)",,13.6,15.0,0.05,10.0,20.0,"מדד אג""ח ממשלתי כללי",,תלוי גיל,2026-09-30T21:21:21+00:00,http://www.fnx.co.il/sites/docs/genery/mediniut_ashkaa_tzfuia/bituach2023-update0523.xls,policy/companies/520023185/raw/520023185/dbd3b563e3a9_bituach2023-update0523.xls,תלוי גיל
520023185,,,520023185|תלוי גיל|הפניקס מסלול השקעה לבני 50 עד 60,הפניקס מסלול השקעה לבני 50 עד 60,2023,"אג""ח קונצרני (כולל קרנות נאמנות, תעודות סל)",,32.8,32.0,0.06,26.0,38.0,"35% - תל בונד כללי , 20% - תל בונד 60 , 15% - תל בונד 50 , 15% - IBOXX HY - 15%, IBOXX IG",,תלוי גיל,2026-09-30T21:21:21+00:00,http://www.fnx.co.il/sites/docs/genery/mediniut_ashkaa_tzfuia/bituach2023-update0523.xls,policy/companies/520023185/raw/520023185/dbd3b563e3a9_bituach2023-update0523.xls,תלוי גיל
520023185,,,520023185|תלוי גיל|הפניקס מסלול השקעה לבני 50 עד 60,הפניקס מסלול השקעה לבני 50 עד 60,2023,"נדל""ן",,1.7,1.0,0.05,0.0,6.0,,,תלוי גיל,2026-09-30T21:21:21+00:00,http://www.fnx.co.il/sites/docs/genery/mediniut_ashkaa_tzfuia/bituach2023-update0523.xls,policy/companies/520023185/raw/520023185/dbd3b563e3a9_bituach2023-update0523.xls,תלוי גיל
520023185,,,520023185|תלוי גיל|הפניקס מסלול השקעה לבני 50 עד 60,הפניקס מסלול השקעה לבני 50 עד 60,2023,קרנות השקעה,,4.3,3.0,0.05,0.0,8.0,,,תלוי גיל,2026-09-30T21:21:21+00:00,http://www.fnx.co.il/sites/docs/genery/mediniut_ashkaa_tzfuia/bituach2023-update0523.xls,policy/companies/520023185/raw/520023185/dbd3b563e3a9_bituach2023-update0523.xls,תלוי גיל
520023185,,,520023185|תלוי גיל|הפניקס מסלול השקעה לבני 50 עד 60,הפניקס מסלול השקעה לבני 50 עד 60,2023,"אחר (Co Invest,תשתיות, גידור)",,5.5,4.0,0.05,0.0,9.0,,,תלוי גיל,2026-09-30T21:21:21+00:00,http://www.fnx.co.il/sites/docs/genery/mediniut_ashkaa_tzfuia/bituach2023-update0523.xls,policy/companies/520023185/raw/520023185/dbd3b563e3a9_bituach2023-update0523.xls,תלוי גיל
520023185,,,520023185|תלוי גיל|הפניקס מסלול השקעה לבני 50 עד 60,הפניקס מסלול השקעה לבני 50 עד 60,2023,מזומנים (*),,1.8,3.0,,,,,,תלוי גיל,2026-09-30T21:21:21+00:00,http://www.fnx.co.il/sites/docs/genery/mediniut_ashkaa_tzfuia/bituach2023-update0523.xls,policy/companies/520023185/raw/520023185/dbd3b563e3a9_bituach2023-update0523.xls,תלוי גיל
520023185,,,520023185|תלוי גיל|הפניקס מסלול השקעה לבני 50 עד 60,הפניקס מסלול השקעה לבני 50 עד 60,2023,"חשיפה למט""ח",fx,18.1,19.0,0.06,15.0,27.0,,,תלוי גיל,2026-09-30T21:21:21+00:00,http://www.fnx.co.il/sites/docs/genery/mediniut_ashkaa_tzfuia/bituach2023-update0523.xls,policy/companies/520023185/raw/520023185/dbd3b563e3a9_bituach2023-update0523.xls,תלוי גיל
520023185,,,520023185|תלוי גיל|הפניקס מסלול השקעה לבני 50 עד 60,הפניקס מסלול השקעה לבני 50 עד 60,2023,מגבלת עמלת ניהול חיצוני לשנת 2023,,0.2,,,,,,,תלוי גיל,2026-09-30T21:21:21+00:00,http://www.fnx.co.il/sites/docs/genery/mediniut_ashkaa_tzfuia/bituach2023-update0523.xls,policy/companies/520023185/raw/520023185/dbd3b563e3a9_bituach2023-update0523.xls,תלוי גיל
520023185,,,520023185|תלוי גיל|הפניקס מסלול השקעה לבני 60 ומעלה,הפניקס מסלול השקעה לבני 60 ומעלה,2023,"מניות (כולל תעודות סל, אופציות, קרנות נאמנות)",equity,23.3,24.0,0.06,18.0,30.0,"35%- מדד ת""א 125,     65%- MSCI WORLD AC",,תלוי גיל,2026-09-30T21:21:21+00:00,http://www.fnx.co.il/sites/docs/genery/mediniut_ashkaa_tzfuia/bituach2023-update0523.xls,policy/companies/520023185/raw/520023185/dbd3b563e3a9_bituach2023-update0523.xls,תלוי גיל
520023185,,,520023185|תלוי גיל|הפניקס מסלול השקעה לבני 60 ומעלה,הפניקס מסלול השקעה לבני 60 ומעלה,2023,"אג""ח ממשלתי (צמוד,שקלי ומט""ח), ממשלות זרות בנטרול חשיפות בנגזרים (*)",,27.0,30.0,0.05,25.0,35.0,"מדד אג""ח ממשלתי כללי",,תלוי גיל,2026-09-30T21:21:21+00:00,http://www.fnx.co.il/sites/docs/genery/mediniut_ashkaa_tzfuia/bituach2023-update0523.xls,policy/companies/520023185/raw/520023185/dbd3b563e3a9_bituach2023-update0523.xls,תלוי גיל
520023185,,,520023185|תלוי גיל|הפניקס מסלול השקעה לבני 60 ומעלה,הפניקס מסלול השקעה לבני 60 ומעלה,2023,"אג""ח קונצרני (כולל קרנות נאמנות, תעודות סל)",,35.0,36.0,0.06,30.0,42.0,"35% - תל בונד כללי , 20% - תל בונד 60 , 15% - תל בונד 50 , 15% - IBOXX HY - 15%, IBOXX IG",,תלוי גיל,2026-09-30T21:21:21+00:00,http://www.fnx.co.il/sites/docs/genery/mediniut_ashkaa_tzfuia/bituach2023-update0523.xls,policy/companies/520023185/raw/520023185/dbd3b563e3a9_bituach2023-update0523.xls,תלוי גיל
520023185,,,520023185|תלוי גיל|הפניקס מסלול השקעה לבני 60 ומעלה,הפניקס מסלול השקעה לבני 60 ומעלה,2023,"נדל""ן",,1.5,0.0,0.05,0.0,5.0,,,תלוי גיל,2026-09-30T21:21:21+00:00,http://www.fnx.co.il/sites/docs/genery/mediniut_ashkaa_tzfuia/bituach2023-update0523.xls,policy/companies/520023185/raw/520023185/dbd3b563e3a9_bituach2023-update0523.xls,תלוי גיל
520023185,,,520023185|תלוי גיל|הפניקס מסלול השקעה לבני 60 ומעלה,הפניקס מסלול השקעה לבני 60 ומעלה,2023,קרנות השקעה,,4.3,3.0,0.05,0.0,8.0,,,תלוי גיל,2026-09-30T21:21:21+00:00,http://www.fnx.co.il/sites/docs/genery/mediniut_ashkaa_tzfuia/bituach2023-update0523.xls,policy/companies/520023185/raw/520023185/dbd3b563e3a9_bituach2023-update0523.xls,תלוי גיל
520023185,,,520023185|תלוי גיל|הפניקס מסלול השקעה לבני 60 ומעלה,הפניקס מסלול השקעה לבני 60 ומעלה,2023,"אחר (Co Invest,תשתיות, גידור)",,5.1,4.0,0.05,0.0,9.0,,,תלוי גיל,2026-09-30T21:21:21+00:00,http://www.fnx.co.il/sites/docs/genery/mediniut_ashkaa_tzfuia/bituach2023-update0523.xls,policy/companies/520023185/raw/520023185/dbd3b563e3a9_bituach2023-update0523.xls,תלוי גיל
520023185,,,520023185|תלוי גיל|הפניקס מסלול השקעה לבני 60 ומעלה,הפניקס מסלול השקעה לבני 60 ומעלה,2023,מזומנים (*),,3.8,3.0,,,,,,תלוי גיל,2026-09-30T21:21:21+00:00,http://www.fnx.co.il/sites/docs/genery/mediniut_ashkaa_tzfuia/bituach2023-update0523.xls,policy/companies/520023185/raw/520023185/dbd3b563e3a9_bituach2023-update0523.xls,תלוי גיל
520023185,,,520023185|תלוי גיל|הפניקס מסלול השקעה לבני 60 ומעלה,הפניקס מסלול השקעה לבני 60 ומעלה,2023,"חשיפה למט""ח",fx,14.9,17.0,0.06,11.0,23.0,,,תלוי גיל,2026-09-30T21:21:21+00:00,http://www.fnx.co.il/sites/docs/genery/mediniut_ashkaa_tzfuia/bituach2023-update0523.xls,policy/companies/520023185/raw/520023185/dbd3b563e3a9_bituach2023-update0523.xls,תלוי גיל
520023185,,,520023185|תלוי גיל|הפניקס מסלול השקעה לבני 60 ומעלה,הפניקס מסלול השקעה לבני 60 ומעלה,2023,מגבלת עמלת ניהול חיצוני לשנת 2023,,0.18,,,,,,,תלוי גיל,2026-09-30T21:21:21+00:00,http://www.fnx.co.il/sites/docs/genery/mediniut_ashkaa_tzfuia/bituach2023-update0523.xls,policy/companies/520023185/raw/520023185/dbd3b563e3a9_bituach2023-update0523.xls,תלוי גיל
520023185,,,520023185|תלוי גיל פאסיבי|הפניקס מסלול השקעה פאסיבי לבני 50 ומטה,הפניקס מסלול השקעה פאסיבי לבני 50 ומטה,2023,"אג""ח ממשלתי (צמוד,שקלי ומט""ח), ממשלות",,5.7,6.0,0.05,1.0,11.0,משקל שחר 0-2,,תלוי גיל פאסיבי,2026-09-30T21:21:21+00:00,http://www.fnx.co.il/sites/docs/genery/mediniut_ashkaa_tzfuia/bituach2023-update0523.xls,policy/companies/520023185/raw/520023185/dbd3b563e3a9_bituach2023-update0523.xls,תלוי גיל פאסיבי
520023185,,,520023185|תלוי גיל פאסיבי|הפניקס מסלול השקעה פאסיבי לבני 50 ומטה,הפניקס מסלול השקעה פאסיבי לבני 50 ומטה,2023,"אג""ח קונצרני (כולל קרנות נאמנות, תעודות סל)",,30.6,31.0,0.06,25.0,37.0,JCMBCOMP,,תלוי גיל פאסיבי,2026-09-30T21:21:21+00:00,http://www.fnx.co.il/sites/docs/genery/mediniut_ashkaa_tzfuia/bituach2023-update0523.xls,policy/companies/520023185/raw/520023185/dbd3b563e3a9_bituach2023-update0523.xls,תלוי גיל פאסיבי
520023185,,,520023185|תלוי גיל פאסיבי|הפניקס מסלול השקעה פאסיבי לבני 50 ומטה,הפניקס מסלול השקעה פאסיבי לבני 50 ומטה,2023,אחר,,0.0,0.0,0.05,0.0,5.0,,,תלוי גיל פאסיבי,2026-09-30T21:21:21+00:00,http://www.fnx.co.il/sites/docs/genery/mediniut_ashkaa_tzfuia/bituach2023-update0523.xls,policy/companies/520023185/raw/520023185/dbd3b563e3a9_bituach2023-update0523.xls,תלוי גיל פאסיבי
520023185,,,520023185|תלוי גיל פאסיבי|הפניקס מסלול השקעה פאסיבי לבני 50 ומטה,הפניקס מסלול השקעה פאסיבי לבני 50 ומטה,2023,מזומנים (*),,-1.4,2.0,,,,"ריבית פח""ק",,תלוי גיל פאסיבי,2026-09-30T21:21:21+00:00,http://www.fnx.co.il/sites/docs/genery/mediniut_ashkaa_tzfuia/bituach2023-update0523.xls,policy/companies/520023185/raw/520023185/dbd3b563e3a9_bituach2023-update0523.xls,תלוי גיל פאסיבי
520023185,,,520023185|תלוי גיל פאסיבי|הפניקס מסלול השקעה פאסיבי לבני 50 ומטה,הפניקס מסלול השקעה פאסיבי לבני 50 ומטה,2023,"חשיפה למט""ח",fx,18.6,19.0,0.06,13.0,25.0,,,תלוי גיל פאסיבי,2026-09-30T21:21:21+00:00,http://www.fnx.co.il/sites/docs/genery/mediniut_ashkaa_tzfuia/bituach2023-update0523.xls,policy/companies/520023185/raw/520023185/dbd3b563e3a9_bituach2023-update0523.xls,תלוי גיל פאסיבי
520023185,,,520023185|תלוי גיל פאסיבי|הפניקס מסלול השקעה פאסיבי לבני 50 ומטה,הפניקס מסלול השקעה פאסיבי לבני 50 ומטה,2023,מגבלת עמלת ניהול חיצוני לשנת 2023,,0.04,,,,,,,תלוי גיל פאסיבי,2026-09-30T21:21:21+00:00,http://www.fnx.co.il/sites/docs/genery/mediniut_ashkaa_tzfuia/bituach2023-update0523.xls,policy/companies/520023185/raw/520023185/dbd3b563e3a9_bituach2023-update0523.xls,תלוי גיל פאסיבי
520023185,,,520023185|תלוי גיל פאסיבי|הפניקס מסלול השקעה פאסיבי לבני 50 עד 60,הפניקס מסלול השקעה פאסיבי לבני 50 עד 60,2023,"מניות (כולל תעודות סל, אופציות, קרנות נאמנות)",equity,51.8,49.0,0.06,43.0,55.0,NASDAQ100,,תלוי גיל פאסיבי,2026-09-30T21:21:21+00:00,http://www.fnx.co.il/sites/docs/genery/mediniut_ashkaa_tzfuia/bituach2023-update0523.xls,policy/companies/520023185/raw/520023185/dbd3b563e3a9_bituach2023-update0523.xls,תלוי גיל פאסיבי
520023185,,,520023185|תלוי גיל פאסיבי|הפניקס מסלול השקעה פאסיבי לבני 50 עד 60,הפניקס מסלול השקעה פאסיבי לבני 50 עד 60,2023,"אג""ח ממשלתי (צמוד,שקלי ומט""ח), ממשלות",,14.8,15.0,0.05,10.0,20.0,משקל שחר 0-2,,תלוי גיל פאסיבי,2026-09-30T21:21:21+00:00,http://www.fnx.co.il/sites/docs/genery/mediniut_ashkaa_tzfuia/bituach2023-update0523.xls,policy/companies/520023185/raw/520023185/dbd3b563e3a9_bituach2023-update0523.xls,תלוי גיל פאסיבי
520023185,,,520023185|תלוי גיל פאסיבי|הפניקס מסלול השקעה פאסיבי לבני 50 עד 60,הפניקס מסלול השקעה פאסיבי לבני 50 עד 60,2023,אחר,,0.0,0.0,0.05,0.0,5.0,,,תלוי גיל פאסיבי,2026-09-30T21:21:21+00:00,http://www.fnx.co.il/sites/docs/genery/mediniut_ashkaa_tzfuia/bituach2023-update0523.xls,policy/companies/520023185/raw/520023185/dbd3b563e3a9_bituach2023-update0523.xls,תלוי גיל פאסיבי
520023185,,,520023185|תלוי גיל פאסיבי|הפניקס מסלול השקעה פאסיבי לבני 50 עד 60,הפניקס מסלול השקעה פאסיבי לבני 50 עד 60,2023,מזומנים (*),,-1.7,3.0,,,,"ריבית פח""ק",,תלוי גיל פאסיבי,2026-09-30T21:21:21+00:00,http://www.fnx.co.il/sites/docs/genery/mediniut_ashkaa_tzfuia/bituach2023-update0523.xls,policy/companies/520023185/raw/520023185/dbd3b563e3a9_bituach2023-update0523.xls,תלוי גיל פאסיבי
520023185,,,520023185|תלוי גיל פאסיבי|הפניקס מסלול השקעה פאסיבי לבני 50 עד 60,הפניקס מסלול השקעה פאסיבי לבני 50 עד 60,2023,"חשיפה למט""ח",fx,18.4,19.0,0.06,13.0,25.0,,,תלוי גיל פאסיבי,2026-09-30T21:21:21+00:00,http://www.fnx.co.il/sites/docs/genery/mediniut_ashkaa_tzfuia/bituach2023-update0523.xls,policy/companies/520023185/raw/520023185/dbd3b563e3a9_bituach2023-update0523.xls,תלוי גיל פאסיבי
520023185,,,520023185|תלוי גיל פאסיבי|הפניקס מסלול השקעה פאסיבי לבני 50 עד 60,הפניקס מסלול השקעה פאסיבי לבני 50 עד 60,2023,מגבלת עמלת ניהול חיצוני לשנת 2023,,0.04,,,,,,,תלוי גיל פאסיבי,2026-09-30T21:21:21+00:00,http://www.fnx.co.il/sites/docs/genery/mediniut_ashkaa_tzfuia/bituach2023-update0523.xls,policy/companies/520023185/raw/520023185/dbd3b563e3a9_bituach2023-update0523.xls,תלוי גיל פאסיבי
520023185,,,520023185|תלוי גיל פאסיבי|הפניקס מסלול השקעה פאסיבי לבני 60 ומעלה,הפניקס מסלול השקעה פאסיבי לבני 60 ומעלה,2023,"מניות (כולל תעודות סל, אופציות, קרנות נאמנות)",equity,33.8,31.0,0.06,25.0,37.0,NASDAQ100,,תלוי גיל פאסיבי,2026-09-30T21:21:21+00:00,http://www.fnx.co.il/sites/docs/genery/mediniut_ashkaa_tzfuia/bituach2023-update0523.xls,policy/companies/520023185/raw/520023185/dbd3b563e3a9_bituach2023-update0523.xls,תלוי גיל פאסיבי
520023185,,,520023185|תלוי גיל פאסיבי|הפניקס מסלול השקעה פאסיבי לבני 60 ומעלה,הפניקס מסלול השקעה פאסיבי לבני 60 ומעלה,2023,"אג""ח ממשלתי (צמוד,שקלי ומט""ח), ממשלות",,28.4,30.0,0.05,25.0,35.0,משקל שחר 0-2,,תלוי גיל פאסיבי,2026-09-30T21:21:21+00:00,http://www.fnx.co.il/sites/docs/genery/mediniut_ashkaa_tzfuia/bituach2023-update0523.xls,policy/companies/520023185/raw/520023185/dbd3b563e3a9_bituach2023-update0523.xls,תלוי גיל פאסיבי
520023185,,,520023185|תלוי גיל פאסיבי|הפניקס מסלול השקעה פאסיבי לבני 60 ומעלה,הפניקס מסלול השקעה פאסיבי לבני 60 ומעלה,2023,"אג""ח קונצרני (כולל קרנות נאמנות, תעודות סל)",,37.5,36.0,0.06,30.0,42.0,JCMBCOMP,,תלוי גיל פאסיבי,2026-09-30T21:21:21+00:00,http://www.fnx.co.il/sites/docs/genery/mediniut_ashkaa_tzfuia/bituach2023-update0523.xls,policy/companies/520023185/raw/520023185/dbd3b563e3a9_bituach2023-update0523.xls,תלוי גיל פאסיבי
520023185,,,520023185|תלוי גיל פאסיבי|הפניקס מסלול השקעה פאסיבי לבני 60 ומעלה,הפניקס מסלול השקעה פאסיבי לבני 60 ומעלה,2023,אחר,,0.0,0.0,0.05,0.0,5.0,,,תלוי גיל פאסיבי,2026-09-30T21:21:21+00:00,http://www.fnx.co.il/sites/docs/genery/mediniut_ashkaa_tzfuia/bituach2023-update0523.xls,policy/companies/520023185/raw/520023185/dbd3b563e3a9_bituach2023-update0523.xls,תלוי גיל פאסיבי
520023185,,,520023185|תלוי גיל פאסיבי|הפניקס מסלול השקעה פאסיבי לבני 60 ומעלה,הפניקס מסלול השקעה פאסיבי לבני 60 ומעלה,2023,מזומנים (*),,0.3,3.0,,,,"ריבית פח""ק",,תלוי גיל פאסיבי,2026-09-30T21:21:21+00:00,http://www.fnx.co.il/sites/docs/genery/mediniut_ashkaa_tzfuia/bituach2023-update0523.xls,policy/companies/520023185/raw/520023185/dbd3b563e3a9_bituach2023-update0523.xls,תלוי גיל פאסיבי
520023185,,,520023185|תלוי גיל פאסיבי|הפניקס מסלול השקעה פאסיבי לבני 60 ומעלה,הפניקס מסלול השקעה פאסיבי לבני 60 ומעלה,2023,"חשיפה למט""ח",fx,15.1,17.0,0.06,11.0,23.0,,,תלוי גיל פאסיבי,2026-09-30T21:21:21+00:00,http://www.fnx.co.il/sites/docs/genery/mediniut_ashkaa_tzfuia/bituach2023-update0523.xls,policy/companies/520023185/raw/520023185/dbd3b563e3a9_bituach2023-update0523.xls,תלוי גיל פאסיבי
520023185,,,520023185|תלוי גיל פאסיבי|הפניקס מסלול השקעה פאסיבי לבני 60 ומעלה,הפניקס מסלול השקעה פאסיבי לבני 60 ומעלה,2023,מגבלת עמלת ניהול חיצוני לשנת 2023,,0.03,,,,,,,תלוי גיל פאסיבי,2026-09-30T21:21:21+00:00,http://www.fnx.co.il/sites/docs/genery/mediniut_ashkaa_tzfuia/bituach2023-update0523.xls,policy/companies/520023185/raw/520023185/dbd3b563e3a9_bituach2023-update0523.xls,תלוי גיל פאסיבי
520023185,,,520023185|עוקב מדדים גמיש|ביטוח מסלול עוקב מדדים גמיש,ביטוח מסלול עוקב מדדים גמיש,2023,"מניות (תעודות סל, אופציות, קרנות נאמנות)",equity,,52.0,0.06,46.0,58.0,TPX,,עוקב מדדים גמיש,2026-09-30T21:21:21+00:00,http://www.fnx.co.il/sites/docs/genery/mediniut_ashkaa_tzfuia/bituach2023-update0523.xls,policy/companies/520023185/raw/520023185/dbd3b563e3a9_bituach2023-update0523.xls,עוקב מדדים גמיש
520023185,,,520023185|עוקב מדדים גמיש|ביטוח מסלול עוקב מדדים גמיש,ביטוח מסלול עוקב מדדים גמיש,2023,"אג""ח ממשלתי (צמוד,שקלי ומט""ח), ממשלות",,,8.0,0.05,3.0,13.0,משקל שחר 0-2,,עוקב מדדים גמיש,2026-09-30T21:21:21+00:00,http://www.fnx.co.il/sites/docs/genery/mediniut_ashkaa_tzfuia/bituach2023-update0523.xls,policy/companies/520023185/raw/520023185/dbd3b563e3a9_bituach2023-update0523.xls,עוקב מדדים גמיש
520023185,,,520023185|עוקב מדדים גמיש|ביטוח מסלול עוקב מדדים גמיש,ביטוח מסלול עוקב מדדים גמיש,2023,"אג""ח קונצרני (כולל קרנות נאמנות, תעודות סל)",,,38.0,0.06,32.0,44.0,JCMBCOMP,,עוקב מדדים גמיש,2026-09-30T21:21:21+00:00,http://www.fnx.co.il/sites/docs/genery/mediniut_ashkaa_tzfuia/bituach2023-update0523.xls,policy/companies/520023185/raw/520023185/dbd3b563e3a9_bituach2023-update0523.xls,עוקב מדדים גמיש
520023185,,,520023185|עוקב מדדים גמיש|ביטוח מסלול עוקב מדדים גמיש,ביטוח מסלול עוקב מדדים גמיש,2023,אחר,,,0.0,0.05,0.0,5.0,,,עוקב מדדים גמיש,2026-09-30T21:21:21+00:00,http://www.fnx.co.il/sites/docs/genery/mediniut_ashkaa_tzfuia/bituach2023-update0523.xls,policy/companies/520023185/raw/520023185/dbd3b563e3a9_bituach2023-update0523.xls,עוקב מדדים גמיש
520023185,,,520023185|עוקב מדדים גמיש|ביטוח מסלול עוקב מדדים גמיש,ביטוח מסלול עוקב מדדים גמיש,2023,מזומנים (*),,,2.0,,,,"ריבית פח""ק",,עוקב מדדים גמיש,2026-09-30T21:21:21+00:00,http://www.fnx.co.il/sites/docs/genery/mediniut_ashkaa_tzfuia/bituach2023-update0523.xls,policy/companies/520023185/raw/520023185/dbd3b563e3a9_bituach2023-update0523.xls,עוקב מדדים גמיש
520023185,,,520023185|עוקב מדדים גמיש|ביטוח מסלול עוקב מדדים גמיש,ביטוח מסלול עוקב מדדים גמיש,2023,"חשיפה למט""ח",fx,,19.0,0.06,15.0,27.0,,,עוקב מדדים גמיש,2026-09-30T21:21:21+00:00,http://www.fnx.co.il/sites/docs/genery/mediniut_ashkaa_tzfuia/bituach2023-update0523.xls,policy/companies/520023185/raw/520023185/dbd3b563e3a9_bituach2023-update0523.xls,עוקב מדדים גמיש
520023185,,,520023185|עוקב מדדים גמיש|ביטוח מסלול עוקב מדדים גמיש,ביטוח מסלול עוקב מדדים גמיש,2023,מגבלת עמלת ניהול חיצוני לשנת 2023,,,0.07,,,,,,עוקב מדדים גמיש,2026-09-30T21:21:21+00:00,http://www.fnx.co.il/sites/docs/genery/mediniut_ashkaa_tzfuia/bituach2023-update0523.xls,policy/companies/520023185/raw/520023185/dbd3b563e3a9_bituach2023-update0523.xls,עוקב מדדים גמיש
520023185,,,520023185|משולב סחיר|ביטוח מסלול משולב סחיר,ביטוח מסלול משולב סחיר,2023,"מניות (כולל תעודות סל, אופציות, קרנות נאמנות)",equity,,52.0,0.06,46.0,58.0,"35%- מדד ת""א 125,     65%- MSCI WORLD AC",,משולב סחיר,2026-09-30T21:21:21+00:00,http://www.fnx.co.il/sites/docs/genery/mediniut_ashkaa_tzfuia/bituach2023-update0523.xls,policy/companies/520023185/raw/520023185/dbd3b563e3a9_bituach2023-update0523.xls,משולב סחיר
520023185,,,520023185|משולב סחיר|ביטוח מסלול משולב סחיר,ביטוח מסלול משולב סחיר,2023,"אג""ח ממשלתי (צמוד,שקלי ומט""ח), ממשלות זרות בנטרול חשיפות בנגזרים (*)",,,8.0,0.05,3.0,13.0,"מדד אג""ח ממשלתי כללי",,משולב סחיר,2026-09-30T21:21:21+00:00,http://www.fnx.co.il/sites/docs/genery/mediniut_ashkaa_tzfuia/bituach2023-update0523.xls,policy/companies/520023185/raw/520023185/dbd3b563e3a9_bituach2023-update0523.xls,משולב סחיר
520023185,,,520023185|משולב סחיר|ביטוח מסלול משולב סחיר,ביטוח מסלול משולב סחיר,2023,"אג""ח קונצרני (כולל קרנות נאמנות, תעודות סל)",,,38.0,0.06,32.0,44.0,"70% - מדד תל בונד 60 , 30% - מדד BarCap Global Corporate Total Return Bond Index UnHedged",,משולב סחיר,2026-09-30T21:21:21+00:00,http://www.fnx.co.il/sites/docs/genery/mediniut_ashkaa_tzfuia/bituach2023-update0523.xls,policy/companies/520023185/raw/520023185/dbd3b563e3a9_bituach2023-update0523.xls,משולב סחיר
520023185,,,520023185|משולב סחיר|ביטוח מסלול משולב סחיר,ביטוח מסלול משולב סחיר,2023,מזומנים (*),,,2.0,,,,,,משולב סחיר,2026-09-30T21:21:21+00:00,http://www.fnx.co.il/sites/docs/genery/mediniut_ashkaa_tzfuia/bituach2023-update0523.xls,policy/companies/520023185/raw/520023185/dbd3b563e3a9_bituach2023-update0523.xls,משולב סחיר
520023185,,,520023185|משולב סחיר|ביטוח מסלול משולב סחיר,ביטוח מסלול משולב סחיר,2023,"חשיפה למט""ח",fx,,19.0,0.06,15.0,27.0,,,משולב סחיר,2026-09-30T21:21:21+00:00,http://www.fnx.co.il/sites/docs/genery/mediniut_ashkaa_tzfuia/bituach2023-update0523.xls,policy/companies/520023185/raw/520023185/dbd3b563e3a9_bituach2023-update0523.xls,משולב סחיר
520023185,,,520023185|משולב סחיר|ביטוח מסלול משולב סחיר,ביטוח מסלול משולב סחיר,2023,מגבלת עמלת ניהול חיצוני לשנת 2023,,,0.08,,,,,,משולב סחיר,2026-09-30T21:21:21+00:00,http://www.fnx.co.il/sites/docs/genery/mediniut_ashkaa_tzfuia/bituach2023-update0523.xls,policy/companies/520023185/raw/520023185/dbd3b563e3a9_bituach2023-update0523.xls,משולב סחיר
520023185,,,520023185|הלכה|מסלול הלכה ביטוח,מסלול הלכה ביטוח,2023,"מניות (כולל תעודות סל, אופציות, קרנות נאמנות)",equity,47.2,46.0,0.06,40.0,52.0,"35%- מדד ת""א 125,     65%- MSCI WORLD AC",,הלכה,2026-09-30T21:21:21+00:00,http://www.fnx.co.il/sites/docs/genery/mediniut_ashkaa_tzfuia/bituach2023-update0523.xls,policy/companies/520023185/raw/520023185/dbd3b563e3a9_bituach2023-update0523.xls,הלכה
520023185,,,520023185|הלכה|מסלול הלכה ביטוח,מסלול הלכה ביטוח,2023,"אג""ח ממשלתי (צמוד,שקלי ומט""ח), ממשלות זרות בנטרול חשיפות בנגזרים (*)",,20.7,19.0,0.05,14.0,24.0,"מדד אג""ח ממשלתי כללי",,הלכה,2026-09-30T21:21:21+00:00,http://www.fnx.co.il/sites/docs/genery/mediniut_ashkaa_tzfuia/bituach2023-update0523.xls,policy/companies/520023185/raw/520023185/dbd3b563e3a9_bituach2023-update0523.xls,הלכה
520023185,,,520023185|הלכה|מסלול הלכה ביטוח,מסלול הלכה ביטוח,2023,"אג""ח קונצרני (כולל קרנות נאמנות, תעודות סל)",,28.5,33.0,0.06,27.0,39.0,"70% - מדד תל בונד 60 , 30% - מדד BarCap Global Corporate Total Return Bond Index UnHedged",,הלכה,2026-09-30T21:21:21+00:00,http://www.fnx.co.il/sites/docs/genery/mediniut_ashkaa_tzfuia/bituach2023-update0523.xls,policy/companies/520023185/raw/520023185/dbd3b563e3a9_bituach2023-update0523.xls,הלכה
520023185,,,520023185|הלכה|מסלול הלכה ביטוח,מסלול הלכה ביטוח,2023,"נדל""ן",,0.0,0.0,0.05,0.0,5.0,,,הלכה,2026-09-30T21:21:21+00:00,http://www.fnx.co.il/sites/docs/genery/mediniut_ashkaa_tzfuia/bituach2023-update0523.xls,policy/companies/520023185/raw/520023185/dbd3b563e3a9_bituach2023-update0523.xls,הלכה
520023185,,,520023185|הלכה|מסלול הלכה ביטוח,מסלול הלכה ביטוח,2023,"אחר (קרנות השקעה,Co Invest,תשתיות, גידור)",,0.0,0.0,0.05,0.0,5.0,,,הלכה,2026-09-30T21:21:21+00:00,http://www.fnx.co.il/sites/docs/genery/mediniut_ashkaa_tzfuia/bituach2023-update0523.xls,policy/companies/520023185/raw/520023185/dbd3b563e3a9_bituach2023-update0523.xls,הלכה
520023185,,,520023185|הלכה|מסלול הלכה ביטוח,מסלול הלכה ביטוח,2023,מזומנים (*),,3.6,2.0,,,,,,הלכה,2026-09-30T21:21:21+00:00,http://www.fnx.co.il/sites/docs/genery/mediniut_ashkaa_tzfuia/bituach2023-update0523.xls,policy/companies/520023185/raw/520023185/dbd3b563e3a9_bituach2023-update0523.xls,הלכה
520023185,,,520023185|הלכה|מסלול הלכה ביטוח,מסלול הלכה ביטוח,2023,"חשיפה למט""ח",fx,20.9,19.0,0.06,15.0,27.0,,,הלכה,2026-09-30T21:21:21+00:00,http://www.fnx.co.il/sites/docs/genery/mediniut_ashkaa_tzfuia/bituach2023-update0523.xls,policy/companies/520023185/raw/520023185/dbd3b563e3a9_bituach2023-update0523.xls,הלכה
520023185,,,520023185|הלכה|מסלול הלכה ביטוח,מסלול הלכה ביטוח,2023,מגבלת עמלת ניהול חיצוני לשנת 2023,,0.08,,,,,,,הלכה,2026-09-30T21:21:21+00:00,http://www.fnx.co.il/sites/docs/genery/mediniut_ashkaa_tzfuia/bituach2023-update0523.xls,policy/companies/520023185/raw/520023185/dbd3b563e3a9_bituach2023-update0523.xls,הלכה
520023185,,,520023185|הלכה למקבלי קצבה|מסלול הלכה למקבלי קצבה ביטוח,מסלול הלכה למקבלי קצבה ביטוח,2023,"מניות (כולל תעודות סל, אופציות, קרנות נאמנות)",equity,26.8,25.0,0.06,19.0,31.0,"35%- מדד ת""א 125,     65%- MSCI WORLD AC",,הלכה למקבלי קצבה,2026-09-30T21:21:21+00:00,http://www.fnx.co.il/sites/docs/genery/mediniut_ashkaa_tzfuia/bituach2023-update0523.xls,policy/companies/520023185/raw/520023185/dbd3b563e3a9_bituach2023-update0523.xls,הלכה למקבלי קצבה
520023185,,,520023185|הלכה למקבלי קצבה|מסלול הלכה למקבלי קצבה ביטוח,מסלול הלכה למקבלי קצבה ביטוח,2023,"אג""ח ממשלתי (צמוד,שקלי ומט""ח), ממשלות זרות בנטרול חשיפות בנגזרים (*)",,46.6,42.0,0.05,37.0,47.0,"מדד אג""ח ממשלתי כללי",,הלכה למקבלי קצבה,2026-09-30T21:21:21+00:00,http://www.fnx.co.il/sites/docs/genery/mediniut_ashkaa_tzfuia/bituach2023-update0523.xls,policy/companies/520023185/raw/520023185/dbd3b563e3a9_bituach2023-update0523.xls,הלכה למקבלי קצבה
520023185,,,520023185|הלכה למקבלי קצבה|מסלול הלכה למקבלי קצבה ביטוח,מסלול הלכה למקבלי קצבה ביטוח,2023,"אג""ח קונצרני (כולל קרנות נאמנות, תעודות סל)",,23.8,29.0,0.06,23.0,35.0,"70% - מדד תל בונד 60 , 30% - מדד BarCap Global Corporate Total Return Bond Index UnHedged",,הלכה למקבלי קצבה,2026-09-30T21:21:21+00:00,http://www.fnx.co.il/sites/docs/genery/mediniut_ashkaa_tzfuia/bituach2023-update0523.xls,policy/companies/520023185/raw/520023185/dbd3b563e3a9_bituach2023-update0523.xls,הלכה למקבלי קצבה
520023185,,,520023185|הלכה למקבלי קצבה|מסלול הלכה למקבלי קצבה ביטוח,מסלול הלכה למקבלי קצבה ביטוח,2023,"נדל""ן",,0.0,0.0,0.05,0.0,5.0,,,הלכה למקבלי קצבה,2026-09-30T21:21:21+00:00,http://www.fnx.co.il/sites/docs/genery/mediniut_ashkaa_tzfuia/bituach2023-update0523.xls,policy/companies/520023185/raw/520023185/dbd3b563e3a9_bituach2023-update0523.xls,הלכה למקבלי קצבה
520023185,,,520023185|הלכה למקבלי קצבה|מסלול הלכה למקבלי קצבה ביטוח,מסלול הלכה למקבלי קצבה ביטוח,2023,"אחר (קרנות השקעה,Co Invest,תשתיות, גידור)",,0.0,0.0,0.05,0.0,5.0,,,הלכה למקבלי קצבה,2026-09-30T21:21:21+00:00,http://www.fnx.co.il/sites/docs/genery/mediniut_ashkaa_tzfuia/bituach2023-update0523.xls,policy/companies/520023185/raw/520023185/dbd3b563e3a9_bituach2023-update0523.xls,הלכה למקבלי קצבה
520023185,,,520023185|הלכה למקבלי קצבה|מסלול הלכה למקבלי קצבה ביטוח,מסלול הלכה למקבלי קצבה ביטוח,2023,מזומנים (*),,2.8,4.0,,,,,,הלכה למקבלי קצבה,2026-09-30T21:21:21+00:00,http://www.fnx.co.il/sites/docs/genery/mediniut_ashkaa_tzfuia/bituach2023-update0523.xls,policy/companies/520023185/raw/520023185/dbd3b563e3a9_bituach2023-update0523.xls,הלכה למקבלי קצבה
520023185,,,520023185|הלכה למקבלי קצבה|מסלול הלכה למקבלי קצבה ביטוח,מסלול הלכה למקבלי קצבה ביטוח,2023,"חשיפה למט""ח",fx,20.2,12.0,0.06,6.0,18.0,,,הלכה למקבלי קצבה,2026-09-30T21:21:21+00:00,http://www.fnx.co.il/sites/docs/genery/mediniut_ashkaa_tzfuia/bituach2023-update0523.xls,policy/companies/520023185/raw/520023185/dbd3b563e3a9_bituach2023-update0523.xls,הלכה למקבלי קצבה
520023185,,,520023185|הלכה למקבלי קצבה|מסלול הלכה למקבלי קצבה ביטוח,מסלול הלכה למקבלי קצבה ביטוח,2023,מגבלת עמלת ניהול חיצוני לשנת 2023,,0.02,,,,,,,הלכה למקבלי קצבה,2026-09-30T21:21:21+00:00,http://www.fnx.co.il/sites/docs/genery/mediniut_ashkaa_tzfuia/bituach2023-update0523.xls,policy/companies/520023185/raw/520023185/dbd3b563e3a9_bituach2023-update0523.xls,הלכה למקבלי קצבה
520023185,,,520023185|בסיסי למקבלי קצבה (גמלה)|מסלול בסיסי למקבלי קצבה גמלה,מסלול בסיסי למקבלי קצבה גמלה,2023,"מניות (כולל תעודות סל, אופציות, קרנות נאמנות)",equity,17.6,18.0,0.06,12.0,24.0,"35%- מדד ת""א 125,     65%- MSCI WORLD AC",,בסיסי למקבלי קצבה (גמלה),2026-09-30T21:21:21+00:00,http://www.fnx.co.il/sites/docs/genery/mediniut_ashkaa_tzfuia/bituach2023-update0523.xls,policy/companies/520023185/raw/520023185/dbd3b563e3a9_bituach2023-update0523.xls,בסיסי למקבלי קצבה (גמלה)
520023185,,,520023185|בסיסי למקבלי קצבה (גמלה)|מסלול בסיסי למקבלי קצבה גמלה,מסלול בסיסי למקבלי קצבה גמלה,2023,"אג""ח ממשלתי (צמוד,שקלי ומט""ח), ממשלות זרות בנטרול חשיפות בנגזרים (*)",,38.7,42.0,0.05,37.0,47.0,"מדד אג""ח ממשלתי כללי",,בסיסי למקבלי קצבה (גמלה),2026-09-30T21:21:21+00:00,http://www.fnx.co.il/sites/docs/genery/mediniut_ashkaa_tzfuia/bituach2023-update0523.xls,policy/companies/520023185/raw/520023185/dbd3b563e3a9_bituach2023-update0523.xls,בסיסי למקבלי קצבה (גמלה)
520023185,,,520023185|בסיסי למקבלי קצבה (גמלה)|מסלול בסיסי למקבלי קצבה גמלה,מסלול בסיסי למקבלי קצבה גמלה,2023,"אג""ח קונצרני (כולל קרנות נאמנות, תעודות סל)",,29.0,29.0,0.06,23.0,35.0,"35% - תל בונד כללי , 20% - תל בונד 60 , 15% - תל בונד 50 , 15% - IBOXX HY - 15%, IBOXX IG",,בסיסי למקבלי קצבה (גמלה),2026-09-30T21:21:21+00:00,http://www.fnx.co.il/sites/docs/genery/mediniut_ashkaa_tzfuia/bituach2023-update0523.xls,policy/companies/520023185/raw/520023185/dbd3b563e3a9_bituach2023-update0523.xls,בסיסי למקבלי קצבה (גמלה)
520023185,,,520023185|בסיסי למקבלי קצבה (גמלה)|מסלול בסיסי למקבלי קצבה גמלה,מסלול בסיסי למקבלי קצבה גמלה,2023,"נדל""ן",,1.1,0.0,0.05,0.0,5.0,,,בסיסי למקבלי קצבה (גמלה),2026-09-30T21:21:21+00:00,http://www.fnx.co.il/sites/docs/genery/mediniut_ashkaa_tzfuia/bituach2023-update0523.xls,policy/companies/520023185/raw/520023185/dbd3b563e3a9_bituach2023-update0523.xls,בסיסי למקבלי קצבה (גמלה)
520023185,,,520023185|בסיסי למקבלי קצבה (גמלה)|מסלול בסיסי למקבלי קצבה גמלה,מסלול בסיסי למקבלי קצבה גמלה,2023,קרנות השקעה,,4.3,3.0,0.05,0.0,8.0,,,בסיסי למקבלי קצבה (גמלה),2026-09-30T21:21:21+00:00,http://www.fnx.co.il/sites/docs/genery/mediniut_ashkaa_tzfuia/bituach2023-update0523.xls,policy/companies/520023185/raw/520023185/dbd3b563e3a9_bituach2023-update0523.xls,בסיסי למקבלי קצבה (גמלה)
520023185,,,520023185|בסיסי למקבלי קצבה (גמלה)|מסלול בסיסי למקבלי קצבה גמלה,מסלול בסיסי למקבלי קצבה גמלה,2023,"אחר (Co Invest,תשתיות, גידור)",,6.1,4.0,0.05,0.0,9.0,,,בסיסי למקבלי קצבה (גמלה),2026-09-30T21:21:21+00:00,http://www.fnx.co.il/sites/docs/genery/mediniut_ashkaa_tzfuia/bituach2023-update0523.xls,policy/companies/520023185/raw/520023185/dbd3b563e3a9_bituach2023-update0523.xls,בסיסי למקבלי קצבה (גמלה)
520023185,,,520023185|בסיסי למקבלי קצבה (גמלה)|מסלול בסיסי למקבלי קצבה גמלה,מסלול בסיסי למקבלי קצבה גמלה,2023,מזומנים (*),,3.2,4.0,,,,,,בסיסי למקבלי קצבה (גמלה),2026-09-30T21:21:21+00:00,http://www.fnx.co.il/sites/docs/genery/mediniut_ashkaa_tzfuia/bituach2023-update0523.xls,policy/companies/520023185/raw/520023185/dbd3b563e3a9_bituach2023-update0523.xls,בסיסי למקבלי קצבה (גמלה)
520023185,,,520023185|בסיסי למקבלי קצבה (גמלה)|מסלול בסיסי למקבלי קצבה גמלה,מסלול בסיסי למקבלי קצבה גמלה,2023,"חשיפה למט""ח",fx,15.5,12.0,0.06,6.0,18.0,,,בסיסי למקבלי קצבה (גמלה),2026-09-30T21:21:21+00:00,http://www.fnx.co.il/sites/docs/genery/mediniut_ashkaa_tzfuia/bituach2023-update0523.xls,policy/companies/520023185/raw/520023185/dbd3b563e3a9_bituach2023-update0523.xls,בסיסי למקבלי קצבה (גמלה)
520023185,,,520023185|בסיסי למקבלי קצבה (גמלה)|מסלול בסיסי למקבלי קצבה גמלה,מסלול בסיסי למקבלי קצבה גמלה,2023,מגבלת עמלת ניהול חיצוני לשנת 2023,,0.17,,,,,,,בסיסי למקבלי קצבה (גמלה),2026-09-30T21:21:21+00:00,http://www.fnx.co.il/sites/docs/genery/mediniut_ashkaa_tzfuia/bituach2023-update0523.xls,policy/companies/520023185/raw/520023185/dbd3b563e3a9_bituach2023-update0523.xls,בסיסי למקבלי קצבה (גמלה)
520023185,,,520023185|מכבי סיעודית|מכבי סיעודית,מכבי סיעודית,2023,"מניות (כולל תעודות סל, אופציות, קרנות נאמנות)",equity,58.9,59.0,0.06,53.0,65.0,"35%- מדד ת""א 125,     65%- MSCI WORLD AC",,מכבי סיעודית,2026-09-30T21:21:21+00:00,http://www.fnx.co.il/sites/docs/genery/mediniut_ashkaa_tzfuia/bituach2023-update0523.xls,policy/companies/520023185/raw/520023185/dbd3b563e3a9_bituach2023-update0523.xls,מכבי סיעודית
520023185,,,520023185|מכבי סיעודית|מכבי סיעודית,מכבי סיעודית,2023,"אג""ח ממשלתי (צמוד, שקלי ומט""ח), ממשלות זרות בנטרול חשיפות בנגזרים (*)",,8.3,6.0,0.05,1.0,11.0,"מדד אג""ח ממשלתי כללי",,מכבי סיעודית,2026-09-30T21:21:21+00:00,http://www.fnx.co.il/sites/docs/genery/mediniut_ashkaa_tzfuia/bituach2023-update0523.xls,policy/companies/520023185/raw/520023185/dbd3b563e3a9_bituach2023-update0523.xls,מכבי סיעודית
520023185,,,520023185|מכבי סיעודית|מכבי סיעודית,מכבי סיעודית,2023,"אג""ח קונצרני (כולל קרנות נאמנות, תעודות סל)",,30.9,33.0,0.06,27.0,39.0,"35% - תל בונד כללי , 20% - תל בונד 60 , 15% - תל בונד 50 , 15% - IBOXX HY - 15%, IBOXX IG",,מכבי סיעודית,2026-09-30T21:21:21+00:00,http://www.fnx.co.il/sites/docs/genery/mediniut_ashkaa_tzfuia/bituach2023-update0523.xls,policy/companies/520023185/raw/520023185/dbd3b563e3a9_bituach2023-update0523.xls,מכבי סיעודית
520023185,,,520023185|מכבי סיעודית|מכבי סיעודית,מכבי סיעודית,2023,"נדל""ן",,0.0,0.0,0.05,0.0,5.0,,,מכבי סיעודית,2026-09-30T21:21:21+00:00,http://www.fnx.co.il/sites/docs/genery/mediniut_ashkaa_tzfuia/bituach2023-update0523.xls,policy/companies/520023185/raw/520023185/dbd3b563e3a9_bituach2023-update0523.xls,מכבי סיעודית
520023185,,,520023185|מכבי סיעודית|מכבי סיעודית,מכבי סיעודית,2023,"אחר (קרנות השקעה,Co Invest,תשתיות, גידור)",,0.2,0.0,0.05,0.0,5.0,,,מכבי סיעודית,2026-09-30T21:21:21+00:00,http://www.fnx.co.il/sites/docs/genery/mediniut_ashkaa_tzfuia/bituach2023-update0523.xls,policy/companies/520023185/raw/520023185/dbd3b563e3a9_bituach2023-update0523.xls,מכבי סיעודית
520023185,,,520023185|מכבי סיעודית|מכבי סיעודית,מכבי סיעודית,2023,מזומנים (*),,1.6,2.0,,,,,,מכבי סיעודית,2026-09-30T21:21:21+00:00,http://www.fnx.co.il/sites/docs/genery/mediniut_ashkaa_tzfuia/bituach2023-update0523.xls,policy/companies/520023185/raw/520023185/dbd3b563e3a9_bituach2023-update0523.xls,מכבי סיעודית
520023185,,,520023185|מכבי סיעודית|מכבי סיעודית,מכבי סיעודית,2023,"חשיפה למט""ח",fx,,19.0,0.06,15.0,27.0,,,מכבי סיעודית,2026-09-30T21:21:21+00:00,http://www.fnx.co.il/sites/docs/genery/mediniut_ashkaa_tzfuia/bituach2023-update0523.xls,policy/companies/520023185/raw/520023185/dbd3b563e3a9_bituach2023-update0523.xls,מכבי סיעודית
520023185,,,520023185|בלאקרוק ביטוח כללי|Blackrock ביטוח כללי בחיסכון פרט בלבד,Blackrock ביטוח כללי בחיסכון פרט בלבד,2023,"מניות (כולל תעודות סל, אופציות, קרנות נאמנות)",equity,56.7,58.0,0.06,52.0,64.0,100%- MSCI WORLD AC,,בלאקרוק ביטוח כללי,2026-09-30T21:21:21+00:00,http://www.fnx.co.il/sites/docs/genery/mediniut_ashkaa_tzfuia/bituach2023-update0523.xls,policy/companies/520023185/raw/520023185/dbd3b563e3a9_bituach2023-update0523.xls,בלאקרוק ביטוח כללי
520023185,,,520023185|בלאקרוק ביטוח כללי|Blackrock ביטוח כללי בחיסכון פרט בלבד,Blackrock ביטוח כללי בחיסכון פרט בלבד,2023,"אג""ח ממשלתי (צמוד,שקלי ומט""ח), ממשלות זרות בנטרול חשיפות בנגזרים (*)",,21.0,30.0,0.05,25.0,35.0,100%-(CFIIWDCS index)  World gov bond index,,בלאקרוק ביטוח כללי,2026-09-30T21:21:21+00:00,http://www.fnx.co.il/sites/docs/genery/mediniut_ashkaa_tzfuia/bituach2023-update0523.xls,policy/companies/520023185/raw/520023185/dbd3b563e3a9_bituach2023-update0523.xls,בלאקרוק ביטוח כללי
520023185,,,520023185|בלאקרוק ביטוח כללי|Blackrock ביטוח כללי בחיסכון פרט בלבד,Blackrock ביטוח כללי בחיסכון פרט בלבד,2023,"אג""ח קונצרני (כולל קרנות נאמנות, תעודות סל)",,18.1,12.0,0.06,6.0,18.0,100%-(GOBC Index)ICE BOFA global corp index,,בלאקרוק ביטוח כללי,2026-09-30T21:21:21+00:00,http://www.fnx.co.il/sites/docs/genery/mediniut_ashkaa_tzfuia/bituach2023-update0523.xls,policy/companies/520023185/raw/520023185/dbd3b563e3a9_bituach2023-update0523.xls,בלאקרוק ביטוח כללי
520023185,,,520023185|בלאקרוק ביטוח כללי|Blackrock ביטוח כללי בחיסכון פרט בלבד,Blackrock ביטוח כללי בחיסכון פרט בלבד,2023,מזומנים (*),,4.2,0.0,,,,,,בלאקרוק ביטוח כללי,2026-09-30T21:21:21+00:00,http://www.fnx.co.il/sites/docs/genery/mediniut_ashkaa_tzfuia/bituach2023-update0523.xls,policy/companies/520023185/raw/520023185/dbd3b563e3a9_bituach2023-update0523.xls,בלאקרוק ביטוח כללי
520023185,,,520023185|בלאקרוק ביטוח כללי|Blackrock ביטוח כללי בחיסכון פרט בלבד,Blackrock ביטוח כללי בחיסכון פרט בלבד,2023,"חשיפה למט""ח",fx,99.5,100.0,0.06,94.0,106.0,,,בלאקרוק ביטוח כללי,2026-09-30T21:21:21+00:00,http://www.fnx.co.il/sites/docs/genery/mediniut_ashkaa_tzfuia/bituach2023-update0523.xls,policy/companies/520023185/raw/520023185/dbd3b563e3a9_bituach2023-update0523.xls,בלאקרוק ביטוח כללי
520023185,,,520023185|בלאקרוק ביטוח כללי|Blackrock ביטוח כללי בחיסכון פרט בלבד,Blackrock ביטוח כללי בחיסכון פרט בלבד,2023,מגבלת עמלת ניהול חיצוני לשנת 2023,,0.0,,,,,,,בלאקרוק ביטוח כללי,2026-09-30T21:21:21+00:00,http://www.fnx.co.il/sites/docs/genery/mediniut_ashkaa_tzfuia/bituach2023-update0523.xls,policy/companies/520023185/raw/520023185/dbd3b563e3a9_bituach2023-update0523.xls,בלאקרוק ביטוח כללי
520023185,,,520023185|תגמולים כללי|לאחר השינוי,לאחר השינוי,2023,"מניות (כולל תעודות סל, אופציות, קרנות נאמנות)",equity,33.82,36.0,+/- 6%,30.0,42.0,"50%- מדד ת""א 100 ,  50%- MSCI WORLD AC",,תגמולים כללי,2026-09-30T21:21:21+00:00,http://www.fnx.co.il/sites/docs/genery/mediniut_ashkaa_tzfuia/gemelashkaa2023_update1123.xls,policy/companies/520023185/raw/520023185/6f790d147dd4_gemelashkaa2023_update1123.xls,תגמולים כללי
520023185,,,520023185|תגמולים כללי|לאחר השינוי,לאחר השינוי,2023,"אג""ח ממשלתי (צמוד, שקלי ומט""ח), ממשלות זרות בנטרול חשיפות בנגזרים (*)",,26.93,30.0,+/- 5%,25.0,35.0,"מדד אג""ח ממשלתי כללי",,תגמולים כללי,2026-09-30T21:21:21+00:00,http://www.fnx.co.il/sites/docs/genery/mediniut_ashkaa_tzfuia/gemelashkaa2023_update1123.xls,policy/companies/520023185/raw/520023185/6f790d147dd4_gemelashkaa2023_update1123.xls,תגמולים כללי
520023185,,,520023185|תגמולים כללי|לאחר השינוי,לאחר השינוי,2023,"אג""ח קונצרני (קרנות נאמנות, תעודות סל)",,32.84,30.0,+/- 6%,24.0,36.0,70% - מדד תל בונד 60 30% - מדד BarCap Global Corporate Total Return Bond Index UnHedged,,תגמולים כללי,2026-09-30T21:21:21+00:00,http://www.fnx.co.il/sites/docs/genery/mediniut_ashkaa_tzfuia/gemelashkaa2023_update1123.xls,policy/companies/520023185/raw/520023185/6f790d147dd4_gemelashkaa2023_update1123.xls,תגמולים כללי
520023185,,,520023185|תגמולים כללי|לאחר השינוי,לאחר השינוי,2023,"נדל""ן",,1.1,0.7,+/- 5%,0.0,6.0,,,תגמולים כללי,2026-09-30T21:21:21+00:00,http://www.fnx.co.il/sites/docs/genery/mediniut_ashkaa_tzfuia/gemelashkaa2023_update1123.xls,policy/companies/520023185/raw/520023185/6f790d147dd4_gemelashkaa2023_update1123.xls,תגמולים כללי
520023185,,,520023185|תגמולים כללי|לאחר השינוי,לאחר השינוי,2023,"אחר (קרנות השקעה, PE, VC, קרדיט, גידור)",,1.51,0.2,+/- 5%,0.0,5.0,,,תגמולים כללי,2026-09-30T21:21:21+00:00,http://www.fnx.co.il/sites/docs/genery/mediniut_ashkaa_tzfuia/gemelashkaa2023_update1123.xls,policy/companies/520023185/raw/520023185/6f790d147dd4_gemelashkaa2023_update1123.xls,תגמולים כללי
520023185,,,520023185|תגמולים כללי|לאחר השינוי,לאחר השינוי,2023,מזומנים (*),,3.81,3.3,+/- 5%,0.0,8.0,,,תגמולים כללי,2026-09-30T21:21:21+00:00,http://www.fnx.co.il/sites/docs/genery/mediniut_ashkaa_tzfuia/gemelashkaa2023_update1123.xls,policy/companies/520023185/raw/520023185/6f790d147dd4_gemelashkaa2023_update1123.xls,תגמולים כללי
520023185,,,520023185|תגמולים כללי|לאחר השינוי,לאחר השינוי,2023,"חשיפה למט""ח",fx,,17.0,+/- 6%,11.0,23.0,,,תגמולים כללי,2026-09-30T21:21:21+00:00,http://www.fnx.co.il/sites/docs/genery/mediniut_ashkaa_tzfuia/gemelashkaa2023_update1123.xls,policy/companies/520023185/raw/520023185/6f790d147dd4_gemelashkaa2023_update1123.xls,תגמולים כללי
520023185,,,520023185|תגמולים עמית|לאחר השינוי,לאחר השינוי,2023,"מניות (כולל תעודות סל, אופציות, קרנות נאמנות)",equity,13.92,9.0,+/- 6%,3.0,15.0,"70%- מדד ת""א 100 ,  30%- MSCI WORLD AC",,תגמולים עמית,2026-09-30T21:21:21+00:00,http://www.fnx.co.il/sites/docs/genery/mediniut_ashkaa_tzfuia/gemelashkaa2023_update1123.xls,policy/companies/520023185/raw/520023185/6f790d147dd4_gemelashkaa2023_update1123.xls,תגמולים עמית
520023185,,,520023185|תגמולים עמית|לאחר השינוי,לאחר השינוי,2023,"אג""ח ממשלתי (צמוד, שקלי ומט""ח), ממשלות זרות בנטרול חשיפות בנגזרים (*)",,54.12,56.0,+/- 5%,51.0,61.0,"מדד אג""ח ממשלתי כללי",,תגמולים עמית,2026-09-30T21:21:21+00:00,http://www.fnx.co.il/sites/docs/genery/mediniut_ashkaa_tzfuia/gemelashkaa2023_update1123.xls,policy/companies/520023185/raw/520023185/6f790d147dd4_gemelashkaa2023_update1123.xls,תגמולים עמית
520023185,,,520023185|תגמולים עמית|לאחר השינוי,לאחר השינוי,2023,"אג""ח קונצרני (קרנות נאמנות, תעודות סל)",,27.47,26.0,+/- 6%,20.0,32.0,70% - מדד תל בונד 60 30% - מדד BarCap Global Corporate Total Return Bond Index UnHedged,,תגמולים עמית,2026-09-30T21:21:21+00:00,http://www.fnx.co.il/sites/docs/genery/mediniut_ashkaa_tzfuia/gemelashkaa2023_update1123.xls,policy/companies/520023185/raw/520023185/6f790d147dd4_gemelashkaa2023_update1123.xls,תגמולים עמית
520023185,,,520023185|תגמולים עמית|לאחר השינוי,לאחר השינוי,2023,"נדל""ן",,0.28,1.0,+/- 5%,0.0,6.0,,,תגמולים עמית,2026-09-30T21:21:21+00:00,http://www.fnx.co.il/sites/docs/genery/mediniut_ashkaa_tzfuia/gemelashkaa2023_update1123.xls,policy/companies/520023185/raw/520023185/6f790d147dd4_gemelashkaa2023_update1123.xls,תגמולים עמית
520023185,,,520023185|תגמולים עמית|לאחר השינוי,לאחר השינוי,2023,"אחר (קרנות השקעה, PE, VC, קרדיט, גידור)",,0.11,1.0,+/- 5%,0.0,6.0,,,תגמולים עמית,2026-09-30T21:21:21+00:00,http://www.fnx.co.il/sites/docs/genery/mediniut_ashkaa_tzfuia/gemelashkaa2023_update1123.xls,policy/companies/520023185/raw/520023185/6f790d147dd4_gemelashkaa2023_update1123.xls,תגמולים עמית
520023185,,,520023185|תגמולים עמית|לאחר השינוי,לאחר השינוי,2023,מזומנים (*),,4.1,7.0,+/- 5%,2.0,12.0,,,תגמולים עמית,2026-09-30T21:21:21+00:00,http://www.fnx.co.il/sites/docs/genery/mediniut_ashkaa_tzfuia/gemelashkaa2023_update1123.xls,policy/companies/520023185/raw/520023185/6f790d147dd4_gemelashkaa2023_update1123.xls,תגמולים עמית
520023185,,,520023185|תגמולים עמית|לאחר השינוי,לאחר השינוי,2023,"חשיפה למט""ח",fx,,17.0,+/- 6%,11.0,23.0,,,תגמולים עמית,2026-09-30T21:21:21+00:00,http://www.fnx.co.il/sites/docs/genery/mediniut_ashkaa_tzfuia/gemelashkaa2023_update1123.xls,policy/companies/520023185/raw/520023185/6f790d147dd4_gemelashkaa2023_update1123.xls,תגמולים עמית
520023185,,,520023185|השתלמות עמית עד 15% מניות|לאחר השינוי,לאחר השינוי,2023,"מניות (כולל תעודות סל, אופציות, קרנות נאמנות)",equity,,9.0,+/- 6%,3.0,15.0,"70%- מדד ת""א 100 ,  30%- MSCI WORLD AC",,השתלמות עמית עד 15% מניות,2026-09-30T21:21:21+00:00,http://www.fnx.co.il/sites/docs/genery/mediniut_ashkaa_tzfuia/gemelashkaa2023_update1123.xls,policy/companies/520023185/raw/520023185/6f790d147dd4_gemelashkaa2023_update1123.xls,השתלמות עמית עד 15% מניות
520023185,,,520023185|השתלמות עמית עד 15% מניות|לאחר השינוי,לאחר השינוי,2023,"אג""ח ממשלתי (צמוד, שקלי ומט""ח), ממשלות זרות בנטרול חשיפות בנגזרים (*)",,,56.0,+/- 5%,51.0,61.0,"מדד אג""ח ממשלתי כללי",,השתלמות עמית עד 15% מניות,2026-09-30T21:21:21+00:00,http://www.fnx.co.il/sites/docs/genery/mediniut_ashkaa_tzfuia/gemelashkaa2023_update1123.xls,policy/companies/520023185/raw/520023185/6f790d147dd4_gemelashkaa2023_update1123.xls,השתלמות עמית עד 15% מניות
520023185,,,520023185|השתלמות עמית עד 15% מניות|לאחר השינוי,לאחר השינוי,2023,"אג""ח קונצרני (קרנות נאמנות, תעודות סל)",,,26.0,+/- 6%,20.0,32.0,70% - מדד תל בונד 60 30% - מדד BarCap Global Corporate Total Return Bond Index UnHedged,,השתלמות עמית עד 15% מניות,2026-09-30T21:21:21+00:00,http://www.fnx.co.il/sites/docs/genery/mediniut_ashkaa_tzfuia/gemelashkaa2023_update1123.xls,policy/companies/520023185/raw/520023185/6f790d147dd4_gemelashkaa2023_update1123.xls,השתלמות עמית עד 15% מניות
520023185,,,520023185|השתלמות עמית עד 15% מניות|לאחר השינוי,לאחר השינוי,2023,"נדל""ן",,,1.0,+/- 5%,0.0,6.0,,,השתלמות עמית עד 15% מניות,2026-09-30T21:21:21+00:00,http://www.fnx.co.il/sites/docs/genery/mediniut_ashkaa_tzfuia/gemelashkaa2023_update1123.xls,policy/companies/520023185/raw/520023185/6f790d147dd4_gemelashkaa2023_update1123.xls,השתלמות עמית עד 15% מניות
520023185,,,520023185|השתלמות עמית עד 15% מניות|לאחר השינוי,לאחר השינוי,2023,"אחר (קרנות השקעה, PE, VC, קרדיט, גידור)",,,1.0,+/- 5%,0.0,6.0,,,השתלמות עמית עד 15% מניות,2026-09-30T21:21:21+00:00,http://www.fnx.co.il/sites/docs/genery/mediniut_ashkaa_tzfuia/gemelashkaa2023_update1123.xls,policy/companies/520023185/raw/520023185/6f790d147dd4_gemelashkaa2023_update1123.xls,השתלמות עמית עד 15% מניות
520023185,,,520023185|השתלמות עמית עד 15% מניות|לאחר השינוי,לאחר השינוי,2023,מזומנים (*),,,6.7,+/- 5%,2.0,12.0,,,השתלמות עמית עד 15% מניות,2026-09-30T21:21:21+00:00,http://www.fnx.co.il/sites/docs/genery/mediniut_ashkaa_tzfuia/gemelashkaa2023_update1123.xls,policy/companies/520023185/raw/520023185/6f790d147dd4_gemelashkaa2023_update1123.xls,השתלמות עמית עד 15% מניות
520023185,,,520023185|השתלמות עמית עד 15% מניות|לאחר השינוי,לאחר השינוי,2023,"חשיפה למט""ח",fx,,9.0,+/- 6%,3.0,15.0,,,השתלמות עמית עד 15% מניות,2026-09-30T21:21:21+00:00,http://www.fnx.co.il/sites/docs/genery/mediniut_ashkaa_tzfuia/gemelashkaa2023_update1123.xls,policy/companies/520023185/raw/520023185/6f790d147dd4_gemelashkaa2023_update1123.xls,השתלמות עמית עד 15% מניות
520023185,,,520023185|תגמולים כללי|לאחר השינוי,לאחר השינוי,2023,"מניות (כולל תעודות סל, אופציות, קרנות נאמנות)",equity,33.82,36.0,+/- 6%,30.0,42.0,"50%- מדד ת""א 100 ,  50%- MSCI WORLD AC",,תגמולים כללי,2026-09-30T21:21:21+00:00,http://www.fnx.co.il/sites/docs/genery/mediniut_ashkaa_tzfuia/gemelashkaa2023-update1223.xls,policy/companies/520023185/raw/520023185/91f287229a41_gemelashkaa2023-update1223.xls,תגמולים כללי
520023185,,,520023185|תגמולים כללי|לאחר השינוי,לאחר השינוי,2023,"אג""ח ממשלתי (צמוד, שקלי ומט""ח), ממשלות זרות בנטרול חשיפות בנגזרים (*)",,26.93,30.0,+/- 5%,25.0,35.0,"מדד אג""ח ממשלתי כללי",,תגמולים כללי,2026-09-30T21:21:21+00:00,http://www.fnx.co.il/sites/docs/genery/mediniut_ashkaa_tzfuia/gemelashkaa2023-update1223.xls,policy/companies/520023185/raw/520023185/91f287229a41_gemelashkaa2023-update1223.xls,תגמולים כללי
520023185,,,520023185|תגמולים כללי|לאחר השינוי,לאחר השינוי,2023,"אג""ח קונצרני (קרנות נאמנות, תעודות סל)",,32.84,30.0,+/- 6%,24.0,36.0,70% - מדד תל בונד 60 30% - מדד BarCap Global Corporate Total Return Bond Index UnHedged,,תגמולים כללי,2026-09-30T21:21:21+00:00,http://www.fnx.co.il/sites/docs/genery/mediniut_ashkaa_tzfuia/gemelashkaa2023-update1223.xls,policy/companies/520023185/raw/520023185/91f287229a41_gemelashkaa2023-update1223.xls,תגמולים כללי
520023185,,,520023185|תגמולים כללי|לאחר השינוי,לאחר השינוי,2023,"נדל""ן",,1.1,0.7,+/- 5%,0.0,6.0,,,תגמולים כללי,2026-09-30T21:21:21+00:00,http://www.fnx.co.il/sites/docs/genery/mediniut_ashkaa_tzfuia/gemelashkaa2023-update1223.xls,policy/companies/520023185/raw/520023185/91f287229a41_gemelashkaa2023-update1223.xls,תגמולים כללי
520023185,,,520023185|תגמולים כללי|לאחר השינוי,לאחר השינוי,2023,"אחר (קרנות השקעה, PE, VC, קרדיט, גידור)",,1.51,0.2,+/- 5%,0.0,5.0,,,תגמולים כללי,2026-09-30T21:21:21+00:00,http://www.fnx.co.il/sites/docs/genery/mediniut_ashkaa_tzfuia/gemelashkaa2023-update1223.xls,policy/companies/520023185/raw/520023185/91f287229a41_gemelashkaa2023-update1223.xls,תגמולים כללי
520023185,,,520023185|תגמולים כללי|לאחר השינוי,לאחר השינוי,2023,מזומנים (*),,3.81,3.3,+/- 5%,0.0,8.0,,,תגמולים כללי,2026-09-30T21:21:21+00:00,http://www.fnx.co.il/sites/docs/genery/mediniut_ashkaa_tzfuia/gemelashkaa2023-update1223.xls,policy/companies/520023185/raw/520023185/91f287229a41_gemelashkaa2023-update1223.xls,תגמולים כללי
520023185,,,520023185|תגמולים כללי|לאחר השינוי,לאחר השינוי,2023,"חשיפה למט""ח",fx,,17.0,+/- 6%,11.0,23.0,,,תגמולים כללי,2026-09-30T21:21:21+00:00,http://www.fnx.co.il/sites/docs/genery/mediniut_ashkaa_tzfuia/gemelashkaa2023-update1223.xls,policy/companies/520023185/raw/520023185/91f287229a41_gemelashkaa2023-update1223.xls,תגמולים כללי
520023185,,,520023185|גמל להשקעה כללי|הפניקס גמל להשקעה כללי,הפניקס גמל להשקעה כללי,2023,"מניות (כולל תעודות סל, אופציות, קרנות נאמנות)",equity,41.8,43.0,0.06,37.0,49.0,"35%- מדד ת""א 125,     65%- MSCI WORLD AC",,גמל להשקעה כללי,2026-09-30T21:21:21+00:00,http://www.fnx.co.il/sites/docs/genery/mediniut_ashkaa_tzfuia/gemelashkaa2023-update1223.xls,policy/companies/520023185/raw/520023185/91f287229a41_gemelashkaa2023-update1223.xls, גמל להשקעה כללי
520023185,,,520023185|גמל להשקעה כללי|הפניקס גמל להשקעה כללי,הפניקס גמל להשקעה כללי,2023,"אג""ח ממשלתי (צמוד,שקלי ומט""ח), ממשלות זרות בנטרול חשיפות בנגזרים (*)",,16.5,18.0,0.05,13.0,23.0,"מדד אג""ח ממשלתי כללי",,גמל להשקעה כללי,2026-09-30T21:21:21+00:00,http://www.fnx.co.il/sites/docs/genery/mediniut_ashkaa_tzfuia/gemelashkaa2023-update1223.xls,policy/companies/520023185/raw/520023185/91f287229a41_gemelashkaa2023-update1223.xls, גמל להשקעה כללי
520023185,,,520023185|גמל להשקעה כללי|הפניקס גמל להשקעה כללי,הפניקס גמל להשקעה כללי,2023,"אג""ח קונצרני (כולל קרנות נאמנות, תעודות סל)",,36.1,35.0,0.06,29.0,41.0,"35% - תל בונד כללי , 20% - תל בונד 60 , 15% - תל בונד 50 , 15% - IBOXX HY - 15%, IBOXX IG",,גמל להשקעה כללי,2026-09-30T21:21:21+00:00,http://www.fnx.co.il/sites/docs/genery/mediniut_ashkaa_tzfuia/gemelashkaa2023-update1223.xls,policy/companies/520023185/raw/520023185/91f287229a41_gemelashkaa2023-update1223.xls, גמל להשקעה כללי
520023185,,,520023185|גמל להשקעה כללי|הפניקס גמל להשקעה כללי,הפניקס גמל להשקעה כללי,2023,"נדל""ן",,0.1,0.0,0.05,0.0,5.0,,,גמל להשקעה כללי,2026-09-30T21:21:21+00:00,http://www.fnx.co.il/sites/docs/genery/mediniut_ashkaa_tzfuia/gemelashkaa2023-update1223.xls,policy/companies/520023185/raw/520023185/91f287229a41_gemelashkaa2023-update1223.xls, גמל להשקעה כללי
520023185,,,520023185|גמל להשקעה כללי|הפניקס גמל להשקעה כללי,הפניקס גמל להשקעה כללי,2023,"אחר (קרנות השקעה, Co Invest, תשתיות, גידור)",,2.6,1.0,0.05,0.0,6.0,,,גמל להשקעה כללי,2026-09-30T21:21:21+00:00,http://www.fnx.co.il/sites/docs/genery/mediniut_ashkaa_tzfuia/gemelashkaa2023-update1223.xls,policy/companies/520023185/raw/520023185/91f287229a41_gemelashkaa2023-update1223.xls, גמל להשקעה כללי
520023185,,,520023185|גמל להשקעה כללי|הפניקס גמל להשקעה כללי,הפניקס גמל להשקעה כללי,2023,מזומנים (*),,2.9,3.0,,,,,,גמל להשקעה כללי,2026-09-30T21:21:21+00:00,http://www.fnx.co.il/sites/docs/genery/mediniut_ashkaa_tzfuia/gemelashkaa2023-update1223.xls,policy/companies/520023185/raw/520023185/91f287229a41_gemelashkaa2023-update1223.xls, גמל להשקעה כללי
520023185,,,520023185|גמל להשקעה כללי|הפניקס גמל להשקעה כללי,הפניקס גמל להשקעה כללי,2023,"חשיפה למט""ח",fx,17.7,19.0,0.06,13.0,25.0,,,גמל להשקעה כללי,2026-09-30T21:21:21+00:00,http://www.fnx.co.il/sites/docs/genery/mediniut_ashkaa_tzfuia/gemelashkaa2023-update1223.xls,policy/companies/520023185/raw/520023185/91f287229a41_gemelashkaa2023-update1223.xls, גמל להשקעה כללי
520023185,,,520023185|גמל להשקעה כללי|הפניקס גמל להשקעה כללי,הפניקס גמל להשקעה כללי,2023,מגבלת עמלת ניהול חיצוני לשנת 2023,,0.13,,,,,,,גמל להשקעה כללי,2026-09-30T21:21:21+00:00,http://www.fnx.co.il/sites/docs/genery/mediniut_ashkaa_tzfuia/gemelashkaa2023-update1223.xls,policy/companies/520023185/raw/520023185/91f287229a41_gemelashkaa2023-update1223.xls, גמל להשקעה כללי
520023185,,,520023185|גמל להשקעה כללי פאסיבי|הפניקס גמל להשקעה כללי פאסיבי,הפניקס גמל להשקעה כללי פאסיבי,2023,"מניות (כולל תעודות סל, אופציות, קרנות נאמנות)",equity,44.1,44.0,0.06,38.0,50.0,TPX,,גמל להשקעה כללי פאסיבי,2026-09-30T21:21:21+00:00,http://www.fnx.co.il/sites/docs/genery/mediniut_ashkaa_tzfuia/gemelashkaa2023-update1223.xls,policy/companies/520023185/raw/520023185/91f287229a41_gemelashkaa2023-update1223.xls, גמל להשקעה כללי פאסיבי
520023185,,,520023185|גמל להשקעה כללי פאסיבי|הפניקס גמל להשקעה כללי פאסיבי,הפניקס גמל להשקעה כללי פאסיבי,2023,"אג""ח ממשלתי (צמוד, שקלי ומט""ח), ממשלות זרות בנטרול חשיפות בנגזרים",,17.7,18.0,0.05,13.0,23.0,ISHARES 7-10 YEARS TREASURY,,גמל להשקעה כללי פאסיבי,2026-09-30T21:21:21+00:00,http://www.fnx.co.il/sites/docs/genery/mediniut_ashkaa_tzfuia/gemelashkaa2023-update1223.xls,policy/companies/520023185/raw/520023185/91f287229a41_gemelashkaa2023-update1223.xls, גמל להשקעה כללי פאסיבי
520023185,,,520023185|גמל להשקעה כללי פאסיבי|הפניקס גמל להשקעה כללי פאסיבי,הפניקס גמל להשקעה כללי פאסיבי,2023,"אג""ח קונצרני (כולל קרנות נאמנות, תעודות סל)",,35.2,35.0,0.06,29.0,41.0,JGENUUG,,גמל להשקעה כללי פאסיבי,2026-09-30T21:21:21+00:00,http://www.fnx.co.il/sites/docs/genery/mediniut_ashkaa_tzfuia/gemelashkaa2023-update1223.xls,policy/companies/520023185/raw/520023185/91f287229a41_gemelashkaa2023-update1223.xls, גמל להשקעה כללי פאסיבי
520023185,,,520023185|גמל להשקעה כללי פאסיבי|הפניקס גמל להשקעה כללי פאסיבי,הפניקס גמל להשקעה כללי פאסיבי,2023,אחר,,0.0,0.0,0.05,0.0,5.0,,,גמל להשקעה כללי פאסיבי,2026-09-30T21:21:21+00:00,http://www.fnx.co.il/sites/docs/genery/mediniut_ashkaa_tzfuia/gemelashkaa2023-update1223.xls,policy/companies/520023185/raw/520023185/91f287229a41_gemelashkaa2023-update1223.xls, גמל להשקעה כללי פאסיבי
520023185,,,520023185|גמל להשקעה כללי פאסיבי|הפניקס גמל להשקעה כללי פאסיבי,הפניקס גמל להשקעה כללי פאסיבי,2023,מזומנים (*),,3.0,3.0,,,,"ריבית פח""ק",,גמל להשקעה כללי פאסיבי,2026-09-30T21:21:21+00:00,http://www.fnx.co.il/sites/docs/genery/mediniut_ashkaa_tzfuia/gemelashkaa2023-update1223.xls,policy/companies/520023185/raw/520023185/91f287229a41_gemelashkaa2023-update1223.xls, גמל להשקעה כללי פאסיבי
520023185,,,520023185|גמל להשקעה כללי פאסיבי|הפניקס גמל להשקעה כללי פאסיבי,הפניקס גמל להשקעה כללי פאסיבי,2023,"חשיפה למט""ח",fx,18.2,100.0,0.06,94.0,106.0,,,גמל להשקעה כללי פאסיבי,2026-09-30T21:21:21+00:00,http://www.fnx.co.il/sites/docs/genery/mediniut_ashkaa_tzfuia/gemelashkaa2023-update1223.xls,policy/companies/520023185/raw/520023185/91f287229a41_gemelashkaa2023-update1223.xls, גמל להשקעה כללי פאסיבי
520023185,,,520023185|גמל להשקעה כללי פאסיבי|הפניקס גמל להשקעה כללי פאסיבי,הפניקס גמל להשקעה כללי פאסיבי,2023,מגבלת עמלת ניהול חיצוני לשנת 2023,,0.05,,,,,,,גמל להשקעה כללי פאסיבי,2026-09-30T21:21:21+00:00,http://www.fnx.co.il/sites/docs/genery/mediniut_ashkaa_tzfuia/gemelashkaa2023-update1223.xls,policy/companies/520023185/raw/520023185/91f287229a41_gemelashkaa2023-update1223.xls, גמל להשקעה כללי פאסיבי
520023185,,,520023185|תגמולים עמית|לאחר השינוי,לאחר השינוי,2023,"מניות (כולל תעודות סל, אופציות, קרנות נאמנות)",equity,13.92,9.0,+/- 6%,3.0,15.0,"70%- מדד ת""א 100 ,  30%- MSCI WORLD AC",,תגמולים עמית,2026-09-30T21:21:21+00:00,http://www.fnx.co.il/sites/docs/genery/mediniut_ashkaa_tzfuia/gemelashkaa2023-update1223.xls,policy/companies/520023185/raw/520023185/91f287229a41_gemelashkaa2023-update1223.xls,תגמולים עמית
520023185,,,520023185|תגמולים עמית|לאחר השינוי,לאחר השינוי,2023,"אג""ח ממשלתי (צמוד, שקלי ומט""ח), ממשלות זרות בנטרול חשיפות בנגזרים (*)",,54.12,56.0,+/- 5%,51.0,61.0,"מדד אג""ח ממשלתי כללי",,תגמולים עמית,2026-09-30T21:21:21+00:00,http://www.fnx.co.il/sites/docs/genery/mediniut_ashkaa_tzfuia/gemelashkaa2023-update1223.xls,policy/companies/520023185/raw/520023185/91f287229a41_gemelashkaa2023-update1223.xls,תגמולים עמית
520023185,,,520023185|תגמולים עמית|לאחר השינוי,לאחר השינוי,2023,"אג""ח קונצרני (קרנות נאמנות, תעודות סל)",,27.47,26.0,+/- 6%,20.0,32.0,70% - מדד תל בונד 60 30% - מדד BarCap Global Corporate Total Return Bond Index UnHedged,,תגמולים עמית,2026-09-30T21:21:21+00:00,http://www.fnx.co.il/sites/docs/genery/mediniut_ashkaa_tzfuia/gemelashkaa2023-update1223.xls,policy/companies/520023185/raw/520023185/91f287229a41_gemelashkaa2023-update1223.xls,תגמולים עמית
520023185,,,520023185|תגמולים עמית|לאחר השינוי,לאחר השינוי,2023,"נדל""ן",,0.28,1.0,+/- 5%,0.0,6.0,,,תגמולים עמית,2026-09-30T21:21:21+00:00,http://www.fnx.co.il/sites/docs/genery/mediniut_ashkaa_tzfuia/gemelashkaa2023-update1223.xls,policy/companies/520023185/raw/520023185/91f287229a41_gemelashkaa2023-update1223.xls,תגמולים עמית
520023185,,,520023185|תגמולים עמית|לאחר השינוי,לאחר השינוי,2023,"אחר (קרנות השקעה, PE, VC, קרדיט, גידור)",,0.11,1.0,+/- 5%,0.0,6.0,,,תגמולים עמית,2026-09-30T21:21:21+00:00,http://www.fnx.co.il/sites/docs/genery/mediniut_ashkaa_tzfuia/gemelashkaa2023-update1223.xls,policy/companies/520023185/raw/520023185/91f287229a41_gemelashkaa2023-update1223.xls,תגמולים עמית
520023185,,,520023185|תגמולים עמית|לאחר השינוי,לאחר השינוי,2023,מזומנים (*),,4.1,7.0,+/- 5%,2.0,12.0,,,תגמולים עמית,2026-09-30T21:21:21+00:00,http://www.fnx.co.il/sites/docs/genery/mediniut_ashkaa_tzfuia/gemelashkaa2023-update1223.xls,policy/companies/520023185/raw/520023185/91f287229a41_gemelashkaa2023-update1223.xls,תגמולים עמית
520023185,,,520023185|תגמולים עמית|לאחר השינוי,לאחר השינוי,2023,"חשיפה למט""ח",fx,,17.0,+/- 6%,11.0,23.0,,,תגמולים עמית,2026-09-30T21:21:21+00:00,http://www.fnx.co.il/sites/docs/genery/mediniut_ashkaa_tzfuia/gemelashkaa2023-update1223.xls,policy/companies/520023185/raw/520023185/91f287229a41_gemelashkaa2023-update1223.xls,תגמולים עמית
520023185,,,520023185|השתלמות עמית עד 15% מניות|לאחר השינוי,לאחר השינוי,2023,"מניות (כולל תעודות סל, אופציות, קרנות נאמנות)",equity,,9.0,+/- 6%,3.0,15.0,"70%- מדד ת""א 100 ,  30%- MSCI WORLD AC",,השתלמות עמית עד 15% מניות,2026-09-30T21:21:21+00:00,http://www.fnx.co.il/sites/docs/genery/mediniut_ashkaa_tzfuia/gemelashkaa2023-update1223.xls,policy/companies/520023185/raw/520023185/91f287229a41_gemelashkaa2023-update1223.xls,השתלמות עמית עד 15% מניות
520023185,,,520023185|השתלמות עמית עד 15% מניות|לאחר השינוי,לאחר השינוי,2023,"אג""ח ממשלתי (צמוד, שקלי ומט""ח), ממשלות זרות בנטרול חשיפות בנגזרים (*)",,,56.0,+/- 5%,51.0,61.0,"מדד אג""ח ממשלתי כללי",,השתלמות עמית עד 15% מניות,2026-09-30T21:21:21+00:00,http://www.fnx.co.il/sites/docs/genery/mediniut_ashkaa_tzfuia/gemelashkaa2023-update1223.xls,policy/companies/520023185/raw/520023185/91f287229a41_gemelashkaa2023-update1223.xls,השתלמות עמית עד 15% מניות
520023185,,,520023185|השתלמות עמית עד 15% מניות|לאחר השינוי,לאחר השינוי,2023,"אג""ח קונצרני (קרנות נאמנות, תעודות סל)",,,26.0,+/- 6%,20.0,32.0,70% - מדד תל בונד 60 30% - מדד BarCap Global Corporate Total Return Bond Index UnHedged,,השתלמות עמית עד 15% מניות,2026-09-30T21:21:21+00:00,http://www.fnx.co.il/sites/docs/genery/mediniut_ashkaa_tzfuia/gemelashkaa2023-update1223.xls,policy/companies/520023185/raw/520023185/91f287229a41_gemelashkaa2023-update1223.xls,השתלמות עמית עד 15% מניות
520023185,,,520023185|השתלמות עמית עד 15% מניות|לאחר השינוי,לאחר השינוי,2023,"נדל""ן",,,1.0,+/- 5%,0.0,6.0,,,השתלמות עמית עד 15% מניות,2026-09-30T21:21:21+00:00,http://www.fnx.co.il/sites/docs/genery/mediniut_ashkaa_tzfuia/gemelashkaa2023-update1223.xls,policy/companies/520023185/raw/520023185/91f287229a41_gemelashkaa2023-update1223.xls,השתלמות עמית עד 15% מניות
520023185,,,520023185|השתלמות עמית עד 15% מניות|לאחר השינוי,לאחר השינוי,2023,"אחר (קרנות השקעה, PE, VC, קרדיט, גידור)",,,1.0,+/- 5%,0.0,6.0,,,השתלמות עמית עד 15% מניות,2026-09-30T21:21:21+00:00,http://www.fnx.co.il/sites/docs/genery/mediniut_ashkaa_tzfuia/gemelashkaa2023-update1223.xls,policy/companies/520023185/raw/520023185/91f287229a41_gemelashkaa2023-update1223.xls,השתלמות עמית עד 15% מניות
520023185,,,520023185|השתלמות עמית עד 15% מניות|לאחר השינוי,לאחר השינוי,2023,מזומנים (*),,,6.7,+/- 5%,2.0,12.0,,,השתלמות עמית עד 15% מניות,2026-09-30T21:21:21+00:00,http://www.fnx.co.il/sites/docs/genery/mediniut_ashkaa_tzfuia/gemelashkaa2023-update1223.xls,policy/companies/520023185/raw/520023185/91f287229a41_gemelashkaa2023-update1223.xls,השתלמות עמית עד 15% מניות
520023185,,,520023185|השתלמות עמית עד 15% מניות|לאחר השינוי,לאחר השינוי,2023,"חשיפה למט""ח",fx,,9.0,+/- 6%,3.0,15.0,,,השתלמות עמית עד 15% מניות,2026-09-30T21:21:21+00:00,http://www.fnx.co.il/sites/docs/genery/mediniut_ashkaa_tzfuia/gemelashkaa2023-update1223.xls,policy/companies/520023185/raw/520023185/91f287229a41_gemelashkaa2023-update1223.xls,השתלמות עמית עד 15% מניות
520023185,,,520023185|תגמולים כללי|לאחר השינוי,לאחר השינוי,2023,"מניות (כולל תעודות סל, אופציות, קרנות נאמנות)",equity,33.82,36.0,+/- 6%,30.0,42.0,"50%- מדד ת""א 100 ,  50%- MSCI WORLD AC",,תגמולים כללי,2026-09-30T21:21:21+00:00,http://www.fnx.co.il/sites/docs/genery/mediniut_ashkaa_tzfuia/gemelashkaa2023.xls,policy/companies/520023185/raw/520023185/8730f207ef42_gemelashkaa2023.xls,תגמולים כללי
520023185,,,520023185|תגמולים כללי|לאחר השינוי,לאחר השינוי,2023,"אג""ח ממשלתי (צמוד, שקלי ומט""ח), ממשלות זרות בנטרול חשיפות בנגזרים (*)",,26.93,30.0,+/- 5%,25.0,35.0,"מדד אג""ח ממשלתי כללי",,תגמולים כללי,2026-09-30T21:21:21+00:00,http://www.fnx.co.il/sites/docs/genery/mediniut_ashkaa_tzfuia/gemelashkaa2023.xls,policy/companies/520023185/raw/520023185/8730f207ef42_gemelashkaa2023.xls,תגמולים כללי
520023185,,,520023185|תגמולים כללי|לאחר השינוי,לאחר השינוי,2023,"אג""ח קונצרני (קרנות נאמנות, תעודות סל)",,32.84,30.0,+/- 6%,24.0,36.0,70% - מדד תל בונד 60 30% - מדד BarCap Global Corporate Total Return Bond Index UnHedged,,תגמולים כללי,2026-09-30T21:21:21+00:00,http://www.fnx.co.il/sites/docs/genery/mediniut_ashkaa_tzfuia/gemelashkaa2023.xls,policy/companies/520023185/raw/520023185/8730f207ef42_gemelashkaa2023.xls,תגמולים כללי
520023185,,,520023185|תגמולים כללי|לאחר השינוי,לאחר השינוי,2023,"נדל""ן",,1.1,0.7,+/- 5%,0.0,6.0,,,תגמולים כללי,2026-09-30T21:21:21+00:00,http://www.fnx.co.il/sites/docs/genery/mediniut_ashkaa_tzfuia/gemelashkaa2023.xls,policy/companies/520023185/raw/520023185/8730f207ef42_gemelashkaa2023.xls,תגמולים כללי
520023185,,,520023185|תגמולים כללי|לאחר השינוי,לאחר השינוי,2023,"אחר (קרנות השקעה, PE, VC, קרדיט, גידור)",,1.51,0.2,+/- 5%,0.0,5.0,,,תגמולים כללי,2026-09-30T21:21:21+00:00,http://www.fnx.co.il/sites/docs/genery/mediniut_ashkaa_tzfuia/gemelashkaa2023.xls,policy/companies/520023185/raw/520023185/8730f207ef42_gemelashkaa2023.xls,תגמולים כללי
520023185,,,520023185|תגמולים כללי|לאחר השינוי,לאחר השינוי,2023,מזומנים (*),,3.81,3.3,+/- 5%,0.0,8.0,,,תגמולים כללי,2026-09-30T21:21:21+00:00,http://www.fnx.co.il/sites/docs/genery/mediniut_ashkaa_tzfuia/gemelashkaa2023.xls,policy/companies/520023185/raw/520023185/8730f207ef42_gemelashkaa2023.xls,תגמולים כללי
520023185,,,520023185|תגמולים כללי|לאחר השינוי,לאחר השינוי,2023,"חשיפה למט""ח",fx,,17.0,+/- 6%,11.0,23.0,,,תגמולים כללי,2026-09-30T21:21:21+00:00,http://www.fnx.co.il/sites/docs/genery/mediniut_ashkaa_tzfuia/gemelashkaa2023.xls,policy/companies/520023185/raw/520023185/8730f207ef42_gemelashkaa2023.xls,תגמולים כללי
520023185,,,520023185|גמל להשקעה כללי|הפניקס גמל להשקעה כללי,הפניקס גמל להשקעה כללי,2023,"מניות (כולל תעודות סל, אופציות, קרנות נאמנות)",equity,41.8,43.0,0.06,37.0,49.0,"35%- מדד ת""א 125,     65%- MSCI WORLD AC",,גמל להשקעה כללי,2026-09-30T21:21:21+00:00,http://www.fnx.co.il/sites/docs/genery/mediniut_ashkaa_tzfuia/gemelashkaa2023.xls,policy/companies/520023185/raw/520023185/8730f207ef42_gemelashkaa2023.xls, גמל להשקעה כללי
520023185,,,520023185|גמל להשקעה כללי|הפניקס גמל להשקעה כללי,הפניקס גמל להשקעה כללי,2023,"אג""ח ממשלתי (צמוד,שקלי ומט""ח), ממשלות זרות בנטרול חשיפות בנגזרים (*)",,16.5,18.0,0.05,13.0,23.0,"מדד אג""ח ממשלתי כללי",,גמל להשקעה כללי,2026-09-30T21:21:21+00:00,http://www.fnx.co.il/sites/docs/genery/mediniut_ashkaa_tzfuia/gemelashkaa2023.xls,policy/companies/520023185/raw/520023185/8730f207ef42_gemelashkaa2023.xls, גמל להשקעה כללי
520023185,,,520023185|גמל להשקעה כללי|הפניקס גמל להשקעה כללי,הפניקס גמל להשקעה כללי,2023,"אג""ח קונצרני (כולל קרנות נאמנות, תעודות סל)",,36.1,35.0,0.06,29.0,41.0,"35% - תל בונד כללי , 20% - תל בונד 60 , 15% - תל בונד 50 , 15% - IBOXX HY - 15%, IBOXX IG",,גמל להשקעה כללי,2026-09-30T21:21:21+00:00,http://www.fnx.co.il/sites/docs/genery/mediniut_ashkaa_tzfuia/gemelashkaa2023.xls,policy/companies/520023185/raw/520023185/8730f207ef42_gemelashkaa2023.xls, גמל להשקעה כללי
520023185,,,520023185|גמל להשקעה כללי|הפניקס גמל להשקעה כללי,הפניקס גמל להשקעה כללי,2023,"נדל""ן",,0.1,0.0,0.05,0.0,5.0,,,גמל להשקעה כללי,2026-09-30T21:21:21+00:00,http://www.fnx.co.il/sites/docs/genery/mediniut_ashkaa_tzfuia/gemelashkaa2023.xls,policy/companies/520023185/raw/520023185/8730f207ef42_gemelashkaa2023.xls, גמל להשקעה כללי
520023185,,,520023185|גמל להשקעה כללי|הפניקס גמל להשקעה כללי,הפניקס גמל להשקעה כללי,2023,"אחר (קרנות השקעה, Co Invest, תשתיות, גידור)",,2.6,1.0,0.05,0.0,6.0,,,גמל להשקעה כללי,2026-09-30T21:21:21+00:00,http://www.fnx.co.il/sites/docs/genery/mediniut_ashkaa_tzfuia/gemelashkaa2023.xls,policy/companies/520023185/raw/520023185/8730f207ef42_gemelashkaa2023.xls, גמל להשקעה כללי
520023185,,,520023185|גמל להשקעה כללי|הפניקס גמל להשקעה כללי,הפניקס גמל להשקעה כללי,2023,מזומנים (*),,2.9,3.0,,,,,,גמל להשקעה כללי,2026-09-30T21:21:21+00:00,http://www.fnx.co.il/sites/docs/genery/mediniut_ashkaa_tzfuia/gemelashkaa2023.xls,policy/companies/520023185/raw/520023185/8730f207ef42_gemelashkaa2023.xls, גמל להשקעה כללי
520023185,,,520023185|גמל להשקעה כללי|הפניקס גמל להשקעה כללי,הפניקס גמל להשקעה כללי,2023,"חשיפה למט""ח",fx,17.7,19.0,0.06,13.0,25.0,,,גמל להשקעה כללי,2026-09-30T21:21:21+00:00,http://www.fnx.co.il/sites/docs/genery/mediniut_ashkaa_tzfuia/gemelashkaa2023.xls,policy/companies/520023185/raw/520023185/8730f207ef42_gemelashkaa2023.xls, גמל להשקעה כללי
520023185,,,520023185|גמל להשקעה כללי|הפניקס גמל להשקעה כללי,הפניקס גמל להשקעה כללי,2023,מגבלת עמלת ניהול חיצוני לשנת 2023,,0.13,,,,,,,גמל להשקעה כללי,2026-09-30T21:21:21+00:00,http://www.fnx.co.il/sites/docs/genery/mediniut_ashkaa_tzfuia/gemelashkaa2023.xls,policy/companies/520023185/raw/520023185/8730f207ef42_gemelashkaa2023.xls, גמל להשקעה כללי
520023185,,,520023185|גמל להשקעה כללי פאסיבי|הפניקס גמל להשקעה כללי פאסיבי,הפניקס גמל להשקעה כללי פאסיבי,2023,"מניות (כולל תעודות סל, אופציות, קרנות נאמנות)",equity,44.1,44.0,0.06,38.0,50.0,TPX,,גמל להשקעה כללי פאסיבי,2026-09-30T21:21:21+00:00,http://www.fnx.co.il/sites/docs/genery/mediniut_ashkaa_tzfuia/gemelashkaa2023.xls,policy/companies/520023185/raw/520023185/8730f207ef42_gemelashkaa2023.xls, גמל להשקעה כללי פאסיבי
520023185,,,520023185|גמל להשקעה כללי פאסיבי|הפניקס גמל להשקעה כללי פאסיבי,הפניקס גמל להשקעה כללי פאסיבי,2023,"אג""ח ממשלתי (צמוד,שקלי ומט""ח), ממשלות",,17.7,18.0,0.05,13.0,23.0,משקל שחר 0-2,,גמל להשקעה כללי פאסיבי,2026-09-30T21:21:21+00:00,http://www.fnx.co.il/sites/docs/genery/mediniut_ashkaa_tzfuia/gemelashkaa2023.xls,policy/companies/520023185/raw/520023185/8730f207ef42_gemelashkaa2023.xls, גמל להשקעה כללי פאסיבי
520023185,,,520023185|גמל להשקעה כללי פאסיבי|הפניקס גמל להשקעה כללי פאסיבי,הפניקס גמל להשקעה כללי פאסיבי,2023,"אג""ח קונצרני (כולל קרנות נאמנות, תעודות סל)",,35.2,35.0,0.06,29.0,41.0,JCMBCOMP,,גמל להשקעה כללי פאסיבי,2026-09-30T21:21:21+00:00,http://www.fnx.co.il/sites/docs/genery/mediniut_ashkaa_tzfuia/gemelashkaa2023.xls,policy/companies/520023185/raw/520023185/8730f207ef42_gemelashkaa2023.xls, גמל להשקעה כללי פאסיבי
520023185,,,520023185|גמל להשקעה כללי פאסיבי|הפניקס גמל להשקעה כללי פאסיבי,הפניקס גמל להשקעה כללי פאסיבי,2023,אחר,,0.0,0.0,0.05,0.0,5.0,,,גמל להשקעה כללי פאסיבי,2026-09-30T21:21:21+00:00,http://www.fnx.co.il/sites/docs/genery/mediniut_ashkaa_tzfuia/gemelashkaa2023.xls,policy/companies/520023185/raw/520023185/8730f207ef42_gemelashkaa2023.xls, גמל להשקעה כללי פאסיבי
520023185,,,520023185|גמל להשקעה כללי פאסיבי|הפניקס גמל להשקעה כללי פאסיבי,הפניקס גמל להשקעה כללי פאסיבי,2023,מזומנים (*),,3.0,3.0,,,,"ריבית פח""ק",,גמל להשקעה כללי פאסיבי,2026-09-30T21:21:21+00:00,http://www.fnx.co.il/sites/docs/genery/mediniut_ashkaa_tzfuia/gemelashkaa2023.xls,policy/companies/520023185/raw/520023185/8730f207ef42_gemelashkaa2023.xls, גמל להשקעה כללי פאסיבי
520023185,,,520023185|גמל להשקעה כללי פאסיבי|הפניקס גמל להשקעה כללי פאסיבי,הפניקס גמל להשקעה כללי פאסיבי,2023,"חשיפה למט""ח",fx,18.2,19.0,0.06,13.0,25.0,,,גמל להשקעה כללי פאסיבי,2026-09-30T21:21:21+00:00,http://www.fnx.co.il/sites/docs/genery/mediniut_ashkaa_tzfuia/gemelashkaa2023.xls,policy/companies/520023185/raw/520023185/8730f207ef42_gemelashkaa2023.xls, גמל להשקעה כללי פאסיבי
520023185,,,520023185|גמל להשקעה כללי פאסיבי|הפניקס גמל להשקעה כללי פאסיבי,הפניקס גמל להשקעה כללי פאסיבי,2023,מגבלת עמלת ניהול חיצוני לשנת 2023,,0.05,,,,,,,גמל להשקעה כללי פאסיבי,2026-09-30T21:21:21+00:00,http://www.fnx.co.il/sites/docs/genery/mediniut_ashkaa_tzfuia/gemelashkaa2023.xls,policy/companies/520023185/raw/520023185/8730f207ef42_gemelashkaa2023.xls, גמל להשקעה כללי פאסיבי
520023185,,,520023185|תגמולים עמית|לאחר השינוי,לאחר השינוי,2023,"מניות (כולל תעודות סל, אופציות, קרנות נאמנות)",equity,13.92,9.0,+/- 6%,3.0,15.0,"70%- מדד ת""א 100 ,  30%- MSCI WORLD AC",,תגמולים עמית,2026-09-30T21:21:21+00:00,http://www.fnx.co.il/sites/docs/genery/mediniut_ashkaa_tzfuia/gemelashkaa2023.xls,policy/companies/520023185/raw/520023185/8730f207ef42_gemelashkaa2023.xls,תגמולים עמית
520023185,,,520023185|תגמולים עמית|לאחר השינוי,לאחר השינוי,2023,"אג""ח ממשלתי (צמוד, שקלי ומט""ח), ממשלות זרות בנטרול חשיפות בנגזרים (*)",,54.12,56.0,+/- 5%,51.0,61.0,"מדד אג""ח ממשלתי כללי",,תגמולים עמית,2026-09-30T21:21:21+00:00,http://www.fnx.co.il/sites/docs/genery/mediniut_ashkaa_tzfuia/gemelashkaa2023.xls,policy/companies/520023185/raw/520023185/8730f207ef42_gemelashkaa2023.xls,תגמולים עמית
520023185,,,520023185|תגמולים עמית|לאחר השינוי,לאחר השינוי,2023,"אג""ח קונצרני (קרנות נאמנות, תעודות סל)",,27.47,26.0,+/- 6%,20.0,32.0,70% - מדד תל בונד 60 30% - מדד BarCap Global Corporate Total Return Bond Index UnHedged,,תגמולים עמית,2026-09-30T21:21:21+00:00,http://www.fnx.co.il/sites/docs/genery/mediniut_ashkaa_tzfuia/gemelashkaa2023.xls,policy/companies/520023185/raw/520023185/8730f207ef42_gemelashkaa2023.xls,תגמולים עמית
520023185,,,520023185|תגמולים עמית|לאחר השינוי,לאחר השינוי,2023,"נדל""ן",,0.28,1.0,+/- 5%,0.0,6.0,,,תגמולים עמית,2026-09-30T21:21:21+00:00,http://www.fnx.co.il/sites/docs/genery/mediniut_ashkaa_tzfuia/gemelashkaa2023.xls,policy/companies/520023185/raw/520023185/8730f207ef42_gemelashkaa2023.xls,תגמולים עמית
520023185,,,520023185|תגמולים עמית|לאחר השינוי,לאחר השינוי,2023,"אחר (קרנות השקעה, PE, VC, קרדיט, גידור)",,0.11,1.0,+/- 5%,0.0,6.0,,,תגמולים עמית,2026-09-30T21:21:21+00:00,http://www.fnx.co.il/sites/docs/genery/mediniut_ashkaa_tzfuia/gemelashkaa2023.xls,policy/companies/520023185/raw/520023185/8730f207ef42_gemelashkaa2023.xls,תגמולים עמית
520023185,,,520023185|תגמולים עמית|לאחר השינוי,לאחר השינוי,2023,מזומנים (*),,4.1,7.0,+/- 5%,2.0,12.0,,,תגמולים עמית,2026-09-30T21:21:21+00:00,http://www.fnx.co.il/sites/docs/genery/mediniut_ashkaa_tzfuia/gemelashkaa2023.xls,policy/companies/520023185/raw/520023185/8730f207ef42_gemelashkaa2023.xls,תגמולים עמית
520023185,,,520023185|תגמולים עמית|לאחר השינוי,לאחר השינוי,2023,"חשיפה למט""ח",fx,,17.0,+/- 6%,11.0,23.0,,,תגמולים עמית,2026-09-30T21:21:21+00:00,http://www.fnx.co.il/sites/docs/genery/mediniut_ashkaa_tzfuia/gemelashkaa2023.xls,policy/companies/520023185/raw/520023185/8730f207ef42_gemelashkaa2023.xls,תגמולים עמית
520023185,,,520023185|השתלמות עמית עד 15% מניות|לאחר השינוי,לאחר השינוי,2023,"מניות (כולל תעודות סל, אופציות, קרנות נאמנות)",equity,,9.0,+/- 6%,3.0,15.0,"70%- מדד ת""א 100 ,  30%- MSCI WORLD AC",,השתלמות עמית עד 15% מניות,2026-09-30T21:21:21+00:00,http://www.fnx.co.il/sites/docs/genery/mediniut_ashkaa_tzfuia/gemelashkaa2023.xls,policy/companies/520023185/raw/520023185/8730f207ef42_gemelashkaa2023.xls,השתלמות עמית עד 15% מניות
520023185,,,520023185|השתלמות עמית עד 15% מניות|לאחר השינוי,לאחר השינוי,2023,"אג""ח ממשלתי (צמוד, שקלי ומט""ח), ממשלות זרות בנטרול חשיפות בנגזרים (*)",,,56.0,+/- 5%,51.0,61.0,"מדד אג""ח ממשלתי כללי",,השתלמות עמית עד 15% מניות,2026-09-30T21:21:21+00:00,http://www.fnx.co.il/sites/docs/genery/mediniut_ashkaa_tzfuia/gemelashkaa2023.xls,policy/companies/520023185/raw/520023185/8730f207ef42_gemelashkaa2023.xls,השתלמות עמית עד 15% מניות
520023185,,,520023185|השתלמות עמית עד 15% מניות|לאחר השינוי,לאחר השינוי,2023,"אג""ח קונצרני (קרנות נאמנות, תעודות סל)",,,26.0,+/- 6%,20.0,32.0,70% - מדד תל בונד 60 30% - מדד BarCap Global Corporate Total Return Bond Index UnHedged,,השתלמות עמית עד 15% מניות,2026-09-30T21:21:21+00:00,http://www.fnx.co.il/sites/docs/genery/mediniut_ashkaa_tzfuia/gemelashkaa2023.xls,policy/companies/520023185/raw/520023185/8730f207ef42_gemelashkaa2023.xls,השתלמות עמית עד 15% מניות
520023185,,,520023185|השתלמות עמית עד 15% מניות|לאחר השינוי,לאחר השינוי,2023,"נדל""ן",,,1.0,+/- 5%,0.0,6.0,,,השתלמות עמית עד 15% מניות,2026-09-30T21:21:21+00:00,http://www.fnx.co.il/sites/docs/genery/mediniut_ashkaa_tzfuia/gemelashkaa2023.xls,policy/companies/520023185/raw/520023185/8730f207ef42_gemelashkaa2023.xls,השתלמות עמית עד 15% מניות
520023185,,,520023185|השתלמות עמית עד 15% מניות|לאחר השינוי,לאחר השינוי,2023,"אחר (קרנות השקעה, PE, VC, קרדיט, גידור)",,,1.0,+/- 5%,0.0,6.0,,,השתלמות עמית עד 15% מניות,2026-09-30T21:21:21+00:00,http://www.fnx.co.il/sites/docs/genery/mediniut_ashkaa_tzfuia/gemelashkaa2023.xls,policy/companies/520023185/raw/520023185/8730f207ef42_gemelashkaa2023.xls,השתלמות עמית עד 15% מניות
520023185,,,520023185|השתלמות עמית עד 15% מניות|לאחר השינוי,לאחר השינוי,2023,מזומנים (*),,,6.7,+/- 5%,2.0,12.0,,,השתלמות עמית עד 15% מניות,2026-09-30T21:21:21+00:00,http://www.fnx.co.il/sites/docs/genery/mediniut_ashkaa_tzfuia/gemelashkaa2023.xls,policy/companies/520023185/raw/520023185/8730f207ef42_gemelashkaa2023.xls,השתלמות עמית עד 15% מניות
520023185,,,520023185|השתלמות עמית עד 15% מניות|לאחר השינוי,לאחר השינוי,2023,"חשיפה למט""ח",fx,,9.0,+/- 6%,3.0,15.0,,,השתלמות עמית עד 15% מניות,2026-09-30T21:21:21+00:00,http://www.fnx.co.il/sites/docs/genery/mediniut_ashkaa_tzfuia/gemelashkaa2023.xls,policy/companies/520023185/raw/520023185/8730f207ef42_gemelashkaa2023.xls,השתלמות עמית עד 15% מניות
520023185,,,520023185|תגמולים כללי|לאחר השינוי,לאחר השינוי,2023,"מניות (כולל תעודות סל, אופציות, קרנות נאמנות)",equity,33.82,36.0,+/- 6%,30.0,42.0,"50%- מדד ת""א 100 ,  50%- MSCI WORLD AC",,תגמולים כללי,2026-09-30T21:21:21+00:00,http://www.fnx.co.il/sites/docs/genery/mediniut_ashkaa_tzfuia/gemelpolicychild_update112023.xls,policy/companies/520023185/raw/520023185/e34c993a9c45_gemelpolicychild_update112023.xls,תגמולים כללי
520023185,,,520023185|תגמולים כללי|לאחר השינוי,לאחר השינוי,2023,"אג""ח ממשלתי (צמוד, שקלי ומט""ח), ממשלות זרות בנטרול חשיפות בנגזרים (*)",,26.93,30.0,+/- 5%,25.0,35.0,"מדד אג""ח ממשלתי כללי",,תגמולים כללי,2026-09-30T21:21:21+00:00,http://www.fnx.co.il/sites/docs/genery/mediniut_ashkaa_tzfuia/gemelpolicychild_update112023.xls,policy/companies/520023185/raw/520023185/e34c993a9c45_gemelpolicychild_update112023.xls,תגמולים כללי
520023185,,,520023185|תגמולים כללי|לאחר השינוי,לאחר השינוי,2023,"אג""ח קונצרני (קרנות נאמנות, תעודות סל)",,32.84,30.0,+/- 6%,24.0,36.0,70% - מדד תל בונד 60 30% - מדד BarCap Global Corporate Total Return Bond Index UnHedged,,תגמולים כללי,2026-09-30T21:21:21+00:00,http://www.fnx.co.il/sites/docs/genery/mediniut_ashkaa_tzfuia/gemelpolicychild_update112023.xls,policy/companies/520023185/raw/520023185/e34c993a9c45_gemelpolicychild_update112023.xls,תגמולים כללי
520023185,,,520023185|תגמולים כללי|לאחר השינוי,לאחר השינוי,2023,"נדל""ן",,1.1,0.7,+/- 5%,0.0,6.0,,,תגמולים כללי,2026-09-30T21:21:21+00:00,http://www.fnx.co.il/sites/docs/genery/mediniut_ashkaa_tzfuia/gemelpolicychild_update112023.xls,policy/companies/520023185/raw/520023185/e34c993a9c45_gemelpolicychild_update112023.xls,תגמולים כללי
520023185,,,520023185|תגמולים כללי|לאחר השינוי,לאחר השינוי,2023,"אחר (קרנות השקעה, PE, VC, קרדיט, גידור)",,1.51,0.2,+/- 5%,0.0,5.0,,,תגמולים כללי,2026-09-30T21:21:21+00:00,http://www.fnx.co.il/sites/docs/genery/mediniut_ashkaa_tzfuia/gemelpolicychild_update112023.xls,policy/companies/520023185/raw/520023185/e34c993a9c45_gemelpolicychild_update112023.xls,תגמולים כללי
520023185,,,520023185|תגמולים כללי|לאחר השינוי,לאחר השינוי,2023,מזומנים (*),,3.81,3.3,+/- 5%,0.0,8.0,,,תגמולים כללי,2026-09-30T21:21:21+00:00,http://www.fnx.co.il/sites/docs/genery/mediniut_ashkaa_tzfuia/gemelpolicychild_update112023.xls,policy/companies/520023185/raw/520023185/e34c993a9c45_gemelpolicychild_update112023.xls,תגמולים כללי
520023185,,,520023185|תגמולים כללי|לאחר השינוי,לאחר השינוי,2023,"חשיפה למט""ח",fx,,17.0,+/- 6%,11.0,23.0,,,תגמולים כללי,2026-09-30T21:21:21+00:00,http://www.fnx.co.il/sites/docs/genery/mediniut_ashkaa_tzfuia/gemelpolicychild_update112023.xls,policy/companies/520023185/raw/520023185/e34c993a9c45_gemelpolicychild_update112023.xls,תגמולים כללי
520023185,,,520023185|תגמולים עמית|לאחר השינוי,לאחר השינוי,2023,"מניות (כולל תעודות סל, אופציות, קרנות נאמנות)",equity,13.92,9.0,+/- 6%,3.0,15.0,"70%- מדד ת""א 100 ,  30%- MSCI WORLD AC",,תגמולים עמית,2026-09-30T21:21:21+00:00,http://www.fnx.co.il/sites/docs/genery/mediniut_ashkaa_tzfuia/gemelpolicychild_update112023.xls,policy/companies/520023185/raw/520023185/e34c993a9c45_gemelpolicychild_update112023.xls,תגמולים עמית
520023185,,,520023185|תגמולים עמית|לאחר השינוי,לאחר השינוי,2023,"אג""ח ממשלתי (צמוד, שקלי ומט""ח), ממשלות זרות בנטרול חשיפות בנגזרים (*)",,54.12,56.0,+/- 5%,51.0,61.0,"מדד אג""ח ממשלתי כללי",,תגמולים עמית,2026-09-30T21:21:21+00:00,http://www.fnx.co.il/sites/docs/genery/mediniut_ashkaa_tzfuia/gemelpolicychild_update112023.xls,policy/companies/520023185/raw/520023185/e34c993a9c45_gemelpolicychild_update112023.xls,תגמולים עמית
520023185,,,520023185|תגמולים עמית|לאחר השינוי,לאחר השינוי,2023,"אג""ח קונצרני (קרנות נאמנות, תעודות סל)",,27.47,26.0,+/- 6%,20.0,32.0,70% - מדד תל בונד 60 30% - מדד BarCap Global Corporate Total Return Bond Index UnHedged,,תגמולים עמית,2026-09-30T21:21:21+00:00,http://www.fnx.co.il/sites/docs/genery/mediniut_ashkaa_tzfuia/gemelpolicychild_update112023.xls,policy/companies/520023185/raw/520023185/e34c993a9c45_gemelpolicychild_update112023.xls,תגמולים עמית
520023185,,,520023185|תגמולים עמית|לאחר השינוי,לאחר השינוי,2023,"נדל""ן",,0.28,1.0,+/- 5%,0.0,6.0,,,תגמולים עמית,2026-09-30T21:21:21+00:00,http://www.fnx.co.il/sites/docs/genery/mediniut_ashkaa_tzfuia/gemelpolicychild_update112023.xls,policy/companies/520023185/raw/520023185/e34c993a9c45_gemelpolicychild_update112023.xls,תגמולים עמית
520023185,,,520023185|תגמולים עמית|לאחר השינוי,לאחר השינוי,2023,"אחר (קרנות השקעה, PE, VC, קרדיט, גידור)",,0.11,1.0,+/- 5%,0.0,6.0,,,תגמולים עמית,2026-09-30T21:21:21+00:00,http://www.fnx.co.il/sites/docs/genery/mediniut_ashkaa_tzfuia/gemelpolicychild_update112023.xls,policy/companies/520023185/raw/520023185/e34c993a9c45_gemelpolicychild_update112023.xls,תגמולים עמית
520023185,,,520023185|תגמולים עמית|לאחר השינוי,לאחר השינוי,2023,מזומנים (*),,4.1,7.0,+/- 5%,2.0,12.0,,,תגמולים עמית,2026-09-30T21:21:21+00:00,http://www.fnx.co.il/sites/docs/genery/mediniut_ashkaa_tzfuia/gemelpolicychild_update112023.xls,policy/companies/520023185/raw/520023185/e34c993a9c45_gemelpolicychild_update112023.xls,תגמולים עמית
520023185,,,520023185|תגמולים עמית|לאחר השינוי,לאחר השינוי,2023,"חשיפה למט""ח",fx,,17.0,+/- 6%,11.0,23.0,,,תגמולים עמית,2026-09-30T21:21:21+00:00,http://www.fnx.co.il/sites/docs/genery/mediniut_ashkaa_tzfuia/gemelpolicychild_update112023.xls,policy/companies/520023185/raw/520023185/e34c993a9c45_gemelpolicychild_update112023.xls,תגמולים עמית
520023185,,,520023185|השתלמות עמית עד 15% מניות|לאחר השינוי,לאחר השינוי,2023,"מניות (כולל תעודות סל, אופציות, קרנות נאמנות)",equity,,9.0,+/- 6%,3.0,15.0,"70%- מדד ת""א 100 ,  30%- MSCI WORLD AC",,השתלמות עמית עד 15% מניות,2026-09-30T21:21:21+00:00,http://www.fnx.co.il/sites/docs/genery/mediniut_ashkaa_tzfuia/gemelpolicychild_update112023.xls,policy/companies/520023185/raw/520023185/e34c993a9c45_gemelpolicychild_update112023.xls,השתלמות עמית עד 15% מניות
520023185,,,520023185|השתלמות עמית עד 15% מניות|לאחר השינוי,לאחר השינוי,2023,"אג""ח ממשלתי (צמוד, שקלי ומט""ח), ממשלות זרות בנטרול חשיפות בנגזרים (*)",,,56.0,+/- 5%,51.0,61.0,"מדד אג""ח ממשלתי כללי",,השתלמות עמית עד 15% מניות,2026-09-30T21:21:21+00:00,http://www.fnx.co.il/sites/docs/genery/mediniut_ashkaa_tzfuia/gemelpolicychild_update112023.xls,policy/companies/520023185/raw/520023185/e34c993a9c45_gemelpolicychild_update112023.xls,השתלמות עמית עד 15% מניות
520023185,,,520023185|השתלמות עמית עד 15% מניות|לאחר השינוי,לאחר השינוי,2023,"אג""ח קונצרני (קרנות נאמנות, תעודות סל)",,,26.0,+/- 6%,20.0,32.0,70% - מדד תל בונד 60 30% - מדד BarCap Global Corporate Total Return Bond Index UnHedged,,השתלמות עמית עד 15% מניות,2026-09-30T21:21:21+00:00,http://www.fnx.co.il/sites/docs/genery/mediniut_ashkaa_tzfuia/gemelpolicychild_update112023.xls,policy/companies/520023185/raw/520023185/e34c993a9c45_gemelpolicychild_update112023.xls,השתלמות עמית עד 15% מניות
520023185,,,520023185|השתלמות עמית עד 15% מניות|לאחר השינוי,לאחר השינוי,2023,"נדל""ן",,,1.0,+/- 5%,0.0,6.0,,,השתלמות עמית עד 15% מניות,2026-09-30T21:21:21+00:00,http://www.fnx.co.il/sites/docs/genery/mediniut_ashkaa_tzfuia/gemelpolicychild_update112023.xls,policy/companies/520023185/raw/520023185/e34c993a9c45_gemelpolicychild_update112023.xls,השתלמות עמית עד 15% מניות
520023185,,,520023185|השתלמות עמית עד 15% מניות|לאחר השינוי,לאחר השינוי,2023,"אחר (קרנות השקעה, PE, VC, קרדיט, גידור)",,,1.0,+/- 5%,0.0,6.0,,,השתלמות עמית עד 15% מניות,2026-09-30T21:21:21+00:00,http://www.fnx.co.il/sites/docs/genery/mediniut_ashkaa_tzfuia/gemelpolicychild_update112023.xls,policy/companies/520023185/raw/520023185/e34c993a9c45_gemelpolicychild_update112023.xls,השתלמות עמית עד 15% מניות
520023185,,,520023185|השתלמות עמית עד 15% מניות|לאחר השינוי,לאחר השינוי,2023,מזומנים (*),,,6.7,+/- 5%,2.0,12.0,,,השתלמות עמית עד 15% מניות,2026-09-30T21:21:21+00:00,http://www.fnx.co.il/sites/docs/genery/mediniut_ashkaa_tzfuia/gemelpolicychild_update112023.xls,policy/companies/520023185/raw/520023185/e34c993a9c45_gemelpolicychild_update112023.xls,השתלמות עמית עד 15% מניות
520023185,,,520023185|השתלמות עמית עד 15% מניות|לאחר השינוי,לאחר השינוי,2023,"חשיפה למט""ח",fx,,9.0,+/- 6%,3.0,15.0,,,השתלמות עמית עד 15% מניות,2026-09-30T21:21:21+00:00,http://www.fnx.co.il/sites/docs/genery/mediniut_ashkaa_tzfuia/gemelpolicychild_update112023.xls,policy/companies/520023185/raw/520023185/e34c993a9c45_gemelpolicychild_update112023.xls,השתלמות עמית עד 15% מניות
520023185,,,520023185|תגמולים כללי|לאחר השינוי,לאחר השינוי,2023,"מניות (כולל תעודות סל, אופציות, קרנות נאמנות)",equity,33.82,36.0,+/- 6%,30.0,42.0,"50%- מדד ת""א 100 ,  50%- MSCI WORLD AC",,תגמולים כללי,2026-09-30T21:21:21+00:00,http://www.fnx.co.il/sites/docs/genery/mediniut_ashkaa_tzfuia/gemelpolicychild_2023.xls,policy/companies/520023185/raw/520023185/482c76f2aa67_gemelpolicychild_2023.xls,תגמולים כללי
520023185,,,520023185|תגמולים כללי|לאחר השינוי,לאחר השינוי,2023,"אג""ח ממשלתי (צמוד, שקלי ומט""ח), ממשלות זרות בנטרול חשיפות בנגזרים (*)",,26.93,30.0,+/- 5%,25.0,35.0,"מדד אג""ח ממשלתי כללי",,תגמולים כללי,2026-09-30T21:21:21+00:00,http://www.fnx.co.il/sites/docs/genery/mediniut_ashkaa_tzfuia/gemelpolicychild_2023.xls,policy/companies/520023185/raw/520023185/482c76f2aa67_gemelpolicychild_2023.xls,תגמולים כללי
520023185,,,520023185|תגמולים כללי|לאחר השינוי,לאחר השינוי,2023,"אג""ח קונצרני (קרנות נאמנות, תעודות סל)",,32.84,30.0,+/- 6%,24.0,36.0,70% - מדד תל בונד 60 30% - מדד BarCap Global Corporate Total Return Bond Index UnHedged,,תגמולים כללי,2026-09-30T21:21:21+00:00,http://www.fnx.co.il/sites/docs/genery/mediniut_ashkaa_tzfuia/gemelpolicychild_2023.xls,policy/companies/520023185/raw/520023185/482c76f2aa67_gemelpolicychild_2023.xls,תגמולים כללי
520023185,,,520023185|תגמולים כללי|לאחר השינוי,לאחר השינוי,2023,"נדל""ן",,1.1,0.7,+/- 5%,0.0,6.0,,,תגמולים כללי,2026-09-30T21:21:21+00:00,http://www.fnx.co.il/sites/docs/genery/mediniut_ashkaa_tzfuia/gemelpolicychild_2023.xls,policy/companies/520023185/raw/520023185/482c76f2aa67_gemelpolicychild_2023.xls,תגמולים כללי
520023185,,,520023185|תגמולים כללי|לאחר השינוי,לאחר השינוי,2023,"אחר (קרנות השקעה, PE, VC, קרדיט, גידור)",,1.51,0.2,+/- 5%,0.0,5.0,,,תגמולים כללי,2026-09-30T21:21:21+00:00,http://www.fnx.co.il/sites/docs/genery/mediniut_ashkaa_tzfuia/gemelpolicychild_2023.xls,policy/companies/520023185/raw/520023185/482c76f2aa67_gemelpolicychild_2023.xls,תגמולים כללי
520023185,,,520023185|תגמולים כללי|לאחר השינוי,לאחר השינוי,2023,מזומנים (*),,3.81,3.3,+/- 5%,0.0,8.0,,,תגמולים כללי,2026-09-30T21:21:21+00:00,http://www.fnx.co.il/sites/docs/genery/mediniut_ashkaa_tzfuia/gemelpolicychild_2023.xls,policy/companies/520023185/raw/520023185/482c76f2aa67_gemelpolicychild_2023.xls,תגמולים כללי
520023185,,,520023185|תגמולים כללי|לאחר השינוי,לאחר השינוי,2023,"חשיפה למט""ח",fx,,17.0,+/- 6%,11.0,23.0,,,תגמולים כללי,2026-09-30T21:21:21+00:00,http://www.fnx.co.il/sites/docs/genery/mediniut_ashkaa_tzfuia/gemelpolicychild_2023.xls,policy/companies/520023185/raw/520023185/482c76f2aa67_gemelpolicychild_2023.xls,תגמולים כללי
520023185,,,520023185|חיסכון לכל ילד|הפניקס חיסכון לילד חוסכים המעדיפים סיכון בינוני,הפניקס חיסכון לילד חוסכים המעדיפים סיכון בינוני,2023,"מניות (כולל תעודות סל, אופציות, קרנות נאמנות)",equity,42.9,46.0,0.06,40.0,52.0,"35%- מדד ת""א 125 ,   65%- MSCI WORLD AC",,חיסכון לכל ילד,2026-09-30T21:21:21+00:00,http://www.fnx.co.il/sites/docs/genery/mediniut_ashkaa_tzfuia/gemelpolicychild_2023.xls,policy/companies/520023185/raw/520023185/482c76f2aa67_gemelpolicychild_2023.xls,חיסכון לכל ילד
520023185,,,520023185|חיסכון לכל ילד|הפניקס חיסכון לילד חוסכים המעדיפים סיכון בינוני,הפניקס חיסכון לילד חוסכים המעדיפים סיכון בינוני,2023,"אג""ח ממשלתי (צמוד, שקלי ומט""ח), ממשלות זרות בנטרול חשיפות בנגזרים(*)",,14.5,15.0,0.05,10.0,20.0,"מדד אג""ח ממשלתי כללי",,חיסכון לכל ילד,2026-09-30T21:21:21+00:00,http://www.fnx.co.il/sites/docs/genery/mediniut_ashkaa_tzfuia/gemelpolicychild_2023.xls,policy/companies/520023185/raw/520023185/482c76f2aa67_gemelpolicychild_2023.xls,חיסכון לכל ילד
520023185,,,520023185|חיסכון לכל ילד|הפניקס חיסכון לילד חוסכים המעדיפים סיכון בינוני,הפניקס חיסכון לילד חוסכים המעדיפים סיכון בינוני,2023,"אג""ח קונצרני (כולל קרנות נאמנות, תעודות סל)",,40.6,37.0,0.06,31.0,43.0,"35% - תל בונד כללי , 20% - תל בונד 60 , 15% - תל בונד 50 , 15% - IBOXX HY - 15%, IBOXX IG",,חיסכון לכל ילד,2026-09-30T21:21:21+00:00,http://www.fnx.co.il/sites/docs/genery/mediniut_ashkaa_tzfuia/gemelpolicychild_2023.xls,policy/companies/520023185/raw/520023185/482c76f2aa67_gemelpolicychild_2023.xls,חיסכון לכל ילד
520023185,,,520023185|חיסכון לכל ילד|הפניקס חיסכון לילד חוסכים המעדיפים סיכון בינוני,הפניקס חיסכון לילד חוסכים המעדיפים סיכון בינוני,2023,"נדל""ן",,0.0,0.0,0.05,0.0,5.0,,,חיסכון לכל ילד,2026-09-30T21:21:21+00:00,http://www.fnx.co.il/sites/docs/genery/mediniut_ashkaa_tzfuia/gemelpolicychild_2023.xls,policy/companies/520023185/raw/520023185/482c76f2aa67_gemelpolicychild_2023.xls,חיסכון לכל ילד
520023185,,,520023185|חיסכון לכל ילד|הפניקס חיסכון לילד חוסכים המעדיפים סיכון בינוני,הפניקס חיסכון לילד חוסכים המעדיפים סיכון בינוני,2023,"אחר (קרנות השקעה , Co Invest, תשתיות, גידור)",,0.5,0.0,0.05,0.0,5.0,,,חיסכון לכל ילד,2026-09-30T21:21:21+00:00,http://www.fnx.co.il/sites/docs/genery/mediniut_ashkaa_tzfuia/gemelpolicychild_2023.xls,policy/companies/520023185/raw/520023185/482c76f2aa67_gemelpolicychild_2023.xls,חיסכון לכל ילד
520023185,,,520023185|חיסכון לכל ילד|הפניקס חיסכון לילד חוסכים המעדיפים סיכון בינוני,הפניקס חיסכון לילד חוסכים המעדיפים סיכון בינוני,2023,מזומנים (*),,1.5,3.0,,,,,,חיסכון לכל ילד,2026-09-30T21:21:21+00:00,http://www.fnx.co.il/sites/docs/genery/mediniut_ashkaa_tzfuia/gemelpolicychild_2023.xls,policy/companies/520023185/raw/520023185/482c76f2aa67_gemelpolicychild_2023.xls,חיסכון לכל ילד
520023185,,,520023185|חיסכון לכל ילד|הפניקס חיסכון לילד חוסכים המעדיפים סיכון בינוני,הפניקס חיסכון לילד חוסכים המעדיפים סיכון בינוני,2023,"חשיפה למט""ח",fx,17.6,19.0,0.06,13.0,25.0,,,חיסכון לכל ילד,2026-09-30T21:21:21+00:00,http://www.fnx.co.il/sites/docs/genery/mediniut_ashkaa_tzfuia/gemelpolicychild_2023.xls,policy/companies/520023185/raw/520023185/482c76f2aa67_gemelpolicychild_2023.xls,חיסכון לכל ילד
520023185,,,520023185|חיסכון לכל ילד|הפניקס חיסכון לילד חוסכים המעדיפים סיכון בינוני,הפניקס חיסכון לילד חוסכים המעדיפים סיכון בינוני,2023,מגבלת עמלת ניהול חיצוני לשנת 2023,,0.07,,,,,,,חיסכון לכל ילד,2026-09-30T21:21:21+00:00,http://www.fnx.co.il/sites/docs/genery/mediniut_ashkaa_tzfuia/gemelpolicychild_2023.xls,policy/companies/520023185/raw/520023185/482c76f2aa67_gemelpolicychild_2023.xls,חיסכון לכל ילד
520023185,,,520023185|חיסכון לכל ילד הלכתי|הפניקס חיסכון לילד הלכה,הפניקס חיסכון לילד הלכה,2023,"מניות (כולל תעודות סל, אופציות, קרנות נאמנות)",equity,44.9,45.0,0.06,39.0,51.0,"35%- מדד ת""א 125 ,   65%- MSCI WORLD AC",,חיסכון לכל ילד הלכתי,2026-09-30T21:21:21+00:00,http://www.fnx.co.il/sites/docs/genery/mediniut_ashkaa_tzfuia/gemelpolicychild_2023.xls,policy/companies/520023185/raw/520023185/482c76f2aa67_gemelpolicychild_2023.xls,חיסכון לכל ילד הלכתי
520023185,,,520023185|חיסכון לכל ילד הלכתי|הפניקס חיסכון לילד הלכה,הפניקס חיסכון לילד הלכה,2023,"אג""ח ממשלתי (צמוד, שקלי ומט""ח), ממשלות זרות בנטרול חשיפות בנגזרים(*)",,17.4,15.0,0.05,10.0,20.0,"מדד אג""ח ממשלתי כללי",,חיסכון לכל ילד הלכתי,2026-09-30T21:21:21+00:00,http://www.fnx.co.il/sites/docs/genery/mediniut_ashkaa_tzfuia/gemelpolicychild_2023.xls,policy/companies/520023185/raw/520023185/482c76f2aa67_gemelpolicychild_2023.xls,חיסכון לכל ילד הלכתי
520023185,,,520023185|חיסכון לכל ילד הלכתי|הפניקס חיסכון לילד הלכה,הפניקס חיסכון לילד הלכה,2023,"אג""ח קונצרני (כולל קרנות נאמנות, תעודות סל)",,35.6,37.0,0.06,31.0,43.0,"70% - מדד תל בונד 60 , 30% - מדד BarCap Global Corporate Total Return Bond Index UnHedged",,חיסכון לכל ילד הלכתי,2026-09-30T21:21:21+00:00,http://www.fnx.co.il/sites/docs/genery/mediniut_ashkaa_tzfuia/gemelpolicychild_2023.xls,policy/companies/520023185/raw/520023185/482c76f2aa67_gemelpolicychild_2023.xls,חיסכון לכל ילד הלכתי
520023185,,,520023185|חיסכון לכל ילד הלכתי|הפניקס חיסכון לילד הלכה,הפניקס חיסכון לילד הלכה,2023,מזומנים (*),,2.1,3.0,,,,,,חיסכון לכל ילד הלכתי,2026-09-30T21:21:21+00:00,http://www.fnx.co.il/sites/docs/genery/mediniut_ashkaa_tzfuia/gemelpolicychild_2023.xls,policy/companies/520023185/raw/520023185/482c76f2aa67_gemelpolicychild_2023.xls,חיסכון לכל ילד הלכתי
520023185,,,520023185|חיסכון לכל ילד הלכתי|הפניקס חיסכון לילד הלכה,הפניקס חיסכון לילד הלכה,2023,"חשיפה למט""ח",fx,19.6,19.0,0.06,13.0,25.0,,,חיסכון לכל ילד הלכתי,2026-09-30T21:21:21+00:00,http://www.fnx.co.il/sites/docs/genery/mediniut_ashkaa_tzfuia/gemelpolicychild_2023.xls,policy/companies/520023185/raw/520023185/482c76f2aa67_gemelpolicychild_2023.xls,חיסכון לכל ילד הלכתי
520023185,,,520023185|חיסכון לכל ילד הלכתי|הפניקס חיסכון לילד הלכה,הפניקס חיסכון לילד הלכה,2023,מגבלת עמלת ניהול חיצוני לשנת 2023,,0.07,,,,,,,חיסכון לכל ילד הלכתי,2026-09-30T21:21:21+00:00,http://www.fnx.co.il/sites/docs/genery/mediniut_ashkaa_tzfuia/gemelpolicychild_2023.xls,policy/companies/520023185/raw/520023185/482c76f2aa67_gemelpolicychild_2023.xls,חיסכון לכל ילד הלכתי
520023185,,,520023185|תגמולים עמית|לאחר השינוי,לאחר השינוי,2023,"מניות (כולל תעודות סל, אופציות, קרנות נאמנות)",equity,13.92,9.0,+/- 6%,3.0,15.0,"70%- מדד ת""א 100 ,  30%- MSCI WORLD AC",,תגמולים עמית,2026-09-30T21:21:21+00:00,http://www.fnx.co.il/sites/docs/genery/mediniut_ashkaa_tzfuia/gemelpolicychild_2023.xls,policy/companies/520023185/raw/520023185/482c76f2aa67_gemelpolicychild_2023.xls,תגמולים עמית
520023185,,,520023185|תגמולים עמית|לאחר השינוי,לאחר השינוי,2023,"אג""ח ממשלתי (צמוד, שקלי ומט""ח), ממשלות זרות בנטרול חשיפות בנגזרים (*)",,54.12,56.0,+/- 5%,51.0,61.0,"מדד אג""ח ממשלתי כללי",,תגמולים עמית,2026-09-30T21:21:21+00:00,http://www.fnx.co.il/sites/docs/genery/mediniut_ashkaa_tzfuia/gemelpolicychild_2023.xls,policy/companies/520023185/raw/520023185/482c76f2aa67_gemelpolicychild_2023.xls,תגמולים עמית
520023185,,,520023185|תגמולים עמית|לאחר השינוי,לאחר השינוי,2023,"אג""ח קונצרני (קרנות נאמנות, תעודות סל)",,27.47,26.0,+/- 6%,20.0,32.0,70% - מדד תל בונד 60 30% - מדד BarCap Global Corporate Total Return Bond Index UnHedged,,תגמולים עמית,2026-09-30T21:21:21+00:00,http://www.fnx.co.il/sites/docs/genery/mediniut_ashkaa_tzfuia/gemelpolicychild_2023.xls,policy/companies/520023185/raw/520023185/482c76f2aa67_gemelpolicychild_2023.xls,תגמולים עמית
520023185,,,520023185|תגמולים עמית|לאחר השינוי,לאחר השינוי,2023,"נדל""ן",,0.28,1.0,+/- 5%,0.0,6.0,,,תגמולים עמית,2026-09-30T21:21:21+00:00,http://www.fnx.co.il/sites/docs/genery/mediniut_ashkaa_tzfuia/gemelpolicychild_2023.xls,policy/companies/520023185/raw/520023185/482c76f2aa67_gemelpolicychild_2023.xls,תגמולים עמית
520023185,,,520023185|תגמולים עמית|לאחר השינוי,לאחר השינוי,2023,"אחר (קרנות השקעה, PE, VC, קרדיט, גידור)",,0.11,1.0,+/- 5%,0.0,6.0,,,תגמולים עמית,2026-09-30T21:21:21+00:00,http://www.fnx.co.il/sites/docs/genery/mediniut_ashkaa_tzfuia/gemelpolicychild_2023.xls,policy/companies/520023185/raw/520023185/482c76f2aa67_gemelpolicychild_2023.xls,תגמולים עמית
520023185,,,520023185|תגמולים עמית|לאחר השינוי,לאחר השינוי,2023,מזומנים (*),,4.1,7.0,+/- 5%,2.0,12.0,,,תגמולים עמית,2026-09-30T21:21:21+00:00,http://www.fnx.co.il/sites/docs/genery/mediniut_ashkaa_tzfuia/gemelpolicychild_2023.xls,policy/companies/520023185/raw/520023185/482c76f2aa67_gemelpolicychild_2023.xls,תגמולים עמית
520023185,,,520023185|תגמולים עמית|לאחר השינוי,לאחר השינוי,2023,"חשיפה למט""ח",fx,,17.0,+/- 6%,11.0,23.0,,,תגמולים עמית,2026-09-30T21:21:21+00:00,http://www.fnx.co.il/sites/docs/genery/mediniut_ashkaa_tzfuia/gemelpolicychild_2023.xls,policy/companies/520023185/raw/520023185/482c76f2aa67_gemelpolicychild_2023.xls,תגמולים עמית
520023185,,,520023185|השתלמות עמית עד 15% מניות|לאחר השינוי,לאחר השינוי,2023,"מניות (כולל תעודות סל, אופציות, קרנות נאמנות)",equity,,9.0,+/- 6%,3.0,15.0,"70%- מדד ת""א 100 ,  30%- MSCI WORLD AC",,השתלמות עמית עד 15% מניות,2026-09-30T21:21:21+00:00,http://www.fnx.co.il/sites/docs/genery/mediniut_ashkaa_tzfuia/gemelpolicychild_2023.xls,policy/companies/520023185/raw/520023185/482c76f2aa67_gemelpolicychild_2023.xls,השתלמות עמית עד 15% מניות
520023185,,,520023185|השתלמות עמית עד 15% מניות|לאחר השינוי,לאחר השינוי,2023,"אג""ח ממשלתי (צמוד, שקלי ומט""ח), ממשלות זרות בנטרול חשיפות בנגזרים (*)",,,56.0,+/- 5%,51.0,61.0,"מדד אג""ח ממשלתי כללי",,השתלמות עמית עד 15% מניות,2026-09-30T21:21:21+00:00,http://www.fnx.co.il/sites/docs/genery/mediniut_ashkaa_tzfuia/gemelpolicychild_2023.xls,policy/companies/520023185/raw/520023185/482c76f2aa67_gemelpolicychild_2023.xls,השתלמות עמית עד 15% מניות
520023185,,,520023185|השתלמות עמית עד 15% מניות|לאחר השינוי,לאחר השינוי,2023,"אג""ח קונצרני (קרנות נאמנות, תעודות סל)",,,26.0,+/- 6%,20.0,32.0,70% - מדד תל בונד 60 30% - מדד BarCap Global Corporate Total Return Bond Index UnHedged,,השתלמות עמית עד 15% מניות,2026-09-30T21:21:21+00:00,http://www.fnx.co.il/sites/docs/genery/mediniut_ashkaa_tzfuia/gemelpolicychild_2023.xls,policy/companies/520023185/raw/520023185/482c76f2aa67_gemelpolicychild_2023.xls,השתלמות עמית עד 15% מניות
520023185,,,520023185|השתלמות עמית עד 15% מניות|לאחר השינוי,לאחר השינוי,2023,"נדל""ן",,,1.0,+/- 5%,0.0,6.0,,,השתלמות עמית עד 15% מניות,2026-09-30T21:21:21+00:00,http://www.fnx.co.il/sites/docs/genery/mediniut_ashkaa_tzfuia/gemelpolicychild_2023.xls,policy/companies/520023185/raw/520023185/482c76f2aa67_gemelpolicychild_2023.xls,השתלמות עמית עד 15% מניות
520023185,,,520023185|השתלמות עמית עד 15% מניות|לאחר השינוי,לאחר השינוי,2023,"אחר (קרנות השקעה, PE, VC, קרדיט, גידור)",,,1.0,+/- 5%,0.0,6.0,,,השתלמות עמית עד 15% מניות,2026-09-30T21:21:21+00:00,http://www.fnx.co.il/sites/docs/genery/mediniut_ashkaa_tzfuia/gemelpolicychild_2023.xls,policy/companies/520023185/raw/520023185/482c76f2aa67_gemelpolicychild_2023.xls,השתלמות עמית עד 15% מניות
520023185,,,520023185|השתלמות עמית עד 15% מניות|לאחר השינוי,לאחר השינוי,2023,מזומנים (*),,,6.7,+/- 5%,2.0,12.0,,,השתלמות עמית עד 15% מניות,2026-09-30T21:21:21+00:00,http://www.fnx.co.il/sites/docs/genery/mediniut_ashkaa_tzfuia/gemelpolicychild_2023.xls,policy/companies/520023185/raw/520023185/482c76f2aa67_gemelpolicychild_2023.xls,השתלמות עמית עד 15% מניות
520023185,,,520023185|השתלמות עמית עד 15% מניות|לאחר השינוי,לאחר השינוי,2023,"חשיפה למט""ח",fx,,9.0,+/- 6%,3.0,15.0,,,השתלמות עמית עד 15% מניות,2026-09-30T21:21:21+00:00,http://www.fnx.co.il/sites/docs/genery/mediniut_ashkaa_tzfuia/gemelpolicychild_2023.xls,policy/companies/520023185/raw/520023185/482c76f2aa67_gemelpolicychild_2023.xls,השתלמות עמית עד 15% מניות
520023185,,,520023185|פנסיה מקיפה- כללי|הפניקס פנסיה מקיפה מסלול כללי + הפניקס פנסיה מקיפה מסלול כללי ב סה כ 6 375 מש ח,הפניקס פנסיה מקיפה מסלול כללי + הפניקס פנסיה מקיפה מסלול כללי ב סה כ 6 375 מש ח,2023,"מניות (כולל תעודות סל, אופציות, קרנות נאמנות)",equity,34.33,35.0,+/- 6%,29.0,41.0,"50%- מדד ת""א 100 ,  50%- MSCI WORLD AC",,פנסיה מקיפה- כללי,2026-09-30T21:21:21+00:00,http://www.fnx.co.il/sites/docs/genery/mediniut_ashkaa_tzfuia/xnesinvest2023.xls,policy/companies/520023185/raw/520023185/eeedde151fc1_xnesinvest2023.xls,פנסיה מקיפה- כללי 
520023185,,,520023185|פנסיה מקיפה- כללי|הפניקס פנסיה מקיפה מסלול כללי + הפניקס פנסיה מקיפה מסלול כללי ב סה כ 6 375 מש ח,הפניקס פנסיה מקיפה מסלול כללי + הפניקס פנסיה מקיפה מסלול כללי ב סה כ 6 375 מש ח,2023,"אג""ח ממשלתי (צמוד, שקלי ומט""ח), ממשלות זרות בנטרול חשיפות בנגזרים(*)",,4.76,5.0,+/- 5%,0.0,10.0,"מדד אג""ח ממשלתי כללי",,פנסיה מקיפה- כללי,2026-09-30T21:21:21+00:00,http://www.fnx.co.il/sites/docs/genery/mediniut_ashkaa_tzfuia/xnesinvest2023.xls,policy/companies/520023185/raw/520023185/eeedde151fc1_xnesinvest2023.xls,פנסיה מקיפה- כללי 
520023185,,,520023185|פנסיה מקיפה- כללי|הפניקס פנסיה מקיפה מסלול כללי + הפניקס פנסיה מקיפה מסלול כללי ב סה כ 6 375 מש ח,הפניקס פנסיה מקיפה מסלול כללי + הפניקס פנסיה מקיפה מסלול כללי ב סה כ 6 375 מש ח,2023,"אג""ח מיועדות",,29.44,30.0,,,,,,פנסיה מקיפה- כללי,2026-09-30T21:21:21+00:00,http://www.fnx.co.il/sites/docs/genery/mediniut_ashkaa_tzfuia/xnesinvest2023.xls,policy/companies/520023185/raw/520023185/eeedde151fc1_xnesinvest2023.xls,פנסיה מקיפה- כללי 
520023185,,,520023185|פנסיה מקיפה- כללי|הפניקס פנסיה מקיפה מסלול כללי + הפניקס פנסיה מקיפה מסלול כללי ב סה כ 6 375 מש ח,הפניקס פנסיה מקיפה מסלול כללי + הפניקס פנסיה מקיפה מסלול כללי ב סה כ 6 375 מש ח,2023,"אג""ח קונצרני (קרנות נאמנות, תעודות סל)",,22.57,25.0,+/- 6%,19.0,31.0,70% - מדד תל בונד 60 30% - מדד BarCap Global Corporate Total Return Bond Index UnHedged,,פנסיה מקיפה- כללי,2026-09-30T21:21:21+00:00,http://www.fnx.co.il/sites/docs/genery/mediniut_ashkaa_tzfuia/xnesinvest2023.xls,policy/companies/520023185/raw/520023185/eeedde151fc1_xnesinvest2023.xls,פנסיה מקיפה- כללי 
520023185,,,520023185|פנסיה מקיפה- כללי|הפניקס פנסיה מקיפה מסלול כללי + הפניקס פנסיה מקיפה מסלול כללי ב סה כ 6 375 מש ח,הפניקס פנסיה מקיפה מסלול כללי + הפניקס פנסיה מקיפה מסלול כללי ב סה כ 6 375 מש ח,2023,"נדל""ן",,3.52,4.0,+/- 5%,0.0,9.0,,,פנסיה מקיפה- כללי,2026-09-30T21:21:21+00:00,http://www.fnx.co.il/sites/docs/genery/mediniut_ashkaa_tzfuia/xnesinvest2023.xls,policy/companies/520023185/raw/520023185/eeedde151fc1_xnesinvest2023.xls,פנסיה מקיפה- כללי 
520023185,,,520023185|פנסיה מקיפה- כללי|הפניקס פנסיה מקיפה מסלול כללי + הפניקס פנסיה מקיפה מסלול כללי ב סה כ 6 375 מש ח,הפניקס פנסיה מקיפה מסלול כללי + הפניקס פנסיה מקיפה מסלול כללי ב סה כ 6 375 מש ח,2023,"אחר (קרנות השקעה, PE, VC, קרדיט, גידור)",,1.42,0.0,+/- 5%,0.0,5.0,,,פנסיה מקיפה- כללי,2026-09-30T21:21:21+00:00,http://www.fnx.co.il/sites/docs/genery/mediniut_ashkaa_tzfuia/xnesinvest2023.xls,policy/companies/520023185/raw/520023185/eeedde151fc1_xnesinvest2023.xls,פנסיה מקיפה- כללי 
520023185,,,520023185|פנסיה מקיפה- כללי|הפניקס פנסיה מקיפה מסלול כללי + הפניקס פנסיה מקיפה מסלול כללי ב סה כ 6 375 מש ח,הפניקס פנסיה מקיפה מסלול כללי + הפניקס פנסיה מקיפה מסלול כללי ב סה כ 6 375 מש ח,2023,מזומנים (*),,3.96,1.0,+/- 5%,0.0,6.0,,,פנסיה מקיפה- כללי,2026-09-30T21:21:21+00:00,http://www.fnx.co.il/sites/docs/genery/mediniut_ashkaa_tzfuia/xnesinvest2023.xls,policy/companies/520023185/raw/520023185/eeedde151fc1_xnesinvest2023.xls,פנסיה מקיפה- כללי 
520023185,,,520023185|פנסיה מקיפה- כללי|הפניקס פנסיה מקיפה מסלול כללי + הפניקס פנסיה מקיפה מסלול כללי ב סה כ 6 375 מש ח,הפניקס פנסיה מקיפה מסלול כללי + הפניקס פנסיה מקיפה מסלול כללי ב סה כ 6 375 מש ח,2023,"חשיפה למט""ח",fx,,16.0,+/- 6%,10.0,22.0,,,פנסיה מקיפה- כללי,2026-09-30T21:21:21+00:00,http://www.fnx.co.il/sites/docs/genery/mediniut_ashkaa_tzfuia/xnesinvest2023.xls,policy/companies/520023185/raw/520023185/eeedde151fc1_xnesinvest2023.xls,פנסיה מקיפה- כללי 
520023185,,,520023185|פנסיה מקיפה- כללי|הפניקס פנסיה מקיפה מסלול כללי,הפניקס פנסיה מקיפה מסלול כללי,2023,"מניות (כולל תעודות סל, אופציות, קרנות נאמנות)",equity,33.32,,+/- 6%,28.0,40.0,"50%- מדד ת""א 100 ,  50%- MSCI WORLD AC",,פנסיה מקיפה- כללי,2026-09-30T21:21:21+00:00,http://www.fnx.co.il/sites/docs/genery/mediniut_ashkaa_tzfuia/xnesinvest2023.xls,policy/companies/520023185/raw/520023185/eeedde151fc1_xnesinvest2023.xls,פנסיה מקיפה- כללי 
520023185,,,520023185|פנסיה מקיפה- כללי|הפניקס פנסיה מקיפה מסלול כללי,הפניקס פנסיה מקיפה מסלול כללי,2023,"אג""ח ממשלתי (צמוד, שקלי ומט""ח), ממשלות זרות בנטרול חשיפות בנגזרים1",,35.97,,+/- 5%,33.0,43.0,"מדד אג""ח ממשלתי כללי",,פנסיה מקיפה- כללי,2026-09-30T21:21:21+00:00,http://www.fnx.co.il/sites/docs/genery/mediniut_ashkaa_tzfuia/xnesinvest2023.xls,policy/companies/520023185/raw/520023185/eeedde151fc1_xnesinvest2023.xls,פנסיה מקיפה- כללי 
520023185,,,520023185|פנסיה מקיפה- כללי|הפניקס פנסיה מקיפה מסלול כללי,הפניקס פנסיה מקיפה מסלול כללי,2023,"אג""ח מיועדות",,29.71,,,,,,,פנסיה מקיפה- כללי,2026-09-30T21:21:21+00:00,http://www.fnx.co.il/sites/docs/genery/mediniut_ashkaa_tzfuia/xnesinvest2023.xls,policy/companies/520023185/raw/520023185/eeedde151fc1_xnesinvest2023.xls,פנסיה מקיפה- כללי 
520023185,,,520023185|פנסיה מקיפה- כללי|הפניקס פנסיה מקיפה מסלול כללי,הפניקס פנסיה מקיפה מסלול כללי,2023,"אג""ח קונצרני (קרנות נאמנות, תעודות סל)",,25.51,,+/- 6%,17.0,29.0,מדד תל בונד 60,,פנסיה מקיפה- כללי,2026-09-30T21:21:21+00:00,http://www.fnx.co.il/sites/docs/genery/mediniut_ashkaa_tzfuia/xnesinvest2023.xls,policy/companies/520023185/raw/520023185/eeedde151fc1_xnesinvest2023.xls,פנסיה מקיפה- כללי 
520023185,,,520023185|פנסיה מקיפה- כללי|הפניקס פנסיה מקיפה מסלול כללי,הפניקס פנסיה מקיפה מסלול כללי,2023,"נדל""ן",,3.88,,+/- 5%,0.0,9.0,,,פנסיה מקיפה- כללי,2026-09-30T21:21:21+00:00,http://www.fnx.co.il/sites/docs/genery/mediniut_ashkaa_tzfuia/xnesinvest2023.xls,policy/companies/520023185/raw/520023185/eeedde151fc1_xnesinvest2023.xls,פנסיה מקיפה- כללי 
520023185,,,520023185|פנסיה מקיפה- כללי|הפניקס פנסיה מקיפה מסלול כללי,הפניקס פנסיה מקיפה מסלול כללי,2023,"אחר (קרנות השקעה, PE, VC, קרדיט, גידור)",,0.61,,+/- 5%,0.0,5.0,,,פנסיה מקיפה- כללי,2026-09-30T21:21:21+00:00,http://www.fnx.co.il/sites/docs/genery/mediniut_ashkaa_tzfuia/xnesinvest2023.xls,policy/companies/520023185/raw/520023185/eeedde151fc1_xnesinvest2023.xls,פנסיה מקיפה- כללי 
520023185,,,520023185|פנסיה מקיפה- כללי|הפניקס פנסיה מקיפה מסלול כללי,הפניקס פנסיה מקיפה מסלול כללי,2023,מזומנים (בנטרול נגזרים),,0.75,,+/- 5%,0.0,6.0,,,פנסיה מקיפה- כללי,2026-09-30T21:21:21+00:00,http://www.fnx.co.il/sites/docs/genery/mediniut_ashkaa_tzfuia/xnesinvest2023.xls,policy/companies/520023185/raw/520023185/eeedde151fc1_xnesinvest2023.xls,פנסיה מקיפה- כללי 
520023185,,,520023185|פנסיה מקיפה- כללי|הפניקס פנסיה מקיפה מסלול כללי,הפניקס פנסיה מקיפה מסלול כללי,2023,"חשיפה למט""ח",fx,16.78,,+/- 6%,10.0,22.0,,,פנסיה מקיפה- כללי,2026-09-30T21:21:21+00:00,http://www.fnx.co.il/sites/docs/genery/mediniut_ashkaa_tzfuia/xnesinvest2023.xls,policy/companies/520023185/raw/520023185/eeedde151fc1_xnesinvest2023.xls,פנסיה מקיפה- כללי 
520023185,,,520023185|אקסלנס אינווסט כללי|אקסלנס אינווסט מסלול כללי,אקסלנס אינווסט מסלול כללי,2023,"מניות (כולל תעודות סל, אופציות, קרנות נאמנות)",equity,41.1,40.0,0.06,34.0,46.0,"50%- מדד ת""א 125 ,   50%- MSCI WORLD AC",,אקסלנס אינווסט כללי,2026-09-30T21:21:21+00:00,http://www.fnx.co.il/sites/docs/genery/mediniut_ashkaa_tzfuia/xnesinvest2023.xls,policy/companies/520023185/raw/520023185/eeedde151fc1_xnesinvest2023.xls,אקסלנס אינווסט כללי
520023185,,,520023185|אקסלנס אינווסט כללי|אקסלנס אינווסט מסלול כללי,אקסלנס אינווסט מסלול כללי,2023,"אג""ח ממשלתי (צמוד, שקלי ומט""ח), ממשלות זרות בנטרול חשיפות בנגזרים(*)",,19.4,20.0,0.05,15.0,25.0,"מדד אג""ח ממשלתי כללי",,אקסלנס אינווסט כללי,2026-09-30T21:21:21+00:00,http://www.fnx.co.il/sites/docs/genery/mediniut_ashkaa_tzfuia/xnesinvest2023.xls,policy/companies/520023185/raw/520023185/eeedde151fc1_xnesinvest2023.xls,אקסלנס אינווסט כללי
520023185,,,520023185|אקסלנס אינווסט כללי|אקסלנס אינווסט מסלול כללי,אקסלנס אינווסט מסלול כללי,2023,"אג""ח קונצרני (כולל קרנות נאמנות, תעודות סל)",,38.5,35.0,0.06,29.0,41.0,"55% - מדד תל בונד 60, 25% - בונד שקלי 20% - מדד BarCap Global Corporate Total Return Bond Index UnHedged",,אקסלנס אינווסט כללי,2026-09-30T21:21:21+00:00,http://www.fnx.co.il/sites/docs/genery/mediniut_ashkaa_tzfuia/xnesinvest2023.xls,policy/companies/520023185/raw/520023185/eeedde151fc1_xnesinvest2023.xls,אקסלנס אינווסט כללי
520023185,,,520023185|אקסלנס אינווסט כללי|אקסלנס אינווסט מסלול כללי,אקסלנס אינווסט מסלול כללי,2023,"נדל""ן",,0.0,0.0,0.05,0.0,5.0,,,אקסלנס אינווסט כללי,2026-09-30T21:21:21+00:00,http://www.fnx.co.il/sites/docs/genery/mediniut_ashkaa_tzfuia/xnesinvest2023.xls,policy/companies/520023185/raw/520023185/eeedde151fc1_xnesinvest2023.xls,אקסלנס אינווסט כללי
520023185,,,520023185|אקסלנס אינווסט כללי|אקסלנס אינווסט מסלול כללי,אקסלנס אינווסט מסלול כללי,2023,"אחר (קרנות השקעה, PE, VC, קרדיט, גידור)",,0.0,0.0,0.05,0.0,5.0,,,אקסלנס אינווסט כללי,2026-09-30T21:21:21+00:00,http://www.fnx.co.il/sites/docs/genery/mediniut_ashkaa_tzfuia/xnesinvest2023.xls,policy/companies/520023185/raw/520023185/eeedde151fc1_xnesinvest2023.xls,אקסלנס אינווסט כללי
520023185,,,520023185|אקסלנס אינווסט כללי|אקסלנס אינווסט מסלול כללי,אקסלנס אינווסט מסלול כללי,2023,מזומנים (*),,1.0,5.0,,,,מדד המקמ,,אקסלנס אינווסט כללי,2026-09-30T21:21:21+00:00,http://www.fnx.co.il/sites/docs/genery/mediniut_ashkaa_tzfuia/xnesinvest2023.xls,policy/companies/520023185/raw/520023185/eeedde151fc1_xnesinvest2023.xls,אקסלנס אינווסט כללי
520023185,,,520023185|אקסלנס אינווסט כללי|אקסלנס אינווסט מסלול כללי,אקסלנס אינווסט מסלול כללי,2023,"חשיפה למט""ח",fx,21.6,20.0,0.06,14.0,26.0,סל המטבעות,,אקסלנס אינווסט כללי,2026-09-30T21:21:21+00:00,http://www.fnx.co.il/sites/docs/genery/mediniut_ashkaa_tzfuia/xnesinvest2023.xls,policy/companies/520023185/raw/520023185/eeedde151fc1_xnesinvest2023.xls,אקסלנס אינווסט כללי
520023185,,,520023185|אקסלנס אינווסט כללי|אקסלנס אינווסט מסלול כללי,אקסלנס אינווסט מסלול כללי,2023,מגבלת עמלת ניהול חיצוני לשנת 2023,,0.06,,,,,,,אקסלנס אינווסט כללי,2026-09-30T21:21:21+00:00,http://www.fnx.co.il/sites/docs/genery/mediniut_ashkaa_tzfuia/xnesinvest2023.xls,policy/companies/520023185/raw/520023185/eeedde151fc1_xnesinvest2023.xls,אקסלנס אינווסט כללי
520023185,,,520023185|אקסלנס אינווסט הלכתי|אקסלנס אינווסט מסלול הלכה,אקסלנס אינווסט מסלול הלכה,2023,"מניות (כולל תעודות סל, אופציות, קרנות נאמנות)",equity,39.9,40.0,0.06,34.0,46.0,"50%- מדד ת""א 125 ,   50%- MSCI WORLD AC",,אקסלנס אינווסט הלכתי,2026-09-30T21:21:21+00:00,http://www.fnx.co.il/sites/docs/genery/mediniut_ashkaa_tzfuia/xnesinvest2023.xls,policy/companies/520023185/raw/520023185/eeedde151fc1_xnesinvest2023.xls,אקסלנס אינווסט הלכתי
520023185,,,520023185|אקסלנס אינווסט הלכתי|אקסלנס אינווסט מסלול הלכה,אקסלנס אינווסט מסלול הלכה,2023,"אג""ח ממשלתי (צמוד, שקלי ומט""ח), ממשלות זרות בנטרול חשיפות בנגזרים(*)",,19.8,20.0,0.05,15.0,25.0,"מדד אג""ח ממשלתי כללי",,אקסלנס אינווסט הלכתי,2026-09-30T21:21:21+00:00,http://www.fnx.co.il/sites/docs/genery/mediniut_ashkaa_tzfuia/xnesinvest2023.xls,policy/companies/520023185/raw/520023185/eeedde151fc1_xnesinvest2023.xls,אקסלנס אינווסט הלכתי
520023185,,,520023185|אקסלנס אינווסט הלכתי|אקסלנס אינווסט מסלול הלכה,אקסלנס אינווסט מסלול הלכה,2023,"אג""ח קונצרני (כולל קרנות נאמנות, תעודות סל)",,38.8,35.0,0.06,29.0,41.0,"55% - מדד תל בונד 60, 25% - בונד שקלי 20% - מדד BarCap Global Corporate Total Return Bond Index UnHedged",,אקסלנס אינווסט הלכתי,2026-09-30T21:21:21+00:00,http://www.fnx.co.il/sites/docs/genery/mediniut_ashkaa_tzfuia/xnesinvest2023.xls,policy/companies/520023185/raw/520023185/eeedde151fc1_xnesinvest2023.xls,אקסלנס אינווסט הלכתי
520023185,,,520023185|אקסלנס אינווסט הלכתי|אקסלנס אינווסט מסלול הלכה,אקסלנס אינווסט מסלול הלכה,2023,"נדל""ן",,0.0,0.0,0.05,0.0,5.0,,,אקסלנס אינווסט הלכתי,2026-09-30T21:21:21+00:00,http://www.fnx.co.il/sites/docs/genery/mediniut_ashkaa_tzfuia/xnesinvest2023.xls,policy/companies/520023185/raw/520023185/eeedde151fc1_xnesinvest2023.xls,אקסלנס אינווסט הלכתי
520023185,,,520023185|אקסלנס אינווסט הלכתי|אקסלנס אינווסט מסלול הלכה,אקסלנס אינווסט מסלול הלכה,2023,"אחר (קרנות השקעה, PE, VC, קרדיט, גידור)",,0.0,0.0,0.05,0.0,5.0,,,אקסלנס אינווסט הלכתי,2026-09-30T21:21:21+00:00,http://www.fnx.co.il/sites/docs/genery/mediniut_ashkaa_tzfuia/xnesinvest2023.xls,policy/companies/520023185/raw/520023185/eeedde151fc1_xnesinvest2023.xls,אקסלנס אינווסט הלכתי
520023185,,,520023185|אקסלנס אינווסט הלכתי|אקסלנס אינווסט מסלול הלכה,אקסלנס אינווסט מסלול הלכה,2023,מזומנים (*),,1.5,5.0,,,,מדד המקמ,,אקסלנס אינווסט הלכתי,2026-09-30T21:21:21+00:00,http://www.fnx.co.il/sites/docs/genery/mediniut_ashkaa_tzfuia/xnesinvest2023.xls,policy/companies/520023185/raw/520023185/eeedde151fc1_xnesinvest2023.xls,אקסלנס אינווסט הלכתי
520023185,,,520023185|אקסלנס אינווסט הלכתי|אקסלנס אינווסט מסלול הלכה,אקסלנס אינווסט מסלול הלכה,2023,"חשיפה למט""ח",fx,24.2,20.0,0.06,14.0,26.0,סל המטבעות,,אקסלנס אינווסט הלכתי,2026-09-30T21:21:21+00:00,http://www.fnx.co.il/sites/docs/genery/mediniut_ashkaa_tzfuia/xnesinvest2023.xls,policy/companies/520023185/raw/520023185/eeedde151fc1_xnesinvest2023.xls,אקסלנס אינווסט הלכתי
520023185,,,520023185|אקסלנס אינווסט הלכתי|אקסלנס אינווסט מסלול הלכה,אקסלנס אינווסט מסלול הלכה,2023,מגבלת עמלת ניהול חיצוני לשנת 2023,,0.15,,,,,,,אקסלנס אינווסט הלכתי,2026-09-30T21:21:21+00:00,http://www.fnx.co.il/sites/docs/genery/mediniut_ashkaa_tzfuia/xnesinvest2023.xls,policy/companies/520023185/raw/520023185/eeedde151fc1_xnesinvest2023.xls,אקסלנס אינווסט הלכתי
520023185,,,520023185|פנסיה משלימה מסלול כללי|הפניקס פנסיה משלימה + הפניקס פנסיה משלימה מסלול כללי ב סה כ 177 מש ח,הפניקס פנסיה משלימה + הפניקס פנסיה משלימה מסלול כללי ב סה כ 177 מש ח,2023,"מניות (כולל תעודות סל, אופציות, קרנות נאמנות)",equity,34.09,35.0,+/- 6%,29.0,41.0,"50%- מדד ת""א 100 ,   50%- MSCI WORLD AC",,פנסיה משלימה מסלול כללי,2026-09-30T21:21:21+00:00,http://www.fnx.co.il/sites/docs/genery/mediniut_ashkaa_tzfuia/xnesinvest2023.xls,policy/companies/520023185/raw/520023185/eeedde151fc1_xnesinvest2023.xls,פנסיה משלימה מסלול כללי
520023185,,,520023185|פנסיה משלימה מסלול כללי|הפניקס פנסיה משלימה + הפניקס פנסיה משלימה מסלול כללי ב סה כ 177 מש ח,הפניקס פנסיה משלימה + הפניקס פנסיה משלימה מסלול כללי ב סה כ 177 מש ח,2023,"אג""ח ממשלתי (צמוד, שקלי ומט""ח), ממשלות זרות בנטרול חשיפות בנגזרים (*)",,35.79,36.0,+/-5%,31.0,41.0,"מדד אג""ח ממשלתי כללי",,פנסיה משלימה מסלול כללי,2026-09-30T21:21:21+00:00,http://www.fnx.co.il/sites/docs/genery/mediniut_ashkaa_tzfuia/xnesinvest2023.xls,policy/companies/520023185/raw/520023185/eeedde151fc1_xnesinvest2023.xls,פנסיה משלימה מסלול כללי
520023185,,,520023185|פנסיה משלימה מסלול כללי|הפניקס פנסיה משלימה + הפניקס פנסיה משלימה מסלול כללי ב סה כ 177 מש ח,הפניקס פנסיה משלימה + הפניקס פנסיה משלימה מסלול כללי ב סה כ 177 מש ח,2023,"אג""ח קונצרני (קרנות נאמנות, תעודות סל)",,22.31,25.0,+/- 6%,19.0,31.0,70% - מדד תל בונד 60  30% - מדד BarCap Global Corporate Total Return Bond Index UnHedged,,פנסיה משלימה מסלול כללי,2026-09-30T21:21:21+00:00,http://www.fnx.co.il/sites/docs/genery/mediniut_ashkaa_tzfuia/xnesinvest2023.xls,policy/companies/520023185/raw/520023185/eeedde151fc1_xnesinvest2023.xls,פנסיה משלימה מסלול כללי
520023185,,,520023185|פנסיה משלימה מסלול כללי|הפניקס פנסיה משלימה + הפניקס פנסיה משלימה מסלול כללי ב סה כ 177 מש ח,הפניקס פנסיה משלימה + הפניקס פנסיה משלימה מסלול כללי ב סה כ 177 מש ח,2023,"נדל""ן",,1.58,1.0,+/- 5%,0.0,6.0,,,פנסיה משלימה מסלול כללי,2026-09-30T21:21:21+00:00,http://www.fnx.co.il/sites/docs/genery/mediniut_ashkaa_tzfuia/xnesinvest2023.xls,policy/companies/520023185/raw/520023185/eeedde151fc1_xnesinvest2023.xls,פנסיה משלימה מסלול כללי
520023185,,,520023185|פנסיה משלימה מסלול כללי|הפניקס פנסיה משלימה + הפניקס פנסיה משלימה מסלול כללי ב סה כ 177 מש ח,הפניקס פנסיה משלימה + הפניקס פנסיה משלימה מסלול כללי ב סה כ 177 מש ח,2023,"אחר (קרנות השקעה, PE, VC, קרדיט, גידור)",,0.27,0.0,+/- 5%,0.0,5.0,,,פנסיה משלימה מסלול כללי,2026-09-30T21:21:21+00:00,http://www.fnx.co.il/sites/docs/genery/mediniut_ashkaa_tzfuia/xnesinvest2023.xls,policy/companies/520023185/raw/520023185/eeedde151fc1_xnesinvest2023.xls,פנסיה משלימה מסלול כללי
520023185,,,520023185|פנסיה משלימה מסלול כללי|הפניקס פנסיה משלימה + הפניקס פנסיה משלימה מסלול כללי ב סה כ 177 מש ח,הפניקס פנסיה משלימה + הפניקס פנסיה משלימה מסלול כללי ב סה כ 177 מש ח,2023,מזומנים (*),,5.96,3.0,+/- 5%,0.0,8.0,,,פנסיה משלימה מסלול כללי,2026-09-30T21:21:21+00:00,http://www.fnx.co.il/sites/docs/genery/mediniut_ashkaa_tzfuia/xnesinvest2023.xls,policy/companies/520023185/raw/520023185/eeedde151fc1_xnesinvest2023.xls,פנסיה משלימה מסלול כללי
520023185,,,520023185|פנסיה משלימה מסלול כללי|הפניקס פנסיה משלימה + הפניקס פנסיה משלימה מסלול כללי ב סה כ 177 מש ח,הפניקס פנסיה משלימה + הפניקס פנסיה משלימה מסלול כללי ב סה כ 177 מש ח,2023,"חשיפה למט""ח",fx,20.89,16.0,+/- 6%,10.0,22.0,,,פנסיה משלימה מסלול כללי,2026-09-30T21:21:21+00:00,http://www.fnx.co.il/sites/docs/genery/mediniut_ashkaa_tzfuia/xnesinvest2023.xls,policy/companies/520023185/raw/520023185/eeedde151fc1_xnesinvest2023.xls,פנסיה משלימה מסלול כללי
520023185,,,520023185|פנסיה משלימה מסלול כללי|הפניקס פנסיה משלימה,הפניקס פנסיה משלימה,2023,"מניות (כולל תעודות סל, אופציות, קרנות נאמנות)",equity,31.35,,+/- 6%,28.0,40.0,"50%- מדד ת""א 100 ,  50%- MSCI WORLD AC",,פנסיה משלימה מסלול כללי,2026-09-30T21:21:21+00:00,http://www.fnx.co.il/sites/docs/genery/mediniut_ashkaa_tzfuia/xnesinvest2023.xls,policy/companies/520023185/raw/520023185/eeedde151fc1_xnesinvest2023.xls,פנסיה משלימה מסלול כללי
520023185,,,520023185|פנסיה משלימה מסלול כללי|הפניקס פנסיה משלימה,הפניקס פנסיה משלימה,2023,"אג""ח ממשלתי (צמוד, שקלי ומט""ח), ממשלות זרות בנטרול חשיפות בנגזרים1",,43.91,,+/-5%,37.0,47.0,"מדד אג""ח ממשלתי כללי",,פנסיה משלימה מסלול כללי,2026-09-30T21:21:21+00:00,http://www.fnx.co.il/sites/docs/genery/mediniut_ashkaa_tzfuia/xnesinvest2023.xls,policy/companies/520023185/raw/520023185/eeedde151fc1_xnesinvest2023.xls,פנסיה משלימה מסלול כללי
520023185,,,520023185|פנסיה משלימה מסלול כללי|הפניקס פנסיה משלימה,הפניקס פנסיה משלימה,2023,"אג""ח קונצרני (קרנות נאמנות, תעודות סל)",,20.14,,+/- 6%,15.0,27.0,מדד תל בונד 60,,פנסיה משלימה מסלול כללי,2026-09-30T21:21:21+00:00,http://www.fnx.co.il/sites/docs/genery/mediniut_ashkaa_tzfuia/xnesinvest2023.xls,policy/companies/520023185/raw/520023185/eeedde151fc1_xnesinvest2023.xls,פנסיה משלימה מסלול כללי
520023185,,,520023185|פנסיה משלימה מסלול כללי|הפניקס פנסיה משלימה,הפניקס פנסיה משלימה,2023,"נדל""ן",,1.72,,+/- 5%,0.0,5.0,,,פנסיה משלימה מסלול כללי,2026-09-30T21:21:21+00:00,http://www.fnx.co.il/sites/docs/genery/mediniut_ashkaa_tzfuia/xnesinvest2023.xls,policy/companies/520023185/raw/520023185/eeedde151fc1_xnesinvest2023.xls,פנסיה משלימה מסלול כללי
520023185,,,520023185|פנסיה משלימה מסלול כללי|הפניקס פנסיה משלימה,הפניקס פנסיה משלימה,2023,"אחר (קרנות השקעה, PE, VC, קרדיט, גידור)",,0.12,,+/- 5%,0.0,5.0,,,פנסיה משלימה מסלול כללי,2026-09-30T21:21:21+00:00,http://www.fnx.co.il/sites/docs/genery/mediniut_ashkaa_tzfuia/xnesinvest2023.xls,policy/companies/520023185/raw/520023185/eeedde151fc1_xnesinvest2023.xls,פנסיה משלימה מסלול כללי
520023185,,,520023185|פנסיה משלימה מסלול כללי|הפניקס פנסיה משלימה,הפניקס פנסיה משלימה,2023,מזומנים (בנטרול נגזרים),,2.76,,+/- 5%,0.0,8.0,,,פנסיה משלימה מסלול כללי,2026-09-30T21:21:21+00:00,http://www.fnx.co.il/sites/docs/genery/mediniut_ashkaa_tzfuia/xnesinvest2023.xls,policy/companies/520023185/raw/520023185/eeedde151fc1_xnesinvest2023.xls,פנסיה משלימה מסלול כללי
520023185,,,520023185|פנסיה משלימה מסלול כללי|הפניקס פנסיה משלימה,הפניקס פנסיה משלימה,2023,"חשיפה למט""ח",fx,14.95,,+/- 6%,10.0,22.0,,,פנסיה משלימה מסלול כללי,2026-09-30T21:21:21+00:00,http://www.fnx.co.il/sites/docs/genery/mediniut_ashkaa_tzfuia/xnesinvest2023.xls,policy/companies/520023185/raw/520023185/eeedde151fc1_xnesinvest2023.xls,פנסיה משלימה מסלול כללי
520023185,,,520023185|קרן ט|קרן ט,קרן ט,2023,"מניות (כולל תעודות סל, אופציות, קרנות נאמנות)",equity,38.6,36.0,0.06,30.0,42.0,"35%- מדד ת""א 125,     65%- MSCI WORLD AC",,קרן ט,2026-09-30T21:21:21+00:00,http://www.fnx.co.il/sites/docs/genery/mediniut_ashkaa_tzfuia/bituach2023.xls,policy/companies/520023185/raw/520023185/b75a8b3908dc_bituach2023.xls,קרן ט
520023185,,,520023185|קרן ט|קרן ט,קרן ט,2023,"אג""ח ממשלתי (צמוד,שקלי ומט""ח), ממשלות זרות בנטרול חשיפות בנגזרים (*)",,1.6,0.0,0.05,0.0,5.0,"מדד אג""ח ממשלתי כללי",,קרן ט,2026-09-30T21:21:21+00:00,http://www.fnx.co.il/sites/docs/genery/mediniut_ashkaa_tzfuia/bituach2023.xls,policy/companies/520023185/raw/520023185/b75a8b3908dc_bituach2023.xls,קרן ט
520023185,,,520023185|קרן ט|קרן ט,קרן ט,2023,"אג""ח מיועדות (חץ)",,33.1,40.0,0.05,35.0,45.0,,,קרן ט,2026-09-30T21:21:21+00:00,http://www.fnx.co.il/sites/docs/genery/mediniut_ashkaa_tzfuia/bituach2023.xls,policy/companies/520023185/raw/520023185/b75a8b3908dc_bituach2023.xls,קרן ט
520023185,,,520023185|קרן ט|קרן ט,קרן ט,2023,"אג""ח קונצרני (כולל קרנות נאמנות, תעודות סל)",,17.5,17.0,0.06,11.0,23.0,"35% - תל בונד כללי , 20% - תל בונד 60 , 15% - תל בונד 50 , 15% - IBOXX HY - 15%, IBOXX IG",,קרן ט,2026-09-30T21:21:21+00:00,http://www.fnx.co.il/sites/docs/genery/mediniut_ashkaa_tzfuia/bituach2023.xls,policy/companies/520023185/raw/520023185/b75a8b3908dc_bituach2023.xls,קרן ט
520023185,,,520023185|קרן ט|קרן ט,קרן ט,2023,"נדל""ן",,3.5,3.0,0.05,0.0,8.0,,,קרן ט,2026-09-30T21:21:21+00:00,http://www.fnx.co.il/sites/docs/genery/mediniut_ashkaa_tzfuia/bituach2023.xls,policy/companies/520023185/raw/520023185/b75a8b3908dc_bituach2023.xls,קרן ט
520023185,,,520023185|קרן ט|קרן ט,קרן ט,2023,"אחר (קרנות השקעה,Co Invest,תשתיות, גידור)",,2.9,2.0,0.05,0.0,7.0,,,קרן ט,2026-09-30T21:21:21+00:00,http://www.fnx.co.il/sites/docs/genery/mediniut_ashkaa_tzfuia/bituach2023.xls,policy/companies/520023185/raw/520023185/b75a8b3908dc_bituach2023.xls,קרן ט
520023185,,,520023185|קרן ט|קרן ט,קרן ט,2023,מזומנים (*),,2.8,2.0,,,,,,קרן ט,2026-09-30T21:21:21+00:00,http://www.fnx.co.il/sites/docs/genery/mediniut_ashkaa_tzfuia/bituach2023.xls,policy/companies/520023185/raw/520023185/b75a8b3908dc_bituach2023.xls,קרן ט
520023185,,,520023185|קרן ט|קרן ט,קרן ט,2023,"חשיפה למט""ח",fx,18.5,19.0,0.06,13.0,25.0,,,קרן ט,2026-09-30T21:21:21+00:00,http://www.fnx.co.il/sites/docs/genery/mediniut_ashkaa_tzfuia/bituach2023.xls,policy/companies/520023185/raw/520023185/b75a8b3908dc_bituach2023.xls,קרן ט
520023185,,,520023185|קרן ט|קרן ט,קרן ט,2023,מגבלת עמלת ניהול חיצוני לשנת 2023,,0.1,,,,,,,קרן ט,2026-09-30T21:21:21+00:00,http://www.fnx.co.il/sites/docs/genery/mediniut_ashkaa_tzfuia/bituach2023.xls,policy/companies/520023185/raw/520023185/b75a8b3908dc_bituach2023.xls,קרן ט
520023185,,,520023185|מסלול כללי (פרט)|מסלול כללי 1,מסלול כללי 1,2023,"מניות (כולל תעודות סל, אופציות, קרנות נאמנות)",equity,42.6,43.0,0.06,37.0,49.0,"35%- מדד ת""א 125,     65%- MSCI WORLD AC",,מסלול כללי (פרט),2026-09-30T21:21:21+00:00,http://www.fnx.co.il/sites/docs/genery/mediniut_ashkaa_tzfuia/bituach2023.xls,policy/companies/520023185/raw/520023185/b75a8b3908dc_bituach2023.xls,מסלול כללי (פרט)
520023185,,,520023185|מסלול כללי (פרט)|מסלול כללי 1,מסלול כללי 1,2023,"אג""ח ממשלתי (צמוד,שקלי ומט""ח), ממשלות זרות בנטרול חשיפות בנגזרים (*)",,7.4,8.0,0.05,3.0,13.0,"מדד אג""ח ממשלתי כללי",,מסלול כללי (פרט),2026-09-30T21:21:21+00:00,http://www.fnx.co.il/sites/docs/genery/mediniut_ashkaa_tzfuia/bituach2023.xls,policy/companies/520023185/raw/520023185/b75a8b3908dc_bituach2023.xls,מסלול כללי (פרט)
520023185,,,520023185|מסלול כללי (פרט)|מסלול כללי 1,מסלול כללי 1,2023,"אג""ח קונצרני (כולל קרנות נאמנות, תעודות סל)",,34.4,33.0,0.06,27.0,39.0,"35% - תל בונד כללי , 20% - תל בונד 60 , 15% - תל בונד 50 , 15% - IBOXX HY - 15%, IBOXX IG",,מסלול כללי (פרט),2026-09-30T21:21:21+00:00,http://www.fnx.co.il/sites/docs/genery/mediniut_ashkaa_tzfuia/bituach2023.xls,policy/companies/520023185/raw/520023185/b75a8b3908dc_bituach2023.xls,מסלול כללי (פרט)
520023185,,,520023185|מסלול כללי (פרט)|מסלול כללי 1,מסלול כללי 1,2023,"נדל""ן",,3.8,5.0,0.05,0.0,10.0,,,מסלול כללי (פרט),2026-09-30T21:21:21+00:00,http://www.fnx.co.il/sites/docs/genery/mediniut_ashkaa_tzfuia/bituach2023.xls,policy/companies/520023185/raw/520023185/b75a8b3908dc_bituach2023.xls,מסלול כללי (פרט)
520023185,,,520023185|מסלול כללי (פרט)|מסלול כללי 1,מסלול כללי 1,2023,קרנות השקעה,,5.3,4.0,0.05,0.0,9.0,,,מסלול כללי (פרט),2026-09-30T21:21:21+00:00,http://www.fnx.co.il/sites/docs/genery/mediniut_ashkaa_tzfuia/bituach2023.xls,policy/companies/520023185/raw/520023185/b75a8b3908dc_bituach2023.xls,מסלול כללי (פרט)
520023185,,,520023185|מסלול כללי (פרט)|מסלול כללי 1,מסלול כללי 1,2023,"אחר (Co Invest,תשתיות, גידור)",,5.7,5.0,0.05,0.0,10.0,,,מסלול כללי (פרט),2026-09-30T21:21:21+00:00,http://www.fnx.co.il/sites/docs/genery/mediniut_ashkaa_tzfuia/bituach2023.xls,policy/companies/520023185/raw/520023185/b75a8b3908dc_bituach2023.xls,מסלול כללי (פרט)
520023185,,,520023185|מסלול כללי (פרט)|מסלול כללי 1,מסלול כללי 1,2023,מזומנים (*),,0.8,2.0,,,,,,מסלול כללי (פרט),2026-09-30T21:21:21+00:00,http://www.fnx.co.il/sites/docs/genery/mediniut_ashkaa_tzfuia/bituach2023.xls,policy/companies/520023185/raw/520023185/b75a8b3908dc_bituach2023.xls,מסלול כללי (פרט)
520023185,,,520023185|מסלול כללי (פרט)|מסלול כללי 1,מסלול כללי 1,2023,"חשיפה למט""ח",fx,18.1,19.0,0.06,15.0,27.0,,,מסלול כללי (פרט),2026-09-30T21:21:21+00:00,http://www.fnx.co.il/sites/docs/genery/mediniut_ashkaa_tzfuia/bituach2023.xls,policy/companies/520023185/raw/520023185/b75a8b3908dc_bituach2023.xls,מסלול כללי (פרט)
520023185,,,520023185|מסלול כללי (פרט)|מסלול כללי 1,מסלול כללי 1,2023,מגבלת עמלת ניהול חיצוני לשנת 2023,,0.2,,,,,,,מסלול כללי (פרט),2026-09-30T21:21:21+00:00,http://www.fnx.co.il/sites/docs/genery/mediniut_ashkaa_tzfuia/bituach2023.xls,policy/companies/520023185/raw/520023185/b75a8b3908dc_bituach2023.xls,מסלול כללי (פרט)
520023185,,,520023185|כללי פאסיבי כללי|מסלול ביטוח פאסיבי כללי,מסלול ביטוח פאסיבי כללי,2023,"מניות (תעודות סל, אופציות, קרנות נאמנות)",equity,54.4,52.0,0.06,46.0,58.0,TPX,,כללי פאסיבי כללי,2026-09-30T21:21:21+00:00,http://www.fnx.co.il/sites/docs/genery/mediniut_ashkaa_tzfuia/bituach2023.xls,policy/companies/520023185/raw/520023185/b75a8b3908dc_bituach2023.xls,כללי פאסיבי כללי
520023185,,,520023185|כללי פאסיבי כללי|מסלול ביטוח פאסיבי כללי,מסלול ביטוח פאסיבי כללי,2023,"אג""ח ממשלתי (צמוד,שקלי ומט""ח), ממשלות",,8.2,8.0,0.05,3.0,13.0,משקל שחר 0-2,,כללי פאסיבי כללי,2026-09-30T21:21:21+00:00,http://www.fnx.co.il/sites/docs/genery/mediniut_ashkaa_tzfuia/bituach2023.xls,policy/companies/520023185/raw/520023185/b75a8b3908dc_bituach2023.xls,כללי פאסיבי כללי
520023185,,,520023185|כללי פאסיבי כללי|מסלול ביטוח פאסיבי כללי,מסלול ביטוח פאסיבי כללי,2023,"אג""ח קונצרני (כולל קרנות נאמנות, תעודות סל)",,38.6,38.0,0.06,32.0,44.0,JCMBCOMP,,כללי פאסיבי כללי,2026-09-30T21:21:21+00:00,http://www.fnx.co.il/sites/docs/genery/mediniut_ashkaa_tzfuia/bituach2023.xls,policy/companies/520023185/raw/520023185/b75a8b3908dc_bituach2023.xls,כללי פאסיבי כללי
520023185,,,520023185|כללי פאסיבי כללי|מסלול ביטוח פאסיבי כללי,מסלול ביטוח פאסיבי כללי,2023,אחר,,0.0,0.0,0.05,0.0,5.0,,,כללי פאסיבי כללי,2026-09-30T21:21:21+00:00,http://www.fnx.co.il/sites/docs/genery/mediniut_ashkaa_tzfuia/bituach2023.xls,policy/companies/520023185/raw/520023185/b75a8b3908dc_bituach2023.xls,כללי פאסיבי כללי
520023185,,,520023185|כללי פאסיבי כללי|מסלול ביטוח פאסיבי כללי,מסלול ביטוח פאסיבי כללי,2023,מזומנים (*),,-1.2,2.0,,,,"ריבית פח""ק",,כללי פאסיבי כללי,2026-09-30T21:21:21+00:00,http://www.fnx.co.il/sites/docs/genery/mediniut_ashkaa_tzfuia/bituach2023.xls,policy/companies/520023185/raw/520023185/b75a8b3908dc_bituach2023.xls,כללי פאסיבי כללי
520023185,,,520023185|כללי פאסיבי כללי|מסלול ביטוח פאסיבי כללי,מסלול ביטוח פאסיבי כללי,2023,"חשיפה למט""ח",fx,19.9,19.0,0.06,13.0,25.0,,,כללי פאסיבי כללי,2026-09-30T21:21:21+00:00,http://www.fnx.co.il/sites/docs/genery/mediniut_ashkaa_tzfuia/bituach2023.xls,policy/companies/520023185/raw/520023185/b75a8b3908dc_bituach2023.xls,כללי פאסיבי כללי
520023185,,,520023185|כללי פאסיבי כללי|מסלול ביטוח פאסיבי כללי,מסלול ביטוח פאסיבי כללי,2023,מגבלת עמלת ניהול חיצוני לשנת 2023,,0.04,,,,,,,כללי פאסיבי כללי,2026-09-30T21:21:21+00:00,http://www.fnx.co.il/sites/docs/genery/mediniut_ashkaa_tzfuia/bituach2023.xls,policy/companies/520023185/raw/520023185/b75a8b3908dc_bituach2023.xls,כללי פאסיבי כללי
520023185,,,520023185|תלוי גיל|הפניקס מסלול השקעה לבני 50 ומטה,הפניקס מסלול השקעה לבני 50 ומטה,2023,"מניות (כולל תעודות סל, אופציות, קרנות נאמנות)",equity,49.0,51.0,0.06,45.0,57.0,"35%- מדד ת""א 125,     65%- MSCI WORLD AC",,תלוי גיל,2026-09-30T21:21:21+00:00,http://www.fnx.co.il/sites/docs/genery/mediniut_ashkaa_tzfuia/bituach2023.xls,policy/companies/520023185/raw/520023185/b75a8b3908dc_bituach2023.xls,תלוי גיל
520023185,,,520023185|תלוי גיל|הפניקס מסלול השקעה לבני 50 ומטה,הפניקס מסלול השקעה לבני 50 ומטה,2023,"אג""ח ממשלתי (צמוד,שקלי ומט""ח), ממשלות זרות בנטרול חשיפות בנגזרים (*)",,4.7,6.0,0.05,1.0,11.0,"מדד אג""ח ממשלתי כללי",,תלוי גיל,2026-09-30T21:21:21+00:00,http://www.fnx.co.il/sites/docs/genery/mediniut_ashkaa_tzfuia/bituach2023.xls,policy/companies/520023185/raw/520023185/b75a8b3908dc_bituach2023.xls,תלוי גיל
520023185,,,520023185|תלוי גיל|הפניקס מסלול השקעה לבני 50 ומטה,הפניקס מסלול השקעה לבני 50 ומטה,2023,"אג""ח קונצרני (כולל קרנות נאמנות, תעודות סל)",,28.4,29.0,0.06,23.0,35.0,"35% - תל בונד כללי , 20% - תל בונד 60 , 15% - תל בונד 50 , 15% - IBOXX HY - 15%, IBOXX IG",,תלוי גיל,2026-09-30T21:21:21+00:00,http://www.fnx.co.il/sites/docs/genery/mediniut_ashkaa_tzfuia/bituach2023.xls,policy/companies/520023185/raw/520023185/b75a8b3908dc_bituach2023.xls,תלוי גיל
520023185,,,520023185|תלוי גיל|הפניקס מסלול השקעה לבני 50 ומטה,הפניקס מסלול השקעה לבני 50 ומטה,2023,"נדל""ן",,2.2,2.0,0.05,0.0,7.0,,,תלוי גיל,2026-09-30T21:21:21+00:00,http://www.fnx.co.il/sites/docs/genery/mediniut_ashkaa_tzfuia/bituach2023.xls,policy/companies/520023185/raw/520023185/b75a8b3908dc_bituach2023.xls,תלוי גיל
520023185,,,520023185|תלוי גיל|הפניקס מסלול השקעה לבני 50 ומטה,הפניקס מסלול השקעה לבני 50 ומטה,2023,קרנות השקעה,,6.4,5.0,0.05,0.0,10.0,,,תלוי גיל,2026-09-30T21:21:21+00:00,http://www.fnx.co.il/sites/docs/genery/mediniut_ashkaa_tzfuia/bituach2023.xls,policy/companies/520023185/raw/520023185/b75a8b3908dc_bituach2023.xls,תלוי גיל
520023185,,,520023185|תלוי גיל|הפניקס מסלול השקעה לבני 50 ומטה,הפניקס מסלול השקעה לבני 50 ומטה,2023,Co Invest,,4.9,4.0,0.05,0.0,9.0,,,תלוי גיל,2026-09-30T21:21:21+00:00,http://www.fnx.co.il/sites/docs/genery/mediniut_ashkaa_tzfuia/bituach2023.xls,policy/companies/520023185/raw/520023185/b75a8b3908dc_bituach2023.xls,תלוי גיל
520023185,,,520023185|תלוי גיל|הפניקס מסלול השקעה לבני 50 ומטה,הפניקס מסלול השקעה לבני 50 ומטה,2023,"אחר (תשתיות, גידור)",,3.0,1.0,0.05,0.0,6.0,,,תלוי גיל,2026-09-30T21:21:21+00:00,http://www.fnx.co.il/sites/docs/genery/mediniut_ashkaa_tzfuia/bituach2023.xls,policy/companies/520023185/raw/520023185/b75a8b3908dc_bituach2023.xls,תלוי גיל
520023185,,,520023185|תלוי גיל|הפניקס מסלול השקעה לבני 50 ומטה,הפניקס מסלול השקעה לבני 50 ומטה,2023,מזומנים (*),,1.4,2.0,,,,,,תלוי גיל,2026-09-30T21:21:21+00:00,http://www.fnx.co.il/sites/docs/genery/mediniut_ashkaa_tzfuia/bituach2023.xls,policy/companies/520023185/raw/520023185/b75a8b3908dc_bituach2023.xls,תלוי גיל
520023185,,,520023185|תלוי גיל|הפניקס מסלול השקעה לבני 50 ומטה,הפניקס מסלול השקעה לבני 50 ומטה,2023,"חשיפה למט""ח",fx,18.1,19.0,0.06,15.0,27.0,,,תלוי גיל,2026-09-30T21:21:21+00:00,http://www.fnx.co.il/sites/docs/genery/mediniut_ashkaa_tzfuia/bituach2023.xls,policy/companies/520023185/raw/520023185/b75a8b3908dc_bituach2023.xls,תלוי גיל
520023185,,,520023185|תלוי גיל|הפניקס מסלול השקעה לבני 50 ומטה,הפניקס מסלול השקעה לבני 50 ומטה,2023,מגבלת עמלת ניהול חיצוני לשנת 2023,,0.25,,,,,,,תלוי גיל,2026-09-30T21:21:21+00:00,http://www.fnx.co.il/sites/docs/genery/mediniut_ashkaa_tzfuia/bituach2023.xls,policy/companies/520023185/raw/520023185/b75a8b3908dc_bituach2023.xls,תלוי גיל
520023185,,,520023185|תלוי גיל|הפניקס מסלול השקעה לבני 50 עד 60,הפניקס מסלול השקעה לבני 50 עד 60,2023,"מניות (כולל תעודות סל, אופציות, קרנות נאמנות)",equity,40.3,42.0,0.06,36.0,48.0,"35%- מדד ת""א 125,     65%- MSCI WORLD AC",,תלוי גיל,2026-09-30T21:21:21+00:00,http://www.fnx.co.il/sites/docs/genery/mediniut_ashkaa_tzfuia/bituach2023.xls,policy/companies/520023185/raw/520023185/b75a8b3908dc_bituach2023.xls,תלוי גיל
520023185,,,520023185|תלוי גיל|הפניקס מסלול השקעה לבני 50 עד 60,הפניקס מסלול השקעה לבני 50 עד 60,2023,"אג""ח ממשלתי (צמוד,שקלי ומט""ח), ממשלות זרות בנטרול חשיפות בנגזרים (*)",,13.6,15.0,0.05,10.0,20.0,"מדד אג""ח ממשלתי כללי",,תלוי גיל,2026-09-30T21:21:21+00:00,http://www.fnx.co.il/sites/docs/genery/mediniut_ashkaa_tzfuia/bituach2023.xls,policy/companies/520023185/raw/520023185/b75a8b3908dc_bituach2023.xls,תלוי גיל
520023185,,,520023185|תלוי גיל|הפניקס מסלול השקעה לבני 50 עד 60,הפניקס מסלול השקעה לבני 50 עד 60,2023,"אג""ח קונצרני (כולל קרנות נאמנות, תעודות סל)",,32.8,32.0,0.06,26.0,38.0,"35% - תל בונד כללי , 20% - תל בונד 60 , 15% - תל בונד 50 , 15% - IBOXX HY - 15%, IBOXX IG",,תלוי גיל,2026-09-30T21:21:21+00:00,http://www.fnx.co.il/sites/docs/genery/mediniut_ashkaa_tzfuia/bituach2023.xls,policy/companies/520023185/raw/520023185/b75a8b3908dc_bituach2023.xls,תלוי גיל
520023185,,,520023185|תלוי גיל|הפניקס מסלול השקעה לבני 50 עד 60,הפניקס מסלול השקעה לבני 50 עד 60,2023,"נדל""ן",,1.7,1.0,0.05,0.0,6.0,,,תלוי גיל,2026-09-30T21:21:21+00:00,http://www.fnx.co.il/sites/docs/genery/mediniut_ashkaa_tzfuia/bituach2023.xls,policy/companies/520023185/raw/520023185/b75a8b3908dc_bituach2023.xls,תלוי גיל
520023185,,,520023185|תלוי גיל|הפניקס מסלול השקעה לבני 50 עד 60,הפניקס מסלול השקעה לבני 50 עד 60,2023,קרנות השקעה,,4.3,3.0,0.05,0.0,8.0,,,תלוי גיל,2026-09-30T21:21:21+00:00,http://www.fnx.co.il/sites/docs/genery/mediniut_ashkaa_tzfuia/bituach2023.xls,policy/companies/520023185/raw/520023185/b75a8b3908dc_bituach2023.xls,תלוי גיל
520023185,,,520023185|תלוי גיל|הפניקס מסלול השקעה לבני 50 עד 60,הפניקס מסלול השקעה לבני 50 עד 60,2023,"אחר (Co Invest,תשתיות, גידור)",,5.5,4.0,0.05,0.0,9.0,,,תלוי גיל,2026-09-30T21:21:21+00:00,http://www.fnx.co.il/sites/docs/genery/mediniut_ashkaa_tzfuia/bituach2023.xls,policy/companies/520023185/raw/520023185/b75a8b3908dc_bituach2023.xls,תלוי גיל
520023185,,,520023185|תלוי גיל|הפניקס מסלול השקעה לבני 50 עד 60,הפניקס מסלול השקעה לבני 50 עד 60,2023,מזומנים (*),,1.8,3.0,,,,,,תלוי גיל,2026-09-30T21:21:21+00:00,http://www.fnx.co.il/sites/docs/genery/mediniut_ashkaa_tzfuia/bituach2023.xls,policy/companies/520023185/raw/520023185/b75a8b3908dc_bituach2023.xls,תלוי גיל
520023185,,,520023185|תלוי גיל|הפניקס מסלול השקעה לבני 50 עד 60,הפניקס מסלול השקעה לבני 50 עד 60,2023,"חשיפה למט""ח",fx,18.1,19.0,0.06,15.0,27.0,,,תלוי גיל,2026-09-30T21:21:21+00:00,http://www.fnx.co.il/sites/docs/genery/mediniut_ashkaa_tzfuia/bituach2023.xls,policy/companies/520023185/raw/520023185/b75a8b3908dc_bituach2023.xls,תלוי גיל
520023185,,,520023185|תלוי גיל|הפניקס מסלול השקעה לבני 50 עד 60,הפניקס מסלול השקעה לבני 50 עד 60,2023,מגבלת עמלת ניהול חיצוני לשנת 2023,,0.2,,,,,,,תלוי גיל,2026-09-30T21:21:21+00:00,http://www.fnx.co.il/sites/docs/genery/mediniut_ashkaa_tzfuia/bituach2023.xls,policy/companies/520023185/raw/520023185/b75a8b3908dc_bituach2023.xls,תלוי גיל
520023185,,,520023185|תלוי גיל|הפניקס מסלול השקעה לבני 60 ומעלה,הפניקס מסלול השקעה לבני 60 ומעלה,2023,"מניות (כולל תעודות סל, אופציות, קרנות נאמנות)",equity,23.3,24.0,0.06,18.0,30.0,"35%- מדד ת""א 125,     65%- MSCI WORLD AC",,תלוי גיל,2026-09-30T21:21:21+00:00,http://www.fnx.co.il/sites/docs/genery/mediniut_ashkaa_tzfuia/bituach2023.xls,policy/companies/520023185/raw/520023185/b75a8b3908dc_bituach2023.xls,תלוי גיל
520023185,,,520023185|תלוי גיל|הפניקס מסלול השקעה לבני 60 ומעלה,הפניקס מסלול השקעה לבני 60 ומעלה,2023,"אג""ח ממשלתי (צמוד,שקלי ומט""ח), ממשלות זרות בנטרול חשיפות בנגזרים (*)",,27.0,30.0,0.05,25.0,35.0,"מדד אג""ח ממשלתי כללי",,תלוי גיל,2026-09-30T21:21:21+00:00,http://www.fnx.co.il/sites/docs/genery/mediniut_ashkaa_tzfuia/bituach2023.xls,policy/companies/520023185/raw/520023185/b75a8b3908dc_bituach2023.xls,תלוי גיל
520023185,,,520023185|תלוי גיל|הפניקס מסלול השקעה לבני 60 ומעלה,הפניקס מסלול השקעה לבני 60 ומעלה,2023,"אג""ח קונצרני (כולל קרנות נאמנות, תעודות סל)",,35.0,36.0,0.06,30.0,42.0,"35% - תל בונד כללי , 20% - תל בונד 60 , 15% - תל בונד 50 , 15% - IBOXX HY - 15%, IBOXX IG",,תלוי גיל,2026-09-30T21:21:21+00:00,http://www.fnx.co.il/sites/docs/genery/mediniut_ashkaa_tzfuia/bituach2023.xls,policy/companies/520023185/raw/520023185/b75a8b3908dc_bituach2023.xls,תלוי גיל
520023185,,,520023185|תלוי גיל|הפניקס מסלול השקעה לבני 60 ומעלה,הפניקס מסלול השקעה לבני 60 ומעלה,2023,"נדל""ן",,1.5,0.0,0.05,0.0,5.0,,,תלוי גיל,2026-09-30T21:21:21+00:00,http://www.fnx.co.il/sites/docs/genery/mediniut_ashkaa_tzfuia/bituach2023.xls,policy/companies/520023185/raw/520023185/b75a8b3908dc_bituach2023.xls,תלוי גיל
520023185,,,520023185|תלוי גיל|הפניקס מסלול השקעה לבני 60 ומעלה,הפניקס מסלול השקעה לבני 60 ומעלה,2023,קרנות השקעה,,4.3,3.0,0.05,0.0,8.0,,,תלוי גיל,2026-09-30T21:21:21+00:00,http://www.fnx.co.il/sites/docs/genery/mediniut_ashkaa_tzfuia/bituach2023.xls,policy/companies/520023185/raw/520023185/b75a8b3908dc_bituach2023.xls,תלוי גיל
520023185,,,520023185|תלוי גיל|הפניקס מסלול השקעה לבני 60 ומעלה,הפניקס מסלול השקעה לבני 60 ומעלה,2023,"אחר (Co Invest,תשתיות, גידור)",,5.1,4.0,0.05,0.0,9.0,,,תלוי גיל,2026-09-30T21:21:21+00:00,http://www.fnx.co.il/sites/docs/genery/mediniut_ashkaa_tzfuia/bituach2023.xls,policy/companies/520023185/raw/520023185/b75a8b3908dc_bituach2023.xls,תלוי גיל
520023185,,,520023185|תלוי גיל|הפניקס מסלול השקעה לבני 60 ומעלה,הפניקס מסלול השקעה לבני 60 ומעלה,2023,מזומנים (*),,3.8,3.0,,,,,,תלוי גיל,2026-09-30T21:21:21+00:00,http://www.fnx.co.il/sites/docs/genery/mediniut_ashkaa_tzfuia/bituach2023.xls,policy/companies/520023185/raw/520023185/b75a8b3908dc_bituach2023.xls,תלוי גיל
520023185,,,520023185|תלוי גיל|הפניקס מסלול השקעה לבני 60 ומעלה,הפניקס מסלול השקעה לבני 60 ומעלה,2023,"חשיפה למט""ח",fx,14.9,17.0,0.06,11.0,23.0,,,תלוי גיל,2026-09-30T21:21:21+00:00,http://www.fnx.co.il/sites/docs/genery/mediniut_ashkaa_tzfuia/bituach2023.xls,policy/companies/520023185/raw/520023185/b75a8b3908dc_bituach2023.xls,תלוי גיל
520023185,,,520023185|תלוי גיל|הפניקס מסלול השקעה לבני 60 ומעלה,הפניקס מסלול השקעה לבני 60 ומעלה,2023,מגבלת עמלת ניהול חיצוני לשנת 2023,,0.18,,,,,,,תלוי גיל,2026-09-30T21:21:21+00:00,http://www.fnx.co.il/sites/docs/genery/mediniut_ashkaa_tzfuia/bituach2023.xls,policy/companies/520023185/raw/520023185/b75a8b3908dc_bituach2023.xls,תלוי גיל
520023185,,,520023185|תלוי גיל פאסיבי|הפניקס מסלול השקעה פאסיבי לבני 50 ומטה,הפניקס מסלול השקעה פאסיבי לבני 50 ומטה,2023,"אג""ח ממשלתי (צמוד,שקלי ומט""ח), ממשלות",,5.7,6.0,0.05,1.0,11.0,משקל שחר 0-2,,תלוי גיל פאסיבי,2026-09-30T21:21:21+00:00,http://www.fnx.co.il/sites/docs/genery/mediniut_ashkaa_tzfuia/bituach2023.xls,policy/companies/520023185/raw/520023185/b75a8b3908dc_bituach2023.xls,תלוי גיל פאסיבי
520023185,,,520023185|תלוי גיל פאסיבי|הפניקס מסלול השקעה פאסיבי לבני 50 ומטה,הפניקס מסלול השקעה פאסיבי לבני 50 ומטה,2023,"אג""ח קונצרני (כולל קרנות נאמנות, תעודות סל)",,30.6,31.0,0.06,25.0,37.0,JCMBCOMP,,תלוי גיל פאסיבי,2026-09-30T21:21:21+00:00,http://www.fnx.co.il/sites/docs/genery/mediniut_ashkaa_tzfuia/bituach2023.xls,policy/companies/520023185/raw/520023185/b75a8b3908dc_bituach2023.xls,תלוי גיל פאסיבי
520023185,,,520023185|תלוי גיל פאסיבי|הפניקס מסלול השקעה פאסיבי לבני 50 ומטה,הפניקס מסלול השקעה פאסיבי לבני 50 ומטה,2023,אחר,,0.0,0.0,0.05,0.0,5.0,,,תלוי גיל פאסיבי,2026-09-30T21:21:21+00:00,http://www.fnx.co.il/sites/docs/genery/mediniut_ashkaa_tzfuia/bituach2023.xls,policy/companies/520023185/raw/520023185/b75a8b3908dc_bituach2023.xls,תלוי גיל פאסיבי
520023185,,,520023185|תלוי גיל פאסיבי|הפניקס מסלול השקעה פאסיבי לבני 50 ומטה,הפניקס מסלול השקעה פאסיבי לבני 50 ומטה,2023,מזומנים (*),,-1.4,2.0,,,,"ריבית פח""ק",,תלוי גיל פאסיבי,2026-09-30T21:21:21+00:00,http://www.fnx.co.il/sites/docs/genery/mediniut_ashkaa_tzfuia/bituach2023.xls,policy/companies/520023185/raw/520023185/b75a8b3908dc_bituach2023.xls,תלוי גיל פאסיבי
520023185,,,520023185|תלוי גיל פאסיבי|הפניקס מסלול השקעה פאסיבי לבני 50 ומטה,הפניקס מסלול השקעה פאסיבי לבני 50 ומטה,2023,"חשיפה למט""ח",fx,18.6,19.0,0.06,13.0,25.0,,,תלוי גיל פאסיבי,2026-09-30T21:21:21+00:00,http://www.fnx.co.il/sites/docs/genery/mediniut_ashkaa_tzfuia/bituach2023.xls,policy/companies/520023185/raw/520023185/b75a8b3908dc_bituach2023.xls,תלוי גיל פאסיבי
520023185,,,520023185|תלוי גיל פאסיבי|הפניקס מסלול השקעה פאסיבי לבני 50 ומטה,הפניקס מסלול השקעה פאסיבי לבני 50 ומטה,2023,מגבלת עמלת ניהול חיצוני לשנת 2023,,0.04,,,,,,,תלוי גיל פאסיבי,2026-09-30T21:21:21+00:00,http://www.fnx.co.il/sites/docs/genery/mediniut_ashkaa_tzfuia/bituach2023.xls,policy/companies/520023185/raw/520023185/b75a8b3908dc_bituach2023.xls,תלוי גיל פאסיבי
520023185,,,520023185|תלוי גיל פאסיבי|הפניקס מסלול השקעה פאסיבי לבני 50 עד 60,הפניקס מסלול השקעה פאסיבי לבני 50 עד 60,2023,"מניות (כולל תעודות סל, אופציות, קרנות נאמנות)",equity,51.8,49.0,0.06,43.0,55.0,NASDAQ100,,תלוי גיל פאסיבי,2026-09-30T21:21:21+00:00,http://www.fnx.co.il/sites/docs/genery/mediniut_ashkaa_tzfuia/bituach2023.xls,policy/companies/520023185/raw/520023185/b75a8b3908dc_bituach2023.xls,תלוי גיל פאסיבי
520023185,,,520023185|תלוי גיל פאסיבי|הפניקס מסלול השקעה פאסיבי לבני 50 עד 60,הפניקס מסלול השקעה פאסיבי לבני 50 עד 60,2023,"אג""ח ממשלתי (צמוד,שקלי ומט""ח), ממשלות",,14.8,15.0,0.05,10.0,20.0,משקל שחר 0-2,,תלוי גיל פאסיבי,2026-09-30T21:21:21+00:00,http://www.fnx.co.il/sites/docs/genery/mediniut_ashkaa_tzfuia/bituach2023.xls,policy/companies/520023185/raw/520023185/b75a8b3908dc_bituach2023.xls,תלוי גיל פאסיבי
520023185,,,520023185|תלוי גיל פאסיבי|הפניקס מסלול השקעה פאסיבי לבני 50 עד 60,הפניקס מסלול השקעה פאסיבי לבני 50 עד 60,2023,אחר,,0.0,0.0,0.05,0.0,5.0,,,תלוי גיל פאסיבי,2026-09-30T21:21:21+00:00,http://www.fnx.co.il/sites/docs/genery/mediniut_ashkaa_tzfuia/bituach2023.xls,policy/companies/520023185/raw/520023185/b75a8b3908dc_bituach2023.xls,תלוי גיל פאסיבי
520023185,,,520023185|תלוי גיל פאסיבי|הפניקס מסלול השקעה פאסיבי לבני 50 עד 60,הפניקס מסלול השקעה פאסיבי לבני 50 עד 60,2023,מזומנים (*),,-1.7,3.0,,,,"ריבית פח""ק",,תלוי גיל פאסיבי,2026-09-30T21:21:21+00:00,http://www.fnx.co.il/sites/docs/genery/mediniut_ashkaa_tzfuia/bituach2023.xls,policy/companies/520023185/raw/520023185/b75a8b3908dc_bituach2023.xls,תלוי גיל פאסיבי
520023185,,,520023185|תלוי גיל פאסיבי|הפניקס מסלול השקעה פאסיבי לבני 50 עד 60,הפניקס מסלול השקעה פאסיבי לבני 50 עד 60,2023,"חשיפה למט""ח",fx,18.4,19.0,0.06,13.0,25.0,,,תלוי גיל פאסיבי,2026-09-30T21:21:21+00:00,http://www.fnx.co.il/sites/docs/genery/mediniut_ashkaa_tzfuia/bituach2023.xls,policy/companies/520023185/raw/520023185/b75a8b3908dc_bituach2023.xls,תלוי גיל פאסיבי
520023185,,,520023185|תלוי גיל פאסיבי|הפניקס מסלול השקעה פאסיבי לבני 50 עד 60,הפניקס מסלול השקעה פאסיבי לבני 50 עד 60,2023,מגבלת עמלת ניהול חיצוני לשנת 2023,,0.04,,,,,,,תלוי גיל פאסיבי,2026-09-30T21:21:21+00:00,http://www.fnx.co.il/sites/docs/genery/mediniut_ashkaa_tzfuia/bituach2023.xls,policy/companies/520023185/raw/520023185/b75a8b3908dc_bituach2023.xls,תלוי גיל פאסיבי
520023185,,,520023185|תלוי גיל פאסיבי|הפניקס מסלול השקעה פאסיבי לבני 60 ומעלה,הפניקס מסלול השקעה פאסיבי לבני 60 ומעלה,2023,"מניות (כולל תעודות סל, אופציות, קרנות נאמנות)",equity,33.8,31.0,0.06,25.0,37.0,NASDAQ100,,תלוי גיל פאסיבי,2026-09-30T21:21:21+00:00,http://www.fnx.co.il/sites/docs/genery/mediniut_ashkaa_tzfuia/bituach2023.xls,policy/companies/520023185/raw/520023185/b75a8b3908dc_bituach2023.xls,תלוי גיל פאסיבי
520023185,,,520023185|תלוי גיל פאסיבי|הפניקס מסלול השקעה פאסיבי לבני 60 ומעלה,הפניקס מסלול השקעה פאסיבי לבני 60 ומעלה,2023,"אג""ח ממשלתי (צמוד,שקלי ומט""ח), ממשלות",,28.4,30.0,0.05,25.0,35.0,משקל שחר 0-2,,תלוי גיל פאסיבי,2026-09-30T21:21:21+00:00,http://www.fnx.co.il/sites/docs/genery/mediniut_ashkaa_tzfuia/bituach2023.xls,policy/companies/520023185/raw/520023185/b75a8b3908dc_bituach2023.xls,תלוי גיל פאסיבי
520023185,,,520023185|תלוי גיל פאסיבי|הפניקס מסלול השקעה פאסיבי לבני 60 ומעלה,הפניקס מסלול השקעה פאסיבי לבני 60 ומעלה,2023,"אג""ח קונצרני (כולל קרנות נאמנות, תעודות סל)",,37.5,36.0,0.06,30.0,42.0,JCMBCOMP,,תלוי גיל פאסיבי,2026-09-30T21:21:21+00:00,http://www.fnx.co.il/sites/docs/genery/mediniut_ashkaa_tzfuia/bituach2023.xls,policy/companies/520023185/raw/520023185/b75a8b3908dc_bituach2023.xls,תלוי גיל פאסיבי
520023185,,,520023185|תלוי גיל פאסיבי|הפניקס מסלול השקעה פאסיבי לבני 60 ומעלה,הפניקס מסלול השקעה פאסיבי לבני 60 ומעלה,2023,אחר,,0.0,0.0,0.05,0.0,5.0,,,תלוי גיל פאסיבי,2026-09-30T21:21:21+00:00,http://www.fnx.co.il/sites/docs/genery/mediniut_ashkaa_tzfuia/bituach2023.xls,policy/companies/520023185/raw/520023185/b75a8b3908dc_bituach2023.xls,תלוי גיל פאסיבי
520023185,,,520023185|תלוי גיל פאסיבי|הפניקס מסלול השקעה פאסיבי לבני 60 ומעלה,הפניקס מסלול השקעה פאסיבי לבני 60 ומעלה,2023,מזומנים (*),,0.3,3.0,,,,"ריבית פח""ק",,תלוי גיל פאסיבי,2026-09-30T21:21:21+00:00,http://www.fnx.co.il/sites/docs/genery/mediniut_ashkaa_tzfuia/bituach2023.xls,policy/companies/520023185/raw/520023185/b75a8b3908dc_bituach2023.xls,תלוי גיל פאסיבי
520023185,,,520023185|תלוי גיל פאסיבי|הפניקס מסלול השקעה פאסיבי לבני 60 ומעלה,הפניקס מסלול השקעה פאסיבי לבני 60 ומעלה,2023,"חשיפה למט""ח",fx,15.1,17.0,0.06,11.0,23.0,,,תלוי גיל פאסיבי,2026-09-30T21:21:21+00:00,http://www.fnx.co.il/sites/docs/genery/mediniut_ashkaa_tzfuia/bituach2023.xls,policy/companies/520023185/raw/520023185/b75a8b3908dc_bituach2023.xls,תלוי גיל פאסיבי
520023185,,,520023185|תלוי גיל פאסיבי|הפניקס מסלול השקעה פאסיבי לבני 60 ומעלה,הפניקס מסלול השקעה פאסיבי לבני 60 ומעלה,2023,מגבלת עמלת ניהול חיצוני לשנת 2023,,0.03,,,,,,,תלוי גיל פאסיבי,2026-09-30T21:21:21+00:00,http://www.fnx.co.il/sites/docs/genery/mediniut_ashkaa_tzfuia/bituach2023.xls,policy/companies/520023185/raw/520023185/b75a8b3908dc_bituach2023.xls,תלוי גיל פאסיבי
520023185,,,520023185|עוקב מדדים גמיש|ביטוח מסלול עוקב מדדים גמיש,ביטוח מסלול עוקב מדדים גמיש,2023,"מניות (תעודות סל, אופציות, קרנות נאמנות)",equity,,52.0,0.06,46.0,58.0,TPX,,עוקב מדדים גמיש,2026-09-30T21:21:21+00:00,http://www.fnx.co.il/sites/docs/genery/mediniut_ashkaa_tzfuia/bituach2023.xls,policy/companies/520023185/raw/520023185/b75a8b3908dc_bituach2023.xls,עוקב מדדים גמיש
520023185,,,520023185|עוקב מדדים גמיש|ביטוח מסלול עוקב מדדים גמיש,ביטוח מסלול עוקב מדדים גמיש,2023,"אג""ח ממשלתי (צמוד,שקלי ומט""ח), ממשלות",,,8.0,0.05,3.0,13.0,משקל שחר 0-2,,עוקב מדדים גמיש,2026-09-30T21:21:21+00:00,http://www.fnx.co.il/sites/docs/genery/mediniut_ashkaa_tzfuia/bituach2023.xls,policy/companies/520023185/raw/520023185/b75a8b3908dc_bituach2023.xls,עוקב מדדים גמיש
520023185,,,520023185|עוקב מדדים גמיש|ביטוח מסלול עוקב מדדים גמיש,ביטוח מסלול עוקב מדדים גמיש,2023,"אג""ח קונצרני (כולל קרנות נאמנות, תעודות סל)",,,38.0,0.06,32.0,44.0,JCMBCOMP,,עוקב מדדים גמיש,2026-09-30T21:21:21+00:00,http://www.fnx.co.il/sites/docs/genery/mediniut_ashkaa_tzfuia/bituach2023.xls,policy/companies/520023185/raw/520023185/b75a8b3908dc_bituach2023.xls,עוקב מדדים גמיש
520023185,,,520023185|עוקב מדדים גמיש|ביטוח מסלול עוקב מדדים גמיש,ביטוח מסלול עוקב מדדים גמיש,2023,אחר,,,0.0,0.05,0.0,5.0,,,עוקב מדדים גמיש,2026-09-30T21:21:21+00:00,http://www.fnx.co.il/sites/docs/genery/mediniut_ashkaa_tzfuia/bituach2023.xls,policy/companies/520023185/raw/520023185/b75a8b3908dc_bituach2023.xls,עוקב מדדים גמיש
520023185,,,520023185|עוקב מדדים גמיש|ביטוח מסלול עוקב מדדים גמיש,ביטוח מסלול עוקב מדדים גמיש,2023,מזומנים (*),,,2.0,,,,"ריבית פח""ק",,עוקב מדדים גמיש,2026-09-30T21:21:21+00:00,http://www.fnx.co.il/sites/docs/genery/mediniut_ashkaa_tzfuia/bituach2023.xls,policy/companies/520023185/raw/520023185/b75a8b3908dc_bituach2023.xls,עוקב מדדים גמיש
520023185,,,520023185|עוקב מדדים גמיש|ביטוח מסלול עוקב מדדים גמיש,ביטוח מסלול עוקב מדדים גמיש,2023,"חשיפה למט""ח",fx,,19.0,0.06,15.0,27.0,,,עוקב מדדים גמיש,2026-09-30T21:21:21+00:00,http://www.fnx.co.il/sites/docs/genery/mediniut_ashkaa_tzfuia/bituach2023.xls,policy/companies/520023185/raw/520023185/b75a8b3908dc_bituach2023.xls,עוקב מדדים גמיש
520023185,,,520023185|עוקב מדדים גמיש|ביטוח מסלול עוקב מדדים גמיש,ביטוח מסלול עוקב מדדים גמיש,2023,מגבלת עמלת ניהול חיצוני לשנת 2023,,,0.07,,,,,,עוקב מדדים גמיש,2026-09-30T21:21:21+00:00,http://www.fnx.co.il/sites/docs/genery/mediniut_ashkaa_tzfuia/bituach2023.xls,policy/companies/520023185/raw/520023185/b75a8b3908dc_bituach2023.xls,עוקב מדדים גמיש
520023185,,,520023185|משולב סחיר|ביטוח מסלול משולב סחיר,ביטוח מסלול משולב סחיר,2023,"מניות (כולל תעודות סל, אופציות, קרנות נאמנות)",equity,,52.0,0.06,46.0,58.0,"35%- מדד ת""א 125,     65%- MSCI WORLD AC",,משולב סחיר,2026-09-30T21:21:21+00:00,http://www.fnx.co.il/sites/docs/genery/mediniut_ashkaa_tzfuia/bituach2023.xls,policy/companies/520023185/raw/520023185/b75a8b3908dc_bituach2023.xls,משולב סחיר
520023185,,,520023185|משולב סחיר|ביטוח מסלול משולב סחיר,ביטוח מסלול משולב סחיר,2023,"אג""ח ממשלתי (צמוד,שקלי ומט""ח), ממשלות זרות בנטרול חשיפות בנגזרים (*)",,,8.0,0.05,3.0,13.0,"מדד אג""ח ממשלתי כללי",,משולב סחיר,2026-09-30T21:21:21+00:00,http://www.fnx.co.il/sites/docs/genery/mediniut_ashkaa_tzfuia/bituach2023.xls,policy/companies/520023185/raw/520023185/b75a8b3908dc_bituach2023.xls,משולב סחיר
520023185,,,520023185|משולב סחיר|ביטוח מסלול משולב סחיר,ביטוח מסלול משולב סחיר,2023,"אג""ח קונצרני (כולל קרנות נאמנות, תעודות סל)",,,38.0,0.06,32.0,44.0,"70% - מדד תל בונד 60 , 30% - מדד BarCap Global Corporate Total Return Bond Index UnHedged",,משולב סחיר,2026-09-30T21:21:21+00:00,http://www.fnx.co.il/sites/docs/genery/mediniut_ashkaa_tzfuia/bituach2023.xls,policy/companies/520023185/raw/520023185/b75a8b3908dc_bituach2023.xls,משולב סחיר
520023185,,,520023185|משולב סחיר|ביטוח מסלול משולב סחיר,ביטוח מסלול משולב סחיר,2023,מזומנים (*),,,2.0,,,,,,משולב סחיר,2026-09-30T21:21:21+00:00,http://www.fnx.co.il/sites/docs/genery/mediniut_ashkaa_tzfuia/bituach2023.xls,policy/companies/520023185/raw/520023185/b75a8b3908dc_bituach2023.xls,משולב סחיר
520023185,,,520023185|משולב סחיר|ביטוח מסלול משולב סחיר,ביטוח מסלול משולב סחיר,2023,"חשיפה למט""ח",fx,,19.0,0.06,15.0,27.0,,,משולב סחיר,2026-09-30T21:21:21+00:00,http://www.fnx.co.il/sites/docs/genery/mediniut_ashkaa_tzfuia/bituach2023.xls,policy/companies/520023185/raw/520023185/b75a8b3908dc_bituach2023.xls,משולב סחיר
520023185,,,520023185|משולב סחיר|ביטוח מסלול משולב סחיר,ביטוח מסלול משולב סחיר,2023,מגבלת עמלת ניהול חיצוני לשנת 2023,,,0.08,,,,,,משולב סחיר,2026-09-30T21:21:21+00:00,http://www.fnx.co.il/sites/docs/genery/mediniut_ashkaa_tzfuia/bituach2023.xls,policy/companies/520023185/raw/520023185/b75a8b3908dc_bituach2023.xls,משולב סחיר
520023185,,,520023185|הלכה|מסלול הלכה ביטוח,מסלול הלכה ביטוח,2023,"מניות (כולל תעודות סל, אופציות, קרנות נאמנות)",equity,47.2,46.0,0.06,40.0,52.0,"35%- מדד ת""א 125,     65%- MSCI WORLD AC",,הלכה,2026-09-30T21:21:21+00:00,http://www.fnx.co.il/sites/docs/genery/mediniut_ashkaa_tzfuia/bituach2023.xls,policy/companies/520023185/raw/520023185/b75a8b3908dc_bituach2023.xls,הלכה
520023185,,,520023185|הלכה|מסלול הלכה ביטוח,מסלול הלכה ביטוח,2023,"אג""ח ממשלתי (צמוד,שקלי ומט""ח), ממשלות זרות בנטרול חשיפות בנגזרים (*)",,20.7,19.0,0.05,14.0,24.0,"מדד אג""ח ממשלתי כללי",,הלכה,2026-09-30T21:21:21+00:00,http://www.fnx.co.il/sites/docs/genery/mediniut_ashkaa_tzfuia/bituach2023.xls,policy/companies/520023185/raw/520023185/b75a8b3908dc_bituach2023.xls,הלכה
520023185,,,520023185|הלכה|מסלול הלכה ביטוח,מסלול הלכה ביטוח,2023,"אג""ח קונצרני (כולל קרנות נאמנות, תעודות סל)",,28.5,33.0,0.06,27.0,39.0,"70% - מדד תל בונד 60 , 30% - מדד BarCap Global Corporate Total Return Bond Index UnHedged",,הלכה,2026-09-30T21:21:21+00:00,http://www.fnx.co.il/sites/docs/genery/mediniut_ashkaa_tzfuia/bituach2023.xls,policy/companies/520023185/raw/520023185/b75a8b3908dc_bituach2023.xls,הלכה
520023185,,,520023185|הלכה|מסלול הלכה ביטוח,מסלול הלכה ביטוח,2023,"נדל""ן",,0.0,0.0,0.05,0.0,5.0,,,הלכה,2026-09-30T21:21:21+00:00,http://www.fnx.co.il/sites/docs/genery/mediniut_ashkaa_tzfuia/bituach2023.xls,policy/companies/520023185/raw/520023185/b75a8b3908dc_bituach2023.xls,הלכה
520023185,,,520023185|הלכה|מסלול הלכה ביטוח,מסלול הלכה ביטוח,2023,"אחר (קרנות השקעה,Co Invest,תשתיות, גידור)",,0.0,0.0,0.05,0.0,5.0,,,הלכה,2026-09-30T21:21:21+00:00,http://www.fnx.co.il/sites/docs/genery/mediniut_ashkaa_tzfuia/bituach2023.xls,policy/companies/520023185/raw/520023185/b75a8b3908dc_bituach2023.xls,הלכה
520023185,,,520023185|הלכה|מסלול הלכה ביטוח,מסלול הלכה ביטוח,2023,מזומנים (*),,3.6,2.0,,,,,,הלכה,2026-09-30T21:21:21+00:00,http://www.fnx.co.il/sites/docs/genery/mediniut_ashkaa_tzfuia/bituach2023.xls,policy/companies/520023185/raw/520023185/b75a8b3908dc_bituach2023.xls,הלכה
520023185,,,520023185|הלכה|מסלול הלכה ביטוח,מסלול הלכה ביטוח,2023,"חשיפה למט""ח",fx,20.9,19.0,0.06,15.0,27.0,,,הלכה,2026-09-30T21:21:21+00:00,http://www.fnx.co.il/sites/docs/genery/mediniut_ashkaa_tzfuia/bituach2023.xls,policy/companies/520023185/raw/520023185/b75a8b3908dc_bituach2023.xls,הלכה
520023185,,,520023185|הלכה|מסלול הלכה ביטוח,מסלול הלכה ביטוח,2023,מגבלת עמלת ניהול חיצוני לשנת 2023,,0.08,,,,,,,הלכה,2026-09-30T21:21:21+00:00,http://www.fnx.co.il/sites/docs/genery/mediniut_ashkaa_tzfuia/bituach2023.xls,policy/companies/520023185/raw/520023185/b75a8b3908dc_bituach2023.xls,הלכה
520023185,,,520023185|הלכה למקבלי קצבה|מסלול הלכה למקבלי קצבה ביטוח,מסלול הלכה למקבלי קצבה ביטוח,2023,"מניות (כולל תעודות סל, אופציות, קרנות נאמנות)",equity,26.8,25.0,0.06,19.0,31.0,"35%- מדד ת""א 125,     65%- MSCI WORLD AC",,הלכה למקבלי קצבה,2026-09-30T21:21:21+00:00,http://www.fnx.co.il/sites/docs/genery/mediniut_ashkaa_tzfuia/bituach2023.xls,policy/companies/520023185/raw/520023185/b75a8b3908dc_bituach2023.xls,הלכה למקבלי קצבה
520023185,,,520023185|הלכה למקבלי קצבה|מסלול הלכה למקבלי קצבה ביטוח,מסלול הלכה למקבלי קצבה ביטוח,2023,"אג""ח ממשלתי (צמוד,שקלי ומט""ח), ממשלות זרות בנטרול חשיפות בנגזרים (*)",,46.6,42.0,0.05,37.0,47.0,"מדד אג""ח ממשלתי כללי",,הלכה למקבלי קצבה,2026-09-30T21:21:21+00:00,http://www.fnx.co.il/sites/docs/genery/mediniut_ashkaa_tzfuia/bituach2023.xls,policy/companies/520023185/raw/520023185/b75a8b3908dc_bituach2023.xls,הלכה למקבלי קצבה
520023185,,,520023185|הלכה למקבלי קצבה|מסלול הלכה למקבלי קצבה ביטוח,מסלול הלכה למקבלי קצבה ביטוח,2023,"אג""ח קונצרני (כולל קרנות נאמנות, תעודות סל)",,23.8,29.0,0.06,23.0,35.0,"70% - מדד תל בונד 60 , 30% - מדד BarCap Global Corporate Total Return Bond Index UnHedged",,הלכה למקבלי קצבה,2026-09-30T21:21:21+00:00,http://www.fnx.co.il/sites/docs/genery/mediniut_ashkaa_tzfuia/bituach2023.xls,policy/companies/520023185/raw/520023185/b75a8b3908dc_bituach2023.xls,הלכה למקבלי קצבה
520023185,,,520023185|הלכה למקבלי קצבה|מסלול הלכה למקבלי קצבה ביטוח,מסלול הלכה למקבלי קצבה ביטוח,2023,"נדל""ן",,0.0,0.0,0.05,0.0,5.0,,,הלכה למקבלי קצבה,2026-09-30T21:21:21+00:00,http://www.fnx.co.il/sites/docs/genery/mediniut_ashkaa_tzfuia/bituach2023.xls,policy/companies/520023185/raw/520023185/b75a8b3908dc_bituach2023.xls,הלכה למקבלי קצבה
520023185,,,520023185|הלכה למקבלי קצבה|מסלול הלכה למקבלי קצבה ביטוח,מסלול הלכה למקבלי קצבה ביטוח,2023,"אחר (קרנות השקעה,Co Invest,תשתיות, גידור)",,0.0,0.0,0.05,0.0,5.0,,,הלכה למקבלי קצבה,2026-09-30T21:21:21+00:00,http://www.fnx.co.il/sites/docs/genery/mediniut_ashkaa_tzfuia/bituach2023.xls,policy/companies/520023185/raw/520023185/b75a8b3908dc_bituach2023.xls,הלכה למקבלי קצבה
520023185,,,520023185|הלכה למקבלי קצבה|מסלול הלכה למקבלי קצבה ביטוח,מסלול הלכה למקבלי קצבה ביטוח,2023,מזומנים (*),,2.8,4.0,,,,,,הלכה למקבלי קצבה,2026-09-30T21:21:21+00:00,http://www.fnx.co.il/sites/docs/genery/mediniut_ashkaa_tzfuia/bituach2023.xls,policy/companies/520023185/raw/520023185/b75a8b3908dc_bituach2023.xls,הלכה למקבלי קצבה
520023185,,,520023185|הלכה למקבלי קצבה|מסלול הלכה למקבלי קצבה ביטוח,מסלול הלכה למקבלי קצבה ביטוח,2023,"חשיפה למט""ח",fx,20.2,12.0,0.06,6.0,18.0,,,הלכה למקבלי קצבה,2026-09-30T21:21:21+00:00,http://www.fnx.co.il/sites/docs/genery/mediniut_ashkaa_tzfuia/bituach2023.xls,policy/companies/520023185/raw/520023185/b75a8b3908dc_bituach2023.xls,הלכה למקבלי קצבה
520023185,,,520023185|הלכה למקבלי קצבה|מסלול הלכה למקבלי קצבה ביטוח,מסלול הלכה למקבלי קצבה ביטוח,2023,מגבלת עמלת ניהול חיצוני לשנת 2023,,0.02,,,,,,,הלכה למקבלי קצבה,2026-09-30T21:21:21+00:00,http://www.fnx.co.il/sites/docs/genery/mediniut_ashkaa_tzfuia/bituach2023.xls,policy/companies/520023185/raw/520023185/b75a8b3908dc_bituach2023.xls,הלכה למקבלי קצבה
520023185,,,520023185|בסיסי למקבלי קצבה (גמלה)|מסלול בסיסי למקבלי קצבה גמלה,מסלול בסיסי למקבלי קצבה גמלה,2023,"מניות (כולל תעודות סל, אופציות, קרנות נאמנות)",equity,17.6,18.0,0.06,12.0,24.0,"35%- מדד ת""א 125,     65%- MSCI WORLD AC",,בסיסי למקבלי קצבה (גמלה),2026-09-30T21:21:21+00:00,http://www.fnx.co.il/sites/docs/genery/mediniut_ashkaa_tzfuia/bituach2023.xls,policy/companies/520023185/raw/520023185/b75a8b3908dc_bituach2023.xls,בסיסי למקבלי קצבה (גמלה)
520023185,,,520023185|בסיסי למקבלי קצבה (גמלה)|מסלול בסיסי למקבלי קצבה גמלה,מסלול בסיסי למקבלי קצבה גמלה,2023,"אג""ח ממשלתי (צמוד,שקלי ומט""ח), ממשלות זרות בנטרול חשיפות בנגזרים (*)",,38.7,42.0,0.05,37.0,47.0,"מדד אג""ח ממשלתי כללי",,בסיסי למקבלי קצבה (גמלה),2026-09-30T21:21:21+00:00,http://www.fnx.co.il/sites/docs/genery/mediniut_ashkaa_tzfuia/bituach2023.xls,policy/companies/520023185/raw/520023185/b75a8b3908dc_bituach2023.xls,בסיסי למקבלי קצבה (גמלה)
520023185,,,520023185|בסיסי למקבלי קצבה (גמלה)|מסלול בסיסי למקבלי קצבה גמלה,מסלול בסיסי למקבלי קצבה גמלה,2023,"אג""ח קונצרני (כולל קרנות נאמנות, תעודות סל)",,29.0,29.0,0.06,23.0,35.0,"35% - תל בונד כללי , 20% - תל בונד 60 , 15% - תל בונד 50 , 15% - IBOXX HY - 15%, IBOXX IG",,בסיסי למקבלי קצבה (גמלה),2026-09-30T21:21:21+00:00,http://www.fnx.co.il/sites/docs/genery/mediniut_ashkaa_tzfuia/bituach2023.xls,policy/companies/520023185/raw/520023185/b75a8b3908dc_bituach2023.xls,בסיסי למקבלי קצבה (גמלה)
520023185,,,520023185|בסיסי למקבלי קצבה (גמלה)|מסלול בסיסי למקבלי קצבה גמלה,מסלול בסיסי למקבלי קצבה גמלה,2023,"נדל""ן",,1.1,0.0,0.05,0.0,5.0,,,בסיסי למקבלי קצבה (גמלה),2026-09-30T21:21:21+00:00,http://www.fnx.co.il/sites/docs/genery/mediniut_ashkaa_tzfuia/bituach2023.xls,policy/companies/520023185/raw/520023185/b75a8b3908dc_bituach2023.xls,בסיסי למקבלי קצבה (גמלה)
520023185,,,520023185|בסיסי למקבלי קצבה (גמלה)|מסלול בסיסי למקבלי קצבה גמלה,מסלול בסיסי למקבלי קצבה גמלה,2023,קרנות השקעה,,4.3,3.0,0.05,0.0,8.0,,,בסיסי למקבלי קצבה (גמלה),2026-09-30T21:21:21+00:00,http://www.fnx.co.il/sites/docs/genery/mediniut_ashkaa_tzfuia/bituach2023.xls,policy/companies/520023185/raw/520023185/b75a8b3908dc_bituach2023.xls,בסיסי למקבלי קצבה (גמלה)
520023185,,,520023185|בסיסי למקבלי קצבה (גמלה)|מסלול בסיסי למקבלי קצבה גמלה,מסלול בסיסי למקבלי קצבה גמלה,2023,"אחר (Co Invest,תשתיות, גידור)",,6.1,4.0,0.05,0.0,9.0,,,בסיסי למקבלי קצבה (גמלה),2026-09-30T21:21:21+00:00,http://www.fnx.co.il/sites/docs/genery/mediniut_ashkaa_tzfuia/bituach2023.xls,policy/companies/520023185/raw/520023185/b75a8b3908dc_bituach2023.xls,בסיסי למקבלי קצבה (גמלה)
520023185,,,520023185|בסיסי למקבלי קצבה (גמלה)|מסלול בסיסי למקבלי קצבה גמלה,מסלול בסיסי למקבלי קצבה גמלה,2023,מזומנים (*),,3.2,4.0,,,,,,בסיסי למקבלי קצבה (גמלה),2026-09-30T21:21:21+00:00,http://www.fnx.co.il/sites/docs/genery/mediniut_ashkaa_tzfuia/bituach2023.xls,policy/companies/520023185/raw/520023185/b75a8b3908dc_bituach2023.xls,בסיסי למקבלי קצבה (גמלה)
520023185,,,520023185|בסיסי למקבלי קצבה (גמלה)|מסלול בסיסי למקבלי קצבה גמלה,מסלול בסיסי למקבלי קצבה גמלה,2023,"חשיפה למט""ח",fx,15.5,12.0,0.06,6.0,18.0,,,בסיסי למקבלי קצבה (גמלה),2026-09-30T21:21:21+00:00,http://www.fnx.co.il/sites/docs/genery/mediniut_ashkaa_tzfuia/bituach2023.xls,policy/companies/520023185/raw/520023185/b75a8b3908dc_bituach2023.xls,בסיסי למקבלי קצבה (גמלה)
520023185,,,520023185|בסיסי למקבלי קצבה (גמלה)|מסלול בסיסי למקבלי קצבה גמלה,מסלול בסיסי למקבלי קצבה גמלה,2023,מגבלת עמלת ניהול חיצוני לשנת 2023,,0.17,,,,,,,בסיסי למקבלי קצבה (גמלה),2026-09-30T21:21:21+00:00,http://www.fnx.co.il/sites/docs/genery/mediniut_ashkaa_tzfuia/bituach2023.xls,policy/companies/520023185/raw/520023185/b75a8b3908dc_bituach2023.xls,בסיסי למקבלי קצבה (גמלה)
520023185,,,520023185|מכבי סיעודית|מכבי סיעודית,מכבי סיעודית,2023,"מניות (כולל תעודות סל, אופציות, קרנות נאמנות)",equity,58.9,59.0,0.06,53.0,65.0,"35%- מדד ת""א 125,     65%- MSCI WORLD AC",,מכבי סיעודית,2026-09-30T21:21:21+00:00,http://www.fnx.co.il/sites/docs/genery/mediniut_ashkaa_tzfuia/bituach2023.xls,policy/companies/520023185/raw/520023185/b75a8b3908dc_bituach2023.xls,מכבי סיעודית
520023185,,,520023185|מכבי סיעודית|מכבי סיעודית,מכבי סיעודית,2023,"אג""ח ממשלתי (צמוד, שקלי ומט""ח), ממשלות זרות בנטרול חשיפות בנגזרים (*)",,8.3,6.0,0.05,1.0,11.0,"מדד אג""ח ממשלתי כללי",,מכבי סיעודית,2026-09-30T21:21:21+00:00,http://www.fnx.co.il/sites/docs/genery/mediniut_ashkaa_tzfuia/bituach2023.xls,policy/companies/520023185/raw/520023185/b75a8b3908dc_bituach2023.xls,מכבי סיעודית
520023185,,,520023185|מכבי סיעודית|מכבי סיעודית,מכבי סיעודית,2023,"אג""ח קונצרני (כולל קרנות נאמנות, תעודות סל)",,30.9,33.0,0.06,27.0,39.0,"35% - תל בונד כללי , 20% - תל בונד 60 , 15% - תל בונד 50 , 15% - IBOXX HY - 15%, IBOXX IG",,מכבי סיעודית,2026-09-30T21:21:21+00:00,http://www.fnx.co.il/sites/docs/genery/mediniut_ashkaa_tzfuia/bituach2023.xls,policy/companies/520023185/raw/520023185/b75a8b3908dc_bituach2023.xls,מכבי סיעודית
520023185,,,520023185|מכבי סיעודית|מכבי סיעודית,מכבי סיעודית,2023,"נדל""ן",,0.0,0.0,0.05,0.0,5.0,,,מכבי סיעודית,2026-09-30T21:21:21+00:00,http://www.fnx.co.il/sites/docs/genery/mediniut_ashkaa_tzfuia/bituach2023.xls,policy/companies/520023185/raw/520023185/b75a8b3908dc_bituach2023.xls,מכבי סיעודית
520023185,,,520023185|מכבי סיעודית|מכבי סיעודית,מכבי סיעודית,2023,"אחר (קרנות השקעה,Co Invest,תשתיות, גידור)",,0.2,0.0,0.05,0.0,5.0,,,מכבי סיעודית,2026-09-30T21:21:21+00:00,http://www.fnx.co.il/sites/docs/genery/mediniut_ashkaa_tzfuia/bituach2023.xls,policy/companies/520023185/raw/520023185/b75a8b3908dc_bituach2023.xls,מכבי סיעודית
520023185,,,520023185|מכבי סיעודית|מכבי סיעודית,מכבי סיעודית,2023,מזומנים (*),,1.6,2.0,,,,,,מכבי סיעודית,2026-09-30T21:21:21+00:00,http://www.fnx.co.il/sites/docs/genery/mediniut_ashkaa_tzfuia/bituach2023.xls,policy/companies/520023185/raw/520023185/b75a8b3908dc_bituach2023.xls,מכבי סיעודית
520023185,,,520023185|מכבי סיעודית|מכבי סיעודית,מכבי סיעודית,2023,"חשיפה למט""ח",fx,,19.0,0.06,15.0,27.0,,,מכבי סיעודית,2026-09-30T21:21:21+00:00,http://www.fnx.co.il/sites/docs/genery/mediniut_ashkaa_tzfuia/bituach2023.xls,policy/companies/520023185/raw/520023185/b75a8b3908dc_bituach2023.xls,מכבי סיעודית
520023185,,,520023185|בלאקרוק ביטוח כללי|Blackrock ביטוח כללי בחיסכון פרט בלבד,Blackrock ביטוח כללי בחיסכון פרט בלבד,2023,"מניות (כולל תעודות סל, אופציות, קרנות נאמנות)",equity,56.7,58.0,0.06,52.0,64.0,100%- MSCI WORLD AC,,בלאקרוק ביטוח כללי,2026-09-30T21:21:21+00:00,http://www.fnx.co.il/sites/docs/genery/mediniut_ashkaa_tzfuia/bituach2023.xls,policy/companies/520023185/raw/520023185/b75a8b3908dc_bituach2023.xls,בלאקרוק ביטוח כללי
520023185,,,520023185|בלאקרוק ביטוח כללי|Blackrock ביטוח כללי בחיסכון פרט בלבד,Blackrock ביטוח כללי בחיסכון פרט בלבד,2023,"אג""ח ממשלתי (צמוד,שקלי ומט""ח), ממשלות זרות בנטרול חשיפות בנגזרים (*)",,21.0,20.0,0.05,15.0,25.0,100%-(CFIIWDCS index)  World gov bond index,,בלאקרוק ביטוח כללי,2026-09-30T21:21:21+00:00,http://www.fnx.co.il/sites/docs/genery/mediniut_ashkaa_tzfuia/bituach2023.xls,policy/companies/520023185/raw/520023185/b75a8b3908dc_bituach2023.xls,בלאקרוק ביטוח כללי
520023185,,,520023185|בלאקרוק ביטוח כללי|Blackrock ביטוח כללי בחיסכון פרט בלבד,Blackrock ביטוח כללי בחיסכון פרט בלבד,2023,"אג""ח קונצרני (כולל קרנות נאמנות, תעודות סל)",,18.1,22.0,0.06,16.0,28.0,100%-(GOBC Index)ICE BOFA global corp index,,בלאקרוק ביטוח כללי,2026-09-30T21:21:21+00:00,http://www.fnx.co.il/sites/docs/genery/mediniut_ashkaa_tzfuia/bituach2023.xls,policy/companies/520023185/raw/520023185/b75a8b3908dc_bituach2023.xls,בלאקרוק ביטוח כללי
520023185,,,520023185|בלאקרוק ביטוח כללי|Blackrock ביטוח כללי בחיסכון פרט בלבד,Blackrock ביטוח כללי בחיסכון פרט בלבד,2023,מזומנים (*),,4.2,0.0,,,,,,בלאקרוק ביטוח כללי,2026-09-30T21:21:21+00:00,http://www.fnx.co.il/sites/docs/genery/mediniut_ashkaa_tzfuia/bituach2023.xls,policy/companies/520023185/raw/520023185/b75a8b3908dc_bituach2023.xls,בלאקרוק ביטוח כללי
520023185,,,520023185|בלאקרוק ביטוח כללי|Blackrock ביטוח כללי בחיסכון פרט בלבד,Blackrock ביטוח כללי בחיסכון פרט בלבד,2023,"חשיפה למט""ח",fx,99.5,100.0,0.06,94.0,106.0,,,בלאקרוק ביטוח כללי,2026-09-30T21:21:21+00:00,http://www.fnx.co.il/sites/docs/genery/mediniut_ashkaa_tzfuia/bituach2023.xls,policy/companies/520023185/raw/520023185/b75a8b3908dc_bituach2023.xls,בלאקרוק ביטוח כללי
520023185,,,520023185|בלאקרוק ביטוח כללי|Blackrock ביטוח כללי בחיסכון פרט בלבד,Blackrock ביטוח כללי בחיסכון פרט בלבד,2023,מגבלת עמלת ניהול חיצוני לשנת 2023,,0.0,,,,,,,בלאקרוק ביטוח כללי,2026-09-30T21:21:21+00:00,http://www.fnx.co.il/sites/docs/genery/mediniut_ashkaa_tzfuia/bituach2023.xls,policy/companies/520023185/raw/520023185/b75a8b3908dc_bituach2023.xls,בלאקרוק ביטוח כללי
520023185,,,520023185|פנסיה מקיפה תלוי גיל|הפניקס פנסיה מקיפה לבני 50 ומטה,הפניקס פנסיה מקיפה לבני 50 ומטה,2023,"מניות (כולל תעודות סל, אופציות, קרנות נאמנות)",equity,47.3,52.0,0.06,46.0,58.0,"35%- מדד ת""א 125 ,   65%- MSCI WORLD AC",,פנסיה מקיפה תלוי גיל,2026-09-30T21:21:21+00:00,http://www.fnx.co.il/sites/docs/genery/mediniut_ashkaa_tzfuia/pension2023.xls,policy/companies/520023185/raw/520023185/64931917964a_pension2023.xls,פנסיה מקיפה תלוי גיל
520023185,,,520023185|פנסיה מקיפה תלוי גיל|הפניקס פנסיה מקיפה לבני 50 ומטה,הפניקס פנסיה מקיפה לבני 50 ומטה,2023,"אג""ח ממשלתי (צמוד, שקלי ומט""ח), 
ממשלות זרות בנטרול חשיפות בנגזרים",,1.4,0.0,0.05,0.0,5.0,"מדד אג""ח ממשלתי כללי",,פנסיה מקיפה תלוי גיל,2026-09-30T21:21:21+00:00,http://www.fnx.co.il/sites/docs/genery/mediniut_ashkaa_tzfuia/pension2023.xls,policy/companies/520023185/raw/520023185/64931917964a_pension2023.xls,פנסיה מקיפה תלוי גיל
520023185,,,520023185|פנסיה מקיפה תלוי גיל|הפניקס פנסיה מקיפה לבני 50 ומטה,הפניקס פנסיה מקיפה לבני 50 ומטה,2023,"אג""ח מיועדות ורכיב מבטיח תשואה(***)",,28.0,28.0,0.05,23.0,33.0,,,פנסיה מקיפה תלוי גיל,2026-09-30T21:21:21+00:00,http://www.fnx.co.il/sites/docs/genery/mediniut_ashkaa_tzfuia/pension2023.xls,policy/companies/520023185/raw/520023185/64931917964a_pension2023.xls,פנסיה מקיפה תלוי גיל
520023185,,,520023185|פנסיה מקיפה תלוי גיל|הפניקס פנסיה מקיפה לבני 50 ומטה,הפניקס פנסיה מקיפה לבני 50 ומטה,2023,"אג""ח קונצרני (כולל קרנות נאמנות, תעודות סל)",,13.4,12.0,0.06,6.0,18.0,"35% - תל בונד כללי , 20% - תל בונד 60 , 15% - תל בונד 50 , 15% - IBOXX HY - 15%, IBOXX IG",,פנסיה מקיפה תלוי גיל,2026-09-30T21:21:21+00:00,http://www.fnx.co.il/sites/docs/genery/mediniut_ashkaa_tzfuia/pension2023.xls,policy/companies/520023185/raw/520023185/64931917964a_pension2023.xls,פנסיה מקיפה תלוי גיל
520023185,,,520023185|פנסיה מקיפה תלוי גיל|הפניקס פנסיה מקיפה לבני 50 ומטה,הפניקס פנסיה מקיפה לבני 50 ומטה,2023,"נדל""ן",,2.1,1.0,0.05,0.0,7.0,,,פנסיה מקיפה תלוי גיל,2026-09-30T21:21:21+00:00,http://www.fnx.co.il/sites/docs/genery/mediniut_ashkaa_tzfuia/pension2023.xls,policy/companies/520023185/raw/520023185/64931917964a_pension2023.xls,פנסיה מקיפה תלוי גיל
520023185,,,520023185|פנסיה מקיפה תלוי גיל|הפניקס פנסיה מקיפה לבני 50 ומטה,הפניקס פנסיה מקיפה לבני 50 ומטה,2023,קרנות השקעה,,3.9,3.0,0.05,0.0,7.0,,,פנסיה מקיפה תלוי גיל,2026-09-30T21:21:21+00:00,http://www.fnx.co.il/sites/docs/genery/mediniut_ashkaa_tzfuia/pension2023.xls,policy/companies/520023185/raw/520023185/64931917964a_pension2023.xls,פנסיה מקיפה תלוי גיל
520023185,,,520023185|פנסיה מקיפה תלוי גיל|הפניקס פנסיה מקיפה לבני 50 ומטה,הפניקס פנסיה מקיפה לבני 50 ומטה,2023,"אחר ( Co Invest, תשתיות, גידור)",,4.7,3.0,0.05,0.0,10.0,,,פנסיה מקיפה תלוי גיל,2026-09-30T21:21:21+00:00,http://www.fnx.co.il/sites/docs/genery/mediniut_ashkaa_tzfuia/pension2023.xls,policy/companies/520023185/raw/520023185/64931917964a_pension2023.xls,פנסיה מקיפה תלוי גיל
520023185,,,520023185|פנסיה מקיפה תלוי גיל|הפניקס פנסיה מקיפה לבני 50 ומטה,הפניקס פנסיה מקיפה לבני 50 ומטה,2023,מזומנים (*),,-1.0,1.0,,,,,,פנסיה מקיפה תלוי גיל,2026-09-30T21:21:21+00:00,http://www.fnx.co.il/sites/docs/genery/mediniut_ashkaa_tzfuia/pension2023.xls,policy/companies/520023185/raw/520023185/64931917964a_pension2023.xls,פנסיה מקיפה תלוי גיל
520023185,,,520023185|פנסיה מקיפה תלוי גיל|הפניקס פנסיה מקיפה לבני 50 ומטה,הפניקס פנסיה מקיפה לבני 50 ומטה,2023,"חשיפה למט""ח",fx,19.6,19.0,0.06,13.0,25.0,,,פנסיה מקיפה תלוי גיל,2026-09-30T21:21:21+00:00,http://www.fnx.co.il/sites/docs/genery/mediniut_ashkaa_tzfuia/pension2023.xls,policy/companies/520023185/raw/520023185/64931917964a_pension2023.xls,פנסיה מקיפה תלוי גיל
520023185,,,520023185|פנסיה מקיפה תלוי גיל|הפניקס פנסיה מקיפה לבני 50 ומטה,הפניקס פנסיה מקיפה לבני 50 ומטה,2023,מגבלת עמלת ניהול חיצוני לשנת 2023,,0.19,,,,,,,פנסיה מקיפה תלוי גיל,2026-09-30T21:21:21+00:00,http://www.fnx.co.il/sites/docs/genery/mediniut_ashkaa_tzfuia/pension2023.xls,policy/companies/520023185/raw/520023185/64931917964a_pension2023.xls,פנסיה מקיפה תלוי גיל
520023185,,,520023185|פנסיה מקיפה תלוי גיל|הפניקס פנסיה מקיפה לבני 50 עד 60,הפניקס פנסיה מקיפה לבני 50 עד 60,2023,"מניות (כולל תעודות סל, אופציות, קרנות נאמנות)",equity,37.7,42.0,0.06,36.0,48.0,"35%- מדד ת""א 125 ,   65%- MSCI WORLD AC",,פנסיה מקיפה תלוי גיל,2026-09-30T21:21:21+00:00,http://www.fnx.co.il/sites/docs/genery/mediniut_ashkaa_tzfuia/pension2023.xls,policy/companies/520023185/raw/520023185/64931917964a_pension2023.xls,פנסיה מקיפה תלוי גיל
520023185,,,520023185|פנסיה מקיפה תלוי גיל|הפניקס פנסיה מקיפה לבני 50 עד 60,הפניקס פנסיה מקיפה לבני 50 עד 60,2023,"אג""ח ממשלתי (צמוד, שקלי ומט""ח), ממשלות זרות בנטרול חשיפות בנגזרים",,2.3,2.0,0.05,0.0,7.0,"מדד אג""ח ממשלתי כללי",,פנסיה מקיפה תלוי גיל,2026-09-30T21:21:21+00:00,http://www.fnx.co.il/sites/docs/genery/mediniut_ashkaa_tzfuia/pension2023.xls,policy/companies/520023185/raw/520023185/64931917964a_pension2023.xls,פנסיה מקיפה תלוי גיל
520023185,,,520023185|פנסיה מקיפה תלוי גיל|הפניקס פנסיה מקיפה לבני 50 עד 60,הפניקס פנסיה מקיפה לבני 50 עד 60,2023,"אג""ח מיועדות ורכיב מבטיח תשואה(***)",,27.6,28.0,0.05,23.0,33.0,,,פנסיה מקיפה תלוי גיל,2026-09-30T21:21:21+00:00,http://www.fnx.co.il/sites/docs/genery/mediniut_ashkaa_tzfuia/pension2023.xls,policy/companies/520023185/raw/520023185/64931917964a_pension2023.xls,פנסיה מקיפה תלוי גיל
520023185,,,520023185|פנסיה מקיפה תלוי גיל|הפניקס פנסיה מקיפה לבני 50 עד 60,הפניקס פנסיה מקיפה לבני 50 עד 60,2023,"אג""ח קונצרני (כולל קרנות נאמנות, תעודות סל)",,23.7,21.0,0.06,15.0,27.0,"35% - תל בונד כללי , 20% - תל בונד 60 , 15% - תל בונד 50 , 15% - IBOXX HY - 15%, IBOXX IG",,פנסיה מקיפה תלוי גיל,2026-09-30T21:21:21+00:00,http://www.fnx.co.il/sites/docs/genery/mediniut_ashkaa_tzfuia/pension2023.xls,policy/companies/520023185/raw/520023185/64931917964a_pension2023.xls,פנסיה מקיפה תלוי גיל
520023185,,,520023185|פנסיה מקיפה תלוי גיל|הפניקס פנסיה מקיפה לבני 50 עד 60,הפניקס פנסיה מקיפה לבני 50 עד 60,2023,"נדל""ן",,0.4,0.0,0.05,0.0,5.0,,,פנסיה מקיפה תלוי גיל,2026-09-30T21:21:21+00:00,http://www.fnx.co.il/sites/docs/genery/mediniut_ashkaa_tzfuia/pension2023.xls,policy/companies/520023185/raw/520023185/64931917964a_pension2023.xls,פנסיה מקיפה תלוי גיל
520023185,,,520023185|פנסיה מקיפה תלוי גיל|הפניקס פנסיה מקיפה לבני 50 עד 60,הפניקס פנסיה מקיפה לבני 50 עד 60,2023,"אחר (קרנות השקעה, Co Invest, תשתיות, גידור)",,6.7,4.0,0.05,0.0,9.0,,,פנסיה מקיפה תלוי גיל,2026-09-30T21:21:21+00:00,http://www.fnx.co.il/sites/docs/genery/mediniut_ashkaa_tzfuia/pension2023.xls,policy/companies/520023185/raw/520023185/64931917964a_pension2023.xls,פנסיה מקיפה תלוי גיל
520023185,,,520023185|פנסיה מקיפה תלוי גיל|הפניקס פנסיה מקיפה לבני 50 עד 60,הפניקס פנסיה מקיפה לבני 50 עד 60,2023,מזומנים (*),,1.6,3.0,,,,,,פנסיה מקיפה תלוי גיל,2026-09-30T21:21:21+00:00,http://www.fnx.co.il/sites/docs/genery/mediniut_ashkaa_tzfuia/pension2023.xls,policy/companies/520023185/raw/520023185/64931917964a_pension2023.xls,פנסיה מקיפה תלוי גיל
520023185,,,520023185|פנסיה מקיפה תלוי גיל|הפניקס פנסיה מקיפה לבני 50 עד 60,הפניקס פנסיה מקיפה לבני 50 עד 60,2023,"חשיפה למט""ח",fx,17.0,19.0,0.06,13.0,25.0,,,פנסיה מקיפה תלוי גיל,2026-09-30T21:21:21+00:00,http://www.fnx.co.il/sites/docs/genery/mediniut_ashkaa_tzfuia/pension2023.xls,policy/companies/520023185/raw/520023185/64931917964a_pension2023.xls,פנסיה מקיפה תלוי גיל
520023185,,,520023185|פנסיה מקיפה תלוי גיל|הפניקס פנסיה מקיפה לבני 50 עד 60,הפניקס פנסיה מקיפה לבני 50 עד 60,2023,מגבלת עמלת ניהול חיצוני לשנת 2023,,0.2,,,,,,,פנסיה מקיפה תלוי גיל,2026-09-30T21:21:21+00:00,http://www.fnx.co.il/sites/docs/genery/mediniut_ashkaa_tzfuia/pension2023.xls,policy/companies/520023185/raw/520023185/64931917964a_pension2023.xls,פנסיה מקיפה תלוי גיל
520023185,,,520023185|פנסיה מקיפה תלוי גיל|הפניקס פנסיה מקיפה לבני 60 ומעלה,הפניקס פנסיה מקיפה לבני 60 ומעלה,2023,"מניות (כולל תעודות סל, אופציות, קרנות נאמנות)",equity,21.9,24.0,0.06,18.0,30.0,"35%- מדד ת""א 125 ,   65%- MSCI WORLD AC",,פנסיה מקיפה תלוי גיל,2026-09-30T21:21:21+00:00,http://www.fnx.co.il/sites/docs/genery/mediniut_ashkaa_tzfuia/pension2023.xls,policy/companies/520023185/raw/520023185/64931917964a_pension2023.xls,פנסיה מקיפה תלוי גיל
520023185,,,520023185|פנסיה מקיפה תלוי גיל|הפניקס פנסיה מקיפה לבני 60 ומעלה,הפניקס פנסיה מקיפה לבני 60 ומעלה,2023,"אג""ח ממשלתי (צמוד, שקלי ומט""ח), ממשלות זרות בנטרול חשיפות בנגזרים",,13.3,13.0,0.05,0.0,18.0,"מדד אג""ח ממשלתי כללי",,פנסיה מקיפה תלוי גיל,2026-09-30T21:21:21+00:00,http://www.fnx.co.il/sites/docs/genery/mediniut_ashkaa_tzfuia/pension2023.xls,policy/companies/520023185/raw/520023185/64931917964a_pension2023.xls,פנסיה מקיפה תלוי גיל
520023185,,,520023185|פנסיה מקיפה תלוי גיל|הפניקס פנסיה מקיפה לבני 60 ומעלה,הפניקס פנסיה מקיפה לבני 60 ומעלה,2023,"אג""ח מיועדות ורכיב מבטיח תשואה(***)",,26.9,28.0,0.05,23.0,33.0,,,פנסיה מקיפה תלוי גיל,2026-09-30T21:21:21+00:00,http://www.fnx.co.il/sites/docs/genery/mediniut_ashkaa_tzfuia/pension2023.xls,policy/companies/520023185/raw/520023185/64931917964a_pension2023.xls,פנסיה מקיפה תלוי גיל
520023185,,,520023185|פנסיה מקיפה תלוי גיל|הפניקס פנסיה מקיפה לבני 60 ומעלה,הפניקס פנסיה מקיפה לבני 60 ומעלה,2023,"אג""ח קונצרני (כולל קרנות נאמנות, תעודות סל)",,30.8,29.0,0.06,23.0,35.0,"35% - תל בונד כללי , 20% - תל בונד 60 , 15% - תל בונד 50 , 15% - IBOXX HY - 15%, IBOXX IG",,פנסיה מקיפה תלוי גיל,2026-09-30T21:21:21+00:00,http://www.fnx.co.il/sites/docs/genery/mediniut_ashkaa_tzfuia/pension2023.xls,policy/companies/520023185/raw/520023185/64931917964a_pension2023.xls,פנסיה מקיפה תלוי גיל
520023185,,,520023185|פנסיה מקיפה תלוי גיל|הפניקס פנסיה מקיפה לבני 60 ומעלה,הפניקס פנסיה מקיפה לבני 60 ומעלה,2023,"נדל""ן",,0.2,1.0,0.05,0.0,6.0,,,פנסיה מקיפה תלוי גיל,2026-09-30T21:21:21+00:00,http://www.fnx.co.il/sites/docs/genery/mediniut_ashkaa_tzfuia/pension2023.xls,policy/companies/520023185/raw/520023185/64931917964a_pension2023.xls,פנסיה מקיפה תלוי גיל
520023185,,,520023185|פנסיה מקיפה תלוי גיל|הפניקס פנסיה מקיפה לבני 60 ומעלה,הפניקס פנסיה מקיפה לבני 60 ומעלה,2023,"אחר (קרנות השקעה, Co Invest, תשתיות, גידור)",,2.4,1.0,0.05,0.0,6.0,,,פנסיה מקיפה תלוי גיל,2026-09-30T21:21:21+00:00,http://www.fnx.co.il/sites/docs/genery/mediniut_ashkaa_tzfuia/pension2023.xls,policy/companies/520023185/raw/520023185/64931917964a_pension2023.xls,פנסיה מקיפה תלוי גיל
520023185,,,520023185|פנסיה מקיפה תלוי גיל|הפניקס פנסיה מקיפה לבני 60 ומעלה,הפניקס פנסיה מקיפה לבני 60 ומעלה,2023,מזומנים (*),,4.5,4.0,,,,,,פנסיה מקיפה תלוי גיל,2026-09-30T21:21:21+00:00,http://www.fnx.co.il/sites/docs/genery/mediniut_ashkaa_tzfuia/pension2023.xls,policy/companies/520023185/raw/520023185/64931917964a_pension2023.xls,פנסיה מקיפה תלוי גיל
520023185,,,520023185|פנסיה מקיפה תלוי גיל|הפניקס פנסיה מקיפה לבני 60 ומעלה,הפניקס פנסיה מקיפה לבני 60 ומעלה,2023,"חשיפה למט""ח",fx,12.2,17.0,0.06,11.0,23.0,,,פנסיה מקיפה תלוי גיל,2026-09-30T21:21:21+00:00,http://www.fnx.co.il/sites/docs/genery/mediniut_ashkaa_tzfuia/pension2023.xls,policy/companies/520023185/raw/520023185/64931917964a_pension2023.xls,פנסיה מקיפה תלוי גיל
520023185,,,520023185|פנסיה מקיפה תלוי גיל|הפניקס פנסיה מקיפה לבני 60 ומעלה,הפניקס פנסיה מקיפה לבני 60 ומעלה,2023,מגבלת עמלת ניהול חיצוני לשנת 2023,,0.11,,,,,,,פנסיה מקיפה תלוי גיל,2026-09-30T21:21:21+00:00,http://www.fnx.co.il/sites/docs/genery/mediniut_ashkaa_tzfuia/pension2023.xls,policy/companies/520023185/raw/520023185/64931917964a_pension2023.xls,פנסיה מקיפה תלוי גיל
520023185,,,520023185|פנסיה תלוי גיל פאסיבי|הפניקס פנסיה מקיפה מסלול פאסיבי לבני 50 ומטה,הפניקס פנסיה מקיפה מסלול פאסיבי לבני 50 ומטה,2023,"מניות (כולל תעודות סל, אופציות, קרנות נאמנות)",equity,55.3,58.0,0.06,52.0,64.0,MSCI EM,,פנסיה תלוי גיל פאסיבי,2026-09-30T21:21:21+00:00,http://www.fnx.co.il/sites/docs/genery/mediniut_ashkaa_tzfuia/pension2023.xls,policy/companies/520023185/raw/520023185/64931917964a_pension2023.xls,פנסיה תלוי גיל פאסיבי
520023185,,,520023185|פנסיה תלוי גיל פאסיבי|הפניקס פנסיה מקיפה מסלול פאסיבי לבני 50 ומטה,הפניקס פנסיה מקיפה מסלול פאסיבי לבני 50 ומטה,2023,"אג""ח ממשלתי (צמוד, שקלי ומט""ח), ממשלות",,1.2,0.0,0.05,0.0,5.0,משקל שחר 0-2,,פנסיה תלוי גיל פאסיבי,2026-09-30T21:21:21+00:00,http://www.fnx.co.il/sites/docs/genery/mediniut_ashkaa_tzfuia/pension2023.xls,policy/companies/520023185/raw/520023185/64931917964a_pension2023.xls,פנסיה תלוי גיל פאסיבי
520023185,,,520023185|פנסיה תלוי גיל פאסיבי|הפניקס פנסיה מקיפה מסלול פאסיבי לבני 50 ומטה,הפניקס פנסיה מקיפה מסלול פאסיבי לבני 50 ומטה,2023,"אג""ח מיועדות ורכיב מבטיח תשואה(***)",,29.1,28.0,0.05,23.0,33.0,,,פנסיה תלוי גיל פאסיבי,2026-09-30T21:21:21+00:00,http://www.fnx.co.il/sites/docs/genery/mediniut_ashkaa_tzfuia/pension2023.xls,policy/companies/520023185/raw/520023185/64931917964a_pension2023.xls,פנסיה תלוי גיל פאסיבי
520023185,,,520023185|פנסיה תלוי גיל פאסיבי|הפניקס פנסיה מקיפה מסלול פאסיבי לבני 50 ומטה,הפניקס פנסיה מקיפה מסלול פאסיבי לבני 50 ומטה,2023,"אג""ח קונצרני (כולל קרנות נאמנות, תעודות סל)",,13.7,13.0,0.06,7.0,19.0,JCMBCOMP,,פנסיה תלוי גיל פאסיבי,2026-09-30T21:21:21+00:00,http://www.fnx.co.il/sites/docs/genery/mediniut_ashkaa_tzfuia/pension2023.xls,policy/companies/520023185/raw/520023185/64931917964a_pension2023.xls,פנסיה תלוי גיל פאסיבי
520023185,,,520023185|פנסיה תלוי גיל פאסיבי|הפניקס פנסיה מקיפה מסלול פאסיבי לבני 50 ומטה,הפניקס פנסיה מקיפה מסלול פאסיבי לבני 50 ומטה,2023,אחר,,0.0,0.0,0.05,0.0,5.0,,,פנסיה תלוי גיל פאסיבי,2026-09-30T21:21:21+00:00,http://www.fnx.co.il/sites/docs/genery/mediniut_ashkaa_tzfuia/pension2023.xls,policy/companies/520023185/raw/520023185/64931917964a_pension2023.xls,פנסיה תלוי גיל פאסיבי
520023185,,,520023185|פנסיה תלוי גיל פאסיבי|הפניקס פנסיה מקיפה מסלול פאסיבי לבני 50 ומטה,הפניקס פנסיה מקיפה מסלול פאסיבי לבני 50 ומטה,2023,מזומנים (*),,0.7,1.0,,,,"ריבית פח""ק",,פנסיה תלוי גיל פאסיבי,2026-09-30T21:21:21+00:00,http://www.fnx.co.il/sites/docs/genery/mediniut_ashkaa_tzfuia/pension2023.xls,policy/companies/520023185/raw/520023185/64931917964a_pension2023.xls,פנסיה תלוי גיל פאסיבי
520023185,,,520023185|פנסיה תלוי גיל פאסיבי|הפניקס פנסיה מקיפה מסלול פאסיבי לבני 50 ומטה,הפניקס פנסיה מקיפה מסלול פאסיבי לבני 50 ומטה,2023,"חשיפה למט""ח",fx,19.9,19.0,0.06,13.0,25.0,,,פנסיה תלוי גיל פאסיבי,2026-09-30T21:21:21+00:00,http://www.fnx.co.il/sites/docs/genery/mediniut_ashkaa_tzfuia/pension2023.xls,policy/companies/520023185/raw/520023185/64931917964a_pension2023.xls,פנסיה תלוי גיל פאסיבי
520023185,,,520023185|פנסיה תלוי גיל פאסיבי|הפניקס פנסיה מקיפה מסלול פאסיבי לבני 50 ומטה,הפניקס פנסיה מקיפה מסלול פאסיבי לבני 50 ומטה,2023,מגבלת עמלת ניהול חיצוני לשנת 2023,,0.03,,,,,,,פנסיה תלוי גיל פאסיבי,2026-09-30T21:21:21+00:00,http://www.fnx.co.il/sites/docs/genery/mediniut_ashkaa_tzfuia/pension2023.xls,policy/companies/520023185/raw/520023185/64931917964a_pension2023.xls,פנסיה תלוי גיל פאסיבי
520023185,,,520023185|פנסיה תלוי גיל פאסיבי|הפניקס פנסיה מקיפה מסלול פאסיבי לבני 50 עד 60,הפניקס פנסיה מקיפה מסלול פאסיבי לבני 50 עד 60,2023,"מניות (כולל תעודות סל, אופציות, קרנות נאמנות)",equity,44.2,46.0,0.06,40.0,52.0,MSCI EM,,פנסיה תלוי גיל פאסיבי,2026-09-30T21:21:21+00:00,http://www.fnx.co.il/sites/docs/genery/mediniut_ashkaa_tzfuia/pension2023.xls,policy/companies/520023185/raw/520023185/64931917964a_pension2023.xls,פנסיה תלוי גיל פאסיבי
520023185,,,520023185|פנסיה תלוי גיל פאסיבי|הפניקס פנסיה מקיפה מסלול פאסיבי לבני 50 עד 60,הפניקס פנסיה מקיפה מסלול פאסיבי לבני 50 עד 60,2023,"אג""ח ממשלתי (צמוד, שקלי ומט""ח), ממשלות",,3.0,2.0,0.05,0.0,7.0,משקל שחר 0-2,,פנסיה תלוי גיל פאסיבי,2026-09-30T21:21:21+00:00,http://www.fnx.co.il/sites/docs/genery/mediniut_ashkaa_tzfuia/pension2023.xls,policy/companies/520023185/raw/520023185/64931917964a_pension2023.xls,פנסיה תלוי גיל פאסיבי
520023185,,,520023185|פנסיה תלוי גיל פאסיבי|הפניקס פנסיה מקיפה מסלול פאסיבי לבני 50 עד 60,הפניקס פנסיה מקיפה מסלול פאסיבי לבני 50 עד 60,2023,"אג""ח מיועדות ורכיב מבטיח תשואה(***)",,28.6,28.0,0.06,22.0,34.0,,,פנסיה תלוי גיל פאסיבי,2026-09-30T21:21:21+00:00,http://www.fnx.co.il/sites/docs/genery/mediniut_ashkaa_tzfuia/pension2023.xls,policy/companies/520023185/raw/520023185/64931917964a_pension2023.xls,פנסיה תלוי גיל פאסיבי
520023185,,,520023185|פנסיה תלוי גיל פאסיבי|הפניקס פנסיה מקיפה מסלול פאסיבי לבני 50 עד 60,הפניקס פנסיה מקיפה מסלול פאסיבי לבני 50 עד 60,2023,"אג""ח קונצרני (כולל קרנות נאמנות, תעודות סל)",,23.2,21.0,0.06,15.0,27.0,JCMBCOMP,,פנסיה תלוי גיל פאסיבי,2026-09-30T21:21:21+00:00,http://www.fnx.co.il/sites/docs/genery/mediniut_ashkaa_tzfuia/pension2023.xls,policy/companies/520023185/raw/520023185/64931917964a_pension2023.xls,פנסיה תלוי גיל פאסיבי
520023185,,,520023185|פנסיה תלוי גיל פאסיבי|הפניקס פנסיה מקיפה מסלול פאסיבי לבני 50 עד 60,הפניקס פנסיה מקיפה מסלול פאסיבי לבני 50 עד 60,2023,אחר,,0.0,0.0,0.05,0.0,5.0,,,פנסיה תלוי גיל פאסיבי,2026-09-30T21:21:21+00:00,http://www.fnx.co.il/sites/docs/genery/mediniut_ashkaa_tzfuia/pension2023.xls,policy/companies/520023185/raw/520023185/64931917964a_pension2023.xls,פנסיה תלוי גיל פאסיבי
520023185,,,520023185|פנסיה תלוי גיל פאסיבי|הפניקס פנסיה מקיפה מסלול פאסיבי לבני 50 עד 60,הפניקס פנסיה מקיפה מסלול פאסיבי לבני 50 עד 60,2023,מזומנים (*),,1.0,3.0,,,,"ריבית פח""ק",,פנסיה תלוי גיל פאסיבי,2026-09-30T21:21:21+00:00,http://www.fnx.co.il/sites/docs/genery/mediniut_ashkaa_tzfuia/pension2023.xls,policy/companies/520023185/raw/520023185/64931917964a_pension2023.xls,פנסיה תלוי גיל פאסיבי
520023185,,,520023185|פנסיה תלוי גיל פאסיבי|הפניקס פנסיה מקיפה מסלול פאסיבי לבני 50 עד 60,הפניקס פנסיה מקיפה מסלול פאסיבי לבני 50 עד 60,2023,"חשיפה למט""ח",fx,17.5,19.0,0.06,13.0,25.0,,,פנסיה תלוי גיל פאסיבי,2026-09-30T21:21:21+00:00,http://www.fnx.co.il/sites/docs/genery/mediniut_ashkaa_tzfuia/pension2023.xls,policy/companies/520023185/raw/520023185/64931917964a_pension2023.xls,פנסיה תלוי גיל פאסיבי
520023185,,,520023185|פנסיה תלוי גיל פאסיבי|הפניקס פנסיה מקיפה מסלול פאסיבי לבני 50 עד 60,הפניקס פנסיה מקיפה מסלול פאסיבי לבני 50 עד 60,2023,מגבלת עמלת ניהול חיצוני לשנת 2023,,0.03,,,,,,,פנסיה תלוי גיל פאסיבי,2026-09-30T21:21:21+00:00,http://www.fnx.co.il/sites/docs/genery/mediniut_ashkaa_tzfuia/pension2023.xls,policy/companies/520023185/raw/520023185/64931917964a_pension2023.xls,פנסיה תלוי גיל פאסיבי
520023185,,,520023185|פנסיה תלוי גיל פאסיבי|הפניקס פנסיה מקיפה מסלול פאסיבי לבני 60 ומעלה,הפניקס פנסיה מקיפה מסלול פאסיבי לבני 60 ומעלה,2023,"מניות (כולל תעודות סל, אופציות, קרנות נאמנות)",equity,24.0,25.0,0.06,19.0,31.0,TPX,,פנסיה תלוי גיל פאסיבי,2026-09-30T21:21:21+00:00,http://www.fnx.co.il/sites/docs/genery/mediniut_ashkaa_tzfuia/pension2023.xls,policy/companies/520023185/raw/520023185/64931917964a_pension2023.xls,פנסיה תלוי גיל פאסיבי
520023185,,,520023185|פנסיה תלוי גיל פאסיבי|הפניקס פנסיה מקיפה מסלול פאסיבי לבני 60 ומעלה,הפניקס פנסיה מקיפה מסלול פאסיבי לבני 60 ומעלה,2023,"אג""ח ממשלתי (צמוד, שקלי ומט""ח), ממשלות",,14.4,13.0,0.05,8.0,18.0,משקל שחר 0-2,,פנסיה תלוי גיל פאסיבי,2026-09-30T21:21:21+00:00,http://www.fnx.co.il/sites/docs/genery/mediniut_ashkaa_tzfuia/pension2023.xls,policy/companies/520023185/raw/520023185/64931917964a_pension2023.xls,פנסיה תלוי גיל פאסיבי
520023185,,,520023185|פנסיה תלוי גיל פאסיבי|הפניקס פנסיה מקיפה מסלול פאסיבי לבני 60 ומעלה,הפניקס פנסיה מקיפה מסלול פאסיבי לבני 60 ומעלה,2023,"אג""ח מיועדות ורכיב מבטיח תשואה(***)",,28.5,28.0,0.05,23.0,33.0,,,פנסיה תלוי גיל פאסיבי,2026-09-30T21:21:21+00:00,http://www.fnx.co.il/sites/docs/genery/mediniut_ashkaa_tzfuia/pension2023.xls,policy/companies/520023185/raw/520023185/64931917964a_pension2023.xls,פנסיה תלוי גיל פאסיבי
520023185,,,520023185|פנסיה תלוי גיל פאסיבי|הפניקס פנסיה מקיפה מסלול פאסיבי לבני 60 ומעלה,הפניקס פנסיה מקיפה מסלול פאסיבי לבני 60 ומעלה,2023,"אג""ח קונצרני (כולל קרנות נאמנות, תעודות סל)",,30.7,30.0,0.06,24.0,36.0,JCMBCOMP,,פנסיה תלוי גיל פאסיבי,2026-09-30T21:21:21+00:00,http://www.fnx.co.il/sites/docs/genery/mediniut_ashkaa_tzfuia/pension2023.xls,policy/companies/520023185/raw/520023185/64931917964a_pension2023.xls,פנסיה תלוי גיל פאסיבי
520023185,,,520023185|פנסיה תלוי גיל פאסיבי|הפניקס פנסיה מקיפה מסלול פאסיבי לבני 60 ומעלה,הפניקס פנסיה מקיפה מסלול פאסיבי לבני 60 ומעלה,2023,אחר,,0.0,0.0,0.05,0.0,5.0,,,פנסיה תלוי גיל פאסיבי,2026-09-30T21:21:21+00:00,http://www.fnx.co.il/sites/docs/genery/mediniut_ashkaa_tzfuia/pension2023.xls,policy/companies/520023185/raw/520023185/64931917964a_pension2023.xls,פנסיה תלוי גיל פאסיבי
520023185,,,520023185|פנסיה תלוי גיל פאסיבי|הפניקס פנסיה מקיפה מסלול פאסיבי לבני 60 ומעלה,הפניקס פנסיה מקיפה מסלול פאסיבי לבני 60 ומעלה,2023,מזומנים (*),,2.4,4.0,,,,"ריבית פח""ק",,פנסיה תלוי גיל פאסיבי,2026-09-30T21:21:21+00:00,http://www.fnx.co.il/sites/docs/genery/mediniut_ashkaa_tzfuia/pension2023.xls,policy/companies/520023185/raw/520023185/64931917964a_pension2023.xls,פנסיה תלוי גיל פאסיבי
520023185,,,520023185|פנסיה תלוי גיל פאסיבי|הפניקס פנסיה מקיפה מסלול פאסיבי לבני 60 ומעלה,הפניקס פנסיה מקיפה מסלול פאסיבי לבני 60 ומעלה,2023,"חשיפה למט""ח",fx,12.8,17.0,0.06,11.0,23.0,,,פנסיה תלוי גיל פאסיבי,2026-09-30T21:21:21+00:00,http://www.fnx.co.il/sites/docs/genery/mediniut_ashkaa_tzfuia/pension2023.xls,policy/companies/520023185/raw/520023185/64931917964a_pension2023.xls,פנסיה תלוי גיל פאסיבי
520023185,,,520023185|פנסיה תלוי גיל פאסיבי|הפניקס פנסיה מקיפה מסלול פאסיבי לבני 60 ומעלה,הפניקס פנסיה מקיפה מסלול פאסיבי לבני 60 ומעלה,2023,מגבלת עמלת ניהול חיצוני לשנת 2023,,0.03,,,,,,,פנסיה תלוי גיל פאסיבי,2026-09-30T21:21:21+00:00,http://www.fnx.co.il/sites/docs/genery/mediniut_ashkaa_tzfuia/pension2023.xls,policy/companies/520023185/raw/520023185/64931917964a_pension2023.xls,פנסיה תלוי גיל פאסיבי
520023185,,,520023185|פנסיה מקיפה משולב סחיר|פנסיה מקיפה מסלול משולב סחיר,פנסיה מקיפה מסלול משולב סחיר,2023,"מניות (תעודות סל, אופציות, קרנות נאמנות)",equity,,46.0,0.06,40.0,52.0,"35%- מדד ת""א 125 ,   65%- MSCI WORLD AC",,פנסיה מקיפה משולב סחיר,2026-09-30T21:21:21+00:00,http://www.fnx.co.il/sites/docs/genery/mediniut_ashkaa_tzfuia/pension2023.xls,policy/companies/520023185/raw/520023185/64931917964a_pension2023.xls,פנסיה מקיפה משולב סחיר
520023185,,,520023185|פנסיה מקיפה משולב סחיר|פנסיה מקיפה מסלול משולב סחיר,פנסיה מקיפה מסלול משולב סחיר,2023,"אג""ח ממשלתי (צמוד, שקלי ומט""ח), ממשלות זרות בנטרול חשיפות בנגזרים",,,2.0,0.05,0.0,7.0,"מדד אג""ח ממשלתי כללי",,פנסיה מקיפה משולב סחיר,2026-09-30T21:21:21+00:00,http://www.fnx.co.il/sites/docs/genery/mediniut_ashkaa_tzfuia/pension2023.xls,policy/companies/520023185/raw/520023185/64931917964a_pension2023.xls,פנסיה מקיפה משולב סחיר
520023185,,,520023185|פנסיה מקיפה משולב סחיר|פנסיה מקיפה מסלול משולב סחיר,פנסיה מקיפה מסלול משולב סחיר,2023,"אג""ח מיועדות ורכיב מבטיח תשואה(***)",,,28.0,0.05,23.0,33.0,,,פנסיה מקיפה משולב סחיר,2026-09-30T21:21:21+00:00,http://www.fnx.co.il/sites/docs/genery/mediniut_ashkaa_tzfuia/pension2023.xls,policy/companies/520023185/raw/520023185/64931917964a_pension2023.xls,פנסיה מקיפה משולב סחיר
520023185,,,520023185|פנסיה מקיפה משולב סחיר|פנסיה מקיפה מסלול משולב סחיר,פנסיה מקיפה מסלול משולב סחיר,2023,"אג""ח קונצרני (כולל קרנות נאמנות, תעודות סל)",,,21.0,0.06,15.0,27.0,"35% - תל בונד כללי , 20% - תל בונד 60 , 15% - תל בונד 50 , 15% - IBOXX HY - 15%, IBOXX IG",,פנסיה מקיפה משולב סחיר,2026-09-30T21:21:21+00:00,http://www.fnx.co.il/sites/docs/genery/mediniut_ashkaa_tzfuia/pension2023.xls,policy/companies/520023185/raw/520023185/64931917964a_pension2023.xls,פנסיה מקיפה משולב סחיר
520023185,,,520023185|פנסיה מקיפה משולב סחיר|פנסיה מקיפה מסלול משולב סחיר,פנסיה מקיפה מסלול משולב סחיר,2023,מזומנים (*),,,3.0,,,,,,פנסיה מקיפה משולב סחיר,2026-09-30T21:21:21+00:00,http://www.fnx.co.il/sites/docs/genery/mediniut_ashkaa_tzfuia/pension2023.xls,policy/companies/520023185/raw/520023185/64931917964a_pension2023.xls,פנסיה מקיפה משולב סחיר
520023185,,,520023185|פנסיה מקיפה משולב סחיר|פנסיה מקיפה מסלול משולב סחיר,פנסיה מקיפה מסלול משולב סחיר,2023,"חשיפה למט""ח",fx,,19.0,0.06,13.0,25.0,,,פנסיה מקיפה משולב סחיר,2026-09-30T21:21:21+00:00,http://www.fnx.co.il/sites/docs/genery/mediniut_ashkaa_tzfuia/pension2023.xls,policy/companies/520023185/raw/520023185/64931917964a_pension2023.xls,פנסיה מקיפה משולב סחיר
520023185,,,520023185|פנסיה מקיפה משולב סחיר|פנסיה מקיפה מסלול משולב סחיר,פנסיה מקיפה מסלול משולב סחיר,2023,מגבלת עמלת ניהול חיצוני לשנת 2023,,,0.08,,,,,,פנסיה מקיפה משולב סחיר,2026-09-30T21:21:21+00:00,http://www.fnx.co.il/sites/docs/genery/mediniut_ashkaa_tzfuia/pension2023.xls,policy/companies/520023185/raw/520023185/64931917964a_pension2023.xls,פנסיה מקיפה משולב סחיר
520023185,,,520023185|פנסיה מקיפה משולב סחיר|הפניקס פנסיה מקיפה מסלול כללי,הפניקס פנסיה מקיפה מסלול כללי,2023,"מניות (כולל תעודות סל, אופציות, קרנות נאמנות)",equity,,,+/- 6%,28.0,40.0,"50%- מדד ת""א 100 ,  50%- MSCI WORLD AC",,פנסיה מקיפה משולב סחיר,2026-09-30T21:21:21+00:00,http://www.fnx.co.il/sites/docs/genery/mediniut_ashkaa_tzfuia/pension2023.xls,policy/companies/520023185/raw/520023185/64931917964a_pension2023.xls,פנסיה מקיפה משולב סחיר
520023185,,,520023185|פנסיה מקיפה משולב סחיר|הפניקס פנסיה מקיפה מסלול כללי,הפניקס פנסיה מקיפה מסלול כללי,2023,"אג""ח ממשלתי (צמוד, שקלי ומט""ח), ממשלות זרות בנטרול חשיפות בנגזרים1",,,,+/- 5%,33.0,43.0,"מדד אג""ח ממשלתי כללי",,פנסיה מקיפה משולב סחיר,2026-09-30T21:21:21+00:00,http://www.fnx.co.il/sites/docs/genery/mediniut_ashkaa_tzfuia/pension2023.xls,policy/companies/520023185/raw/520023185/64931917964a_pension2023.xls,פנסיה מקיפה משולב סחיר
520023185,,,520023185|פנסיה מקיפה משולב סחיר|הפניקס פנסיה מקיפה מסלול כללי,הפניקס פנסיה מקיפה מסלול כללי,2023,"אג""ח קונצרני (קרנות נאמנות, תעודות סל)",,,,+/- 6%,17.0,29.0,מדד תל בונד 60,,פנסיה מקיפה משולב סחיר,2026-09-30T21:21:21+00:00,http://www.fnx.co.il/sites/docs/genery/mediniut_ashkaa_tzfuia/pension2023.xls,policy/companies/520023185/raw/520023185/64931917964a_pension2023.xls,פנסיה מקיפה משולב סחיר
520023185,,,520023185|פנסיה מקיפה משולב סחיר|הפניקס פנסיה מקיפה מסלול כללי,הפניקס פנסיה מקיפה מסלול כללי,2023,"נדל""ן",,,,+/- 5%,0.0,9.0,,,פנסיה מקיפה משולב סחיר,2026-09-30T21:21:21+00:00,http://www.fnx.co.il/sites/docs/genery/mediniut_ashkaa_tzfuia/pension2023.xls,policy/companies/520023185/raw/520023185/64931917964a_pension2023.xls,פנסיה מקיפה משולב סחיר
520023185,,,520023185|פנסיה מקיפה משולב סחיר|הפניקס פנסיה מקיפה מסלול כללי,הפניקס פנסיה מקיפה מסלול כללי,2023,"אחר (קרנות השקעה, PE, VC, קרדיט, גידור)",,,,+/- 5%,0.0,5.0,,,פנסיה מקיפה משולב סחיר,2026-09-30T21:21:21+00:00,http://www.fnx.co.il/sites/docs/genery/mediniut_ashkaa_tzfuia/pension2023.xls,policy/companies/520023185/raw/520023185/64931917964a_pension2023.xls,פנסיה מקיפה משולב סחיר
520023185,,,520023185|פנסיה מקיפה משולב סחיר|הפניקס פנסיה מקיפה מסלול כללי,הפניקס פנסיה מקיפה מסלול כללי,2023,מזומנים (בנטרול נגזרים),,,,+/- 5%,0.0,6.0,,,פנסיה מקיפה משולב סחיר,2026-09-30T21:21:21+00:00,http://www.fnx.co.il/sites/docs/genery/mediniut_ashkaa_tzfuia/pension2023.xls,policy/companies/520023185/raw/520023185/64931917964a_pension2023.xls,פנסיה מקיפה משולב סחיר
520023185,,,520023185|פנסיה מקיפה משולב סחיר|הפניקס פנסיה מקיפה מסלול כללי,הפניקס פנסיה מקיפה מסלול כללי,2023,"חשיפה למט""ח",fx,,,+/- 6%,10.0,22.0,,,פנסיה מקיפה משולב סחיר,2026-09-30T21:21:21+00:00,http://www.fnx.co.il/sites/docs/genery/mediniut_ashkaa_tzfuia/pension2023.xls,policy/companies/520023185/raw/520023185/64931917964a_pension2023.xls,פנסיה מקיפה משולב סחיר
520023185,,,520023185|מקיפה עוקב מדדים גמיש|פנסיה מקיפה מסלול עוקב מדדים גמיש,פנסיה מקיפה מסלול עוקב מדדים גמיש,2023,"מניות (כולל תעודות סל, אופציות, קרנות נאמנות)",equity,,46.0,0.06,40.0,52.0,MSCI EM,,מקיפה עוקב מדדים גמיש,2026-09-30T21:21:21+00:00,http://www.fnx.co.il/sites/docs/genery/mediniut_ashkaa_tzfuia/pension2023.xls,policy/companies/520023185/raw/520023185/64931917964a_pension2023.xls,מקיפה עוקב מדדים גמיש
520023185,,,520023185|מקיפה עוקב מדדים גמיש|פנסיה מקיפה מסלול עוקב מדדים גמיש,פנסיה מקיפה מסלול עוקב מדדים גמיש,2023,"אג""ח ממשלתי (צמוד, שקלי ומט""ח), ממשלות",,,2.0,0.05,0.0,7.0,משקל שחר 0-2,,מקיפה עוקב מדדים גמיש,2026-09-30T21:21:21+00:00,http://www.fnx.co.il/sites/docs/genery/mediniut_ashkaa_tzfuia/pension2023.xls,policy/companies/520023185/raw/520023185/64931917964a_pension2023.xls,מקיפה עוקב מדדים גמיש
520023185,,,520023185|מקיפה עוקב מדדים גמיש|פנסיה מקיפה מסלול עוקב מדדים גמיש,פנסיה מקיפה מסלול עוקב מדדים גמיש,2023,"אג""ח מיועדות ורכיב מבטיח תשואה(***)",,,28.0,0.05,23.0,33.0,,,מקיפה עוקב מדדים גמיש,2026-09-30T21:21:21+00:00,http://www.fnx.co.il/sites/docs/genery/mediniut_ashkaa_tzfuia/pension2023.xls,policy/companies/520023185/raw/520023185/64931917964a_pension2023.xls,מקיפה עוקב מדדים גמיש
520023185,,,520023185|מקיפה עוקב מדדים גמיש|פנסיה מקיפה מסלול עוקב מדדים גמיש,פנסיה מקיפה מסלול עוקב מדדים גמיש,2023,"אג""ח קונצרני (כולל קרנות נאמנות, תעודות סל)",,,21.0,0.06,15.0,27.0,JCMBCOMP,,מקיפה עוקב מדדים גמיש,2026-09-30T21:21:21+00:00,http://www.fnx.co.il/sites/docs/genery/mediniut_ashkaa_tzfuia/pension2023.xls,policy/companies/520023185/raw/520023185/64931917964a_pension2023.xls,מקיפה עוקב מדדים גמיש
520023185,,,520023185|מקיפה עוקב מדדים גמיש|פנסיה מקיפה מסלול עוקב מדדים גמיש,פנסיה מקיפה מסלול עוקב מדדים גמיש,2023,אחר,,,0.0,0.05,0.0,5.0,,,מקיפה עוקב מדדים גמיש,2026-09-30T21:21:21+00:00,http://www.fnx.co.il/sites/docs/genery/mediniut_ashkaa_tzfuia/pension2023.xls,policy/companies/520023185/raw/520023185/64931917964a_pension2023.xls,מקיפה עוקב מדדים גמיש
520023185,,,520023185|מקיפה עוקב מדדים גמיש|פנסיה מקיפה מסלול עוקב מדדים גמיש,פנסיה מקיפה מסלול עוקב מדדים גמיש,2023,מזומנים (*),,,3.0,,,,"ריבית פח""ק",,מקיפה עוקב מדדים גמיש,2026-09-30T21:21:21+00:00,http://www.fnx.co.il/sites/docs/genery/mediniut_ashkaa_tzfuia/pension2023.xls,policy/companies/520023185/raw/520023185/64931917964a_pension2023.xls,מקיפה עוקב מדדים גמיש
520023185,,,520023185|מקיפה עוקב מדדים גמיש|פנסיה מקיפה מסלול עוקב מדדים גמיש,פנסיה מקיפה מסלול עוקב מדדים גמיש,2023,"חשיפה למט""ח",fx,,19.0,0.06,13.0,25.0,,,מקיפה עוקב מדדים גמיש,2026-09-30T21:21:21+00:00,http://www.fnx.co.il/sites/docs/genery/mediniut_ashkaa_tzfuia/pension2023.xls,policy/companies/520023185/raw/520023185/64931917964a_pension2023.xls,מקיפה עוקב מדדים גמיש
520023185,,,520023185|מקיפה עוקב מדדים גמיש|פנסיה מקיפה מסלול עוקב מדדים גמיש,פנסיה מקיפה מסלול עוקב מדדים גמיש,2023,מגבלת עמלת ניהול חיצוני לשנת 2023,,,0.05,,,,,,מקיפה עוקב מדדים גמיש,2026-09-30T21:21:21+00:00,http://www.fnx.co.il/sites/docs/genery/mediniut_ashkaa_tzfuia/pension2023.xls,policy/companies/520023185/raw/520023185/64931917964a_pension2023.xls,מקיפה עוקב מדדים גמיש
520023185,,,520023185|פנסיית יסוד|פנסיית יסוד,פנסיית יסוד,2023,"מניות (תעודות סל, אופציות, קרנות נאמנות)",equity,15.0,15.0,0.06,9.0,21.0,"35%- מדד ת""א 125 ,   65%- MSCI WORLD AC",,פנסיית יסוד,2026-09-30T21:21:21+00:00,http://www.fnx.co.il/sites/docs/genery/mediniut_ashkaa_tzfuia/pension2023.xls,policy/companies/520023185/raw/520023185/64931917964a_pension2023.xls,פנסיית יסוד
520023185,,,520023185|פנסיית יסוד|פנסיית יסוד,פנסיית יסוד,2023,"אג""ח ממשלתי (צמוד, שקלי ומט""ח), ממשלות זרות בנטרול חשיפות בנגזרים",,8.3,11.0,0.05,6.0,16.0,"מדד אג""ח ממשלתי כללי",,פנסיית יסוד,2026-09-30T21:21:21+00:00,http://www.fnx.co.il/sites/docs/genery/mediniut_ashkaa_tzfuia/pension2023.xls,policy/companies/520023185/raw/520023185/64931917964a_pension2023.xls,פנסיית יסוד
520023185,,,520023185|פנסיית יסוד|פנסיית יסוד,פנסיית יסוד,2023,"אג""ח מיועדות ורכיב מבטיח תשואה(***)",,38.1,37.0,0.05,32.0,42.0,,,פנסיית יסוד,2026-09-30T21:21:21+00:00,http://www.fnx.co.il/sites/docs/genery/mediniut_ashkaa_tzfuia/pension2023.xls,policy/companies/520023185/raw/520023185/64931917964a_pension2023.xls,פנסיית יסוד
520023185,,,520023185|פנסיית יסוד|פנסיית יסוד,פנסיית יסוד,2023,"אג""ח קונצרני (כולל קרנות נאמנות, תעודות סל)",,23.5,26.0,0.06,20.0,32.0,"35% - תל בונד כללי , 20% - תל בונד 60 , 15% - תל בונד 50 , 15% - IBOXX HY - 15%, IBOXX IG",,פנסיית יסוד,2026-09-30T21:21:21+00:00,http://www.fnx.co.il/sites/docs/genery/mediniut_ashkaa_tzfuia/pension2023.xls,policy/companies/520023185/raw/520023185/64931917964a_pension2023.xls,פנסיית יסוד
520023185,,,520023185|פנסיית יסוד|פנסיית יסוד,פנסיית יסוד,2023,"נדל""ן",,3.0,2.0,0.05,0.0,7.0,,,פנסיית יסוד,2026-09-30T21:21:21+00:00,http://www.fnx.co.il/sites/docs/genery/mediniut_ashkaa_tzfuia/pension2023.xls,policy/companies/520023185/raw/520023185/64931917964a_pension2023.xls,פנסיית יסוד
520023185,,,520023185|פנסיית יסוד|פנסיית יסוד,פנסיית יסוד,2023,קרנות השקעה,,3.4,2.0,0.05,0.0,7.0,,,פנסיית יסוד,2026-09-30T21:21:21+00:00,http://www.fnx.co.il/sites/docs/genery/mediniut_ashkaa_tzfuia/pension2023.xls,policy/companies/520023185/raw/520023185/64931917964a_pension2023.xls,פנסיית יסוד
520023185,,,520023185|פנסיית יסוד|פנסיית יסוד,פנסיית יסוד,2023,"אחר (Co Invest, תשתיות, גידור)",,6.5,5.0,0.05,0.0,10.0,,,פנסיית יסוד,2026-09-30T21:21:21+00:00,http://www.fnx.co.il/sites/docs/genery/mediniut_ashkaa_tzfuia/pension2023.xls,policy/companies/520023185/raw/520023185/64931917964a_pension2023.xls,פנסיית יסוד
520023185,,,520023185|פנסיית יסוד|פנסיית יסוד,פנסיית יסוד,2023,מזומנים (*),,2.2,2.0,,,,,,פנסיית יסוד,2026-09-30T21:21:21+00:00,http://www.fnx.co.il/sites/docs/genery/mediniut_ashkaa_tzfuia/pension2023.xls,policy/companies/520023185/raw/520023185/64931917964a_pension2023.xls,פנסיית יסוד
520023185,,,520023185|פנסיית יסוד|פנסיית יסוד,פנסיית יסוד,2023,"חשיפה למט""ח",fx,12.8,12.0,0.06,6.0,18.0,,,פנסיית יסוד,2026-09-30T21:21:21+00:00,http://www.fnx.co.il/sites/docs/genery/mediniut_ashkaa_tzfuia/pension2023.xls,policy/companies/520023185/raw/520023185/64931917964a_pension2023.xls,פנסיית יסוד
520023185,,,520023185|פנסיית יסוד|הפניקס פנסיה מקיפה מסלול כללי,הפניקס פנסיה מקיפה מסלול כללי,2023,"מניות (כולל תעודות סל, אופציות, קרנות נאמנות)",equity,33.32,,+/- 6%,28.0,40.0,"50%- מדד ת""א 100 ,  50%- MSCI WORLD AC",,פנסיית יסוד,2026-09-30T21:21:21+00:00,http://www.fnx.co.il/sites/docs/genery/mediniut_ashkaa_tzfuia/pension2023.xls,policy/companies/520023185/raw/520023185/64931917964a_pension2023.xls,פנסיית יסוד
520023185,,,520023185|פנסיית יסוד|הפניקס פנסיה מקיפה מסלול כללי,הפניקס פנסיה מקיפה מסלול כללי,2023,"אג""ח ממשלתי (צמוד, שקלי ומט""ח), ממשלות זרות בנטרול חשיפות בנגזרים1",,35.97,,+/- 5%,33.0,43.0,"מדד אג""ח ממשלתי כללי",,פנסיית יסוד,2026-09-30T21:21:21+00:00,http://www.fnx.co.il/sites/docs/genery/mediniut_ashkaa_tzfuia/pension2023.xls,policy/companies/520023185/raw/520023185/64931917964a_pension2023.xls,פנסיית יסוד
520023185,,,520023185|פנסיית יסוד|הפניקס פנסיה מקיפה מסלול כללי,הפניקס פנסיה מקיפה מסלול כללי,2023,"אג""ח מיועדות",,29.71,,,,,,,פנסיית יסוד,2026-09-30T21:21:21+00:00,http://www.fnx.co.il/sites/docs/genery/mediniut_ashkaa_tzfuia/pension2023.xls,policy/companies/520023185/raw/520023185/64931917964a_pension2023.xls,פנסיית יסוד
520023185,,,520023185|פנסיית יסוד|הפניקס פנסיה מקיפה מסלול כללי,הפניקס פנסיה מקיפה מסלול כללי,2023,"אג""ח קונצרני (קרנות נאמנות, תעודות סל)",,25.51,,+/- 6%,17.0,29.0,מדד תל בונד 60,,פנסיית יסוד,2026-09-30T21:21:21+00:00,http://www.fnx.co.il/sites/docs/genery/mediniut_ashkaa_tzfuia/pension2023.xls,policy/companies/520023185/raw/520023185/64931917964a_pension2023.xls,פנסיית יסוד
520023185,,,520023185|פנסיית יסוד|הפניקס פנסיה מקיפה מסלול כללי,הפניקס פנסיה מקיפה מסלול כללי,2023,"נדל""ן",,3.88,,+/- 5%,0.0,9.0,,,פנסיית יסוד,2026-09-30T21:21:21+00:00,http://www.fnx.co.il/sites/docs/genery/mediniut_ashkaa_tzfuia/pension2023.xls,policy/companies/520023185/raw/520023185/64931917964a_pension2023.xls,פנסיית יסוד
520023185,,,520023185|פנסיית יסוד|הפניקס פנסיה מקיפה מסלול כללי,הפניקס פנסיה מקיפה מסלול כללי,2023,"אחר (קרנות השקעה, PE, VC, קרדיט, גידור)",,0.61,,+/- 5%,0.0,5.0,,,פנסיית יסוד,2026-09-30T21:21:21+00:00,http://www.fnx.co.il/sites/docs/genery/mediniut_ashkaa_tzfuia/pension2023.xls,policy/companies/520023185/raw/520023185/64931917964a_pension2023.xls,פנסיית יסוד
520023185,,,520023185|פנסיית יסוד|הפניקס פנסיה מקיפה מסלול כללי,הפניקס פנסיה מקיפה מסלול כללי,2023,מזומנים (בנטרול נגזרים),,0.75,,+/- 5%,0.0,6.0,,,פנסיית יסוד,2026-09-30T21:21:21+00:00,http://www.fnx.co.il/sites/docs/genery/mediniut_ashkaa_tzfuia/pension2023.xls,policy/companies/520023185/raw/520023185/64931917964a_pension2023.xls,פנסיית יסוד
520023185,,,520023185|פנסיית יסוד|הפניקס פנסיה מקיפה מסלול כללי,הפניקס פנסיה מקיפה מסלול כללי,2023,"חשיפה למט""ח",fx,16.78,,+/- 6%,10.0,22.0,,,פנסיית יסוד,2026-09-30T21:21:21+00:00,http://www.fnx.co.il/sites/docs/genery/mediniut_ashkaa_tzfuia/pension2023.xls,policy/companies/520023185/raw/520023185/64931917964a_pension2023.xls,פנסיית יסוד
520023185,,,520023185|עמיתי דור ביניים|עמיתי דור ביניים,עמיתי דור ביניים,2023,"מניות (תעודות סל, אופציות, קרנות נאמנות)",equity,17.8,15.0,0.06,9.0,21.0,"35%- מדד ת""א 125 ,   65%- MSCI WORLD AC",,עמיתי דור ביניים,2026-09-30T21:21:21+00:00,http://www.fnx.co.il/sites/docs/genery/mediniut_ashkaa_tzfuia/pension2023.xls,policy/companies/520023185/raw/520023185/64931917964a_pension2023.xls,עמיתי דור ביניים
520023185,,,520023185|עמיתי דור ביניים|עמיתי דור ביניים,עמיתי דור ביניים,2023,"אג""ח ממשלתי (צמוד, שקלי ומט""ח), ממשלות זרות בנטרול חשיפות בנגזרים",,12.6,14.0,0.05,9.0,19.0,"מדד אג""ח ממשלתי כללי",,עמיתי דור ביניים,2026-09-30T21:21:21+00:00,http://www.fnx.co.il/sites/docs/genery/mediniut_ashkaa_tzfuia/pension2023.xls,policy/companies/520023185/raw/520023185/64931917964a_pension2023.xls,עמיתי דור ביניים
520023185,,,520023185|עמיתי דור ביניים|עמיתי דור ביניים,עמיתי דור ביניים,2023,"אג""ח מיועדות ורכיב מבטיח תשואה(***)",,39.2,38.0,0.05,33.0,43.0,,,עמיתי דור ביניים,2026-09-30T21:21:21+00:00,http://www.fnx.co.il/sites/docs/genery/mediniut_ashkaa_tzfuia/pension2023.xls,policy/companies/520023185/raw/520023185/64931917964a_pension2023.xls,עמיתי דור ביניים
520023185,,,520023185|עמיתי דור ביניים|עמיתי דור ביניים,עמיתי דור ביניים,2023,"אג""ח קונצרני (כולל קרנות נאמנות, תעודות סל)",,26.2,28.0,0.06,22.0,34.0,"35% - תל בונד כללי , 20% - תל בונד 60 , 15% - תל בונד 50 , 15% - IBOXX HY - 15%, IBOXX IG",,עמיתי דור ביניים,2026-09-30T21:21:21+00:00,http://www.fnx.co.il/sites/docs/genery/mediniut_ashkaa_tzfuia/pension2023.xls,policy/companies/520023185/raw/520023185/64931917964a_pension2023.xls,עמיתי דור ביניים
520023185,,,520023185|עמיתי דור ביניים|עמיתי דור ביניים,עמיתי דור ביניים,2023,"נדל""ן",,0.3,2.0,0.05,0.0,7.0,,,עמיתי דור ביניים,2026-09-30T21:21:21+00:00,http://www.fnx.co.il/sites/docs/genery/mediniut_ashkaa_tzfuia/pension2023.xls,policy/companies/520023185/raw/520023185/64931917964a_pension2023.xls,עמיתי דור ביניים
520023185,,,520023185|עמיתי דור ביניים|עמיתי דור ביניים,עמיתי דור ביניים,2023,"אחר (קרנות השקעה,Co Invest, תשתיות, גידור)",,1.1,2.0,0.05,0.0,7.0,,,עמיתי דור ביניים,2026-09-30T21:21:21+00:00,http://www.fnx.co.il/sites/docs/genery/mediniut_ashkaa_tzfuia/pension2023.xls,policy/companies/520023185/raw/520023185/64931917964a_pension2023.xls,עמיתי דור ביניים
520023185,,,520023185|עמיתי דור ביניים|עמיתי דור ביניים,עמיתי דור ביניים,2023,מזומנים (*),,2.8,1.0,,,,,,עמיתי דור ביניים,2026-09-30T21:21:21+00:00,http://www.fnx.co.il/sites/docs/genery/mediniut_ashkaa_tzfuia/pension2023.xls,policy/companies/520023185/raw/520023185/64931917964a_pension2023.xls,עמיתי דור ביניים
520023185,,,520023185|עמיתי דור ביניים|עמיתי דור ביניים,עמיתי דור ביניים,2023,"חשיפה למט""ח",fx,12.0,12.0,0.06,6.0,18.0,,,עמיתי דור ביניים,2026-09-30T21:21:21+00:00,http://www.fnx.co.il/sites/docs/genery/mediniut_ashkaa_tzfuia/pension2023.xls,policy/companies/520023185/raw/520023185/64931917964a_pension2023.xls,עמיתי דור ביניים
520023185,,,520023185|עמיתי דור ביניים|הפניקס פנסיה מקיפה מסלול כללי,הפניקס פנסיה מקיפה מסלול כללי,2023,"מניות (כולל תעודות סל, אופציות, קרנות נאמנות)",equity,33.32,,+/- 6%,28.0,40.0,"50%- מדד ת""א 100 ,  50%- MSCI WORLD AC",,עמיתי דור ביניים,2026-09-30T21:21:21+00:00,http://www.fnx.co.il/sites/docs/genery/mediniut_ashkaa_tzfuia/pension2023.xls,policy/companies/520023185/raw/520023185/64931917964a_pension2023.xls,עמיתי דור ביניים
520023185,,,520023185|עמיתי דור ביניים|הפניקס פנסיה מקיפה מסלול כללי,הפניקס פנסיה מקיפה מסלול כללי,2023,"אג""ח ממשלתי (צמוד, שקלי ומט""ח), ממשלות זרות בנטרול חשיפות בנגזרים1",,35.97,,+/- 5%,33.0,43.0,"מדד אג""ח ממשלתי כללי",,עמיתי דור ביניים,2026-09-30T21:21:21+00:00,http://www.fnx.co.il/sites/docs/genery/mediniut_ashkaa_tzfuia/pension2023.xls,policy/companies/520023185/raw/520023185/64931917964a_pension2023.xls,עמיתי דור ביניים
520023185,,,520023185|עמיתי דור ביניים|הפניקס פנסיה מקיפה מסלול כללי,הפניקס פנסיה מקיפה מסלול כללי,2023,"אג""ח מיועדות",,29.71,,,,,,,עמיתי דור ביניים,2026-09-30T21:21:21+00:00,http://www.fnx.co.il/sites/docs/genery/mediniut_ashkaa_tzfuia/pension2023.xls,policy/companies/520023185/raw/520023185/64931917964a_pension2023.xls,עמיתי דור ביניים
520023185,,,520023185|עמיתי דור ביניים|הפניקס פנסיה מקיפה מסלול כללי,הפניקס פנסיה מקיפה מסלול כללי,2023,"אג""ח קונצרני (קרנות נאמנות, תעודות סל)",,25.51,,+/- 6%,17.0,29.0,מדד תל בונד 60,,עמיתי דור ביניים,2026-09-30T21:21:21+00:00,http://www.fnx.co.il/sites/docs/genery/mediniut_ashkaa_tzfuia/pension2023.xls,policy/companies/520023185/raw/520023185/64931917964a_pension2023.xls,עמיתי דור ביניים
520023185,,,520023185|עמיתי דור ביניים|הפניקס פנסיה מקיפה מסלול כללי,הפניקס פנסיה מקיפה מסלול כללי,2023,"נדל""ן",,3.88,,+/- 5%,0.0,9.0,,,עמיתי דור ביניים,2026-09-30T21:21:21+00:00,http://www.fnx.co.il/sites/docs/genery/mediniut_ashkaa_tzfuia/pension2023.xls,policy/companies/520023185/raw/520023185/64931917964a_pension2023.xls,עמיתי דור ביניים
520023185,,,520023185|עמיתי דור ביניים|הפניקס פנסיה מקיפה מסלול כללי,הפניקס פנסיה מקיפה מסלול כללי,2023,"אחר (קרנות השקעה, PE, VC, קרדיט, גידור)",,0.61,,+/- 5%,0.0,5.0,,,עמיתי דור ביניים,2026-09-30T21:21:21+00:00,http://www.fnx.co.il/sites/docs/genery/mediniut_ashkaa_tzfuia/pension2023.xls,policy/companies/520023185/raw/520023185/64931917964a_pension2023.xls,עמיתי דור ביניים
520023185,,,520023185|עמיתי דור ביניים|הפניקס פנסיה מקיפה מסלול כללי,הפניקס פנסיה מקיפה מסלול כללי,2023,מזומנים (בנטרול נגזרים),,0.75,,+/- 5%,0.0,6.0,,,עמיתי דור ביניים,2026-09-30T21:21:21+00:00,http://www.fnx.co.il/sites/docs/genery/mediniut_ashkaa_tzfuia/pension2023.xls,policy/companies/520023185/raw/520023185/64931917964a_pension2023.xls,עמיתי דור ביניים
520023185,,,520023185|עמיתי דור ביניים|הפניקס פנסיה מקיפה מסלול כללי,הפניקס פנסיה מקיפה מסלול כללי,2023,"חשיפה למט""ח",fx,16.78,,+/- 6%,10.0,22.0,,,עמיתי דור ביניים,2026-09-30T21:21:21+00:00,http://www.fnx.co.il/sites/docs/genery/mediniut_ashkaa_tzfuia/pension2023.xls,policy/companies/520023185/raw/520023185/64931917964a_pension2023.xls,עמיתי דור ביניים
520023185,,,520023185|מקיפה - הלכה|הפניקס פנסיה מקיפה מסלול הלכה,הפניקס פנסיה מקיפה מסלול הלכה,2023,"מניות (כולל תעודות סל, אופציות, קרנות נאמנות)",equity,44.5,46.0,0.06,40.0,52.0,"35%- מדד ת""א 125 ,   65%- MSCI WORLD AC",,מקיפה - הלכה,2026-09-30T21:21:21+00:00,http://www.fnx.co.il/sites/docs/genery/mediniut_ashkaa_tzfuia/pension2023.xls,policy/companies/520023185/raw/520023185/64931917964a_pension2023.xls,מקיפה - הלכה
520023185,,,520023185|מקיפה - הלכה|הפניקס פנסיה מקיפה מסלול הלכה,הפניקס פנסיה מקיפה מסלול הלכה,2023,"אג""ח ממשלתי (צמוד, שקלי ומט""ח), ממשלות זרות בנטרול חשיפות בנגזרים",,3.8,2.0,0.05,0.0,7.0,"מדד אג""ח ממשלתי כללי",,מקיפה - הלכה,2026-09-30T21:21:21+00:00,http://www.fnx.co.il/sites/docs/genery/mediniut_ashkaa_tzfuia/pension2023.xls,policy/companies/520023185/raw/520023185/64931917964a_pension2023.xls,מקיפה - הלכה
520023185,,,520023185|מקיפה - הלכה|הפניקס פנסיה מקיפה מסלול הלכה,הפניקס פנסיה מקיפה מסלול הלכה,2023,"אג""ח מיועדות ורכיב מבטיח תשואה(***)",,28.3,28.0,0.05,23.0,33.0,,,מקיפה - הלכה,2026-09-30T21:21:21+00:00,http://www.fnx.co.il/sites/docs/genery/mediniut_ashkaa_tzfuia/pension2023.xls,policy/companies/520023185/raw/520023185/64931917964a_pension2023.xls,מקיפה - הלכה
520023185,,,520023185|מקיפה - הלכה|הפניקס פנסיה מקיפה מסלול הלכה,הפניקס פנסיה מקיפה מסלול הלכה,2023,"אג""ח קונצרני (כולל קרנות נאמנות, תעודות סל)",,21.0,21.0,0.06,15.0,27.0,"70% - מדד תל בונד 60 , 30% - מדד BarCap Global Corporate Total Return Bond Index UnHedged",,מקיפה - הלכה,2026-09-30T21:21:21+00:00,http://www.fnx.co.il/sites/docs/genery/mediniut_ashkaa_tzfuia/pension2023.xls,policy/companies/520023185/raw/520023185/64931917964a_pension2023.xls,מקיפה - הלכה
520023185,,,520023185|מקיפה - הלכה|הפניקס פנסיה מקיפה מסלול הלכה,הפניקס פנסיה מקיפה מסלול הלכה,2023,"נדל""ן",,0.0,0.0,0.05,0.0,5.0,,,מקיפה - הלכה,2026-09-30T21:21:21+00:00,http://www.fnx.co.il/sites/docs/genery/mediniut_ashkaa_tzfuia/pension2023.xls,policy/companies/520023185/raw/520023185/64931917964a_pension2023.xls,מקיפה - הלכה
520023185,,,520023185|מקיפה - הלכה|הפניקס פנסיה מקיפה מסלול הלכה,הפניקס פנסיה מקיפה מסלול הלכה,2023,"אחר (קרנות השקעה, Co Invest, תשתיות, גידור)",,0.0,0.0,0.05,0.0,5.0,,,מקיפה - הלכה,2026-09-30T21:21:21+00:00,http://www.fnx.co.il/sites/docs/genery/mediniut_ashkaa_tzfuia/pension2023.xls,policy/companies/520023185/raw/520023185/64931917964a_pension2023.xls,מקיפה - הלכה
520023185,,,520023185|מקיפה - הלכה|הפניקס פנסיה מקיפה מסלול הלכה,הפניקס פנסיה מקיפה מסלול הלכה,2023,מזומנים (*),,2.4,3.0,,,,,,מקיפה - הלכה,2026-09-30T21:21:21+00:00,http://www.fnx.co.il/sites/docs/genery/mediniut_ashkaa_tzfuia/pension2023.xls,policy/companies/520023185/raw/520023185/64931917964a_pension2023.xls,מקיפה - הלכה
520023185,,,520023185|מקיפה - הלכה|הפניקס פנסיה מקיפה מסלול הלכה,הפניקס פנסיה מקיפה מסלול הלכה,2023,"חשיפה למט""ח",fx,21.7,19.0,0.06,13.0,25.0,,,מקיפה - הלכה,2026-09-30T21:21:21+00:00,http://www.fnx.co.il/sites/docs/genery/mediniut_ashkaa_tzfuia/pension2023.xls,policy/companies/520023185/raw/520023185/64931917964a_pension2023.xls,מקיפה - הלכה
520023185,,,520023185|מקיפה - הלכה|הפניקס פנסיה מקיפה מסלול הלכה,הפניקס פנסיה מקיפה מסלול הלכה,2023,מגבלת עמלת ניהול חיצוני לשנת 2023,,0.09,,,,,,,מקיפה - הלכה,2026-09-30T21:21:21+00:00,http://www.fnx.co.il/sites/docs/genery/mediniut_ashkaa_tzfuia/pension2023.xls,policy/companies/520023185/raw/520023185/64931917964a_pension2023.xls,מקיפה - הלכה
520023185,,,520023185|פנסיה משלימה תלוי גיל|הפניקס פנסיה משלימה מסלול לבני 50 ומטה,הפניקס פנסיה משלימה מסלול לבני 50 ומטה,2023,"מניות (תעודות סל, אופציות, קרנות נאמנות)",equity,46.7,52.0,0.06,46.0,58.0,"35%- מדד ת""א 125 ,   65%- MSCI WORLD AC",,פנסיה משלימה תלוי גיל,2026-09-30T21:21:21+00:00,http://www.fnx.co.il/sites/docs/genery/mediniut_ashkaa_tzfuia/pension2023.xls,policy/companies/520023185/raw/520023185/64931917964a_pension2023.xls,פנסיה משלימה תלוי גיל
520023185,,,520023185|פנסיה משלימה תלוי גיל|הפניקס פנסיה משלימה מסלול לבני 50 ומטה,הפניקס פנסיה משלימה מסלול לבני 50 ומטה,2023,"אג""ח ממשלתי (צמוד, שקלי ומט""ח), ממשלות זרות בנטרול חשיפות בנגזרים",,16.3,14.0,0.05,9.0,19.0,"מדד אג""ח ממשלתי כללי",,פנסיה משלימה תלוי גיל,2026-09-30T21:21:21+00:00,http://www.fnx.co.il/sites/docs/genery/mediniut_ashkaa_tzfuia/pension2023.xls,policy/companies/520023185/raw/520023185/64931917964a_pension2023.xls,פנסיה משלימה תלוי גיל
520023185,,,520023185|פנסיה משלימה תלוי גיל|הפניקס פנסיה משלימה מסלול לבני 50 ומטה,הפניקס פנסיה משלימה מסלול לבני 50 ומטה,2023,"אג""ח קונצרני (כולל קרנות נאמנות, תעודות סל)",,30.8,29.0,0.06,23.0,35.0,"35% - תל בונד כללי , 20% - תל בונד 60 , 15% - תל בונד 50 , 15% - IBOXX HY - 15%, IBOXX IG",,פנסיה משלימה תלוי גיל,2026-09-30T21:21:21+00:00,http://www.fnx.co.il/sites/docs/genery/mediniut_ashkaa_tzfuia/pension2023.xls,policy/companies/520023185/raw/520023185/64931917964a_pension2023.xls,פנסיה משלימה תלוי גיל
520023185,,,520023185|פנסיה משלימה תלוי גיל|הפניקס פנסיה משלימה מסלול לבני 50 ומטה,הפניקס פנסיה משלימה מסלול לבני 50 ומטה,2023,"נדל""ן",,0.4,1.0,0.05,0.0,6.0,,,פנסיה משלימה תלוי גיל,2026-09-30T21:21:21+00:00,http://www.fnx.co.il/sites/docs/genery/mediniut_ashkaa_tzfuia/pension2023.xls,policy/companies/520023185/raw/520023185/64931917964a_pension2023.xls,פנסיה משלימה תלוי גיל
520023185,,,520023185|פנסיה משלימה תלוי גיל|הפניקס פנסיה משלימה מסלול לבני 50 ומטה,הפניקס פנסיה משלימה מסלול לבני 50 ומטה,2023,"אחר (קרנות השקעה, Co Invest, תשתיות, גידור)",,1.9,2.0,0.05,0.0,7.0,,,פנסיה משלימה תלוי גיל,2026-09-30T21:21:21+00:00,http://www.fnx.co.il/sites/docs/genery/mediniut_ashkaa_tzfuia/pension2023.xls,policy/companies/520023185/raw/520023185/64931917964a_pension2023.xls,פנסיה משלימה תלוי גיל
520023185,,,520023185|פנסיה משלימה תלוי גיל|הפניקס פנסיה משלימה מסלול לבני 50 ומטה,הפניקס פנסיה משלימה מסלול לבני 50 ומטה,2023,מזומנים (*),,3.9,2.0,,,,,,פנסיה משלימה תלוי גיל,2026-09-30T21:21:21+00:00,http://www.fnx.co.il/sites/docs/genery/mediniut_ashkaa_tzfuia/pension2023.xls,policy/companies/520023185/raw/520023185/64931917964a_pension2023.xls,פנסיה משלימה תלוי גיל
520023185,,,520023185|פנסיה משלימה תלוי גיל|הפניקס פנסיה משלימה מסלול לבני 50 ומטה,הפניקס פנסיה משלימה מסלול לבני 50 ומטה,2023,"חשיפה למט""ח",fx,16.6,19.0,0.06,13.0,25.0,,,פנסיה משלימה תלוי גיל,2026-09-30T21:21:21+00:00,http://www.fnx.co.il/sites/docs/genery/mediniut_ashkaa_tzfuia/pension2023.xls,policy/companies/520023185/raw/520023185/64931917964a_pension2023.xls,פנסיה משלימה תלוי גיל
520023185,,,520023185|פנסיה משלימה תלוי גיל|הפניקס פנסיה משלימה מסלול לבני 50 ומטה,הפניקס פנסיה משלימה מסלול לבני 50 ומטה,2023,מגבלת עמלת ניהול חיצוני לשנת 2023,,0.1,,,,,,,פנסיה משלימה תלוי גיל,2026-09-30T21:21:21+00:00,http://www.fnx.co.il/sites/docs/genery/mediniut_ashkaa_tzfuia/pension2023.xls,policy/companies/520023185/raw/520023185/64931917964a_pension2023.xls,פנסיה משלימה תלוי גיל
520023185,,,520023185|פנסיה משלימה תלוי גיל|הפניקס פנסיה משלימה מסלול לבני 50 עד 60,הפניקס פנסיה משלימה מסלול לבני 50 עד 60,2023,"מניות (תעודות סל, אופציות, קרנות נאמנות)",equity,38.5,39.0,0.06,33.0,45.0,"35%- מדד ת""א 125 ,   65%- MSCI WORLD AC",,פנסיה משלימה תלוי גיל,2026-09-30T21:21:21+00:00,http://www.fnx.co.il/sites/docs/genery/mediniut_ashkaa_tzfuia/pension2023.xls,policy/companies/520023185/raw/520023185/64931917964a_pension2023.xls,פנסיה משלימה תלוי גיל
520023185,,,520023185|פנסיה משלימה תלוי גיל|הפניקס פנסיה משלימה מסלול לבני 50 עד 60,הפניקס פנסיה משלימה מסלול לבני 50 עד 60,2023,"אג""ח ממשלתי (צמוד, שקלי ומט""ח), ממשלות זרות בנטרול חשיפות בנגזרים",,23.3,26.0,0.05,21.0,31.0,"מדד אג""ח ממשלתי כללי",,פנסיה משלימה תלוי גיל,2026-09-30T21:21:21+00:00,http://www.fnx.co.il/sites/docs/genery/mediniut_ashkaa_tzfuia/pension2023.xls,policy/companies/520023185/raw/520023185/64931917964a_pension2023.xls,פנסיה משלימה תלוי גיל
520023185,,,520023185|פנסיה משלימה תלוי גיל|הפניקס פנסיה משלימה מסלול לבני 50 עד 60,הפניקס פנסיה משלימה מסלול לבני 50 עד 60,2023,"אג""ח קונצרני (כולל קרנות נאמנות, תעודות סל)",,35.7,32.0,0.06,26.0,38.0,"35% - תל בונד כללי , 20% - תל בונד 60 , 15% - תל בונד 50 , 15% - IBOXX HY - 15%, IBOXX IG",,פנסיה משלימה תלוי גיל,2026-09-30T21:21:21+00:00,http://www.fnx.co.il/sites/docs/genery/mediniut_ashkaa_tzfuia/pension2023.xls,policy/companies/520023185/raw/520023185/64931917964a_pension2023.xls,פנסיה משלימה תלוי גיל
520023185,,,520023185|פנסיה משלימה תלוי גיל|הפניקס פנסיה משלימה מסלול לבני 50 עד 60,הפניקס פנסיה משלימה מסלול לבני 50 עד 60,2023,"נדל""ן",,0.0,0.0,0.05,0.0,5.0,,,פנסיה משלימה תלוי גיל,2026-09-30T21:21:21+00:00,http://www.fnx.co.il/sites/docs/genery/mediniut_ashkaa_tzfuia/pension2023.xls,policy/companies/520023185/raw/520023185/64931917964a_pension2023.xls,פנסיה משלימה תלוי גיל
520023185,,,520023185|פנסיה משלימה תלוי גיל|הפניקס פנסיה משלימה מסלול לבני 50 עד 60,הפניקס פנסיה משלימה מסלול לבני 50 עד 60,2023,"אחר (קרנות השקעה, Co Invest, תשתיות, גידור)",,0.5,0.0,0.05,0.0,5.0,,,פנסיה משלימה תלוי גיל,2026-09-30T21:21:21+00:00,http://www.fnx.co.il/sites/docs/genery/mediniut_ashkaa_tzfuia/pension2023.xls,policy/companies/520023185/raw/520023185/64931917964a_pension2023.xls,פנסיה משלימה תלוי גיל
520023185,,,520023185|פנסיה משלימה תלוי גיל|הפניקס פנסיה משלימה מסלול לבני 50 עד 60,הפניקס פנסיה משלימה מסלול לבני 50 עד 60,2023,מזומנים (*),,2.0,3.0,,,,,,פנסיה משלימה תלוי גיל,2026-09-30T21:21:21+00:00,http://www.fnx.co.il/sites/docs/genery/mediniut_ashkaa_tzfuia/pension2023.xls,policy/companies/520023185/raw/520023185/64931917964a_pension2023.xls,פנסיה משלימה תלוי גיל
520023185,,,520023185|פנסיה משלימה תלוי גיל|הפניקס פנסיה משלימה מסלול לבני 50 עד 60,הפניקס פנסיה משלימה מסלול לבני 50 עד 60,2023,"חשיפה למט""ח",fx,12.9,19.0,0.06,13.0,25.0,,,פנסיה משלימה תלוי גיל,2026-09-30T21:21:21+00:00,http://www.fnx.co.il/sites/docs/genery/mediniut_ashkaa_tzfuia/pension2023.xls,policy/companies/520023185/raw/520023185/64931917964a_pension2023.xls,פנסיה משלימה תלוי גיל
520023185,,,520023185|פנסיה משלימה תלוי גיל|הפניקס פנסיה משלימה מסלול לבני 50 עד 60,הפניקס פנסיה משלימה מסלול לבני 50 עד 60,2023,מגבלת עמלת ניהול חיצוני לשנת 2023,,0.07,,,,,,,פנסיה משלימה תלוי גיל,2026-09-30T21:21:21+00:00,http://www.fnx.co.il/sites/docs/genery/mediniut_ashkaa_tzfuia/pension2023.xls,policy/companies/520023185/raw/520023185/64931917964a_pension2023.xls,פנסיה משלימה תלוי גיל
520023185,,,520023185|פנסיה משלימה תלוי גיל|הפניקס פנסיה משלימה מסלול לבני 60 ומעלה,הפניקס פנסיה משלימה מסלול לבני 60 ומעלה,2023,"מניות (תעודות סל, אופציות, קרנות נאמנות)",equity,23.7,26.0,0.06,20.0,32.0,"35%- מדד ת""א 125 ,   65%- MSCI WORLD AC",,פנסיה משלימה תלוי גיל,2026-09-30T21:21:21+00:00,http://www.fnx.co.il/sites/docs/genery/mediniut_ashkaa_tzfuia/pension2023.xls,policy/companies/520023185/raw/520023185/64931917964a_pension2023.xls,פנסיה משלימה תלוי גיל
520023185,,,520023185|פנסיה משלימה תלוי גיל|הפניקס פנסיה משלימה מסלול לבני 60 ומעלה,הפניקס פנסיה משלימה מסלול לבני 60 ומעלה,2023,"אג""ח ממשלתי (צמוד, שקלי ומט""ח), ממשלות זרות בנטרול חשיפות בנגזרים",,38.2,39.0,0.05,34.0,44.0,"מדד אג""ח ממשלתי כללי",,פנסיה משלימה תלוי גיל,2026-09-30T21:21:21+00:00,http://www.fnx.co.il/sites/docs/genery/mediniut_ashkaa_tzfuia/pension2023.xls,policy/companies/520023185/raw/520023185/64931917964a_pension2023.xls,פנסיה משלימה תלוי גיל
520023185,,,520023185|פנסיה משלימה תלוי גיל|הפניקס פנסיה משלימה מסלול לבני 60 ומעלה,הפניקס פנסיה משלימה מסלול לבני 60 ומעלה,2023,"אג""ח קונצרני (כולל קרנות נאמנות, תעודות סל)",,33.4,32.0,0.06,26.0,38.0,"35% - תל בונד כללי , 20% - תל בונד 60 , 15% - תל בונד 50 , 15% - IBOXX HY - 15%, IBOXX IG",,פנסיה משלימה תלוי גיל,2026-09-30T21:21:21+00:00,http://www.fnx.co.il/sites/docs/genery/mediniut_ashkaa_tzfuia/pension2023.xls,policy/companies/520023185/raw/520023185/64931917964a_pension2023.xls,פנסיה משלימה תלוי גיל
520023185,,,520023185|פנסיה משלימה תלוי גיל|הפניקס פנסיה משלימה מסלול לבני 60 ומעלה,הפניקס פנסיה משלימה מסלול לבני 60 ומעלה,2023,"נדל""ן",,0.0,0.0,0.05,0.0,5.0,,,פנסיה משלימה תלוי גיל,2026-09-30T21:21:21+00:00,http://www.fnx.co.il/sites/docs/genery/mediniut_ashkaa_tzfuia/pension2023.xls,policy/companies/520023185/raw/520023185/64931917964a_pension2023.xls,פנסיה משלימה תלוי גיל
520023185,,,520023185|פנסיה משלימה תלוי גיל|הפניקס פנסיה משלימה מסלול לבני 60 ומעלה,הפניקס פנסיה משלימה מסלול לבני 60 ומעלה,2023,"אחר (קרנות השקעה, Co Invest, תשתיות, גידור)",,0.8,0.0,0.05,0.0,5.0,,,פנסיה משלימה תלוי גיל,2026-09-30T21:21:21+00:00,http://www.fnx.co.il/sites/docs/genery/mediniut_ashkaa_tzfuia/pension2023.xls,policy/companies/520023185/raw/520023185/64931917964a_pension2023.xls,פנסיה משלימה תלוי גיל
520023185,,,520023185|פנסיה משלימה תלוי גיל|הפניקס פנסיה משלימה מסלול לבני 60 ומעלה,הפניקס פנסיה משלימה מסלול לבני 60 ומעלה,2023,מזומנים (*),,3.9,3.0,,,,,,פנסיה משלימה תלוי גיל,2026-09-30T21:21:21+00:00,http://www.fnx.co.il/sites/docs/genery/mediniut_ashkaa_tzfuia/pension2023.xls,policy/companies/520023185/raw/520023185/64931917964a_pension2023.xls,פנסיה משלימה תלוי גיל
520023185,,,520023185|פנסיה משלימה תלוי גיל|הפניקס פנסיה משלימה מסלול לבני 60 ומעלה,הפניקס פנסיה משלימה מסלול לבני 60 ומעלה,2023,"חשיפה למט""ח",fx,11.1,17.0,0.06,11.0,23.0,,,פנסיה משלימה תלוי גיל,2026-09-30T21:21:21+00:00,http://www.fnx.co.il/sites/docs/genery/mediniut_ashkaa_tzfuia/pension2023.xls,policy/companies/520023185/raw/520023185/64931917964a_pension2023.xls,פנסיה משלימה תלוי גיל
520023185,,,520023185|פנסיה משלימה תלוי גיל|הפניקס פנסיה משלימה מסלול לבני 60 ומעלה,הפניקס פנסיה משלימה מסלול לבני 60 ומעלה,2023,מגבלת עמלת ניהול חיצוני לשנת 2023,,0.06,,,,,,,פנסיה משלימה תלוי גיל,2026-09-30T21:21:21+00:00,http://www.fnx.co.il/sites/docs/genery/mediniut_ashkaa_tzfuia/pension2023.xls,policy/companies/520023185/raw/520023185/64931917964a_pension2023.xls,פנסיה משלימה תלוי גיל
520023185,,,520023185|משלימה משולב סחיר|הפניקס פנסיה משלימה מסלול משולב סחיר,הפניקס פנסיה משלימה מסלול משולב סחיר,2023,"מניות (תעודות סל, אופציות, קרנות נאמנות)",equity,,39.0,0.06,33.0,45.0,"35%- מדד ת""א 125 ,   65%- MSCI WORLD AC",,משלימה משולב סחיר,2026-09-30T21:21:21+00:00,http://www.fnx.co.il/sites/docs/genery/mediniut_ashkaa_tzfuia/pension2023.xls,policy/companies/520023185/raw/520023185/64931917964a_pension2023.xls,משלימה משולב סחיר
520023185,,,520023185|משלימה משולב סחיר|הפניקס פנסיה משלימה מסלול משולב סחיר,הפניקס פנסיה משלימה מסלול משולב סחיר,2023,"אג""ח ממשלתי (צמוד, שקלי ומט""ח), ממשלות זרות בנטרול חשיפות בנגזרים",,,26.0,0.05,21.0,31.0,"מדד אג""ח ממשלתי כללי",,משלימה משולב סחיר,2026-09-30T21:21:21+00:00,http://www.fnx.co.il/sites/docs/genery/mediniut_ashkaa_tzfuia/pension2023.xls,policy/companies/520023185/raw/520023185/64931917964a_pension2023.xls,משלימה משולב סחיר
520023185,,,520023185|משלימה משולב סחיר|הפניקס פנסיה משלימה מסלול משולב סחיר,הפניקס פנסיה משלימה מסלול משולב סחיר,2023,"אג""ח קונצרני (כולל קרנות נאמנות, תעודות סל)",,,32.0,0.06,26.0,38.0,"35% - תל בונד כללי , 20% - תל בונד 60 , 15% - תל בונד 50 , 15% - IBOXX HY - 15%, IBOXX IG",,משלימה משולב סחיר,2026-09-30T21:21:21+00:00,http://www.fnx.co.il/sites/docs/genery/mediniut_ashkaa_tzfuia/pension2023.xls,policy/companies/520023185/raw/520023185/64931917964a_pension2023.xls,משלימה משולב סחיר
520023185,,,520023185|משלימה משולב סחיר|הפניקס פנסיה משלימה מסלול משולב סחיר,הפניקס פנסיה משלימה מסלול משולב סחיר,2023,מזומנים (*),,,3.0,,,,,,משלימה משולב סחיר,2026-09-30T21:21:21+00:00,http://www.fnx.co.il/sites/docs/genery/mediniut_ashkaa_tzfuia/pension2023.xls,policy/companies/520023185/raw/520023185/64931917964a_pension2023.xls,משלימה משולב סחיר
520023185,,,520023185|משלימה משולב סחיר|הפניקס פנסיה משלימה מסלול משולב סחיר,הפניקס פנסיה משלימה מסלול משולב סחיר,2023,"חשיפה למט""ח",fx,,19.0,0.06,13.0,25.0,,,משלימה משולב סחיר,2026-09-30T21:21:21+00:00,http://www.fnx.co.il/sites/docs/genery/mediniut_ashkaa_tzfuia/pension2023.xls,policy/companies/520023185/raw/520023185/64931917964a_pension2023.xls,משלימה משולב סחיר
520023185,,,520023185|משלימה משולב סחיר|הפניקס פנסיה משלימה מסלול משולב סחיר,הפניקס פנסיה משלימה מסלול משולב סחיר,2023,מגבלת עמלת ניהול חיצוני לשנת 2023,,,0.08,,,,,,משלימה משולב סחיר,2026-09-30T21:21:21+00:00,http://www.fnx.co.il/sites/docs/genery/mediniut_ashkaa_tzfuia/pension2023.xls,policy/companies/520023185/raw/520023185/64931917964a_pension2023.xls,משלימה משולב סחיר
520023185,,,520023185|משלימה עוקב מדדים גמיש|פנסיה משלימה מסלול עוקב מדדים גמיש,פנסיה משלימה מסלול עוקב מדדים גמיש,2023,"מניות (כולל תעודות סל, אופציות, קרנות נאמנות)",equity,,39.0,0.06,33.0,45.0,MSCI EM,,משלימה עוקב מדדים גמיש,2026-09-30T21:21:21+00:00,http://www.fnx.co.il/sites/docs/genery/mediniut_ashkaa_tzfuia/pension2023.xls,policy/companies/520023185/raw/520023185/64931917964a_pension2023.xls,משלימה עוקב מדדים גמיש 
520023185,,,520023185|משלימה עוקב מדדים גמיש|פנסיה משלימה מסלול עוקב מדדים גמיש,פנסיה משלימה מסלול עוקב מדדים גמיש,2023,"אג""ח ממשלתי (צמוד, שקלי ומט""ח), ממשלות",,,26.0,0.05,21.0,31.0,משקל שחר 0-2,,משלימה עוקב מדדים גמיש,2026-09-30T21:21:21+00:00,http://www.fnx.co.il/sites/docs/genery/mediniut_ashkaa_tzfuia/pension2023.xls,policy/companies/520023185/raw/520023185/64931917964a_pension2023.xls,משלימה עוקב מדדים גמיש 
520023185,,,520023185|משלימה עוקב מדדים גמיש|פנסיה משלימה מסלול עוקב מדדים גמיש,פנסיה משלימה מסלול עוקב מדדים גמיש,2023,"אג""ח קונצרני (כולל קרנות נאמנות, תעודות סל)",,,32.0,0.06,26.0,38.0,JCMBCOMP,,משלימה עוקב מדדים גמיש,2026-09-30T21:21:21+00:00,http://www.fnx.co.il/sites/docs/genery/mediniut_ashkaa_tzfuia/pension2023.xls,policy/companies/520023185/raw/520023185/64931917964a_pension2023.xls,משלימה עוקב מדדים גמיש 
520023185,,,520023185|משלימה עוקב מדדים גמיש|פנסיה משלימה מסלול עוקב מדדים גמיש,פנסיה משלימה מסלול עוקב מדדים גמיש,2023,מזומנים (*),,,3.0,,,,"ריבית פח""ק",,משלימה עוקב מדדים גמיש,2026-09-30T21:21:21+00:00,http://www.fnx.co.il/sites/docs/genery/mediniut_ashkaa_tzfuia/pension2023.xls,policy/companies/520023185/raw/520023185/64931917964a_pension2023.xls,משלימה עוקב מדדים גמיש 
520023185,,,520023185|משלימה עוקב מדדים גמיש|פנסיה משלימה מסלול עוקב מדדים גמיש,פנסיה משלימה מסלול עוקב מדדים גמיש,2023,"חשיפה למט""ח",fx,,19.0,0.06,13.0,25.0,,,משלימה עוקב מדדים גמיש,2026-09-30T21:21:21+00:00,http://www.fnx.co.il/sites/docs/genery/mediniut_ashkaa_tzfuia/pension2023.xls,policy/companies/520023185/raw/520023185/64931917964a_pension2023.xls,משלימה עוקב מדדים גמיש 
520023185,,,520023185|משלימה עוקב מדדים גמיש|פנסיה משלימה מסלול עוקב מדדים גמיש,פנסיה משלימה מסלול עוקב מדדים גמיש,2023,מגבלת עמלת ניהול חיצוני לשנת 2023,,,0.05,,,,,,משלימה עוקב מדדים גמיש,2026-09-30T21:21:21+00:00,http://www.fnx.co.il/sites/docs/genery/mediniut_ashkaa_tzfuia/pension2023.xls,policy/companies/520023185/raw/520023185/64931917964a_pension2023.xls,משלימה עוקב מדדים גמיש 
520023185,,,520023185|מקיפה-פנסיונרים עד 31.12.17|הפניקס פנסיה מקיפה פנסיונרים עד 31 12 17,הפניקס פנסיה מקיפה פנסיונרים עד 31 12 17,2023,"מניות (תעודות סל, אופציות, קרנות נאמנות)",equity,0.0,0.0,0.01,0.0,1.0,,,מקיפה-פנסיונרים עד 31.12.17,2026-09-30T21:21:21+00:00,http://www.fnx.co.il/sites/docs/genery/mediniut_ashkaa_tzfuia/pension2023.xls,policy/companies/520023185/raw/520023185/64931917964a_pension2023.xls,מקיפה-פנסיונרים עד 31.12.17
520023185,,,520023185|מקיפה-פנסיונרים עד 31.12.17|הפניקס פנסיה מקיפה פנסיונרים עד 31 12 17,הפניקס פנסיה מקיפה פנסיונרים עד 31 12 17,2023,"אג""ח ממשלתי (צמוד, שקלי ומט""ח), ממשלות זרות בנטרול חשיפות בנגזרים",,35.6,39.0,0.05,0.0,44.0,"מדד אג""ח ממשלתי כללי",,מקיפה-פנסיונרים עד 31.12.17,2026-09-30T21:21:21+00:00,http://www.fnx.co.il/sites/docs/genery/mediniut_ashkaa_tzfuia/pension2023.xls,policy/companies/520023185/raw/520023185/64931917964a_pension2023.xls,מקיפה-פנסיונרים עד 31.12.17
520023185,,,520023185|מקיפה-פנסיונרים עד 31.12.17|הפניקס פנסיה מקיפה פנסיונרים עד 31 12 17,הפניקס פנסיה מקיפה פנסיונרים עד 31 12 17,2023,"אג""ח מיועדות ורכיב מבטיח תשואה(***)",,61.1,60.0,0.05,55.0,65.0,,,מקיפה-פנסיונרים עד 31.12.17,2026-09-30T21:21:21+00:00,http://www.fnx.co.il/sites/docs/genery/mediniut_ashkaa_tzfuia/pension2023.xls,policy/companies/520023185/raw/520023185/64931917964a_pension2023.xls,מקיפה-פנסיונרים עד 31.12.17
520023185,,,520023185|מקיפה-פנסיונרים עד 31.12.17|הפניקס פנסיה מקיפה פנסיונרים עד 31 12 17,הפניקס פנסיה מקיפה פנסיונרים עד 31 12 17,2023,"אג""ח קונצרני (כולל קרנות נאמנות, תעודות סל)",,0.0,0.0,0.01,0.0,1.0,מדד תל בונד 60,,מקיפה-פנסיונרים עד 31.12.17,2026-09-30T21:21:21+00:00,http://www.fnx.co.il/sites/docs/genery/mediniut_ashkaa_tzfuia/pension2023.xls,policy/companies/520023185/raw/520023185/64931917964a_pension2023.xls,מקיפה-פנסיונרים עד 31.12.17
520023185,,,520023185|מקיפה-פנסיונרים עד 31.12.17|הפניקס פנסיה מקיפה פנסיונרים עד 31 12 17,הפניקס פנסיה מקיפה פנסיונרים עד 31 12 17,2023,"נדל""ן",,0.0,0.0,0.0,0.0,0.0,,,מקיפה-פנסיונרים עד 31.12.17,2026-09-30T21:21:21+00:00,http://www.fnx.co.il/sites/docs/genery/mediniut_ashkaa_tzfuia/pension2023.xls,policy/companies/520023185/raw/520023185/64931917964a_pension2023.xls,מקיפה-פנסיונרים עד 31.12.17
520023185,,,520023185|מקיפה-פנסיונרים עד 31.12.17|הפניקס פנסיה מקיפה פנסיונרים עד 31 12 17,הפניקס פנסיה מקיפה פנסיונרים עד 31 12 17,2023,"אחר (קרנות השקעה, Co Invest, תשתיות, גידור)",,0.0,0.0,0.0,0.0,0.0,,,מקיפה-פנסיונרים עד 31.12.17,2026-09-30T21:21:21+00:00,http://www.fnx.co.il/sites/docs/genery/mediniut_ashkaa_tzfuia/pension2023.xls,policy/companies/520023185/raw/520023185/64931917964a_pension2023.xls,מקיפה-פנסיונרים עד 31.12.17
520023185,,,520023185|מקיפה-פנסיונרים עד 31.12.17|הפניקס פנסיה מקיפה פנסיונרים עד 31 12 17,הפניקס פנסיה מקיפה פנסיונרים עד 31 12 17,2023,מזומנים (*),,3.3,1.0,,,,,,מקיפה-פנסיונרים עד 31.12.17,2026-09-30T21:21:21+00:00,http://www.fnx.co.il/sites/docs/genery/mediniut_ashkaa_tzfuia/pension2023.xls,policy/companies/520023185/raw/520023185/64931917964a_pension2023.xls,מקיפה-פנסיונרים עד 31.12.17
520023185,,,520023185|מקיפה-פנסיונרים עד 31.12.17|הפניקס פנסיה מקיפה פנסיונרים עד 31 12 17,הפניקס פנסיה מקיפה פנסיונרים עד 31 12 17,2023,"חשיפה למט""ח",fx,0.0,0.0,0.06,0.0,6.0,,,מקיפה-פנסיונרים עד 31.12.17,2026-09-30T21:21:21+00:00,http://www.fnx.co.il/sites/docs/genery/mediniut_ashkaa_tzfuia/pension2023.xls,policy/companies/520023185/raw/520023185/64931917964a_pension2023.xls,מקיפה-פנסיונרים עד 31.12.17
520023185,,,520023185|מקיפה-פנסיונרים עד 31.12.17|הפניקס פנסיה מקיפה פנסיונרים עד 31 12 17,הפניקס פנסיה מקיפה פנסיונרים עד 31 12 17,2023,מגבלת עמלת ניהול חיצוני לשנת 2023,,0.0,,,,,,,מקיפה-פנסיונרים עד 31.12.17,2026-09-30T21:21:21+00:00,http://www.fnx.co.il/sites/docs/genery/mediniut_ashkaa_tzfuia/pension2023.xls,policy/companies/520023185/raw/520023185/64931917964a_pension2023.xls,מקיפה-פנסיונרים עד 31.12.17
520023185,,,520023185|מקיפה-פנסיונרים זכאים|הפניקס פנסיה מקיפה פנסיונרים זכאים,הפניקס פנסיה מקיפה פנסיונרים זכאים,2023,"מניות (תעודות סל, אופציות, קרנות נאמנות)",equity,0.0,0.0,0.06,0.0,6.0,"40%- מדד ת""א 125 ,   60%- MSCI WORLD AC",,מקיפה-פנסיונרים זכאים,2026-09-30T21:21:21+00:00,http://www.fnx.co.il/sites/docs/genery/mediniut_ashkaa_tzfuia/pension2023.xls,policy/companies/520023185/raw/520023185/64931917964a_pension2023.xls,מקיפה-פנסיונרים זכאים
520023185,,,520023185|מקיפה-פנסיונרים זכאים|הפניקס פנסיה מקיפה פנסיונרים זכאים,הפניקס פנסיה מקיפה פנסיונרים זכאים,2023,"אג""ח ממשלתי (צמוד, שקלי ומט""ח), ממשלות זרות בנטרול חשיפות בנגזרים",,15.6,25.0,0.05,0.0,30.0,"מדד אג""ח ממשלתי כללי",,מקיפה-פנסיונרים זכאים,2026-09-30T21:21:21+00:00,http://www.fnx.co.il/sites/docs/genery/mediniut_ashkaa_tzfuia/pension2023.xls,policy/companies/520023185/raw/520023185/64931917964a_pension2023.xls,מקיפה-פנסיונרים זכאים
520023185,,,520023185|מקיפה-פנסיונרים זכאים|הפניקס פנסיה מקיפה פנסיונרים זכאים,הפניקס פנסיה מקיפה פנסיונרים זכאים,2023,"אג""ח מיועדות ורכיב מבטיח תשואה(***)",,83.5,70.0,0.05,65.0,75.0,,,מקיפה-פנסיונרים זכאים,2026-09-30T21:21:21+00:00,http://www.fnx.co.il/sites/docs/genery/mediniut_ashkaa_tzfuia/pension2023.xls,policy/companies/520023185/raw/520023185/64931917964a_pension2023.xls,מקיפה-פנסיונרים זכאים
520023185,,,520023185|מקיפה-פנסיונרים זכאים|הפניקס פנסיה מקיפה פנסיונרים זכאים,הפניקס פנסיה מקיפה פנסיונרים זכאים,2023,"אג""ח קונצרני (כולל קרנות נאמנות, תעודות סל)",,0.0,0.0,0.06,0.0,6.0,מדד תל בונד 60,,מקיפה-פנסיונרים זכאים,2026-09-30T21:21:21+00:00,http://www.fnx.co.il/sites/docs/genery/mediniut_ashkaa_tzfuia/pension2023.xls,policy/companies/520023185/raw/520023185/64931917964a_pension2023.xls,מקיפה-פנסיונרים זכאים
520023185,,,520023185|מקיפה-פנסיונרים זכאים|הפניקס פנסיה מקיפה פנסיונרים זכאים,הפניקס פנסיה מקיפה פנסיונרים זכאים,2023,"נדל""ן",,0.0,0.0,0.05,0.0,5.0,,,מקיפה-פנסיונרים זכאים,2026-09-30T21:21:21+00:00,http://www.fnx.co.il/sites/docs/genery/mediniut_ashkaa_tzfuia/pension2023.xls,policy/companies/520023185/raw/520023185/64931917964a_pension2023.xls,מקיפה-פנסיונרים זכאים
520023185,,,520023185|מקיפה-פנסיונרים זכאים|הפניקס פנסיה מקיפה פנסיונרים זכאים,הפניקס פנסיה מקיפה פנסיונרים זכאים,2023,"אחר (קרנות השקעה, Co Invest, תשתיות, גידור)",,0.0,0.0,0.05,0.0,5.0,,,מקיפה-פנסיונרים זכאים,2026-09-30T21:21:21+00:00,http://www.fnx.co.il/sites/docs/genery/mediniut_ashkaa_tzfuia/pension2023.xls,policy/companies/520023185/raw/520023185/64931917964a_pension2023.xls,מקיפה-פנסיונרים זכאים
520023185,,,520023185|מקיפה-פנסיונרים זכאים|הפניקס פנסיה מקיפה פנסיונרים זכאים,הפניקס פנסיה מקיפה פנסיונרים זכאים,2023,מזומנים (*),,0.9,5.0,,,,,,מקיפה-פנסיונרים זכאים,2026-09-30T21:21:21+00:00,http://www.fnx.co.il/sites/docs/genery/mediniut_ashkaa_tzfuia/pension2023.xls,policy/companies/520023185/raw/520023185/64931917964a_pension2023.xls,מקיפה-פנסיונרים זכאים
520023185,,,520023185|מקיפה-פנסיונרים זכאים|הפניקס פנסיה מקיפה פנסיונרים זכאים,הפניקס פנסיה מקיפה פנסיונרים זכאים,2023,"חשיפה למט""ח",fx,0.0,0.0,0.06,6.0,18.0,,,מקיפה-פנסיונרים זכאים,2026-09-30T21:21:21+00:00,http://www.fnx.co.il/sites/docs/genery/mediniut_ashkaa_tzfuia/pension2023.xls,policy/companies/520023185/raw/520023185/64931917964a_pension2023.xls,מקיפה-פנסיונרים זכאים
520023185,,,520023185|מקיפה-פנסיונרים זכאים|הפניקס פנסיה מקיפה פנסיונרים זכאים,הפניקס פנסיה מקיפה פנסיונרים זכאים,2023,מגבלת עמלת ניהול חיצוני לשנת 2023,,0.0,,,,,,,מקיפה-פנסיונרים זכאים,2026-09-30T21:21:21+00:00,http://www.fnx.co.il/sites/docs/genery/mediniut_ashkaa_tzfuia/pension2023.xls,policy/companies/520023185/raw/520023185/64931917964a_pension2023.xls,מקיפה-פנסיונרים זכאים
520023185,,,520023185|מקיפה-פנסיונרים החל מ-1.1.18|הפניקס פנסיה מקיפה פנסיונרים החל מ 1 1 18,הפניקס פנסיה מקיפה פנסיונרים החל מ 1 1 18,2023,"מניות (תעודות סל, אופציות, קרנות נאמנות)",equity,18.0,18.0,0.06,12.0,24.0,"35%- מדד ת""א 125 ,   65%- MSCI WORLD AC",,מקיפה-פנסיונרים החל מ-1.1.18,2026-09-30T21:21:21+00:00,http://www.fnx.co.il/sites/docs/genery/mediniut_ashkaa_tzfuia/pension2023.xls,policy/companies/520023185/raw/520023185/64931917964a_pension2023.xls,מקיפה-פנסיונרים החל מ-1.1.18
520023185,,,520023185|מקיפה-פנסיונרים החל מ-1.1.18|הפניקס פנסיה מקיפה פנסיונרים החל מ 1 1 18,הפניקס פנסיה מקיפה פנסיונרים החל מ 1 1 18,2023,"אג""ח ממשלתי (צמוד, שקלי ומט""ח), ממשלות זרות בנטרול חשיפות בנגזרים",,3.1,3.0,0.05,0.0,8.0,"מדד אג""ח ממשלתי כללי",,מקיפה-פנסיונרים החל מ-1.1.18,2026-09-30T21:21:21+00:00,http://www.fnx.co.il/sites/docs/genery/mediniut_ashkaa_tzfuia/pension2023.xls,policy/companies/520023185/raw/520023185/64931917964a_pension2023.xls,מקיפה-פנסיונרים החל מ-1.1.18
520023185,,,520023185|מקיפה-פנסיונרים החל מ-1.1.18|הפניקס פנסיה מקיפה פנסיונרים החל מ 1 1 18,הפניקס פנסיה מקיפה פנסיונרים החל מ 1 1 18,2023,"אג""ח מיועדות ורכיב מבטיח תשואה(***)",,57.7,60.0,0.05,55.0,65.0,,,מקיפה-פנסיונרים החל מ-1.1.18,2026-09-30T21:21:21+00:00,http://www.fnx.co.il/sites/docs/genery/mediniut_ashkaa_tzfuia/pension2023.xls,policy/companies/520023185/raw/520023185/64931917964a_pension2023.xls,מקיפה-פנסיונרים החל מ-1.1.18
520023185,,,520023185|מקיפה-פנסיונרים החל מ-1.1.18|הפניקס פנסיה מקיפה פנסיונרים החל מ 1 1 18,הפניקס פנסיה מקיפה פנסיונרים החל מ 1 1 18,2023,"אג""ח קונצרני (כולל קרנות נאמנות, תעודות סל)",,16.1,15.0,0.06,9.0,21.0,"35% - תל בונד כללי , 20% - תל בונד 60 , 15% - תל בונד 50 , 15% - IBOXX HY - 15%, IBOXX IG",,מקיפה-פנסיונרים החל מ-1.1.18,2026-09-30T21:21:21+00:00,http://www.fnx.co.il/sites/docs/genery/mediniut_ashkaa_tzfuia/pension2023.xls,policy/companies/520023185/raw/520023185/64931917964a_pension2023.xls,מקיפה-פנסיונרים החל מ-1.1.18
520023185,,,520023185|מקיפה-פנסיונרים החל מ-1.1.18|הפניקס פנסיה מקיפה פנסיונרים החל מ 1 1 18,הפניקס פנסיה מקיפה פנסיונרים החל מ 1 1 18,2023,"נדל""ן",,0.1,0.0,0.05,0.0,5.0,,,מקיפה-פנסיונרים החל מ-1.1.18,2026-09-30T21:21:21+00:00,http://www.fnx.co.il/sites/docs/genery/mediniut_ashkaa_tzfuia/pension2023.xls,policy/companies/520023185/raw/520023185/64931917964a_pension2023.xls,מקיפה-פנסיונרים החל מ-1.1.18
520023185,,,520023185|מקיפה-פנסיונרים החל מ-1.1.18|הפניקס פנסיה מקיפה פנסיונרים החל מ 1 1 18,הפניקס פנסיה מקיפה פנסיונרים החל מ 1 1 18,2023,"אחר (קרנות השקעה, Co Invest, תשתיות, גידור)",,3.4,2.0,0.05,0.0,7.0,,,מקיפה-פנסיונרים החל מ-1.1.18,2026-09-30T21:21:21+00:00,http://www.fnx.co.il/sites/docs/genery/mediniut_ashkaa_tzfuia/pension2023.xls,policy/companies/520023185/raw/520023185/64931917964a_pension2023.xls,מקיפה-פנסיונרים החל מ-1.1.18
520023185,,,520023185|מקיפה-פנסיונרים החל מ-1.1.18|הפניקס פנסיה מקיפה פנסיונרים החל מ 1 1 18,הפניקס פנסיה מקיפה פנסיונרים החל מ 1 1 18,2023,מזומנים (*),,1.6,2.0,,,,,,מקיפה-פנסיונרים החל מ-1.1.18,2026-09-30T21:21:21+00:00,http://www.fnx.co.il/sites/docs/genery/mediniut_ashkaa_tzfuia/pension2023.xls,policy/companies/520023185/raw/520023185/64931917964a_pension2023.xls,מקיפה-פנסיונרים החל מ-1.1.18
520023185,,,520023185|מקיפה-פנסיונרים החל מ-1.1.18|הפניקס פנסיה מקיפה פנסיונרים החל מ 1 1 18,הפניקס פנסיה מקיפה פנסיונרים החל מ 1 1 18,2023,"חשיפה למט""ח",fx,9.3,12.0,0.06,6.0,18.0,,,מקיפה-פנסיונרים החל מ-1.1.18,2026-09-30T21:21:21+00:00,http://www.fnx.co.il/sites/docs/genery/mediniut_ashkaa_tzfuia/pension2023.xls,policy/companies/520023185/raw/520023185/64931917964a_pension2023.xls,מקיפה-פנסיונרים החל מ-1.1.18
520023185,,,520023185|מקיפה-פנסיונרים החל מ-1.1.18|הפניקס פנסיה מקיפה פנסיונרים החל מ 1 1 18,הפניקס פנסיה מקיפה פנסיונרים החל מ 1 1 18,2023,מגבלת עמלת ניהול חיצוני לשנת 2023,,0.12,,,,,,,מקיפה-פנסיונרים החל מ-1.1.18,2026-09-30T21:21:21+00:00,http://www.fnx.co.il/sites/docs/genery/mediniut_ashkaa_tzfuia/pension2023.xls,policy/companies/520023185/raw/520023185/64931917964a_pension2023.xls,מקיפה-פנסיונרים החל מ-1.1.18
520023185,,,520023185|כללית-פנסיונרים עד 31.12.17|הפניקס פנסיה משלימה פנסיונרים עד 31 12 17,הפניקס פנסיה משלימה פנסיונרים עד 31 12 17,2023,"מניות (תעודות סל, אופציות, קרנות נאמנות)",equity,0.0,0.0,0.01,0.0,1.0,,,כללית-פנסיונרים עד 31.12.17,2026-09-30T21:21:21+00:00,http://www.fnx.co.il/sites/docs/genery/mediniut_ashkaa_tzfuia/pension2023.xls,policy/companies/520023185/raw/520023185/64931917964a_pension2023.xls,כללית-פנסיונרים עד 31.12.17
520023185,,,520023185|כללית-פנסיונרים עד 31.12.17|הפניקס פנסיה משלימה פנסיונרים עד 31 12 17,הפניקס פנסיה משלימה פנסיונרים עד 31 12 17,2023,"אג""ח ממשלתי (צמוד, שקלי ומט""ח), ממשלות זרות בנטרול חשיפות בנגזרים",,98.3,96.0,0.05,91.0,100.0,"מדד אג""ח ממשלתי כללי",,כללית-פנסיונרים עד 31.12.17,2026-09-30T21:21:21+00:00,http://www.fnx.co.il/sites/docs/genery/mediniut_ashkaa_tzfuia/pension2023.xls,policy/companies/520023185/raw/520023185/64931917964a_pension2023.xls,כללית-פנסיונרים עד 31.12.17
520023185,,,520023185|כללית-פנסיונרים עד 31.12.17|הפניקס פנסיה משלימה פנסיונרים עד 31 12 17,הפניקס פנסיה משלימה פנסיונרים עד 31 12 17,2023,"אג""ח קונצרני (כולל קרנות נאמנות, תעודות סל)",,0.0,0.0,0.01,0.0,1.0,מדד תל בונד 60,,כללית-פנסיונרים עד 31.12.17,2026-09-30T21:21:21+00:00,http://www.fnx.co.il/sites/docs/genery/mediniut_ashkaa_tzfuia/pension2023.xls,policy/companies/520023185/raw/520023185/64931917964a_pension2023.xls,כללית-פנסיונרים עד 31.12.17
520023185,,,520023185|כללית-פנסיונרים עד 31.12.17|הפניקס פנסיה משלימה פנסיונרים עד 31 12 17,הפניקס פנסיה משלימה פנסיונרים עד 31 12 17,2023,"נדל""ן",,0.0,0.0,0.0,0.0,0.0,,,כללית-פנסיונרים עד 31.12.17,2026-09-30T21:21:21+00:00,http://www.fnx.co.il/sites/docs/genery/mediniut_ashkaa_tzfuia/pension2023.xls,policy/companies/520023185/raw/520023185/64931917964a_pension2023.xls,כללית-פנסיונרים עד 31.12.17
520023185,,,520023185|כללית-פנסיונרים עד 31.12.17|הפניקס פנסיה משלימה פנסיונרים עד 31 12 17,הפניקס פנסיה משלימה פנסיונרים עד 31 12 17,2023,"אחר (קרנות השקעה, Co Invest, תשתיות, גידור)",,0.0,0.0,0.0,0.0,0.0,,,כללית-פנסיונרים עד 31.12.17,2026-09-30T21:21:21+00:00,http://www.fnx.co.il/sites/docs/genery/mediniut_ashkaa_tzfuia/pension2023.xls,policy/companies/520023185/raw/520023185/64931917964a_pension2023.xls,כללית-פנסיונרים עד 31.12.17
520023185,,,520023185|כללית-פנסיונרים עד 31.12.17|הפניקס פנסיה משלימה פנסיונרים עד 31 12 17,הפניקס פנסיה משלימה פנסיונרים עד 31 12 17,2023,מזומנים (*),,1.7,4.0,,,,,,כללית-פנסיונרים עד 31.12.17,2026-09-30T21:21:21+00:00,http://www.fnx.co.il/sites/docs/genery/mediniut_ashkaa_tzfuia/pension2023.xls,policy/companies/520023185/raw/520023185/64931917964a_pension2023.xls,כללית-פנסיונרים עד 31.12.17
520023185,,,520023185|כללית-פנסיונרים עד 31.12.17|הפניקס פנסיה משלימה פנסיונרים עד 31 12 17,הפניקס פנסיה משלימה פנסיונרים עד 31 12 17,2023,"חשיפה למט""ח",fx,0.0,0.0,0.0,0.0,0.0,,,כללית-פנסיונרים עד 31.12.17,2026-09-30T21:21:21+00:00,http://www.fnx.co.il/sites/docs/genery/mediniut_ashkaa_tzfuia/pension2023.xls,policy/companies/520023185/raw/520023185/64931917964a_pension2023.xls,כללית-פנסיונרים עד 31.12.17
520023185,,,520023185|כללית-פנסיונרים עד 31.12.17|הפניקס פנסיה משלימה פנסיונרים עד 31 12 17,הפניקס פנסיה משלימה פנסיונרים עד 31 12 17,2023,מגבלת עמלת ניהול חיצוני לשנת 2023,,0.0,,,,,,,כללית-פנסיונרים עד 31.12.17,2026-09-30T21:21:21+00:00,http://www.fnx.co.il/sites/docs/genery/mediniut_ashkaa_tzfuia/pension2023.xls,policy/companies/520023185/raw/520023185/64931917964a_pension2023.xls,כללית-פנסיונרים עד 31.12.17
520023185,,,520023185|כללית-פנסיונרים החל מ-1.1.18|הפניקס פנסיה משלימה פנסיונרים החל מ 1 1 18,הפניקס פנסיה משלימה פנסיונרים החל מ 1 1 18,2023,"מניות (תעודות סל, אופציות, קרנות נאמנות)",equity,20.6,21.0,0.06,15.0,27.0,"35%- מדד ת""א 125 ,   65%- MSCI WORLD AC",,כללית-פנסיונרים החל מ-1.1.18,2026-09-30T21:21:21+00:00,http://www.fnx.co.il/sites/docs/genery/mediniut_ashkaa_tzfuia/pension2023.xls,policy/companies/520023185/raw/520023185/64931917964a_pension2023.xls,כללית-פנסיונרים החל מ-1.1.18
520023185,,,520023185|כללית-פנסיונרים החל מ-1.1.18|הפניקס פנסיה משלימה פנסיונרים החל מ 1 1 18,הפניקס פנסיה משלימה פנסיונרים החל מ 1 1 18,2023,"אג""ח ממשלתי (צמוד, שקלי ומט""ח), ממשלות זרות בנטרול חשיפות בנגזרים",,41.2,43.0,0.05,38.0,48.0,"מדד אג""ח ממשלתי כללי",,כללית-פנסיונרים החל מ-1.1.18,2026-09-30T21:21:21+00:00,http://www.fnx.co.il/sites/docs/genery/mediniut_ashkaa_tzfuia/pension2023.xls,policy/companies/520023185/raw/520023185/64931917964a_pension2023.xls,כללית-פנסיונרים החל מ-1.1.18
520023185,,,520023185|כללית-פנסיונרים החל מ-1.1.18|הפניקס פנסיה משלימה פנסיונרים החל מ 1 1 18,הפניקס פנסיה משלימה פנסיונרים החל מ 1 1 18,2023,"אג""ח קונצרני (כולל קרנות נאמנות, תעודות סל)",,33.7,32.0,0.06,26.0,38.0,"35% - תל בונד כללי , 20% - תל בונד 60 , 15% - תל בונד 50 , 15% - IBOXX HY - 15%, IBOXX IG",,כללית-פנסיונרים החל מ-1.1.18,2026-09-30T21:21:21+00:00,http://www.fnx.co.il/sites/docs/genery/mediniut_ashkaa_tzfuia/pension2023.xls,policy/companies/520023185/raw/520023185/64931917964a_pension2023.xls,כללית-פנסיונרים החל מ-1.1.18
520023185,,,520023185|כללית-פנסיונרים החל מ-1.1.18|הפניקס פנסיה משלימה פנסיונרים החל מ 1 1 18,הפניקס פנסיה משלימה פנסיונרים החל מ 1 1 18,2023,"נדל""ן",,0.0,0.0,0.05,0.0,5.0,,,כללית-פנסיונרים החל מ-1.1.18,2026-09-30T21:21:21+00:00,http://www.fnx.co.il/sites/docs/genery/mediniut_ashkaa_tzfuia/pension2023.xls,policy/companies/520023185/raw/520023185/64931917964a_pension2023.xls,כללית-פנסיונרים החל מ-1.1.18
520023185,,,520023185|כללית-פנסיונרים החל מ-1.1.18|הפניקס פנסיה משלימה פנסיונרים החל מ 1 1 18,הפניקס פנסיה משלימה פנסיונרים החל מ 1 1 18,2023,"אחר (קרנות השקעה, Co Invest, תשתיות, גידור)",,0.7,0.0,0.05,0.0,5.0,,,כללית-פנסיונרים החל מ-1.1.18,2026-09-30T21:21:21+00:00,http://www.fnx.co.il/sites/docs/genery/mediniut_ashkaa_tzfuia/pension2023.xls,policy/companies/520023185/raw/520023185/64931917964a_pension2023.xls,כללית-פנסיונרים החל מ-1.1.18
520023185,,,520023185|כללית-פנסיונרים החל מ-1.1.18|הפניקס פנסיה משלימה פנסיונרים החל מ 1 1 18,הפניקס פנסיה משלימה פנסיונרים החל מ 1 1 18,2023,מזומנים (*),,3.8,4.0,,,,,,כללית-פנסיונרים החל מ-1.1.18,2026-09-30T21:21:21+00:00,http://www.fnx.co.il/sites/docs/genery/mediniut_ashkaa_tzfuia/pension2023.xls,policy/companies/520023185/raw/520023185/64931917964a_pension2023.xls,כללית-פנסיונרים החל מ-1.1.18
520023185,,,520023185|כללית-פנסיונרים החל מ-1.1.18|הפניקס פנסיה משלימה פנסיונרים החל מ 1 1 18,הפניקס פנסיה משלימה פנסיונרים החל מ 1 1 18,2023,"חשיפה למט""ח",fx,12.4,16.0,0.06,10.0,22.0,,,כללית-פנסיונרים החל מ-1.1.18,2026-09-30T21:21:21+00:00,http://www.fnx.co.il/sites/docs/genery/mediniut_ashkaa_tzfuia/pension2023.xls,policy/companies/520023185/raw/520023185/64931917964a_pension2023.xls,כללית-פנסיונרים החל מ-1.1.18
520023185,,,520023185|כללית-פנסיונרים החל מ-1.1.18|הפניקס פנסיה משלימה פנסיונרים החל מ 1 1 18,הפניקס פנסיה משלימה פנסיונרים החל מ 1 1 18,2023,מגבלת עמלת ניהול חיצוני לשנת 2023,,0.08,,,,,,,כללית-פנסיונרים החל מ-1.1.18,2026-09-30T21:21:21+00:00,http://www.fnx.co.il/sites/docs/genery/mediniut_ashkaa_tzfuia/pension2023.xls,policy/companies/520023185/raw/520023185/64931917964a_pension2023.xls,כללית-פנסיונרים החל מ-1.1.18
520023185,,,520023185|מגן|מגן קרן פנסיה ותיקה,מגן קרן פנסיה ותיקה,2023,"מניות (תעודות סל, אופציות, קרנות נאמנות)",equity,14.6,13.0,0.06,7.0,19.0,"35%- מדד ת""א 125 ,   65%- MSCI WORLD AC",,מגן,2026-09-30T21:21:21+00:00,http://www.fnx.co.il/sites/docs/genery/mediniut_ashkaa_tzfuia/pension2023.xls,policy/companies/520023185/raw/520023185/64931917964a_pension2023.xls,מגן
520023185,,,520023185|מגן|מגן קרן פנסיה ותיקה,מגן קרן פנסיה ותיקה,2023,"אג""ח ממשלתי (צמוד, שקלי ומט""ח), ממשלות זרות בנטרול חשיפות בנגזרים",,25.8,26.0,0.05,21.0,31.0,"מדד אג""ח ממשלתי כללי",,מגן,2026-09-30T21:21:21+00:00,http://www.fnx.co.il/sites/docs/genery/mediniut_ashkaa_tzfuia/pension2023.xls,policy/companies/520023185/raw/520023185/64931917964a_pension2023.xls,מגן
520023185,,,520023185|מגן|מגן קרן פנסיה ותיקה,מגן קרן פנסיה ותיקה,2023,"אג""ח מיועדות ורכיב מבטיח תשואה(***)",,39.8,38.0,0.05,33.0,43.0,,,מגן,2026-09-30T21:21:21+00:00,http://www.fnx.co.il/sites/docs/genery/mediniut_ashkaa_tzfuia/pension2023.xls,policy/companies/520023185/raw/520023185/64931917964a_pension2023.xls,מגן
520023185,,,520023185|מגן|מגן קרן פנסיה ותיקה,מגן קרן פנסיה ותיקה,2023,"אג""ח קונצרני (קרנות נאמנות, תעודות סל)",,8.4,12.0,0.06,6.0,18.0,"35% - תל בונד כללי , 20% - תל בונד 60 , 15% - תל בונד 50 , 15% - IBOXX HY - 15%, IBOXX IG",,מגן,2026-09-30T21:21:21+00:00,http://www.fnx.co.il/sites/docs/genery/mediniut_ashkaa_tzfuia/pension2023.xls,policy/companies/520023185/raw/520023185/64931917964a_pension2023.xls,מגן
520023185,,,520023185|מגן|מגן קרן פנסיה ותיקה,מגן קרן פנסיה ותיקה,2023,"נדל""ן",,2.8,1.0,0.05,0.0,6.0,,,מגן,2026-09-30T21:21:21+00:00,http://www.fnx.co.il/sites/docs/genery/mediniut_ashkaa_tzfuia/pension2023.xls,policy/companies/520023185/raw/520023185/64931917964a_pension2023.xls,מגן
520023185,,,520023185|מגן|מגן קרן פנסיה ותיקה,מגן קרן פנסיה ותיקה,2023,"אחר (קרנות השקעה, Co Invest, תשתיות, גידור)",,6.2,5.0,0.05,0.0,10.0,,,מגן,2026-09-30T21:21:21+00:00,http://www.fnx.co.il/sites/docs/genery/mediniut_ashkaa_tzfuia/pension2023.xls,policy/companies/520023185/raw/520023185/64931917964a_pension2023.xls,מגן
520023185,,,520023185|מגן|מגן קרן פנסיה ותיקה,מגן קרן פנסיה ותיקה,2023,מזומנים (*),,2.4,5.0,,,,,,מגן,2026-09-30T21:21:21+00:00,http://www.fnx.co.il/sites/docs/genery/mediniut_ashkaa_tzfuia/pension2023.xls,policy/companies/520023185/raw/520023185/64931917964a_pension2023.xls,מגן
520023185,,,520023185|מגן|מגן קרן פנסיה ותיקה,מגן קרן פנסיה ותיקה,2023,"חשיפה למט""ח",fx,13.1,12.0,0.06,6.0,18.0,,,מגן,2026-09-30T21:21:21+00:00,http://www.fnx.co.il/sites/docs/genery/mediniut_ashkaa_tzfuia/pension2023.xls,policy/companies/520023185/raw/520023185/64931917964a_pension2023.xls,מגן
520023185,,,520023185|קרן גמלאות של עורכי דין|קרן גמלאות של עורכי דין,קרן גמלאות של עורכי דין,2023,"מניות (תעודות סל, אופציות, קרנות נאמנות)",equity,15.2,13.0,0.06,7.0,19.0,"35%- מדד ת""א 125 ,   65%- MSCI WORLD AC",,קרן גמלאות של עורכי דין,2026-09-30T21:21:21+00:00,http://www.fnx.co.il/sites/docs/genery/mediniut_ashkaa_tzfuia/pension2023.xls,policy/companies/520023185/raw/520023185/64931917964a_pension2023.xls,קרן גמלאות של עורכי דין
520023185,,,520023185|קרן גמלאות של עורכי דין|קרן גמלאות של עורכי דין,קרן גמלאות של עורכי דין,2023,"אג""ח ממשלתי (צמוד, שקלי ומט""ח), ממשלות זרות בנטרול חשיפות בנגזרים",,28.2,30.0,0.05,25.0,35.0,"מדד אג""ח ממשלתי כללי",,קרן גמלאות של עורכי דין,2026-09-30T21:21:21+00:00,http://www.fnx.co.il/sites/docs/genery/mediniut_ashkaa_tzfuia/pension2023.xls,policy/companies/520023185/raw/520023185/64931917964a_pension2023.xls,קרן גמלאות של עורכי דין
520023185,,,520023185|קרן גמלאות של עורכי דין|קרן גמלאות של עורכי דין,קרן גמלאות של עורכי דין,2023,"אג""ח מיועדות ורכיב מבטיח תשואה(***)",,38.7,38.0,0.05,33.0,43.0,,,קרן גמלאות של עורכי דין,2026-09-30T21:21:21+00:00,http://www.fnx.co.il/sites/docs/genery/mediniut_ashkaa_tzfuia/pension2023.xls,policy/companies/520023185/raw/520023185/64931917964a_pension2023.xls,קרן גמלאות של עורכי דין
520023185,,,520023185|קרן גמלאות של עורכי דין|קרן גמלאות של עורכי דין,קרן גמלאות של עורכי דין,2023,"אג""ח קונצרני (קרנות נאמנות, תעודות סל)",,9.1,8.0,0.06,2.0,14.0,"35% - תל בונד כללי , 20% - תל בונד 60 , 15% - תל בונד 50 , 15% - IBOXX HY - 15%, IBOXX IG",,קרן גמלאות של עורכי דין,2026-09-30T21:21:21+00:00,http://www.fnx.co.il/sites/docs/genery/mediniut_ashkaa_tzfuia/pension2023.xls,policy/companies/520023185/raw/520023185/64931917964a_pension2023.xls,קרן גמלאות של עורכי דין
520023185,,,520023185|קרן גמלאות של עורכי דין|קרן גמלאות של עורכי דין,קרן גמלאות של עורכי דין,2023,"נדל""ן",,1.7,1.0,0.05,0.0,6.0,,,קרן גמלאות של עורכי דין,2026-09-30T21:21:21+00:00,http://www.fnx.co.il/sites/docs/genery/mediniut_ashkaa_tzfuia/pension2023.xls,policy/companies/520023185/raw/520023185/64931917964a_pension2023.xls,קרן גמלאות של עורכי דין
520023185,,,520023185|קרן גמלאות של עורכי דין|קרן גמלאות של עורכי דין,קרן גמלאות של עורכי דין,2023,"אחר (קרנות השקעה, Co Invest, תשתיות, גידור)",,5.0,5.0,0.05,0.0,10.0,,,קרן גמלאות של עורכי דין,2026-09-30T21:21:21+00:00,http://www.fnx.co.il/sites/docs/genery/mediniut_ashkaa_tzfuia/pension2023.xls,policy/companies/520023185/raw/520023185/64931917964a_pension2023.xls,קרן גמלאות של עורכי דין
520023185,,,520023185|קרן גמלאות של עורכי דין|קרן גמלאות של עורכי דין,קרן גמלאות של עורכי דין,2023,מזומנים (*),,2.1,5.0,,,,,,קרן גמלאות של עורכי דין,2026-09-30T21:21:21+00:00,http://www.fnx.co.il/sites/docs/genery/mediniut_ashkaa_tzfuia/pension2023.xls,policy/companies/520023185/raw/520023185/64931917964a_pension2023.xls,קרן גמלאות של עורכי דין
520023185,,,520023185|קרן גמלאות של עורכי דין|קרן גמלאות של עורכי דין,קרן גמלאות של עורכי דין,2023,"חשיפה למט""ח",fx,10.1,12.0,0.06,6.0,18.0,,,קרן גמלאות של עורכי דין,2026-09-30T21:21:21+00:00,http://www.fnx.co.il/sites/docs/genery/mediniut_ashkaa_tzfuia/pension2023.xls,policy/companies/520023185/raw/520023185/64931917964a_pension2023.xls,קרן גמלאות של עורכי דין
