legal_id,url,doc_file,track_name,confidence,equity_min,equity_max,bonds_min,bonds_max,foreign_min,foreign_max,fx_min,fx_max,illiquid_min,illiquid_max,benchmark,snippet
513026484,http://www.fnx.co.il/sites/docs/genery/mediniut_ashkaa_tzfuia/gemel2019_update0919.xls,policy/companies/513026484/raw/513026484/e542f3d418c9_gemel2019_update0919.xls,***החל מיולי 2019 עודכנו מדדי הייחוס של האפיק הקונצרני להלן השינויים שבוצעו,table,201.0,201.0,201.0,201.0,,,,,,,," | ***החל מיולי 2019 עודכנו מדדי הייחוס של האפיק הקונצרני, להלן השינויים שבוצעו: |  |  | "
513026484,http://www.fnx.co.il/sites/docs/genery/mediniut_ashkaa_tzfuia/gemel2019_update0719.xls,policy/companies/513026484/raw/513026484/04e93db51529_gemel2019_update0719.xls,***החל מיולי 2019 עודכנו מדדי הייחוס של האפיק הקונצרני להלן השינויים שבוצעו,table,201.0,201.0,201.0,201.0,,,,,,,," | ***החל מיולי 2019 עודכנו מדדי הייחוס של האפיק הקונצרני, להלן השינויים שבוצעו: |  |  | "
513026484,http://www.fnx.co.il/sites/docs/genery/mediniut_ashkaa_tzfuia/gemel2019_update0919.xls,policy/companies/513026484/raw/513026484/e542f3d418c9_gemel2019_update0919.xls,*החל מיולי 2019 עודכנו מדדי הייחוס של האפיק הקונצרני להלן השינויים שבוצעו,table,201.0,201.0,201.0,201.0,,,,,,,," | *החל מיולי 2019 עודכנו מדדי הייחוס של האפיק הקונצרני, להלן השינויים שבוצעו: |  |  | "
513026484,http://www.fnx.co.il/sites/docs/genery/mediniut_ashkaa_tzfuia/gemel2019_update0719.xls,policy/companies/513026484/raw/513026484/04e93db51529_gemel2019_update0719.xls,*החל מיולי 2019 עודכנו מדדי הייחוס של האפיק הקונצרני להלן השינויים שבוצעו,table,201.0,201.0,201.0,201.0,,,,,,,," | *החל מיולי 2019 עודכנו מדדי הייחוס של האפיק הקונצרני, להלן השינויים שבוצעו: |  |  | "
513026484,http://www.fnx.co.il/sites/docs/genery/mediniut_ashkaa_tzfuia/gemel2020_update06.xls,policy/companies/513026484/raw/513026484/9a8c9561dc51_gemel2020_update06.xls,0 01,table,,,,25.0,,25.0,,,,,," | אקסלנס השתלמות פאסיבי - מדדי אג""ח עד 25% | בשיעור שלא יעלה על 25% בכפוף להוראות הדין, ובכפוף לשיקול דעתה של ועדת ההשקעות. | 0.01 | IBOXX HY"
513026484,http://www.fnx.co.il/sites/docs/genery/mediniut_ashkaa_tzfuia/mediniut_ashkaa_tzfuia_gemel_01.10.2020.xls,policy/companies/513026484/raw/513026484/1a0f084dcc33_mediniut_ashkaa_tzfuia_gemel_01.10.2020.xls,0 01,table,,,,25.0,,25.0,,,,,," | אקסלנס השתלמות פאסיבי - מדדי אג""ח עד 25% | בשיעור שלא יעלה על 25% בכפוף להוראות הדין, ובכפוף לשיקול דעתה של ועדת ההשקעות. | 0.01 | IBOXX HY"
513026484,http://www.fnx.co.il/sites/docs/genery/mediniut_ashkaa_tzfuia/gemel2020.xls,policy/companies/513026484/raw/513026484/2de01efeedd8_gemel2020.xls,0 01,table,,,,25.0,,25.0,,,,,," | אקסלנס השתלמות פאסיבי - מדדי אג""ח עד 25% | בשיעור שלא יעלה על 25% בכפוף להוראות הדין, ובכפוף לשיקול דעתה של ועדת ההשקעות. | 0.01 | IBOXX HY"
513026484,http://www.fnx.co.il/sites/docs/genery/mediniut_ashkaa_tzfuia/pension2022-update11-22.xls,policy/companies/513026484/raw/513026484/c81d0f5ae3c7_pension2022-update11-22.xls,0 02,table,,,,30.0,,30.0,,,,,," | למעט עד 30% מהנכסים המושקעים באגרות חוב מסוג ערד או באפיק השקעה מובטח תשואה בהתאם להוראות ההסדר התחיקתי | 0.02 | מזומן / פח""ק | "
513026484,http://www.fnx.co.il/sites/docs/genery/mediniut_ashkaa_tzfuia/gemel-update022021.xls,policy/companies/513026484/raw/513026484/8b6d6ab62767_gemel-update022021.xls,0 020800000000000003,table,,,,25.0,,25.0,,,,,," |  | והעברות כספים, תושקע במדדים השונים ,כששיעור המניות לא יעלה על 25%, | 0.020800000000000003 | IBOXIG"
513026484,http://www.fnx.co.il/sites/docs/genery/mediniut_ashkaa_tzfuia/gemel2021.xls,policy/companies/513026484/raw/513026484/660eab30ed1a_gemel2021.xls,0 020800000000000003,table,,,,25.0,,25.0,,,,,," |  | והעברות כספים, תושקע במדדים השונים ,כששיעור המניות לא יעלה על 25%, | 0.020800000000000003 | IBOXIG"
513026484,http://www.fnx.co.il/sites/docs/genery/mediniut_ashkaa_tzfuia/gemel-update022021.xls,policy/companies/513026484/raw/513026484/8b6d6ab62767_gemel-update022021.xls,0 024,table,,,,100.0,,100.0,,,,,," |  | נכסי המסלול, בשיעור שלא יפחת מ-75% ולא יעלה על 100%, יושקעו במדדי אג""ח. [העונים על התנאים המנויים בסעיף 6ו(ו) לפרק 4 בחלק 2 בשער 5 לקודקס הרגולציה] | 0.024 | JGENUUG"
513026484,http://www.fnx.co.il/sites/docs/genery/mediniut_ashkaa_tzfuia/gemel2021.xls,policy/companies/513026484/raw/513026484/660eab30ed1a_gemel2021.xls,0 024,table,,,,100.0,,100.0,,,,,," |  | נכסי המסלול, בשיעור שלא יפחת מ-75% ולא יעלה על 100%, יושקעו במדדי אג""ח. [העונים על התנאים המנויים בסעיף 6ו(ו) לפרק 4 בחלק 2 בשער 5 לקודקס הרגולציה] | 0.024 | JGENUUG"
513026484,http://www.fnx.co.il/sites/docs/genery/mediniut_ashkaa_tzfuia/gemel2019_update0919.xls,policy/companies/513026484/raw/513026484/e542f3d418c9_gemel2019_update0919.xls,0 049,table,,,,100.0,,100.0,,,,,," |  | נכסי המסלול, בשיעור שלא יפחת מ-75% ולא יעלה על 100%, יושקעו במדדי אג""ח. [העונים על | 0.049 | IBOXIG"
513026484,http://www.fnx.co.il/sites/docs/genery/mediniut_ashkaa_tzfuia/gemel2019_update0719.xls,policy/companies/513026484/raw/513026484/04e93db51529_gemel2019_update0719.xls,0 049,table,,,,100.0,,100.0,,,,,," |  | נכסי המסלול, בשיעור שלא יפחת מ-75% ולא יעלה על 100%, יושקעו במדדי אג""ח. [העונים על | 0.049 | IBOXIG"
513026484,http://www.fnx.co.il/sites/docs/genery/mediniut_ashkaa_tzfuia/gemel2019.xls,policy/companies/513026484/raw/513026484/e353e49ff159_gemel2019.xls,0 049,table,,,,100.0,,100.0,,,,,," |  | נכסי המסלול, בשיעור שלא יפחת מ-75% ולא יעלה על 100%, יושקעו במדדי אג""ח. [העונים על | 0.049 | IBOXIG"
513026484,http://www.fnx.co.il/sites/docs/genery/mediniut_ashkaa_tzfuia/מדיניות השקעה צפויה לשנת 2020 - פנסיה-עדכון ספטמבר 2020.xls,policy/companies/513026484/raw/513026484/dfd3778b8def_מדיניות_השקעה_צפויה_לשנת_2020_-_פנסיה-עדכון_ספטמבר_2020.xls,0 05,table,,,25.0,25.0,25.0,25.0,,,,,," | מסלול מתמחה אג""ח עד 25% מניות | החשיפה לא תעלה על 25% מנכסי המסלול]. חשיפה לנכסים כאמור לעיל תושג הן באמצעות | 0.05 | IBOXX HY"
513026484,http://www.fnx.co.il/sites/docs/genery/mediniut_ashkaa_tzfuia/gemel2020_update06.xls,policy/companies/513026484/raw/513026484/9a8c9561dc51_gemel2020_update06.xls,0 05,table,,,,100.0,,100.0,,,,,," |  | נכסי המסלול, בשיעור שלא יפחת מ-75% ולא יעלה על 100%, יושקעו במדדי אג""ח. [העונים על התנאים המנויים בסעיף 6ו(ו) לפרק 4 בחלק 2 בשער 5 לקודקס הרגולציה של רשות שוק  ההון, ביטוח וחיסכון שעניינו כללי השקעה ] | 0.05 | IBOXIG"
513026484,http://www.fnx.co.il/sites/docs/genery/mediniut_ashkaa_tzfuia/mediniut_ashkaa_tzfuia_gemel_01.10.2020.xls,policy/companies/513026484/raw/513026484/1a0f084dcc33_mediniut_ashkaa_tzfuia_gemel_01.10.2020.xls,0 05,table,,,,100.0,,100.0,,,,,," |  | נכסי המסלול, בשיעור שלא יפחת מ-75% ולא יעלה על 100%, יושקעו במדדי אג""ח. [העונים על התנאים המנויים בסעיף 6ו(ו) לפרק 4 בחלק 2 בשער 5 לקודקס הרגולציה של רשות שוק  ההון, ביטוח וחיסכון שעניינו כללי השקעה ] | 0.05 | IBOXIG"
513026484,http://www.fnx.co.il/sites/docs/genery/mediniut_ashkaa_tzfuia/gemelashkaa2020_update0620.xls,policy/companies/513026484/raw/513026484/459ae97b1bb5_gemelashkaa2020_update0620.xls,0 05,table,,,15.0,15.0,15.0,15.0,,,,,, |  | החשיפה לא תעלה על 15% מנכסי המסלול]. חשיפה לנכסים כאמור לעיל תושג הן באמצעות | 0.05 | IBOXX HY
513026484,http://www.fnx.co.il/sites/docs/genery/mediniut_ashkaa_tzfuia/gemelashkaa2020_update0420.xls,policy/companies/513026484/raw/513026484/5aa9781fcccb_gemelashkaa2020_update0420.xls,0 05,table,,,15.0,15.0,15.0,15.0,,,,,, |  | החשיפה לא תעלה על 15% מנכסי המסלול]. חשיפה לנכסים כאמור לעיל תושג הן באמצעות | 0.05 | IBOXX HY
513026484,http://www.fnx.co.il/sites/docs/genery/mediniut_ashkaa_tzfuia/gemelashkaa2020.xls,policy/companies/513026484/raw/513026484/29fd4fe237dd_gemelashkaa2020.xls,0 05,table,,,15.0,15.0,15.0,15.0,,,,,, |  | החשיפה לא תעלה על 15% מנכסי המסלול]. חשיפה לנכסים כאמור לעיל תושג הן באמצעות | 0.05 | IBOXX HY
513026484,http://www.fnx.co.il/sites/docs/genery/mediniut_ashkaa_tzfuia/מדיניות השקעה צפויה לשנת 2020 -  ביטוח-עדכון ספטמבר 2020.xls,policy/companies/513026484/raw/513026484/7fdf97f1bafa_מדיניות_השקעה_צפויה_לשנת_2020_-__ביטוח-עדכון_ספטמבר_2020.xls,0 05,table,,,,25.0,,25.0,,,,,," | מסלול מתמחה אג""ח עד 25% מניות למקבלי קצבה | על 120% מנכסי המסלול. חשיפה למניות תהיה בשיעור שלא יעלה על25%  [ובכל אופן החשיפה לא תעלה על 25% מנכסי המסלול]. חשיפה לנכסים כאמור לעיל תושג הן באמצעות | 0.05 | IBOXX HY"
513026484,http://www.fnx.co.il/sites/docs/genery/mediniut_ashkaa_tzfuia/pension2020.xls,policy/companies/513026484/raw/513026484/80d3d8269950_pension2020.xls,0 05,table,,,25.0,25.0,25.0,25.0,,,,,," | מסלול מתמחה אג""ח עד 25% מניות | החשיפה לא תעלה על 25% מנכסי המסלול]. חשיפה לנכסים כאמור לעיל תושג הן באמצעות | 0.05 | IBOXX HY"
513026484,http://www.fnx.co.il/sites/docs/genery/mediniut_ashkaa_tzfuia/gemel2020.xls,policy/companies/513026484/raw/513026484/2de01efeedd8_gemel2020.xls,0 05,table,,,,100.0,,100.0,,,,,," |  | נכסי המסלול, בשיעור שלא יפחת מ-75% ולא יעלה על 100%, יושקעו במדדי אג""ח. [העונים על התנאים המנויים בסעיף 6ו(ו) לפרק 4 בחלק 2 בשער 5 לקודקס הרגולציה של רשות שוק  ההון, ביטוח וחיסכון שעניינו כללי השקעה ] | 0.05 | IBOXIG"
513026484,http://www.fnx.co.il/sites/docs/genery/mediniut_ashkaa_tzfuia/pension2020_update06.xls,policy/companies/513026484/raw/513026484/ae2ce03e23d2_pension2020_update06.xls,0 05,table,,,25.0,25.0,25.0,25.0,,,,,," | מסלול מתמחה אג""ח עד 25% מניות | החשיפה לא תעלה על 25% מנכסי המסלול]. חשיפה לנכסים כאמור לעיל תושג הן באמצעות | 0.05 | IBOXX HY"
513026484,http://www.fnx.co.il/sites/docs/genery/mediniut_ashkaa_tzfuia/gemelgeneral2019_update0719.xls,policy/companies/513026484/raw/513026484/d7279819ccd6_gemelgeneral2019_update0719.xls,0 05,table,,,15.0,15.0,15.0,15.0,,,,,, |  | החשיפה לא תעלה על 15% מנכסי המסלול]. חשיפה לנכסים כאמור לעיל תושג הן באמצעות | 0.05 | IBOXX HY
513026484,http://www.fnx.co.il/sites/docs/genery/mediniut_ashkaa_tzfuia/gemel2019_update0919.xls,policy/companies/513026484/raw/513026484/e542f3d418c9_gemel2019_update0919.xls,0 05,table,,,25.0,25.0,25.0,25.0,,,,,, |  | החשיפה לא תעלה על 25% מנכסי המסלול]. חשיפה לנכסים כאמור לעיל תושג הן באמצעות | 0.05 | IBOXX IG
513026484,http://www.fnx.co.il/sites/docs/genery/mediniut_ashkaa_tzfuia/pensia2019_update0719.xls,policy/companies/513026484/raw/513026484/7e27ce85fc30_pensia2019_update0719.xls,0 05,table,,,25.0,25.0,25.0,25.0,,,,,, |  | החשיפה לא תעלה על 25% מנכסי המסלול]. חשיפה לנכסים כאמור לעיל תושג הן באמצעות | 0.05 | IBOXX HY
513026484,http://www.fnx.co.il/sites/docs/genery/mediniut_ashkaa_tzfuia/gemel2019_update0719.xls,policy/companies/513026484/raw/513026484/04e93db51529_gemel2019_update0719.xls,0 05,table,,,25.0,25.0,25.0,25.0,,,,,, |  | החשיפה לא תעלה על 25% מנכסי המסלול]. חשיפה לנכסים כאמור לעיל תושג הן באמצעות | 0.05 | IBOXX IG
513026484,http://www.fnx.co.il/sites/docs/genery/mediniut_ashkaa_tzfuia/gemel-update022021.xls,policy/companies/513026484/raw/513026484/8b6d6ab62767_gemel-update022021.xls,0 06,table,,20.0,,,,,,,,,, |  | על 120% מנכסי המסלול. חשיפה למניות תהיה בשיעור שלא יעלה על20%  [ובכל אופן | 0.06 | תל בונד 50
513026484,http://www.fnx.co.il/sites/docs/genery/mediniut_ashkaa_tzfuia/gemel2021.xls,policy/companies/513026484/raw/513026484/660eab30ed1a_gemel2021.xls,0 06,table,,20.0,,,,,,,,,, |  | על 120% מנכסי המסלול. חשיפה למניות תהיה בשיעור שלא יעלה על20%  [ובכל אופן | 0.06 | תל בונד 50
513026484,http://www.fnx.co.il/sites/docs/genery/mediniut_ashkaa_tzfuia/gemel2020_update06.xls,policy/companies/513026484/raw/513026484/9a8c9561dc51_gemel2020_update06.xls,0 06,table,,,,15.0,,15.0,,,,,," | אקסלנס השתלמות אג""ח עד 15% מניות - 1100 | על 120% מנכסי המסלול. חשיפה למניות תהיה בשיעור שלא יעלה על15%  [ובכל אופן | 0.06 | תל בונד 50"
513026484,http://www.fnx.co.il/sites/docs/genery/mediniut_ashkaa_tzfuia/mediniut_ashkaa_tzfuia_gemel_01.10.2020.xls,policy/companies/513026484/raw/513026484/1a0f084dcc33_mediniut_ashkaa_tzfuia_gemel_01.10.2020.xls,0 06,table,,,,15.0,,15.0,,,,,," | אקסלנס השתלמות אג""ח עד 15% מניות - 1100 | על 120% מנכסי המסלול. חשיפה למניות תהיה בשיעור שלא יעלה על15%  [ובכל אופן | 0.06 | תל בונד 50"
513026484,http://www.fnx.co.il/sites/docs/genery/mediniut_ashkaa_tzfuia/gemelashkaa2020_update0620.xls,policy/companies/513026484/raw/513026484/459ae97b1bb5_gemelashkaa2020_update0620.xls,0 06,table,,,,15.0,,15.0,,,,,," | אקסלנס גמל להשקעה אג""ח עד 15% מניות - 7906 | על 120% מנכסי המסלול. חשיפה למניות תהיה בשיעור שלא יעלה על15%  [ובכל אופן | 0.06 | תל בונד 50"
513026484,http://www.fnx.co.il/sites/docs/genery/mediniut_ashkaa_tzfuia/gemelashkaa2020_update0420.xls,policy/companies/513026484/raw/513026484/5aa9781fcccb_gemelashkaa2020_update0420.xls,0 06,table,,,,15.0,,15.0,,,,,," | אקסלנס גמל להשקעה אג""ח עד 15% מניות - 7906 | על 120% מנכסי המסלול. חשיפה למניות תהיה בשיעור שלא יעלה על15%  [ובכל אופן | 0.06 | תל בונד 50"
513026484,http://www.fnx.co.il/sites/docs/genery/mediniut_ashkaa_tzfuia/gemelashkaa2020.xls,policy/companies/513026484/raw/513026484/29fd4fe237dd_gemelashkaa2020.xls,0 06,table,,,,15.0,,15.0,,,,,," | אקסלנס גמל להשקעה אג""ח עד 15% מניות - 7906 | על 120% מנכסי המסלול. חשיפה למניות תהיה בשיעור שלא יעלה על15%  [ובכל אופן | 0.06 | תל בונד 50"
513026484,http://www.fnx.co.il/sites/docs/genery/mediniut_ashkaa_tzfuia/gemel2020.xls,policy/companies/513026484/raw/513026484/2de01efeedd8_gemel2020.xls,0 06,table,,,,15.0,,15.0,,,,,," | אקסלנס השתלמות אג""ח עד 15% מניות - 1100 | על 120% מנכסי המסלול. חשיפה למניות תהיה בשיעור שלא יעלה על15%  [ובכל אופן | 0.06 | תל בונד 50"
513026484,http://www.fnx.co.il/sites/docs/genery/mediniut_ashkaa_tzfuia/gemelgeneral2019_update0719.xls,policy/companies/513026484/raw/513026484/d7279819ccd6_gemelgeneral2019_update0719.xls,0 06,table,,,,15.0,,15.0,,,,,," | אקסלנס גמל להשקעה אג""ח עד 15% מניות*** - 7906 | על 120% מנכסי המסלול. חשיפה למניות תהיה בשיעור שלא יעלה על15%  [ובכל אופן | 0.06 | תל בונד 50"
513026484,http://www.fnx.co.il/sites/docs/genery/mediniut_ashkaa_tzfuia/gemel2019_update0919.xls,policy/companies/513026484/raw/513026484/e542f3d418c9_gemel2019_update0919.xls,0 06,table,,,25.0,25.0,25.0,25.0,,,,,," |  | 25% בכפוף להוראות הדין, ובכפוף לשיקול דעתה של ועדת ההשקעות. | 0.06 | משקל תל בונד תשואות"
513026484,http://www.fnx.co.il/sites/docs/genery/mediniut_ashkaa_tzfuia/gemel2019_update0719.xls,policy/companies/513026484/raw/513026484/04e93db51529_gemel2019_update0719.xls,0 06,table,,,25.0,25.0,25.0,25.0,,,,,," |  | 25% בכפוף להוראות הדין, ובכפוף לשיקול דעתה של ועדת ההשקעות. | 0.06 | משקל תל בונד תשואות"
513026484,http://www.fnx.co.il/sites/docs/genery/mediniut_ashkaa_tzfuia/gemel2019.xls,policy/companies/513026484/raw/513026484/e353e49ff159_gemel2019.xls,0 06,table,,,25.0,25.0,25.0,25.0,,,,,," |  | 25% בכפוף להוראות הדין, ובכפוף לשיקול דעתה של ועדת ההשקעות. | 0.06 | משקל תל בונד תשואות"
513026484,http://www.fnx.co.il/sites/docs/genery/mediniut_ashkaa_tzfuia/gemelashkaa2021_update0421.xls,policy/companies/513026484/raw/513026484/7630f4ddef39_gemelashkaa2021_update0421.xls,0 07,table,15.0,15.0,15.0,15.0,,,,,,,, |  | החשיפה לא תעלה על 15% מנכסי המסלול]. חשיפה לנכסים כאמור לעיל תושג הן באמצעות | 0.07 | IBOXX HY
513026484,http://www.fnx.co.il/sites/docs/genery/mediniut_ashkaa_tzfuia/gemelashkaa2021.xls,policy/companies/513026484/raw/513026484/da2d5d34906d_gemelashkaa2021.xls,0 07,table,15.0,15.0,15.0,15.0,,,,,,,, |  | החשיפה לא תעלה על 15% מנכסי המסלול]. חשיפה לנכסים כאמור לעיל תושג הן באמצעות | 0.07 | IBOXX HY
513026484,http://www.fnx.co.il/sites/docs/genery/mediniut_ashkaa_tzfuia/gemel-update022021.xls,policy/companies/513026484/raw/513026484/8b6d6ab62767_gemel-update022021.xls,0 07,table,,,15.0,15.0,15.0,15.0,,,,,, |  | החשיפה לא תעלה על 15% מנכסי המסלול]. חשיפה לנכסים כאמור לעיל תושג הן באמצעות | 0.07 | IBOXX HY
513026484,http://www.fnx.co.il/sites/docs/genery/mediniut_ashkaa_tzfuia/gemel-update042021.xls,policy/companies/513026484/raw/513026484/68ee6882768e_gemel-update042021.xls,0 07,table,,,15.0,15.0,15.0,15.0,,,,,, |  | החשיפה לא תעלה על 15% מנכסי המסלול]. חשיפה לנכסים כאמור לעיל תושג הן באמצעות | 0.07 | IBOXX HY
513026484,http://www.fnx.co.il/sites/docs/genery/mediniut_ashkaa_tzfuia/gemel2021.xls,policy/companies/513026484/raw/513026484/660eab30ed1a_gemel2021.xls,0 07,table,,,15.0,15.0,15.0,15.0,,,,,, |  | החשיפה לא תעלה על 15% מנכסי המסלול]. חשיפה לנכסים כאמור לעיל תושג הן באמצעות | 0.07 | IBOXX HY
513026484,http://www.fnx.co.il/sites/docs/genery/mediniut_ashkaa_tzfuia/gemelashkaa2022.xls,policy/companies/513026484/raw/513026484/9ce80f2f9fd3_gemelashkaa2022.xls,0 07,table,15.0,15.0,15.0,15.0,,,,,,,, | החשיפה לא תעלה על 15% מנכסי המסלול]. חשיפה לנכסים כאמור לעיל תושג הן באמצעות | 0.07 | IBOXX HY | 
513026484,http://www.fnx.co.il/sites/docs/genery/mediniut_ashkaa_tzfuia/gemel2022.xls,policy/companies/513026484/raw/513026484/07a93191ba60_gemel2022.xls,0 07,table,,,15.0,15.0,15.0,15.0,,,,,, | החשיפה לא תעלה על 15% מנכסי המסלול]. חשיפה לנכסים כאמור לעיל תושג הן באמצעות | 0.07 | IBOXX HY | 
513026484,http://www.fnx.co.il/sites/docs/genery/mediniut_ashkaa_tzfuia/gemel2020_update06.xls,policy/companies/513026484/raw/513026484/9a8c9561dc51_gemel2020_update06.xls,0 07,table,,,,120.0,,120.0,,,,,," |  | ולא יעלה על 120% מנכסי המסלול. חשיפה לנכסים כאמור תושג באמצעות השקעה במישרין, | 0.07 | תל בונד 50"
513026484,http://www.fnx.co.il/sites/docs/genery/mediniut_ashkaa_tzfuia/mediniut_ashkaa_tzfuia_gemel_01.10.2020.xls,policy/companies/513026484/raw/513026484/1a0f084dcc33_mediniut_ashkaa_tzfuia_gemel_01.10.2020.xls,0 07,table,,,,120.0,,120.0,,,,,," |  | ולא יעלה על 120% מנכסי המסלול. חשיפה לנכסים כאמור תושג באמצעות השקעה במישרין, | 0.07 | תל בונד 50"
513026484,http://www.fnx.co.il/sites/docs/genery/mediniut_ashkaa_tzfuia/gemelashkaa2020_update0620.xls,policy/companies/513026484/raw/513026484/459ae97b1bb5_gemelashkaa2020_update0620.xls,0 07,table,,,,120.0,,120.0,,,,,," |  | ולא יעלה על 120% מנכסי המסלול. חשיפה לנכסים כאמור תושג באמצעות השקעה במישרין, | 0.07 | תל בונד 50"
513026484,http://www.fnx.co.il/sites/docs/genery/mediniut_ashkaa_tzfuia/gemelashkaa2020_update0420.xls,policy/companies/513026484/raw/513026484/5aa9781fcccb_gemelashkaa2020_update0420.xls,0 07,table,,,,120.0,,120.0,,,,,," |  | ולא יעלה על 120% מנכסי המסלול. חשיפה לנכסים כאמור תושג באמצעות השקעה במישרין, | 0.07 | תל בונד 50"
513026484,http://www.fnx.co.il/sites/docs/genery/mediniut_ashkaa_tzfuia/gemelashkaa2020.xls,policy/companies/513026484/raw/513026484/29fd4fe237dd_gemelashkaa2020.xls,0 07,table,,,,120.0,,120.0,,,,,," |  | ולא יעלה על 120% מנכסי המסלול. חשיפה לנכסים כאמור תושג באמצעות השקעה במישרין, | 0.07 | תל בונד 50"
513026484,http://www.fnx.co.il/sites/docs/genery/mediniut_ashkaa_tzfuia/מדיניות השקעה צפויה לשנת 2020 -  ביטוח-עדכון ספטמבר 2020.xls,policy/companies/513026484/raw/513026484/7fdf97f1bafa_מדיניות_השקעה_צפויה_לשנת_2020_-__ביטוח-עדכון_ספטמבר_2020.xls,0 07,table,,,,120.0,,120.0,,,,,," |  | ולא יעלה על 120% מנכסי המסלול. חשיפה לנכסים כאמור תושג באמצעות השקעה במישרין, | 0.07 | תל בונד 50"
513026484,http://www.fnx.co.il/sites/docs/genery/mediniut_ashkaa_tzfuia/gemel2020.xls,policy/companies/513026484/raw/513026484/2de01efeedd8_gemel2020.xls,0 07,table,,,,120.0,,120.0,,,,,," |  | ולא יעלה על 120% מנכסי המסלול. חשיפה לנכסים כאמור תושג באמצעות השקעה במישרין, | 0.07 | תל בונד 50"
513026484,http://www.fnx.co.il/sites/docs/genery/mediniut_ashkaa_tzfuia/gemelgeneral2019_update0719.xls,policy/companies/513026484/raw/513026484/d7279819ccd6_gemelgeneral2019_update0719.xls,0 07,table,,,,120.0,,120.0,,,,,," |  | ולא יעלה על 120% מנכסי המסלול. חשיפה לנכסים כאמור תושג באמצעות השקעה במישרין, | 0.07 | תל בונד 50"
513026484,http://www.fnx.co.il/sites/docs/genery/mediniut_ashkaa_tzfuia/gemel2019_update0919.xls,policy/companies/513026484/raw/513026484/e542f3d418c9_gemel2019_update0919.xls,0 07,table,,,,120.0,,120.0,,,,,," |  | ולא יעלה על 120% מנכסי המסלול. חשיפה לנכסים כאמור תושג באמצעות השקעה במישרין, | 0.07 | תל בונד 50"
513026484,http://www.fnx.co.il/sites/docs/genery/mediniut_ashkaa_tzfuia/pensia2019_update0719.xls,policy/companies/513026484/raw/513026484/7e27ce85fc30_pensia2019_update0719.xls,0 07,table,,,,120.0,,120.0,,,,,," |  | ולא יעלה על 120% מנכסי המסלול. חשיפה לנכסים כאמור תושג באמצעות השקעה במישרין, | 0.07 | תל בונד 50"
513026484,http://www.fnx.co.il/sites/docs/genery/mediniut_ashkaa_tzfuia/gemel2019_update0719.xls,policy/companies/513026484/raw/513026484/04e93db51529_gemel2019_update0719.xls,0 07,table,,,,120.0,,120.0,,,,,," |  | ולא יעלה על 120% מנכסי המסלול. חשיפה לנכסים כאמור תושג באמצעות השקעה במישרין, | 0.07 | תל בונד 50"
513026484,http://www.fnx.co.il/sites/docs/genery/mediniut_ashkaa_tzfuia/pension2022-update11-22.xls,policy/companies/513026484/raw/513026484/c81d0f5ae3c7_pension2022-update11-22.xls,0 075,table,,,,30.0,,30.0,,,,,, | המסלול החשופים לנכסים כמפורט לעיל יהיו כל נכסי המסלול למעט עד 30% מהנכסים המושקעים באגרות חוב מסוג ערד או באפיק השקעה מבוטח תשואה | 0.075 | EMLC JGENVUUG | 
513026484,http://www.fnx.co.il/sites/docs/genery/mediniut_ashkaa_tzfuia/xnesinvest2020.xls,policy/companies/513026484/raw/513026484/30efc97048b9_xnesinvest2020.xls,0 075,table,,,,120.0,,120.0,,,,,," |  | ולא יעלה על 120% מנכסי המסלול. חשיפה לנכסים כאמור תושג באמצעות השקעה במישרין, | 0.075 | MSCI WORLD AC"
513026484,http://www.fnx.co.il/sites/docs/genery/mediniut_ashkaa_tzfuia/xnsinvest2019.xls,policy/companies/513026484/raw/513026484/11e7ca354338_xnsinvest2019.xls,0 075,table,,,,120.0,,120.0,,,,,," |  | ולא יעלה על 120% מנכסי המסלול. חשיפה לנכסים כאמור תושג באמצעות השקעה במישרין, | 0.075 | MSCI WORLD AC"
513026484,http://www.fnx.co.il/sites/docs/genery/mediniut_ashkaa_tzfuia/pension2021_update0421.xls,policy/companies/513026484/raw/513026484/fbfc723ed218_pension2021_update0421.xls,0 08,table,,,25.0,25.0,25.0,25.0,,,,,," | מסלול מתמחה אג""ח עד 25% מניות | החשיפה לא תעלה על 25% מנכסי המסלול]. חשיפה לנכסים כאמור לעיל תושג הן באמצעות | 0.08 | IBOXX HY"
513026484,http://www.fnx.co.il/sites/docs/genery/mediniut_ashkaa_tzfuia/gemelashkaa2021_update0421.xls,policy/companies/513026484/raw/513026484/7630f4ddef39_gemelashkaa2021_update0421.xls,0 08,table,,15.0,,15.0,,,,,,,," | הפניקס גמל להשקעה אג""ח עד 15% מניות - 7906 | על 120% מנכסי המסלול. חשיפה למניות תהיה בשיעור שלא יעלה על15%  [ובכל אופן | 0.08 | תל בונד 50"
513026484,http://www.fnx.co.il/sites/docs/genery/mediniut_ashkaa_tzfuia/gemelashkaa2021.xls,policy/companies/513026484/raw/513026484/da2d5d34906d_gemelashkaa2021.xls,0 08,table,,15.0,,15.0,,,,,,,," | אקסלנס גמל להשקעה אג""ח עד 15% מניות - 7906 | על 120% מנכסי המסלול. חשיפה למניות תהיה בשיעור שלא יעלה על15%  [ובכל אופן | 0.08 | תל בונד 50"
513026484,http://www.fnx.co.il/sites/docs/genery/mediniut_ashkaa_tzfuia/gemel-update022021.xls,policy/companies/513026484/raw/513026484/8b6d6ab62767_gemel-update022021.xls,0 08,table,,,,25.0,,25.0,,,,,," | אקסלנס השתלמות אג""ח עד 25% מניות - 1190 | על 120% מנכסי המסלול. חשיפה למניות תהיה בשיעור שלא יעלה על25% | 0.08 | IBOXX HY"
513026484,http://www.fnx.co.il/sites/docs/genery/mediniut_ashkaa_tzfuia/gemel-update042021.xls,policy/companies/513026484/raw/513026484/68ee6882768e_gemel-update042021.xls,0 08,table,,,,25.0,,25.0,,,,,," | הפניקס השתלמות אג""ח עד 25% מניות - 1190 | על 120% מנכסי המסלול. חשיפה למניות תהיה בשיעור שלא יעלה על25% | 0.08 | IBOXX HY"
513026484,http://www.fnx.co.il/sites/docs/genery/mediniut_ashkaa_tzfuia/pension2021.xls,policy/companies/513026484/raw/513026484/95f7e73b8e62_pension2021.xls,0 08,table,,,25.0,25.0,25.0,25.0,,,,,," | מסלול מתמחה אג""ח עד 25% מניות | החשיפה לא תעלה על 25% מנכסי המסלול]. חשיפה לנכסים כאמור לעיל תושג הן באמצעות | 0.08 | IBOXX HY"
513026484,http://www.fnx.co.il/sites/docs/genery/mediniut_ashkaa_tzfuia/gemel2021.xls,policy/companies/513026484/raw/513026484/660eab30ed1a_gemel2021.xls,0 08,table,,,,25.0,,25.0,,,,,," | אקסלנס השתלמות אג""ח עד 25% מניות - 1190 | על 120% מנכסי המסלול. חשיפה למניות תהיה בשיעור שלא יעלה על25% | 0.08 | IBOXX HY"
513026484,http://www.fnx.co.il/sites/docs/genery/mediniut_ashkaa_tzfuia/pension2022-update11-22.xls,policy/companies/513026484/raw/513026484/c81d0f5ae3c7_pension2022-update11-22.xls,0 08,table,,,25.0,25.0,25.0,25.0,,,,,,"מסלול מתמחה אג""ח עד 25% מניות | החשיפה לא תעלה על 25% מנכסי המסלול]. חשיפה לנכסים כאמור לעיל תושג הן באמצעות | 0.08 | IBOXX HY | "
513026484,http://www.fnx.co.il/sites/docs/genery/mediniut_ashkaa_tzfuia/gemelashkaa2022.xls,policy/companies/513026484/raw/513026484/9ce80f2f9fd3_gemelashkaa2022.xls,0 08,table,,15.0,,15.0,,,,,,,,"הפניקס גמל להשקעה אג""ח עד 15% מניות | על 120% מנכסי המסלול. חשיפה למניות תהיה בשיעור שלא יעלה על15%  [ובכל אופן | 0.08 | תל בונד 50 | "
513026484,http://www.fnx.co.il/sites/docs/genery/mediniut_ashkaa_tzfuia/gemel2022.xls,policy/companies/513026484/raw/513026484/07a93191ba60_gemel2022.xls,0 08,table,,,,25.0,,25.0,,,,,,"הפניקס השתלמות אג""ח עד 25% מניות | על 120% מנכסי המסלול. חשיפה למניות תהיה בשיעור שלא יעלה על25% | 0.08 | IBOXX HY | "
513026484,http://www.fnx.co.il/sites/docs/genery/mediniut_ashkaa_tzfuia/pension2022.xls,policy/companies/513026484/raw/513026484/92884ec2d493_pension2022.xls,0 08,table,,,25.0,25.0,25.0,25.0,,,,,,"מסלול מתמחה אג""ח עד 25% מניות | החשיפה לא תעלה על 25% מנכסי המסלול]. חשיפה לנכסים כאמור לעיל תושג הן באמצעות | 0.08 | IBOXX HY | "
513026484,http://www.fnx.co.il/sites/docs/genery/mediniut_ashkaa_tzfuia/מדיניות השקעה צפויה לשנת 2020 - פנסיה-עדכון ספטמבר 2020.xls,policy/companies/513026484/raw/513026484/dfd3778b8def_מדיניות_השקעה_צפויה_לשנת_2020_-_פנסיה-עדכון_ספטמבר_2020.xls,0 08,table,,,,25.0,,25.0,,,,,, |  | על 120% מנכסי המסלול. חשיפה למניות תהיה בשיעור שלא יעלה על25%  [ובכל אופן | 0.08 | תל בונד 50
513026484,http://www.fnx.co.il/sites/docs/genery/mediniut_ashkaa_tzfuia/pension2020.xls,policy/companies/513026484/raw/513026484/80d3d8269950_pension2020.xls,0 08,table,,,,25.0,,25.0,,,,,, |  | על 120% מנכסי המסלול. חשיפה למניות תהיה בשיעור שלא יעלה על25%  [ובכל אופן | 0.08 | תל בונד 50
513026484,http://www.fnx.co.il/sites/docs/genery/mediniut_ashkaa_tzfuia/pension2020_update06.xls,policy/companies/513026484/raw/513026484/ae2ce03e23d2_pension2020_update06.xls,0 08,table,,,,25.0,,25.0,,,,,, |  | על 120% מנכסי המסלול. חשיפה למניות תהיה בשיעור שלא יעלה על25%  [ובכל אופן | 0.08 | תל בונד 50
513026484,http://www.fnx.co.il/sites/docs/genery/mediniut_ashkaa_tzfuia/pensia2019_update0719.xls,policy/companies/513026484/raw/513026484/7e27ce85fc30_pensia2019_update0719.xls,0 08,table,,,,25.0,,25.0,,,,,, |  | על 120% מנכסי המסלול. חשיפה למניות תהיה בשיעור שלא יעלה על25%  [ובכל אופן | 0.08 | תל בונד 50
513026484,http://www.fnx.co.il/sites/docs/genery/mediniut_ashkaa_tzfuia/gemelashkaa2022.xls,policy/companies/513026484/raw/513026484/9ce80f2f9fd3_gemelashkaa2022.xls,0 08639999999999999,table,,100.0,,100.0,,,,,,,," | נכסי המסלול, בשיעור שלא יפחת מ-75% ולא יעלה על 100%, יושקעו במדדי מניות | 0.08639999999999999 | NASDAQ 100 | "
513026484,http://www.fnx.co.il/sites/docs/genery/mediniut_ashkaa_tzfuia/gemelpolicychild_2022.xls,policy/companies/513026484/raw/513026484/5cbd87a4b34f_gemelpolicychild_2022.xls,0 08639999999999999,table,,100.0,,100.0,,,,,,,," | נכסי המסלול, בשיעור שלא יפחת מ-75% ולא יעלה על 100%, יושקעו במדדי מניות | 0.08639999999999999 | NASDAQ 100 | "
513026484,http://www.fnx.co.il/sites/docs/genery/mediniut_ashkaa_tzfuia/gemel-update022021.xls,policy/companies/513026484/raw/513026484/8b6d6ab62767_gemel-update022021.xls,0 09,table,75.0,75.0,,,,,,,,,," |  | או אג""ח של ממשלות אחרות. חשיפה לנכסי אג""ח תהיה בשיעור שלא יפחת מ-75% ולא יעלה | 0.09 | תל בונד 60"
513026484,http://www.fnx.co.il/sites/docs/genery/mediniut_ashkaa_tzfuia/xnesinvest2021_update052021.xls,policy/companies/513026484/raw/513026484/ae137a7bab87_xnesinvest2021_update052021.xls,0 09,table,,,,120.0,,120.0,,,,,," |  | ולא יעלה על 120% מנכסי המסלול. חשיפה לנכסים כאמור תושג באמצעות השקעה במישרין, | 0.09 | MSCI WORLD AC"
513026484,http://www.fnx.co.il/sites/docs/genery/mediniut_ashkaa_tzfuia/xnesinvest2021.xls,policy/companies/513026484/raw/513026484/9c2cb8a565fb_xnesinvest2021.xls,0 09,table,,,,120.0,,120.0,,,,,," |  | ולא יעלה על 120% מנכסי המסלול. חשיפה לנכסים כאמור תושג באמצעות השקעה במישרין, | 0.09 | MSCI WORLD AC"
513026484,http://www.fnx.co.il/sites/docs/genery/mediniut_ashkaa_tzfuia/gemel2021.xls,policy/companies/513026484/raw/513026484/660eab30ed1a_gemel2021.xls,0 09,table,75.0,75.0,,,,,,,,,," |  | או אג""ח של ממשלות אחרות. חשיפה לנכסי אג""ח תהיה בשיעור שלא יפחת מ-75% ולא יעלה | 0.09 | תל בונד 60"
513026484,http://www.fnx.co.il/sites/docs/genery/mediniut_ashkaa_tzfuia/xnesinvest2022.xls,policy/companies/513026484/raw/513026484/6dbba0544f59_xnesinvest2022.xls,0 09,table,,,,120.0,,120.0,,,,,," | ולא יעלה על 120% מנכסי המסלול. חשיפה לנכסים כאמור תושג באמצעות השקעה במישרין, | 0.09 | MSCI WORLD AC | "
513026484,http://www.fnx.co.il/sites/docs/genery/mediniut_ashkaa_tzfuia/xnesinvest2021_update052021.xls,policy/companies/513026484/raw/513026484/ae137a7bab87_xnesinvest2021_update052021.xls,0 1,table,,,,25.0,,25.0,,,,,," | מסלול מתמחה אג""ח עד 25% מניות | על 120% מנכסי המסלול. חשיפה למניות תהיה בשיעור שלא יעלה על25%  [ובכל אופן | 0.1 | תל אביב 125"
513026484,http://www.fnx.co.il/sites/docs/genery/mediniut_ashkaa_tzfuia/xnesinvest2021.xls,policy/companies/513026484/raw/513026484/9c2cb8a565fb_xnesinvest2021.xls,0 1,table,,,,25.0,,25.0,,,,,," | מסלול מתמחה אג""ח עד 25% מניות | על 120% מנכסי המסלול. חשיפה למניות תהיה בשיעור שלא יעלה על25%  [ובכל אופן | 0.1 | תל אביב 125"
513026484,http://www.fnx.co.il/sites/docs/genery/mediniut_ashkaa_tzfuia/xnesinvest2022.xls,policy/companies/513026484/raw/513026484/6dbba0544f59_xnesinvest2022.xls,0 1,table,,,,25.0,,25.0,,,,,,"מסלול מתמחה אג""ח עד 25% מניות | על 120% מנכסי המסלול. חשיפה למניות תהיה בשיעור שלא יעלה על25%  [ובכל אופן | 0.1 | תל אביב 125 | "
513026484,http://www.fnx.co.il/sites/docs/genery/mediniut_ashkaa_tzfuia/מדיניות השקעה צפויה לשנת 2020 - פנסיה-עדכון ספטמבר 2020.xls,policy/companies/513026484/raw/513026484/dfd3778b8def_מדיניות_השקעה_צפויה_לשנת_2020_-_פנסיה-עדכון_ספטמבר_2020.xls,0 1,table,,,75.0,75.0,75.0,75.0,,,,,," |  | או אג""ח של ממשלות אחרות. חשיפה לנכסי אג""ח תהיה בשיעור שלא יפחת מ-75% ולא יעלה | 0.1 | תל בונד 60"
513026484,http://www.fnx.co.il/sites/docs/genery/mediniut_ashkaa_tzfuia/gemel2020_update06.xls,policy/companies/513026484/raw/513026484/9a8c9561dc51_gemel2020_update06.xls,0 1,table,,,75.0,75.0,75.0,75.0,,,,,," |  | או אג""ח של ממשלות אחרות. חשיפה לנכסי אג""ח תהיה בשיעור שלא יפחת מ-75% ולא יעלה | 0.1 | תל בונד 50"
513026484,http://www.fnx.co.il/sites/docs/genery/mediniut_ashkaa_tzfuia/mediniut_ashkaa_tzfuia_gemel_01.10.2020.xls,policy/companies/513026484/raw/513026484/1a0f084dcc33_mediniut_ashkaa_tzfuia_gemel_01.10.2020.xls,0 1,table,,,75.0,75.0,75.0,75.0,,,,,," |  | או אג""ח של ממשלות אחרות. חשיפה לנכסי אג""ח תהיה בשיעור שלא יפחת מ-75% ולא יעלה | 0.1 | תל בונד 50"
513026484,http://www.fnx.co.il/sites/docs/genery/mediniut_ashkaa_tzfuia/gemelashkaa2020_update0620.xls,policy/companies/513026484/raw/513026484/459ae97b1bb5_gemelashkaa2020_update0620.xls,0 1,table,,,75.0,75.0,75.0,75.0,,,,,," |  | או אג""ח של ממשלות אחרות. חשיפה לנכסי אג""ח תהיה בשיעור שלא יפחת מ-75% ולא יעלה | 0.1 | תל בונד 60"
513026484,http://www.fnx.co.il/sites/docs/genery/mediniut_ashkaa_tzfuia/gemelashkaa2020_update0420.xls,policy/companies/513026484/raw/513026484/5aa9781fcccb_gemelashkaa2020_update0420.xls,0 1,table,,,75.0,75.0,75.0,75.0,,,,,," |  | או אג""ח של ממשלות אחרות. חשיפה לנכסי אג""ח תהיה בשיעור שלא יפחת מ-75% ולא יעלה | 0.1 | תל בונד 60"
513026484,http://www.fnx.co.il/sites/docs/genery/mediniut_ashkaa_tzfuia/gemelashkaa2020.xls,policy/companies/513026484/raw/513026484/29fd4fe237dd_gemelashkaa2020.xls,0 1,table,,,75.0,75.0,75.0,75.0,,,,,," |  | או אג""ח של ממשלות אחרות. חשיפה לנכסי אג""ח תהיה בשיעור שלא יפחת מ-75% ולא יעלה | 0.1 | תל בונד 60"
513026484,http://www.fnx.co.il/sites/docs/genery/mediniut_ashkaa_tzfuia/מדיניות השקעה צפויה לשנת 2020 -  ביטוח-עדכון ספטמבר 2020.xls,policy/companies/513026484/raw/513026484/7fdf97f1bafa_מדיניות_השקעה_צפויה_לשנת_2020_-__ביטוח-עדכון_ספטמבר_2020.xls,0 1,table,,,75.0,75.0,75.0,75.0,,,,,," |  | או אג""ח של ממשלות אחרות. חשיפה לנכסי אג""ח תהיה בשיעור שלא יפחת מ-75% ולא יעלה | 0.1 | תל בונד 60"
513026484,http://www.fnx.co.il/sites/docs/genery/mediniut_ashkaa_tzfuia/pension2020.xls,policy/companies/513026484/raw/513026484/80d3d8269950_pension2020.xls,0 1,table,,,75.0,75.0,75.0,75.0,,,,,," |  | או אג""ח של ממשלות אחרות. חשיפה לנכסי אג""ח תהיה בשיעור שלא יפחת מ-75% ולא יעלה | 0.1 | תל בונד 60"
513026484,http://www.fnx.co.il/sites/docs/genery/mediniut_ashkaa_tzfuia/gemel2020.xls,policy/companies/513026484/raw/513026484/2de01efeedd8_gemel2020.xls,0 1,table,,,75.0,75.0,75.0,75.0,,,,,," |  | או אג""ח של ממשלות אחרות. חשיפה לנכסי אג""ח תהיה בשיעור שלא יפחת מ-75% ולא יעלה | 0.1 | תל בונד 50"
513026484,http://www.fnx.co.il/sites/docs/genery/mediniut_ashkaa_tzfuia/pension2020_update06.xls,policy/companies/513026484/raw/513026484/ae2ce03e23d2_pension2020_update06.xls,0 1,table,,,75.0,75.0,75.0,75.0,,,,,," |  | או אג""ח של ממשלות אחרות. חשיפה לנכסי אג""ח תהיה בשיעור שלא יפחת מ-75% ולא יעלה | 0.1 | תל בונד 60"
513026484,http://www.fnx.co.il/sites/docs/genery/mediniut_ashkaa_tzfuia/gemelgeneral2019_update0719.xls,policy/companies/513026484/raw/513026484/d7279819ccd6_gemelgeneral2019_update0719.xls,0 1,table,,,75.0,75.0,75.0,75.0,,,,,," |  | או אג""ח של ממשלות אחרות. חשיפה לנכסי אג""ח תהיה בשיעור שלא יפחת מ-75% ולא יעלה | 0.1 | תל בונד 60"
513026484,http://www.fnx.co.il/sites/docs/genery/mediniut_ashkaa_tzfuia/gemelgeneral2019.xls,policy/companies/513026484/raw/513026484/a4e76debf7c8_gemelgeneral2019.xls,0 1,table,,,,15.0,,15.0,,,,,," | אקסלנס גמל להשקעה אג""ח עד 15% מניות - 7906 | על 120% מנכסי המסלול. חשיפה למניות תהיה בשיעור שלא יעלה על15%  [ובכל אופן החשיפה לא תעלה על 15% מנכסי המסלול]. חשיפה לנכסים כאמור לעיל תושג הן באמצעות | 0.1 | BarCap Global Corporate Total Return Bond Index UnHedged"
513026484,http://www.fnx.co.il/sites/docs/genery/mediniut_ashkaa_tzfuia/policychild_2019.xls,policy/companies/513026484/raw/513026484/c23f9fa3358c_policychild_2019.xls,0 1,table,,,,120.0,,120.0,,,,,," |  | ולא יעלה על 120% מנכסי המסלול. חשיפה לנכסים כאמור תושג באמצעות השקעה במישרין, | 0.1 | BarCap Global Corporate Total Return Bond Index UnHedged"
513026484,http://www.fnx.co.il/sites/docs/genery/mediniut_ashkaa_tzfuia/gemel2019_update0919.xls,policy/companies/513026484/raw/513026484/e542f3d418c9_gemel2019_update0919.xls,0 1,table,,,75.0,75.0,75.0,75.0,,,,,," |  | או אג""ח של ממשלות אחרות. חשיפה לנכסי אג""ח תהיה בשיעור שלא יפחת מ-75% ולא יעלה | 0.1 | תל בונד 50"
513026484,http://www.fnx.co.il/sites/docs/genery/mediniut_ashkaa_tzfuia/pensia2019_update0719.xls,policy/companies/513026484/raw/513026484/7e27ce85fc30_pensia2019_update0719.xls,0 1,table,,,75.0,75.0,75.0,75.0,,,,,," |  | או אג""ח של ממשלות אחרות. חשיפה לנכסי אג""ח תהיה בשיעור שלא יפחת מ-75% ולא יעלה | 0.1 | תל בונד 60"
513026484,http://www.fnx.co.il/sites/docs/genery/mediniut_ashkaa_tzfuia/gemel2019_update0719.xls,policy/companies/513026484/raw/513026484/04e93db51529_gemel2019_update0719.xls,0 1,table,,,75.0,75.0,75.0,75.0,,,,,," |  | או אג""ח של ממשלות אחרות. חשיפה לנכסי אג""ח תהיה בשיעור שלא יפחת מ-75% ולא יעלה | 0.1 | תל בונד 50"
513026484,http://www.fnx.co.il/sites/docs/genery/mediniut_ashkaa_tzfuia/pensia2019.xls,policy/companies/513026484/raw/513026484/b5d99ba940df_pensia2019.xls,0 1,table,,,25.0,25.0,25.0,25.0,,,,,," | מסלול מתמחה אג""ח עד 25% מניות | החשיפה לא תעלה על 25% מנכסי המסלול]. חשיפה לנכסים כאמור לעיל תושג הן באמצעות | 0.1 | BarCap Global Corporate Total Return Bond Index UnHedged"
513026484,http://www.fnx.co.il/sites/docs/genery/mediniut_ashkaa_tzfuia/gemel2019.xls,policy/companies/513026484/raw/513026484/e353e49ff159_gemel2019.xls,0 1,table,,,,25.0,,25.0,,,,,," | אקסלנס השתלמות אג""ח עד 25% מניות - 1190 | על 120% מנכסי המסלול. חשיפה למניות תהיה בשיעור שלא יעלה על25%  [ובכל אופן החשיפה לא תעלה על 25% מנכסי המסלול]. חשיפה לנכסים כאמור לעיל תושג הן באמצעות | 0.1 | BarCap Global Corporate Total Return Bond Index UnHedged"
513026484,http://www.fnx.co.il/sites/docs/genery/mediniut_ashkaa_tzfuia/pension2021_update0421.xls,policy/companies/513026484/raw/513026484/fbfc723ed218_pension2021_update0421.xls,0 11,table,,,75.0,75.0,75.0,75.0,,,,,," |  | או אג""ח של ממשלות אחרות. חשיפה לנכסי אג""ח תהיה בשיעור שלא יפחת מ-75% ולא יעלה | 0.11 | תל בונד 60"
513026484,http://www.fnx.co.il/sites/docs/genery/mediniut_ashkaa_tzfuia/gemelashkaa2021_update0421.xls,policy/companies/513026484/raw/513026484/7630f4ddef39_gemelashkaa2021_update0421.xls,0 11,table,,100.0,,100.0,,,,,,,," |  | נכסי המסלול, בשיעור שלא יפחת מ-75% ולא יעלה על 100%, יושקעו במדדי מניות | 0.11 | SXXR"
513026484,http://www.fnx.co.il/sites/docs/genery/mediniut_ashkaa_tzfuia/gemelashkaa2021.xls,policy/companies/513026484/raw/513026484/da2d5d34906d_gemelashkaa2021.xls,0 11,table,,100.0,,100.0,,,,,,,," |  | נכסי המסלול, בשיעור שלא יפחת מ-75% ולא יעלה על 100%, יושקעו במדדי מניות | 0.11 | SXXR"
513026484,http://www.fnx.co.il/sites/docs/genery/mediniut_ashkaa_tzfuia/gemelpolicychild_2021_update0421.xls,policy/companies/513026484/raw/513026484/78c233308547_gemelpolicychild_2021_update0421.xls,0 11,table,,100.0,,100.0,,,,,,,," |  | נכסי המסלול, בשיעור שלא יפחת מ-75% ולא יעלה על 100%, יושקעו במדדי מניות | 0.11 | STOXX600"
513026484,http://www.fnx.co.il/sites/docs/genery/mediniut_ashkaa_tzfuia/gemel-update022021.xls,policy/companies/513026484/raw/513026484/8b6d6ab62767_gemel-update022021.xls,0 11,table,,,75.0,75.0,75.0,75.0,,,,,," |  | או אג""ח של ממשלות אחרות. חשיפה לנכסי אג""ח תהיה בשיעור שלא יפחת מ-75% ולא יעלה | 0.11 | תל בונד 60"
513026484,http://www.fnx.co.il/sites/docs/genery/mediniut_ashkaa_tzfuia/gemel-update042021.xls,policy/companies/513026484/raw/513026484/68ee6882768e_gemel-update042021.xls,0 11,table,,,75.0,75.0,75.0,75.0,,,,,," |  | או אג""ח של ממשלות אחרות. חשיפה לנכסי אג""ח תהיה בשיעור שלא יפחת מ-75% ולא יעלה | 0.11 | תל בונד 60"
513026484,http://www.fnx.co.il/sites/docs/genery/mediniut_ashkaa_tzfuia/pension2021.xls,policy/companies/513026484/raw/513026484/95f7e73b8e62_pension2021.xls,0 11,table,,,75.0,75.0,75.0,75.0,,,,,," |  | או אג""ח של ממשלות אחרות. חשיפה לנכסי אג""ח תהיה בשיעור שלא יפחת מ-75% ולא יעלה | 0.11 | תל בונד 60"
513026484,http://www.fnx.co.il/sites/docs/genery/mediniut_ashkaa_tzfuia/gemel2021.xls,policy/companies/513026484/raw/513026484/660eab30ed1a_gemel2021.xls,0 11,table,,,75.0,75.0,75.0,75.0,,,,,," |  | או אג""ח של ממשלות אחרות. חשיפה לנכסי אג""ח תהיה בשיעור שלא יפחת מ-75% ולא יעלה | 0.11 | תל בונד 60"
513026484,http://www.fnx.co.il/sites/docs/genery/mediniut_ashkaa_tzfuia/pension2022-update11-22.xls,policy/companies/513026484/raw/513026484/c81d0f5ae3c7_pension2022-update11-22.xls,0 11,table,,,75.0,75.0,75.0,75.0,,,,,," | או אג""ח של ממשלות אחרות. חשיפה לנכסי אג""ח תהיה בשיעור שלא יפחת מ-75% ולא יעלה | 0.11 | תל בונד 60 | "
513026484,http://www.fnx.co.il/sites/docs/genery/mediniut_ashkaa_tzfuia/gemelashkaa2022.xls,policy/companies/513026484/raw/513026484/9ce80f2f9fd3_gemelashkaa2022.xls,0 11,table,75.0,75.0,75.0,75.0,,,,,,,," | או אג""ח של ממשלות אחרות. חשיפה לנכסי אג""ח תהיה בשיעור שלא יפחת מ-75% ולא יעלה | 0.11 | תל בונד 60 | "
513026484,http://www.fnx.co.il/sites/docs/genery/mediniut_ashkaa_tzfuia/gemel2022.xls,policy/companies/513026484/raw/513026484/07a93191ba60_gemel2022.xls,0 11,table,,,75.0,75.0,75.0,75.0,,,,,," | או אג""ח של ממשלות אחרות. חשיפה לנכסי אג""ח תהיה בשיעור שלא יפחת מ-75% ולא יעלה | 0.11 | תל בונד 60 | "
513026484,http://www.fnx.co.il/sites/docs/genery/mediniut_ashkaa_tzfuia/pension2022.xls,policy/companies/513026484/raw/513026484/92884ec2d493_pension2022.xls,0 11,table,,,75.0,75.0,75.0,75.0,,,,,," | או אג""ח של ממשלות אחרות. חשיפה לנכסי אג""ח תהיה בשיעור שלא יפחת מ-75% ולא יעלה | 0.11 | תל בונד 60 | "
513026484,http://www.fnx.co.il/sites/docs/genery/mediniut_ashkaa_tzfuia/xnesinvest2020.xls,policy/companies/513026484/raw/513026484/30efc97048b9_xnesinvest2020.xls,0 125,table,,,25.0,25.0,25.0,25.0,,,,,, |  | החשיפה לא תעלה על 25% מנכסי המסלול]. חשיפה לנכסים כאמור לעיל תושג הן באמצעות | 0.125 | MSCI WORLD AC
513026484,http://www.fnx.co.il/sites/docs/genery/mediniut_ashkaa_tzfuia/xnsinvest2019.xls,policy/companies/513026484/raw/513026484/11e7ca354338_xnsinvest2019.xls,0 125,table,,,25.0,25.0,25.0,25.0,,,,,, |  | החשיפה לא תעלה על 25% מנכסי המסלול]. חשיפה לנכסים כאמור לעיל תושג הן באמצעות | 0.125 | MSCI WORLD AC
513026484,http://www.fnx.co.il/sites/docs/genery/mediniut_ashkaa_tzfuia/gemelpolicyghild_2020_update06.xls,policy/companies/513026484/raw/513026484/a921f3507ae0_gemelpolicyghild_2020_update06.xls,0 13,table,,,,100.0,,100.0,,,,,," |  | נכסי המסלול, בשיעור שלא יפחת מ-75% ולא יעלה על 100%, יושקעו במדדי מניות. [העונים על | 0.13 | STOXX600"
513026484,http://www.fnx.co.il/sites/docs/genery/mediniut_ashkaa_tzfuia/gemelashkaa2020_update0620.xls,policy/companies/513026484/raw/513026484/459ae97b1bb5_gemelashkaa2020_update0620.xls,0 13,table,,,,100.0,,100.0,,,,,," |  | נכסי המסלול, בשיעור שלא יפחת מ-75% ולא יעלה על 100%, יושקעו במדדי מניות. [העונים | 0.13 | STOXX600"
513026484,http://www.fnx.co.il/sites/docs/genery/mediniut_ashkaa_tzfuia/gemelashkaa2020_update0420.xls,policy/companies/513026484/raw/513026484/5aa9781fcccb_gemelashkaa2020_update0420.xls,0 13,table,,,,100.0,,100.0,,,,,," |  | נכסי המסלול, בשיעור שלא יפחת מ-75% ולא יעלה על 100%, יושקעו במדדי מניות. [העונים | 0.13 | STOXX600"
513026484,http://www.fnx.co.il/sites/docs/genery/mediniut_ashkaa_tzfuia/gemelashkaa2020.xls,policy/companies/513026484/raw/513026484/29fd4fe237dd_gemelashkaa2020.xls,0 13,table,,,,100.0,,100.0,,,,,," |  | נכסי המסלול, בשיעור שלא יפחת מ-75% ולא יעלה על 100%, יושקעו במדדי מניות. [העונים | 0.13 | STOXX600"
513026484,http://www.fnx.co.il/sites/docs/genery/mediniut_ashkaa_tzfuia/gemelpolicychild_2020.xls,policy/companies/513026484/raw/513026484/1f3637f67f11_gemelpolicychild_2020.xls,0 13,table,,,,100.0,,100.0,,,,,," |  | נכסי המסלול, בשיעור שלא יפחת מ-75% ולא יעלה על 100%, יושקעו במדדי מניות. [העונים על | 0.13 | STOXX600"
513026484,http://www.fnx.co.il/sites/docs/genery/mediniut_ashkaa_tzfuia/gemelgeneral2019_update0719.xls,policy/companies/513026484/raw/513026484/d7279819ccd6_gemelgeneral2019_update0719.xls,0 14,table,,,,100.0,,100.0,,,,,," |  | נכסי המסלול, בשיעור שלא יפחת מ-75% ולא יעלה על 100%, יושקעו במדדי מניות. [העונים | 0.14 | STOXX600"
513026484,http://www.fnx.co.il/sites/docs/genery/mediniut_ashkaa_tzfuia/gemelgeneral2019.xls,policy/companies/513026484/raw/513026484/a4e76debf7c8_gemelgeneral2019.xls,0 14,table,,,,100.0,,100.0,,,,,," |  | נכסי המסלול, בשיעור שלא יפחת מ-75% ולא יעלה על 100%, יושקעו במדדי מניות. [העונים | 0.14 | STOXX600"
513026484,http://www.fnx.co.il/sites/docs/genery/mediniut_ashkaa_tzfuia/policychild_2019_update0719.xls,policy/companies/513026484/raw/513026484/31b74032a16e_policychild_2019_update0719.xls,0 14,table,,,,100.0,,100.0,,,,,," |  | נכסי המסלול, בשיעור שלא יפחת מ-75% ולא יעלה על 100%, יושקעו במדדי מניות. [העונים על | 0.14 | STOXX600"
513026484,http://www.fnx.co.il/sites/docs/genery/mediniut_ashkaa_tzfuia/policychild_2019.xls,policy/companies/513026484/raw/513026484/c23f9fa3358c_policychild_2019.xls,0 14,table,,,,100.0,,100.0,,,,,," |  | נכסי המסלול, בשיעור שלא יפחת מ-75% ולא יעלה על 100%, יושקעו במדדי מניות. [העונים על | 0.14 | STOXX600"
513026484,http://www.fnx.co.il/sites/docs/genery/mediniut_ashkaa_tzfuia/gemel2019_update0919.xls,policy/companies/513026484/raw/513026484/e542f3d418c9_gemel2019_update0919.xls,0 14,table,,,,100.0,,100.0,,,,,," |  | נכסי המסלול, בשיעור שלא יפחת מ-75% ולא יעלה על 100%, יושקעו במדדי מניות. [העונים | 0.14 | STOXX600"
513026484,http://www.fnx.co.il/sites/docs/genery/mediniut_ashkaa_tzfuia/gemel2019_update0719.xls,policy/companies/513026484/raw/513026484/04e93db51529_gemel2019_update0719.xls,0 14,table,,,,100.0,,100.0,,,,,," |  | נכסי המסלול, בשיעור שלא יפחת מ-75% ולא יעלה על 100%, יושקעו במדדי מניות. [העונים | 0.14 | STOXX600"
513026484,http://www.fnx.co.il/sites/docs/genery/mediniut_ashkaa_tzfuia/gemel2019.xls,policy/companies/513026484/raw/513026484/e353e49ff159_gemel2019.xls,0 14,table,,,,100.0,,100.0,,,,,," |  | נכסי המסלול, בשיעור שלא יפחת מ-75% ולא יעלה על 100%, יושקעו במדדי מניות. [העונים | 0.14 | STOXX600"
513026484,http://www.fnx.co.il/sites/docs/genery/mediniut_ashkaa_tzfuia/xnesinvest2021_update052021.xls,policy/companies/513026484/raw/513026484/ae137a7bab87_xnesinvest2021_update052021.xls,0 15,table,,,25.0,25.0,25.0,25.0,,,,,, |  | החשיפה לא תעלה על 25% מנכסי המסלול]. חשיפה לנכסים כאמור לעיל תושג הן באמצעות | 0.15 | MSCI WORLD AC
513026484,http://www.fnx.co.il/sites/docs/genery/mediniut_ashkaa_tzfuia/xnesinvest2021.xls,policy/companies/513026484/raw/513026484/9c2cb8a565fb_xnesinvest2021.xls,0 15,table,,,25.0,25.0,25.0,25.0,,,,,, |  | החשיפה לא תעלה על 25% מנכסי המסלול]. חשיפה לנכסים כאמור לעיל תושג הן באמצעות | 0.15 | MSCI WORLD AC
513026484,http://www.fnx.co.il/sites/docs/genery/mediniut_ashkaa_tzfuia/xnesinvest2022.xls,policy/companies/513026484/raw/513026484/6dbba0544f59_xnesinvest2022.xls,0 15,table,,,25.0,25.0,25.0,25.0,,,,,, | החשיפה לא תעלה על 25% מנכסי המסלול]. חשיפה לנכסים כאמור לעיל תושג הן באמצעות | 0.15 | MSCI WORLD AC | 
513026484,http://www.fnx.co.il/sites/docs/genery/mediniut_ashkaa_tzfuia/gemel2020_update06.xls,policy/companies/513026484/raw/513026484/9a8c9561dc51_gemel2020_update06.xls,0 15,table,,,75.0,75.0,75.0,75.0,,,,,," |  | מסחריים, הלוואות שאינן סחירות, אג""ח להמרה ופקדונות, בשיעור חשיפה שלא יפחת מ-75% | 0.15 | תל בונד 60"
513026484,http://www.fnx.co.il/sites/docs/genery/mediniut_ashkaa_tzfuia/gemelpolicyghild_2020_update06.xls,policy/companies/513026484/raw/513026484/a921f3507ae0_gemelpolicyghild_2020_update06.xls,0 15,table,,,75.0,75.0,75.0,75.0,,,,,," |  | מסחריים, הלוואות שאינן סחירות, אג""ח להמרה ופקדונות, בשיעור חשיפה שלא יפחת מ-75% | 0.15 | תל בונד 60"
513026484,http://www.fnx.co.il/sites/docs/genery/mediniut_ashkaa_tzfuia/mediniut_ashkaa_tzfuia_gemel_01.10.2020.xls,policy/companies/513026484/raw/513026484/1a0f084dcc33_mediniut_ashkaa_tzfuia_gemel_01.10.2020.xls,0 15,table,,,75.0,75.0,75.0,75.0,,,,,," |  | מסחריים, הלוואות שאינן סחירות, אג""ח להמרה ופקדונות, בשיעור חשיפה שלא יפחת מ-75% | 0.15 | תל בונד 60"
513026484,http://www.fnx.co.il/sites/docs/genery/mediniut_ashkaa_tzfuia/מדיניות השקעה צפויה לשנת 2020 -  ביטוח-עדכון ספטמבר 2020.xls,policy/companies/513026484/raw/513026484/7fdf97f1bafa_מדיניות_השקעה_צפויה_לשנת_2020_-__ביטוח-עדכון_ספטמבר_2020.xls,0 15,table,,,,120.0,,120.0,,,,,," |  | ולא יעלה על 120% מנכסי המסלול. חשיפה לנכסים כאמור תושג באמצעות השקעה במישרין, | 0.15 | תל בונד 60"
513026484,http://www.fnx.co.il/sites/docs/genery/mediniut_ashkaa_tzfuia/gemelpolicychild_2020.xls,policy/companies/513026484/raw/513026484/1f3637f67f11_gemelpolicychild_2020.xls,0 15,table,,,75.0,75.0,75.0,75.0,,,,,," |  | מסחריים, הלוואות שאינן סחירות, אג""ח להמרה ופקדונות, בשיעור חשיפה שלא יפחת מ-75% | 0.15 | תל בונד 60"
513026484,http://www.fnx.co.il/sites/docs/genery/mediniut_ashkaa_tzfuia/gemel2020.xls,policy/companies/513026484/raw/513026484/2de01efeedd8_gemel2020.xls,0 15,table,,,75.0,75.0,75.0,75.0,,,,,," |  | מסחריים, הלוואות שאינן סחירות, אג""ח להמרה ופקדונות, בשיעור חשיפה שלא יפחת מ-75% | 0.15 | תל בונד 60"
513026484,http://www.fnx.co.il/sites/docs/genery/mediniut_ashkaa_tzfuia/policychild_2019_update0719.xls,policy/companies/513026484/raw/513026484/31b74032a16e_policychild_2019_update0719.xls,0 15,table,,,75.0,75.0,75.0,75.0,,,,,," |  | מסחריים, הלוואות שאינן סחירות, אג""ח להמרה ופקדונות, בשיעור חשיפה שלא יפחת מ-75% | 0.15 | תל בונד 60"
513026484,http://www.fnx.co.il/sites/docs/genery/mediniut_ashkaa_tzfuia/gemel2019_update0919.xls,policy/companies/513026484/raw/513026484/e542f3d418c9_gemel2019_update0919.xls,0 15,table,,,75.0,75.0,75.0,75.0,,,,,," |  | מסחריים, הלוואות שאינן סחירות, אג""ח להמרה ופקדונות, בשיעור חשיפה שלא יפחת מ-75% | 0.15 | תל בונד 60"
513026484,http://www.fnx.co.il/sites/docs/genery/mediniut_ashkaa_tzfuia/pensia2019_update0719.xls,policy/companies/513026484/raw/513026484/7e27ce85fc30_pensia2019_update0719.xls,0 15,table,,,,120.0,,120.0,,,,,," |  | ולא יעלה על 120% מנכסי המסלול. חשיפה לנכסים כאמור תושג באמצעות השקעה במישרין, | 0.15 | תל בונד 60"
513026484,http://www.fnx.co.il/sites/docs/genery/mediniut_ashkaa_tzfuia/gemel2019_update0719.xls,policy/companies/513026484/raw/513026484/04e93db51529_gemel2019_update0719.xls,0 15,table,,,75.0,75.0,75.0,75.0,,,,,," |  | מסחריים, הלוואות שאינן סחירות, אג""ח להמרה ופקדונות, בשיעור חשיפה שלא יפחת מ-75% | 0.15 | תל בונד 60"
513026484,http://www.fnx.co.il/sites/docs/genery/mediniut_ashkaa_tzfuia/מדיניות השקעה צפויה לשנת 2020 - פנסיה-עדכון ספטמבר 2020.xls,policy/companies/513026484/raw/513026484/dfd3778b8def_מדיניות_השקעה_צפויה_לשנת_2020_-_פנסיה-עדכון_ספטמבר_2020.xls,0 2,table,,,75.0,75.0,75.0,75.0,,,,,," |  | מסחריים, הלוואות שאינן סחירות, אג""ח להמרה ופקדונות, בשיעור חשיפה שלא יפחת מ-75% | 0.2 | תל בונד כללי"
513026484,http://www.fnx.co.il/sites/docs/genery/mediniut_ashkaa_tzfuia/pension2020.xls,policy/companies/513026484/raw/513026484/80d3d8269950_pension2020.xls,0 2,table,,,75.0,75.0,75.0,75.0,,,,,," |  | מסחריים, הלוואות שאינן סחירות, אג""ח להמרה ופקדונות, בשיעור חשיפה שלא יפחת מ-75% | 0.2 | תל בונד כללי"
513026484,http://www.fnx.co.il/sites/docs/genery/mediniut_ashkaa_tzfuia/pension2020_update06.xls,policy/companies/513026484/raw/513026484/ae2ce03e23d2_pension2020_update06.xls,0 2,table,,,75.0,75.0,75.0,75.0,,,,,," |  | מסחריים, הלוואות שאינן סחירות, אג""ח להמרה ופקדונות, בשיעור חשיפה שלא יפחת מ-75% | 0.2 | תל בונד כללי"
513026484,http://www.fnx.co.il/sites/docs/genery/mediniut_ashkaa_tzfuia/pensia2019_update0719.xls,policy/companies/513026484/raw/513026484/7e27ce85fc30_pensia2019_update0719.xls,0 2,table,,,75.0,75.0,75.0,75.0,,,,,," |  | מסחריים, הלוואות שאינן סחירות, אג""ח להמרה ופקדונות, בשיעור חשיפה שלא יפחת מ-75% | 0.2 | תל בונד כללי"
513026484,http://www.fnx.co.il/sites/docs/genery/mediniut_ashkaa_tzfuia/pension2021_update0421.xls,policy/companies/513026484/raw/513026484/fbfc723ed218_pension2021_update0421.xls,0 21,table,,,75.0,75.0,75.0,75.0,,,,,," |  | מסחריים, הלוואות שאינן סחירות, אג""ח להמרה ופקדונות, בשיעור חשיפה שלא יפחת מ-75% | 0.21 | תל בונד כללי"
513026484,http://www.fnx.co.il/sites/docs/genery/mediniut_ashkaa_tzfuia/pension2021.xls,policy/companies/513026484/raw/513026484/95f7e73b8e62_pension2021.xls,0 21,table,,,75.0,75.0,75.0,75.0,,,,,," |  | מסחריים, הלוואות שאינן סחירות, אג""ח להמרה ופקדונות, בשיעור חשיפה שלא יפחת מ-75% | 0.21 | תל בונד כללי"
513026484,http://www.fnx.co.il/sites/docs/genery/mediniut_ashkaa_tzfuia/pension2022-update11-22.xls,policy/companies/513026484/raw/513026484/c81d0f5ae3c7_pension2022-update11-22.xls,0 21,table,,,75.0,75.0,75.0,75.0,,,,,," | מסחריים, הלוואות שאינן סחירות, אג""ח להמרה ופקדונות, בשיעור חשיפה שלא יפחת מ-75% | 0.21 | תל בונד כללי | "
513026484,http://www.fnx.co.il/sites/docs/genery/mediniut_ashkaa_tzfuia/pension2022.xls,policy/companies/513026484/raw/513026484/92884ec2d493_pension2022.xls,0 21,table,,,75.0,75.0,75.0,75.0,,,,,," | מסחריים, הלוואות שאינן סחירות, אג""ח להמרה ופקדונות, בשיעור חשיפה שלא יפחת מ-75% | 0.21 | תל בונד כללי | "
513026484,http://www.fnx.co.il/sites/docs/genery/mediniut_ashkaa_tzfuia/gemel2019.xls,policy/companies/513026484/raw/513026484/e353e49ff159_gemel2019.xls,0 28,table,,,75.0,75.0,75.0,75.0,,,,,," |  | או אג""ח של ממשלות אחרות. חשיפה לנכסי אג""ח תהיה בשיעור שלא יפחת מ-75% ולא יעלה | 0.28 | מדד אג""ח ממשלתי כללי"
513026484,http://www.fnx.co.il/sites/docs/genery/mediniut_ashkaa_tzfuia/pensia2019.xls,policy/companies/513026484/raw/513026484/b5d99ba940df_pensia2019.xls,0 3,table,,,,25.0,,25.0,,,,,," |  | על 120% מנכסי המסלול. חשיפה למניות תהיה בשיעור שלא יעלה על25%  [ובכל אופן | 0.3 | מדד אג""ח ממשלתי כללי"
513026484,http://www.fnx.co.il/sites/docs/genery/mediniut_ashkaa_tzfuia/gemel2019.xls,policy/companies/513026484/raw/513026484/e353e49ff159_gemel2019.xls,0 3,table,,,75.0,75.0,75.0,75.0,,,,,," |  | או אג""ח של ממשלות אחרות. חשיפה לנכסי אג""ח תהיה בשיעור שלא יפחת מ-75% ולא יעלה | 0.3 | מדד תל בונד 60"
513026484,http://www.fnx.co.il/sites/docs/genery/mediniut_ashkaa_tzfuia/gemelgeneral2019.xls,policy/companies/513026484/raw/513026484/a4e76debf7c8_gemelgeneral2019.xls,0 36,table,,,75.0,75.0,75.0,75.0,,,,,," |  | או אג""ח של ממשלות אחרות. חשיפה לנכסי אג""ח תהיה בשיעור שלא יפחת מ-75% ולא יעלה | 0.36 | מדד תל בונד 60"
513026484,http://www.fnx.co.il/sites/docs/genery/mediniut_ashkaa_tzfuia/gemel2019.xls,policy/companies/513026484/raw/513026484/e353e49ff159_gemel2019.xls,0 36,table,,,75.0,75.0,75.0,75.0,,,,,," |  | או אג""ח של ממשלות אחרות. חשיפה לנכסי אג""ח תהיה בשיעור שלא יפחת מ-75% ולא יעלה | 0.36 | מדד תל בונד 60"
513026484,http://www.fnx.co.il/sites/docs/genery/mediniut_ashkaa_tzfuia/pensia2019.xls,policy/companies/513026484/raw/513026484/b5d99ba940df_pensia2019.xls,0 38,table,,,75.0,75.0,75.0,75.0,,,,,," |  | או אג""ח של ממשלות אחרות. חשיפה לנכסי אג""ח תהיה בשיעור שלא יפחת מ-75% ולא יעלה | 0.38 | מדד תל בונד 60"
513026484,http://www.fnx.co.il/sites/docs/genery/mediniut_ashkaa_tzfuia/pensia2019.xls,policy/companies/513026484/raw/513026484/b5d99ba940df_pensia2019.xls,0 42,table,,,75.0,75.0,75.0,75.0,,,,,," |  | מסחריים, הלוואות שאינן סחירות, אג""ח להמרה ופקדונות, בשיעור חשיפה שלא יפחת מ-75% | 0.42 | מדד תל בונד 60"
513026484,http://www.fnx.co.il/sites/docs/genery/mediniut_ashkaa_tzfuia/pensia2019.xls,policy/companies/513026484/raw/513026484/b5d99ba940df_pensia2019.xls,0 43,table,,,75.0,75.0,75.0,75.0,,,,,," |  | מסחריים, הלוואות שאינן סחירות, אג""ח להמרה ופקדונות, בשיעור חשיפה שלא יפחת מ-75% | 0.43 | מדד אג""ח ממשלתי כללי"
513026484,http://www.fnx.co.il/sites/docs/genery/mediniut_ashkaa_tzfuia/xnesinvest2021_update052021.xls,policy/companies/513026484/raw/513026484/ae137a7bab87_xnesinvest2021_update052021.xls,0 7,table,,,75.0,75.0,75.0,75.0,,,,,," |  | או אג""ח של ממשלות אחרות. חשיפה לנכסי אג""ח תהיה בשיעור שלא יפחת מ-75% ולא יעלה | 0.7 | מדד תל בונד 60"
513026484,http://www.fnx.co.il/sites/docs/genery/mediniut_ashkaa_tzfuia/xnesinvest2021.xls,policy/companies/513026484/raw/513026484/9c2cb8a565fb_xnesinvest2021.xls,0 7,table,,,75.0,75.0,75.0,75.0,,,,,," |  | או אג""ח של ממשלות אחרות. חשיפה לנכסי אג""ח תהיה בשיעור שלא יפחת מ-75% ולא יעלה | 0.7 | מדד תל בונד 60"
513026484,http://www.fnx.co.il/sites/docs/genery/mediniut_ashkaa_tzfuia/xnesinvest2022.xls,policy/companies/513026484/raw/513026484/6dbba0544f59_xnesinvest2022.xls,0 7,table,,,75.0,75.0,75.0,75.0,,,,,," | או אג""ח של ממשלות אחרות. חשיפה לנכסי אג""ח תהיה בשיעור שלא יפחת מ-75% ולא יעלה | 0.7 | מדד תל בונד 60 | "
513026484,http://www.fnx.co.il/sites/docs/genery/mediniut_ashkaa_tzfuia/xnesinvest2020.xls,policy/companies/513026484/raw/513026484/30efc97048b9_xnesinvest2020.xls,0 7,table,,,75.0,75.0,75.0,75.0,,,,,," |  | או אג""ח של ממשלות אחרות. חשיפה לנכסי אג""ח תהיה בשיעור שלא יפחת מ-75% ולא יעלה | 0.7 | מדד תל בונד 60"
513026484,http://www.fnx.co.il/sites/docs/genery/mediniut_ashkaa_tzfuia/xnsinvest2019.xls,policy/companies/513026484/raw/513026484/11e7ca354338_xnsinvest2019.xls,0 7,table,,,75.0,75.0,75.0,75.0,,,,,," |  | או אג""ח של ממשלות אחרות. חשיפה לנכסי אג""ח תהיה בשיעור שלא יפחת מ-75% ולא יעלה | 0.7 | מדד תל בונד 60"
513026484,http://www.fnx.co.il/sites/docs/genery/mediniut_ashkaa_tzfuia/gemel-update022021.xls,policy/companies/513026484/raw/513026484/8b6d6ab62767_gemel-update022021.xls,8766 0,table,876.0,876.0,876.0,876.0,,,,,,,," | 8766.0 | בכפוף להוראות הדין,לרבות קודקס רגולציה, ובכפוף לשיקול דעתה של ועדת ההשקעות. | 0.0096 | JCMBCOMP"
513026484,http://www.fnx.co.il/sites/docs/genery/mediniut_ashkaa_tzfuia/gemel-update042021.xls,policy/companies/513026484/raw/513026484/68ee6882768e_gemel-update042021.xls,8766 0,table,876.0,876.0,876.0,876.0,,,,,,,," | 8766.0 | בכפוף להוראות הדין,לרבות קודקס רגולציה, ובכפוף לשיקול דעתה של ועדת ההשקעות. | 0.0096 | JCMBCOMP"
513026484,http://www.fnx.co.il/sites/docs/genery/mediniut_ashkaa_tzfuia/gemel2021.xls,policy/companies/513026484/raw/513026484/660eab30ed1a_gemel2021.xls,8766 0,table,876.0,876.0,876.0,876.0,,,,,,,," | 8766.0 | בכפוף להוראות הדין,לרבות קודקס רגולציה, ובכפוף לשיקול דעתה של ועדת ההשקעות. | 0.0096 | JCMBCOMP"
513026484,http://www.fnx.co.il/sites/docs/genery/mediniut_ashkaa_tzfuia/gemel2020_update06.xls,policy/companies/513026484/raw/513026484/9a8c9561dc51_gemel2020_update06.xls,8766 0,table,876.0,876.0,876.0,876.0,,,,,,,," | 8766.0 | יתרת הנכסים, למעט שיעור מהנכסים אשר יושקע במזומנים לצורך | 0.03 | Capital Securities & Financial Hybrids"
513026484,http://www.fnx.co.il/sites/docs/genery/mediniut_ashkaa_tzfuia/mediniut_ashkaa_tzfuia_gemel_01.10.2020.xls,policy/companies/513026484/raw/513026484/1a0f084dcc33_mediniut_ashkaa_tzfuia_gemel_01.10.2020.xls,8766 0,table,876.0,876.0,876.0,876.0,,,,,,,," | 8766.0 | יתרת הנכסים, למעט שיעור מהנכסים אשר יושקע במזומנים לצורך | 0.03 | Capital Securities & Financial Hybrids"
513026484,http://www.fnx.co.il/sites/docs/genery/mediniut_ashkaa_tzfuia/gemel2020.xls,policy/companies/513026484/raw/513026484/2de01efeedd8_gemel2020.xls,8766 0,table,876.0,876.0,876.0,876.0,,,,,,,," | 8766.0 | יתרת הנכסים, למעט שיעור מהנכסים אשר יושקע במזומנים לצורך | 0.03 | Capital Securities & Financial Hybrids"
513026484,http://www.fnx.co.il/sites/docs/genery/mediniut_ashkaa_tzfuia/gemel2019_update0919.xls,policy/companies/513026484/raw/513026484/e542f3d418c9_gemel2019_update0919.xls,8766 0,table,876.0,876.0,876.0,876.0,,,,,,,," | 8766.0 | החלים על גופים מוסדיים]. יתרת הנכסים, למעט שיעור מהנכסים אשר יושקע במזומנים לצורך | 0.025 | Capital Securities & Financial Hybrids"
513026484,http://www.fnx.co.il/sites/docs/genery/mediniut_ashkaa_tzfuia/gemel2019_update0719.xls,policy/companies/513026484/raw/513026484/04e93db51529_gemel2019_update0719.xls,8766 0,table,876.0,876.0,876.0,876.0,,,,,,,," | 8766.0 | החלים על גופים מוסדיים]. יתרת הנכסים, למעט שיעור מהנכסים אשר יושקע במזומנים לצורך | 0.025 | Capital Securities & Financial Hybrids"
513026484,http://www.fnx.co.il/sites/docs/genery/mediniut_ashkaa_tzfuia/gemel2019.xls,policy/companies/513026484/raw/513026484/e353e49ff159_gemel2019.xls,8766 0,table,876.0,876.0,876.0,876.0,,,,,,,," | 8766.0 | החלים על גופים מוסדיים]. יתרת הנכסים, למעט שיעור מהנכסים אשר יושקע במזומנים לצורך | 0.025 | Capital Securities & Financial Hybrids"
513026484,http://www.fnx.co.il/sites/docs/genery/mediniut_ashkaa_tzfuia/gemelpolicyghild_2020_update06.xls,policy/companies/513026484/raw/513026484/a921f3507ae0_gemelpolicyghild_2020_update06.xls,אקסלנס גמל חיסכון לילד סיכון מועט *** 11310,table,,,,120.0,,120.0,,,,,," | אקסלנס גמל חיסכון לילד-סיכון מועט(***) - 11310 | ולא יעלה על 120% מנכסי המסלול. חשיפה לנכסים כאמור תושג באמצעות השקעה במישרין, | 0.07 | תל בונד 50"
513026484,http://www.fnx.co.il/sites/docs/genery/mediniut_ashkaa_tzfuia/gemelpolicychild_2020.xls,policy/companies/513026484/raw/513026484/1f3637f67f11_gemelpolicychild_2020.xls,אקסלנס גמל חיסכון לילד סיכון מועט 11310,table,,,,120.0,,120.0,,,,,," | אקסלנס גמל חיסכון לילד-סיכון מועט - 11310 | ולא יעלה על 120% מנכסי המסלול. חשיפה לנכסים כאמור תושג באמצעות השקעה במישרין, | 0.07 | תל בונד 50"
513026484,http://www.fnx.co.il/sites/docs/genery/mediniut_ashkaa_tzfuia/policychild_2019.xls,policy/companies/513026484/raw/513026484/c23f9fa3358c_policychild_2019.xls,אקסלנס גמל חיסכון לילד סיכון מועט 11310,table,,,75.0,75.0,75.0,75.0,,,,,," | אקסלנס גמל חיסכון לילד-סיכון מועט - 11310 | מסחריים, הלוואות שאינן סחירות, אג""ח להמרה ופקדונות, בשיעור חשיפה שלא יפחת מ-75% | 0.42 | מדד תל בונד 60"
513026484,http://www.fnx.co.il/sites/docs/genery/mediniut_ashkaa_tzfuia/policychild_2019_update0719.xls,policy/companies/513026484/raw/513026484/31b74032a16e_policychild_2019_update0719.xls,אקסלנס גמל חיסכון לילד סיכון מועט* 11310,table,,,,120.0,,120.0,,,,,," | אקסלנס גמל חיסכון לילד-סיכון מועט* - 11310 | ולא יעלה על 120% מנכסי המסלול. חשיפה לנכסים כאמור תושג באמצעות השקעה במישרין, | 0.07 | תל בונד 50"
513026484,http://www.fnx.co.il/sites/docs/genery/mediniut_ashkaa_tzfuia/gemelashkaa2020_update0620.xls,policy/companies/513026484/raw/513026484/459ae97b1bb5_gemelashkaa2020_update0620.xls,אקסלנס גמל להשקעה אג ח ללא מניות *** 7905,table,,,75.0,75.0,75.0,75.0,,,,,," | אקסלנס גמל להשקעה אג""ח ללא מניות(***) - 7905 | מסחריים, הלוואות שאינן סחירות, אג""ח להמרה ופקדונות, בשיעור חשיפה שלא יפחת מ-75% | 0.15 | תל בונד 60"
513026484,http://www.fnx.co.il/sites/docs/genery/mediniut_ashkaa_tzfuia/gemelashkaa2020_update0420.xls,policy/companies/513026484/raw/513026484/5aa9781fcccb_gemelashkaa2020_update0420.xls,אקסלנס גמל להשקעה אג ח ללא מניות 7905,table,,,75.0,75.0,75.0,75.0,,,,,," | אקסלנס גמל להשקעה אג""ח ללא מניות - 7905 | מסחריים, הלוואות שאינן סחירות, אג""ח להמרה ופקדונות, בשיעור חשיפה שלא יפחת מ-75% | 0.15 | תל בונד 60"
513026484,http://www.fnx.co.il/sites/docs/genery/mediniut_ashkaa_tzfuia/gemelashkaa2020.xls,policy/companies/513026484/raw/513026484/29fd4fe237dd_gemelashkaa2020.xls,אקסלנס גמל להשקעה אג ח ללא מניות 7905,table,,,75.0,75.0,75.0,75.0,,,,,," | אקסלנס גמל להשקעה אג""ח ללא מניות - 7905 | מסחריים, הלוואות שאינן סחירות, אג""ח להמרה ופקדונות, בשיעור חשיפה שלא יפחת מ-75% | 0.15 | תל בונד 60"
513026484,http://www.fnx.co.il/sites/docs/genery/mediniut_ashkaa_tzfuia/gemelgeneral2019.xls,policy/companies/513026484/raw/513026484/a4e76debf7c8_gemelgeneral2019.xls,אקסלנס גמל להשקעה אג ח ללא מניות 7905,table,,,75.0,75.0,75.0,75.0,,,,,," | אקסלנס גמל להשקעה אג""ח ללא מניות - 7905 | מסחריים, הלוואות שאינן סחירות, אג""ח להמרה ופקדונות, בשיעור חשיפה שלא יפחת מ-75% | 0.42 | מדד תל בונד 60"
513026484,http://www.fnx.co.il/sites/docs/genery/mediniut_ashkaa_tzfuia/gemelgeneral2019_update0719.xls,policy/companies/513026484/raw/513026484/d7279819ccd6_gemelgeneral2019_update0719.xls,אקסלנס גמל להשקעה אג ח ללא מניות* 7905,table,,,75.0,75.0,75.0,75.0,,,,,," | אקסלנס גמל להשקעה אג""ח ללא מניות* - 7905 | מסחריים, הלוואות שאינן סחירות, אג""ח להמרה ופקדונות, בשיעור חשיפה שלא יפחת מ-75% | 0.15 | תל בונד 60"
513026484,http://www.fnx.co.il/sites/docs/genery/mediniut_ashkaa_tzfuia/gemelashkaa2021.xls,policy/companies/513026484/raw/513026484/da2d5d34906d_gemelashkaa2021.xls,אקסלנס גמל להשקעה מחקה מדד S&P500 13250,table,500.0,500.0,500.0,500.0,,,,,,,," | אקסלנס גמל להשקעה מחקה מדד  S&P500  -    13250 | נכסי המסלול יעקבו אחר מדד S&P500 בשיעור חשיפה של 100% מנכסי המסלול. נכסי המסלול העוקבים אחר המדד כמפורט לעיל יהיו כל נכסי המסלול למעט שיעור מהנכסים אשר יושקע במזומנים לצורך טיפול בהפקדות, משיכות והעברות כספים. | 1.0 | S&P500"
513026484,http://www.fnx.co.il/sites/docs/genery/mediniut_ashkaa_tzfuia/gemelashkaa2020_update0620.xls,policy/companies/513026484/raw/513026484/459ae97b1bb5_gemelashkaa2020_update0620.xls,אקסלנס גמל להשקעה מחקה מדד S&P500 13250*,table,,,500.0,500.0,500.0,500.0,,,,,," | אקסלנס גמל להשקעה מחקה מדד  S&P500  -     13250* | נכסי המסלול יעקבו אחר מדד S&P500 בשיעור חשיפה של 100% מנכסי המסלול. נכסי המסלול העוקבים אחר המדד כמפורט לעיל יהיו כל נכסי המסלול למעט שיעור מהנכסים אשר יושקע במזומנים לצורך טיפול בהפקדות, משיכות והעברות כספים. | 1.0 | S&P500"
513026484,http://www.fnx.co.il/sites/docs/genery/mediniut_ashkaa_tzfuia/gemelashkaa2021.xls,policy/companies/513026484/raw/513026484/da2d5d34906d_gemelashkaa2021.xls,אקסלנס גמל להשקעה שקלי טווח קצר 13209,table,,120.0,,120.0,,,,,,,," | אקסלנס גמל להשקעה שקלי טווח קצר -13209 | נכסי המסלול יהיו חשופים לנכסים הבאים, שאינם צמודים : פקדונות שקליים, מלוות ממשלתיות, הלוואות שקליות ואג""ח שקליות סחירות ושאינן סחירות, בשיעור חשיפה שלא יפחת מ-75% ולא יעלה על 120% מנכסי המסלול. נכסי המסלול יהיו חשופים לנכסים המפורטים לעיל שמשך החיים הממוצע שלהם אינו עולה על שנה. חשיפה לנכסים כאמור תושג באמצעות השקעה במישרין, בנגזרים, בתעודות סל, בקרנות נ"
513026484,http://www.fnx.co.il/sites/docs/genery/mediniut_ashkaa_tzfuia/gemelashkaa2020_update0620.xls,policy/companies/513026484/raw/513026484/459ae97b1bb5_gemelashkaa2020_update0620.xls,אקסלנס גמל להשקעה שקלי טווח קצר 13209 *,table,,,,120.0,,120.0,,,,,," | אקסלנס גמל להשקעה שקלי טווח קצר - 13209 * | נכסי המסלול יהיו חשופים לנכסים הבאים, שאינם צמודים : פקדונות שקליים, מלוות ממשלתיות, הלוואות שקליות ואג""ח שקליות סחירות ושאינן סחירות, בשיעור חשיפה שלא יפחת מ-75% ולא יעלה על 120% מנכסי המסלול. נכסי המסלול יהיו חשופים לנכסים המפורטים לעיל שמשך החיים הממוצע שלהם אינו עולה על שנה. חשיפה לנכסים כאמור תושג באמצעות השקעה במישרין, בנגזרים, בתעודות סל, בקרנו"
513026484,http://www.fnx.co.il/sites/docs/genery/mediniut_ashkaa_tzfuia/gemelashkaa2020_update0420.xls,policy/companies/513026484/raw/513026484/5aa9781fcccb_gemelashkaa2020_update0420.xls,אקסלנס גמל להשקעה שקלי טווח קצר 13209 *,table,,,,120.0,,120.0,,,,,," | אקסלנס גמל להשקעה שקלי טווח קצר - 13209 * | נכסי המסלול יהיו חשופים לנכסים הבאים, שאינם צמודים : פקדונות שקליים, מלוות ממשלתיות, הלוואות שקליות ואג""ח שקליות סחירות ושאינן סחירות, בשיעור חשיפה שלא יפחת מ-75% ולא יעלה על 120% מנכסי המסלול. נכסי המסלול יהיו חשופים לנכסים המפורטים לעיל שמשך החיים הממוצע שלהם אינו עולה על שנה. חשיפה לנכסים כאמור תושג באמצעות השקעה במישרין, בנגזרים, בתעודות סל, בקרנו"
513026484,http://www.fnx.co.il/sites/docs/genery/mediniut_ashkaa_tzfuia/gemel-update022021.xls,policy/companies/513026484/raw/513026484/8b6d6ab62767_gemel-update022021.xls,אקסלנס גמל מחקה מדד S&P500 13263,table,500.0,500.0,132.0,500.0,,,,,,,," | אקסלנס גמל מחקה מדד S&P500 -                        13263 | נכסי המסלול יעקבו אחר מדד S&P500 בשיעור חשיפה של 100% מנכסי המסלול. נכסי המסלול העוקבים אחר המדד כמפורט לעיל יהיו כל נכסי המסלול למעט שיעור מהנכסים אשר יושקע במזומנים לצורך טיפול בהפקדות, משיכות והעברות כספים. | 1.0 | S&P500"
513026484,http://www.fnx.co.il/sites/docs/genery/mediniut_ashkaa_tzfuia/gemel2021.xls,policy/companies/513026484/raw/513026484/660eab30ed1a_gemel2021.xls,אקסלנס גמל מחקה מדד S&P500 13263,table,500.0,500.0,132.0,500.0,,,,,,,," | אקסלנס גמל מחקה מדד S&P500 -                        13263 | נכסי המסלול יעקבו אחר מדד S&P500 בשיעור חשיפה של 100% מנכסי המסלול. נכסי המסלול העוקבים אחר המדד כמפורט לעיל יהיו כל נכסי המסלול למעט שיעור מהנכסים אשר יושקע במזומנים לצורך טיפול בהפקדות, משיכות והעברות כספים. | 1.0 | S&P500"
513026484,http://www.fnx.co.il/sites/docs/genery/mediniut_ashkaa_tzfuia/mediniut_ashkaa_tzfuia_gemel_01.10.2020.xls,policy/companies/513026484/raw/513026484/1a0f084dcc33_mediniut_ashkaa_tzfuia_gemel_01.10.2020.xls,אקסלנס גמל מחקה מדד S&P500 13264 *,table,,,500.0,500.0,500.0,500.0,,,,,," | אקסלנס גמל מחקה מדד S&P500 -                    13264 (*) | נכסי המסלול יעקבו אחר מדד S&P500 בשיעור חשיפה של 100% מנכסי המסלול. נכסי המסלול העוקבים אחר המדד כמפורט לעיל יהיו כל נכסי המסלול למעט שיעור מהנכסים אשר יושקע במזומנים לצורך טיפול בהפקדות, משיכות והעברות כספים. | 1.0 | S&P500"
513026484,http://www.fnx.co.il/sites/docs/genery/mediniut_ashkaa_tzfuia/gemel2020_update06.xls,policy/companies/513026484/raw/513026484/9a8c9561dc51_gemel2020_update06.xls,אקסלנס גמל מתמחה אג ח 385,table,,,75.0,75.0,75.0,75.0,,,,,," | אקסלנס גמל מתמחה אג""ח  - 385 | מסחריים, הלוואות שאינן סחירות, אג""ח להמרה ופקדונות, בשיעור חשיפה שלא יפחת מ-75% | 0.15 | תל בונד 60"
513026484,http://www.fnx.co.il/sites/docs/genery/mediniut_ashkaa_tzfuia/gemel2020.xls,policy/companies/513026484/raw/513026484/2de01efeedd8_gemel2020.xls,אקסלנס גמל מתמחה אג ח 385,table,,,75.0,75.0,75.0,75.0,,,,,," | אקסלנס גמל מתמחה אג""ח  - 385 | מסחריים, הלוואות שאינן סחירות, אג""ח להמרה ופקדונות, בשיעור חשיפה שלא יפחת מ-75% | 0.15 | תל בונד 60"
513026484,http://www.fnx.co.il/sites/docs/genery/mediniut_ashkaa_tzfuia/gemel2019.xls,policy/companies/513026484/raw/513026484/e353e49ff159_gemel2019.xls,אקסלנס גמל מתמחה אג ח 385,table,,,75.0,75.0,75.0,75.0,,,,,," | אקסלנס גמל מתמחה אג""ח  - 385 | מסחריים, הלוואות שאינן סחירות, אג""ח להמרה ופקדונות, בשיעור חשיפה שלא יפחת מ-75% | 0.42 | מדד תל בונד 60"
513026484,http://www.fnx.co.il/sites/docs/genery/mediniut_ashkaa_tzfuia/mediniut_ashkaa_tzfuia_gemel_01.10.2020.xls,policy/companies/513026484/raw/513026484/1a0f084dcc33_mediniut_ashkaa_tzfuia_gemel_01.10.2020.xls,אקסלנס גמל מתמחה אג ח 385 ***,table,,,75.0,75.0,75.0,75.0,,,,,," | אקסלנס גמל מתמחה אג""ח  - 385 (***) | מסחריים, הלוואות שאינן סחירות, אג""ח להמרה ופקדונות, בשיעור חשיפה שלא יפחת מ-75% | 0.15 | תל בונד 60"
513026484,http://www.fnx.co.il/sites/docs/genery/mediniut_ashkaa_tzfuia/gemel2020_update06.xls,policy/companies/513026484/raw/513026484/9a8c9561dc51_gemel2020_update06.xls,אקסלנס גמל מתמחה אג ח חו ל 12088,table,,,,120.0,,120.0,,,,,," | אקסלנס גמל מתמחה אג""ח חו""ל - 12088 | נכסי המסלול יהיו חשופים לנכסים הבאים: אג""ח חו""ל סחירות ושאינן סחירות, ני""ע מסחריים, הלוואות שאינן סחירות, אג""ח להמרה ופקדונות המונפקים בחו""ל, בשיעור חשיפה שלא יפחת מ- 75% ולא יעלה על 120% מנכסי המסלול. חשיפה לנכסים כאמור תושג באמצעות השקעה במישרין, בנגזרים, בתעודות סל, בקרנות נאמנות או בקרנות השקעה.  החשיפה למט''ח לא תפחת מ- 75%. יתרת הנכסים תושקע בכפוף להור"
513026484,http://www.fnx.co.il/sites/docs/genery/mediniut_ashkaa_tzfuia/mediniut_ashkaa_tzfuia_gemel_01.10.2020.xls,policy/companies/513026484/raw/513026484/1a0f084dcc33_mediniut_ashkaa_tzfuia_gemel_01.10.2020.xls,אקסלנס גמל מתמחה אג ח חו ל 12088,table,,,,120.0,,120.0,,,,,," | אקסלנס גמל מתמחה אג""ח חו""ל - 12088 | נכסי המסלול יהיו חשופים לנכסים הבאים: אג""ח חו""ל סחירות ושאינן סחירות, ני""ע מסחריים, הלוואות שאינן סחירות, אג""ח להמרה ופקדונות המונפקים בחו""ל, בשיעור חשיפה שלא יפחת מ- 75% ולא יעלה על 120% מנכסי המסלול. חשיפה לנכסים כאמור תושג באמצעות השקעה במישרין, בנגזרים, בתעודות סל, בקרנות נאמנות או בקרנות השקעה.  החשיפה למט''ח לא תפחת מ- 75%. יתרת הנכסים תושקע בכפוף להור"
513026484,http://www.fnx.co.il/sites/docs/genery/mediniut_ashkaa_tzfuia/gemel2020.xls,policy/companies/513026484/raw/513026484/2de01efeedd8_gemel2020.xls,אקסלנס גמל מתמחה אג ח חו ל 12088,table,,,,120.0,,120.0,,,,,," | אקסלנס גמל מתמחה אג""ח חו""ל - 12088 | נכסי המסלול יהיו חשופים לנכסים הבאים: אג""ח חו""ל סחירות ושאינן סחירות, ני""ע מסחריים, הלוואות שאינן סחירות, אג""ח להמרה ופקדונות המונפקים בחו""ל, בשיעור חשיפה שלא יפחת מ- 75% ולא יעלה על 120% מנכסי המסלול. חשיפה לנכסים כאמור תושג באמצעות השקעה במישרין, בנגזרים, בתעודות סל, בקרנות נאמנות או בקרנות השקעה.  החשיפה למט''ח לא תפחת מ- 75%. יתרת הנכסים תושקע בכפוף להור"
513026484,http://www.fnx.co.il/sites/docs/genery/mediniut_ashkaa_tzfuia/gemel2019_update0919.xls,policy/companies/513026484/raw/513026484/e542f3d418c9_gemel2019_update0919.xls,אקסלנס גמל מתמחה אג ח חו ל**** 12088,table,,,,120.0,,120.0,,,,,," | אקסלנס גמל מתמחה אג""ח חו""ל**** - 12088 | נכסי המסלול יהיו חשופים לנכסים הבאים: אג""ח חו""ל סחירות ושאינן סחירות, ני""ע מסחריים, הלוואות שאינן סחירות, אג""ח להמרה ופקדונות המונפקים בחו""ל, בשיעור חשיפה שלא יפחת מ- 75% ולא יעלה על 120% מנכסי המסלול. חשיפה לנכסים כאמור תושג באמצעות השקעה במישרין, בנגזרים, בתעודות סל, בקרנות נאמנות או בקרנות השקעה.  החשיפה למט''ח לא תפחת מ- 75%. יתרת הנכסים תושקע בכפוף "
513026484,http://www.fnx.co.il/sites/docs/genery/mediniut_ashkaa_tzfuia/gemel2019_update0719.xls,policy/companies/513026484/raw/513026484/04e93db51529_gemel2019_update0719.xls,אקסלנס גמל מתמחה אג ח חו ל**** 12088,table,,,,120.0,,120.0,,,,,," | אקסלנס גמל מתמחה אג""ח חו""ל**** - 12088 | נכסי המסלול יהיו חשופים לנכסים הבאים: אג""ח חו""ל סחירות ושאינן סחירות, ני""ע מסחריים, הלוואות שאינן סחירות, אג""ח להמרה ופקדונות המונפקים בחו""ל, בשיעור חשיפה שלא יפחת מ- 75% ולא יעלה על 120% מנכסי המסלול. חשיפה לנכסים כאמור תושג באמצעות השקעה במישרין, בנגזרים, בתעודות סל, בקרנות נאמנות או בקרנות השקעה. יתרת הנכסים תושקע בכפוף להוראות הדין, ובכפוף לשיקול דעת"
513026484,http://www.fnx.co.il/sites/docs/genery/mediniut_ashkaa_tzfuia/gemel2019_update0919.xls,policy/companies/513026484/raw/513026484/e542f3d418c9_gemel2019_update0919.xls,אקסלנס גמל מתמחה אג ח* 385,table,,,75.0,75.0,75.0,75.0,,,,,," | אקסלנס גמל מתמחה אג""ח*  - 385 | מסחריים, הלוואות שאינן סחירות, אג""ח להמרה ופקדונות, בשיעור חשיפה שלא יפחת מ-75% | 0.15 | תל בונד 60"
513026484,http://www.fnx.co.il/sites/docs/genery/mediniut_ashkaa_tzfuia/gemel2019_update0719.xls,policy/companies/513026484/raw/513026484/04e93db51529_gemel2019_update0719.xls,אקסלנס גמל מתמחה אג ח* 385,table,,,75.0,75.0,75.0,75.0,,,,,," | אקסלנס גמל מתמחה אג""ח*  - 385 | מסחריים, הלוואות שאינן סחירות, אג""ח להמרה ופקדונות, בשיעור חשיפה שלא יפחת מ-75% | 0.15 | תל בונד 60"
513026484,http://www.fnx.co.il/sites/docs/genery/mediniut_ashkaa_tzfuia/gemel2019.xls,policy/companies/513026484/raw/513026484/e353e49ff159_gemel2019.xls,אקסלנס גמל מתמחה חו ל 12088,table,,,,120.0,,120.0,,,,,," | אקסלנס גמל מתמחה חו""ל - 12088 | נכסי המסלול יהיו חשופים לנכסים שהונפקו בחו""ל לרבות מניות, אג""ח סחיר ולא סחיר, הלוואות ועוד, בשיעור חשיפה שלא יפחת מ- 75% ולא יעלה על 120% מנכסי המסלול. חשיפה לנכסים כאמור תושג באמצעות השקעה במישרין, בנגזרים, בתעודות סל, בקרנות נאמנות או בקרנות השקעה. יתרת הנכסים תושקע בכפוף להוראות הדין, ובכפוף לשיקול דעתה של ועדת ההשקעות. |  | "
513026484,http://www.fnx.co.il/sites/docs/genery/mediniut_ashkaa_tzfuia/gemel-update022021.xls,policy/companies/513026484/raw/513026484/8b6d6ab62767_gemel-update022021.xls,אקסלנס גמל מתמחה מניות 961,table,,120.0,961.0,961.0,,,,,,,," | אקסלנס גמל מתמחה מניות - 961 | נכסי המסלול יהיו חשופים למניות בארץ ובחו""ל, בשיעור חשיפה שלא יפחת מ-75% ולא יעלה על 120% מנכסי המסלול. חשיפה לנכסים כאמור תושג באמצעות השקעה במישרין, בנגזרים, בתעודות סל, בקרנות נאמנות או בקרנות השקעה. יתרת הנכסים תושקע בכפוף להוראות הדין, ובכפוף לשיקול דעתה של ועדת ההשקעות. |  | 42%- מדד ת""א 125,  58%- MSCI WORLD AC"
513026484,http://www.fnx.co.il/sites/docs/genery/mediniut_ashkaa_tzfuia/gemel2021.xls,policy/companies/513026484/raw/513026484/660eab30ed1a_gemel2021.xls,אקסלנס גמל מתמחה מניות 961,table,,120.0,961.0,961.0,,,,,,,," | אקסלנס גמל מתמחה מניות - 961 | נכסי המסלול יהיו חשופים למניות בארץ ובחו""ל, בשיעור חשיפה שלא יפחת מ-75% ולא יעלה על 120% מנכסי המסלול. חשיפה לנכסים כאמור תושג באמצעות השקעה במישרין, בנגזרים, בתעודות סל, בקרנות נאמנות או בקרנות השקעה. יתרת הנכסים תושקע בכפוף להוראות הדין, ובכפוף לשיקול דעתה של ועדת ההשקעות. |  | 42%- מדד ת""א 125,  58%- MSCI WORLD AC"
513026484,http://www.fnx.co.il/sites/docs/genery/mediniut_ashkaa_tzfuia/gemel2020_update06.xls,policy/companies/513026484/raw/513026484/9a8c9561dc51_gemel2020_update06.xls,אקסלנס גמל מתמחה מניות 961,table,,,,120.0,,120.0,,,,,," | אקסלנס גמל מתמחה מניות - 961 | נכסי המסלול יהיו חשופים למניות בארץ ובחו""ל, בשיעור חשיפה שלא יפחת מ-75% ולא יעלה על 120% מנכסי המסלול. חשיפה לנכסים כאמור תושג באמצעות השקעה במישרין, בנגזרים, בתעודות סל, בקרנות נאמנות או בקרנות השקעה. יתרת הנכסים תושקע בכפוף להוראות הדין, ובכפוף לשיקול דעתה של ועדת ההשקעות. |  | 45%- מדד ת""א 125,  55%- MSCI WORLD AC"
513026484,http://www.fnx.co.il/sites/docs/genery/mediniut_ashkaa_tzfuia/mediniut_ashkaa_tzfuia_gemel_01.10.2020.xls,policy/companies/513026484/raw/513026484/1a0f084dcc33_mediniut_ashkaa_tzfuia_gemel_01.10.2020.xls,אקסלנס גמל מתמחה מניות 961,table,,,,120.0,,120.0,,,,,," | אקסלנס גמל מתמחה מניות - 961 | נכסי המסלול יהיו חשופים למניות בארץ ובחו""ל, בשיעור חשיפה שלא יפחת מ-75% ולא יעלה על 120% מנכסי המסלול. חשיפה לנכסים כאמור תושג באמצעות השקעה במישרין, בנגזרים, בתעודות סל, בקרנות נאמנות או בקרנות השקעה. יתרת הנכסים תושקע בכפוף להוראות הדין, ובכפוף לשיקול דעתה של ועדת ההשקעות. |  | 45%- מדד ת""א 125,  55%- MSCI WORLD AC"
513026484,http://www.fnx.co.il/sites/docs/genery/mediniut_ashkaa_tzfuia/gemel2020.xls,policy/companies/513026484/raw/513026484/2de01efeedd8_gemel2020.xls,אקסלנס גמל מתמחה מניות 961,table,,,,120.0,,120.0,,,,,," | אקסלנס גמל מתמחה מניות - 961 | נכסי המסלול יהיו חשופים למניות בארץ ובחו""ל, בשיעור חשיפה שלא יפחת מ-75% ולא יעלה על 120% מנכסי המסלול. חשיפה לנכסים כאמור תושג באמצעות השקעה במישרין, בנגזרים, בתעודות סל, בקרנות נאמנות או בקרנות השקעה. יתרת הנכסים תושקע בכפוף להוראות הדין, ובכפוף לשיקול דעתה של ועדת ההשקעות. |  | 45%- מדד ת""א 125,  55%- MSCI WORLD AC"
513026484,http://www.fnx.co.il/sites/docs/genery/mediniut_ashkaa_tzfuia/gemel2019_update0919.xls,policy/companies/513026484/raw/513026484/e542f3d418c9_gemel2019_update0919.xls,אקסלנס גמל מתמחה מניות 961,table,,,,120.0,,120.0,,,,,," | אקסלנס גמל מתמחה מניות - 961 | נכסי המסלול יהיו חשופים למניות בארץ ובחו""ל, בשיעור חשיפה שלא יפחת מ-75% ולא יעלה על 120% מנכסי המסלול. חשיפה לנכסים כאמור תושג באמצעות השקעה במישרין, בנגזרים, בתעודות סל, בקרנות נאמנות או בקרנות השקעה. יתרת הנכסים תושקע בכפוף להוראות הדין, ובכפוף לשיקול דעתה של ועדת ההשקעות. |  | 50%- מדד ת""א 125,  50%- MSCI WORLD AC"
513026484,http://www.fnx.co.il/sites/docs/genery/mediniut_ashkaa_tzfuia/gemel2019_update0719.xls,policy/companies/513026484/raw/513026484/04e93db51529_gemel2019_update0719.xls,אקסלנס גמל מתמחה מניות 961,table,,,,120.0,,120.0,,,,,," | אקסלנס גמל מתמחה מניות - 961 | נכסי המסלול יהיו חשופים למניות בארץ ובחו""ל, בשיעור חשיפה שלא יפחת מ-75% ולא יעלה על 120% מנכסי המסלול. חשיפה לנכסים כאמור תושג באמצעות השקעה במישרין, בנגזרים, בתעודות סל, בקרנות נאמנות או בקרנות השקעה. יתרת הנכסים תושקע בכפוף להוראות הדין, ובכפוף לשיקול דעתה של ועדת ההשקעות. |  | 50%- מדד ת""א 125,  50%- MSCI WORLD AC"
513026484,http://www.fnx.co.il/sites/docs/genery/mediniut_ashkaa_tzfuia/gemel2019.xls,policy/companies/513026484/raw/513026484/e353e49ff159_gemel2019.xls,אקסלנס גמל מתמחה מניות 961,table,,,,120.0,,120.0,,,,,," | אקסלנס גמל מתמחה מניות - 961 | נכסי המסלול יהיו חשופים למניות בארץ ובחו""ל, בשיעור חשיפה שלא יפחת מ-75% ולא יעלה על 120% מנכסי המסלול. חשיפה לנכסים כאמור תושג באמצעות השקעה במישרין, בנגזרים, בתעודות סל, בקרנות נאמנות או בקרנות השקעה. יתרת הנכסים תושקע בכפוף להוראות הדין, ובכפוף לשיקול דעתה של ועדת ההשקעות. |  | 50%- מדד ת""א 125,  50%- MSCI WORLD AC"
513026484,http://www.fnx.co.il/sites/docs/genery/mediniut_ashkaa_tzfuia/gemel2020_update06.xls,policy/companies/513026484/raw/513026484/9a8c9561dc51_gemel2020_update06.xls,אקסלנס גמל פאסיבי מדדי מניות 8626,table,,,,100.0,,100.0,,,,,," | אקסלנס גמל פאסיבי - מדדי מניות - 8626 | נכסי המסלול, בשיעור שלא יפחת מ-75% ולא יעלה על 100%, יושקעו במדדי מניות. [העונים על התנאים המנויים בסעיף 6(ו) לפרק 4 בחלק 2 בשער 5 לקודקס הרגולציה של רשות שוק ההון, ביטוח וחיסכון שעניינו כללי השקעה] יתרת הנכסים, למעט שיעור מהנכסים אשר יושקע במזומנים לצורך טיפול בהפקדות, משיכות והעברות כספים, תושקע במדדים שונים [העונים על התנאים המנויים בפרק 6(ו) לפרק 4 בח"
513026484,http://www.fnx.co.il/sites/docs/genery/mediniut_ashkaa_tzfuia/gemel2020.xls,policy/companies/513026484/raw/513026484/2de01efeedd8_gemel2020.xls,אקסלנס גמל פאסיבי מדדי מניות 8626,table,,,,100.0,,100.0,,,,,," | אקסלנס גמל פאסיבי - מדדי מניות - 8626 | נכסי המסלול, בשיעור שלא יפחת מ-75% ולא יעלה על 100%, יושקעו במדדי מניות. [העונים על התנאים המנויים בסעיף 6(ו) לפרק 4 בחלק 2 בשער 5 לקודקס הרגולציה של רשות שוק ההון, ביטוח וחיסכון שעניינו כללי השקעה] יתרת הנכסים, למעט שיעור מהנכסים אשר יושקע במזומנים לצורך טיפול בהפקדות, משיכות והעברות כספים, תושקע במדדים שונים [העונים על התנאים המנויים בפרק 6(ו) לפרק 4 בח"
513026484,http://www.fnx.co.il/sites/docs/genery/mediniut_ashkaa_tzfuia/gemel-update022021.xls,policy/companies/513026484/raw/513026484/8b6d6ab62767_gemel-update022021.xls,אקסלנס גמל שקלי טווח קצר 9906,table,,120.0,990.0,990.0,,,,,,,," | אקסלנס גמל שקלי טווח קצר - 9906 | נכסי המסלול יהיו חשופים לנכסים הבאים, שאינם צמודים : פקדונות שקליים, מלוות ממשלתיות, הלוואות שקליות ואג""ח שקליות סחירות ושאינן סחירות, בשיעור חשיפה שלא יפחת מ-75% ולא יעלה על 120% מנכסי המסלול. נכסי המסלול יהיו חשופים לנכסים המפורטים לעיל שמשך החיים הממוצע שלהם אינו עולה על שנה. חשיפה לנכסים כאמור תושג באמצעות השקעה במישרין, בנגזרים, בתעודות סל, בקרנות נאמנות א"
513026484,http://www.fnx.co.il/sites/docs/genery/mediniut_ashkaa_tzfuia/gemel2021.xls,policy/companies/513026484/raw/513026484/660eab30ed1a_gemel2021.xls,אקסלנס גמל שקלי טווח קצר 9906,table,,120.0,990.0,990.0,,,,,,,," | אקסלנס גמל שקלי טווח קצר - 9906 | נכסי המסלול יהיו חשופים לנכסים הבאים, שאינם צמודים : פקדונות שקליים, מלוות ממשלתיות, הלוואות שקליות ואג""ח שקליות סחירות ושאינן סחירות, בשיעור חשיפה שלא יפחת מ-75% ולא יעלה על 120% מנכסי המסלול. נכסי המסלול יהיו חשופים לנכסים המפורטים לעיל שמשך החיים הממוצע שלהם אינו עולה על שנה. חשיפה לנכסים כאמור תושג באמצעות השקעה במישרין, בנגזרים, בתעודות סל, בקרנות נאמנות א"
513026484,http://www.fnx.co.il/sites/docs/genery/mediniut_ashkaa_tzfuia/gemel2020_update06.xls,policy/companies/513026484/raw/513026484/9a8c9561dc51_gemel2020_update06.xls,אקסלנס גמל שקלי טווח קצר 9906,table,,,,120.0,,120.0,,,,,," | אקסלנס גמל שקלי טווח קצר - 9906 | נכסי המסלול יהיו חשופים לנכסים הבאים, שאינם צמודים : פקדונות שקליים, מלוות ממשלתיות, הלוואות שקליות ואג""ח שקליות סחירות ושאינן סחירות, בשיעור חשיפה שלא יפחת מ-75% ולא יעלה על 120% מנכסי המסלול. נכסי המסלול יהיו חשופים לנכסים המפורטים לעיל שמשך החיים הממוצע שלהם אינו עולה על שנה. חשיפה לנכסים כאמור תושג באמצעות השקעה במישרין, בנגזרים, בתעודות סל, בקרנות נאמנות א"
513026484,http://www.fnx.co.il/sites/docs/genery/mediniut_ashkaa_tzfuia/mediniut_ashkaa_tzfuia_gemel_01.10.2020.xls,policy/companies/513026484/raw/513026484/1a0f084dcc33_mediniut_ashkaa_tzfuia_gemel_01.10.2020.xls,אקסלנס גמל שקלי טווח קצר 9906,table,,,,120.0,,120.0,,,,,," | אקסלנס גמל שקלי טווח קצר - 9906 | נכסי המסלול יהיו חשופים לנכסים הבאים, שאינם צמודים : פקדונות שקליים, מלוות ממשלתיות, הלוואות שקליות ואג""ח שקליות סחירות ושאינן סחירות, בשיעור חשיפה שלא יפחת מ-75% ולא יעלה על 120% מנכסי המסלול. נכסי המסלול יהיו חשופים לנכסים המפורטים לעיל שמשך החיים הממוצע שלהם אינו עולה על שנה. חשיפה לנכסים כאמור תושג באמצעות השקעה במישרין, בנגזרים, בתעודות סל, בקרנות נאמנות א"
513026484,http://www.fnx.co.il/sites/docs/genery/mediniut_ashkaa_tzfuia/gemel2020.xls,policy/companies/513026484/raw/513026484/2de01efeedd8_gemel2020.xls,אקסלנס גמל שקלי טווח קצר 9906,table,,,,120.0,,120.0,,,,,," | אקסלנס גמל שקלי טווח קצר - 9906 | נכסי המסלול יהיו חשופים לנכסים הבאים, שאינם צמודים : פקדונות שקליים, מלוות ממשלתיות, הלוואות שקליות ואג""ח שקליות סחירות ושאינן סחירות, בשיעור חשיפה שלא יפחת מ-75% ולא יעלה על 120% מנכסי המסלול. נכסי המסלול יהיו חשופים לנכסים המפורטים לעיל שמשך החיים הממוצע שלהם אינו עולה על שנה. חשיפה לנכסים כאמור תושג באמצעות השקעה במישרין, בנגזרים, בתעודות סל, בקרנות נאמנות א"
513026484,http://www.fnx.co.il/sites/docs/genery/mediniut_ashkaa_tzfuia/gemel2019_update0919.xls,policy/companies/513026484/raw/513026484/e542f3d418c9_gemel2019_update0919.xls,אקסלנס גמל שקלי טווח קצר 9906,table,,,,120.0,,120.0,,,,,," | אקסלנס גמל שקלי טווח קצר - 9906 | נכסי המסלול יהיו חשופים לנכסים הבאים, שאינם צמודים : פקדונות שקליים, מלוות ממשלתיות, הלוואות שקליות ואג""ח שקליות סחירות ושאינן סחירות, בשיעור חשיפה שלא יפחת מ-75% ולא יעלה על 120% מנכסי המסלול. נכסי המסלול יהיו חשופים לנכסים המפורטים לעיל שמשך החיים הממוצע שלהם אינו עולה על שנה. חשיפה לנכסים כאמור תושג באמצעות השקעה במישרין, בנגזרים, בתעודות סל, בקרנות נאמנות א"
513026484,http://www.fnx.co.il/sites/docs/genery/mediniut_ashkaa_tzfuia/gemel2019_update0719.xls,policy/companies/513026484/raw/513026484/04e93db51529_gemel2019_update0719.xls,אקסלנס גמל שקלי טווח קצר 9906,table,,,,120.0,,120.0,,,,,," | אקסלנס גמל שקלי טווח קצר - 9906 | נכסי המסלול יהיו חשופים לנכסים הבאים, שאינם צמודים : פקדונות שקליים, מלוות ממשלתיות, הלוואות שקליות ואג""ח שקליות סחירות ושאינן סחירות, בשיעור חשיפה שלא יפחת מ-75% ולא יעלה על 120% מנכסי המסלול. נכסי המסלול יהיו חשופים לנכסים המפורטים לעיל שמשך החיים הממוצע שלהם אינו עולה על שנה. חשיפה לנכסים כאמור תושג באמצעות השקעה במישרין, בנגזרים, בתעודות סל, בקרנות נאמנות א"
513026484,http://www.fnx.co.il/sites/docs/genery/mediniut_ashkaa_tzfuia/gemel2019.xls,policy/companies/513026484/raw/513026484/e353e49ff159_gemel2019.xls,אקסלנס גמל שקלי טווח קצר 9906,table,,,,120.0,,120.0,,,,,," | אקסלנס גמל שקלי טווח קצר - 9906 | נכסי המסלול יהיו חשופים לנכסים הבאים, שאינם צמודים : פקדונות שקליים, מלוות ממשלתיות, הלוואות שקליות ואג""ח שקליות סחירות ושאינן סחירות, בשיעור חשיפה שלא יפחת מ-75% ולא יעלה על 120% מנכסי המסלול. נכסי המסלול יהיו חשופים לנכסים המפורטים לעיל שמשך החיים הממוצע שלהם אינו עולה על שנה. חשיפה לנכסים כאמור תושג באמצעות השקעה במישרין, בנגזרים, בתעודות סל, בקרנות נאמנות א"
513026484,http://www.fnx.co.il/sites/docs/genery/mediniut_ashkaa_tzfuia/mediniut_ashkaa_tzfuia_gemel_01.10.2020.xls,policy/companies/513026484/raw/513026484/1a0f084dcc33_mediniut_ashkaa_tzfuia_gemel_01.10.2020.xls,אקסלנס השתלמות מחקה מדד S&P500 13263 *,table,,,500.0,500.0,500.0,500.0,,,,,," | אקסלנס השתלמות מחקה מדד S&P500 -                    13263 (*) | נכסי המסלול יעקבו אחר מדד S&P500 בשיעור חשיפה של 100% מנכסי המסלול. נכסי המסלול העוקבים אחר המדד כמפורט לעיל יהיו כל נכסי המסלול למעט שיעור מהנכסים אשר יושקע במזומנים לצורך טיפול בהפקדות, משיכות והעברות כספים. | 1.0 | S&P500"
513026484,http://www.fnx.co.il/sites/docs/genery/mediniut_ashkaa_tzfuia/gemel-update022021.xls,policy/companies/513026484/raw/513026484/8b6d6ab62767_gemel-update022021.xls,אקסלנס השתלמות מחקה מדד S&P500 13264,table,,,500.0,500.0,500.0,500.0,,,,,," | אקסלנס השתלמות מחקה מדד S&P500 -               13264 | נכסי המסלול יעקבו אחר מדד S&P500 בשיעור חשיפה של 100% מנכסי המסלול. נכסי המסלול העוקבים אחר המדד כמפורט לעיל יהיו כל נכסי המסלול למעט שיעור מהנכסים אשר יושקע במזומנים לצורך טיפול בהפקדות, משיכות והעברות כספים. | 1.0 | S&P500"
513026484,http://www.fnx.co.il/sites/docs/genery/mediniut_ashkaa_tzfuia/gemel2021.xls,policy/companies/513026484/raw/513026484/660eab30ed1a_gemel2021.xls,אקסלנס השתלמות מחקה מדד S&P500 13264,table,,,500.0,500.0,500.0,500.0,,,,,," | אקסלנס השתלמות מחקה מדד S&P500 -               13264 | נכסי המסלול יעקבו אחר מדד S&P500 בשיעור חשיפה של 100% מנכסי המסלול. נכסי המסלול העוקבים אחר המדד כמפורט לעיל יהיו כל נכסי המסלול למעט שיעור מהנכסים אשר יושקע במזומנים לצורך טיפול בהפקדות, משיכות והעברות כספים. | 1.0 | S&P500"
513026484,http://www.fnx.co.il/sites/docs/genery/mediniut_ashkaa_tzfuia/gemel-update022021.xls,policy/companies/513026484/raw/513026484/8b6d6ab62767_gemel-update022021.xls,אקסלנס השתלמות מתמחה אג ח 716,table,,,,120.0,,120.0,,,,,," | אקסלנס השתלמות מתמחה אג""ח -716 | מסחריים, הלוואות שאינן סחירות, אג""ח להמרה ופקדונות, בשיעור חשיפה שלא יפחת מ-75% ולא יעלה על 120% מנכסי המסלול. חשיפה למניות תהיה בשיעור של 0% מנכסי המסלול. על אף האמור לעיל, מובהר כי נכסי המסלול עשויים להיות חשופים למניות או נגזרים למניות לדוגמא במקרה של מניות המתקבלות אגב מימוש שעבוד של מניות שהיוו בטוחה למחזיקי אגרות החוב, מניות שמתקבלות אגב הסדר חוב, עסקאות ה"
513026484,http://www.fnx.co.il/sites/docs/genery/mediniut_ashkaa_tzfuia/gemel2021.xls,policy/companies/513026484/raw/513026484/660eab30ed1a_gemel2021.xls,אקסלנס השתלמות מתמחה אג ח 716,table,,,,120.0,,120.0,,,,,," | אקסלנס השתלמות מתמחה אג""ח -716 | מסחריים, הלוואות שאינן סחירות, אג""ח להמרה ופקדונות, בשיעור חשיפה שלא יפחת מ-75% ולא יעלה על 120% מנכסי המסלול. חשיפה למניות תהיה בשיעור של 0% מנכסי המסלול. על אף האמור לעיל, מובהר כי נכסי המסלול עשויים להיות חשופים למניות או נגזרים למניות לדוגמא במקרה של מניות המתקבלות אגב מימוש שעבוד של מניות שהיוו בטוחה למחזיקי אגרות החוב, מניות שמתקבלות אגב הסדר חוב, עסקאות ה"
513026484,http://www.fnx.co.il/sites/docs/genery/mediniut_ashkaa_tzfuia/gemel2020_update06.xls,policy/companies/513026484/raw/513026484/9a8c9561dc51_gemel2020_update06.xls,אקסלנס השתלמות מתמחה אג ח 716,table,,,,120.0,,120.0,,,,,," | אקסלנס השתלמות מתמחה אג""ח -716 | ולא יעלה על 120% מנכסי המסלול. חשיפה לנכסים כאמור תושג באמצעות השקעה במישרין, | 0.07 | תל בונד 50"
513026484,http://www.fnx.co.il/sites/docs/genery/mediniut_ashkaa_tzfuia/gemel2020.xls,policy/companies/513026484/raw/513026484/2de01efeedd8_gemel2020.xls,אקסלנס השתלמות מתמחה אג ח 716,table,,,,120.0,,120.0,,,,,," | אקסלנס השתלמות מתמחה אג""ח -716 | ולא יעלה על 120% מנכסי המסלול. חשיפה לנכסים כאמור תושג באמצעות השקעה במישרין, | 0.07 | תל בונד 50"
513026484,http://www.fnx.co.il/sites/docs/genery/mediniut_ashkaa_tzfuia/gemel2019.xls,policy/companies/513026484/raw/513026484/e353e49ff159_gemel2019.xls,אקסלנס השתלמות מתמחה אג ח 716,table,,,75.0,75.0,75.0,75.0,,,,,," | אקסלנס השתלמות מתמחה אג""ח -716 | מסחריים, הלוואות שאינן סחירות, אג""ח להמרה ופקדונות, בשיעור חשיפה שלא יפחת מ-75% | 0.42 | מדד תל בונד 60"
513026484,http://www.fnx.co.il/sites/docs/genery/mediniut_ashkaa_tzfuia/mediniut_ashkaa_tzfuia_gemel_01.10.2020.xls,policy/companies/513026484/raw/513026484/1a0f084dcc33_mediniut_ashkaa_tzfuia_gemel_01.10.2020.xls,אקסלנס השתלמות מתמחה אג ח 716 ***,table,,,,120.0,,120.0,,,,,," | אקסלנס השתלמות מתמחה אג""ח -716 (***) | ולא יעלה על 120% מנכסי המסלול. חשיפה לנכסים כאמור תושג באמצעות השקעה במישרין, | 0.07 | תל בונד 50"
513026484,http://www.fnx.co.il/sites/docs/genery/mediniut_ashkaa_tzfuia/gemel2020_update06.xls,policy/companies/513026484/raw/513026484/9a8c9561dc51_gemel2020_update06.xls,אקסלנס השתלמות מתמחה אג ח חו ל חדש,table,,,,120.0,,120.0,,,,,," | אקסלנס השתלמות מתמחה אג""ח חו""ל (חדש) | נכסי המסלול יהיו חשופים לנכסים הבאים: אג""ח חו""ל סחירות ושאינן סחירות, ני""ע מסחריים, הלוואות שאינן סחירות, אג""ח להמרה ופקדונות המונפקים בחו""ל, בשיעור חשיפה שלא יפחת מ- 75% ולא יעלה על 120% מנכסי המסלול. חשיפה לנכסים כאמור תושג באמצעות השקעה במישרין, בנגזרים, בתעודות סל, בקרנות נאמנות או בקרנות השקעה.  החשיפה למט''ח לא תפחת מ- 75%. יתרת הנכסים תושקע בכפוף לה"
513026484,http://www.fnx.co.il/sites/docs/genery/mediniut_ashkaa_tzfuia/mediniut_ashkaa_tzfuia_gemel_01.10.2020.xls,policy/companies/513026484/raw/513026484/1a0f084dcc33_mediniut_ashkaa_tzfuia_gemel_01.10.2020.xls,אקסלנס השתלמות מתמחה אג ח חו ל חדש,table,,,,120.0,,120.0,,,,,," | אקסלנס השתלמות מתמחה אג""ח חו""ל (חדש) | נכסי המסלול יהיו חשופים לנכסים הבאים: אג""ח חו""ל סחירות ושאינן סחירות, ני""ע מסחריים, הלוואות שאינן סחירות, אג""ח להמרה ופקדונות המונפקים בחו""ל, בשיעור חשיפה שלא יפחת מ- 75% ולא יעלה על 120% מנכסי המסלול. חשיפה לנכסים כאמור תושג באמצעות השקעה במישרין, בנגזרים, בתעודות סל, בקרנות נאמנות או בקרנות השקעה.  החשיפה למט''ח לא תפחת מ- 75%. יתרת הנכסים תושקע בכפוף לה"
513026484,http://www.fnx.co.il/sites/docs/genery/mediniut_ashkaa_tzfuia/gemel2020.xls,policy/companies/513026484/raw/513026484/2de01efeedd8_gemel2020.xls,אקסלנס השתלמות מתמחה אג ח חו ל חדש,table,,,,120.0,,120.0,,,,,," | אקסלנס השתלמות מתמחה אג""ח חו""ל (חדש) | נכסי המסלול יהיו חשופים לנכסים הבאים: אג""ח חו""ל סחירות ושאינן סחירות, ני""ע מסחריים, הלוואות שאינן סחירות, אג""ח להמרה ופקדונות המונפקים בחו""ל, בשיעור חשיפה שלא יפחת מ- 75% ולא יעלה על 120% מנכסי המסלול. חשיפה לנכסים כאמור תושג באמצעות השקעה במישרין, בנגזרים, בתעודות סל, בקרנות נאמנות או בקרנות השקעה.  החשיפה למט''ח לא תפחת מ- 75%. יתרת הנכסים תושקע בכפוף לה"
513026484,http://www.fnx.co.il/sites/docs/genery/mediniut_ashkaa_tzfuia/gemel2019_update0719.xls,policy/companies/513026484/raw/513026484/04e93db51529_gemel2019_update0719.xls,אקסלנס השתלמות מתמחה אג ח חו ל חדש,table,,,,120.0,,120.0,,,,,," | אקסלנס השתלמות מתמחה אג""ח חו""ל (חדש) | נכסי המסלול יהיו חשופים לנכסים הבאים: אג""ח חו""ל סחירות ושאינן סחירות, ני""ע מסחריים, הלוואות שאינן סחירות, אג""ח להמרה ופקדונות המונפקים בחו""ל, בשיעור חשיפה שלא יפחת מ- 75% ולא יעלה על 120% מנכסי המסלול. חשיפה לנכסים כאמור תושג באמצעות השקעה במישרין, בנגזרים, בתעודות סל, בקרנות נאמנות או בקרנות השקעה. יתרת הנכסים תושקע בכפוף להוראות הדין, ובכפוף לשיקול דעתה "
513026484,http://www.fnx.co.il/sites/docs/genery/mediniut_ashkaa_tzfuia/gemel2019_update0919.xls,policy/companies/513026484/raw/513026484/e542f3d418c9_gemel2019_update0919.xls,אקסלנס השתלמות מתמחה אג ח חו ל חדש *****,table,,,,120.0,,120.0,,,,,," | אקסלנס השתלמות מתמחה אג""ח חו""ל (חדש)***** | נכסי המסלול יהיו חשופים לנכסים הבאים: אג""ח חו""ל סחירות ושאינן סחירות, ני""ע מסחריים, הלוואות שאינן סחירות, אג""ח להמרה ופקדונות המונפקים בחו""ל, בשיעור חשיפה שלא יפחת מ- 75% ולא יעלה על 120% מנכסי המסלול. חשיפה לנכסים כאמור תושג באמצעות השקעה במישרין, בנגזרים, בתעודות סל, בקרנות נאמנות או בקרנות השקעה.  החשיפה למט''ח לא תפחת מ- 75%. יתרת הנכסים תושקע בכפ"
513026484,http://www.fnx.co.il/sites/docs/genery/mediniut_ashkaa_tzfuia/gemel2019_update0919.xls,policy/companies/513026484/raw/513026484/e542f3d418c9_gemel2019_update0919.xls,אקסלנס השתלמות מתמחה אג ח* 716,table,,,,120.0,,120.0,,,,,," | אקסלנס השתלמות מתמחה אג""ח* -716 | ולא יעלה על 120% מנכסי המסלול. חשיפה לנכסים כאמור תושג באמצעות השקעה במישרין, | 0.07 | תל בונד 50"
513026484,http://www.fnx.co.il/sites/docs/genery/mediniut_ashkaa_tzfuia/gemel2019_update0719.xls,policy/companies/513026484/raw/513026484/04e93db51529_gemel2019_update0719.xls,אקסלנס השתלמות מתמחה אג ח* 716,table,,,,120.0,,120.0,,,,,," | אקסלנס השתלמות מתמחה אג""ח* -716 | ולא יעלה על 120% מנכסי המסלול. חשיפה לנכסים כאמור תושג באמצעות השקעה במישרין, | 0.07 | תל בונד 50"
513026484,http://www.fnx.co.il/sites/docs/genery/mediniut_ashkaa_tzfuia/gemel-update022021.xls,policy/companies/513026484/raw/513026484/8b6d6ab62767_gemel-update022021.xls,אקסלנס השתלמות מתמחה מניות 968,table,,,,120.0,,120.0,,,,,," | אקסלנס השתלמות מתמחה מניות - 968 | נכסי המסלול יהיו חשופים למניות בארץ ובחו""ל, בשיעור חשיפה שלא יפחת מ-75% ולא יעלה על 120% מנכסי המסלול. חשיפה לנכסים כאמור תושג באמצעות השקעה במישרין, בנגזרים, בתעודות סל, בקרנות נאמנות או בקרנות השקעה. יתרת הנכסים תושקע בכפוף להוראות הדין, ובכפוף לשיקול דעתה של ועדת ההשקעות. |  | 42%- מדד ת""א 125,  58%- MSCI WORLD AC"
513026484,http://www.fnx.co.il/sites/docs/genery/mediniut_ashkaa_tzfuia/gemel2021.xls,policy/companies/513026484/raw/513026484/660eab30ed1a_gemel2021.xls,אקסלנס השתלמות מתמחה מניות 968,table,,,,120.0,,120.0,,,,,," | אקסלנס השתלמות מתמחה מניות - 968 | נכסי המסלול יהיו חשופים למניות בארץ ובחו""ל, בשיעור חשיפה שלא יפחת מ-75% ולא יעלה על 120% מנכסי המסלול. חשיפה לנכסים כאמור תושג באמצעות השקעה במישרין, בנגזרים, בתעודות סל, בקרנות נאמנות או בקרנות השקעה. יתרת הנכסים תושקע בכפוף להוראות הדין, ובכפוף לשיקול דעתה של ועדת ההשקעות. |  | 42%- מדד ת""א 125,  58%- MSCI WORLD AC"
513026484,http://www.fnx.co.il/sites/docs/genery/mediniut_ashkaa_tzfuia/gemel2020_update06.xls,policy/companies/513026484/raw/513026484/9a8c9561dc51_gemel2020_update06.xls,אקסלנס השתלמות מתמחה מניות 968,table,,,,120.0,,120.0,,,,,," | אקסלנס השתלמות מתמחה מניות - 968 | נכסי המסלול יהיו חשופים למניות בארץ ובחו""ל, בשיעור חשיפה שלא יפחת מ-75% ולא יעלה על 120% מנכסי המסלול. חשיפה לנכסים כאמור תושג באמצעות השקעה במישרין, בנגזרים, בתעודות סל, בקרנות נאמנות או בקרנות השקעה. יתרת הנכסים תושקע בכפוף להוראות הדין, ובכפוף לשיקול דעתה של ועדת ההשקעות. |  | 45%- מדד ת""א 125,  55%- MSCI WORLD AC"
513026484,http://www.fnx.co.il/sites/docs/genery/mediniut_ashkaa_tzfuia/mediniut_ashkaa_tzfuia_gemel_01.10.2020.xls,policy/companies/513026484/raw/513026484/1a0f084dcc33_mediniut_ashkaa_tzfuia_gemel_01.10.2020.xls,אקסלנס השתלמות מתמחה מניות 968,table,,,,120.0,,120.0,,,,,," | אקסלנס השתלמות מתמחה מניות - 968 | נכסי המסלול יהיו חשופים למניות בארץ ובחו""ל, בשיעור חשיפה שלא יפחת מ-75% ולא יעלה על 120% מנכסי המסלול. חשיפה לנכסים כאמור תושג באמצעות השקעה במישרין, בנגזרים, בתעודות סל, בקרנות נאמנות או בקרנות השקעה. יתרת הנכסים תושקע בכפוף להוראות הדין, ובכפוף לשיקול דעתה של ועדת ההשקעות. |  | 45%- מדד ת""א 125,  55%- MSCI WORLD AC"
513026484,http://www.fnx.co.il/sites/docs/genery/mediniut_ashkaa_tzfuia/gemel2020.xls,policy/companies/513026484/raw/513026484/2de01efeedd8_gemel2020.xls,אקסלנס השתלמות מתמחה מניות 968,table,,,,120.0,,120.0,,,,,," | אקסלנס השתלמות מתמחה מניות - 968 | נכסי המסלול יהיו חשופים למניות בארץ ובחו""ל, בשיעור חשיפה שלא יפחת מ-75% ולא יעלה על 120% מנכסי המסלול. חשיפה לנכסים כאמור תושג באמצעות השקעה במישרין, בנגזרים, בתעודות סל, בקרנות נאמנות או בקרנות השקעה. יתרת הנכסים תושקע בכפוף להוראות הדין, ובכפוף לשיקול דעתה של ועדת ההשקעות. |  | 45%- מדד ת""א 125,  55%- MSCI WORLD AC"
513026484,http://www.fnx.co.il/sites/docs/genery/mediniut_ashkaa_tzfuia/gemel2019_update0919.xls,policy/companies/513026484/raw/513026484/e542f3d418c9_gemel2019_update0919.xls,אקסלנס השתלמות מתמחה מניות 968,table,,,,120.0,,120.0,,,,,," | אקסלנס השתלמות מתמחה מניות - 968 | נכסי המסלול יהיו חשופים למניות בארץ ובחו""ל, בשיעור חשיפה שלא יפחת מ-75% ולא יעלה על 120% מנכסי המסלול. חשיפה לנכסים כאמור תושג באמצעות השקעה במישרין, בנגזרים, בתעודות סל, בקרנות נאמנות או בקרנות השקעה. יתרת הנכסים תושקע בכפוף להוראות הדין, ובכפוף לשיקול דעתה של ועדת ההשקעות. |  | 50%- מדד ת""א 125,  50%- MSCI WORLD AC"
513026484,http://www.fnx.co.il/sites/docs/genery/mediniut_ashkaa_tzfuia/gemel2019_update0719.xls,policy/companies/513026484/raw/513026484/04e93db51529_gemel2019_update0719.xls,אקסלנס השתלמות מתמחה מניות 968,table,,,,120.0,,120.0,,,,,," | אקסלנס השתלמות מתמחה מניות - 968 | נכסי המסלול יהיו חשופים למניות בארץ ובחו""ל, בשיעור חשיפה שלא יפחת מ-75% ולא יעלה על 120% מנכסי המסלול. חשיפה לנכסים כאמור תושג באמצעות השקעה במישרין, בנגזרים, בתעודות סל, בקרנות נאמנות או בקרנות השקעה. יתרת הנכסים תושקע בכפוף להוראות הדין, ובכפוף לשיקול דעתה של ועדת ההשקעות. |  | 50%- מדד ת""א 125,  50%- MSCI WORLD AC"
513026484,http://www.fnx.co.il/sites/docs/genery/mediniut_ashkaa_tzfuia/gemel2019.xls,policy/companies/513026484/raw/513026484/e353e49ff159_gemel2019.xls,אקסלנס השתלמות מתמחה מניות 968,table,,,,120.0,,120.0,,,,,," | אקסלנס השתלמות מתמחה מניות - 968 | נכסי המסלול יהיו חשופים למניות בארץ ובחו""ל, בשיעור חשיפה שלא יפחת מ-75% ולא יעלה על 120% מנכסי המסלול. חשיפה לנכסים כאמור תושג באמצעות השקעה במישרין, בנגזרים, בתעודות סל, בקרנות נאמנות או בקרנות השקעה. יתרת הנכסים תושקע בכפוף להוראות הדין, ובכפוף לשיקול דעתה של ועדת ההשקעות. |  | 50%- מדד ת""א 125,  50%- MSCI WORLD AC"
513026484,http://www.fnx.co.il/sites/docs/genery/mediniut_ashkaa_tzfuia/gemel2020_update06.xls,policy/companies/513026484/raw/513026484/9a8c9561dc51_gemel2020_update06.xls,אקסלנס השתלמות פאסיבי מדדי מניות 8630,table,,,,100.0,,100.0,,,,,," | אקסלנס השתלמות פאסיבי- מדדי מניות - 8630 | נכסי המסלול, בשיעור שלא יפחת מ-75% ולא יעלה על 100%, יושקעו במדדי מניות. [העונים על התנאים המנויים בסעיף 6 ו) לפרק 4 בחלק 2 בשער 5 לקודקס הרגולציה של רשות שוק ההון, ביטוח וחיסכון שעניינו כללי השקעה] יתרת הנכסים, למעט שיעור מהנכסים אשר יושקע במזומנים לצורך טיפול בהפקדות, משיכות והעברות כספים, תושקע במדדים שונים [העונים על התנאים המנויים בסעיף 6(ו) לפרק "
513026484,http://www.fnx.co.il/sites/docs/genery/mediniut_ashkaa_tzfuia/gemel2020.xls,policy/companies/513026484/raw/513026484/2de01efeedd8_gemel2020.xls,אקסלנס השתלמות פאסיבי מדדי מניות 8630,table,,,,100.0,,100.0,,,,,," | אקסלנס השתלמות פאסיבי- מדדי מניות - 8630 | נכסי המסלול, בשיעור שלא יפחת מ-75% ולא יעלה על 100%, יושקעו במדדי מניות. [העונים על התנאים המנויים בסעיף 6 ו) לפרק 4 בחלק 2 בשער 5 לקודקס הרגולציה של רשות שוק ההון, ביטוח וחיסכון שעניינו כללי השקעה] יתרת הנכסים, למעט שיעור מהנכסים אשר יושקע במזומנים לצורך טיפול בהפקדות, משיכות והעברות כספים, תושקע במדדים שונים [העונים על התנאים המנויים בסעיף 6(ו) לפרק "
513026484,http://www.fnx.co.il/sites/docs/genery/mediniut_ashkaa_tzfuia/gemel-update022021.xls,policy/companies/513026484/raw/513026484/8b6d6ab62767_gemel-update022021.xls,אקסלנס השתלמות שקלי טווח קצר 715,table,,,,120.0,,120.0,,,,,," | אקסלנס השתלמות שקלי טווח קצר - 715 | נכסי המסלול יהיו חשופים לנכסים הבאים, שאינם צמודים : פקדונות שקליים, מלוות ממשלתיות, הלוואות שקליות ואג""ח שקליות סחירות ושאינן סחירות, בשיעור חשיפה שלא יפחת מ-75% ולא יעלה על 120% מנכסי המסלול. נכסי המסלול יהיו חשופים לנכסים המפורטים לעיל שמשך החיים הממוצע שלהם אינו עולה על שנה. חשיפה לנכסים כאמור תושג באמצעות השקעה במישרין, בנגזרים, בתעודות סל, בקרנות נאמנו"
513026484,http://www.fnx.co.il/sites/docs/genery/mediniut_ashkaa_tzfuia/gemel2021.xls,policy/companies/513026484/raw/513026484/660eab30ed1a_gemel2021.xls,אקסלנס השתלמות שקלי טווח קצר 715,table,,,,120.0,,120.0,,,,,," | אקסלנס השתלמות שקלי טווח קצר - 715 | נכסי המסלול יהיו חשופים לנכסים הבאים, שאינם צמודים : פקדונות שקליים, מלוות ממשלתיות, הלוואות שקליות ואג""ח שקליות סחירות ושאינן סחירות, בשיעור חשיפה שלא יפחת מ-75% ולא יעלה על 120% מנכסי המסלול. נכסי המסלול יהיו חשופים לנכסים המפורטים לעיל שמשך החיים הממוצע שלהם אינו עולה על שנה. חשיפה לנכסים כאמור תושג באמצעות השקעה במישרין, בנגזרים, בתעודות סל, בקרנות נאמנו"
513026484,http://www.fnx.co.il/sites/docs/genery/mediniut_ashkaa_tzfuia/gemel2020_update06.xls,policy/companies/513026484/raw/513026484/9a8c9561dc51_gemel2020_update06.xls,אקסלנס השתלמות שקלי טווח קצר 715,table,,,,120.0,,120.0,,,,,," | אקסלנס השתלמות שקלי טווח קצר - 715 | נכסי המסלול יהיו חשופים לנכסים הבאים, שאינם צמודים : פקדונות שקליים, מלוות ממשלתיות, הלוואות שקליות ואג""ח שקליות סחירות ושאינן סחירות, בשיעור חשיפה שלא יפחת מ-75% ולא יעלה על 120% מנכסי המסלול. נכסי המסלול יהיו חשופים לנכסים המפורטים לעיל שמשך החיים הממוצע שלהם אינו עולה על שנה. חשיפה לנכסים כאמור תושג באמצעות השקעה במישרין, בנגזרים, בתעודות סל, בקרנות נאמנו"
513026484,http://www.fnx.co.il/sites/docs/genery/mediniut_ashkaa_tzfuia/mediniut_ashkaa_tzfuia_gemel_01.10.2020.xls,policy/companies/513026484/raw/513026484/1a0f084dcc33_mediniut_ashkaa_tzfuia_gemel_01.10.2020.xls,אקסלנס השתלמות שקלי טווח קצר 715,table,,,,120.0,,120.0,,,,,," | אקסלנס השתלמות שקלי טווח קצר - 715 | נכסי המסלול יהיו חשופים לנכסים הבאים, שאינם צמודים : פקדונות שקליים, מלוות ממשלתיות, הלוואות שקליות ואג""ח שקליות סחירות ושאינן סחירות, בשיעור חשיפה שלא יפחת מ-75% ולא יעלה על 120% מנכסי המסלול. נכסי המסלול יהיו חשופים לנכסים המפורטים לעיל שמשך החיים הממוצע שלהם אינו עולה על שנה. חשיפה לנכסים כאמור תושג באמצעות השקעה במישרין, בנגזרים, בתעודות סל, בקרנות נאמנו"
513026484,http://www.fnx.co.il/sites/docs/genery/mediniut_ashkaa_tzfuia/gemel2020.xls,policy/companies/513026484/raw/513026484/2de01efeedd8_gemel2020.xls,אקסלנס השתלמות שקלי טווח קצר 715,table,,,,120.0,,120.0,,,,,," | אקסלנס השתלמות שקלי טווח קצר - 715 | נכסי המסלול יהיו חשופים לנכסים הבאים, שאינם צמודים : פקדונות שקליים, מלוות ממשלתיות, הלוואות שקליות ואג""ח שקליות סחירות ושאינן סחירות, בשיעור חשיפה שלא יפחת מ-75% ולא יעלה על 120% מנכסי המסלול. נכסי המסלול יהיו חשופים לנכסים המפורטים לעיל שמשך החיים הממוצע שלהם אינו עולה על שנה. חשיפה לנכסים כאמור תושג באמצעות השקעה במישרין, בנגזרים, בתעודות סל, בקרנות נאמנו"
513026484,http://www.fnx.co.il/sites/docs/genery/mediniut_ashkaa_tzfuia/gemel2019_update0919.xls,policy/companies/513026484/raw/513026484/e542f3d418c9_gemel2019_update0919.xls,אקסלנס השתלמות שקלי טווח קצר 715,table,,,,120.0,,120.0,,,,,," | אקסלנס השתלמות שקלי טווח קצר - 715 | נכסי המסלול יהיו חשופים לנכסים הבאים, שאינם צמודים : פקדונות שקליים, מלוות ממשלתיות, הלוואות שקליות ואג""ח שקליות סחירות ושאינן סחירות, בשיעור חשיפה שלא יפחת מ-75% ולא יעלה על 120% מנכסי המסלול. נכסי המסלול יהיו חשופים לנכסים המפורטים לעיל שמשך החיים הממוצע שלהם אינו עולה על שנה. חשיפה לנכסים כאמור תושג באמצעות השקעה במישרין, בנגזרים, בתעודות סל, בקרנות נאמנו"
513026484,http://www.fnx.co.il/sites/docs/genery/mediniut_ashkaa_tzfuia/gemel2019_update0719.xls,policy/companies/513026484/raw/513026484/04e93db51529_gemel2019_update0719.xls,אקסלנס השתלמות שקלי טווח קצר 715,table,,,,120.0,,120.0,,,,,," | אקסלנס השתלמות שקלי טווח קצר - 715 | נכסי המסלול יהיו חשופים לנכסים הבאים, שאינם צמודים : פקדונות שקליים, מלוות ממשלתיות, הלוואות שקליות ואג""ח שקליות סחירות ושאינן סחירות, בשיעור חשיפה שלא יפחת מ-75% ולא יעלה על 120% מנכסי המסלול. נכסי המסלול יהיו חשופים לנכסים המפורטים לעיל שמשך החיים הממוצע שלהם אינו עולה על שנה. חשיפה לנכסים כאמור תושג באמצעות השקעה במישרין, בנגזרים, בתעודות סל, בקרנות נאמנו"
513026484,http://www.fnx.co.il/sites/docs/genery/mediniut_ashkaa_tzfuia/gemel2019.xls,policy/companies/513026484/raw/513026484/e353e49ff159_gemel2019.xls,אקסלנס השתלמות שקלי טווח קצר 715,table,,,,120.0,,120.0,,,,,," | אקסלנס השתלמות שקלי טווח קצר - 715 | נכסי המסלול יהיו חשופים לנכסים הבאים, שאינם צמודים : פקדונות שקליים, מלוות ממשלתיות, הלוואות שקליות ואג""ח שקליות סחירות ושאינן סחירות, בשיעור חשיפה שלא יפחת מ-75% ולא יעלה על 120% מנכסי המסלול. נכסי המסלול יהיו חשופים לנכסים המפורטים לעיל שמשך החיים הממוצע שלהם אינו עולה על שנה. חשיפה לנכסים כאמור תושג באמצעות השקעה במישרין, בנגזרים, בתעודות סל, בקרנות נאמנו"
513026484,http://www.fnx.co.il/sites/docs/genery/mediniut_ashkaa_tzfuia/gemel-update022021.xls,policy/companies/513026484/raw/513026484/8b6d6ab62767_gemel-update022021.xls,אקסלנס מרכזית לפיצויים מחקה מדדי מניות 804,table,804.0,804.0,804.0,804.0,,,,,,,," | אקסלנס מרכזית לפיצויים מחקה מדדי מניות - 804 | יתרת הנכסים, למעט שיעור מהנכסים אשר יושקע במזומנים לצורך | 0.06 | TPX"
513026484,http://www.fnx.co.il/sites/docs/genery/mediniut_ashkaa_tzfuia/gemel2021.xls,policy/companies/513026484/raw/513026484/660eab30ed1a_gemel2021.xls,אקסלנס מרכזית לפיצויים מחקה מדדי מניות 804,table,804.0,804.0,804.0,804.0,,,,,,,," | אקסלנס מרכזית לפיצויים מחקה מדדי מניות - 804 | יתרת הנכסים, למעט שיעור מהנכסים אשר יושקע במזומנים לצורך | 0.06 | TPX"
513026484,http://www.fnx.co.il/sites/docs/genery/mediniut_ashkaa_tzfuia/gemel2020_update06.xls,policy/companies/513026484/raw/513026484/9a8c9561dc51_gemel2020_update06.xls,אקסלנס מרכזית לפיצויים מחקה מדדי מניות 804,table,804.0,804.0,804.0,804.0,,,,,,,," | אקסלנס מרכזית לפיצויים מחקה מדדי מניות - 804 | תרת הנכסים, למעט שיעור מהנכסים אשר יושקע במזומנים לצורך | 0.05 | TPX"
513026484,http://www.fnx.co.il/sites/docs/genery/mediniut_ashkaa_tzfuia/mediniut_ashkaa_tzfuia_gemel_01.10.2020.xls,policy/companies/513026484/raw/513026484/1a0f084dcc33_mediniut_ashkaa_tzfuia_gemel_01.10.2020.xls,אקסלנס מרכזית לפיצויים מחקה מדדי מניות 804,table,804.0,804.0,804.0,804.0,,,,,,,," | אקסלנס מרכזית לפיצויים מחקה מדדי מניות - 804 | תרת הנכסים, למעט שיעור מהנכסים אשר יושקע במזומנים לצורך | 0.05 | TPX"
513026484,http://www.fnx.co.il/sites/docs/genery/mediniut_ashkaa_tzfuia/gemel2020.xls,policy/companies/513026484/raw/513026484/2de01efeedd8_gemel2020.xls,אקסלנס מרכזית לפיצויים מחקה מדדי מניות 804,table,804.0,804.0,804.0,804.0,,,,,,,," | אקסלנס מרכזית לפיצויים מחקה מדדי מניות - 804 | תרת הנכסים, למעט שיעור מהנכסים אשר יושקע במזומנים לצורך | 0.05 | TPX"
513026484,http://www.fnx.co.il/sites/docs/genery/mediniut_ashkaa_tzfuia/gemel2019_update0919.xls,policy/companies/513026484/raw/513026484/e542f3d418c9_gemel2019_update0919.xls,אקסלנס מרכזית לפיצויים מחקה מדדי מניות 804,table,804.0,804.0,804.0,804.0,,,,,,,," | אקסלנס מרכזית לפיצויים מחקה מדדי מניות - 804 | החלים על גופים מוסדיים]. יתרת הנכסים, למעט שיעור מהנכסים אשר יושקע במזומנים לצורך | 0.04 | TPX"
513026484,http://www.fnx.co.il/sites/docs/genery/mediniut_ashkaa_tzfuia/gemel2019_update0719.xls,policy/companies/513026484/raw/513026484/04e93db51529_gemel2019_update0719.xls,אקסלנס מרכזית לפיצויים מחקה מדדי מניות 804,table,804.0,804.0,804.0,804.0,,,,,,,," | אקסלנס מרכזית לפיצויים מחקה מדדי מניות - 804 | החלים על גופים מוסדיים]. יתרת הנכסים, למעט שיעור מהנכסים אשר יושקע במזומנים לצורך | 0.04 | TPX"
513026484,http://www.fnx.co.il/sites/docs/genery/mediniut_ashkaa_tzfuia/gemel2019.xls,policy/companies/513026484/raw/513026484/e353e49ff159_gemel2019.xls,אקסלנס מרכזית לפיצויים מחקה מדדי מניות 804,table,804.0,804.0,804.0,804.0,,,,,,,," | אקסלנס מרכזית לפיצויים מחקה מדדי מניות - 804 | החלים על גופים מוסדיים]. יתרת הנכסים, למעט שיעור מהנכסים אשר יושקע במזומנים לצורך | 0.04 | TPX"
513026484,http://www.fnx.co.il/sites/docs/genery/mediniut_ashkaa_tzfuia/gemel-update022021.xls,policy/companies/513026484/raw/513026484/8b6d6ab62767_gemel-update022021.xls,אקסלנס מרכזית לפיצויים צמוד מדד 806,table,806.0,806.0,806.0,806.0,,,,,,,, | אקסלנס מרכזית לפיצויים צמוד מדד - 806 | במסלול זה יושקעו לא פחות מ-75% מנכסי המסלול באפיקים צמודי מדד. יתרת נכסי המסלול | 0.13 | תל בונד כללי
513026484,http://www.fnx.co.il/sites/docs/genery/mediniut_ashkaa_tzfuia/gemel2021.xls,policy/companies/513026484/raw/513026484/660eab30ed1a_gemel2021.xls,אקסלנס מרכזית לפיצויים צמוד מדד 806,table,806.0,806.0,806.0,806.0,,,,,,,, | אקסלנס מרכזית לפיצויים צמוד מדד - 806 | במסלול זה יושקעו לא פחות מ-75% מנכסי המסלול באפיקים צמודי מדד. יתרת נכסי המסלול | 0.13 | תל בונד כללי
513026484,http://www.fnx.co.il/sites/docs/genery/mediniut_ashkaa_tzfuia/gemel2020_update06.xls,policy/companies/513026484/raw/513026484/9a8c9561dc51_gemel2020_update06.xls,אקסלנס מרכזית לפיצויים צמוד מדד 806,table,806.0,806.0,806.0,806.0,,,,,,,, | אקסלנס מרכזית לפיצויים צמוד מדד - 806 | במסלול זה יושקעו לא פחות מ-75% מנכסי המסלול באפיקים צמודי מדד. יתרת נכסי המסלול | 0.13 | תל בונד כללי
513026484,http://www.fnx.co.il/sites/docs/genery/mediniut_ashkaa_tzfuia/mediniut_ashkaa_tzfuia_gemel_01.10.2020.xls,policy/companies/513026484/raw/513026484/1a0f084dcc33_mediniut_ashkaa_tzfuia_gemel_01.10.2020.xls,אקסלנס מרכזית לפיצויים צמוד מדד 806,table,806.0,806.0,806.0,806.0,,,,,,,, | אקסלנס מרכזית לפיצויים צמוד מדד - 806 | במסלול זה יושקעו לא פחות מ-75% מנכסי המסלול באפיקים צמודי מדד. יתרת נכסי המסלול | 0.13 | תל בונד כללי
513026484,http://www.fnx.co.il/sites/docs/genery/mediniut_ashkaa_tzfuia/gemel2020.xls,policy/companies/513026484/raw/513026484/2de01efeedd8_gemel2020.xls,אקסלנס מרכזית לפיצויים צמוד מדד 806,table,806.0,806.0,806.0,806.0,,,,,,,, | אקסלנס מרכזית לפיצויים צמוד מדד - 806 | במסלול זה יושקעו לא פחות מ-75% מנכסי המסלול באפיקים צמודי מדד. יתרת נכסי המסלול | 0.13 | תל בונד כללי
513026484,http://www.fnx.co.il/sites/docs/genery/mediniut_ashkaa_tzfuia/gemel2019.xls,policy/companies/513026484/raw/513026484/e353e49ff159_gemel2019.xls,אקסלנס מרכזית לפיצויים צמוד מדד 806,table,806.0,806.0,806.0,806.0,,,,,,,, | אקסלנס מרכזית לפיצויים צמוד מדד - 806 | במסלול זה יושקעו לא פחות מ-75% מנכסי המסלול באפיקים צמודי מדד. יתרת נכסי המסלול | 0.2 | מדד תל בונד 60
513026484,http://www.fnx.co.il/sites/docs/genery/mediniut_ashkaa_tzfuia/gemel2019_update0919.xls,policy/companies/513026484/raw/513026484/e542f3d418c9_gemel2019_update0919.xls,אקסלנס מרכזית לפיצויים צמוד מדד*** 806,table,806.0,806.0,806.0,806.0,,,,,,,, | אקסלנס מרכזית לפיצויים צמוד מדד*** - 806 | במסלול זה יושקעו לא פחות מ-75% מנכסי המסלול באפיקים צמודי מדד. יתרת נכסי המסלול | 0.13 | תל בונד כללי
513026484,http://www.fnx.co.il/sites/docs/genery/mediniut_ashkaa_tzfuia/gemel2019_update0719.xls,policy/companies/513026484/raw/513026484/04e93db51529_gemel2019_update0719.xls,אקסלנס מרכזית לפיצויים צמוד מדד*** 806,table,806.0,806.0,806.0,806.0,,,,,,,, | אקסלנס מרכזית לפיצויים צמוד מדד*** - 806 | במסלול זה יושקעו לא פחות מ-75% מנכסי המסלול באפיקים צמודי מדד. יתרת נכסי המסלול | 0.13 | תל בונד כללי
513026484,http://www.fnx.co.il/sites/docs/genery/mediniut_ashkaa_tzfuia/gemel-update022021.xls,policy/companies/513026484/raw/513026484/8b6d6ab62767_gemel-update022021.xls,אקסלנס מרכזית לפיצויים שקלי 801,table,801.0,801.0,801.0,801.0,,,,,,,," | אקסלנס מרכזית לפיצויים שקלי - 801 | נכסי המסלול שלא יושקעו בנכסים שקליים, ככל שישנה, תושקע על פי שיקול דעת החברה | 0.1 | מדד תל בונד שקלי"
513026484,http://www.fnx.co.il/sites/docs/genery/mediniut_ashkaa_tzfuia/gemel2021.xls,policy/companies/513026484/raw/513026484/660eab30ed1a_gemel2021.xls,אקסלנס מרכזית לפיצויים שקלי 801,table,801.0,801.0,801.0,801.0,,,,,,,," | אקסלנס מרכזית לפיצויים שקלי - 801 | נכסי המסלול שלא יושקעו בנכסים שקליים, ככל שישנה, תושקע על פי שיקול דעת החברה | 0.1 | מדד תל בונד שקלי"
513026484,http://www.fnx.co.il/sites/docs/genery/mediniut_ashkaa_tzfuia/gemel2020_update06.xls,policy/companies/513026484/raw/513026484/9a8c9561dc51_gemel2020_update06.xls,אקסלנס מרכזית לפיצויים שקלי 801,table,801.0,801.0,801.0,801.0,,,,,,,," | אקסלנס מרכזית לפיצויים שקלי - 801 | נכסי המסלול שלא יושקעו בנכסים שקליים, ככל שישנה, תושקע על פי שיקול דעת החברה | 0.1 | מדד תל בונד שקלי"
513026484,http://www.fnx.co.il/sites/docs/genery/mediniut_ashkaa_tzfuia/mediniut_ashkaa_tzfuia_gemel_01.10.2020.xls,policy/companies/513026484/raw/513026484/1a0f084dcc33_mediniut_ashkaa_tzfuia_gemel_01.10.2020.xls,אקסלנס מרכזית לפיצויים שקלי 801,table,801.0,801.0,801.0,801.0,,,,,,,," | אקסלנס מרכזית לפיצויים שקלי - 801 | נכסי המסלול שלא יושקעו בנכסים שקליים, ככל שישנה, תושקע על פי שיקול דעת החברה | 0.1 | מדד תל בונד שקלי"
513026484,http://www.fnx.co.il/sites/docs/genery/mediniut_ashkaa_tzfuia/gemel2020.xls,policy/companies/513026484/raw/513026484/2de01efeedd8_gemel2020.xls,אקסלנס מרכזית לפיצויים שקלי 801,table,801.0,801.0,801.0,801.0,,,,,,,," | אקסלנס מרכזית לפיצויים שקלי - 801 | נכסי המסלול שלא יושקעו בנכסים שקליים, ככל שישנה, תושקע על פי שיקול דעת החברה | 0.1 | מדד תל בונד שקלי"
513026484,http://www.fnx.co.il/sites/docs/genery/mediniut_ashkaa_tzfuia/gemel2019_update0919.xls,policy/companies/513026484/raw/513026484/e542f3d418c9_gemel2019_update0919.xls,אקסלנס מרכזית לפיצויים שקלי 801,table,801.0,801.0,801.0,801.0,,,,,,,," | אקסלנס מרכזית לפיצויים שקלי - 801 | נכסי המסלול שלא יושקעו בנכסים שקליים, ככל שישנה, תושקע על פי שיקול דעת החברה | 0.1 | מדד תל בונד שקלי"
513026484,http://www.fnx.co.il/sites/docs/genery/mediniut_ashkaa_tzfuia/gemel2019_update0719.xls,policy/companies/513026484/raw/513026484/04e93db51529_gemel2019_update0719.xls,אקסלנס מרכזית לפיצויים שקלי 801,table,801.0,801.0,801.0,801.0,,,,,,,," | אקסלנס מרכזית לפיצויים שקלי - 801 | נכסי המסלול שלא יושקעו בנכסים שקליים, ככל שישנה, תושקע על פי שיקול דעת החברה | 0.1 | מדד תל בונד שקלי"
513026484,http://www.fnx.co.il/sites/docs/genery/mediniut_ashkaa_tzfuia/gemel2019.xls,policy/companies/513026484/raw/513026484/e353e49ff159_gemel2019.xls,אקסלנס מרכזית לפיצויים שקלי 801,table,801.0,801.0,801.0,801.0,,,,,,,," | אקסלנס מרכזית לפיצויים שקלי - 801 | נכסי המסלול שלא יושקעו בנכסים שקליים, ככל שישנה, תושקע על פי שיקול דעת החברה | 0.1 | מדד תל בונד שקלי"
513026484,http://www.fnx.co.il/sites/docs/genery/mediniut_ashkaa_tzfuia/gemel-update022021.xls,policy/companies/513026484/raw/513026484/8b6d6ab62767_gemel-update022021.xls,אקסלנס מרכזית לפיצויים שקלי קצר 9475,table,947.0,947.0,947.0,947.0,,,,,,,," | אקסלנס מרכזית לפיצויים שקלי קצר - 9475 | משוקלל עד שנתיים. יתרת נכסי המסלול שלא יושקעו בנכסים שקליים, ככל שישנה, תושקע | 0.1 | מדד תל בונד שקלי"
513026484,http://www.fnx.co.il/sites/docs/genery/mediniut_ashkaa_tzfuia/gemel2021.xls,policy/companies/513026484/raw/513026484/660eab30ed1a_gemel2021.xls,אקסלנס מרכזית לפיצויים שקלי קצר 9475,table,947.0,947.0,947.0,947.0,,,,,,,," | אקסלנס מרכזית לפיצויים שקלי קצר - 9475 | משוקלל עד שנתיים. יתרת נכסי המסלול שלא יושקעו בנכסים שקליים, ככל שישנה, תושקע | 0.1 | מדד תל בונד שקלי"
513026484,http://www.fnx.co.il/sites/docs/genery/mediniut_ashkaa_tzfuia/gemel2020_update06.xls,policy/companies/513026484/raw/513026484/9a8c9561dc51_gemel2020_update06.xls,אקסלנס מרכזית לפיצויים שקלי קצר 9475,table,947.0,947.0,947.0,947.0,,,,,,,," | אקסלנס מרכזית לפיצויים שקלי קצר - 9475 | משוקלל עד שנתיים. יתרת נכסי המסלול שלא יושקעו בנכסים שקליים, ככל שישנה, תושקע | 0.1 | מדד תל בונד שקלי"
513026484,http://www.fnx.co.il/sites/docs/genery/mediniut_ashkaa_tzfuia/mediniut_ashkaa_tzfuia_gemel_01.10.2020.xls,policy/companies/513026484/raw/513026484/1a0f084dcc33_mediniut_ashkaa_tzfuia_gemel_01.10.2020.xls,אקסלנס מרכזית לפיצויים שקלי קצר 9475,table,947.0,947.0,947.0,947.0,,,,,,,," | אקסלנס מרכזית לפיצויים שקלי קצר - 9475 | משוקלל עד שנתיים. יתרת נכסי המסלול שלא יושקעו בנכסים שקליים, ככל שישנה, תושקע | 0.1 | מדד תל בונד שקלי"
513026484,http://www.fnx.co.il/sites/docs/genery/mediniut_ashkaa_tzfuia/gemel2020.xls,policy/companies/513026484/raw/513026484/2de01efeedd8_gemel2020.xls,אקסלנס מרכזית לפיצויים שקלי קצר 9475,table,947.0,947.0,947.0,947.0,,,,,,,," | אקסלנס מרכזית לפיצויים שקלי קצר - 9475 | משוקלל עד שנתיים. יתרת נכסי המסלול שלא יושקעו בנכסים שקליים, ככל שישנה, תושקע | 0.1 | מדד תל בונד שקלי"
513026484,http://www.fnx.co.il/sites/docs/genery/mediniut_ashkaa_tzfuia/gemel2019_update0919.xls,policy/companies/513026484/raw/513026484/e542f3d418c9_gemel2019_update0919.xls,אקסלנס מרכזית לפיצויים שקלי קצר 9475,table,947.0,947.0,947.0,947.0,,,,,,,," | אקסלנס מרכזית לפיצויים שקלי קצר - 9475 | משוקלל עד שנתיים. יתרת נכסי המסלול שלא יושקעו בנכסים שקליים, ככל שישנה, תושקע | 0.1 | מדד תל בונד שקלי"
513026484,http://www.fnx.co.il/sites/docs/genery/mediniut_ashkaa_tzfuia/gemel2019_update0719.xls,policy/companies/513026484/raw/513026484/04e93db51529_gemel2019_update0719.xls,אקסלנס מרכזית לפיצויים שקלי קצר 9475,table,947.0,947.0,947.0,947.0,,,,,,,," | אקסלנס מרכזית לפיצויים שקלי קצר - 9475 | משוקלל עד שנתיים. יתרת נכסי המסלול שלא יושקעו בנכסים שקליים, ככל שישנה, תושקע | 0.1 | מדד תל בונד שקלי"
513026484,http://www.fnx.co.il/sites/docs/genery/mediniut_ashkaa_tzfuia/gemel2019.xls,policy/companies/513026484/raw/513026484/e353e49ff159_gemel2019.xls,אקסלנס מרכזית לפיצויים שקלי קצר 9475,table,947.0,947.0,947.0,947.0,,,,,,,," | אקסלנס מרכזית לפיצויים שקלי קצר - 9475 | משוקלל עד שנתיים. יתרת נכסי המסלול שלא יושקעו בנכסים שקליים, ככל שישנה, תושקע | 0.1 | מדד תל בונד שקלי"
513026484,http://www.fnx.co.il/sites/docs/genery/mediniut_ashkaa_tzfuia/gemel2019_update0919.xls,policy/companies/513026484/raw/513026484/e542f3d418c9_gemel2019_update0919.xls,במדדי מניות 8628,table,,,6.0,6.0,6.0,6.0,,,,,," | במדדי מניות - 8628 | והעברות כספים, תושקע במדדי מניות [העונים על התנאים המנויים בסעיף 6 לחוזר גופים | 0.17 | משקל תל בונד  60"
513026484,http://www.fnx.co.il/sites/docs/genery/mediniut_ashkaa_tzfuia/gemel2019_update0719.xls,policy/companies/513026484/raw/513026484/04e93db51529_gemel2019_update0719.xls,במדדי מניות 8628,table,,,6.0,6.0,6.0,6.0,,,,,," | במדדי מניות - 8628 | והעברות כספים, תושקע במדדי מניות [העונים על התנאים המנויים בסעיף 6 לחוזר גופים | 0.17 | משקל תל בונד  60"
513026484,http://www.fnx.co.il/sites/docs/genery/mediniut_ashkaa_tzfuia/gemel2019.xls,policy/companies/513026484/raw/513026484/e353e49ff159_gemel2019.xls,במדדי מניות 8628,table,,,6.0,6.0,6.0,6.0,,,,,," | במדדי מניות - 8628 | והעברות כספים, תושקע במדדי מניות [העונים על התנאים המנויים בסעיף 6 לחוזר גופים | 0.17 | משקל תל בונד  60"
513026484,http://www.fnx.co.il/sites/docs/genery/mediniut_ashkaa_tzfuia/מדיניות השקעה צפויה לשנת 2020 -  ביטוח-עדכון ספטמבר 2020.xls,policy/companies/513026484/raw/513026484/7fdf97f1bafa_מדיניות_השקעה_צפויה_לשנת_2020_-__ביטוח-עדכון_ספטמבר_2020.xls,בסעיף 6 ו לפרק 4 בחלק 2 בשער 5 לקודקס הרגולציה של רשות שוק ההון ביטוח וחיסכון שעניינו כללי השקעה,table,,,6.0,6.0,6.0,6.0,,,,,," |  | בסעיף 6(ו) לפרק 4 בחלק 2 בשער 5 לקודקס הרגולציה של רשות שוק ההון, ביטוח וחיסכון שעניינו כללי השקעה] | 0.05 | IBOXX HY"
513026484,http://www.fnx.co.il/sites/docs/genery/mediniut_ashkaa_tzfuia/מדיניות השקעה צפויה לשנת 2020 - פנסיה-עדכון ספטמבר 2020.xls,policy/companies/513026484/raw/513026484/dfd3778b8def_מדיניות_השקעה_צפויה_לשנת_2020_-_פנסיה-עדכון_ספטמבר_2020.xls,בסעיף 6 ו לפרק 4 בחלק 2 בשער 5 לקודקס הרגולציה של רשות שוק ההון ביטוח וחיסכון שעניינו כללי נכסי השקעה בכפוף להוראות הדין,table,,,6.0,6.0,6.0,6.0,,,,,," |  | בסעיף 6(ו) לפרק 4 בחלק 2 בשער 5 לקודקס הרגולציה של רשות שוק ההון, ביטוח וחיסכון שעניינו כללי נכסי השקעה] בכפוף להוראות הדין, |  | "
513026484,http://www.fnx.co.il/sites/docs/genery/mediniut_ashkaa_tzfuia/pension2020.xls,policy/companies/513026484/raw/513026484/80d3d8269950_pension2020.xls,בסעיף 6 ו לפרק 4 בחלק 2 בשער 5 לקודקס הרגולציה של רשות שוק ההון ביטוח וחיסכון שעניינו כללי נכסי השקעה בכפוף להוראות הדין,table,,,6.0,6.0,6.0,6.0,,,,,," |  | בסעיף 6(ו) לפרק 4 בחלק 2 בשער 5 לקודקס הרגולציה של רשות שוק ההון, ביטוח וחיסכון שעניינו כללי נכסי השקעה] בכפוף להוראות הדין, | 0.55 | S&P500"
513026484,http://www.fnx.co.il/sites/docs/genery/mediniut_ashkaa_tzfuia/pension2020_update06.xls,policy/companies/513026484/raw/513026484/ae2ce03e23d2_pension2020_update06.xls,בסעיף 6 ו לפרק 4 בחלק 2 בשער 5 לקודקס הרגולציה של רשות שוק ההון ביטוח וחיסכון שעניינו כללי נכסי השקעה בכפוף להוראות הדין,table,,,6.0,6.0,6.0,6.0,,,,,," |  | בסעיף 6(ו) לפרק 4 בחלק 2 בשער 5 לקודקס הרגולציה של רשות שוק ההון, ביטוח וחיסכון שעניינו כללי נכסי השקעה] בכפוף להוראות הדין, | 0.55 | S&P500"
513026484,http://www.fnx.co.il/sites/docs/genery/mediniut_ashkaa_tzfuia/מדיניות השקעה צפויה לשנת 2020 - פנסיה-עדכון ספטמבר 2020.xls,policy/companies/513026484/raw/513026484/dfd3778b8def_מדיניות_השקעה_צפויה_לשנת_2020_-_פנסיה-עדכון_ספטמבר_2020.xls,בפרק 6 ו לפרק 4 בחלק 2 בשער 5 לקודקס הרגולציה של רשות שוק ההון ביטוח וחיסכון שעניינו כללי השקעה נכסי המסלול החשופים,table,,,6.0,6.0,6.0,6.0,,,,,," |  | בפרק 6(ו) לפרק 4 בחלק 2 בשער 5 לקודקס הרגולציה של רשות שוק ההון, ביטוח וחיסכון שעניינו כללי השקעה]. נכסי המסלול החשופים |  | "
513026484,http://www.fnx.co.il/sites/docs/genery/mediniut_ashkaa_tzfuia/pension2020.xls,policy/companies/513026484/raw/513026484/80d3d8269950_pension2020.xls,בפרק 6 ו לפרק 4 בחלק 2 בשער 5 לקודקס הרגולציה של רשות שוק ההון ביטוח וחיסכון שעניינו כללי השקעה נכסי המסלול החשופים,table,,,6.0,6.0,6.0,6.0,,,,,," |  | בפרק 6(ו) לפרק 4 בחלק 2 בשער 5 לקודקס הרגולציה של רשות שוק ההון, ביטוח וחיסכון שעניינו כללי השקעה]. נכסי המסלול החשופים | 0.12 | MSCI EM"
513026484,http://www.fnx.co.il/sites/docs/genery/mediniut_ashkaa_tzfuia/pension2020_update06.xls,policy/companies/513026484/raw/513026484/ae2ce03e23d2_pension2020_update06.xls,בפרק 6 ו לפרק 4 בחלק 2 בשער 5 לקודקס הרגולציה של רשות שוק ההון ביטוח וחיסכון שעניינו כללי השקעה נכסי המסלול החשופים,table,,,6.0,6.0,6.0,6.0,,,,,," |  | בפרק 6(ו) לפרק 4 בחלק 2 בשער 5 לקודקס הרגולציה של רשות שוק ההון, ביטוח וחיסכון שעניינו כללי השקעה]. נכסי המסלול החשופים | 0.12 | MSCI EM"
513026484,http://www.fnx.co.il/sites/docs/genery/mediniut_ashkaa_tzfuia/מדיניות השקעה צפויה לשנת 2020 - פנסיה-עדכון ספטמבר 2020.xls,policy/companies/513026484/raw/513026484/dfd3778b8def_מדיניות_השקעה_צפויה_לשנת_2020_-_פנסיה-עדכון_ספטמבר_2020.xls,המנויים בסעיף 6 ו לפרק 4 בחלק 2 בשער 5 לקודקס הרגולציה של רשות שוק ההון ביטוח וחיסכון שעניינו כללי השקעה,table,,,6.0,6.0,6.0,6.0,,,,,," |  | המנויים בסעיף 6(ו) לפרק 4 בחלק 2 בשער 5 לקודקס הרגולציה של רשות שוק ההון, ביטוח וחיסכון שעניינו כללי השקעה] |  | "
513026484,http://www.fnx.co.il/sites/docs/genery/mediniut_ashkaa_tzfuia/pension2020.xls,policy/companies/513026484/raw/513026484/80d3d8269950_pension2020.xls,המנויים בסעיף 6 ו לפרק 4 בחלק 2 בשער 5 לקודקס הרגולציה של רשות שוק ההון ביטוח וחיסכון שעניינו כללי השקעה,table,,,6.0,6.0,6.0,6.0,,,,,," |  | המנויים בסעיף 6(ו) לפרק 4 בחלק 2 בשער 5 לקודקס הרגולציה של רשות שוק ההון, ביטוח וחיסכון שעניינו כללי השקעה] |  | "
513026484,http://www.fnx.co.il/sites/docs/genery/mediniut_ashkaa_tzfuia/pension2020_update06.xls,policy/companies/513026484/raw/513026484/ae2ce03e23d2_pension2020_update06.xls,המנויים בסעיף 6 ו לפרק 4 בחלק 2 בשער 5 לקודקס הרגולציה של רשות שוק ההון ביטוח וחיסכון שעניינו כללי השקעה,table,,,6.0,6.0,6.0,6.0,,,,,," |  | המנויים בסעיף 6(ו) לפרק 4 בחלק 2 בשער 5 לקודקס הרגולציה של רשות שוק ההון, ביטוח וחיסכון שעניינו כללי השקעה] |  | "
513026484,http://www.fnx.co.il/sites/docs/genery/mediniut_ashkaa_tzfuia/pensia2019_update0719.xls,policy/companies/513026484/raw/513026484/7e27ce85fc30_pensia2019_update0719.xls,המנויים בסעיף 6 לחוזר גופים מוסדיים 2013 9 13 שעניינו כללי השקעה החלים על גופים,table,,,9.0,13.0,9.0,13.0,,,,,, |  | המנויים בסעיף 6 לחוזר גופים מוסדיים 2013-9-13 שעניינו כללי השקעה החלים על גופים |  | 
513026484,http://www.fnx.co.il/sites/docs/genery/mediniut_ashkaa_tzfuia/pensia2019.xls,policy/companies/513026484/raw/513026484/b5d99ba940df_pensia2019.xls,המנויים בסעיף 6 לחוזר גופים מוסדיים 2013 9 13 שעניינו כללי השקעה החלים על גופים,table,,,9.0,13.0,9.0,13.0,,,,,, |  | המנויים בסעיף 6 לחוזר גופים מוסדיים 2013-9-13 שעניינו כללי השקעה החלים על גופים |  | 
513026484,http://www.fnx.co.il/sites/docs/genery/mediniut_ashkaa_tzfuia/gemel2022.xls,policy/companies/513026484/raw/513026484/07a93191ba60_gemel2022.xls,הנפיקס גמל מתמחה מניות,table,,120.0,,,,,,,,,,"הנפיקס גמל מתמחה מניות | נכסי המסלול יהיו חשופים למניות בארץ ובחו""ל, בשיעור חשיפה שלא יפחת מ-75% ולא יעלה על 120% מנכסי המסלול. חשיפה לנכסים כאמור תושג באמצעות השקעה במישרין, בנגזרים, בתעודות סל, בקרנות נאמנות או בקרנות השקעה. יתרת הנכסים תושקע בכפוף להוראות הדין, ובכפוף לשיקול דעתה של ועדת ההשקעות. |  | 40%- מדד ת""א 125,  60%- MSCI WORLD AC | "
513026484,http://www.fnx.co.il/sites/docs/genery/mediniut_ashkaa_tzfuia/gemel-update042021.xls,policy/companies/513026484/raw/513026484/68ee6882768e_gemel-update042021.xls,הנפיקס גמל מתמחה מניות 961,table,,120.0,961.0,961.0,,,,,,,," | הנפיקס גמל מתמחה מניות - 961 | נכסי המסלול יהיו חשופים למניות בארץ ובחו""ל, בשיעור חשיפה שלא יפחת מ-75% ולא יעלה על 120% מנכסי המסלול. חשיפה לנכסים כאמור תושג באמצעות השקעה במישרין, בנגזרים, בתעודות סל, בקרנות נאמנות או בקרנות השקעה. יתרת הנכסים תושקע בכפוף להוראות הדין, ובכפוף לשיקול דעתה של ועדת ההשקעות. |  | 42%- מדד ת""א 125,  58%- MSCI WORLD AC"
513026484,http://www.fnx.co.il/sites/docs/genery/mediniut_ashkaa_tzfuia/pension2021_update0421.xls,policy/companies/513026484/raw/513026484/fbfc723ed218_pension2021_update0421.xls,העונים על התנאים המנויים בסעיף 6 ו לפרק 4 בחלק 2 בשער 5 לקודקס הרגולציה,table,,,6.0,6.0,6.0,6.0,,,,,, |  | [העונים על התנאים המנויים בסעיף 6(ו) לפרק 4 בחלק 2 בשער 5 לקודקס הרגולציה ]. | 0.8 | IBOXIG
513026484,http://www.fnx.co.il/sites/docs/genery/mediniut_ashkaa_tzfuia/gemelashkaa2021_update0421.xls,policy/companies/513026484/raw/513026484/7630f4ddef39_gemelashkaa2021_update0421.xls,העונים על התנאים המנויים בסעיף 6 ו לפרק 4 בחלק 2 בשער 5 לקודקס הרגולציה,table,6.0,6.0,6.0,6.0,,,,,,,, |  | [העונים על התנאים המנויים בסעיף 6(ו) לפרק 4 בחלק 2 בשער 5 לקודקס הרגולציה] | 0.08 | MSCI EM
513026484,http://www.fnx.co.il/sites/docs/genery/mediniut_ashkaa_tzfuia/gemelashkaa2021.xls,policy/companies/513026484/raw/513026484/da2d5d34906d_gemelashkaa2021.xls,העונים על התנאים המנויים בסעיף 6 ו לפרק 4 בחלק 2 בשער 5 לקודקס הרגולציה,table,6.0,6.0,6.0,6.0,,,,,,,, |  | [העונים על התנאים המנויים בסעיף 6(ו) לפרק 4 בחלק 2 בשער 5 לקודקס הרגולציה] | 0.08 | MSCI EM
513026484,http://www.fnx.co.il/sites/docs/genery/mediniut_ashkaa_tzfuia/gemelpolicychild_2021_update0421.xls,policy/companies/513026484/raw/513026484/78c233308547_gemelpolicychild_2021_update0421.xls,העונים על התנאים המנויים בסעיף 6 ו לפרק 4 בחלק 2 בשער 5 לקודקס הרגולציה,table,6.0,6.0,6.0,6.0,,,,,,,, |  | [העונים על התנאים המנויים בסעיף 6(ו) לפרק 4 בחלק 2 בשער 5 לקודקס הרגולציה] | 0.08 | MSCI EM
513026484,http://www.fnx.co.il/sites/docs/genery/mediniut_ashkaa_tzfuia/pension2021.xls,policy/companies/513026484/raw/513026484/95f7e73b8e62_pension2021.xls,העונים על התנאים המנויים בסעיף 6 ו לפרק 4 בחלק 2 בשער 5 לקודקס הרגולציה,table,,,6.0,6.0,6.0,6.0,,,,,, |  | [העונים על התנאים המנויים בסעיף 6(ו) לפרק 4 בחלק 2 בשער 5 לקודקס הרגולציה ]. | 0.8 | IBOXIG
513026484,http://www.fnx.co.il/sites/docs/genery/mediniut_ashkaa_tzfuia/pension2022-update11-22.xls,policy/companies/513026484/raw/513026484/c81d0f5ae3c7_pension2022-update11-22.xls,העונים על התנאים המנויים בסעיף 6 ו לפרק 4 בחלק 2 בשער 5 לקודקס הרגולציה,table,,,6.0,6.0,6.0,6.0,,,,,, | [העונים על התנאים המנויים בסעיף 6(ו) לפרק 4 בחלק 2 בשער 5 לקודקס הרגולציה ]. | 0.8 | IBOXIG | 
513026484,http://www.fnx.co.il/sites/docs/genery/mediniut_ashkaa_tzfuia/gemelashkaa2022.xls,policy/companies/513026484/raw/513026484/9ce80f2f9fd3_gemelashkaa2022.xls,העונים על התנאים המנויים בסעיף 6 ו לפרק 4 בחלק 2 בשער 5 לקודקס הרגולציה,table,6.0,6.0,6.0,6.0,,,,,,,, | [העונים על התנאים המנויים בסעיף 6(ו) לפרק 4 בחלק 2 בשער 5 לקודקס הרגולציה] | 0.09215999999999999 | SXXR | 
513026484,http://www.fnx.co.il/sites/docs/genery/mediniut_ashkaa_tzfuia/gemelpolicychild_2022.xls,policy/companies/513026484/raw/513026484/5cbd87a4b34f_gemelpolicychild_2022.xls,העונים על התנאים המנויים בסעיף 6 ו לפרק 4 בחלק 2 בשער 5 לקודקס הרגולציה,table,6.0,6.0,6.0,6.0,,,,,,,, | [העונים על התנאים המנויים בסעיף 6(ו) לפרק 4 בחלק 2 בשער 5 לקודקס הרגולציה] | 0.09215999999999999 | SXXR | 
513026484,http://www.fnx.co.il/sites/docs/genery/mediniut_ashkaa_tzfuia/pension2022.xls,policy/companies/513026484/raw/513026484/92884ec2d493_pension2022.xls,העונים על התנאים המנויים בסעיף 6 ו לפרק 4 בחלק 2 בשער 5 לקודקס הרגולציה,table,,,6.0,6.0,6.0,6.0,,,,,, | [העונים על התנאים המנויים בסעיף 6(ו) לפרק 4 בחלק 2 בשער 5 לקודקס הרגולציה ]. | 0.8 | IBOXIG | 
513026484,http://www.fnx.co.il/sites/docs/genery/mediniut_ashkaa_tzfuia/מדיניות השקעה צפויה לשנת 2020 - פנסיה-עדכון ספטמבר 2020.xls,policy/companies/513026484/raw/513026484/dfd3778b8def_מדיניות_השקעה_צפויה_לשנת_2020_-_פנסיה-עדכון_ספטמבר_2020.xls,העונים על התנאים המנויים בסעיף 6 ו לפרק 4 בחלק 2 בשער 5 לקודקס הרגולציה של רשות שוק ההון ביטוח וחיסכון שעניינו כללי השקעה,table,,,6.0,6.0,6.0,6.0,,,,,," |  | [העונים על התנאים המנויים בסעיף 6(ו) לפרק 4 בחלק 2 בשער 5 לקודקס הרגולציה של רשות שוק ההון, ביטוח וחיסכון שעניינו כללי השקעה]. | 0.8 | IBOXIG"
513026484,http://www.fnx.co.il/sites/docs/genery/mediniut_ashkaa_tzfuia/מדיניות השקעה צפויה לשנת 2020 -  ביטוח-עדכון ספטמבר 2020.xls,policy/companies/513026484/raw/513026484/7fdf97f1bafa_מדיניות_השקעה_צפויה_לשנת_2020_-__ביטוח-עדכון_ספטמבר_2020.xls,העונים על התנאים המנויים בסעיף 6 ו לפרק 4 בחלק 2 בשער 5 לקודקס הרגולציה של רשות שוק ההון ביטוח וחיסכון שעניינו כללי השקעה,table,,,6.0,6.0,6.0,6.0,,,,,," |  | [העונים על התנאים המנויים בסעיף 6(ו) לפרק 4 בחלק 2 בשער 5 לקודקס הרגולציה של רשות שוק ההון, ביטוח וחיסכון שעניינו כללי השקעה] | 0.8 | IBOXIG"
513026484,http://www.fnx.co.il/sites/docs/genery/mediniut_ashkaa_tzfuia/pension2020.xls,policy/companies/513026484/raw/513026484/80d3d8269950_pension2020.xls,העונים על התנאים המנויים בסעיף 6 ו לפרק 4 בחלק 2 בשער 5 לקודקס הרגולציה של רשות שוק ההון ביטוח וחיסכון שעניינו כללי השקעה,table,,,6.0,6.0,6.0,6.0,,,,,," |  | [העונים על התנאים המנויים בסעיף 6(ו) לפרק 4 בחלק 2 בשער 5 לקודקס הרגולציה של רשות שוק ההון, ביטוח וחיסכון שעניינו כללי השקעה]. | 0.8 | IBOXIG"
513026484,http://www.fnx.co.il/sites/docs/genery/mediniut_ashkaa_tzfuia/pension2020_update06.xls,policy/companies/513026484/raw/513026484/ae2ce03e23d2_pension2020_update06.xls,העונים על התנאים המנויים בסעיף 6 ו לפרק 4 בחלק 2 בשער 5 לקודקס הרגולציה של רשות שוק ההון ביטוח וחיסכון שעניינו כללי השקעה,table,,,6.0,6.0,6.0,6.0,,,,,," |  | [העונים על התנאים המנויים בסעיף 6(ו) לפרק 4 בחלק 2 בשער 5 לקודקס הרגולציה של רשות שוק ההון, ביטוח וחיסכון שעניינו כללי השקעה]. | 0.8 | IBOXIG"
513026484,http://www.fnx.co.il/sites/docs/genery/mediniut_ashkaa_tzfuia/pensia2019_update0719.xls,policy/companies/513026484/raw/513026484/7e27ce85fc30_pensia2019_update0719.xls,העונים על התנאים המנויים בסעיף 6 לחוזר גופים מוסדיים 2013 9 13 שעניינו כללי השקעה,table,,,9.0,13.0,9.0,13.0,,,,,, |  | [העונים על התנאים המנויים בסעיף 6 לחוזר גופים מוסדיים 2013-9-13 שעניינו כללי השקעה | 0.8 | IBOXIG
513026484,http://www.fnx.co.il/sites/docs/genery/mediniut_ashkaa_tzfuia/pensia2019.xls,policy/companies/513026484/raw/513026484/b5d99ba940df_pensia2019.xls,העונים על התנאים המנויים בסעיף 6 לחוזר גופים מוסדיים 2013 9 13 שעניינו כללי השקעה,table,,,9.0,13.0,9.0,13.0,,,,,, |  | [העונים על התנאים המנויים בסעיף 6 לחוזר גופים מוסדיים 2013-9-13 שעניינו כללי השקעה | 0.8 | IBOXIG
513026484,http://www.fnx.co.il/sites/docs/genery/mediniut_ashkaa_tzfuia/gemelashkaa2022.xls,policy/companies/513026484/raw/513026484/9ce80f2f9fd3_gemelashkaa2022.xls,הפניקס גמל להשקעה מחקה מדד S&P500,table,500.0,500.0,500.0,500.0,,,,,,,,"הפניקס גמל להשקעה מחקה מדד  S&P500 | נכסי המסלול יעקבו אחר מדד S&P500 בשיעור חשיפה של 100% מנכסי המסלול. נכסי המסלול העוקבים אחר המדד כמפורט לעיל יהיו כל נכסי המסלול למעט שיעור מהנכסים אשר יושקע במזומנים לצורך טיפול בהפקדות, משיכות והעברות כספים. | 1.0 | S&P500 | "
513026484,http://www.fnx.co.il/sites/docs/genery/mediniut_ashkaa_tzfuia/gemelashkaa2021_update0421.xls,policy/companies/513026484/raw/513026484/7630f4ddef39_gemelashkaa2021_update0421.xls,הפניקס גמל להשקעה מחקה מדד S&P500 13250,table,500.0,500.0,500.0,500.0,,,,,,,," | הפניקס גמל להשקעה מחקה מדד  S&P500  -    13250 | נכסי המסלול יעקבו אחר מדד S&P500 בשיעור חשיפה של 100% מנכסי המסלול. נכסי המסלול העוקבים אחר המדד כמפורט לעיל יהיו כל נכסי המסלול למעט שיעור מהנכסים אשר יושקע במזומנים לצורך טיפול בהפקדות, משיכות והעברות כספים. | 1.0 | S&P500"
513026484,http://www.fnx.co.il/sites/docs/genery/mediniut_ashkaa_tzfuia/gemelashkaa2022.xls,policy/companies/513026484/raw/513026484/9ce80f2f9fd3_gemelashkaa2022.xls,הפניקס גמל להשקעה מניות,table,,120.0,,120.0,,,,,,,,"הפניקס גמל להשקעה מניות | נכסי המסלול יהיו חשופים למניות בארץ ובחו""ל, בשיעור חשיפה שלא יפחת מ-75% ולא יעלה על 120% מנכסי המסלול. חשיפה לנכסים כאמור תושג באמצעות השקעה במישרין, בנגזרים, בתעודות סל, בקרנות נאמנות או בקרנות השקעה. יתרת הנכסים תושקע בכפוף להוראות הדין, ובכפוף לשיקול דעתה של ועדת ההשקעות. |  | 40%- מדד ת""א 125,  60%- MSCI WORLD AC | "
513026484,http://www.fnx.co.il/sites/docs/genery/mediniut_ashkaa_tzfuia/gemelashkaa2021_update0421.xls,policy/companies/513026484/raw/513026484/7630f4ddef39_gemelashkaa2021_update0421.xls,הפניקס גמל להשקעה מניות 7975***,table,,120.0,,120.0,,,,,,,," | הפניקס גמל להשקעה מניות-7975*** | נכסי המסלול יהיו חשופים למניות בארץ ובחו""ל, בשיעור חשיפה שלא יפחת מ-75% ולא יעלה על 120% מנכסי המסלול. חשיפה לנכסים כאמור תושג באמצעות השקעה במישרין, בנגזרים, בתעודות סל, בקרנות נאמנות או בקרנות השקעה. יתרת הנכסים תושקע בכפוף להוראות הדין, ובכפוף לשיקול דעתה של ועדת ההשקעות. |  | 42%- מדד ת""א 125,  58%- MSCI WORLD AC"
513026484,http://www.fnx.co.il/sites/docs/genery/mediniut_ashkaa_tzfuia/gemelashkaa2022.xls,policy/companies/513026484/raw/513026484/9ce80f2f9fd3_gemelashkaa2022.xls,הפניקס גמל להשקעה שקלי טווח קצר,table,,120.0,,120.0,,,,,,,,"הפניקס גמל להשקעה שקלי טווח קצר | נכסי המסלול יהיו חשופים לנכסים הבאים, שאינם צמודים : פקדונות שקליים, מלוות ממשלתיות, הלוואות שקליות ואג""ח שקליות סחירות ושאינן סחירות, בשיעור חשיפה שלא יפחת מ-75% ולא יעלה על 120% מנכסי המסלול. נכסי המסלול יהיו חשופים לנכסים המפורטים לעיל שמשך החיים הממוצע שלהם אינו עולה על שנה. חשיפה לנכסים כאמור תושג באמצעות השקעה במישרין, בנגזרים, בתעודות סל, בקרנות נאמנות או ב"
513026484,http://www.fnx.co.il/sites/docs/genery/mediniut_ashkaa_tzfuia/gemelashkaa2021_update0421.xls,policy/companies/513026484/raw/513026484/7630f4ddef39_gemelashkaa2021_update0421.xls,הפניקס גמל להשקעה שקלי טווח קצר 13209,table,,120.0,,120.0,,,,,,,," | הפניקס גמל להשקעה שקלי טווח קצר -13209 | נכסי המסלול יהיו חשופים לנכסים הבאים, שאינם צמודים : פקדונות שקליים, מלוות ממשלתיות, הלוואות שקליות ואג""ח שקליות סחירות ושאינן סחירות, בשיעור חשיפה שלא יפחת מ-75% ולא יעלה על 120% מנכסי המסלול. נכסי המסלול יהיו חשופים לנכסים המפורטים לעיל שמשך החיים הממוצע שלהם אינו עולה על שנה. חשיפה לנכסים כאמור תושג באמצעות השקעה במישרין, בנגזרים, בתעודות סל, בקרנות נ"
513026484,http://www.fnx.co.il/sites/docs/genery/mediniut_ashkaa_tzfuia/gemel2022.xls,policy/companies/513026484/raw/513026484/07a93191ba60_gemel2022.xls,הפניקס גמל מחקה מדד S&P500,table,500.0,500.0,500.0,500.0,,,,,,,,"הפניקס גמל מחקה מדד S&P500 | נכסי המסלול יעקבו אחר מדד S&P500 בשיעור חשיפה של 100% מנכסי המסלול. נכסי המסלול העוקבים אחר המדד כמפורט לעיל יהיו כל נכסי המסלול למעט שיעור מהנכסים אשר יושקע במזומנים לצורך טיפול בהפקדות, משיכות והעברות כספים. | 1.0 | S&P500 | "
513026484,http://www.fnx.co.il/sites/docs/genery/mediniut_ashkaa_tzfuia/gemel-update042021.xls,policy/companies/513026484/raw/513026484/68ee6882768e_gemel-update042021.xls,הפניקס גמל מחקה מדד S&P500 13263,table,500.0,500.0,132.0,500.0,,,,,,,," | הפניקס גמל מחקה מדד S&P500 -                        13263 | נכסי המסלול יעקבו אחר מדד S&P500 בשיעור חשיפה של 100% מנכסי המסלול. נכסי המסלול העוקבים אחר המדד כמפורט לעיל יהיו כל נכסי המסלול למעט שיעור מהנכסים אשר יושקע במזומנים לצורך טיפול בהפקדות, משיכות והעברות כספים. | 1.0 | S&P500"
513026484,http://www.fnx.co.il/sites/docs/genery/mediniut_ashkaa_tzfuia/gemel2022.xls,policy/companies/513026484/raw/513026484/07a93191ba60_gemel2022.xls,הפניקס גמל שקלי טווח קצר,table,,120.0,,,,,,,,,,"הפניקס גמל שקלי טווח קצר | נכסי המסלול יהיו חשופים לנכסים הבאים, שאינם צמודים : פקדונות שקליים, מלוות ממשלתיות, הלוואות שקליות ואג""ח שקליות סחירות ושאינן סחירות, בשיעור חשיפה שלא יפחת מ-75% ולא יעלה על 120% מנכסי המסלול. נכסי המסלול יהיו חשופים לנכסים המפורטים לעיל שמשך החיים הממוצע שלהם אינו עולה על שנה. חשיפה לנכסים כאמור תושג באמצעות השקעה במישרין, בנגזרים, בתעודות סל, בקרנות נאמנות או בקרנות ה"
513026484,http://www.fnx.co.il/sites/docs/genery/mediniut_ashkaa_tzfuia/gemel-update042021.xls,policy/companies/513026484/raw/513026484/68ee6882768e_gemel-update042021.xls,הפניקס גמל שקלי טווח קצר 9906,table,,120.0,990.0,990.0,,,,,,,," | הפניקס גמל שקלי טווח קצר - 9906 | נכסי המסלול יהיו חשופים לנכסים הבאים, שאינם צמודים : פקדונות שקליים, מלוות ממשלתיות, הלוואות שקליות ואג""ח שקליות סחירות ושאינן סחירות, בשיעור חשיפה שלא יפחת מ-75% ולא יעלה על 120% מנכסי המסלול. נכסי המסלול יהיו חשופים לנכסים המפורטים לעיל שמשך החיים הממוצע שלהם אינו עולה על שנה. חשיפה לנכסים כאמור תושג באמצעות השקעה במישרין, בנגזרים, בתעודות סל, בקרנות נאמנות א"
513026484,http://www.fnx.co.il/sites/docs/genery/mediniut_ashkaa_tzfuia/gemel-update042021.xls,policy/companies/513026484/raw/513026484/68ee6882768e_gemel-update042021.xls,הפניקס גמל שריעה 2049***,table,,,204.0,204.0,,,,,,,, | הפניקס גמל שריעה-2049*** | נכסי המסלול יהיו חשופים לנכסים מסוגים שונים בכפוף להוראות הדין ובכפוף לכללי השריעה האסלאמית בלבד. ההשקעות במסלול תהיינה בסמכותה ובאחריותה הבלעדית של ועדת ההשקעות והחברה המנהלת תהיה חייבת לפעול בנאמנות על פי העמיתים במסלול זה. השאת התשואה במסלול מוגבלת בכך שההשקעות בו כפופות לכללי השריעה האסלאמית | 0.24 | S&P500
513026484,http://www.fnx.co.il/sites/docs/genery/mediniut_ashkaa_tzfuia/gemel2022.xls,policy/companies/513026484/raw/513026484/07a93191ba60_gemel2022.xls,הפניקס השתלמות אג ח ללא מניות,table,,,,120.0,,120.0,,,,,,"הפניקס השתלמות אג''ח ללא מניות | מסחריים, הלוואות שאינן סחירות, אג""ח להמרה ופקדונות, בשיעור חשיפה שלא יפחת מ-75% ולא יעלה על 120% מנכסי המסלול. חשיפה למניות תהיה בשיעור של 0% מנכסי המסלול. על אף האמור לעיל, מובהר כי נכסי המסלול עשויים להיות חשופים למניות או נגזרים למניות לדוגמא במקרה של מניות המתקבלות אגב מימוש שעבוד של מניות שהיוו בטוחה למחזיקי אגרות החוב, מניות שמתקבלות אגב הסדר חוב, עסקאות החלף"
513026484,http://www.fnx.co.il/sites/docs/genery/mediniut_ashkaa_tzfuia/gemel-update042021.xls,policy/companies/513026484/raw/513026484/68ee6882768e_gemel-update042021.xls,הפניקס השתלמות אג ח ללא מניות 716,table,,,,120.0,,120.0,,,,,," | הפניקס השתלמות אג''ח ללא מניות -716 | מסחריים, הלוואות שאינן סחירות, אג""ח להמרה ופקדונות, בשיעור חשיפה שלא יפחת מ-75% ולא יעלה על 120% מנכסי המסלול. חשיפה למניות תהיה בשיעור של 0% מנכסי המסלול. על אף האמור לעיל, מובהר כי נכסי המסלול עשויים להיות חשופים למניות או נגזרים למניות לדוגמא במקרה של מניות המתקבלות אגב מימוש שעבוד של מניות שהיוו בטוחה למחזיקי אגרות החוב, מניות שמתקבלות אגב הסדר חוב, עסק"
513026484,http://www.fnx.co.il/sites/docs/genery/mediniut_ashkaa_tzfuia/gemel2022.xls,policy/companies/513026484/raw/513026484/07a93191ba60_gemel2022.xls,הפניקס השתלמות מחקה מדד S&P500,table,,,500.0,500.0,500.0,500.0,,,,,,"הפניקס השתלמות מחקה מדד S&P500 - | נכסי המסלול יעקבו אחר מדד S&P500 בשיעור חשיפה של 100% מנכסי המסלול. נכסי המסלול העוקבים אחר המדד כמפורט לעיל יהיו כל נכסי המסלול למעט שיעור מהנכסים אשר יושקע במזומנים לצורך טיפול בהפקדות, משיכות והעברות כספים. | 1.0 | S&P500 | "
513026484,http://www.fnx.co.il/sites/docs/genery/mediniut_ashkaa_tzfuia/gemel-update042021.xls,policy/companies/513026484/raw/513026484/68ee6882768e_gemel-update042021.xls,הפניקס השתלמות מחקה מדד S&P500 13264,table,,,500.0,500.0,500.0,500.0,,,,,," | הפניקס השתלמות מחקה מדד S&P500 -               13264 | נכסי המסלול יעקבו אחר מדד S&P500 בשיעור חשיפה של 100% מנכסי המסלול. נכסי המסלול העוקבים אחר המדד כמפורט לעיל יהיו כל נכסי המסלול למעט שיעור מהנכסים אשר יושקע במזומנים לצורך טיפול בהפקדות, משיכות והעברות כספים. | 1.0 | S&P500"
513026484,http://www.fnx.co.il/sites/docs/genery/mediniut_ashkaa_tzfuia/gemel2022.xls,policy/companies/513026484/raw/513026484/07a93191ba60_gemel2022.xls,הפניקס השתלמות מניות,table,,,,120.0,,120.0,,,,,,"הפניקס השתלמות מניות | נכסי המסלול יהיו חשופים למניות בארץ ובחו""ל, בשיעור חשיפה שלא יפחת מ-75% ולא יעלה על 120% מנכסי המסלול. חשיפה לנכסים כאמור תושג באמצעות השקעה במישרין, בנגזרים, בתעודות סל, בקרנות נאמנות או בקרנות השקעה. יתרת הנכסים תושקע בכפוף להוראות הדין, ובכפוף לשיקול דעתה של ועדת ההשקעות. |  | 40%- מדד ת""א 125,  60%- MSCI WORLD AC | "
513026484,http://www.fnx.co.il/sites/docs/genery/mediniut_ashkaa_tzfuia/gemel-update042021.xls,policy/companies/513026484/raw/513026484/68ee6882768e_gemel-update042021.xls,הפניקס השתלמות מניות 968,table,,,,120.0,,120.0,,,,,," | הפניקס השתלמות מניות - 968 | נכסי המסלול יהיו חשופים למניות בארץ ובחו""ל, בשיעור חשיפה שלא יפחת מ-75% ולא יעלה על 120% מנכסי המסלול. חשיפה לנכסים כאמור תושג באמצעות השקעה במישרין, בנגזרים, בתעודות סל, בקרנות נאמנות או בקרנות השקעה. יתרת הנכסים תושקע בכפוף להוראות הדין, ובכפוף לשיקול דעתה של ועדת ההשקעות. |  | 42%- מדד ת""א 125,  58%- MSCI WORLD AC"
513026484,http://www.fnx.co.il/sites/docs/genery/mediniut_ashkaa_tzfuia/gemel2022.xls,policy/companies/513026484/raw/513026484/07a93191ba60_gemel2022.xls,הפניקס השתלמות שקלי טווח קצר,table,,,,120.0,,120.0,,,,,,"הפניקס השתלמות שקלי טווח קצר - | נכסי המסלול יהיו חשופים לנכסים הבאים, שאינם צמודים : פקדונות שקליים, מלוות ממשלתיות, הלוואות שקליות ואג""ח שקליות סחירות ושאינן סחירות, בשיעור חשיפה שלא יפחת מ-75% ולא יעלה על 120% מנכסי המסלול. נכסי המסלול יהיו חשופים לנכסים המפורטים לעיל שמשך החיים הממוצע שלהם אינו עולה על שנה. חשיפה לנכסים כאמור תושג באמצעות השקעה במישרין, בנגזרים, בתעודות סל, בקרנות נאמנות או בק"
513026484,http://www.fnx.co.il/sites/docs/genery/mediniut_ashkaa_tzfuia/gemel-update042021.xls,policy/companies/513026484/raw/513026484/68ee6882768e_gemel-update042021.xls,הפניקס השתלמות שקלי טווח קצר 715,table,,,,120.0,,120.0,,,,,," | הפניקס השתלמות שקלי טווח קצר - 715 | נכסי המסלול יהיו חשופים לנכסים הבאים, שאינם צמודים : פקדונות שקליים, מלוות ממשלתיות, הלוואות שקליות ואג""ח שקליות סחירות ושאינן סחירות, בשיעור חשיפה שלא יפחת מ-75% ולא יעלה על 120% מנכסי המסלול. נכסי המסלול יהיו חשופים לנכסים המפורטים לעיל שמשך החיים הממוצע שלהם אינו עולה על שנה. חשיפה לנכסים כאמור תושג באמצעות השקעה במישרין, בנגזרים, בתעודות סל, בקרנות נאמנו"
513026484,http://www.fnx.co.il/sites/docs/genery/mediniut_ashkaa_tzfuia/gemel-update042021.xls,policy/companies/513026484/raw/513026484/68ee6882768e_gemel-update042021.xls,הפניקס מרכזית לפיצויים מחקה מדדי מניות 804,table,804.0,804.0,804.0,804.0,,,,,,,," | הפניקס מרכזית לפיצויים מחקה מדדי מניות - 804 | יתרת הנכסים, למעט שיעור מהנכסים אשר יושקע במזומנים לצורך | 0.06 | TPX"
513026484,http://www.fnx.co.il/sites/docs/genery/mediniut_ashkaa_tzfuia/gemel-update042021.xls,policy/companies/513026484/raw/513026484/68ee6882768e_gemel-update042021.xls,הפניקס מרכזית לפיצויים צמוד מדד 806,table,806.0,806.0,806.0,806.0,,,,,,,, | הפניקס מרכזית לפיצויים צמוד מדד - 806 | במסלול זה יושקעו לא פחות מ-75% מנכסי המסלול באפיקים צמודי מדד. יתרת נכסי המסלול | 0.13 | תל בונד כללי
513026484,http://www.fnx.co.il/sites/docs/genery/mediniut_ashkaa_tzfuia/gemel-update042021.xls,policy/companies/513026484/raw/513026484/68ee6882768e_gemel-update042021.xls,הפניקס מרכזית לפיצויים שקלי 801,table,801.0,801.0,801.0,801.0,,,,,,,," | הפניקס מרכזית לפיצויים שקלי - 801 | נכסי המסלול שלא יושקעו בנכסים שקליים, ככל שישנה, תושקע על פי שיקול דעת החברה | 0.1 | מדד תל בונד שקלי"
513026484,http://www.fnx.co.il/sites/docs/genery/mediniut_ashkaa_tzfuia/gemel-update042021.xls,policy/companies/513026484/raw/513026484/68ee6882768e_gemel-update042021.xls,הפניקס מרכזית לפיצויים שקלי קצר 9475,table,947.0,947.0,947.0,947.0,,,,,,,," | הפניקס מרכזית לפיצויים שקלי קצר - 9475 | משוקלל עד שנתיים. יתרת נכסי המסלול שלא יושקעו בנכסים שקליים, ככל שישנה, תושקע | 0.1 | מדד תל בונד שקלי"
513026484,http://www.fnx.co.il/sites/docs/genery/mediniut_ashkaa_tzfuia/gemel-update022021.xls,policy/companies/513026484/raw/513026484/8b6d6ab62767_gemel-update022021.xls,השקעה במישרין והן באמצעות השקעה בנגזרים בתעודות סל בקרנות נאמנות או בקרנות,table,,,,20.0,,,,,,,," | אקסלנס גמל אג""ח עד 20% מניות - 2089 | השקעה במישרין והן באמצעות השקעה בנגזרים, בתעודות סל, בקרנות נאמנות או בקרנות | 0.07 | IBOXX IG"
513026484,http://www.fnx.co.il/sites/docs/genery/mediniut_ashkaa_tzfuia/gemel2021.xls,policy/companies/513026484/raw/513026484/660eab30ed1a_gemel2021.xls,השקעה במישרין והן באמצעות השקעה בנגזרים בתעודות סל בקרנות נאמנות או בקרנות,table,,,,20.0,,,,,,,," | אקסלנס גמל אג""ח עד 20% מניות - 2089 | השקעה במישרין והן באמצעות השקעה בנגזרים, בתעודות סל, בקרנות נאמנות או בקרנות | 0.07 | IBOXX IG"
513026484,http://www.fnx.co.il/sites/docs/genery/mediniut_ashkaa_tzfuia/policychild_2019_update0719.xls,policy/companies/513026484/raw/513026484/31b74032a16e_policychild_2019_update0719.xls,התנאים המנויים בסעיף 6 לחוזר גופים מוסדיים 2013 9 13 שעניינו כללי השקעה,table,,,9.0,13.0,9.0,13.0,,,,,, |  | התנאים המנויים בסעיף 6 לחוזר גופים מוסדיים 2013-9-13  שעניינו כללי  השקעה | 0.07 | MSCI EM
513026484,http://www.fnx.co.il/sites/docs/genery/mediniut_ashkaa_tzfuia/policychild_2019.xls,policy/companies/513026484/raw/513026484/c23f9fa3358c_policychild_2019.xls,התנאים המנויים בסעיף 6 לחוזר גופים מוסדיים 2013 9 13 שעניינו כללי השקעה,table,,,9.0,13.0,9.0,13.0,,,,,, |  | התנאים המנויים בסעיף 6 לחוזר גופים מוסדיים 2013-9-13  שעניינו כללי  השקעה | 0.07 | MSCI EM
513026484,http://www.fnx.co.il/sites/docs/genery/mediniut_ashkaa_tzfuia/gemel2019_update0919.xls,policy/companies/513026484/raw/513026484/e542f3d418c9_gemel2019_update0919.xls,התנאים המנויים בסעיף 6 לחוזר גופים מוסדיים 2013 9 13 שעניינו כללי השקעה,table,,,9.0,13.0,9.0,13.0,,,,,, |  | התנאים המנויים בסעיף 6 לחוזר גופים מוסדיים 2013-9-13  שעניינו כללי  השקעה | 0.07 | MSCI EM
513026484,http://www.fnx.co.il/sites/docs/genery/mediniut_ashkaa_tzfuia/gemel2019_update0719.xls,policy/companies/513026484/raw/513026484/04e93db51529_gemel2019_update0719.xls,התנאים המנויים בסעיף 6 לחוזר גופים מוסדיים 2013 9 13 שעניינו כללי השקעה,table,,,9.0,13.0,9.0,13.0,,,,,, |  | התנאים המנויים בסעיף 6 לחוזר גופים מוסדיים 2013-9-13  שעניינו כללי  השקעה | 0.07 | MSCI EM
513026484,http://www.fnx.co.il/sites/docs/genery/mediniut_ashkaa_tzfuia/gemel2019.xls,policy/companies/513026484/raw/513026484/e353e49ff159_gemel2019.xls,התנאים המנויים בסעיף 6 לחוזר גופים מוסדיים 2013 9 13 שעניינו כללי השקעה,table,,,9.0,13.0,9.0,13.0,,,,,, |  | התנאים המנויים בסעיף 6 לחוזר גופים מוסדיים 2013-9-13  שעניינו כללי  השקעה | 0.07 | MSCI EM
513026484,http://www.fnx.co.il/sites/docs/genery/mediniut_ashkaa_tzfuia/gemel2019_update0919.xls,policy/companies/513026484/raw/513026484/e542f3d418c9_gemel2019_update0919.xls,התנאים המנויים בסעיף 6 לחוזר גופים מוסדיים 2013 9 13 שעניינו כללי השקעה החלים על,table,,,9.0,13.0,9.0,13.0,,,,,, |  | התנאים המנויים בסעיף 6 לחוזר גופים מוסדיים 2013-9-13 שעניינו כללי השקעה החלים על | 0.025 | AT1 BBJCTRUU / IBXXC1D1
513026484,http://www.fnx.co.il/sites/docs/genery/mediniut_ashkaa_tzfuia/gemel2019_update0719.xls,policy/companies/513026484/raw/513026484/04e93db51529_gemel2019_update0719.xls,התנאים המנויים בסעיף 6 לחוזר גופים מוסדיים 2013 9 13 שעניינו כללי השקעה החלים על,table,,,9.0,13.0,9.0,13.0,,,,,, |  | התנאים המנויים בסעיף 6 לחוזר גופים מוסדיים 2013-9-13 שעניינו כללי השקעה החלים על | 0.025 | AT1 BBJCTRUU / IBXXC1D1
513026484,http://www.fnx.co.il/sites/docs/genery/mediniut_ashkaa_tzfuia/gemel2019.xls,policy/companies/513026484/raw/513026484/e353e49ff159_gemel2019.xls,התנאים המנויים בסעיף 6 לחוזר גופים מוסדיים 2013 9 13 שעניינו כללי השקעה החלים על,table,,,9.0,13.0,9.0,13.0,,,,,, |  | התנאים המנויים בסעיף 6 לחוזר גופים מוסדיים 2013-9-13 שעניינו כללי השקעה החלים על | 0.025 | AT1 BBJCTRUU / IBXXC1D1
513026484,http://www.fnx.co.il/sites/docs/genery/mediniut_ashkaa_tzfuia/gemelpolicyghild_2020_update06.xls,policy/companies/513026484/raw/513026484/a921f3507ae0_gemelpolicyghild_2020_update06.xls,התנאים המנויים בסעיף6 ו לפרק 4 בחלק 2 בשער 5 לקודקס הרגולציה של רשות שוק ההון ביטוח וחיסכון שעניינו כללי השקעה,table,,,6.0,6.0,6.0,6.0,,,,,," |  | התנאים המנויים בסעיף6(ו) לפרק 4 בחלק 2 בשער 5 לקודקס הרגולציה של רשות שוק ההון, ביטוח וחיסכון שעניינו כללי השקעה] | 0.06 | MSCI EM"
513026484,http://www.fnx.co.il/sites/docs/genery/mediniut_ashkaa_tzfuia/gemelpolicychild_2020.xls,policy/companies/513026484/raw/513026484/1f3637f67f11_gemelpolicychild_2020.xls,התנאים המנויים בסעיף6 ו לפרק 4 בחלק 2 בשער 5 לקודקס הרגולציה של רשות שוק ההון ביטוח וחיסכון שעניינו כללי השקעה,table,,,6.0,6.0,6.0,6.0,,,,,," |  | התנאים המנויים בסעיף6(ו) לפרק 4 בחלק 2 בשער 5 לקודקס הרגולציה של רשות שוק ההון, ביטוח וחיסכון שעניינו כללי השקעה] | 0.06 | MSCI EM"
513026484,http://www.fnx.co.il/sites/docs/genery/mediniut_ashkaa_tzfuia/gemel2020_update06.xls,policy/companies/513026484/raw/513026484/9a8c9561dc51_gemel2020_update06.xls,והעברות כספים תושקע במדדי מניות העונים על התנאים המנויים בסעיף 6 ו לפרק 4 בחלק 2 בשער 5 לקודקס הרגולציה של רשות שוק ההון ביטוח וחיסכון שעניינו כללי השקעה,table,,,6.0,6.0,6.0,6.0,,,,,," |  | והעברות כספים, תושקע במדדי מניות [העונים על התנאים המנויים בסעיף 6(ו) לפרק 4 בחלק 2 בשער 5 לקודקס הרגולציה של רשות שוק ההון ביטוח וחיסכון שעניינו כללי השקעה] | 0.01 | EMLC JGENVUUG"
513026484,http://www.fnx.co.il/sites/docs/genery/mediniut_ashkaa_tzfuia/mediniut_ashkaa_tzfuia_gemel_01.10.2020.xls,policy/companies/513026484/raw/513026484/1a0f084dcc33_mediniut_ashkaa_tzfuia_gemel_01.10.2020.xls,והעברות כספים תושקע במדדי מניות העונים על התנאים המנויים בסעיף 6 ו לפרק 4 בחלק 2 בשער 5 לקודקס הרגולציה של רשות שוק ההון ביטוח וחיסכון שעניינו כללי השקעה,table,,,6.0,6.0,6.0,6.0,,,,,," |  | והעברות כספים, תושקע במדדי מניות [העונים על התנאים המנויים בסעיף 6(ו) לפרק 4 בחלק 2 בשער 5 לקודקס הרגולציה של רשות שוק ההון ביטוח וחיסכון שעניינו כללי השקעה] | 0.01 | EMLC JGENVUUG"
513026484,http://www.fnx.co.il/sites/docs/genery/mediniut_ashkaa_tzfuia/gemel2020.xls,policy/companies/513026484/raw/513026484/2de01efeedd8_gemel2020.xls,והעברות כספים תושקע במדדי מניות העונים על התנאים המנויים בסעיף 6 ו לפרק 4 בחלק 2 בשער 5 לקודקס הרגולציה של רשות שוק ההון ביטוח וחיסכון שעניינו כללי השקעה,table,,,6.0,6.0,6.0,6.0,,,,,," |  | והעברות כספים, תושקע במדדי מניות [העונים על התנאים המנויים בסעיף 6(ו) לפרק 4 בחלק 2 בשער 5 לקודקס הרגולציה של רשות שוק ההון ביטוח וחיסכון שעניינו כללי השקעה] | 0.01 | EMLC JGENVUUG"
513026484,http://www.fnx.co.il/sites/docs/genery/mediniut_ashkaa_tzfuia/gemelpolicyghild_2020_update06.xls,policy/companies/513026484/raw/513026484/a921f3507ae0_gemelpolicyghild_2020_update06.xls,והעברות כספים תושקע במדדים שונים העונים על התנאים המנויים בסעיף 6 לחוזר גופים,table,,,6.0,6.0,6.0,6.0,,,,,," |  | והעברות כספים, תושקע במדדים שונים [העונים על התנאים המנויים בסעיף 6 לחוזר גופים | 0.39 | תל אביב 125"
513026484,http://www.fnx.co.il/sites/docs/genery/mediniut_ashkaa_tzfuia/gemelashkaa2020_update0620.xls,policy/companies/513026484/raw/513026484/459ae97b1bb5_gemelashkaa2020_update0620.xls,והעברות כספים תושקע במדדים שונים העונים על התנאים המנויים בסעיף 6 לחוזר גופים,table,,,6.0,6.0,6.0,6.0,,,,,," |  | והעברות כספים, תושקע במדדים שונים [העונים על התנאים המנויים בסעיף 6 לחוזר גופים | 0.02 | ת""א SME60"
513026484,http://www.fnx.co.il/sites/docs/genery/mediniut_ashkaa_tzfuia/gemelashkaa2020_update0420.xls,policy/companies/513026484/raw/513026484/5aa9781fcccb_gemelashkaa2020_update0420.xls,והעברות כספים תושקע במדדים שונים העונים על התנאים המנויים בסעיף 6 לחוזר גופים,table,,,6.0,6.0,6.0,6.0,,,,,," |  | והעברות כספים, תושקע במדדים שונים [העונים על התנאים המנויים בסעיף 6 לחוזר גופים | 0.02 | ת""א SME60"
513026484,http://www.fnx.co.il/sites/docs/genery/mediniut_ashkaa_tzfuia/gemelashkaa2020.xls,policy/companies/513026484/raw/513026484/29fd4fe237dd_gemelashkaa2020.xls,והעברות כספים תושקע במדדים שונים העונים על התנאים המנויים בסעיף 6 לחוזר גופים,table,,,6.0,6.0,6.0,6.0,,,,,," |  | והעברות כספים, תושקע במדדים שונים [העונים על התנאים המנויים בסעיף 6 לחוזר גופים | 0.02 | ת""א SME60"
513026484,http://www.fnx.co.il/sites/docs/genery/mediniut_ashkaa_tzfuia/gemelpolicychild_2020.xls,policy/companies/513026484/raw/513026484/1f3637f67f11_gemelpolicychild_2020.xls,והעברות כספים תושקע במדדים שונים העונים על התנאים המנויים בסעיף 6 לחוזר גופים,table,,,6.0,6.0,6.0,6.0,,,,,," |  | והעברות כספים, תושקע במדדים שונים [העונים על התנאים המנויים בסעיף 6 לחוזר גופים | 0.39 | תל אביב 125"
513026484,http://www.fnx.co.il/sites/docs/genery/mediniut_ashkaa_tzfuia/gemelgeneral2019_update0719.xls,policy/companies/513026484/raw/513026484/d7279819ccd6_gemelgeneral2019_update0719.xls,והעברות כספים תושקע במדדים שונים העונים על התנאים המנויים בסעיף 6 לחוזר גופים,table,,,6.0,6.0,6.0,6.0,,,,,," |  | והעברות כספים, תושקע במדדים שונים [העונים על התנאים המנויים בסעיף 6 לחוזר גופים | 0.015 | ת""א SME60"
513026484,http://www.fnx.co.il/sites/docs/genery/mediniut_ashkaa_tzfuia/gemelgeneral2019.xls,policy/companies/513026484/raw/513026484/a4e76debf7c8_gemelgeneral2019.xls,והעברות כספים תושקע במדדים שונים העונים על התנאים המנויים בסעיף 6 לחוזר גופים,table,,,6.0,6.0,6.0,6.0,,,,,," |  | והעברות כספים, תושקע במדדים שונים [העונים על התנאים המנויים בסעיף 6 לחוזר גופים | 0.015 | ת""א SME60"
513026484,http://www.fnx.co.il/sites/docs/genery/mediniut_ashkaa_tzfuia/policychild_2019_update0719.xls,policy/companies/513026484/raw/513026484/31b74032a16e_policychild_2019_update0719.xls,והעברות כספים תושקע במדדים שונים העונים על התנאים המנויים בסעיף 6 לחוזר גופים,table,,,6.0,6.0,6.0,6.0,,,,,," |  | והעברות כספים, תושקע במדדים שונים [העונים על התנאים המנויים בסעיף 6 לחוזר גופים | 0.015 | ת""א SME60"
513026484,http://www.fnx.co.il/sites/docs/genery/mediniut_ashkaa_tzfuia/policychild_2019.xls,policy/companies/513026484/raw/513026484/c23f9fa3358c_policychild_2019.xls,והעברות כספים תושקע במדדים שונים העונים על התנאים המנויים בסעיף 6 לחוזר גופים,table,,,6.0,6.0,6.0,6.0,,,,,," |  | והעברות כספים, תושקע במדדים שונים [העונים על התנאים המנויים בסעיף 6 לחוזר גופים | 0.015 | ת""א SME60"
513026484,http://www.fnx.co.il/sites/docs/genery/mediniut_ashkaa_tzfuia/gemel2019_update0919.xls,policy/companies/513026484/raw/513026484/e542f3d418c9_gemel2019_update0919.xls,והעברות כספים תושקע במדדים שונים העונים על התנאים המנויים בסעיף 6 לחוזר גופים,table,,,6.0,6.0,6.0,6.0,,,,,," |  | והעברות כספים, תושקע במדדים שונים [העונים על התנאים המנויים בסעיף 6 לחוזר גופים | 0.015 | ת""א SME60"
513026484,http://www.fnx.co.il/sites/docs/genery/mediniut_ashkaa_tzfuia/pensia2019_update0719.xls,policy/companies/513026484/raw/513026484/7e27ce85fc30_pensia2019_update0719.xls,והעברות כספים תושקע במדדים שונים העונים על התנאים המנויים בסעיף 6 לחוזר גופים,table,,,6.0,6.0,6.0,6.0,,,,,," |  | והעברות כספים, תושקע במדדים שונים [העונים על התנאים המנויים בסעיף 6 לחוזר גופים |  | "
513026484,http://www.fnx.co.il/sites/docs/genery/mediniut_ashkaa_tzfuia/gemel2019_update0719.xls,policy/companies/513026484/raw/513026484/04e93db51529_gemel2019_update0719.xls,והעברות כספים תושקע במדדים שונים העונים על התנאים המנויים בסעיף 6 לחוזר גופים,table,,,6.0,6.0,6.0,6.0,,,,,," |  | והעברות כספים, תושקע במדדים שונים [העונים על התנאים המנויים בסעיף 6 לחוזר גופים | 0.015 | ת""א SME60"
513026484,http://www.fnx.co.il/sites/docs/genery/mediniut_ashkaa_tzfuia/pensia2019.xls,policy/companies/513026484/raw/513026484/b5d99ba940df_pensia2019.xls,והעברות כספים תושקע במדדים שונים העונים על התנאים המנויים בסעיף 6 לחוזר גופים,table,,,6.0,6.0,6.0,6.0,,,,,," |  | והעברות כספים, תושקע במדדים שונים [העונים על התנאים המנויים בסעיף 6 לחוזר גופים |  | "
513026484,http://www.fnx.co.il/sites/docs/genery/mediniut_ashkaa_tzfuia/gemel2019.xls,policy/companies/513026484/raw/513026484/e353e49ff159_gemel2019.xls,והעברות כספים תושקע במדדים שונים העונים על התנאים המנויים בסעיף 6 לחוזר גופים,table,,,6.0,6.0,6.0,6.0,,,,,," |  | והעברות כספים, תושקע במדדים שונים [העונים על התנאים המנויים בסעיף 6 לחוזר גופים | 0.015 | ת""א SME60"
513026484,http://www.fnx.co.il/sites/docs/genery/mediniut_ashkaa_tzfuia/מדיניות השקעה צפויה לשנת 2020 - פנסיה-עדכון ספטמבר 2020.xls,policy/companies/513026484/raw/513026484/dfd3778b8def_מדיניות_השקעה_צפויה_לשנת_2020_-_פנסיה-עדכון_ספטמבר_2020.xls,חדשה התשע ז 2017 והחוזרים מכוחן,table,,,201.0,201.0,201.0,201.0,,,,,," |  | חדשה) התשע""ז 2017 והחוזרים מכוחן. | 0.05 | מזומן / פח""ק"
513026484,http://www.fnx.co.il/sites/docs/genery/mediniut_ashkaa_tzfuia/pension2020.xls,policy/companies/513026484/raw/513026484/80d3d8269950_pension2020.xls,חדשה התשע ז 2017 והחוזרים מכוחן,table,,,201.0,201.0,201.0,201.0,,,,,," |  | חדשה) התשע""ז 2017 והחוזרים מכוחן. | 0.05 | מזומן / פח""ק"
513026484,http://www.fnx.co.il/sites/docs/genery/mediniut_ashkaa_tzfuia/pension2020_update06.xls,policy/companies/513026484/raw/513026484/ae2ce03e23d2_pension2020_update06.xls,חדשה התשע ז 2017 והחוזרים מכוחן,table,,,201.0,201.0,201.0,201.0,,,,,," |  | חדשה) התשע""ז 2017 והחוזרים מכוחן. | 0.05 | מזומן / פח""ק"
513026484,http://www.fnx.co.il/sites/docs/genery/mediniut_ashkaa_tzfuia/pensia2019_update0719.xls,policy/companies/513026484/raw/513026484/7e27ce85fc30_pensia2019_update0719.xls,חדשה התשע ז 2017 והחוזרים מכוחן,table,,,201.0,201.0,201.0,201.0,,,,,," |  | חדשה) התשע""ז 2017 והחוזרים מכוחן. | 0.05 | מזומן / פח""ק"
513026484,http://www.fnx.co.il/sites/docs/genery/mediniut_ashkaa_tzfuia/pensia2019.xls,policy/companies/513026484/raw/513026484/b5d99ba940df_pensia2019.xls,חדשה התשע ז 2017 והחוזרים מכוחן,table,,,201.0,201.0,201.0,201.0,,,,,," |  | חדשה) התשע""ז 2017 והחוזרים מכוחן. |  | "
513026484,http://www.fnx.co.il/sites/docs/genery/mediniut_ashkaa_tzfuia/gemel-update022021.xls,policy/companies/513026484/raw/513026484/8b6d6ab62767_gemel-update022021.xls,חשיפה לנכסים כאמור לעיל תושג הן באמצעות השקעה במישרין והן באמצעות השקעה,table,,,,15.0,,,,,,,," | אקסלנס גמל אג""ח עד 15% מניות - 211 | חשיפה לנכסים כאמור לעיל תושג הן באמצעות  השקעה במישרין והן באמצעות השקעה | 0.07 | IBOXX HY"
513026484,http://www.fnx.co.il/sites/docs/genery/mediniut_ashkaa_tzfuia/gemel-update042021.xls,policy/companies/513026484/raw/513026484/68ee6882768e_gemel-update042021.xls,חשיפה לנכסים כאמור לעיל תושג הן באמצעות השקעה במישרין והן באמצעות השקעה,table,,,,15.0,,,,,,,," | הפניקס גמל אג""ח עד 15% מניות - 211 | חשיפה לנכסים כאמור לעיל תושג הן באמצעות  השקעה במישרין והן באמצעות השקעה | 0.07 | IBOXX HY"
513026484,http://www.fnx.co.il/sites/docs/genery/mediniut_ashkaa_tzfuia/gemel2021.xls,policy/companies/513026484/raw/513026484/660eab30ed1a_gemel2021.xls,חשיפה לנכסים כאמור לעיל תושג הן באמצעות השקעה במישרין והן באמצעות השקעה,table,,,,15.0,,,,,,,," | אקסלנס גמל אג""ח עד 15% מניות - 211 | חשיפה לנכסים כאמור לעיל תושג הן באמצעות  השקעה במישרין והן באמצעות השקעה | 0.07 | IBOXX HY"
513026484,http://www.fnx.co.il/sites/docs/genery/mediniut_ashkaa_tzfuia/gemel2022.xls,policy/companies/513026484/raw/513026484/07a93191ba60_gemel2022.xls,חשיפה לנכסים כאמור לעיל תושג הן באמצעות השקעה במישרין והן באמצעות השקעה,table,,,,15.0,,,,,,,,"הפניקס גמל אג""ח עד 15% מניות | חשיפה לנכסים כאמור לעיל תושג הן באמצעות  השקעה במישרין והן באמצעות השקעה | 0.07 | IBOXX HY | "
513026484,http://www.fnx.co.il/sites/docs/genery/mediniut_ashkaa_tzfuia/gemelpolicyghild_2020_update06.xls,policy/companies/513026484/raw/513026484/a921f3507ae0_gemelpolicyghild_2020_update06.xls,מוסדיים 2013 9 13 שעניינו כללי השקעה החלים על גופים מוסדיים בכפוף להוראות הדין,table,,,9.0,13.0,9.0,13.0,,,,,," |  | מוסדיים 2013-9-13 שעניינו כללי השקעה החלים על גופים מוסדיים] בכפוף להוראות הדין, | 0.02 | ת""א SME60"
513026484,http://www.fnx.co.il/sites/docs/genery/mediniut_ashkaa_tzfuia/gemelashkaa2020_update0620.xls,policy/companies/513026484/raw/513026484/459ae97b1bb5_gemelashkaa2020_update0620.xls,מוסדיים 2013 9 13 שעניינו כללי השקעה החלים על גופים מוסדיים בכפוף להוראות הדין,table,,,9.0,13.0,9.0,13.0,,,,,," |  | מוסדיים 2013-9-13 שעניינו כללי השקעה החלים על גופים מוסדיים] בכפוף להוראות הדין, | 0.02 | BlueStar TA-BIG Tech Israel Tech"
513026484,http://www.fnx.co.il/sites/docs/genery/mediniut_ashkaa_tzfuia/gemelashkaa2020_update0420.xls,policy/companies/513026484/raw/513026484/5aa9781fcccb_gemelashkaa2020_update0420.xls,מוסדיים 2013 9 13 שעניינו כללי השקעה החלים על גופים מוסדיים בכפוף להוראות הדין,table,,,9.0,13.0,9.0,13.0,,,,,," |  | מוסדיים 2013-9-13 שעניינו כללי השקעה החלים על גופים מוסדיים] בכפוף להוראות הדין, | 0.02 | BlueStar TA-BIG Tech Israel Tech"
513026484,http://www.fnx.co.il/sites/docs/genery/mediniut_ashkaa_tzfuia/gemelashkaa2020.xls,policy/companies/513026484/raw/513026484/29fd4fe237dd_gemelashkaa2020.xls,מוסדיים 2013 9 13 שעניינו כללי השקעה החלים על גופים מוסדיים בכפוף להוראות הדין,table,,,9.0,13.0,9.0,13.0,,,,,," |  | מוסדיים 2013-9-13 שעניינו כללי השקעה החלים על גופים מוסדיים] בכפוף להוראות הדין, | 0.02 | BlueStar TA-BIG Tech Israel Tech"
513026484,http://www.fnx.co.il/sites/docs/genery/mediniut_ashkaa_tzfuia/gemelpolicychild_2020.xls,policy/companies/513026484/raw/513026484/1f3637f67f11_gemelpolicychild_2020.xls,מוסדיים 2013 9 13 שעניינו כללי השקעה החלים על גופים מוסדיים בכפוף להוראות הדין,table,,,9.0,13.0,9.0,13.0,,,,,," |  | מוסדיים 2013-9-13 שעניינו כללי השקעה החלים על גופים מוסדיים] בכפוף להוראות הדין, | 0.02 | ת""א SME60"
513026484,http://www.fnx.co.il/sites/docs/genery/mediniut_ashkaa_tzfuia/gemelgeneral2019_update0719.xls,policy/companies/513026484/raw/513026484/d7279819ccd6_gemelgeneral2019_update0719.xls,מוסדיים 2013 9 13 שעניינו כללי השקעה החלים על גופים מוסדיים בכפוף להוראות הדין,table,,,9.0,13.0,9.0,13.0,,,,,," |  | מוסדיים 2013-9-13 שעניינו כללי השקעה החלים על גופים מוסדיים] בכפוף להוראות הדין, | 0.023 | BlueStar TA-BIG Tech Israel Tech"
513026484,http://www.fnx.co.il/sites/docs/genery/mediniut_ashkaa_tzfuia/gemelgeneral2019.xls,policy/companies/513026484/raw/513026484/a4e76debf7c8_gemelgeneral2019.xls,מוסדיים 2013 9 13 שעניינו כללי השקעה החלים על גופים מוסדיים בכפוף להוראות הדין,table,,,9.0,13.0,9.0,13.0,,,,,," |  | מוסדיים 2013-9-13 שעניינו כללי השקעה החלים על גופים מוסדיים] בכפוף להוראות הדין, | 0.023 | BlueStar TA-BIG Tech Israel Tech"
513026484,http://www.fnx.co.il/sites/docs/genery/mediniut_ashkaa_tzfuia/policychild_2019_update0719.xls,policy/companies/513026484/raw/513026484/31b74032a16e_policychild_2019_update0719.xls,מוסדיים 2013 9 13 שעניינו כללי השקעה החלים על גופים מוסדיים בכפוף להוראות הדין,table,,,9.0,13.0,9.0,13.0,,,,,," |  | מוסדיים 2013-9-13 שעניינו כללי השקעה החלים על גופים מוסדיים] בכפוף להוראות הדין, | 0.023 | BlueStar TA-BIG Tech Israel Tech"
513026484,http://www.fnx.co.il/sites/docs/genery/mediniut_ashkaa_tzfuia/policychild_2019.xls,policy/companies/513026484/raw/513026484/c23f9fa3358c_policychild_2019.xls,מוסדיים 2013 9 13 שעניינו כללי השקעה החלים על גופים מוסדיים בכפוף להוראות הדין,table,,,9.0,13.0,9.0,13.0,,,,,," |  | מוסדיים 2013-9-13 שעניינו כללי השקעה החלים על גופים מוסדיים] בכפוף להוראות הדין, | 0.023 | BlueStar TA-BIG Tech Israel Tech"
513026484,http://www.fnx.co.il/sites/docs/genery/mediniut_ashkaa_tzfuia/gemel2019_update0919.xls,policy/companies/513026484/raw/513026484/e542f3d418c9_gemel2019_update0919.xls,מוסדיים 2013 9 13 שעניינו כללי השקעה החלים על גופים מוסדיים בכפוף להוראות הדין,table,,,9.0,13.0,9.0,13.0,,,,,," |  | מוסדיים 2013-9-13 שעניינו כללי השקעה החלים על גופים מוסדיים] בכפוף להוראות הדין, | 0.023 | BlueStar TA-BIG Tech Israel Tech"
513026484,http://www.fnx.co.il/sites/docs/genery/mediniut_ashkaa_tzfuia/pensia2019_update0719.xls,policy/companies/513026484/raw/513026484/7e27ce85fc30_pensia2019_update0719.xls,מוסדיים 2013 9 13 שעניינו כללי השקעה החלים על גופים מוסדיים בכפוף להוראות הדין,table,,,9.0,13.0,9.0,13.0,,,,,," |  | מוסדיים 2013-9-13 שעניינו כללי השקעה החלים על גופים מוסדיים] בכפוף להוראות הדין, | 0.52 | S&P500"
513026484,http://www.fnx.co.il/sites/docs/genery/mediniut_ashkaa_tzfuia/gemel2019_update0719.xls,policy/companies/513026484/raw/513026484/04e93db51529_gemel2019_update0719.xls,מוסדיים 2013 9 13 שעניינו כללי השקעה החלים על גופים מוסדיים בכפוף להוראות הדין,table,,,9.0,13.0,9.0,13.0,,,,,," |  | מוסדיים 2013-9-13 שעניינו כללי השקעה החלים על גופים מוסדיים] בכפוף להוראות הדין, | 0.023 | BlueStar TA-BIG Tech Israel Tech"
513026484,http://www.fnx.co.il/sites/docs/genery/mediniut_ashkaa_tzfuia/pensia2019.xls,policy/companies/513026484/raw/513026484/b5d99ba940df_pensia2019.xls,מוסדיים 2013 9 13 שעניינו כללי השקעה החלים על גופים מוסדיים בכפוף להוראות הדין,table,,,9.0,13.0,9.0,13.0,,,,,," |  | מוסדיים 2013-9-13 שעניינו כללי השקעה החלים על גופים מוסדיים] בכפוף להוראות הדין, | 0.52 | S&P500"
513026484,http://www.fnx.co.il/sites/docs/genery/mediniut_ashkaa_tzfuia/gemel2019.xls,policy/companies/513026484/raw/513026484/e353e49ff159_gemel2019.xls,מוסדיים 2013 9 13 שעניינו כללי השקעה החלים על גופים מוסדיים בכפוף להוראות הדין,table,,,9.0,13.0,9.0,13.0,,,,,," |  | מוסדיים 2013-9-13 שעניינו כללי השקעה החלים על גופים מוסדיים] בכפוף להוראות הדין, | 0.023 | BlueStar TA-BIG Tech Israel Tech"
513026484,http://www.fnx.co.il/sites/docs/genery/mediniut_ashkaa_tzfuia/gemel2019_update0919.xls,policy/companies/513026484/raw/513026484/e542f3d418c9_gemel2019_update0919.xls,מוסדיים 2013 9 13 שעניינו כללי השקעה החלים על גופים מוסדיים בשיעור שלא יעלה על,table,,,9.0,13.0,9.0,13.0,,,,,, |  | מוסדיים 2013-9-13 שעניינו כללי השקעה החלים על גופים מוסדיים] בשיעור שלא יעלה על | 0.13 | משקל תל בונד שקלי
513026484,http://www.fnx.co.il/sites/docs/genery/mediniut_ashkaa_tzfuia/gemel2019_update0719.xls,policy/companies/513026484/raw/513026484/04e93db51529_gemel2019_update0719.xls,מוסדיים 2013 9 13 שעניינו כללי השקעה החלים על גופים מוסדיים בשיעור שלא יעלה על,table,,,9.0,13.0,9.0,13.0,,,,,, |  | מוסדיים 2013-9-13 שעניינו כללי השקעה החלים על גופים מוסדיים] בשיעור שלא יעלה על | 0.13 | משקל תל בונד שקלי
513026484,http://www.fnx.co.il/sites/docs/genery/mediniut_ashkaa_tzfuia/gemel2019.xls,policy/companies/513026484/raw/513026484/e353e49ff159_gemel2019.xls,מוסדיים 2013 9 13 שעניינו כללי השקעה החלים על גופים מוסדיים בשיעור שלא יעלה על,table,,,9.0,13.0,9.0,13.0,,,,,, |  | מוסדיים 2013-9-13 שעניינו כללי השקעה החלים על גופים מוסדיים] בשיעור שלא יעלה על | 0.13 | משקל תל בונד שקלי
513026484,http://www.fnx.co.il/sites/docs/genery/mediniut_ashkaa_tzfuia/pensia2019_update0719.xls,policy/companies/513026484/raw/513026484/7e27ce85fc30_pensia2019_update0719.xls,מוסדיים 2013 9 13 שעניינו כללי השקעה החלים על גופים מוסדיים נכסי המסלול החשופים,table,,,9.0,13.0,9.0,13.0,,,,,, |  | מוסדיים 2013-9-13 שעניינו כללי השקעה החלים על גופים מוסדיים]. נכסי המסלול החשופים | 0.13 | MSCI EM
513026484,http://www.fnx.co.il/sites/docs/genery/mediniut_ashkaa_tzfuia/pensia2019.xls,policy/companies/513026484/raw/513026484/b5d99ba940df_pensia2019.xls,מוסדיים 2013 9 13 שעניינו כללי השקעה החלים על גופים מוסדיים נכסי המסלול החשופים,table,,,9.0,13.0,9.0,13.0,,,,,, |  | מוסדיים 2013-9-13 שעניינו כללי השקעה החלים על גופים מוסדיים]. נכסי המסלול החשופים | 0.13 | MSCI EM
513026484,http://www.fnx.co.il/sites/docs/genery/mediniut_ashkaa_tzfuia/gemel2022.xls,policy/companies/513026484/raw/513026484/07a93191ba60_gemel2022.xls,מסלול בניהול אישי IRA,table,200.0,200.0,,,,,,,,,,"מסלול בניהול אישי (IRA) | מסלול ההשקעה מתנהל כקופת גמל בניהול אישי לפי תקנות הפיקוח על שירותים פיננסיים (קופות גמל)(קופת גמל בניהול אישי), התשס""ט-2009. |  |  | "
513026484,http://www.fnx.co.il/sites/docs/genery/mediniut_ashkaa_tzfuia/מדיניות השקעה צפויה לשנת 2020 -  ביטוח-עדכון ספטמבר 2020.xls,policy/companies/513026484/raw/513026484/7fdf97f1bafa_מדיניות_השקעה_צפויה_לשנת_2020_-__ביטוח-עדכון_ספטמבר_2020.xls,מסלול בניהול אישי IRA,table,,,200.0,200.0,200.0,200.0,,,,,," | מסלול בניהול אישי (IRA) | מסלול ההשקעה מתנהל כקופת גמל בניהול אישי לפי תקנות הפיקוח על שירותים פיננסיים (קופות גמל)(קופת גמל בניהול אישי), התשס""ט-2009. |  | "
513026484,http://www.fnx.co.il/sites/docs/genery/mediniut_ashkaa_tzfuia/gemel-update022021.xls,policy/companies/513026484/raw/513026484/8b6d6ab62767_gemel-update022021.xls,מסלול בניהול אישי IRA 1541,table,200.0,200.0,154.0,154.0,,,,,,,," | מסלול בניהול אישי (IRA)     1541 | מסלול ההשקעה מתנהל כקופת גמל בניהול אישי לפי תקנות הפיקוח על שירותים פיננסיים (קופות גמל)(קופת גמל בניהול אישי), התשס""ט-2009. |  | "
513026484,http://www.fnx.co.il/sites/docs/genery/mediniut_ashkaa_tzfuia/gemel-update042021.xls,policy/companies/513026484/raw/513026484/68ee6882768e_gemel-update042021.xls,מסלול בניהול אישי IRA 1541,table,200.0,200.0,154.0,154.0,,,,,,,," | מסלול בניהול אישי (IRA)     1541 | מסלול ההשקעה מתנהל כקופת גמל בניהול אישי לפי תקנות הפיקוח על שירותים פיננסיים (קופות גמל)(קופת גמל בניהול אישי), התשס""ט-2009. |  | "
513026484,http://www.fnx.co.il/sites/docs/genery/mediniut_ashkaa_tzfuia/gemel2021.xls,policy/companies/513026484/raw/513026484/660eab30ed1a_gemel2021.xls,מסלול בניהול אישי IRA 1541,table,200.0,200.0,154.0,154.0,,,,,,,," | מסלול בניהול אישי (IRA)     1541 | מסלול ההשקעה מתנהל כקופת גמל בניהול אישי לפי תקנות הפיקוח על שירותים פיננסיים (קופות גמל)(קופת גמל בניהול אישי), התשס""ט-2009. |  | "
513026484,http://www.fnx.co.il/sites/docs/genery/mediniut_ashkaa_tzfuia/gemel2020_update06.xls,policy/companies/513026484/raw/513026484/9a8c9561dc51_gemel2020_update06.xls,מסלול בניהול אישי IRA 1541,table,,,200.0,200.0,200.0,200.0,,,,,," | מסלול בניהול אישי (IRA)     1541 | מסלול ההשקעה מתנהל כקופת גמל בניהול אישי לפי תקנות הפיקוח על שירותים פיננסיים (קופות גמל)(קופת גמל בניהול אישי), התשס""ט-2009. |  | "
513026484,http://www.fnx.co.il/sites/docs/genery/mediniut_ashkaa_tzfuia/mediniut_ashkaa_tzfuia_gemel_01.10.2020.xls,policy/companies/513026484/raw/513026484/1a0f084dcc33_mediniut_ashkaa_tzfuia_gemel_01.10.2020.xls,מסלול בניהול אישי IRA 1541,table,,,200.0,200.0,200.0,200.0,,,,,," | מסלול בניהול אישי (IRA)     1541 | מסלול ההשקעה מתנהל כקופת גמל בניהול אישי לפי תקנות הפיקוח על שירותים פיננסיים (קופות גמל)(קופת גמל בניהול אישי), התשס""ט-2009. |  | "
513026484,http://www.fnx.co.il/sites/docs/genery/mediniut_ashkaa_tzfuia/gemel2020.xls,policy/companies/513026484/raw/513026484/2de01efeedd8_gemel2020.xls,מסלול בניהול אישי IRA 1541,table,,,200.0,200.0,200.0,200.0,,,,,," | מסלול בניהול אישי (IRA)     1541 | מסלול ההשקעה מתנהל כקופת גמל בניהול אישי לפי תקנות הפיקוח על שירותים פיננסיים (קופות גמל)(קופת גמל בניהול אישי), התשס""ט-2009. |  | "
513026484,http://www.fnx.co.il/sites/docs/genery/mediniut_ashkaa_tzfuia/gemel2019_update0919.xls,policy/companies/513026484/raw/513026484/e542f3d418c9_gemel2019_update0919.xls,מסלול בניהול אישי IRA 1541,table,,,200.0,200.0,200.0,200.0,,,,,," | מסלול בניהול אישי (IRA)     1541 | מסלול ההשקעה מתנהל כקופת גמל בניהול אישי לפי תקנות הפיקוח על שירותים פיננסיים (קופות גמל)(קופת גמל בניהול אישי), התשס""ט-2009. |  | "
513026484,http://www.fnx.co.il/sites/docs/genery/mediniut_ashkaa_tzfuia/gemel2019_update0719.xls,policy/companies/513026484/raw/513026484/04e93db51529_gemel2019_update0719.xls,מסלול בניהול אישי IRA 1541,table,,,200.0,200.0,200.0,200.0,,,,,," | מסלול בניהול אישי (IRA)     1541 | מסלול ההשקעה מתנהל כקופת גמל בניהול אישי לפי תקנות הפיקוח על שירותים פיננסיים (קופות גמל)(קופת גמל בניהול אישי), התשס""ט-2009. |  | "
513026484,http://www.fnx.co.il/sites/docs/genery/mediniut_ashkaa_tzfuia/gemel2019.xls,policy/companies/513026484/raw/513026484/e353e49ff159_gemel2019.xls,מסלול בניהול אישי IRA 1541,table,,,200.0,200.0,200.0,200.0,,,,,," | מסלול בניהול אישי (IRA) - 1541 | מסלול ההשקעה מתנהל כקופת גמל בניהול אישי לפי תקנות הפיקוח על שירותים פיננסיים (קופות גמל)(קופת גמל בניהול אישי), התשס""ט-2009. |  | "
513026484,http://www.fnx.co.il/sites/docs/genery/mediniut_ashkaa_tzfuia/gemel-update042021.xls,policy/companies/513026484/raw/513026484/68ee6882768e_gemel-update042021.xls,מסלול בניהול אישי IRA 1542,table,,,200.0,200.0,200.0,200.0,,,,,," | מסלול בניהול אישי (IRA)     1542 | מסלול ההשקעה מתנהל כקופת גמל בניהול אישי לפי תקנות הפיקוח על שירותים פיננסיים (קופות גמל)(קופת גמל בניהול אישי), התשס""ט-2009. |  | "
513026484,http://www.fnx.co.il/sites/docs/genery/mediniut_ashkaa_tzfuia/gemel2022.xls,policy/companies/513026484/raw/513026484/07a93191ba60_gemel2022.xls,מסלול בניהול אישי IRA 1542,table,,,200.0,200.0,200.0,200.0,,,,,,"מסלול בניהול אישי (IRA)     1542 | מסלול ההשקעה מתנהל כקופת גמל בניהול אישי לפי תקנות הפיקוח על שירותים פיננסיים (קופות גמל)(קופת גמל בניהול אישי), התשס""ט-2009. |  |  | "
513026484,http://www.fnx.co.il/sites/docs/genery/mediniut_ashkaa_tzfuia/מדיניות השקעה צפויה לשנת 2020 -  ביטוח-עדכון ספטמבר 2020.xls,policy/companies/513026484/raw/513026484/7fdf97f1bafa_מדיניות_השקעה_צפויה_לשנת_2020_-__ביטוח-עדכון_ספטמבר_2020.xls,מסלול השקעה מתמחה מחקה מדד S&P500,table,,,500.0,500.0,500.0,500.0,,,,,," | מסלול השקעה מתמחה מחקה מדד S&P500 | נכסי המסלול יעקבו אחר מדד S&P500 בשיעור חשיפה של 100% מנכסי המסלול. נכסי המסלול העוקבים אחר המדד כמפורט לעיל יהיו כל נכסי המסלול למעט שיעור מהנכסים אשר יושקע במזומנים לצורך טיפול בהפקדות, משיכות והעברות כספים. | 1.0 | S&P500"
513026484,http://www.fnx.co.il/sites/docs/genery/mediniut_ashkaa_tzfuia/pension2021_update0421.xls,policy/companies/513026484/raw/513026484/fbfc723ed218_pension2021_update0421.xls,מסלול מתמחה אג ח,table,,,,120.0,,120.0,,,,,," | מסלול מתמחה אג""ח | ולא יעלה על 120% מנכסי המסלול. חשיפה לנכסים כאמור תושג באמצעות השקעה במישרין, | 0.12 | תל בונד 60"
513026484,http://www.fnx.co.il/sites/docs/genery/mediniut_ashkaa_tzfuia/xnesinvest2021_update052021.xls,policy/companies/513026484/raw/513026484/ae137a7bab87_xnesinvest2021_update052021.xls,מסלול מתמחה אג ח,table,,,75.0,75.0,75.0,75.0,,,,,," | מסלול מתמחה אג""ח | מסחריים, הלוואות שאינן סחירות, אג""ח להמרה ופקדונות, בשיעור חשיפה שלא יפחת מ-75% | 0.06 | תל אביב 125"
513026484,http://www.fnx.co.il/sites/docs/genery/mediniut_ashkaa_tzfuia/xnesinvest2021.xls,policy/companies/513026484/raw/513026484/9c2cb8a565fb_xnesinvest2021.xls,מסלול מתמחה אג ח,table,,,75.0,75.0,75.0,75.0,,,,,," | מסלול מתמחה אג""ח | מסחריים, הלוואות שאינן סחירות, אג""ח להמרה ופקדונות, בשיעור חשיפה שלא יפחת מ-75% | 0.06 | תל אביב 125"
513026484,http://www.fnx.co.il/sites/docs/genery/mediniut_ashkaa_tzfuia/pension2021.xls,policy/companies/513026484/raw/513026484/95f7e73b8e62_pension2021.xls,מסלול מתמחה אג ח,table,,,,120.0,,120.0,,,,,," | מסלול מתמחה אג""ח | ולא יעלה על 120% מנכסי המסלול. חשיפה לנכסים כאמור תושג באמצעות השקעה במישרין, | 0.12 | תל בונד 60"
513026484,http://www.fnx.co.il/sites/docs/genery/mediniut_ashkaa_tzfuia/pension2022-update11-22.xls,policy/companies/513026484/raw/513026484/c81d0f5ae3c7_pension2022-update11-22.xls,מסלול מתמחה אג ח,table,,,,120.0,,120.0,,,,,,"מסלול מתמחה אג""ח | ולא יעלה על 120% מנכסי המסלול. חשיפה לנכסים כאמור תושג באמצעות השקעה במישרין, | 0.12 | תל בונד 60 | "
513026484,http://www.fnx.co.il/sites/docs/genery/mediniut_ashkaa_tzfuia/xnesinvest2022.xls,policy/companies/513026484/raw/513026484/6dbba0544f59_xnesinvest2022.xls,מסלול מתמחה אג ח,table,,,75.0,75.0,75.0,75.0,,,,,,"מסלול מתמחה אג""ח | מסחריים, הלוואות שאינן סחירות, אג""ח להמרה ופקדונות, בשיעור חשיפה שלא יפחת מ-75% | 0.06 | תל אביב 125 | "
513026484,http://www.fnx.co.il/sites/docs/genery/mediniut_ashkaa_tzfuia/pension2022.xls,policy/companies/513026484/raw/513026484/92884ec2d493_pension2022.xls,מסלול מתמחה אג ח,table,,,,120.0,,120.0,,,,,,"מסלול מתמחה אג""ח | ולא יעלה על 120% מנכסי המסלול. חשיפה לנכסים כאמור תושג באמצעות השקעה במישרין, | 0.12 | תל בונד 60 | "
513026484,http://www.fnx.co.il/sites/docs/genery/mediniut_ashkaa_tzfuia/מדיניות השקעה צפויה לשנת 2020 - פנסיה-עדכון ספטמבר 2020.xls,policy/companies/513026484/raw/513026484/dfd3778b8def_מדיניות_השקעה_צפויה_לשנת_2020_-_פנסיה-עדכון_ספטמבר_2020.xls,מסלול מתמחה אג ח,table,,,,120.0,,120.0,,,,,," | מסלול מתמחה אג""ח | ולא יעלה על 120% מנכסי המסלול. חשיפה לנכסים כאמור תושג באמצעות השקעה במישרין, | 0.15 | תל בונד 60"
513026484,http://www.fnx.co.il/sites/docs/genery/mediniut_ashkaa_tzfuia/מדיניות השקעה צפויה לשנת 2020 -  ביטוח-עדכון ספטמבר 2020.xls,policy/companies/513026484/raw/513026484/7fdf97f1bafa_מדיניות_השקעה_צפויה_לשנת_2020_-__ביטוח-עדכון_ספטמבר_2020.xls,מסלול מתמחה אג ח,table,,,75.0,75.0,75.0,75.0,,,,,," | מסלול מתמחה אג""ח | מסחריים, הלוואות שאינן סחירות, אג""ח להמרה ופקדונות, בשיעור חשיפה שלא יפחת מ-75% | 0.15 | תל בונד 60"
513026484,http://www.fnx.co.il/sites/docs/genery/mediniut_ashkaa_tzfuia/xnesinvest2020.xls,policy/companies/513026484/raw/513026484/30efc97048b9_xnesinvest2020.xls,מסלול מתמחה אג ח,table,,,75.0,75.0,75.0,75.0,,,,,," | מסלול מתמחה אג""ח | מסחריים, הלוואות שאינן סחירות, אג""ח להמרה ופקדונות, בשיעור חשיפה שלא יפחת מ-75% | 0.075 | תל אביב 125"
513026484,http://www.fnx.co.il/sites/docs/genery/mediniut_ashkaa_tzfuia/pension2020.xls,policy/companies/513026484/raw/513026484/80d3d8269950_pension2020.xls,מסלול מתמחה אג ח,table,,,,120.0,,120.0,,,,,," | מסלול מתמחה אג""ח | ולא יעלה על 120% מנכסי המסלול. חשיפה לנכסים כאמור תושג באמצעות השקעה במישרין, | 0.15 | תל בונד 60"
513026484,http://www.fnx.co.il/sites/docs/genery/mediniut_ashkaa_tzfuia/pension2020_update06.xls,policy/companies/513026484/raw/513026484/ae2ce03e23d2_pension2020_update06.xls,מסלול מתמחה אג ח,table,,,,120.0,,120.0,,,,,," | מסלול מתמחה אג""ח | ולא יעלה על 120% מנכסי המסלול. חשיפה לנכסים כאמור תושג באמצעות השקעה במישרין, | 0.15 | תל בונד 60"
513026484,http://www.fnx.co.il/sites/docs/genery/mediniut_ashkaa_tzfuia/xnsinvest2019.xls,policy/companies/513026484/raw/513026484/11e7ca354338_xnsinvest2019.xls,מסלול מתמחה אג ח,table,,,75.0,75.0,75.0,75.0,,,,,," | מסלול מתמחה אג""ח | מסחריים, הלוואות שאינן סחירות, אג""ח להמרה ופקדונות, בשיעור חשיפה שלא יפחת מ-75% | 0.075 | תל אביב 125"
513026484,http://www.fnx.co.il/sites/docs/genery/mediniut_ashkaa_tzfuia/pensia2019.xls,policy/companies/513026484/raw/513026484/b5d99ba940df_pensia2019.xls,מסלול מתמחה אג ח,table,,,,120.0,,120.0,,,,,," | מסלול מתמחה אג""ח | ולא יעלה על 120% מנכסי המסלול. חשיפה לנכסים כאמור תושג באמצעות השקעה במישרין, | 0.1 | BarCap Global Corporate Total Return Bond Index UnHedged"
513026484,http://www.fnx.co.il/sites/docs/genery/mediniut_ashkaa_tzfuia/מדיניות השקעה צפויה לשנת 2020 -  ביטוח-עדכון ספטמבר 2020.xls,policy/companies/513026484/raw/513026484/7fdf97f1bafa_מדיניות_השקעה_צפויה_לשנת_2020_-__ביטוח-עדכון_ספטמבר_2020.xls,מסלול מתמחה אג ח חו ל בחסכון פרט בלבד,table,,,,120.0,,120.0,,,,,," | מסלול מתמחה אג""ח חו""ל (בחסכון פרט בלבד) | נכסי המסלול יהיו חשופים לנכסים הבאים: אג""ח חו""ל סחירות ושאינן סחירות, ני""ע מסחריים, הלוואות שאינן סחירות, אג""ח להמרה ופקדונות המונפקים בחו""ל, בשיעור חשיפה שלא יפחת מ- 75% ולא יעלה על 120% מנכסי המסלול. חשיפה לנכסים כאמור תושג באמצעות השקעה במישרין, בנגזרים, בתעודות סל, בקרנות נאמנות או בקרנות השקעה.  החשיפה למט''ח לא תפחת מ- 75%. יתרת הנכסים תושקע בכפוף"
513026484,http://www.fnx.co.il/sites/docs/genery/mediniut_ashkaa_tzfuia/מדיניות השקעה צפויה לשנת 2020 -  ביטוח-עדכון ספטמבר 2020.xls,policy/companies/513026484/raw/513026484/7fdf97f1bafa_מדיניות_השקעה_צפויה_לשנת_2020_-__ביטוח-עדכון_ספטמבר_2020.xls,מסלול מתמחה אג ח למקבלי קצבה,table,,,75.0,75.0,75.0,75.0,,,,,," | מסלול מתמחה אג""ח למקבלי קצבה | מסחריים, הלוואות שאינן סחירות, אג""ח להמרה ופקדונות, בשיעור חשיפה שלא יפחת מ-75% | 0.2 | תל בונד כללי"
513026484,http://www.fnx.co.il/sites/docs/genery/mediniut_ashkaa_tzfuia/pensia2019_update0719.xls,policy/companies/513026484/raw/513026484/7e27ce85fc30_pensia2019_update0719.xls,מסלול מתמחה אג ח*,table,,,75.0,75.0,75.0,75.0,,,,,," | מסלול מתמחה אג""ח* | מסחריים, הלוואות שאינן סחירות, אג""ח להמרה ופקדונות, בשיעור חשיפה שלא יפחת מ-75% | 0.15 | תל בונד 60"
513026484,http://www.fnx.co.il/sites/docs/genery/mediniut_ashkaa_tzfuia/pension2021_update0421.xls,policy/companies/513026484/raw/513026484/fbfc723ed218_pension2021_update0421.xls,מסלול מתמחה מניות,table,,,,120.0,,120.0,,,,,," | מסלול מתמחה מניות | נכסי המסלול יהיו חשופים למניות בארץ ובחו""ל, בשיעור חשיפה שלא יפחת מ-75% ולא יעלה על 120% מנכסי המסלול. חשיפה לנכסים כאמור תושג באמצעות השקעה במישרין, בנגזרים, בתעודות סל, בקרנות נאמנות או בקרנות השקעה. יתרת הנכסים תושקע בכפוף להוראות הדין, ובכפוף לשיקול דעתה של ועדת ההשקעות. |  | 42%- מדד ת""א 125,  58%- MSCI WORLD AC"
513026484,http://www.fnx.co.il/sites/docs/genery/mediniut_ashkaa_tzfuia/xnesinvest2021_update052021.xls,policy/companies/513026484/raw/513026484/ae137a7bab87_xnesinvest2021_update052021.xls,מסלול מתמחה מניות,table,,,,120.0,,120.0,,,,,," | מסלול מתמחה מניות | נכסי המסלול יהיו חשופים למניות בארץ ובחו""ל, בשיעור חשיפה שלא יפחת מ-75% ולא יעלה על 120% מנכסי המסלול. חשיפה לנכסים כאמור תושג באמצעות השקעה במישרין, בנגזרים, בתעודות סל, בקרנות נאמנות או בקרנות השקעה. יתרת הנכסים תושקע בכפוף להוראות הדין, ובכפוף לשיקול דעתה של ועדת ההשקעות. |  | 40%- מדד ת""א 125,     60%- MSCI WORLD AC"
513026484,http://www.fnx.co.il/sites/docs/genery/mediniut_ashkaa_tzfuia/xnesinvest2021.xls,policy/companies/513026484/raw/513026484/9c2cb8a565fb_xnesinvest2021.xls,מסלול מתמחה מניות,table,,,,120.0,,120.0,,,,,," | מסלול מתמחה מניות | נכסי המסלול יהיו חשופים למניות בארץ ובחו""ל, בשיעור חשיפה שלא יפחת מ-75% ולא יעלה על 120% מנכסי המסלול. חשיפה לנכסים כאמור תושג באמצעות השקעה במישרין, בנגזרים, בתעודות סל, בקרנות נאמנות או בקרנות השקעה. יתרת הנכסים תושקע בכפוף להוראות הדין, ובכפוף לשיקול דעתה של ועדת ההשקעות. |  | 40%- מדד ת""א 125,     60%- MSCI WORLD AC"
513026484,http://www.fnx.co.il/sites/docs/genery/mediniut_ashkaa_tzfuia/pension2021.xls,policy/companies/513026484/raw/513026484/95f7e73b8e62_pension2021.xls,מסלול מתמחה מניות,table,,,,120.0,,120.0,,,,,," | מסלול מתמחה מניות | נכסי המסלול יהיו חשופים למניות בארץ ובחו""ל, בשיעור חשיפה שלא יפחת מ-75% ולא יעלה על 120% מנכסי המסלול. חשיפה לנכסים כאמור תושג באמצעות השקעה במישרין, בנגזרים, בתעודות סל, בקרנות נאמנות או בקרנות השקעה. יתרת הנכסים תושקע בכפוף להוראות הדין, ובכפוף לשיקול דעתה של ועדת ההשקעות. |  | 42%- מדד ת""א 125,  58%- MSCI WORLD AC"
513026484,http://www.fnx.co.il/sites/docs/genery/mediniut_ashkaa_tzfuia/pension2022-update11-22.xls,policy/companies/513026484/raw/513026484/c81d0f5ae3c7_pension2022-update11-22.xls,מסלול מתמחה מניות,table,,,,120.0,,120.0,,,,,,"מסלול מתמחה מניות | נכסי המסלול יהיו חשופים למניות בארץ ובחו""ל, בשיעור חשיפה שלא יפחת מ-75% ולא יעלה על 120% מנכסי המסלול. חשיפה לנכסים כאמור תושג באמצעות השקעה במישרין, בנגזרים, בתעודות סל, בקרנות נאמנות או בקרנות השקעה. יתרת הנכסים תושקע בכפוף להוראות הדין, ובכפוף לשיקול דעתה של ועדת ההשקעות. |  | 40%- מדד ת""א 125,  60%- MSCI WORLD AC | "
513026484,http://www.fnx.co.il/sites/docs/genery/mediniut_ashkaa_tzfuia/xnesinvest2022.xls,policy/companies/513026484/raw/513026484/6dbba0544f59_xnesinvest2022.xls,מסלול מתמחה מניות,table,,,,120.0,,120.0,,,,,,"מסלול מתמחה מניות | נכסי המסלול יהיו חשופים למניות בארץ ובחו""ל, בשיעור חשיפה שלא יפחת מ-75% ולא יעלה על 120% מנכסי המסלול. חשיפה לנכסים כאמור תושג באמצעות השקעה במישרין, בנגזרים, בתעודות סל, בקרנות נאמנות או בקרנות השקעה. יתרת הנכסים תושקע בכפוף להוראות הדין, ובכפוף לשיקול דעתה של ועדת ההשקעות. |  | 40%- מדד ת""א 125,     60%- MSCI WORLD AC | "
513026484,http://www.fnx.co.il/sites/docs/genery/mediniut_ashkaa_tzfuia/pension2022.xls,policy/companies/513026484/raw/513026484/92884ec2d493_pension2022.xls,מסלול מתמחה מניות,table,,,,120.0,,120.0,,,,,,"מסלול מתמחה מניות | נכסי המסלול יהיו חשופים למניות בארץ ובחו""ל, בשיעור חשיפה שלא יפחת מ-75% ולא יעלה על 120% מנכסי המסלול. חשיפה לנכסים כאמור תושג באמצעות השקעה במישרין, בנגזרים, בתעודות סל, בקרנות נאמנות או בקרנות השקעה. יתרת הנכסים תושקע בכפוף להוראות הדין, ובכפוף לשיקול דעתה של ועדת ההשקעות. |  | 40%- מדד ת""א 125,  60%- MSCI WORLD AC | "
513026484,http://www.fnx.co.il/sites/docs/genery/mediniut_ashkaa_tzfuia/מדיניות השקעה צפויה לשנת 2020 - פנסיה-עדכון ספטמבר 2020.xls,policy/companies/513026484/raw/513026484/dfd3778b8def_מדיניות_השקעה_צפויה_לשנת_2020_-_פנסיה-עדכון_ספטמבר_2020.xls,מסלול מתמחה מניות,table,,,,120.0,,120.0,,,,,," | מסלול מתמחה מניות | נכסי המסלול יהיו חשופים למניות בארץ ובחו""ל, בשיעור חשיפה שלא יפחת מ-75% ולא יעלה על 120% מנכסי המסלול. חשיפה לנכסים כאמור תושג באמצעות השקעה במישרין, בנגזרים, בתעודות סל, בקרנות נאמנות או בקרנות השקעה. יתרת הנכסים תושקע בכפוף להוראות הדין, ובכפוף לשיקול דעתה של ועדת ההשקעות. |  | 45%- מדד ת""א 125,  55%- MSCI WORLD AC"
513026484,http://www.fnx.co.il/sites/docs/genery/mediniut_ashkaa_tzfuia/מדיניות השקעה צפויה לשנת 2020 -  ביטוח-עדכון ספטמבר 2020.xls,policy/companies/513026484/raw/513026484/7fdf97f1bafa_מדיניות_השקעה_צפויה_לשנת_2020_-__ביטוח-עדכון_ספטמבר_2020.xls,מסלול מתמחה מניות,table,,,,120.0,,120.0,,,,,," | מסלול מתמחה מניות | נכסי המסלול יהיו חשופים למניות בארץ ובחו""ל, בשיעור חשיפה שלא יפחת מ-75% ולא יעלה על 120% מנכסי המסלול. חשיפה לנכסים כאמור תושג באמצעות השקעה במישרין, בנגזרים, בתעודות סל, בקרנות נאמנות או בקרנות השקעה. יתרת הנכסים תושקע בכפוף להוראות הדין, ובכפוף לשיקול דעתה של ועדת ההשקעות. |  | 45%- מדד ת""א 125,  55%- MSCI WORLD AC"
513026484,http://www.fnx.co.il/sites/docs/genery/mediniut_ashkaa_tzfuia/xnesinvest2020.xls,policy/companies/513026484/raw/513026484/30efc97048b9_xnesinvest2020.xls,מסלול מתמחה מניות,table,,,,120.0,,120.0,,,,,," | מסלול מתמחה מניות | נכסי המסלול יהיו חשופים למניות בארץ ובחו""ל, בשיעור חשיפה שלא יפחת מ-75% ולא יעלה על 120% מנכסי המסלול. חשיפה לנכסים כאמור תושג באמצעות השקעה במישרין, בנגזרים, בתעודות סל, בקרנות נאמנות או בקרנות השקעה. יתרת הנכסים תושקע בכפוף להוראות הדין, ובכפוף לשיקול דעתה של ועדת ההשקעות. |  | 50%- מדד ת""א 125,  50%- MSCI WORLD AC"
513026484,http://www.fnx.co.il/sites/docs/genery/mediniut_ashkaa_tzfuia/pension2020.xls,policy/companies/513026484/raw/513026484/80d3d8269950_pension2020.xls,מסלול מתמחה מניות,table,,,,120.0,,120.0,,,,,," | מסלול מתמחה מניות | נכסי המסלול יהיו חשופים למניות בארץ ובחו""ל, בשיעור חשיפה שלא יפחת מ-75% ולא יעלה על 120% מנכסי המסלול. חשיפה לנכסים כאמור תושג באמצעות השקעה במישרין, בנגזרים, בתעודות סל, בקרנות נאמנות או בקרנות השקעה. יתרת הנכסים תושקע בכפוף להוראות הדין, ובכפוף לשיקול דעתה של ועדת ההשקעות. |  | 45%- מדד ת""א 125,  55%- MSCI WORLD AC"
513026484,http://www.fnx.co.il/sites/docs/genery/mediniut_ashkaa_tzfuia/pension2020_update06.xls,policy/companies/513026484/raw/513026484/ae2ce03e23d2_pension2020_update06.xls,מסלול מתמחה מניות,table,,,,120.0,,120.0,,,,,," | מסלול מתמחה מניות | נכסי המסלול יהיו חשופים למניות בארץ ובחו""ל, בשיעור חשיפה שלא יפחת מ-75% ולא יעלה על 120% מנכסי המסלול. חשיפה לנכסים כאמור תושג באמצעות השקעה במישרין, בנגזרים, בתעודות סל, בקרנות נאמנות או בקרנות השקעה. יתרת הנכסים תושקע בכפוף להוראות הדין, ובכפוף לשיקול דעתה של ועדת ההשקעות. |  | 45%- מדד ת""א 125,  55%- MSCI WORLD AC"
513026484,http://www.fnx.co.il/sites/docs/genery/mediniut_ashkaa_tzfuia/xnsinvest2019.xls,policy/companies/513026484/raw/513026484/11e7ca354338_xnsinvest2019.xls,מסלול מתמחה מניות,table,,,,120.0,,120.0,,,,,," | מסלול מתמחה מניות | נכסי המסלול יהיו חשופים למניות בארץ ובחו""ל, בשיעור חשיפה שלא יפחת מ-75% ולא יעלה על 120% מנכסי המסלול. חשיפה לנכסים כאמור תושג באמצעות השקעה במישרין, בנגזרים, בתעודות סל, בקרנות נאמנות או בקרנות השקעה. יתרת הנכסים תושקע בכפוף להוראות הדין, ובכפוף לשיקול דעתה של ועדת ההשקעות. |  | 50%- מדד ת""א 125,  50%- MSCI WORLD AC"
513026484,http://www.fnx.co.il/sites/docs/genery/mediniut_ashkaa_tzfuia/pensia2019_update0719.xls,policy/companies/513026484/raw/513026484/7e27ce85fc30_pensia2019_update0719.xls,מסלול מתמחה מניות,table,,,,120.0,,120.0,,,,,," | מסלול מתמחה מניות | נכסי המסלול יהיו חשופים למניות בארץ ובחו""ל, בשיעור חשיפה שלא יפחת מ-75% ולא יעלה על 120% מנכסי המסלול. חשיפה לנכסים כאמור תושג באמצעות השקעה במישרין, בנגזרים, בתעודות סל, בקרנות נאמנות או בקרנות השקעה. יתרת הנכסים תושקע בכפוף להוראות הדין, ובכפוף לשיקול דעתה של ועדת ההשקעות. |  | 50%- מדד ת""א 125,  50%- MSCI WORLD AC"
513026484,http://www.fnx.co.il/sites/docs/genery/mediniut_ashkaa_tzfuia/pensia2019.xls,policy/companies/513026484/raw/513026484/b5d99ba940df_pensia2019.xls,מסלול מתמחה מניות,table,,,,120.0,,120.0,,,,,," | מסלול מתמחה מניות | נכסי המסלול יהיו חשופים למניות בארץ ובחו""ל, בשיעור חשיפה שלא יפחת מ-75% ולא יעלה על 120% מנכסי המסלול. חשיפה לנכסים כאמור תושג באמצעות השקעה במישרין, בנגזרים, בתעודות סל, בקרנות נאמנות או בקרנות השקעה. יתרת הנכסים תושקע בכפוף להוראות הדין, ובכפוף לשיקול דעתה של ועדת ההשקעות. |  | 50%- מדד ת""א 125,  50%- MSCI WORLD AC"
513026484,http://www.fnx.co.il/sites/docs/genery/mediniut_ashkaa_tzfuia/מדיניות השקעה צפויה לשנת 2020 -  ביטוח-עדכון ספטמבר 2020.xls,policy/companies/513026484/raw/513026484/7fdf97f1bafa_מדיניות_השקעה_צפויה_לשנת_2020_-__ביטוח-עדכון_ספטמבר_2020.xls,מסלול מתמחה מניות חו ל בחסכון פרט בלבד,table,,,,120.0,,120.0,,,,,," | מסלול מתמחה מניות חו""ל (בחסכון פרט בלבד) | נכסי המסלול יהיו חשופים למניות שנסחרות בחו""ל, בשיעור חשיפה שלא יפחת מ- 75% ולא יעלה על 120% מנכסי המסלול. חשיפה לנכסים כאמור תושג באמצעות השקעה במישרין, בנגזרים, בתעודות סל, בקרנות נאמנות או בקרנות השקעה. יתרת הנכסים תושקע בכפוף להוראות הדין, ובכפוף לשיקול דעתה של ועדת ההשקעות. |  | 100%- MSCI WORLD AC"
513026484,http://www.fnx.co.il/sites/docs/genery/mediniut_ashkaa_tzfuia/מדיניות השקעה צפויה לשנת 2020 -  ביטוח-עדכון ספטמבר 2020.xls,policy/companies/513026484/raw/513026484/7fdf97f1bafa_מדיניות_השקעה_צפויה_לשנת_2020_-__ביטוח-עדכון_ספטמבר_2020.xls,מסלול מתמחה מניות למקבלי קצבה,table,,,,120.0,,120.0,,,,,," | מסלול מתמחה מניות למקבלי קצבה | נכסי המסלול יהיו חשופים למניות בארץ ובחו""ל, בשיעור חשיפה שלא יפחת מ-75% ולא יעלה על 120% מנכסי המסלול. חשיפה לנכסים כאמור תושג באמצעות השקעה במישרין, בנגזרים, בתעודות סל, בקרנות נאמנות או בקרנות השקעה. יתרת הנכסים תושקע בכפוף להוראות הדין, ובכפוף לשיקול דעתה של ועדת ההשקעות. |  | 45%- מדד ת""א 125,  55%- MSCI WORLD AC"
513026484,http://www.fnx.co.il/sites/docs/genery/mediniut_ashkaa_tzfuia/pensia2019_update0719.xls,policy/companies/513026484/raw/513026484/7e27ce85fc30_pensia2019_update0719.xls,מסלול פאסיבי מדדי מניות חו ל,table,,,6.0,6.0,6.0,6.0,,,,,," | מסלול פאסיבי - מדדי מניות חו""ל | ובכפוף לשיקול דעתה של ועדת ההשקעות. [העונים על התנאים המנויים בסעיף 6 לחוזר גופים | 0.27 | SXXR"
513026484,http://www.fnx.co.il/sites/docs/genery/mediniut_ashkaa_tzfuia/pensia2019.xls,policy/companies/513026484/raw/513026484/b5d99ba940df_pensia2019.xls,מסלול פאסיבי מדדי מניות חו ל,table,,,6.0,6.0,6.0,6.0,,,,,," | מסלול פאסיבי - מדדי מניות חו""ל | ובכפוף לשיקול דעתה של ועדת ההשקעות. [העונים על התנאים המנויים בסעיף 6 לחוזר גופים | 0.27 | SXXR"
513026484,http://www.fnx.co.il/sites/docs/genery/mediniut_ashkaa_tzfuia/pension2021_update0421.xls,policy/companies/513026484/raw/513026484/fbfc723ed218_pension2021_update0421.xls,מסלול שקלי טווח קצר,table,,,,120.0,,120.0,,,,,," | מסלול שקלי טווח קצר | נכסי המסלול יהיו חשופים לנכסים הבאים, שאינם צמודים : פקדונות שקליים, מלוות ממשלתיות, הלוואות שקליות   ואג""ח שקליות סחירות ושאינן סחירות, בשיעור חשיפה שלא יפחת מ-75% ולא יעלה על 120% מנכסי המסלול. נכסי המסלול יהיו חשופים לנכסים המפורטים לעיל שמשך החיים הממוצע שלהם אינו עולה על שנה. חשיפה לנכסים כאמור תושג באמצעות השקעה במישרין, בנגזרים, בתעודות סל, בקרנות נאמנות או בקרנות ה"
513026484,http://www.fnx.co.il/sites/docs/genery/mediniut_ashkaa_tzfuia/xnesinvest2021_update052021.xls,policy/companies/513026484/raw/513026484/ae137a7bab87_xnesinvest2021_update052021.xls,מסלול שקלי טווח קצר,table,,,,120.0,,120.0,,,,,," | מסלול שקלי טווח קצר | נכסי המסלול יהיו חשופים לנכסים הבאים, שאינם צמודים : פקדונות שקליים, מלוות ממשלתיות, הלוואות שקליות   ואג""ח שקליות סחירות ושאינן סחירות, בשיעור חשיפה שלא יפחת מ-75% ולא יעלה על 120% מנכסי המסלול. נכסי המסלול יהיו חשופים לנכסים המפורטים לעיל שמשך החיים הממוצע שלהם אינו עולה על שנה. חשיפה לנכסים כאמור תושג באמצעות השקעה במישרין, בנגזרים, בתעודות סל, בקרנות נאמנות או בקרנות ה"
513026484,http://www.fnx.co.il/sites/docs/genery/mediniut_ashkaa_tzfuia/xnesinvest2021.xls,policy/companies/513026484/raw/513026484/9c2cb8a565fb_xnesinvest2021.xls,מסלול שקלי טווח קצר,table,,,,120.0,,120.0,,,,,," | מסלול שקלי טווח קצר | נכסי המסלול יהיו חשופים לנכסים הבאים, שאינם צמודים : פקדונות שקליים, מלוות ממשלתיות, הלוואות שקליות   ואג""ח שקליות סחירות ושאינן סחירות, בשיעור חשיפה שלא יפחת מ-75% ולא יעלה על 120% מנכסי המסלול. נכסי המסלול יהיו חשופים לנכסים המפורטים לעיל שמשך החיים הממוצע שלהם אינו עולה על שנה. חשיפה לנכסים כאמור תושג באמצעות השקעה במישרין, בנגזרים, בתעודות סל, בקרנות נאמנות או בקרנות ה"
513026484,http://www.fnx.co.il/sites/docs/genery/mediniut_ashkaa_tzfuia/pension2021.xls,policy/companies/513026484/raw/513026484/95f7e73b8e62_pension2021.xls,מסלול שקלי טווח קצר,table,,,,120.0,,120.0,,,,,," | מסלול שקלי טווח קצר | נכסי המסלול יהיו חשופים לנכסים הבאים, שאינם צמודים : פקדונות שקליים, מלוות ממשלתיות, הלוואות שקליות   ואג""ח שקליות סחירות ושאינן סחירות, בשיעור חשיפה שלא יפחת מ-75% ולא יעלה על 120% מנכסי המסלול. נכסי המסלול יהיו חשופים לנכסים המפורטים לעיל שמשך החיים הממוצע שלהם אינו עולה על שנה. חשיפה לנכסים כאמור תושג באמצעות השקעה במישרין, בנגזרים, בתעודות סל, בקרנות נאמנות או בקרנות ה"
513026484,http://www.fnx.co.il/sites/docs/genery/mediniut_ashkaa_tzfuia/pension2022-update11-22.xls,policy/companies/513026484/raw/513026484/c81d0f5ae3c7_pension2022-update11-22.xls,מסלול שקלי טווח קצר,table,,,,120.0,,120.0,,,,,,"מסלול שקלי טווח קצר | נכסי המסלול יהיו חשופים לנכסים הבאים, שאינם צמודים : פקדונות שקליים, מלוות ממשלתיות, הלוואות שקליות   ואג""ח שקליות סחירות ושאינן סחירות, בשיעור חשיפה שלא יפחת מ-75% ולא יעלה על 120% מנכסי המסלול. נכסי המסלול יהיו חשופים לנכסים המפורטים לעיל שמשך החיים הממוצע שלהם אינו עולה על שנה. חשיפה לנכסים כאמור תושג באמצעות השקעה במישרין, בנגזרים, בתעודות סל, בקרנות נאמנות או בקרנות השקע"
513026484,http://www.fnx.co.il/sites/docs/genery/mediniut_ashkaa_tzfuia/xnesinvest2022.xls,policy/companies/513026484/raw/513026484/6dbba0544f59_xnesinvest2022.xls,מסלול שקלי טווח קצר,table,,,,120.0,,120.0,,,,,,"מסלול שקלי טווח קצר | נכסי המסלול יהיו חשופים לנכסים הבאים, שאינם צמודים : פקדונות שקליים, מלוות ממשלתיות, הלוואות שקליות   ואג""ח שקליות סחירות ושאינן סחירות, בשיעור חשיפה שלא יפחת מ-75% ולא יעלה על 120% מנכסי המסלול. נכסי המסלול יהיו חשופים לנכסים המפורטים לעיל שמשך החיים הממוצע שלהם אינו עולה על שנה. חשיפה לנכסים כאמור תושג באמצעות השקעה במישרין, בנגזרים, בתעודות סל, בקרנות נאמנות או בקרנות השקע"
513026484,http://www.fnx.co.il/sites/docs/genery/mediniut_ashkaa_tzfuia/pension2022.xls,policy/companies/513026484/raw/513026484/92884ec2d493_pension2022.xls,מסלול שקלי טווח קצר,table,,,,120.0,,120.0,,,,,,"מסלול שקלי טווח קצר | נכסי המסלול יהיו חשופים לנכסים הבאים, שאינם צמודים : פקדונות שקליים, מלוות ממשלתיות, הלוואות שקליות   ואג""ח שקליות סחירות ושאינן סחירות, בשיעור חשיפה שלא יפחת מ-75% ולא יעלה על 120% מנכסי המסלול. נכסי המסלול יהיו חשופים לנכסים המפורטים לעיל שמשך החיים הממוצע שלהם אינו עולה על שנה. חשיפה לנכסים כאמור תושג באמצעות השקעה במישרין, בנגזרים, בתעודות סל, בקרנות נאמנות או בקרנות השקע"
513026484,http://www.fnx.co.il/sites/docs/genery/mediniut_ashkaa_tzfuia/מדיניות השקעה צפויה לשנת 2020 - פנסיה-עדכון ספטמבר 2020.xls,policy/companies/513026484/raw/513026484/dfd3778b8def_מדיניות_השקעה_צפויה_לשנת_2020_-_פנסיה-עדכון_ספטמבר_2020.xls,מסלול שקלי טווח קצר,table,,,,120.0,,120.0,,,,,," | מסלול שקלי טווח קצר | נכסי המסלול יהיו חשופים לנכסים הבאים, שאינם צמודים : פקדונות שקליים, מלוות ממשלתיות, הלוואות שקליות   ואג""ח שקליות סחירות ושאינן סחירות, בשיעור חשיפה שלא יפחת מ-75% ולא יעלה על 120% מנכסי המסלול. נכסי המסלול יהיו חשופים לנכסים המפורטים לעיל שמשך החיים הממוצע שלהם אינו עולה על שנה. חשיפה לנכסים כאמור תושג באמצעות השקעה במישרין, בנגזרים, בתעודות סל, בקרנות נאמנות או בקרנות ה"
513026484,http://www.fnx.co.il/sites/docs/genery/mediniut_ashkaa_tzfuia/xnesinvest2020.xls,policy/companies/513026484/raw/513026484/30efc97048b9_xnesinvest2020.xls,מסלול שקלי טווח קצר,table,,,,120.0,,120.0,,,,,," | מסלול שקלי טווח קצר | נכסי המסלול יהיו חשופים לנכסים הבאים, שאינם צמודים : פקדונות שקליים, מלוות ממשלתיות, הלוואות שקליות   ואג""ח שקליות סחירות ושאינן סחירות, בשיעור חשיפה שלא יפחת מ-75% ולא יעלה על 120% מנכסי המסלול. נכסי המסלול יהיו חשופים לנכסים המפורטים לעיל שמשך החיים הממוצע שלהם אינו עולה על שנה. חשיפה לנכסים כאמור תושג באמצעות השקעה במישרין, בנגזרים, בתעודות סל, בקרנות נאמנות או בקרנות ה"
513026484,http://www.fnx.co.il/sites/docs/genery/mediniut_ashkaa_tzfuia/pension2020.xls,policy/companies/513026484/raw/513026484/80d3d8269950_pension2020.xls,מסלול שקלי טווח קצר,table,,,,120.0,,120.0,,,,,," | מסלול שקלי טווח קצר | נכסי המסלול יהיו חשופים לנכסים הבאים, שאינם צמודים : פקדונות שקליים, מלוות ממשלתיות, הלוואות שקליות   ואג""ח שקליות סחירות ושאינן סחירות, בשיעור חשיפה שלא יפחת מ-75% ולא יעלה על 120% מנכסי המסלול. נכסי המסלול יהיו חשופים לנכסים המפורטים לעיל שמשך החיים הממוצע שלהם אינו עולה על שנה. חשיפה לנכסים כאמור תושג באמצעות השקעה במישרין, בנגזרים, בתעודות סל, בקרנות נאמנות או בקרנות ה"
513026484,http://www.fnx.co.il/sites/docs/genery/mediniut_ashkaa_tzfuia/pension2020_update06.xls,policy/companies/513026484/raw/513026484/ae2ce03e23d2_pension2020_update06.xls,מסלול שקלי טווח קצר,table,,,,120.0,,120.0,,,,,," | מסלול שקלי טווח קצר | נכסי המסלול יהיו חשופים לנכסים הבאים, שאינם צמודים : פקדונות שקליים, מלוות ממשלתיות, הלוואות שקליות   ואג""ח שקליות סחירות ושאינן סחירות, בשיעור חשיפה שלא יפחת מ-75% ולא יעלה על 120% מנכסי המסלול. נכסי המסלול יהיו חשופים לנכסים המפורטים לעיל שמשך החיים הממוצע שלהם אינו עולה על שנה. חשיפה לנכסים כאמור תושג באמצעות השקעה במישרין, בנגזרים, בתעודות סל, בקרנות נאמנות או בקרנות ה"
513026484,http://www.fnx.co.il/sites/docs/genery/mediniut_ashkaa_tzfuia/xnsinvest2019.xls,policy/companies/513026484/raw/513026484/11e7ca354338_xnsinvest2019.xls,מסלול שקלי טווח קצר,table,,,,120.0,,120.0,,,,,," | מסלול שקלי טווח קצר | נכסי המסלול יהיו חשופים לנכסים הבאים, שאינם צמודים : פקדונות שקליים, מלוות ממשלתיות, הלוואות שקליות   ואג""ח שקליות סחירות ושאינן סחירות, בשיעור חשיפה שלא יפחת מ-75% ולא יעלה על 120% מנכסי המסלול. נכסי המסלול יהיו חשופים לנכסים המפורטים לעיל שמשך החיים הממוצע שלהם אינו עולה על שנה. חשיפה לנכסים כאמור תושג באמצעות השקעה במישרין, בנגזרים, בתעודות סל, בקרנות נאמנות או בקרנות ה"
513026484,http://www.fnx.co.il/sites/docs/genery/mediniut_ashkaa_tzfuia/pensia2019_update0719.xls,policy/companies/513026484/raw/513026484/7e27ce85fc30_pensia2019_update0719.xls,מסלול שקלי טווח קצר,table,,,,120.0,,120.0,,,,,," | מסלול שקלי טווח קצר | נכסי המסלול יהיו חשופים לנכסים הבאים, שאינם צמודים : פקדונות שקליים, מלוות ממשלתיות, הלוואות שקליות   ואג""ח שקליות סחירות ושאינן סחירות, בשיעור חשיפה שלא יפחת מ-75% ולא יעלה על 120% מנכסי המסלול. נכסי המסלול יהיו חשופים לנכסים המפורטים לעיל שמשך החיים הממוצע שלהם אינו עולה על שנה. חשיפה לנכסים כאמור תושג באמצעות השקעה במישרין, בנגזרים, בתעודות סל, בקרנות נאמנות או בקרנות ה"
513026484,http://www.fnx.co.il/sites/docs/genery/mediniut_ashkaa_tzfuia/pensia2019.xls,policy/companies/513026484/raw/513026484/b5d99ba940df_pensia2019.xls,מסלול שקלי טווח קצר,table,,,,120.0,,120.0,,,,,," | מסלול שקלי טווח קצר | נכסי המסלול יהיו חשופים לנכסים הבאים, שאינם צמודים : פקדונות שקליים, מלוות ממשלתיות, הלוואות שקליות   ואג""ח שקליות סחירות ושאינן סחירות, בשיעור חשיפה שלא יפחת מ-75% ולא יעלה על 120% מנכסי המסלול. נכסי המסלול יהיו חשופים לנכסים המפורטים לעיל שמשך החיים הממוצע שלהם אינו עולה על שנה. חשיפה לנכסים כאמור תושג באמצעות השקעה במישרין, בנגזרים, בתעודות סל, בקרנות נאמנות או בקרנות ה"
513026484,http://www.fnx.co.il/sites/docs/genery/mediniut_ashkaa_tzfuia/מדיניות השקעה צפויה לשנת 2020 -  ביטוח-עדכון ספטמבר 2020.xls,policy/companies/513026484/raw/513026484/7fdf97f1bafa_מדיניות_השקעה_צפויה_לשנת_2020_-__ביטוח-עדכון_ספטמבר_2020.xls,מסלול שקלי טווח קצר בחסכון הפרט בלבד,table,,,,120.0,,120.0,,,,,," | מסלול שקלי טווח קצר (בחסכון הפרט בלבד) | נכסי המסלול יהיו חשופים לנכסים הבאים, שאינם צמודים : פקדונות שקליים, מלוות ממשלתיות, הלוואות שקליות   ואג""ח שקליות סחירות ושאינן סחירות, בשיעור חשיפה שלא יפחת מ-75% ולא יעלה על 120% מנכסי המסלול. נכסי המסלול יהיו חשופים לנכסים המפורטים לעיל שמשך החיים הממוצע שלהם אינו עולה על שנה. חשיפה לנכסים כאמור תושג באמצעות השקעה במישרין, בנגזרים, בתעודות סל, בקרנות"
513026484,http://www.fnx.co.il/sites/docs/genery/mediniut_ashkaa_tzfuia/מדיניות השקעה צפויה לשנת 2020 - פנסיה-עדכון ספטמבר 2020.xls,policy/companies/513026484/raw/513026484/dfd3778b8def_מדיניות_השקעה_צפויה_לשנת_2020_-_פנסיה-עדכון_ספטמבר_2020.xls,מקיפה חדשה התשע ז 2017 והחוזרים מכוחן,table,,,201.0,201.0,201.0,201.0,,,,,," |  | מקיפה חדשה) התשע""ז 2017 והחוזרים מכוחן. |  | "
513026484,http://www.fnx.co.il/sites/docs/genery/mediniut_ashkaa_tzfuia/pension2020.xls,policy/companies/513026484/raw/513026484/80d3d8269950_pension2020.xls,מקיפה חדשה התשע ז 2017 והחוזרים מכוחן,table,,,201.0,201.0,201.0,201.0,,,,,," |  | מקיפה חדשה) התשע""ז 2017 והחוזרים מכוחן. |  | "
513026484,http://www.fnx.co.il/sites/docs/genery/mediniut_ashkaa_tzfuia/pension2020_update06.xls,policy/companies/513026484/raw/513026484/ae2ce03e23d2_pension2020_update06.xls,מקיפה חדשה התשע ז 2017 והחוזרים מכוחן,table,,,201.0,201.0,201.0,201.0,,,,,," |  | מקיפה חדשה) התשע""ז 2017 והחוזרים מכוחן. |  | "
513026484,http://www.fnx.co.il/sites/docs/genery/mediniut_ashkaa_tzfuia/pensia2019_update0719.xls,policy/companies/513026484/raw/513026484/7e27ce85fc30_pensia2019_update0719.xls,מקיפה חדשה התשע ז 2017 והחוזרים מכוחן,table,,,201.0,201.0,201.0,201.0,,,,,," |  | מקיפה חדשה) התשע""ז 2017 והחוזרים מכוחן. |  | "
513026484,http://www.fnx.co.il/sites/docs/genery/mediniut_ashkaa_tzfuia/pensia2019.xls,policy/companies/513026484/raw/513026484/b5d99ba940df_pensia2019.xls,מקיפה חדשה התשע ז 2017 והחוזרים מכוחן,table,,,201.0,201.0,201.0,201.0,,,,,," |  | מקיפה חדשה) התשע""ז 2017 והחוזרים מכוחן. |  | "
513026484,http://www.fnx.co.il/sites/docs/genery/mediniut_ashkaa_tzfuia/gemelashkaa2020_update0620.xls,policy/companies/513026484/raw/513026484/459ae97b1bb5_gemelashkaa2020_update0620.xls,על התנאים המנויים בסעיף 6 ו לפרק 4 בחלק 2 בשער 5 לקודקס הרגולציה של רשות שוק ההון ביטוח וחיסכון שעניינו כללי השקעה,table,,,6.0,6.0,6.0,6.0,,,,,," |  | על התנאים המנויים בסעיף 6(ו) לפרק 4 בחלק 2 בשער 5 לקודקס הרגולציה של רשות שוק ההון, ביטוח וחיסכון שעניינו כללי השקעה] | 0.06 | MSCI EM"
513026484,http://www.fnx.co.il/sites/docs/genery/mediniut_ashkaa_tzfuia/gemelashkaa2020_update0420.xls,policy/companies/513026484/raw/513026484/5aa9781fcccb_gemelashkaa2020_update0420.xls,על התנאים המנויים בסעיף 6 ו לפרק 4 בחלק 2 בשער 5 לקודקס הרגולציה של רשות שוק ההון ביטוח וחיסכון שעניינו כללי השקעה,table,,,6.0,6.0,6.0,6.0,,,,,," |  | על התנאים המנויים בסעיף 6(ו) לפרק 4 בחלק 2 בשער 5 לקודקס הרגולציה של רשות שוק ההון, ביטוח וחיסכון שעניינו כללי השקעה] | 0.06 | MSCI EM"
513026484,http://www.fnx.co.il/sites/docs/genery/mediniut_ashkaa_tzfuia/gemelashkaa2020.xls,policy/companies/513026484/raw/513026484/29fd4fe237dd_gemelashkaa2020.xls,על התנאים המנויים בסעיף 6 לחוזר גופים מוסדיים 2013 9 13 שעניינו כללי השקעה החלים על,table,,,9.0,13.0,9.0,13.0,,,,,, |  | על התנאים המנויים בסעיף 6 לחוזר גופים מוסדיים 2013-9-13 שעניינו כללי השקעה החלים על | 0.06 | MSCI EM
513026484,http://www.fnx.co.il/sites/docs/genery/mediniut_ashkaa_tzfuia/gemelgeneral2019_update0719.xls,policy/companies/513026484/raw/513026484/d7279819ccd6_gemelgeneral2019_update0719.xls,על התנאים המנויים בסעיף 6 לחוזר גופים מוסדיים 2013 9 13 שעניינו כללי השקעה החלים על,table,,,9.0,13.0,9.0,13.0,,,,,, |  | על התנאים המנויים בסעיף 6 לחוזר גופים מוסדיים 2013-9-13 שעניינו כללי השקעה החלים על | 0.07 | MSCI EM
513026484,http://www.fnx.co.il/sites/docs/genery/mediniut_ashkaa_tzfuia/gemelgeneral2019.xls,policy/companies/513026484/raw/513026484/a4e76debf7c8_gemelgeneral2019.xls,על התנאים המנויים בסעיף 6 לחוזר גופים מוסדיים 2013 9 13 שעניינו כללי השקעה החלים על,table,,,9.0,13.0,9.0,13.0,,,,,, |  | על התנאים המנויים בסעיף 6 לחוזר גופים מוסדיים 2013-9-13 שעניינו כללי השקעה החלים על | 0.07 | MSCI EM
513026484,http://www.fnx.co.il/sites/docs/genery/mediniut_ashkaa_tzfuia/gemel2019_update0919.xls,policy/companies/513026484/raw/513026484/e542f3d418c9_gemel2019_update0919.xls,על התנאים המנויים בסעיף 6 לחוזר גופים מוסדיים 2013 9 13 שעניינו כללי השקעה החלים על,table,,,9.0,13.0,9.0,13.0,,,,,, |  | על התנאים המנויים בסעיף 6 לחוזר גופים מוסדיים 2013-9-13 שעניינו כללי השקעה החלים על | 0.07 | MSCI EM
513026484,http://www.fnx.co.il/sites/docs/genery/mediniut_ashkaa_tzfuia/gemel2019_update0719.xls,policy/companies/513026484/raw/513026484/04e93db51529_gemel2019_update0719.xls,על התנאים המנויים בסעיף 6 לחוזר גופים מוסדיים 2013 9 13 שעניינו כללי השקעה החלים על,table,,,9.0,13.0,9.0,13.0,,,,,, |  | על התנאים המנויים בסעיף 6 לחוזר גופים מוסדיים 2013-9-13 שעניינו כללי השקעה החלים על | 0.07 | MSCI EM
513026484,http://www.fnx.co.il/sites/docs/genery/mediniut_ashkaa_tzfuia/gemel2019.xls,policy/companies/513026484/raw/513026484/e353e49ff159_gemel2019.xls,על התנאים המנויים בסעיף 6 לחוזר גופים מוסדיים 2013 9 13 שעניינו כללי השקעה החלים על,table,,,9.0,13.0,9.0,13.0,,,,,, |  | על התנאים המנויים בסעיף 6 לחוזר גופים מוסדיים 2013-9-13 שעניינו כללי השקעה החלים על | 0.07 | MSCI EM
513026484,http://www.fnx.co.il/sites/docs/genery/mediniut_ashkaa_tzfuia/מדיניות השקעה צפויה לשנת 2020 - פנסיה-עדכון ספטמבר 2020.xls,policy/companies/513026484/raw/513026484/dfd3778b8def_מדיניות_השקעה_צפויה_לשנת_2020_-_פנסיה-עדכון_ספטמבר_2020.xls,פנסיה מקיפה חדשה התשע ז 2017 והחוזרים מכוחן,table,,,201.0,201.0,201.0,201.0,,,,,," |  | פנסיה מקיפה חדשה) התשע""ז 2017 והחוזרים מכוחן. |  | "
513026484,http://www.fnx.co.il/sites/docs/genery/mediniut_ashkaa_tzfuia/pension2020.xls,policy/companies/513026484/raw/513026484/80d3d8269950_pension2020.xls,פנסיה מקיפה חדשה התשע ז 2017 והחוזרים מכוחן,table,,,201.0,201.0,201.0,201.0,,,,,," |  | פנסיה מקיפה חדשה) התשע""ז 2017 והחוזרים מכוחן. |  | "
513026484,http://www.fnx.co.il/sites/docs/genery/mediniut_ashkaa_tzfuia/pension2020_update06.xls,policy/companies/513026484/raw/513026484/ae2ce03e23d2_pension2020_update06.xls,פנסיה מקיפה חדשה התשע ז 2017 והחוזרים מכוחן,table,,,201.0,201.0,201.0,201.0,,,,,," |  | פנסיה מקיפה חדשה) התשע""ז 2017 והחוזרים מכוחן. |  | "
513026484,http://www.fnx.co.il/sites/docs/genery/mediniut_ashkaa_tzfuia/pensia2019_update0719.xls,policy/companies/513026484/raw/513026484/7e27ce85fc30_pensia2019_update0719.xls,פנסיה מקיפה חדשה התשע ז 2017 והחוזרים מכוחן,table,,,201.0,201.0,201.0,201.0,,,,,," |  | פנסיה מקיפה חדשה) התשע""ז 2017 והחוזרים מכוחן. |  | "
513026484,http://www.fnx.co.il/sites/docs/genery/mediniut_ashkaa_tzfuia/pensia2019.xls,policy/companies/513026484/raw/513026484/b5d99ba940df_pensia2019.xls,פנסיה מקיפה חדשה התשע ז 2017 והחוזרים מכוחן,table,,,201.0,201.0,201.0,201.0,,,,,," |  | פנסיה מקיפה חדשה) התשע""ז 2017 והחוזרים מכוחן. |  | "
513026484,http://www.fnx.co.il/sites/docs/genery/mediniut_ashkaa_tzfuia/pension2021_update0421.xls,policy/companies/513026484/raw/513026484/fbfc723ed218_pension2021_update0421.xls,פנסיה משלימה SP500,table,,,500.0,500.0,500.0,500.0,,,,,," | פנסיה משלימה - SP500 | נכסי המסלול יעקבו אחר מדד  S&P500 בשיעור חשיפה של 100% מנכסי המסלול. נכסי המסלול העוקבים אחר המדד כמפורט לעיל יהיו כל נכסי המסלול למעט שיעור מהנכסים אשר יושקע במזומנים לצורך טיפול בהפקדות, משיכות והעברות כספים. | 1.0 | S&P500"
513026484,http://www.fnx.co.il/sites/docs/genery/mediniut_ashkaa_tzfuia/pension2022-update11-22.xls,policy/companies/513026484/raw/513026484/c81d0f5ae3c7_pension2022-update11-22.xls,פנסיה משלימה SP500,table,,,500.0,500.0,500.0,500.0,,,,,,"פנסיה משלימה - SP500 | נכסי המסלול יעקבו אחר מדד  S&P500 בשיעור חשיפה של 100% מנכסי המסלול. נכסי המסלול העוקבים אחר המדד כמפורט לעיל יהיו כל נכסי המסלול למעט שיעור מהנכסים אשר יושקע במזומנים לצורך טיפול בהפקדות, משיכות והעברות כספים. | 1.0 | S&P500 | "
513026484,http://www.fnx.co.il/sites/docs/genery/mediniut_ashkaa_tzfuia/pension2022.xls,policy/companies/513026484/raw/513026484/92884ec2d493_pension2022.xls,פנסיה משלימה SP500,table,,,500.0,500.0,500.0,500.0,,,,,,"פנסיה משלימה - SP500 | נכסי המסלול יעקבו אחר מדד  S&P500 בשיעור חשיפה של 100% מנכסי המסלול. נכסי המסלול העוקבים אחר המדד כמפורט לעיל יהיו כל נכסי המסלול למעט שיעור מהנכסים אשר יושקע במזומנים לצורך טיפול בהפקדות, משיכות והעברות כספים. | 1.0 | S&P500 | "
513026484,http://www.fnx.co.il/sites/docs/genery/mediniut_ashkaa_tzfuia/מדיניות השקעה צפויה לשנת 2020 - פנסיה-עדכון ספטמבר 2020.xls,policy/companies/513026484/raw/513026484/dfd3778b8def_מדיניות_השקעה_צפויה_לשנת_2020_-_פנסיה-עדכון_ספטמבר_2020.xls,קופות גמל זקיפת תשואות בקרן פנסיה מקיפה חדשה התשע ז 2017 והחוזרים מכוחן,table,,,201.0,201.0,201.0,201.0,,,,,," |  | (קופות גמל)(זקיפת תשואות בקרן פנסיה מקיפה חדשה) התשע""ז 2017 והחוזרים מכוחן. |  | "
513026484,http://www.fnx.co.il/sites/docs/genery/mediniut_ashkaa_tzfuia/pension2020.xls,policy/companies/513026484/raw/513026484/80d3d8269950_pension2020.xls,קופות גמל זקיפת תשואות בקרן פנסיה מקיפה חדשה התשע ז 2017 והחוזרים מכוחן,table,,,201.0,201.0,201.0,201.0,,,,,," |  | (קופות גמל)(זקיפת תשואות בקרן פנסיה מקיפה חדשה) התשע""ז 2017 והחוזרים מכוחן. |  | "
513026484,http://www.fnx.co.il/sites/docs/genery/mediniut_ashkaa_tzfuia/pension2020_update06.xls,policy/companies/513026484/raw/513026484/ae2ce03e23d2_pension2020_update06.xls,קופות גמל זקיפת תשואות בקרן פנסיה מקיפה חדשה התשע ז 2017 והחוזרים מכוחן,table,,,201.0,201.0,201.0,201.0,,,,,," |  | (קופות גמל)(זקיפת תשואות בקרן פנסיה מקיפה חדשה) התשע""ז 2017 והחוזרים מכוחן. |  | "
513026484,http://www.fnx.co.il/sites/docs/genery/mediniut_ashkaa_tzfuia/pensia2019_update0719.xls,policy/companies/513026484/raw/513026484/7e27ce85fc30_pensia2019_update0719.xls,קופות גמל זקיפת תשואות בקרן פנסיה מקיפה חדשה התשע ז 2017 והחוזרים מכוחן,table,,,201.0,201.0,201.0,201.0,,,,,," |  | (קופות גמל)(זקיפת תשואות בקרן פנסיה מקיפה חדשה) התשע""ז 2017 והחוזרים מכוחן. |  | "
513026484,http://www.fnx.co.il/sites/docs/genery/mediniut_ashkaa_tzfuia/pensia2019.xls,policy/companies/513026484/raw/513026484/b5d99ba940df_pensia2019.xls,קופות גמל זקיפת תשואות בקרן פנסיה מקיפה חדשה התשע ז 2017 והחוזרים מכוחן,table,,,201.0,201.0,201.0,201.0,,,,,," |  | (קופות גמל)(זקיפת תשואות בקרן פנסיה מקיפה חדשה) התשע""ז 2017 והחוזרים מכוחן. |  | "
