legal_id,track_no,track_no_source,track_name,doc_equity,gov_equity,doc_fx,gov_fx,max_gap,status
510773922,9920,registry_name_fallback,מסלול המותאם לגילאים 50 עד 60,47.3,47.64,19.39,18.31,1.0800000000000018,ok
510773922,9921,registry_name_fallback,מסלול המותאם לגילאים 60,28.11,28.48,17.62,16.34,1.2800000000000011,ok
510773922,9922,registry_name_fallback,מדיניות צפויה למסלול עד 50,57.62,56.74,19.5,18.96,0.8799999999999955,ok
510806870,1316,registry_name_fallback,מסלול אשראי ואג ח,0.0,,3.24,3.08,0.16000000000000014,ok
510806870,1317,registry_name_fallback,מסלול מניות,96.78,96.94,25.39,25.39,0.1599999999999966,ok
510806870,1430,registry_name_fallback,מסלול כספי,0.0,,0.0,0.0,0.0,ok
510806870,14848,registry_name_fallback,מסלול עוקב מדד S&P500,99.63,99.67,99.68,99.7,0.04000000000000625,ok
510806870,392,registry_name_fallback,מסלול כללי,48.24,48.3,18.63,18.56,0.07000000000000028,ok
510806870,8891,registry_name_fallback,מסלול אשראי ואג ח עד 25% מניות,23.38,23.39,9.67,9.69,0.019999999999999574,ok
510927536,1456,registry_name_fallback,מסלול אשראי ואג ח,,0.0,2.99,0.63,2.3600000000000003,ok
510927536,418,registry_name_fallback,מדיניות השקעה מסלול כללי,45.84,47.98,19.29,17.38,2.1399999999999935,ok
510930654,12435,site_map,השתלמות מניות,0.0,93.78,2.9,35.02,93.78,mismatch
510930654,14949,registry_name_fallback,גמל להשקעה מניות,97.45,88.59,39.65,44.57,8.86,check
510930654,15203,registry_name_fallback,גמל להשקעה עוקב מדד S&P 500,99.27,97.83,99.63,97.83,1.7999999999999972,ok
510930654,15204,registry_name_fallback,השתלמות עוקב מדד S&P 500,97.07,96.98,97.26,97.18,0.0899999999999892,ok
510930654,419,registry_name_fallback,השתלמות כללי,44.7,46.87,22.22,20.71,2.1699999999999946,ok
510930670,1471,registry_name_fallback,מסלול אשראי ואג ח 2026,0.0,,1.7,1.8,0.10000000000000009,ok
510930670,420,registry_name_fallback,פרח כללי,44.17,43.26,19.17,21.52,2.349999999999998,ok
510960586,1182,site_map,השתלמות,46.0,48.33,20.0,20.39,2.3299999999999983,ok
510960586,12905,registry_name_fallback,מסלול כללי,45.0,45.07,20.0,18.97,1.0300000000000011,ok
510960586,13680,registry_name_fallback,קופת גמל להשקעה מניות,97.0,94.92,30.0,28.3,2.0799999999999983,ok
510960586,14769,registry_name_fallback,השתלמות מניות,95.0,93.35,30.0,29.05,1.6500000000000057,ok
510960586,15416,site_map,תגמולים מחקה מדד 500 S&P,100.0,96.05,100.0,96.14,3.950000000000003,ok
510960586,7228,site_map,תגמולים עד 50,48.0,50.89,21.0,20.71,2.8900000000000006,ok
510960586,7229,site_map,תגמולים מעל 60,27.0,29.4,18.0,17.3,2.3999999999999986,ok
510960586,969,site_map,פיצויים,48.0,50.13,20.0,20.81,2.1300000000000026,ok
510960586,9817,site_map,תגמולים 50 60,47.0,45.86,19.0,19.55,1.1400000000000006,ok
510960586,9818,site_map,מסלול המנייתי,0.0,,0.0,,,no_data
511033060,13649,name,קרן חיסכון לצבא הקבע קרן החיסכון לצבא הקבע עוקב מדד s&p500,99.52,99.5,98.94,98.93,0.01999999999999602,ok
511033060,1410,name,קרן חיסכון לצבא הקבע קחצ ק מסלול אשראי ואג ח,5.22,8.29,4.01,4.01,3.0699999999999994,ok
511033060,1411,name,קרן חיסכון לצבא הקבע קחצ ק מסלול מנייתי,100.43,100.64,24.12,24.12,0.20999999999999375,ok
511033060,14274,name,קרן חיסכון לצבא הקבע קחצ ק מסלול קיימות,92.61,92.71,23.98,23.99,0.09999999999999432,ok
511033060,15304,name,קרן חיסכון לצבא הקבע קחצ ק מסלול כספי,0.0,0.0,0.0,0.0,0.0,ok
511033060,15305,name,קרן חיסכון לצבא הקבע קחצ ק מסלול מניות סחיר,99.89,99.9,20.34,20.34,0.010000000000005116,ok
511033060,15306,name,קרן חיסכון לצבא הקבע קחצ ק מסלול משולב סחיר,54.56,54.59,92.89,92.84,0.04999999999999716,ok
511033060,15307,name,קרן חיסכון לצבא הקבע קחצ ק מסלול עוקב מדדים גמיש,56.0,55.98,17.35,17.37,0.020000000000003126,ok
511033060,15308,name,קרן חיסכון לצבא הקבע קחצ ק מסלול עוקב מדדי מניות,96.83,96.82,95.43,95.42,0.010000000000005116,ok
511033060,438,name,קרן חיסכון לצבא הקבע קרן החיסכון לצבא הקבע כללי,48.14,51.54,17.71,17.71,3.3999999999999986,ok
511880460,11365,name,אנליסט חיסכון לילד חוסכים המעדיפים סיכון מועט מ ה 11365,32.4,33.24,14.92,14.93,0.8400000000000034,ok
511880460,11366,name,אנליסט חיסכון לילד חוסכים המעדיפים סיכון בינוני מ ה 11366,51.83,52.2,22.21,22.22,0.37000000000000455,ok
511880460,11367,name,אנליסט חיסכון לילד חוסכים המעדיפים סיכון גבוה מ ה 11367,99.27,99.23,26.3,26.32,0.03999999999999204,ok
511880460,118,name,אנליסט פיצויים כללי מ ה 118,51.46,52.09,22.17,22.18,0.6300000000000026,ok
511880460,13853,registry_name_fallback,אנליסט קרן השתלמות עוקב מדד S&P500 מ ה 13583,100.03,100.07,100.1,100.15,0.05000000000001137,ok
511880460,13854,name,אנליסט מסלול גמל להשקעה עוקב מדד S&P500 מ ה 13854,100.3,100.35,100.43,100.5,0.06999999999999318,ok
511880460,13855,name,אנליסט גמל עוקב מדד S&P500 מ ה 13855,100.22,100.25,100.55,100.61,0.060000000000002274,ok
511880460,1412,name,אנליסט גמל אג ח ממשלות מ ה 1412,0.0,0.89,3.18,3.18,0.89,ok
511880460,14279,name,אנליסט גמל עוקב מדדים גמיש מ ה 14279,99.48,99.53,0.0,0.0,0.04999999999999716,ok
511880460,15309,name,אנליסט גמל להשקעה עוקב מדדי מניות מ ה 15309,99.45,99.5,97.65,97.72,0.06999999999999318,ok
511880460,15310,name,אנליסט גמל עוקב מדדי מניות מ ה 15310,99.23,99.24,99.07,99.12,0.05000000000001137,ok
511880460,15311,name,אנליסט השתלמות עוקב מדדים גמיש מ ה 15311,99.15,99.19,0.0,0.0,0.03999999999999204,ok
511880460,15312,name,אנליסט השתלמות עוקב מדדי מניות מ ה 15312,99.43,99.46,98.8,98.86,0.060000000000002274,ok
511880460,1535,name,אנליסט השתלמות כספי שקלי מ ה 1535,0.0,0.0,0.0,0.0,0.0,ok
511880460,7834,name,אנליסט גמל להשקעה כללי מ ה 7834,47.46,47.95,18.3,18.32,0.490000000000002,ok
511880460,7836,name,אנליסט גמל להשקעה מניות מ ה 7836,99.12,99.16,26.84,26.88,0.03999999999999915,ok
511880460,7837,name,אנליסט גמל להשקעה אשראי ואג ח מ ה 7837,0.0,0.94,4.19,4.19,0.94,ok
511880460,7839,name,אנליסט גמל להשקעה כספי שקלי מ ה 7839,0.0,0.0,0.0,0.0,0.0,ok
511880460,7842,name,אנליסט גמל להשקעה משולב סחיר מ ה 7842,46.1,46.12,97.35,97.41,0.060000000000002274,ok
511880460,7843,name,אנליסט גמל להשקעה עוקב מדדים גמיש מ ה 7843,99.01,99.08,0.0,0.0,0.06999999999999318,ok
511880460,7986,name,אנליסט גמל להשקעה אשראי ואג ח עד 25% מניות מ ה 7986,20.4,21.32,12.37,12.38,0.9200000000000017,ok
511880460,813,name,אנליסט גמל אשראי ואג ח מ ה 813,0.0,1.19,5.66,5.66,1.19,ok
511880460,814,name,אנליסט גמל מניות מ ה 814,99.34,99.35,26.44,26.47,0.029999999999997584,ok
511880460,815,name,אנליסט גמל כספי שקלי מ ה 815,0.0,0.0,0.0,0.0,0.0,ok
511880460,817,name,אנליסט גמל מניות סחיר מ ה 817,100.28,100.33,93.14,93.2,0.060000000000002274,ok
511880460,818,name,אנליסט גמל משולב סחיר מ ה 818,45.95,45.98,96.66,96.72,0.060000000000002274,ok
511880460,8679,name,אנליסט השתלמות אשראי ואג ח עד 25% מניות מ ה 8679,20.54,21.08,12.62,12.63,0.5399999999999991,ok
511880460,8779,name,אנליסט השתלמות משולב סחיר מ ה 8779,45.94,45.96,96.95,97.01,0.060000000000002274,ok
511880460,962,name,אנליסט השתלמות כללי מ ה 962,46.05,46.56,17.83,17.85,0.5100000000000051,ok
511880460,963,name,אנליסט השתלמות מניות מ ה 963,99.8,99.81,26.87,26.9,0.029999999999997584,ok
511880460,972,name,אנליסט השתלמות אשראי ואג ח מ ה 972,0.0,1.2,5.61,5.61,1.2,ok
511880460,973,name,השתלמות אג ח ממשלות מ ה 973,0.0,0.99,3.61,3.61,0.99,ok
511880460,9730,name,אנליסט גמל לבני 50 ומטה מ ה 9730,58.06,58.56,19.27,19.28,0.5,ok
511880460,9731,name,אנליסט גמל לבני 50 60 מ ה 9731,48.12,48.59,18.3,18.32,0.47000000000000597,ok
511880460,9732,name,אנליסט גמל לבני 60 ומעלה מ ה 9732,29.59,30.17,13.15,13.17,0.5800000000000018,ok
512008335,7209,registry_name_fallback,מסלול המותאם לגילאים עד 50,56.51,57.38,18.39,17.77,0.8700000000000045,ok
512008335,7210,registry_name_fallback,מסלול המותאם לגילאים 50 עד 60,47.26,48.81,18.75,18.7,1.5500000000000043,ok
512008335,7211,registry_name_fallback,מסלול המותאם לגילאים 60 +,16.76,16.78,12.6,8.28,4.32,ok
512065202,103,doc_code,מיטב גמל לבני 50 עד 60,45.98,46.04,18.04,18.06,0.060000000000002274,ok
512065202,1107,doc_code,מיטב פיצויים מסלול אגח ללא מניות,0.0,0.0,3.97,3.98,0.009999999999999787,ok
512065202,11385,doc_code,מיטב חסכון לכל ילד חוסכים המעדיפים סיכון מועט,27.09,27.12,12.44,12.45,0.030000000000001137,ok
512065202,11386,doc_code,מיטב חסכון לכל ילד חוסכים המעדיפים סיכון בינוני,46.6,46.69,17.85,17.88,0.0899999999999963,ok
512065202,11387,doc_code,מיטב חסכון לכל ילד חוסכים המעדיפים סיכון מוגבר,97.33,97.73,23.92,24.01,0.4000000000000057,ok
512065202,11388,doc_code,מיטב חסכון לכל ילד מסלול הלכה,97.69,97.84,96.79,96.94,0.15000000000000568,ok
512065202,120,doc_code,מיטב בטחון מבטיח תשואה 4 5,15.28,15.33,5.31,5.32,0.05000000000000071,ok
512065202,12157,doc_code,מיטב פנסיה מקיפה פנסיונרים 2018 והלאה,14.96,14.96,10.67,10.68,0.009999999999999787,ok
512065202,12158,doc_code,מיטב פנסיה כללית פנסיונרים 2018 והלאה,32.46,32.46,17.41,17.41,0.0,ok
512065202,1240,doc_code,מיטב השתלמות אשראי ואגח,3.71,3.72,7.28,7.29,0.010000000000000231,ok
512065202,1276,doc_code,מיטב פיצויים סלע,9.63,9.62,10.43,10.46,0.030000000000001137,ok
512065202,12966,doc_code,מיטב פנסיה מקיפה פנסיונרים הלכה,23.26,23.25,5.02,5.02,0.010000000000001563,ok
512065202,13245,doc_code,מיטב השתלמות עוקב מדד S&P500,99.78,99.9,99.12,99.23,0.12000000000000455,ok
512065202,13246,doc_code,מיטב גמל עוקב מדד S&P500,99.73,99.87,99.06,99.2,0.14000000000000057,ok
512065202,13259,doc_code,מיטב גמל להשקעה עוקב מדד S&P 500,99.87,99.84,99.2,99.17,0.030000000000001137,ok
512065202,13260,doc_code,מיטב פנסיה מקיפה עוקב מדד S&P500,70.7,70.71,70.23,70.23,0.009999999999990905,ok
512065202,13285,doc_code,מיטב פנסיה כללית עוקב מדד S&P500,99.63,99.65,98.97,98.99,0.020000000000010232,ok
512065202,13286,doc_code,מיטב כללית מסלול הלכה למקבלי קצבה,40.03,39.73,6.29,6.16,0.30000000000000426,ok
512065202,1370,doc_code,מיטב השתלמות כספי שקלי,0.0,0.0,0.68,0.68,0.0,ok
512065202,1372,doc_code,מיטב פיצויים טווח קצר,0.0,0.0,0.0,0.0,0.0,ok
512065202,1386,doc_code,מיטב גמל אגח ממשלות,0.0,0.0,4.08,4.08,0.0,ok
512065202,1387,doc_code,מיטב השתלמות אג ח ממשלת ישראל,0.0,0.0,4.2,4.21,0.009999999999999787,ok
512065202,14259,doc_code,מיטב מקיפה משולב סחיר,68.85,68.85,4.12,4.12,0.0,ok
512065202,14260,doc_code,מיטב מקיפה עוקב מדדים גמיש,50.46,50.47,36.28,36.28,0.00999999999999801,ok
512065202,14261,doc_code,מיטב מקיפה קיימות,68.82,68.82,3.31,3.31,0.0,ok
512065202,14264,doc_code,מיטב גמל משולב סחיר,96.85,97.84,5.79,5.85,0.9900000000000091,ok
512065202,14265,doc_code,מיטב גמל עוקב מדדים גמיש,50.03,50.01,51.44,51.42,0.020000000000003126,ok
512065202,14267,doc_code,מיטב כללית משולב סחיר,97.75,97.75,5.87,5.87,0.0,ok
512065202,14268,doc_code,מיטב כללית עוקב מדדים גמיש,49.78,49.81,52.42,52.41,0.030000000000001137,ok
512065202,14269,doc_code,מיטב כללית קיימות,96.51,96.52,4.64,4.66,0.020000000000000462,ok
512065202,14270,doc_code,מיטב גמל להשקעה קיימות,96.99,97.32,4.66,4.68,0.3299999999999983,ok
512065202,1528,doc_code,מיטב פיצויים שקלי,0.0,0.0,3.98,3.94,0.040000000000000036,ok
512065202,15344,doc_code,מיטב גמל אגח סחיר,0.0,0.0,98.08,98.59,0.5100000000000051,ok
512065202,15345,doc_code,מיטב גמל מניות סחיר,96.75,96.41,95.44,95.1,0.3400000000000034,ok
512065202,15346,doc_code,מיטב גמל קיימות,97.36,97.14,4.68,4.67,0.21999999999999886,ok
512065202,15347,doc_code,מיטב גמל להשקעה אגח סחיר,0.0,0.0,94.85,94.63,0.21999999999999886,ok
512065202,15348,doc_code,מיטב גמל להשקעה סחיר אגח עם מניות עד 25% מניות,20.63,20.5,5.33,5.3,0.129999999999999,ok
512065202,15349,doc_code,מיטב גמל להשקעה משולב סחיר,97.48,97.1,5.83,5.81,0.38000000000000966,ok
512065202,15350,doc_code,מיטב גמל להשקעה מניות סחיר,98.09,97.59,96.76,96.27,0.5,ok
512065202,15351,doc_code,מיטב גמל להשקעה עוקב מדדי אגח עם מניות עד 25% מנ,22.9,22.79,96.66,96.08,0.5799999999999983,ok
512065202,15352,doc_code,מיטב השתלמות מניות סחיר,98.57,98.81,97.23,97.47,0.2400000000000091,ok
512065202,15353,doc_code,מיטב השתלמות אגח סחיר,0.0,0.0,97.22,97.12,0.09999999999999432,ok
512065202,15354,doc_code,מיטב השתלמות סחיר אגח עם מניות עד 25% מניות,20.65,20.53,5.22,5.19,0.11999999999999744,ok
512065202,15355,doc_code,מיטב השתלמות משולב סחיר,96.69,97.59,5.78,5.84,0.9000000000000057,ok
512065202,15356,doc_code,מיטב השתלמות עוקב מדדי מניות,96.92,96.59,2.6,2.59,0.3299999999999983,ok
512065202,15357,doc_code,מיטב השתלמות עוקב מדדי אגח עם מניות עד 25% מניות,23.15,23.16,100.79,100.0,0.7900000000000063,ok
512065202,15358,registry_name_fallback,מיטב השתלמות קיימות,99.42,98.93,4.78,4.75,0.4899999999999949,ok
512065202,15359,doc_code,מיטב פנסיה מקיפה אגח סחיר,0.0,0.0,63.82,63.83,0.00999999999999801,ok
512065202,15360,doc_code,מיטב פנסיה מקיפה מניות סחיר,69.45,69.46,68.51,68.52,0.009999999999990905,ok
512065202,15361,doc_code,מיטב פנסיה כללית מניות סחיר,96.89,96.88,96.66,96.64,0.01999999999999602,ok
512065202,15362,doc_code,מיטב פנסיה כללית עוקב מדדי מניות,97.83,97.83,2.62,2.62,0.0,ok
512065202,15665,doc_code,מיטב פנסיה כללית מקבלי קצבה עוקב מדדים השקעות,98.4,98.54,40.96,40.92,0.14000000000000057,ok
512065202,15666,doc_code,מיטב פנסיה מקיפה מקבלי קצבה עוקב מדדים השקעות,38.0,38.0,20.35,20.34,0.010000000000001563,ok
512065202,1589,doc_code,מיטב פנסיה מקיפה עוקב מדדי מניות,69.44,69.43,2.01,2.01,0.009999999999990905,ok
512065202,1689,doc_code,מיטב גמל עוקב מדדי מניות,98.13,97.73,2.8,2.79,0.3999999999999915,ok
512065202,1692,doc_code,מיטב גמל עוקב מדדי אגח,23.23,23.23,103.07,100.0,3.069999999999993,ok
512065202,2104,doc_code,מיטב פנסיה מקיפה אשראי ואגח,3.56,3.56,7.62,7.62,0.0,ok
512065202,2105,doc_code,מיטב פנסיה מקיפה מניות,70.29,70.5,22.92,22.99,0.20999999999999375,ok
512065202,2108,doc_code,מיטב פנסיה כללית אשראי ואגח,3.09,3.11,8.09,8.1,0.020000000000000018,ok
512065202,2109,doc_code,מיטב פנסיה כללית מניות,96.88,97.3,24.26,24.36,0.4200000000000017,ok
512065202,2155,doc_code,מיטב פנסיה מקיפה לבני 50 ומטה,55.77,55.91,19.48,19.53,0.13999999999999346,ok
512065202,2156,doc_code,מיטב פנסיה מקיפה כהלכה,47.36,47.48,17.05,17.1,0.11999999999999744,ok
512065202,2157,doc_code,מיטב פנסיה מקיפה מקבלי קיצבה,0.0,0.0,0.37,0.37,0.0,ok
512065202,2158,doc_code,מיטב פנסיה כללית לבני 50 ומטה,55.77,56.19,19.38,19.52,0.4199999999999946,ok
512065202,2159,doc_code,מיטב פנסיה כללית הלכה,44.37,44.16,15.17,15.15,0.21000000000000085,ok
512065202,2160,doc_code,מיטב פנסיה כללית מקבלי קיצבה,0.0,0.0,0.33,0.33,0.0,ok
512065202,223,doc_code,מיטב גמל אשראי ואגח,3.7,3.68,7.35,7.31,0.040000000000000036,ok
512065202,289,doc_code,קרן השתלמות לעובדי בנק ישראל,46.14,46.22,17.62,17.65,0.0799999999999983,ok
512065202,481,doc_code,מיטב השתלמות עוקב מדדים גמיש,50.27,50.27,47.24,47.25,0.00999999999999801,ok
512065202,529,doc_code,מיטב בטחון מבטיח תשואה 5 5,15.17,15.22,3.97,3.99,0.05000000000000071,ok
512065202,551,doc_code,מיטב גמל לבני 60 ומעלה,26.98,27.02,12.69,12.71,0.03999999999999915,ok
512065202,7215,doc_code,מיטב גמל לבני 50 ומטה,55.81,55.92,19.93,19.97,0.10999999999999943,ok
512065202,767,doc_code,מיטב גמל הלכה,47.08,47.2,16.91,16.95,0.12000000000000455,ok
512065202,768,doc_code,מיטב השתלמות הלכה,47.52,47.63,17.28,17.32,0.10999999999999943,ok
512065202,769,doc_code,מיטב פיצויים מסלול כהלכה,48.5,48.39,16.32,16.27,0.10999999999999943,ok
512065202,7860,doc_code,מיטב גמל להשקעה מניות,96.68,96.67,24.24,24.24,0.010000000000005116,ok
512065202,7861,doc_code,מיטב גמל להשקעה טווח קצר,0.0,0.0,0.06,0.07,0.010000000000000009,ok
512065202,7862,doc_code,מיטב גמל להשקעה אשראי ואגח,3.65,3.63,7.63,7.59,0.040000000000000036,ok
512065202,7863,doc_code,מיטב גמל להשקעה הלכה,45.88,45.56,15.39,15.27,0.3200000000000003,ok
512065202,7867,doc_code,מיטב גמל להשקעה עוקב מדדי מניות,98.17,97.74,2.93,2.91,0.4300000000000068,ok
512065202,7978,doc_code,מיטב גמל להשקעה כללי,46.14,46.43,17.92,18.04,0.28999999999999915,ok
512065202,7979,doc_code,מיטב גמל להשקעה עוקב מדדים גמיש,50.23,50.14,50.95,50.86,0.09000000000000341,ok
512065202,7980,doc_code,מיטב גמל להשקעה אשראי ואגח עם מניות עד 25% במניות,23.73,23.7,13.57,13.55,0.030000000000001137,ok
512065202,8645,doc_code,מיטב פנסיה מקיפה זכאים,0.0,0.0,0.24,0.22,0.01999999999999999,ok
512065202,876,doc_code,מיטב גמל כספי שקלי,0.0,0.0,-0.01,0.01,0.02,ok
512065202,877,doc_code,מיטב גמל מניות,96.43,96.41,24.35,24.34,0.020000000000010232,ok
512065202,880,doc_code,מיטב השתלמות כללי,46.01,46.08,17.85,17.88,0.07000000000000028,ok
512065202,883,doc_code,מיטב השתלמות מניות,96.11,96.18,24.23,24.25,0.07000000000000739,ok
512065202,886,doc_code,מיטב פיצויים מסלול כללי,46.13,46.24,17.36,17.4,0.10999999999999943,ok
512065202,8885,doc_code,מיטב השתלמות אשראי ואגח עם מניות עד 25% מניות,24.04,24.02,13.68,13.66,0.019999999999999574,ok
512065202,923,doc_code,מיטב בטחון ללא הבטחת תשואה,46.15,46.29,17.75,17.79,0.14000000000000057,ok
512065202,9491,doc_code,מיטב מרכזית להשתתפות בפנסיה תקציבית,26.89,26.81,18.0,18.12,0.120000000000001,ok
512065202,9967,doc_code,מיטב פנסיה מקיפה לבני 50 עד 60,46.07,46.13,18.09,18.11,0.060000000000002274,ok
512065202,9968,doc_code,מיטב פנסיה מקיפה לבני 60 ומעלה,27.06,27.09,12.9,12.91,0.030000000000001137,ok
512065202,9972,doc_code,מיטב פנסיה כללית לבני 50 עד 60,45.98,46.0,18.08,18.09,0.020000000000003126,ok
512065202,9973,doc_code,מיטב פנסיה כללית לבני 60 ומעלה,27.17,27.17,12.93,12.93,0.0,ok
512237744,1161,name,מקפת מרכזית לדמי מחלה,49.83,49.85,19.58,19.59,0.020000000000003126,ok
512237744,12145,name,מגדל מקפת אישית בסיסי למקבלי קצבה,17.61,17.96,10.31,10.31,0.3500000000000014,ok
512237744,12146,name,מגדל מקפת פנסיונרים הלכה,22.46,22.45,10.66,10.66,0.010000000000001563,ok
512237744,12147,site_map,מקפת אישית פנסיונרים עוקב מדדים למקבלי קצבה,37.82,37.83,13.46,13.47,0.009999999999999787,ok
512237744,12152,name,מגדל מקפת משלימה מסלול כללי מקבלי קצבה,24.93,25.35,13.34,13.34,0.4200000000000017,ok
512237744,1304,name,מקפת מרכזית פנסיה תקציבית,20.42,20.42,11.12,11.13,0.010000000000001563,ok
512237744,13563,name,מגדל גמל להשקעה מסלול עוקב מדד S&P500,99.6,99.66,99.68,99.74,0.060000000000002274,ok
512237744,13565,name,מגדל לתגמולים ופיצוים מסלול עוקב מדד S&P500,99.72,99.77,99.79,99.84,0.04999999999999716,ok
512237744,13572,name,מגדל מקפת אישית מסלול עוקב מדד S&P500,72.94,72.94,73.0,73.0,0.0,ok
512237744,13627,name,מגדל מקפת משלימה מסלול עוקב מדד S&P500,99.82,99.82,99.9,99.9,0.0,ok
512237744,14228,name,מגדל לתגמולים ולפיצויים מסלול עוקב מדד גמיש,52.24,52.26,99.79,99.84,0.04999999999999716,ok
512237744,14229,name,מגדל לתגמולים ולפיצויים מסלול משולב סחיר,55.92,55.94,19.51,19.52,0.01999999999999602,ok
512237744,14242,name,מגדל מקפת אישית משולב סחיר,56.36,56.36,20.14,20.14,0.0,ok
512237744,14243,name,מגדל מקפת אישית עוקב מדדים גמיש,52.1,52.1,73.35,73.35,0.0,ok
512237744,14244,name,מגדל מקפת משלימה משולב סחיר,56.61,56.64,19.94,19.93,0.030000000000001137,ok
512237744,14245,name,מגדל מקפת משלימה עוקב מדדים גמיש,51.92,51.89,99.23,99.22,0.030000000000001137,ok
512237744,14668,name,מגדל השתלמות מסלול עוקב מדד S&P500,99.39,99.44,99.49,99.54,0.05000000000001137,ok
512237744,14929,name,מגדל מקפת אישית עוקב מדדי מניות,72.8,72.85,72.85,72.85,0.04999999999999716,ok
512237744,14930,name,מגדל מקפת משלימה עוקב מדדי מניות,99.72,99.71,99.73,99.73,0.010000000000005116,ok
512237744,14943,name,גמל להשקעה מסלול עוקב מדדי מניות,99.19,99.25,99.22,99.28,0.060000000000002274,ok
512237744,14944,name,גמל להשקעה מסלול אשראי ואגח,1.63,1.62,6.32,6.32,0.009999999999999787,ok
512237744,14945,name,מגדל השתלמות מסלול עוקב מדדי מניות,99.08,99.13,99.11,99.16,0.04999999999999716,ok
512237744,15055,name,מגדל לתגמולים ולפיצויים עוקב מדדי מניות,99.59,99.64,99.6,99.65,0.05000000000001137,ok
512237744,15340,name,מגדל השתלמות אשראי ואג ח עם מניות עד 25% מניות,23.61,23.62,12.69,12.69,0.010000000000001563,ok
512237744,15341,name,מגדל גמל להשקעה עוקב מדדים גמיש,52.11,52.13,99.03,99.09,0.060000000000002274,ok
512237744,15448,name,מגדל השתלמות מסלול משולב סחיר,56.17,56.19,18.98,18.99,0.01999999999999602,ok
512237744,15449,name,מגדל השתלמות מסלול מניות סחיר,97.0,97.02,0.88,0.88,0.01999999999999602,ok
512237744,15450,name,מגדל השתלמות מסלול עוקב מדדי אג ח,0.0,0.0,98.6,98.66,0.060000000000002274,ok
512237744,15452,name,מגדל לתגמולים ולפיצויים מסלול הלכה,48.94,48.97,19.23,19.24,0.030000000000001137,ok
512237744,15453,name,מגדל לתגמולים ולפיצויים מסלול מניות סחיר,97.58,97.59,0.9,0.9,0.010000000000005116,ok
512237744,15454,name,מגדל לתגמולים ולפיצויים מסלול עוקב מדדי אגח,-0.06,0.0,102.14,102.2,0.060000000000002274,ok
512237744,15455,name,מגדל גמל להשקעה מסלול משולב סחיר,55.86,55.9,18.86,18.84,0.03999999999999915,ok
512237744,15456,name,מגדל גמל להשקעה מסלול מניות סחיר,96.13,96.17,1.03,1.03,0.04000000000000625,ok
512237744,15457,name,מגדל גמל להשקעה מסלול עוקב מדדי אגח,-0.07,0.0,99.03,99.13,0.09999999999999432,ok
512237744,15524,name,מגדל מקפת אישית מסלול מניות סחירות,0.0,72.6,0.0,0.86,72.6,mismatch
512237744,15525,name,מגדל מקפת אישית מסלול עוקב מדדי אגח,0.0,0.0,0.0,71.05,71.05,mismatch
512237744,15526,name,מגדל מקפת משלימה מסלול מניות סחיר,98.47,98.43,1.1,1.09,0.03999999999999204,ok
512237744,15527,name,מגדל מקפת משלימה מסלול עוקב מדדי אגח,0.0,0.0,98.41,98.59,0.18000000000000682,ok
512237744,17011,name,קרן ט,31.1,34.47,16.2,13.55,3.3699999999999974,ok
512237744,17012,name,קרן י,45.2,50.58,23.5,19.88,5.3799999999999955,check
512237744,199,name,מגדל השתלמות מסלול אשראי ואג ח,1.69,1.69,6.33,6.33,0.0,ok
512237744,2048,name,מגדל השתלמות מסלול הלכה,46.22,48.93,18.16,19.23,2.710000000000001,ok
512237744,2102,name,מגדל מקפת אישית מסלול כללי,48.35,49.49,19.91,19.92,1.1400000000000006,ok
512237744,2112,name,מגדל מקפת אישית מסלול הלכה,49.58,49.61,20.93,20.94,0.030000000000001137,ok
512237744,2142,name,מגדל מקפת אישית מסלול מניות,73.04,73.03,21.78,21.78,0.010000000000005116,ok
512237744,2143,name,מגדל מקפת אישית מסלול כספי שקלי,0.0,0.0,0.0,0.0,0.0,ok
512237744,2144,name,מגדל מקפת אישית מסלול אשראי ואג ח,0.8,0.8,5.88,5.88,0.0,ok
512237744,2145,name,מגדל מקפת משלימה,47.77,48.33,19.08,19.1,0.5599999999999952,ok
512237744,2146,name,מגדל מקפת משלימה מסלול מניות,99.87,99.86,24.61,24.61,0.010000000000005116,ok
512237744,2147,name,מגדל מקפת משלימה מסלול כספי שקלי,0.0,0.0,0.0,0.0,0.0,ok
512237744,2148,name,מגדל מקפת משלימה מסלול אשראי ואג ח,1.69,1.7,6.52,6.51,0.010000000000000009,ok
512237744,2149,name,מגדל מקפת משלימה מסלול הלכה,48.18,48.18,20.67,20.68,0.00999999999999801,ok
512237744,2207,name,מגדל מקפת מקבלי קצבה קיימים,1.96,1.96,0.99,0.99,0.0,ok
512237744,2208,name,מקפת משלימה מקבלי קצבה קיימים,2.04,2.04,1.2,1.19,0.010000000000000009,ok
512237744,579,name,מגדל השתלמות מסלול כללי,48.37,49.42,18.41,18.39,1.0500000000000043,ok
512237744,7256,name,מגדל השתלמות מסלול עוקב מדדים גמיש,52.39,52.42,99.31,99.36,0.04999999999999716,ok
512237744,745,name,מגדל מרכזית לפיצויים,49.48,49.5,19.61,19.62,0.020000000000003126,ok
512237744,7931,name,מגדל גמל להשקעה מסלול כספי שקלי,0.0,0.0,0.0,0.0,0.0,ok
512237744,7932,name,מגדל גמל להשקעה מסלול אגח ממשלות,0.0,0.0,6.92,6.9,0.019999999999999574,ok
512237744,7934,name,מגדל גמל להשקעה מסלול מניות,98.8,98.85,24.69,24.71,0.04999999999999716,ok
512237744,7935,name,גמל להשקעה מסלול אשראי ואג ח עם מניות עד 25% מניות,24.17,24.17,12.73,12.74,0.009999999999999787,ok
512237744,7936,name,מגדל גמל להשקעה מסלול כללי,51.4,52.17,19.47,19.49,0.7700000000000031,ok
512237744,7937,name,מגדל גמל להשקעה מסלול הלכה,49.77,49.8,20.13,20.14,0.02999999999999403,ok
512237744,8012,name,מגדל לתגמולים ופיצוים מסלול אשראי ואג ח,1.66,1.66,6.22,6.22,0.0,ok
512237744,858,name,מגדל לתגמולים ולפיצויים מסלול כספי שקלי,0.0,0.0,0.0,0.0,0.0,ok
512237744,859,name,מגדל לתגמולים ולפיצוים מסלול אגח ממשלות,0.0,0.0,6.75,6.76,0.009999999999999787,ok
512237744,8602,name,מגדל מקפת זכאים קיימים לקצבה,1.9,1.9,0.78,0.77,0.010000000000000009,ok
512237744,8603,name,מגדל מקפת אישית מסלול הלכה מקבלי קצבה קיימים,1.89,1.96,1.12,1.96,0.8399999999999999,ok
512237744,8604,name,מקפת משלימה פנסיונר הלכה מ 2018,24.79,25.0,11.78,11.96,0.21000000000000085,ok
512237744,863,name,מגדל לתגמולים ולפיצויים מסלול מניות,99.19,99.22,24.53,24.54,0.030000000000001137,ok
512237744,864,name,מגדל השתלמות מסלול כספי שקלי,0.0,0.0,0.0,0.0,0.0,ok
512237744,865,name,מגדל השתלמות מסלול אג ח ממשלות,0.0,0.0,6.35,6.35,0.0,ok
512237744,869,name,מגדל השתלמות מסלול מניות,99.14,99.17,24.68,24.69,0.030000000000001137,ok
512237744,8801,name,מגדל מקפת אישית מסלול לבני 50 ומטה,58.44,59.09,19.87,19.87,0.6500000000000057,ok
512237744,8802,name,מגדל מקפת אישית מסלול לבני 50 60,47.32,47.72,19.85,19.85,0.3999999999999986,ok
512237744,8803,name,מגדל מקפת אישית מסלול לבני 60 ומעלה,29.56,29.96,13.86,13.86,0.40000000000000213,ok
512237744,9453,name,מגדל מקפת משלימה מסלול לבני 50 ומטה,58.88,59.38,19.97,19.97,0.5,ok
512237744,9454,name,מגדל מקפת משלימה מסלול לבני 50 60,47.81,48.15,19.95,19.95,0.3399999999999963,ok
512237744,9455,name,מגדל מקפת משלימה מסלול לבני 60 ומעלה,28.19,28.61,14.8,14.8,0.41999999999999815,ok
512237744,9779,name,מגדל לתגמולים ולפיצויים מסלול לבני 50 ומטה,59.28,60.18,19.81,19.82,0.8999999999999986,ok
512237744,9780,name,מגדל לתגמולים ולפיצויים מסלול לבני 50 עד 60,49.79,50.68,19.75,19.77,0.8900000000000006,ok
512237744,9781,name,מגדל לתגמולים ולפיצויים מסלול לבני 60 ומעלה,29.63,30.46,15.22,15.23,0.8300000000000018,ok
512237744,9895,name,מגדל חסכון לילד מסלול הלכה,49.23,49.37,19.93,20.01,0.14000000000000057,ok
512237744,9896,name,מגדל חסכון לילד סיכון מועט,23.88,24.92,11.88,11.7,1.0400000000000027,ok
512237744,9897,name,מגדל חסכון לילד סיכון בינוני,49.6,50.56,20.14,19.71,0.9600000000000009,ok
512237744,9898,name,מגדל חסכון לילד סיכון מוגבר,100.07,99.95,25.93,25.01,0.9199999999999982,ok
512244146,117,name,כלל תמר אשראי ואג ח 117,4.8,4.8,5.27,5.26,0.009999999999999787,ok
512244146,12176,name,כלל פנסיה מסלול הלכה למקבלי קצבה 12176,22.36,22.18,13.75,13.63,0.17999999999999972,ok
512244146,12177,name,כלל פנסיה מסלול בסיסי למקבלי קצבה 12177,19.08,18.95,9.91,9.85,0.129999999999999,ok
512244146,12251,name,כלל פנסיה משלימה בסיס למקבלי קצבה 12251,38.19,35.54,18.51,17.23,2.6499999999999986,ok
512244146,12599,name,כלל השתלמות אשראי ואג ח עם מניות עד 25% מניות 12599,20.01,20.02,12.96,12.96,0.00999999999999801,ok
512244146,127,name,כלל תמר מניות 127,100.65,100.68,21.88,21.9,0.030000000000001137,ok
512244146,128,name,כלל תמר כספי שקלי 128,0.0,0.0,0.0,0.0,0.0,ok
512244146,1284,name,כלל תקציבית 1284,4.66,4.66,0.15,0.15,0.0,ok
512244146,13213,name,כלל פנסיה כספי שקלי 13213,0.0,0.0,0.0,0.0,0.0,ok
512244146,13214,name,כלל פנסיה משלימה כספי שקלי 13214,0.0,0.0,0.0,0.0,0.0,ok
512244146,13342,name,כלל השתלמות עוקב מדד s&p 500 13342,99.84,99.88,99.88,99.92,0.04000000000000625,ok
512244146,13343,name,כלל תמר עוקב מדד s&p 500 13343,99.96,100.0,99.99,100.03,0.04000000000000625,ok
512244146,13344,name,כלל גמל לעתיד עוקב מדד s&p 500 13344,99.83,99.91,99.86,99.94,0.0799999999999983,ok
512244146,13347,name,כלל פנסיה עוקב מדד s&p 500 13347,72.3,72.39,72.33,72.41,0.09000000000000341,ok
512244146,1348,name,כלל השתלמות אשראי ואג ח 1348,4.72,4.72,5.38,5.38,0.0,ok
512244146,1350,name,כלל השתלמות מניות 1350,99.92,99.92,21.83,21.83,0.0,ok
512244146,1351,name,כלל השתלמות כספי שקלי 1351,0.0,0.0,0.0,0.0,0.0,ok
512244146,13698,name,כלל פנסיה משלימה מניות 13698,100.1,99.94,21.83,21.79,0.1599999999999966,ok
512244146,14231,name,כלל פנסיה משלימה מסלול משולב סחיר 14231,55.31,55.21,7.09,7.07,0.10000000000000142,ok
512244146,14232,name,כלל פנסיה מקיפה מסלול משולב סחיר 14232,55.27,55.02,6.79,6.76,0.25,ok
512244146,14233,name,כלל פנסיה מקיפה מסלול עוקב מדדים גמיש 14233,49.79,49.88,71.82,71.96,0.14000000000000057,ok
512244146,14236,name,כלל גמל תמר מסלול משולב סחיר 14236,54.68,54.69,7.01,7.01,0.00999999999999801,ok
512244146,14237,name,כלל גמל תמר מסלול עוקב מדדים גמיש 14237,51.32,51.35,99.87,99.9,0.030000000000001137,ok
512244146,14238,name,כלל פנסיה משלימה מסלול עוקב מדדים גמיש 14238,51.39,51.48,100.0,100.18,0.18000000000000682,ok
512244146,14680,name,כלל השתלמות עוקב מדדים גמיש 14680,51.31,51.34,99.85,99.89,0.04000000000000625,ok
512244146,14681,name,כלל גמל לעתיד עוקב מדדים גמיש 14681,51.29,51.31,99.81,99.86,0.04999999999999716,ok
512244146,14790,name,כלל השתלמות עוקב מדדי מניות 14790,97.26,97.3,99.78,99.83,0.04999999999999716,ok
512244146,14791,name,כלל גמל לעתיד עוקב מדדי מניות 14791,97.23,97.29,99.75,99.81,0.060000000000002274,ok
512244146,14795,name,כלל פנסיה משלימה עוקב מדד s&p 500 14795,100.09,100.28,100.13,100.31,0.18999999999999773,ok
512244146,15091,name,כלל פנסיה משלימה עוקב מדדי מניות 15091,97.47,97.62,100.01,100.16,0.15000000000000568,ok
512244146,15092,name,כלל פנסיה עוקב מדדי מניות 15092,70.98,71.1,72.83,72.95,0.12000000000000455,ok
512244146,15093,name,כלל תמר עוקב מדדי מניות 15093,97.09,97.13,99.61,99.65,0.04000000000000625,ok
512244146,152,name,כלל ברזל קופה מרכזית לפיצויים 152,0.14,0.15,5.45,5.44,0.009999999999999981,ok
512244146,1533,name,כלל תמר מסלול הלכתי הוד 1533,51.07,51.09,18.62,18.64,0.020000000000003126,ok
512244146,1534,name,כלל השתלמות הלכה 1534,50.12,50.14,18.42,18.43,0.020000000000003126,ok
512244146,15424,name,כלל השתלמות מניות סחיר 15424,95.38,95.39,8.29,8.29,0.010000000000005116,ok
512244146,15425,name,כלל השתלמות אג ח סחיר 15425,0.18,0.2,2.78,2.8,0.020000000000000018,ok
512244146,15426,name,כלל השתלמות משולב סחיר 15426,54.59,54.6,6.93,6.93,0.00999999999999801,ok
512244146,15427,name,כלל גמל לעתיד מניות סחיר 15427,97.63,97.69,8.28,8.28,0.060000000000002274,ok
512244146,15428,name,כלל גמל לעתיד אג ח סחיר 15428,0.19,0.24,2.04,2.13,0.08999999999999986,ok
512244146,15429,name,כלל גמל לעתיד משולב סחיר 15429,55.02,55.04,6.96,6.96,0.01999999999999602,ok
512244146,15430,name,כלל תמר מניות סחיר 15430,98.55,98.57,8.41,8.41,0.01999999999999602,ok
512244146,15431,name,כלל תמר אג ח סחיר 15431,0.2,0.23,2.29,2.28,0.03,ok
512244146,15432,name,כלל פנסיה מניות סחיר 15432,74.42,74.15,8.31,8.28,0.269999999999996,ok
512244146,15433,name,כלל פנסיה אג ח סחיר 15433,0.1,0.08,2.67,2.66,0.020000000000000004,ok
512244146,15434,name,כלל פנסיה משלימה מניות סחיר 15434,99.14,98.79,8.29,8.25,0.3499999999999943,ok
512244146,15435,name,כלל פנסיה משלימה אג ח סחיר 15435,0.16,0.29,2.48,2.58,0.12999999999999998,ok
512244146,15676,name,כלל חסכון לכל ילד חוסכים המעדיפים סיכון מועט 15676,0.0,,0.0,,,no_data
512244146,15677,name,כלל חסכון לכל ילד חוסכים המעדיפים סיכון בינוני 15677,0.0,,0.0,,,no_data
512244146,15678,name,כלל חסכון לכל ילד חוסכים המעדיפים סיכון מוגבר 15678,0.0,,0.0,,,no_data
512244146,15679,name,כלל חסכון לכל ילד הלכה 15679,0.0,,0.0,,,no_data
512244146,15813,name,כלל פנסיה עוקב מדדים למקבלי קצבה 15813,0.0,,0.0,,,no_data
512244146,15814,name,כלל פנסיה משלימה עוקב מדדים למקבלי קצבה 15814,0.0,,0.0,,,no_data
512244146,2002,name,מיטבית עתודות ספיר 2002,51.92,52.03,19.11,19.18,0.10999999999999943,ok
512244146,2004,name,מיטבית עתודות חושן כהלכה 2004,51.71,51.75,18.58,18.6,0.03999999999999915,ok
512244146,2176,name,כלל פנסיה משלימה כללי 2176,51.95,51.73,19.11,19.06,0.22000000000000597,ok
512244146,2205,name,מסלול בסיסי למקבלי קצבה קיימים 2205,1.07,1.07,0.64,0.65,0.010000000000000009,ok
512244146,2206,name,כלל פנסיה משלימה מסלול מקבלי פנסיה 2206,0.07,0.07,0.64,0.66,0.020000000000000018,ok
512244146,239,name,קופה כללית לפיצויים 239,47.26,47.21,18.67,18.69,0.04999999999999716,ok
512244146,241,name,כלל פיצויים למעסיק 241,47.56,47.45,18.73,18.74,0.10999999999999943,ok
512244146,263,name,בר קרן תגמולים קופת גמל לתגמולים ופיצויים בניהול כלל פנסיה וגמל בע מ בר ג 263,51.53,51.48,18.97,19.0,0.05000000000000426,ok
512244146,456,name,כלל השתלמות כללי 456,51.44,51.43,18.66,18.68,0.019999999999999574,ok
512244146,539,name,בר קרן תגמולים א מבטיח תשואה בשיעור 5 5 אחוז לשנה 539,0.0,0.0,0.47,0.47,0.0,ok
512244146,614,name,כלל גמל מרכזית מסלולית 614,45.69,45.66,18.65,18.64,0.030000000000001137,ok
512244146,684,name,הדס בורסה לניירות ערך 684,33.56,33.64,0.0,0.0,0.0799999999999983,ok
512244146,7988,name,כלל גמל לעתיד כללי 7988,51.54,51.57,18.54,18.55,0.030000000000001137,ok
512244146,7989,name,כלל גמל לעתיד אשראי ואג ח 7989,4.48,4.48,5.36,5.37,0.009999999999999787,ok
512244146,7991,name,כלל גמל לעתיד מניות 7991,100.83,100.86,22.01,22.01,0.030000000000001137,ok
512244146,7992,name,כלל גמל לעתיד אשראי ואג ח עם מניות עד 25% מניות 7992,21.16,21.18,13.04,13.04,0.019999999999999574,ok
512244146,7993,name,כלל גמל לעתיד כספי שקלי 7993,0.0,0.0,0.0,0.0,0.0,ok
512244146,7994,name,כלל גמל לעתיד הלכה 7994,47.35,47.37,17.86,17.89,0.030000000000001137,ok
512244146,9633,name,כלל פנסיה משלימה לבני 50 ומטה 9633,57.06,57.09,19.17,19.18,0.030000000000001137,ok
512244146,9634,name,כלל פנסיה משלימה לבני 50 עד 60 9634,50.16,50.29,18.5,18.54,0.13000000000000256,ok
512244146,9635,name,כלל פנסיה משלימה לבני 60 ומעלה 9635,30.92,30.98,12.84,12.87,0.05999999999999872,ok
512244146,9647,name,כלל פנסיה מניות 9647,73.3,73.21,20.89,20.87,0.09000000000000341,ok
512244146,9648,name,כלל פנסיה אשראי ואג ח 9648,4.9,4.91,5.59,5.6,0.009999999999999787,ok
512244146,9649,name,מסלול פנסיה לזכאים קיימים 9649,0.0,0.0,0.0,0.0,0.0,ok
512244146,9650,name,כלל פנסיה מסלול הלכה למקבלי קצבה קיימים 9650,0.0,0.0,0.0,0.0,0.0,ok
512244146,9651,name,כלל תמר לבני 50 ומטה 9651,58.01,58.03,19.42,19.44,0.020000000000003126,ok
512244146,9652,name,כלל תמר לבני 50 עד 60 9652,50.13,50.14,18.67,18.69,0.019999999999999574,ok
512244146,9653,name,כלל תמר לבני 60 ומעלה 9653,33.06,33.04,13.18,13.23,0.05000000000000071,ok
512244146,9654,name,כלל פנסיה לבני 50 ומטה 9654,58.46,58.3,19.51,19.46,0.1600000000000037,ok
512244146,9655,name,כלל פנסיה לבני 50 60 9655,50.03,50.11,17.88,17.9,0.0799999999999983,ok
512244146,9656,name,כלל פנסיה לבני 60 ומעלה 9656,31.17,31.17,12.25,12.25,0.0,ok
512245812,11320,doc,חסכון לכל ילד מסלול הלכה,45.08,45.09,20.02,20.31,0.28999999999999915,ok
512245812,11321,doc,חסכון לכל ילד מסלול חוסכים המעדיפים סיכון מועט,8.62,8.61,12.57,14.33,1.7599999999999998,ok
512245812,11322,doc,חסכון לכל ילד מסלול חוסכים המעדיפים סיכון בינוני,47.58,47.55,20.2,22.24,2.039999999999999,ok
512245812,11323,doc,חסכון לכל ילד מסלול חוסכים המעדיפים סיכון מוגבר,98.03,98.05,24.75,27.64,2.8900000000000006,ok
512245812,11408,doc,מנורה מבטחים השתלמות עוקב מדדים גמיש,50.59,50.64,27.3,27.33,0.04999999999999716,ok
512245812,11409,file_name,מנורה מבטחים השתלמות עוקב מדדים אג ח עם מניות עד 25% מניות,20.91,20.92,13.12,13.13,0.010000000000001563,ok
512245812,1144,doc,מנורה מרכזית לפיצויים כללי,49.68,49.7,19.51,19.78,0.2699999999999996,ok
512245812,1145,doc,מנורה מבטחים מרכזית לפיצויים עד10% מניות,9.5,9.5,9.46,10.22,0.7599999999999998,ok
512245812,1154,doc,מבטחים קופת גמל למטרות חופשה חגים והבראה,33.83,33.9,18.18,18.04,0.14000000000000057,ok
512245812,119,doc,מנורה מבטחים יתר מסלול ד,30.25,30.21,20.4,21.36,0.9600000000000009,ok
512245812,12154,doc,מנורה מבטחים משלימה בסיסי למקבלי קצבה,21.15,17.77,16.39,13.84,3.379999999999999,ok
512245812,12155,doc,מנורה מבטחים פנסיה מסלול בסיסי למקבלי קצבה,17.47,17.59,9.69,9.84,0.15000000000000036,ok
512245812,1256,doc,מנורה מבטחים השתלמות מניות,96.33,96.37,26.68,28.92,2.240000000000002,ok
512245812,1280,doc,מנורה מבטחים משתתפת בפנסיה תקציבית,29.77,29.7,21.42,21.95,0.5299999999999976,ok
512245812,1294,doc,מור מנורה מבטחים מניות,98.63,98.64,25.47,27.71,2.240000000000002,ok
512245812,13303,doc,מנורה מבטחים פנסיה יעד לפרישה 2065,60.44,60.42,20.78,20.9,0.11999999999999744,ok
512245812,13307,doc,מנורה מבטחים משלימה יעד לפרישה 2065,57.78,58.11,20.04,20.46,0.4200000000000017,ok
512245812,13349,doc,מנורה מבטחים פנסיה אשראי ואג ח,18.23,18.23,18.92,18.92,0.0,ok
512245812,13350,doc,מנורה מבטחים פנסיה עוקב מדדי מניות,73.31,73.31,52.0,51.99,0.00999999999999801,ok
512245812,13351,doc,מנורה מבטחים משלימה אשראי ואג ח,18.91,19.07,20.68,20.84,0.16000000000000014,ok
512245812,13352,doc,מנורה מבטחים משלימה עוקב מדדי מניות,99.33,100.11,70.45,71.0,0.7800000000000011,ok
512245812,13353,doc,מנורה מבטחים גמל להשקעה מניות סחיר,98.88,98.95,59.69,59.73,0.07000000000000739,ok
512245812,13354,doc,מנורה מבטחים גמל להשקעה אשראי ואג ח,22.16,22.18,20.11,20.12,0.019999999999999574,ok
512245812,13355,doc,מנורה מבטחים תגמולים ופיצויים אשראי ואג ח,22.28,22.29,19.48,19.48,0.00999999999999801,ok
512245812,13356,doc,מנורה מבטחים תגמולים ופיצויים עוקב מדדי מניות,99.47,99.52,70.55,70.59,0.04999999999999716,ok
512245812,13357,doc,מנורה מבטחים השתלמות אשראי ואג ח,22.24,22.21,19.51,19.48,0.030000000000001137,ok
512245812,1359,doc,מנורה מבטחים משתתפת בפנסיה תקציבית מסלול ללא מניות,,0.0,0.74,0.73,0.010000000000000009,ok
512245812,1364,doc,מנורה מבטחים תגמולים ופיצויים מניות,96.33,96.38,26.64,27.47,0.8299999999999983,ok
512245812,1374,doc,מנורה מרכזית לפיצויים ללא מניות,,0.0,0.76,0.73,0.030000000000000027,ok
512245812,13869,doc,מנורה מבטחים השתלמות הלכה,45.33,45.35,18.11,18.0,0.10999999999999943,ok
512245812,13873,file_name,מנורה מבטחים השתלמות עוקב מדד S&P 500,99.32,99.37,98.16,98.21,0.05000000000001137,ok
512245812,13874,file_name,מנורה מבטחים גמל להשקעה עוקב מדד S&P 500,99.3,99.38,98.15,98.22,0.0799999999999983,ok
512245812,13875,file_name,מנורה מבטחים משלימה עוקב מדד S&P 500,98.86,99.58,97.71,98.41,0.7199999999999989,ok
512245812,13887,file_name,מנורה מבטחים פנסיה עוקב מדד S&P 500,72.95,72.95,72.1,72.1,0.0,ok
512245812,13946,file_name,מנורה מבטחים תגמולים ופיצויים עוקב מדד S&P 500,99.31,99.35,98.15,98.19,0.03999999999999204,ok
512245812,1409,doc,מנורה מבטחים השתלמות מניות סחיר,98.36,98.41,67.41,67.45,0.04999999999999716,ok
512245812,14271,doc,מנורה מבטחים תגמולים ופיצויים משולב סחיר,65.72,65.71,69.04,69.04,0.010000000000005116,ok
512245812,14272,doc,מנורה מבטחים תגמולים ופיצויים עוקב מדדים גמיש,50.8,50.84,27.64,27.66,0.04000000000000625,ok
512245812,14277,doc,מנורה מבטחים פנסיה משולב סחיר,58.68,58.68,60.03,60.03,0.0,ok
512245812,14278,doc,מנורה מבטחים פנסיה עוקב מדדים גמיש,49.71,49.71,24.89,24.89,0.0,ok
512245812,14308,doc,מנורה מבטחים משלימה משולב סחיר,66.46,74.19,69.71,77.8,8.090000000000003,check
512245812,14309,doc,מנורה מבטחים משלימה עוקב מדדים גמיש,50.23,50.59,28.43,28.64,0.36000000000000654,ok
512245812,14348,doc,מנורה מבטחים פנסיה קיימות,70.09,70.08,70.51,70.49,0.020000000000010232,ok
512245812,14351,doc,מנורה מבטחים תגמולים ופיצויים קיימות,70.36,69.77,71.75,72.09,0.5900000000000034,ok
512245812,14403,doc,מור מנורה מבטחים משולב סחיר,64.54,64.64,67.9,67.81,0.09999999999999432,ok
512245812,14404,doc,מור מנורה מבטחים עוקב מדדים גמיש,49.66,49.71,26.41,26.4,0.05000000000000426,ok
512245812,14676,doc,מנורה מבטחים השתלמות עוקב מדדי מניות,99.33,98.52,50.67,50.26,0.8100000000000023,ok
512245812,14677,doc,מנורה מבטחים משלימה מניות,96.51,96.49,25.83,25.75,0.0799999999999983,ok
512245812,14678,doc,מנורה מבטחים גמל להשקעה עוקב מדדים גמיש,49.08,48.68,27.33,27.15,0.3999999999999986,ok
512245812,14679,doc,מנורה מבטחים תגמולים ופיצויים עוקב מדדי אג ח,,0.0,9.38,9.41,0.02999999999999936,ok
512245812,15342,doc,מנורה מבטחים פנסיה אג ח ממשלות,0.0,0.0,4.44,4.14,0.3000000000000007,ok
512245812,15421,file_name,מור מנורה מבטחים עוקב מדד S&P 500,98.71,98.73,97.56,97.59,0.030000000000001137,ok
512245812,15465,doc,מנורה מבטחים גמל להשקעה משולב סחיר,64.56,64.63,67.76,67.81,0.06999999999999318,ok
512245812,15466,doc,מנורה מבטחים השתלמות משולב סחיר,65.28,64.0,68.64,67.3,1.3400000000000034,ok
512245812,15661,doc,מנורה מבטחים פנסיה עוקב מדדים למקבלי קצבה,36.55,38.43,25.85,27.25,1.8800000000000026,ok
512245812,15673,doc,מנורה מבטחים משלימה עוקב מדדים למקבלי קצבה,61.98,75.0,64.01,75.0,13.020000000000003,mismatch
512245812,1619,doc,מנורה מבטחים משלימה יעד לפרישה 2030,31.31,35.72,17.09,17.5,4.41,ok
512245812,1638,doc,מנורה מבטחים משלימה יעד לפרישה 2035,43.09,43.21,20.29,20.6,0.3100000000000023,ok
512245812,1645,doc,מנורה מבטחים משלימה יעד לפרישה 2040,45.97,46.18,19.62,19.95,0.3299999999999983,ok
512245812,1651,doc,מנורה מבטחים משלימה יעד לפרישה 2045,53.24,53.49,20.44,20.91,0.46999999999999886,ok
512245812,1652,doc,מנורה מבטחים משלימה יעד לפרישה 2050,55.48,55.75,20.46,20.97,0.509999999999998,ok
512245812,1653,doc,מנורה מבטחים משלימה יעד לפרישה 2055,55.42,55.68,20.16,20.65,0.48999999999999844,ok
512245812,1666,doc,מנורה מבטחים משלימה יעד לפרישה 2060,56.16,56.42,20.08,20.65,0.5700000000000003,ok
512245812,2009,doc,מנורה מבטחים פנסיה כללי,50.92,50.96,20.14,20.39,0.25,ok
512245812,2013,doc,מנורה מבטחים פנסיה יעד לפרישה 2030,29.5,32.16,17.61,18.07,2.6599999999999966,ok
512245812,2014,doc,מנורה מבטחים פנסיה יעד לפרישה 2035,41.87,41.87,20.17,20.22,0.04999999999999716,ok
512245812,2015,doc,מנורה מבטחים פנסיה יעד לפרישה 2040,48.25,48.25,20.06,20.26,0.20000000000000284,ok
512245812,2016,file_name,מנורה מבטחים פנסיה יעד לפרישה 2045,54.09,54.08,20.53,20.8,0.2699999999999996,ok
512245812,2063,doc,מנורה מבטחים פנסיה מניות,72.09,72.09,25.4,25.54,0.14000000000000057,ok
512245812,2182,doc,מנורה מבטחים פנסיה הלכה,47.83,47.83,19.79,19.78,0.00999999999999801,ok
512245812,2183,doc,מנורה מבטחים פנסיה יעד לפרישה 2050,55.23,55.23,20.58,20.89,0.3100000000000023,ok
512245812,2184,doc,מנורה מבטחים פנסיה יעד לפרישה 2055,56.07,56.07,20.49,20.84,0.3500000000000014,ok
512245812,260,doc,מנורה מבטחים אמיר כללי,39.98,39.83,17.5,19.41,1.9100000000000001,ok
512245812,530,doc,מנורה מבטחים יתר מסלול א,,0.0,0.05,0.06,0.009999999999999995,ok
512245812,531,doc,מנורה מבטחים יתר מסלול ב,,0.0,0.02,0.02,0.0,ok
512245812,532,doc,מנורה מבטחים יתר מסלול ג,,0.0,0.03,0.03,0.0,ok
512245812,533,doc,מנורה מבטחים אמיר מדד ידוע,,0.0,0.0,0.0,0.0,ok
512245812,536,doc,מנורה מבטחים אמיר מדד בגין,,0.0,0.0,0.0,0.0,ok
512245812,827,doc,מבטחים מרכזית לפיצויים,31.71,31.77,12.61,12.87,0.2599999999999998,ok
512245812,828,doc,מנורה מבטחים השתלמות כללי,48.8,48.77,19.71,21.44,1.7300000000000004,ok
512245812,8675,doc,מנורה מבטחים גמל להשקעה כללי,47.81,47.81,19.57,22.54,2.969999999999999,ok
512245812,8678,file_name,מנורה מבטחים גמל להשקעה אשראי ואג ח עם מניות עד 25% מניות,16.11,16.11,19.44,19.29,0.15000000000000213,ok
512245812,8683,doc,מנורה מבטחים גמל להשקעה עוקב מדדי מניות,98.94,99.02,49.49,49.53,0.0799999999999983,ok
512245812,8684,file_name,מנורה מבטחים גמל להשקעה עוקב מדדים אג ח עם מניות עד 25% מניות,22.98,22.99,17.98,18.0,0.019999999999999574,ok
512245812,8716,doc,מנורה מבטחים גמל להשקעה הלכה,47.26,47.31,18.47,18.35,0.11999999999999744,ok
512245812,8812,doc,מנורה מבטחים פנסיה יעד לפרישה 2060,59.19,59.18,20.51,20.95,0.4399999999999977,ok
512245812,9662,file_name,מנורה מבטחים השתלמות אשראי ואג ח עם מניות עד 25% מניות,0.45,0.45,18.74,20.12,1.3800000000000026,ok
512245812,9789,doc,מור מנורה מבטחים לבני 50 ומטה,59.58,59.55,19.96,23.45,3.4899999999999984,ok
512245812,9790,doc,מור מנורה מבטחים לבני 50 60,48.19,48.21,19.26,19.69,0.4299999999999997,ok
512245812,9791,doc,מור מנורה מבטחים לבני 60 ומעלה,29.14,29.15,15.36,15.16,0.1999999999999993,ok
512245812,9792,doc,מנורה מבטחים תגמולים ופיצויים לבני 50 60,49.1,49.07,20.51,21.54,1.0299999999999976,ok
512245812,9793,doc,מנורה מבטחים תגמולים ופיצויים לבני 50 ומטה,59.22,59.21,20.5,21.67,1.1700000000000017,ok
512245812,9794,doc,מנורה מבטחים תגמולים ופיצויים לבני 60 ומעלה,29.09,29.09,15.64,17.45,1.8099999999999987,ok
512245812,9795,doc,מנורה מבטחים תגמולים ופיצויים הלכה,46.72,46.82,18.13,17.86,0.2699999999999996,ok
512267592,1034,name,הראל השתלמות הראל השתלמות מסלול משולב סחיר,54.56,54.55,93.0,92.98,0.01999999999999602,ok
512267592,11375,name,הראל גמל השקעה לילד הראל גמל השקעה לילד סיכון מועט,9.63,10.99,13.3,13.3,1.3599999999999994,ok
512267592,11376,name,הראל גמל השקעה לילד הראל גמל השקעה לילד סיכון בינוני,47.98,49.69,17.59,17.59,1.7100000000000009,ok
512267592,11377,name,הראל גמל השקעה לילד הראל גמל השקעה לילד סיכון גבוה,100.41,100.94,24.13,24.13,0.5300000000000011,ok
512267592,12027,name,הראל פנסיה כולל סל ערד הראל פנסיה בסיסי למקבלי קצבה,18.5,19.69,10.72,10.62,1.1900000000000013,ok
512267592,12028,name,הראל פנסיה כולל סל ערד הראל פנסיה הלכה למקבלי קצבה,19.87,19.82,2.46,2.45,0.05000000000000071,ok
512267592,12140,name,הראל פנסיה כללית הראל פנסיה כללית בסיסי למקבלי קצבה,33.45,28.98,17.45,14.74,4.470000000000002,ok
512267592,1296,name,קופה לפנסיה תקציבית קופה לפנסיה תקציבית,53.99,54.14,17.91,17.92,0.14999999999999858,ok
512267592,13254,name,הראל גמל להשקעה הראל גמל להשקעה כספי שקלי,0.0,0.0,0.0,0.0,0.0,ok
512267592,13278,name,הראל פנסיה כללית הראל פנסיה כללית מניות,100.14,99.78,24.18,24.08,0.35999999999999943,ok
512267592,13279,name,הראל פנסיה כללית הראל פנסיה כללית כספי שקלי,0.0,0.0,0.0,0.0,0.0,ok
512267592,1334,name,הראל קופת גמל הראל גמל מסלול כספי שקלי,0.0,0.0,0.0,0.0,0.0,ok
512267592,1335,name,הראל קופת גמל הראל גמל מסלול אשראי ואג ח,5.22,6.36,4.42,4.42,1.1400000000000006,ok
512267592,13414,name,הראל גמל להשקעה הראל גמל להשקעה עוקב מדד 500 S&P,99.49,99.17,98.92,98.6,0.3200000000000074,ok
512267592,13415,name,הראל פנסיה כולל סל ערד הראל פנסיה עוקב מדד 500 s&p,72.67,72.75,72.25,72.33,0.0799999999999983,ok
512267592,13424,name,הראל פנסיה כללית הראל פנסיה כללית עוקב מדד 500 s&p,99.54,99.36,98.97,98.79,0.18000000000000682,ok
512267592,13501,name,הראל קופת גמל הראל גמל עוקב מדד 500 S&P,99.57,99.46,99.01,98.9,0.10999999999999943,ok
512267592,13502,name,הראל השתלמות הראל השתלמות עוקב מדד 500 S&P,99.59,99.5,99.02,98.93,0.09000000000000341,ok
512267592,13684,name,הראל פנסיה כללית הראל פנסיה כללית הלכה,53.94,53.92,16.39,16.39,0.01999999999999602,ok
512267592,13685,name,הראל פנסיה כללית הראל פנסיה כללית הלכה למקבלי קצבה חדשים,18.96,18.89,0.0,0.0,0.07000000000000028,ok
512267592,14192,name,הראל פנסיה כללית הראל פנסיה כללית עוקב מדדים גמיש,55.79,55.41,17.28,17.17,0.38000000000000256,ok
512267592,14193,name,הראל פנסיה כללית הראל פנסיה כללית משולב סחיר,52.58,52.31,89.48,89.06,0.4200000000000017,ok
512267592,14194,name,הראל פנסיה כללית הראל פנסיה כללית קיימות,92.73,91.67,24.01,23.48,1.0600000000000023,ok
512267592,14198,name,הראל פנסיה כולל סל ערד הראל פנסיה עוקב מדדים גמיש,55.71,55.83,15.13,15.16,0.11999999999999744,ok
512267592,14199,name,הראל פנסיה כולל סל ערד הראל פנסיה משולב סחיר,54.77,54.83,62.44,62.51,0.07000000000000028,ok
512267592,14200,name,הראל פנסיה כולל סל ערד הראל פנסיה קיימות,66.55,66.61,16.41,16.43,0.060000000000002274,ok
512267592,14201,name,הראל קופת גמל הראל קופת גמל עוקב מדדים גמיש,56.18,56.06,17.39,17.35,0.11999999999999744,ok
512267592,14202,name,הראל קופת גמל הראל קופת גמל משולב סחיר,54.49,54.41,92.34,92.22,0.12000000000000455,ok
512267592,14206,name,הראל גמל להשקעה הראל קופת גמל להשקעה קיימות,92.83,92.37,24.04,23.9,0.45999999999999375,ok
512267592,14716,name,הראל השתלמות הראל השתלמות מסלול כספי שקלי,0.0,0.0,0.0,0.0,0.0,ok
512267592,1485,name,הראל השתלמות הראל השתלמות מסלול אשראי ואג ח,5.22,6.26,4.46,4.46,1.04,ok
512267592,15038,name,הראל פנסיה כולל סל ערד הראל פנסיה עוקב מדדי מניות,69.9,69.98,68.88,68.96,0.0799999999999983,ok
512267592,15039,name,הראל פנסיה כללית הראל פנסיה כללית עוקב מדדי מניות,98.3,98.24,96.88,96.81,0.06999999999999318,ok
512267592,15040,name,הראל גמל להשקעה הראל קופת גמל להשקעה עוקב מדדי מניות,98.07,97.52,96.65,96.11,0.5499999999999972,ok
512267592,1523,name,הראל השתלמות הראל השתלמות מסלול כהלכה,52.68,52.65,16.22,16.21,0.030000000000001137,ok
512267592,1524,name,הראל קופת גמל הראל גמל מסלול הלכה,52.76,52.75,16.17,16.16,0.010000000000001563,ok
512267592,15276,name,הראל פנסיה כולל סל ערד הראל פנסיה מסלול אג ח סחיר,0.0,0.0,1.21,1.22,0.010000000000000009,ok
512267592,15277,name,הראל פנסיה כולל סל ערד הראל פנסיה מניות סחיר,66.88,66.97,13.62,13.64,0.09000000000000341,ok
512267592,15278,name,הראל פנסיה כולל סל ערד הראל פנסיה עוקב מדדי אג ח,0.0,0.0,70.26,70.32,0.05999999999998806,ok
512267592,15279,name,הראל פנסיה כללית הראל פנסיה כללית מניות סחיר,98.64,97.94,20.11,19.97,0.7000000000000028,ok
512267592,15280,name,הראל פנסיה כללית הראל פנסיה כללית מסלול אג ח סחיר,0.0,0.0,1.71,1.49,0.21999999999999997,ok
512267592,15281,name,הראל פנסיה כללית הראל פנסיה כללית אשראי ואג ח,5.2,5.22,4.56,4.64,0.08000000000000007,ok
512267592,15282,name,הראל פנסיה כללית הראל פנסיה כללית עוקב מדדי אג ח,0.0,0.0,104.48,104.38,0.10000000000000853,ok
512267592,15283,name,הראל גמל להשקעה הראל גמל להשקעה אשראי ואג ח,4.74,4.67,0.0,0.0,0.07000000000000028,ok
512267592,15284,name,הראל גמל להשקעה הראל קופת גמל להשקעה עוקב מדדים גמיש,55.81,55.38,17.33,17.19,0.4299999999999997,ok
512267592,15285,name,הראל גמל להשקעה הראל קופת גמל להשקעה עוקב מדדי אג ח,0.0,0.0,95.01,95.05,0.03999999999999204,ok
512267592,15286,name,הראל גמל להשקעה הראל קופת גמל להשקעה מניות סחיר,97.63,96.78,10.49,10.4,0.8499999999999943,ok
512267592,15287,name,הראל גמל להשקעה הראל קופת גמל להשקעה מסלול אג ח סחיר,0.0,0.0,0.0,0.0,0.0,ok
512267592,15288,name,הראל גמל להשקעה הראל קופת גמל להשקעה משולב סחיר,46.23,46.13,86.61,86.43,0.1799999999999926,ok
512267592,15289,name,הראל גמל להשקעה גמל להשקעה סחיר אג ח עם מנ עד 25% מננ,21.66,21.49,10.91,10.83,0.1700000000000017,ok
512267592,15290,name,הראל גמל להשקעה גמל להשקעה עוקב מדדים אגח מני עד 25% מני,24.56,24.42,12.01,11.95,0.13999999999999702,ok
512267592,15291,name,הראל קופת גמל הראל קופת גמל קיימות,92.53,92.39,23.96,23.91,0.14000000000000057,ok
512267592,15292,name,הראל קופת גמל הראל קופת גמל עוקב מדדי אג ח,0.0,0.0,95.1,95.1,0.0,ok
512267592,15293,name,הראל קופת גמל הראל קופת גמל עוקב מדדי מניות,98.41,97.04,96.98,95.63,1.3699999999999903,ok
512267592,15294,name,הראל קופת גמל הראל קופת גמל מסלול אג ח סחיר,0.0,0.0,1.73,1.73,0.0,ok
512267592,15295,name,הראל קופת גמל הראל קופת גמל מניות סחיר,99.91,99.46,20.28,20.19,0.45000000000000284,ok
512267592,15296,name,הראל השתלמות הראל השתלמות קיימות,93.53,93.46,24.22,24.17,0.07000000000000739,ok
512267592,15297,name,הראל השתלמות הראל השתלמות עוקב מדדים גמיש,56.01,55.86,17.36,17.31,0.14999999999999858,ok
512267592,15298,name,הראל השתלמות הראל השתלמות עוקב מדדי אג ח,0.0,0.0,94.94,94.93,0.009999999999990905,ok
512267592,15299,name,הראל השתלמות השתלמות עוקב מדדים אגח עם מנ 25% מני,24.55,24.54,12.01,12.01,0.010000000000001563,ok
512267592,15300,name,הראל השתלמות הראל השתלמות עוקב מדדי מניות,98.31,98.15,96.88,96.73,0.1599999999999966,ok
512267592,15301,name,הראל השתלמות הראל השתלמות מסלול אג ח סחיר,0.0,0.0,1.72,1.72,0.0,ok
512267592,15302,name,הראל השתלמות הראל השתלמות מניות סחיר,99.88,99.59,20.32,20.26,0.28999999999999204,ok
512267592,15303,name,הראל השתלמות השתלמות מסלול סחיר אג ח עם מני עד 25% מני,24.3,24.3,13.06,13.06,0.0,ok
512267592,154,name,הראל השתלמות הראל השתלמות מסלול כללי,47.9,49.93,17.61,17.63,2.030000000000001,ok
512267592,155,name,הראל פיצויים הראל קמ פ מסלול כללי,54.03,54.22,17.87,17.88,0.18999999999999773,ok
512267592,2164,name,הראל פנסיה כללית הראל פנסיה כללית מבוטחים,46.58,48.61,17.03,17.01,2.030000000000001,ok
512267592,2172,name,הראל פנסיה כולל סל ערד הראל פנסיה גילעד כללי מבוטחים,46.85,49.42,17.29,17.33,2.5700000000000003,ok
512267592,2173,name,הראל פנסיה כולל סל ערד הראל פנסיה מסלול הלכה מבוטחים,54.02,54.07,16.65,16.67,0.04999999999999716,ok
512267592,2174,name,הראל פנסיה כולל סל ערד הראל פנסיה מסלול אשראי ואג ח,5.26,6.94,4.24,4.25,1.6800000000000006,ok
512267592,2175,name,הראל פנסיה כולל סל ערד הראל פנסיה מסלול מניות,71.03,71.23,23.39,23.42,0.20000000000000284,ok
512267592,2177,name,הראל פנסיה כולל סל ערד הראל פנסיה מנוף כללי מבוטחים,47.16,49.57,17.48,17.49,2.4100000000000037,ok
512267592,2203,name,הראל פנסיה כולל סל ערד הראל פנסיה בסיסי למקבלי קצבה קיימים,0.0,1.02,0.36,0.36,1.02,ok
512267592,2204,name,הראל פנסיה כללית הראל פנסיה כללית בסיסי למקבלי קצבה קיימים,0.0,0.0,0.62,0.63,0.010000000000000009,ok
512267592,416,name,הראל השתלמות הראל השתלמות אשראי ואג ח עם מניות עד 25% מניות,11.34,14.12,11.93,11.93,2.7799999999999994,ok
512267592,739,name,הראל פיצויים הראל קמ פ מסלול מניות,102.89,103.21,24.23,24.3,0.3199999999999932,ok
512267592,741,name,הראל פיצויים הראל קמ פ מסלול אג ח צמוד מדד,0.0,0.0,0.7,0.71,0.010000000000000009,ok
512267592,742,name,הראל פיצויים הראל קמ פ מסלול שקלי,0.0,0.0,0.07,0.06,0.010000000000000009,ok
512267592,743,name,הראל פיצויים הראל קמ פ מסלול אג ח עד 15% מניות,14.42,14.64,6.63,6.63,0.22000000000000064,ok
512267592,761,name,הראל קופת גמל הראל גמל מסלול מניות,100.4,100.21,24.17,24.08,0.19000000000001194,ok
512267592,763,name,הראל השתלמות הראל השתלמות מסלול מניות,100.4,100.39,24.21,24.18,0.030000000000001137,ok
512267592,8211,name,הראל גמל להשקעה הראל גמל להשקעה כללי,41.68,43.35,14.13,14.3,1.6700000000000017,ok
512267592,8521,name,הראל גמל להשקעה הראל גמל להשקעה אשראי ואג ח עם מניות עד 25% מניות,17.54,18.45,15.38,15.32,0.9100000000000001,ok
512267592,8522,name,הראל גמל להשקעה הראל גמל להשקעה מניות,92.91,92.06,25.44,25.17,0.8499999999999943,ok
512267592,8523,name,הראל גמל להשקעה הראל גמל להשקעה הלכה,40.22,40.1,11.43,11.4,0.11999999999999744,ok
512267592,857,name,הראל דקל קופת גמל לדמי מחלה הראל דקל,54.19,54.35,17.9,17.91,0.1600000000000037,ok
512267592,8588,name,הראל פנסיה כולל סל ערד הראל פנסיה זכאים קיימים לקצבה,0.0,0.0,0.0,0.0,0.0,ok
512267592,8806,name,הראל פנסיה כולל סל ערד הראל פנסיה הלכה למקבלי קצבה קיימים,0.0,0.0,0.0,0.0,0.0,ok
512267592,9097,name,הראל פנסיה כולל סל ערד הראל פנסיה כספי שקלי,0.0,0.0,0.0,0.0,0.0,ok
512267592,9555,name,הראל גמל השקעה לילד הראל גמל השקעה לילד הלכה,75.29,75.3,16.34,16.34,0.009999999999990905,ok
512267592,9742,name,הראל קופת גמל הראל גמל מסלול לבני 50 עד 60,48.08,49.68,18.12,18.11,1.6000000000000014,ok
512267592,9744,name,הראל קופת גמל הראל גמל מסלול לבני 50 ומטה,57.83,59.6,19.33,19.31,1.7700000000000031,ok
512267592,9745,name,הראל קופת גמל הראל גמל מסלול לבני 60 ומעלה,28.94,31.88,13.56,13.59,2.9399999999999977,ok
512267592,9823,name,הראל פנסיה כולל סל ערד הראל פנסיה מסלול לגילאי 50 ומטה,57.99,59.76,19.39,19.41,1.769999999999996,ok
512267592,9827,name,הראל פנסיה כולל סל ערד הראל פנסיה מסלול לבני 50 עד 60,47.92,49.69,18.12,18.15,1.769999999999996,ok
512267592,9829,name,הראל פנסיה כולל סל ערד הראל פנסיה מסלול לבני 60 ומעלה,28.8,30.42,13.51,13.66,1.620000000000001,ok
512267592,9856,name,הראל פנסיה כללית הראל פנסיה כללית מסלול לבני 60 ומעלה,28.94,29.32,13.32,13.17,0.379999999999999,ok
512267592,9858,name,הראל פנסיה כללית הראל פנסיה כללית מסלול לבני 50 עד 60,48.12,49.03,18.22,18.1,0.9100000000000037,ok
512267592,9862,name,הראל פנסיה כללית הראל פנסיה כללית מסלול לגילאי 50 ומטה,57.94,58.81,19.32,19.18,0.8700000000000045,ok
512362914,13711,registry_name_fallback,מחוג חיסכון פלוס מסלול כללי,52.1,46.54,19.6,19.08,5.560000000000002,check
512362914,15444,registry_name_fallback,מחוג חיסכון פלוס מסלול מניות,98.1,96.57,27.4,32.38,4.980000000000004,ok
512362914,556,registry_name_fallback,מחוג מסלול כללי,52.7,48.17,19.5,19.84,4.530000000000001,ok
512362914,7205,registry_name_fallback,מחוג מסלול לבני 50 ומטה,64.0,59.55,21.5,22.05,4.450000000000003,ok
512362914,7206,registry_name_fallback,מחוג מסלול לבני 50 עד 60,51.0,47.96,19.0,20.42,3.039999999999999,ok
512362914,7207,registry_name_fallback,מחוג מסלול לבני 60 ומעלה,33.3,28.93,15.6,17.55,4.369999999999997,ok
512711409,14118,registry_name_fallback,מסלול כללי,42.0,40.24,21.0,14.61,6.390000000000001,check
512711409,14119,registry_name_fallback,מסלול מניות,93.0,91.14,30.0,22.85,7.149999999999999,check
512711409,15376,registry_name_fallback,כלנית עוקב מדדי מניות,96.44,98.28,25.12,24.14,1.8400000000000034,ok
512711409,15377,registry_name_fallback,גל עוקב מדדי מניות,96.44,97.5,25.12,23.53,1.5899999999999999,ok
512711409,7240,registry_name_fallback,כלנית - מסלול לבני 60 ומעלה,24.6,24.21,15.35,13.77,1.58,ok
512711409,7242,registry_name_fallback,גל - מסלול לבני 50 ומטה,55.34,56.05,19.9,18.55,1.3499999999999979,ok
512711409,7243,registry_name_fallback,גל - מסלול לבני 50 עד 60,46.5,46.71,17.81,17.19,0.6199999999999974,ok
512711409,7244,registry_name_fallback,גל - מסלול לבני 60 ומעלה,24.6,23.99,15.35,13.96,1.3899999999999988,ok
512711409,7245,registry_name_fallback,כלנית - מסלול לבני 50 עד 60,46.5,47.09,17.81,17.51,0.5900000000000034,ok
512711409,7246,registry_name_fallback,כלנית - מסלול לבני 50 ומטה,55.34,56.13,19.9,18.36,1.5399999999999991,ok
513026484,1008,name,הפניקס קופה לתשלום דמי מחלה 1008,34.0,35.49,20.0,17.62,2.379999999999999,ok
513026484,1100,name,הפניקס השתלמות אג ח עד 25% מניות 1100,15.0,10.2,20.0,17.18,4.800000000000001,ok
513026484,11310,name,הפניקס חסכון לילד סיכון מועט 11310,2.0,0.49,13.0,11.98,1.51,ok
513026484,11311,name,הפניקס חסכון לילד סיכון מוגבר 11311,94.0,94.97,26.0,23.59,2.41,ok
513026484,11312,name,הפניקס חסכון לילד סיכון בינוני 11312,43.0,46.77,22.0,20.99,3.770000000000003,ok
513026484,11335,name,הפניקס חסכון לילד הלכה 11335,43.0,46.36,26.0,25.23,3.3599999999999994,ok
513026484,11352,name,הפניקס חסכון לילד שריעה 11352,94.0,89.59,94.0,96.2,4.409999999999997,ok
513026484,12119,name,הפניקס פנסיה מקיפה פנסיונרים בסיסי החל מ 1 1 18 12119,14.96,14.56,10.08,9.58,0.5,ok
513026484,12120,name,הפניקס פנסיה משלימה מסלול בסיסי למקבלי קצבה 12120,17.43,17.08,15.48,14.49,0.9900000000000002,ok
513026484,13209,name,הפניקס גמל להשקעה מסלול כספי שקלי 13209,,0.0,0.0,0.0,0.0,ok
513026484,13250,name,הפניקס גמל להשקעה מסלול מחקה מדד s&p 500 13250,94.0,98.9,94.0,98.52,4.900000000000006,ok
513026484,13263,name,הפניקס גמל מסלול מדד s&p 500 13263,94.0,99.08,94.0,98.72,5.079999999999998,check
513026484,13264,name,הפניקס השתלמות עוקב מדד s&p 500 13264,94.0,98.88,94.0,98.54,4.8799999999999955,ok
513026484,13335,name,הפניקס פנסיה מקיפה עוקב מדד s&p 500 13335,72.62,72.15,72.32,71.88,0.46999999999999886,ok
513026484,13465,name,הפניקס פנסיה משלימה מסלול s&p 500 13465,98.87,99.12,98.46,98.74,0.28000000000000114,ok
513026484,14082,name,הפניקס פנסיה משלימה מסלול שריעה 14082,89.78,88.81,98.8,96.92,1.8799999999999955,ok
513026484,14281,name,הפניקס גמל מסלול משולב סחיר 14281,48.0,50.08,20.0,18.9,2.0799999999999983,ok
513026484,14285,name,פנסיה מקיפה מסלול משולב סחיר 14285,48.42,49.19,18.61,17.52,1.0899999999999999,ok
513026484,14286,name,הפניקס פנסיה מקיפה עוקב מדדים גמיש 14286,46.81,48.08,64.34,65.41,1.269999999999996,ok
513026484,14287,name,הפניקס פנסיה משלימה מסלול עוקב מדדים גמיש 14287,41.11,39.09,91.05,93.74,2.6899999999999977,ok
513026484,14288,name,הפניקס פנסיה משלימה מסלול משולב סחיר 14288,42.64,42.5,18.66,17.5,1.1600000000000001,ok
513026484,15007,name,הפניקס השתלמות עוקב מדדי מניות 15007,94.0,94.19,94.0,97.28,3.280000000000001,ok
513026484,15208,name,הפניקס גמל אג ח סחיר 15208,19.0,20.59,15.0,10.41,4.59,ok
513026484,15209,name,הפניקס גמל מניות סחיר 15209,94.0,94.36,18.0,16.21,1.7899999999999991,ok
513026484,15210,name,הפניקס גמל עוקב מדדי מניות 15210,94.0,94.11,94.0,97.36,3.3599999999999994,ok
513026484,15211,name,הפניקס השתלמות משולב סחיר 15211,48.0,49.45,20.0,19.59,1.4500000000000028,ok
513026484,15212,name,הפניקס השתלמות אג ח סחיר 15212,,0.46,13.0,7.97,5.03,check
513026484,15214,name,הפניקס גמל להשקעה משולב סחיר 15214,48.0,48.42,20.0,19.37,0.629999999999999,ok
513026484,15215,name,הפניקס גמל להשקעה אג ח סחיר 15215,,0.51,14.0,9.23,4.77,ok
513026484,15217,name,פנסיה מקיפה מסלול אג ח סחיר 15217,21.79,21.55,7.2,6.57,0.6299999999999999,ok
513026484,15218,name,פנסיה מקיפה מסלול מניות סחיר 15218,76.16,76.2,12.95,13.28,0.33000000000000007,ok
513026484,15219,name,הפניקס פנסיה מקיפה מסלול עוקב מדדי מניות 15219,72.14,69.49,72.66,71.76,2.6500000000000057,ok
513026484,15220,name,הפניקס פנסיה משלימה מסלול אג ח סחיר 15220,19.5,20.12,10.35,10.5,0.620000000000001,ok
513026484,15221,name,הפניקס פנסיה משלימה מסלול מניות סחיר 15221,93.21,96.64,15.57,16.59,3.430000000000007,ok
513026484,15222,name,הפניקס פנסיה משלימה מסלול עוקב מדדי אג ח 15222,,0.0,96.16,98.04,1.8800000000000097,ok
513026484,15223,name,הפניקס פנסיה משלימה מסלול עוקב מדדי מניות 15223,96.14,94.63,96.23,97.73,1.5100000000000051,ok
513026484,15224,name,הפניקס פנסיה משלימה מסלול הלכה 15224,47.4,46.99,21.33,19.22,2.1099999999999994,ok
513026484,15232,name,הפניקס השתלמות מניות סחיר 15232,94.0,95.37,18.0,16.63,1.3700000000000045,ok
513026484,15233,name,הפניקס גמל להשקעה מניות סחיר 15233,94.0,95.25,18.0,17.21,1.25,ok
513026484,15234,name,הפניקס גמל מסלול עוקב מדדים גמיש 15234,48.0,47.81,94.0,94.31,0.3100000000000023,ok
513026484,2049,name,הפניקס גמל מסלול שריעה 2049,94.0,89.22,94.0,96.51,4.780000000000001,ok
513026484,2058,name,הפניקס השתלמות מסלול שריעה 2058,94.0,87.96,94.0,94.74,6.040000000000006,check
513026484,2187,name,פנסיה מקיפה מסלול מניות 2187,70.04,71.31,22.53,21.21,1.3200000000000003,ok
513026484,2188,name,פנסיה מקיפה מסלול אשראי ואג ח 2188,3.34,2.38,9.73,9.05,0.96,ok
513026484,2189,name,מספר מסול באוצר 2189,,0.0,0.0,0.0,0.0,ok
513026484,2201,name,הפניקס פנסיה מקיפה פנסיונרים עד 31 12 17 2201,,0.0,0.0,0.0,0.0,ok
513026484,2202,name,הפניקס פנסיה משלימה פנסיונרים 2202,,0.0,0.0,0.0,0.0,ok
513026484,242,name,הפניקס מרכזית לפיצויים 242,39.0,42.17,24.0,20.97,3.1700000000000017,ok
513026484,384,name,הפניקס מרכזית לפיצויים עד 15% מניות 384,9.0,9.36,19.0,16.92,2.0799999999999983,ok
513026484,385,name,הפניקס גמל מסלול אשראי ואג ח 385,1.0,0.28,10.0,10.61,0.72,ok
513026484,401,name,הפניקס גמל לבני 60 ומעלה 401,24.0,26.86,19.0,17.44,2.8599999999999994,ok
513026484,528,name,הפניקס גמולה מבטיחת תשואה 528,1.0,6.3,2.0,2.74,5.3,check
513026484,715,name,הפניקס השתלמות כספי שקלי 715,,0.0,0.0,0.0,0.0,ok
513026484,716,name,הפניקס השתלמות מסלול אשראי ואג ח 716,1.0,0.23,11.0,9.23,1.7699999999999996,ok
513026484,7234,name,הפניקס פנסיה משלימה מסלול לבני 50 ומטה 7234,55.69,54.4,26.49,24.81,1.6799999999999997,ok
513026484,7235,name,הפניקס פנסיה משלימה מסלול לבני 50 עד 60 7235,43.79,44.42,21.88,21.26,0.6300000000000026,ok
513026484,7236,name,הפניקס פנסיה משלימה מסלול לבני 60 ומעלה 7236,26.6,25.92,20.09,18.85,1.2399999999999984,ok
513026484,7905,name,הפניקס גמל להשקעה מסלול אשראי ואג ח 7905,1.0,0.33,14.0,10.67,3.33,ok
513026484,7906,name,הפניקס גמל להשקעה מסלול אשראי ואג ח עד 25% מניות 7906,19.0,17.4,16.0,14.66,1.6000000000000014,ok
513026484,7907,name,הפניקס גמל להשקעה עוקב מדדי מניות 7907,94.0,94.81,94.0,97.94,3.9399999999999977,ok
513026484,7908,name,הפניקס גמל להשקעה מסלול כללי 7908,45.0,44.66,25.0,21.5,3.5,ok
513026484,7909,name,הפניקס גמל להשקעה מסלול עוקב מדדים גמיש כללי פאסיבי 7909,48.0,50.15,94.0,94.05,2.1499999999999986,ok
513026484,7975,name,הפניקס גמל להשקעה מניות 7975,94.0,92.95,28.0,28.12,1.0499999999999972,ok
513026484,8004,name,הפניקס גמל להשקעה מסלול שריעה 8004,94.0,88.71,94.0,95.47,5.290000000000006,check
513026484,801,name,הפניקס מרכזית לפיצויים שקלי 801,,0.0,0.0,0.0,0.0,ok
513026484,804,name,הפניקס מרכזית לפיצויים מחקה מדדי מניות 804,94.0,97.71,34.0,35.3,3.7099999999999937,ok
513026484,806,doc,הפניקס מרכזית לפיצויים צמודת מדד 806,1.0,0.36,12.0,9.47,2.5299999999999994,ok
513026484,8318,name,הפניקס פנסיה משלימה מנייתית 8318,94.2,95.48,31.57,29.46,2.1099999999999994,ok
513026484,8319,name,הפניקס פנסיה משלימה מסלול אשראי ואג ח 8319,,0.28,11.83,10.86,0.9700000000000006,ok
513026484,8320,name,הפניקס פנסיה משלימה מסלול כספי שקלי 8320,,0.0,0.0,0.0,0.0,ok
513026484,8629,name,הפניקס השתלמות עוקב מדדים גמיש פאסיבי כללי 8629,48.0,51.08,94.0,97.86,3.8599999999999994,ok
513026484,8765,name,הפניקס מרכזית לפיצויים מחקה מדדים 8765,43.0,43.01,19.0,18.27,0.7300000000000004,ok
513026484,8766,name,הפניקס מרכזית לפיצויים מחקה מדדי אג ח 8766,1.0,0.65,20.0,15.18,4.82,ok
513026484,9418,name,הפניקס גמל מסלולית לפיצויים רבת מסלולים 9418,40.0,41.98,19.0,17.96,1.9799999999999969,ok
513026484,9475,name,הפניקס מרכזית לפיצויים שקלי טווח קצר 9475,,0.0,0.0,0.0,0.0,ok
513026484,9528,name,הפניקס השתלמות מסלול הלכה 9528,49.0,52.81,24.0,20.8,3.8100000000000023,ok
513026484,9529,name,הפניקס גמל לבני 50 עד 60 9529,43.0,44.45,24.0,21.11,2.8900000000000006,ok
513026484,961,name,הפניקס גמל מסלול מניות 961,94.0,92.92,27.0,28.44,1.4400000000000013,ok
513026484,964,name,הפניקס השתלמות כללי 964,43.0,46.65,25.0,21.06,3.9400000000000013,ok
513026484,968,name,הפניקס השתלמות מניות 968,94.0,90.94,32.0,28.06,3.9400000000000013,ok
513026484,9906,name,הפניקס גמל מסלול כספי שקלי 9906,,0.0,0.0,0.0,0.0,ok
513026484,9916,name,הפניקס גמל לבני 50 ומטה 9916,54.0,56.91,26.0,23.08,2.9200000000000017,ok
513026484,9974,name,הפניקס פנסיה מקיפה מסלול לבני 50 ומטה 9974,55.15,53.61,24.11,22.84,1.5399999999999991,ok
513026484,9975,name,הפניקס פנסיה מקיפה מסלול לבני 50 עד 60 9975,45.38,45.75,21.67,20.77,0.9000000000000021,ok
513026484,9976,name,הפניקס פנסיה מקיפה מסלול לבני 60 ומעלה 9976,25.19,25.45,15.38,14.91,0.47000000000000064,ok
513026484,9979,name,הפניקס פנסיה מקיפה מסלול עוקב מדדי אג ח 9979,,0.0,67.78,68.62,0.8400000000000034,ok
513026484,9984,name,הפניקס פנסיה מקיפה מסלול הלכה 9984,50.47,51.23,20.89,20.75,0.759999999999998,ok
513026484,9987,name,הפניקס פנסיה מקיפה פנסיונרים זכאים 9987,,0.0,0.0,0.0,0.0,ok
513173393,1093,file_name,אלטשולר שחם השתלמות כללי,45.09,45.12,17.15,17.29,0.14000000000000057,ok
513173393,1094,file_name,אלטשולר שחם פיצויים כללי,50.37,50.4,17.53,17.67,0.14000000000000057,ok
513173393,11325,file_name,אלטשולר שחם חיסכון לילד לחוסכים המעדיפים סיכון מועט,22.45,22.45,14.64,14.71,0.07000000000000028,ok
513173393,11326,file_name,אלטשולר שחם חיסכון לילד לחוסכים המעדיפים סיכון בינוני,48.63,48.64,17.61,17.76,0.15000000000000213,ok
513173393,11327,file_name,אלטשולר שחם חיסכון לילד לחוסכים המעדיפים סיכון מוגבר,98.26,98.28,29.67,29.96,0.28999999999999915,ok
513173393,11328,file_name,אלטשולר שחם חיסכון לילד הלכה,47.46,47.46,18.51,18.65,0.13999999999999702,ok
513173393,12138,file_name,אלטשולר שחם פנסיה מקיפה בסיסי למקבלי קצבה,13.41,13.03,5.09,4.99,0.3800000000000008,ok
513173393,12139,file_name,אלטשולר שחם פנסיה כללית בסיסי למקבלי קצבה,22.87,23.31,13.96,14.3,0.4399999999999977,ok
513173393,12256,file_name,אלטשולר שחם השתלמות הלכה,47.44,47.45,17.4,17.55,0.15000000000000213,ok
513173393,12257,file_name,אלטשולר שחם חיסכון פלוס הלכה,47.4,47.42,17.21,17.36,0.14999999999999858,ok
513173393,12419,file_name,אלטשולר שחם פנסיה מקיפה מניות,69.54,69.61,19.25,19.47,0.21999999999999886,ok
513173393,1290,file_name,אלטשולר שחם השתלמות כללי ב,56.72,56.93,18.83,19.05,0.22000000000000242,ok
513173393,1309,file_name,אלטשולר שחם פנסיה תקציבית מסלול אג ח,0.0,0.0,12.99,12.98,0.009999999999999787,ok
513173393,13211,file_name,אלטשולר שחם פנסיה כללית מניות,98.16,98.35,29.56,29.9,0.33999999999999986,ok
513173393,13212,file_name,אלטשולר שחם פנסיה כללית הלכה,48.98,49.16,18.27,18.44,0.17999999999999972,ok
513173393,1375,file_name,אלטשולר שחם גמל מניות,95.08,95.11,29.37,29.64,0.2699999999999996,ok
513173393,1376,file_name,אלטשולר שחם גמל אשראי ואג ח,0.0,0.0,12.79,12.79,0.0,ok
513173393,1377,file_name,אלטשולר שחם השתלמות מניות,94.98,95.03,28.89,29.18,0.28999999999999915,ok
513173393,1378,file_name,אלטשולר שחם השתלמות אשראי ואג ח,0.0,0.0,12.97,12.98,0.009999999999999787,ok
513173393,13819,file_name,אלטשולר שחם פנסיה מקיפה עוקב מדדי מניות,71.23,71.3,71.56,71.64,0.0799999999999983,ok
513173393,13820,file_name,אלטשולר שחם פנסיה כללית עוקב מדדי מניות,99.21,99.37,99.84,100.02,0.1799999999999926,ok
513173393,1394,file_name,אלטשולר שחם גמל כספי שקלי,,0.0,0.0,-0.0,0.0,ok
513173393,1395,file_name,אלטשולר שחם גמל אג ח ממשלות,,0.0,2.85,2.86,0.009999999999999787,ok
513173393,1398,file_name,אלטשולר שחם השתלמות כספי שקלי,,0.0,0.0,-0.0,0.0,ok
513173393,1399,file_name,אלטשולר שחם השתלמות אג ח ממשלות,,0.0,2.92,2.89,0.029999999999999805,ok
513173393,1417,file_name,אלטשולר שחם פיצויים אשראי ואג ח,0.0,0.0,11.94,11.96,0.02000000000000135,ok
513173393,14234,file_name,אלטשולר שחם גמל לעמיתי חבר משולב סחיר,48.13,48.14,16.91,17.08,0.16999999999999815,ok
513173393,14235,file_name,אלטשולר שחם גמל לעמיתי חבר עוקב מדדים גמיש,99.37,99.36,99.55,99.57,0.01999999999999602,ok
513173393,14302,file_name,אלטשולר שחם פנסיה מקיפה משולב סחיר,48.21,48.3,16.17,16.35,0.17999999999999972,ok
513173393,14303,file_name,אלטשולר שחם פנסיה מקיפה עוקב מדדים גמיש,46.52,46.56,64.44,64.53,0.09000000000000341,ok
513173393,14304,file_name,אלטשולר שחם פנסיה כללית משולב סחיר,49.25,49.02,17.74,17.65,0.22999999999999687,ok
513173393,14305,file_name,אלטשולר שחם פנסיה כללית עוקב מדדים גמיש,46.33,46.52,97.74,98.13,0.39000000000000057,ok
513173393,14353,file_name,אלטשולר שחם גמל משולב סחיר,48.99,49.02,16.8,16.95,0.14999999999999858,ok
513173393,14354,file_name,אלטשולר שחם גמל עוקב מדדים גמיש,46.3,46.29,97.78,97.83,0.04999999999999716,ok
513173393,14850,file_name,אלטשולר שחם פנסיה מקיפה עוקב מדד S&P 500,71.17,71.22,70.93,71.01,0.0799999999999983,ok
513173393,14854,file_name,אלטשולר שחם פנסיה כללית עוקב מדד S&P 500,99.61,99.77,99.33,99.51,0.18000000000000682,ok
513173393,14858,file_name,אלטשולר שחם גמל עוקב מדד S&P 500,99.2,99.22,98.92,98.97,0.04999999999999716,ok
513173393,14862,file_name,אלטשולר שחם השתלמות עוקב מדד S&P 500,99.72,99.75,99.28,99.35,0.06999999999999318,ok
513173393,14863,file_name,אלטשולר שחם השתלמות עוקב מדדי מניות,100.69,100.73,101.12,101.16,0.04000000000000625,ok
513173393,14864,file_name,אלטשולר שחם חיסכון פלוס עוקב מדדי מניות,100.11,100.13,100.44,100.52,0.0799999999999983,ok
513173393,14865,file_name,אלטשולר שחם חיסכון פלוס עוקב מדד S&P 500,99.61,99.63,99.24,99.31,0.07000000000000739,ok
513173393,15028,file_name,אלטשולר שחם השתלמות עוקב מדדים גמיש,45.71,45.73,18.48,18.5,0.019999999999999574,ok
513173393,15313,file_name,אלטשולר שחם פנסיה כללית הלכה למקבלי קצבה,24.44,24.56,12.86,14.04,1.1799999999999997,ok
513173393,15314,file_name,אלטשולר שחם פנסיה מקיפה הלכה למקבלי קצבה,15.75,15.82,5.92,5.97,0.07000000000000028,ok
513173393,15315,file_name,אלטשולר שחם חיסכון פלוס עוקב מדדים גמיש,45.52,45.59,18.21,18.23,0.07000000000000028,ok
513173393,15458,file_name,אלטשולר שחם השתלמות משולב סחיר,46.72,46.77,,0.27,0.05000000000000426,ok
513173393,15540,file_name,אלטשולר שחם גמל מניות סחיר,92.11,92.14,0.04,0.05,0.030000000000001137,ok
513173393,15541,file_name,אלטשולר שחם חיסכון פלוס משולב סחיר,44.37,44.44,0.24,0.25,0.07000000000000028,ok
513173393,15840,registry_name_fallback,אלטשולר שחם פנסיה מקיפה עוקב מדדים מקבלי קצבה,0.0,,0.0,,,no_data
513173393,15841,file_name,אלטשולר שחם פנסיה מקיפה מניות סחיר,0.0,,,,,no_data
513173393,15842,file_name,אלטשולר שחם פנסיה כללית מניות סחיר,0.0,,,,,no_data
513173393,15843,registry_name_fallback,אלטשולר שחם פנסיה כללית עוקב מדדים מקבלי קצבה,0.0,,0.0,,,no_data
513173393,1912,file_name,אלטשולר שחם קופה להשתתפות בפנסיה תקציבית מסלול כללי,47.95,47.5,18.13,17.5,0.629999999999999,ok
513173393,2008,file_name,אלטשולר שחם פיצויים כספי שקלי,,0.0,0.0,0.0,0.0,ok
513173393,2017,registry_name_fallback,אלטשולר שחם גמל הלכה,48.16,48.19,18.56,18.67,0.11000000000000298,ok
513173393,2196,file_name,אלטשולר שחם פנסיה מקיפה למקבלי קצבה קיימים,10.74,11.21,5.95,6.18,0.47000000000000064,ok
513173393,558,file_name,אלטשולר שחם השתלמות אשראי ואג ח עם מניות עד 25% מניות,18.72,18.76,14.63,14.71,0.08000000000000007,ok
513173393,588,file_name,אלטשולר שחם פיצויים אשראי ואג ח עד 25% מניות,19.59,19.6,13.81,13.88,0.07000000000000028,ok
513173393,7798,file_name,אלטשולר שחם חיסכון פלוס כללי,45.02,45.04,17.29,17.43,0.14000000000000057,ok
513173393,7799,file_name,אלטשולר שחם חיסכון פלוס מניות,97.22,97.27,29.82,30.11,0.28999999999999915,ok
513173393,7800,file_name,אלטשולר שחם חיסכון פלוס אשראי ואג ח עם מניות עד 25% מניות,19.51,19.53,14.19,14.26,0.07000000000000028,ok
513173393,7801,file_name,אלטשולר שחם חיסכון פלוס אשראי ואג ח,,0.0,12.47,12.48,0.009999999999999787,ok
513173393,7802,file_name,אלטשולר שחם חיסכון פלוס כספי שקלי,,0.0,0.0,0.0,0.0,ok
513173393,8580,file_name,אלטשולר שחם פנסיה כללית למקבלי קצבה קיימים,23.07,24.0,13.16,12.0,1.1600000000000001,ok
513173393,872,file_name,אלטשולר שחם מרפא קופה מרכזית לדמי מחלה,50.46,50.48,17.86,18.02,0.16000000000000014,ok
513173393,9757,file_name,אלטשולר שחם פנסיה מקיפה לבני 50 ומטה,49.54,49.82,15.82,16.04,0.28000000000000114,ok
513173393,9758,file_name,אלטשולר שחם פנסיה מקיפה לבני 50 עד 60,46.56,46.65,16.64,16.8,0.16000000000000014,ok
513173393,9759,file_name,אלטשולר שחם פנסיה מקיפה לבני 60 ומעלה,23.38,23.41,14.69,14.77,0.08000000000000007,ok
513173393,9760,file_name,אלטשולר שחם פנסיה מקיפה הלכה,45.43,45.48,16.38,16.54,0.16000000000000014,ok
513173393,9761,file_name,אלטשולר שחם פנסיה כללית לבני 50 ומטה,56.28,55.49,18.76,18.66,0.7899999999999991,ok
513173393,9762,file_name,אלטשולר שחם פנסיה כללית לבני 50 עד 60,48.04,48.14,16.98,17.14,0.16000000000000014,ok
513173393,9763,file_name,אלטשולר שחם פנסיה כללית לבני 60 ומעלה,23.93,23.98,13.75,13.84,0.08999999999999986,ok
513173393,9844,file_name,אלטשולר שחם גמל לעמיתי חבר לבני 50 ומטה,60.39,60.42,19.61,19.79,0.17999999999999972,ok
513173393,9845,file_name,אלטשולר שחם גמל לעמיתי חבר לבני 50 עד 60,47.13,47.17,17.41,17.56,0.14999999999999858,ok
513173393,9846,file_name,אלטשולר שחם גמל לעמיתי חבר לבני 60 ומעלה,22.89,22.9,14.32,14.39,0.07000000000000028,ok
513173393,989,file_name,אלטשולר שחם גמל עוקב מדדי מניות,100.41,100.4,100.85,100.89,0.04000000000000625,ok
513173393,9950,file_name,אלטשולר שחם גמל לבני 50 ומטה,54.64,54.65,19.16,19.31,0.14999999999999858,ok
513173393,9951,file_name,אלטשולר שחם גמל לבני 50 עד 60,45.55,45.58,17.63,17.77,0.14000000000000057,ok
513173393,9952,file_name,אלטשולר שחם גמל לבני 60 ומעלה,21.98,21.99,15.12,15.19,0.07000000000000028,ok
513452003,9957,site_map,מסלול לבני 50,48.0,49.7,19.0,18.18,1.7000000000000028,ok
513611509,1036,registry_name_fallback,ילין לפידות קופת גמל מסלול מניות,98.1,98.62,23.3,27.97,4.669999999999998,ok
513611509,1037,registry_name_fallback,ילין לפידות קופת גמל מסלול אשראי ואג ח,10.1,10.06,10.2,10.25,0.05000000000000071,ok
513611509,1038,site_map,ילין לפידות קרן השתלמות מסלול אשראי ואג ח עם מניות עד 25% מניות,24.0,24.67,16.4,16.37,0.6700000000000017,ok
513611509,11390,registry_name_fallback,ילין לפידות קופת גמל להשקעה מסלול כללי,51.6,48.73,18.9,19.99,2.8700000000000045,ok
513611509,11391,registry_name_fallback,ילין לפידות קופת גמל להשקעה מסלול אשראי ואג ח,9.8,9.87,10.1,10.14,0.06999999999999851,ok
513611509,11392,registry_name_fallback,ילין לפידות קופת גמל להשקעה מסלול אשראי ואג ח עם מניות עד 25% מניות,23.7,23.78,15.7,15.73,0.08000000000000185,ok
513611509,11393,registry_name_fallback,ילין לפידות קופת גמל להשקעה מסלול אג ח ממשלות,0.0,0.0,0.0,0.0,0.0,ok
513611509,11394,registry_name_fallback,ילין לפידות קופת גמל להשקעה מסלול מניות,98.3,98.34,23.2,27.82,4.620000000000001,ok
513611509,1162,registry_name_fallback,ילין לפידות קרן השתלמות מסלול כללי,51.7,49.66,18.7,20.32,2.0400000000000063,ok
513611509,1319,registry_name_fallback,ילין לפידות קרן השתלמות מסלול אשראי ואג ח,10.5,10.55,10.6,10.61,0.05000000000000071,ok
513611509,1360,registry_name_fallback,ילין לפידות קופת גמל מסלול אג ח ממשלות,0.0,0.0,0.0,0.0,0.0,ok
513611509,1361,registry_name_fallback,ילין לפידות קרן השתלמות מסלול אג ח ממשלות,0.0,0.0,0.0,0.0,0.0,ok
513611509,14292,registry_name_fallback,ילין לפידות קופת גמל מסלול משולב סחיר,58.4,58.45,6.4,6.45,0.05000000000000426,ok
513611509,14293,registry_name_fallback,ילין לפידות קופת גמל מסלול עוקב מדדים גמיש,50.7,50.69,80.1,80.15,0.05000000000001137,ok
513611509,14657,registry_name_fallback,ילין לפידות קרן השתלמות מסלול עוקב מדדים גמיש,50.5,50.55,80.3,80.4,0.10000000000000853,ok
513611509,14658,registry_name_fallback,קופת גמל להשקעה מסלול עוקב מדדים גמיש,51.5,50.95,17.6,80.71,63.10999999999999,mismatch
513611509,14849,registry_name_fallback,ילין לפידות קרן השתלמות מסלול עוקב מדד 500 S&P,99.5,99.59,98.8,98.91,0.10999999999999943,ok
513611509,15419,registry_name_fallback,ילין לפידות קופת גמל מסלול עוקב מדד 500 S&P,99.3,99.33,98.8,98.85,0.04999999999999716,ok
513611509,15420,registry_name_fallback,ילין לפידות קופת גמל להשקעה מסלול עוקב מדד 500 S&P,99.4,99.5,98.3,98.35,0.09999999999999432,ok
513611509,15714,registry_name_fallback,ילין לפידות קרן השתלמות מסלול מניות סחיר,99.1,99.11,2.5,2.5,0.010000000000005116,ok
513611509,15715,registry_name_fallback,ילין לפידות קופת גמל להשקעה מסלול מניות סחיר,98.9,98.91,2.4,2.4,0.009999999999990905,ok
513611509,8563,registry_name_fallback,ילין לפידות קרן השתלמות מסלול מניות,98.4,99.01,23.3,27.92,4.620000000000001,ok
513611509,9939,registry_name_fallback,ילין לפידות קופת גמל מסלול לבני 50 ומטה,64.7,62.15,20.9,22.33,2.5500000000000043,ok
513611509,9940,registry_name_fallback,ילין לפידות קופת גמל מסלול לבני 50 עד 60,51.6,49.38,18.8,20.23,2.219999999999999,ok
513611509,9941,registry_name_fallback,ילין לפידות קופת גמל מסלול לבני 60 ומעלה,31.7,32.12,16.3,16.34,0.41999999999999815,ok
513621110,1078,doc_code,אינפיניטי גמל אשראי ואג ח 1078,9.88,9.76,10.7,8.28,2.42,ok
513621110,1084,doc_code,אינפיניטי השתלמות אשראי ואג ח 1084,8.8,10.47,8.0,4.78,3.2199999999999998,ok
513621110,1095,doc_code,אינפיניטי פיצויים סל אג ח 1095,9.33,10.03,6.6,5.36,1.2399999999999993,ok
513621110,11372,doc_code,אינפיניטי חיסכון לכל ילד לחוסכים המעדיפים סיכון בינוני 11372,50.01,52.4,20.99,16.7,4.289999999999999,ok
513621110,11373,doc_code,אינפיניטי חיסכון לכל ילד לחוסכים המעדיפים סיכון מוגבר 11373,91.96,97.93,46.38,30.22,16.160000000000004,mismatch
513621110,11374,doc_code,אינפיניטי חיסכון לכל ילד לחוסכים המעדיפים סיכון מועט 11374,30.82,30.89,14.24,10.86,3.380000000000001,ok
513621110,11407,doc_code,אינפיניטי גמל להשקעה מניות 11407,95.42,95.48,33.32,31.73,1.5899999999999999,ok
513621110,11914,doc_code,אינפיניטי חיסכון לכל ילד הלכה 11914,99.9,95.74,93.63,90.4,4.160000000000011,ok
513621110,11957,doc_code,אינפיניטי השתלמות אשראי ואג ח עם מניות עד 25% מניות 11957,24.68,23.35,14.49,10.38,4.109999999999999,ok
513621110,1209,doc_code,אינפיניטי גמל אג ח ממשלות 1209,0.0,0.0,4.52,0.0,4.52,ok
513621110,1210,doc_code,אינפיניטי השתלמות אג ח ממשלות 1210,0.0,0.0,1.49,1.47,0.020000000000000018,ok
513621110,1211,doc_code,אינפיניטי פיצויים סל מניות 1211,96.08,98.12,40.85,32.29,8.560000000000002,check
513621110,12540,doc_code,אינפיניטי גמל להשקעה הלכה 12540,99.35,98.02,92.9,93.22,1.3299999999999983,ok
513621110,13228,doc_code,אינפיניטי גמל להשקעה עוקב מדדים גמיש 13228,54.15,54.51,24.39,18.91,5.48,check
513621110,13229,doc_code,אינפיניטי השתלמות כללי 13229,48.02,49.48,23.63,19.09,4.539999999999999,ok
513621110,14037,doc_code,אינפיניטי פנסיה מקיפה לבני 50 ומטה 14037,56.0,54.77,27.0,20.29,6.710000000000001,check
513621110,14038,doc_code,אינפיניטי פנסיה מקיפה לבני 50 עד 60 14038,46.0,46.57,23.0,20.1,2.8999999999999986,ok
513621110,14039,doc_code,אינפיניטי פנסיה מקיפה לבני 60 ומעלה 14039,27.0,26.44,16.0,15.53,0.5599999999999987,ok
513621110,14040,doc_code,אינפיניטי פנסיה מקיפה עוקב מדדי מניות 14040,69.0,68.44,70.0,66.7,3.299999999999997,ok
513621110,14042,doc_code,אינפיניטי פנסיה מקיפה הלכה 14042,69.6,69.69,69.7,68.44,1.2600000000000051,ok
513621110,14043,doc_code,אינפיניטי פנסיה מקיפה למקבלי קצבה 14043,21.6,24.73,5.8,5.03,3.129999999999999,ok
513621110,14045,doc_code,אינפיניטי פנסיה כללית לבני 50 ומטה 14045,53.4,54.71,26.0,21.26,4.739999999999998,ok
513621110,14046,doc_code,אינפיניטי פנסיה כללית לבני 50 עד 60 14046,46.5,46.39,23.3,19.47,3.830000000000002,ok
513621110,14047,doc_code,אינפיניטי פנסיה כללית לבני 60 ומעלה 14047,27.5,25.74,18.3,14.36,3.9400000000000013,ok
513621110,14048,doc_code,אינפיניטי פנסיה כללית עוקב מדדי מניות 14048,97.1,98.0,97.1,90.0,7.099999999999994,check
513621110,14049,doc_code,אינפיניטי פנסיה כללית הלכה 14049,97.0,98.01,97.0,97.51,1.0100000000000051,ok
513621110,14050,doc_code,אינפיניטי פנסיה כללית למקבלי קצבה 14050,0.0,25.77,0.0,5.15,25.77,mismatch
513621110,14054,doc_code,אינפיניטי פנסיה מקיפה עוקב מדד S&P 14054,70.01,69.35,70.0,67.6,2.4000000000000057,ok
513621110,14058,doc_code,אינפיניטי פנסיה כללית עוקב מדד S&P 14058,99.8,98.01,99.8,96.03,3.769999999999996,ok
513621110,14331,doc_code,אינפיניטי גמל משולב סחיר 14331,93.52,94.03,0.0,0.0,0.5100000000000051,ok
513621110,14332,doc_code,אינפיניטי גמל עוקב מדדים גמיש 14332,50.5,54.97,21.89,18.88,4.469999999999999,ok
513621110,14333,doc_code,אינפיניטי פנסיה מקיפה משולב סחיר 14333,70.37,65.24,0.0,0.04,5.13000000000001,check
513621110,14334,doc_code,אינפיניטי פנסיה מקיפה עוקב מדדים גמיש 14334,49.47,43.84,25.6,22.83,5.6299999999999955,check
513621110,14335,doc_code,אינפיניטי פנסיה כללית משולב סחיר 14335,0.0,97.95,0.0,0.0,97.95,mismatch
513621110,14336,doc_code,אינפיניטי פנסיה כללית עוקב מדדים גמיש 14336,0.0,,0.0,,,no_data
513621110,14919,doc_code,אינפיניטי גמל עוקב מדד S&P 14919,99.95,106.25,91.48,103.4,11.920000000000002,check
513621110,14920,doc_code,אינפיניטי השתלמות עוקב מדד S&P 14920,99.8,97.37,92.77,95.63,2.8599999999999994,ok
513621110,14921,doc_code,אינפיניטי השתלמות עוקב מדדי מניות 14921,96.28,95.15,90.48,92.52,2.039999999999992,ok
513621110,14922,doc_code,אינפיניטי השתלמות הלכה 14922,99.28,94.55,92.14,90.98,4.730000000000004,ok
513621110,14923,doc_code,אינפיניטי גמל להשקעה עוקב מדד S&P 14923,99.9,98.88,89.19,94.34,5.150000000000006,check
513621110,14924,doc_code,אינפיניטי גמל להשקעה עוקב מדדי מניות 14924,99.5,92.49,88.23,91.53,7.010000000000005,check
513621110,1536,doc_code,אינפיניטי גמל מניות 1536,95.4,96.13,30.53,30.73,0.7299999999999898,ok
513621110,1537,doc_code,אינפיניטי השתלמות מניות 1537,95.23,94.81,30.97,30.36,0.6099999999999994,ok
513621110,15396,name,אינפיניטי גמל הלכה 15396,99.86,98.28,92.0,92.3,1.5799999999999983,ok
513621110,15418,doc_code,אינפיניטי גמל להשקעה משולב סחיר 15418,97.48,94.85,0.0,0.0,2.6300000000000097,ok
513621110,15423,doc_code,אינפיניטי גמל עוקב מדדי מניות 15423,94.02,95.43,91.4,93.55,2.1499999999999915,ok
513621110,15685,doc_code,אינפיניטי פנסיה מקיפה מסלול מניות 15685,0.0,63.2,0.0,18.83,63.2,mismatch
513621110,15686,doc_code,אינפיניטי פנסיה כללית מסלול מניות 15686,0.0,98.79,0.0,30.36,98.79,mismatch
513621110,2254,doc_code,אינפיניטי השתלמות משולב סחיר 2254,92.9,97.35,2.24,0.05,4.449999999999989,ok
513621110,7231,doc_code,אינפיניטי גמל לבני 50 ומטה 7231,55.44,57.9,23.1,20.57,2.530000000000001,ok
513621110,7232,doc_code,אינפיניטי גמל לבני 50 עד 60 7232,48.54,49.02,24.24,18.29,5.949999999999999,check
513621110,7233,doc_code,אינפיניטי גמל לבני 60 ומעלה 7233,34.89,32.7,14.73,12.64,2.1899999999999977,ok
513621110,9638,doc_code,אינפיניטי גמל להשקעה כללי 9638,49.84,49.83,15.53,17.97,2.4399999999999995,ok
513621110,9639,doc_code,אינפיניטי גמל להשקעה אשראי ואג ח עם מניות עד 25% מניות 9639,20.66,24.02,6.15,11.87,5.719999999999999,check
513910703,108,registry_name_fallback,מסלול כללי,,50.41,19.13,19.13,0.0,ok
514956465,12531,name,אלפא מור תגמולים מניות,,100.97,23.51,23.08,0.43000000000000327,ok
514956465,12532,name,אלפא מור תגמולים לבני 50 ומטה,58.22,58.36,21.18,20.85,0.3299999999999983,ok
514956465,12533,name,אלפא מור תגמולים לבני 50 עד 60,48.32,48.65,18.94,19.05,0.3299999999999983,ok
514956465,12534,name,אלפא מור תגמולים לבני 60 ומעלה,30.1,30.19,17.27,17.31,0.08999999999999986,ok
514956465,12535,name,מור השתלמות כללי,50.09,50.09,19.18,19.2,0.019999999999999574,ok
514956465,12536,name,מור השתלמות מניות,,99.64,23.51,22.44,1.0700000000000003,ok
514956465,12537,name,מור גמל להשקעה מניות,,99.51,23.51,23.64,0.129999999999999,ok
514956465,12538,name,מור גמל להשקעה כללי,4821.0,48.29,18.8,18.74,4772.71,mismatch
514956465,12955,name,מור גמל להשקעה אשראי ואג ח עם מניות עד 25% מניות,24.88,23.82,17.86,17.56,1.0599999999999987,ok
514956465,12956,name,מור השתלמות אשראי ואג ח עם מניות עד 25% מניות,24.88,24.79,17.86,17.78,0.08999999999999986,ok
514956465,13909,name,מור פנסיה מקיפה מסלול לבני 50 ומטה,58.36,58.29,19.94,20.87,0.9299999999999997,ok
514956465,13910,name,מור פנסיה מקיפה מסלול לבני 50 עד 60,48.49,48.33,18.35,18.24,0.1600000000000037,ok
514956465,13911,name,מור פנסיה מקיפה מסלול לבני 60 ומעלה,27.36,27.23,14.46,14.38,0.129999999999999,ok
514956465,13912,name,מור פנסיה מקיפה מסלול מניות,72.64,72.44,20.2,20.1,0.20000000000000284,ok
514956465,13913,name,מור פנסיה מקיפה אשראי ואג ח,4.37,4.37,5.51,5.49,0.019999999999999574,ok
514956465,13914,name,מור פנסיה מקיפה כספי שקלי,0.0,0.0,0.0,0.0,0.0,ok
514956465,13915,name,מור פנסיה מקיפה עוקב מדדי מניות,69.91,69.68,69.8,69.93,0.22999999999998977,ok
514956465,13916,name,מור פנסיה מקיפה מסלול בסיסי למקבלי קצבה,8.08,8.06,2.19,2.19,0.019999999999999574,ok
514956465,13919,name,מור פנסיה כללית מסלול לבני 50 ומטה,56.1,57.17,19.71,20.14,1.0700000000000003,ok
514956465,13920,name,מור פנסיה כללית מסלול לבני 50 עד 60,46.2,46.02,16.67,16.62,0.17999999999999972,ok
514956465,13921,name,מור פנסיה כללית מסלול לבני 60 ומעלה,25.46,25.38,14.16,14.08,0.08000000000000185,ok
514956465,13922,name,מור פנסיה כללית מסלול מניות,97.0,96.8,20.33,20.3,0.20000000000000284,ok
514956465,13923,name,מור פנסיה כללית אשראי ואג ח,2.87,3.02,5.28,5.37,0.1499999999999999,ok
514956465,13925,name,מור פנסיה כללית עוקב מדדי מניות,99.52,99.42,99.6,99.61,0.09999999999999432,ok
514956465,13926,name,מור פנסיה כללית כספי שקלי,0.0,0.0,,0.0,0.0,ok
514956465,13927,name,מור פנסיה כללית מסלול בסיסי למקבלי קצבה,18.73,18.65,11.22,11.19,0.08000000000000185,ok
514956465,14337,name,מור פנסיה כללית משולב סחיר,45.21,45.17,16.78,16.75,0.03999999999999915,ok
514956465,14338,name,מור פנסיה כללית עוקב מדדים גמיש,48.18,47.95,99.02,99.32,0.29999999999999716,ok
514956465,14339,name,מור פנסיה מקיפה משולב סחיר,42.37,42.24,16.21,16.17,0.12999999999999545,ok
514956465,14340,name,מור פנסיה מקיפה עוקב מדדים גמיש,35.04,34.92,69.44,69.39,0.11999999999999744,ok
514956465,14342,name,אלפא מור תגמולים משולב סחיר,44.18,44.03,15.66,15.64,0.14999999999999858,ok
514956465,14394,name,אלפא מור תגמולים עוקב מדדים גמיש,43.34,43.16,99.89,99.89,0.18000000000000682,ok
514956465,14481,name,אלפא מור תגמולים אשראי ואג ח,,4.77,5.69,5.69,0.0,ok
514956465,14482,name,מור גמל להשקעה אשראי ואג ח,,4.7,5.69,5.04,0.6500000000000004,ok
514956465,14483,name,מור השתלמות אשראי ואג ח,,5.17,5.69,5.54,0.15000000000000036,ok
514956465,15235,name,מור השתלמות משולב סחיר,44.18,43.97,15.66,15.3,0.35999999999999943,ok
514956465,15236,name,מור השתלמות אג ח עם מניות עד 25% מניות סחיר,20.57,20.59,16.17,16.24,0.06999999999999673,ok
514956465,15237,name,מור השתלמות אג ח סחיר,3.43,2.77,5.4,4.62,0.7800000000000002,ok
514956465,15238,name,מור השתלמות מניות סחיר,96.96,96.14,17.9,16.82,1.0799999999999983,ok
514956465,15239,name,מור השתלמות עוקב מדדים גמיש,43.34,46.82,99.89,100.05,3.479999999999997,ok
514956465,15240,name,מור השתלמות עוקב מדדים אג ח עם מניות עד 25% מניות,15.79,15.78,99.71,96.98,2.7299999999999898,ok
514956465,15241,name,מור השתלמות עוקב מדדי מניות,99.98,99.84,99.4,100.01,0.6099999999999994,ok
514956465,15242,name,מור השתלמות עוקב מדדי אג ח,0.0,0.0,99.67,101.01,1.3400000000000034,ok
514956465,15247,name,אלפא מור תגמולים מניות סחיר,96.96,96.92,17.9,17.65,0.25,ok
514956465,15248,name,אלפא מור תגמולים אג ח סחיר,3.43,3.43,5.4,5.4,0.0,ok
514956465,15249,name,אלפא מור תגמולים עוקב מדדי מניות,99.98,100.53,99.4,100.6,1.1999999999999886,ok
514956465,15250,name,אלפא מור תגמולים עוקב מדדי אג ח,0.0,0.0,99.67,101.0,1.3299999999999983,ok
514956465,15253,name,מור גמל להשקעה משולב סחיר,44.18,44.13,15.66,15.23,0.4299999999999997,ok
514956465,15254,name,מור גמל להשקעה אג ח עם מניות עד 25% מניות סחיר,20.57,20.41,16.17,15.6,0.5700000000000021,ok
514956465,15255,name,מור גמל להשקעה אג ח סחיר,3.43,2.71,5.4,4.24,1.1600000000000001,ok
514956465,15256,name,מור גמל להשקעה מניות סחיר,96.96,96.1,17.9,17.49,0.8599999999999994,ok
514956465,15257,name,מור גמל להשקעה עוקב מדדים גמיש,43.34,43.34,99.89,100.89,1.0,ok
514956465,15258,name,מור גמל להשקעה עוקב מדדים אג ח עם מניות עד 25% מניות,15.79,17.72,99.71,100.36,1.9299999999999997,ok
514956465,15259,name,מור גמל להשקעה עוקב מדדי מניות,99.98,100.02,99.4,100.25,0.8499999999999943,ok
514956465,15260,name,מור גמל להשקעה עוקב מדדי אג ח,0.0,0.0,99.67,95.48,4.189999999999998,ok
514956465,15263,name,מור פנסיה מקיפה מניות סחיר,70.89,70.7,18.99,18.96,0.18999999999999773,ok
514956465,15264,name,מור פנסיה מקיפה אג ח סחיר,3.26,3.09,3.37,3.18,0.18999999999999995,ok
514956465,15265,name,מור פנסיה מקיפה עוקב מדדי אג ח,0.0,0.0,69.68,69.58,0.10000000000000853,ok
514956465,15266,name,מור פנסיה מקיפה עוקב מדד S&P 500,69.57,69.26,69.44,69.57,0.30999999999998806,ok
514956465,15267,name,מור פנסיה מקיפה עוקב מדדים למקבלי קצבה,10.99,11.0,6.67,6.6,0.07000000000000028,ok
514956465,15270,name,מור פנסיה כללית מניות סחיר,96.55,96.23,20.6,20.56,0.3199999999999932,ok
514956465,15271,name,מור פנסיה כללית אג ח סחיר,2.6,2.7,3.73,3.38,0.3500000000000001,ok
514956465,15272,name,מור פנסיה כללית עוקב מדדי אג ח,,0.0,98.03,100.0,1.9699999999999989,ok
514956465,15273,name,מור פנסיה כללית עוקב מדד S&P 500,99.78,99.63,99.81,99.84,0.15000000000000568,ok
514956465,15274,name,מור פנסיה כללית עוקב מדדים למקבלי קצבה,15.07,0.0,0.0,0.0,15.07,mismatch
514956465,15881,name,אלפא מור גמל לחיסכון הלכה,0.0,,0.0,,,no_data
514956465,15882,name,מור השתלמות הלכה,0.0,,0.0,,,no_data
514956465,15883,name,מור גמל להשקעה הלכה,0.0,,0.0,,,no_data
514956465,7958,name,מור גמל להשקעה עוקב מדד S&P500,99.85,100.37,99.73,100.33,0.5999999999999943,ok
514956465,9113,name,מור חיסכון לכל ילד מסלול הלכה,96.45,96.43,27.34,27.39,0.05000000000000071,ok
514956465,9303,name,מור חיסכון לכל ילד מסלול שריעה,25.2,25.32,83.68,83.95,0.269999999999996,ok
514956465,9414,name,מור חיסכון לכל ילד חוסכים המעדיפים סיכון בינוני,48.18,47.84,22.48,22.44,0.3399999999999963,ok
514956465,9420,name,מור חיסכון לכל ילד חוסכים המעדיפים סיכון מוגבר,97.67,97.5,22.43,22.4,0.1700000000000017,ok
514956465,9421,name,מור חיסכון לכל ילד חוסכים המעדיפים סיכון מועט,28.16,28.12,14.53,14.53,0.03999999999999915,ok
514956465,9451,name,מור השתלמות עוקב מדד S&P500,99.85,100.29,99.73,100.33,0.5999999999999943,ok
514956465,9452,name,אלפא מור תגמולים עוקב מדד S&P500,99.85,100.27,99.73,100.13,0.4200000000000017,ok
515447035,12595,name,הפניקס חנ י מרכזית לקצבה 12595,9.0,,8.0,,,no_data
520004078,11400,name,ביטוח מסלולית קרן י לגילאי 50 ומטה,0.0,61.65,0.0,19.36,61.65,mismatch
520004078,11401,name,ביטוח מסלולית קרן י לגילאי 50 עד 60,0.0,50.6,0.0,18.13,50.6,mismatch
520004078,11402,name,ביטוח מסלולית קרן י לגילאי 60 ומעלה,0.0,31.85,0.0,13.59,31.85,mismatch
520004078,11403,name,ביטוח מסלולית קרן י בסיסי למקבלי קצבה,0.0,32.97,0.0,17.2,32.97,mismatch
520004078,13434,name,ביטוח הראל עוקב מדד s&p 500,99.66,99.66,99.08,99.08,0.0,ok
520004078,13436,name,ביטוח הראל מסלול עוקב מדדי אג ח,0.0,0.0,95.58,95.58,0.0,ok
520004078,14210,name,ביטוח הראל מסלול משולב סחיר,54.46,54.46,93.46,93.46,0.0,ok
520004078,14211,name,ביטוח הראל מסלול קיימות,92.38,92.39,23.92,23.96,0.03999999999999915,ok
520004078,14414,name,ביטוח הראל מסלול עוקב מדדים גמיש,56.2,56.2,17.39,17.39,0.0,ok
520004078,15029,name,ביטוח הראל מסלול עוקב מדדי מניות,97.79,97.8,96.38,96.38,0.009999999999990905,ok
520004078,15316,name,ביטוח הראל ביטוח עוקב מדדים אג ח עם מניות עד 25% מניות,24.46,24.46,11.97,11.97,0.0,ok
520004078,15317,name,ביטוח הראל מסלול הלכה,52.32,52.32,16.05,16.06,0.00999999999999801,ok
520004078,15318,name,ביטוח הראל מסלול אג ח סחיר,0.0,0.0,1.74,1.74,0.0,ok
520004078,15319,name,ביטוח הראל מסלול מניות סחיר,99.74,99.74,20.21,20.21,0.0,ok
520004078,15320,name,ביטוח הראל מסלול סחיר אג ח עם מניות עד 25% מני,23.88,23.88,12.72,12.72,0.0,ok
520004078,15338,name,ביטוח Fidelity הראל ביטוח מסלול מניות,97.96,97.97,99.01,99.01,0.010000000000005116,ok
520004078,15339,name,ביטוח Fidelity הראל ביטוח מסלול כללי,58.65,58.65,95.93,95.93,0.0,ok
520004078,195,name,ביטוח מסלולית י1 כספי שקלי,0.0,0.0,0.0,0.0,0.0,ok
520004078,196,name,ביטוח מסלולית י2 אשראי ואג ח,0.0,7.15,0.0,4.28,7.15,check
520004078,197,name,ביטוח מסלולית י3 מניות,0.0,100.54,0.0,24.01,100.54,mismatch
520004078,259010,name,משתתפת קרן ח,35.76,37.39,13.36,13.31,1.6300000000000026,ok
520004078,259011,name,משתתפת קרן ט,42.43,44.41,15.85,15.85,1.9799999999999969,ok
520004078,259012,name,משתתפת קרן י,48.17,50.42,17.99,17.99,2.25,ok
520004078,259013,name,משתתפת קרן י החדשה,48.17,50.42,17.99,17.99,2.25,ok
520004078,88,doc,ביטוח הראל מסלול כללי,47.95,50.23,17.62,17.62,2.279999999999994,ok
520004078,89,doc,ביטוח הראל מסלול אשראי ואג ח,5.21,7.15,4.28,4.28,1.9400000000000004,ok
520004078,90,site_map,ביטוח הראל אשראי ואג ח עם מניות עד 25% מניות,1.5,7.67,12.28,12.28,6.17,check
520004078,92,doc,ביטוח הראל מסלול מניות,100.36,100.54,24.01,24.01,0.18000000000000682,ok
520004078,93,doc,ביטוח הראל מסלול כספי שקלי,0.0,0.0,0.0,0.0,0.0,ok
520004078,9562,name,ביטוח הראל ביטוח מסלול לבני 50 ומטה,57.9,61.62,19.33,19.33,3.719999999999999,ok
520004078,9563,name,ביטוח הראל ביטוח מסלול לבני 50 עד 60,48.0,50.6,18.13,18.13,2.6000000000000014,ok
520004078,9564,name,ביטוח הראל ביטוח מסלול לבני 60 ומעלה,28.95,31.85,13.59,13.59,2.900000000000002,ok
520004078,9565,name,ביטוח הראל מסלול בסיסי למקבלי קצבה,30.93,32.97,17.2,17.2,2.039999999999999,ok
520004896,13625,name,מגדל מסלול עוקב מדד S&P 500,99.8,99.8,99.88,99.88,0.0,ok
520004896,14239,name,מגדל מסלול משולב סחיר,56.38,56.37,20.36,20.36,0.010000000000005116,ok
520004896,14240,name,מגדל מסלול עוקב מדדים גמיש,52.04,52.04,99.18,99.18,0.0,ok
520004896,14925,name,מגדל מסלול עוקב מדדי מניות,99.71,99.71,99.72,99.72,0.0,ok
520004896,14926,name,אשראי ואג ח עם מניות עד 25% מניות,24.33,24.32,13.28,13.27,0.009999999999999787,ok
520004896,15060,name,מגדל שוקי הון עוקב מדדי מניות,99.03,99.03,16.34,16.34,0.0,ok
520004896,15062,name,מגדל שוקי הון עוקב מדד S&P500,98.89,98.89,0.0,0.0,0.0,ok
520004896,15463,name,מגדל מסלול מניות סחיר,96.0,95.97,0.77,0.77,0.030000000000001137,ok
520004896,15464,name,מגדל מסלול עוקב מדדי אגח,0.0,0.0,101.95,101.94,0.010000000000005116,ok
520004896,17010,site_map,קרן ח,30.0,33.4,15.6,13.12,3.3999999999999986,ok
520004896,17011,name,קרן ט,31.1,34.47,16.2,13.55,3.3699999999999974,ok
520004896,17012,name,קרן י,45.2,50.58,23.5,19.88,5.3799999999999955,check
520004896,17013,name,מגדל כללי,50.28,51.78,20.62,20.62,1.5,ok
520004896,185,name,מגדל מסלול הלכה,48.73,48.73,20.94,20.94,0.0,ok
520004896,1955,name,מגדל מסלול כספי שקלי,0.0,0.0,0.0,0.0,0.0,ok
520004896,68,doc,מגדל מסלול אג ח ממשלות,0.0,0.0,6.44,6.44,0.0,ok
520004896,76,doc,מגדל מסלול מניות,100.12,100.11,25.03,25.03,0.010000000000005116,ok
520004896,8659,name,מגדל מסלול אשראי ואגח,1.7,1.7,6.37,6.37,0.0,ok
520004896,9599,name,מגדל מסלול לבני 50 ומטה,58.76,60.25,19.08,19.07,1.490000000000002,ok
520004896,9604,name,מגדל מסלול לבני 50 עד 60,48.26,49.76,19.87,19.87,1.5,ok
520004896,9606,name,מגדל מסלול למקבלי קצבה,24.8,26.31,17.39,17.38,1.509999999999998,ok
520004896,9729,name,מגדל מסלול לבני 60 ומעלה,28.74,30.25,15.02,15.01,1.5100000000000016,ok
520019688,526,registry_name_fallback,מבטחים,7.93,59.99,16.48,22.59,52.06,mismatch
520023185,103,name,אקסלנס אינווסט עד 15% מניות 103,9.0,46.04,13.0,18.06,37.04,mismatch
520023185,104,name,אקסלנס אינווסט עד 25% מניות 104,19.0,23.77,19.0,15.55,4.77,ok
520023185,113,registry_name_fallback,מסלול מנוהל כללי 1,91.0,,,,,no_data
520023185,12092,name,הפניקס ביטוח מסלול עוקב מדדים גמיש פאסיבי כללי 12092,58.0,57.45,21.0,21.38,0.5499999999999972,ok
520023185,12881,name,הפניקס ביטוח מסלול אג ח סחיר 12881,,0.0,94.0,98.48,4.480000000000004,ok
520023185,12882,name,הפניקס ביטוח מסלול מניות סחיר 12882,92.0,91.37,94.0,97.84,3.8400000000000034,ok
520023185,13644,name,הפניקס Blackrock כללי 13644,60.0,65.11,94.0,99.77,5.769999999999996,check
520023185,13645,name,הפניקס Blackrock מניות 13645,94.0,104.31,94.0,99.14,10.310000000000002,check
520023185,14290,name,הפניקס ביטוח מסלול משולב סחיר 14290,52.0,51.98,20.0,20.03,0.030000000000001137,ok
520023185,14291,name,הפניקס ביטוח מסלול עוקב מדדים גמיש 14291,52.0,56.33,94.0,94.39,4.329999999999998,ok
520023185,14916,name,הפניקס ביטוח מסלול עוקב מדדי אג ח 14916,,0.0,0.0,0.0,0.0,ok
520023185,15206,name,הפניקס ביטוח שריעה 15206,94.0,90.03,94.0,97.38,3.969999999999999,ok
520023185,15207,name,הפניקס ביטוח עוקב מדדי מניות 15207,94.0,94.63,94.0,97.73,3.730000000000004,ok
520023185,15275,name,הפניקס ביטוח מסלול עוקב מדדי אג ח עד 25% מניות 15275,5.0,6.09,94.0,91.42,2.5799999999999983,ok
520023185,15412,name,הפניקס ביטוח אפולו אשראי ואג ח 15412,,0.0,94.0,97.45,3.450000000000003,ok
520023185,15530,name,הפניקס עוקב מדדי מניות 15530,94.0,100.85,1.0,7.05,6.849999999999994,check
520023185,47,name,מספר מסלול באוצר 47,1.0,1.13,13.0,8.72,4.279999999999999,ok
520023185,471,name,הפניקס מסלול לבני 50 ומטה ביטוח 471,52.0,57.12,23.0,20.74,5.119999999999997,check
520023185,50,name,מספר מסלול באוצר 50,43.0,45.76,24.0,21.52,2.759999999999998,ok
520023185,7011,site_map,קרן ט,37.0,41.94,21.0,19.29,4.939999999999998,ok
520023185,7012,site_map,קרן י,43.0,48.15,26.0,22.83,5.149999999999999,check
520023185,9554,name,הפניקס ביטוח מסלול עוקב מדד s&p 500 9554,94.0,99.1,94.0,98.72,5.099999999999994,check
520023185,9579,name,הפניקס ביטוח מסלול מניות 9579,94.0,94.43,29.0,28.74,0.4300000000000068,ok
520023185,9585,name,הפניקס ביטוח מסלול אג ח עד 25% 9585,19.0,19.86,17.0,14.53,2.4700000000000006,ok
520023185,9586,name,הפניקס ביטוח מסלול הלכה 9586,48.0,46.63,25.0,23.45,1.5500000000000007,ok
520023185,9587,name,הפניקס ביטוח מסלול השקעה בסיסי למקבלי קצבה 9587,16.0,18.93,16.0,15.1,2.9299999999999997,ok
520023185,9591,name,מסםר מסלול באוצר 9591,23.0,25.41,14.0,15.85,2.41,ok
520023185,9592,name,הפניקס ביטוח מסלול שקלי טווח קצר 9592,,0.0,0.0,0.0,0.0,ok
520023185,9593,name,הפניקס מסלול לבני 50 עד 60 ביטוח 9593,42.0,47.03,23.0,21.8,5.030000000000001,check
520023185,9594,name,הפניקס מסלול לבני 60 ומעלה ביטוח 9594,24.0,28.69,18.0,17.32,4.690000000000001,ok
520023185,9600,name,אקסלנס אינווסט מסלול כללי 9600,43.0,47.39,22.0,22.53,4.390000000000001,ok
520023185,9601,name,אקסלנס אינווסט מסלול מניות 9601,94.0,94.8,49.0,50.98,1.9799999999999969,ok
520023185,9602,name,אקסלנס אינווסט מסלול הלכה ביטוח 9602,42.0,45.6,24.0,23.08,3.6000000000000014,ok
520023185,9603,name,אקסלנס אינווסט מסלול שיקלי 9603,,0.0,0.0,0.0,0.0,ok
520024647,11341,name,מסלול לבני 50 ומטה פוליסות לפני 2004 11341,15.0,58.25,,19.22,43.25,mismatch
520024647,11348,name,מסלול לבני 50 60 פוליסות לפני 2004 11348,15.0,51.01,,18.92,36.01,mismatch
520024647,11349,name,מסלול לבני 60 ומעלה פוליסות לפני 2004 11349,15.0,32.5,,13.33,17.5,mismatch
520024647,11350,name,מסלול בסיסי למקבלי קצבה פוליסות לפני 2004 11350,15.0,29.64,,18.56,14.64,mismatch
520024647,13244,name,כספי שקלי 13244,0.0,0.0,0.0,0.0,0.0,ok
520024647,13346,name,עוקב מדד S&P500 13346,100.09,100.09,100.13,100.13,0.0,ok
520024647,14011,name,משתתפות כלל קרן ט 14011,52.68,52.65,19.01,19.04,0.030000000000001137,ok
520024647,14012,name,משתתפות כלל קרן י 14012,52.83,52.8,18.99,19.03,0.0400000000000027,ok
520024647,14246,name,כלל מסלול משולב סחיר 14246,55.37,55.35,7.03,7.03,0.01999999999999602,ok
520024647,14247,name,עוקב מדדים גמיש 14247,51.4,51.4,100.01,100.01,0.0,ok
520024647,14796,name,עוקב מדדי מניות 14796,97.47,97.47,100.01,100.0,0.010000000000005116,ok
520024647,15229,name,כלל State Street מניות 15229,95.41,95.44,98.59,98.6,0.030000000000001137,ok
520024647,15231,name,כלל State Street כללי 15231,64.67,64.7,98.74,98.84,0.10000000000000853,ok
520024647,15442,name,כלל חברה לביטוח בע מ אג ח סחיר 15442,0.18,0.18,2.4,2.4,0.0,ok
520024647,15443,name,כלל חברה לביטוח בע מ מניות סחיר 15443,99.53,99.52,8.07,8.06,0.010000000000005116,ok
520024647,205,name,כלל כהלכה 205,52.49,52.47,18.63,18.63,0.020000000000003126,ok
520024647,4,name_short,אשראי ואג ח 4,5.16,5.15,5.49,5.49,0.009999999999999787,ok
520024647,6,name_short,אשראי ואג ח עם מניות עד 25% מניות 6,4.05,3.89,13.75,13.76,0.1599999999999997,ok
520024647,9,name_short,כלל מניות 9,101.54,101.5,22.6,22.61,0.04000000000000625,ok
520024647,9659,name,תלוי גיל לבני 50 ומטה 9659,59.37,59.34,19.05,19.05,0.02999999999999403,ok
520024647,9660,name,תלוי גיל לבני 50 עד 60 9660,51.55,51.53,18.08,18.09,0.01999999999999602,ok
520024647,9661,name,כלל מסלול לבני 60 ומעלה 9661,32.59,32.58,13.34,13.34,0.010000000000005116,ok
520024647,9767,name,כלל מסלול בסיסי למקבלי קצבה 9767,26.81,26.79,18.52,18.52,0.019999999999999574,ok
520024647,99,name_short,כלל כללי 99,52.84,52.81,19.01,19.02,0.030000000000001137,ok
520024985,282,site_map,מישור - כללי,48.1,47.65,19.69,19.81,0.45000000000000284,ok
520024985,482,site_map,על יסודי - כללי,46.23,46.98,20.46,19.93,0.75,ok
520024985,8339,site_map,"על יסודי - אשראי ואג""ח",,0.0,10.49,6.29,4.2,ok
520024985,8394,site_map,על יסודי - הלכה,47.69,46.87,18.16,16.84,1.3200000000000003,ok
520027251,2035,site_map,מוג הלכתי - מסלול רגיל,46.89,45.88,18.43,18.44,1.009999999999998,ok
520027251,2036,site_map,מוג אשראי ואגח - מסלול רגיל,0.0,0.0,2.91,2.96,0.04999999999999982,ok
520027251,2039,site_map,מוג מקור הלכתי - מסלול מקוצר,47.17,46.18,18.6,17.96,0.990000000000002,ok
520027251,2040,site_map,מוג מקור אשראי ואגח - מסלול מקוצר,0.0,0.0,2.49,3.02,0.5299999999999998,ok
520027251,284,site_map,מוג מקור - מסלול מקוצר,47.27,52.69,18.75,18.95,5.419999999999995,check
520027251,484,site_map,מורים וגננות - מסלול רגיל,46.86,52.15,18.93,18.7,5.289999999999999,check
520027715,14418,file_name,מנורה מבטחים קרן השתלמות אומגה עוקב מדדי מניות,99.87,100.04,59.76,59.84,0.1700000000000017,ok
520027715,1445,doc,מנורה מבטחים קרן השתלמות אומגה אשראי ואג ח,19.67,19.67,19.8,20.04,0.23999999999999844,ok
520027715,1446,doc,מנורה מבטחים קרן השתלמות אומגה מניות,98.26,98.29,26.37,27.98,1.6099999999999994,ok
520027715,286,doc,מנורה מבטחים קרן השתלמות אומגה כללי,51.63,51.64,19.74,20.97,1.2300000000000004,ok
520027715,9803,file_name,מנורה מבטחים קרן השתלמות אומגה אשראי ואג ח עם מניות עד 25% מניות,13.43,13.42,17.42,17.39,0.030000000000001137,ok
520028390,2037,site_map,מות הלכתי - מסלול רגיל,46.35,46.3,18.55,18.45,0.10000000000000142,ok
520028390,2038,site_map,מות אשראי ואגח - מסלול רגיל,0.0,0.0,1.84,2.63,0.7899999999999998,ok
520028390,2041,site_map,מות מקור הלכתי - מסלול מקוצר,45.91,46.01,18.08,18.49,0.41000000000000014,ok
520028390,2042,site_map,מות מקור אשראי ואגח - מסלול מקוצר,0.0,0.0,2.35,2.08,0.27,ok
520028390,285,site_map,מות מקור - מסלול מקוצר,47.51,53.63,18.89,19.1,6.1200000000000045,check
520028390,485,site_map,מורים תיכוניים - מסלול רגיל,47.35,52.67,18.97,18.71,5.32,check
520028556,1318,registry_name_fallback,מסלול מניות,98.04,98.05,21.8,21.81,0.00999999999999801,ok
520028556,1384,registry_name_fallback,מסלול אשראי ואג ח,13.61,13.61,5.4,5.42,0.019999999999999574,ok
520028556,15370,registry_name_fallback,קרן השתלמות הנדסאים מסלול s&p 500,100.0,99.75,99.8,99.85,0.25,ok
520028556,290,site_map,מסלול כללי,45.91,45.91,16.3,16.27,0.030000000000001137,ok
520028861,1454,registry_name_fallback,משפטנים מסלול מנייתי,96.52,94.64,18.4,21.72,3.3200000000000003,ok
520028861,1455,registry_name_fallback,משפטנים מסלול אשראי ואג ח עם מניות עד 25% מניות,21.75,22.44,5.8,8.03,2.2299999999999995,ok
520028861,292,registry_name_fallback,משפטנים מסלול כללי,48.53,47.48,19.8,18.33,1.4700000000000024,ok
520029620,293,registry_name_fallback,מסלול כללי,35.71,44.88,20.08,18.62,9.170000000000002,check
520030198,295,site_map,מדיניות השקעה מוצהרת קהר,50.46,48.23,18.6,17.8,2.230000000000004,ok
520030677,114,registry_name_fallback,איילון מסלול אשראי ואג ח,0.0,0.06,3.93,3.92,0.06,ok
520030677,115,registry_name_fallback,איילון מסלול מניות,96.59,94.52,21.74,21.28,2.0700000000000074,ok
520030677,116,registry_name_fallback,איילון מסלול כללי,50.28,50.03,17.8,17.68,0.25,ok
520030677,12900,registry_name_fallback,איילון מסלול מניות סחיר לשעבר חו ל מדדי נאסד ק;S&P500,98.06,97.89,37.59,37.52,0.1700000000000017,ok
520030677,14168,registry_name_fallback,איילון מסלול עוקב מדדים גמיש,97.9,98.65,0.0,,0.75,ok
520030677,14169,registry_name_fallback,איילון מסלול עוקב מדד S&P500,99.62,100.85,97.23,98.43,1.2299999999999898,ok
520030677,14306,registry_name_fallback,איילון מסלול משולב סחיר,44.8,44.87,97.81,97.85,0.07000000000000028,ok
520030677,15401,registry_name_fallback,עוקב מדדי אג ח,0.0,,0.0,,,no_data
520030677,15402,registry_name_fallback,אג ח ממשלתי סחיר,0.0,,0.0,,,no_data
520030677,164,registry_name_fallback,איילון מסלול כספי שקלי,0.0,,0.0,,,no_data
520030677,1801,registry_name_fallback,איילון מסלול בסיסי למקבלי קצבה,24.03,24.02,7.3,7.3,0.010000000000001563,ok
520030677,2251,registry_name_fallback,איילון מסלול הלכה,51.14,51.06,17.04,17.01,0.0799999999999983,ok
520030677,46011,site_map,איילון מסלול קרן ט,50.5,50.7,20.3,20.39,0.20000000000000284,ok
520030677,46012,site_map,איילון מסלול קרן י,50.6,50.57,17.28,17.39,0.10999999999999943,ok
520030677,46013,site_map,איילון מסלול קרן י החדשה,50.8,50.79,17.06,17.15,0.08999999999999986,ok
520030677,8572,registry_name_fallback,איילון מסלול עוקב מדדי מניות,93.72,93.11,19.61,19.48,0.6099999999999994,ok
520030677,9456,registry_name_fallback,איילון מסלול אשראי ואג ח עם מניות עד 25% מניות,22.97,22.55,3.94,3.87,0.41999999999999815,ok
520030677,9636,registry_name_fallback,איילון מסלול לבני 50 ומטה,57.6,57.51,17.0,16.99,0.09000000000000341,ok
520030677,9670,registry_name_fallback,איילון מסלול לבני 50 60,50.7,50.14,17.0,16.84,0.5600000000000023,ok
520030677,9671,registry_name_fallback,איילון מסלול לבני 60 ומעלה,27.19,27.17,10.4,10.37,0.030000000000001137,ok
520030743,294,registry_name_fallback,מסלול כללי,46.98,45.92,19.4,17.33,2.0700000000000003,ok
520030941,1433,site_map,מסלול אשראי ואג ח עם מניות עד 25% מניות,23.75,23.71,18.24,17.23,1.009999999999998,ok
520030941,15482,registry_name_fallback,מסלול קלע עוקב מדד 500 S&P,100.0,98.56,,98.56,1.4399999999999977,ok
520030941,378,registry_name_fallback,מסלול קלע כללי,44.5,50.48,21.23,17.37,5.979999999999997,check
520030990,1262,site_map,מינהל מסלול מניות,96.18,95.87,29.74,29.67,0.3100000000000023,ok
520030990,1385,site_map,"מינהל מסלול אשראי ואג""ח",,,10.63,10.98,0.34999999999999964,ok
520030990,14156,site_map,מינהל מסלול הלכה,51.49,51.39,18.35,18.98,0.629999999999999,ok
520030990,15378,site_map,מינהל מסלול עוקב מדד S&P 500,98.44,100.52,98.44,100.52,2.0799999999999983,ok
520030990,299,site_map,מינהל מסלול כללי,51.89,51.56,19.25,18.97,0.3299999999999983,ok
520031659,394,registry_name_fallback,עוצ מ,48.0,49.86,16.8,16.84,1.8599999999999994,ok
520031824,1257,registry_name_fallback,מסלול רום רביד אשראי ואג ח,5.6,5.55,8.1,8.15,0.05000000000000071,ok
520031824,1258,registry_name_fallback,מסלול רום ספיר מניות,95.0,95.48,26.1,26.16,0.480000000000004,ok
520031824,13231,registry_name_fallback,מסלול רום הלכה,47.1,47.17,17.3,17.24,0.07000000000000028,ok
520031824,408,registry_name_fallback,מסלול רום קלאסי כללי,48.4,47.28,18.3,18.19,1.1199999999999974,ok
520032269,11414,doc,מסלול הלכה יהודית,48.5,48.76,,18.2,0.259999999999998,ok
520032269,382,name,מסלול כללי 382,47.73,50.7,18.52,18.24,2.970000000000006,ok
520032269,7635,doc,מסלול מתמחה משולב אג ח עד 25% מניות,23.4,23.45,,15.27,0.05000000000000071,ok
520032269,9479,doc,מסלול מניות,96.97,97.09,27.24,27.26,0.12000000000000455,ok
520034968,15542,registry_name_fallback,קרן השתלמות של עובדי חברת חשמל לישראל בע מ מסלול מניות,95.0,95.07,27.0,27.28,0.28000000000000114,ok
520034968,423,registry_name_fallback,קרן השתלמות של עובדי חברת חשמל לישראל בע מ מסלול כללי,48.26,49.26,17.98,17.84,1.0,ok
520042177,12936,name,"אג""ח ממשלות בניהול מור",0.81,0.0,4.64,7.17,2.5300000000000002,ok
520042177,12937,registry_name_fallback,מסלול כללי מור 2026,46.41,46.23,19.33,16.42,2.9099999999999966,ok
520042177,12938,name,מניות בניהול מור,94.0,92.77,32.36,32.62,1.230000000000004,ok
520042177,13498,registry_name_fallback,מסלול כללי אנליסט 2026,45.59,45.49,16.05,15.38,0.6699999999999999,ok
520042177,13499,name,"אג""ח ממשלות בניהול אנליסט",0.81,2.3,4.64,2.87,1.7699999999999996,ok
520042177,13500,name,מניות בניהול אנליסט,94.0,96.63,32.36,32.77,2.6299999999999955,ok
520042177,141,name,"אג""ח ממשלות בניהול אלטשולר שחם",0.81,0.0,4.64,3.48,1.1599999999999997,ok
520042177,142,name,מניות בניהול אלטשולר שחם,94.0,96.91,32.36,34.19,2.9099999999999966,ok
520042177,143,registry_name_fallback,מסלול כללי אלטשולר שחם 2026,44.9,45.3,18.98,18.68,0.3999999999999986,ok
520042177,14318,registry_name_fallback,מסלול משולב סחיר 100% ישראל,45.08,44.67,0.02,0.02,0.4099999999999966,ok
520042177,14406,registry_name_fallback,מסלול עוקב מדדים גמיש,33.8,34.04,14.46,14.38,0.240000000000002,ok
520042177,14425,registry_name_fallback,מסלול אשראי ואג ח בניהול הכשרה חברה לביטוח,5.78,5.5,5.18,4.39,0.79,ok
520042177,15108,registry_name_fallback,הכשרה עוקב מדד S&P500,99.18,99.1,100.26,101.76,1.5,ok
520042177,15373,registry_name_fallback,מסלול אשראי ואג ח עד 25% מניות בניהול הכשרה חברה לביטוח,22.52,22.72,7.26,6.06,1.2000000000000002,ok
520042177,35011,site_map,קרן ט,46.21,46.47,17.78,17.86,0.259999999999998,ok
520042177,35012,site_map,קרן י,49.13,49.21,20.32,17.26,3.0599999999999987,ok
520042177,57,site_map,מסלול אג ח ממשלות בניהול הכשרה חברה לביטוח,6.58,6.84,1.44,1.56,0.2599999999999998,ok
520042177,58,doc,הכשרה מניות,94.0,94.75,32.36,32.44,0.75,ok
520042177,62,registry_name_fallback,מסלול כללי,49.54,50.24,18.35,18.65,0.7000000000000028,ok
520042177,8530,registry_name_fallback,הכשרה כספי שקלי,,0.0,0.0,0.0,0.0,ok
520042177,9300,name,"אג""ח ממשלות בניהול ילין לפידות",0.81,0.09,4.64,4.78,0.7200000000000001,ok
520042177,9301,name,מניות בניהול ילין לפידות,94.0,96.57,32.36,32.95,2.569999999999993,ok
520042177,9302,registry_name_fallback,מסלול כללי ילין 2026,46.9,47.06,21.01,20.21,0.8000000000000007,ok
520042177,9629,registry_name_fallback,הכשרה לבני 50 ומטה,56.98,57.89,24.09,18.8,5.289999999999999,check
520042177,9630,registry_name_fallback,הכשרה לבני 50 60,46.95,47.21,19.71,19.09,0.620000000000001,ok
520042177,9631,registry_name_fallback,הכשרה לבני 60 ומעלה,31.12,28.86,15.29,13.77,2.2600000000000016,ok
520042177,9719,registry_name_fallback,מסלול כללי מיטב 2026,43.52,45.41,15.39,15.16,1.8899999999999935,ok
520042177,9720,name,מניות בניהול מיטב,94.0,91.97,32.36,35.06,2.700000000000003,ok
520042177,9721,name,"אג""ח ממשלות בניהול מיטב",0.81,2.36,4.64,2.7,1.9399999999999995,ok
520042177,9888,registry_name_fallback,הכשרה למקבלי קצבה,28.16,27.86,13.22,13.58,0.35999999999999943,ok
520042540,101,doc,מנורה ביטוח מניות סחיר,101.77,101.77,79.6,79.6,0.0,ok
520042540,128,name,מנורה ביטוח כללי,51.43,0.0,20.78,0.0,51.43,mismatch
520042540,13029,doc,מנורה ביטוח אשראי ואגח עם מניות עד 25% מניות,17.71,17.71,14.61,14.48,0.129999999999999,ok
520042540,14313,doc,מנורה ביטוח משולב סחיר,66.98,66.98,70.25,70.25,0.0,ok
520042540,14314,doc,מנורה ביטוח עוקב מדדים גמיש,50.99,50.98,28.06,28.06,0.010000000000005116,ok
520042540,14315,doc,מנורה ביטוח עוקב מדדי מניות,99.19,99.19,47.21,47.21,0.0,ok
520042540,14316,doc,מנורה ביטוח מסלול עוקב מדד S&P500,99.48,99.48,98.32,98.32,0.0,ok
520042540,14675,doc,מנורה ביטוח קיימות,71.31,71.26,72.19,71.86,0.3299999999999983,ok
520042540,14828,doc,מנורה ביטוח מסלול עוקב מדדי אג ח,,,9.61,9.61,0.0,ok
520042540,180,doc,מנורה ביטוח אג ח ממשלתי סחיר,,,0.74,0.74,0.0,ok
520042540,18011,doc,מנורה משתתף 91,51.31,51.33,20.51,20.48,0.030000000000001137,ok
520042540,18013,name,מנורה קרן י חדשה (כללי),51.43,51.22,20.78,20.06,0.7200000000000024,ok
520042540,184,doc,מנורה ביטוח הלכה,47.9,47.9,20.16,20.16,0.0,ok
520042540,42,registry_name_fallback,מנורה ביטוח אשראי ואג ח,0.06,0.06,8.34,8.16,0.17999999999999972,ok
520042540,43,registry_name_fallback,מנורה ביטוח אג ח ממשלות,0.0,0.0,22.0,22.0,0.0,ok
520042540,44,registry_name_fallback,מנורה ביטוח מניות,97.69,97.69,25.87,25.87,0.0,ok
520042540,9534,doc,מנורה ביטוח בסיסי למקבלי קצבה,29.03,29.03,20.37,20.18,0.19000000000000128,ok
520042540,9535,doc,מנורה ביטוח בסיסי למקבלי קצבה 2,29.58,29.58,20.64,20.26,0.379999999999999,ok
520042540,9536,doc,מנורה ביטוח לבני 50 ומטה,58.47,58.46,21.06,20.71,0.34999999999999787,ok
520042540,9537,doc,מנורה ביטוח לבני 50 עד 60,48.14,48.14,20.49,20.24,0.25,ok
520042540,9544,doc,מנורה ביטוח לבני 60 ומעלה,28.04,28.04,15.96,15.7,0.26000000000000156,ok
520042573,7221,registry_name_fallback,מסלול המותאם לגילאים עד 50,57.8,57.68,17.46,17.52,0.11999999999999744,ok
520042573,7222,registry_name_fallback,אושר בדירקטוריון 16 3 2020 עודכן ביום 21 4 2020 עודכון ביום 16 6 2020,46.93,46.77,17.22,16.55,0.6699999999999982,ok
520042573,7223,registry_name_fallback,מסלול המותאם לגילאים 60 +,23.63,23.12,13.73,13.44,0.509999999999998,ok
520042581,14077,registry_name_fallback,גמל להשקעה - מסלול כללי,48.0,48.0,18.0,18.15,0.14999999999999858,ok
520042581,14078,registry_name_fallback,גמל להשקעה - מסלול אשראי ואג ח עד 25% מניות,22.0,21.73,13.0,13.1,0.2699999999999996,ok
520042581,14079,registry_name_fallback,גמל להשקעה - מסלול מניות,94.5,94.58,28.0,28.14,0.14000000000000057,ok
520042581,1434,registry_name_fallback,גמל - מסלול אשראי אג ח,0.0,0.0,3.45,3.43,0.020000000000000018,ok
520042581,15391,registry_name_fallback,גמל - מסלול עוקב מדד S&P500,99.0,99.02,99.0,99.02,0.01999999999999602,ok
520042581,15394,site_map,גמל להשקעה - מסלול עוקב מדד 500 S&P,98.0,98.28,98.0,98.28,0.28000000000000114,ok
520042581,9938,registry_name_fallback,גמל - מסלול לבני 50 ומטה,57.59,57.94,19.51,19.52,0.3499999999999943,ok
520042581,9942,registry_name_fallback,גמל - מסלול לבני 60 ומעלה,29.0,29.54,18.0,16.11,1.8900000000000006,ok
520042581,9943,registry_name_fallback,גמל - מסלול לבני 50 עד 60,45.12,47.58,18.5,18.02,2.460000000000001,ok
520042607,14027,registry_name_fallback,הנדסאים קופה להשקעה מסלול כללי,46.11,46.15,17.4,17.35,0.04999999999999716,ok
520042607,14028,registry_name_fallback,הנדסאים קופה להשקעה מסלול מניות,88.89,88.82,19.0,18.96,0.07000000000000739,ok
520042607,14029,registry_name_fallback,הנדסאים קופה להשקעה מסלול אשראי ואג ח,12.53,12.77,2.9,3.19,0.29000000000000004,ok
520042607,15374,registry_name_fallback,הנדסאים גמל מסלול מניות,95.33,95.38,23.6,23.52,0.08000000000000185,ok
520042607,15375,registry_name_fallback,הנדסאים קופה להשקעה מסלול s&p 500,94.48,94.39,97.0,94.39,2.6099999999999994,ok
520042607,9953,site_map,הנדסאים גמל מסלול עד 50,61.47,61.46,20.3,20.28,0.019999999999999574,ok
520042607,9954,site_map,הנדסאים גמל מסלול לבני 50 60,45.81,45.81,16.7,16.65,0.05000000000000071,ok
520042607,9955,site_map,הנדסאים גמל מסלול לבני 60 ומעלה,29.78,29.77,14.2,14.22,0.02000000000000135,ok
520042615,1441,registry_name_fallback,מסלול אשראי ואג ח,3.77,3.72,5.39,5.37,0.04999999999999982,ok
520042615,15073,registry_name_fallback,מחר חברה לניהול קופות גמל בע מ מסלול מחקה מדד S&P 500,99.47,99.48,99.47,99.48,0.010000000000005116,ok
520042615,1522,registry_name_fallback,מסלול מניות,96.18,96.52,23.8,23.79,0.3399999999999892,ok
520042615,9935,registry_name_fallback,מסלול עד גיל 50,59.43,60.81,18.47,17.62,1.3800000000000026,ok
520042615,9936,registry_name_fallback,מסלול לגילאי 50,46.45,46.61,16.34,16.34,0.1599999999999966,ok
520042615,9937,registry_name_fallback,מסלול לגילאי 60+,26.84,27.39,11.06,11.05,0.5500000000000007,ok
570002618,1405,name,מסלול אשראי ואג ח 1405,1.0,0.67,6.0,5.59,0.41000000000000014,ok
570002618,1477,name,מסלול מניות 1477,96.0,96.27,23.0,24.12,1.120000000000001,ok
570002618,15372,name,מסלול עוקב מדד SP500 15372,98.0,98.25,98.0,98.38,0.37999999999999545,ok
570002618,9962,registry_name_fallback,מסלול לבני 50 ומטה,57.0,56.84,16.0,17.37,1.370000000000001,ok
570002618,9963,site_map,מסלול לבני 50,48.0,48.95,19.0,18.32,0.9500000000000028,ok
570002618,9964,registry_name_fallback,מסלול לבני 60 ומעלה,25.0,24.61,10.0,11.3,1.3000000000000007,ok
570005850,523,registry_name_fallback,בנין,16.76,59.24,12.85,21.97,42.480000000000004,mismatch
570005959,7218,registry_name_fallback,מסלול 50 ומטה,0.0,,0.0,,,no_data
570005959,7219,registry_name_fallback,מסלול 50 60,48.0,47.35,14.0,16.25,2.25,ok
570005959,7220,registry_name_fallback,מסלול 60 ומעלה,0.0,,0.0,,,no_data
570007476,507,registry_name_fallback,חקלאים,10.85,59.96,8.53,22.02,49.11,mismatch
570009449,1438,site_map,"מסלול אג""ח ממשלות",4.4,4.36,3.8,3.77,0.040000000000000036,ok
570009449,9783,site_map,מסלול לבני 50 ומטה,49.5,49.56,18.1,18.1,0.060000000000002274,ok
570009449,9784,site_map,מסלול לבני 50 עד 60,37.6,37.62,20.5,20.44,0.05999999999999872,ok
570009449,9785,site_map,מסלול לבני 60 ומעלה,25.5,26.33,14.9,14.87,0.8299999999999983,ok
570009852,513,registry_name_fallback,מקפת,8.45,58.74,16.56,21.52,50.290000000000006,mismatch
570011767,1476,registry_name_fallback,מסלול אשראי ואג ח,0.0,,10.03,10.14,0.11000000000000121,ok
570011767,1526,registry_name_fallback,מסלול מניות,96.85,96.53,23.01,23.45,0.4399999999999977,ok
570011767,9755,registry_name_fallback,מסלול עד 50,55.24,55.38,16.91,17.21,0.3000000000000007,ok
570011767,9756,registry_name_fallback,מסלול 60 ומעלה,27.55,27.78,14.12,14.38,0.26000000000000156,ok
570011767,9930,site_map,מסלול 50,45.6,44.08,17.18,16.77,1.5200000000000031,ok
570014928,15417,name,מסלול s&p500 15417,99.37,95.73,,95.77,3.6400000000000006,ok
570014928,9893,name,מסלול לבני 50 ומטה 9893,74.0,58.24,,17.01,15.759999999999998,mismatch
