detected,legal_id,company,kind,page,text,href
2026-09-30T21:55:36+00:00,520022963,"קופת הפנסיה לעובדי הדסה בע""מ",new_page,https://amitim.com/keren/investment_policy_nativ_pension_fund/,57 items,https://amitim.com/keren/investment_policy_nativ_pension_fund/
2026-09-30T21:55:36+00:00,520022963,"קופת הפנסיה לעובדי הדסה בע""מ",new_page,https://amitim.com/keren/investment_policy_egged_pension_fund/,56 items,https://amitim.com/keren/investment_policy_egged_pension_fund/
2026-09-30T21:55:36+00:00,520022963,"קופת הפנסיה לעובדי הדסה בע""מ",new_page,https://amitim.com/keren/investment_policy_hadassah_pension_fund/,56 items,https://amitim.com/keren/investment_policy_hadassah_pension_fund/
2026-09-30T21:55:36+00:00,520022963,"קופת הפנסיה לעובדי הדסה בע""מ",new_page,https://amitim.com/keren/investment_policy_provident_insurance/,57 items,https://amitim.com/keren/investment_policy_provident_insurance/
2026-09-30T21:55:36+00:00,520022963,"קופת הפנסיה לעובדי הדסה בע""מ",new_page,https://amitim.com/keren/investment_policy_makefet_provident_fund/,56 items,https://amitim.com/keren/investment_policy_makefet_provident_fund/
2026-09-30T21:55:36+00:00,520022963,"קופת הפנסיה לעובדי הדסה בע""מ",new_page,https://amitim.com/keren/investment_policy_farmers_pension_fund/,56 items,https://amitim.com/keren/investment_policy_farmers_pension_fund/
2026-09-30T21:55:36+00:00,520022963,"קופת הפנסיה לעובדי הדסה בע""מ",new_page,https://amitim.com/keren/investment_policy_farmers_provident_fund/,56 items,https://amitim.com/keren/investment_policy_farmers_provident_fund/
2026-09-30T21:55:36+00:00,520022963,"קופת הפנסיה לעובדי הדסה בע""מ",new_page,https://amitim.com/keren/investment_policy_building_a_pension_fund/,56 items,https://amitim.com/keren/investment_policy_building_a_pension_fund/
2026-09-30T21:55:36+00:00,520022963,"קופת הפנסיה לעובדי הדסה בע""מ",new_page,https://amitim.com/keren/investment_policy_provident_fund_building/,57 items,https://amitim.com/keren/investment_policy_provident_fund_building/
2026-09-30T21:55:36+00:00,520022963,"קופת הפנסיה לעובדי הדסה בע""מ",new_page,https://amitim.com/keren/investment_policy_kgm_pension_fund/,56 items,https://amitim.com/keren/investment_policy_kgm_pension_fund/
2026-09-30T21:55:36+00:00,520022963,"קופת הפנסיה לעובדי הדסה בע""מ",new_page,https://amitim.com/keren/investment_policy_pension_insurers/,57 items,https://amitim.com/keren/investment_policy_pension_insurers/
2026-09-30T21:55:36+00:00,520022963,"קופת הפנסיה לעובדי הדסה בע""מ",new_page,https://amitim.com/keren/investment_policy_pension_fund_circle/,57 items,https://amitim.com/keren/investment_policy_pension_fund_circle/
2026-09-30T21:55:36+00:00,520022963,"קופת הפנסיה לעובדי הדסה בע""מ",new_page,https://amitim.com/keren/investment_policy_provident_fund_building//,53 items,https://amitim.com/keren/investment_policy_provident_fund_building//
2026-09-30T21:55:36+00:00,520022963,"קופת הפנסיה לעובדי הדסה בע""מ",new_page,https://amitim.com/keren/investment_policy_nativ_pension_fund/m/keren/about_the_fund_kgm_pension_fund/,48 items,https://amitim.com/keren/investment_policy_nativ_pension_fund/m/keren/about_the_fund_kgm_pension_fund/
2026-09-30T21:55:36+00:00,520022963,"קופת הפנסיה לעובדי הדסה בע""מ",new_page,https://amitim.com/keren/investment_policy_egged_pension_fund/m/keren/about_the_fund_kgm_pension_fund/,48 items,https://amitim.com/keren/investment_policy_egged_pension_fund/m/keren/about_the_fund_kgm_pension_fund/
2026-09-30T21:55:36+00:00,520022963,"קופת הפנסיה לעובדי הדסה בע""מ",new_page,https://amitim.com/keren/investment_policy_hadassah_pension_fund/m/keren/about_the_fund_kgm_pension_fund/,48 items,https://amitim.com/keren/investment_policy_hadassah_pension_fund/m/keren/about_the_fund_kgm_pension_fund/
2026-09-30T21:55:36+00:00,520022963,"קופת הפנסיה לעובדי הדסה בע""מ",new_page,https://amitim.com/keren/investment_policy_provident_insurance/m/keren/about_the_fund_kgm_pension_fund/,48 items,https://amitim.com/keren/investment_policy_provident_insurance/m/keren/about_the_fund_kgm_pension_fund/
2026-09-30T21:55:36+00:00,520022963,"קופת הפנסיה לעובדי הדסה בע""מ",new_page,https://amitim.com/keren/investment_policy_makefet_provident_fund/m/keren/about_the_fund_kgm_pension_fund/,48 items,https://amitim.com/keren/investment_policy_makefet_provident_fund/m/keren/about_the_fund_kgm_pension_fund/
2026-09-30T21:55:36+00:00,520022963,"קופת הפנסיה לעובדי הדסה בע""מ",new_page,https://amitim.com/keren/investment_policy_farmers_pension_fund/m/keren/about_the_fund_kgm_pension_fund/,48 items,https://amitim.com/keren/investment_policy_farmers_pension_fund/m/keren/about_the_fund_kgm_pension_fund/
2026-09-30T21:55:36+00:00,520022963,"קופת הפנסיה לעובדי הדסה בע""מ",new_page,https://amitim.com/keren/investment_policy_farmers_provident_fund/m/keren/about_the_fund_kgm_pension_fund/,48 items,https://amitim.com/keren/investment_policy_farmers_provident_fund/m/keren/about_the_fund_kgm_pension_fund/
2026-09-30T21:55:36+00:00,520022963,"קופת הפנסיה לעובדי הדסה בע""מ",new_page,https://amitim.com/keren/investment_policy_building_a_pension_fund/m/keren/about_the_fund_kgm_pension_fund/,48 items,https://amitim.com/keren/investment_policy_building_a_pension_fund/m/keren/about_the_fund_kgm_pension_fund/
2026-09-30T21:55:36+00:00,520022963,"קופת הפנסיה לעובדי הדסה בע""מ",new_page,https://amitim.com/keren/investment_policy_provident_fund_building/m/keren/about_the_fund_kgm_pension_fund/,48 items,https://amitim.com/keren/investment_policy_provident_fund_building/m/keren/about_the_fund_kgm_pension_fund/
2026-09-30T21:55:36+00:00,520022963,"קופת הפנסיה לעובדי הדסה בע""מ",new_page,https://amitim.com/keren/investment_policy_kgm_pension_fund/m/keren/about_the_fund_kgm_pension_fund/,48 items,https://amitim.com/keren/investment_policy_kgm_pension_fund/m/keren/about_the_fund_kgm_pension_fund/
2026-09-30T21:55:36+00:00,520022963,"קופת הפנסיה לעובדי הדסה בע""מ",new_page,https://amitim.com/keren/investment_policy_pension_insurers/m/keren/about_the_fund_kgm_pension_fund/,48 items,https://amitim.com/keren/investment_policy_pension_insurers/m/keren/about_the_fund_kgm_pension_fund/
2026-09-30T21:55:36+00:00,520022963,"קופת הפנסיה לעובדי הדסה בע""מ",new_page,https://amitim.com/keren/investment_policy_pension_fund_circle/m/keren/about_the_fund_kgm_pension_fund/,48 items,https://amitim.com/keren/investment_policy_pension_fund_circle/m/keren/about_the_fund_kgm_pension_fund/
2026-09-30T21:55:36+00:00,520022963,"קופת הפנסיה לעובדי הדסה בע""מ",new_page,https://amitim.com/keren/investment_policy_nativ_pension_fund/m/keren/about_the_fund_kgm_pension_fund/m/keren/about_the_fund_kgm_pension_fund/,48 items,https://amitim.com/keren/investment_policy_nativ_pension_fund/m/keren/about_the_fund_kgm_pension_fund/m/keren/about_the_fund_kgm_pension_fund/
2026-09-30T21:55:36+00:00,520022963,"קופת הפנסיה לעובדי הדסה בע""מ",new_page,https://amitim.com/keren/investment_policy_egged_pension_fund/m/keren/about_the_fund_kgm_pension_fund/m/keren/about_the_fund_kgm_pension_fund/,48 items,https://amitim.com/keren/investment_policy_egged_pension_fund/m/keren/about_the_fund_kgm_pension_fund/m/keren/about_the_fund_kgm_pension_fund/
2026-09-30T21:55:36+00:00,520022963,"קופת הפנסיה לעובדי הדסה בע""מ",new_page,https://amitim.com/keren/investment_policy_hadassah_pension_fund/m/keren/about_the_fund_kgm_pension_fund/m/keren/about_the_fund_kgm_pension_fund/,48 items,https://amitim.com/keren/investment_policy_hadassah_pension_fund/m/keren/about_the_fund_kgm_pension_fund/m/keren/about_the_fund_kgm_pension_fund/
2026-09-30T21:55:36+00:00,520022963,"קופת הפנסיה לעובדי הדסה בע""מ",new_page,https://amitim.com/keren/investment_policy_provident_insurance/m/keren/about_the_fund_kgm_pension_fund/m/keren/about_the_fund_kgm_pension_fund/,48 items,https://amitim.com/keren/investment_policy_provident_insurance/m/keren/about_the_fund_kgm_pension_fund/m/keren/about_the_fund_kgm_pension_fund/
2026-09-30T21:55:36+00:00,520022963,"קופת הפנסיה לעובדי הדסה בע""מ",new_page,https://amitim.com/keren/investment_policy_makefet_provident_fund/m/keren/about_the_fund_kgm_pension_fund/m/keren/about_the_fund_kgm_pension_fund/,48 items,https://amitim.com/keren/investment_policy_makefet_provident_fund/m/keren/about_the_fund_kgm_pension_fund/m/keren/about_the_fund_kgm_pension_fund/
2026-09-30T21:55:36+00:00,520022963,"קופת הפנסיה לעובדי הדסה בע""מ",new_page,https://amitim.com/keren/investment_policy_farmers_pension_fund/m/keren/about_the_fund_kgm_pension_fund/m/keren/about_the_fund_kgm_pension_fund/,48 items,https://amitim.com/keren/investment_policy_farmers_pension_fund/m/keren/about_the_fund_kgm_pension_fund/m/keren/about_the_fund_kgm_pension_fund/
2026-09-30T21:55:36+00:00,520022963,"קופת הפנסיה לעובדי הדסה בע""מ",new_page,https://amitim.com/keren/investment_policy_farmers_provident_fund/m/keren/about_the_fund_kgm_pension_fund/m/keren/about_the_fund_kgm_pension_fund/,48 items,https://amitim.com/keren/investment_policy_farmers_provident_fund/m/keren/about_the_fund_kgm_pension_fund/m/keren/about_the_fund_kgm_pension_fund/
2026-09-30T21:55:36+00:00,520022963,"קופת הפנסיה לעובדי הדסה בע""מ",new_page,https://amitim.com/keren/investment_policy_building_a_pension_fund/m/keren/about_the_fund_kgm_pension_fund/m/keren/about_the_fund_kgm_pension_fund/,48 items,https://amitim.com/keren/investment_policy_building_a_pension_fund/m/keren/about_the_fund_kgm_pension_fund/m/keren/about_the_fund_kgm_pension_fund/
2026-09-30T21:55:36+00:00,520022963,"קופת הפנסיה לעובדי הדסה בע""מ",new_page,https://amitim.com/keren/investment_policy_provident_fund_building/m/keren/about_the_fund_kgm_pension_fund/m/keren/about_the_fund_kgm_pension_fund/,48 items,https://amitim.com/keren/investment_policy_provident_fund_building/m/keren/about_the_fund_kgm_pension_fund/m/keren/about_the_fund_kgm_pension_fund/
2026-09-30T21:55:36+00:00,520022963,"קופת הפנסיה לעובדי הדסה בע""מ",new_page,https://amitim.com/keren/investment_policy_kgm_pension_fund/m/keren/about_the_fund_kgm_pension_fund/m/keren/about_the_fund_kgm_pension_fund/,48 items,https://amitim.com/keren/investment_policy_kgm_pension_fund/m/keren/about_the_fund_kgm_pension_fund/m/keren/about_the_fund_kgm_pension_fund/
2026-09-30T21:55:36+00:00,520022963,"קופת הפנסיה לעובדי הדסה בע""מ",new_page,https://amitim.com/keren/investment_policy_pension_insurers/m/keren/about_the_fund_kgm_pension_fund/m/keren/about_the_fund_kgm_pension_fund/,48 items,https://amitim.com/keren/investment_policy_pension_insurers/m/keren/about_the_fund_kgm_pension_fund/m/keren/about_the_fund_kgm_pension_fund/
2026-09-30T21:55:36+00:00,520022963,"קופת הפנסיה לעובדי הדסה בע""מ",new_page,https://amitim.com/keren/investment_policy_pension_fund_circle/m/keren/about_the_fund_kgm_pension_fund/m/keren/about_the_fund_kgm_pension_fund/,48 items,https://amitim.com/keren/investment_policy_pension_fund_circle/m/keren/about_the_fund_kgm_pension_fund/m/keren/about_the_fund_kgm_pension_fund/
2026-09-30T21:55:36+00:00,520022963,"קופת הפנסיה לעובדי הדסה בע""מ",new_page,https://www.amitim.com,47 items,https://www.amitim.com
2026-09-30T21:55:36+00:00,520022963,"קופת הפנסיה לעובדי הדסה בע""מ",new_page,https://www.amitim.com/keren/investment_policy_pension_insurers/,56 items,https://www.amitim.com/keren/investment_policy_pension_insurers/
2026-09-30T21:55:36+00:00,520022963,"קופת הפנסיה לעובדי הדסה בע""מ",new_page,https://www.amitim.com/keren/investment_policy_provident_insurance/,55 items,https://www.amitim.com/keren/investment_policy_provident_insurance/
2026-09-30T22:38:47+00:00,520022963,"קופת הפנסיה לעובדי הדסה בע""מ",new_item,https://amitim.com/keren/investment_policy_nativ_pension_fund/,קצבת שארים,https://amitim.com/info-center/amitim/survivors_pension/
2026-09-30T22:38:47+00:00,520022963,"קופת הפנסיה לעובדי הדסה בע""מ",new_item,https://amitim.com/keren/investment_policy_nativ_pension_fund/,קצבת נכות,https://amitim.com/info-center/amitim/disability-pension/
2026-09-30T22:38:47+00:00,520022963,"קופת הפנסיה לעובדי הדסה בע""מ",new_item,https://amitim.com/keren/investment_policy_nativ_pension_fund/,פרישה לפנסיה,https://amitim.com/info-center/employers/retirement/
2026-09-30T22:38:47+00:00,520022963,"קופת הפנסיה לעובדי הדסה בע""מ",new_item,https://amitim.com/keren/investment_policy_nativ_pension_fund/,נתיב,https://amitim.com/keren/about_the_fund_nativ_pension_fund/
2026-09-30T22:38:47+00:00,520022963,"קופת הפנסיה לעובדי הדסה בע""מ",new_item,https://amitim.com/keren/investment_policy_nativ_pension_fund/,נכסי הקרן,https://amitim.com/keren/fund_assets_makefet_pension_fund/
2026-09-30T22:38:47+00:00,520022963,"קופת הפנסיה לעובדי הדסה בע""מ",new_item,https://amitim.com/keren/investment_policy_nativ_pension_fund/,נכסי הקרן,https://amitim.com/keren/fund_assets_farmers_pension_fund/
2026-09-30T22:38:47+00:00,520022963,"קופת הפנסיה לעובדי הדסה בע""מ",new_item,https://amitim.com/keren/investment_policy_nativ_pension_fund/,נכסי הקרן,https://amitim.com/keren/fund_assets_pension_fund_building/
2026-09-30T22:38:47+00:00,520022963,"קופת הפנסיה לעובדי הדסה בע""מ",new_item,https://amitim.com/keren/investment_policy_nativ_pension_fund/,נכסי הקרן,https://amitim.com/keren/fund_assets_kgm_pension_fund/
2026-09-30T22:38:47+00:00,520022963,"קופת הפנסיה לעובדי הדסה בע""מ",new_item,https://amitim.com/keren/investment_policy_nativ_pension_fund/,נכסי הקרן,https://amitim.com/keren/fund_assets_nativ_pension_fund/
2026-09-30T22:38:47+00:00,520022963,"קופת הפנסיה לעובדי הדסה בע""מ",new_item,https://amitim.com/keren/investment_policy_nativ_pension_fund/,נכסי הקרן,https://amitim.com/keren/fund_assets_egged_pension_fund/
2026-09-30T22:38:47+00:00,520022963,"קופת הפנסיה לעובדי הדסה בע""מ",new_item,https://amitim.com/keren/investment_policy_nativ_pension_fund/,נכסי הקרן,https://amitim.com/keren/fund_assets_hadassah_pension_fund/
2026-09-30T22:38:47+00:00,520022963,"קופת הפנסיה לעובדי הדסה בע""מ",new_item,https://amitim.com/keren/investment_policy_nativ_pension_fund/,נכסי הקופה,https://amitim.com/keren/fund_assets_provident_fund_insurers/
2026-09-30T22:38:47+00:00,520022963,"קופת הפנסיה לעובדי הדסה בע""מ",new_item,https://amitim.com/keren/investment_policy_nativ_pension_fund/,נכסי הקופה,https://amitim.com/keren/fund_assets_makefet_provident_fund/
2026-09-30T22:38:47+00:00,520022963,"קופת הפנסיה לעובדי הדסה בע""מ",new_item,https://amitim.com/keren/investment_policy_nativ_pension_fund/,נכסי הקופה,https://amitim.com/keren/fund_assets_farmers_provident_fund/
2026-09-30T22:38:47+00:00,520022963,"קופת הפנסיה לעובדי הדסה בע""מ",new_item,https://amitim.com/keren/investment_policy_nativ_pension_fund/,נכסי הקופה,https://amitim.com/keren/fund_assets_provident_fund_building/
2026-09-30T22:38:47+00:00,520022963,"קופת הפנסיה לעובדי הדסה בע""מ",new_item,https://amitim.com/keren/investment_policy_nativ_pension_fund/,משיכת כספים של עמית שנפטר,https://amitim.com/keren/withdrawing_funds_from_a_deceased_colleague_farmers_provident_fund/
2026-09-30T22:38:47+00:00,520022963,"קופת הפנסיה לעובדי הדסה בע""מ",new_item,https://amitim.com/keren/investment_policy_nativ_pension_fund/,משיכת כספים של עמית שנפטר,https://amitim.com/keren/withdrawing_funds_from_a_deceased-colleague_provident_fund_building/
2026-09-30T22:38:47+00:00,520022963,"קופת הפנסיה לעובדי הדסה בע""מ",new_item,https://amitim.com/keren/investment_policy_nativ_pension_fund/,מקפת,https://amitim.com/keren/about_the_fund_makefet_pension_fund/
2026-09-30T22:38:47+00:00,520022963,"קופת הפנסיה לעובדי הדסה בע""מ",new_item,https://amitim.com/keren/investment_policy_nativ_pension_fund/,מידע סטטיסטי,https://amitim.com/keren/statistical_information_pension_insurers/
2026-09-30T22:38:47+00:00,520022963,"קופת הפנסיה לעובדי הדסה בע""מ",new_item,https://amitim.com/keren/investment_policy_nativ_pension_fund/,מידע סטטיסטי,https://amitim.com/keren/statistical_information_pension_fund_circle/
2026-09-30T22:38:47+00:00,520022963,"קופת הפנסיה לעובדי הדסה בע""מ",new_item,https://amitim.com/keren/investment_policy_nativ_pension_fund/,מידע סטטיסטי,https://amitim.com/keren/statistical_information_farmers_pension_fund/
2026-09-30T22:38:47+00:00,520022963,"קופת הפנסיה לעובדי הדסה בע""מ",new_item,https://amitim.com/keren/investment_policy_nativ_pension_fund/,מידע סטטיסטי,https://amitim.com/statistical_information_pension_fund_building/
2026-09-30T22:38:47+00:00,520022963,"קופת הפנסיה לעובדי הדסה בע""מ",new_item,https://amitim.com/keren/investment_policy_nativ_pension_fund/,מידע סטטיסטי,https://amitim.com/keren/statistical_information_kgm_pension_fund/
2026-09-30T22:38:47+00:00,520022963,"קופת הפנסיה לעובדי הדסה בע""מ",new_item,https://amitim.com/keren/investment_policy_nativ_pension_fund/,מידע סטטיסטי,https://amitim.com/keren/statistical_information_nativ_pension_fund/
2026-09-30T22:38:47+00:00,520022963,"קופת הפנסיה לעובדי הדסה בע""מ",new_item,https://amitim.com/keren/investment_policy_nativ_pension_fund/,מידע סטטיסטי,https://amitim.com/keren/statistical_information_egged_pension_fund/
2026-09-30T22:38:47+00:00,520022963,"קופת הפנסיה לעובדי הדסה בע""מ",new_item,https://amitim.com/keren/investment_policy_nativ_pension_fund/,מידע סטטיסטי,https://amitim.com/keren/statistical_information_hadassah_pension_fund/
2026-09-30T22:38:47+00:00,520022963,"קופת הפנסיה לעובדי הדסה בע""מ",new_item,https://amitim.com/keren/investment_policy_nativ_pension_fund/,יציאה לפנסיה,https://amitim.com/info-center/amitim/retirement/
2026-09-30T22:38:47+00:00,520022963,"קופת הפנסיה לעובדי הדסה בע""מ",new_item,https://amitim.com/keren/investment_policy_nativ_pension_fund/,חקלאים,https://amitim.com/keren/about_the_fund_farmers_pension_fund/
2026-09-30T22:38:47+00:00,520022963,"קופת הפנסיה לעובדי הדסה בע""מ",new_item,https://amitim.com/keren/investment_policy_nativ_pension_fund/,הצבעות באסיפות,https://amitim.com/keren/voting_at_meetings_pension_insurers/
2026-09-30T22:38:47+00:00,520022963,"קופת הפנסיה לעובדי הדסה בע""מ",new_item,https://amitim.com/keren/investment_policy_nativ_pension_fund/,הצבעות באסיפות,https://amitim.com/keren/voting_at_meetings_provident_insurance/
2026-09-30T22:38:47+00:00,520022963,"קופת הפנסיה לעובדי הדסה בע""מ",new_item,https://amitim.com/keren/investment_policy_nativ_pension_fund/,הצבעות באסיפות,https://amitim.com/keren/voting_at_meetings_pension_fund_circle/
2026-09-30T22:38:47+00:00,520022963,"קופת הפנסיה לעובדי הדסה בע""מ",new_item,https://amitim.com/keren/investment_policy_nativ_pension_fund/,הצבעות באסיפות,https://amitim.com/keren/voting_at_meetings_provident_fund_circle/
2026-09-30T22:38:47+00:00,520022963,"קופת הפנסיה לעובדי הדסה בע""מ",new_item,https://amitim.com/keren/investment_policy_nativ_pension_fund/,הצבעות באסיפות,https://amitim.com/keren/voting_at_meetings_farmers_pension_fund/
2026-09-30T22:38:47+00:00,520022963,"קופת הפנסיה לעובדי הדסה בע""מ",new_item,https://amitim.com/keren/investment_policy_nativ_pension_fund/,הצבעות באסיפות,https://amitim.com/keren/voting_at_meetings_farmers_provident_fund/
2026-09-30T22:38:47+00:00,520022963,"קופת הפנסיה לעובדי הדסה בע""מ",new_item,https://amitim.com/keren/investment_policy_nativ_pension_fund/,הצבעות באסיפות,https://amitim.com/keren/voting_at_meetings_pension_fund_building/
2026-09-30T22:38:47+00:00,520022963,"קופת הפנסיה לעובדי הדסה בע""מ",new_item,https://amitim.com/keren/investment_policy_nativ_pension_fund/,הצבעות באסיפות,https://amitim.com/keren/voting_at_meetings_provident_fund-building/
2026-09-30T22:38:47+00:00,520022963,"קופת הפנסיה לעובדי הדסה בע""מ",new_item,https://amitim.com/keren/investment_policy_nativ_pension_fund/,הצבעות באסיפות,https://amitim.com/keren/voting_at_meetings_kgm_pension-fund/
2026-09-30T22:38:47+00:00,520022963,"קופת הפנסיה לעובדי הדסה בע""מ",new_item,https://amitim.com/keren/investment_policy_nativ_pension_fund/,הצבעות באסיפות,https://amitim.com/keren/voting_at_meetings_nativ_pension_fund/
2026-09-30T22:38:47+00:00,520022963,"קופת הפנסיה לעובדי הדסה בע""מ",new_item,https://amitim.com/keren/investment_policy_nativ_pension_fund/,הצבעות באסיפות,https://amitim.com/keren/voting_at_meetings_egged_pension_fund/
2026-09-30T22:38:47+00:00,520022963,"קופת הפנסיה לעובדי הדסה בע""מ",new_item,https://amitim.com/keren/investment_policy_nativ_pension_fund/,הצבעות באסיפות,https://amitim.com/keren/voting_at_meetings_hadassah_pension_fund/
2026-09-30T22:38:47+00:00,520022963,"קופת הפנסיה לעובדי הדסה בע""מ",new_item,https://amitim.com/keren/investment_policy_nativ_pension_fund/,הפנסיה שלי,https://amitim.com/info-center/retirees/my_pension/
2026-09-30T22:38:47+00:00,520022963,"קופת הפנסיה לעובדי הדסה בע""מ",new_item,https://amitim.com/keren/investment_policy_nativ_pension_fund/,החוק לחלוקת חיסכון פנסיוני,https://amitim.com/info-center/amitim/distribution_of_pension_savings/
2026-09-30T22:38:47+00:00,520022963,"קופת הפנסיה לעובדי הדסה בע""מ",new_item,https://amitim.com/keren/investment_policy_nativ_pension_fund/,הדסה,https://amitim.com/keren/about-_he_fund_hadassah_pension_fund/
2026-09-30T22:38:47+00:00,520022963,"קופת הפנסיה לעובדי הדסה בע""מ",new_item,https://amitim.com/keren/investment_policy_nativ_pension_fund/,דוחות כספיים,https://amitim.com/keren/financial_statements_provident_fund_insurers/
2026-09-30T22:38:47+00:00,520022963,"קופת הפנסיה לעובדי הדסה בע""מ",new_item,https://amitim.com/keren/investment_policy_nativ_pension_fund/,דוחות כספיים,https://amitim.com/keren/financial_statements_pension_fund_overview/
2026-09-30T22:38:47+00:00,520022963,"קופת הפנסיה לעובדי הדסה בע""מ",new_item,https://amitim.com/keren/investment_policy_nativ_pension_fund/,דוחות כספיים,https://amitim.com/keren/financial_statements_provident_fund_circle/
2026-09-30T22:38:47+00:00,520022963,"קופת הפנסיה לעובדי הדסה בע""מ",new_item,https://amitim.com/keren/investment_policy_nativ_pension_fund/,דוחות כספיים,https://amitim.com/keren/financial_statements_nativ_pension_fund/
2026-09-30T22:38:47+00:00,520022963,"קופת הפנסיה לעובדי הדסה בע""מ",new_item,https://amitim.com/keren/investment_policy_nativ_pension_fund/,גורמים קשורים,https://amitim.com/keren/related_parties_provident_fund_insurers/
2026-09-30T22:38:47+00:00,520022963,"קופת הפנסיה לעובדי הדסה בע""מ",new_item,https://amitim.com/keren/investment_policy_nativ_pension_fund/,גורמים קשורים,https://amitim.com/keren/related_factors_pension_fund_circle/
2026-09-30T22:38:47+00:00,520022963,"קופת הפנסיה לעובדי הדסה בע""מ",new_item,https://amitim.com/keren/investment_policy_nativ_pension_fund/,גורמים קשורים,https://amitim.com/keren/related_factors_provident_fund_circle/
2026-09-30T22:38:47+00:00,520022963,"קופת הפנסיה לעובדי הדסה בע""מ",new_item,https://amitim.com/keren/investment_policy_nativ_pension_fund/,גורמים קשורים,https://amitim.com/keren/related_entities_farmers_pension_fund/
2026-09-30T22:38:47+00:00,520022963,"קופת הפנסיה לעובדי הדסה בע""מ",new_item,https://amitim.com/keren/investment_policy_nativ_pension_fund/,גורמים קשורים,https://amitim.com/keren/related_entities_farmers_provident_fund/
2026-09-30T22:38:47+00:00,520022963,"קופת הפנסיה לעובדי הדסה בע""מ",new_item,https://amitim.com/keren/investment_policy_nativ_pension_fund/,גורמים קשורים,https://amitim.com/keren/related_factors_pension_fund_building/
2026-09-30T22:38:47+00:00,520022963,"קופת הפנסיה לעובדי הדסה בע""מ",new_item,https://amitim.com/keren/investment_policy_nativ_pension_fund/,גורמים קשורים,https://amitim.com/keren/related_entities_provident_fund_building/
2026-09-30T22:38:47+00:00,520022963,"קופת הפנסיה לעובדי הדסה בע""מ",new_item,https://amitim.com/keren/investment_policy_nativ_pension_fund/,גורמים קשורים,https://amitim.com/keren/related_entities_kgm_pension_fund/
2026-09-30T22:38:47+00:00,520022963,"קופת הפנסיה לעובדי הדסה בע""מ",new_item,https://amitim.com/keren/investment_policy_nativ_pension_fund/,גורמים קשורים,https://amitim.com/keren/related_entities_nativ_pension_fund/
2026-09-30T22:38:47+00:00,520022963,"קופת הפנסיה לעובדי הדסה בע""מ",new_item,https://amitim.com/keren/investment_policy_nativ_pension_fund/,גורמים קשורים,https://amitim.com/keren/related_parties_egged_pension_fund/
2026-09-30T22:38:47+00:00,520022963,"קופת הפנסיה לעובדי הדסה בע""מ",new_item,https://amitim.com/keren/investment_policy_nativ_pension_fund/,גורמים קשורים,https://amitim.com/keren/related_entities_hadassah_pension_fund/
2026-09-30T22:38:47+00:00,520022963,"קופת הפנסיה לעובדי הדסה בע""מ",new_item,https://amitim.com/keren/investment_policy_nativ_pension_fund/,בניין,https://amitim.com/keren/about_the_fund_pension_fund_building/
2026-09-30T22:38:47+00:00,520022963,"קופת הפנסיה לעובדי הדסה בע""מ",new_item,https://amitim.com/keren/investment_policy_nativ_pension_fund/,אודות הקרן,https://amitim.com/keren/about_the_fund_mivtachim_provident_fund/
2026-09-30T22:38:47+00:00,520022963,"קופת הפנסיה לעובדי הדסה בע""מ",new_item,https://amitim.com/keren/investment_policy_nativ_pension_fund/,אודות הקרן,https://amitim.com/keren/about_the_fund_makefet_provident_fund/
2026-09-30T22:38:47+00:00,520022963,"קופת הפנסיה לעובדי הדסה בע""מ",new_item,https://amitim.com/keren/investment_policy_nativ_pension_fund/,אודות הקרן,https://amitim.com/keren/about_the_fund_kgm_pension_fund/
2026-09-30T22:38:47+00:00,520022963,"קופת הפנסיה לעובדי הדסה בע""מ",new_item,https://amitim.com/keren/investment_policy_nativ_pension_fund/,אודות הקופה,https://amitim.com/keren/about_the_fund_farmers_provident_fund/
2026-09-30T22:38:47+00:00,520022963,"קופת הפנסיה לעובדי הדסה בע""מ",new_item,https://amitim.com/keren/investment_policy_nativ_pension_fund/,אודות הקופה,https://amitim.com/keren/about_the_fund_provident_fund_building/
2026-09-30T22:38:47+00:00,520022963,"קופת הפנסיה לעובדי הדסה בע""מ",new_item,https://amitim.com/keren/investment_policy_nativ_pension_fund/,אגד,https://amitim.com/keren/about_the_fund_egged_pension_fund/
2026-09-30T22:38:47+00:00,520022963,"קופת הפנסיה לעובדי הדסה בע""מ",new_item,https://amitim.com/keren/investment_policy_egged_pension_fund/,קצבת שארים,https://amitim.com/info-center/amitim/survivors_pension/
2026-09-30T22:38:47+00:00,520022963,"קופת הפנסיה לעובדי הדסה בע""מ",new_item,https://amitim.com/keren/investment_policy_egged_pension_fund/,קצבת נכות,https://amitim.com/info-center/amitim/disability-pension/
2026-09-30T22:38:47+00:00,520022963,"קופת הפנסיה לעובדי הדסה בע""מ",new_item,https://amitim.com/keren/investment_policy_egged_pension_fund/,פרישה לפנסיה,https://amitim.com/info-center/employers/retirement/
2026-09-30T22:38:47+00:00,520022963,"קופת הפנסיה לעובדי הדסה בע""מ",new_item,https://amitim.com/keren/investment_policy_egged_pension_fund/,נתיב,https://amitim.com/keren/about_the_fund_nativ_pension_fund/
2026-09-30T22:38:47+00:00,520022963,"קופת הפנסיה לעובדי הדסה בע""מ",new_item,https://amitim.com/keren/investment_policy_egged_pension_fund/,נכסי הקרן,https://amitim.com/keren/fund_assets_makefet_pension_fund/
2026-09-30T22:38:47+00:00,520022963,"קופת הפנסיה לעובדי הדסה בע""מ",new_item,https://amitim.com/keren/investment_policy_egged_pension_fund/,נכסי הקרן,https://amitim.com/keren/fund_assets_farmers_pension_fund/
2026-09-30T22:38:47+00:00,520022963,"קופת הפנסיה לעובדי הדסה בע""מ",new_item,https://amitim.com/keren/investment_policy_egged_pension_fund/,נכסי הקרן,https://amitim.com/keren/fund_assets_pension_fund_building/
2026-09-30T22:38:47+00:00,520022963,"קופת הפנסיה לעובדי הדסה בע""מ",new_item,https://amitim.com/keren/investment_policy_egged_pension_fund/,נכסי הקרן,https://amitim.com/keren/fund_assets_kgm_pension_fund/
2026-09-30T22:38:47+00:00,520022963,"קופת הפנסיה לעובדי הדסה בע""מ",new_item,https://amitim.com/keren/investment_policy_egged_pension_fund/,נכסי הקרן,https://amitim.com/keren/fund_assets_nativ_pension_fund/
2026-09-30T22:38:47+00:00,520022963,"קופת הפנסיה לעובדי הדסה בע""מ",new_item,https://amitim.com/keren/investment_policy_egged_pension_fund/,נכסי הקרן,https://amitim.com/keren/fund_assets_egged_pension_fund/
2026-09-30T22:38:47+00:00,520022963,"קופת הפנסיה לעובדי הדסה בע""מ",new_item,https://amitim.com/keren/investment_policy_egged_pension_fund/,נכסי הקרן,https://amitim.com/keren/fund_assets_hadassah_pension_fund/
2026-09-30T22:38:47+00:00,520022963,"קופת הפנסיה לעובדי הדסה בע""מ",new_item,https://amitim.com/keren/investment_policy_egged_pension_fund/,נכסי הקופה,https://amitim.com/keren/fund_assets_provident_fund_insurers/
2026-09-30T22:38:47+00:00,520022963,"קופת הפנסיה לעובדי הדסה בע""מ",new_item,https://amitim.com/keren/investment_policy_egged_pension_fund/,נכסי הקופה,https://amitim.com/keren/fund_assets_makefet_provident_fund/
2026-09-30T22:38:47+00:00,520022963,"קופת הפנסיה לעובדי הדסה בע""מ",new_item,https://amitim.com/keren/investment_policy_egged_pension_fund/,נכסי הקופה,https://amitim.com/keren/fund_assets_farmers_provident_fund/
2026-09-30T22:38:47+00:00,520022963,"קופת הפנסיה לעובדי הדסה בע""מ",new_item,https://amitim.com/keren/investment_policy_egged_pension_fund/,נכסי הקופה,https://amitim.com/keren/fund_assets_provident_fund_building/
2026-09-30T22:38:47+00:00,520022963,"קופת הפנסיה לעובדי הדסה בע""מ",new_item,https://amitim.com/keren/investment_policy_egged_pension_fund/,משיכת כספים של עמית שנפטר,https://amitim.com/keren/withdrawing_funds_from_a_deceased_colleague_farmers_provident_fund/
2026-09-30T22:38:47+00:00,520022963,"קופת הפנסיה לעובדי הדסה בע""מ",new_item,https://amitim.com/keren/investment_policy_egged_pension_fund/,משיכת כספים של עמית שנפטר,https://amitim.com/keren/withdrawing_funds_from_a_deceased-colleague_provident_fund_building/
2026-09-30T22:38:47+00:00,520022963,"קופת הפנסיה לעובדי הדסה בע""מ",new_item,https://amitim.com/keren/investment_policy_egged_pension_fund/,מקפת,https://amitim.com/keren/about_the_fund_makefet_pension_fund/
2026-09-30T22:38:47+00:00,520022963,"קופת הפנסיה לעובדי הדסה בע""מ",new_item,https://amitim.com/keren/investment_policy_egged_pension_fund/,מידע סטטיסטי,https://amitim.com/keren/statistical_information_pension_insurers/
2026-09-30T22:38:47+00:00,520022963,"קופת הפנסיה לעובדי הדסה בע""מ",new_item,https://amitim.com/keren/investment_policy_egged_pension_fund/,מידע סטטיסטי,https://amitim.com/keren/statistical_information_pension_fund_circle/
2026-09-30T22:38:47+00:00,520022963,"קופת הפנסיה לעובדי הדסה בע""מ",new_item,https://amitim.com/keren/investment_policy_egged_pension_fund/,מידע סטטיסטי,https://amitim.com/keren/statistical_information_farmers_pension_fund/
2026-09-30T22:38:47+00:00,520022963,"קופת הפנסיה לעובדי הדסה בע""מ",new_item,https://amitim.com/keren/investment_policy_egged_pension_fund/,מידע סטטיסטי,https://amitim.com/statistical_information_pension_fund_building/
2026-09-30T22:38:47+00:00,520022963,"קופת הפנסיה לעובדי הדסה בע""מ",new_item,https://amitim.com/keren/investment_policy_egged_pension_fund/,מידע סטטיסטי,https://amitim.com/keren/statistical_information_kgm_pension_fund/
2026-09-30T22:38:47+00:00,520022963,"קופת הפנסיה לעובדי הדסה בע""מ",new_item,https://amitim.com/keren/investment_policy_egged_pension_fund/,מידע סטטיסטי,https://amitim.com/keren/statistical_information_nativ_pension_fund/
2026-09-30T22:38:47+00:00,520022963,"קופת הפנסיה לעובדי הדסה בע""מ",new_item,https://amitim.com/keren/investment_policy_egged_pension_fund/,מידע סטטיסטי,https://amitim.com/keren/statistical_information_egged_pension_fund/
2026-09-30T22:38:47+00:00,520022963,"קופת הפנסיה לעובדי הדסה בע""מ",new_item,https://amitim.com/keren/investment_policy_egged_pension_fund/,מידע סטטיסטי,https://amitim.com/keren/statistical_information_hadassah_pension_fund/
2026-09-30T22:38:47+00:00,520022963,"קופת הפנסיה לעובדי הדסה בע""מ",new_item,https://amitim.com/keren/investment_policy_egged_pension_fund/,יציאה לפנסיה,https://amitim.com/info-center/amitim/retirement/
2026-09-30T22:38:47+00:00,520022963,"קופת הפנסיה לעובדי הדסה בע""מ",new_item,https://amitim.com/keren/investment_policy_egged_pension_fund/,חקלאים,https://amitim.com/keren/about_the_fund_farmers_pension_fund/
2026-09-30T22:38:47+00:00,520022963,"קופת הפנסיה לעובדי הדסה בע""מ",new_item,https://amitim.com/keren/investment_policy_egged_pension_fund/,הצבעות באסיפות,https://amitim.com/keren/voting_at_meetings_pension_insurers/
2026-09-30T22:38:47+00:00,520022963,"קופת הפנסיה לעובדי הדסה בע""מ",new_item,https://amitim.com/keren/investment_policy_egged_pension_fund/,הצבעות באסיפות,https://amitim.com/keren/voting_at_meetings_provident_insurance/
2026-09-30T22:38:47+00:00,520022963,"קופת הפנסיה לעובדי הדסה בע""מ",new_item,https://amitim.com/keren/investment_policy_egged_pension_fund/,הצבעות באסיפות,https://amitim.com/keren/voting_at_meetings_pension_fund_circle/
2026-09-30T22:38:47+00:00,520022963,"קופת הפנסיה לעובדי הדסה בע""מ",new_item,https://amitim.com/keren/investment_policy_egged_pension_fund/,הצבעות באסיפות,https://amitim.com/keren/voting_at_meetings_provident_fund_circle/
2026-09-30T22:38:47+00:00,520022963,"קופת הפנסיה לעובדי הדסה בע""מ",new_item,https://amitim.com/keren/investment_policy_egged_pension_fund/,הצבעות באסיפות,https://amitim.com/keren/voting_at_meetings_farmers_pension_fund/
2026-09-30T22:38:47+00:00,520022963,"קופת הפנסיה לעובדי הדסה בע""מ",new_item,https://amitim.com/keren/investment_policy_egged_pension_fund/,הצבעות באסיפות,https://amitim.com/keren/voting_at_meetings_farmers_provident_fund/
2026-09-30T22:38:47+00:00,520022963,"קופת הפנסיה לעובדי הדסה בע""מ",new_item,https://amitim.com/keren/investment_policy_egged_pension_fund/,הצבעות באסיפות,https://amitim.com/keren/voting_at_meetings_pension_fund_building/
2026-09-30T22:38:47+00:00,520022963,"קופת הפנסיה לעובדי הדסה בע""מ",new_item,https://amitim.com/keren/investment_policy_egged_pension_fund/,הצבעות באסיפות,https://amitim.com/keren/voting_at_meetings_provident_fund-building/
2026-09-30T22:38:47+00:00,520022963,"קופת הפנסיה לעובדי הדסה בע""מ",new_item,https://amitim.com/keren/investment_policy_egged_pension_fund/,הצבעות באסיפות,https://amitim.com/keren/voting_at_meetings_kgm_pension-fund/
2026-09-30T22:38:47+00:00,520022963,"קופת הפנסיה לעובדי הדסה בע""מ",new_item,https://amitim.com/keren/investment_policy_egged_pension_fund/,הצבעות באסיפות,https://amitim.com/keren/voting_at_meetings_nativ_pension_fund/
2026-09-30T22:38:47+00:00,520022963,"קופת הפנסיה לעובדי הדסה בע""מ",new_item,https://amitim.com/keren/investment_policy_egged_pension_fund/,הצבעות באסיפות,https://amitim.com/keren/voting_at_meetings_egged_pension_fund/
2026-09-30T22:38:47+00:00,520022963,"קופת הפנסיה לעובדי הדסה בע""מ",new_item,https://amitim.com/keren/investment_policy_egged_pension_fund/,הצבעות באסיפות,https://amitim.com/keren/voting_at_meetings_hadassah_pension_fund/
2026-09-30T22:38:47+00:00,520022963,"קופת הפנסיה לעובדי הדסה בע""מ",new_item,https://amitim.com/keren/investment_policy_egged_pension_fund/,הפנסיה שלי,https://amitim.com/info-center/retirees/my_pension/
2026-09-30T22:38:47+00:00,520022963,"קופת הפנסיה לעובדי הדסה בע""מ",new_item,https://amitim.com/keren/investment_policy_egged_pension_fund/,החוק לחלוקת חיסכון פנסיוני,https://amitim.com/info-center/amitim/distribution_of_pension_savings/
2026-09-30T22:38:47+00:00,520022963,"קופת הפנסיה לעובדי הדסה בע""מ",new_item,https://amitim.com/keren/investment_policy_egged_pension_fund/,הדסה,https://amitim.com/keren/about-_he_fund_hadassah_pension_fund/
2026-09-30T22:38:47+00:00,520022963,"קופת הפנסיה לעובדי הדסה בע""מ",new_item,https://amitim.com/keren/investment_policy_egged_pension_fund/,דוחות כספיים,https://amitim.com/keren/financial_statements_provident_fund_insurers/
2026-09-30T22:38:47+00:00,520022963,"קופת הפנסיה לעובדי הדסה בע""מ",new_item,https://amitim.com/keren/investment_policy_egged_pension_fund/,דוחות כספיים,https://amitim.com/keren/financial_statements_pension_fund_overview/
2026-09-30T22:38:47+00:00,520022963,"קופת הפנסיה לעובדי הדסה בע""מ",new_item,https://amitim.com/keren/investment_policy_egged_pension_fund/,דוחות כספיים,https://amitim.com/keren/financial_statements_provident_fund_circle/
2026-09-30T22:38:47+00:00,520022963,"קופת הפנסיה לעובדי הדסה בע""מ",new_item,https://amitim.com/keren/investment_policy_egged_pension_fund/,דוחות כספיים,https://amitim.com/keren/financial_statements_egged_pension_fund/
2026-09-30T22:38:47+00:00,520022963,"קופת הפנסיה לעובדי הדסה בע""מ",new_item,https://amitim.com/keren/investment_policy_egged_pension_fund/,גורמים קשורים,https://amitim.com/keren/related_parties_provident_fund_insurers/
2026-09-30T22:38:47+00:00,520022963,"קופת הפנסיה לעובדי הדסה בע""מ",new_item,https://amitim.com/keren/investment_policy_egged_pension_fund/,גורמים קשורים,https://amitim.com/keren/related_factors_pension_fund_circle/
2026-09-30T22:38:47+00:00,520022963,"קופת הפנסיה לעובדי הדסה בע""מ",new_item,https://amitim.com/keren/investment_policy_egged_pension_fund/,גורמים קשורים,https://amitim.com/keren/related_factors_provident_fund_circle/
2026-09-30T22:38:47+00:00,520022963,"קופת הפנסיה לעובדי הדסה בע""מ",new_item,https://amitim.com/keren/investment_policy_egged_pension_fund/,גורמים קשורים,https://amitim.com/keren/related_entities_farmers_pension_fund/
2026-09-30T22:38:47+00:00,520022963,"קופת הפנסיה לעובדי הדסה בע""מ",new_item,https://amitim.com/keren/investment_policy_egged_pension_fund/,גורמים קשורים,https://amitim.com/keren/related_entities_farmers_provident_fund/
2026-09-30T22:38:47+00:00,520022963,"קופת הפנסיה לעובדי הדסה בע""מ",new_item,https://amitim.com/keren/investment_policy_egged_pension_fund/,גורמים קשורים,https://amitim.com/keren/related_factors_pension_fund_building/
2026-09-30T22:38:47+00:00,520022963,"קופת הפנסיה לעובדי הדסה בע""מ",new_item,https://amitim.com/keren/investment_policy_egged_pension_fund/,גורמים קשורים,https://amitim.com/keren/related_entities_provident_fund_building/
2026-09-30T22:38:47+00:00,520022963,"קופת הפנסיה לעובדי הדסה בע""מ",new_item,https://amitim.com/keren/investment_policy_egged_pension_fund/,גורמים קשורים,https://amitim.com/keren/related_entities_kgm_pension_fund/
2026-09-30T22:38:47+00:00,520022963,"קופת הפנסיה לעובדי הדסה בע""מ",new_item,https://amitim.com/keren/investment_policy_egged_pension_fund/,גורמים קשורים,https://amitim.com/keren/related_entities_nativ_pension_fund/
2026-09-30T22:38:47+00:00,520022963,"קופת הפנסיה לעובדי הדסה בע""מ",new_item,https://amitim.com/keren/investment_policy_egged_pension_fund/,גורמים קשורים,https://amitim.com/keren/related_parties_egged_pension_fund/
2026-09-30T22:38:47+00:00,520022963,"קופת הפנסיה לעובדי הדסה בע""מ",new_item,https://amitim.com/keren/investment_policy_egged_pension_fund/,גורמים קשורים,https://amitim.com/keren/related_entities_hadassah_pension_fund/
2026-09-30T22:38:47+00:00,520022963,"קופת הפנסיה לעובדי הדסה בע""מ",new_item,https://amitim.com/keren/investment_policy_egged_pension_fund/,בניין,https://amitim.com/keren/about_the_fund_pension_fund_building/
2026-09-30T22:38:47+00:00,520022963,"קופת הפנסיה לעובדי הדסה בע""מ",new_item,https://amitim.com/keren/investment_policy_egged_pension_fund/,אודות הקרן,https://amitim.com/keren/about_the_fund_mivtachim_provident_fund/
2026-09-30T22:38:47+00:00,520022963,"קופת הפנסיה לעובדי הדסה בע""מ",new_item,https://amitim.com/keren/investment_policy_egged_pension_fund/,אודות הקרן,https://amitim.com/keren/about_the_fund_makefet_provident_fund/
2026-09-30T22:38:47+00:00,520022963,"קופת הפנסיה לעובדי הדסה בע""מ",new_item,https://amitim.com/keren/investment_policy_egged_pension_fund/,אודות הקרן,https://amitim.com/keren/about_the_fund_kgm_pension_fund/
2026-09-30T22:38:47+00:00,520022963,"קופת הפנסיה לעובדי הדסה בע""מ",new_item,https://amitim.com/keren/investment_policy_egged_pension_fund/,אודות הקופה,https://amitim.com/keren/about_the_fund_farmers_provident_fund/
2026-09-30T22:38:47+00:00,520022963,"קופת הפנסיה לעובדי הדסה בע""מ",new_item,https://amitim.com/keren/investment_policy_egged_pension_fund/,אודות הקופה,https://amitim.com/keren/about_the_fund_provident_fund_building/
2026-09-30T22:38:47+00:00,520022963,"קופת הפנסיה לעובדי הדסה בע""מ",new_item,https://amitim.com/keren/investment_policy_egged_pension_fund/,אגד,https://amitim.com/keren/about_the_fund_egged_pension_fund/
2026-09-30T22:38:47+00:00,520022963,"קופת הפנסיה לעובדי הדסה בע""מ",new_item,https://amitim.com/keren/investment_policy_hadassah_pension_fund/,קצבת שארים,https://amitim.com/info-center/amitim/survivors_pension/
2026-09-30T22:38:47+00:00,520022963,"קופת הפנסיה לעובדי הדסה בע""מ",new_item,https://amitim.com/keren/investment_policy_hadassah_pension_fund/,קצבת נכות,https://amitim.com/info-center/amitim/disability-pension/
2026-09-30T22:38:47+00:00,520022963,"קופת הפנסיה לעובדי הדסה בע""מ",new_item,https://amitim.com/keren/investment_policy_hadassah_pension_fund/,פרישה לפנסיה,https://amitim.com/info-center/employers/retirement/
2026-09-30T22:38:47+00:00,520022963,"קופת הפנסיה לעובדי הדסה בע""מ",new_item,https://amitim.com/keren/investment_policy_hadassah_pension_fund/,נתיב,https://amitim.com/keren/about_the_fund_nativ_pension_fund/
2026-09-30T22:38:47+00:00,520022963,"קופת הפנסיה לעובדי הדסה בע""מ",new_item,https://amitim.com/keren/investment_policy_hadassah_pension_fund/,נכסי הקרן,https://amitim.com/keren/fund_assets_makefet_pension_fund/
2026-09-30T22:38:47+00:00,520022963,"קופת הפנסיה לעובדי הדסה בע""מ",new_item,https://amitim.com/keren/investment_policy_hadassah_pension_fund/,נכסי הקרן,https://amitim.com/keren/fund_assets_farmers_pension_fund/
2026-09-30T22:38:47+00:00,520022963,"קופת הפנסיה לעובדי הדסה בע""מ",new_item,https://amitim.com/keren/investment_policy_hadassah_pension_fund/,נכסי הקרן,https://amitim.com/keren/fund_assets_pension_fund_building/
2026-09-30T22:38:47+00:00,520022963,"קופת הפנסיה לעובדי הדסה בע""מ",new_item,https://amitim.com/keren/investment_policy_hadassah_pension_fund/,נכסי הקרן,https://amitim.com/keren/fund_assets_kgm_pension_fund/
2026-09-30T22:38:47+00:00,520022963,"קופת הפנסיה לעובדי הדסה בע""מ",new_item,https://amitim.com/keren/investment_policy_hadassah_pension_fund/,נכסי הקרן,https://amitim.com/keren/fund_assets_nativ_pension_fund/
2026-09-30T22:38:47+00:00,520022963,"קופת הפנסיה לעובדי הדסה בע""מ",new_item,https://amitim.com/keren/investment_policy_hadassah_pension_fund/,נכסי הקרן,https://amitim.com/keren/fund_assets_egged_pension_fund/
2026-09-30T22:38:47+00:00,520022963,"קופת הפנסיה לעובדי הדסה בע""מ",new_item,https://amitim.com/keren/investment_policy_hadassah_pension_fund/,נכסי הקרן,https://amitim.com/keren/fund_assets_hadassah_pension_fund/
2026-09-30T22:38:47+00:00,520022963,"קופת הפנסיה לעובדי הדסה בע""מ",new_item,https://amitim.com/keren/investment_policy_hadassah_pension_fund/,נכסי הקופה,https://amitim.com/keren/fund_assets_provident_fund_insurers/
2026-09-30T22:38:47+00:00,520022963,"קופת הפנסיה לעובדי הדסה בע""מ",new_item,https://amitim.com/keren/investment_policy_hadassah_pension_fund/,נכסי הקופה,https://amitim.com/keren/fund_assets_makefet_provident_fund/
2026-09-30T22:38:47+00:00,520022963,"קופת הפנסיה לעובדי הדסה בע""מ",new_item,https://amitim.com/keren/investment_policy_hadassah_pension_fund/,נכסי הקופה,https://amitim.com/keren/fund_assets_farmers_provident_fund/
2026-09-30T22:38:47+00:00,520022963,"קופת הפנסיה לעובדי הדסה בע""מ",new_item,https://amitim.com/keren/investment_policy_hadassah_pension_fund/,נכסי הקופה,https://amitim.com/keren/fund_assets_provident_fund_building/
2026-09-30T22:38:47+00:00,520022963,"קופת הפנסיה לעובדי הדסה בע""מ",new_item,https://amitim.com/keren/investment_policy_hadassah_pension_fund/,משיכת כספים של עמית שנפטר,https://amitim.com/keren/withdrawing_funds_from_a_deceased_colleague_farmers_provident_fund/
2026-09-30T22:38:47+00:00,520022963,"קופת הפנסיה לעובדי הדסה בע""מ",new_item,https://amitim.com/keren/investment_policy_hadassah_pension_fund/,משיכת כספים של עמית שנפטר,https://amitim.com/keren/withdrawing_funds_from_a_deceased-colleague_provident_fund_building/
2026-09-30T22:38:47+00:00,520022963,"קופת הפנסיה לעובדי הדסה בע""מ",new_item,https://amitim.com/keren/investment_policy_hadassah_pension_fund/,מקפת,https://amitim.com/keren/about_the_fund_makefet_pension_fund/
2026-09-30T22:38:47+00:00,520022963,"קופת הפנסיה לעובדי הדסה בע""מ",new_item,https://amitim.com/keren/investment_policy_hadassah_pension_fund/,מידע סטטיסטי,https://amitim.com/keren/statistical_information_pension_insurers/
2026-09-30T22:38:47+00:00,520022963,"קופת הפנסיה לעובדי הדסה בע""מ",new_item,https://amitim.com/keren/investment_policy_hadassah_pension_fund/,מידע סטטיסטי,https://amitim.com/keren/statistical_information_pension_fund_circle/
2026-09-30T22:38:47+00:00,520022963,"קופת הפנסיה לעובדי הדסה בע""מ",new_item,https://amitim.com/keren/investment_policy_hadassah_pension_fund/,מידע סטטיסטי,https://amitim.com/keren/statistical_information_farmers_pension_fund/
2026-09-30T22:38:47+00:00,520022963,"קופת הפנסיה לעובדי הדסה בע""מ",new_item,https://amitim.com/keren/investment_policy_hadassah_pension_fund/,מידע סטטיסטי,https://amitim.com/statistical_information_pension_fund_building/
2026-09-30T22:38:47+00:00,520022963,"קופת הפנסיה לעובדי הדסה בע""מ",new_item,https://amitim.com/keren/investment_policy_hadassah_pension_fund/,מידע סטטיסטי,https://amitim.com/keren/statistical_information_kgm_pension_fund/
2026-09-30T22:38:47+00:00,520022963,"קופת הפנסיה לעובדי הדסה בע""מ",new_item,https://amitim.com/keren/investment_policy_hadassah_pension_fund/,מידע סטטיסטי,https://amitim.com/keren/statistical_information_nativ_pension_fund/
2026-09-30T22:38:47+00:00,520022963,"קופת הפנסיה לעובדי הדסה בע""מ",new_item,https://amitim.com/keren/investment_policy_hadassah_pension_fund/,מידע סטטיסטי,https://amitim.com/keren/statistical_information_egged_pension_fund/
2026-09-30T22:38:47+00:00,520022963,"קופת הפנסיה לעובדי הדסה בע""מ",new_item,https://amitim.com/keren/investment_policy_hadassah_pension_fund/,מידע סטטיסטי,https://amitim.com/keren/statistical_information_hadassah_pension_fund/
2026-09-30T22:38:47+00:00,520022963,"קופת הפנסיה לעובדי הדסה בע""מ",new_item,https://amitim.com/keren/investment_policy_hadassah_pension_fund/,יציאה לפנסיה,https://amitim.com/info-center/amitim/retirement/
2026-09-30T22:38:47+00:00,520022963,"קופת הפנסיה לעובדי הדסה בע""מ",new_item,https://amitim.com/keren/investment_policy_hadassah_pension_fund/,חקלאים,https://amitim.com/keren/about_the_fund_farmers_pension_fund/
2026-09-30T22:38:47+00:00,520022963,"קופת הפנסיה לעובדי הדסה בע""מ",new_item,https://amitim.com/keren/investment_policy_hadassah_pension_fund/,הצבעות באסיפות,https://amitim.com/keren/voting_at_meetings_pension_insurers/
2026-09-30T22:38:47+00:00,520022963,"קופת הפנסיה לעובדי הדסה בע""מ",new_item,https://amitim.com/keren/investment_policy_hadassah_pension_fund/,הצבעות באסיפות,https://amitim.com/keren/voting_at_meetings_provident_insurance/
2026-09-30T22:38:47+00:00,520022963,"קופת הפנסיה לעובדי הדסה בע""מ",new_item,https://amitim.com/keren/investment_policy_hadassah_pension_fund/,הצבעות באסיפות,https://amitim.com/keren/voting_at_meetings_pension_fund_circle/
2026-09-30T22:38:47+00:00,520022963,"קופת הפנסיה לעובדי הדסה בע""מ",new_item,https://amitim.com/keren/investment_policy_hadassah_pension_fund/,הצבעות באסיפות,https://amitim.com/keren/voting_at_meetings_provident_fund_circle/
2026-09-30T22:38:47+00:00,520022963,"קופת הפנסיה לעובדי הדסה בע""מ",new_item,https://amitim.com/keren/investment_policy_hadassah_pension_fund/,הצבעות באסיפות,https://amitim.com/keren/voting_at_meetings_farmers_pension_fund/
2026-09-30T22:38:47+00:00,520022963,"קופת הפנסיה לעובדי הדסה בע""מ",new_item,https://amitim.com/keren/investment_policy_hadassah_pension_fund/,הצבעות באסיפות,https://amitim.com/keren/voting_at_meetings_farmers_provident_fund/
2026-09-30T22:38:47+00:00,520022963,"קופת הפנסיה לעובדי הדסה בע""מ",new_item,https://amitim.com/keren/investment_policy_hadassah_pension_fund/,הצבעות באסיפות,https://amitim.com/keren/voting_at_meetings_pension_fund_building/
2026-09-30T22:38:47+00:00,520022963,"קופת הפנסיה לעובדי הדסה בע""מ",new_item,https://amitim.com/keren/investment_policy_hadassah_pension_fund/,הצבעות באסיפות,https://amitim.com/keren/voting_at_meetings_provident_fund-building/
2026-09-30T22:38:47+00:00,520022963,"קופת הפנסיה לעובדי הדסה בע""מ",new_item,https://amitim.com/keren/investment_policy_hadassah_pension_fund/,הצבעות באסיפות,https://amitim.com/keren/voting_at_meetings_kgm_pension-fund/
2026-09-30T22:38:47+00:00,520022963,"קופת הפנסיה לעובדי הדסה בע""מ",new_item,https://amitim.com/keren/investment_policy_hadassah_pension_fund/,הצבעות באסיפות,https://amitim.com/keren/voting_at_meetings_nativ_pension_fund/
2026-09-30T22:38:47+00:00,520022963,"קופת הפנסיה לעובדי הדסה בע""מ",new_item,https://amitim.com/keren/investment_policy_hadassah_pension_fund/,הצבעות באסיפות,https://amitim.com/keren/voting_at_meetings_egged_pension_fund/
2026-09-30T22:38:47+00:00,520022963,"קופת הפנסיה לעובדי הדסה בע""מ",new_item,https://amitim.com/keren/investment_policy_hadassah_pension_fund/,הצבעות באסיפות,https://amitim.com/keren/voting_at_meetings_hadassah_pension_fund/
2026-09-30T22:38:47+00:00,520022963,"קופת הפנסיה לעובדי הדסה בע""מ",new_item,https://amitim.com/keren/investment_policy_hadassah_pension_fund/,הפנסיה שלי,https://amitim.com/info-center/retirees/my_pension/
2026-09-30T22:38:47+00:00,520022963,"קופת הפנסיה לעובדי הדסה בע""מ",new_item,https://amitim.com/keren/investment_policy_hadassah_pension_fund/,החוק לחלוקת חיסכון פנסיוני,https://amitim.com/info-center/amitim/distribution_of_pension_savings/
2026-09-30T22:38:47+00:00,520022963,"קופת הפנסיה לעובדי הדסה בע""מ",new_item,https://amitim.com/keren/investment_policy_hadassah_pension_fund/,הדסה,https://amitim.com/keren/about-_he_fund_hadassah_pension_fund/
2026-09-30T22:38:47+00:00,520022963,"קופת הפנסיה לעובדי הדסה בע""מ",new_item,https://amitim.com/keren/investment_policy_hadassah_pension_fund/,דוחות כספיים,https://amitim.com/keren/financial_statements_provident_fund_insurers/
2026-09-30T22:38:47+00:00,520022963,"קופת הפנסיה לעובדי הדסה בע""מ",new_item,https://amitim.com/keren/investment_policy_hadassah_pension_fund/,דוחות כספיים,https://amitim.com/keren/financial_statements_pension_fund_overview/
2026-09-30T22:38:47+00:00,520022963,"קופת הפנסיה לעובדי הדסה בע""מ",new_item,https://amitim.com/keren/investment_policy_hadassah_pension_fund/,דוחות כספיים,https://amitim.com/keren/financial_statements_provident_fund_circle/
2026-09-30T22:38:47+00:00,520022963,"קופת הפנסיה לעובדי הדסה בע""מ",new_item,https://amitim.com/keren/investment_policy_hadassah_pension_fund/,דוחות כספיים,https://amitim.com/keren/financial_statements_hadassah_pension_fund/
2026-09-30T22:38:47+00:00,520022963,"קופת הפנסיה לעובדי הדסה בע""מ",new_item,https://amitim.com/keren/investment_policy_hadassah_pension_fund/,גורמים קשורים,https://amitim.com/keren/related_parties_provident_fund_insurers/
2026-09-30T22:38:47+00:00,520022963,"קופת הפנסיה לעובדי הדסה בע""מ",new_item,https://amitim.com/keren/investment_policy_hadassah_pension_fund/,גורמים קשורים,https://amitim.com/keren/related_factors_pension_fund_circle/
2026-09-30T22:38:47+00:00,520022963,"קופת הפנסיה לעובדי הדסה בע""מ",new_item,https://amitim.com/keren/investment_policy_hadassah_pension_fund/,גורמים קשורים,https://amitim.com/keren/related_factors_provident_fund_circle/
2026-09-30T22:38:47+00:00,520022963,"קופת הפנסיה לעובדי הדסה בע""מ",new_item,https://amitim.com/keren/investment_policy_hadassah_pension_fund/,גורמים קשורים,https://amitim.com/keren/related_entities_farmers_pension_fund/
2026-09-30T22:38:47+00:00,520022963,"קופת הפנסיה לעובדי הדסה בע""מ",new_item,https://amitim.com/keren/investment_policy_hadassah_pension_fund/,גורמים קשורים,https://amitim.com/keren/related_entities_farmers_provident_fund/
2026-09-30T22:38:47+00:00,520022963,"קופת הפנסיה לעובדי הדסה בע""מ",new_item,https://amitim.com/keren/investment_policy_hadassah_pension_fund/,גורמים קשורים,https://amitim.com/keren/related_factors_pension_fund_building/
2026-09-30T22:38:47+00:00,520022963,"קופת הפנסיה לעובדי הדסה בע""מ",new_item,https://amitim.com/keren/investment_policy_hadassah_pension_fund/,גורמים קשורים,https://amitim.com/keren/related_entities_provident_fund_building/
2026-09-30T22:38:47+00:00,520022963,"קופת הפנסיה לעובדי הדסה בע""מ",new_item,https://amitim.com/keren/investment_policy_hadassah_pension_fund/,גורמים קשורים,https://amitim.com/keren/related_entities_kgm_pension_fund/
2026-09-30T22:38:47+00:00,520022963,"קופת הפנסיה לעובדי הדסה בע""מ",new_item,https://amitim.com/keren/investment_policy_hadassah_pension_fund/,גורמים קשורים,https://amitim.com/keren/related_entities_nativ_pension_fund/
2026-09-30T22:38:47+00:00,520022963,"קופת הפנסיה לעובדי הדסה בע""מ",new_item,https://amitim.com/keren/investment_policy_hadassah_pension_fund/,גורמים קשורים,https://amitim.com/keren/related_parties_egged_pension_fund/
2026-09-30T22:38:47+00:00,520022963,"קופת הפנסיה לעובדי הדסה בע""מ",new_item,https://amitim.com/keren/investment_policy_hadassah_pension_fund/,גורמים קשורים,https://amitim.com/keren/related_entities_hadassah_pension_fund/
2026-09-30T22:38:47+00:00,520022963,"קופת הפנסיה לעובדי הדסה בע""מ",new_item,https://amitim.com/keren/investment_policy_hadassah_pension_fund/,בניין,https://amitim.com/keren/about_the_fund_pension_fund_building/
2026-09-30T22:38:47+00:00,520022963,"קופת הפנסיה לעובדי הדסה בע""מ",new_item,https://amitim.com/keren/investment_policy_hadassah_pension_fund/,אודות הקרן,https://amitim.com/keren/about_the_fund_mivtachim_provident_fund/
2026-09-30T22:38:47+00:00,520022963,"קופת הפנסיה לעובדי הדסה בע""מ",new_item,https://amitim.com/keren/investment_policy_hadassah_pension_fund/,אודות הקרן,https://amitim.com/keren/about_the_fund_makefet_provident_fund/
2026-09-30T22:38:47+00:00,520022963,"קופת הפנסיה לעובדי הדסה בע""מ",new_item,https://amitim.com/keren/investment_policy_hadassah_pension_fund/,אודות הקרן,https://amitim.com/keren/about_the_fund_kgm_pension_fund/
2026-09-30T22:38:47+00:00,520022963,"קופת הפנסיה לעובדי הדסה בע""מ",new_item,https://amitim.com/keren/investment_policy_hadassah_pension_fund/,אודות הקופה,https://amitim.com/keren/about_the_fund_farmers_provident_fund/
2026-09-30T22:38:47+00:00,520022963,"קופת הפנסיה לעובדי הדסה בע""מ",new_item,https://amitim.com/keren/investment_policy_hadassah_pension_fund/,אודות הקופה,https://amitim.com/keren/about_the_fund_provident_fund_building/
2026-09-30T22:38:47+00:00,520022963,"קופת הפנסיה לעובדי הדסה בע""מ",new_item,https://amitim.com/keren/investment_policy_hadassah_pension_fund/,אגד,https://amitim.com/keren/about_the_fund_egged_pension_fund/
2026-09-30T22:38:47+00:00,520022963,"קופת הפנסיה לעובדי הדסה בע""מ",new_item,https://amitim.com/keren/investment_policy_provident_insurance/,קצבת שארים,https://amitim.com/info-center/amitim/survivors_pension/
2026-09-30T22:38:47+00:00,520022963,"קופת הפנסיה לעובדי הדסה בע""מ",new_item,https://amitim.com/keren/investment_policy_provident_insurance/,קצבת נכות,https://amitim.com/info-center/amitim/disability-pension/
2026-09-30T22:38:47+00:00,520022963,"קופת הפנסיה לעובדי הדסה בע""מ",new_item,https://amitim.com/keren/investment_policy_provident_insurance/,פרישה לפנסיה,https://amitim.com/info-center/employers/retirement/
2026-09-30T22:38:47+00:00,520022963,"קופת הפנסיה לעובדי הדסה בע""מ",new_item,https://amitim.com/keren/investment_policy_provident_insurance/,נתיב,https://amitim.com/keren/about_the_fund_nativ_pension_fund/
2026-09-30T22:38:47+00:00,520022963,"קופת הפנסיה לעובדי הדסה בע""מ",new_item,https://amitim.com/keren/investment_policy_provident_insurance/,נכסי הקרן,https://amitim.com/keren/fund_assets_makefet_pension_fund/
2026-09-30T22:38:47+00:00,520022963,"קופת הפנסיה לעובדי הדסה בע""מ",new_item,https://amitim.com/keren/investment_policy_provident_insurance/,נכסי הקרן,https://amitim.com/keren/fund_assets_farmers_pension_fund/
2026-09-30T22:38:47+00:00,520022963,"קופת הפנסיה לעובדי הדסה בע""מ",new_item,https://amitim.com/keren/investment_policy_provident_insurance/,נכסי הקרן,https://amitim.com/keren/fund_assets_pension_fund_building/
2026-09-30T22:38:47+00:00,520022963,"קופת הפנסיה לעובדי הדסה בע""מ",new_item,https://amitim.com/keren/investment_policy_provident_insurance/,נכסי הקרן,https://amitim.com/keren/fund_assets_kgm_pension_fund/
2026-09-30T22:38:47+00:00,520022963,"קופת הפנסיה לעובדי הדסה בע""מ",new_item,https://amitim.com/keren/investment_policy_provident_insurance/,נכסי הקרן,https://amitim.com/keren/fund_assets_nativ_pension_fund/
2026-09-30T22:38:47+00:00,520022963,"קופת הפנסיה לעובדי הדסה בע""מ",new_item,https://amitim.com/keren/investment_policy_provident_insurance/,נכסי הקרן,https://amitim.com/keren/fund_assets_egged_pension_fund/
2026-09-30T22:38:47+00:00,520022963,"קופת הפנסיה לעובדי הדסה בע""מ",new_item,https://amitim.com/keren/investment_policy_provident_insurance/,נכסי הקרן,https://amitim.com/keren/fund_assets_hadassah_pension_fund/
2026-09-30T22:38:47+00:00,520022963,"קופת הפנסיה לעובדי הדסה בע""מ",new_item,https://amitim.com/keren/investment_policy_provident_insurance/,נכסי הקופה,https://amitim.com/keren/fund_assets_provident_fund_insurers/
2026-09-30T22:38:47+00:00,520022963,"קופת הפנסיה לעובדי הדסה בע""מ",new_item,https://amitim.com/keren/investment_policy_provident_insurance/,נכסי הקופה,https://amitim.com/keren/fund_assets_makefet_provident_fund/
2026-09-30T22:38:47+00:00,520022963,"קופת הפנסיה לעובדי הדסה בע""מ",new_item,https://amitim.com/keren/investment_policy_provident_insurance/,נכסי הקופה,https://amitim.com/keren/fund_assets_farmers_provident_fund/
2026-09-30T22:38:47+00:00,520022963,"קופת הפנסיה לעובדי הדסה בע""מ",new_item,https://amitim.com/keren/investment_policy_provident_insurance/,נכסי הקופה,https://amitim.com/keren/fund_assets_provident_fund_building/
2026-09-30T22:38:47+00:00,520022963,"קופת הפנסיה לעובדי הדסה בע""מ",new_item,https://amitim.com/keren/investment_policy_provident_insurance/,משיכת כספים של עמית שנפטר,https://amitim.com/keren/withdrawing_funds_from_a_deceased_colleague_farmers_provident_fund/
2026-09-30T22:38:47+00:00,520022963,"קופת הפנסיה לעובדי הדסה בע""מ",new_item,https://amitim.com/keren/investment_policy_provident_insurance/,משיכת כספים של עמית שנפטר,https://amitim.com/keren/withdrawing_funds_from_a_deceased-colleague_provident_fund_building/
2026-09-30T22:38:47+00:00,520022963,"קופת הפנסיה לעובדי הדסה בע""מ",new_item,https://amitim.com/keren/investment_policy_provident_insurance/,מקפת,https://amitim.com/keren/about_the_fund_makefet_pension_fund/
2026-09-30T22:38:47+00:00,520022963,"קופת הפנסיה לעובדי הדסה בע""מ",new_item,https://amitim.com/keren/investment_policy_provident_insurance/,מידע סטטיסטי,https://amitim.com/keren/statistical_information_pension_insurers/
2026-09-30T22:38:47+00:00,520022963,"קופת הפנסיה לעובדי הדסה בע""מ",new_item,https://amitim.com/keren/investment_policy_provident_insurance/,מידע סטטיסטי,https://amitim.com/keren/statistical_information_pension_fund_circle/
2026-09-30T22:38:47+00:00,520022963,"קופת הפנסיה לעובדי הדסה בע""מ",new_item,https://amitim.com/keren/investment_policy_provident_insurance/,מידע סטטיסטי,https://amitim.com/keren/statistical_information_farmers_pension_fund/
2026-09-30T22:38:47+00:00,520022963,"קופת הפנסיה לעובדי הדסה בע""מ",new_item,https://amitim.com/keren/investment_policy_provident_insurance/,מידע סטטיסטי,https://amitim.com/statistical_information_pension_fund_building/
2026-09-30T22:38:47+00:00,520022963,"קופת הפנסיה לעובדי הדסה בע""מ",new_item,https://amitim.com/keren/investment_policy_provident_insurance/,מידע סטטיסטי,https://amitim.com/keren/statistical_information_kgm_pension_fund/
2026-09-30T22:38:47+00:00,520022963,"קופת הפנסיה לעובדי הדסה בע""מ",new_item,https://amitim.com/keren/investment_policy_provident_insurance/,מידע סטטיסטי,https://amitim.com/keren/statistical_information_nativ_pension_fund/
2026-09-30T22:38:47+00:00,520022963,"קופת הפנסיה לעובדי הדסה בע""מ",new_item,https://amitim.com/keren/investment_policy_provident_insurance/,מידע סטטיסטי,https://amitim.com/keren/statistical_information_egged_pension_fund/
2026-09-30T22:38:47+00:00,520022963,"קופת הפנסיה לעובדי הדסה בע""מ",new_item,https://amitim.com/keren/investment_policy_provident_insurance/,מידע סטטיסטי,https://amitim.com/keren/statistical_information_hadassah_pension_fund/
2026-09-30T22:38:47+00:00,520022963,"קופת הפנסיה לעובדי הדסה בע""מ",new_item,https://amitim.com/keren/investment_policy_provident_insurance/,מבטחים קרן פנסיה,https://amitim.com/keren/mivtahim-pensia-odot/
2026-09-30T22:38:47+00:00,520022963,"קופת הפנסיה לעובדי הדסה בע""מ",new_item,https://amitim.com/keren/investment_policy_provident_insurance/,מבטחים קופת גמל,https://amitim.com/keren/about_the_fund_mivtachim_provident_fund/
2026-09-30T22:38:47+00:00,520022963,"קופת הפנסיה לעובדי הדסה בע""מ",new_item,https://amitim.com/keren/investment_policy_provident_insurance/,יציאה לפנסיה,https://amitim.com/info-center/amitim/retirement/
2026-09-30T22:38:47+00:00,520022963,"קופת הפנסיה לעובדי הדסה בע""מ",new_item,https://amitim.com/keren/investment_policy_provident_insurance/,חקלאים,https://amitim.com/keren/about_the_fund_farmers_pension_fund/
2026-09-30T22:38:47+00:00,520022963,"קופת הפנסיה לעובדי הדסה בע""מ",new_item,https://amitim.com/keren/investment_policy_provident_insurance/,הצבעות באסיפות,https://amitim.com/keren/voting_at_meetings_pension_insurers/
2026-09-30T22:38:47+00:00,520022963,"קופת הפנסיה לעובדי הדסה בע""מ",new_item,https://amitim.com/keren/investment_policy_provident_insurance/,הצבעות באסיפות,https://amitim.com/keren/voting_at_meetings_provident_insurance/
2026-09-30T22:38:47+00:00,520022963,"קופת הפנסיה לעובדי הדסה בע""מ",new_item,https://amitim.com/keren/investment_policy_provident_insurance/,הצבעות באסיפות,https://amitim.com/keren/voting_at_meetings_pension_fund_circle/
2026-09-30T22:38:47+00:00,520022963,"קופת הפנסיה לעובדי הדסה בע""מ",new_item,https://amitim.com/keren/investment_policy_provident_insurance/,הצבעות באסיפות,https://amitim.com/keren/voting_at_meetings_provident_fund_circle/
2026-09-30T22:38:47+00:00,520022963,"קופת הפנסיה לעובדי הדסה בע""מ",new_item,https://amitim.com/keren/investment_policy_provident_insurance/,הצבעות באסיפות,https://amitim.com/keren/voting_at_meetings_farmers_pension_fund/
2026-09-30T22:38:47+00:00,520022963,"קופת הפנסיה לעובדי הדסה בע""מ",new_item,https://amitim.com/keren/investment_policy_provident_insurance/,הצבעות באסיפות,https://amitim.com/keren/voting_at_meetings_farmers_provident_fund/
2026-09-30T22:38:47+00:00,520022963,"קופת הפנסיה לעובדי הדסה בע""מ",new_item,https://amitim.com/keren/investment_policy_provident_insurance/,הצבעות באסיפות,https://amitim.com/keren/voting_at_meetings_pension_fund_building/
2026-09-30T22:38:47+00:00,520022963,"קופת הפנסיה לעובדי הדסה בע""מ",new_item,https://amitim.com/keren/investment_policy_provident_insurance/,הצבעות באסיפות,https://amitim.com/keren/voting_at_meetings_provident_fund-building/
2026-09-30T22:38:47+00:00,520022963,"קופת הפנסיה לעובדי הדסה בע""מ",new_item,https://amitim.com/keren/investment_policy_provident_insurance/,הצבעות באסיפות,https://amitim.com/keren/voting_at_meetings_kgm_pension-fund/
2026-09-30T22:38:47+00:00,520022963,"קופת הפנסיה לעובדי הדסה בע""מ",new_item,https://amitim.com/keren/investment_policy_provident_insurance/,הצבעות באסיפות,https://amitim.com/keren/voting_at_meetings_nativ_pension_fund/
2026-09-30T22:38:47+00:00,520022963,"קופת הפנסיה לעובדי הדסה בע""מ",new_item,https://amitim.com/keren/investment_policy_provident_insurance/,הצבעות באסיפות,https://amitim.com/keren/voting_at_meetings_egged_pension_fund/
2026-09-30T22:38:47+00:00,520022963,"קופת הפנסיה לעובדי הדסה בע""מ",new_item,https://amitim.com/keren/investment_policy_provident_insurance/,הצבעות באסיפות,https://amitim.com/keren/voting_at_meetings_hadassah_pension_fund/
2026-09-30T22:38:47+00:00,520022963,"קופת הפנסיה לעובדי הדסה בע""מ",new_item,https://amitim.com/keren/investment_policy_provident_insurance/,הפנסיה שלי,https://amitim.com/info-center/retirees/my_pension/
2026-09-30T22:38:47+00:00,520022963,"קופת הפנסיה לעובדי הדסה בע""מ",new_item,https://amitim.com/keren/investment_policy_provident_insurance/,החוק לחלוקת חיסכון פנסיוני,https://amitim.com/info-center/amitim/distribution_of_pension_savings/
2026-09-30T22:38:47+00:00,520022963,"קופת הפנסיה לעובדי הדסה בע""מ",new_item,https://amitim.com/keren/investment_policy_provident_insurance/,הדסה,https://amitim.com/keren/about-_he_fund_hadassah_pension_fund/
2026-09-30T22:38:47+00:00,520022963,"קופת הפנסיה לעובדי הדסה בע""מ",new_item,https://amitim.com/keren/investment_policy_provident_insurance/,דוחות כספיים,https://amitim.com/keren/financial_statements_provident_fund_insurers/
2026-09-30T22:38:47+00:00,520022963,"קופת הפנסיה לעובדי הדסה בע""מ",new_item,https://amitim.com/keren/investment_policy_provident_insurance/,דוחות כספיים,https://amitim.com/keren/financial_statements_pension_fund_overview/
2026-09-30T22:38:47+00:00,520022963,"קופת הפנסיה לעובדי הדסה בע""מ",new_item,https://amitim.com/keren/investment_policy_provident_insurance/,דוחות כספיים,https://amitim.com/keren/financial_statements_provident_fund_circle/
2026-09-30T22:38:47+00:00,520022963,"קופת הפנסיה לעובדי הדסה בע""מ",new_item,https://amitim.com/keren/investment_policy_provident_insurance/,גורמים קשורים,https://amitim.com/keren/related_parties_provident_fund_insurers/
2026-09-30T22:38:47+00:00,520022963,"קופת הפנסיה לעובדי הדסה בע""מ",new_item,https://amitim.com/keren/investment_policy_provident_insurance/,גורמים קשורים,https://amitim.com/keren/related_factors_pension_fund_circle/
2026-09-30T22:38:47+00:00,520022963,"קופת הפנסיה לעובדי הדסה בע""מ",new_item,https://amitim.com/keren/investment_policy_provident_insurance/,גורמים קשורים,https://amitim.com/keren/related_factors_provident_fund_circle/
2026-09-30T22:38:47+00:00,520022963,"קופת הפנסיה לעובדי הדסה בע""מ",new_item,https://amitim.com/keren/investment_policy_provident_insurance/,גורמים קשורים,https://amitim.com/keren/related_entities_farmers_pension_fund/
2026-09-30T22:38:47+00:00,520022963,"קופת הפנסיה לעובדי הדסה בע""מ",new_item,https://amitim.com/keren/investment_policy_provident_insurance/,גורמים קשורים,https://amitim.com/keren/related_entities_farmers_provident_fund/
2026-09-30T22:38:47+00:00,520022963,"קופת הפנסיה לעובדי הדסה בע""מ",new_item,https://amitim.com/keren/investment_policy_provident_insurance/,גורמים קשורים,https://amitim.com/keren/related_factors_pension_fund_building/
2026-09-30T22:38:47+00:00,520022963,"קופת הפנסיה לעובדי הדסה בע""מ",new_item,https://amitim.com/keren/investment_policy_provident_insurance/,גורמים קשורים,https://amitim.com/keren/related_entities_provident_fund_building/
2026-09-30T22:38:47+00:00,520022963,"קופת הפנסיה לעובדי הדסה בע""מ",new_item,https://amitim.com/keren/investment_policy_provident_insurance/,גורמים קשורים,https://amitim.com/keren/related_entities_kgm_pension_fund/
2026-09-30T22:38:47+00:00,520022963,"קופת הפנסיה לעובדי הדסה בע""מ",new_item,https://amitim.com/keren/investment_policy_provident_insurance/,גורמים קשורים,https://amitim.com/keren/related_entities_nativ_pension_fund/
2026-09-30T22:38:47+00:00,520022963,"קופת הפנסיה לעובדי הדסה בע""מ",new_item,https://amitim.com/keren/investment_policy_provident_insurance/,גורמים קשורים,https://amitim.com/keren/related_parties_egged_pension_fund/
2026-09-30T22:38:47+00:00,520022963,"קופת הפנסיה לעובדי הדסה בע""מ",new_item,https://amitim.com/keren/investment_policy_provident_insurance/,גורמים קשורים,https://amitim.com/keren/related_entities_hadassah_pension_fund/
2026-09-30T22:38:47+00:00,520022963,"קופת הפנסיה לעובדי הדסה בע""מ",new_item,https://amitim.com/keren/investment_policy_provident_insurance/,בניין,https://amitim.com/keren/about_the_fund_pension_fund_building/
2026-09-30T22:38:47+00:00,520022963,"קופת הפנסיה לעובדי הדסה בע""מ",new_item,https://amitim.com/keren/investment_policy_provident_insurance/,אודות הקרן,https://amitim.com/keren/about_the_fund_makefet_provident_fund/
2026-09-30T22:38:47+00:00,520022963,"קופת הפנסיה לעובדי הדסה בע""מ",new_item,https://amitim.com/keren/investment_policy_provident_insurance/,אודות הקרן,https://amitim.com/keren/about_the_fund_kgm_pension_fund/
2026-09-30T22:38:47+00:00,520022963,"קופת הפנסיה לעובדי הדסה בע""מ",new_item,https://amitim.com/keren/investment_policy_provident_insurance/,אודות הקופה,https://amitim.com/keren/about_the_fund_farmers_provident_fund/
2026-09-30T22:38:47+00:00,520022963,"קופת הפנסיה לעובדי הדסה בע""מ",new_item,https://amitim.com/keren/investment_policy_provident_insurance/,אודות הקופה,https://amitim.com/keren/about_the_fund_provident_fund_building/
2026-09-30T22:38:47+00:00,520022963,"קופת הפנסיה לעובדי הדסה בע""מ",new_item,https://amitim.com/keren/investment_policy_provident_insurance/,אגד,https://amitim.com/keren/about_the_fund_egged_pension_fund/
2026-09-30T22:38:47+00:00,520022963,"קופת הפנסיה לעובדי הדסה בע""מ",new_item,https://amitim.com/keren/investment_policy_makefet_provident_fund/,קצבת שארים,https://amitim.com/info-center/amitim/survivors_pension/
2026-09-30T22:38:47+00:00,520022963,"קופת הפנסיה לעובדי הדסה בע""מ",new_item,https://amitim.com/keren/investment_policy_makefet_provident_fund/,קצבת נכות,https://amitim.com/info-center/amitim/disability-pension/
2026-09-30T22:38:47+00:00,520022963,"קופת הפנסיה לעובדי הדסה בע""מ",new_item,https://amitim.com/keren/investment_policy_makefet_provident_fund/,פרישה לפנסיה,https://amitim.com/info-center/employers/retirement/
2026-09-30T22:38:47+00:00,520022963,"קופת הפנסיה לעובדי הדסה בע""מ",new_item,https://amitim.com/keren/investment_policy_makefet_provident_fund/,נתיב,https://amitim.com/keren/about_the_fund_nativ_pension_fund/
2026-09-30T22:38:47+00:00,520022963,"קופת הפנסיה לעובדי הדסה בע""מ",new_item,https://amitim.com/keren/investment_policy_makefet_provident_fund/,נכסי הקרן,https://amitim.com/keren/fund_assets_makefet_pension_fund/
2026-09-30T22:38:47+00:00,520022963,"קופת הפנסיה לעובדי הדסה בע""מ",new_item,https://amitim.com/keren/investment_policy_makefet_provident_fund/,נכסי הקרן,https://amitim.com/keren/fund_assets_farmers_pension_fund/
2026-09-30T22:38:47+00:00,520022963,"קופת הפנסיה לעובדי הדסה בע""מ",new_item,https://amitim.com/keren/investment_policy_makefet_provident_fund/,נכסי הקרן,https://amitim.com/keren/fund_assets_pension_fund_building/
2026-09-30T22:38:47+00:00,520022963,"קופת הפנסיה לעובדי הדסה בע""מ",new_item,https://amitim.com/keren/investment_policy_makefet_provident_fund/,נכסי הקרן,https://amitim.com/keren/fund_assets_kgm_pension_fund/
2026-09-30T22:38:47+00:00,520022963,"קופת הפנסיה לעובדי הדסה בע""מ",new_item,https://amitim.com/keren/investment_policy_makefet_provident_fund/,נכסי הקרן,https://amitim.com/keren/fund_assets_nativ_pension_fund/
2026-09-30T22:38:47+00:00,520022963,"קופת הפנסיה לעובדי הדסה בע""מ",new_item,https://amitim.com/keren/investment_policy_makefet_provident_fund/,נכסי הקרן,https://amitim.com/keren/fund_assets_egged_pension_fund/
2026-09-30T22:38:47+00:00,520022963,"קופת הפנסיה לעובדי הדסה בע""מ",new_item,https://amitim.com/keren/investment_policy_makefet_provident_fund/,נכסי הקרן,https://amitim.com/keren/fund_assets_hadassah_pension_fund/
2026-09-30T22:38:47+00:00,520022963,"קופת הפנסיה לעובדי הדסה בע""מ",new_item,https://amitim.com/keren/investment_policy_makefet_provident_fund/,נכסי הקופה,https://amitim.com/keren/fund_assets_provident_fund_insurers/
2026-09-30T22:38:47+00:00,520022963,"קופת הפנסיה לעובדי הדסה בע""מ",new_item,https://amitim.com/keren/investment_policy_makefet_provident_fund/,נכסי הקופה,https://amitim.com/keren/fund_assets_makefet_provident_fund/
2026-09-30T22:38:47+00:00,520022963,"קופת הפנסיה לעובדי הדסה בע""מ",new_item,https://amitim.com/keren/investment_policy_makefet_provident_fund/,נכסי הקופה,https://amitim.com/keren/fund_assets_farmers_provident_fund/
2026-09-30T22:38:47+00:00,520022963,"קופת הפנסיה לעובדי הדסה בע""מ",new_item,https://amitim.com/keren/investment_policy_makefet_provident_fund/,נכסי הקופה,https://amitim.com/keren/fund_assets_provident_fund_building/
2026-09-30T22:38:47+00:00,520022963,"קופת הפנסיה לעובדי הדסה בע""מ",new_item,https://amitim.com/keren/investment_policy_makefet_provident_fund/,משיכת כספים של עמית שנפטר,https://amitim.com/keren/withdrawing_funds_from_a_deceased_colleague_farmers_provident_fund/
2026-09-30T22:38:47+00:00,520022963,"קופת הפנסיה לעובדי הדסה בע""מ",new_item,https://amitim.com/keren/investment_policy_makefet_provident_fund/,משיכת כספים של עמית שנפטר,https://amitim.com/keren/withdrawing_funds_from_a_deceased-colleague_provident_fund_building/
2026-09-30T22:38:47+00:00,520022963,"קופת הפנסיה לעובדי הדסה בע""מ",new_item,https://amitim.com/keren/investment_policy_makefet_provident_fund/,מקפת קופת גמל,https://amitim.com/keren/about_the_fund_makefet_provident_fund/
2026-09-30T22:38:47+00:00,520022963,"קופת הפנסיה לעובדי הדסה בע""מ",new_item,https://amitim.com/keren/investment_policy_makefet_provident_fund/,מקפת,https://amitim.com/keren/about_the_fund_makefet_pension_fund/
2026-09-30T22:38:47+00:00,520022963,"קופת הפנסיה לעובדי הדסה בע""מ",new_item,https://amitim.com/keren/investment_policy_makefet_provident_fund/,מידע סטטיסטי,https://amitim.com/keren/statistical_information_pension_insurers/
2026-09-30T22:38:47+00:00,520022963,"קופת הפנסיה לעובדי הדסה בע""מ",new_item,https://amitim.com/keren/investment_policy_makefet_provident_fund/,מידע סטטיסטי,https://amitim.com/keren/statistical_information_pension_fund_circle/
2026-09-30T22:38:47+00:00,520022963,"קופת הפנסיה לעובדי הדסה בע""מ",new_item,https://amitim.com/keren/investment_policy_makefet_provident_fund/,מידע סטטיסטי,https://amitim.com/keren/statistical_information_farmers_pension_fund/
2026-09-30T22:38:47+00:00,520022963,"קופת הפנסיה לעובדי הדסה בע""מ",new_item,https://amitim.com/keren/investment_policy_makefet_provident_fund/,מידע סטטיסטי,https://amitim.com/statistical_information_pension_fund_building/
2026-09-30T22:38:47+00:00,520022963,"קופת הפנסיה לעובדי הדסה בע""מ",new_item,https://amitim.com/keren/investment_policy_makefet_provident_fund/,מידע סטטיסטי,https://amitim.com/keren/statistical_information_kgm_pension_fund/
2026-09-30T22:38:47+00:00,520022963,"קופת הפנסיה לעובדי הדסה בע""מ",new_item,https://amitim.com/keren/investment_policy_makefet_provident_fund/,מידע סטטיסטי,https://amitim.com/keren/statistical_information_nativ_pension_fund/
2026-09-30T22:38:47+00:00,520022963,"קופת הפנסיה לעובדי הדסה בע""מ",new_item,https://amitim.com/keren/investment_policy_makefet_provident_fund/,מידע סטטיסטי,https://amitim.com/keren/statistical_information_egged_pension_fund/
2026-09-30T22:38:47+00:00,520022963,"קופת הפנסיה לעובדי הדסה בע""מ",new_item,https://amitim.com/keren/investment_policy_makefet_provident_fund/,מידע סטטיסטי,https://amitim.com/keren/statistical_information_hadassah_pension_fund/
2026-09-30T22:38:47+00:00,520022963,"קופת הפנסיה לעובדי הדסה בע""מ",new_item,https://amitim.com/keren/investment_policy_makefet_provident_fund/,יציאה לפנסיה,https://amitim.com/info-center/amitim/retirement/
2026-09-30T22:38:47+00:00,520022963,"קופת הפנסיה לעובדי הדסה בע""מ",new_item,https://amitim.com/keren/investment_policy_makefet_provident_fund/,חקלאים,https://amitim.com/keren/about_the_fund_farmers_pension_fund/
2026-09-30T22:38:47+00:00,520022963,"קופת הפנסיה לעובדי הדסה בע""מ",new_item,https://amitim.com/keren/investment_policy_makefet_provident_fund/,הצבעות באסיפות,https://amitim.com/keren/voting_at_meetings_pension_insurers/
2026-09-30T22:38:47+00:00,520022963,"קופת הפנסיה לעובדי הדסה בע""מ",new_item,https://amitim.com/keren/investment_policy_makefet_provident_fund/,הצבעות באסיפות,https://amitim.com/keren/voting_at_meetings_provident_insurance/
2026-09-30T22:38:47+00:00,520022963,"קופת הפנסיה לעובדי הדסה בע""מ",new_item,https://amitim.com/keren/investment_policy_makefet_provident_fund/,הצבעות באסיפות,https://amitim.com/keren/voting_at_meetings_pension_fund_circle/
2026-09-30T22:38:47+00:00,520022963,"קופת הפנסיה לעובדי הדסה בע""מ",new_item,https://amitim.com/keren/investment_policy_makefet_provident_fund/,הצבעות באסיפות,https://amitim.com/keren/voting_at_meetings_provident_fund_circle/
2026-09-30T22:38:47+00:00,520022963,"קופת הפנסיה לעובדי הדסה בע""מ",new_item,https://amitim.com/keren/investment_policy_makefet_provident_fund/,הצבעות באסיפות,https://amitim.com/keren/voting_at_meetings_farmers_pension_fund/
2026-09-30T22:38:47+00:00,520022963,"קופת הפנסיה לעובדי הדסה בע""מ",new_item,https://amitim.com/keren/investment_policy_makefet_provident_fund/,הצבעות באסיפות,https://amitim.com/keren/voting_at_meetings_farmers_provident_fund/
2026-09-30T22:38:47+00:00,520022963,"קופת הפנסיה לעובדי הדסה בע""מ",new_item,https://amitim.com/keren/investment_policy_makefet_provident_fund/,הצבעות באסיפות,https://amitim.com/keren/voting_at_meetings_pension_fund_building/
2026-09-30T22:38:47+00:00,520022963,"קופת הפנסיה לעובדי הדסה בע""מ",new_item,https://amitim.com/keren/investment_policy_makefet_provident_fund/,הצבעות באסיפות,https://amitim.com/keren/voting_at_meetings_provident_fund-building/
2026-09-30T22:38:47+00:00,520022963,"קופת הפנסיה לעובדי הדסה בע""מ",new_item,https://amitim.com/keren/investment_policy_makefet_provident_fund/,הצבעות באסיפות,https://amitim.com/keren/voting_at_meetings_kgm_pension-fund/
2026-09-30T22:38:47+00:00,520022963,"קופת הפנסיה לעובדי הדסה בע""מ",new_item,https://amitim.com/keren/investment_policy_makefet_provident_fund/,הצבעות באסיפות,https://amitim.com/keren/voting_at_meetings_nativ_pension_fund/
2026-09-30T22:38:47+00:00,520022963,"קופת הפנסיה לעובדי הדסה בע""מ",new_item,https://amitim.com/keren/investment_policy_makefet_provident_fund/,הצבעות באסיפות,https://amitim.com/keren/voting_at_meetings_egged_pension_fund/
2026-09-30T22:38:47+00:00,520022963,"קופת הפנסיה לעובדי הדסה בע""מ",new_item,https://amitim.com/keren/investment_policy_makefet_provident_fund/,הצבעות באסיפות,https://amitim.com/keren/voting_at_meetings_hadassah_pension_fund/
2026-09-30T22:38:47+00:00,520022963,"קופת הפנסיה לעובדי הדסה בע""מ",new_item,https://amitim.com/keren/investment_policy_makefet_provident_fund/,הפנסיה שלי,https://amitim.com/info-center/retirees/my_pension/
2026-09-30T22:38:47+00:00,520022963,"קופת הפנסיה לעובדי הדסה בע""מ",new_item,https://amitim.com/keren/investment_policy_makefet_provident_fund/,החוק לחלוקת חיסכון פנסיוני,https://amitim.com/info-center/amitim/distribution_of_pension_savings/
2026-09-30T22:38:47+00:00,520022963,"קופת הפנסיה לעובדי הדסה בע""מ",new_item,https://amitim.com/keren/investment_policy_makefet_provident_fund/,הדסה,https://amitim.com/keren/about-_he_fund_hadassah_pension_fund/
2026-09-30T22:38:47+00:00,520022963,"קופת הפנסיה לעובדי הדסה בע""מ",new_item,https://amitim.com/keren/investment_policy_makefet_provident_fund/,דוחות כספיים,https://amitim.com/keren/financial_statements_provident_fund_insurers/
2026-09-30T22:38:47+00:00,520022963,"קופת הפנסיה לעובדי הדסה בע""מ",new_item,https://amitim.com/keren/investment_policy_makefet_provident_fund/,דוחות כספיים,https://amitim.com/keren/financial_statements_pension_fund_overview/
2026-09-30T22:38:47+00:00,520022963,"קופת הפנסיה לעובדי הדסה בע""מ",new_item,https://amitim.com/keren/investment_policy_makefet_provident_fund/,דוחות כספיים,https://amitim.com/keren/financial_statements_provident_fund_circle/
2026-09-30T22:38:47+00:00,520022963,"קופת הפנסיה לעובדי הדסה בע""מ",new_item,https://amitim.com/keren/investment_policy_makefet_provident_fund/,גורמים קשורים,https://amitim.com/keren/related_parties_provident_fund_insurers/
2026-09-30T22:38:47+00:00,520022963,"קופת הפנסיה לעובדי הדסה בע""מ",new_item,https://amitim.com/keren/investment_policy_makefet_provident_fund/,גורמים קשורים,https://amitim.com/keren/related_factors_pension_fund_circle/
2026-09-30T22:38:47+00:00,520022963,"קופת הפנסיה לעובדי הדסה בע""מ",new_item,https://amitim.com/keren/investment_policy_makefet_provident_fund/,גורמים קשורים,https://amitim.com/keren/related_factors_provident_fund_circle/
2026-09-30T22:38:47+00:00,520022963,"קופת הפנסיה לעובדי הדסה בע""מ",new_item,https://amitim.com/keren/investment_policy_makefet_provident_fund/,גורמים קשורים,https://amitim.com/keren/related_entities_farmers_pension_fund/
2026-09-30T22:38:47+00:00,520022963,"קופת הפנסיה לעובדי הדסה בע""מ",new_item,https://amitim.com/keren/investment_policy_makefet_provident_fund/,גורמים קשורים,https://amitim.com/keren/related_entities_farmers_provident_fund/
2026-09-30T22:38:47+00:00,520022963,"קופת הפנסיה לעובדי הדסה בע""מ",new_item,https://amitim.com/keren/investment_policy_makefet_provident_fund/,גורמים קשורים,https://amitim.com/keren/related_factors_pension_fund_building/
2026-09-30T22:38:47+00:00,520022963,"קופת הפנסיה לעובדי הדסה בע""מ",new_item,https://amitim.com/keren/investment_policy_makefet_provident_fund/,גורמים קשורים,https://amitim.com/keren/related_entities_provident_fund_building/
2026-09-30T22:38:47+00:00,520022963,"קופת הפנסיה לעובדי הדסה בע""מ",new_item,https://amitim.com/keren/investment_policy_makefet_provident_fund/,גורמים קשורים,https://amitim.com/keren/related_entities_kgm_pension_fund/
2026-09-30T22:38:47+00:00,520022963,"קופת הפנסיה לעובדי הדסה בע""מ",new_item,https://amitim.com/keren/investment_policy_makefet_provident_fund/,גורמים קשורים,https://amitim.com/keren/related_entities_nativ_pension_fund/
2026-09-30T22:38:47+00:00,520022963,"קופת הפנסיה לעובדי הדסה בע""מ",new_item,https://amitim.com/keren/investment_policy_makefet_provident_fund/,גורמים קשורים,https://amitim.com/keren/related_parties_egged_pension_fund/
2026-09-30T22:38:47+00:00,520022963,"קופת הפנסיה לעובדי הדסה בע""מ",new_item,https://amitim.com/keren/investment_policy_makefet_provident_fund/,גורמים קשורים,https://amitim.com/keren/related_entities_hadassah_pension_fund/
2026-09-30T22:38:47+00:00,520022963,"קופת הפנסיה לעובדי הדסה בע""מ",new_item,https://amitim.com/keren/investment_policy_makefet_provident_fund/,בניין,https://amitim.com/keren/about_the_fund_pension_fund_building/
2026-09-30T22:38:47+00:00,520022963,"קופת הפנסיה לעובדי הדסה בע""מ",new_item,https://amitim.com/keren/investment_policy_makefet_provident_fund/,אודות הקרן,https://amitim.com/keren/about_the_fund_mivtachim_provident_fund/
2026-09-30T22:38:47+00:00,520022963,"קופת הפנסיה לעובדי הדסה בע""מ",new_item,https://amitim.com/keren/investment_policy_makefet_provident_fund/,אודות הקרן,https://amitim.com/keren/about_the_fund_kgm_pension_fund/
2026-09-30T22:38:47+00:00,520022963,"קופת הפנסיה לעובדי הדסה בע""מ",new_item,https://amitim.com/keren/investment_policy_makefet_provident_fund/,אודות הקופה,https://amitim.com/keren/about_the_fund_farmers_provident_fund/
2026-09-30T22:38:47+00:00,520022963,"קופת הפנסיה לעובדי הדסה בע""מ",new_item,https://amitim.com/keren/investment_policy_makefet_provident_fund/,אודות הקופה,https://amitim.com/keren/about_the_fund_provident_fund_building/
2026-09-30T22:38:47+00:00,520022963,"קופת הפנסיה לעובדי הדסה בע""מ",new_item,https://amitim.com/keren/investment_policy_makefet_provident_fund/,אגד,https://amitim.com/keren/about_the_fund_egged_pension_fund/
2026-09-30T22:38:47+00:00,520022963,"קופת הפנסיה לעובדי הדסה בע""מ",new_item,https://amitim.com/keren/investment_policy_farmers_pension_fund/,קצבת שארים,https://amitim.com/info-center/amitim/survivors_pension/
2026-09-30T22:38:47+00:00,520022963,"קופת הפנסיה לעובדי הדסה בע""מ",new_item,https://amitim.com/keren/investment_policy_farmers_pension_fund/,קצבת נכות,https://amitim.com/info-center/amitim/disability-pension/
2026-09-30T22:38:47+00:00,520022963,"קופת הפנסיה לעובדי הדסה בע""מ",new_item,https://amitim.com/keren/investment_policy_farmers_pension_fund/,פרישה לפנסיה,https://amitim.com/info-center/employers/retirement/
2026-09-30T22:38:47+00:00,520022963,"קופת הפנסיה לעובדי הדסה בע""מ",new_item,https://amitim.com/keren/investment_policy_farmers_pension_fund/,נתיב,https://amitim.com/keren/about_the_fund_nativ_pension_fund/
2026-09-30T22:38:47+00:00,520022963,"קופת הפנסיה לעובדי הדסה בע""מ",new_item,https://amitim.com/keren/investment_policy_farmers_pension_fund/,נכסי הקרן,https://amitim.com/keren/fund_assets_makefet_pension_fund/
2026-09-30T22:38:47+00:00,520022963,"קופת הפנסיה לעובדי הדסה בע""מ",new_item,https://amitim.com/keren/investment_policy_farmers_pension_fund/,נכסי הקרן,https://amitim.com/keren/fund_assets_farmers_pension_fund/
2026-09-30T22:38:47+00:00,520022963,"קופת הפנסיה לעובדי הדסה בע""מ",new_item,https://amitim.com/keren/investment_policy_farmers_pension_fund/,נכסי הקרן,https://amitim.com/keren/fund_assets_pension_fund_building/
2026-09-30T22:38:47+00:00,520022963,"קופת הפנסיה לעובדי הדסה בע""מ",new_item,https://amitim.com/keren/investment_policy_farmers_pension_fund/,נכסי הקרן,https://amitim.com/keren/fund_assets_kgm_pension_fund/
2026-09-30T22:38:47+00:00,520022963,"קופת הפנסיה לעובדי הדסה בע""מ",new_item,https://amitim.com/keren/investment_policy_farmers_pension_fund/,נכסי הקרן,https://amitim.com/keren/fund_assets_nativ_pension_fund/
2026-09-30T22:38:47+00:00,520022963,"קופת הפנסיה לעובדי הדסה בע""מ",new_item,https://amitim.com/keren/investment_policy_farmers_pension_fund/,נכסי הקרן,https://amitim.com/keren/fund_assets_egged_pension_fund/
2026-09-30T22:38:47+00:00,520022963,"קופת הפנסיה לעובדי הדסה בע""מ",new_item,https://amitim.com/keren/investment_policy_farmers_pension_fund/,נכסי הקרן,https://amitim.com/keren/fund_assets_hadassah_pension_fund/
2026-09-30T22:38:47+00:00,520022963,"קופת הפנסיה לעובדי הדסה בע""מ",new_item,https://amitim.com/keren/investment_policy_farmers_pension_fund/,נכסי הקופה,https://amitim.com/keren/fund_assets_provident_fund_insurers/
2026-09-30T22:38:47+00:00,520022963,"קופת הפנסיה לעובדי הדסה בע""מ",new_item,https://amitim.com/keren/investment_policy_farmers_pension_fund/,נכסי הקופה,https://amitim.com/keren/fund_assets_makefet_provident_fund/
2026-09-30T22:38:47+00:00,520022963,"קופת הפנסיה לעובדי הדסה בע""מ",new_item,https://amitim.com/keren/investment_policy_farmers_pension_fund/,נכסי הקופה,https://amitim.com/keren/fund_assets_farmers_provident_fund/
2026-09-30T22:38:47+00:00,520022963,"קופת הפנסיה לעובדי הדסה בע""מ",new_item,https://amitim.com/keren/investment_policy_farmers_pension_fund/,נכסי הקופה,https://amitim.com/keren/fund_assets_provident_fund_building/
2026-09-30T22:38:47+00:00,520022963,"קופת הפנסיה לעובדי הדסה בע""מ",new_item,https://amitim.com/keren/investment_policy_farmers_pension_fund/,משיכת כספים של עמית שנפטר,https://amitim.com/keren/withdrawing_funds_from_a_deceased_colleague_farmers_provident_fund/
2026-09-30T22:38:47+00:00,520022963,"קופת הפנסיה לעובדי הדסה בע""מ",new_item,https://amitim.com/keren/investment_policy_farmers_pension_fund/,משיכת כספים של עמית שנפטר,https://amitim.com/keren/withdrawing_funds_from_a_deceased-colleague_provident_fund_building/
2026-09-30T22:38:47+00:00,520022963,"קופת הפנסיה לעובדי הדסה בע""מ",new_item,https://amitim.com/keren/investment_policy_farmers_pension_fund/,מקפת,https://amitim.com/keren/about_the_fund_makefet_pension_fund/
2026-09-30T22:38:47+00:00,520022963,"קופת הפנסיה לעובדי הדסה בע""מ",new_item,https://amitim.com/keren/investment_policy_farmers_pension_fund/,מידע סטטיסטי,https://amitim.com/keren/statistical_information_pension_insurers/
2026-09-30T22:38:47+00:00,520022963,"קופת הפנסיה לעובדי הדסה בע""מ",new_item,https://amitim.com/keren/investment_policy_farmers_pension_fund/,מידע סטטיסטי,https://amitim.com/keren/statistical_information_pension_fund_circle/
2026-09-30T22:38:47+00:00,520022963,"קופת הפנסיה לעובדי הדסה בע""מ",new_item,https://amitim.com/keren/investment_policy_farmers_pension_fund/,מידע סטטיסטי,https://amitim.com/keren/statistical_information_farmers_pension_fund/
2026-09-30T22:38:47+00:00,520022963,"קופת הפנסיה לעובדי הדסה בע""מ",new_item,https://amitim.com/keren/investment_policy_farmers_pension_fund/,מידע סטטיסטי,https://amitim.com/statistical_information_pension_fund_building/
2026-09-30T22:38:47+00:00,520022963,"קופת הפנסיה לעובדי הדסה בע""מ",new_item,https://amitim.com/keren/investment_policy_farmers_pension_fund/,מידע סטטיסטי,https://amitim.com/keren/statistical_information_kgm_pension_fund/
2026-09-30T22:38:47+00:00,520022963,"קופת הפנסיה לעובדי הדסה בע""מ",new_item,https://amitim.com/keren/investment_policy_farmers_pension_fund/,מידע סטטיסטי,https://amitim.com/keren/statistical_information_nativ_pension_fund/
2026-09-30T22:38:47+00:00,520022963,"קופת הפנסיה לעובדי הדסה בע""מ",new_item,https://amitim.com/keren/investment_policy_farmers_pension_fund/,מידע סטטיסטי,https://amitim.com/keren/statistical_information_egged_pension_fund/
2026-09-30T22:38:47+00:00,520022963,"קופת הפנסיה לעובדי הדסה בע""מ",new_item,https://amitim.com/keren/investment_policy_farmers_pension_fund/,מידע סטטיסטי,https://amitim.com/keren/statistical_information_hadassah_pension_fund/
2026-09-30T22:38:47+00:00,520022963,"קופת הפנסיה לעובדי הדסה בע""מ",new_item,https://amitim.com/keren/investment_policy_farmers_pension_fund/,יציאה לפנסיה,https://amitim.com/info-center/amitim/retirement/
2026-09-30T22:38:47+00:00,520022963,"קופת הפנסיה לעובדי הדסה בע""מ",new_item,https://amitim.com/keren/investment_policy_farmers_pension_fund/,חקלאים קופת גמל,https://amitim.com/keren/about_the_fund_farmers_provident_fund/
2026-09-30T22:38:47+00:00,520022963,"קופת הפנסיה לעובדי הדסה בע""מ",new_item,https://amitim.com/keren/investment_policy_farmers_pension_fund/,חקלאים,https://amitim.com/keren/about_the_fund_farmers_pension_fund/
2026-09-30T22:38:47+00:00,520022963,"קופת הפנסיה לעובדי הדסה בע""מ",new_item,https://amitim.com/keren/investment_policy_farmers_pension_fund/,הצבעות באסיפות,https://amitim.com/keren/voting_at_meetings_pension_insurers/
2026-09-30T22:38:47+00:00,520022963,"קופת הפנסיה לעובדי הדסה בע""מ",new_item,https://amitim.com/keren/investment_policy_farmers_pension_fund/,הצבעות באסיפות,https://amitim.com/keren/voting_at_meetings_provident_insurance/
2026-09-30T22:38:47+00:00,520022963,"קופת הפנסיה לעובדי הדסה בע""מ",new_item,https://amitim.com/keren/investment_policy_farmers_pension_fund/,הצבעות באסיפות,https://amitim.com/keren/voting_at_meetings_pension_fund_circle/
2026-09-30T22:38:47+00:00,520022963,"קופת הפנסיה לעובדי הדסה בע""מ",new_item,https://amitim.com/keren/investment_policy_farmers_pension_fund/,הצבעות באסיפות,https://amitim.com/keren/voting_at_meetings_provident_fund_circle/
2026-09-30T22:38:47+00:00,520022963,"קופת הפנסיה לעובדי הדסה בע""מ",new_item,https://amitim.com/keren/investment_policy_farmers_pension_fund/,הצבעות באסיפות,https://amitim.com/keren/voting_at_meetings_farmers_pension_fund/
2026-09-30T22:38:47+00:00,520022963,"קופת הפנסיה לעובדי הדסה בע""מ",new_item,https://amitim.com/keren/investment_policy_farmers_pension_fund/,הצבעות באסיפות,https://amitim.com/keren/voting_at_meetings_farmers_provident_fund/
2026-09-30T22:38:47+00:00,520022963,"קופת הפנסיה לעובדי הדסה בע""מ",new_item,https://amitim.com/keren/investment_policy_farmers_pension_fund/,הצבעות באסיפות,https://amitim.com/keren/voting_at_meetings_pension_fund_building/
2026-09-30T22:38:47+00:00,520022963,"קופת הפנסיה לעובדי הדסה בע""מ",new_item,https://amitim.com/keren/investment_policy_farmers_pension_fund/,הצבעות באסיפות,https://amitim.com/keren/voting_at_meetings_provident_fund-building/
2026-09-30T22:38:47+00:00,520022963,"קופת הפנסיה לעובדי הדסה בע""מ",new_item,https://amitim.com/keren/investment_policy_farmers_pension_fund/,הצבעות באסיפות,https://amitim.com/keren/voting_at_meetings_kgm_pension-fund/
2026-09-30T22:38:47+00:00,520022963,"קופת הפנסיה לעובדי הדסה בע""מ",new_item,https://amitim.com/keren/investment_policy_farmers_pension_fund/,הצבעות באסיפות,https://amitim.com/keren/voting_at_meetings_nativ_pension_fund/
2026-09-30T22:38:47+00:00,520022963,"קופת הפנסיה לעובדי הדסה בע""מ",new_item,https://amitim.com/keren/investment_policy_farmers_pension_fund/,הצבעות באסיפות,https://amitim.com/keren/voting_at_meetings_egged_pension_fund/
2026-09-30T22:38:47+00:00,520022963,"קופת הפנסיה לעובדי הדסה בע""מ",new_item,https://amitim.com/keren/investment_policy_farmers_pension_fund/,הצבעות באסיפות,https://amitim.com/keren/voting_at_meetings_hadassah_pension_fund/
2026-09-30T22:38:47+00:00,520022963,"קופת הפנסיה לעובדי הדסה בע""מ",new_item,https://amitim.com/keren/investment_policy_farmers_pension_fund/,הפנסיה שלי,https://amitim.com/info-center/retirees/my_pension/
2026-09-30T22:38:47+00:00,520022963,"קופת הפנסיה לעובדי הדסה בע""מ",new_item,https://amitim.com/keren/investment_policy_farmers_pension_fund/,החוק לחלוקת חיסכון פנסיוני,https://amitim.com/info-center/amitim/distribution_of_pension_savings/
2026-09-30T22:38:47+00:00,520022963,"קופת הפנסיה לעובדי הדסה בע""מ",new_item,https://amitim.com/keren/investment_policy_farmers_pension_fund/,הדסה,https://amitim.com/keren/about-_he_fund_hadassah_pension_fund/
2026-09-30T22:38:47+00:00,520022963,"קופת הפנסיה לעובדי הדסה בע""מ",new_item,https://amitim.com/keren/investment_policy_farmers_pension_fund/,דוחות כספיים,https://amitim.com/keren/financial_statements_provident_fund_insurers/
2026-09-30T22:38:47+00:00,520022963,"קופת הפנסיה לעובדי הדסה בע""מ",new_item,https://amitim.com/keren/investment_policy_farmers_pension_fund/,דוחות כספיים,https://amitim.com/keren/financial_statements_pension_fund_overview/
2026-09-30T22:38:47+00:00,520022963,"קופת הפנסיה לעובדי הדסה בע""מ",new_item,https://amitim.com/keren/investment_policy_farmers_pension_fund/,דוחות כספיים,https://amitim.com/keren/financial_statements_provident_fund_circle/
2026-09-30T22:38:47+00:00,520022963,"קופת הפנסיה לעובדי הדסה בע""מ",new_item,https://amitim.com/keren/investment_policy_farmers_pension_fund/,דוחות כספיים,https://amitim.com/keren/financial_statements_farmers_pension_fund/
2026-09-30T22:38:47+00:00,520022963,"קופת הפנסיה לעובדי הדסה בע""מ",new_item,https://amitim.com/keren/investment_policy_farmers_pension_fund/,גורמים קשורים,https://amitim.com/keren/related_parties_provident_fund_insurers/
2026-09-30T22:38:47+00:00,520022963,"קופת הפנסיה לעובדי הדסה בע""מ",new_item,https://amitim.com/keren/investment_policy_farmers_pension_fund/,גורמים קשורים,https://amitim.com/keren/related_factors_pension_fund_circle/
2026-09-30T22:38:47+00:00,520022963,"קופת הפנסיה לעובדי הדסה בע""מ",new_item,https://amitim.com/keren/investment_policy_farmers_pension_fund/,גורמים קשורים,https://amitim.com/keren/related_factors_provident_fund_circle/
2026-09-30T22:38:47+00:00,520022963,"קופת הפנסיה לעובדי הדסה בע""מ",new_item,https://amitim.com/keren/investment_policy_farmers_pension_fund/,גורמים קשורים,https://amitim.com/keren/related_entities_farmers_pension_fund/
2026-09-30T22:38:47+00:00,520022963,"קופת הפנסיה לעובדי הדסה בע""מ",new_item,https://amitim.com/keren/investment_policy_farmers_pension_fund/,גורמים קשורים,https://amitim.com/keren/related_entities_farmers_provident_fund/
2026-09-30T22:38:47+00:00,520022963,"קופת הפנסיה לעובדי הדסה בע""מ",new_item,https://amitim.com/keren/investment_policy_farmers_pension_fund/,גורמים קשורים,https://amitim.com/keren/related_factors_pension_fund_building/
2026-09-30T22:38:47+00:00,520022963,"קופת הפנסיה לעובדי הדסה בע""מ",new_item,https://amitim.com/keren/investment_policy_farmers_pension_fund/,גורמים קשורים,https://amitim.com/keren/related_entities_provident_fund_building/
2026-09-30T22:38:47+00:00,520022963,"קופת הפנסיה לעובדי הדסה בע""מ",new_item,https://amitim.com/keren/investment_policy_farmers_pension_fund/,גורמים קשורים,https://amitim.com/keren/related_entities_kgm_pension_fund/
2026-09-30T22:38:47+00:00,520022963,"קופת הפנסיה לעובדי הדסה בע""מ",new_item,https://amitim.com/keren/investment_policy_farmers_pension_fund/,גורמים קשורים,https://amitim.com/keren/related_entities_nativ_pension_fund/
2026-09-30T22:38:47+00:00,520022963,"קופת הפנסיה לעובדי הדסה בע""מ",new_item,https://amitim.com/keren/investment_policy_farmers_pension_fund/,גורמים קשורים,https://amitim.com/keren/related_parties_egged_pension_fund/
2026-09-30T22:38:47+00:00,520022963,"קופת הפנסיה לעובדי הדסה בע""מ",new_item,https://amitim.com/keren/investment_policy_farmers_pension_fund/,גורמים קשורים,https://amitim.com/keren/related_entities_hadassah_pension_fund/
2026-09-30T22:38:47+00:00,520022963,"קופת הפנסיה לעובדי הדסה בע""מ",new_item,https://amitim.com/keren/investment_policy_farmers_pension_fund/,בניין,https://amitim.com/keren/about_the_fund_pension_fund_building/
2026-09-30T22:38:47+00:00,520022963,"קופת הפנסיה לעובדי הדסה בע""מ",new_item,https://amitim.com/keren/investment_policy_farmers_pension_fund/,אודות הקרן,https://amitim.com/keren/about_the_fund_mivtachim_provident_fund/
2026-09-30T22:38:47+00:00,520022963,"קופת הפנסיה לעובדי הדסה בע""מ",new_item,https://amitim.com/keren/investment_policy_farmers_pension_fund/,אודות הקרן,https://amitim.com/keren/about_the_fund_makefet_provident_fund/
2026-09-30T22:38:47+00:00,520022963,"קופת הפנסיה לעובדי הדסה בע""מ",new_item,https://amitim.com/keren/investment_policy_farmers_pension_fund/,אודות הקרן,https://amitim.com/keren/about_the_fund_kgm_pension_fund/
2026-09-30T22:38:47+00:00,520022963,"קופת הפנסיה לעובדי הדסה בע""מ",new_item,https://amitim.com/keren/investment_policy_farmers_pension_fund/,אודות הקופה,https://amitim.com/keren/about_the_fund_provident_fund_building/
2026-09-30T22:38:47+00:00,520022963,"קופת הפנסיה לעובדי הדסה בע""מ",new_item,https://amitim.com/keren/investment_policy_farmers_pension_fund/,אגד,https://amitim.com/keren/about_the_fund_egged_pension_fund/
2026-09-30T22:38:47+00:00,520022963,"קופת הפנסיה לעובדי הדסה בע""מ",new_item,https://amitim.com/keren/investment_policy_farmers_provident_fund/,קצבת שארים,https://amitim.com/info-center/amitim/survivors_pension/
2026-09-30T22:38:47+00:00,520022963,"קופת הפנסיה לעובדי הדסה בע""מ",new_item,https://amitim.com/keren/investment_policy_farmers_provident_fund/,קצבת נכות,https://amitim.com/info-center/amitim/disability-pension/
2026-09-30T22:38:47+00:00,520022963,"קופת הפנסיה לעובדי הדסה בע""מ",new_item,https://amitim.com/keren/investment_policy_farmers_provident_fund/,פרישה לפנסיה,https://amitim.com/info-center/employers/retirement/
2026-09-30T22:38:47+00:00,520022963,"קופת הפנסיה לעובדי הדסה בע""מ",new_item,https://amitim.com/keren/investment_policy_farmers_provident_fund/,נתיב,https://amitim.com/keren/about_the_fund_nativ_pension_fund/
2026-09-30T22:38:47+00:00,520022963,"קופת הפנסיה לעובדי הדסה בע""מ",new_item,https://amitim.com/keren/investment_policy_farmers_provident_fund/,נכסי הקרן,https://amitim.com/keren/fund_assets_makefet_pension_fund/
2026-09-30T22:38:47+00:00,520022963,"קופת הפנסיה לעובדי הדסה בע""מ",new_item,https://amitim.com/keren/investment_policy_farmers_provident_fund/,נכסי הקרן,https://amitim.com/keren/fund_assets_farmers_pension_fund/
2026-09-30T22:38:47+00:00,520022963,"קופת הפנסיה לעובדי הדסה בע""מ",new_item,https://amitim.com/keren/investment_policy_farmers_provident_fund/,נכסי הקרן,https://amitim.com/keren/fund_assets_pension_fund_building/
2026-09-30T22:38:47+00:00,520022963,"קופת הפנסיה לעובדי הדסה בע""מ",new_item,https://amitim.com/keren/investment_policy_farmers_provident_fund/,נכסי הקרן,https://amitim.com/keren/fund_assets_kgm_pension_fund/
2026-09-30T22:38:47+00:00,520022963,"קופת הפנסיה לעובדי הדסה בע""מ",new_item,https://amitim.com/keren/investment_policy_farmers_provident_fund/,נכסי הקרן,https://amitim.com/keren/fund_assets_nativ_pension_fund/
2026-09-30T22:38:47+00:00,520022963,"קופת הפנסיה לעובדי הדסה בע""מ",new_item,https://amitim.com/keren/investment_policy_farmers_provident_fund/,נכסי הקרן,https://amitim.com/keren/fund_assets_egged_pension_fund/
2026-09-30T22:38:47+00:00,520022963,"קופת הפנסיה לעובדי הדסה בע""מ",new_item,https://amitim.com/keren/investment_policy_farmers_provident_fund/,נכסי הקרן,https://amitim.com/keren/fund_assets_hadassah_pension_fund/
2026-09-30T22:38:47+00:00,520022963,"קופת הפנסיה לעובדי הדסה בע""מ",new_item,https://amitim.com/keren/investment_policy_farmers_provident_fund/,נכסי הקופה,https://amitim.com/keren/fund_assets_provident_fund_insurers/
2026-09-30T22:38:47+00:00,520022963,"קופת הפנסיה לעובדי הדסה בע""מ",new_item,https://amitim.com/keren/investment_policy_farmers_provident_fund/,נכסי הקופה,https://amitim.com/keren/fund_assets_makefet_provident_fund/
2026-09-30T22:38:47+00:00,520022963,"קופת הפנסיה לעובדי הדסה בע""מ",new_item,https://amitim.com/keren/investment_policy_farmers_provident_fund/,נכסי הקופה,https://amitim.com/keren/fund_assets_farmers_provident_fund/
2026-09-30T22:38:47+00:00,520022963,"קופת הפנסיה לעובדי הדסה בע""מ",new_item,https://amitim.com/keren/investment_policy_farmers_provident_fund/,נכסי הקופה,https://amitim.com/keren/fund_assets_provident_fund_building/
2026-09-30T22:38:47+00:00,520022963,"קופת הפנסיה לעובדי הדסה בע""מ",new_item,https://amitim.com/keren/investment_policy_farmers_provident_fund/,משיכת כספים של עמית שנפטר,https://amitim.com/keren/withdrawing_funds_from_a_deceased_colleague_farmers_provident_fund/
2026-09-30T22:38:47+00:00,520022963,"קופת הפנסיה לעובדי הדסה בע""מ",new_item,https://amitim.com/keren/investment_policy_farmers_provident_fund/,משיכת כספים של עמית שנפטר,https://amitim.com/keren/withdrawing_funds_from_a_deceased-colleague_provident_fund_building/
2026-09-30T22:38:47+00:00,520022963,"קופת הפנסיה לעובדי הדסה בע""מ",new_item,https://amitim.com/keren/investment_policy_farmers_provident_fund/,מקפת,https://amitim.com/keren/about_the_fund_makefet_pension_fund/
2026-09-30T22:38:47+00:00,520022963,"קופת הפנסיה לעובדי הדסה בע""מ",new_item,https://amitim.com/keren/investment_policy_farmers_provident_fund/,מידע סטטיסטי,https://amitim.com/keren/statistical_information_pension_insurers/
2026-09-30T22:38:47+00:00,520022963,"קופת הפנסיה לעובדי הדסה בע""מ",new_item,https://amitim.com/keren/investment_policy_farmers_provident_fund/,מידע סטטיסטי,https://amitim.com/keren/statistical_information_pension_fund_circle/
2026-09-30T22:38:47+00:00,520022963,"קופת הפנסיה לעובדי הדסה בע""מ",new_item,https://amitim.com/keren/investment_policy_farmers_provident_fund/,מידע סטטיסטי,https://amitim.com/keren/statistical_information_farmers_pension_fund/
2026-09-30T22:38:47+00:00,520022963,"קופת הפנסיה לעובדי הדסה בע""מ",new_item,https://amitim.com/keren/investment_policy_farmers_provident_fund/,מידע סטטיסטי,https://amitim.com/statistical_information_pension_fund_building/
2026-09-30T22:38:47+00:00,520022963,"קופת הפנסיה לעובדי הדסה בע""מ",new_item,https://amitim.com/keren/investment_policy_farmers_provident_fund/,מידע סטטיסטי,https://amitim.com/keren/statistical_information_kgm_pension_fund/
2026-09-30T22:38:47+00:00,520022963,"קופת הפנסיה לעובדי הדסה בע""מ",new_item,https://amitim.com/keren/investment_policy_farmers_provident_fund/,מידע סטטיסטי,https://amitim.com/keren/statistical_information_nativ_pension_fund/
2026-09-30T22:38:47+00:00,520022963,"קופת הפנסיה לעובדי הדסה בע""מ",new_item,https://amitim.com/keren/investment_policy_farmers_provident_fund/,מידע סטטיסטי,https://amitim.com/keren/statistical_information_egged_pension_fund/
2026-09-30T22:38:47+00:00,520022963,"קופת הפנסיה לעובדי הדסה בע""מ",new_item,https://amitim.com/keren/investment_policy_farmers_provident_fund/,מידע סטטיסטי,https://amitim.com/keren/statistical_information_hadassah_pension_fund/
2026-09-30T22:38:47+00:00,520022963,"קופת הפנסיה לעובדי הדסה בע""מ",new_item,https://amitim.com/keren/investment_policy_farmers_provident_fund/,יציאה לפנסיה,https://amitim.com/info-center/amitim/retirement/
2026-09-30T22:38:47+00:00,520022963,"קופת הפנסיה לעובדי הדסה בע""מ",new_item,https://amitim.com/keren/investment_policy_farmers_provident_fund/,חקלאים קופת גמל,https://amitim.com/keren/about_the_fund_farmers_provident_fund/
2026-09-30T22:38:47+00:00,520022963,"קופת הפנסיה לעובדי הדסה בע""מ",new_item,https://amitim.com/keren/investment_policy_farmers_provident_fund/,חקלאים,https://amitim.com/keren/about_the_fund_farmers_pension_fund/
2026-09-30T22:38:47+00:00,520022963,"קופת הפנסיה לעובדי הדסה בע""מ",new_item,https://amitim.com/keren/investment_policy_farmers_provident_fund/,הצבעות באסיפות,https://amitim.com/keren/voting_at_meetings_pension_insurers/
2026-09-30T22:38:47+00:00,520022963,"קופת הפנסיה לעובדי הדסה בע""מ",new_item,https://amitim.com/keren/investment_policy_farmers_provident_fund/,הצבעות באסיפות,https://amitim.com/keren/voting_at_meetings_provident_insurance/
2026-09-30T22:38:47+00:00,520022963,"קופת הפנסיה לעובדי הדסה בע""מ",new_item,https://amitim.com/keren/investment_policy_farmers_provident_fund/,הצבעות באסיפות,https://amitim.com/keren/voting_at_meetings_pension_fund_circle/
2026-09-30T22:38:47+00:00,520022963,"קופת הפנסיה לעובדי הדסה בע""מ",new_item,https://amitim.com/keren/investment_policy_farmers_provident_fund/,הצבעות באסיפות,https://amitim.com/keren/voting_at_meetings_provident_fund_circle/
2026-09-30T22:38:47+00:00,520022963,"קופת הפנסיה לעובדי הדסה בע""מ",new_item,https://amitim.com/keren/investment_policy_farmers_provident_fund/,הצבעות באסיפות,https://amitim.com/keren/voting_at_meetings_farmers_pension_fund/
2026-09-30T22:38:47+00:00,520022963,"קופת הפנסיה לעובדי הדסה בע""מ",new_item,https://amitim.com/keren/investment_policy_farmers_provident_fund/,הצבעות באסיפות,https://amitim.com/keren/voting_at_meetings_farmers_provident_fund/
2026-09-30T22:38:47+00:00,520022963,"קופת הפנסיה לעובדי הדסה בע""מ",new_item,https://amitim.com/keren/investment_policy_farmers_provident_fund/,הצבעות באסיפות,https://amitim.com/keren/voting_at_meetings_pension_fund_building/
2026-09-30T22:38:47+00:00,520022963,"קופת הפנסיה לעובדי הדסה בע""מ",new_item,https://amitim.com/keren/investment_policy_farmers_provident_fund/,הצבעות באסיפות,https://amitim.com/keren/voting_at_meetings_provident_fund-building/
2026-09-30T22:38:47+00:00,520022963,"קופת הפנסיה לעובדי הדסה בע""מ",new_item,https://amitim.com/keren/investment_policy_farmers_provident_fund/,הצבעות באסיפות,https://amitim.com/keren/voting_at_meetings_kgm_pension-fund/
2026-09-30T22:38:47+00:00,520022963,"קופת הפנסיה לעובדי הדסה בע""מ",new_item,https://amitim.com/keren/investment_policy_farmers_provident_fund/,הצבעות באסיפות,https://amitim.com/keren/voting_at_meetings_nativ_pension_fund/
2026-09-30T22:38:47+00:00,520022963,"קופת הפנסיה לעובדי הדסה בע""מ",new_item,https://amitim.com/keren/investment_policy_farmers_provident_fund/,הצבעות באסיפות,https://amitim.com/keren/voting_at_meetings_egged_pension_fund/
2026-09-30T22:38:47+00:00,520022963,"קופת הפנסיה לעובדי הדסה בע""מ",new_item,https://amitim.com/keren/investment_policy_farmers_provident_fund/,הצבעות באסיפות,https://amitim.com/keren/voting_at_meetings_hadassah_pension_fund/
2026-09-30T22:38:47+00:00,520022963,"קופת הפנסיה לעובדי הדסה בע""מ",new_item,https://amitim.com/keren/investment_policy_farmers_provident_fund/,הפנסיה שלי,https://amitim.com/info-center/retirees/my_pension/
2026-09-30T22:38:47+00:00,520022963,"קופת הפנסיה לעובדי הדסה בע""מ",new_item,https://amitim.com/keren/investment_policy_farmers_provident_fund/,החוק לחלוקת חיסכון פנסיוני,https://amitim.com/info-center/amitim/distribution_of_pension_savings/
2026-09-30T22:38:47+00:00,520022963,"קופת הפנסיה לעובדי הדסה בע""מ",new_item,https://amitim.com/keren/investment_policy_farmers_provident_fund/,הדסה,https://amitim.com/keren/about-_he_fund_hadassah_pension_fund/
2026-09-30T22:38:47+00:00,520022963,"קופת הפנסיה לעובדי הדסה בע""מ",new_item,https://amitim.com/keren/investment_policy_farmers_provident_fund/,דוחות כספיים,https://amitim.com/keren/financial_statements_provident_fund_insurers/
2026-09-30T22:38:47+00:00,520022963,"קופת הפנסיה לעובדי הדסה בע""מ",new_item,https://amitim.com/keren/investment_policy_farmers_provident_fund/,דוחות כספיים,https://amitim.com/keren/financial_statements_pension_fund_overview/
2026-09-30T22:38:47+00:00,520022963,"קופת הפנסיה לעובדי הדסה בע""מ",new_item,https://amitim.com/keren/investment_policy_farmers_provident_fund/,דוחות כספיים,https://amitim.com/keren/financial_statements_provident_fund_circle/
2026-09-30T22:38:47+00:00,520022963,"קופת הפנסיה לעובדי הדסה בע""מ",new_item,https://amitim.com/keren/investment_policy_farmers_provident_fund/,דוחות כספיים,https://amitim.com/keren/financial_statements_farmers_provident_fund/
2026-09-30T22:38:47+00:00,520022963,"קופת הפנסיה לעובדי הדסה בע""מ",new_item,https://amitim.com/keren/investment_policy_farmers_provident_fund/,גורמים קשורים,https://amitim.com/keren/related_parties_provident_fund_insurers/
2026-09-30T22:38:47+00:00,520022963,"קופת הפנסיה לעובדי הדסה בע""מ",new_item,https://amitim.com/keren/investment_policy_farmers_provident_fund/,גורמים קשורים,https://amitim.com/keren/related_factors_pension_fund_circle/
2026-09-30T22:38:47+00:00,520022963,"קופת הפנסיה לעובדי הדסה בע""מ",new_item,https://amitim.com/keren/investment_policy_farmers_provident_fund/,גורמים קשורים,https://amitim.com/keren/related_factors_provident_fund_circle/
2026-09-30T22:38:47+00:00,520022963,"קופת הפנסיה לעובדי הדסה בע""מ",new_item,https://amitim.com/keren/investment_policy_farmers_provident_fund/,גורמים קשורים,https://amitim.com/keren/related_entities_farmers_pension_fund/
2026-09-30T22:38:47+00:00,520022963,"קופת הפנסיה לעובדי הדסה בע""מ",new_item,https://amitim.com/keren/investment_policy_farmers_provident_fund/,גורמים קשורים,https://amitim.com/keren/related_entities_farmers_provident_fund/
2026-09-30T22:38:47+00:00,520022963,"קופת הפנסיה לעובדי הדסה בע""מ",new_item,https://amitim.com/keren/investment_policy_farmers_provident_fund/,גורמים קשורים,https://amitim.com/keren/related_factors_pension_fund_building/
2026-09-30T22:38:47+00:00,520022963,"קופת הפנסיה לעובדי הדסה בע""מ",new_item,https://amitim.com/keren/investment_policy_farmers_provident_fund/,גורמים קשורים,https://amitim.com/keren/related_entities_provident_fund_building/
2026-09-30T22:38:47+00:00,520022963,"קופת הפנסיה לעובדי הדסה בע""מ",new_item,https://amitim.com/keren/investment_policy_farmers_provident_fund/,גורמים קשורים,https://amitim.com/keren/related_entities_kgm_pension_fund/
2026-09-30T22:38:47+00:00,520022963,"קופת הפנסיה לעובדי הדסה בע""מ",new_item,https://amitim.com/keren/investment_policy_farmers_provident_fund/,גורמים קשורים,https://amitim.com/keren/related_entities_nativ_pension_fund/
2026-09-30T22:38:47+00:00,520022963,"קופת הפנסיה לעובדי הדסה בע""מ",new_item,https://amitim.com/keren/investment_policy_farmers_provident_fund/,גורמים קשורים,https://amitim.com/keren/related_parties_egged_pension_fund/
2026-09-30T22:38:47+00:00,520022963,"קופת הפנסיה לעובדי הדסה בע""מ",new_item,https://amitim.com/keren/investment_policy_farmers_provident_fund/,גורמים קשורים,https://amitim.com/keren/related_entities_hadassah_pension_fund/
2026-09-30T22:38:47+00:00,520022963,"קופת הפנסיה לעובדי הדסה בע""מ",new_item,https://amitim.com/keren/investment_policy_farmers_provident_fund/,בניין,https://amitim.com/keren/about_the_fund_pension_fund_building/
2026-09-30T22:38:47+00:00,520022963,"קופת הפנסיה לעובדי הדסה בע""מ",new_item,https://amitim.com/keren/investment_policy_farmers_provident_fund/,אודות הקרן,https://amitim.com/keren/about_the_fund_mivtachim_provident_fund/
2026-09-30T22:38:47+00:00,520022963,"קופת הפנסיה לעובדי הדסה בע""מ",new_item,https://amitim.com/keren/investment_policy_farmers_provident_fund/,אודות הקרן,https://amitim.com/keren/about_the_fund_makefet_provident_fund/
2026-09-30T22:38:47+00:00,520022963,"קופת הפנסיה לעובדי הדסה בע""מ",new_item,https://amitim.com/keren/investment_policy_farmers_provident_fund/,אודות הקרן,https://amitim.com/keren/about_the_fund_kgm_pension_fund/
2026-09-30T22:38:47+00:00,520022963,"קופת הפנסיה לעובדי הדסה בע""מ",new_item,https://amitim.com/keren/investment_policy_farmers_provident_fund/,אודות הקופה,https://amitim.com/keren/about_the_fund_provident_fund_building/
2026-09-30T22:38:47+00:00,520022963,"קופת הפנסיה לעובדי הדסה בע""מ",new_item,https://amitim.com/keren/investment_policy_farmers_provident_fund/,אגד,https://amitim.com/keren/about_the_fund_egged_pension_fund/
2026-09-30T22:38:47+00:00,520022963,"קופת הפנסיה לעובדי הדסה בע""מ",new_item,https://amitim.com/keren/investment_policy_building_a_pension_fund/,קצבת שארים,https://amitim.com/info-center/amitim/survivors_pension/
2026-09-30T22:38:47+00:00,520022963,"קופת הפנסיה לעובדי הדסה בע""מ",new_item,https://amitim.com/keren/investment_policy_building_a_pension_fund/,קצבת נכות,https://amitim.com/info-center/amitim/disability-pension/
2026-09-30T22:38:47+00:00,520022963,"קופת הפנסיה לעובדי הדסה בע""מ",new_item,https://amitim.com/keren/investment_policy_building_a_pension_fund/,פרישה לפנסיה,https://amitim.com/info-center/employers/retirement/
2026-09-30T22:38:47+00:00,520022963,"קופת הפנסיה לעובדי הדסה בע""מ",new_item,https://amitim.com/keren/investment_policy_building_a_pension_fund/,נתיב,https://amitim.com/keren/about_the_fund_nativ_pension_fund/
2026-09-30T22:38:47+00:00,520022963,"קופת הפנסיה לעובדי הדסה בע""מ",new_item,https://amitim.com/keren/investment_policy_building_a_pension_fund/,נכסי הקרן,https://amitim.com/keren/fund_assets_makefet_pension_fund/
2026-09-30T22:38:47+00:00,520022963,"קופת הפנסיה לעובדי הדסה בע""מ",new_item,https://amitim.com/keren/investment_policy_building_a_pension_fund/,נכסי הקרן,https://amitim.com/keren/fund_assets_farmers_pension_fund/
2026-09-30T22:38:47+00:00,520022963,"קופת הפנסיה לעובדי הדסה בע""מ",new_item,https://amitim.com/keren/investment_policy_building_a_pension_fund/,נכסי הקרן,https://amitim.com/keren/fund_assets_pension_fund_building/
2026-09-30T22:38:47+00:00,520022963,"קופת הפנסיה לעובדי הדסה בע""מ",new_item,https://amitim.com/keren/investment_policy_building_a_pension_fund/,נכסי הקרן,https://amitim.com/keren/fund_assets_kgm_pension_fund/
2026-09-30T22:38:47+00:00,520022963,"קופת הפנסיה לעובדי הדסה בע""מ",new_item,https://amitim.com/keren/investment_policy_building_a_pension_fund/,נכסי הקרן,https://amitim.com/keren/fund_assets_nativ_pension_fund/
2026-09-30T22:38:47+00:00,520022963,"קופת הפנסיה לעובדי הדסה בע""מ",new_item,https://amitim.com/keren/investment_policy_building_a_pension_fund/,נכסי הקרן,https://amitim.com/keren/fund_assets_egged_pension_fund/
2026-09-30T22:38:47+00:00,520022963,"קופת הפנסיה לעובדי הדסה בע""מ",new_item,https://amitim.com/keren/investment_policy_building_a_pension_fund/,נכסי הקרן,https://amitim.com/keren/fund_assets_hadassah_pension_fund/
2026-09-30T22:38:47+00:00,520022963,"קופת הפנסיה לעובדי הדסה בע""מ",new_item,https://amitim.com/keren/investment_policy_building_a_pension_fund/,נכסי הקופה,https://amitim.com/keren/fund_assets_provident_fund_insurers/
2026-09-30T22:38:47+00:00,520022963,"קופת הפנסיה לעובדי הדסה בע""מ",new_item,https://amitim.com/keren/investment_policy_building_a_pension_fund/,נכסי הקופה,https://amitim.com/keren/fund_assets_makefet_provident_fund/
2026-09-30T22:38:47+00:00,520022963,"קופת הפנסיה לעובדי הדסה בע""מ",new_item,https://amitim.com/keren/investment_policy_building_a_pension_fund/,נכסי הקופה,https://amitim.com/keren/fund_assets_farmers_provident_fund/
2026-09-30T22:38:47+00:00,520022963,"קופת הפנסיה לעובדי הדסה בע""מ",new_item,https://amitim.com/keren/investment_policy_building_a_pension_fund/,נכסי הקופה,https://amitim.com/keren/fund_assets_provident_fund_building/
2026-09-30T22:38:47+00:00,520022963,"קופת הפנסיה לעובדי הדסה בע""מ",new_item,https://amitim.com/keren/investment_policy_building_a_pension_fund/,משיכת כספים של עמית שנפטר,https://amitim.com/keren/withdrawing_funds_from_a_deceased_colleague_farmers_provident_fund/
2026-09-30T22:38:47+00:00,520022963,"קופת הפנסיה לעובדי הדסה בע""מ",new_item,https://amitim.com/keren/investment_policy_building_a_pension_fund/,משיכת כספים של עמית שנפטר,https://amitim.com/keren/withdrawing_funds_from_a_deceased-colleague_provident_fund_building/
2026-09-30T22:38:47+00:00,520022963,"קופת הפנסיה לעובדי הדסה בע""מ",new_item,https://amitim.com/keren/investment_policy_building_a_pension_fund/,מקפת,https://amitim.com/keren/about_the_fund_makefet_pension_fund/
2026-09-30T22:38:47+00:00,520022963,"קופת הפנסיה לעובדי הדסה בע""מ",new_item,https://amitim.com/keren/investment_policy_building_a_pension_fund/,מידע סטטיסטי,https://amitim.com/keren/statistical_information_pension_insurers/
2026-09-30T22:38:47+00:00,520022963,"קופת הפנסיה לעובדי הדסה בע""מ",new_item,https://amitim.com/keren/investment_policy_building_a_pension_fund/,מידע סטטיסטי,https://amitim.com/keren/statistical_information_pension_fund_circle/
2026-09-30T22:38:47+00:00,520022963,"קופת הפנסיה לעובדי הדסה בע""מ",new_item,https://amitim.com/keren/investment_policy_building_a_pension_fund/,מידע סטטיסטי,https://amitim.com/keren/statistical_information_farmers_pension_fund/
2026-09-30T22:38:47+00:00,520022963,"קופת הפנסיה לעובדי הדסה בע""מ",new_item,https://amitim.com/keren/investment_policy_building_a_pension_fund/,מידע סטטיסטי,https://amitim.com/statistical_information_pension_fund_building/
2026-09-30T22:38:47+00:00,520022963,"קופת הפנסיה לעובדי הדסה בע""מ",new_item,https://amitim.com/keren/investment_policy_building_a_pension_fund/,מידע סטטיסטי,https://amitim.com/keren/statistical_information_kgm_pension_fund/
2026-09-30T22:38:47+00:00,520022963,"קופת הפנסיה לעובדי הדסה בע""מ",new_item,https://amitim.com/keren/investment_policy_building_a_pension_fund/,מידע סטטיסטי,https://amitim.com/keren/statistical_information_nativ_pension_fund/
2026-09-30T22:38:47+00:00,520022963,"קופת הפנסיה לעובדי הדסה בע""מ",new_item,https://amitim.com/keren/investment_policy_building_a_pension_fund/,מידע סטטיסטי,https://amitim.com/keren/statistical_information_egged_pension_fund/
2026-09-30T22:38:47+00:00,520022963,"קופת הפנסיה לעובדי הדסה בע""מ",new_item,https://amitim.com/keren/investment_policy_building_a_pension_fund/,מידע סטטיסטי,https://amitim.com/keren/statistical_information_hadassah_pension_fund/
2026-09-30T22:38:47+00:00,520022963,"קופת הפנסיה לעובדי הדסה בע""מ",new_item,https://amitim.com/keren/investment_policy_building_a_pension_fund/,מידע סטטיסטי,https://amitim.com/keren/statistical_information_pension_fund_building/
2026-09-30T22:38:47+00:00,520022963,"קופת הפנסיה לעובדי הדסה בע""מ",new_item,https://amitim.com/keren/investment_policy_building_a_pension_fund/,יציאה לפנסיה,https://amitim.com/info-center/amitim/retirement/
2026-09-30T22:38:47+00:00,520022963,"קופת הפנסיה לעובדי הדסה בע""מ",new_item,https://amitim.com/keren/investment_policy_building_a_pension_fund/,חקלאים,https://amitim.com/keren/about_the_fund_farmers_pension_fund/
2026-09-30T22:38:47+00:00,520022963,"קופת הפנסיה לעובדי הדסה בע""מ",new_item,https://amitim.com/keren/investment_policy_building_a_pension_fund/,הצבעות באסיפות,https://amitim.com/keren/voting_at_meetings_pension_insurers/
2026-09-30T22:38:47+00:00,520022963,"קופת הפנסיה לעובדי הדסה בע""מ",new_item,https://amitim.com/keren/investment_policy_building_a_pension_fund/,הצבעות באסיפות,https://amitim.com/keren/voting_at_meetings_provident_insurance/
2026-09-30T22:38:47+00:00,520022963,"קופת הפנסיה לעובדי הדסה בע""מ",new_item,https://amitim.com/keren/investment_policy_building_a_pension_fund/,הצבעות באסיפות,https://amitim.com/keren/voting_at_meetings_pension_fund_circle/
2026-09-30T22:38:47+00:00,520022963,"קופת הפנסיה לעובדי הדסה בע""מ",new_item,https://amitim.com/keren/investment_policy_building_a_pension_fund/,הצבעות באסיפות,https://amitim.com/keren/voting_at_meetings_provident_fund_circle/
2026-09-30T22:38:47+00:00,520022963,"קופת הפנסיה לעובדי הדסה בע""מ",new_item,https://amitim.com/keren/investment_policy_building_a_pension_fund/,הצבעות באסיפות,https://amitim.com/keren/voting_at_meetings_farmers_pension_fund/
2026-09-30T22:38:47+00:00,520022963,"קופת הפנסיה לעובדי הדסה בע""מ",new_item,https://amitim.com/keren/investment_policy_building_a_pension_fund/,הצבעות באסיפות,https://amitim.com/keren/voting_at_meetings_farmers_provident_fund/
2026-09-30T22:38:47+00:00,520022963,"קופת הפנסיה לעובדי הדסה בע""מ",new_item,https://amitim.com/keren/investment_policy_building_a_pension_fund/,הצבעות באסיפות,https://amitim.com/keren/voting_at_meetings_pension_fund_building/
2026-09-30T22:38:47+00:00,520022963,"קופת הפנסיה לעובדי הדסה בע""מ",new_item,https://amitim.com/keren/investment_policy_building_a_pension_fund/,הצבעות באסיפות,https://amitim.com/keren/voting_at_meetings_provident_fund-building/
2026-09-30T22:38:47+00:00,520022963,"קופת הפנסיה לעובדי הדסה בע""מ",new_item,https://amitim.com/keren/investment_policy_building_a_pension_fund/,הצבעות באסיפות,https://amitim.com/keren/voting_at_meetings_kgm_pension-fund/
2026-09-30T22:38:47+00:00,520022963,"קופת הפנסיה לעובדי הדסה בע""מ",new_item,https://amitim.com/keren/investment_policy_building_a_pension_fund/,הצבעות באסיפות,https://amitim.com/keren/voting_at_meetings_nativ_pension_fund/
2026-09-30T22:38:47+00:00,520022963,"קופת הפנסיה לעובדי הדסה בע""מ",new_item,https://amitim.com/keren/investment_policy_building_a_pension_fund/,הצבעות באסיפות,https://amitim.com/keren/voting_at_meetings_egged_pension_fund/
2026-09-30T22:38:47+00:00,520022963,"קופת הפנסיה לעובדי הדסה בע""מ",new_item,https://amitim.com/keren/investment_policy_building_a_pension_fund/,הצבעות באסיפות,https://amitim.com/keren/voting_at_meetings_hadassah_pension_fund/
2026-09-30T22:38:47+00:00,520022963,"קופת הפנסיה לעובדי הדסה בע""מ",new_item,https://amitim.com/keren/investment_policy_building_a_pension_fund/,הפנסיה שלי,https://amitim.com/info-center/retirees/my_pension/
2026-09-30T22:38:47+00:00,520022963,"קופת הפנסיה לעובדי הדסה בע""מ",new_item,https://amitim.com/keren/investment_policy_building_a_pension_fund/,החוק לחלוקת חיסכון פנסיוני,https://amitim.com/info-center/amitim/distribution_of_pension_savings/
2026-09-30T22:38:47+00:00,520022963,"קופת הפנסיה לעובדי הדסה בע""מ",new_item,https://amitim.com/keren/investment_policy_building_a_pension_fund/,הדסה,https://amitim.com/keren/about-_he_fund_hadassah_pension_fund/
2026-09-30T22:38:47+00:00,520022963,"קופת הפנסיה לעובדי הדסה בע""מ",new_item,https://amitim.com/keren/investment_policy_building_a_pension_fund/,דוחות כספיים,https://amitim.com/keren/financial_statements_provident_fund_insurers/
2026-09-30T22:38:47+00:00,520022963,"קופת הפנסיה לעובדי הדסה בע""מ",new_item,https://amitim.com/keren/investment_policy_building_a_pension_fund/,דוחות כספיים,https://amitim.com/keren/financial_statements_pension_fund_overview/
2026-09-30T22:38:47+00:00,520022963,"קופת הפנסיה לעובדי הדסה בע""מ",new_item,https://amitim.com/keren/investment_policy_building_a_pension_fund/,דוחות כספיים,https://amitim.com/keren/financial_statements_provident_fund_circle/
2026-09-30T22:38:47+00:00,520022963,"קופת הפנסיה לעובדי הדסה בע""מ",new_item,https://amitim.com/keren/investment_policy_building_a_pension_fund/,דוחות כספיים,https://amitim.com/keren/financial_statements_pension_fund-building/
2026-09-30T22:38:47+00:00,520022963,"קופת הפנסיה לעובדי הדסה בע""מ",new_item,https://amitim.com/keren/investment_policy_building_a_pension_fund/,גורמים קשורים,https://amitim.com/keren/related_parties_provident_fund_insurers/
2026-09-30T22:38:47+00:00,520022963,"קופת הפנסיה לעובדי הדסה בע""מ",new_item,https://amitim.com/keren/investment_policy_building_a_pension_fund/,גורמים קשורים,https://amitim.com/keren/related_factors_pension_fund_circle/
2026-09-30T22:38:47+00:00,520022963,"קופת הפנסיה לעובדי הדסה בע""מ",new_item,https://amitim.com/keren/investment_policy_building_a_pension_fund/,גורמים קשורים,https://amitim.com/keren/related_factors_provident_fund_circle/
2026-09-30T22:38:47+00:00,520022963,"קופת הפנסיה לעובדי הדסה בע""מ",new_item,https://amitim.com/keren/investment_policy_building_a_pension_fund/,גורמים קשורים,https://amitim.com/keren/related_entities_farmers_pension_fund/
2026-09-30T22:38:47+00:00,520022963,"קופת הפנסיה לעובדי הדסה בע""מ",new_item,https://amitim.com/keren/investment_policy_building_a_pension_fund/,גורמים קשורים,https://amitim.com/keren/related_entities_farmers_provident_fund/
2026-09-30T22:38:47+00:00,520022963,"קופת הפנסיה לעובדי הדסה בע""מ",new_item,https://amitim.com/keren/investment_policy_building_a_pension_fund/,גורמים קשורים,https://amitim.com/keren/related_factors_pension_fund_building/
2026-09-30T22:38:47+00:00,520022963,"קופת הפנסיה לעובדי הדסה בע""מ",new_item,https://amitim.com/keren/investment_policy_building_a_pension_fund/,גורמים קשורים,https://amitim.com/keren/related_entities_provident_fund_building/
2026-09-30T22:38:47+00:00,520022963,"קופת הפנסיה לעובדי הדסה בע""מ",new_item,https://amitim.com/keren/investment_policy_building_a_pension_fund/,גורמים קשורים,https://amitim.com/keren/related_entities_kgm_pension_fund/
2026-09-30T22:38:47+00:00,520022963,"קופת הפנסיה לעובדי הדסה בע""מ",new_item,https://amitim.com/keren/investment_policy_building_a_pension_fund/,גורמים קשורים,https://amitim.com/keren/related_entities_nativ_pension_fund/
2026-09-30T22:38:47+00:00,520022963,"קופת הפנסיה לעובדי הדסה בע""מ",new_item,https://amitim.com/keren/investment_policy_building_a_pension_fund/,גורמים קשורים,https://amitim.com/keren/related_parties_egged_pension_fund/
2026-09-30T22:38:47+00:00,520022963,"קופת הפנסיה לעובדי הדסה בע""מ",new_item,https://amitim.com/keren/investment_policy_building_a_pension_fund/,גורמים קשורים,https://amitim.com/keren/related_entities_hadassah_pension_fund/
2026-09-30T22:38:47+00:00,520022963,"קופת הפנסיה לעובדי הדסה בע""מ",new_item,https://amitim.com/keren/investment_policy_building_a_pension_fund/,בניין קופת גמל,https://amitim.com/keren/about_the_fund_provident_fund_building/
2026-09-30T22:38:47+00:00,520022963,"קופת הפנסיה לעובדי הדסה בע""מ",new_item,https://amitim.com/keren/investment_policy_building_a_pension_fund/,בניין,https://amitim.com/keren/about_the_fund_pension_fund_building/
2026-09-30T22:38:47+00:00,520022963,"קופת הפנסיה לעובדי הדסה בע""מ",new_item,https://amitim.com/keren/investment_policy_building_a_pension_fund/,אודות הקרן,https://amitim.com/keren/about_the_fund_mivtachim_provident_fund/
2026-09-30T22:38:47+00:00,520022963,"קופת הפנסיה לעובדי הדסה בע""מ",new_item,https://amitim.com/keren/investment_policy_building_a_pension_fund/,אודות הקרן,https://amitim.com/keren/about_the_fund_makefet_provident_fund/
2026-09-30T22:38:47+00:00,520022963,"קופת הפנסיה לעובדי הדסה בע""מ",new_item,https://amitim.com/keren/investment_policy_building_a_pension_fund/,אודות הקרן,https://amitim.com/keren/about_the_fund_kgm_pension_fund/
2026-09-30T22:38:47+00:00,520022963,"קופת הפנסיה לעובדי הדסה בע""מ",new_item,https://amitim.com/keren/investment_policy_building_a_pension_fund/,אודות הקופה,https://amitim.com/keren/about_the_fund_farmers_provident_fund/
2026-09-30T22:38:47+00:00,520022963,"קופת הפנסיה לעובדי הדסה בע""מ",new_item,https://amitim.com/keren/investment_policy_building_a_pension_fund/,אגד,https://amitim.com/keren/about_the_fund_egged_pension_fund/
2026-09-30T22:38:47+00:00,520022963,"קופת הפנסיה לעובדי הדסה בע""מ",new_item,https://amitim.com/keren/investment_policy_provident_fund_building/,קצבת שארים,https://amitim.com/info-center/amitim/survivors_pension/
2026-09-30T22:38:47+00:00,520022963,"קופת הפנסיה לעובדי הדסה בע""מ",new_item,https://amitim.com/keren/investment_policy_provident_fund_building/,קצבת נכות,https://amitim.com/info-center/amitim/disability-pension/
2026-09-30T22:38:47+00:00,520022963,"קופת הפנסיה לעובדי הדסה בע""מ",new_item,https://amitim.com/keren/investment_policy_provident_fund_building/,פרישה לפנסיה,https://amitim.com/info-center/employers/retirement/
2026-09-30T22:38:47+00:00,520022963,"קופת הפנסיה לעובדי הדסה בע""מ",new_item,https://amitim.com/keren/investment_policy_provident_fund_building/,נתיב,https://amitim.com/keren/about_the_fund_nativ_pension_fund/
2026-09-30T22:38:47+00:00,520022963,"קופת הפנסיה לעובדי הדסה בע""מ",new_item,https://amitim.com/keren/investment_policy_provident_fund_building/,נכסי הקרן,https://amitim.com/keren/fund_assets_makefet_pension_fund/
2026-09-30T22:38:47+00:00,520022963,"קופת הפנסיה לעובדי הדסה בע""מ",new_item,https://amitim.com/keren/investment_policy_provident_fund_building/,נכסי הקרן,https://amitim.com/keren/fund_assets_farmers_pension_fund/
2026-09-30T22:38:47+00:00,520022963,"קופת הפנסיה לעובדי הדסה בע""מ",new_item,https://amitim.com/keren/investment_policy_provident_fund_building/,נכסי הקרן,https://amitim.com/keren/fund_assets_pension_fund_building/
2026-09-30T22:38:47+00:00,520022963,"קופת הפנסיה לעובדי הדסה בע""מ",new_item,https://amitim.com/keren/investment_policy_provident_fund_building/,נכסי הקרן,https://amitim.com/keren/fund_assets_provident_fund_building/
2026-09-30T22:38:47+00:00,520022963,"קופת הפנסיה לעובדי הדסה בע""מ",new_item,https://amitim.com/keren/investment_policy_provident_fund_building/,נכסי הקרן,https://amitim.com/keren/fund_assets_kgm_pension_fund/
2026-09-30T22:38:47+00:00,520022963,"קופת הפנסיה לעובדי הדסה בע""מ",new_item,https://amitim.com/keren/investment_policy_provident_fund_building/,נכסי הקרן,https://amitim.com/keren/fund_assets_nativ_pension_fund/
2026-09-30T22:38:47+00:00,520022963,"קופת הפנסיה לעובדי הדסה בע""מ",new_item,https://amitim.com/keren/investment_policy_provident_fund_building/,נכסי הקרן,https://amitim.com/keren/fund_assets_egged_pension_fund/
2026-09-30T22:38:47+00:00,520022963,"קופת הפנסיה לעובדי הדסה בע""מ",new_item,https://amitim.com/keren/investment_policy_provident_fund_building/,נכסי הקרן,https://amitim.com/keren/fund_assets_hadassah_pension_fund/
2026-09-30T22:38:47+00:00,520022963,"קופת הפנסיה לעובדי הדסה בע""מ",new_item,https://amitim.com/keren/investment_policy_provident_fund_building/,נכסי הקופה,https://amitim.com/keren/fund_assets_provident_fund_insurers/
2026-09-30T22:38:47+00:00,520022963,"קופת הפנסיה לעובדי הדסה בע""מ",new_item,https://amitim.com/keren/investment_policy_provident_fund_building/,נכסי הקופה,https://amitim.com/keren/fund_assets_makefet_provident_fund/
2026-09-30T22:38:47+00:00,520022963,"קופת הפנסיה לעובדי הדסה בע""מ",new_item,https://amitim.com/keren/investment_policy_provident_fund_building/,נכסי הקופה,https://amitim.com/keren/fund_assets_farmers_provident_fund/
2026-09-30T22:38:47+00:00,520022963,"קופת הפנסיה לעובדי הדסה בע""מ",new_item,https://amitim.com/keren/investment_policy_provident_fund_building/,משיכת כספים של עמית שנפטר,https://amitim.com/keren/withdrawing_funds_from_a_deceased_colleague_farmers_provident_fund/
2026-09-30T22:38:47+00:00,520022963,"קופת הפנסיה לעובדי הדסה בע""מ",new_item,https://amitim.com/keren/investment_policy_provident_fund_building/,משיכת כספים של עמית שנפטר,https://amitim.com/keren/withdrawing_funds_from_a_deceased-colleague_provident_fund_building/
2026-09-30T22:38:47+00:00,520022963,"קופת הפנסיה לעובדי הדסה בע""מ",new_item,https://amitim.com/keren/investment_policy_provident_fund_building/,מקפת,https://amitim.com/keren/about_the_fund_makefet_pension_fund/
2026-09-30T22:38:47+00:00,520022963,"קופת הפנסיה לעובדי הדסה בע""מ",new_item,https://amitim.com/keren/investment_policy_provident_fund_building/,מידע סטטיסטי,https://amitim.com/keren/statistical_information_pension_insurers/
2026-09-30T22:38:47+00:00,520022963,"קופת הפנסיה לעובדי הדסה בע""מ",new_item,https://amitim.com/keren/investment_policy_provident_fund_building/,מידע סטטיסטי,https://amitim.com/keren/statistical_information_pension_fund_circle/
2026-09-30T22:38:47+00:00,520022963,"קופת הפנסיה לעובדי הדסה בע""מ",new_item,https://amitim.com/keren/investment_policy_provident_fund_building/,מידע סטטיסטי,https://amitim.com/keren/statistical_information_farmers_pension_fund/
2026-09-30T22:38:47+00:00,520022963,"קופת הפנסיה לעובדי הדסה בע""מ",new_item,https://amitim.com/keren/investment_policy_provident_fund_building/,מידע סטטיסטי,https://amitim.com/statistical_information_pension_fund_building/
2026-09-30T22:38:47+00:00,520022963,"קופת הפנסיה לעובדי הדסה בע""מ",new_item,https://amitim.com/keren/investment_policy_provident_fund_building/,מידע סטטיסטי,https://amitim.com/keren/statistical_information_kgm_pension_fund/
2026-09-30T22:38:47+00:00,520022963,"קופת הפנסיה לעובדי הדסה בע""מ",new_item,https://amitim.com/keren/investment_policy_provident_fund_building/,מידע סטטיסטי,https://amitim.com/keren/statistical_information_nativ_pension_fund/
2026-09-30T22:38:47+00:00,520022963,"קופת הפנסיה לעובדי הדסה בע""מ",new_item,https://amitim.com/keren/investment_policy_provident_fund_building/,מידע סטטיסטי,https://amitim.com/keren/statistical_information_egged_pension_fund/
2026-09-30T22:38:47+00:00,520022963,"קופת הפנסיה לעובדי הדסה בע""מ",new_item,https://amitim.com/keren/investment_policy_provident_fund_building/,מידע סטטיסטי,https://amitim.com/keren/statistical_information_hadassah_pension_fund/
2026-09-30T22:38:47+00:00,520022963,"קופת הפנסיה לעובדי הדסה בע""מ",new_item,https://amitim.com/keren/investment_policy_provident_fund_building/,יציאה לפנסיה,https://amitim.com/info-center/amitim/retirement/
2026-09-30T22:38:47+00:00,520022963,"קופת הפנסיה לעובדי הדסה בע""מ",new_item,https://amitim.com/keren/investment_policy_provident_fund_building/,חקלאים,https://amitim.com/keren/about_the_fund_farmers_pension_fund/
2026-09-30T22:38:47+00:00,520022963,"קופת הפנסיה לעובדי הדסה בע""מ",new_item,https://amitim.com/keren/investment_policy_provident_fund_building/,הצבעות באסיפות,https://amitim.com/keren/voting_at_meetings_pension_insurers/
2026-09-30T22:38:47+00:00,520022963,"קופת הפנסיה לעובדי הדסה בע""מ",new_item,https://amitim.com/keren/investment_policy_provident_fund_building/,הצבעות באסיפות,https://amitim.com/keren/voting_at_meetings_provident_insurance/
2026-09-30T22:38:47+00:00,520022963,"קופת הפנסיה לעובדי הדסה בע""מ",new_item,https://amitim.com/keren/investment_policy_provident_fund_building/,הצבעות באסיפות,https://amitim.com/keren/voting_at_meetings_pension_fund_circle/
2026-09-30T22:38:47+00:00,520022963,"קופת הפנסיה לעובדי הדסה בע""מ",new_item,https://amitim.com/keren/investment_policy_provident_fund_building/,הצבעות באסיפות,https://amitim.com/keren/voting_at_meetings_provident_fund_circle/
2026-09-30T22:38:47+00:00,520022963,"קופת הפנסיה לעובדי הדסה בע""מ",new_item,https://amitim.com/keren/investment_policy_provident_fund_building/,הצבעות באסיפות,https://amitim.com/keren/voting_at_meetings_farmers_pension_fund/
2026-09-30T22:38:47+00:00,520022963,"קופת הפנסיה לעובדי הדסה בע""מ",new_item,https://amitim.com/keren/investment_policy_provident_fund_building/,הצבעות באסיפות,https://amitim.com/keren/voting_at_meetings_farmers_provident_fund/
2026-09-30T22:38:47+00:00,520022963,"קופת הפנסיה לעובדי הדסה בע""מ",new_item,https://amitim.com/keren/investment_policy_provident_fund_building/,הצבעות באסיפות,https://amitim.com/keren/voting_at_meetings_pension_fund_building/
2026-09-30T22:38:47+00:00,520022963,"קופת הפנסיה לעובדי הדסה בע""מ",new_item,https://amitim.com/keren/investment_policy_provident_fund_building/,הצבעות באסיפות,https://amitim.com/keren/voting_at_meetings_provident_fund-building/
2026-09-30T22:38:47+00:00,520022963,"קופת הפנסיה לעובדי הדסה בע""מ",new_item,https://amitim.com/keren/investment_policy_provident_fund_building/,הצבעות באסיפות,https://amitim.com/keren/voting_at_meetings_kgm_pension-fund/
2026-09-30T22:38:47+00:00,520022963,"קופת הפנסיה לעובדי הדסה בע""מ",new_item,https://amitim.com/keren/investment_policy_provident_fund_building/,הצבעות באסיפות,https://amitim.com/keren/voting_at_meetings_nativ_pension_fund/
2026-09-30T22:38:47+00:00,520022963,"קופת הפנסיה לעובדי הדסה בע""מ",new_item,https://amitim.com/keren/investment_policy_provident_fund_building/,הצבעות באסיפות,https://amitim.com/keren/voting_at_meetings_egged_pension_fund/
2026-09-30T22:38:47+00:00,520022963,"קופת הפנסיה לעובדי הדסה בע""מ",new_item,https://amitim.com/keren/investment_policy_provident_fund_building/,הצבעות באסיפות,https://amitim.com/keren/voting_at_meetings_hadassah_pension_fund/
2026-09-30T22:38:47+00:00,520022963,"קופת הפנסיה לעובדי הדסה בע""מ",new_item,https://amitim.com/keren/investment_policy_provident_fund_building/,הפנסיה שלי,https://amitim.com/info-center/retirees/my_pension/
2026-09-30T22:38:47+00:00,520022963,"קופת הפנסיה לעובדי הדסה בע""מ",new_item,https://amitim.com/keren/investment_policy_provident_fund_building/,החוק לחלוקת חיסכון פנסיוני,https://amitim.com/info-center/amitim/distribution_of_pension_savings/
2026-09-30T22:38:47+00:00,520022963,"קופת הפנסיה לעובדי הדסה בע""מ",new_item,https://amitim.com/keren/investment_policy_provident_fund_building/,הדסה,https://amitim.com/keren/about-_he_fund_hadassah_pension_fund/
2026-09-30T22:38:47+00:00,520022963,"קופת הפנסיה לעובדי הדסה בע""מ",new_item,https://amitim.com/keren/investment_policy_provident_fund_building/,דוחות כספיים,https://amitim.com/keren/financial_statements_provident_fund_insurers/
2026-09-30T22:38:47+00:00,520022963,"קופת הפנסיה לעובדי הדסה בע""מ",new_item,https://amitim.com/keren/investment_policy_provident_fund_building/,דוחות כספיים,https://amitim.com/keren/financial_statements_pension_fund_overview/
2026-09-30T22:38:47+00:00,520022963,"קופת הפנסיה לעובדי הדסה בע""מ",new_item,https://amitim.com/keren/investment_policy_provident_fund_building/,דוחות כספיים,https://amitim.com/keren/financial_statements_provident_fund_circle/
2026-09-30T22:38:47+00:00,520022963,"קופת הפנסיה לעובדי הדסה בע""מ",new_item,https://amitim.com/keren/investment_policy_provident_fund_building/,דוחות כספיים,https://amitim.com/keren/financial_statements_provident_fund_building/
2026-09-30T22:38:47+00:00,520022963,"קופת הפנסיה לעובדי הדסה בע""מ",new_item,https://amitim.com/keren/investment_policy_provident_fund_building/,גורמים קשורים,https://amitim.com/keren/related_parties_provident_fund_insurers/
2026-09-30T22:38:47+00:00,520022963,"קופת הפנסיה לעובדי הדסה בע""מ",new_item,https://amitim.com/keren/investment_policy_provident_fund_building/,גורמים קשורים,https://amitim.com/keren/related_factors_pension_fund_circle/
2026-09-30T22:38:47+00:00,520022963,"קופת הפנסיה לעובדי הדסה בע""מ",new_item,https://amitim.com/keren/investment_policy_provident_fund_building/,גורמים קשורים,https://amitim.com/keren/related_factors_provident_fund_circle/
2026-09-30T22:38:47+00:00,520022963,"קופת הפנסיה לעובדי הדסה בע""מ",new_item,https://amitim.com/keren/investment_policy_provident_fund_building/,גורמים קשורים,https://amitim.com/keren/related_entities_farmers_pension_fund/
2026-09-30T22:38:47+00:00,520022963,"קופת הפנסיה לעובדי הדסה בע""מ",new_item,https://amitim.com/keren/investment_policy_provident_fund_building/,גורמים קשורים,https://amitim.com/keren/related_entities_farmers_provident_fund/
2026-09-30T22:38:47+00:00,520022963,"קופת הפנסיה לעובדי הדסה בע""מ",new_item,https://amitim.com/keren/investment_policy_provident_fund_building/,גורמים קשורים,https://amitim.com/keren/related_factors_pension_fund_building/
2026-09-30T22:38:47+00:00,520022963,"קופת הפנסיה לעובדי הדסה בע""מ",new_item,https://amitim.com/keren/investment_policy_provident_fund_building/,גורמים קשורים,https://amitim.com/keren/related_entities_provident_fund_building/
2026-09-30T22:38:47+00:00,520022963,"קופת הפנסיה לעובדי הדסה בע""מ",new_item,https://amitim.com/keren/investment_policy_provident_fund_building/,גורמים קשורים,https://amitim.com/keren/related_entities_kgm_pension_fund/
2026-09-30T22:38:47+00:00,520022963,"קופת הפנסיה לעובדי הדסה בע""מ",new_item,https://amitim.com/keren/investment_policy_provident_fund_building/,גורמים קשורים,https://amitim.com/keren/related_entities_nativ_pension_fund/
2026-09-30T22:38:47+00:00,520022963,"קופת הפנסיה לעובדי הדסה בע""מ",new_item,https://amitim.com/keren/investment_policy_provident_fund_building/,גורמים קשורים,https://amitim.com/keren/related_parties_egged_pension_fund/
2026-09-30T22:38:47+00:00,520022963,"קופת הפנסיה לעובדי הדסה בע""מ",new_item,https://amitim.com/keren/investment_policy_provident_fund_building/,גורמים קשורים,https://amitim.com/keren/related_entities_hadassah_pension_fund/
2026-09-30T22:38:47+00:00,520022963,"קופת הפנסיה לעובדי הדסה בע""מ",new_item,https://amitim.com/keren/investment_policy_provident_fund_building/,בניין קופת גמל,https://amitim.com/keren/about_the_fund_provident_fund_building/
2026-09-30T22:38:47+00:00,520022963,"קופת הפנסיה לעובדי הדסה בע""מ",new_item,https://amitim.com/keren/investment_policy_provident_fund_building/,בניין,https://amitim.com/keren/about_the_fund_pension_fund_building/
2026-09-30T22:38:47+00:00,520022963,"קופת הפנסיה לעובדי הדסה בע""מ",new_item,https://amitim.com/keren/investment_policy_provident_fund_building/,אודות הקרן,https://amitim.com/keren/about_the_fund_mivtachim_provident_fund/
2026-09-30T22:38:47+00:00,520022963,"קופת הפנסיה לעובדי הדסה בע""מ",new_item,https://amitim.com/keren/investment_policy_provident_fund_building/,אודות הקרן,https://amitim.com/keren/about_the_fund_makefet_provident_fund/
2026-09-30T22:38:47+00:00,520022963,"קופת הפנסיה לעובדי הדסה בע""מ",new_item,https://amitim.com/keren/investment_policy_provident_fund_building/,אודות הקרן,https://amitim.com/keren/about_the_fund_kgm_pension_fund/
2026-09-30T22:38:47+00:00,520022963,"קופת הפנסיה לעובדי הדסה בע""מ",new_item,https://amitim.com/keren/investment_policy_provident_fund_building/,אודות הקופה,https://amitim.com/keren/about_the_fund_farmers_provident_fund/
2026-09-30T22:38:47+00:00,520022963,"קופת הפנסיה לעובדי הדסה בע""מ",new_item,https://amitim.com/keren/investment_policy_provident_fund_building/,אגד,https://amitim.com/keren/about_the_fund_egged_pension_fund/
2026-09-30T22:38:47+00:00,520022963,"קופת הפנסיה לעובדי הדסה בע""מ",new_item,https://amitim.com/keren/investment_policy_kgm_pension_fund/,קצבת שארים,https://amitim.com/info-center/amitim/survivors_pension/
2026-09-30T22:38:47+00:00,520022963,"קופת הפנסיה לעובדי הדסה בע""מ",new_item,https://amitim.com/keren/investment_policy_kgm_pension_fund/,קצבת נכות,https://amitim.com/info-center/amitim/disability-pension/
2026-09-30T22:38:47+00:00,520022963,"קופת הפנסיה לעובדי הדסה בע""מ",new_item,https://amitim.com/keren/investment_policy_kgm_pension_fund/,קגמ קרן פנסיה,https://amitim.com/keren/about_the_fund_kgm_pension_fund/
2026-09-30T22:38:47+00:00,520022963,"קופת הפנסיה לעובדי הדסה בע""מ",new_item,https://amitim.com/keren/investment_policy_kgm_pension_fund/,פרישה לפנסיה,https://amitim.com/info-center/employers/retirement/
2026-09-30T22:38:47+00:00,520022963,"קופת הפנסיה לעובדי הדסה בע""מ",new_item,https://amitim.com/keren/investment_policy_kgm_pension_fund/,נתיב,https://amitim.com/keren/about_the_fund_nativ_pension_fund/
2026-09-30T22:38:47+00:00,520022963,"קופת הפנסיה לעובדי הדסה בע""מ",new_item,https://amitim.com/keren/investment_policy_kgm_pension_fund/,נכסי הקרן,https://amitim.com/keren/fund_assets_makefet_pension_fund/
2026-09-30T22:38:47+00:00,520022963,"קופת הפנסיה לעובדי הדסה בע""מ",new_item,https://amitim.com/keren/investment_policy_kgm_pension_fund/,נכסי הקרן,https://amitim.com/keren/fund_assets_farmers_pension_fund/
2026-09-30T22:38:47+00:00,520022963,"קופת הפנסיה לעובדי הדסה בע""מ",new_item,https://amitim.com/keren/investment_policy_kgm_pension_fund/,נכסי הקרן,https://amitim.com/keren/fund_assets_pension_fund_building/
2026-09-30T22:38:47+00:00,520022963,"קופת הפנסיה לעובדי הדסה בע""מ",new_item,https://amitim.com/keren/investment_policy_kgm_pension_fund/,נכסי הקרן,https://amitim.com/keren/fund_assets_kgm_pension_fund/
2026-09-30T22:38:47+00:00,520022963,"קופת הפנסיה לעובדי הדסה בע""מ",new_item,https://amitim.com/keren/investment_policy_kgm_pension_fund/,נכסי הקרן,https://amitim.com/keren/fund_assets_nativ_pension_fund/
2026-09-30T22:38:47+00:00,520022963,"קופת הפנסיה לעובדי הדסה בע""מ",new_item,https://amitim.com/keren/investment_policy_kgm_pension_fund/,נכסי הקרן,https://amitim.com/keren/fund_assets_egged_pension_fund/
2026-09-30T22:38:47+00:00,520022963,"קופת הפנסיה לעובדי הדסה בע""מ",new_item,https://amitim.com/keren/investment_policy_kgm_pension_fund/,נכסי הקרן,https://amitim.com/keren/fund_assets_hadassah_pension_fund/
2026-09-30T22:38:47+00:00,520022963,"קופת הפנסיה לעובדי הדסה בע""מ",new_item,https://amitim.com/keren/investment_policy_kgm_pension_fund/,נכסי הקופה,https://amitim.com/keren/fund_assets_provident_fund_insurers/
2026-09-30T22:38:47+00:00,520022963,"קופת הפנסיה לעובדי הדסה בע""מ",new_item,https://amitim.com/keren/investment_policy_kgm_pension_fund/,נכסי הקופה,https://amitim.com/keren/fund_assets_makefet_provident_fund/
2026-09-30T22:38:47+00:00,520022963,"קופת הפנסיה לעובדי הדסה בע""מ",new_item,https://amitim.com/keren/investment_policy_kgm_pension_fund/,נכסי הקופה,https://amitim.com/keren/fund_assets_farmers_provident_fund/
2026-09-30T22:38:47+00:00,520022963,"קופת הפנסיה לעובדי הדסה בע""מ",new_item,https://amitim.com/keren/investment_policy_kgm_pension_fund/,נכסי הקופה,https://amitim.com/keren/fund_assets_provident_fund_building/
2026-09-30T22:38:47+00:00,520022963,"קופת הפנסיה לעובדי הדסה בע""מ",new_item,https://amitim.com/keren/investment_policy_kgm_pension_fund/,משיכת כספים של עמית שנפטר,https://amitim.com/keren/withdrawing_funds_from_a_deceased_colleague_farmers_provident_fund/
2026-09-30T22:38:47+00:00,520022963,"קופת הפנסיה לעובדי הדסה בע""מ",new_item,https://amitim.com/keren/investment_policy_kgm_pension_fund/,משיכת כספים של עמית שנפטר,https://amitim.com/keren/withdrawing_funds_from_a_deceased-colleague_provident_fund_building/
2026-09-30T22:38:47+00:00,520022963,"קופת הפנסיה לעובדי הדסה בע""מ",new_item,https://amitim.com/keren/investment_policy_kgm_pension_fund/,מקפת,https://amitim.com/keren/about_the_fund_makefet_pension_fund/
2026-09-30T22:38:47+00:00,520022963,"קופת הפנסיה לעובדי הדסה בע""מ",new_item,https://amitim.com/keren/investment_policy_kgm_pension_fund/,מידע סטטיסטי,https://amitim.com/keren/statistical_information_pension_insurers/
2026-09-30T22:38:47+00:00,520022963,"קופת הפנסיה לעובדי הדסה בע""מ",new_item,https://amitim.com/keren/investment_policy_kgm_pension_fund/,מידע סטטיסטי,https://amitim.com/keren/statistical_information_pension_fund_circle/
2026-09-30T22:38:47+00:00,520022963,"קופת הפנסיה לעובדי הדסה בע""מ",new_item,https://amitim.com/keren/investment_policy_kgm_pension_fund/,מידע סטטיסטי,https://amitim.com/keren/statistical_information_farmers_pension_fund/
2026-09-30T22:38:47+00:00,520022963,"קופת הפנסיה לעובדי הדסה בע""מ",new_item,https://amitim.com/keren/investment_policy_kgm_pension_fund/,מידע סטטיסטי,https://amitim.com/statistical_information_pension_fund_building/
2026-09-30T22:38:47+00:00,520022963,"קופת הפנסיה לעובדי הדסה בע""מ",new_item,https://amitim.com/keren/investment_policy_kgm_pension_fund/,מידע סטטיסטי,https://amitim.com/keren/statistical_information_kgm_pension_fund/
2026-09-30T22:38:47+00:00,520022963,"קופת הפנסיה לעובדי הדסה בע""מ",new_item,https://amitim.com/keren/investment_policy_kgm_pension_fund/,מידע סטטיסטי,https://amitim.com/keren/statistical_information_nativ_pension_fund/
2026-09-30T22:38:47+00:00,520022963,"קופת הפנסיה לעובדי הדסה בע""מ",new_item,https://amitim.com/keren/investment_policy_kgm_pension_fund/,מידע סטטיסטי,https://amitim.com/keren/statistical_information_egged_pension_fund/
2026-09-30T22:38:47+00:00,520022963,"קופת הפנסיה לעובדי הדסה בע""מ",new_item,https://amitim.com/keren/investment_policy_kgm_pension_fund/,מידע סטטיסטי,https://amitim.com/keren/statistical_information_hadassah_pension_fund/
2026-09-30T22:38:47+00:00,520022963,"קופת הפנסיה לעובדי הדסה בע""מ",new_item,https://amitim.com/keren/investment_policy_kgm_pension_fund/,יציאה לפנסיה,https://amitim.com/info-center/amitim/retirement/
2026-09-30T22:38:47+00:00,520022963,"קופת הפנסיה לעובדי הדסה בע""מ",new_item,https://amitim.com/keren/investment_policy_kgm_pension_fund/,חקלאים,https://amitim.com/keren/about_the_fund_farmers_pension_fund/
2026-09-30T22:38:47+00:00,520022963,"קופת הפנסיה לעובדי הדסה בע""מ",new_item,https://amitim.com/keren/investment_policy_kgm_pension_fund/,הצבעות באסיפות,https://amitim.com/keren/voting_at_meetings_pension_insurers/
2026-09-30T22:38:47+00:00,520022963,"קופת הפנסיה לעובדי הדסה בע""מ",new_item,https://amitim.com/keren/investment_policy_kgm_pension_fund/,הצבעות באסיפות,https://amitim.com/keren/voting_at_meetings_provident_insurance/
2026-09-30T22:38:47+00:00,520022963,"קופת הפנסיה לעובדי הדסה בע""מ",new_item,https://amitim.com/keren/investment_policy_kgm_pension_fund/,הצבעות באסיפות,https://amitim.com/keren/voting_at_meetings_pension_fund_circle/
2026-09-30T22:38:47+00:00,520022963,"קופת הפנסיה לעובדי הדסה בע""מ",new_item,https://amitim.com/keren/investment_policy_kgm_pension_fund/,הצבעות באסיפות,https://amitim.com/keren/voting_at_meetings_provident_fund_circle/
2026-09-30T22:38:47+00:00,520022963,"קופת הפנסיה לעובדי הדסה בע""מ",new_item,https://amitim.com/keren/investment_policy_kgm_pension_fund/,הצבעות באסיפות,https://amitim.com/keren/voting_at_meetings_farmers_pension_fund/
2026-09-30T22:38:47+00:00,520022963,"קופת הפנסיה לעובדי הדסה בע""מ",new_item,https://amitim.com/keren/investment_policy_kgm_pension_fund/,הצבעות באסיפות,https://amitim.com/keren/voting_at_meetings_farmers_provident_fund/
2026-09-30T22:38:47+00:00,520022963,"קופת הפנסיה לעובדי הדסה בע""מ",new_item,https://amitim.com/keren/investment_policy_kgm_pension_fund/,הצבעות באסיפות,https://amitim.com/keren/voting_at_meetings_pension_fund_building/
2026-09-30T22:38:47+00:00,520022963,"קופת הפנסיה לעובדי הדסה בע""מ",new_item,https://amitim.com/keren/investment_policy_kgm_pension_fund/,הצבעות באסיפות,https://amitim.com/keren/voting_at_meetings_provident_fund-building/
2026-09-30T22:38:47+00:00,520022963,"קופת הפנסיה לעובדי הדסה בע""מ",new_item,https://amitim.com/keren/investment_policy_kgm_pension_fund/,הצבעות באסיפות,https://amitim.com/keren/voting_at_meetings_kgm_pension-fund/
2026-09-30T22:38:47+00:00,520022963,"קופת הפנסיה לעובדי הדסה בע""מ",new_item,https://amitim.com/keren/investment_policy_kgm_pension_fund/,הצבעות באסיפות,https://amitim.com/keren/voting_at_meetings_nativ_pension_fund/
2026-09-30T22:38:47+00:00,520022963,"קופת הפנסיה לעובדי הדסה בע""מ",new_item,https://amitim.com/keren/investment_policy_kgm_pension_fund/,הצבעות באסיפות,https://amitim.com/keren/voting_at_meetings_egged_pension_fund/
2026-09-30T22:38:47+00:00,520022963,"קופת הפנסיה לעובדי הדסה בע""מ",new_item,https://amitim.com/keren/investment_policy_kgm_pension_fund/,הצבעות באסיפות,https://amitim.com/keren/voting_at_meetings_hadassah_pension_fund/
2026-09-30T22:38:47+00:00,520022963,"קופת הפנסיה לעובדי הדסה בע""מ",new_item,https://amitim.com/keren/investment_policy_kgm_pension_fund/,הפנסיה שלי,https://amitim.com/info-center/retirees/my_pension/
2026-09-30T22:38:47+00:00,520022963,"קופת הפנסיה לעובדי הדסה בע""מ",new_item,https://amitim.com/keren/investment_policy_kgm_pension_fund/,החוק לחלוקת חיסכון פנסיוני,https://amitim.com/info-center/amitim/distribution_of_pension_savings/
2026-09-30T22:38:47+00:00,520022963,"קופת הפנסיה לעובדי הדסה בע""מ",new_item,https://amitim.com/keren/investment_policy_kgm_pension_fund/,הדסה,https://amitim.com/keren/about-_he_fund_hadassah_pension_fund/
2026-09-30T22:38:47+00:00,520022963,"קופת הפנסיה לעובדי הדסה בע""מ",new_item,https://amitim.com/keren/investment_policy_kgm_pension_fund/,דוחות כספיים,https://amitim.com/keren/financial_statements_provident_fund_insurers/
2026-09-30T22:38:47+00:00,520022963,"קופת הפנסיה לעובדי הדסה בע""מ",new_item,https://amitim.com/keren/investment_policy_kgm_pension_fund/,דוחות כספיים,https://amitim.com/keren/financial_statements_pension_fund_overview/
2026-09-30T22:38:47+00:00,520022963,"קופת הפנסיה לעובדי הדסה בע""מ",new_item,https://amitim.com/keren/investment_policy_kgm_pension_fund/,דוחות כספיים,https://amitim.com/keren/financial_statements_provident_fund_circle/
2026-09-30T22:38:47+00:00,520022963,"קופת הפנסיה לעובדי הדסה בע""מ",new_item,https://amitim.com/keren/investment_policy_kgm_pension_fund/,דוחות כספיים,https://amitim.com/keren/financial_statements_kgm_pension_fund/
2026-09-30T22:38:47+00:00,520022963,"קופת הפנסיה לעובדי הדסה בע""מ",new_item,https://amitim.com/keren/investment_policy_kgm_pension_fund/,גורמים קשורים,https://amitim.com/keren/related_parties_provident_fund_insurers/
2026-09-30T22:38:47+00:00,520022963,"קופת הפנסיה לעובדי הדסה בע""מ",new_item,https://amitim.com/keren/investment_policy_kgm_pension_fund/,גורמים קשורים,https://amitim.com/keren/related_factors_pension_fund_circle/
2026-09-30T22:38:47+00:00,520022963,"קופת הפנסיה לעובדי הדסה בע""מ",new_item,https://amitim.com/keren/investment_policy_kgm_pension_fund/,גורמים קשורים,https://amitim.com/keren/related_factors_provident_fund_circle/
2026-09-30T22:38:47+00:00,520022963,"קופת הפנסיה לעובדי הדסה בע""מ",new_item,https://amitim.com/keren/investment_policy_kgm_pension_fund/,גורמים קשורים,https://amitim.com/keren/related_entities_farmers_pension_fund/
2026-09-30T22:38:47+00:00,520022963,"קופת הפנסיה לעובדי הדסה בע""מ",new_item,https://amitim.com/keren/investment_policy_kgm_pension_fund/,גורמים קשורים,https://amitim.com/keren/related_entities_farmers_provident_fund/
2026-09-30T22:38:47+00:00,520022963,"קופת הפנסיה לעובדי הדסה בע""מ",new_item,https://amitim.com/keren/investment_policy_kgm_pension_fund/,גורמים קשורים,https://amitim.com/keren/related_factors_pension_fund_building/
2026-09-30T22:38:47+00:00,520022963,"קופת הפנסיה לעובדי הדסה בע""מ",new_item,https://amitim.com/keren/investment_policy_kgm_pension_fund/,גורמים קשורים,https://amitim.com/keren/related_entities_provident_fund_building/
2026-09-30T22:38:47+00:00,520022963,"קופת הפנסיה לעובדי הדסה בע""מ",new_item,https://amitim.com/keren/investment_policy_kgm_pension_fund/,גורמים קשורים,https://amitim.com/keren/related_entities_kgm_pension_fund/
2026-09-30T22:38:47+00:00,520022963,"קופת הפנסיה לעובדי הדסה בע""מ",new_item,https://amitim.com/keren/investment_policy_kgm_pension_fund/,גורמים קשורים,https://amitim.com/keren/related_entities_nativ_pension_fund/
2026-09-30T22:38:47+00:00,520022963,"קופת הפנסיה לעובדי הדסה בע""מ",new_item,https://amitim.com/keren/investment_policy_kgm_pension_fund/,גורמים קשורים,https://amitim.com/keren/related_parties_egged_pension_fund/
2026-09-30T22:38:47+00:00,520022963,"קופת הפנסיה לעובדי הדסה בע""מ",new_item,https://amitim.com/keren/investment_policy_kgm_pension_fund/,גורמים קשורים,https://amitim.com/keren/related_entities_hadassah_pension_fund/
2026-09-30T22:38:47+00:00,520022963,"קופת הפנסיה לעובדי הדסה בע""מ",new_item,https://amitim.com/keren/investment_policy_kgm_pension_fund/,בניין,https://amitim.com/keren/about_the_fund_pension_fund_building/
2026-09-30T22:38:47+00:00,520022963,"קופת הפנסיה לעובדי הדסה בע""מ",new_item,https://amitim.com/keren/investment_policy_kgm_pension_fund/,אודות הקרן,https://amitim.com/keren/about_the_fund_mivtachim_provident_fund/
2026-09-30T22:38:47+00:00,520022963,"קופת הפנסיה לעובדי הדסה בע""מ",new_item,https://amitim.com/keren/investment_policy_kgm_pension_fund/,אודות הקרן,https://amitim.com/keren/about_the_fund_makefet_provident_fund/
2026-09-30T22:38:47+00:00,520022963,"קופת הפנסיה לעובדי הדסה בע""מ",new_item,https://amitim.com/keren/investment_policy_kgm_pension_fund/,אודות הקופה,https://amitim.com/keren/about_the_fund_farmers_provident_fund/
2026-09-30T22:38:47+00:00,520022963,"קופת הפנסיה לעובדי הדסה בע""מ",new_item,https://amitim.com/keren/investment_policy_kgm_pension_fund/,אודות הקופה,https://amitim.com/keren/about_the_fund_provident_fund_building/
2026-09-30T22:38:47+00:00,520022963,"קופת הפנסיה לעובדי הדסה בע""מ",new_item,https://amitim.com/keren/investment_policy_kgm_pension_fund/,אגד,https://amitim.com/keren/about_the_fund_egged_pension_fund/
2026-09-30T22:38:47+00:00,520022963,"קופת הפנסיה לעובדי הדסה בע""מ",new_item,https://amitim.com/keren/investment_policy_pension_insurers/,קצבת שארים,https://amitim.com/info-center/amitim/survivors_pension/
2026-09-30T22:38:47+00:00,520022963,"קופת הפנסיה לעובדי הדסה בע""מ",new_item,https://amitim.com/keren/investment_policy_pension_insurers/,קצבת נכות,https://amitim.com/info-center/amitim/disability-pension/
2026-09-30T22:38:47+00:00,520022963,"קופת הפנסיה לעובדי הדסה בע""מ",new_item,https://amitim.com/keren/investment_policy_pension_insurers/,פרישה לפנסיה,https://amitim.com/info-center/employers/retirement/
2026-09-30T22:38:47+00:00,520022963,"קופת הפנסיה לעובדי הדסה בע""מ",new_item,https://amitim.com/keren/investment_policy_pension_insurers/,נתיב,https://amitim.com/keren/about_the_fund_nativ_pension_fund/
2026-09-30T22:38:47+00:00,520022963,"קופת הפנסיה לעובדי הדסה בע""מ",new_item,https://amitim.com/keren/investment_policy_pension_insurers/,נכסי הקרן,https://amitim.com/keren/fund_assets_makefet_pension_fund/
2026-09-30T22:38:47+00:00,520022963,"קופת הפנסיה לעובדי הדסה בע""מ",new_item,https://amitim.com/keren/investment_policy_pension_insurers/,נכסי הקרן,https://amitim.com/keren/fund_assets_farmers_pension_fund/
2026-09-30T22:38:47+00:00,520022963,"קופת הפנסיה לעובדי הדסה בע""מ",new_item,https://amitim.com/keren/investment_policy_pension_insurers/,נכסי הקרן,https://amitim.com/keren/fund_assets_pension_fund_building/
2026-09-30T22:38:47+00:00,520022963,"קופת הפנסיה לעובדי הדסה בע""מ",new_item,https://amitim.com/keren/investment_policy_pension_insurers/,נכסי הקרן,https://amitim.com/keren/fund_assets_kgm_pension_fund/
2026-09-30T22:38:47+00:00,520022963,"קופת הפנסיה לעובדי הדסה בע""מ",new_item,https://amitim.com/keren/investment_policy_pension_insurers/,נכסי הקרן,https://amitim.com/keren/fund_assets_nativ_pension_fund/
2026-09-30T22:38:47+00:00,520022963,"קופת הפנסיה לעובדי הדסה בע""מ",new_item,https://amitim.com/keren/investment_policy_pension_insurers/,נכסי הקרן,https://amitim.com/keren/fund_assets_egged_pension_fund/
2026-09-30T22:38:47+00:00,520022963,"קופת הפנסיה לעובדי הדסה בע""מ",new_item,https://amitim.com/keren/investment_policy_pension_insurers/,נכסי הקרן,https://amitim.com/keren/fund_assets_hadassah_pension_fund/
2026-09-30T22:38:47+00:00,520022963,"קופת הפנסיה לעובדי הדסה בע""מ",new_item,https://amitim.com/keren/investment_policy_pension_insurers/,נכסי הקופה,https://amitim.com/keren/fund_assets_provident_fund_insurers/
2026-09-30T22:38:47+00:00,520022963,"קופת הפנסיה לעובדי הדסה בע""מ",new_item,https://amitim.com/keren/investment_policy_pension_insurers/,נכסי הקופה,https://amitim.com/keren/fund_assets_makefet_provident_fund/
2026-09-30T22:38:47+00:00,520022963,"קופת הפנסיה לעובדי הדסה בע""מ",new_item,https://amitim.com/keren/investment_policy_pension_insurers/,נכסי הקופה,https://amitim.com/keren/fund_assets_farmers_provident_fund/
2026-09-30T22:38:47+00:00,520022963,"קופת הפנסיה לעובדי הדסה בע""מ",new_item,https://amitim.com/keren/investment_policy_pension_insurers/,נכסי הקופה,https://amitim.com/keren/fund_assets_provident_fund_building/
2026-09-30T22:38:47+00:00,520022963,"קופת הפנסיה לעובדי הדסה בע""מ",new_item,https://amitim.com/keren/investment_policy_pension_insurers/,משיכת כספים של עמית שנפטר,https://amitim.com/keren/withdrawing_funds_from_a_deceased_colleague_farmers_provident_fund/
2026-09-30T22:38:47+00:00,520022963,"קופת הפנסיה לעובדי הדסה בע""מ",new_item,https://amitim.com/keren/investment_policy_pension_insurers/,משיכת כספים של עמית שנפטר,https://amitim.com/keren/withdrawing_funds_from_a_deceased-colleague_provident_fund_building/
2026-09-30T22:38:47+00:00,520022963,"קופת הפנסיה לעובדי הדסה בע""מ",new_item,https://amitim.com/keren/investment_policy_pension_insurers/,מקפת,https://amitim.com/keren/about_the_fund_makefet_pension_fund/
2026-09-30T22:38:47+00:00,520022963,"קופת הפנסיה לעובדי הדסה בע""מ",new_item,https://amitim.com/keren/investment_policy_pension_insurers/,מידע סטטיסטי,https://amitim.com/keren/statistical_information_pension_insurers/
2026-09-30T22:38:47+00:00,520022963,"קופת הפנסיה לעובדי הדסה בע""מ",new_item,https://amitim.com/keren/investment_policy_pension_insurers/,מידע סטטיסטי,https://amitim.com/keren/statistical_information_pension_fund_circle/
2026-09-30T22:38:47+00:00,520022963,"קופת הפנסיה לעובדי הדסה בע""מ",new_item,https://amitim.com/keren/investment_policy_pension_insurers/,מידע סטטיסטי,https://amitim.com/keren/statistical_information_farmers_pension_fund/
2026-09-30T22:38:47+00:00,520022963,"קופת הפנסיה לעובדי הדסה בע""מ",new_item,https://amitim.com/keren/investment_policy_pension_insurers/,מידע סטטיסטי,https://amitim.com/statistical_information_pension_fund_building/
2026-09-30T22:38:47+00:00,520022963,"קופת הפנסיה לעובדי הדסה בע""מ",new_item,https://amitim.com/keren/investment_policy_pension_insurers/,מידע סטטיסטי,https://amitim.com/keren/statistical_information_kgm_pension_fund/
2026-09-30T22:38:47+00:00,520022963,"קופת הפנסיה לעובדי הדסה בע""מ",new_item,https://amitim.com/keren/investment_policy_pension_insurers/,מידע סטטיסטי,https://amitim.com/keren/statistical_information_nativ_pension_fund/
2026-09-30T22:38:47+00:00,520022963,"קופת הפנסיה לעובדי הדסה בע""מ",new_item,https://amitim.com/keren/investment_policy_pension_insurers/,מידע סטטיסטי,https://amitim.com/keren/statistical_information_egged_pension_fund/
2026-09-30T22:38:47+00:00,520022963,"קופת הפנסיה לעובדי הדסה בע""מ",new_item,https://amitim.com/keren/investment_policy_pension_insurers/,מידע סטטיסטי,https://amitim.com/keren/statistical_information_hadassah_pension_fund/
2026-09-30T22:38:47+00:00,520022963,"קופת הפנסיה לעובדי הדסה בע""מ",new_item,https://amitim.com/keren/investment_policy_pension_insurers/,מבטחים קרן פנסיה,https://amitim.com/keren/mivtahim-pensia-odot/
2026-09-30T22:38:47+00:00,520022963,"קופת הפנסיה לעובדי הדסה בע""מ",new_item,https://amitim.com/keren/investment_policy_pension_insurers/,מבטחים קופת גמל,https://amitim.com/keren/about_the_fund_mivtachim_provident_fund/
2026-09-30T22:38:47+00:00,520022963,"קופת הפנסיה לעובדי הדסה בע""מ",new_item,https://amitim.com/keren/investment_policy_pension_insurers/,יציאה לפנסיה,https://amitim.com/info-center/amitim/retirement/
2026-09-30T22:38:47+00:00,520022963,"קופת הפנסיה לעובדי הדסה בע""מ",new_item,https://amitim.com/keren/investment_policy_pension_insurers/,חקלאים,https://amitim.com/keren/about_the_fund_farmers_pension_fund/
2026-09-30T22:38:47+00:00,520022963,"קופת הפנסיה לעובדי הדסה בע""מ",new_item,https://amitim.com/keren/investment_policy_pension_insurers/,הצבעות באסיפות,https://amitim.com/keren/voting_at_meetings_pension_insurers/
2026-09-30T22:38:47+00:00,520022963,"קופת הפנסיה לעובדי הדסה בע""מ",new_item,https://amitim.com/keren/investment_policy_pension_insurers/,הצבעות באסיפות,https://amitim.com/keren/voting_at_meetings_provident_insurance/
2026-09-30T22:38:47+00:00,520022963,"קופת הפנסיה לעובדי הדסה בע""מ",new_item,https://amitim.com/keren/investment_policy_pension_insurers/,הצבעות באסיפות,https://amitim.com/keren/voting_at_meetings_pension_fund_circle/
2026-09-30T22:38:47+00:00,520022963,"קופת הפנסיה לעובדי הדסה בע""מ",new_item,https://amitim.com/keren/investment_policy_pension_insurers/,הצבעות באסיפות,https://amitim.com/keren/voting_at_meetings_provident_fund_circle/
2026-09-30T22:38:47+00:00,520022963,"קופת הפנסיה לעובדי הדסה בע""מ",new_item,https://amitim.com/keren/investment_policy_pension_insurers/,הצבעות באסיפות,https://amitim.com/keren/voting_at_meetings_farmers_pension_fund/
2026-09-30T22:38:47+00:00,520022963,"קופת הפנסיה לעובדי הדסה בע""מ",new_item,https://amitim.com/keren/investment_policy_pension_insurers/,הצבעות באסיפות,https://amitim.com/keren/voting_at_meetings_farmers_provident_fund/
2026-09-30T22:38:47+00:00,520022963,"קופת הפנסיה לעובדי הדסה בע""מ",new_item,https://amitim.com/keren/investment_policy_pension_insurers/,הצבעות באסיפות,https://amitim.com/keren/voting_at_meetings_pension_fund_building/
2026-09-30T22:38:47+00:00,520022963,"קופת הפנסיה לעובדי הדסה בע""מ",new_item,https://amitim.com/keren/investment_policy_pension_insurers/,הצבעות באסיפות,https://amitim.com/keren/voting_at_meetings_provident_fund-building/
2026-09-30T22:38:47+00:00,520022963,"קופת הפנסיה לעובדי הדסה בע""מ",new_item,https://amitim.com/keren/investment_policy_pension_insurers/,הצבעות באסיפות,https://amitim.com/keren/voting_at_meetings_kgm_pension-fund/
2026-09-30T22:38:47+00:00,520022963,"קופת הפנסיה לעובדי הדסה בע""מ",new_item,https://amitim.com/keren/investment_policy_pension_insurers/,הצבעות באסיפות,https://amitim.com/keren/voting_at_meetings_nativ_pension_fund/
2026-09-30T22:38:47+00:00,520022963,"קופת הפנסיה לעובדי הדסה בע""מ",new_item,https://amitim.com/keren/investment_policy_pension_insurers/,הצבעות באסיפות,https://amitim.com/keren/voting_at_meetings_egged_pension_fund/
2026-09-30T22:38:47+00:00,520022963,"קופת הפנסיה לעובדי הדסה בע""מ",new_item,https://amitim.com/keren/investment_policy_pension_insurers/,הצבעות באסיפות,https://amitim.com/keren/voting_at_meetings_hadassah_pension_fund/
2026-09-30T22:38:47+00:00,520022963,"קופת הפנסיה לעובדי הדסה בע""מ",new_item,https://amitim.com/keren/investment_policy_pension_insurers/,הפנסיה שלי,https://amitim.com/info-center/retirees/my_pension/
2026-09-30T22:38:47+00:00,520022963,"קופת הפנסיה לעובדי הדסה בע""מ",new_item,https://amitim.com/keren/investment_policy_pension_insurers/,החוק לחלוקת חיסכון פנסיוני,https://amitim.com/info-center/amitim/distribution_of_pension_savings/
2026-09-30T22:38:47+00:00,520022963,"קופת הפנסיה לעובדי הדסה בע""מ",new_item,https://amitim.com/keren/investment_policy_pension_insurers/,הדסה,https://amitim.com/keren/about-_he_fund_hadassah_pension_fund/
2026-09-30T22:38:47+00:00,520022963,"קופת הפנסיה לעובדי הדסה בע""מ",new_item,https://amitim.com/keren/investment_policy_pension_insurers/,דוחות כספיים,https://amitim.com/keren/financial_statements_provident_fund_insurers/
2026-09-30T22:38:47+00:00,520022963,"קופת הפנסיה לעובדי הדסה בע""מ",new_item,https://amitim.com/keren/investment_policy_pension_insurers/,דוחות כספיים,https://amitim.com/keren/financial_statements_pension_fund_overview/
2026-09-30T22:38:47+00:00,520022963,"קופת הפנסיה לעובדי הדסה בע""מ",new_item,https://amitim.com/keren/investment_policy_pension_insurers/,דוחות כספיים,https://amitim.com/keren/financial_statements_provident_fund_circle/
2026-09-30T22:38:47+00:00,520022963,"קופת הפנסיה לעובדי הדסה בע""מ",new_item,https://amitim.com/keren/investment_policy_pension_insurers/,גורמים קשורים,https://amitim.com/keren/related_parties_provident_fund_insurers/
2026-09-30T22:38:47+00:00,520022963,"קופת הפנסיה לעובדי הדסה בע""מ",new_item,https://amitim.com/keren/investment_policy_pension_insurers/,גורמים קשורים,https://amitim.com/keren/related_factors_pension_fund_circle/
2026-09-30T22:38:47+00:00,520022963,"קופת הפנסיה לעובדי הדסה בע""מ",new_item,https://amitim.com/keren/investment_policy_pension_insurers/,גורמים קשורים,https://amitim.com/keren/related_factors_provident_fund_circle/
2026-09-30T22:38:47+00:00,520022963,"קופת הפנסיה לעובדי הדסה בע""מ",new_item,https://amitim.com/keren/investment_policy_pension_insurers/,גורמים קשורים,https://amitim.com/keren/related_entities_farmers_pension_fund/
2026-09-30T22:38:47+00:00,520022963,"קופת הפנסיה לעובדי הדסה בע""מ",new_item,https://amitim.com/keren/investment_policy_pension_insurers/,גורמים קשורים,https://amitim.com/keren/related_entities_farmers_provident_fund/
2026-09-30T22:38:47+00:00,520022963,"קופת הפנסיה לעובדי הדסה בע""מ",new_item,https://amitim.com/keren/investment_policy_pension_insurers/,גורמים קשורים,https://amitim.com/keren/related_factors_pension_fund_building/
2026-09-30T22:38:47+00:00,520022963,"קופת הפנסיה לעובדי הדסה בע""מ",new_item,https://amitim.com/keren/investment_policy_pension_insurers/,גורמים קשורים,https://amitim.com/keren/related_entities_provident_fund_building/
2026-09-30T22:38:47+00:00,520022963,"קופת הפנסיה לעובדי הדסה בע""מ",new_item,https://amitim.com/keren/investment_policy_pension_insurers/,גורמים קשורים,https://amitim.com/keren/related_entities_kgm_pension_fund/
2026-09-30T22:38:47+00:00,520022963,"קופת הפנסיה לעובדי הדסה בע""מ",new_item,https://amitim.com/keren/investment_policy_pension_insurers/,גורמים קשורים,https://amitim.com/keren/related_entities_nativ_pension_fund/
2026-09-30T22:38:47+00:00,520022963,"קופת הפנסיה לעובדי הדסה בע""מ",new_item,https://amitim.com/keren/investment_policy_pension_insurers/,גורמים קשורים,https://amitim.com/keren/related_parties_egged_pension_fund/
2026-09-30T22:38:47+00:00,520022963,"קופת הפנסיה לעובדי הדסה בע""מ",new_item,https://amitim.com/keren/investment_policy_pension_insurers/,גורמים קשורים,https://amitim.com/keren/related_entities_hadassah_pension_fund/
2026-09-30T22:38:47+00:00,520022963,"קופת הפנסיה לעובדי הדסה בע""מ",new_item,https://amitim.com/keren/investment_policy_pension_insurers/,בניין,https://amitim.com/keren/about_the_fund_pension_fund_building/
2026-09-30T22:38:47+00:00,520022963,"קופת הפנסיה לעובדי הדסה בע""מ",new_item,https://amitim.com/keren/investment_policy_pension_insurers/,אודות הקרן,https://amitim.com/keren/about_the_fund_makefet_provident_fund/
2026-09-30T22:38:47+00:00,520022963,"קופת הפנסיה לעובדי הדסה בע""מ",new_item,https://amitim.com/keren/investment_policy_pension_insurers/,אודות הקרן,https://amitim.com/keren/about_the_fund_kgm_pension_fund/
2026-09-30T22:38:47+00:00,520022963,"קופת הפנסיה לעובדי הדסה בע""מ",new_item,https://amitim.com/keren/investment_policy_pension_insurers/,אודות הקופה,https://amitim.com/keren/about_the_fund_farmers_provident_fund/
2026-09-30T22:38:47+00:00,520022963,"קופת הפנסיה לעובדי הדסה בע""מ",new_item,https://amitim.com/keren/investment_policy_pension_insurers/,אודות הקופה,https://amitim.com/keren/about_the_fund_provident_fund_building/
2026-09-30T22:38:47+00:00,520022963,"קופת הפנסיה לעובדי הדסה בע""מ",new_item,https://amitim.com/keren/investment_policy_pension_insurers/,אגד,https://amitim.com/keren/about_the_fund_egged_pension_fund/
2026-09-30T22:38:47+00:00,520022963,"קופת הפנסיה לעובדי הדסה בע""מ",new_item,https://amitim.com/keren/investment_policy_pension_fund_circle/,קצבת שארים,https://amitim.com/info-center/amitim/survivors_pension/
2026-09-30T22:38:47+00:00,520022963,"קופת הפנסיה לעובדי הדסה בע""מ",new_item,https://amitim.com/keren/investment_policy_pension_fund_circle/,קצבת נכות,https://amitim.com/info-center/amitim/disability-pension/
2026-09-30T22:38:47+00:00,520022963,"קופת הפנסיה לעובדי הדסה בע""מ",new_item,https://amitim.com/keren/investment_policy_pension_fund_circle/,פרישה לפנסיה,https://amitim.com/info-center/employers/retirement/
2026-09-30T22:38:47+00:00,520022963,"קופת הפנסיה לעובדי הדסה בע""מ",new_item,https://amitim.com/keren/investment_policy_pension_fund_circle/,נתיב,https://amitim.com/keren/about_the_fund_nativ_pension_fund/
2026-09-30T22:38:47+00:00,520022963,"קופת הפנסיה לעובדי הדסה בע""מ",new_item,https://amitim.com/keren/investment_policy_pension_fund_circle/,נכסי הקרן,https://amitim.com/keren/fund_assets_makefet_pension_fund/
2026-09-30T22:38:47+00:00,520022963,"קופת הפנסיה לעובדי הדסה בע""מ",new_item,https://amitim.com/keren/investment_policy_pension_fund_circle/,נכסי הקרן,https://amitim.com/keren/fund_assets_farmers_pension_fund/
2026-09-30T22:38:47+00:00,520022963,"קופת הפנסיה לעובדי הדסה בע""מ",new_item,https://amitim.com/keren/investment_policy_pension_fund_circle/,נכסי הקרן,https://amitim.com/keren/fund_assets_pension_fund_building/
2026-09-30T22:38:47+00:00,520022963,"קופת הפנסיה לעובדי הדסה בע""מ",new_item,https://amitim.com/keren/investment_policy_pension_fund_circle/,נכסי הקרן,https://amitim.com/keren/fund_assets_kgm_pension_fund/
2026-09-30T22:38:47+00:00,520022963,"קופת הפנסיה לעובדי הדסה בע""מ",new_item,https://amitim.com/keren/investment_policy_pension_fund_circle/,נכסי הקרן,https://amitim.com/keren/fund_assets_nativ_pension_fund/
2026-09-30T22:38:47+00:00,520022963,"קופת הפנסיה לעובדי הדסה בע""מ",new_item,https://amitim.com/keren/investment_policy_pension_fund_circle/,נכסי הקרן,https://amitim.com/keren/fund_assets_egged_pension_fund/
2026-09-30T22:38:47+00:00,520022963,"קופת הפנסיה לעובדי הדסה בע""מ",new_item,https://amitim.com/keren/investment_policy_pension_fund_circle/,נכסי הקרן,https://amitim.com/keren/fund_assets_hadassah_pension_fund/
2026-09-30T22:38:47+00:00,520022963,"קופת הפנסיה לעובדי הדסה בע""מ",new_item,https://amitim.com/keren/investment_policy_pension_fund_circle/,נכסי הקופה,https://amitim.com/keren/fund_assets_provident_fund_insurers/
2026-09-30T22:38:47+00:00,520022963,"קופת הפנסיה לעובדי הדסה בע""מ",new_item,https://amitim.com/keren/investment_policy_pension_fund_circle/,נכסי הקופה,https://amitim.com/keren/fund_assets_makefet_provident_fund/
2026-09-30T22:38:47+00:00,520022963,"קופת הפנסיה לעובדי הדסה בע""מ",new_item,https://amitim.com/keren/investment_policy_pension_fund_circle/,נכסי הקופה,https://amitim.com/keren/fund_assets_farmers_provident_fund/
2026-09-30T22:38:47+00:00,520022963,"קופת הפנסיה לעובדי הדסה בע""מ",new_item,https://amitim.com/keren/investment_policy_pension_fund_circle/,נכסי הקופה,https://amitim.com/keren/fund_assets_provident_fund_building/
2026-09-30T22:38:47+00:00,520022963,"קופת הפנסיה לעובדי הדסה בע""מ",new_item,https://amitim.com/keren/investment_policy_pension_fund_circle/,משיכת כספים של עמית שנפטר,https://amitim.com/keren/withdrawing_funds_from_a_deceased_colleague_farmers_provident_fund/
2026-09-30T22:38:47+00:00,520022963,"קופת הפנסיה לעובדי הדסה בע""מ",new_item,https://amitim.com/keren/investment_policy_pension_fund_circle/,משיכת כספים של עמית שנפטר,https://amitim.com/keren/withdrawing_funds_from_a_deceased-colleague_provident_fund_building/
2026-09-30T22:38:47+00:00,520022963,"קופת הפנסיה לעובדי הדסה בע""מ",new_item,https://amitim.com/keren/investment_policy_pension_fund_circle/,מקפת קופת גמל,https://amitim.com/keren/about_the_fund_makefet_provident_fund/
2026-09-30T22:38:47+00:00,520022963,"קופת הפנסיה לעובדי הדסה בע""מ",new_item,https://amitim.com/keren/investment_policy_pension_fund_circle/,מקפת,https://amitim.com/keren/about_the_fund_makefet_pension_fund/
2026-09-30T22:38:47+00:00,520022963,"קופת הפנסיה לעובדי הדסה בע""מ",new_item,https://amitim.com/keren/investment_policy_pension_fund_circle/,מידע סטטיסטי,https://amitim.com/keren/statistical_information_pension_insurers/
2026-09-30T22:38:47+00:00,520022963,"קופת הפנסיה לעובדי הדסה בע""מ",new_item,https://amitim.com/keren/investment_policy_pension_fund_circle/,מידע סטטיסטי,https://amitim.com/keren/statistical_information_pension_fund_circle/
2026-09-30T22:38:47+00:00,520022963,"קופת הפנסיה לעובדי הדסה בע""מ",new_item,https://amitim.com/keren/investment_policy_pension_fund_circle/,מידע סטטיסטי,https://amitim.com/keren/statistical_information_farmers_pension_fund/
2026-09-30T22:38:47+00:00,520022963,"קופת הפנסיה לעובדי הדסה בע""מ",new_item,https://amitim.com/keren/investment_policy_pension_fund_circle/,מידע סטטיסטי,https://amitim.com/statistical_information_pension_fund_building/
2026-09-30T22:38:47+00:00,520022963,"קופת הפנסיה לעובדי הדסה בע""מ",new_item,https://amitim.com/keren/investment_policy_pension_fund_circle/,מידע סטטיסטי,https://amitim.com/keren/statistical_information_kgm_pension_fund/
2026-09-30T22:38:47+00:00,520022963,"קופת הפנסיה לעובדי הדסה בע""מ",new_item,https://amitim.com/keren/investment_policy_pension_fund_circle/,מידע סטטיסטי,https://amitim.com/keren/statistical_information_nativ_pension_fund/
2026-09-30T22:38:47+00:00,520022963,"קופת הפנסיה לעובדי הדסה בע""מ",new_item,https://amitim.com/keren/investment_policy_pension_fund_circle/,מידע סטטיסטי,https://amitim.com/keren/statistical_information_egged_pension_fund/
2026-09-30T22:38:47+00:00,520022963,"קופת הפנסיה לעובדי הדסה בע""מ",new_item,https://amitim.com/keren/investment_policy_pension_fund_circle/,מידע סטטיסטי,https://amitim.com/keren/statistical_information_hadassah_pension_fund/
2026-09-30T22:38:47+00:00,520022963,"קופת הפנסיה לעובדי הדסה בע""מ",new_item,https://amitim.com/keren/investment_policy_pension_fund_circle/,יציאה לפנסיה,https://amitim.com/info-center/amitim/retirement/
2026-09-30T22:38:47+00:00,520022963,"קופת הפנסיה לעובדי הדסה בע""מ",new_item,https://amitim.com/keren/investment_policy_pension_fund_circle/,חקלאים,https://amitim.com/keren/about_the_fund_farmers_pension_fund/
2026-09-30T22:38:47+00:00,520022963,"קופת הפנסיה לעובדי הדסה בע""מ",new_item,https://amitim.com/keren/investment_policy_pension_fund_circle/,הצבעות באסיפות,https://amitim.com/keren/voting_at_meetings_pension_insurers/
2026-09-30T22:38:47+00:00,520022963,"קופת הפנסיה לעובדי הדסה בע""מ",new_item,https://amitim.com/keren/investment_policy_pension_fund_circle/,הצבעות באסיפות,https://amitim.com/keren/voting_at_meetings_provident_insurance/
2026-09-30T22:38:47+00:00,520022963,"קופת הפנסיה לעובדי הדסה בע""מ",new_item,https://amitim.com/keren/investment_policy_pension_fund_circle/,הצבעות באסיפות,https://amitim.com/keren/voting_at_meetings_pension_fund_circle/
2026-09-30T22:38:47+00:00,520022963,"קופת הפנסיה לעובדי הדסה בע""מ",new_item,https://amitim.com/keren/investment_policy_pension_fund_circle/,הצבעות באסיפות,https://amitim.com/keren/voting_at_meetings_provident_fund_circle/
2026-09-30T22:38:47+00:00,520022963,"קופת הפנסיה לעובדי הדסה בע""מ",new_item,https://amitim.com/keren/investment_policy_pension_fund_circle/,הצבעות באסיפות,https://amitim.com/keren/voting_at_meetings_farmers_pension_fund/
2026-09-30T22:38:47+00:00,520022963,"קופת הפנסיה לעובדי הדסה בע""מ",new_item,https://amitim.com/keren/investment_policy_pension_fund_circle/,הצבעות באסיפות,https://amitim.com/keren/voting_at_meetings_farmers_provident_fund/
2026-09-30T22:38:47+00:00,520022963,"קופת הפנסיה לעובדי הדסה בע""מ",new_item,https://amitim.com/keren/investment_policy_pension_fund_circle/,הצבעות באסיפות,https://amitim.com/keren/voting_at_meetings_pension_fund_building/
2026-09-30T22:38:47+00:00,520022963,"קופת הפנסיה לעובדי הדסה בע""מ",new_item,https://amitim.com/keren/investment_policy_pension_fund_circle/,הצבעות באסיפות,https://amitim.com/keren/voting_at_meetings_provident_fund-building/
2026-09-30T22:38:47+00:00,520022963,"קופת הפנסיה לעובדי הדסה בע""מ",new_item,https://amitim.com/keren/investment_policy_pension_fund_circle/,הצבעות באסיפות,https://amitim.com/keren/voting_at_meetings_kgm_pension-fund/
2026-09-30T22:38:47+00:00,520022963,"קופת הפנסיה לעובדי הדסה בע""מ",new_item,https://amitim.com/keren/investment_policy_pension_fund_circle/,הצבעות באסיפות,https://amitim.com/keren/voting_at_meetings_nativ_pension_fund/
2026-09-30T22:38:47+00:00,520022963,"קופת הפנסיה לעובדי הדסה בע""מ",new_item,https://amitim.com/keren/investment_policy_pension_fund_circle/,הצבעות באסיפות,https://amitim.com/keren/voting_at_meetings_egged_pension_fund/
2026-09-30T22:38:47+00:00,520022963,"קופת הפנסיה לעובדי הדסה בע""מ",new_item,https://amitim.com/keren/investment_policy_pension_fund_circle/,הצבעות באסיפות,https://amitim.com/keren/voting_at_meetings_hadassah_pension_fund/
2026-09-30T22:38:47+00:00,520022963,"קופת הפנסיה לעובדי הדסה בע""מ",new_item,https://amitim.com/keren/investment_policy_pension_fund_circle/,הפנסיה שלי,https://amitim.com/info-center/retirees/my_pension/
2026-09-30T22:38:47+00:00,520022963,"קופת הפנסיה לעובדי הדסה בע""מ",new_item,https://amitim.com/keren/investment_policy_pension_fund_circle/,החוק לחלוקת חיסכון פנסיוני,https://amitim.com/info-center/amitim/distribution_of_pension_savings/
2026-09-30T22:38:47+00:00,520022963,"קופת הפנסיה לעובדי הדסה בע""מ",new_item,https://amitim.com/keren/investment_policy_pension_fund_circle/,הדסה,https://amitim.com/keren/about-_he_fund_hadassah_pension_fund/
2026-09-30T22:38:47+00:00,520022963,"קופת הפנסיה לעובדי הדסה בע""מ",new_item,https://amitim.com/keren/investment_policy_pension_fund_circle/,דוחות כספיים,https://amitim.com/keren/financial_statements_provident_fund_insurers/
2026-09-30T22:38:47+00:00,520022963,"קופת הפנסיה לעובדי הדסה בע""מ",new_item,https://amitim.com/keren/investment_policy_pension_fund_circle/,דוחות כספיים,https://amitim.com/keren/financial_statements_pension_fund_overview/
2026-09-30T22:38:47+00:00,520022963,"קופת הפנסיה לעובדי הדסה בע""מ",new_item,https://amitim.com/keren/investment_policy_pension_fund_circle/,דוחות כספיים,https://amitim.com/keren/financial_statements_provident_fund_circle/
2026-09-30T22:38:47+00:00,520022963,"קופת הפנסיה לעובדי הדסה בע""מ",new_item,https://amitim.com/keren/investment_policy_pension_fund_circle/,גורמים קשורים,https://amitim.com/keren/related_parties_provident_fund_insurers/
2026-09-30T22:38:47+00:00,520022963,"קופת הפנסיה לעובדי הדסה בע""מ",new_item,https://amitim.com/keren/investment_policy_pension_fund_circle/,גורמים קשורים,https://amitim.com/keren/related_factors_pension_fund_circle/
2026-09-30T22:38:47+00:00,520022963,"קופת הפנסיה לעובדי הדסה בע""מ",new_item,https://amitim.com/keren/investment_policy_pension_fund_circle/,גורמים קשורים,https://amitim.com/keren/related_factors_provident_fund_circle/
2026-09-30T22:38:47+00:00,520022963,"קופת הפנסיה לעובדי הדסה בע""מ",new_item,https://amitim.com/keren/investment_policy_pension_fund_circle/,גורמים קשורים,https://amitim.com/keren/related_entities_farmers_pension_fund/
2026-09-30T22:38:47+00:00,520022963,"קופת הפנסיה לעובדי הדסה בע""מ",new_item,https://amitim.com/keren/investment_policy_pension_fund_circle/,גורמים קשורים,https://amitim.com/keren/related_entities_farmers_provident_fund/
2026-09-30T22:38:47+00:00,520022963,"קופת הפנסיה לעובדי הדסה בע""מ",new_item,https://amitim.com/keren/investment_policy_pension_fund_circle/,גורמים קשורים,https://amitim.com/keren/related_factors_pension_fund_building/
2026-09-30T22:38:47+00:00,520022963,"קופת הפנסיה לעובדי הדסה בע""מ",new_item,https://amitim.com/keren/investment_policy_pension_fund_circle/,גורמים קשורים,https://amitim.com/keren/related_entities_provident_fund_building/
2026-09-30T22:38:47+00:00,520022963,"קופת הפנסיה לעובדי הדסה בע""מ",new_item,https://amitim.com/keren/investment_policy_pension_fund_circle/,גורמים קשורים,https://amitim.com/keren/related_entities_kgm_pension_fund/
2026-09-30T22:38:47+00:00,520022963,"קופת הפנסיה לעובדי הדסה בע""מ",new_item,https://amitim.com/keren/investment_policy_pension_fund_circle/,גורמים קשורים,https://amitim.com/keren/related_entities_nativ_pension_fund/
2026-09-30T22:38:47+00:00,520022963,"קופת הפנסיה לעובדי הדסה בע""מ",new_item,https://amitim.com/keren/investment_policy_pension_fund_circle/,גורמים קשורים,https://amitim.com/keren/related_parties_egged_pension_fund/
2026-09-30T22:38:47+00:00,520022963,"קופת הפנסיה לעובדי הדסה בע""מ",new_item,https://amitim.com/keren/investment_policy_pension_fund_circle/,גורמים קשורים,https://amitim.com/keren/related_entities_hadassah_pension_fund/
2026-09-30T22:38:47+00:00,520022963,"קופת הפנסיה לעובדי הדסה בע""מ",new_item,https://amitim.com/keren/investment_policy_pension_fund_circle/,בניין,https://amitim.com/keren/about_the_fund_pension_fund_building/
2026-09-30T22:38:47+00:00,520022963,"קופת הפנסיה לעובדי הדסה בע""מ",new_item,https://amitim.com/keren/investment_policy_pension_fund_circle/,אודות הקרן,https://amitim.com/keren/about_the_fund_mivtachim_provident_fund/
2026-09-30T22:38:47+00:00,520022963,"קופת הפנסיה לעובדי הדסה בע""מ",new_item,https://amitim.com/keren/investment_policy_pension_fund_circle/,אודות הקרן,https://amitim.com/keren/about_the_fund_kgm_pension_fund/
2026-09-30T22:38:47+00:00,520022963,"קופת הפנסיה לעובדי הדסה בע""מ",new_item,https://amitim.com/keren/investment_policy_pension_fund_circle/,אודות הקופה,https://amitim.com/keren/about_the_fund_farmers_provident_fund/
2026-09-30T22:38:47+00:00,520022963,"קופת הפנסיה לעובדי הדסה בע""מ",new_item,https://amitim.com/keren/investment_policy_pension_fund_circle/,אודות הקופה,https://amitim.com/keren/about_the_fund_provident_fund_building/
2026-09-30T22:38:47+00:00,520022963,"קופת הפנסיה לעובדי הדסה בע""מ",new_item,https://amitim.com/keren/investment_policy_pension_fund_circle/,אגד,https://amitim.com/keren/about_the_fund_egged_pension_fund/
2026-09-30T22:38:47+00:00,520022963,"קופת הפנסיה לעובדי הדסה בע""מ",new_item,https://amitim.com/keren/investment_policy_provident_fund_building//,קצבת שארים,https://amitim.com/info-center/amitim/survivors_pension/
2026-09-30T22:38:47+00:00,520022963,"קופת הפנסיה לעובדי הדסה בע""מ",new_item,https://amitim.com/keren/investment_policy_provident_fund_building//,קצבת נכות,https://amitim.com/info-center/amitim/disability-pension/
2026-09-30T22:38:47+00:00,520022963,"קופת הפנסיה לעובדי הדסה בע""מ",new_item,https://amitim.com/keren/investment_policy_provident_fund_building//,פרישה לפנסיה,https://amitim.com/info-center/employers/retirement/
2026-09-30T22:38:47+00:00,520022963,"קופת הפנסיה לעובדי הדסה בע""מ",new_item,https://amitim.com/keren/investment_policy_provident_fund_building//,נתיב,https://amitim.com/keren/about_the_fund_nativ_pension_fund/
2026-09-30T22:38:47+00:00,520022963,"קופת הפנסיה לעובדי הדסה בע""מ",new_item,https://amitim.com/keren/investment_policy_provident_fund_building//,נכסי הקרן,https://amitim.com/keren/fund_assets_makefet_pension_fund/
2026-09-30T22:38:47+00:00,520022963,"קופת הפנסיה לעובדי הדסה בע""מ",new_item,https://amitim.com/keren/investment_policy_provident_fund_building//,נכסי הקרן,https://amitim.com/keren/fund_assets_farmers_pension_fund/
2026-09-30T22:38:47+00:00,520022963,"קופת הפנסיה לעובדי הדסה בע""מ",new_item,https://amitim.com/keren/investment_policy_provident_fund_building//,נכסי הקרן,https://amitim.com/keren/fund_assets_pension_fund_building/
2026-09-30T22:38:47+00:00,520022963,"קופת הפנסיה לעובדי הדסה בע""מ",new_item,https://amitim.com/keren/investment_policy_provident_fund_building//,נכסי הקרן,https://amitim.com/keren/fund_assets_provident_fund_building/
2026-09-30T22:38:47+00:00,520022963,"קופת הפנסיה לעובדי הדסה בע""מ",new_item,https://amitim.com/keren/investment_policy_provident_fund_building//,נכסי הקרן,https://amitim.com/keren/fund_assets_kgm_pension_fund/
2026-09-30T22:38:47+00:00,520022963,"קופת הפנסיה לעובדי הדסה בע""מ",new_item,https://amitim.com/keren/investment_policy_provident_fund_building//,נכסי הקרן,https://amitim.com/keren/fund_assets_nativ_pension_fund/
2026-09-30T22:38:47+00:00,520022963,"קופת הפנסיה לעובדי הדסה בע""מ",new_item,https://amitim.com/keren/investment_policy_provident_fund_building//,נכסי הקרן,https://amitim.com/keren/fund_assets_egged_pension_fund/
2026-09-30T22:38:47+00:00,520022963,"קופת הפנסיה לעובדי הדסה בע""מ",new_item,https://amitim.com/keren/investment_policy_provident_fund_building//,נכסי הקרן,https://amitim.com/keren/fund_assets_hadassah_pension_fund/
2026-09-30T22:38:47+00:00,520022963,"קופת הפנסיה לעובדי הדסה בע""מ",new_item,https://amitim.com/keren/investment_policy_provident_fund_building//,נכסי הקופה,https://amitim.com/keren/fund_assets_provident_fund_insurers/
2026-09-30T22:38:47+00:00,520022963,"קופת הפנסיה לעובדי הדסה בע""מ",new_item,https://amitim.com/keren/investment_policy_provident_fund_building//,נכסי הקופה,https://amitim.com/keren/fund_assets_makefet_provident_fund/
2026-09-30T22:38:47+00:00,520022963,"קופת הפנסיה לעובדי הדסה בע""מ",new_item,https://amitim.com/keren/investment_policy_provident_fund_building//,נכסי הקופה,https://amitim.com/keren/fund_assets_farmers_provident_fund/
2026-09-30T22:38:47+00:00,520022963,"קופת הפנסיה לעובדי הדסה בע""מ",new_item,https://amitim.com/keren/investment_policy_provident_fund_building//,משיכת כספים של עמית שנפטר,https://amitim.com/keren/withdrawing_funds_from_a_deceased_colleague_farmers_provident_fund/
2026-09-30T22:38:47+00:00,520022963,"קופת הפנסיה לעובדי הדסה בע""מ",new_item,https://amitim.com/keren/investment_policy_provident_fund_building//,משיכת כספים של עמית שנפטר,https://amitim.com/keren/withdrawing_funds_from_a_deceased-colleague_provident_fund_building/
2026-09-30T22:38:47+00:00,520022963,"קופת הפנסיה לעובדי הדסה בע""מ",new_item,https://amitim.com/keren/investment_policy_provident_fund_building//,מקפת,https://amitim.com/keren/about_the_fund_makefet_pension_fund/
2026-09-30T22:38:47+00:00,520022963,"קופת הפנסיה לעובדי הדסה בע""מ",new_item,https://amitim.com/keren/investment_policy_provident_fund_building//,מידע סטטיסטי,https://amitim.com/keren/statistical_information_pension_insurers/
2026-09-30T22:38:47+00:00,520022963,"קופת הפנסיה לעובדי הדסה בע""מ",new_item,https://amitim.com/keren/investment_policy_provident_fund_building//,מידע סטטיסטי,https://amitim.com/keren/statistical_information_pension_fund_circle/
2026-09-30T22:38:47+00:00,520022963,"קופת הפנסיה לעובדי הדסה בע""מ",new_item,https://amitim.com/keren/investment_policy_provident_fund_building//,מידע סטטיסטי,https://amitim.com/keren/statistical_information_farmers_pension_fund/
2026-09-30T22:38:47+00:00,520022963,"קופת הפנסיה לעובדי הדסה בע""מ",new_item,https://amitim.com/keren/investment_policy_provident_fund_building//,מידע סטטיסטי,https://amitim.com/statistical_information_pension_fund_building/
2026-09-30T22:38:47+00:00,520022963,"קופת הפנסיה לעובדי הדסה בע""מ",new_item,https://amitim.com/keren/investment_policy_provident_fund_building//,מידע סטטיסטי,https://amitim.com/keren/statistical_information_kgm_pension_fund/
2026-09-30T22:38:47+00:00,520022963,"קופת הפנסיה לעובדי הדסה בע""מ",new_item,https://amitim.com/keren/investment_policy_provident_fund_building//,מידע סטטיסטי,https://amitim.com/keren/statistical_information_nativ_pension_fund/
2026-09-30T22:38:47+00:00,520022963,"קופת הפנסיה לעובדי הדסה בע""מ",new_item,https://amitim.com/keren/investment_policy_provident_fund_building//,מידע סטטיסטי,https://amitim.com/keren/statistical_information_egged_pension_fund/
2026-09-30T22:38:47+00:00,520022963,"קופת הפנסיה לעובדי הדסה בע""מ",new_item,https://amitim.com/keren/investment_policy_provident_fund_building//,מידע סטטיסטי,https://amitim.com/keren/statistical_information_hadassah_pension_fund/
2026-09-30T22:38:47+00:00,520022963,"קופת הפנסיה לעובדי הדסה בע""מ",new_item,https://amitim.com/keren/investment_policy_provident_fund_building//,יציאה לפנסיה,https://amitim.com/info-center/amitim/retirement/
2026-09-30T22:38:47+00:00,520022963,"קופת הפנסיה לעובדי הדסה בע""מ",new_item,https://amitim.com/keren/investment_policy_provident_fund_building//,חקלאים,https://amitim.com/keren/about_the_fund_farmers_pension_fund/
2026-09-30T22:38:47+00:00,520022963,"קופת הפנסיה לעובדי הדסה בע""מ",new_item,https://amitim.com/keren/investment_policy_provident_fund_building//,הצבעות באסיפות,https://amitim.com/keren/voting_at_meetings_pension_insurers/
2026-09-30T22:38:47+00:00,520022963,"קופת הפנסיה לעובדי הדסה בע""מ",new_item,https://amitim.com/keren/investment_policy_provident_fund_building//,הצבעות באסיפות,https://amitim.com/keren/voting_at_meetings_provident_insurance/
2026-09-30T22:38:47+00:00,520022963,"קופת הפנסיה לעובדי הדסה בע""מ",new_item,https://amitim.com/keren/investment_policy_provident_fund_building//,הצבעות באסיפות,https://amitim.com/keren/voting_at_meetings_pension_fund_circle/
2026-09-30T22:38:47+00:00,520022963,"קופת הפנסיה לעובדי הדסה בע""מ",new_item,https://amitim.com/keren/investment_policy_provident_fund_building//,הצבעות באסיפות,https://amitim.com/keren/voting_at_meetings_provident_fund_circle/
2026-09-30T22:38:47+00:00,520022963,"קופת הפנסיה לעובדי הדסה בע""מ",new_item,https://amitim.com/keren/investment_policy_provident_fund_building//,הצבעות באסיפות,https://amitim.com/keren/voting_at_meetings_farmers_pension_fund/
2026-09-30T22:38:47+00:00,520022963,"קופת הפנסיה לעובדי הדסה בע""מ",new_item,https://amitim.com/keren/investment_policy_provident_fund_building//,הצבעות באסיפות,https://amitim.com/keren/voting_at_meetings_farmers_provident_fund/
2026-09-30T22:38:47+00:00,520022963,"קופת הפנסיה לעובדי הדסה בע""מ",new_item,https://amitim.com/keren/investment_policy_provident_fund_building//,הצבעות באסיפות,https://amitim.com/keren/voting_at_meetings_pension_fund_building/
2026-09-30T22:38:47+00:00,520022963,"קופת הפנסיה לעובדי הדסה בע""מ",new_item,https://amitim.com/keren/investment_policy_provident_fund_building//,הצבעות באסיפות,https://amitim.com/keren/voting_at_meetings_provident_fund-building/
2026-09-30T22:38:47+00:00,520022963,"קופת הפנסיה לעובדי הדסה בע""מ",new_item,https://amitim.com/keren/investment_policy_provident_fund_building//,הצבעות באסיפות,https://amitim.com/keren/voting_at_meetings_kgm_pension-fund/
2026-09-30T22:38:47+00:00,520022963,"קופת הפנסיה לעובדי הדסה בע""מ",new_item,https://amitim.com/keren/investment_policy_provident_fund_building//,הצבעות באסיפות,https://amitim.com/keren/voting_at_meetings_nativ_pension_fund/
2026-09-30T22:38:47+00:00,520022963,"קופת הפנסיה לעובדי הדסה בע""מ",new_item,https://amitim.com/keren/investment_policy_provident_fund_building//,הצבעות באסיפות,https://amitim.com/keren/voting_at_meetings_egged_pension_fund/
2026-09-30T22:38:47+00:00,520022963,"קופת הפנסיה לעובדי הדסה בע""מ",new_item,https://amitim.com/keren/investment_policy_provident_fund_building//,הצבעות באסיפות,https://amitim.com/keren/voting_at_meetings_hadassah_pension_fund/
2026-09-30T22:38:47+00:00,520022963,"קופת הפנסיה לעובדי הדסה בע""מ",new_item,https://amitim.com/keren/investment_policy_provident_fund_building//,הפנסיה שלי,https://amitim.com/info-center/retirees/my_pension/
2026-09-30T22:38:47+00:00,520022963,"קופת הפנסיה לעובדי הדסה בע""מ",new_item,https://amitim.com/keren/investment_policy_provident_fund_building//,החוק לחלוקת חיסכון פנסיוני,https://amitim.com/info-center/amitim/distribution_of_pension_savings/
2026-09-30T22:38:47+00:00,520022963,"קופת הפנסיה לעובדי הדסה בע""מ",new_item,https://amitim.com/keren/investment_policy_provident_fund_building//,הדסה,https://amitim.com/keren/about-_he_fund_hadassah_pension_fund/
2026-09-30T22:38:47+00:00,520022963,"קופת הפנסיה לעובדי הדסה בע""מ",new_item,https://amitim.com/keren/investment_policy_provident_fund_building//,דוחות כספיים,https://amitim.com/keren/financial_statements_provident_fund_insurers/
2026-09-30T22:38:47+00:00,520022963,"קופת הפנסיה לעובדי הדסה בע""מ",new_item,https://amitim.com/keren/investment_policy_provident_fund_building//,דוחות כספיים,https://amitim.com/keren/financial_statements_pension_fund_overview/
2026-09-30T22:38:47+00:00,520022963,"קופת הפנסיה לעובדי הדסה בע""מ",new_item,https://amitim.com/keren/investment_policy_provident_fund_building//,דוחות כספיים,https://amitim.com/keren/financial_statements_provident_fund_circle/
2026-09-30T22:38:47+00:00,520022963,"קופת הפנסיה לעובדי הדסה בע""מ",new_item,https://amitim.com/keren/investment_policy_provident_fund_building//,דוחות כספיים,https://amitim.com/keren/financial_statements_provident_fund_building/
2026-09-30T22:38:47+00:00,520022963,"קופת הפנסיה לעובדי הדסה בע""מ",new_item,https://amitim.com/keren/investment_policy_provident_fund_building//,גורמים קשורים,https://amitim.com/keren/related_parties_provident_fund_insurers/
2026-09-30T22:38:47+00:00,520022963,"קופת הפנסיה לעובדי הדסה בע""מ",new_item,https://amitim.com/keren/investment_policy_provident_fund_building//,גורמים קשורים,https://amitim.com/keren/related_factors_pension_fund_circle/
2026-09-30T22:38:47+00:00,520022963,"קופת הפנסיה לעובדי הדסה בע""מ",new_item,https://amitim.com/keren/investment_policy_provident_fund_building//,גורמים קשורים,https://amitim.com/keren/related_factors_provident_fund_circle/
2026-09-30T22:38:47+00:00,520022963,"קופת הפנסיה לעובדי הדסה בע""מ",new_item,https://amitim.com/keren/investment_policy_provident_fund_building//,גורמים קשורים,https://amitim.com/keren/related_entities_farmers_pension_fund/
2026-09-30T22:38:47+00:00,520022963,"קופת הפנסיה לעובדי הדסה בע""מ",new_item,https://amitim.com/keren/investment_policy_provident_fund_building//,גורמים קשורים,https://amitim.com/keren/related_entities_farmers_provident_fund/
2026-09-30T22:38:47+00:00,520022963,"קופת הפנסיה לעובדי הדסה בע""מ",new_item,https://amitim.com/keren/investment_policy_provident_fund_building//,גורמים קשורים,https://amitim.com/keren/related_factors_pension_fund_building/
2026-09-30T22:38:47+00:00,520022963,"קופת הפנסיה לעובדי הדסה בע""מ",new_item,https://amitim.com/keren/investment_policy_provident_fund_building//,גורמים קשורים,https://amitim.com/keren/related_entities_provident_fund_building/
2026-09-30T22:38:47+00:00,520022963,"קופת הפנסיה לעובדי הדסה בע""מ",new_item,https://amitim.com/keren/investment_policy_provident_fund_building//,גורמים קשורים,https://amitim.com/keren/related_entities_kgm_pension_fund/
2026-09-30T22:38:47+00:00,520022963,"קופת הפנסיה לעובדי הדסה בע""מ",new_item,https://amitim.com/keren/investment_policy_provident_fund_building//,גורמים קשורים,https://amitim.com/keren/related_entities_nativ_pension_fund/
2026-09-30T22:38:47+00:00,520022963,"קופת הפנסיה לעובדי הדסה בע""מ",new_item,https://amitim.com/keren/investment_policy_provident_fund_building//,גורמים קשורים,https://amitim.com/keren/related_parties_egged_pension_fund/
2026-09-30T22:38:47+00:00,520022963,"קופת הפנסיה לעובדי הדסה בע""מ",new_item,https://amitim.com/keren/investment_policy_provident_fund_building//,גורמים קשורים,https://amitim.com/keren/related_entities_hadassah_pension_fund/
2026-09-30T22:38:47+00:00,520022963,"קופת הפנסיה לעובדי הדסה בע""מ",new_item,https://amitim.com/keren/investment_policy_provident_fund_building//,בניין קופת גמל,https://amitim.com/keren/about_the_fund_provident_fund_building/
2026-09-30T22:38:47+00:00,520022963,"קופת הפנסיה לעובדי הדסה בע""מ",new_item,https://amitim.com/keren/investment_policy_provident_fund_building//,בניין,https://amitim.com/keren/about_the_fund_pension_fund_building/
2026-09-30T22:38:47+00:00,520022963,"קופת הפנסיה לעובדי הדסה בע""מ",new_item,https://amitim.com/keren/investment_policy_provident_fund_building//,אודות הקרן,https://amitim.com/keren/about_the_fund_mivtachim_provident_fund/
2026-09-30T22:38:47+00:00,520022963,"קופת הפנסיה לעובדי הדסה בע""מ",new_item,https://amitim.com/keren/investment_policy_provident_fund_building//,אודות הקרן,https://amitim.com/keren/about_the_fund_makefet_provident_fund/
2026-09-30T22:38:47+00:00,520022963,"קופת הפנסיה לעובדי הדסה בע""מ",new_item,https://amitim.com/keren/investment_policy_provident_fund_building//,אודות הקרן,https://amitim.com/keren/about_the_fund_kgm_pension_fund/
2026-09-30T22:38:47+00:00,520022963,"קופת הפנסיה לעובדי הדסה בע""מ",new_item,https://amitim.com/keren/investment_policy_provident_fund_building//,אודות הקופה,https://amitim.com/keren/about_the_fund_farmers_provident_fund/
2026-09-30T22:38:47+00:00,520022963,"קופת הפנסיה לעובדי הדסה בע""מ",new_item,https://amitim.com/keren/investment_policy_provident_fund_building//,אגד,https://amitim.com/keren/about_the_fund_egged_pension_fund/
2026-09-30T22:38:47+00:00,520022963,"קופת הפנסיה לעובדי הדסה בע""מ",new_item,https://amitim.com/keren/investment_policy_nativ_pension_fund/m/keren/about_the_fund_kgm_pension_fund/,קצבת שארים,https://amitim.com/info-center/amitim/survivors_pension/
2026-09-30T22:38:47+00:00,520022963,"קופת הפנסיה לעובדי הדסה בע""מ",new_item,https://amitim.com/keren/investment_policy_nativ_pension_fund/m/keren/about_the_fund_kgm_pension_fund/,קצבת נכות,https://amitim.com/info-center/amitim/disability-pension/
2026-09-30T22:38:47+00:00,520022963,"קופת הפנסיה לעובדי הדסה בע""מ",new_item,https://amitim.com/keren/investment_policy_nativ_pension_fund/m/keren/about_the_fund_kgm_pension_fund/,קגמ קרן פנסיה,https://amitim.com/keren/about_the_fund_kgm_pension_fund/
2026-09-30T22:38:47+00:00,520022963,"קופת הפנסיה לעובדי הדסה בע""מ",new_item,https://amitim.com/keren/investment_policy_nativ_pension_fund/m/keren/about_the_fund_kgm_pension_fund/,פרישה לפנסיה,https://amitim.com/info-center/employers/retirement/
2026-09-30T22:38:47+00:00,520022963,"קופת הפנסיה לעובדי הדסה בע""מ",new_item,https://amitim.com/keren/investment_policy_nativ_pension_fund/m/keren/about_the_fund_kgm_pension_fund/,נתיב,https://amitim.com/keren/about_the_fund_nativ_pension_fund/
2026-09-30T22:38:47+00:00,520022963,"קופת הפנסיה לעובדי הדסה בע""מ",new_item,https://amitim.com/keren/investment_policy_nativ_pension_fund/m/keren/about_the_fund_kgm_pension_fund/,נכסי הקרן,https://amitim.com/keren/fund_assets_makefet_pension_fund/
2026-09-30T22:38:47+00:00,520022963,"קופת הפנסיה לעובדי הדסה בע""מ",new_item,https://amitim.com/keren/investment_policy_nativ_pension_fund/m/keren/about_the_fund_kgm_pension_fund/,נכסי הקרן,https://amitim.com/keren/fund_assets_farmers_pension_fund/
2026-09-30T22:38:47+00:00,520022963,"קופת הפנסיה לעובדי הדסה בע""מ",new_item,https://amitim.com/keren/investment_policy_nativ_pension_fund/m/keren/about_the_fund_kgm_pension_fund/,נכסי הקרן,https://amitim.com/keren/fund_assets_pension_fund_building/
2026-09-30T22:38:47+00:00,520022963,"קופת הפנסיה לעובדי הדסה בע""מ",new_item,https://amitim.com/keren/investment_policy_nativ_pension_fund/m/keren/about_the_fund_kgm_pension_fund/,נכסי הקרן,https://amitim.com/keren/fund_assets_kgm_pension_fund/
2026-09-30T22:38:47+00:00,520022963,"קופת הפנסיה לעובדי הדסה בע""מ",new_item,https://amitim.com/keren/investment_policy_nativ_pension_fund/m/keren/about_the_fund_kgm_pension_fund/,נכסי הקרן,https://amitim.com/keren/fund_assets_nativ_pension_fund/
2026-09-30T22:38:47+00:00,520022963,"קופת הפנסיה לעובדי הדסה בע""מ",new_item,https://amitim.com/keren/investment_policy_nativ_pension_fund/m/keren/about_the_fund_kgm_pension_fund/,נכסי הקרן,https://amitim.com/keren/fund_assets_egged_pension_fund/
2026-09-30T22:38:47+00:00,520022963,"קופת הפנסיה לעובדי הדסה בע""מ",new_item,https://amitim.com/keren/investment_policy_nativ_pension_fund/m/keren/about_the_fund_kgm_pension_fund/,נכסי הקרן,https://amitim.com/keren/fund_assets_hadassah_pension_fund/
2026-09-30T22:38:47+00:00,520022963,"קופת הפנסיה לעובדי הדסה בע""מ",new_item,https://amitim.com/keren/investment_policy_nativ_pension_fund/m/keren/about_the_fund_kgm_pension_fund/,נכסי הקופה,https://amitim.com/keren/fund_assets_provident_fund_insurers/
2026-09-30T22:38:47+00:00,520022963,"קופת הפנסיה לעובדי הדסה בע""מ",new_item,https://amitim.com/keren/investment_policy_nativ_pension_fund/m/keren/about_the_fund_kgm_pension_fund/,נכסי הקופה,https://amitim.com/keren/fund_assets_makefet_provident_fund/
2026-09-30T22:38:47+00:00,520022963,"קופת הפנסיה לעובדי הדסה בע""מ",new_item,https://amitim.com/keren/investment_policy_nativ_pension_fund/m/keren/about_the_fund_kgm_pension_fund/,נכסי הקופה,https://amitim.com/keren/fund_assets_farmers_provident_fund/
2026-09-30T22:38:47+00:00,520022963,"קופת הפנסיה לעובדי הדסה בע""מ",new_item,https://amitim.com/keren/investment_policy_nativ_pension_fund/m/keren/about_the_fund_kgm_pension_fund/,נכסי הקופה,https://amitim.com/keren/fund_assets_provident_fund_building/
2026-09-30T22:38:47+00:00,520022963,"קופת הפנסיה לעובדי הדסה בע""מ",new_item,https://amitim.com/keren/investment_policy_nativ_pension_fund/m/keren/about_the_fund_kgm_pension_fund/,משיכת כספים של עמית שנפטר,https://amitim.com/keren/withdrawing_funds_from_a_deceased_colleague_farmers_provident_fund/
2026-09-30T22:38:47+00:00,520022963,"קופת הפנסיה לעובדי הדסה בע""מ",new_item,https://amitim.com/keren/investment_policy_nativ_pension_fund/m/keren/about_the_fund_kgm_pension_fund/,משיכת כספים של עמית שנפטר,https://amitim.com/keren/withdrawing_funds_from_a_deceased-colleague_provident_fund_building/
2026-09-30T22:38:47+00:00,520022963,"קופת הפנסיה לעובדי הדסה בע""מ",new_item,https://amitim.com/keren/investment_policy_nativ_pension_fund/m/keren/about_the_fund_kgm_pension_fund/,מקפת,https://amitim.com/keren/about_the_fund_makefet_pension_fund/
2026-09-30T22:38:47+00:00,520022963,"קופת הפנסיה לעובדי הדסה בע""מ",new_item,https://amitim.com/keren/investment_policy_nativ_pension_fund/m/keren/about_the_fund_kgm_pension_fund/,מידע סטטיסטי,https://amitim.com/keren/statistical_information_pension_insurers/
2026-09-30T22:38:47+00:00,520022963,"קופת הפנסיה לעובדי הדסה בע""מ",new_item,https://amitim.com/keren/investment_policy_nativ_pension_fund/m/keren/about_the_fund_kgm_pension_fund/,מידע סטטיסטי,https://amitim.com/keren/statistical_information_pension_fund_circle/
2026-09-30T22:38:47+00:00,520022963,"קופת הפנסיה לעובדי הדסה בע""מ",new_item,https://amitim.com/keren/investment_policy_nativ_pension_fund/m/keren/about_the_fund_kgm_pension_fund/,מידע סטטיסטי,https://amitim.com/keren/statistical_information_farmers_pension_fund/
2026-09-30T22:38:47+00:00,520022963,"קופת הפנסיה לעובדי הדסה בע""מ",new_item,https://amitim.com/keren/investment_policy_nativ_pension_fund/m/keren/about_the_fund_kgm_pension_fund/,מידע סטטיסטי,https://amitim.com/statistical_information_pension_fund_building/
2026-09-30T22:38:47+00:00,520022963,"קופת הפנסיה לעובדי הדסה בע""מ",new_item,https://amitim.com/keren/investment_policy_nativ_pension_fund/m/keren/about_the_fund_kgm_pension_fund/,מידע סטטיסטי,https://amitim.com/keren/statistical_information_kgm_pension_fund/
2026-09-30T22:38:47+00:00,520022963,"קופת הפנסיה לעובדי הדסה בע""מ",new_item,https://amitim.com/keren/investment_policy_nativ_pension_fund/m/keren/about_the_fund_kgm_pension_fund/,מידע סטטיסטי,https://amitim.com/keren/statistical_information_nativ_pension_fund/
2026-09-30T22:38:47+00:00,520022963,"קופת הפנסיה לעובדי הדסה בע""מ",new_item,https://amitim.com/keren/investment_policy_nativ_pension_fund/m/keren/about_the_fund_kgm_pension_fund/,מידע סטטיסטי,https://amitim.com/keren/statistical_information_egged_pension_fund/
2026-09-30T22:38:47+00:00,520022963,"קופת הפנסיה לעובדי הדסה בע""מ",new_item,https://amitim.com/keren/investment_policy_nativ_pension_fund/m/keren/about_the_fund_kgm_pension_fund/,מידע סטטיסטי,https://amitim.com/keren/statistical_information_hadassah_pension_fund/
2026-09-30T22:38:47+00:00,520022963,"קופת הפנסיה לעובדי הדסה בע""מ",new_item,https://amitim.com/keren/investment_policy_nativ_pension_fund/m/keren/about_the_fund_kgm_pension_fund/,יציאה לפנסיה,https://amitim.com/info-center/amitim/retirement/
2026-09-30T22:38:47+00:00,520022963,"קופת הפנסיה לעובדי הדסה בע""מ",new_item,https://amitim.com/keren/investment_policy_nativ_pension_fund/m/keren/about_the_fund_kgm_pension_fund/,חקלאים,https://amitim.com/keren/about_the_fund_farmers_pension_fund/
2026-09-30T22:38:47+00:00,520022963,"קופת הפנסיה לעובדי הדסה בע""מ",new_item,https://amitim.com/keren/investment_policy_nativ_pension_fund/m/keren/about_the_fund_kgm_pension_fund/,הצבעות באסיפות,https://amitim.com/keren/voting_at_meetings_pension_insurers/
2026-09-30T22:38:47+00:00,520022963,"קופת הפנסיה לעובדי הדסה בע""מ",new_item,https://amitim.com/keren/investment_policy_nativ_pension_fund/m/keren/about_the_fund_kgm_pension_fund/,הצבעות באסיפות,https://amitim.com/keren/voting_at_meetings_provident_insurance/
2026-09-30T22:38:47+00:00,520022963,"קופת הפנסיה לעובדי הדסה בע""מ",new_item,https://amitim.com/keren/investment_policy_nativ_pension_fund/m/keren/about_the_fund_kgm_pension_fund/,הצבעות באסיפות,https://amitim.com/keren/voting_at_meetings_pension_fund_circle/
2026-09-30T22:38:47+00:00,520022963,"קופת הפנסיה לעובדי הדסה בע""מ",new_item,https://amitim.com/keren/investment_policy_nativ_pension_fund/m/keren/about_the_fund_kgm_pension_fund/,הצבעות באסיפות,https://amitim.com/keren/voting_at_meetings_provident_fund_circle/
2026-09-30T22:38:47+00:00,520022963,"קופת הפנסיה לעובדי הדסה בע""מ",new_item,https://amitim.com/keren/investment_policy_nativ_pension_fund/m/keren/about_the_fund_kgm_pension_fund/,הצבעות באסיפות,https://amitim.com/keren/voting_at_meetings_farmers_pension_fund/
2026-09-30T22:38:47+00:00,520022963,"קופת הפנסיה לעובדי הדסה בע""מ",new_item,https://amitim.com/keren/investment_policy_nativ_pension_fund/m/keren/about_the_fund_kgm_pension_fund/,הצבעות באסיפות,https://amitim.com/keren/voting_at_meetings_farmers_provident_fund/
2026-09-30T22:38:47+00:00,520022963,"קופת הפנסיה לעובדי הדסה בע""מ",new_item,https://amitim.com/keren/investment_policy_nativ_pension_fund/m/keren/about_the_fund_kgm_pension_fund/,הצבעות באסיפות,https://amitim.com/keren/voting_at_meetings_pension_fund_building/
2026-09-30T22:38:47+00:00,520022963,"קופת הפנסיה לעובדי הדסה בע""מ",new_item,https://amitim.com/keren/investment_policy_nativ_pension_fund/m/keren/about_the_fund_kgm_pension_fund/,הצבעות באסיפות,https://amitim.com/keren/voting_at_meetings_provident_fund-building/
2026-09-30T22:38:47+00:00,520022963,"קופת הפנסיה לעובדי הדסה בע""מ",new_item,https://amitim.com/keren/investment_policy_nativ_pension_fund/m/keren/about_the_fund_kgm_pension_fund/,הצבעות באסיפות,https://amitim.com/keren/voting_at_meetings_kgm_pension-fund/
2026-09-30T22:38:47+00:00,520022963,"קופת הפנסיה לעובדי הדסה בע""מ",new_item,https://amitim.com/keren/investment_policy_nativ_pension_fund/m/keren/about_the_fund_kgm_pension_fund/,הצבעות באסיפות,https://amitim.com/keren/voting_at_meetings_nativ_pension_fund/
2026-09-30T22:38:47+00:00,520022963,"קופת הפנסיה לעובדי הדסה בע""מ",new_item,https://amitim.com/keren/investment_policy_nativ_pension_fund/m/keren/about_the_fund_kgm_pension_fund/,הצבעות באסיפות,https://amitim.com/keren/voting_at_meetings_egged_pension_fund/
2026-09-30T22:38:47+00:00,520022963,"קופת הפנסיה לעובדי הדסה בע""מ",new_item,https://amitim.com/keren/investment_policy_nativ_pension_fund/m/keren/about_the_fund_kgm_pension_fund/,הצבעות באסיפות,https://amitim.com/keren/voting_at_meetings_hadassah_pension_fund/
2026-09-30T22:38:47+00:00,520022963,"קופת הפנסיה לעובדי הדסה בע""מ",new_item,https://amitim.com/keren/investment_policy_nativ_pension_fund/m/keren/about_the_fund_kgm_pension_fund/,הפנסיה שלי,https://amitim.com/info-center/retirees/my_pension/
2026-09-30T22:38:47+00:00,520022963,"קופת הפנסיה לעובדי הדסה בע""מ",new_item,https://amitim.com/keren/investment_policy_nativ_pension_fund/m/keren/about_the_fund_kgm_pension_fund/,החוק לחלוקת חיסכון פנסיוני,https://amitim.com/info-center/amitim/distribution_of_pension_savings/
2026-09-30T22:38:47+00:00,520022963,"קופת הפנסיה לעובדי הדסה בע""מ",new_item,https://amitim.com/keren/investment_policy_nativ_pension_fund/m/keren/about_the_fund_kgm_pension_fund/,הדסה,https://amitim.com/keren/about-_he_fund_hadassah_pension_fund/
2026-09-30T22:38:47+00:00,520022963,"קופת הפנסיה לעובדי הדסה בע""מ",new_item,https://amitim.com/keren/investment_policy_nativ_pension_fund/m/keren/about_the_fund_kgm_pension_fund/,דוחות כספיים,https://amitim.com/keren/financial_statements_provident_fund_insurers/
2026-09-30T22:38:47+00:00,520022963,"קופת הפנסיה לעובדי הדסה בע""מ",new_item,https://amitim.com/keren/investment_policy_nativ_pension_fund/m/keren/about_the_fund_kgm_pension_fund/,דוחות כספיים,https://amitim.com/keren/financial_statements_pension_fund_overview/
2026-09-30T22:38:47+00:00,520022963,"קופת הפנסיה לעובדי הדסה בע""מ",new_item,https://amitim.com/keren/investment_policy_nativ_pension_fund/m/keren/about_the_fund_kgm_pension_fund/,דוחות כספיים,https://amitim.com/keren/financial_statements_provident_fund_circle/
2026-09-30T22:38:47+00:00,520022963,"קופת הפנסיה לעובדי הדסה בע""מ",new_item,https://amitim.com/keren/investment_policy_nativ_pension_fund/m/keren/about_the_fund_kgm_pension_fund/,דוחות כספיים,https://amitim.com/keren/financial_statements_kgm_pension_fund/
2026-09-30T22:38:47+00:00,520022963,"קופת הפנסיה לעובדי הדסה בע""מ",new_item,https://amitim.com/keren/investment_policy_nativ_pension_fund/m/keren/about_the_fund_kgm_pension_fund/,גורמים קשורים,https://amitim.com/keren/related_parties_provident_fund_insurers/
2026-09-30T22:38:47+00:00,520022963,"קופת הפנסיה לעובדי הדסה בע""מ",new_item,https://amitim.com/keren/investment_policy_nativ_pension_fund/m/keren/about_the_fund_kgm_pension_fund/,גורמים קשורים,https://amitim.com/keren/related_factors_pension_fund_circle/
2026-09-30T22:38:47+00:00,520022963,"קופת הפנסיה לעובדי הדסה בע""מ",new_item,https://amitim.com/keren/investment_policy_nativ_pension_fund/m/keren/about_the_fund_kgm_pension_fund/,גורמים קשורים,https://amitim.com/keren/related_factors_provident_fund_circle/
2026-09-30T22:38:47+00:00,520022963,"קופת הפנסיה לעובדי הדסה בע""מ",new_item,https://amitim.com/keren/investment_policy_nativ_pension_fund/m/keren/about_the_fund_kgm_pension_fund/,גורמים קשורים,https://amitim.com/keren/related_entities_farmers_pension_fund/
2026-09-30T22:38:47+00:00,520022963,"קופת הפנסיה לעובדי הדסה בע""מ",new_item,https://amitim.com/keren/investment_policy_nativ_pension_fund/m/keren/about_the_fund_kgm_pension_fund/,גורמים קשורים,https://amitim.com/keren/related_entities_farmers_provident_fund/
2026-09-30T22:38:47+00:00,520022963,"קופת הפנסיה לעובדי הדסה בע""מ",new_item,https://amitim.com/keren/investment_policy_nativ_pension_fund/m/keren/about_the_fund_kgm_pension_fund/,גורמים קשורים,https://amitim.com/keren/related_factors_pension_fund_building/
2026-09-30T22:38:47+00:00,520022963,"קופת הפנסיה לעובדי הדסה בע""מ",new_item,https://amitim.com/keren/investment_policy_nativ_pension_fund/m/keren/about_the_fund_kgm_pension_fund/,גורמים קשורים,https://amitim.com/keren/related_entities_provident_fund_building/
2026-09-30T22:38:47+00:00,520022963,"קופת הפנסיה לעובדי הדסה בע""מ",new_item,https://amitim.com/keren/investment_policy_nativ_pension_fund/m/keren/about_the_fund_kgm_pension_fund/,גורמים קשורים,https://amitim.com/keren/related_entities_kgm_pension_fund/
2026-09-30T22:38:47+00:00,520022963,"קופת הפנסיה לעובדי הדסה בע""מ",new_item,https://amitim.com/keren/investment_policy_nativ_pension_fund/m/keren/about_the_fund_kgm_pension_fund/,גורמים קשורים,https://amitim.com/keren/related_entities_nativ_pension_fund/
2026-09-30T22:38:47+00:00,520022963,"קופת הפנסיה לעובדי הדסה בע""מ",new_item,https://amitim.com/keren/investment_policy_nativ_pension_fund/m/keren/about_the_fund_kgm_pension_fund/,גורמים קשורים,https://amitim.com/keren/related_parties_egged_pension_fund/
2026-09-30T22:38:47+00:00,520022963,"קופת הפנסיה לעובדי הדסה בע""מ",new_item,https://amitim.com/keren/investment_policy_nativ_pension_fund/m/keren/about_the_fund_kgm_pension_fund/,גורמים קשורים,https://amitim.com/keren/related_entities_hadassah_pension_fund/
2026-09-30T22:38:47+00:00,520022963,"קופת הפנסיה לעובדי הדסה בע""מ",new_item,https://amitim.com/keren/investment_policy_nativ_pension_fund/m/keren/about_the_fund_kgm_pension_fund/,בניין,https://amitim.com/keren/about_the_fund_pension_fund_building/
2026-09-30T22:38:47+00:00,520022963,"קופת הפנסיה לעובדי הדסה בע""מ",new_item,https://amitim.com/keren/investment_policy_nativ_pension_fund/m/keren/about_the_fund_kgm_pension_fund/,אודות הקרן,https://amitim.com/keren/about_the_fund_mivtachim_provident_fund/
2026-09-30T22:38:47+00:00,520022963,"קופת הפנסיה לעובדי הדסה בע""מ",new_item,https://amitim.com/keren/investment_policy_nativ_pension_fund/m/keren/about_the_fund_kgm_pension_fund/,אודות הקרן,https://amitim.com/keren/about_the_fund_makefet_provident_fund/
2026-09-30T22:38:47+00:00,520022963,"קופת הפנסיה לעובדי הדסה בע""מ",new_item,https://amitim.com/keren/investment_policy_nativ_pension_fund/m/keren/about_the_fund_kgm_pension_fund/,אודות הקופה,https://amitim.com/keren/about_the_fund_farmers_provident_fund/
2026-09-30T22:38:47+00:00,520022963,"קופת הפנסיה לעובדי הדסה בע""מ",new_item,https://amitim.com/keren/investment_policy_nativ_pension_fund/m/keren/about_the_fund_kgm_pension_fund/,אודות הקופה,https://amitim.com/keren/about_the_fund_provident_fund_building/
2026-09-30T22:38:47+00:00,520022963,"קופת הפנסיה לעובדי הדסה בע""מ",new_item,https://amitim.com/keren/investment_policy_nativ_pension_fund/m/keren/about_the_fund_kgm_pension_fund/,אגד,https://amitim.com/keren/about_the_fund_egged_pension_fund/
2026-09-30T22:38:47+00:00,520022963,"קופת הפנסיה לעובדי הדסה בע""מ",new_item,https://amitim.com/keren/investment_policy_egged_pension_fund/m/keren/about_the_fund_kgm_pension_fund/,קצבת שארים,https://amitim.com/info-center/amitim/survivors_pension/
2026-09-30T22:38:47+00:00,520022963,"קופת הפנסיה לעובדי הדסה בע""מ",new_item,https://amitim.com/keren/investment_policy_egged_pension_fund/m/keren/about_the_fund_kgm_pension_fund/,קצבת נכות,https://amitim.com/info-center/amitim/disability-pension/
2026-09-30T22:38:47+00:00,520022963,"קופת הפנסיה לעובדי הדסה בע""מ",new_item,https://amitim.com/keren/investment_policy_egged_pension_fund/m/keren/about_the_fund_kgm_pension_fund/,קגמ קרן פנסיה,https://amitim.com/keren/about_the_fund_kgm_pension_fund/
2026-09-30T22:38:47+00:00,520022963,"קופת הפנסיה לעובדי הדסה בע""מ",new_item,https://amitim.com/keren/investment_policy_egged_pension_fund/m/keren/about_the_fund_kgm_pension_fund/,פרישה לפנסיה,https://amitim.com/info-center/employers/retirement/
2026-09-30T22:38:47+00:00,520022963,"קופת הפנסיה לעובדי הדסה בע""מ",new_item,https://amitim.com/keren/investment_policy_egged_pension_fund/m/keren/about_the_fund_kgm_pension_fund/,נתיב,https://amitim.com/keren/about_the_fund_nativ_pension_fund/
2026-09-30T22:38:47+00:00,520022963,"קופת הפנסיה לעובדי הדסה בע""מ",new_item,https://amitim.com/keren/investment_policy_egged_pension_fund/m/keren/about_the_fund_kgm_pension_fund/,נכסי הקרן,https://amitim.com/keren/fund_assets_makefet_pension_fund/
2026-09-30T22:38:47+00:00,520022963,"קופת הפנסיה לעובדי הדסה בע""מ",new_item,https://amitim.com/keren/investment_policy_egged_pension_fund/m/keren/about_the_fund_kgm_pension_fund/,נכסי הקרן,https://amitim.com/keren/fund_assets_farmers_pension_fund/
2026-09-30T22:38:47+00:00,520022963,"קופת הפנסיה לעובדי הדסה בע""מ",new_item,https://amitim.com/keren/investment_policy_egged_pension_fund/m/keren/about_the_fund_kgm_pension_fund/,נכסי הקרן,https://amitim.com/keren/fund_assets_pension_fund_building/
2026-09-30T22:38:47+00:00,520022963,"קופת הפנסיה לעובדי הדסה בע""מ",new_item,https://amitim.com/keren/investment_policy_egged_pension_fund/m/keren/about_the_fund_kgm_pension_fund/,נכסי הקרן,https://amitim.com/keren/fund_assets_kgm_pension_fund/
2026-09-30T22:38:47+00:00,520022963,"קופת הפנסיה לעובדי הדסה בע""מ",new_item,https://amitim.com/keren/investment_policy_egged_pension_fund/m/keren/about_the_fund_kgm_pension_fund/,נכסי הקרן,https://amitim.com/keren/fund_assets_nativ_pension_fund/
2026-09-30T22:38:47+00:00,520022963,"קופת הפנסיה לעובדי הדסה בע""מ",new_item,https://amitim.com/keren/investment_policy_egged_pension_fund/m/keren/about_the_fund_kgm_pension_fund/,נכסי הקרן,https://amitim.com/keren/fund_assets_egged_pension_fund/
2026-09-30T22:38:47+00:00,520022963,"קופת הפנסיה לעובדי הדסה בע""מ",new_item,https://amitim.com/keren/investment_policy_egged_pension_fund/m/keren/about_the_fund_kgm_pension_fund/,נכסי הקרן,https://amitim.com/keren/fund_assets_hadassah_pension_fund/
2026-09-30T22:38:47+00:00,520022963,"קופת הפנסיה לעובדי הדסה בע""מ",new_item,https://amitim.com/keren/investment_policy_egged_pension_fund/m/keren/about_the_fund_kgm_pension_fund/,נכסי הקופה,https://amitim.com/keren/fund_assets_provident_fund_insurers/
2026-09-30T22:38:47+00:00,520022963,"קופת הפנסיה לעובדי הדסה בע""מ",new_item,https://amitim.com/keren/investment_policy_egged_pension_fund/m/keren/about_the_fund_kgm_pension_fund/,נכסי הקופה,https://amitim.com/keren/fund_assets_makefet_provident_fund/
2026-09-30T22:38:47+00:00,520022963,"קופת הפנסיה לעובדי הדסה בע""מ",new_item,https://amitim.com/keren/investment_policy_egged_pension_fund/m/keren/about_the_fund_kgm_pension_fund/,נכסי הקופה,https://amitim.com/keren/fund_assets_farmers_provident_fund/
2026-09-30T22:38:47+00:00,520022963,"קופת הפנסיה לעובדי הדסה בע""מ",new_item,https://amitim.com/keren/investment_policy_egged_pension_fund/m/keren/about_the_fund_kgm_pension_fund/,נכסי הקופה,https://amitim.com/keren/fund_assets_provident_fund_building/
2026-09-30T22:38:47+00:00,520022963,"קופת הפנסיה לעובדי הדסה בע""מ",new_item,https://amitim.com/keren/investment_policy_egged_pension_fund/m/keren/about_the_fund_kgm_pension_fund/,משיכת כספים של עמית שנפטר,https://amitim.com/keren/withdrawing_funds_from_a_deceased_colleague_farmers_provident_fund/
2026-09-30T22:38:47+00:00,520022963,"קופת הפנסיה לעובדי הדסה בע""מ",new_item,https://amitim.com/keren/investment_policy_egged_pension_fund/m/keren/about_the_fund_kgm_pension_fund/,משיכת כספים של עמית שנפטר,https://amitim.com/keren/withdrawing_funds_from_a_deceased-colleague_provident_fund_building/
2026-09-30T22:38:47+00:00,520022963,"קופת הפנסיה לעובדי הדסה בע""מ",new_item,https://amitim.com/keren/investment_policy_egged_pension_fund/m/keren/about_the_fund_kgm_pension_fund/,מקפת,https://amitim.com/keren/about_the_fund_makefet_pension_fund/
2026-09-30T22:38:47+00:00,520022963,"קופת הפנסיה לעובדי הדסה בע""מ",new_item,https://amitim.com/keren/investment_policy_egged_pension_fund/m/keren/about_the_fund_kgm_pension_fund/,מידע סטטיסטי,https://amitim.com/keren/statistical_information_pension_insurers/
2026-09-30T22:38:47+00:00,520022963,"קופת הפנסיה לעובדי הדסה בע""מ",new_item,https://amitim.com/keren/investment_policy_egged_pension_fund/m/keren/about_the_fund_kgm_pension_fund/,מידע סטטיסטי,https://amitim.com/keren/statistical_information_pension_fund_circle/
2026-09-30T22:38:47+00:00,520022963,"קופת הפנסיה לעובדי הדסה בע""מ",new_item,https://amitim.com/keren/investment_policy_egged_pension_fund/m/keren/about_the_fund_kgm_pension_fund/,מידע סטטיסטי,https://amitim.com/keren/statistical_information_farmers_pension_fund/
2026-09-30T22:38:47+00:00,520022963,"קופת הפנסיה לעובדי הדסה בע""מ",new_item,https://amitim.com/keren/investment_policy_egged_pension_fund/m/keren/about_the_fund_kgm_pension_fund/,מידע סטטיסטי,https://amitim.com/statistical_information_pension_fund_building/
2026-09-30T22:38:47+00:00,520022963,"קופת הפנסיה לעובדי הדסה בע""מ",new_item,https://amitim.com/keren/investment_policy_egged_pension_fund/m/keren/about_the_fund_kgm_pension_fund/,מידע סטטיסטי,https://amitim.com/keren/statistical_information_kgm_pension_fund/
2026-09-30T22:38:47+00:00,520022963,"קופת הפנסיה לעובדי הדסה בע""מ",new_item,https://amitim.com/keren/investment_policy_egged_pension_fund/m/keren/about_the_fund_kgm_pension_fund/,מידע סטטיסטי,https://amitim.com/keren/statistical_information_nativ_pension_fund/
2026-09-30T22:38:47+00:00,520022963,"קופת הפנסיה לעובדי הדסה בע""מ",new_item,https://amitim.com/keren/investment_policy_egged_pension_fund/m/keren/about_the_fund_kgm_pension_fund/,מידע סטטיסטי,https://amitim.com/keren/statistical_information_egged_pension_fund/
2026-09-30T22:38:47+00:00,520022963,"קופת הפנסיה לעובדי הדסה בע""מ",new_item,https://amitim.com/keren/investment_policy_egged_pension_fund/m/keren/about_the_fund_kgm_pension_fund/,מידע סטטיסטי,https://amitim.com/keren/statistical_information_hadassah_pension_fund/
2026-09-30T22:38:47+00:00,520022963,"קופת הפנסיה לעובדי הדסה בע""מ",new_item,https://amitim.com/keren/investment_policy_egged_pension_fund/m/keren/about_the_fund_kgm_pension_fund/,יציאה לפנסיה,https://amitim.com/info-center/amitim/retirement/
2026-09-30T22:38:47+00:00,520022963,"קופת הפנסיה לעובדי הדסה בע""מ",new_item,https://amitim.com/keren/investment_policy_egged_pension_fund/m/keren/about_the_fund_kgm_pension_fund/,חקלאים,https://amitim.com/keren/about_the_fund_farmers_pension_fund/
2026-09-30T22:38:47+00:00,520022963,"קופת הפנסיה לעובדי הדסה בע""מ",new_item,https://amitim.com/keren/investment_policy_egged_pension_fund/m/keren/about_the_fund_kgm_pension_fund/,הצבעות באסיפות,https://amitim.com/keren/voting_at_meetings_pension_insurers/
2026-09-30T22:38:47+00:00,520022963,"קופת הפנסיה לעובדי הדסה בע""מ",new_item,https://amitim.com/keren/investment_policy_egged_pension_fund/m/keren/about_the_fund_kgm_pension_fund/,הצבעות באסיפות,https://amitim.com/keren/voting_at_meetings_provident_insurance/
2026-09-30T22:38:47+00:00,520022963,"קופת הפנסיה לעובדי הדסה בע""מ",new_item,https://amitim.com/keren/investment_policy_egged_pension_fund/m/keren/about_the_fund_kgm_pension_fund/,הצבעות באסיפות,https://amitim.com/keren/voting_at_meetings_pension_fund_circle/
2026-09-30T22:38:47+00:00,520022963,"קופת הפנסיה לעובדי הדסה בע""מ",new_item,https://amitim.com/keren/investment_policy_egged_pension_fund/m/keren/about_the_fund_kgm_pension_fund/,הצבעות באסיפות,https://amitim.com/keren/voting_at_meetings_provident_fund_circle/
2026-09-30T22:38:47+00:00,520022963,"קופת הפנסיה לעובדי הדסה בע""מ",new_item,https://amitim.com/keren/investment_policy_egged_pension_fund/m/keren/about_the_fund_kgm_pension_fund/,הצבעות באסיפות,https://amitim.com/keren/voting_at_meetings_farmers_pension_fund/
2026-09-30T22:38:47+00:00,520022963,"קופת הפנסיה לעובדי הדסה בע""מ",new_item,https://amitim.com/keren/investment_policy_egged_pension_fund/m/keren/about_the_fund_kgm_pension_fund/,הצבעות באסיפות,https://amitim.com/keren/voting_at_meetings_farmers_provident_fund/
2026-09-30T22:38:47+00:00,520022963,"קופת הפנסיה לעובדי הדסה בע""מ",new_item,https://amitim.com/keren/investment_policy_egged_pension_fund/m/keren/about_the_fund_kgm_pension_fund/,הצבעות באסיפות,https://amitim.com/keren/voting_at_meetings_pension_fund_building/
2026-09-30T22:38:47+00:00,520022963,"קופת הפנסיה לעובדי הדסה בע""מ",new_item,https://amitim.com/keren/investment_policy_egged_pension_fund/m/keren/about_the_fund_kgm_pension_fund/,הצבעות באסיפות,https://amitim.com/keren/voting_at_meetings_provident_fund-building/
2026-09-30T22:38:47+00:00,520022963,"קופת הפנסיה לעובדי הדסה בע""מ",new_item,https://amitim.com/keren/investment_policy_egged_pension_fund/m/keren/about_the_fund_kgm_pension_fund/,הצבעות באסיפות,https://amitim.com/keren/voting_at_meetings_kgm_pension-fund/
2026-09-30T22:38:47+00:00,520022963,"קופת הפנסיה לעובדי הדסה בע""מ",new_item,https://amitim.com/keren/investment_policy_egged_pension_fund/m/keren/about_the_fund_kgm_pension_fund/,הצבעות באסיפות,https://amitim.com/keren/voting_at_meetings_nativ_pension_fund/
2026-09-30T22:38:47+00:00,520022963,"קופת הפנסיה לעובדי הדסה בע""מ",new_item,https://amitim.com/keren/investment_policy_egged_pension_fund/m/keren/about_the_fund_kgm_pension_fund/,הצבעות באסיפות,https://amitim.com/keren/voting_at_meetings_egged_pension_fund/
2026-09-30T22:38:47+00:00,520022963,"קופת הפנסיה לעובדי הדסה בע""מ",new_item,https://amitim.com/keren/investment_policy_egged_pension_fund/m/keren/about_the_fund_kgm_pension_fund/,הצבעות באסיפות,https://amitim.com/keren/voting_at_meetings_hadassah_pension_fund/
2026-09-30T22:38:47+00:00,520022963,"קופת הפנסיה לעובדי הדסה בע""מ",new_item,https://amitim.com/keren/investment_policy_egged_pension_fund/m/keren/about_the_fund_kgm_pension_fund/,הפנסיה שלי,https://amitim.com/info-center/retirees/my_pension/
2026-09-30T22:38:47+00:00,520022963,"קופת הפנסיה לעובדי הדסה בע""מ",new_item,https://amitim.com/keren/investment_policy_egged_pension_fund/m/keren/about_the_fund_kgm_pension_fund/,החוק לחלוקת חיסכון פנסיוני,https://amitim.com/info-center/amitim/distribution_of_pension_savings/
2026-09-30T22:38:47+00:00,520022963,"קופת הפנסיה לעובדי הדסה בע""מ",new_item,https://amitim.com/keren/investment_policy_egged_pension_fund/m/keren/about_the_fund_kgm_pension_fund/,הדסה,https://amitim.com/keren/about-_he_fund_hadassah_pension_fund/
2026-09-30T22:38:47+00:00,520022963,"קופת הפנסיה לעובדי הדסה בע""מ",new_item,https://amitim.com/keren/investment_policy_egged_pension_fund/m/keren/about_the_fund_kgm_pension_fund/,דוחות כספיים,https://amitim.com/keren/financial_statements_provident_fund_insurers/
2026-09-30T22:38:47+00:00,520022963,"קופת הפנסיה לעובדי הדסה בע""מ",new_item,https://amitim.com/keren/investment_policy_egged_pension_fund/m/keren/about_the_fund_kgm_pension_fund/,דוחות כספיים,https://amitim.com/keren/financial_statements_pension_fund_overview/
2026-09-30T22:38:47+00:00,520022963,"קופת הפנסיה לעובדי הדסה בע""מ",new_item,https://amitim.com/keren/investment_policy_egged_pension_fund/m/keren/about_the_fund_kgm_pension_fund/,דוחות כספיים,https://amitim.com/keren/financial_statements_provident_fund_circle/
2026-09-30T22:38:47+00:00,520022963,"קופת הפנסיה לעובדי הדסה בע""מ",new_item,https://amitim.com/keren/investment_policy_egged_pension_fund/m/keren/about_the_fund_kgm_pension_fund/,דוחות כספיים,https://amitim.com/keren/financial_statements_kgm_pension_fund/
2026-09-30T22:38:47+00:00,520022963,"קופת הפנסיה לעובדי הדסה בע""מ",new_item,https://amitim.com/keren/investment_policy_egged_pension_fund/m/keren/about_the_fund_kgm_pension_fund/,גורמים קשורים,https://amitim.com/keren/related_parties_provident_fund_insurers/
2026-09-30T22:38:47+00:00,520022963,"קופת הפנסיה לעובדי הדסה בע""מ",new_item,https://amitim.com/keren/investment_policy_egged_pension_fund/m/keren/about_the_fund_kgm_pension_fund/,גורמים קשורים,https://amitim.com/keren/related_factors_pension_fund_circle/
2026-09-30T22:38:47+00:00,520022963,"קופת הפנסיה לעובדי הדסה בע""מ",new_item,https://amitim.com/keren/investment_policy_egged_pension_fund/m/keren/about_the_fund_kgm_pension_fund/,גורמים קשורים,https://amitim.com/keren/related_factors_provident_fund_circle/
2026-09-30T22:38:47+00:00,520022963,"קופת הפנסיה לעובדי הדסה בע""מ",new_item,https://amitim.com/keren/investment_policy_egged_pension_fund/m/keren/about_the_fund_kgm_pension_fund/,גורמים קשורים,https://amitim.com/keren/related_entities_farmers_pension_fund/
2026-09-30T22:38:47+00:00,520022963,"קופת הפנסיה לעובדי הדסה בע""מ",new_item,https://amitim.com/keren/investment_policy_egged_pension_fund/m/keren/about_the_fund_kgm_pension_fund/,גורמים קשורים,https://amitim.com/keren/related_entities_farmers_provident_fund/
2026-09-30T22:38:47+00:00,520022963,"קופת הפנסיה לעובדי הדסה בע""מ",new_item,https://amitim.com/keren/investment_policy_egged_pension_fund/m/keren/about_the_fund_kgm_pension_fund/,גורמים קשורים,https://amitim.com/keren/related_factors_pension_fund_building/
2026-09-30T22:38:47+00:00,520022963,"קופת הפנסיה לעובדי הדסה בע""מ",new_item,https://amitim.com/keren/investment_policy_egged_pension_fund/m/keren/about_the_fund_kgm_pension_fund/,גורמים קשורים,https://amitim.com/keren/related_entities_provident_fund_building/
2026-09-30T22:38:47+00:00,520022963,"קופת הפנסיה לעובדי הדסה בע""מ",new_item,https://amitim.com/keren/investment_policy_egged_pension_fund/m/keren/about_the_fund_kgm_pension_fund/,גורמים קשורים,https://amitim.com/keren/related_entities_kgm_pension_fund/
2026-09-30T22:38:47+00:00,520022963,"קופת הפנסיה לעובדי הדסה בע""מ",new_item,https://amitim.com/keren/investment_policy_egged_pension_fund/m/keren/about_the_fund_kgm_pension_fund/,גורמים קשורים,https://amitim.com/keren/related_entities_nativ_pension_fund/
2026-09-30T22:38:47+00:00,520022963,"קופת הפנסיה לעובדי הדסה בע""מ",new_item,https://amitim.com/keren/investment_policy_egged_pension_fund/m/keren/about_the_fund_kgm_pension_fund/,גורמים קשורים,https://amitim.com/keren/related_parties_egged_pension_fund/
2026-09-30T22:38:47+00:00,520022963,"קופת הפנסיה לעובדי הדסה בע""מ",new_item,https://amitim.com/keren/investment_policy_egged_pension_fund/m/keren/about_the_fund_kgm_pension_fund/,גורמים קשורים,https://amitim.com/keren/related_entities_hadassah_pension_fund/
2026-09-30T22:38:47+00:00,520022963,"קופת הפנסיה לעובדי הדסה בע""מ",new_item,https://amitim.com/keren/investment_policy_egged_pension_fund/m/keren/about_the_fund_kgm_pension_fund/,בניין,https://amitim.com/keren/about_the_fund_pension_fund_building/
2026-09-30T22:38:47+00:00,520022963,"קופת הפנסיה לעובדי הדסה בע""מ",new_item,https://amitim.com/keren/investment_policy_egged_pension_fund/m/keren/about_the_fund_kgm_pension_fund/,אודות הקרן,https://amitim.com/keren/about_the_fund_mivtachim_provident_fund/
2026-09-30T22:38:47+00:00,520022963,"קופת הפנסיה לעובדי הדסה בע""מ",new_item,https://amitim.com/keren/investment_policy_egged_pension_fund/m/keren/about_the_fund_kgm_pension_fund/,אודות הקרן,https://amitim.com/keren/about_the_fund_makefet_provident_fund/
2026-09-30T22:38:47+00:00,520022963,"קופת הפנסיה לעובדי הדסה בע""מ",new_item,https://amitim.com/keren/investment_policy_egged_pension_fund/m/keren/about_the_fund_kgm_pension_fund/,אודות הקופה,https://amitim.com/keren/about_the_fund_farmers_provident_fund/
2026-09-30T22:38:47+00:00,520022963,"קופת הפנסיה לעובדי הדסה בע""מ",new_item,https://amitim.com/keren/investment_policy_egged_pension_fund/m/keren/about_the_fund_kgm_pension_fund/,אודות הקופה,https://amitim.com/keren/about_the_fund_provident_fund_building/
2026-09-30T22:38:47+00:00,520022963,"קופת הפנסיה לעובדי הדסה בע""מ",new_item,https://amitim.com/keren/investment_policy_egged_pension_fund/m/keren/about_the_fund_kgm_pension_fund/,אגד,https://amitim.com/keren/about_the_fund_egged_pension_fund/
2026-09-30T22:38:47+00:00,520022963,"קופת הפנסיה לעובדי הדסה בע""מ",new_item,https://amitim.com/keren/investment_policy_hadassah_pension_fund/m/keren/about_the_fund_kgm_pension_fund/,קצבת שארים,https://amitim.com/info-center/amitim/survivors_pension/
2026-09-30T22:38:47+00:00,520022963,"קופת הפנסיה לעובדי הדסה בע""מ",new_item,https://amitim.com/keren/investment_policy_hadassah_pension_fund/m/keren/about_the_fund_kgm_pension_fund/,קצבת נכות,https://amitim.com/info-center/amitim/disability-pension/
2026-09-30T22:38:47+00:00,520022963,"קופת הפנסיה לעובדי הדסה בע""מ",new_item,https://amitim.com/keren/investment_policy_hadassah_pension_fund/m/keren/about_the_fund_kgm_pension_fund/,קגמ קרן פנסיה,https://amitim.com/keren/about_the_fund_kgm_pension_fund/
2026-09-30T22:38:47+00:00,520022963,"קופת הפנסיה לעובדי הדסה בע""מ",new_item,https://amitim.com/keren/investment_policy_hadassah_pension_fund/m/keren/about_the_fund_kgm_pension_fund/,פרישה לפנסיה,https://amitim.com/info-center/employers/retirement/
2026-09-30T22:38:47+00:00,520022963,"קופת הפנסיה לעובדי הדסה בע""מ",new_item,https://amitim.com/keren/investment_policy_hadassah_pension_fund/m/keren/about_the_fund_kgm_pension_fund/,נתיב,https://amitim.com/keren/about_the_fund_nativ_pension_fund/
2026-09-30T22:38:47+00:00,520022963,"קופת הפנסיה לעובדי הדסה בע""מ",new_item,https://amitim.com/keren/investment_policy_hadassah_pension_fund/m/keren/about_the_fund_kgm_pension_fund/,נכסי הקרן,https://amitim.com/keren/fund_assets_makefet_pension_fund/
2026-09-30T22:38:47+00:00,520022963,"קופת הפנסיה לעובדי הדסה בע""מ",new_item,https://amitim.com/keren/investment_policy_hadassah_pension_fund/m/keren/about_the_fund_kgm_pension_fund/,נכסי הקרן,https://amitim.com/keren/fund_assets_farmers_pension_fund/
2026-09-30T22:38:47+00:00,520022963,"קופת הפנסיה לעובדי הדסה בע""מ",new_item,https://amitim.com/keren/investment_policy_hadassah_pension_fund/m/keren/about_the_fund_kgm_pension_fund/,נכסי הקרן,https://amitim.com/keren/fund_assets_pension_fund_building/
2026-09-30T22:38:47+00:00,520022963,"קופת הפנסיה לעובדי הדסה בע""מ",new_item,https://amitim.com/keren/investment_policy_hadassah_pension_fund/m/keren/about_the_fund_kgm_pension_fund/,נכסי הקרן,https://amitim.com/keren/fund_assets_kgm_pension_fund/
2026-09-30T22:38:47+00:00,520022963,"קופת הפנסיה לעובדי הדסה בע""מ",new_item,https://amitim.com/keren/investment_policy_hadassah_pension_fund/m/keren/about_the_fund_kgm_pension_fund/,נכסי הקרן,https://amitim.com/keren/fund_assets_nativ_pension_fund/
2026-09-30T22:38:47+00:00,520022963,"קופת הפנסיה לעובדי הדסה בע""מ",new_item,https://amitim.com/keren/investment_policy_hadassah_pension_fund/m/keren/about_the_fund_kgm_pension_fund/,נכסי הקרן,https://amitim.com/keren/fund_assets_egged_pension_fund/
2026-09-30T22:38:47+00:00,520022963,"קופת הפנסיה לעובדי הדסה בע""מ",new_item,https://amitim.com/keren/investment_policy_hadassah_pension_fund/m/keren/about_the_fund_kgm_pension_fund/,נכסי הקרן,https://amitim.com/keren/fund_assets_hadassah_pension_fund/
2026-09-30T22:38:47+00:00,520022963,"קופת הפנסיה לעובדי הדסה בע""מ",new_item,https://amitim.com/keren/investment_policy_hadassah_pension_fund/m/keren/about_the_fund_kgm_pension_fund/,נכסי הקופה,https://amitim.com/keren/fund_assets_provident_fund_insurers/
2026-09-30T22:38:47+00:00,520022963,"קופת הפנסיה לעובדי הדסה בע""מ",new_item,https://amitim.com/keren/investment_policy_hadassah_pension_fund/m/keren/about_the_fund_kgm_pension_fund/,נכסי הקופה,https://amitim.com/keren/fund_assets_makefet_provident_fund/
2026-09-30T22:38:47+00:00,520022963,"קופת הפנסיה לעובדי הדסה בע""מ",new_item,https://amitim.com/keren/investment_policy_hadassah_pension_fund/m/keren/about_the_fund_kgm_pension_fund/,נכסי הקופה,https://amitim.com/keren/fund_assets_farmers_provident_fund/
2026-09-30T22:38:47+00:00,520022963,"קופת הפנסיה לעובדי הדסה בע""מ",new_item,https://amitim.com/keren/investment_policy_hadassah_pension_fund/m/keren/about_the_fund_kgm_pension_fund/,נכסי הקופה,https://amitim.com/keren/fund_assets_provident_fund_building/
2026-09-30T22:38:47+00:00,520022963,"קופת הפנסיה לעובדי הדסה בע""מ",new_item,https://amitim.com/keren/investment_policy_hadassah_pension_fund/m/keren/about_the_fund_kgm_pension_fund/,משיכת כספים של עמית שנפטר,https://amitim.com/keren/withdrawing_funds_from_a_deceased_colleague_farmers_provident_fund/
2026-09-30T22:38:47+00:00,520022963,"קופת הפנסיה לעובדי הדסה בע""מ",new_item,https://amitim.com/keren/investment_policy_hadassah_pension_fund/m/keren/about_the_fund_kgm_pension_fund/,משיכת כספים של עמית שנפטר,https://amitim.com/keren/withdrawing_funds_from_a_deceased-colleague_provident_fund_building/
2026-09-30T22:38:47+00:00,520022963,"קופת הפנסיה לעובדי הדסה בע""מ",new_item,https://amitim.com/keren/investment_policy_hadassah_pension_fund/m/keren/about_the_fund_kgm_pension_fund/,מקפת,https://amitim.com/keren/about_the_fund_makefet_pension_fund/
2026-09-30T22:38:47+00:00,520022963,"קופת הפנסיה לעובדי הדסה בע""מ",new_item,https://amitim.com/keren/investment_policy_hadassah_pension_fund/m/keren/about_the_fund_kgm_pension_fund/,מידע סטטיסטי,https://amitim.com/keren/statistical_information_pension_insurers/
2026-09-30T22:38:47+00:00,520022963,"קופת הפנסיה לעובדי הדסה בע""מ",new_item,https://amitim.com/keren/investment_policy_hadassah_pension_fund/m/keren/about_the_fund_kgm_pension_fund/,מידע סטטיסטי,https://amitim.com/keren/statistical_information_pension_fund_circle/
2026-09-30T22:38:47+00:00,520022963,"קופת הפנסיה לעובדי הדסה בע""מ",new_item,https://amitim.com/keren/investment_policy_hadassah_pension_fund/m/keren/about_the_fund_kgm_pension_fund/,מידע סטטיסטי,https://amitim.com/keren/statistical_information_farmers_pension_fund/
2026-09-30T22:38:47+00:00,520022963,"קופת הפנסיה לעובדי הדסה בע""מ",new_item,https://amitim.com/keren/investment_policy_hadassah_pension_fund/m/keren/about_the_fund_kgm_pension_fund/,מידע סטטיסטי,https://amitim.com/statistical_information_pension_fund_building/
2026-09-30T22:38:47+00:00,520022963,"קופת הפנסיה לעובדי הדסה בע""מ",new_item,https://amitim.com/keren/investment_policy_hadassah_pension_fund/m/keren/about_the_fund_kgm_pension_fund/,מידע סטטיסטי,https://amitim.com/keren/statistical_information_kgm_pension_fund/
2026-09-30T22:38:47+00:00,520022963,"קופת הפנסיה לעובדי הדסה בע""מ",new_item,https://amitim.com/keren/investment_policy_hadassah_pension_fund/m/keren/about_the_fund_kgm_pension_fund/,מידע סטטיסטי,https://amitim.com/keren/statistical_information_nativ_pension_fund/
2026-09-30T22:38:47+00:00,520022963,"קופת הפנסיה לעובדי הדסה בע""מ",new_item,https://amitim.com/keren/investment_policy_hadassah_pension_fund/m/keren/about_the_fund_kgm_pension_fund/,מידע סטטיסטי,https://amitim.com/keren/statistical_information_egged_pension_fund/
2026-09-30T22:38:47+00:00,520022963,"קופת הפנסיה לעובדי הדסה בע""מ",new_item,https://amitim.com/keren/investment_policy_hadassah_pension_fund/m/keren/about_the_fund_kgm_pension_fund/,מידע סטטיסטי,https://amitim.com/keren/statistical_information_hadassah_pension_fund/
2026-09-30T22:38:47+00:00,520022963,"קופת הפנסיה לעובדי הדסה בע""מ",new_item,https://amitim.com/keren/investment_policy_hadassah_pension_fund/m/keren/about_the_fund_kgm_pension_fund/,יציאה לפנסיה,https://amitim.com/info-center/amitim/retirement/
2026-09-30T22:38:47+00:00,520022963,"קופת הפנסיה לעובדי הדסה בע""מ",new_item,https://amitim.com/keren/investment_policy_hadassah_pension_fund/m/keren/about_the_fund_kgm_pension_fund/,חקלאים,https://amitim.com/keren/about_the_fund_farmers_pension_fund/
2026-09-30T22:38:47+00:00,520022963,"קופת הפנסיה לעובדי הדסה בע""מ",new_item,https://amitim.com/keren/investment_policy_hadassah_pension_fund/m/keren/about_the_fund_kgm_pension_fund/,הצבעות באסיפות,https://amitim.com/keren/voting_at_meetings_pension_insurers/
2026-09-30T22:38:47+00:00,520022963,"קופת הפנסיה לעובדי הדסה בע""מ",new_item,https://amitim.com/keren/investment_policy_hadassah_pension_fund/m/keren/about_the_fund_kgm_pension_fund/,הצבעות באסיפות,https://amitim.com/keren/voting_at_meetings_provident_insurance/
2026-09-30T22:38:47+00:00,520022963,"קופת הפנסיה לעובדי הדסה בע""מ",new_item,https://amitim.com/keren/investment_policy_hadassah_pension_fund/m/keren/about_the_fund_kgm_pension_fund/,הצבעות באסיפות,https://amitim.com/keren/voting_at_meetings_pension_fund_circle/
2026-09-30T22:38:47+00:00,520022963,"קופת הפנסיה לעובדי הדסה בע""מ",new_item,https://amitim.com/keren/investment_policy_hadassah_pension_fund/m/keren/about_the_fund_kgm_pension_fund/,הצבעות באסיפות,https://amitim.com/keren/voting_at_meetings_provident_fund_circle/
2026-09-30T22:38:47+00:00,520022963,"קופת הפנסיה לעובדי הדסה בע""מ",new_item,https://amitim.com/keren/investment_policy_hadassah_pension_fund/m/keren/about_the_fund_kgm_pension_fund/,הצבעות באסיפות,https://amitim.com/keren/voting_at_meetings_farmers_pension_fund/
2026-09-30T22:38:47+00:00,520022963,"קופת הפנסיה לעובדי הדסה בע""מ",new_item,https://amitim.com/keren/investment_policy_hadassah_pension_fund/m/keren/about_the_fund_kgm_pension_fund/,הצבעות באסיפות,https://amitim.com/keren/voting_at_meetings_farmers_provident_fund/
2026-09-30T22:38:47+00:00,520022963,"קופת הפנסיה לעובדי הדסה בע""מ",new_item,https://amitim.com/keren/investment_policy_hadassah_pension_fund/m/keren/about_the_fund_kgm_pension_fund/,הצבעות באסיפות,https://amitim.com/keren/voting_at_meetings_pension_fund_building/
2026-09-30T22:38:47+00:00,520022963,"קופת הפנסיה לעובדי הדסה בע""מ",new_item,https://amitim.com/keren/investment_policy_hadassah_pension_fund/m/keren/about_the_fund_kgm_pension_fund/,הצבעות באסיפות,https://amitim.com/keren/voting_at_meetings_provident_fund-building/
2026-09-30T22:38:47+00:00,520022963,"קופת הפנסיה לעובדי הדסה בע""מ",new_item,https://amitim.com/keren/investment_policy_hadassah_pension_fund/m/keren/about_the_fund_kgm_pension_fund/,הצבעות באסיפות,https://amitim.com/keren/voting_at_meetings_kgm_pension-fund/
2026-09-30T22:38:47+00:00,520022963,"קופת הפנסיה לעובדי הדסה בע""מ",new_item,https://amitim.com/keren/investment_policy_hadassah_pension_fund/m/keren/about_the_fund_kgm_pension_fund/,הצבעות באסיפות,https://amitim.com/keren/voting_at_meetings_nativ_pension_fund/
2026-09-30T22:38:47+00:00,520022963,"קופת הפנסיה לעובדי הדסה בע""מ",new_item,https://amitim.com/keren/investment_policy_hadassah_pension_fund/m/keren/about_the_fund_kgm_pension_fund/,הצבעות באסיפות,https://amitim.com/keren/voting_at_meetings_egged_pension_fund/
2026-09-30T22:38:47+00:00,520022963,"קופת הפנסיה לעובדי הדסה בע""מ",new_item,https://amitim.com/keren/investment_policy_hadassah_pension_fund/m/keren/about_the_fund_kgm_pension_fund/,הצבעות באסיפות,https://amitim.com/keren/voting_at_meetings_hadassah_pension_fund/
2026-09-30T22:38:47+00:00,520022963,"קופת הפנסיה לעובדי הדסה בע""מ",new_item,https://amitim.com/keren/investment_policy_hadassah_pension_fund/m/keren/about_the_fund_kgm_pension_fund/,הפנסיה שלי,https://amitim.com/info-center/retirees/my_pension/
2026-09-30T22:38:47+00:00,520022963,"קופת הפנסיה לעובדי הדסה בע""מ",new_item,https://amitim.com/keren/investment_policy_hadassah_pension_fund/m/keren/about_the_fund_kgm_pension_fund/,החוק לחלוקת חיסכון פנסיוני,https://amitim.com/info-center/amitim/distribution_of_pension_savings/
2026-09-30T22:38:47+00:00,520022963,"קופת הפנסיה לעובדי הדסה בע""מ",new_item,https://amitim.com/keren/investment_policy_hadassah_pension_fund/m/keren/about_the_fund_kgm_pension_fund/,הדסה,https://amitim.com/keren/about-_he_fund_hadassah_pension_fund/
2026-09-30T22:38:47+00:00,520022963,"קופת הפנסיה לעובדי הדסה בע""מ",new_item,https://amitim.com/keren/investment_policy_hadassah_pension_fund/m/keren/about_the_fund_kgm_pension_fund/,דוחות כספיים,https://amitim.com/keren/financial_statements_provident_fund_insurers/
2026-09-30T22:38:47+00:00,520022963,"קופת הפנסיה לעובדי הדסה בע""מ",new_item,https://amitim.com/keren/investment_policy_hadassah_pension_fund/m/keren/about_the_fund_kgm_pension_fund/,דוחות כספיים,https://amitim.com/keren/financial_statements_pension_fund_overview/
2026-09-30T22:38:47+00:00,520022963,"קופת הפנסיה לעובדי הדסה בע""מ",new_item,https://amitim.com/keren/investment_policy_hadassah_pension_fund/m/keren/about_the_fund_kgm_pension_fund/,דוחות כספיים,https://amitim.com/keren/financial_statements_provident_fund_circle/
2026-09-30T22:38:47+00:00,520022963,"קופת הפנסיה לעובדי הדסה בע""מ",new_item,https://amitim.com/keren/investment_policy_hadassah_pension_fund/m/keren/about_the_fund_kgm_pension_fund/,דוחות כספיים,https://amitim.com/keren/financial_statements_kgm_pension_fund/
2026-09-30T22:38:47+00:00,520022963,"קופת הפנסיה לעובדי הדסה בע""מ",new_item,https://amitim.com/keren/investment_policy_hadassah_pension_fund/m/keren/about_the_fund_kgm_pension_fund/,גורמים קשורים,https://amitim.com/keren/related_parties_provident_fund_insurers/
2026-09-30T22:38:47+00:00,520022963,"קופת הפנסיה לעובדי הדסה בע""מ",new_item,https://amitim.com/keren/investment_policy_hadassah_pension_fund/m/keren/about_the_fund_kgm_pension_fund/,גורמים קשורים,https://amitim.com/keren/related_factors_pension_fund_circle/
2026-09-30T22:38:47+00:00,520022963,"קופת הפנסיה לעובדי הדסה בע""מ",new_item,https://amitim.com/keren/investment_policy_hadassah_pension_fund/m/keren/about_the_fund_kgm_pension_fund/,גורמים קשורים,https://amitim.com/keren/related_factors_provident_fund_circle/
2026-09-30T22:38:47+00:00,520022963,"קופת הפנסיה לעובדי הדסה בע""מ",new_item,https://amitim.com/keren/investment_policy_hadassah_pension_fund/m/keren/about_the_fund_kgm_pension_fund/,גורמים קשורים,https://amitim.com/keren/related_entities_farmers_pension_fund/
2026-09-30T22:38:47+00:00,520022963,"קופת הפנסיה לעובדי הדסה בע""מ",new_item,https://amitim.com/keren/investment_policy_hadassah_pension_fund/m/keren/about_the_fund_kgm_pension_fund/,גורמים קשורים,https://amitim.com/keren/related_entities_farmers_provident_fund/
2026-09-30T22:38:47+00:00,520022963,"קופת הפנסיה לעובדי הדסה בע""מ",new_item,https://amitim.com/keren/investment_policy_hadassah_pension_fund/m/keren/about_the_fund_kgm_pension_fund/,גורמים קשורים,https://amitim.com/keren/related_factors_pension_fund_building/
2026-09-30T22:38:47+00:00,520022963,"קופת הפנסיה לעובדי הדסה בע""מ",new_item,https://amitim.com/keren/investment_policy_hadassah_pension_fund/m/keren/about_the_fund_kgm_pension_fund/,גורמים קשורים,https://amitim.com/keren/related_entities_provident_fund_building/
2026-09-30T22:38:47+00:00,520022963,"קופת הפנסיה לעובדי הדסה בע""מ",new_item,https://amitim.com/keren/investment_policy_hadassah_pension_fund/m/keren/about_the_fund_kgm_pension_fund/,גורמים קשורים,https://amitim.com/keren/related_entities_kgm_pension_fund/
2026-09-30T22:38:47+00:00,520022963,"קופת הפנסיה לעובדי הדסה בע""מ",new_item,https://amitim.com/keren/investment_policy_hadassah_pension_fund/m/keren/about_the_fund_kgm_pension_fund/,גורמים קשורים,https://amitim.com/keren/related_entities_nativ_pension_fund/
2026-09-30T22:38:47+00:00,520022963,"קופת הפנסיה לעובדי הדסה בע""מ",new_item,https://amitim.com/keren/investment_policy_hadassah_pension_fund/m/keren/about_the_fund_kgm_pension_fund/,גורמים קשורים,https://amitim.com/keren/related_parties_egged_pension_fund/
2026-09-30T22:38:47+00:00,520022963,"קופת הפנסיה לעובדי הדסה בע""מ",new_item,https://amitim.com/keren/investment_policy_hadassah_pension_fund/m/keren/about_the_fund_kgm_pension_fund/,גורמים קשורים,https://amitim.com/keren/related_entities_hadassah_pension_fund/
2026-09-30T22:38:47+00:00,520022963,"קופת הפנסיה לעובדי הדסה בע""מ",new_item,https://amitim.com/keren/investment_policy_hadassah_pension_fund/m/keren/about_the_fund_kgm_pension_fund/,בניין,https://amitim.com/keren/about_the_fund_pension_fund_building/
2026-09-30T22:38:47+00:00,520022963,"קופת הפנסיה לעובדי הדסה בע""מ",new_item,https://amitim.com/keren/investment_policy_hadassah_pension_fund/m/keren/about_the_fund_kgm_pension_fund/,אודות הקרן,https://amitim.com/keren/about_the_fund_mivtachim_provident_fund/
2026-09-30T22:38:47+00:00,520022963,"קופת הפנסיה לעובדי הדסה בע""מ",new_item,https://amitim.com/keren/investment_policy_hadassah_pension_fund/m/keren/about_the_fund_kgm_pension_fund/,אודות הקרן,https://amitim.com/keren/about_the_fund_makefet_provident_fund/
2026-09-30T22:38:47+00:00,520022963,"קופת הפנסיה לעובדי הדסה בע""מ",new_item,https://amitim.com/keren/investment_policy_hadassah_pension_fund/m/keren/about_the_fund_kgm_pension_fund/,אודות הקופה,https://amitim.com/keren/about_the_fund_farmers_provident_fund/
2026-09-30T22:38:47+00:00,520022963,"קופת הפנסיה לעובדי הדסה בע""מ",new_item,https://amitim.com/keren/investment_policy_hadassah_pension_fund/m/keren/about_the_fund_kgm_pension_fund/,אודות הקופה,https://amitim.com/keren/about_the_fund_provident_fund_building/
2026-09-30T22:38:47+00:00,520022963,"קופת הפנסיה לעובדי הדסה בע""מ",new_item,https://amitim.com/keren/investment_policy_hadassah_pension_fund/m/keren/about_the_fund_kgm_pension_fund/,אגד,https://amitim.com/keren/about_the_fund_egged_pension_fund/
2026-09-30T22:38:47+00:00,520022963,"קופת הפנסיה לעובדי הדסה בע""מ",new_item,https://amitim.com/keren/investment_policy_provident_insurance/m/keren/about_the_fund_kgm_pension_fund/,קצבת שארים,https://amitim.com/info-center/amitim/survivors_pension/
2026-09-30T22:38:47+00:00,520022963,"קופת הפנסיה לעובדי הדסה בע""מ",new_item,https://amitim.com/keren/investment_policy_provident_insurance/m/keren/about_the_fund_kgm_pension_fund/,קצבת נכות,https://amitim.com/info-center/amitim/disability-pension/
2026-09-30T22:38:47+00:00,520022963,"קופת הפנסיה לעובדי הדסה בע""מ",new_item,https://amitim.com/keren/investment_policy_provident_insurance/m/keren/about_the_fund_kgm_pension_fund/,קגמ קרן פנסיה,https://amitim.com/keren/about_the_fund_kgm_pension_fund/
2026-09-30T22:38:47+00:00,520022963,"קופת הפנסיה לעובדי הדסה בע""מ",new_item,https://amitim.com/keren/investment_policy_provident_insurance/m/keren/about_the_fund_kgm_pension_fund/,פרישה לפנסיה,https://amitim.com/info-center/employers/retirement/
2026-09-30T22:38:47+00:00,520022963,"קופת הפנסיה לעובדי הדסה בע""מ",new_item,https://amitim.com/keren/investment_policy_provident_insurance/m/keren/about_the_fund_kgm_pension_fund/,נתיב,https://amitim.com/keren/about_the_fund_nativ_pension_fund/
2026-09-30T22:38:47+00:00,520022963,"קופת הפנסיה לעובדי הדסה בע""מ",new_item,https://amitim.com/keren/investment_policy_provident_insurance/m/keren/about_the_fund_kgm_pension_fund/,נכסי הקרן,https://amitim.com/keren/fund_assets_makefet_pension_fund/
2026-09-30T22:38:47+00:00,520022963,"קופת הפנסיה לעובדי הדסה בע""מ",new_item,https://amitim.com/keren/investment_policy_provident_insurance/m/keren/about_the_fund_kgm_pension_fund/,נכסי הקרן,https://amitim.com/keren/fund_assets_farmers_pension_fund/
2026-09-30T22:38:47+00:00,520022963,"קופת הפנסיה לעובדי הדסה בע""מ",new_item,https://amitim.com/keren/investment_policy_provident_insurance/m/keren/about_the_fund_kgm_pension_fund/,נכסי הקרן,https://amitim.com/keren/fund_assets_pension_fund_building/
2026-09-30T22:38:47+00:00,520022963,"קופת הפנסיה לעובדי הדסה בע""מ",new_item,https://amitim.com/keren/investment_policy_provident_insurance/m/keren/about_the_fund_kgm_pension_fund/,נכסי הקרן,https://amitim.com/keren/fund_assets_kgm_pension_fund/
2026-09-30T22:38:47+00:00,520022963,"קופת הפנסיה לעובדי הדסה בע""מ",new_item,https://amitim.com/keren/investment_policy_provident_insurance/m/keren/about_the_fund_kgm_pension_fund/,נכסי הקרן,https://amitim.com/keren/fund_assets_nativ_pension_fund/
2026-09-30T22:38:47+00:00,520022963,"קופת הפנסיה לעובדי הדסה בע""מ",new_item,https://amitim.com/keren/investment_policy_provident_insurance/m/keren/about_the_fund_kgm_pension_fund/,נכסי הקרן,https://amitim.com/keren/fund_assets_egged_pension_fund/
2026-09-30T22:38:47+00:00,520022963,"קופת הפנסיה לעובדי הדסה בע""מ",new_item,https://amitim.com/keren/investment_policy_provident_insurance/m/keren/about_the_fund_kgm_pension_fund/,נכסי הקרן,https://amitim.com/keren/fund_assets_hadassah_pension_fund/
2026-09-30T22:38:47+00:00,520022963,"קופת הפנסיה לעובדי הדסה בע""מ",new_item,https://amitim.com/keren/investment_policy_provident_insurance/m/keren/about_the_fund_kgm_pension_fund/,נכסי הקופה,https://amitim.com/keren/fund_assets_provident_fund_insurers/
2026-09-30T22:38:47+00:00,520022963,"קופת הפנסיה לעובדי הדסה בע""מ",new_item,https://amitim.com/keren/investment_policy_provident_insurance/m/keren/about_the_fund_kgm_pension_fund/,נכסי הקופה,https://amitim.com/keren/fund_assets_makefet_provident_fund/
2026-09-30T22:38:47+00:00,520022963,"קופת הפנסיה לעובדי הדסה בע""מ",new_item,https://amitim.com/keren/investment_policy_provident_insurance/m/keren/about_the_fund_kgm_pension_fund/,נכסי הקופה,https://amitim.com/keren/fund_assets_farmers_provident_fund/
2026-09-30T22:38:47+00:00,520022963,"קופת הפנסיה לעובדי הדסה בע""מ",new_item,https://amitim.com/keren/investment_policy_provident_insurance/m/keren/about_the_fund_kgm_pension_fund/,נכסי הקופה,https://amitim.com/keren/fund_assets_provident_fund_building/
2026-09-30T22:38:47+00:00,520022963,"קופת הפנסיה לעובדי הדסה בע""מ",new_item,https://amitim.com/keren/investment_policy_provident_insurance/m/keren/about_the_fund_kgm_pension_fund/,משיכת כספים של עמית שנפטר,https://amitim.com/keren/withdrawing_funds_from_a_deceased_colleague_farmers_provident_fund/
2026-09-30T22:38:47+00:00,520022963,"קופת הפנסיה לעובדי הדסה בע""מ",new_item,https://amitim.com/keren/investment_policy_provident_insurance/m/keren/about_the_fund_kgm_pension_fund/,משיכת כספים של עמית שנפטר,https://amitim.com/keren/withdrawing_funds_from_a_deceased-colleague_provident_fund_building/
2026-09-30T22:38:47+00:00,520022963,"קופת הפנסיה לעובדי הדסה בע""מ",new_item,https://amitim.com/keren/investment_policy_provident_insurance/m/keren/about_the_fund_kgm_pension_fund/,מקפת,https://amitim.com/keren/about_the_fund_makefet_pension_fund/
2026-09-30T22:38:47+00:00,520022963,"קופת הפנסיה לעובדי הדסה בע""מ",new_item,https://amitim.com/keren/investment_policy_provident_insurance/m/keren/about_the_fund_kgm_pension_fund/,מידע סטטיסטי,https://amitim.com/keren/statistical_information_pension_insurers/
2026-09-30T22:38:47+00:00,520022963,"קופת הפנסיה לעובדי הדסה בע""מ",new_item,https://amitim.com/keren/investment_policy_provident_insurance/m/keren/about_the_fund_kgm_pension_fund/,מידע סטטיסטי,https://amitim.com/keren/statistical_information_pension_fund_circle/
2026-09-30T22:38:47+00:00,520022963,"קופת הפנסיה לעובדי הדסה בע""מ",new_item,https://amitim.com/keren/investment_policy_provident_insurance/m/keren/about_the_fund_kgm_pension_fund/,מידע סטטיסטי,https://amitim.com/keren/statistical_information_farmers_pension_fund/
2026-09-30T22:38:47+00:00,520022963,"קופת הפנסיה לעובדי הדסה בע""מ",new_item,https://amitim.com/keren/investment_policy_provident_insurance/m/keren/about_the_fund_kgm_pension_fund/,מידע סטטיסטי,https://amitim.com/statistical_information_pension_fund_building/
2026-09-30T22:38:47+00:00,520022963,"קופת הפנסיה לעובדי הדסה בע""מ",new_item,https://amitim.com/keren/investment_policy_provident_insurance/m/keren/about_the_fund_kgm_pension_fund/,מידע סטטיסטי,https://amitim.com/keren/statistical_information_kgm_pension_fund/
2026-09-30T22:38:47+00:00,520022963,"קופת הפנסיה לעובדי הדסה בע""מ",new_item,https://amitim.com/keren/investment_policy_provident_insurance/m/keren/about_the_fund_kgm_pension_fund/,מידע סטטיסטי,https://amitim.com/keren/statistical_information_nativ_pension_fund/
2026-09-30T22:38:47+00:00,520022963,"קופת הפנסיה לעובדי הדסה בע""מ",new_item,https://amitim.com/keren/investment_policy_provident_insurance/m/keren/about_the_fund_kgm_pension_fund/,מידע סטטיסטי,https://amitim.com/keren/statistical_information_egged_pension_fund/
2026-09-30T22:38:47+00:00,520022963,"קופת הפנסיה לעובדי הדסה בע""מ",new_item,https://amitim.com/keren/investment_policy_provident_insurance/m/keren/about_the_fund_kgm_pension_fund/,מידע סטטיסטי,https://amitim.com/keren/statistical_information_hadassah_pension_fund/
2026-09-30T22:38:47+00:00,520022963,"קופת הפנסיה לעובדי הדסה בע""מ",new_item,https://amitim.com/keren/investment_policy_provident_insurance/m/keren/about_the_fund_kgm_pension_fund/,יציאה לפנסיה,https://amitim.com/info-center/amitim/retirement/
2026-09-30T22:38:47+00:00,520022963,"קופת הפנסיה לעובדי הדסה בע""מ",new_item,https://amitim.com/keren/investment_policy_provident_insurance/m/keren/about_the_fund_kgm_pension_fund/,חקלאים,https://amitim.com/keren/about_the_fund_farmers_pension_fund/
2026-09-30T22:38:47+00:00,520022963,"קופת הפנסיה לעובדי הדסה בע""מ",new_item,https://amitim.com/keren/investment_policy_provident_insurance/m/keren/about_the_fund_kgm_pension_fund/,הצבעות באסיפות,https://amitim.com/keren/voting_at_meetings_pension_insurers/
2026-09-30T22:38:47+00:00,520022963,"קופת הפנסיה לעובדי הדסה בע""מ",new_item,https://amitim.com/keren/investment_policy_provident_insurance/m/keren/about_the_fund_kgm_pension_fund/,הצבעות באסיפות,https://amitim.com/keren/voting_at_meetings_provident_insurance/
2026-09-30T22:38:47+00:00,520022963,"קופת הפנסיה לעובדי הדסה בע""מ",new_item,https://amitim.com/keren/investment_policy_provident_insurance/m/keren/about_the_fund_kgm_pension_fund/,הצבעות באסיפות,https://amitim.com/keren/voting_at_meetings_pension_fund_circle/
2026-09-30T22:38:47+00:00,520022963,"קופת הפנסיה לעובדי הדסה בע""מ",new_item,https://amitim.com/keren/investment_policy_provident_insurance/m/keren/about_the_fund_kgm_pension_fund/,הצבעות באסיפות,https://amitim.com/keren/voting_at_meetings_provident_fund_circle/
2026-09-30T22:38:47+00:00,520022963,"קופת הפנסיה לעובדי הדסה בע""מ",new_item,https://amitim.com/keren/investment_policy_provident_insurance/m/keren/about_the_fund_kgm_pension_fund/,הצבעות באסיפות,https://amitim.com/keren/voting_at_meetings_farmers_pension_fund/
2026-09-30T22:38:47+00:00,520022963,"קופת הפנסיה לעובדי הדסה בע""מ",new_item,https://amitim.com/keren/investment_policy_provident_insurance/m/keren/about_the_fund_kgm_pension_fund/,הצבעות באסיפות,https://amitim.com/keren/voting_at_meetings_farmers_provident_fund/
2026-09-30T22:38:47+00:00,520022963,"קופת הפנסיה לעובדי הדסה בע""מ",new_item,https://amitim.com/keren/investment_policy_provident_insurance/m/keren/about_the_fund_kgm_pension_fund/,הצבעות באסיפות,https://amitim.com/keren/voting_at_meetings_pension_fund_building/
2026-09-30T22:38:47+00:00,520022963,"קופת הפנסיה לעובדי הדסה בע""מ",new_item,https://amitim.com/keren/investment_policy_provident_insurance/m/keren/about_the_fund_kgm_pension_fund/,הצבעות באסיפות,https://amitim.com/keren/voting_at_meetings_provident_fund-building/
2026-09-30T22:38:47+00:00,520022963,"קופת הפנסיה לעובדי הדסה בע""מ",new_item,https://amitim.com/keren/investment_policy_provident_insurance/m/keren/about_the_fund_kgm_pension_fund/,הצבעות באסיפות,https://amitim.com/keren/voting_at_meetings_kgm_pension-fund/
2026-09-30T22:38:47+00:00,520022963,"קופת הפנסיה לעובדי הדסה בע""מ",new_item,https://amitim.com/keren/investment_policy_provident_insurance/m/keren/about_the_fund_kgm_pension_fund/,הצבעות באסיפות,https://amitim.com/keren/voting_at_meetings_nativ_pension_fund/
2026-09-30T22:38:47+00:00,520022963,"קופת הפנסיה לעובדי הדסה בע""מ",new_item,https://amitim.com/keren/investment_policy_provident_insurance/m/keren/about_the_fund_kgm_pension_fund/,הצבעות באסיפות,https://amitim.com/keren/voting_at_meetings_egged_pension_fund/
2026-09-30T22:38:47+00:00,520022963,"קופת הפנסיה לעובדי הדסה בע""מ",new_item,https://amitim.com/keren/investment_policy_provident_insurance/m/keren/about_the_fund_kgm_pension_fund/,הצבעות באסיפות,https://amitim.com/keren/voting_at_meetings_hadassah_pension_fund/
2026-09-30T22:38:47+00:00,520022963,"קופת הפנסיה לעובדי הדסה בע""מ",new_item,https://amitim.com/keren/investment_policy_provident_insurance/m/keren/about_the_fund_kgm_pension_fund/,הפנסיה שלי,https://amitim.com/info-center/retirees/my_pension/
2026-09-30T22:38:47+00:00,520022963,"קופת הפנסיה לעובדי הדסה בע""מ",new_item,https://amitim.com/keren/investment_policy_provident_insurance/m/keren/about_the_fund_kgm_pension_fund/,החוק לחלוקת חיסכון פנסיוני,https://amitim.com/info-center/amitim/distribution_of_pension_savings/
2026-09-30T22:38:47+00:00,520022963,"קופת הפנסיה לעובדי הדסה בע""מ",new_item,https://amitim.com/keren/investment_policy_provident_insurance/m/keren/about_the_fund_kgm_pension_fund/,הדסה,https://amitim.com/keren/about-_he_fund_hadassah_pension_fund/
2026-09-30T22:38:47+00:00,520022963,"קופת הפנסיה לעובדי הדסה בע""מ",new_item,https://amitim.com/keren/investment_policy_provident_insurance/m/keren/about_the_fund_kgm_pension_fund/,דוחות כספיים,https://amitim.com/keren/financial_statements_provident_fund_insurers/
2026-09-30T22:38:47+00:00,520022963,"קופת הפנסיה לעובדי הדסה בע""מ",new_item,https://amitim.com/keren/investment_policy_provident_insurance/m/keren/about_the_fund_kgm_pension_fund/,דוחות כספיים,https://amitim.com/keren/financial_statements_pension_fund_overview/
2026-09-30T22:38:47+00:00,520022963,"קופת הפנסיה לעובדי הדסה בע""מ",new_item,https://amitim.com/keren/investment_policy_provident_insurance/m/keren/about_the_fund_kgm_pension_fund/,דוחות כספיים,https://amitim.com/keren/financial_statements_provident_fund_circle/
2026-09-30T22:38:47+00:00,520022963,"קופת הפנסיה לעובדי הדסה בע""מ",new_item,https://amitim.com/keren/investment_policy_provident_insurance/m/keren/about_the_fund_kgm_pension_fund/,דוחות כספיים,https://amitim.com/keren/financial_statements_kgm_pension_fund/
2026-09-30T22:38:47+00:00,520022963,"קופת הפנסיה לעובדי הדסה בע""מ",new_item,https://amitim.com/keren/investment_policy_provident_insurance/m/keren/about_the_fund_kgm_pension_fund/,גורמים קשורים,https://amitim.com/keren/related_parties_provident_fund_insurers/
2026-09-30T22:38:47+00:00,520022963,"קופת הפנסיה לעובדי הדסה בע""מ",new_item,https://amitim.com/keren/investment_policy_provident_insurance/m/keren/about_the_fund_kgm_pension_fund/,גורמים קשורים,https://amitim.com/keren/related_factors_pension_fund_circle/
2026-09-30T22:38:47+00:00,520022963,"קופת הפנסיה לעובדי הדסה בע""מ",new_item,https://amitim.com/keren/investment_policy_provident_insurance/m/keren/about_the_fund_kgm_pension_fund/,גורמים קשורים,https://amitim.com/keren/related_factors_provident_fund_circle/
2026-09-30T22:38:47+00:00,520022963,"קופת הפנסיה לעובדי הדסה בע""מ",new_item,https://amitim.com/keren/investment_policy_provident_insurance/m/keren/about_the_fund_kgm_pension_fund/,גורמים קשורים,https://amitim.com/keren/related_entities_farmers_pension_fund/
2026-09-30T22:38:47+00:00,520022963,"קופת הפנסיה לעובדי הדסה בע""מ",new_item,https://amitim.com/keren/investment_policy_provident_insurance/m/keren/about_the_fund_kgm_pension_fund/,גורמים קשורים,https://amitim.com/keren/related_entities_farmers_provident_fund/
2026-09-30T22:38:47+00:00,520022963,"קופת הפנסיה לעובדי הדסה בע""מ",new_item,https://amitim.com/keren/investment_policy_provident_insurance/m/keren/about_the_fund_kgm_pension_fund/,גורמים קשורים,https://amitim.com/keren/related_factors_pension_fund_building/
2026-09-30T22:38:47+00:00,520022963,"קופת הפנסיה לעובדי הדסה בע""מ",new_item,https://amitim.com/keren/investment_policy_provident_insurance/m/keren/about_the_fund_kgm_pension_fund/,גורמים קשורים,https://amitim.com/keren/related_entities_provident_fund_building/
2026-09-30T22:38:47+00:00,520022963,"קופת הפנסיה לעובדי הדסה בע""מ",new_item,https://amitim.com/keren/investment_policy_provident_insurance/m/keren/about_the_fund_kgm_pension_fund/,גורמים קשורים,https://amitim.com/keren/related_entities_kgm_pension_fund/
2026-09-30T22:38:47+00:00,520022963,"קופת הפנסיה לעובדי הדסה בע""מ",new_item,https://amitim.com/keren/investment_policy_provident_insurance/m/keren/about_the_fund_kgm_pension_fund/,גורמים קשורים,https://amitim.com/keren/related_entities_nativ_pension_fund/
2026-09-30T22:38:47+00:00,520022963,"קופת הפנסיה לעובדי הדסה בע""מ",new_item,https://amitim.com/keren/investment_policy_provident_insurance/m/keren/about_the_fund_kgm_pension_fund/,גורמים קשורים,https://amitim.com/keren/related_parties_egged_pension_fund/
2026-09-30T22:38:47+00:00,520022963,"קופת הפנסיה לעובדי הדסה בע""מ",new_item,https://amitim.com/keren/investment_policy_provident_insurance/m/keren/about_the_fund_kgm_pension_fund/,גורמים קשורים,https://amitim.com/keren/related_entities_hadassah_pension_fund/
2026-09-30T22:38:47+00:00,520022963,"קופת הפנסיה לעובדי הדסה בע""מ",new_item,https://amitim.com/keren/investment_policy_provident_insurance/m/keren/about_the_fund_kgm_pension_fund/,בניין,https://amitim.com/keren/about_the_fund_pension_fund_building/
2026-09-30T22:38:47+00:00,520022963,"קופת הפנסיה לעובדי הדסה בע""מ",new_item,https://amitim.com/keren/investment_policy_provident_insurance/m/keren/about_the_fund_kgm_pension_fund/,אודות הקרן,https://amitim.com/keren/about_the_fund_mivtachim_provident_fund/
2026-09-30T22:38:47+00:00,520022963,"קופת הפנסיה לעובדי הדסה בע""מ",new_item,https://amitim.com/keren/investment_policy_provident_insurance/m/keren/about_the_fund_kgm_pension_fund/,אודות הקרן,https://amitim.com/keren/about_the_fund_makefet_provident_fund/
2026-09-30T22:38:47+00:00,520022963,"קופת הפנסיה לעובדי הדסה בע""מ",new_item,https://amitim.com/keren/investment_policy_provident_insurance/m/keren/about_the_fund_kgm_pension_fund/,אודות הקופה,https://amitim.com/keren/about_the_fund_farmers_provident_fund/
2026-09-30T22:38:47+00:00,520022963,"קופת הפנסיה לעובדי הדסה בע""מ",new_item,https://amitim.com/keren/investment_policy_provident_insurance/m/keren/about_the_fund_kgm_pension_fund/,אודות הקופה,https://amitim.com/keren/about_the_fund_provident_fund_building/
2026-09-30T22:38:47+00:00,520022963,"קופת הפנסיה לעובדי הדסה בע""מ",new_item,https://amitim.com/keren/investment_policy_provident_insurance/m/keren/about_the_fund_kgm_pension_fund/,אגד,https://amitim.com/keren/about_the_fund_egged_pension_fund/
2026-09-30T22:38:47+00:00,520022963,"קופת הפנסיה לעובדי הדסה בע""מ",new_item,https://amitim.com/keren/investment_policy_makefet_provident_fund/m/keren/about_the_fund_kgm_pension_fund/,קצבת שארים,https://amitim.com/info-center/amitim/survivors_pension/
2026-09-30T22:38:47+00:00,520022963,"קופת הפנסיה לעובדי הדסה בע""מ",new_item,https://amitim.com/keren/investment_policy_makefet_provident_fund/m/keren/about_the_fund_kgm_pension_fund/,קצבת נכות,https://amitim.com/info-center/amitim/disability-pension/
2026-09-30T22:38:47+00:00,520022963,"קופת הפנסיה לעובדי הדסה בע""מ",new_item,https://amitim.com/keren/investment_policy_makefet_provident_fund/m/keren/about_the_fund_kgm_pension_fund/,קגמ קרן פנסיה,https://amitim.com/keren/about_the_fund_kgm_pension_fund/
2026-09-30T22:38:47+00:00,520022963,"קופת הפנסיה לעובדי הדסה בע""מ",new_item,https://amitim.com/keren/investment_policy_makefet_provident_fund/m/keren/about_the_fund_kgm_pension_fund/,פרישה לפנסיה,https://amitim.com/info-center/employers/retirement/
2026-09-30T22:38:47+00:00,520022963,"קופת הפנסיה לעובדי הדסה בע""מ",new_item,https://amitim.com/keren/investment_policy_makefet_provident_fund/m/keren/about_the_fund_kgm_pension_fund/,נתיב,https://amitim.com/keren/about_the_fund_nativ_pension_fund/
2026-09-30T22:38:47+00:00,520022963,"קופת הפנסיה לעובדי הדסה בע""מ",new_item,https://amitim.com/keren/investment_policy_makefet_provident_fund/m/keren/about_the_fund_kgm_pension_fund/,נכסי הקרן,https://amitim.com/keren/fund_assets_makefet_pension_fund/
2026-09-30T22:38:47+00:00,520022963,"קופת הפנסיה לעובדי הדסה בע""מ",new_item,https://amitim.com/keren/investment_policy_makefet_provident_fund/m/keren/about_the_fund_kgm_pension_fund/,נכסי הקרן,https://amitim.com/keren/fund_assets_farmers_pension_fund/
2026-09-30T22:38:47+00:00,520022963,"קופת הפנסיה לעובדי הדסה בע""מ",new_item,https://amitim.com/keren/investment_policy_makefet_provident_fund/m/keren/about_the_fund_kgm_pension_fund/,נכסי הקרן,https://amitim.com/keren/fund_assets_pension_fund_building/
2026-09-30T22:38:47+00:00,520022963,"קופת הפנסיה לעובדי הדסה בע""מ",new_item,https://amitim.com/keren/investment_policy_makefet_provident_fund/m/keren/about_the_fund_kgm_pension_fund/,נכסי הקרן,https://amitim.com/keren/fund_assets_kgm_pension_fund/
2026-09-30T22:38:47+00:00,520022963,"קופת הפנסיה לעובדי הדסה בע""מ",new_item,https://amitim.com/keren/investment_policy_makefet_provident_fund/m/keren/about_the_fund_kgm_pension_fund/,נכסי הקרן,https://amitim.com/keren/fund_assets_nativ_pension_fund/
2026-09-30T22:38:47+00:00,520022963,"קופת הפנסיה לעובדי הדסה בע""מ",new_item,https://amitim.com/keren/investment_policy_makefet_provident_fund/m/keren/about_the_fund_kgm_pension_fund/,נכסי הקרן,https://amitim.com/keren/fund_assets_egged_pension_fund/
2026-09-30T22:38:47+00:00,520022963,"קופת הפנסיה לעובדי הדסה בע""מ",new_item,https://amitim.com/keren/investment_policy_makefet_provident_fund/m/keren/about_the_fund_kgm_pension_fund/,נכסי הקרן,https://amitim.com/keren/fund_assets_hadassah_pension_fund/
2026-09-30T22:38:47+00:00,520022963,"קופת הפנסיה לעובדי הדסה בע""מ",new_item,https://amitim.com/keren/investment_policy_makefet_provident_fund/m/keren/about_the_fund_kgm_pension_fund/,נכסי הקופה,https://amitim.com/keren/fund_assets_provident_fund_insurers/
2026-09-30T22:38:47+00:00,520022963,"קופת הפנסיה לעובדי הדסה בע""מ",new_item,https://amitim.com/keren/investment_policy_makefet_provident_fund/m/keren/about_the_fund_kgm_pension_fund/,נכסי הקופה,https://amitim.com/keren/fund_assets_makefet_provident_fund/
2026-09-30T22:38:47+00:00,520022963,"קופת הפנסיה לעובדי הדסה בע""מ",new_item,https://amitim.com/keren/investment_policy_makefet_provident_fund/m/keren/about_the_fund_kgm_pension_fund/,נכסי הקופה,https://amitim.com/keren/fund_assets_farmers_provident_fund/
2026-09-30T22:38:47+00:00,520022963,"קופת הפנסיה לעובדי הדסה בע""מ",new_item,https://amitim.com/keren/investment_policy_makefet_provident_fund/m/keren/about_the_fund_kgm_pension_fund/,נכסי הקופה,https://amitim.com/keren/fund_assets_provident_fund_building/
2026-09-30T22:38:47+00:00,520022963,"קופת הפנסיה לעובדי הדסה בע""מ",new_item,https://amitim.com/keren/investment_policy_makefet_provident_fund/m/keren/about_the_fund_kgm_pension_fund/,משיכת כספים של עמית שנפטר,https://amitim.com/keren/withdrawing_funds_from_a_deceased_colleague_farmers_provident_fund/
2026-09-30T22:38:47+00:00,520022963,"קופת הפנסיה לעובדי הדסה בע""מ",new_item,https://amitim.com/keren/investment_policy_makefet_provident_fund/m/keren/about_the_fund_kgm_pension_fund/,משיכת כספים של עמית שנפטר,https://amitim.com/keren/withdrawing_funds_from_a_deceased-colleague_provident_fund_building/
2026-09-30T22:38:47+00:00,520022963,"קופת הפנסיה לעובדי הדסה בע""מ",new_item,https://amitim.com/keren/investment_policy_makefet_provident_fund/m/keren/about_the_fund_kgm_pension_fund/,מקפת,https://amitim.com/keren/about_the_fund_makefet_pension_fund/
2026-09-30T22:38:47+00:00,520022963,"קופת הפנסיה לעובדי הדסה בע""מ",new_item,https://amitim.com/keren/investment_policy_makefet_provident_fund/m/keren/about_the_fund_kgm_pension_fund/,מידע סטטיסטי,https://amitim.com/keren/statistical_information_pension_insurers/
2026-09-30T22:38:47+00:00,520022963,"קופת הפנסיה לעובדי הדסה בע""מ",new_item,https://amitim.com/keren/investment_policy_makefet_provident_fund/m/keren/about_the_fund_kgm_pension_fund/,מידע סטטיסטי,https://amitim.com/keren/statistical_information_pension_fund_circle/
2026-09-30T22:38:47+00:00,520022963,"קופת הפנסיה לעובדי הדסה בע""מ",new_item,https://amitim.com/keren/investment_policy_makefet_provident_fund/m/keren/about_the_fund_kgm_pension_fund/,מידע סטטיסטי,https://amitim.com/keren/statistical_information_farmers_pension_fund/
2026-09-30T22:38:47+00:00,520022963,"קופת הפנסיה לעובדי הדסה בע""מ",new_item,https://amitim.com/keren/investment_policy_makefet_provident_fund/m/keren/about_the_fund_kgm_pension_fund/,מידע סטטיסטי,https://amitim.com/statistical_information_pension_fund_building/
2026-09-30T22:38:47+00:00,520022963,"קופת הפנסיה לעובדי הדסה בע""מ",new_item,https://amitim.com/keren/investment_policy_makefet_provident_fund/m/keren/about_the_fund_kgm_pension_fund/,מידע סטטיסטי,https://amitim.com/keren/statistical_information_kgm_pension_fund/
2026-09-30T22:38:47+00:00,520022963,"קופת הפנסיה לעובדי הדסה בע""מ",new_item,https://amitim.com/keren/investment_policy_makefet_provident_fund/m/keren/about_the_fund_kgm_pension_fund/,מידע סטטיסטי,https://amitim.com/keren/statistical_information_nativ_pension_fund/
2026-09-30T22:38:47+00:00,520022963,"קופת הפנסיה לעובדי הדסה בע""מ",new_item,https://amitim.com/keren/investment_policy_makefet_provident_fund/m/keren/about_the_fund_kgm_pension_fund/,מידע סטטיסטי,https://amitim.com/keren/statistical_information_egged_pension_fund/
2026-09-30T22:38:47+00:00,520022963,"קופת הפנסיה לעובדי הדסה בע""מ",new_item,https://amitim.com/keren/investment_policy_makefet_provident_fund/m/keren/about_the_fund_kgm_pension_fund/,מידע סטטיסטי,https://amitim.com/keren/statistical_information_hadassah_pension_fund/
2026-09-30T22:38:47+00:00,520022963,"קופת הפנסיה לעובדי הדסה בע""מ",new_item,https://amitim.com/keren/investment_policy_makefet_provident_fund/m/keren/about_the_fund_kgm_pension_fund/,יציאה לפנסיה,https://amitim.com/info-center/amitim/retirement/
2026-09-30T22:38:47+00:00,520022963,"קופת הפנסיה לעובדי הדסה בע""מ",new_item,https://amitim.com/keren/investment_policy_makefet_provident_fund/m/keren/about_the_fund_kgm_pension_fund/,חקלאים,https://amitim.com/keren/about_the_fund_farmers_pension_fund/
2026-09-30T22:38:47+00:00,520022963,"קופת הפנסיה לעובדי הדסה בע""מ",new_item,https://amitim.com/keren/investment_policy_makefet_provident_fund/m/keren/about_the_fund_kgm_pension_fund/,הצבעות באסיפות,https://amitim.com/keren/voting_at_meetings_pension_insurers/
2026-09-30T22:38:47+00:00,520022963,"קופת הפנסיה לעובדי הדסה בע""מ",new_item,https://amitim.com/keren/investment_policy_makefet_provident_fund/m/keren/about_the_fund_kgm_pension_fund/,הצבעות באסיפות,https://amitim.com/keren/voting_at_meetings_provident_insurance/
2026-09-30T22:38:47+00:00,520022963,"קופת הפנסיה לעובדי הדסה בע""מ",new_item,https://amitim.com/keren/investment_policy_makefet_provident_fund/m/keren/about_the_fund_kgm_pension_fund/,הצבעות באסיפות,https://amitim.com/keren/voting_at_meetings_pension_fund_circle/
2026-09-30T22:38:47+00:00,520022963,"קופת הפנסיה לעובדי הדסה בע""מ",new_item,https://amitim.com/keren/investment_policy_makefet_provident_fund/m/keren/about_the_fund_kgm_pension_fund/,הצבעות באסיפות,https://amitim.com/keren/voting_at_meetings_provident_fund_circle/
2026-09-30T22:38:47+00:00,520022963,"קופת הפנסיה לעובדי הדסה בע""מ",new_item,https://amitim.com/keren/investment_policy_makefet_provident_fund/m/keren/about_the_fund_kgm_pension_fund/,הצבעות באסיפות,https://amitim.com/keren/voting_at_meetings_farmers_pension_fund/
2026-09-30T22:38:47+00:00,520022963,"קופת הפנסיה לעובדי הדסה בע""מ",new_item,https://amitim.com/keren/investment_policy_makefet_provident_fund/m/keren/about_the_fund_kgm_pension_fund/,הצבעות באסיפות,https://amitim.com/keren/voting_at_meetings_farmers_provident_fund/
2026-09-30T22:38:47+00:00,520022963,"קופת הפנסיה לעובדי הדסה בע""מ",new_item,https://amitim.com/keren/investment_policy_makefet_provident_fund/m/keren/about_the_fund_kgm_pension_fund/,הצבעות באסיפות,https://amitim.com/keren/voting_at_meetings_pension_fund_building/
2026-09-30T22:38:47+00:00,520022963,"קופת הפנסיה לעובדי הדסה בע""מ",new_item,https://amitim.com/keren/investment_policy_makefet_provident_fund/m/keren/about_the_fund_kgm_pension_fund/,הצבעות באסיפות,https://amitim.com/keren/voting_at_meetings_provident_fund-building/
2026-09-30T22:38:47+00:00,520022963,"קופת הפנסיה לעובדי הדסה בע""מ",new_item,https://amitim.com/keren/investment_policy_makefet_provident_fund/m/keren/about_the_fund_kgm_pension_fund/,הצבעות באסיפות,https://amitim.com/keren/voting_at_meetings_kgm_pension-fund/
2026-09-30T22:38:47+00:00,520022963,"קופת הפנסיה לעובדי הדסה בע""מ",new_item,https://amitim.com/keren/investment_policy_makefet_provident_fund/m/keren/about_the_fund_kgm_pension_fund/,הצבעות באסיפות,https://amitim.com/keren/voting_at_meetings_nativ_pension_fund/
2026-09-30T22:38:47+00:00,520022963,"קופת הפנסיה לעובדי הדסה בע""מ",new_item,https://amitim.com/keren/investment_policy_makefet_provident_fund/m/keren/about_the_fund_kgm_pension_fund/,הצבעות באסיפות,https://amitim.com/keren/voting_at_meetings_egged_pension_fund/
2026-09-30T22:38:47+00:00,520022963,"קופת הפנסיה לעובדי הדסה בע""מ",new_item,https://amitim.com/keren/investment_policy_makefet_provident_fund/m/keren/about_the_fund_kgm_pension_fund/,הצבעות באסיפות,https://amitim.com/keren/voting_at_meetings_hadassah_pension_fund/
2026-09-30T22:38:47+00:00,520022963,"קופת הפנסיה לעובדי הדסה בע""מ",new_item,https://amitim.com/keren/investment_policy_makefet_provident_fund/m/keren/about_the_fund_kgm_pension_fund/,הפנסיה שלי,https://amitim.com/info-center/retirees/my_pension/
2026-09-30T22:38:47+00:00,520022963,"קופת הפנסיה לעובדי הדסה בע""מ",new_item,https://amitim.com/keren/investment_policy_makefet_provident_fund/m/keren/about_the_fund_kgm_pension_fund/,החוק לחלוקת חיסכון פנסיוני,https://amitim.com/info-center/amitim/distribution_of_pension_savings/
2026-09-30T22:38:47+00:00,520022963,"קופת הפנסיה לעובדי הדסה בע""מ",new_item,https://amitim.com/keren/investment_policy_makefet_provident_fund/m/keren/about_the_fund_kgm_pension_fund/,הדסה,https://amitim.com/keren/about-_he_fund_hadassah_pension_fund/
2026-09-30T22:38:47+00:00,520022963,"קופת הפנסיה לעובדי הדסה בע""מ",new_item,https://amitim.com/keren/investment_policy_makefet_provident_fund/m/keren/about_the_fund_kgm_pension_fund/,דוחות כספיים,https://amitim.com/keren/financial_statements_provident_fund_insurers/
2026-09-30T22:38:47+00:00,520022963,"קופת הפנסיה לעובדי הדסה בע""מ",new_item,https://amitim.com/keren/investment_policy_makefet_provident_fund/m/keren/about_the_fund_kgm_pension_fund/,דוחות כספיים,https://amitim.com/keren/financial_statements_pension_fund_overview/
2026-09-30T22:38:47+00:00,520022963,"קופת הפנסיה לעובדי הדסה בע""מ",new_item,https://amitim.com/keren/investment_policy_makefet_provident_fund/m/keren/about_the_fund_kgm_pension_fund/,דוחות כספיים,https://amitim.com/keren/financial_statements_provident_fund_circle/
2026-09-30T22:38:47+00:00,520022963,"קופת הפנסיה לעובדי הדסה בע""מ",new_item,https://amitim.com/keren/investment_policy_makefet_provident_fund/m/keren/about_the_fund_kgm_pension_fund/,דוחות כספיים,https://amitim.com/keren/financial_statements_kgm_pension_fund/
2026-09-30T22:38:47+00:00,520022963,"קופת הפנסיה לעובדי הדסה בע""מ",new_item,https://amitim.com/keren/investment_policy_makefet_provident_fund/m/keren/about_the_fund_kgm_pension_fund/,גורמים קשורים,https://amitim.com/keren/related_parties_provident_fund_insurers/
2026-09-30T22:38:47+00:00,520022963,"קופת הפנסיה לעובדי הדסה בע""מ",new_item,https://amitim.com/keren/investment_policy_makefet_provident_fund/m/keren/about_the_fund_kgm_pension_fund/,גורמים קשורים,https://amitim.com/keren/related_factors_pension_fund_circle/
2026-09-30T22:38:47+00:00,520022963,"קופת הפנסיה לעובדי הדסה בע""מ",new_item,https://amitim.com/keren/investment_policy_makefet_provident_fund/m/keren/about_the_fund_kgm_pension_fund/,גורמים קשורים,https://amitim.com/keren/related_factors_provident_fund_circle/
2026-09-30T22:38:47+00:00,520022963,"קופת הפנסיה לעובדי הדסה בע""מ",new_item,https://amitim.com/keren/investment_policy_makefet_provident_fund/m/keren/about_the_fund_kgm_pension_fund/,גורמים קשורים,https://amitim.com/keren/related_entities_farmers_pension_fund/
2026-09-30T22:38:47+00:00,520022963,"קופת הפנסיה לעובדי הדסה בע""מ",new_item,https://amitim.com/keren/investment_policy_makefet_provident_fund/m/keren/about_the_fund_kgm_pension_fund/,גורמים קשורים,https://amitim.com/keren/related_entities_farmers_provident_fund/
2026-09-30T22:38:47+00:00,520022963,"קופת הפנסיה לעובדי הדסה בע""מ",new_item,https://amitim.com/keren/investment_policy_makefet_provident_fund/m/keren/about_the_fund_kgm_pension_fund/,גורמים קשורים,https://amitim.com/keren/related_factors_pension_fund_building/
2026-09-30T22:38:47+00:00,520022963,"קופת הפנסיה לעובדי הדסה בע""מ",new_item,https://amitim.com/keren/investment_policy_makefet_provident_fund/m/keren/about_the_fund_kgm_pension_fund/,גורמים קשורים,https://amitim.com/keren/related_entities_provident_fund_building/
2026-09-30T22:38:47+00:00,520022963,"קופת הפנסיה לעובדי הדסה בע""מ",new_item,https://amitim.com/keren/investment_policy_makefet_provident_fund/m/keren/about_the_fund_kgm_pension_fund/,גורמים קשורים,https://amitim.com/keren/related_entities_kgm_pension_fund/
2026-09-30T22:38:47+00:00,520022963,"קופת הפנסיה לעובדי הדסה בע""מ",new_item,https://amitim.com/keren/investment_policy_makefet_provident_fund/m/keren/about_the_fund_kgm_pension_fund/,גורמים קשורים,https://amitim.com/keren/related_entities_nativ_pension_fund/
2026-09-30T22:38:47+00:00,520022963,"קופת הפנסיה לעובדי הדסה בע""מ",new_item,https://amitim.com/keren/investment_policy_makefet_provident_fund/m/keren/about_the_fund_kgm_pension_fund/,גורמים קשורים,https://amitim.com/keren/related_parties_egged_pension_fund/
2026-09-30T22:38:47+00:00,520022963,"קופת הפנסיה לעובדי הדסה בע""מ",new_item,https://amitim.com/keren/investment_policy_makefet_provident_fund/m/keren/about_the_fund_kgm_pension_fund/,גורמים קשורים,https://amitim.com/keren/related_entities_hadassah_pension_fund/
2026-09-30T22:38:47+00:00,520022963,"קופת הפנסיה לעובדי הדסה בע""מ",new_item,https://amitim.com/keren/investment_policy_makefet_provident_fund/m/keren/about_the_fund_kgm_pension_fund/,בניין,https://amitim.com/keren/about_the_fund_pension_fund_building/
2026-09-30T22:38:47+00:00,520022963,"קופת הפנסיה לעובדי הדסה בע""מ",new_item,https://amitim.com/keren/investment_policy_makefet_provident_fund/m/keren/about_the_fund_kgm_pension_fund/,אודות הקרן,https://amitim.com/keren/about_the_fund_mivtachim_provident_fund/
2026-09-30T22:38:47+00:00,520022963,"קופת הפנסיה לעובדי הדסה בע""מ",new_item,https://amitim.com/keren/investment_policy_makefet_provident_fund/m/keren/about_the_fund_kgm_pension_fund/,אודות הקרן,https://amitim.com/keren/about_the_fund_makefet_provident_fund/
2026-09-30T22:38:47+00:00,520022963,"קופת הפנסיה לעובדי הדסה בע""מ",new_item,https://amitim.com/keren/investment_policy_makefet_provident_fund/m/keren/about_the_fund_kgm_pension_fund/,אודות הקופה,https://amitim.com/keren/about_the_fund_farmers_provident_fund/
2026-09-30T22:38:47+00:00,520022963,"קופת הפנסיה לעובדי הדסה בע""מ",new_item,https://amitim.com/keren/investment_policy_makefet_provident_fund/m/keren/about_the_fund_kgm_pension_fund/,אודות הקופה,https://amitim.com/keren/about_the_fund_provident_fund_building/
2026-09-30T22:38:47+00:00,520022963,"קופת הפנסיה לעובדי הדסה בע""מ",new_item,https://amitim.com/keren/investment_policy_makefet_provident_fund/m/keren/about_the_fund_kgm_pension_fund/,אגד,https://amitim.com/keren/about_the_fund_egged_pension_fund/
2026-09-30T22:38:47+00:00,520022963,"קופת הפנסיה לעובדי הדסה בע""מ",new_item,https://amitim.com/keren/investment_policy_farmers_pension_fund/m/keren/about_the_fund_kgm_pension_fund/,קצבת שארים,https://amitim.com/info-center/amitim/survivors_pension/
2026-09-30T22:38:47+00:00,520022963,"קופת הפנסיה לעובדי הדסה בע""מ",new_item,https://amitim.com/keren/investment_policy_farmers_pension_fund/m/keren/about_the_fund_kgm_pension_fund/,קצבת נכות,https://amitim.com/info-center/amitim/disability-pension/
2026-09-30T22:38:47+00:00,520022963,"קופת הפנסיה לעובדי הדסה בע""מ",new_item,https://amitim.com/keren/investment_policy_farmers_pension_fund/m/keren/about_the_fund_kgm_pension_fund/,קגמ קרן פנסיה,https://amitim.com/keren/about_the_fund_kgm_pension_fund/
2026-09-30T22:38:47+00:00,520022963,"קופת הפנסיה לעובדי הדסה בע""מ",new_item,https://amitim.com/keren/investment_policy_farmers_pension_fund/m/keren/about_the_fund_kgm_pension_fund/,פרישה לפנסיה,https://amitim.com/info-center/employers/retirement/
2026-09-30T22:38:47+00:00,520022963,"קופת הפנסיה לעובדי הדסה בע""מ",new_item,https://amitim.com/keren/investment_policy_farmers_pension_fund/m/keren/about_the_fund_kgm_pension_fund/,נתיב,https://amitim.com/keren/about_the_fund_nativ_pension_fund/
2026-09-30T22:38:47+00:00,520022963,"קופת הפנסיה לעובדי הדסה בע""מ",new_item,https://amitim.com/keren/investment_policy_farmers_pension_fund/m/keren/about_the_fund_kgm_pension_fund/,נכסי הקרן,https://amitim.com/keren/fund_assets_makefet_pension_fund/
2026-09-30T22:38:47+00:00,520022963,"קופת הפנסיה לעובדי הדסה בע""מ",new_item,https://amitim.com/keren/investment_policy_farmers_pension_fund/m/keren/about_the_fund_kgm_pension_fund/,נכסי הקרן,https://amitim.com/keren/fund_assets_farmers_pension_fund/
2026-09-30T22:38:47+00:00,520022963,"קופת הפנסיה לעובדי הדסה בע""מ",new_item,https://amitim.com/keren/investment_policy_farmers_pension_fund/m/keren/about_the_fund_kgm_pension_fund/,נכסי הקרן,https://amitim.com/keren/fund_assets_pension_fund_building/
2026-09-30T22:38:47+00:00,520022963,"קופת הפנסיה לעובדי הדסה בע""מ",new_item,https://amitim.com/keren/investment_policy_farmers_pension_fund/m/keren/about_the_fund_kgm_pension_fund/,נכסי הקרן,https://amitim.com/keren/fund_assets_kgm_pension_fund/
2026-09-30T22:38:47+00:00,520022963,"קופת הפנסיה לעובדי הדסה בע""מ",new_item,https://amitim.com/keren/investment_policy_farmers_pension_fund/m/keren/about_the_fund_kgm_pension_fund/,נכסי הקרן,https://amitim.com/keren/fund_assets_nativ_pension_fund/
2026-09-30T22:38:47+00:00,520022963,"קופת הפנסיה לעובדי הדסה בע""מ",new_item,https://amitim.com/keren/investment_policy_farmers_pension_fund/m/keren/about_the_fund_kgm_pension_fund/,נכסי הקרן,https://amitim.com/keren/fund_assets_egged_pension_fund/
2026-09-30T22:38:47+00:00,520022963,"קופת הפנסיה לעובדי הדסה בע""מ",new_item,https://amitim.com/keren/investment_policy_farmers_pension_fund/m/keren/about_the_fund_kgm_pension_fund/,נכסי הקרן,https://amitim.com/keren/fund_assets_hadassah_pension_fund/
2026-09-30T22:38:47+00:00,520022963,"קופת הפנסיה לעובדי הדסה בע""מ",new_item,https://amitim.com/keren/investment_policy_farmers_pension_fund/m/keren/about_the_fund_kgm_pension_fund/,נכסי הקופה,https://amitim.com/keren/fund_assets_provident_fund_insurers/
2026-09-30T22:38:47+00:00,520022963,"קופת הפנסיה לעובדי הדסה בע""מ",new_item,https://amitim.com/keren/investment_policy_farmers_pension_fund/m/keren/about_the_fund_kgm_pension_fund/,נכסי הקופה,https://amitim.com/keren/fund_assets_makefet_provident_fund/
2026-09-30T22:38:47+00:00,520022963,"קופת הפנסיה לעובדי הדסה בע""מ",new_item,https://amitim.com/keren/investment_policy_farmers_pension_fund/m/keren/about_the_fund_kgm_pension_fund/,נכסי הקופה,https://amitim.com/keren/fund_assets_farmers_provident_fund/
2026-09-30T22:38:47+00:00,520022963,"קופת הפנסיה לעובדי הדסה בע""מ",new_item,https://amitim.com/keren/investment_policy_farmers_pension_fund/m/keren/about_the_fund_kgm_pension_fund/,נכסי הקופה,https://amitim.com/keren/fund_assets_provident_fund_building/
2026-09-30T22:38:47+00:00,520022963,"קופת הפנסיה לעובדי הדסה בע""מ",new_item,https://amitim.com/keren/investment_policy_farmers_pension_fund/m/keren/about_the_fund_kgm_pension_fund/,משיכת כספים של עמית שנפטר,https://amitim.com/keren/withdrawing_funds_from_a_deceased_colleague_farmers_provident_fund/
2026-09-30T22:38:47+00:00,520022963,"קופת הפנסיה לעובדי הדסה בע""מ",new_item,https://amitim.com/keren/investment_policy_farmers_pension_fund/m/keren/about_the_fund_kgm_pension_fund/,משיכת כספים של עמית שנפטר,https://amitim.com/keren/withdrawing_funds_from_a_deceased-colleague_provident_fund_building/
2026-09-30T22:38:47+00:00,520022963,"קופת הפנסיה לעובדי הדסה בע""מ",new_item,https://amitim.com/keren/investment_policy_farmers_pension_fund/m/keren/about_the_fund_kgm_pension_fund/,מקפת,https://amitim.com/keren/about_the_fund_makefet_pension_fund/
2026-09-30T22:38:47+00:00,520022963,"קופת הפנסיה לעובדי הדסה בע""מ",new_item,https://amitim.com/keren/investment_policy_farmers_pension_fund/m/keren/about_the_fund_kgm_pension_fund/,מידע סטטיסטי,https://amitim.com/keren/statistical_information_pension_insurers/
2026-09-30T22:38:47+00:00,520022963,"קופת הפנסיה לעובדי הדסה בע""מ",new_item,https://amitim.com/keren/investment_policy_farmers_pension_fund/m/keren/about_the_fund_kgm_pension_fund/,מידע סטטיסטי,https://amitim.com/keren/statistical_information_pension_fund_circle/
2026-09-30T22:38:47+00:00,520022963,"קופת הפנסיה לעובדי הדסה בע""מ",new_item,https://amitim.com/keren/investment_policy_farmers_pension_fund/m/keren/about_the_fund_kgm_pension_fund/,מידע סטטיסטי,https://amitim.com/keren/statistical_information_farmers_pension_fund/
2026-09-30T22:38:47+00:00,520022963,"קופת הפנסיה לעובדי הדסה בע""מ",new_item,https://amitim.com/keren/investment_policy_farmers_pension_fund/m/keren/about_the_fund_kgm_pension_fund/,מידע סטטיסטי,https://amitim.com/statistical_information_pension_fund_building/
2026-09-30T22:38:47+00:00,520022963,"קופת הפנסיה לעובדי הדסה בע""מ",new_item,https://amitim.com/keren/investment_policy_farmers_pension_fund/m/keren/about_the_fund_kgm_pension_fund/,מידע סטטיסטי,https://amitim.com/keren/statistical_information_kgm_pension_fund/
2026-09-30T22:38:47+00:00,520022963,"קופת הפנסיה לעובדי הדסה בע""מ",new_item,https://amitim.com/keren/investment_policy_farmers_pension_fund/m/keren/about_the_fund_kgm_pension_fund/,מידע סטטיסטי,https://amitim.com/keren/statistical_information_nativ_pension_fund/
2026-09-30T22:38:47+00:00,520022963,"קופת הפנסיה לעובדי הדסה בע""מ",new_item,https://amitim.com/keren/investment_policy_farmers_pension_fund/m/keren/about_the_fund_kgm_pension_fund/,מידע סטטיסטי,https://amitim.com/keren/statistical_information_egged_pension_fund/
2026-09-30T22:38:47+00:00,520022963,"קופת הפנסיה לעובדי הדסה בע""מ",new_item,https://amitim.com/keren/investment_policy_farmers_pension_fund/m/keren/about_the_fund_kgm_pension_fund/,מידע סטטיסטי,https://amitim.com/keren/statistical_information_hadassah_pension_fund/
2026-09-30T22:38:47+00:00,520022963,"קופת הפנסיה לעובדי הדסה בע""מ",new_item,https://amitim.com/keren/investment_policy_farmers_pension_fund/m/keren/about_the_fund_kgm_pension_fund/,יציאה לפנסיה,https://amitim.com/info-center/amitim/retirement/
2026-09-30T22:38:47+00:00,520022963,"קופת הפנסיה לעובדי הדסה בע""מ",new_item,https://amitim.com/keren/investment_policy_farmers_pension_fund/m/keren/about_the_fund_kgm_pension_fund/,חקלאים,https://amitim.com/keren/about_the_fund_farmers_pension_fund/
2026-09-30T22:38:47+00:00,520022963,"קופת הפנסיה לעובדי הדסה בע""מ",new_item,https://amitim.com/keren/investment_policy_farmers_pension_fund/m/keren/about_the_fund_kgm_pension_fund/,הצבעות באסיפות,https://amitim.com/keren/voting_at_meetings_pension_insurers/
2026-09-30T22:38:47+00:00,520022963,"קופת הפנסיה לעובדי הדסה בע""מ",new_item,https://amitim.com/keren/investment_policy_farmers_pension_fund/m/keren/about_the_fund_kgm_pension_fund/,הצבעות באסיפות,https://amitim.com/keren/voting_at_meetings_provident_insurance/
2026-09-30T22:38:47+00:00,520022963,"קופת הפנסיה לעובדי הדסה בע""מ",new_item,https://amitim.com/keren/investment_policy_farmers_pension_fund/m/keren/about_the_fund_kgm_pension_fund/,הצבעות באסיפות,https://amitim.com/keren/voting_at_meetings_pension_fund_circle/
2026-09-30T22:38:47+00:00,520022963,"קופת הפנסיה לעובדי הדסה בע""מ",new_item,https://amitim.com/keren/investment_policy_farmers_pension_fund/m/keren/about_the_fund_kgm_pension_fund/,הצבעות באסיפות,https://amitim.com/keren/voting_at_meetings_provident_fund_circle/
2026-09-30T22:38:47+00:00,520022963,"קופת הפנסיה לעובדי הדסה בע""מ",new_item,https://amitim.com/keren/investment_policy_farmers_pension_fund/m/keren/about_the_fund_kgm_pension_fund/,הצבעות באסיפות,https://amitim.com/keren/voting_at_meetings_farmers_pension_fund/
2026-09-30T22:38:47+00:00,520022963,"קופת הפנסיה לעובדי הדסה בע""מ",new_item,https://amitim.com/keren/investment_policy_farmers_pension_fund/m/keren/about_the_fund_kgm_pension_fund/,הצבעות באסיפות,https://amitim.com/keren/voting_at_meetings_farmers_provident_fund/
2026-09-30T22:38:47+00:00,520022963,"קופת הפנסיה לעובדי הדסה בע""מ",new_item,https://amitim.com/keren/investment_policy_farmers_pension_fund/m/keren/about_the_fund_kgm_pension_fund/,הצבעות באסיפות,https://amitim.com/keren/voting_at_meetings_pension_fund_building/
2026-09-30T22:38:47+00:00,520022963,"קופת הפנסיה לעובדי הדסה בע""מ",new_item,https://amitim.com/keren/investment_policy_farmers_pension_fund/m/keren/about_the_fund_kgm_pension_fund/,הצבעות באסיפות,https://amitim.com/keren/voting_at_meetings_provident_fund-building/
2026-09-30T22:38:47+00:00,520022963,"קופת הפנסיה לעובדי הדסה בע""מ",new_item,https://amitim.com/keren/investment_policy_farmers_pension_fund/m/keren/about_the_fund_kgm_pension_fund/,הצבעות באסיפות,https://amitim.com/keren/voting_at_meetings_kgm_pension-fund/
2026-09-30T22:38:47+00:00,520022963,"קופת הפנסיה לעובדי הדסה בע""מ",new_item,https://amitim.com/keren/investment_policy_farmers_pension_fund/m/keren/about_the_fund_kgm_pension_fund/,הצבעות באסיפות,https://amitim.com/keren/voting_at_meetings_nativ_pension_fund/
2026-09-30T22:38:47+00:00,520022963,"קופת הפנסיה לעובדי הדסה בע""מ",new_item,https://amitim.com/keren/investment_policy_farmers_pension_fund/m/keren/about_the_fund_kgm_pension_fund/,הצבעות באסיפות,https://amitim.com/keren/voting_at_meetings_egged_pension_fund/
2026-09-30T22:38:47+00:00,520022963,"קופת הפנסיה לעובדי הדסה בע""מ",new_item,https://amitim.com/keren/investment_policy_farmers_pension_fund/m/keren/about_the_fund_kgm_pension_fund/,הצבעות באסיפות,https://amitim.com/keren/voting_at_meetings_hadassah_pension_fund/
2026-09-30T22:38:47+00:00,520022963,"קופת הפנסיה לעובדי הדסה בע""מ",new_item,https://amitim.com/keren/investment_policy_farmers_pension_fund/m/keren/about_the_fund_kgm_pension_fund/,הפנסיה שלי,https://amitim.com/info-center/retirees/my_pension/
2026-09-30T22:38:47+00:00,520022963,"קופת הפנסיה לעובדי הדסה בע""מ",new_item,https://amitim.com/keren/investment_policy_farmers_pension_fund/m/keren/about_the_fund_kgm_pension_fund/,החוק לחלוקת חיסכון פנסיוני,https://amitim.com/info-center/amitim/distribution_of_pension_savings/
2026-09-30T22:38:47+00:00,520022963,"קופת הפנסיה לעובדי הדסה בע""מ",new_item,https://amitim.com/keren/investment_policy_farmers_pension_fund/m/keren/about_the_fund_kgm_pension_fund/,הדסה,https://amitim.com/keren/about-_he_fund_hadassah_pension_fund/
2026-09-30T22:38:47+00:00,520022963,"קופת הפנסיה לעובדי הדסה בע""מ",new_item,https://amitim.com/keren/investment_policy_farmers_pension_fund/m/keren/about_the_fund_kgm_pension_fund/,דוחות כספיים,https://amitim.com/keren/financial_statements_provident_fund_insurers/
2026-09-30T22:38:47+00:00,520022963,"קופת הפנסיה לעובדי הדסה בע""מ",new_item,https://amitim.com/keren/investment_policy_farmers_pension_fund/m/keren/about_the_fund_kgm_pension_fund/,דוחות כספיים,https://amitim.com/keren/financial_statements_pension_fund_overview/
2026-09-30T22:38:47+00:00,520022963,"קופת הפנסיה לעובדי הדסה בע""מ",new_item,https://amitim.com/keren/investment_policy_farmers_pension_fund/m/keren/about_the_fund_kgm_pension_fund/,דוחות כספיים,https://amitim.com/keren/financial_statements_provident_fund_circle/
2026-09-30T22:38:47+00:00,520022963,"קופת הפנסיה לעובדי הדסה בע""מ",new_item,https://amitim.com/keren/investment_policy_farmers_pension_fund/m/keren/about_the_fund_kgm_pension_fund/,דוחות כספיים,https://amitim.com/keren/financial_statements_kgm_pension_fund/
2026-09-30T22:38:47+00:00,520022963,"קופת הפנסיה לעובדי הדסה בע""מ",new_item,https://amitim.com/keren/investment_policy_farmers_pension_fund/m/keren/about_the_fund_kgm_pension_fund/,גורמים קשורים,https://amitim.com/keren/related_parties_provident_fund_insurers/
2026-09-30T22:38:47+00:00,520022963,"קופת הפנסיה לעובדי הדסה בע""מ",new_item,https://amitim.com/keren/investment_policy_farmers_pension_fund/m/keren/about_the_fund_kgm_pension_fund/,גורמים קשורים,https://amitim.com/keren/related_factors_pension_fund_circle/
2026-09-30T22:38:47+00:00,520022963,"קופת הפנסיה לעובדי הדסה בע""מ",new_item,https://amitim.com/keren/investment_policy_farmers_pension_fund/m/keren/about_the_fund_kgm_pension_fund/,גורמים קשורים,https://amitim.com/keren/related_factors_provident_fund_circle/
2026-09-30T22:38:47+00:00,520022963,"קופת הפנסיה לעובדי הדסה בע""מ",new_item,https://amitim.com/keren/investment_policy_farmers_pension_fund/m/keren/about_the_fund_kgm_pension_fund/,גורמים קשורים,https://amitim.com/keren/related_entities_farmers_pension_fund/
2026-09-30T22:38:47+00:00,520022963,"קופת הפנסיה לעובדי הדסה בע""מ",new_item,https://amitim.com/keren/investment_policy_farmers_pension_fund/m/keren/about_the_fund_kgm_pension_fund/,גורמים קשורים,https://amitim.com/keren/related_entities_farmers_provident_fund/
2026-09-30T22:38:47+00:00,520022963,"קופת הפנסיה לעובדי הדסה בע""מ",new_item,https://amitim.com/keren/investment_policy_farmers_pension_fund/m/keren/about_the_fund_kgm_pension_fund/,גורמים קשורים,https://amitim.com/keren/related_factors_pension_fund_building/
2026-09-30T22:38:47+00:00,520022963,"קופת הפנסיה לעובדי הדסה בע""מ",new_item,https://amitim.com/keren/investment_policy_farmers_pension_fund/m/keren/about_the_fund_kgm_pension_fund/,גורמים קשורים,https://amitim.com/keren/related_entities_provident_fund_building/
2026-09-30T22:38:47+00:00,520022963,"קופת הפנסיה לעובדי הדסה בע""מ",new_item,https://amitim.com/keren/investment_policy_farmers_pension_fund/m/keren/about_the_fund_kgm_pension_fund/,גורמים קשורים,https://amitim.com/keren/related_entities_kgm_pension_fund/
2026-09-30T22:38:47+00:00,520022963,"קופת הפנסיה לעובדי הדסה בע""מ",new_item,https://amitim.com/keren/investment_policy_farmers_pension_fund/m/keren/about_the_fund_kgm_pension_fund/,גורמים קשורים,https://amitim.com/keren/related_entities_nativ_pension_fund/
2026-09-30T22:38:47+00:00,520022963,"קופת הפנסיה לעובדי הדסה בע""מ",new_item,https://amitim.com/keren/investment_policy_farmers_pension_fund/m/keren/about_the_fund_kgm_pension_fund/,גורמים קשורים,https://amitim.com/keren/related_parties_egged_pension_fund/
2026-09-30T22:38:47+00:00,520022963,"קופת הפנסיה לעובדי הדסה בע""מ",new_item,https://amitim.com/keren/investment_policy_farmers_pension_fund/m/keren/about_the_fund_kgm_pension_fund/,גורמים קשורים,https://amitim.com/keren/related_entities_hadassah_pension_fund/
2026-09-30T22:38:47+00:00,520022963,"קופת הפנסיה לעובדי הדסה בע""מ",new_item,https://amitim.com/keren/investment_policy_farmers_pension_fund/m/keren/about_the_fund_kgm_pension_fund/,בניין,https://amitim.com/keren/about_the_fund_pension_fund_building/
2026-09-30T22:38:47+00:00,520022963,"קופת הפנסיה לעובדי הדסה בע""מ",new_item,https://amitim.com/keren/investment_policy_farmers_pension_fund/m/keren/about_the_fund_kgm_pension_fund/,אודות הקרן,https://amitim.com/keren/about_the_fund_mivtachim_provident_fund/
2026-09-30T22:38:47+00:00,520022963,"קופת הפנסיה לעובדי הדסה בע""מ",new_item,https://amitim.com/keren/investment_policy_farmers_pension_fund/m/keren/about_the_fund_kgm_pension_fund/,אודות הקרן,https://amitim.com/keren/about_the_fund_makefet_provident_fund/
2026-09-30T22:38:47+00:00,520022963,"קופת הפנסיה לעובדי הדסה בע""מ",new_item,https://amitim.com/keren/investment_policy_farmers_pension_fund/m/keren/about_the_fund_kgm_pension_fund/,אודות הקופה,https://amitim.com/keren/about_the_fund_farmers_provident_fund/
2026-09-30T22:38:47+00:00,520022963,"קופת הפנסיה לעובדי הדסה בע""מ",new_item,https://amitim.com/keren/investment_policy_farmers_pension_fund/m/keren/about_the_fund_kgm_pension_fund/,אודות הקופה,https://amitim.com/keren/about_the_fund_provident_fund_building/
2026-09-30T22:38:47+00:00,520022963,"קופת הפנסיה לעובדי הדסה בע""מ",new_item,https://amitim.com/keren/investment_policy_farmers_pension_fund/m/keren/about_the_fund_kgm_pension_fund/,אגד,https://amitim.com/keren/about_the_fund_egged_pension_fund/
2026-09-30T22:38:47+00:00,520022963,"קופת הפנסיה לעובדי הדסה בע""מ",new_item,https://amitim.com/keren/investment_policy_farmers_provident_fund/m/keren/about_the_fund_kgm_pension_fund/,קצבת שארים,https://amitim.com/info-center/amitim/survivors_pension/
2026-09-30T22:38:47+00:00,520022963,"קופת הפנסיה לעובדי הדסה בע""מ",new_item,https://amitim.com/keren/investment_policy_farmers_provident_fund/m/keren/about_the_fund_kgm_pension_fund/,קצבת נכות,https://amitim.com/info-center/amitim/disability-pension/
2026-09-30T22:38:47+00:00,520022963,"קופת הפנסיה לעובדי הדסה בע""מ",new_item,https://amitim.com/keren/investment_policy_farmers_provident_fund/m/keren/about_the_fund_kgm_pension_fund/,קגמ קרן פנסיה,https://amitim.com/keren/about_the_fund_kgm_pension_fund/
2026-09-30T22:38:47+00:00,520022963,"קופת הפנסיה לעובדי הדסה בע""מ",new_item,https://amitim.com/keren/investment_policy_farmers_provident_fund/m/keren/about_the_fund_kgm_pension_fund/,פרישה לפנסיה,https://amitim.com/info-center/employers/retirement/
2026-09-30T22:38:47+00:00,520022963,"קופת הפנסיה לעובדי הדסה בע""מ",new_item,https://amitim.com/keren/investment_policy_farmers_provident_fund/m/keren/about_the_fund_kgm_pension_fund/,נתיב,https://amitim.com/keren/about_the_fund_nativ_pension_fund/
2026-09-30T22:38:47+00:00,520022963,"קופת הפנסיה לעובדי הדסה בע""מ",new_item,https://amitim.com/keren/investment_policy_farmers_provident_fund/m/keren/about_the_fund_kgm_pension_fund/,נכסי הקרן,https://amitim.com/keren/fund_assets_makefet_pension_fund/
2026-09-30T22:38:47+00:00,520022963,"קופת הפנסיה לעובדי הדסה בע""מ",new_item,https://amitim.com/keren/investment_policy_farmers_provident_fund/m/keren/about_the_fund_kgm_pension_fund/,נכסי הקרן,https://amitim.com/keren/fund_assets_farmers_pension_fund/
2026-09-30T22:38:47+00:00,520022963,"קופת הפנסיה לעובדי הדסה בע""מ",new_item,https://amitim.com/keren/investment_policy_farmers_provident_fund/m/keren/about_the_fund_kgm_pension_fund/,נכסי הקרן,https://amitim.com/keren/fund_assets_pension_fund_building/
2026-09-30T22:38:47+00:00,520022963,"קופת הפנסיה לעובדי הדסה בע""מ",new_item,https://amitim.com/keren/investment_policy_farmers_provident_fund/m/keren/about_the_fund_kgm_pension_fund/,נכסי הקרן,https://amitim.com/keren/fund_assets_kgm_pension_fund/
2026-09-30T22:38:47+00:00,520022963,"קופת הפנסיה לעובדי הדסה בע""מ",new_item,https://amitim.com/keren/investment_policy_farmers_provident_fund/m/keren/about_the_fund_kgm_pension_fund/,נכסי הקרן,https://amitim.com/keren/fund_assets_nativ_pension_fund/
2026-09-30T22:38:47+00:00,520022963,"קופת הפנסיה לעובדי הדסה בע""מ",new_item,https://amitim.com/keren/investment_policy_farmers_provident_fund/m/keren/about_the_fund_kgm_pension_fund/,נכסי הקרן,https://amitim.com/keren/fund_assets_egged_pension_fund/
2026-09-30T22:38:47+00:00,520022963,"קופת הפנסיה לעובדי הדסה בע""מ",new_item,https://amitim.com/keren/investment_policy_farmers_provident_fund/m/keren/about_the_fund_kgm_pension_fund/,נכסי הקרן,https://amitim.com/keren/fund_assets_hadassah_pension_fund/
2026-09-30T22:38:47+00:00,520022963,"קופת הפנסיה לעובדי הדסה בע""מ",new_item,https://amitim.com/keren/investment_policy_farmers_provident_fund/m/keren/about_the_fund_kgm_pension_fund/,נכסי הקופה,https://amitim.com/keren/fund_assets_provident_fund_insurers/
2026-09-30T22:38:47+00:00,520022963,"קופת הפנסיה לעובדי הדסה בע""מ",new_item,https://amitim.com/keren/investment_policy_farmers_provident_fund/m/keren/about_the_fund_kgm_pension_fund/,נכסי הקופה,https://amitim.com/keren/fund_assets_makefet_provident_fund/
2026-09-30T22:38:47+00:00,520022963,"קופת הפנסיה לעובדי הדסה בע""מ",new_item,https://amitim.com/keren/investment_policy_farmers_provident_fund/m/keren/about_the_fund_kgm_pension_fund/,נכסי הקופה,https://amitim.com/keren/fund_assets_farmers_provident_fund/
2026-09-30T22:38:47+00:00,520022963,"קופת הפנסיה לעובדי הדסה בע""מ",new_item,https://amitim.com/keren/investment_policy_farmers_provident_fund/m/keren/about_the_fund_kgm_pension_fund/,נכסי הקופה,https://amitim.com/keren/fund_assets_provident_fund_building/
2026-09-30T22:38:47+00:00,520022963,"קופת הפנסיה לעובדי הדסה בע""מ",new_item,https://amitim.com/keren/investment_policy_farmers_provident_fund/m/keren/about_the_fund_kgm_pension_fund/,משיכת כספים של עמית שנפטר,https://amitim.com/keren/withdrawing_funds_from_a_deceased_colleague_farmers_provident_fund/
2026-09-30T22:38:47+00:00,520022963,"קופת הפנסיה לעובדי הדסה בע""מ",new_item,https://amitim.com/keren/investment_policy_farmers_provident_fund/m/keren/about_the_fund_kgm_pension_fund/,משיכת כספים של עמית שנפטר,https://amitim.com/keren/withdrawing_funds_from_a_deceased-colleague_provident_fund_building/
2026-09-30T22:38:47+00:00,520022963,"קופת הפנסיה לעובדי הדסה בע""מ",new_item,https://amitim.com/keren/investment_policy_farmers_provident_fund/m/keren/about_the_fund_kgm_pension_fund/,מקפת,https://amitim.com/keren/about_the_fund_makefet_pension_fund/
2026-09-30T22:38:47+00:00,520022963,"קופת הפנסיה לעובדי הדסה בע""מ",new_item,https://amitim.com/keren/investment_policy_farmers_provident_fund/m/keren/about_the_fund_kgm_pension_fund/,מידע סטטיסטי,https://amitim.com/keren/statistical_information_pension_insurers/
2026-09-30T22:38:47+00:00,520022963,"קופת הפנסיה לעובדי הדסה בע""מ",new_item,https://amitim.com/keren/investment_policy_farmers_provident_fund/m/keren/about_the_fund_kgm_pension_fund/,מידע סטטיסטי,https://amitim.com/keren/statistical_information_pension_fund_circle/
2026-09-30T22:38:47+00:00,520022963,"קופת הפנסיה לעובדי הדסה בע""מ",new_item,https://amitim.com/keren/investment_policy_farmers_provident_fund/m/keren/about_the_fund_kgm_pension_fund/,מידע סטטיסטי,https://amitim.com/keren/statistical_information_farmers_pension_fund/
2026-09-30T22:38:47+00:00,520022963,"קופת הפנסיה לעובדי הדסה בע""מ",new_item,https://amitim.com/keren/investment_policy_farmers_provident_fund/m/keren/about_the_fund_kgm_pension_fund/,מידע סטטיסטי,https://amitim.com/statistical_information_pension_fund_building/
2026-09-30T22:38:47+00:00,520022963,"קופת הפנסיה לעובדי הדסה בע""מ",new_item,https://amitim.com/keren/investment_policy_farmers_provident_fund/m/keren/about_the_fund_kgm_pension_fund/,מידע סטטיסטי,https://amitim.com/keren/statistical_information_kgm_pension_fund/
2026-09-30T22:38:47+00:00,520022963,"קופת הפנסיה לעובדי הדסה בע""מ",new_item,https://amitim.com/keren/investment_policy_farmers_provident_fund/m/keren/about_the_fund_kgm_pension_fund/,מידע סטטיסטי,https://amitim.com/keren/statistical_information_nativ_pension_fund/
2026-09-30T22:38:47+00:00,520022963,"קופת הפנסיה לעובדי הדסה בע""מ",new_item,https://amitim.com/keren/investment_policy_farmers_provident_fund/m/keren/about_the_fund_kgm_pension_fund/,מידע סטטיסטי,https://amitim.com/keren/statistical_information_egged_pension_fund/
2026-09-30T22:38:47+00:00,520022963,"קופת הפנסיה לעובדי הדסה בע""מ",new_item,https://amitim.com/keren/investment_policy_farmers_provident_fund/m/keren/about_the_fund_kgm_pension_fund/,מידע סטטיסטי,https://amitim.com/keren/statistical_information_hadassah_pension_fund/
2026-09-30T22:38:47+00:00,520022963,"קופת הפנסיה לעובדי הדסה בע""מ",new_item,https://amitim.com/keren/investment_policy_farmers_provident_fund/m/keren/about_the_fund_kgm_pension_fund/,יציאה לפנסיה,https://amitim.com/info-center/amitim/retirement/
2026-09-30T22:38:47+00:00,520022963,"קופת הפנסיה לעובדי הדסה בע""מ",new_item,https://amitim.com/keren/investment_policy_farmers_provident_fund/m/keren/about_the_fund_kgm_pension_fund/,חקלאים,https://amitim.com/keren/about_the_fund_farmers_pension_fund/
2026-09-30T22:38:47+00:00,520022963,"קופת הפנסיה לעובדי הדסה בע""מ",new_item,https://amitim.com/keren/investment_policy_farmers_provident_fund/m/keren/about_the_fund_kgm_pension_fund/,הצבעות באסיפות,https://amitim.com/keren/voting_at_meetings_pension_insurers/
2026-09-30T22:38:47+00:00,520022963,"קופת הפנסיה לעובדי הדסה בע""מ",new_item,https://amitim.com/keren/investment_policy_farmers_provident_fund/m/keren/about_the_fund_kgm_pension_fund/,הצבעות באסיפות,https://amitim.com/keren/voting_at_meetings_provident_insurance/
2026-09-30T22:38:47+00:00,520022963,"קופת הפנסיה לעובדי הדסה בע""מ",new_item,https://amitim.com/keren/investment_policy_farmers_provident_fund/m/keren/about_the_fund_kgm_pension_fund/,הצבעות באסיפות,https://amitim.com/keren/voting_at_meetings_pension_fund_circle/
2026-09-30T22:38:47+00:00,520022963,"קופת הפנסיה לעובדי הדסה בע""מ",new_item,https://amitim.com/keren/investment_policy_farmers_provident_fund/m/keren/about_the_fund_kgm_pension_fund/,הצבעות באסיפות,https://amitim.com/keren/voting_at_meetings_provident_fund_circle/
2026-09-30T22:38:47+00:00,520022963,"קופת הפנסיה לעובדי הדסה בע""מ",new_item,https://amitim.com/keren/investment_policy_farmers_provident_fund/m/keren/about_the_fund_kgm_pension_fund/,הצבעות באסיפות,https://amitim.com/keren/voting_at_meetings_farmers_pension_fund/
2026-09-30T22:38:47+00:00,520022963,"קופת הפנסיה לעובדי הדסה בע""מ",new_item,https://amitim.com/keren/investment_policy_farmers_provident_fund/m/keren/about_the_fund_kgm_pension_fund/,הצבעות באסיפות,https://amitim.com/keren/voting_at_meetings_farmers_provident_fund/
2026-09-30T22:38:47+00:00,520022963,"קופת הפנסיה לעובדי הדסה בע""מ",new_item,https://amitim.com/keren/investment_policy_farmers_provident_fund/m/keren/about_the_fund_kgm_pension_fund/,הצבעות באסיפות,https://amitim.com/keren/voting_at_meetings_pension_fund_building/
2026-09-30T22:38:47+00:00,520022963,"קופת הפנסיה לעובדי הדסה בע""מ",new_item,https://amitim.com/keren/investment_policy_farmers_provident_fund/m/keren/about_the_fund_kgm_pension_fund/,הצבעות באסיפות,https://amitim.com/keren/voting_at_meetings_provident_fund-building/
2026-09-30T22:38:47+00:00,520022963,"קופת הפנסיה לעובדי הדסה בע""מ",new_item,https://amitim.com/keren/investment_policy_farmers_provident_fund/m/keren/about_the_fund_kgm_pension_fund/,הצבעות באסיפות,https://amitim.com/keren/voting_at_meetings_kgm_pension-fund/
2026-09-30T22:38:47+00:00,520022963,"קופת הפנסיה לעובדי הדסה בע""מ",new_item,https://amitim.com/keren/investment_policy_farmers_provident_fund/m/keren/about_the_fund_kgm_pension_fund/,הצבעות באסיפות,https://amitim.com/keren/voting_at_meetings_nativ_pension_fund/
2026-09-30T22:38:47+00:00,520022963,"קופת הפנסיה לעובדי הדסה בע""מ",new_item,https://amitim.com/keren/investment_policy_farmers_provident_fund/m/keren/about_the_fund_kgm_pension_fund/,הצבעות באסיפות,https://amitim.com/keren/voting_at_meetings_egged_pension_fund/
2026-09-30T22:38:47+00:00,520022963,"קופת הפנסיה לעובדי הדסה בע""מ",new_item,https://amitim.com/keren/investment_policy_farmers_provident_fund/m/keren/about_the_fund_kgm_pension_fund/,הצבעות באסיפות,https://amitim.com/keren/voting_at_meetings_hadassah_pension_fund/
2026-09-30T22:38:47+00:00,520022963,"קופת הפנסיה לעובדי הדסה בע""מ",new_item,https://amitim.com/keren/investment_policy_farmers_provident_fund/m/keren/about_the_fund_kgm_pension_fund/,הפנסיה שלי,https://amitim.com/info-center/retirees/my_pension/
2026-09-30T22:38:47+00:00,520022963,"קופת הפנסיה לעובדי הדסה בע""מ",new_item,https://amitim.com/keren/investment_policy_farmers_provident_fund/m/keren/about_the_fund_kgm_pension_fund/,החוק לחלוקת חיסכון פנסיוני,https://amitim.com/info-center/amitim/distribution_of_pension_savings/
2026-09-30T22:38:47+00:00,520022963,"קופת הפנסיה לעובדי הדסה בע""מ",new_item,https://amitim.com/keren/investment_policy_farmers_provident_fund/m/keren/about_the_fund_kgm_pension_fund/,הדסה,https://amitim.com/keren/about-_he_fund_hadassah_pension_fund/
2026-09-30T22:38:47+00:00,520022963,"קופת הפנסיה לעובדי הדסה בע""מ",new_item,https://amitim.com/keren/investment_policy_farmers_provident_fund/m/keren/about_the_fund_kgm_pension_fund/,דוחות כספיים,https://amitim.com/keren/financial_statements_provident_fund_insurers/
2026-09-30T22:38:47+00:00,520022963,"קופת הפנסיה לעובדי הדסה בע""מ",new_item,https://amitim.com/keren/investment_policy_farmers_provident_fund/m/keren/about_the_fund_kgm_pension_fund/,דוחות כספיים,https://amitim.com/keren/financial_statements_pension_fund_overview/
2026-09-30T22:38:47+00:00,520022963,"קופת הפנסיה לעובדי הדסה בע""מ",new_item,https://amitim.com/keren/investment_policy_farmers_provident_fund/m/keren/about_the_fund_kgm_pension_fund/,דוחות כספיים,https://amitim.com/keren/financial_statements_provident_fund_circle/
2026-09-30T22:38:47+00:00,520022963,"קופת הפנסיה לעובדי הדסה בע""מ",new_item,https://amitim.com/keren/investment_policy_farmers_provident_fund/m/keren/about_the_fund_kgm_pension_fund/,דוחות כספיים,https://amitim.com/keren/financial_statements_kgm_pension_fund/
2026-09-30T22:38:47+00:00,520022963,"קופת הפנסיה לעובדי הדסה בע""מ",new_item,https://amitim.com/keren/investment_policy_farmers_provident_fund/m/keren/about_the_fund_kgm_pension_fund/,גורמים קשורים,https://amitim.com/keren/related_parties_provident_fund_insurers/
2026-09-30T22:38:47+00:00,520022963,"קופת הפנסיה לעובדי הדסה בע""מ",new_item,https://amitim.com/keren/investment_policy_farmers_provident_fund/m/keren/about_the_fund_kgm_pension_fund/,גורמים קשורים,https://amitim.com/keren/related_factors_pension_fund_circle/
2026-09-30T22:38:47+00:00,520022963,"קופת הפנסיה לעובדי הדסה בע""מ",new_item,https://amitim.com/keren/investment_policy_farmers_provident_fund/m/keren/about_the_fund_kgm_pension_fund/,גורמים קשורים,https://amitim.com/keren/related_factors_provident_fund_circle/
2026-09-30T22:38:47+00:00,520022963,"קופת הפנסיה לעובדי הדסה בע""מ",new_item,https://amitim.com/keren/investment_policy_farmers_provident_fund/m/keren/about_the_fund_kgm_pension_fund/,גורמים קשורים,https://amitim.com/keren/related_entities_farmers_pension_fund/
2026-09-30T22:38:47+00:00,520022963,"קופת הפנסיה לעובדי הדסה בע""מ",new_item,https://amitim.com/keren/investment_policy_farmers_provident_fund/m/keren/about_the_fund_kgm_pension_fund/,גורמים קשורים,https://amitim.com/keren/related_entities_farmers_provident_fund/
2026-09-30T22:38:47+00:00,520022963,"קופת הפנסיה לעובדי הדסה בע""מ",new_item,https://amitim.com/keren/investment_policy_farmers_provident_fund/m/keren/about_the_fund_kgm_pension_fund/,גורמים קשורים,https://amitim.com/keren/related_factors_pension_fund_building/
2026-09-30T22:38:47+00:00,520022963,"קופת הפנסיה לעובדי הדסה בע""מ",new_item,https://amitim.com/keren/investment_policy_farmers_provident_fund/m/keren/about_the_fund_kgm_pension_fund/,גורמים קשורים,https://amitim.com/keren/related_entities_provident_fund_building/
2026-09-30T22:38:47+00:00,520022963,"קופת הפנסיה לעובדי הדסה בע""מ",new_item,https://amitim.com/keren/investment_policy_farmers_provident_fund/m/keren/about_the_fund_kgm_pension_fund/,גורמים קשורים,https://amitim.com/keren/related_entities_kgm_pension_fund/
2026-09-30T22:38:47+00:00,520022963,"קופת הפנסיה לעובדי הדסה בע""מ",new_item,https://amitim.com/keren/investment_policy_farmers_provident_fund/m/keren/about_the_fund_kgm_pension_fund/,גורמים קשורים,https://amitim.com/keren/related_entities_nativ_pension_fund/
2026-09-30T22:38:47+00:00,520022963,"קופת הפנסיה לעובדי הדסה בע""מ",new_item,https://amitim.com/keren/investment_policy_farmers_provident_fund/m/keren/about_the_fund_kgm_pension_fund/,גורמים קשורים,https://amitim.com/keren/related_parties_egged_pension_fund/
2026-09-30T22:38:47+00:00,520022963,"קופת הפנסיה לעובדי הדסה בע""מ",new_item,https://amitim.com/keren/investment_policy_farmers_provident_fund/m/keren/about_the_fund_kgm_pension_fund/,גורמים קשורים,https://amitim.com/keren/related_entities_hadassah_pension_fund/
2026-09-30T22:38:47+00:00,520022963,"קופת הפנסיה לעובדי הדסה בע""מ",new_item,https://amitim.com/keren/investment_policy_farmers_provident_fund/m/keren/about_the_fund_kgm_pension_fund/,בניין,https://amitim.com/keren/about_the_fund_pension_fund_building/
2026-09-30T22:38:47+00:00,520022963,"קופת הפנסיה לעובדי הדסה בע""מ",new_item,https://amitim.com/keren/investment_policy_farmers_provident_fund/m/keren/about_the_fund_kgm_pension_fund/,אודות הקרן,https://amitim.com/keren/about_the_fund_mivtachim_provident_fund/
2026-09-30T22:38:47+00:00,520022963,"קופת הפנסיה לעובדי הדסה בע""מ",new_item,https://amitim.com/keren/investment_policy_farmers_provident_fund/m/keren/about_the_fund_kgm_pension_fund/,אודות הקרן,https://amitim.com/keren/about_the_fund_makefet_provident_fund/
2026-09-30T22:38:47+00:00,520022963,"קופת הפנסיה לעובדי הדסה בע""מ",new_item,https://amitim.com/keren/investment_policy_farmers_provident_fund/m/keren/about_the_fund_kgm_pension_fund/,אודות הקופה,https://amitim.com/keren/about_the_fund_farmers_provident_fund/
2026-09-30T22:38:47+00:00,520022963,"קופת הפנסיה לעובדי הדסה בע""מ",new_item,https://amitim.com/keren/investment_policy_farmers_provident_fund/m/keren/about_the_fund_kgm_pension_fund/,אודות הקופה,https://amitim.com/keren/about_the_fund_provident_fund_building/
2026-09-30T22:38:47+00:00,520022963,"קופת הפנסיה לעובדי הדסה בע""מ",new_item,https://amitim.com/keren/investment_policy_farmers_provident_fund/m/keren/about_the_fund_kgm_pension_fund/,אגד,https://amitim.com/keren/about_the_fund_egged_pension_fund/
2026-09-30T22:38:47+00:00,520022963,"קופת הפנסיה לעובדי הדסה בע""מ",new_item,https://amitim.com/keren/investment_policy_building_a_pension_fund/m/keren/about_the_fund_kgm_pension_fund/,קצבת שארים,https://amitim.com/info-center/amitim/survivors_pension/
2026-09-30T22:38:47+00:00,520022963,"קופת הפנסיה לעובדי הדסה בע""מ",new_item,https://amitim.com/keren/investment_policy_building_a_pension_fund/m/keren/about_the_fund_kgm_pension_fund/,קצבת נכות,https://amitim.com/info-center/amitim/disability-pension/
2026-09-30T22:38:47+00:00,520022963,"קופת הפנסיה לעובדי הדסה בע""מ",new_item,https://amitim.com/keren/investment_policy_building_a_pension_fund/m/keren/about_the_fund_kgm_pension_fund/,קגמ קרן פנסיה,https://amitim.com/keren/about_the_fund_kgm_pension_fund/
2026-09-30T22:38:47+00:00,520022963,"קופת הפנסיה לעובדי הדסה בע""מ",new_item,https://amitim.com/keren/investment_policy_building_a_pension_fund/m/keren/about_the_fund_kgm_pension_fund/,פרישה לפנסיה,https://amitim.com/info-center/employers/retirement/
2026-09-30T22:38:47+00:00,520022963,"קופת הפנסיה לעובדי הדסה בע""מ",new_item,https://amitim.com/keren/investment_policy_building_a_pension_fund/m/keren/about_the_fund_kgm_pension_fund/,נתיב,https://amitim.com/keren/about_the_fund_nativ_pension_fund/
2026-09-30T22:38:47+00:00,520022963,"קופת הפנסיה לעובדי הדסה בע""מ",new_item,https://amitim.com/keren/investment_policy_building_a_pension_fund/m/keren/about_the_fund_kgm_pension_fund/,נכסי הקרן,https://amitim.com/keren/fund_assets_makefet_pension_fund/
2026-09-30T22:38:47+00:00,520022963,"קופת הפנסיה לעובדי הדסה בע""מ",new_item,https://amitim.com/keren/investment_policy_building_a_pension_fund/m/keren/about_the_fund_kgm_pension_fund/,נכסי הקרן,https://amitim.com/keren/fund_assets_farmers_pension_fund/
2026-09-30T22:38:47+00:00,520022963,"קופת הפנסיה לעובדי הדסה בע""מ",new_item,https://amitim.com/keren/investment_policy_building_a_pension_fund/m/keren/about_the_fund_kgm_pension_fund/,נכסי הקרן,https://amitim.com/keren/fund_assets_pension_fund_building/
2026-09-30T22:38:47+00:00,520022963,"קופת הפנסיה לעובדי הדסה בע""מ",new_item,https://amitim.com/keren/investment_policy_building_a_pension_fund/m/keren/about_the_fund_kgm_pension_fund/,נכסי הקרן,https://amitim.com/keren/fund_assets_kgm_pension_fund/
2026-09-30T22:38:47+00:00,520022963,"קופת הפנסיה לעובדי הדסה בע""מ",new_item,https://amitim.com/keren/investment_policy_building_a_pension_fund/m/keren/about_the_fund_kgm_pension_fund/,נכסי הקרן,https://amitim.com/keren/fund_assets_nativ_pension_fund/
2026-09-30T22:38:47+00:00,520022963,"קופת הפנסיה לעובדי הדסה בע""מ",new_item,https://amitim.com/keren/investment_policy_building_a_pension_fund/m/keren/about_the_fund_kgm_pension_fund/,נכסי הקרן,https://amitim.com/keren/fund_assets_egged_pension_fund/
2026-09-30T22:38:47+00:00,520022963,"קופת הפנסיה לעובדי הדסה בע""מ",new_item,https://amitim.com/keren/investment_policy_building_a_pension_fund/m/keren/about_the_fund_kgm_pension_fund/,נכסי הקרן,https://amitim.com/keren/fund_assets_hadassah_pension_fund/
2026-09-30T22:38:47+00:00,520022963,"קופת הפנסיה לעובדי הדסה בע""מ",new_item,https://amitim.com/keren/investment_policy_building_a_pension_fund/m/keren/about_the_fund_kgm_pension_fund/,נכסי הקופה,https://amitim.com/keren/fund_assets_provident_fund_insurers/
2026-09-30T22:38:47+00:00,520022963,"קופת הפנסיה לעובדי הדסה בע""מ",new_item,https://amitim.com/keren/investment_policy_building_a_pension_fund/m/keren/about_the_fund_kgm_pension_fund/,נכסי הקופה,https://amitim.com/keren/fund_assets_makefet_provident_fund/
2026-09-30T22:38:47+00:00,520022963,"קופת הפנסיה לעובדי הדסה בע""מ",new_item,https://amitim.com/keren/investment_policy_building_a_pension_fund/m/keren/about_the_fund_kgm_pension_fund/,נכסי הקופה,https://amitim.com/keren/fund_assets_farmers_provident_fund/
2026-09-30T22:38:47+00:00,520022963,"קופת הפנסיה לעובדי הדסה בע""מ",new_item,https://amitim.com/keren/investment_policy_building_a_pension_fund/m/keren/about_the_fund_kgm_pension_fund/,נכסי הקופה,https://amitim.com/keren/fund_assets_provident_fund_building/
2026-09-30T22:38:47+00:00,520022963,"קופת הפנסיה לעובדי הדסה בע""מ",new_item,https://amitim.com/keren/investment_policy_building_a_pension_fund/m/keren/about_the_fund_kgm_pension_fund/,משיכת כספים של עמית שנפטר,https://amitim.com/keren/withdrawing_funds_from_a_deceased_colleague_farmers_provident_fund/
2026-09-30T22:38:47+00:00,520022963,"קופת הפנסיה לעובדי הדסה בע""מ",new_item,https://amitim.com/keren/investment_policy_building_a_pension_fund/m/keren/about_the_fund_kgm_pension_fund/,משיכת כספים של עמית שנפטר,https://amitim.com/keren/withdrawing_funds_from_a_deceased-colleague_provident_fund_building/
2026-09-30T22:38:47+00:00,520022963,"קופת הפנסיה לעובדי הדסה בע""מ",new_item,https://amitim.com/keren/investment_policy_building_a_pension_fund/m/keren/about_the_fund_kgm_pension_fund/,מקפת,https://amitim.com/keren/about_the_fund_makefet_pension_fund/
2026-09-30T22:38:47+00:00,520022963,"קופת הפנסיה לעובדי הדסה בע""מ",new_item,https://amitim.com/keren/investment_policy_building_a_pension_fund/m/keren/about_the_fund_kgm_pension_fund/,מידע סטטיסטי,https://amitim.com/keren/statistical_information_pension_insurers/
2026-09-30T22:38:47+00:00,520022963,"קופת הפנסיה לעובדי הדסה בע""מ",new_item,https://amitim.com/keren/investment_policy_building_a_pension_fund/m/keren/about_the_fund_kgm_pension_fund/,מידע סטטיסטי,https://amitim.com/keren/statistical_information_pension_fund_circle/
2026-09-30T22:38:47+00:00,520022963,"קופת הפנסיה לעובדי הדסה בע""מ",new_item,https://amitim.com/keren/investment_policy_building_a_pension_fund/m/keren/about_the_fund_kgm_pension_fund/,מידע סטטיסטי,https://amitim.com/keren/statistical_information_farmers_pension_fund/
2026-09-30T22:38:47+00:00,520022963,"קופת הפנסיה לעובדי הדסה בע""מ",new_item,https://amitim.com/keren/investment_policy_building_a_pension_fund/m/keren/about_the_fund_kgm_pension_fund/,מידע סטטיסטי,https://amitim.com/statistical_information_pension_fund_building/
2026-09-30T22:38:47+00:00,520022963,"קופת הפנסיה לעובדי הדסה בע""מ",new_item,https://amitim.com/keren/investment_policy_building_a_pension_fund/m/keren/about_the_fund_kgm_pension_fund/,מידע סטטיסטי,https://amitim.com/keren/statistical_information_kgm_pension_fund/
2026-09-30T22:38:47+00:00,520022963,"קופת הפנסיה לעובדי הדסה בע""מ",new_item,https://amitim.com/keren/investment_policy_building_a_pension_fund/m/keren/about_the_fund_kgm_pension_fund/,מידע סטטיסטי,https://amitim.com/keren/statistical_information_nativ_pension_fund/
2026-09-30T22:38:47+00:00,520022963,"קופת הפנסיה לעובדי הדסה בע""מ",new_item,https://amitim.com/keren/investment_policy_building_a_pension_fund/m/keren/about_the_fund_kgm_pension_fund/,מידע סטטיסטי,https://amitim.com/keren/statistical_information_egged_pension_fund/
2026-09-30T22:38:47+00:00,520022963,"קופת הפנסיה לעובדי הדסה בע""מ",new_item,https://amitim.com/keren/investment_policy_building_a_pension_fund/m/keren/about_the_fund_kgm_pension_fund/,מידע סטטיסטי,https://amitim.com/keren/statistical_information_hadassah_pension_fund/
2026-09-30T22:38:47+00:00,520022963,"קופת הפנסיה לעובדי הדסה בע""מ",new_item,https://amitim.com/keren/investment_policy_building_a_pension_fund/m/keren/about_the_fund_kgm_pension_fund/,יציאה לפנסיה,https://amitim.com/info-center/amitim/retirement/
2026-09-30T22:38:47+00:00,520022963,"קופת הפנסיה לעובדי הדסה בע""מ",new_item,https://amitim.com/keren/investment_policy_building_a_pension_fund/m/keren/about_the_fund_kgm_pension_fund/,חקלאים,https://amitim.com/keren/about_the_fund_farmers_pension_fund/
2026-09-30T22:38:47+00:00,520022963,"קופת הפנסיה לעובדי הדסה בע""מ",new_item,https://amitim.com/keren/investment_policy_building_a_pension_fund/m/keren/about_the_fund_kgm_pension_fund/,הצבעות באסיפות,https://amitim.com/keren/voting_at_meetings_pension_insurers/
2026-09-30T22:38:47+00:00,520022963,"קופת הפנסיה לעובדי הדסה בע""מ",new_item,https://amitim.com/keren/investment_policy_building_a_pension_fund/m/keren/about_the_fund_kgm_pension_fund/,הצבעות באסיפות,https://amitim.com/keren/voting_at_meetings_provident_insurance/
2026-09-30T22:38:47+00:00,520022963,"קופת הפנסיה לעובדי הדסה בע""מ",new_item,https://amitim.com/keren/investment_policy_building_a_pension_fund/m/keren/about_the_fund_kgm_pension_fund/,הצבעות באסיפות,https://amitim.com/keren/voting_at_meetings_pension_fund_circle/
2026-09-30T22:38:47+00:00,520022963,"קופת הפנסיה לעובדי הדסה בע""מ",new_item,https://amitim.com/keren/investment_policy_building_a_pension_fund/m/keren/about_the_fund_kgm_pension_fund/,הצבעות באסיפות,https://amitim.com/keren/voting_at_meetings_provident_fund_circle/
2026-09-30T22:38:47+00:00,520022963,"קופת הפנסיה לעובדי הדסה בע""מ",new_item,https://amitim.com/keren/investment_policy_building_a_pension_fund/m/keren/about_the_fund_kgm_pension_fund/,הצבעות באסיפות,https://amitim.com/keren/voting_at_meetings_farmers_pension_fund/
2026-09-30T22:38:47+00:00,520022963,"קופת הפנסיה לעובדי הדסה בע""מ",new_item,https://amitim.com/keren/investment_policy_building_a_pension_fund/m/keren/about_the_fund_kgm_pension_fund/,הצבעות באסיפות,https://amitim.com/keren/voting_at_meetings_farmers_provident_fund/
2026-09-30T22:38:47+00:00,520022963,"קופת הפנסיה לעובדי הדסה בע""מ",new_item,https://amitim.com/keren/investment_policy_building_a_pension_fund/m/keren/about_the_fund_kgm_pension_fund/,הצבעות באסיפות,https://amitim.com/keren/voting_at_meetings_pension_fund_building/
2026-09-30T22:38:47+00:00,520022963,"קופת הפנסיה לעובדי הדסה בע""מ",new_item,https://amitim.com/keren/investment_policy_building_a_pension_fund/m/keren/about_the_fund_kgm_pension_fund/,הצבעות באסיפות,https://amitim.com/keren/voting_at_meetings_provident_fund-building/
2026-09-30T22:38:47+00:00,520022963,"קופת הפנסיה לעובדי הדסה בע""מ",new_item,https://amitim.com/keren/investment_policy_building_a_pension_fund/m/keren/about_the_fund_kgm_pension_fund/,הצבעות באסיפות,https://amitim.com/keren/voting_at_meetings_kgm_pension-fund/
2026-09-30T22:38:47+00:00,520022963,"קופת הפנסיה לעובדי הדסה בע""מ",new_item,https://amitim.com/keren/investment_policy_building_a_pension_fund/m/keren/about_the_fund_kgm_pension_fund/,הצבעות באסיפות,https://amitim.com/keren/voting_at_meetings_nativ_pension_fund/
2026-09-30T22:38:47+00:00,520022963,"קופת הפנסיה לעובדי הדסה בע""מ",new_item,https://amitim.com/keren/investment_policy_building_a_pension_fund/m/keren/about_the_fund_kgm_pension_fund/,הצבעות באסיפות,https://amitim.com/keren/voting_at_meetings_egged_pension_fund/
2026-09-30T22:38:47+00:00,520022963,"קופת הפנסיה לעובדי הדסה בע""מ",new_item,https://amitim.com/keren/investment_policy_building_a_pension_fund/m/keren/about_the_fund_kgm_pension_fund/,הצבעות באסיפות,https://amitim.com/keren/voting_at_meetings_hadassah_pension_fund/
2026-09-30T22:38:47+00:00,520022963,"קופת הפנסיה לעובדי הדסה בע""מ",new_item,https://amitim.com/keren/investment_policy_building_a_pension_fund/m/keren/about_the_fund_kgm_pension_fund/,הפנסיה שלי,https://amitim.com/info-center/retirees/my_pension/
2026-09-30T22:38:47+00:00,520022963,"קופת הפנסיה לעובדי הדסה בע""מ",new_item,https://amitim.com/keren/investment_policy_building_a_pension_fund/m/keren/about_the_fund_kgm_pension_fund/,החוק לחלוקת חיסכון פנסיוני,https://amitim.com/info-center/amitim/distribution_of_pension_savings/
2026-09-30T22:38:47+00:00,520022963,"קופת הפנסיה לעובדי הדסה בע""מ",new_item,https://amitim.com/keren/investment_policy_building_a_pension_fund/m/keren/about_the_fund_kgm_pension_fund/,הדסה,https://amitim.com/keren/about-_he_fund_hadassah_pension_fund/
2026-09-30T22:38:47+00:00,520022963,"קופת הפנסיה לעובדי הדסה בע""מ",new_item,https://amitim.com/keren/investment_policy_building_a_pension_fund/m/keren/about_the_fund_kgm_pension_fund/,דוחות כספיים,https://amitim.com/keren/financial_statements_provident_fund_insurers/
2026-09-30T22:38:47+00:00,520022963,"קופת הפנסיה לעובדי הדסה בע""מ",new_item,https://amitim.com/keren/investment_policy_building_a_pension_fund/m/keren/about_the_fund_kgm_pension_fund/,דוחות כספיים,https://amitim.com/keren/financial_statements_pension_fund_overview/
2026-09-30T22:38:47+00:00,520022963,"קופת הפנסיה לעובדי הדסה בע""מ",new_item,https://amitim.com/keren/investment_policy_building_a_pension_fund/m/keren/about_the_fund_kgm_pension_fund/,דוחות כספיים,https://amitim.com/keren/financial_statements_provident_fund_circle/
2026-09-30T22:38:47+00:00,520022963,"קופת הפנסיה לעובדי הדסה בע""מ",new_item,https://amitim.com/keren/investment_policy_building_a_pension_fund/m/keren/about_the_fund_kgm_pension_fund/,דוחות כספיים,https://amitim.com/keren/financial_statements_kgm_pension_fund/
2026-09-30T22:38:47+00:00,520022963,"קופת הפנסיה לעובדי הדסה בע""מ",new_item,https://amitim.com/keren/investment_policy_building_a_pension_fund/m/keren/about_the_fund_kgm_pension_fund/,גורמים קשורים,https://amitim.com/keren/related_parties_provident_fund_insurers/
2026-09-30T22:38:47+00:00,520022963,"קופת הפנסיה לעובדי הדסה בע""מ",new_item,https://amitim.com/keren/investment_policy_building_a_pension_fund/m/keren/about_the_fund_kgm_pension_fund/,גורמים קשורים,https://amitim.com/keren/related_factors_pension_fund_circle/
2026-09-30T22:38:47+00:00,520022963,"קופת הפנסיה לעובדי הדסה בע""מ",new_item,https://amitim.com/keren/investment_policy_building_a_pension_fund/m/keren/about_the_fund_kgm_pension_fund/,גורמים קשורים,https://amitim.com/keren/related_factors_provident_fund_circle/
2026-09-30T22:38:47+00:00,520022963,"קופת הפנסיה לעובדי הדסה בע""מ",new_item,https://amitim.com/keren/investment_policy_building_a_pension_fund/m/keren/about_the_fund_kgm_pension_fund/,גורמים קשורים,https://amitim.com/keren/related_entities_farmers_pension_fund/
2026-09-30T22:38:47+00:00,520022963,"קופת הפנסיה לעובדי הדסה בע""מ",new_item,https://amitim.com/keren/investment_policy_building_a_pension_fund/m/keren/about_the_fund_kgm_pension_fund/,גורמים קשורים,https://amitim.com/keren/related_entities_farmers_provident_fund/
2026-09-30T22:38:47+00:00,520022963,"קופת הפנסיה לעובדי הדסה בע""מ",new_item,https://amitim.com/keren/investment_policy_building_a_pension_fund/m/keren/about_the_fund_kgm_pension_fund/,גורמים קשורים,https://amitim.com/keren/related_factors_pension_fund_building/
2026-09-30T22:38:47+00:00,520022963,"קופת הפנסיה לעובדי הדסה בע""מ",new_item,https://amitim.com/keren/investment_policy_building_a_pension_fund/m/keren/about_the_fund_kgm_pension_fund/,גורמים קשורים,https://amitim.com/keren/related_entities_provident_fund_building/
2026-09-30T22:38:47+00:00,520022963,"קופת הפנסיה לעובדי הדסה בע""מ",new_item,https://amitim.com/keren/investment_policy_building_a_pension_fund/m/keren/about_the_fund_kgm_pension_fund/,גורמים קשורים,https://amitim.com/keren/related_entities_kgm_pension_fund/
2026-09-30T22:38:47+00:00,520022963,"קופת הפנסיה לעובדי הדסה בע""מ",new_item,https://amitim.com/keren/investment_policy_building_a_pension_fund/m/keren/about_the_fund_kgm_pension_fund/,גורמים קשורים,https://amitim.com/keren/related_entities_nativ_pension_fund/
2026-09-30T22:38:47+00:00,520022963,"קופת הפנסיה לעובדי הדסה בע""מ",new_item,https://amitim.com/keren/investment_policy_building_a_pension_fund/m/keren/about_the_fund_kgm_pension_fund/,גורמים קשורים,https://amitim.com/keren/related_parties_egged_pension_fund/
2026-09-30T22:38:47+00:00,520022963,"קופת הפנסיה לעובדי הדסה בע""מ",new_item,https://amitim.com/keren/investment_policy_building_a_pension_fund/m/keren/about_the_fund_kgm_pension_fund/,גורמים קשורים,https://amitim.com/keren/related_entities_hadassah_pension_fund/
2026-09-30T22:38:47+00:00,520022963,"קופת הפנסיה לעובדי הדסה בע""מ",new_item,https://amitim.com/keren/investment_policy_building_a_pension_fund/m/keren/about_the_fund_kgm_pension_fund/,בניין,https://amitim.com/keren/about_the_fund_pension_fund_building/
2026-09-30T22:38:47+00:00,520022963,"קופת הפנסיה לעובדי הדסה בע""מ",new_item,https://amitim.com/keren/investment_policy_building_a_pension_fund/m/keren/about_the_fund_kgm_pension_fund/,אודות הקרן,https://amitim.com/keren/about_the_fund_mivtachim_provident_fund/
2026-09-30T22:38:47+00:00,520022963,"קופת הפנסיה לעובדי הדסה בע""מ",new_item,https://amitim.com/keren/investment_policy_building_a_pension_fund/m/keren/about_the_fund_kgm_pension_fund/,אודות הקרן,https://amitim.com/keren/about_the_fund_makefet_provident_fund/
2026-09-30T22:38:47+00:00,520022963,"קופת הפנסיה לעובדי הדסה בע""מ",new_item,https://amitim.com/keren/investment_policy_building_a_pension_fund/m/keren/about_the_fund_kgm_pension_fund/,אודות הקופה,https://amitim.com/keren/about_the_fund_farmers_provident_fund/
2026-09-30T22:38:47+00:00,520022963,"קופת הפנסיה לעובדי הדסה בע""מ",new_item,https://amitim.com/keren/investment_policy_building_a_pension_fund/m/keren/about_the_fund_kgm_pension_fund/,אודות הקופה,https://amitim.com/keren/about_the_fund_provident_fund_building/
2026-09-30T22:38:47+00:00,520022963,"קופת הפנסיה לעובדי הדסה בע""מ",new_item,https://amitim.com/keren/investment_policy_building_a_pension_fund/m/keren/about_the_fund_kgm_pension_fund/,אגד,https://amitim.com/keren/about_the_fund_egged_pension_fund/
2026-09-30T22:38:47+00:00,520022963,"קופת הפנסיה לעובדי הדסה בע""מ",new_item,https://amitim.com/keren/investment_policy_provident_fund_building/m/keren/about_the_fund_kgm_pension_fund/,קצבת שארים,https://amitim.com/info-center/amitim/survivors_pension/
2026-09-30T22:38:47+00:00,520022963,"קופת הפנסיה לעובדי הדסה בע""מ",new_item,https://amitim.com/keren/investment_policy_provident_fund_building/m/keren/about_the_fund_kgm_pension_fund/,קצבת נכות,https://amitim.com/info-center/amitim/disability-pension/
2026-09-30T22:38:47+00:00,520022963,"קופת הפנסיה לעובדי הדסה בע""מ",new_item,https://amitim.com/keren/investment_policy_provident_fund_building/m/keren/about_the_fund_kgm_pension_fund/,קגמ קרן פנסיה,https://amitim.com/keren/about_the_fund_kgm_pension_fund/
2026-09-30T22:38:47+00:00,520022963,"קופת הפנסיה לעובדי הדסה בע""מ",new_item,https://amitim.com/keren/investment_policy_provident_fund_building/m/keren/about_the_fund_kgm_pension_fund/,פרישה לפנסיה,https://amitim.com/info-center/employers/retirement/
2026-09-30T22:38:47+00:00,520022963,"קופת הפנסיה לעובדי הדסה בע""מ",new_item,https://amitim.com/keren/investment_policy_provident_fund_building/m/keren/about_the_fund_kgm_pension_fund/,נתיב,https://amitim.com/keren/about_the_fund_nativ_pension_fund/
2026-09-30T22:38:47+00:00,520022963,"קופת הפנסיה לעובדי הדסה בע""מ",new_item,https://amitim.com/keren/investment_policy_provident_fund_building/m/keren/about_the_fund_kgm_pension_fund/,נכסי הקרן,https://amitim.com/keren/fund_assets_makefet_pension_fund/
2026-09-30T22:38:47+00:00,520022963,"קופת הפנסיה לעובדי הדסה בע""מ",new_item,https://amitim.com/keren/investment_policy_provident_fund_building/m/keren/about_the_fund_kgm_pension_fund/,נכסי הקרן,https://amitim.com/keren/fund_assets_farmers_pension_fund/
2026-09-30T22:38:47+00:00,520022963,"קופת הפנסיה לעובדי הדסה בע""מ",new_item,https://amitim.com/keren/investment_policy_provident_fund_building/m/keren/about_the_fund_kgm_pension_fund/,נכסי הקרן,https://amitim.com/keren/fund_assets_pension_fund_building/
2026-09-30T22:38:47+00:00,520022963,"קופת הפנסיה לעובדי הדסה בע""מ",new_item,https://amitim.com/keren/investment_policy_provident_fund_building/m/keren/about_the_fund_kgm_pension_fund/,נכסי הקרן,https://amitim.com/keren/fund_assets_kgm_pension_fund/
2026-09-30T22:38:47+00:00,520022963,"קופת הפנסיה לעובדי הדסה בע""מ",new_item,https://amitim.com/keren/investment_policy_provident_fund_building/m/keren/about_the_fund_kgm_pension_fund/,נכסי הקרן,https://amitim.com/keren/fund_assets_nativ_pension_fund/
2026-09-30T22:38:47+00:00,520022963,"קופת הפנסיה לעובדי הדסה בע""מ",new_item,https://amitim.com/keren/investment_policy_provident_fund_building/m/keren/about_the_fund_kgm_pension_fund/,נכסי הקרן,https://amitim.com/keren/fund_assets_egged_pension_fund/
2026-09-30T22:38:47+00:00,520022963,"קופת הפנסיה לעובדי הדסה בע""מ",new_item,https://amitim.com/keren/investment_policy_provident_fund_building/m/keren/about_the_fund_kgm_pension_fund/,נכסי הקרן,https://amitim.com/keren/fund_assets_hadassah_pension_fund/
2026-09-30T22:38:47+00:00,520022963,"קופת הפנסיה לעובדי הדסה בע""מ",new_item,https://amitim.com/keren/investment_policy_provident_fund_building/m/keren/about_the_fund_kgm_pension_fund/,נכסי הקופה,https://amitim.com/keren/fund_assets_provident_fund_insurers/
2026-09-30T22:38:47+00:00,520022963,"קופת הפנסיה לעובדי הדסה בע""מ",new_item,https://amitim.com/keren/investment_policy_provident_fund_building/m/keren/about_the_fund_kgm_pension_fund/,נכסי הקופה,https://amitim.com/keren/fund_assets_makefet_provident_fund/
2026-09-30T22:38:47+00:00,520022963,"קופת הפנסיה לעובדי הדסה בע""מ",new_item,https://amitim.com/keren/investment_policy_provident_fund_building/m/keren/about_the_fund_kgm_pension_fund/,נכסי הקופה,https://amitim.com/keren/fund_assets_farmers_provident_fund/
2026-09-30T22:38:47+00:00,520022963,"קופת הפנסיה לעובדי הדסה בע""מ",new_item,https://amitim.com/keren/investment_policy_provident_fund_building/m/keren/about_the_fund_kgm_pension_fund/,נכסי הקופה,https://amitim.com/keren/fund_assets_provident_fund_building/
2026-09-30T22:38:47+00:00,520022963,"קופת הפנסיה לעובדי הדסה בע""מ",new_item,https://amitim.com/keren/investment_policy_provident_fund_building/m/keren/about_the_fund_kgm_pension_fund/,משיכת כספים של עמית שנפטר,https://amitim.com/keren/withdrawing_funds_from_a_deceased_colleague_farmers_provident_fund/
2026-09-30T22:38:47+00:00,520022963,"קופת הפנסיה לעובדי הדסה בע""מ",new_item,https://amitim.com/keren/investment_policy_provident_fund_building/m/keren/about_the_fund_kgm_pension_fund/,משיכת כספים של עמית שנפטר,https://amitim.com/keren/withdrawing_funds_from_a_deceased-colleague_provident_fund_building/
2026-09-30T22:38:47+00:00,520022963,"קופת הפנסיה לעובדי הדסה בע""מ",new_item,https://amitim.com/keren/investment_policy_provident_fund_building/m/keren/about_the_fund_kgm_pension_fund/,מקפת,https://amitim.com/keren/about_the_fund_makefet_pension_fund/
2026-09-30T22:38:47+00:00,520022963,"קופת הפנסיה לעובדי הדסה בע""מ",new_item,https://amitim.com/keren/investment_policy_provident_fund_building/m/keren/about_the_fund_kgm_pension_fund/,מידע סטטיסטי,https://amitim.com/keren/statistical_information_pension_insurers/
2026-09-30T22:38:47+00:00,520022963,"קופת הפנסיה לעובדי הדסה בע""מ",new_item,https://amitim.com/keren/investment_policy_provident_fund_building/m/keren/about_the_fund_kgm_pension_fund/,מידע סטטיסטי,https://amitim.com/keren/statistical_information_pension_fund_circle/
2026-09-30T22:38:47+00:00,520022963,"קופת הפנסיה לעובדי הדסה בע""מ",new_item,https://amitim.com/keren/investment_policy_provident_fund_building/m/keren/about_the_fund_kgm_pension_fund/,מידע סטטיסטי,https://amitim.com/keren/statistical_information_farmers_pension_fund/
2026-09-30T22:38:47+00:00,520022963,"קופת הפנסיה לעובדי הדסה בע""מ",new_item,https://amitim.com/keren/investment_policy_provident_fund_building/m/keren/about_the_fund_kgm_pension_fund/,מידע סטטיסטי,https://amitim.com/statistical_information_pension_fund_building/
2026-09-30T22:38:47+00:00,520022963,"קופת הפנסיה לעובדי הדסה בע""מ",new_item,https://amitim.com/keren/investment_policy_provident_fund_building/m/keren/about_the_fund_kgm_pension_fund/,מידע סטטיסטי,https://amitim.com/keren/statistical_information_kgm_pension_fund/
2026-09-30T22:38:47+00:00,520022963,"קופת הפנסיה לעובדי הדסה בע""מ",new_item,https://amitim.com/keren/investment_policy_provident_fund_building/m/keren/about_the_fund_kgm_pension_fund/,מידע סטטיסטי,https://amitim.com/keren/statistical_information_nativ_pension_fund/
2026-09-30T22:38:47+00:00,520022963,"קופת הפנסיה לעובדי הדסה בע""מ",new_item,https://amitim.com/keren/investment_policy_provident_fund_building/m/keren/about_the_fund_kgm_pension_fund/,מידע סטטיסטי,https://amitim.com/keren/statistical_information_egged_pension_fund/
2026-09-30T22:38:47+00:00,520022963,"קופת הפנסיה לעובדי הדסה בע""מ",new_item,https://amitim.com/keren/investment_policy_provident_fund_building/m/keren/about_the_fund_kgm_pension_fund/,מידע סטטיסטי,https://amitim.com/keren/statistical_information_hadassah_pension_fund/
2026-09-30T22:38:47+00:00,520022963,"קופת הפנסיה לעובדי הדסה בע""מ",new_item,https://amitim.com/keren/investment_policy_provident_fund_building/m/keren/about_the_fund_kgm_pension_fund/,יציאה לפנסיה,https://amitim.com/info-center/amitim/retirement/
2026-09-30T22:38:47+00:00,520022963,"קופת הפנסיה לעובדי הדסה בע""מ",new_item,https://amitim.com/keren/investment_policy_provident_fund_building/m/keren/about_the_fund_kgm_pension_fund/,חקלאים,https://amitim.com/keren/about_the_fund_farmers_pension_fund/
2026-09-30T22:38:47+00:00,520022963,"קופת הפנסיה לעובדי הדסה בע""מ",new_item,https://amitim.com/keren/investment_policy_provident_fund_building/m/keren/about_the_fund_kgm_pension_fund/,הצבעות באסיפות,https://amitim.com/keren/voting_at_meetings_pension_insurers/
2026-09-30T22:38:47+00:00,520022963,"קופת הפנסיה לעובדי הדסה בע""מ",new_item,https://amitim.com/keren/investment_policy_provident_fund_building/m/keren/about_the_fund_kgm_pension_fund/,הצבעות באסיפות,https://amitim.com/keren/voting_at_meetings_provident_insurance/
2026-09-30T22:38:47+00:00,520022963,"קופת הפנסיה לעובדי הדסה בע""מ",new_item,https://amitim.com/keren/investment_policy_provident_fund_building/m/keren/about_the_fund_kgm_pension_fund/,הצבעות באסיפות,https://amitim.com/keren/voting_at_meetings_pension_fund_circle/
2026-09-30T22:38:47+00:00,520022963,"קופת הפנסיה לעובדי הדסה בע""מ",new_item,https://amitim.com/keren/investment_policy_provident_fund_building/m/keren/about_the_fund_kgm_pension_fund/,הצבעות באסיפות,https://amitim.com/keren/voting_at_meetings_provident_fund_circle/
2026-09-30T22:38:47+00:00,520022963,"קופת הפנסיה לעובדי הדסה בע""מ",new_item,https://amitim.com/keren/investment_policy_provident_fund_building/m/keren/about_the_fund_kgm_pension_fund/,הצבעות באסיפות,https://amitim.com/keren/voting_at_meetings_farmers_pension_fund/
2026-09-30T22:38:47+00:00,520022963,"קופת הפנסיה לעובדי הדסה בע""מ",new_item,https://amitim.com/keren/investment_policy_provident_fund_building/m/keren/about_the_fund_kgm_pension_fund/,הצבעות באסיפות,https://amitim.com/keren/voting_at_meetings_farmers_provident_fund/
2026-09-30T22:38:47+00:00,520022963,"קופת הפנסיה לעובדי הדסה בע""מ",new_item,https://amitim.com/keren/investment_policy_provident_fund_building/m/keren/about_the_fund_kgm_pension_fund/,הצבעות באסיפות,https://amitim.com/keren/voting_at_meetings_pension_fund_building/
2026-09-30T22:38:47+00:00,520022963,"קופת הפנסיה לעובדי הדסה בע""מ",new_item,https://amitim.com/keren/investment_policy_provident_fund_building/m/keren/about_the_fund_kgm_pension_fund/,הצבעות באסיפות,https://amitim.com/keren/voting_at_meetings_provident_fund-building/
2026-09-30T22:38:47+00:00,520022963,"קופת הפנסיה לעובדי הדסה בע""מ",new_item,https://amitim.com/keren/investment_policy_provident_fund_building/m/keren/about_the_fund_kgm_pension_fund/,הצבעות באסיפות,https://amitim.com/keren/voting_at_meetings_kgm_pension-fund/
2026-09-30T22:38:47+00:00,520022963,"קופת הפנסיה לעובדי הדסה בע""מ",new_item,https://amitim.com/keren/investment_policy_provident_fund_building/m/keren/about_the_fund_kgm_pension_fund/,הצבעות באסיפות,https://amitim.com/keren/voting_at_meetings_nativ_pension_fund/
2026-09-30T22:38:47+00:00,520022963,"קופת הפנסיה לעובדי הדסה בע""מ",new_item,https://amitim.com/keren/investment_policy_provident_fund_building/m/keren/about_the_fund_kgm_pension_fund/,הצבעות באסיפות,https://amitim.com/keren/voting_at_meetings_egged_pension_fund/
2026-09-30T22:38:47+00:00,520022963,"קופת הפנסיה לעובדי הדסה בע""מ",new_item,https://amitim.com/keren/investment_policy_provident_fund_building/m/keren/about_the_fund_kgm_pension_fund/,הצבעות באסיפות,https://amitim.com/keren/voting_at_meetings_hadassah_pension_fund/
2026-09-30T22:38:47+00:00,520022963,"קופת הפנסיה לעובדי הדסה בע""מ",new_item,https://amitim.com/keren/investment_policy_provident_fund_building/m/keren/about_the_fund_kgm_pension_fund/,הפנסיה שלי,https://amitim.com/info-center/retirees/my_pension/
2026-09-30T22:38:47+00:00,520022963,"קופת הפנסיה לעובדי הדסה בע""מ",new_item,https://amitim.com/keren/investment_policy_provident_fund_building/m/keren/about_the_fund_kgm_pension_fund/,החוק לחלוקת חיסכון פנסיוני,https://amitim.com/info-center/amitim/distribution_of_pension_savings/
2026-09-30T22:38:47+00:00,520022963,"קופת הפנסיה לעובדי הדסה בע""מ",new_item,https://amitim.com/keren/investment_policy_provident_fund_building/m/keren/about_the_fund_kgm_pension_fund/,הדסה,https://amitim.com/keren/about-_he_fund_hadassah_pension_fund/
2026-09-30T22:38:47+00:00,520022963,"קופת הפנסיה לעובדי הדסה בע""מ",new_item,https://amitim.com/keren/investment_policy_provident_fund_building/m/keren/about_the_fund_kgm_pension_fund/,דוחות כספיים,https://amitim.com/keren/financial_statements_provident_fund_insurers/
2026-09-30T22:38:47+00:00,520022963,"קופת הפנסיה לעובדי הדסה בע""מ",new_item,https://amitim.com/keren/investment_policy_provident_fund_building/m/keren/about_the_fund_kgm_pension_fund/,דוחות כספיים,https://amitim.com/keren/financial_statements_pension_fund_overview/
2026-09-30T22:38:47+00:00,520022963,"קופת הפנסיה לעובדי הדסה בע""מ",new_item,https://amitim.com/keren/investment_policy_provident_fund_building/m/keren/about_the_fund_kgm_pension_fund/,דוחות כספיים,https://amitim.com/keren/financial_statements_provident_fund_circle/
2026-09-30T22:38:47+00:00,520022963,"קופת הפנסיה לעובדי הדסה בע""מ",new_item,https://amitim.com/keren/investment_policy_provident_fund_building/m/keren/about_the_fund_kgm_pension_fund/,דוחות כספיים,https://amitim.com/keren/financial_statements_kgm_pension_fund/
2026-09-30T22:38:47+00:00,520022963,"קופת הפנסיה לעובדי הדסה בע""מ",new_item,https://amitim.com/keren/investment_policy_provident_fund_building/m/keren/about_the_fund_kgm_pension_fund/,גורמים קשורים,https://amitim.com/keren/related_parties_provident_fund_insurers/
2026-09-30T22:38:47+00:00,520022963,"קופת הפנסיה לעובדי הדסה בע""מ",new_item,https://amitim.com/keren/investment_policy_provident_fund_building/m/keren/about_the_fund_kgm_pension_fund/,גורמים קשורים,https://amitim.com/keren/related_factors_pension_fund_circle/
2026-09-30T22:38:47+00:00,520022963,"קופת הפנסיה לעובדי הדסה בע""מ",new_item,https://amitim.com/keren/investment_policy_provident_fund_building/m/keren/about_the_fund_kgm_pension_fund/,גורמים קשורים,https://amitim.com/keren/related_factors_provident_fund_circle/
2026-09-30T22:38:47+00:00,520022963,"קופת הפנסיה לעובדי הדסה בע""מ",new_item,https://amitim.com/keren/investment_policy_provident_fund_building/m/keren/about_the_fund_kgm_pension_fund/,גורמים קשורים,https://amitim.com/keren/related_entities_farmers_pension_fund/
2026-09-30T22:38:47+00:00,520022963,"קופת הפנסיה לעובדי הדסה בע""מ",new_item,https://amitim.com/keren/investment_policy_provident_fund_building/m/keren/about_the_fund_kgm_pension_fund/,גורמים קשורים,https://amitim.com/keren/related_entities_farmers_provident_fund/
2026-09-30T22:38:47+00:00,520022963,"קופת הפנסיה לעובדי הדסה בע""מ",new_item,https://amitim.com/keren/investment_policy_provident_fund_building/m/keren/about_the_fund_kgm_pension_fund/,גורמים קשורים,https://amitim.com/keren/related_factors_pension_fund_building/
2026-09-30T22:38:47+00:00,520022963,"קופת הפנסיה לעובדי הדסה בע""מ",new_item,https://amitim.com/keren/investment_policy_provident_fund_building/m/keren/about_the_fund_kgm_pension_fund/,גורמים קשורים,https://amitim.com/keren/related_entities_provident_fund_building/
2026-09-30T22:38:47+00:00,520022963,"קופת הפנסיה לעובדי הדסה בע""מ",new_item,https://amitim.com/keren/investment_policy_provident_fund_building/m/keren/about_the_fund_kgm_pension_fund/,גורמים קשורים,https://amitim.com/keren/related_entities_kgm_pension_fund/
2026-09-30T22:38:47+00:00,520022963,"קופת הפנסיה לעובדי הדסה בע""מ",new_item,https://amitim.com/keren/investment_policy_provident_fund_building/m/keren/about_the_fund_kgm_pension_fund/,גורמים קשורים,https://amitim.com/keren/related_entities_nativ_pension_fund/
2026-09-30T22:38:47+00:00,520022963,"קופת הפנסיה לעובדי הדסה בע""מ",new_item,https://amitim.com/keren/investment_policy_provident_fund_building/m/keren/about_the_fund_kgm_pension_fund/,גורמים קשורים,https://amitim.com/keren/related_parties_egged_pension_fund/
2026-09-30T22:38:47+00:00,520022963,"קופת הפנסיה לעובדי הדסה בע""מ",new_item,https://amitim.com/keren/investment_policy_provident_fund_building/m/keren/about_the_fund_kgm_pension_fund/,גורמים קשורים,https://amitim.com/keren/related_entities_hadassah_pension_fund/
2026-09-30T22:38:47+00:00,520022963,"קופת הפנסיה לעובדי הדסה בע""מ",new_item,https://amitim.com/keren/investment_policy_provident_fund_building/m/keren/about_the_fund_kgm_pension_fund/,בניין,https://amitim.com/keren/about_the_fund_pension_fund_building/
2026-09-30T22:38:47+00:00,520022963,"קופת הפנסיה לעובדי הדסה בע""מ",new_item,https://amitim.com/keren/investment_policy_provident_fund_building/m/keren/about_the_fund_kgm_pension_fund/,אודות הקרן,https://amitim.com/keren/about_the_fund_mivtachim_provident_fund/
2026-09-30T22:38:47+00:00,520022963,"קופת הפנסיה לעובדי הדסה בע""מ",new_item,https://amitim.com/keren/investment_policy_provident_fund_building/m/keren/about_the_fund_kgm_pension_fund/,אודות הקרן,https://amitim.com/keren/about_the_fund_makefet_provident_fund/
2026-09-30T22:38:47+00:00,520022963,"קופת הפנסיה לעובדי הדסה בע""מ",new_item,https://amitim.com/keren/investment_policy_provident_fund_building/m/keren/about_the_fund_kgm_pension_fund/,אודות הקופה,https://amitim.com/keren/about_the_fund_farmers_provident_fund/
2026-09-30T22:38:47+00:00,520022963,"קופת הפנסיה לעובדי הדסה בע""מ",new_item,https://amitim.com/keren/investment_policy_provident_fund_building/m/keren/about_the_fund_kgm_pension_fund/,אודות הקופה,https://amitim.com/keren/about_the_fund_provident_fund_building/
2026-09-30T22:38:47+00:00,520022963,"קופת הפנסיה לעובדי הדסה בע""מ",new_item,https://amitim.com/keren/investment_policy_provident_fund_building/m/keren/about_the_fund_kgm_pension_fund/,אגד,https://amitim.com/keren/about_the_fund_egged_pension_fund/
2026-09-30T22:38:47+00:00,520022963,"קופת הפנסיה לעובדי הדסה בע""מ",new_item,https://amitim.com/keren/investment_policy_kgm_pension_fund/m/keren/about_the_fund_kgm_pension_fund/,קצבת שארים,https://amitim.com/info-center/amitim/survivors_pension/
2026-09-30T22:38:47+00:00,520022963,"קופת הפנסיה לעובדי הדסה בע""מ",new_item,https://amitim.com/keren/investment_policy_kgm_pension_fund/m/keren/about_the_fund_kgm_pension_fund/,קצבת נכות,https://amitim.com/info-center/amitim/disability-pension/
2026-09-30T22:38:47+00:00,520022963,"קופת הפנסיה לעובדי הדסה בע""מ",new_item,https://amitim.com/keren/investment_policy_kgm_pension_fund/m/keren/about_the_fund_kgm_pension_fund/,קגמ קרן פנסיה,https://amitim.com/keren/about_the_fund_kgm_pension_fund/
2026-09-30T22:38:47+00:00,520022963,"קופת הפנסיה לעובדי הדסה בע""מ",new_item,https://amitim.com/keren/investment_policy_kgm_pension_fund/m/keren/about_the_fund_kgm_pension_fund/,פרישה לפנסיה,https://amitim.com/info-center/employers/retirement/
2026-09-30T22:38:47+00:00,520022963,"קופת הפנסיה לעובדי הדסה בע""מ",new_item,https://amitim.com/keren/investment_policy_kgm_pension_fund/m/keren/about_the_fund_kgm_pension_fund/,נתיב,https://amitim.com/keren/about_the_fund_nativ_pension_fund/
2026-09-30T22:38:47+00:00,520022963,"קופת הפנסיה לעובדי הדסה בע""מ",new_item,https://amitim.com/keren/investment_policy_kgm_pension_fund/m/keren/about_the_fund_kgm_pension_fund/,נכסי הקרן,https://amitim.com/keren/fund_assets_makefet_pension_fund/
2026-09-30T22:38:47+00:00,520022963,"קופת הפנסיה לעובדי הדסה בע""מ",new_item,https://amitim.com/keren/investment_policy_kgm_pension_fund/m/keren/about_the_fund_kgm_pension_fund/,נכסי הקרן,https://amitim.com/keren/fund_assets_farmers_pension_fund/
2026-09-30T22:38:47+00:00,520022963,"קופת הפנסיה לעובדי הדסה בע""מ",new_item,https://amitim.com/keren/investment_policy_kgm_pension_fund/m/keren/about_the_fund_kgm_pension_fund/,נכסי הקרן,https://amitim.com/keren/fund_assets_pension_fund_building/
2026-09-30T22:38:47+00:00,520022963,"קופת הפנסיה לעובדי הדסה בע""מ",new_item,https://amitim.com/keren/investment_policy_kgm_pension_fund/m/keren/about_the_fund_kgm_pension_fund/,נכסי הקרן,https://amitim.com/keren/fund_assets_kgm_pension_fund/
2026-09-30T22:38:47+00:00,520022963,"קופת הפנסיה לעובדי הדסה בע""מ",new_item,https://amitim.com/keren/investment_policy_kgm_pension_fund/m/keren/about_the_fund_kgm_pension_fund/,נכסי הקרן,https://amitim.com/keren/fund_assets_nativ_pension_fund/
2026-09-30T22:38:47+00:00,520022963,"קופת הפנסיה לעובדי הדסה בע""מ",new_item,https://amitim.com/keren/investment_policy_kgm_pension_fund/m/keren/about_the_fund_kgm_pension_fund/,נכסי הקרן,https://amitim.com/keren/fund_assets_egged_pension_fund/
2026-09-30T22:38:47+00:00,520022963,"קופת הפנסיה לעובדי הדסה בע""מ",new_item,https://amitim.com/keren/investment_policy_kgm_pension_fund/m/keren/about_the_fund_kgm_pension_fund/,נכסי הקרן,https://amitim.com/keren/fund_assets_hadassah_pension_fund/
2026-09-30T22:38:47+00:00,520022963,"קופת הפנסיה לעובדי הדסה בע""מ",new_item,https://amitim.com/keren/investment_policy_kgm_pension_fund/m/keren/about_the_fund_kgm_pension_fund/,נכסי הקופה,https://amitim.com/keren/fund_assets_provident_fund_insurers/
2026-09-30T22:38:47+00:00,520022963,"קופת הפנסיה לעובדי הדסה בע""מ",new_item,https://amitim.com/keren/investment_policy_kgm_pension_fund/m/keren/about_the_fund_kgm_pension_fund/,נכסי הקופה,https://amitim.com/keren/fund_assets_makefet_provident_fund/
2026-09-30T22:38:47+00:00,520022963,"קופת הפנסיה לעובדי הדסה בע""מ",new_item,https://amitim.com/keren/investment_policy_kgm_pension_fund/m/keren/about_the_fund_kgm_pension_fund/,נכסי הקופה,https://amitim.com/keren/fund_assets_farmers_provident_fund/
2026-09-30T22:38:47+00:00,520022963,"קופת הפנסיה לעובדי הדסה בע""מ",new_item,https://amitim.com/keren/investment_policy_kgm_pension_fund/m/keren/about_the_fund_kgm_pension_fund/,נכסי הקופה,https://amitim.com/keren/fund_assets_provident_fund_building/
2026-09-30T22:38:47+00:00,520022963,"קופת הפנסיה לעובדי הדסה בע""מ",new_item,https://amitim.com/keren/investment_policy_kgm_pension_fund/m/keren/about_the_fund_kgm_pension_fund/,משיכת כספים של עמית שנפטר,https://amitim.com/keren/withdrawing_funds_from_a_deceased_colleague_farmers_provident_fund/
2026-09-30T22:38:47+00:00,520022963,"קופת הפנסיה לעובדי הדסה בע""מ",new_item,https://amitim.com/keren/investment_policy_kgm_pension_fund/m/keren/about_the_fund_kgm_pension_fund/,משיכת כספים של עמית שנפטר,https://amitim.com/keren/withdrawing_funds_from_a_deceased-colleague_provident_fund_building/
2026-09-30T22:38:47+00:00,520022963,"קופת הפנסיה לעובדי הדסה בע""מ",new_item,https://amitim.com/keren/investment_policy_kgm_pension_fund/m/keren/about_the_fund_kgm_pension_fund/,מקפת,https://amitim.com/keren/about_the_fund_makefet_pension_fund/
2026-09-30T22:38:47+00:00,520022963,"קופת הפנסיה לעובדי הדסה בע""מ",new_item,https://amitim.com/keren/investment_policy_kgm_pension_fund/m/keren/about_the_fund_kgm_pension_fund/,מידע סטטיסטי,https://amitim.com/keren/statistical_information_pension_insurers/
2026-09-30T22:38:47+00:00,520022963,"קופת הפנסיה לעובדי הדסה בע""מ",new_item,https://amitim.com/keren/investment_policy_kgm_pension_fund/m/keren/about_the_fund_kgm_pension_fund/,מידע סטטיסטי,https://amitim.com/keren/statistical_information_pension_fund_circle/
2026-09-30T22:38:47+00:00,520022963,"קופת הפנסיה לעובדי הדסה בע""מ",new_item,https://amitim.com/keren/investment_policy_kgm_pension_fund/m/keren/about_the_fund_kgm_pension_fund/,מידע סטטיסטי,https://amitim.com/keren/statistical_information_farmers_pension_fund/
2026-09-30T22:38:47+00:00,520022963,"קופת הפנסיה לעובדי הדסה בע""מ",new_item,https://amitim.com/keren/investment_policy_kgm_pension_fund/m/keren/about_the_fund_kgm_pension_fund/,מידע סטטיסטי,https://amitim.com/statistical_information_pension_fund_building/
2026-09-30T22:38:47+00:00,520022963,"קופת הפנסיה לעובדי הדסה בע""מ",new_item,https://amitim.com/keren/investment_policy_kgm_pension_fund/m/keren/about_the_fund_kgm_pension_fund/,מידע סטטיסטי,https://amitim.com/keren/statistical_information_kgm_pension_fund/
2026-09-30T22:38:47+00:00,520022963,"קופת הפנסיה לעובדי הדסה בע""מ",new_item,https://amitim.com/keren/investment_policy_kgm_pension_fund/m/keren/about_the_fund_kgm_pension_fund/,מידע סטטיסטי,https://amitim.com/keren/statistical_information_nativ_pension_fund/
2026-09-30T22:38:47+00:00,520022963,"קופת הפנסיה לעובדי הדסה בע""מ",new_item,https://amitim.com/keren/investment_policy_kgm_pension_fund/m/keren/about_the_fund_kgm_pension_fund/,מידע סטטיסטי,https://amitim.com/keren/statistical_information_egged_pension_fund/
2026-09-30T22:38:47+00:00,520022963,"קופת הפנסיה לעובדי הדסה בע""מ",new_item,https://amitim.com/keren/investment_policy_kgm_pension_fund/m/keren/about_the_fund_kgm_pension_fund/,מידע סטטיסטי,https://amitim.com/keren/statistical_information_hadassah_pension_fund/
2026-09-30T22:38:47+00:00,520022963,"קופת הפנסיה לעובדי הדסה בע""מ",new_item,https://amitim.com/keren/investment_policy_kgm_pension_fund/m/keren/about_the_fund_kgm_pension_fund/,יציאה לפנסיה,https://amitim.com/info-center/amitim/retirement/
2026-09-30T22:38:47+00:00,520022963,"קופת הפנסיה לעובדי הדסה בע""מ",new_item,https://amitim.com/keren/investment_policy_kgm_pension_fund/m/keren/about_the_fund_kgm_pension_fund/,חקלאים,https://amitim.com/keren/about_the_fund_farmers_pension_fund/
2026-09-30T22:38:47+00:00,520022963,"קופת הפנסיה לעובדי הדסה בע""מ",new_item,https://amitim.com/keren/investment_policy_kgm_pension_fund/m/keren/about_the_fund_kgm_pension_fund/,הצבעות באסיפות,https://amitim.com/keren/voting_at_meetings_pension_insurers/
2026-09-30T22:38:47+00:00,520022963,"קופת הפנסיה לעובדי הדסה בע""מ",new_item,https://amitim.com/keren/investment_policy_kgm_pension_fund/m/keren/about_the_fund_kgm_pension_fund/,הצבעות באסיפות,https://amitim.com/keren/voting_at_meetings_provident_insurance/
2026-09-30T22:38:47+00:00,520022963,"קופת הפנסיה לעובדי הדסה בע""מ",new_item,https://amitim.com/keren/investment_policy_kgm_pension_fund/m/keren/about_the_fund_kgm_pension_fund/,הצבעות באסיפות,https://amitim.com/keren/voting_at_meetings_pension_fund_circle/
2026-09-30T22:38:47+00:00,520022963,"קופת הפנסיה לעובדי הדסה בע""מ",new_item,https://amitim.com/keren/investment_policy_kgm_pension_fund/m/keren/about_the_fund_kgm_pension_fund/,הצבעות באסיפות,https://amitim.com/keren/voting_at_meetings_provident_fund_circle/
2026-09-30T22:38:47+00:00,520022963,"קופת הפנסיה לעובדי הדסה בע""מ",new_item,https://amitim.com/keren/investment_policy_kgm_pension_fund/m/keren/about_the_fund_kgm_pension_fund/,הצבעות באסיפות,https://amitim.com/keren/voting_at_meetings_farmers_pension_fund/
2026-09-30T22:38:47+00:00,520022963,"קופת הפנסיה לעובדי הדסה בע""מ",new_item,https://amitim.com/keren/investment_policy_kgm_pension_fund/m/keren/about_the_fund_kgm_pension_fund/,הצבעות באסיפות,https://amitim.com/keren/voting_at_meetings_farmers_provident_fund/
2026-09-30T22:38:47+00:00,520022963,"קופת הפנסיה לעובדי הדסה בע""מ",new_item,https://amitim.com/keren/investment_policy_kgm_pension_fund/m/keren/about_the_fund_kgm_pension_fund/,הצבעות באסיפות,https://amitim.com/keren/voting_at_meetings_pension_fund_building/
2026-09-30T22:38:47+00:00,520022963,"קופת הפנסיה לעובדי הדסה בע""מ",new_item,https://amitim.com/keren/investment_policy_kgm_pension_fund/m/keren/about_the_fund_kgm_pension_fund/,הצבעות באסיפות,https://amitim.com/keren/voting_at_meetings_provident_fund-building/
2026-09-30T22:38:47+00:00,520022963,"קופת הפנסיה לעובדי הדסה בע""מ",new_item,https://amitim.com/keren/investment_policy_kgm_pension_fund/m/keren/about_the_fund_kgm_pension_fund/,הצבעות באסיפות,https://amitim.com/keren/voting_at_meetings_kgm_pension-fund/
2026-09-30T22:38:47+00:00,520022963,"קופת הפנסיה לעובדי הדסה בע""מ",new_item,https://amitim.com/keren/investment_policy_kgm_pension_fund/m/keren/about_the_fund_kgm_pension_fund/,הצבעות באסיפות,https://amitim.com/keren/voting_at_meetings_nativ_pension_fund/
2026-09-30T22:38:47+00:00,520022963,"קופת הפנסיה לעובדי הדסה בע""מ",new_item,https://amitim.com/keren/investment_policy_kgm_pension_fund/m/keren/about_the_fund_kgm_pension_fund/,הצבעות באסיפות,https://amitim.com/keren/voting_at_meetings_egged_pension_fund/
2026-09-30T22:38:47+00:00,520022963,"קופת הפנסיה לעובדי הדסה בע""מ",new_item,https://amitim.com/keren/investment_policy_kgm_pension_fund/m/keren/about_the_fund_kgm_pension_fund/,הצבעות באסיפות,https://amitim.com/keren/voting_at_meetings_hadassah_pension_fund/
2026-09-30T22:38:47+00:00,520022963,"קופת הפנסיה לעובדי הדסה בע""מ",new_item,https://amitim.com/keren/investment_policy_kgm_pension_fund/m/keren/about_the_fund_kgm_pension_fund/,הפנסיה שלי,https://amitim.com/info-center/retirees/my_pension/
2026-09-30T22:38:47+00:00,520022963,"קופת הפנסיה לעובדי הדסה בע""מ",new_item,https://amitim.com/keren/investment_policy_kgm_pension_fund/m/keren/about_the_fund_kgm_pension_fund/,החוק לחלוקת חיסכון פנסיוני,https://amitim.com/info-center/amitim/distribution_of_pension_savings/
2026-09-30T22:38:47+00:00,520022963,"קופת הפנסיה לעובדי הדסה בע""מ",new_item,https://amitim.com/keren/investment_policy_kgm_pension_fund/m/keren/about_the_fund_kgm_pension_fund/,הדסה,https://amitim.com/keren/about-_he_fund_hadassah_pension_fund/
2026-09-30T22:38:47+00:00,520022963,"קופת הפנסיה לעובדי הדסה בע""מ",new_item,https://amitim.com/keren/investment_policy_kgm_pension_fund/m/keren/about_the_fund_kgm_pension_fund/,דוחות כספיים,https://amitim.com/keren/financial_statements_provident_fund_insurers/
2026-09-30T22:38:47+00:00,520022963,"קופת הפנסיה לעובדי הדסה בע""מ",new_item,https://amitim.com/keren/investment_policy_kgm_pension_fund/m/keren/about_the_fund_kgm_pension_fund/,דוחות כספיים,https://amitim.com/keren/financial_statements_pension_fund_overview/
2026-09-30T22:38:47+00:00,520022963,"קופת הפנסיה לעובדי הדסה בע""מ",new_item,https://amitim.com/keren/investment_policy_kgm_pension_fund/m/keren/about_the_fund_kgm_pension_fund/,דוחות כספיים,https://amitim.com/keren/financial_statements_provident_fund_circle/
2026-09-30T22:38:47+00:00,520022963,"קופת הפנסיה לעובדי הדסה בע""מ",new_item,https://amitim.com/keren/investment_policy_kgm_pension_fund/m/keren/about_the_fund_kgm_pension_fund/,דוחות כספיים,https://amitim.com/keren/financial_statements_kgm_pension_fund/
2026-09-30T22:38:47+00:00,520022963,"קופת הפנסיה לעובדי הדסה בע""מ",new_item,https://amitim.com/keren/investment_policy_kgm_pension_fund/m/keren/about_the_fund_kgm_pension_fund/,גורמים קשורים,https://amitim.com/keren/related_parties_provident_fund_insurers/
2026-09-30T22:38:47+00:00,520022963,"קופת הפנסיה לעובדי הדסה בע""מ",new_item,https://amitim.com/keren/investment_policy_kgm_pension_fund/m/keren/about_the_fund_kgm_pension_fund/,גורמים קשורים,https://amitim.com/keren/related_factors_pension_fund_circle/
2026-09-30T22:38:47+00:00,520022963,"קופת הפנסיה לעובדי הדסה בע""מ",new_item,https://amitim.com/keren/investment_policy_kgm_pension_fund/m/keren/about_the_fund_kgm_pension_fund/,גורמים קשורים,https://amitim.com/keren/related_factors_provident_fund_circle/
2026-09-30T22:38:47+00:00,520022963,"קופת הפנסיה לעובדי הדסה בע""מ",new_item,https://amitim.com/keren/investment_policy_kgm_pension_fund/m/keren/about_the_fund_kgm_pension_fund/,גורמים קשורים,https://amitim.com/keren/related_entities_farmers_pension_fund/
2026-09-30T22:38:47+00:00,520022963,"קופת הפנסיה לעובדי הדסה בע""מ",new_item,https://amitim.com/keren/investment_policy_kgm_pension_fund/m/keren/about_the_fund_kgm_pension_fund/,גורמים קשורים,https://amitim.com/keren/related_entities_farmers_provident_fund/
2026-09-30T22:38:47+00:00,520022963,"קופת הפנסיה לעובדי הדסה בע""מ",new_item,https://amitim.com/keren/investment_policy_kgm_pension_fund/m/keren/about_the_fund_kgm_pension_fund/,גורמים קשורים,https://amitim.com/keren/related_factors_pension_fund_building/
2026-09-30T22:38:47+00:00,520022963,"קופת הפנסיה לעובדי הדסה בע""מ",new_item,https://amitim.com/keren/investment_policy_kgm_pension_fund/m/keren/about_the_fund_kgm_pension_fund/,גורמים קשורים,https://amitim.com/keren/related_entities_provident_fund_building/
2026-09-30T22:38:47+00:00,520022963,"קופת הפנסיה לעובדי הדסה בע""מ",new_item,https://amitim.com/keren/investment_policy_kgm_pension_fund/m/keren/about_the_fund_kgm_pension_fund/,גורמים קשורים,https://amitim.com/keren/related_entities_kgm_pension_fund/
2026-09-30T22:38:47+00:00,520022963,"קופת הפנסיה לעובדי הדסה בע""מ",new_item,https://amitim.com/keren/investment_policy_kgm_pension_fund/m/keren/about_the_fund_kgm_pension_fund/,גורמים קשורים,https://amitim.com/keren/related_entities_nativ_pension_fund/
2026-09-30T22:38:47+00:00,520022963,"קופת הפנסיה לעובדי הדסה בע""מ",new_item,https://amitim.com/keren/investment_policy_kgm_pension_fund/m/keren/about_the_fund_kgm_pension_fund/,גורמים קשורים,https://amitim.com/keren/related_parties_egged_pension_fund/
2026-09-30T22:38:47+00:00,520022963,"קופת הפנסיה לעובדי הדסה בע""מ",new_item,https://amitim.com/keren/investment_policy_kgm_pension_fund/m/keren/about_the_fund_kgm_pension_fund/,גורמים קשורים,https://amitim.com/keren/related_entities_hadassah_pension_fund/
2026-09-30T22:38:47+00:00,520022963,"קופת הפנסיה לעובדי הדסה בע""מ",new_item,https://amitim.com/keren/investment_policy_kgm_pension_fund/m/keren/about_the_fund_kgm_pension_fund/,בניין,https://amitim.com/keren/about_the_fund_pension_fund_building/
2026-09-30T22:38:47+00:00,520022963,"קופת הפנסיה לעובדי הדסה בע""מ",new_item,https://amitim.com/keren/investment_policy_kgm_pension_fund/m/keren/about_the_fund_kgm_pension_fund/,אודות הקרן,https://amitim.com/keren/about_the_fund_mivtachim_provident_fund/
2026-09-30T22:38:47+00:00,520022963,"קופת הפנסיה לעובדי הדסה בע""מ",new_item,https://amitim.com/keren/investment_policy_kgm_pension_fund/m/keren/about_the_fund_kgm_pension_fund/,אודות הקרן,https://amitim.com/keren/about_the_fund_makefet_provident_fund/
2026-09-30T22:38:47+00:00,520022963,"קופת הפנסיה לעובדי הדסה בע""מ",new_item,https://amitim.com/keren/investment_policy_kgm_pension_fund/m/keren/about_the_fund_kgm_pension_fund/,אודות הקופה,https://amitim.com/keren/about_the_fund_farmers_provident_fund/
2026-09-30T22:38:47+00:00,520022963,"קופת הפנסיה לעובדי הדסה בע""מ",new_item,https://amitim.com/keren/investment_policy_kgm_pension_fund/m/keren/about_the_fund_kgm_pension_fund/,אודות הקופה,https://amitim.com/keren/about_the_fund_provident_fund_building/
2026-09-30T22:38:47+00:00,520022963,"קופת הפנסיה לעובדי הדסה בע""מ",new_item,https://amitim.com/keren/investment_policy_kgm_pension_fund/m/keren/about_the_fund_kgm_pension_fund/,אגד,https://amitim.com/keren/about_the_fund_egged_pension_fund/
2026-09-30T22:38:47+00:00,520022963,"קופת הפנסיה לעובדי הדסה בע""מ",new_item,https://amitim.com/keren/investment_policy_pension_insurers/m/keren/about_the_fund_kgm_pension_fund/,קצבת שארים,https://amitim.com/info-center/amitim/survivors_pension/
2026-09-30T22:38:47+00:00,520022963,"קופת הפנסיה לעובדי הדסה בע""מ",new_item,https://amitim.com/keren/investment_policy_pension_insurers/m/keren/about_the_fund_kgm_pension_fund/,קצבת נכות,https://amitim.com/info-center/amitim/disability-pension/
2026-09-30T22:38:47+00:00,520022963,"קופת הפנסיה לעובדי הדסה בע""מ",new_item,https://amitim.com/keren/investment_policy_pension_insurers/m/keren/about_the_fund_kgm_pension_fund/,קגמ קרן פנסיה,https://amitim.com/keren/about_the_fund_kgm_pension_fund/
2026-09-30T22:38:47+00:00,520022963,"קופת הפנסיה לעובדי הדסה בע""מ",new_item,https://amitim.com/keren/investment_policy_pension_insurers/m/keren/about_the_fund_kgm_pension_fund/,פרישה לפנסיה,https://amitim.com/info-center/employers/retirement/
2026-09-30T22:38:47+00:00,520022963,"קופת הפנסיה לעובדי הדסה בע""מ",new_item,https://amitim.com/keren/investment_policy_pension_insurers/m/keren/about_the_fund_kgm_pension_fund/,נתיב,https://amitim.com/keren/about_the_fund_nativ_pension_fund/
2026-09-30T22:38:47+00:00,520022963,"קופת הפנסיה לעובדי הדסה בע""מ",new_item,https://amitim.com/keren/investment_policy_pension_insurers/m/keren/about_the_fund_kgm_pension_fund/,נכסי הקרן,https://amitim.com/keren/fund_assets_makefet_pension_fund/
2026-09-30T22:38:47+00:00,520022963,"קופת הפנסיה לעובדי הדסה בע""מ",new_item,https://amitim.com/keren/investment_policy_pension_insurers/m/keren/about_the_fund_kgm_pension_fund/,נכסי הקרן,https://amitim.com/keren/fund_assets_farmers_pension_fund/
2026-09-30T22:38:47+00:00,520022963,"קופת הפנסיה לעובדי הדסה בע""מ",new_item,https://amitim.com/keren/investment_policy_pension_insurers/m/keren/about_the_fund_kgm_pension_fund/,נכסי הקרן,https://amitim.com/keren/fund_assets_pension_fund_building/
2026-09-30T22:38:47+00:00,520022963,"קופת הפנסיה לעובדי הדסה בע""מ",new_item,https://amitim.com/keren/investment_policy_pension_insurers/m/keren/about_the_fund_kgm_pension_fund/,נכסי הקרן,https://amitim.com/keren/fund_assets_kgm_pension_fund/
2026-09-30T22:38:47+00:00,520022963,"קופת הפנסיה לעובדי הדסה בע""מ",new_item,https://amitim.com/keren/investment_policy_pension_insurers/m/keren/about_the_fund_kgm_pension_fund/,נכסי הקרן,https://amitim.com/keren/fund_assets_nativ_pension_fund/
2026-09-30T22:38:47+00:00,520022963,"קופת הפנסיה לעובדי הדסה בע""מ",new_item,https://amitim.com/keren/investment_policy_pension_insurers/m/keren/about_the_fund_kgm_pension_fund/,נכסי הקרן,https://amitim.com/keren/fund_assets_egged_pension_fund/
2026-09-30T22:38:47+00:00,520022963,"קופת הפנסיה לעובדי הדסה בע""מ",new_item,https://amitim.com/keren/investment_policy_pension_insurers/m/keren/about_the_fund_kgm_pension_fund/,נכסי הקרן,https://amitim.com/keren/fund_assets_hadassah_pension_fund/
2026-09-30T22:38:47+00:00,520022963,"קופת הפנסיה לעובדי הדסה בע""מ",new_item,https://amitim.com/keren/investment_policy_pension_insurers/m/keren/about_the_fund_kgm_pension_fund/,נכסי הקופה,https://amitim.com/keren/fund_assets_provident_fund_insurers/
2026-09-30T22:38:47+00:00,520022963,"קופת הפנסיה לעובדי הדסה בע""מ",new_item,https://amitim.com/keren/investment_policy_pension_insurers/m/keren/about_the_fund_kgm_pension_fund/,נכסי הקופה,https://amitim.com/keren/fund_assets_makefet_provident_fund/
2026-09-30T22:38:47+00:00,520022963,"קופת הפנסיה לעובדי הדסה בע""מ",new_item,https://amitim.com/keren/investment_policy_pension_insurers/m/keren/about_the_fund_kgm_pension_fund/,נכסי הקופה,https://amitim.com/keren/fund_assets_farmers_provident_fund/
2026-09-30T22:38:47+00:00,520022963,"קופת הפנסיה לעובדי הדסה בע""מ",new_item,https://amitim.com/keren/investment_policy_pension_insurers/m/keren/about_the_fund_kgm_pension_fund/,נכסי הקופה,https://amitim.com/keren/fund_assets_provident_fund_building/
2026-09-30T22:38:47+00:00,520022963,"קופת הפנסיה לעובדי הדסה בע""מ",new_item,https://amitim.com/keren/investment_policy_pension_insurers/m/keren/about_the_fund_kgm_pension_fund/,משיכת כספים של עמית שנפטר,https://amitim.com/keren/withdrawing_funds_from_a_deceased_colleague_farmers_provident_fund/
2026-09-30T22:38:47+00:00,520022963,"קופת הפנסיה לעובדי הדסה בע""מ",new_item,https://amitim.com/keren/investment_policy_pension_insurers/m/keren/about_the_fund_kgm_pension_fund/,משיכת כספים של עמית שנפטר,https://amitim.com/keren/withdrawing_funds_from_a_deceased-colleague_provident_fund_building/
2026-09-30T22:38:47+00:00,520022963,"קופת הפנסיה לעובדי הדסה בע""מ",new_item,https://amitim.com/keren/investment_policy_pension_insurers/m/keren/about_the_fund_kgm_pension_fund/,מקפת,https://amitim.com/keren/about_the_fund_makefet_pension_fund/
2026-09-30T22:38:47+00:00,520022963,"קופת הפנסיה לעובדי הדסה בע""מ",new_item,https://amitim.com/keren/investment_policy_pension_insurers/m/keren/about_the_fund_kgm_pension_fund/,מידע סטטיסטי,https://amitim.com/keren/statistical_information_pension_insurers/
2026-09-30T22:38:47+00:00,520022963,"קופת הפנסיה לעובדי הדסה בע""מ",new_item,https://amitim.com/keren/investment_policy_pension_insurers/m/keren/about_the_fund_kgm_pension_fund/,מידע סטטיסטי,https://amitim.com/keren/statistical_information_pension_fund_circle/
2026-09-30T22:38:47+00:00,520022963,"קופת הפנסיה לעובדי הדסה בע""מ",new_item,https://amitim.com/keren/investment_policy_pension_insurers/m/keren/about_the_fund_kgm_pension_fund/,מידע סטטיסטי,https://amitim.com/keren/statistical_information_farmers_pension_fund/
2026-09-30T22:38:47+00:00,520022963,"קופת הפנסיה לעובדי הדסה בע""מ",new_item,https://amitim.com/keren/investment_policy_pension_insurers/m/keren/about_the_fund_kgm_pension_fund/,מידע סטטיסטי,https://amitim.com/statistical_information_pension_fund_building/
2026-09-30T22:38:47+00:00,520022963,"קופת הפנסיה לעובדי הדסה בע""מ",new_item,https://amitim.com/keren/investment_policy_pension_insurers/m/keren/about_the_fund_kgm_pension_fund/,מידע סטטיסטי,https://amitim.com/keren/statistical_information_kgm_pension_fund/
2026-09-30T22:38:47+00:00,520022963,"קופת הפנסיה לעובדי הדסה בע""מ",new_item,https://amitim.com/keren/investment_policy_pension_insurers/m/keren/about_the_fund_kgm_pension_fund/,מידע סטטיסטי,https://amitim.com/keren/statistical_information_nativ_pension_fund/
2026-09-30T22:38:47+00:00,520022963,"קופת הפנסיה לעובדי הדסה בע""מ",new_item,https://amitim.com/keren/investment_policy_pension_insurers/m/keren/about_the_fund_kgm_pension_fund/,מידע סטטיסטי,https://amitim.com/keren/statistical_information_egged_pension_fund/
2026-09-30T22:38:47+00:00,520022963,"קופת הפנסיה לעובדי הדסה בע""מ",new_item,https://amitim.com/keren/investment_policy_pension_insurers/m/keren/about_the_fund_kgm_pension_fund/,מידע סטטיסטי,https://amitim.com/keren/statistical_information_hadassah_pension_fund/
2026-09-30T22:38:47+00:00,520022963,"קופת הפנסיה לעובדי הדסה בע""מ",new_item,https://amitim.com/keren/investment_policy_pension_insurers/m/keren/about_the_fund_kgm_pension_fund/,יציאה לפנסיה,https://amitim.com/info-center/amitim/retirement/
2026-09-30T22:38:47+00:00,520022963,"קופת הפנסיה לעובדי הדסה בע""מ",new_item,https://amitim.com/keren/investment_policy_pension_insurers/m/keren/about_the_fund_kgm_pension_fund/,חקלאים,https://amitim.com/keren/about_the_fund_farmers_pension_fund/
2026-09-30T22:38:47+00:00,520022963,"קופת הפנסיה לעובדי הדסה בע""מ",new_item,https://amitim.com/keren/investment_policy_pension_insurers/m/keren/about_the_fund_kgm_pension_fund/,הצבעות באסיפות,https://amitim.com/keren/voting_at_meetings_pension_insurers/
2026-09-30T22:38:47+00:00,520022963,"קופת הפנסיה לעובדי הדסה בע""מ",new_item,https://amitim.com/keren/investment_policy_pension_insurers/m/keren/about_the_fund_kgm_pension_fund/,הצבעות באסיפות,https://amitim.com/keren/voting_at_meetings_provident_insurance/
2026-09-30T22:38:47+00:00,520022963,"קופת הפנסיה לעובדי הדסה בע""מ",new_item,https://amitim.com/keren/investment_policy_pension_insurers/m/keren/about_the_fund_kgm_pension_fund/,הצבעות באסיפות,https://amitim.com/keren/voting_at_meetings_pension_fund_circle/
2026-09-30T22:38:47+00:00,520022963,"קופת הפנסיה לעובדי הדסה בע""מ",new_item,https://amitim.com/keren/investment_policy_pension_insurers/m/keren/about_the_fund_kgm_pension_fund/,הצבעות באסיפות,https://amitim.com/keren/voting_at_meetings_provident_fund_circle/
2026-09-30T22:38:47+00:00,520022963,"קופת הפנסיה לעובדי הדסה בע""מ",new_item,https://amitim.com/keren/investment_policy_pension_insurers/m/keren/about_the_fund_kgm_pension_fund/,הצבעות באסיפות,https://amitim.com/keren/voting_at_meetings_farmers_pension_fund/
2026-09-30T22:38:47+00:00,520022963,"קופת הפנסיה לעובדי הדסה בע""מ",new_item,https://amitim.com/keren/investment_policy_pension_insurers/m/keren/about_the_fund_kgm_pension_fund/,הצבעות באסיפות,https://amitim.com/keren/voting_at_meetings_farmers_provident_fund/
2026-09-30T22:38:47+00:00,520022963,"קופת הפנסיה לעובדי הדסה בע""מ",new_item,https://amitim.com/keren/investment_policy_pension_insurers/m/keren/about_the_fund_kgm_pension_fund/,הצבעות באסיפות,https://amitim.com/keren/voting_at_meetings_pension_fund_building/
2026-09-30T22:38:47+00:00,520022963,"קופת הפנסיה לעובדי הדסה בע""מ",new_item,https://amitim.com/keren/investment_policy_pension_insurers/m/keren/about_the_fund_kgm_pension_fund/,הצבעות באסיפות,https://amitim.com/keren/voting_at_meetings_provident_fund-building/
2026-09-30T22:38:47+00:00,520022963,"קופת הפנסיה לעובדי הדסה בע""מ",new_item,https://amitim.com/keren/investment_policy_pension_insurers/m/keren/about_the_fund_kgm_pension_fund/,הצבעות באסיפות,https://amitim.com/keren/voting_at_meetings_kgm_pension-fund/
2026-09-30T22:38:47+00:00,520022963,"קופת הפנסיה לעובדי הדסה בע""מ",new_item,https://amitim.com/keren/investment_policy_pension_insurers/m/keren/about_the_fund_kgm_pension_fund/,הצבעות באסיפות,https://amitim.com/keren/voting_at_meetings_nativ_pension_fund/
2026-09-30T22:38:47+00:00,520022963,"קופת הפנסיה לעובדי הדסה בע""מ",new_item,https://amitim.com/keren/investment_policy_pension_insurers/m/keren/about_the_fund_kgm_pension_fund/,הצבעות באסיפות,https://amitim.com/keren/voting_at_meetings_egged_pension_fund/
2026-09-30T22:38:47+00:00,520022963,"קופת הפנסיה לעובדי הדסה בע""מ",new_item,https://amitim.com/keren/investment_policy_pension_insurers/m/keren/about_the_fund_kgm_pension_fund/,הצבעות באסיפות,https://amitim.com/keren/voting_at_meetings_hadassah_pension_fund/
2026-09-30T22:38:47+00:00,520022963,"קופת הפנסיה לעובדי הדסה בע""מ",new_item,https://amitim.com/keren/investment_policy_pension_insurers/m/keren/about_the_fund_kgm_pension_fund/,הפנסיה שלי,https://amitim.com/info-center/retirees/my_pension/
2026-09-30T22:38:47+00:00,520022963,"קופת הפנסיה לעובדי הדסה בע""מ",new_item,https://amitim.com/keren/investment_policy_pension_insurers/m/keren/about_the_fund_kgm_pension_fund/,החוק לחלוקת חיסכון פנסיוני,https://amitim.com/info-center/amitim/distribution_of_pension_savings/
2026-09-30T22:38:47+00:00,520022963,"קופת הפנסיה לעובדי הדסה בע""מ",new_item,https://amitim.com/keren/investment_policy_pension_insurers/m/keren/about_the_fund_kgm_pension_fund/,הדסה,https://amitim.com/keren/about-_he_fund_hadassah_pension_fund/
2026-09-30T22:38:47+00:00,520022963,"קופת הפנסיה לעובדי הדסה בע""מ",new_item,https://amitim.com/keren/investment_policy_pension_insurers/m/keren/about_the_fund_kgm_pension_fund/,דוחות כספיים,https://amitim.com/keren/financial_statements_provident_fund_insurers/
2026-09-30T22:38:47+00:00,520022963,"קופת הפנסיה לעובדי הדסה בע""מ",new_item,https://amitim.com/keren/investment_policy_pension_insurers/m/keren/about_the_fund_kgm_pension_fund/,דוחות כספיים,https://amitim.com/keren/financial_statements_pension_fund_overview/
2026-09-30T22:38:47+00:00,520022963,"קופת הפנסיה לעובדי הדסה בע""מ",new_item,https://amitim.com/keren/investment_policy_pension_insurers/m/keren/about_the_fund_kgm_pension_fund/,דוחות כספיים,https://amitim.com/keren/financial_statements_provident_fund_circle/
2026-09-30T22:38:47+00:00,520022963,"קופת הפנסיה לעובדי הדסה בע""מ",new_item,https://amitim.com/keren/investment_policy_pension_insurers/m/keren/about_the_fund_kgm_pension_fund/,דוחות כספיים,https://amitim.com/keren/financial_statements_kgm_pension_fund/
2026-09-30T22:38:47+00:00,520022963,"קופת הפנסיה לעובדי הדסה בע""מ",new_item,https://amitim.com/keren/investment_policy_pension_insurers/m/keren/about_the_fund_kgm_pension_fund/,גורמים קשורים,https://amitim.com/keren/related_parties_provident_fund_insurers/
2026-09-30T22:38:47+00:00,520022963,"קופת הפנסיה לעובדי הדסה בע""מ",new_item,https://amitim.com/keren/investment_policy_pension_insurers/m/keren/about_the_fund_kgm_pension_fund/,גורמים קשורים,https://amitim.com/keren/related_factors_pension_fund_circle/
2026-09-30T22:38:47+00:00,520022963,"קופת הפנסיה לעובדי הדסה בע""מ",new_item,https://amitim.com/keren/investment_policy_pension_insurers/m/keren/about_the_fund_kgm_pension_fund/,גורמים קשורים,https://amitim.com/keren/related_factors_provident_fund_circle/
2026-09-30T22:38:47+00:00,520022963,"קופת הפנסיה לעובדי הדסה בע""מ",new_item,https://amitim.com/keren/investment_policy_pension_insurers/m/keren/about_the_fund_kgm_pension_fund/,גורמים קשורים,https://amitim.com/keren/related_entities_farmers_pension_fund/
2026-09-30T22:38:47+00:00,520022963,"קופת הפנסיה לעובדי הדסה בע""מ",new_item,https://amitim.com/keren/investment_policy_pension_insurers/m/keren/about_the_fund_kgm_pension_fund/,גורמים קשורים,https://amitim.com/keren/related_entities_farmers_provident_fund/
2026-09-30T22:38:47+00:00,520022963,"קופת הפנסיה לעובדי הדסה בע""מ",new_item,https://amitim.com/keren/investment_policy_pension_insurers/m/keren/about_the_fund_kgm_pension_fund/,גורמים קשורים,https://amitim.com/keren/related_factors_pension_fund_building/
2026-09-30T22:38:47+00:00,520022963,"קופת הפנסיה לעובדי הדסה בע""מ",new_item,https://amitim.com/keren/investment_policy_pension_insurers/m/keren/about_the_fund_kgm_pension_fund/,גורמים קשורים,https://amitim.com/keren/related_entities_provident_fund_building/
2026-09-30T22:38:47+00:00,520022963,"קופת הפנסיה לעובדי הדסה בע""מ",new_item,https://amitim.com/keren/investment_policy_pension_insurers/m/keren/about_the_fund_kgm_pension_fund/,גורמים קשורים,https://amitim.com/keren/related_entities_kgm_pension_fund/
2026-09-30T22:38:47+00:00,520022963,"קופת הפנסיה לעובדי הדסה בע""מ",new_item,https://amitim.com/keren/investment_policy_pension_insurers/m/keren/about_the_fund_kgm_pension_fund/,גורמים קשורים,https://amitim.com/keren/related_entities_nativ_pension_fund/
2026-09-30T22:38:47+00:00,520022963,"קופת הפנסיה לעובדי הדסה בע""מ",new_item,https://amitim.com/keren/investment_policy_pension_insurers/m/keren/about_the_fund_kgm_pension_fund/,גורמים קשורים,https://amitim.com/keren/related_parties_egged_pension_fund/
2026-09-30T22:38:47+00:00,520022963,"קופת הפנסיה לעובדי הדסה בע""מ",new_item,https://amitim.com/keren/investment_policy_pension_insurers/m/keren/about_the_fund_kgm_pension_fund/,גורמים קשורים,https://amitim.com/keren/related_entities_hadassah_pension_fund/
2026-09-30T22:38:47+00:00,520022963,"קופת הפנסיה לעובדי הדסה בע""מ",new_item,https://amitim.com/keren/investment_policy_pension_insurers/m/keren/about_the_fund_kgm_pension_fund/,בניין,https://amitim.com/keren/about_the_fund_pension_fund_building/
2026-09-30T22:38:47+00:00,520022963,"קופת הפנסיה לעובדי הדסה בע""מ",new_item,https://amitim.com/keren/investment_policy_pension_insurers/m/keren/about_the_fund_kgm_pension_fund/,אודות הקרן,https://amitim.com/keren/about_the_fund_mivtachim_provident_fund/
2026-09-30T22:38:47+00:00,520022963,"קופת הפנסיה לעובדי הדסה בע""מ",new_item,https://amitim.com/keren/investment_policy_pension_insurers/m/keren/about_the_fund_kgm_pension_fund/,אודות הקרן,https://amitim.com/keren/about_the_fund_makefet_provident_fund/
2026-09-30T22:38:47+00:00,520022963,"קופת הפנסיה לעובדי הדסה בע""מ",new_item,https://amitim.com/keren/investment_policy_pension_insurers/m/keren/about_the_fund_kgm_pension_fund/,אודות הקופה,https://amitim.com/keren/about_the_fund_farmers_provident_fund/
2026-09-30T22:38:47+00:00,520022963,"קופת הפנסיה לעובדי הדסה בע""מ",new_item,https://amitim.com/keren/investment_policy_pension_insurers/m/keren/about_the_fund_kgm_pension_fund/,אודות הקופה,https://amitim.com/keren/about_the_fund_provident_fund_building/
2026-09-30T22:38:47+00:00,520022963,"קופת הפנסיה לעובדי הדסה בע""מ",new_item,https://amitim.com/keren/investment_policy_pension_insurers/m/keren/about_the_fund_kgm_pension_fund/,אגד,https://amitim.com/keren/about_the_fund_egged_pension_fund/
2026-09-30T22:38:47+00:00,520022963,"קופת הפנסיה לעובדי הדסה בע""מ",new_item,https://amitim.com/keren/investment_policy_pension_fund_circle/m/keren/about_the_fund_kgm_pension_fund/,קצבת שארים,https://amitim.com/info-center/amitim/survivors_pension/
2026-09-30T22:38:47+00:00,520022963,"קופת הפנסיה לעובדי הדסה בע""מ",new_item,https://amitim.com/keren/investment_policy_pension_fund_circle/m/keren/about_the_fund_kgm_pension_fund/,קצבת נכות,https://amitim.com/info-center/amitim/disability-pension/
2026-09-30T22:38:47+00:00,520022963,"קופת הפנסיה לעובדי הדסה בע""מ",new_item,https://amitim.com/keren/investment_policy_pension_fund_circle/m/keren/about_the_fund_kgm_pension_fund/,קגמ קרן פנסיה,https://amitim.com/keren/about_the_fund_kgm_pension_fund/
2026-09-30T22:38:47+00:00,520022963,"קופת הפנסיה לעובדי הדסה בע""מ",new_item,https://amitim.com/keren/investment_policy_pension_fund_circle/m/keren/about_the_fund_kgm_pension_fund/,פרישה לפנסיה,https://amitim.com/info-center/employers/retirement/
2026-09-30T22:38:47+00:00,520022963,"קופת הפנסיה לעובדי הדסה בע""מ",new_item,https://amitim.com/keren/investment_policy_pension_fund_circle/m/keren/about_the_fund_kgm_pension_fund/,נתיב,https://amitim.com/keren/about_the_fund_nativ_pension_fund/
2026-09-30T22:38:47+00:00,520022963,"קופת הפנסיה לעובדי הדסה בע""מ",new_item,https://amitim.com/keren/investment_policy_pension_fund_circle/m/keren/about_the_fund_kgm_pension_fund/,נכסי הקרן,https://amitim.com/keren/fund_assets_makefet_pension_fund/
2026-09-30T22:38:47+00:00,520022963,"קופת הפנסיה לעובדי הדסה בע""מ",new_item,https://amitim.com/keren/investment_policy_pension_fund_circle/m/keren/about_the_fund_kgm_pension_fund/,נכסי הקרן,https://amitim.com/keren/fund_assets_farmers_pension_fund/
2026-09-30T22:38:47+00:00,520022963,"קופת הפנסיה לעובדי הדסה בע""מ",new_item,https://amitim.com/keren/investment_policy_pension_fund_circle/m/keren/about_the_fund_kgm_pension_fund/,נכסי הקרן,https://amitim.com/keren/fund_assets_pension_fund_building/
2026-09-30T22:38:47+00:00,520022963,"קופת הפנסיה לעובדי הדסה בע""מ",new_item,https://amitim.com/keren/investment_policy_pension_fund_circle/m/keren/about_the_fund_kgm_pension_fund/,נכסי הקרן,https://amitim.com/keren/fund_assets_kgm_pension_fund/
2026-09-30T22:38:47+00:00,520022963,"קופת הפנסיה לעובדי הדסה בע""מ",new_item,https://amitim.com/keren/investment_policy_pension_fund_circle/m/keren/about_the_fund_kgm_pension_fund/,נכסי הקרן,https://amitim.com/keren/fund_assets_nativ_pension_fund/
2026-09-30T22:38:47+00:00,520022963,"קופת הפנסיה לעובדי הדסה בע""מ",new_item,https://amitim.com/keren/investment_policy_pension_fund_circle/m/keren/about_the_fund_kgm_pension_fund/,נכסי הקרן,https://amitim.com/keren/fund_assets_egged_pension_fund/
2026-09-30T22:38:47+00:00,520022963,"קופת הפנסיה לעובדי הדסה בע""מ",new_item,https://amitim.com/keren/investment_policy_pension_fund_circle/m/keren/about_the_fund_kgm_pension_fund/,נכסי הקרן,https://amitim.com/keren/fund_assets_hadassah_pension_fund/
2026-09-30T22:38:47+00:00,520022963,"קופת הפנסיה לעובדי הדסה בע""מ",new_item,https://amitim.com/keren/investment_policy_pension_fund_circle/m/keren/about_the_fund_kgm_pension_fund/,נכסי הקופה,https://amitim.com/keren/fund_assets_provident_fund_insurers/
2026-09-30T22:38:47+00:00,520022963,"קופת הפנסיה לעובדי הדסה בע""מ",new_item,https://amitim.com/keren/investment_policy_pension_fund_circle/m/keren/about_the_fund_kgm_pension_fund/,נכסי הקופה,https://amitim.com/keren/fund_assets_makefet_provident_fund/
2026-09-30T22:38:47+00:00,520022963,"קופת הפנסיה לעובדי הדסה בע""מ",new_item,https://amitim.com/keren/investment_policy_pension_fund_circle/m/keren/about_the_fund_kgm_pension_fund/,נכסי הקופה,https://amitim.com/keren/fund_assets_farmers_provident_fund/
2026-09-30T22:38:47+00:00,520022963,"קופת הפנסיה לעובדי הדסה בע""מ",new_item,https://amitim.com/keren/investment_policy_pension_fund_circle/m/keren/about_the_fund_kgm_pension_fund/,נכסי הקופה,https://amitim.com/keren/fund_assets_provident_fund_building/
2026-09-30T22:38:47+00:00,520022963,"קופת הפנסיה לעובדי הדסה בע""מ",new_item,https://amitim.com/keren/investment_policy_pension_fund_circle/m/keren/about_the_fund_kgm_pension_fund/,משיכת כספים של עמית שנפטר,https://amitim.com/keren/withdrawing_funds_from_a_deceased_colleague_farmers_provident_fund/
2026-09-30T22:38:47+00:00,520022963,"קופת הפנסיה לעובדי הדסה בע""מ",new_item,https://amitim.com/keren/investment_policy_pension_fund_circle/m/keren/about_the_fund_kgm_pension_fund/,משיכת כספים של עמית שנפטר,https://amitim.com/keren/withdrawing_funds_from_a_deceased-colleague_provident_fund_building/
2026-09-30T22:38:47+00:00,520022963,"קופת הפנסיה לעובדי הדסה בע""מ",new_item,https://amitim.com/keren/investment_policy_pension_fund_circle/m/keren/about_the_fund_kgm_pension_fund/,מקפת,https://amitim.com/keren/about_the_fund_makefet_pension_fund/
2026-09-30T22:38:47+00:00,520022963,"קופת הפנסיה לעובדי הדסה בע""מ",new_item,https://amitim.com/keren/investment_policy_pension_fund_circle/m/keren/about_the_fund_kgm_pension_fund/,מידע סטטיסטי,https://amitim.com/keren/statistical_information_pension_insurers/
2026-09-30T22:38:47+00:00,520022963,"קופת הפנסיה לעובדי הדסה בע""מ",new_item,https://amitim.com/keren/investment_policy_pension_fund_circle/m/keren/about_the_fund_kgm_pension_fund/,מידע סטטיסטי,https://amitim.com/keren/statistical_information_pension_fund_circle/
2026-09-30T22:38:47+00:00,520022963,"קופת הפנסיה לעובדי הדסה בע""מ",new_item,https://amitim.com/keren/investment_policy_pension_fund_circle/m/keren/about_the_fund_kgm_pension_fund/,מידע סטטיסטי,https://amitim.com/keren/statistical_information_farmers_pension_fund/
2026-09-30T22:38:47+00:00,520022963,"קופת הפנסיה לעובדי הדסה בע""מ",new_item,https://amitim.com/keren/investment_policy_pension_fund_circle/m/keren/about_the_fund_kgm_pension_fund/,מידע סטטיסטי,https://amitim.com/statistical_information_pension_fund_building/
2026-09-30T22:38:47+00:00,520022963,"קופת הפנסיה לעובדי הדסה בע""מ",new_item,https://amitim.com/keren/investment_policy_pension_fund_circle/m/keren/about_the_fund_kgm_pension_fund/,מידע סטטיסטי,https://amitim.com/keren/statistical_information_kgm_pension_fund/
2026-09-30T22:38:47+00:00,520022963,"קופת הפנסיה לעובדי הדסה בע""מ",new_item,https://amitim.com/keren/investment_policy_pension_fund_circle/m/keren/about_the_fund_kgm_pension_fund/,מידע סטטיסטי,https://amitim.com/keren/statistical_information_nativ_pension_fund/
2026-09-30T22:38:47+00:00,520022963,"קופת הפנסיה לעובדי הדסה בע""מ",new_item,https://amitim.com/keren/investment_policy_pension_fund_circle/m/keren/about_the_fund_kgm_pension_fund/,מידע סטטיסטי,https://amitim.com/keren/statistical_information_egged_pension_fund/
2026-09-30T22:38:47+00:00,520022963,"קופת הפנסיה לעובדי הדסה בע""מ",new_item,https://amitim.com/keren/investment_policy_pension_fund_circle/m/keren/about_the_fund_kgm_pension_fund/,מידע סטטיסטי,https://amitim.com/keren/statistical_information_hadassah_pension_fund/
2026-09-30T22:38:47+00:00,520022963,"קופת הפנסיה לעובדי הדסה בע""מ",new_item,https://amitim.com/keren/investment_policy_pension_fund_circle/m/keren/about_the_fund_kgm_pension_fund/,יציאה לפנסיה,https://amitim.com/info-center/amitim/retirement/
2026-09-30T22:38:47+00:00,520022963,"קופת הפנסיה לעובדי הדסה בע""מ",new_item,https://amitim.com/keren/investment_policy_pension_fund_circle/m/keren/about_the_fund_kgm_pension_fund/,חקלאים,https://amitim.com/keren/about_the_fund_farmers_pension_fund/
2026-09-30T22:38:47+00:00,520022963,"קופת הפנסיה לעובדי הדסה בע""מ",new_item,https://amitim.com/keren/investment_policy_pension_fund_circle/m/keren/about_the_fund_kgm_pension_fund/,הצבעות באסיפות,https://amitim.com/keren/voting_at_meetings_pension_insurers/
2026-09-30T22:38:47+00:00,520022963,"קופת הפנסיה לעובדי הדסה בע""מ",new_item,https://amitim.com/keren/investment_policy_pension_fund_circle/m/keren/about_the_fund_kgm_pension_fund/,הצבעות באסיפות,https://amitim.com/keren/voting_at_meetings_provident_insurance/
2026-09-30T22:38:47+00:00,520022963,"קופת הפנסיה לעובדי הדסה בע""מ",new_item,https://amitim.com/keren/investment_policy_pension_fund_circle/m/keren/about_the_fund_kgm_pension_fund/,הצבעות באסיפות,https://amitim.com/keren/voting_at_meetings_pension_fund_circle/
2026-09-30T22:38:47+00:00,520022963,"קופת הפנסיה לעובדי הדסה בע""מ",new_item,https://amitim.com/keren/investment_policy_pension_fund_circle/m/keren/about_the_fund_kgm_pension_fund/,הצבעות באסיפות,https://amitim.com/keren/voting_at_meetings_provident_fund_circle/
2026-09-30T22:38:47+00:00,520022963,"קופת הפנסיה לעובדי הדסה בע""מ",new_item,https://amitim.com/keren/investment_policy_pension_fund_circle/m/keren/about_the_fund_kgm_pension_fund/,הצבעות באסיפות,https://amitim.com/keren/voting_at_meetings_farmers_pension_fund/
2026-09-30T22:38:47+00:00,520022963,"קופת הפנסיה לעובדי הדסה בע""מ",new_item,https://amitim.com/keren/investment_policy_pension_fund_circle/m/keren/about_the_fund_kgm_pension_fund/,הצבעות באסיפות,https://amitim.com/keren/voting_at_meetings_farmers_provident_fund/
2026-09-30T22:38:47+00:00,520022963,"קופת הפנסיה לעובדי הדסה בע""מ",new_item,https://amitim.com/keren/investment_policy_pension_fund_circle/m/keren/about_the_fund_kgm_pension_fund/,הצבעות באסיפות,https://amitim.com/keren/voting_at_meetings_pension_fund_building/
2026-09-30T22:38:47+00:00,520022963,"קופת הפנסיה לעובדי הדסה בע""מ",new_item,https://amitim.com/keren/investment_policy_pension_fund_circle/m/keren/about_the_fund_kgm_pension_fund/,הצבעות באסיפות,https://amitim.com/keren/voting_at_meetings_provident_fund-building/
2026-09-30T22:38:47+00:00,520022963,"קופת הפנסיה לעובדי הדסה בע""מ",new_item,https://amitim.com/keren/investment_policy_pension_fund_circle/m/keren/about_the_fund_kgm_pension_fund/,הצבעות באסיפות,https://amitim.com/keren/voting_at_meetings_kgm_pension-fund/
2026-09-30T22:38:47+00:00,520022963,"קופת הפנסיה לעובדי הדסה בע""מ",new_item,https://amitim.com/keren/investment_policy_pension_fund_circle/m/keren/about_the_fund_kgm_pension_fund/,הצבעות באסיפות,https://amitim.com/keren/voting_at_meetings_nativ_pension_fund/
2026-09-30T22:38:47+00:00,520022963,"קופת הפנסיה לעובדי הדסה בע""מ",new_item,https://amitim.com/keren/investment_policy_pension_fund_circle/m/keren/about_the_fund_kgm_pension_fund/,הצבעות באסיפות,https://amitim.com/keren/voting_at_meetings_egged_pension_fund/
2026-09-30T22:38:47+00:00,520022963,"קופת הפנסיה לעובדי הדסה בע""מ",new_item,https://amitim.com/keren/investment_policy_pension_fund_circle/m/keren/about_the_fund_kgm_pension_fund/,הצבעות באסיפות,https://amitim.com/keren/voting_at_meetings_hadassah_pension_fund/
2026-09-30T22:38:47+00:00,520022963,"קופת הפנסיה לעובדי הדסה בע""מ",new_item,https://amitim.com/keren/investment_policy_pension_fund_circle/m/keren/about_the_fund_kgm_pension_fund/,הפנסיה שלי,https://amitim.com/info-center/retirees/my_pension/
2026-09-30T22:38:47+00:00,520022963,"קופת הפנסיה לעובדי הדסה בע""מ",new_item,https://amitim.com/keren/investment_policy_pension_fund_circle/m/keren/about_the_fund_kgm_pension_fund/,החוק לחלוקת חיסכון פנסיוני,https://amitim.com/info-center/amitim/distribution_of_pension_savings/
2026-09-30T22:38:47+00:00,520022963,"קופת הפנסיה לעובדי הדסה בע""מ",new_item,https://amitim.com/keren/investment_policy_pension_fund_circle/m/keren/about_the_fund_kgm_pension_fund/,הדסה,https://amitim.com/keren/about-_he_fund_hadassah_pension_fund/
2026-09-30T22:38:47+00:00,520022963,"קופת הפנסיה לעובדי הדסה בע""מ",new_item,https://amitim.com/keren/investment_policy_pension_fund_circle/m/keren/about_the_fund_kgm_pension_fund/,דוחות כספיים,https://amitim.com/keren/financial_statements_provident_fund_insurers/
2026-09-30T22:38:47+00:00,520022963,"קופת הפנסיה לעובדי הדסה בע""מ",new_item,https://amitim.com/keren/investment_policy_pension_fund_circle/m/keren/about_the_fund_kgm_pension_fund/,דוחות כספיים,https://amitim.com/keren/financial_statements_pension_fund_overview/
2026-09-30T22:38:47+00:00,520022963,"קופת הפנסיה לעובדי הדסה בע""מ",new_item,https://amitim.com/keren/investment_policy_pension_fund_circle/m/keren/about_the_fund_kgm_pension_fund/,דוחות כספיים,https://amitim.com/keren/financial_statements_provident_fund_circle/
2026-09-30T22:38:47+00:00,520022963,"קופת הפנסיה לעובדי הדסה בע""מ",new_item,https://amitim.com/keren/investment_policy_pension_fund_circle/m/keren/about_the_fund_kgm_pension_fund/,דוחות כספיים,https://amitim.com/keren/financial_statements_kgm_pension_fund/
2026-09-30T22:38:47+00:00,520022963,"קופת הפנסיה לעובדי הדסה בע""מ",new_item,https://amitim.com/keren/investment_policy_pension_fund_circle/m/keren/about_the_fund_kgm_pension_fund/,גורמים קשורים,https://amitim.com/keren/related_parties_provident_fund_insurers/
2026-09-30T22:38:47+00:00,520022963,"קופת הפנסיה לעובדי הדסה בע""מ",new_item,https://amitim.com/keren/investment_policy_pension_fund_circle/m/keren/about_the_fund_kgm_pension_fund/,גורמים קשורים,https://amitim.com/keren/related_factors_pension_fund_circle/
2026-09-30T22:38:47+00:00,520022963,"קופת הפנסיה לעובדי הדסה בע""מ",new_item,https://amitim.com/keren/investment_policy_pension_fund_circle/m/keren/about_the_fund_kgm_pension_fund/,גורמים קשורים,https://amitim.com/keren/related_factors_provident_fund_circle/
2026-09-30T22:38:47+00:00,520022963,"קופת הפנסיה לעובדי הדסה בע""מ",new_item,https://amitim.com/keren/investment_policy_pension_fund_circle/m/keren/about_the_fund_kgm_pension_fund/,גורמים קשורים,https://amitim.com/keren/related_entities_farmers_pension_fund/
2026-09-30T22:38:47+00:00,520022963,"קופת הפנסיה לעובדי הדסה בע""מ",new_item,https://amitim.com/keren/investment_policy_pension_fund_circle/m/keren/about_the_fund_kgm_pension_fund/,גורמים קשורים,https://amitim.com/keren/related_entities_farmers_provident_fund/
2026-09-30T22:38:47+00:00,520022963,"קופת הפנסיה לעובדי הדסה בע""מ",new_item,https://amitim.com/keren/investment_policy_pension_fund_circle/m/keren/about_the_fund_kgm_pension_fund/,גורמים קשורים,https://amitim.com/keren/related_factors_pension_fund_building/
2026-09-30T22:38:47+00:00,520022963,"קופת הפנסיה לעובדי הדסה בע""מ",new_item,https://amitim.com/keren/investment_policy_pension_fund_circle/m/keren/about_the_fund_kgm_pension_fund/,גורמים קשורים,https://amitim.com/keren/related_entities_provident_fund_building/
2026-09-30T22:38:47+00:00,520022963,"קופת הפנסיה לעובדי הדסה בע""מ",new_item,https://amitim.com/keren/investment_policy_pension_fund_circle/m/keren/about_the_fund_kgm_pension_fund/,גורמים קשורים,https://amitim.com/keren/related_entities_kgm_pension_fund/
2026-09-30T22:38:47+00:00,520022963,"קופת הפנסיה לעובדי הדסה בע""מ",new_item,https://amitim.com/keren/investment_policy_pension_fund_circle/m/keren/about_the_fund_kgm_pension_fund/,גורמים קשורים,https://amitim.com/keren/related_entities_nativ_pension_fund/
2026-09-30T22:38:47+00:00,520022963,"קופת הפנסיה לעובדי הדסה בע""מ",new_item,https://amitim.com/keren/investment_policy_pension_fund_circle/m/keren/about_the_fund_kgm_pension_fund/,גורמים קשורים,https://amitim.com/keren/related_parties_egged_pension_fund/
2026-09-30T22:38:47+00:00,520022963,"קופת הפנסיה לעובדי הדסה בע""מ",new_item,https://amitim.com/keren/investment_policy_pension_fund_circle/m/keren/about_the_fund_kgm_pension_fund/,גורמים קשורים,https://amitim.com/keren/related_entities_hadassah_pension_fund/
2026-09-30T22:38:47+00:00,520022963,"קופת הפנסיה לעובדי הדסה בע""מ",new_item,https://amitim.com/keren/investment_policy_pension_fund_circle/m/keren/about_the_fund_kgm_pension_fund/,בניין,https://amitim.com/keren/about_the_fund_pension_fund_building/
2026-09-30T22:38:47+00:00,520022963,"קופת הפנסיה לעובדי הדסה בע""מ",new_item,https://amitim.com/keren/investment_policy_pension_fund_circle/m/keren/about_the_fund_kgm_pension_fund/,אודות הקרן,https://amitim.com/keren/about_the_fund_mivtachim_provident_fund/
2026-09-30T22:38:47+00:00,520022963,"קופת הפנסיה לעובדי הדסה בע""מ",new_item,https://amitim.com/keren/investment_policy_pension_fund_circle/m/keren/about_the_fund_kgm_pension_fund/,אודות הקרן,https://amitim.com/keren/about_the_fund_makefet_provident_fund/
2026-09-30T22:38:47+00:00,520022963,"קופת הפנסיה לעובדי הדסה בע""מ",new_item,https://amitim.com/keren/investment_policy_pension_fund_circle/m/keren/about_the_fund_kgm_pension_fund/,אודות הקופה,https://amitim.com/keren/about_the_fund_farmers_provident_fund/
2026-09-30T22:38:47+00:00,520022963,"קופת הפנסיה לעובדי הדסה בע""מ",new_item,https://amitim.com/keren/investment_policy_pension_fund_circle/m/keren/about_the_fund_kgm_pension_fund/,אודות הקופה,https://amitim.com/keren/about_the_fund_provident_fund_building/
2026-09-30T22:38:47+00:00,520022963,"קופת הפנסיה לעובדי הדסה בע""מ",new_item,https://amitim.com/keren/investment_policy_pension_fund_circle/m/keren/about_the_fund_kgm_pension_fund/,אגד,https://amitim.com/keren/about_the_fund_egged_pension_fund/
2026-09-30T22:38:47+00:00,520022963,"קופת הפנסיה לעובדי הדסה בע""מ",new_item,https://amitim.com/keren/investment_policy_nativ_pension_fund/m/keren/about_the_fund_kgm_pension_fund/m/keren/about_the_fund_kgm_pension_fund/,קצבת שארים,https://amitim.com/info-center/amitim/survivors_pension/
2026-09-30T22:38:47+00:00,520022963,"קופת הפנסיה לעובדי הדסה בע""מ",new_item,https://amitim.com/keren/investment_policy_nativ_pension_fund/m/keren/about_the_fund_kgm_pension_fund/m/keren/about_the_fund_kgm_pension_fund/,קצבת נכות,https://amitim.com/info-center/amitim/disability-pension/
2026-09-30T22:38:47+00:00,520022963,"קופת הפנסיה לעובדי הדסה בע""מ",new_item,https://amitim.com/keren/investment_policy_nativ_pension_fund/m/keren/about_the_fund_kgm_pension_fund/m/keren/about_the_fund_kgm_pension_fund/,קגמ קרן פנסיה,https://amitim.com/keren/about_the_fund_kgm_pension_fund/
2026-09-30T22:38:47+00:00,520022963,"קופת הפנסיה לעובדי הדסה בע""מ",new_item,https://amitim.com/keren/investment_policy_nativ_pension_fund/m/keren/about_the_fund_kgm_pension_fund/m/keren/about_the_fund_kgm_pension_fund/,פרישה לפנסיה,https://amitim.com/info-center/employers/retirement/
2026-09-30T22:38:47+00:00,520022963,"קופת הפנסיה לעובדי הדסה בע""מ",new_item,https://amitim.com/keren/investment_policy_nativ_pension_fund/m/keren/about_the_fund_kgm_pension_fund/m/keren/about_the_fund_kgm_pension_fund/,נתיב,https://amitim.com/keren/about_the_fund_nativ_pension_fund/
2026-09-30T22:38:47+00:00,520022963,"קופת הפנסיה לעובדי הדסה בע""מ",new_item,https://amitim.com/keren/investment_policy_nativ_pension_fund/m/keren/about_the_fund_kgm_pension_fund/m/keren/about_the_fund_kgm_pension_fund/,נכסי הקרן,https://amitim.com/keren/fund_assets_makefet_pension_fund/
2026-09-30T22:38:47+00:00,520022963,"קופת הפנסיה לעובדי הדסה בע""מ",new_item,https://amitim.com/keren/investment_policy_nativ_pension_fund/m/keren/about_the_fund_kgm_pension_fund/m/keren/about_the_fund_kgm_pension_fund/,נכסי הקרן,https://amitim.com/keren/fund_assets_farmers_pension_fund/
2026-09-30T22:38:47+00:00,520022963,"קופת הפנסיה לעובדי הדסה בע""מ",new_item,https://amitim.com/keren/investment_policy_nativ_pension_fund/m/keren/about_the_fund_kgm_pension_fund/m/keren/about_the_fund_kgm_pension_fund/,נכסי הקרן,https://amitim.com/keren/fund_assets_pension_fund_building/
2026-09-30T22:38:47+00:00,520022963,"קופת הפנסיה לעובדי הדסה בע""מ",new_item,https://amitim.com/keren/investment_policy_nativ_pension_fund/m/keren/about_the_fund_kgm_pension_fund/m/keren/about_the_fund_kgm_pension_fund/,נכסי הקרן,https://amitim.com/keren/fund_assets_kgm_pension_fund/
2026-09-30T22:38:47+00:00,520022963,"קופת הפנסיה לעובדי הדסה בע""מ",new_item,https://amitim.com/keren/investment_policy_nativ_pension_fund/m/keren/about_the_fund_kgm_pension_fund/m/keren/about_the_fund_kgm_pension_fund/,נכסי הקרן,https://amitim.com/keren/fund_assets_nativ_pension_fund/
2026-09-30T22:38:47+00:00,520022963,"קופת הפנסיה לעובדי הדסה בע""מ",new_item,https://amitim.com/keren/investment_policy_nativ_pension_fund/m/keren/about_the_fund_kgm_pension_fund/m/keren/about_the_fund_kgm_pension_fund/,נכסי הקרן,https://amitim.com/keren/fund_assets_egged_pension_fund/
2026-09-30T22:38:47+00:00,520022963,"קופת הפנסיה לעובדי הדסה בע""מ",new_item,https://amitim.com/keren/investment_policy_nativ_pension_fund/m/keren/about_the_fund_kgm_pension_fund/m/keren/about_the_fund_kgm_pension_fund/,נכסי הקרן,https://amitim.com/keren/fund_assets_hadassah_pension_fund/
2026-09-30T22:38:47+00:00,520022963,"קופת הפנסיה לעובדי הדסה בע""מ",new_item,https://amitim.com/keren/investment_policy_nativ_pension_fund/m/keren/about_the_fund_kgm_pension_fund/m/keren/about_the_fund_kgm_pension_fund/,נכסי הקופה,https://amitim.com/keren/fund_assets_provident_fund_insurers/
2026-09-30T22:38:47+00:00,520022963,"קופת הפנסיה לעובדי הדסה בע""מ",new_item,https://amitim.com/keren/investment_policy_nativ_pension_fund/m/keren/about_the_fund_kgm_pension_fund/m/keren/about_the_fund_kgm_pension_fund/,נכסי הקופה,https://amitim.com/keren/fund_assets_makefet_provident_fund/
2026-09-30T22:38:47+00:00,520022963,"קופת הפנסיה לעובדי הדסה בע""מ",new_item,https://amitim.com/keren/investment_policy_nativ_pension_fund/m/keren/about_the_fund_kgm_pension_fund/m/keren/about_the_fund_kgm_pension_fund/,נכסי הקופה,https://amitim.com/keren/fund_assets_farmers_provident_fund/
2026-09-30T22:38:47+00:00,520022963,"קופת הפנסיה לעובדי הדסה בע""מ",new_item,https://amitim.com/keren/investment_policy_nativ_pension_fund/m/keren/about_the_fund_kgm_pension_fund/m/keren/about_the_fund_kgm_pension_fund/,נכסי הקופה,https://amitim.com/keren/fund_assets_provident_fund_building/
2026-09-30T22:38:47+00:00,520022963,"קופת הפנסיה לעובדי הדסה בע""מ",new_item,https://amitim.com/keren/investment_policy_nativ_pension_fund/m/keren/about_the_fund_kgm_pension_fund/m/keren/about_the_fund_kgm_pension_fund/,משיכת כספים של עמית שנפטר,https://amitim.com/keren/withdrawing_funds_from_a_deceased_colleague_farmers_provident_fund/
2026-09-30T22:38:47+00:00,520022963,"קופת הפנסיה לעובדי הדסה בע""מ",new_item,https://amitim.com/keren/investment_policy_nativ_pension_fund/m/keren/about_the_fund_kgm_pension_fund/m/keren/about_the_fund_kgm_pension_fund/,משיכת כספים של עמית שנפטר,https://amitim.com/keren/withdrawing_funds_from_a_deceased-colleague_provident_fund_building/
2026-09-30T22:38:47+00:00,520022963,"קופת הפנסיה לעובדי הדסה בע""מ",new_item,https://amitim.com/keren/investment_policy_nativ_pension_fund/m/keren/about_the_fund_kgm_pension_fund/m/keren/about_the_fund_kgm_pension_fund/,מקפת,https://amitim.com/keren/about_the_fund_makefet_pension_fund/
2026-09-30T22:38:47+00:00,520022963,"קופת הפנסיה לעובדי הדסה בע""מ",new_item,https://amitim.com/keren/investment_policy_nativ_pension_fund/m/keren/about_the_fund_kgm_pension_fund/m/keren/about_the_fund_kgm_pension_fund/,מידע סטטיסטי,https://amitim.com/keren/statistical_information_pension_insurers/
2026-09-30T22:38:47+00:00,520022963,"קופת הפנסיה לעובדי הדסה בע""מ",new_item,https://amitim.com/keren/investment_policy_nativ_pension_fund/m/keren/about_the_fund_kgm_pension_fund/m/keren/about_the_fund_kgm_pension_fund/,מידע סטטיסטי,https://amitim.com/keren/statistical_information_pension_fund_circle/
2026-09-30T22:38:47+00:00,520022963,"קופת הפנסיה לעובדי הדסה בע""מ",new_item,https://amitim.com/keren/investment_policy_nativ_pension_fund/m/keren/about_the_fund_kgm_pension_fund/m/keren/about_the_fund_kgm_pension_fund/,מידע סטטיסטי,https://amitim.com/keren/statistical_information_farmers_pension_fund/
2026-09-30T22:38:47+00:00,520022963,"קופת הפנסיה לעובדי הדסה בע""מ",new_item,https://amitim.com/keren/investment_policy_nativ_pension_fund/m/keren/about_the_fund_kgm_pension_fund/m/keren/about_the_fund_kgm_pension_fund/,מידע סטטיסטי,https://amitim.com/statistical_information_pension_fund_building/
2026-09-30T22:38:47+00:00,520022963,"קופת הפנסיה לעובדי הדסה בע""מ",new_item,https://amitim.com/keren/investment_policy_nativ_pension_fund/m/keren/about_the_fund_kgm_pension_fund/m/keren/about_the_fund_kgm_pension_fund/,מידע סטטיסטי,https://amitim.com/keren/statistical_information_kgm_pension_fund/
2026-09-30T22:38:47+00:00,520022963,"קופת הפנסיה לעובדי הדסה בע""מ",new_item,https://amitim.com/keren/investment_policy_nativ_pension_fund/m/keren/about_the_fund_kgm_pension_fund/m/keren/about_the_fund_kgm_pension_fund/,מידע סטטיסטי,https://amitim.com/keren/statistical_information_nativ_pension_fund/
2026-09-30T22:38:47+00:00,520022963,"קופת הפנסיה לעובדי הדסה בע""מ",new_item,https://amitim.com/keren/investment_policy_nativ_pension_fund/m/keren/about_the_fund_kgm_pension_fund/m/keren/about_the_fund_kgm_pension_fund/,מידע סטטיסטי,https://amitim.com/keren/statistical_information_egged_pension_fund/
2026-09-30T22:38:47+00:00,520022963,"קופת הפנסיה לעובדי הדסה בע""מ",new_item,https://amitim.com/keren/investment_policy_nativ_pension_fund/m/keren/about_the_fund_kgm_pension_fund/m/keren/about_the_fund_kgm_pension_fund/,מידע סטטיסטי,https://amitim.com/keren/statistical_information_hadassah_pension_fund/
2026-09-30T22:38:47+00:00,520022963,"קופת הפנסיה לעובדי הדסה בע""מ",new_item,https://amitim.com/keren/investment_policy_nativ_pension_fund/m/keren/about_the_fund_kgm_pension_fund/m/keren/about_the_fund_kgm_pension_fund/,יציאה לפנסיה,https://amitim.com/info-center/amitim/retirement/
2026-09-30T22:38:47+00:00,520022963,"קופת הפנסיה לעובדי הדסה בע""מ",new_item,https://amitim.com/keren/investment_policy_nativ_pension_fund/m/keren/about_the_fund_kgm_pension_fund/m/keren/about_the_fund_kgm_pension_fund/,חקלאים,https://amitim.com/keren/about_the_fund_farmers_pension_fund/
2026-09-30T22:38:47+00:00,520022963,"קופת הפנסיה לעובדי הדסה בע""מ",new_item,https://amitim.com/keren/investment_policy_nativ_pension_fund/m/keren/about_the_fund_kgm_pension_fund/m/keren/about_the_fund_kgm_pension_fund/,הצבעות באסיפות,https://amitim.com/keren/voting_at_meetings_pension_insurers/
2026-09-30T22:38:47+00:00,520022963,"קופת הפנסיה לעובדי הדסה בע""מ",new_item,https://amitim.com/keren/investment_policy_nativ_pension_fund/m/keren/about_the_fund_kgm_pension_fund/m/keren/about_the_fund_kgm_pension_fund/,הצבעות באסיפות,https://amitim.com/keren/voting_at_meetings_provident_insurance/
2026-09-30T22:38:47+00:00,520022963,"קופת הפנסיה לעובדי הדסה בע""מ",new_item,https://amitim.com/keren/investment_policy_nativ_pension_fund/m/keren/about_the_fund_kgm_pension_fund/m/keren/about_the_fund_kgm_pension_fund/,הצבעות באסיפות,https://amitim.com/keren/voting_at_meetings_pension_fund_circle/
2026-09-30T22:38:47+00:00,520022963,"קופת הפנסיה לעובדי הדסה בע""מ",new_item,https://amitim.com/keren/investment_policy_nativ_pension_fund/m/keren/about_the_fund_kgm_pension_fund/m/keren/about_the_fund_kgm_pension_fund/,הצבעות באסיפות,https://amitim.com/keren/voting_at_meetings_provident_fund_circle/
2026-09-30T22:38:47+00:00,520022963,"קופת הפנסיה לעובדי הדסה בע""מ",new_item,https://amitim.com/keren/investment_policy_nativ_pension_fund/m/keren/about_the_fund_kgm_pension_fund/m/keren/about_the_fund_kgm_pension_fund/,הצבעות באסיפות,https://amitim.com/keren/voting_at_meetings_farmers_pension_fund/
2026-09-30T22:38:47+00:00,520022963,"קופת הפנסיה לעובדי הדסה בע""מ",new_item,https://amitim.com/keren/investment_policy_nativ_pension_fund/m/keren/about_the_fund_kgm_pension_fund/m/keren/about_the_fund_kgm_pension_fund/,הצבעות באסיפות,https://amitim.com/keren/voting_at_meetings_farmers_provident_fund/
2026-09-30T22:38:47+00:00,520022963,"קופת הפנסיה לעובדי הדסה בע""מ",new_item,https://amitim.com/keren/investment_policy_nativ_pension_fund/m/keren/about_the_fund_kgm_pension_fund/m/keren/about_the_fund_kgm_pension_fund/,הצבעות באסיפות,https://amitim.com/keren/voting_at_meetings_pension_fund_building/
2026-09-30T22:38:47+00:00,520022963,"קופת הפנסיה לעובדי הדסה בע""מ",new_item,https://amitim.com/keren/investment_policy_nativ_pension_fund/m/keren/about_the_fund_kgm_pension_fund/m/keren/about_the_fund_kgm_pension_fund/,הצבעות באסיפות,https://amitim.com/keren/voting_at_meetings_provident_fund-building/
2026-09-30T22:38:47+00:00,520022963,"קופת הפנסיה לעובדי הדסה בע""מ",new_item,https://amitim.com/keren/investment_policy_nativ_pension_fund/m/keren/about_the_fund_kgm_pension_fund/m/keren/about_the_fund_kgm_pension_fund/,הצבעות באסיפות,https://amitim.com/keren/voting_at_meetings_kgm_pension-fund/
2026-09-30T22:38:47+00:00,520022963,"קופת הפנסיה לעובדי הדסה בע""מ",new_item,https://amitim.com/keren/investment_policy_nativ_pension_fund/m/keren/about_the_fund_kgm_pension_fund/m/keren/about_the_fund_kgm_pension_fund/,הצבעות באסיפות,https://amitim.com/keren/voting_at_meetings_nativ_pension_fund/
2026-09-30T22:38:47+00:00,520022963,"קופת הפנסיה לעובדי הדסה בע""מ",new_item,https://amitim.com/keren/investment_policy_nativ_pension_fund/m/keren/about_the_fund_kgm_pension_fund/m/keren/about_the_fund_kgm_pension_fund/,הצבעות באסיפות,https://amitim.com/keren/voting_at_meetings_egged_pension_fund/
2026-09-30T22:38:47+00:00,520022963,"קופת הפנסיה לעובדי הדסה בע""מ",new_item,https://amitim.com/keren/investment_policy_nativ_pension_fund/m/keren/about_the_fund_kgm_pension_fund/m/keren/about_the_fund_kgm_pension_fund/,הצבעות באסיפות,https://amitim.com/keren/voting_at_meetings_hadassah_pension_fund/
2026-09-30T22:38:47+00:00,520022963,"קופת הפנסיה לעובדי הדסה בע""מ",new_item,https://amitim.com/keren/investment_policy_nativ_pension_fund/m/keren/about_the_fund_kgm_pension_fund/m/keren/about_the_fund_kgm_pension_fund/,הפנסיה שלי,https://amitim.com/info-center/retirees/my_pension/
2026-09-30T22:38:47+00:00,520022963,"קופת הפנסיה לעובדי הדסה בע""מ",new_item,https://amitim.com/keren/investment_policy_nativ_pension_fund/m/keren/about_the_fund_kgm_pension_fund/m/keren/about_the_fund_kgm_pension_fund/,החוק לחלוקת חיסכון פנסיוני,https://amitim.com/info-center/amitim/distribution_of_pension_savings/
2026-09-30T22:38:47+00:00,520022963,"קופת הפנסיה לעובדי הדסה בע""מ",new_item,https://amitim.com/keren/investment_policy_nativ_pension_fund/m/keren/about_the_fund_kgm_pension_fund/m/keren/about_the_fund_kgm_pension_fund/,הדסה,https://amitim.com/keren/about-_he_fund_hadassah_pension_fund/
2026-09-30T22:38:47+00:00,520022963,"קופת הפנסיה לעובדי הדסה בע""מ",new_item,https://amitim.com/keren/investment_policy_nativ_pension_fund/m/keren/about_the_fund_kgm_pension_fund/m/keren/about_the_fund_kgm_pension_fund/,דוחות כספיים,https://amitim.com/keren/financial_statements_provident_fund_insurers/
2026-09-30T22:38:47+00:00,520022963,"קופת הפנסיה לעובדי הדסה בע""מ",new_item,https://amitim.com/keren/investment_policy_nativ_pension_fund/m/keren/about_the_fund_kgm_pension_fund/m/keren/about_the_fund_kgm_pension_fund/,דוחות כספיים,https://amitim.com/keren/financial_statements_pension_fund_overview/
2026-09-30T22:38:47+00:00,520022963,"קופת הפנסיה לעובדי הדסה בע""מ",new_item,https://amitim.com/keren/investment_policy_nativ_pension_fund/m/keren/about_the_fund_kgm_pension_fund/m/keren/about_the_fund_kgm_pension_fund/,דוחות כספיים,https://amitim.com/keren/financial_statements_provident_fund_circle/
2026-09-30T22:38:47+00:00,520022963,"קופת הפנסיה לעובדי הדסה בע""מ",new_item,https://amitim.com/keren/investment_policy_nativ_pension_fund/m/keren/about_the_fund_kgm_pension_fund/m/keren/about_the_fund_kgm_pension_fund/,דוחות כספיים,https://amitim.com/keren/financial_statements_kgm_pension_fund/
2026-09-30T22:38:47+00:00,520022963,"קופת הפנסיה לעובדי הדסה בע""מ",new_item,https://amitim.com/keren/investment_policy_nativ_pension_fund/m/keren/about_the_fund_kgm_pension_fund/m/keren/about_the_fund_kgm_pension_fund/,גורמים קשורים,https://amitim.com/keren/related_parties_provident_fund_insurers/
2026-09-30T22:38:47+00:00,520022963,"קופת הפנסיה לעובדי הדסה בע""מ",new_item,https://amitim.com/keren/investment_policy_nativ_pension_fund/m/keren/about_the_fund_kgm_pension_fund/m/keren/about_the_fund_kgm_pension_fund/,גורמים קשורים,https://amitim.com/keren/related_factors_pension_fund_circle/
2026-09-30T22:38:47+00:00,520022963,"קופת הפנסיה לעובדי הדסה בע""מ",new_item,https://amitim.com/keren/investment_policy_nativ_pension_fund/m/keren/about_the_fund_kgm_pension_fund/m/keren/about_the_fund_kgm_pension_fund/,גורמים קשורים,https://amitim.com/keren/related_factors_provident_fund_circle/
2026-09-30T22:38:47+00:00,520022963,"קופת הפנסיה לעובדי הדסה בע""מ",new_item,https://amitim.com/keren/investment_policy_nativ_pension_fund/m/keren/about_the_fund_kgm_pension_fund/m/keren/about_the_fund_kgm_pension_fund/,גורמים קשורים,https://amitim.com/keren/related_entities_farmers_pension_fund/
2026-09-30T22:38:47+00:00,520022963,"קופת הפנסיה לעובדי הדסה בע""מ",new_item,https://amitim.com/keren/investment_policy_nativ_pension_fund/m/keren/about_the_fund_kgm_pension_fund/m/keren/about_the_fund_kgm_pension_fund/,גורמים קשורים,https://amitim.com/keren/related_entities_farmers_provident_fund/
2026-09-30T22:38:47+00:00,520022963,"קופת הפנסיה לעובדי הדסה בע""מ",new_item,https://amitim.com/keren/investment_policy_nativ_pension_fund/m/keren/about_the_fund_kgm_pension_fund/m/keren/about_the_fund_kgm_pension_fund/,גורמים קשורים,https://amitim.com/keren/related_factors_pension_fund_building/
2026-09-30T22:38:47+00:00,520022963,"קופת הפנסיה לעובדי הדסה בע""מ",new_item,https://amitim.com/keren/investment_policy_nativ_pension_fund/m/keren/about_the_fund_kgm_pension_fund/m/keren/about_the_fund_kgm_pension_fund/,גורמים קשורים,https://amitim.com/keren/related_entities_provident_fund_building/
2026-09-30T22:38:47+00:00,520022963,"קופת הפנסיה לעובדי הדסה בע""מ",new_item,https://amitim.com/keren/investment_policy_nativ_pension_fund/m/keren/about_the_fund_kgm_pension_fund/m/keren/about_the_fund_kgm_pension_fund/,גורמים קשורים,https://amitim.com/keren/related_entities_kgm_pension_fund/
2026-09-30T22:38:47+00:00,520022963,"קופת הפנסיה לעובדי הדסה בע""מ",new_item,https://amitim.com/keren/investment_policy_nativ_pension_fund/m/keren/about_the_fund_kgm_pension_fund/m/keren/about_the_fund_kgm_pension_fund/,גורמים קשורים,https://amitim.com/keren/related_entities_nativ_pension_fund/
2026-09-30T22:38:47+00:00,520022963,"קופת הפנסיה לעובדי הדסה בע""מ",new_item,https://amitim.com/keren/investment_policy_nativ_pension_fund/m/keren/about_the_fund_kgm_pension_fund/m/keren/about_the_fund_kgm_pension_fund/,גורמים קשורים,https://amitim.com/keren/related_parties_egged_pension_fund/
2026-09-30T22:38:47+00:00,520022963,"קופת הפנסיה לעובדי הדסה בע""מ",new_item,https://amitim.com/keren/investment_policy_nativ_pension_fund/m/keren/about_the_fund_kgm_pension_fund/m/keren/about_the_fund_kgm_pension_fund/,גורמים קשורים,https://amitim.com/keren/related_entities_hadassah_pension_fund/
2026-09-30T22:38:47+00:00,520022963,"קופת הפנסיה לעובדי הדסה בע""מ",new_item,https://amitim.com/keren/investment_policy_nativ_pension_fund/m/keren/about_the_fund_kgm_pension_fund/m/keren/about_the_fund_kgm_pension_fund/,בניין,https://amitim.com/keren/about_the_fund_pension_fund_building/
2026-09-30T22:38:47+00:00,520022963,"קופת הפנסיה לעובדי הדסה בע""מ",new_item,https://amitim.com/keren/investment_policy_nativ_pension_fund/m/keren/about_the_fund_kgm_pension_fund/m/keren/about_the_fund_kgm_pension_fund/,אודות הקרן,https://amitim.com/keren/about_the_fund_mivtachim_provident_fund/
2026-09-30T22:38:47+00:00,520022963,"קופת הפנסיה לעובדי הדסה בע""מ",new_item,https://amitim.com/keren/investment_policy_nativ_pension_fund/m/keren/about_the_fund_kgm_pension_fund/m/keren/about_the_fund_kgm_pension_fund/,אודות הקרן,https://amitim.com/keren/about_the_fund_makefet_provident_fund/
2026-09-30T22:38:47+00:00,520022963,"קופת הפנסיה לעובדי הדסה בע""מ",new_item,https://amitim.com/keren/investment_policy_nativ_pension_fund/m/keren/about_the_fund_kgm_pension_fund/m/keren/about_the_fund_kgm_pension_fund/,אודות הקופה,https://amitim.com/keren/about_the_fund_farmers_provident_fund/
2026-09-30T22:38:47+00:00,520022963,"קופת הפנסיה לעובדי הדסה בע""מ",new_item,https://amitim.com/keren/investment_policy_nativ_pension_fund/m/keren/about_the_fund_kgm_pension_fund/m/keren/about_the_fund_kgm_pension_fund/,אודות הקופה,https://amitim.com/keren/about_the_fund_provident_fund_building/
2026-09-30T22:38:47+00:00,520022963,"קופת הפנסיה לעובדי הדסה בע""מ",new_item,https://amitim.com/keren/investment_policy_nativ_pension_fund/m/keren/about_the_fund_kgm_pension_fund/m/keren/about_the_fund_kgm_pension_fund/,אגד,https://amitim.com/keren/about_the_fund_egged_pension_fund/
2026-09-30T22:38:47+00:00,520022963,"קופת הפנסיה לעובדי הדסה בע""מ",new_item,https://amitim.com/keren/investment_policy_egged_pension_fund/m/keren/about_the_fund_kgm_pension_fund/m/keren/about_the_fund_kgm_pension_fund/,קצבת שארים,https://amitim.com/info-center/amitim/survivors_pension/
2026-09-30T22:38:47+00:00,520022963,"קופת הפנסיה לעובדי הדסה בע""מ",new_item,https://amitim.com/keren/investment_policy_egged_pension_fund/m/keren/about_the_fund_kgm_pension_fund/m/keren/about_the_fund_kgm_pension_fund/,קצבת נכות,https://amitim.com/info-center/amitim/disability-pension/
2026-09-30T22:38:47+00:00,520022963,"קופת הפנסיה לעובדי הדסה בע""מ",new_item,https://amitim.com/keren/investment_policy_egged_pension_fund/m/keren/about_the_fund_kgm_pension_fund/m/keren/about_the_fund_kgm_pension_fund/,קגמ קרן פנסיה,https://amitim.com/keren/about_the_fund_kgm_pension_fund/
2026-09-30T22:38:47+00:00,520022963,"קופת הפנסיה לעובדי הדסה בע""מ",new_item,https://amitim.com/keren/investment_policy_egged_pension_fund/m/keren/about_the_fund_kgm_pension_fund/m/keren/about_the_fund_kgm_pension_fund/,פרישה לפנסיה,https://amitim.com/info-center/employers/retirement/
2026-09-30T22:38:47+00:00,520022963,"קופת הפנסיה לעובדי הדסה בע""מ",new_item,https://amitim.com/keren/investment_policy_egged_pension_fund/m/keren/about_the_fund_kgm_pension_fund/m/keren/about_the_fund_kgm_pension_fund/,נתיב,https://amitim.com/keren/about_the_fund_nativ_pension_fund/
2026-09-30T22:38:47+00:00,520022963,"קופת הפנסיה לעובדי הדסה בע""מ",new_item,https://amitim.com/keren/investment_policy_egged_pension_fund/m/keren/about_the_fund_kgm_pension_fund/m/keren/about_the_fund_kgm_pension_fund/,נכסי הקרן,https://amitim.com/keren/fund_assets_makefet_pension_fund/
2026-09-30T22:38:47+00:00,520022963,"קופת הפנסיה לעובדי הדסה בע""מ",new_item,https://amitim.com/keren/investment_policy_egged_pension_fund/m/keren/about_the_fund_kgm_pension_fund/m/keren/about_the_fund_kgm_pension_fund/,נכסי הקרן,https://amitim.com/keren/fund_assets_farmers_pension_fund/
2026-09-30T22:38:47+00:00,520022963,"קופת הפנסיה לעובדי הדסה בע""מ",new_item,https://amitim.com/keren/investment_policy_egged_pension_fund/m/keren/about_the_fund_kgm_pension_fund/m/keren/about_the_fund_kgm_pension_fund/,נכסי הקרן,https://amitim.com/keren/fund_assets_pension_fund_building/
2026-09-30T22:38:47+00:00,520022963,"קופת הפנסיה לעובדי הדסה בע""מ",new_item,https://amitim.com/keren/investment_policy_egged_pension_fund/m/keren/about_the_fund_kgm_pension_fund/m/keren/about_the_fund_kgm_pension_fund/,נכסי הקרן,https://amitim.com/keren/fund_assets_kgm_pension_fund/
2026-09-30T22:38:47+00:00,520022963,"קופת הפנסיה לעובדי הדסה בע""מ",new_item,https://amitim.com/keren/investment_policy_egged_pension_fund/m/keren/about_the_fund_kgm_pension_fund/m/keren/about_the_fund_kgm_pension_fund/,נכסי הקרן,https://amitim.com/keren/fund_assets_nativ_pension_fund/
2026-09-30T22:38:47+00:00,520022963,"קופת הפנסיה לעובדי הדסה בע""מ",new_item,https://amitim.com/keren/investment_policy_egged_pension_fund/m/keren/about_the_fund_kgm_pension_fund/m/keren/about_the_fund_kgm_pension_fund/,נכסי הקרן,https://amitim.com/keren/fund_assets_egged_pension_fund/
2026-09-30T22:38:47+00:00,520022963,"קופת הפנסיה לעובדי הדסה בע""מ",new_item,https://amitim.com/keren/investment_policy_egged_pension_fund/m/keren/about_the_fund_kgm_pension_fund/m/keren/about_the_fund_kgm_pension_fund/,נכסי הקרן,https://amitim.com/keren/fund_assets_hadassah_pension_fund/
2026-09-30T22:38:47+00:00,520022963,"קופת הפנסיה לעובדי הדסה בע""מ",new_item,https://amitim.com/keren/investment_policy_egged_pension_fund/m/keren/about_the_fund_kgm_pension_fund/m/keren/about_the_fund_kgm_pension_fund/,נכסי הקופה,https://amitim.com/keren/fund_assets_provident_fund_insurers/
2026-09-30T22:38:47+00:00,520022963,"קופת הפנסיה לעובדי הדסה בע""מ",new_item,https://amitim.com/keren/investment_policy_egged_pension_fund/m/keren/about_the_fund_kgm_pension_fund/m/keren/about_the_fund_kgm_pension_fund/,נכסי הקופה,https://amitim.com/keren/fund_assets_makefet_provident_fund/
2026-09-30T22:38:47+00:00,520022963,"קופת הפנסיה לעובדי הדסה בע""מ",new_item,https://amitim.com/keren/investment_policy_egged_pension_fund/m/keren/about_the_fund_kgm_pension_fund/m/keren/about_the_fund_kgm_pension_fund/,נכסי הקופה,https://amitim.com/keren/fund_assets_farmers_provident_fund/
2026-09-30T22:38:47+00:00,520022963,"קופת הפנסיה לעובדי הדסה בע""מ",new_item,https://amitim.com/keren/investment_policy_egged_pension_fund/m/keren/about_the_fund_kgm_pension_fund/m/keren/about_the_fund_kgm_pension_fund/,נכסי הקופה,https://amitim.com/keren/fund_assets_provident_fund_building/
2026-09-30T22:38:47+00:00,520022963,"קופת הפנסיה לעובדי הדסה בע""מ",new_item,https://amitim.com/keren/investment_policy_egged_pension_fund/m/keren/about_the_fund_kgm_pension_fund/m/keren/about_the_fund_kgm_pension_fund/,משיכת כספים של עמית שנפטר,https://amitim.com/keren/withdrawing_funds_from_a_deceased_colleague_farmers_provident_fund/
2026-09-30T22:38:47+00:00,520022963,"קופת הפנסיה לעובדי הדסה בע""מ",new_item,https://amitim.com/keren/investment_policy_egged_pension_fund/m/keren/about_the_fund_kgm_pension_fund/m/keren/about_the_fund_kgm_pension_fund/,משיכת כספים של עמית שנפטר,https://amitim.com/keren/withdrawing_funds_from_a_deceased-colleague_provident_fund_building/
2026-09-30T22:38:47+00:00,520022963,"קופת הפנסיה לעובדי הדסה בע""מ",new_item,https://amitim.com/keren/investment_policy_egged_pension_fund/m/keren/about_the_fund_kgm_pension_fund/m/keren/about_the_fund_kgm_pension_fund/,מקפת,https://amitim.com/keren/about_the_fund_makefet_pension_fund/
2026-09-30T22:38:47+00:00,520022963,"קופת הפנסיה לעובדי הדסה בע""מ",new_item,https://amitim.com/keren/investment_policy_egged_pension_fund/m/keren/about_the_fund_kgm_pension_fund/m/keren/about_the_fund_kgm_pension_fund/,מידע סטטיסטי,https://amitim.com/keren/statistical_information_pension_insurers/
2026-09-30T22:38:47+00:00,520022963,"קופת הפנסיה לעובדי הדסה בע""מ",new_item,https://amitim.com/keren/investment_policy_egged_pension_fund/m/keren/about_the_fund_kgm_pension_fund/m/keren/about_the_fund_kgm_pension_fund/,מידע סטטיסטי,https://amitim.com/keren/statistical_information_pension_fund_circle/
2026-09-30T22:38:47+00:00,520022963,"קופת הפנסיה לעובדי הדסה בע""מ",new_item,https://amitim.com/keren/investment_policy_egged_pension_fund/m/keren/about_the_fund_kgm_pension_fund/m/keren/about_the_fund_kgm_pension_fund/,מידע סטטיסטי,https://amitim.com/keren/statistical_information_farmers_pension_fund/
2026-09-30T22:38:47+00:00,520022963,"קופת הפנסיה לעובדי הדסה בע""מ",new_item,https://amitim.com/keren/investment_policy_egged_pension_fund/m/keren/about_the_fund_kgm_pension_fund/m/keren/about_the_fund_kgm_pension_fund/,מידע סטטיסטי,https://amitim.com/statistical_information_pension_fund_building/
2026-09-30T22:38:47+00:00,520022963,"קופת הפנסיה לעובדי הדסה בע""מ",new_item,https://amitim.com/keren/investment_policy_egged_pension_fund/m/keren/about_the_fund_kgm_pension_fund/m/keren/about_the_fund_kgm_pension_fund/,מידע סטטיסטי,https://amitim.com/keren/statistical_information_kgm_pension_fund/
2026-09-30T22:38:47+00:00,520022963,"קופת הפנסיה לעובדי הדסה בע""מ",new_item,https://amitim.com/keren/investment_policy_egged_pension_fund/m/keren/about_the_fund_kgm_pension_fund/m/keren/about_the_fund_kgm_pension_fund/,מידע סטטיסטי,https://amitim.com/keren/statistical_information_nativ_pension_fund/
2026-09-30T22:38:47+00:00,520022963,"קופת הפנסיה לעובדי הדסה בע""מ",new_item,https://amitim.com/keren/investment_policy_egged_pension_fund/m/keren/about_the_fund_kgm_pension_fund/m/keren/about_the_fund_kgm_pension_fund/,מידע סטטיסטי,https://amitim.com/keren/statistical_information_egged_pension_fund/
2026-09-30T22:38:47+00:00,520022963,"קופת הפנסיה לעובדי הדסה בע""מ",new_item,https://amitim.com/keren/investment_policy_egged_pension_fund/m/keren/about_the_fund_kgm_pension_fund/m/keren/about_the_fund_kgm_pension_fund/,מידע סטטיסטי,https://amitim.com/keren/statistical_information_hadassah_pension_fund/
2026-09-30T22:38:47+00:00,520022963,"קופת הפנסיה לעובדי הדסה בע""מ",new_item,https://amitim.com/keren/investment_policy_egged_pension_fund/m/keren/about_the_fund_kgm_pension_fund/m/keren/about_the_fund_kgm_pension_fund/,יציאה לפנסיה,https://amitim.com/info-center/amitim/retirement/
2026-09-30T22:38:47+00:00,520022963,"קופת הפנסיה לעובדי הדסה בע""מ",new_item,https://amitim.com/keren/investment_policy_egged_pension_fund/m/keren/about_the_fund_kgm_pension_fund/m/keren/about_the_fund_kgm_pension_fund/,חקלאים,https://amitim.com/keren/about_the_fund_farmers_pension_fund/
2026-09-30T22:38:47+00:00,520022963,"קופת הפנסיה לעובדי הדסה בע""מ",new_item,https://amitim.com/keren/investment_policy_egged_pension_fund/m/keren/about_the_fund_kgm_pension_fund/m/keren/about_the_fund_kgm_pension_fund/,הצבעות באסיפות,https://amitim.com/keren/voting_at_meetings_pension_insurers/
2026-09-30T22:38:47+00:00,520022963,"קופת הפנסיה לעובדי הדסה בע""מ",new_item,https://amitim.com/keren/investment_policy_egged_pension_fund/m/keren/about_the_fund_kgm_pension_fund/m/keren/about_the_fund_kgm_pension_fund/,הצבעות באסיפות,https://amitim.com/keren/voting_at_meetings_provident_insurance/
2026-09-30T22:38:47+00:00,520022963,"קופת הפנסיה לעובדי הדסה בע""מ",new_item,https://amitim.com/keren/investment_policy_egged_pension_fund/m/keren/about_the_fund_kgm_pension_fund/m/keren/about_the_fund_kgm_pension_fund/,הצבעות באסיפות,https://amitim.com/keren/voting_at_meetings_pension_fund_circle/
2026-09-30T22:38:47+00:00,520022963,"קופת הפנסיה לעובדי הדסה בע""מ",new_item,https://amitim.com/keren/investment_policy_egged_pension_fund/m/keren/about_the_fund_kgm_pension_fund/m/keren/about_the_fund_kgm_pension_fund/,הצבעות באסיפות,https://amitim.com/keren/voting_at_meetings_provident_fund_circle/
2026-09-30T22:38:47+00:00,520022963,"קופת הפנסיה לעובדי הדסה בע""מ",new_item,https://amitim.com/keren/investment_policy_egged_pension_fund/m/keren/about_the_fund_kgm_pension_fund/m/keren/about_the_fund_kgm_pension_fund/,הצבעות באסיפות,https://amitim.com/keren/voting_at_meetings_farmers_pension_fund/
2026-09-30T22:38:47+00:00,520022963,"קופת הפנסיה לעובדי הדסה בע""מ",new_item,https://amitim.com/keren/investment_policy_egged_pension_fund/m/keren/about_the_fund_kgm_pension_fund/m/keren/about_the_fund_kgm_pension_fund/,הצבעות באסיפות,https://amitim.com/keren/voting_at_meetings_farmers_provident_fund/
2026-09-30T22:38:47+00:00,520022963,"קופת הפנסיה לעובדי הדסה בע""מ",new_item,https://amitim.com/keren/investment_policy_egged_pension_fund/m/keren/about_the_fund_kgm_pension_fund/m/keren/about_the_fund_kgm_pension_fund/,הצבעות באסיפות,https://amitim.com/keren/voting_at_meetings_pension_fund_building/
2026-09-30T22:38:47+00:00,520022963,"קופת הפנסיה לעובדי הדסה בע""מ",new_item,https://amitim.com/keren/investment_policy_egged_pension_fund/m/keren/about_the_fund_kgm_pension_fund/m/keren/about_the_fund_kgm_pension_fund/,הצבעות באסיפות,https://amitim.com/keren/voting_at_meetings_provident_fund-building/
2026-09-30T22:38:47+00:00,520022963,"קופת הפנסיה לעובדי הדסה בע""מ",new_item,https://amitim.com/keren/investment_policy_egged_pension_fund/m/keren/about_the_fund_kgm_pension_fund/m/keren/about_the_fund_kgm_pension_fund/,הצבעות באסיפות,https://amitim.com/keren/voting_at_meetings_kgm_pension-fund/
2026-09-30T22:38:47+00:00,520022963,"קופת הפנסיה לעובדי הדסה בע""מ",new_item,https://amitim.com/keren/investment_policy_egged_pension_fund/m/keren/about_the_fund_kgm_pension_fund/m/keren/about_the_fund_kgm_pension_fund/,הצבעות באסיפות,https://amitim.com/keren/voting_at_meetings_nativ_pension_fund/
2026-09-30T22:38:47+00:00,520022963,"קופת הפנסיה לעובדי הדסה בע""מ",new_item,https://amitim.com/keren/investment_policy_egged_pension_fund/m/keren/about_the_fund_kgm_pension_fund/m/keren/about_the_fund_kgm_pension_fund/,הצבעות באסיפות,https://amitim.com/keren/voting_at_meetings_egged_pension_fund/
2026-09-30T22:38:47+00:00,520022963,"קופת הפנסיה לעובדי הדסה בע""מ",new_item,https://amitim.com/keren/investment_policy_egged_pension_fund/m/keren/about_the_fund_kgm_pension_fund/m/keren/about_the_fund_kgm_pension_fund/,הצבעות באסיפות,https://amitim.com/keren/voting_at_meetings_hadassah_pension_fund/
2026-09-30T22:38:47+00:00,520022963,"קופת הפנסיה לעובדי הדסה בע""מ",new_item,https://amitim.com/keren/investment_policy_egged_pension_fund/m/keren/about_the_fund_kgm_pension_fund/m/keren/about_the_fund_kgm_pension_fund/,הפנסיה שלי,https://amitim.com/info-center/retirees/my_pension/
2026-09-30T22:38:47+00:00,520022963,"קופת הפנסיה לעובדי הדסה בע""מ",new_item,https://amitim.com/keren/investment_policy_egged_pension_fund/m/keren/about_the_fund_kgm_pension_fund/m/keren/about_the_fund_kgm_pension_fund/,החוק לחלוקת חיסכון פנסיוני,https://amitim.com/info-center/amitim/distribution_of_pension_savings/
2026-09-30T22:38:47+00:00,520022963,"קופת הפנסיה לעובדי הדסה בע""מ",new_item,https://amitim.com/keren/investment_policy_egged_pension_fund/m/keren/about_the_fund_kgm_pension_fund/m/keren/about_the_fund_kgm_pension_fund/,הדסה,https://amitim.com/keren/about-_he_fund_hadassah_pension_fund/
2026-09-30T22:38:47+00:00,520022963,"קופת הפנסיה לעובדי הדסה בע""מ",new_item,https://amitim.com/keren/investment_policy_egged_pension_fund/m/keren/about_the_fund_kgm_pension_fund/m/keren/about_the_fund_kgm_pension_fund/,דוחות כספיים,https://amitim.com/keren/financial_statements_provident_fund_insurers/
2026-09-30T22:38:47+00:00,520022963,"קופת הפנסיה לעובדי הדסה בע""מ",new_item,https://amitim.com/keren/investment_policy_egged_pension_fund/m/keren/about_the_fund_kgm_pension_fund/m/keren/about_the_fund_kgm_pension_fund/,דוחות כספיים,https://amitim.com/keren/financial_statements_pension_fund_overview/
2026-09-30T22:38:47+00:00,520022963,"קופת הפנסיה לעובדי הדסה בע""מ",new_item,https://amitim.com/keren/investment_policy_egged_pension_fund/m/keren/about_the_fund_kgm_pension_fund/m/keren/about_the_fund_kgm_pension_fund/,דוחות כספיים,https://amitim.com/keren/financial_statements_provident_fund_circle/
2026-09-30T22:38:47+00:00,520022963,"קופת הפנסיה לעובדי הדסה בע""מ",new_item,https://amitim.com/keren/investment_policy_egged_pension_fund/m/keren/about_the_fund_kgm_pension_fund/m/keren/about_the_fund_kgm_pension_fund/,דוחות כספיים,https://amitim.com/keren/financial_statements_kgm_pension_fund/
2026-09-30T22:38:47+00:00,520022963,"קופת הפנסיה לעובדי הדסה בע""מ",new_item,https://amitim.com/keren/investment_policy_egged_pension_fund/m/keren/about_the_fund_kgm_pension_fund/m/keren/about_the_fund_kgm_pension_fund/,גורמים קשורים,https://amitim.com/keren/related_parties_provident_fund_insurers/
2026-09-30T22:38:47+00:00,520022963,"קופת הפנסיה לעובדי הדסה בע""מ",new_item,https://amitim.com/keren/investment_policy_egged_pension_fund/m/keren/about_the_fund_kgm_pension_fund/m/keren/about_the_fund_kgm_pension_fund/,גורמים קשורים,https://amitim.com/keren/related_factors_pension_fund_circle/
2026-09-30T22:38:47+00:00,520022963,"קופת הפנסיה לעובדי הדסה בע""מ",new_item,https://amitim.com/keren/investment_policy_egged_pension_fund/m/keren/about_the_fund_kgm_pension_fund/m/keren/about_the_fund_kgm_pension_fund/,גורמים קשורים,https://amitim.com/keren/related_factors_provident_fund_circle/
2026-09-30T22:38:47+00:00,520022963,"קופת הפנסיה לעובדי הדסה בע""מ",new_item,https://amitim.com/keren/investment_policy_egged_pension_fund/m/keren/about_the_fund_kgm_pension_fund/m/keren/about_the_fund_kgm_pension_fund/,גורמים קשורים,https://amitim.com/keren/related_entities_farmers_pension_fund/
2026-09-30T22:38:47+00:00,520022963,"קופת הפנסיה לעובדי הדסה בע""מ",new_item,https://amitim.com/keren/investment_policy_egged_pension_fund/m/keren/about_the_fund_kgm_pension_fund/m/keren/about_the_fund_kgm_pension_fund/,גורמים קשורים,https://amitim.com/keren/related_entities_farmers_provident_fund/
2026-09-30T22:38:47+00:00,520022963,"קופת הפנסיה לעובדי הדסה בע""מ",new_item,https://amitim.com/keren/investment_policy_egged_pension_fund/m/keren/about_the_fund_kgm_pension_fund/m/keren/about_the_fund_kgm_pension_fund/,גורמים קשורים,https://amitim.com/keren/related_factors_pension_fund_building/
2026-09-30T22:38:47+00:00,520022963,"קופת הפנסיה לעובדי הדסה בע""מ",new_item,https://amitim.com/keren/investment_policy_egged_pension_fund/m/keren/about_the_fund_kgm_pension_fund/m/keren/about_the_fund_kgm_pension_fund/,גורמים קשורים,https://amitim.com/keren/related_entities_provident_fund_building/
2026-09-30T22:38:47+00:00,520022963,"קופת הפנסיה לעובדי הדסה בע""מ",new_item,https://amitim.com/keren/investment_policy_egged_pension_fund/m/keren/about_the_fund_kgm_pension_fund/m/keren/about_the_fund_kgm_pension_fund/,גורמים קשורים,https://amitim.com/keren/related_entities_kgm_pension_fund/
2026-09-30T22:38:47+00:00,520022963,"קופת הפנסיה לעובדי הדסה בע""מ",new_item,https://amitim.com/keren/investment_policy_egged_pension_fund/m/keren/about_the_fund_kgm_pension_fund/m/keren/about_the_fund_kgm_pension_fund/,גורמים קשורים,https://amitim.com/keren/related_entities_nativ_pension_fund/
2026-09-30T22:38:47+00:00,520022963,"קופת הפנסיה לעובדי הדסה בע""מ",new_item,https://amitim.com/keren/investment_policy_egged_pension_fund/m/keren/about_the_fund_kgm_pension_fund/m/keren/about_the_fund_kgm_pension_fund/,גורמים קשורים,https://amitim.com/keren/related_parties_egged_pension_fund/
2026-09-30T22:38:47+00:00,520022963,"קופת הפנסיה לעובדי הדסה בע""מ",new_item,https://amitim.com/keren/investment_policy_egged_pension_fund/m/keren/about_the_fund_kgm_pension_fund/m/keren/about_the_fund_kgm_pension_fund/,גורמים קשורים,https://amitim.com/keren/related_entities_hadassah_pension_fund/
2026-09-30T22:38:47+00:00,520022963,"קופת הפנסיה לעובדי הדסה בע""מ",new_item,https://amitim.com/keren/investment_policy_egged_pension_fund/m/keren/about_the_fund_kgm_pension_fund/m/keren/about_the_fund_kgm_pension_fund/,בניין,https://amitim.com/keren/about_the_fund_pension_fund_building/
2026-09-30T22:38:47+00:00,520022963,"קופת הפנסיה לעובדי הדסה בע""מ",new_item,https://amitim.com/keren/investment_policy_egged_pension_fund/m/keren/about_the_fund_kgm_pension_fund/m/keren/about_the_fund_kgm_pension_fund/,אודות הקרן,https://amitim.com/keren/about_the_fund_mivtachim_provident_fund/
2026-09-30T22:38:47+00:00,520022963,"קופת הפנסיה לעובדי הדסה בע""מ",new_item,https://amitim.com/keren/investment_policy_egged_pension_fund/m/keren/about_the_fund_kgm_pension_fund/m/keren/about_the_fund_kgm_pension_fund/,אודות הקרן,https://amitim.com/keren/about_the_fund_makefet_provident_fund/
2026-09-30T22:38:47+00:00,520022963,"קופת הפנסיה לעובדי הדסה בע""מ",new_item,https://amitim.com/keren/investment_policy_egged_pension_fund/m/keren/about_the_fund_kgm_pension_fund/m/keren/about_the_fund_kgm_pension_fund/,אודות הקופה,https://amitim.com/keren/about_the_fund_farmers_provident_fund/
2026-09-30T22:38:47+00:00,520022963,"קופת הפנסיה לעובדי הדסה בע""מ",new_item,https://amitim.com/keren/investment_policy_egged_pension_fund/m/keren/about_the_fund_kgm_pension_fund/m/keren/about_the_fund_kgm_pension_fund/,אודות הקופה,https://amitim.com/keren/about_the_fund_provident_fund_building/
2026-09-30T22:38:47+00:00,520022963,"קופת הפנסיה לעובדי הדסה בע""מ",new_item,https://amitim.com/keren/investment_policy_egged_pension_fund/m/keren/about_the_fund_kgm_pension_fund/m/keren/about_the_fund_kgm_pension_fund/,אגד,https://amitim.com/keren/about_the_fund_egged_pension_fund/
2026-09-30T22:38:47+00:00,520022963,"קופת הפנסיה לעובדי הדסה בע""מ",new_item,https://amitim.com/keren/investment_policy_hadassah_pension_fund/m/keren/about_the_fund_kgm_pension_fund/m/keren/about_the_fund_kgm_pension_fund/,קצבת שארים,https://amitim.com/info-center/amitim/survivors_pension/
2026-09-30T22:38:47+00:00,520022963,"קופת הפנסיה לעובדי הדסה בע""מ",new_item,https://amitim.com/keren/investment_policy_hadassah_pension_fund/m/keren/about_the_fund_kgm_pension_fund/m/keren/about_the_fund_kgm_pension_fund/,קצבת נכות,https://amitim.com/info-center/amitim/disability-pension/
2026-09-30T22:38:47+00:00,520022963,"קופת הפנסיה לעובדי הדסה בע""מ",new_item,https://amitim.com/keren/investment_policy_hadassah_pension_fund/m/keren/about_the_fund_kgm_pension_fund/m/keren/about_the_fund_kgm_pension_fund/,קגמ קרן פנסיה,https://amitim.com/keren/about_the_fund_kgm_pension_fund/
2026-09-30T22:38:47+00:00,520022963,"קופת הפנסיה לעובדי הדסה בע""מ",new_item,https://amitim.com/keren/investment_policy_hadassah_pension_fund/m/keren/about_the_fund_kgm_pension_fund/m/keren/about_the_fund_kgm_pension_fund/,פרישה לפנסיה,https://amitim.com/info-center/employers/retirement/
2026-09-30T22:38:47+00:00,520022963,"קופת הפנסיה לעובדי הדסה בע""מ",new_item,https://amitim.com/keren/investment_policy_hadassah_pension_fund/m/keren/about_the_fund_kgm_pension_fund/m/keren/about_the_fund_kgm_pension_fund/,נתיב,https://amitim.com/keren/about_the_fund_nativ_pension_fund/
2026-09-30T22:38:47+00:00,520022963,"קופת הפנסיה לעובדי הדסה בע""מ",new_item,https://amitim.com/keren/investment_policy_hadassah_pension_fund/m/keren/about_the_fund_kgm_pension_fund/m/keren/about_the_fund_kgm_pension_fund/,נכסי הקרן,https://amitim.com/keren/fund_assets_makefet_pension_fund/
2026-09-30T22:38:47+00:00,520022963,"קופת הפנסיה לעובדי הדסה בע""מ",new_item,https://amitim.com/keren/investment_policy_hadassah_pension_fund/m/keren/about_the_fund_kgm_pension_fund/m/keren/about_the_fund_kgm_pension_fund/,נכסי הקרן,https://amitim.com/keren/fund_assets_farmers_pension_fund/
2026-09-30T22:38:47+00:00,520022963,"קופת הפנסיה לעובדי הדסה בע""מ",new_item,https://amitim.com/keren/investment_policy_hadassah_pension_fund/m/keren/about_the_fund_kgm_pension_fund/m/keren/about_the_fund_kgm_pension_fund/,נכסי הקרן,https://amitim.com/keren/fund_assets_pension_fund_building/
2026-09-30T22:38:47+00:00,520022963,"קופת הפנסיה לעובדי הדסה בע""מ",new_item,https://amitim.com/keren/investment_policy_hadassah_pension_fund/m/keren/about_the_fund_kgm_pension_fund/m/keren/about_the_fund_kgm_pension_fund/,נכסי הקרן,https://amitim.com/keren/fund_assets_kgm_pension_fund/
2026-09-30T22:38:47+00:00,520022963,"קופת הפנסיה לעובדי הדסה בע""מ",new_item,https://amitim.com/keren/investment_policy_hadassah_pension_fund/m/keren/about_the_fund_kgm_pension_fund/m/keren/about_the_fund_kgm_pension_fund/,נכסי הקרן,https://amitim.com/keren/fund_assets_nativ_pension_fund/
2026-09-30T22:38:47+00:00,520022963,"קופת הפנסיה לעובדי הדסה בע""מ",new_item,https://amitim.com/keren/investment_policy_hadassah_pension_fund/m/keren/about_the_fund_kgm_pension_fund/m/keren/about_the_fund_kgm_pension_fund/,נכסי הקרן,https://amitim.com/keren/fund_assets_egged_pension_fund/
2026-09-30T22:38:47+00:00,520022963,"קופת הפנסיה לעובדי הדסה בע""מ",new_item,https://amitim.com/keren/investment_policy_hadassah_pension_fund/m/keren/about_the_fund_kgm_pension_fund/m/keren/about_the_fund_kgm_pension_fund/,נכסי הקרן,https://amitim.com/keren/fund_assets_hadassah_pension_fund/
2026-09-30T22:38:47+00:00,520022963,"קופת הפנסיה לעובדי הדסה בע""מ",new_item,https://amitim.com/keren/investment_policy_hadassah_pension_fund/m/keren/about_the_fund_kgm_pension_fund/m/keren/about_the_fund_kgm_pension_fund/,נכסי הקופה,https://amitim.com/keren/fund_assets_provident_fund_insurers/
2026-09-30T22:38:47+00:00,520022963,"קופת הפנסיה לעובדי הדסה בע""מ",new_item,https://amitim.com/keren/investment_policy_hadassah_pension_fund/m/keren/about_the_fund_kgm_pension_fund/m/keren/about_the_fund_kgm_pension_fund/,נכסי הקופה,https://amitim.com/keren/fund_assets_makefet_provident_fund/
2026-09-30T22:38:47+00:00,520022963,"קופת הפנסיה לעובדי הדסה בע""מ",new_item,https://amitim.com/keren/investment_policy_hadassah_pension_fund/m/keren/about_the_fund_kgm_pension_fund/m/keren/about_the_fund_kgm_pension_fund/,נכסי הקופה,https://amitim.com/keren/fund_assets_farmers_provident_fund/
2026-09-30T22:38:47+00:00,520022963,"קופת הפנסיה לעובדי הדסה בע""מ",new_item,https://amitim.com/keren/investment_policy_hadassah_pension_fund/m/keren/about_the_fund_kgm_pension_fund/m/keren/about_the_fund_kgm_pension_fund/,נכסי הקופה,https://amitim.com/keren/fund_assets_provident_fund_building/
2026-09-30T22:38:47+00:00,520022963,"קופת הפנסיה לעובדי הדסה בע""מ",new_item,https://amitim.com/keren/investment_policy_hadassah_pension_fund/m/keren/about_the_fund_kgm_pension_fund/m/keren/about_the_fund_kgm_pension_fund/,משיכת כספים של עמית שנפטר,https://amitim.com/keren/withdrawing_funds_from_a_deceased_colleague_farmers_provident_fund/
2026-09-30T22:38:47+00:00,520022963,"קופת הפנסיה לעובדי הדסה בע""מ",new_item,https://amitim.com/keren/investment_policy_hadassah_pension_fund/m/keren/about_the_fund_kgm_pension_fund/m/keren/about_the_fund_kgm_pension_fund/,משיכת כספים של עמית שנפטר,https://amitim.com/keren/withdrawing_funds_from_a_deceased-colleague_provident_fund_building/
2026-09-30T22:38:47+00:00,520022963,"קופת הפנסיה לעובדי הדסה בע""מ",new_item,https://amitim.com/keren/investment_policy_hadassah_pension_fund/m/keren/about_the_fund_kgm_pension_fund/m/keren/about_the_fund_kgm_pension_fund/,מקפת,https://amitim.com/keren/about_the_fund_makefet_pension_fund/
2026-09-30T22:38:47+00:00,520022963,"קופת הפנסיה לעובדי הדסה בע""מ",new_item,https://amitim.com/keren/investment_policy_hadassah_pension_fund/m/keren/about_the_fund_kgm_pension_fund/m/keren/about_the_fund_kgm_pension_fund/,מידע סטטיסטי,https://amitim.com/keren/statistical_information_pension_insurers/
2026-09-30T22:38:47+00:00,520022963,"קופת הפנסיה לעובדי הדסה בע""מ",new_item,https://amitim.com/keren/investment_policy_hadassah_pension_fund/m/keren/about_the_fund_kgm_pension_fund/m/keren/about_the_fund_kgm_pension_fund/,מידע סטטיסטי,https://amitim.com/keren/statistical_information_pension_fund_circle/
2026-09-30T22:38:47+00:00,520022963,"קופת הפנסיה לעובדי הדסה בע""מ",new_item,https://amitim.com/keren/investment_policy_hadassah_pension_fund/m/keren/about_the_fund_kgm_pension_fund/m/keren/about_the_fund_kgm_pension_fund/,מידע סטטיסטי,https://amitim.com/keren/statistical_information_farmers_pension_fund/
2026-09-30T22:38:47+00:00,520022963,"קופת הפנסיה לעובדי הדסה בע""מ",new_item,https://amitim.com/keren/investment_policy_hadassah_pension_fund/m/keren/about_the_fund_kgm_pension_fund/m/keren/about_the_fund_kgm_pension_fund/,מידע סטטיסטי,https://amitim.com/statistical_information_pension_fund_building/
2026-09-30T22:38:47+00:00,520022963,"קופת הפנסיה לעובדי הדסה בע""מ",new_item,https://amitim.com/keren/investment_policy_hadassah_pension_fund/m/keren/about_the_fund_kgm_pension_fund/m/keren/about_the_fund_kgm_pension_fund/,מידע סטטיסטי,https://amitim.com/keren/statistical_information_kgm_pension_fund/
2026-09-30T22:38:47+00:00,520022963,"קופת הפנסיה לעובדי הדסה בע""מ",new_item,https://amitim.com/keren/investment_policy_hadassah_pension_fund/m/keren/about_the_fund_kgm_pension_fund/m/keren/about_the_fund_kgm_pension_fund/,מידע סטטיסטי,https://amitim.com/keren/statistical_information_nativ_pension_fund/
2026-09-30T22:38:47+00:00,520022963,"קופת הפנסיה לעובדי הדסה בע""מ",new_item,https://amitim.com/keren/investment_policy_hadassah_pension_fund/m/keren/about_the_fund_kgm_pension_fund/m/keren/about_the_fund_kgm_pension_fund/,מידע סטטיסטי,https://amitim.com/keren/statistical_information_egged_pension_fund/
2026-09-30T22:38:47+00:00,520022963,"קופת הפנסיה לעובדי הדסה בע""מ",new_item,https://amitim.com/keren/investment_policy_hadassah_pension_fund/m/keren/about_the_fund_kgm_pension_fund/m/keren/about_the_fund_kgm_pension_fund/,מידע סטטיסטי,https://amitim.com/keren/statistical_information_hadassah_pension_fund/
2026-09-30T22:38:47+00:00,520022963,"קופת הפנסיה לעובדי הדסה בע""מ",new_item,https://amitim.com/keren/investment_policy_hadassah_pension_fund/m/keren/about_the_fund_kgm_pension_fund/m/keren/about_the_fund_kgm_pension_fund/,יציאה לפנסיה,https://amitim.com/info-center/amitim/retirement/
2026-09-30T22:38:47+00:00,520022963,"קופת הפנסיה לעובדי הדסה בע""מ",new_item,https://amitim.com/keren/investment_policy_hadassah_pension_fund/m/keren/about_the_fund_kgm_pension_fund/m/keren/about_the_fund_kgm_pension_fund/,חקלאים,https://amitim.com/keren/about_the_fund_farmers_pension_fund/
2026-09-30T22:38:47+00:00,520022963,"קופת הפנסיה לעובדי הדסה בע""מ",new_item,https://amitim.com/keren/investment_policy_hadassah_pension_fund/m/keren/about_the_fund_kgm_pension_fund/m/keren/about_the_fund_kgm_pension_fund/,הצבעות באסיפות,https://amitim.com/keren/voting_at_meetings_pension_insurers/
2026-09-30T22:38:47+00:00,520022963,"קופת הפנסיה לעובדי הדסה בע""מ",new_item,https://amitim.com/keren/investment_policy_hadassah_pension_fund/m/keren/about_the_fund_kgm_pension_fund/m/keren/about_the_fund_kgm_pension_fund/,הצבעות באסיפות,https://amitim.com/keren/voting_at_meetings_provident_insurance/
2026-09-30T22:38:47+00:00,520022963,"קופת הפנסיה לעובדי הדסה בע""מ",new_item,https://amitim.com/keren/investment_policy_hadassah_pension_fund/m/keren/about_the_fund_kgm_pension_fund/m/keren/about_the_fund_kgm_pension_fund/,הצבעות באסיפות,https://amitim.com/keren/voting_at_meetings_pension_fund_circle/
2026-09-30T22:38:47+00:00,520022963,"קופת הפנסיה לעובדי הדסה בע""מ",new_item,https://amitim.com/keren/investment_policy_hadassah_pension_fund/m/keren/about_the_fund_kgm_pension_fund/m/keren/about_the_fund_kgm_pension_fund/,הצבעות באסיפות,https://amitim.com/keren/voting_at_meetings_provident_fund_circle/
2026-09-30T22:38:47+00:00,520022963,"קופת הפנסיה לעובדי הדסה בע""מ",new_item,https://amitim.com/keren/investment_policy_hadassah_pension_fund/m/keren/about_the_fund_kgm_pension_fund/m/keren/about_the_fund_kgm_pension_fund/,הצבעות באסיפות,https://amitim.com/keren/voting_at_meetings_farmers_pension_fund/
2026-09-30T22:38:47+00:00,520022963,"קופת הפנסיה לעובדי הדסה בע""מ",new_item,https://amitim.com/keren/investment_policy_hadassah_pension_fund/m/keren/about_the_fund_kgm_pension_fund/m/keren/about_the_fund_kgm_pension_fund/,הצבעות באסיפות,https://amitim.com/keren/voting_at_meetings_farmers_provident_fund/
2026-09-30T22:38:47+00:00,520022963,"קופת הפנסיה לעובדי הדסה בע""מ",new_item,https://amitim.com/keren/investment_policy_hadassah_pension_fund/m/keren/about_the_fund_kgm_pension_fund/m/keren/about_the_fund_kgm_pension_fund/,הצבעות באסיפות,https://amitim.com/keren/voting_at_meetings_pension_fund_building/
2026-09-30T22:38:47+00:00,520022963,"קופת הפנסיה לעובדי הדסה בע""מ",new_item,https://amitim.com/keren/investment_policy_hadassah_pension_fund/m/keren/about_the_fund_kgm_pension_fund/m/keren/about_the_fund_kgm_pension_fund/,הצבעות באסיפות,https://amitim.com/keren/voting_at_meetings_provident_fund-building/
2026-09-30T22:38:47+00:00,520022963,"קופת הפנסיה לעובדי הדסה בע""מ",new_item,https://amitim.com/keren/investment_policy_hadassah_pension_fund/m/keren/about_the_fund_kgm_pension_fund/m/keren/about_the_fund_kgm_pension_fund/,הצבעות באסיפות,https://amitim.com/keren/voting_at_meetings_kgm_pension-fund/
2026-09-30T22:38:47+00:00,520022963,"קופת הפנסיה לעובדי הדסה בע""מ",new_item,https://amitim.com/keren/investment_policy_hadassah_pension_fund/m/keren/about_the_fund_kgm_pension_fund/m/keren/about_the_fund_kgm_pension_fund/,הצבעות באסיפות,https://amitim.com/keren/voting_at_meetings_nativ_pension_fund/
2026-09-30T22:38:47+00:00,520022963,"קופת הפנסיה לעובדי הדסה בע""מ",new_item,https://amitim.com/keren/investment_policy_hadassah_pension_fund/m/keren/about_the_fund_kgm_pension_fund/m/keren/about_the_fund_kgm_pension_fund/,הצבעות באסיפות,https://amitim.com/keren/voting_at_meetings_egged_pension_fund/
2026-09-30T22:38:47+00:00,520022963,"קופת הפנסיה לעובדי הדסה בע""מ",new_item,https://amitim.com/keren/investment_policy_hadassah_pension_fund/m/keren/about_the_fund_kgm_pension_fund/m/keren/about_the_fund_kgm_pension_fund/,הצבעות באסיפות,https://amitim.com/keren/voting_at_meetings_hadassah_pension_fund/
2026-09-30T22:38:47+00:00,520022963,"קופת הפנסיה לעובדי הדסה בע""מ",new_item,https://amitim.com/keren/investment_policy_hadassah_pension_fund/m/keren/about_the_fund_kgm_pension_fund/m/keren/about_the_fund_kgm_pension_fund/,הפנסיה שלי,https://amitim.com/info-center/retirees/my_pension/
2026-09-30T22:38:47+00:00,520022963,"קופת הפנסיה לעובדי הדסה בע""מ",new_item,https://amitim.com/keren/investment_policy_hadassah_pension_fund/m/keren/about_the_fund_kgm_pension_fund/m/keren/about_the_fund_kgm_pension_fund/,החוק לחלוקת חיסכון פנסיוני,https://amitim.com/info-center/amitim/distribution_of_pension_savings/
2026-09-30T22:38:47+00:00,520022963,"קופת הפנסיה לעובדי הדסה בע""מ",new_item,https://amitim.com/keren/investment_policy_hadassah_pension_fund/m/keren/about_the_fund_kgm_pension_fund/m/keren/about_the_fund_kgm_pension_fund/,הדסה,https://amitim.com/keren/about-_he_fund_hadassah_pension_fund/
2026-09-30T22:38:47+00:00,520022963,"קופת הפנסיה לעובדי הדסה בע""מ",new_item,https://amitim.com/keren/investment_policy_hadassah_pension_fund/m/keren/about_the_fund_kgm_pension_fund/m/keren/about_the_fund_kgm_pension_fund/,דוחות כספיים,https://amitim.com/keren/financial_statements_provident_fund_insurers/
2026-09-30T22:38:47+00:00,520022963,"קופת הפנסיה לעובדי הדסה בע""מ",new_item,https://amitim.com/keren/investment_policy_hadassah_pension_fund/m/keren/about_the_fund_kgm_pension_fund/m/keren/about_the_fund_kgm_pension_fund/,דוחות כספיים,https://amitim.com/keren/financial_statements_pension_fund_overview/
2026-09-30T22:38:47+00:00,520022963,"קופת הפנסיה לעובדי הדסה בע""מ",new_item,https://amitim.com/keren/investment_policy_hadassah_pension_fund/m/keren/about_the_fund_kgm_pension_fund/m/keren/about_the_fund_kgm_pension_fund/,דוחות כספיים,https://amitim.com/keren/financial_statements_provident_fund_circle/
2026-09-30T22:38:47+00:00,520022963,"קופת הפנסיה לעובדי הדסה בע""מ",new_item,https://amitim.com/keren/investment_policy_hadassah_pension_fund/m/keren/about_the_fund_kgm_pension_fund/m/keren/about_the_fund_kgm_pension_fund/,דוחות כספיים,https://amitim.com/keren/financial_statements_kgm_pension_fund/
2026-09-30T22:38:47+00:00,520022963,"קופת הפנסיה לעובדי הדסה בע""מ",new_item,https://amitim.com/keren/investment_policy_hadassah_pension_fund/m/keren/about_the_fund_kgm_pension_fund/m/keren/about_the_fund_kgm_pension_fund/,גורמים קשורים,https://amitim.com/keren/related_parties_provident_fund_insurers/
2026-09-30T22:38:47+00:00,520022963,"קופת הפנסיה לעובדי הדסה בע""מ",new_item,https://amitim.com/keren/investment_policy_hadassah_pension_fund/m/keren/about_the_fund_kgm_pension_fund/m/keren/about_the_fund_kgm_pension_fund/,גורמים קשורים,https://amitim.com/keren/related_factors_pension_fund_circle/
2026-09-30T22:38:47+00:00,520022963,"קופת הפנסיה לעובדי הדסה בע""מ",new_item,https://amitim.com/keren/investment_policy_hadassah_pension_fund/m/keren/about_the_fund_kgm_pension_fund/m/keren/about_the_fund_kgm_pension_fund/,גורמים קשורים,https://amitim.com/keren/related_factors_provident_fund_circle/
2026-09-30T22:38:47+00:00,520022963,"קופת הפנסיה לעובדי הדסה בע""מ",new_item,https://amitim.com/keren/investment_policy_hadassah_pension_fund/m/keren/about_the_fund_kgm_pension_fund/m/keren/about_the_fund_kgm_pension_fund/,גורמים קשורים,https://amitim.com/keren/related_entities_farmers_pension_fund/
2026-09-30T22:38:47+00:00,520022963,"קופת הפנסיה לעובדי הדסה בע""מ",new_item,https://amitim.com/keren/investment_policy_hadassah_pension_fund/m/keren/about_the_fund_kgm_pension_fund/m/keren/about_the_fund_kgm_pension_fund/,גורמים קשורים,https://amitim.com/keren/related_entities_farmers_provident_fund/
2026-09-30T22:38:47+00:00,520022963,"קופת הפנסיה לעובדי הדסה בע""מ",new_item,https://amitim.com/keren/investment_policy_hadassah_pension_fund/m/keren/about_the_fund_kgm_pension_fund/m/keren/about_the_fund_kgm_pension_fund/,גורמים קשורים,https://amitim.com/keren/related_factors_pension_fund_building/
2026-09-30T22:38:47+00:00,520022963,"קופת הפנסיה לעובדי הדסה בע""מ",new_item,https://amitim.com/keren/investment_policy_hadassah_pension_fund/m/keren/about_the_fund_kgm_pension_fund/m/keren/about_the_fund_kgm_pension_fund/,גורמים קשורים,https://amitim.com/keren/related_entities_provident_fund_building/
2026-09-30T22:38:47+00:00,520022963,"קופת הפנסיה לעובדי הדסה בע""מ",new_item,https://amitim.com/keren/investment_policy_hadassah_pension_fund/m/keren/about_the_fund_kgm_pension_fund/m/keren/about_the_fund_kgm_pension_fund/,גורמים קשורים,https://amitim.com/keren/related_entities_kgm_pension_fund/
2026-09-30T22:38:47+00:00,520022963,"קופת הפנסיה לעובדי הדסה בע""מ",new_item,https://amitim.com/keren/investment_policy_hadassah_pension_fund/m/keren/about_the_fund_kgm_pension_fund/m/keren/about_the_fund_kgm_pension_fund/,גורמים קשורים,https://amitim.com/keren/related_entities_nativ_pension_fund/
2026-09-30T22:38:47+00:00,520022963,"קופת הפנסיה לעובדי הדסה בע""מ",new_item,https://amitim.com/keren/investment_policy_hadassah_pension_fund/m/keren/about_the_fund_kgm_pension_fund/m/keren/about_the_fund_kgm_pension_fund/,גורמים קשורים,https://amitim.com/keren/related_parties_egged_pension_fund/
2026-09-30T22:38:47+00:00,520022963,"קופת הפנסיה לעובדי הדסה בע""מ",new_item,https://amitim.com/keren/investment_policy_hadassah_pension_fund/m/keren/about_the_fund_kgm_pension_fund/m/keren/about_the_fund_kgm_pension_fund/,גורמים קשורים,https://amitim.com/keren/related_entities_hadassah_pension_fund/
2026-09-30T22:38:47+00:00,520022963,"קופת הפנסיה לעובדי הדסה בע""מ",new_item,https://amitim.com/keren/investment_policy_hadassah_pension_fund/m/keren/about_the_fund_kgm_pension_fund/m/keren/about_the_fund_kgm_pension_fund/,בניין,https://amitim.com/keren/about_the_fund_pension_fund_building/
2026-09-30T22:38:47+00:00,520022963,"קופת הפנסיה לעובדי הדסה בע""מ",new_item,https://amitim.com/keren/investment_policy_hadassah_pension_fund/m/keren/about_the_fund_kgm_pension_fund/m/keren/about_the_fund_kgm_pension_fund/,אודות הקרן,https://amitim.com/keren/about_the_fund_mivtachim_provident_fund/
2026-09-30T22:38:47+00:00,520022963,"קופת הפנסיה לעובדי הדסה בע""מ",new_item,https://amitim.com/keren/investment_policy_hadassah_pension_fund/m/keren/about_the_fund_kgm_pension_fund/m/keren/about_the_fund_kgm_pension_fund/,אודות הקרן,https://amitim.com/keren/about_the_fund_makefet_provident_fund/
2026-09-30T22:38:47+00:00,520022963,"קופת הפנסיה לעובדי הדסה בע""מ",new_item,https://amitim.com/keren/investment_policy_hadassah_pension_fund/m/keren/about_the_fund_kgm_pension_fund/m/keren/about_the_fund_kgm_pension_fund/,אודות הקופה,https://amitim.com/keren/about_the_fund_farmers_provident_fund/
2026-09-30T22:38:47+00:00,520022963,"קופת הפנסיה לעובדי הדסה בע""מ",new_item,https://amitim.com/keren/investment_policy_hadassah_pension_fund/m/keren/about_the_fund_kgm_pension_fund/m/keren/about_the_fund_kgm_pension_fund/,אודות הקופה,https://amitim.com/keren/about_the_fund_provident_fund_building/
2026-09-30T22:38:47+00:00,520022963,"קופת הפנסיה לעובדי הדסה בע""מ",new_item,https://amitim.com/keren/investment_policy_hadassah_pension_fund/m/keren/about_the_fund_kgm_pension_fund/m/keren/about_the_fund_kgm_pension_fund/,אגד,https://amitim.com/keren/about_the_fund_egged_pension_fund/
2026-09-30T22:38:47+00:00,520022963,"קופת הפנסיה לעובדי הדסה בע""מ",new_item,https://amitim.com/keren/investment_policy_provident_insurance/m/keren/about_the_fund_kgm_pension_fund/m/keren/about_the_fund_kgm_pension_fund/,קצבת שארים,https://amitim.com/info-center/amitim/survivors_pension/
2026-09-30T22:38:47+00:00,520022963,"קופת הפנסיה לעובדי הדסה בע""מ",new_item,https://amitim.com/keren/investment_policy_provident_insurance/m/keren/about_the_fund_kgm_pension_fund/m/keren/about_the_fund_kgm_pension_fund/,קצבת נכות,https://amitim.com/info-center/amitim/disability-pension/
2026-09-30T22:38:47+00:00,520022963,"קופת הפנסיה לעובדי הדסה בע""מ",new_item,https://amitim.com/keren/investment_policy_provident_insurance/m/keren/about_the_fund_kgm_pension_fund/m/keren/about_the_fund_kgm_pension_fund/,קגמ קרן פנסיה,https://amitim.com/keren/about_the_fund_kgm_pension_fund/
2026-09-30T22:38:47+00:00,520022963,"קופת הפנסיה לעובדי הדסה בע""מ",new_item,https://amitim.com/keren/investment_policy_provident_insurance/m/keren/about_the_fund_kgm_pension_fund/m/keren/about_the_fund_kgm_pension_fund/,פרישה לפנסיה,https://amitim.com/info-center/employers/retirement/
2026-09-30T22:38:47+00:00,520022963,"קופת הפנסיה לעובדי הדסה בע""מ",new_item,https://amitim.com/keren/investment_policy_provident_insurance/m/keren/about_the_fund_kgm_pension_fund/m/keren/about_the_fund_kgm_pension_fund/,נתיב,https://amitim.com/keren/about_the_fund_nativ_pension_fund/
2026-09-30T22:38:47+00:00,520022963,"קופת הפנסיה לעובדי הדסה בע""מ",new_item,https://amitim.com/keren/investment_policy_provident_insurance/m/keren/about_the_fund_kgm_pension_fund/m/keren/about_the_fund_kgm_pension_fund/,נכסי הקרן,https://amitim.com/keren/fund_assets_makefet_pension_fund/
2026-09-30T22:38:47+00:00,520022963,"קופת הפנסיה לעובדי הדסה בע""מ",new_item,https://amitim.com/keren/investment_policy_provident_insurance/m/keren/about_the_fund_kgm_pension_fund/m/keren/about_the_fund_kgm_pension_fund/,נכסי הקרן,https://amitim.com/keren/fund_assets_farmers_pension_fund/
2026-09-30T22:38:47+00:00,520022963,"קופת הפנסיה לעובדי הדסה בע""מ",new_item,https://amitim.com/keren/investment_policy_provident_insurance/m/keren/about_the_fund_kgm_pension_fund/m/keren/about_the_fund_kgm_pension_fund/,נכסי הקרן,https://amitim.com/keren/fund_assets_pension_fund_building/
2026-09-30T22:38:47+00:00,520022963,"קופת הפנסיה לעובדי הדסה בע""מ",new_item,https://amitim.com/keren/investment_policy_provident_insurance/m/keren/about_the_fund_kgm_pension_fund/m/keren/about_the_fund_kgm_pension_fund/,נכסי הקרן,https://amitim.com/keren/fund_assets_kgm_pension_fund/
2026-09-30T22:38:47+00:00,520022963,"קופת הפנסיה לעובדי הדסה בע""מ",new_item,https://amitim.com/keren/investment_policy_provident_insurance/m/keren/about_the_fund_kgm_pension_fund/m/keren/about_the_fund_kgm_pension_fund/,נכסי הקרן,https://amitim.com/keren/fund_assets_nativ_pension_fund/
2026-09-30T22:38:47+00:00,520022963,"קופת הפנסיה לעובדי הדסה בע""מ",new_item,https://amitim.com/keren/investment_policy_provident_insurance/m/keren/about_the_fund_kgm_pension_fund/m/keren/about_the_fund_kgm_pension_fund/,נכסי הקרן,https://amitim.com/keren/fund_assets_egged_pension_fund/
2026-09-30T22:38:47+00:00,520022963,"קופת הפנסיה לעובדי הדסה בע""מ",new_item,https://amitim.com/keren/investment_policy_provident_insurance/m/keren/about_the_fund_kgm_pension_fund/m/keren/about_the_fund_kgm_pension_fund/,נכסי הקרן,https://amitim.com/keren/fund_assets_hadassah_pension_fund/
2026-09-30T22:38:47+00:00,520022963,"קופת הפנסיה לעובדי הדסה בע""מ",new_item,https://amitim.com/keren/investment_policy_provident_insurance/m/keren/about_the_fund_kgm_pension_fund/m/keren/about_the_fund_kgm_pension_fund/,נכסי הקופה,https://amitim.com/keren/fund_assets_provident_fund_insurers/
2026-09-30T22:38:47+00:00,520022963,"קופת הפנסיה לעובדי הדסה בע""מ",new_item,https://amitim.com/keren/investment_policy_provident_insurance/m/keren/about_the_fund_kgm_pension_fund/m/keren/about_the_fund_kgm_pension_fund/,נכסי הקופה,https://amitim.com/keren/fund_assets_makefet_provident_fund/
2026-09-30T22:38:47+00:00,520022963,"קופת הפנסיה לעובדי הדסה בע""מ",new_item,https://amitim.com/keren/investment_policy_provident_insurance/m/keren/about_the_fund_kgm_pension_fund/m/keren/about_the_fund_kgm_pension_fund/,נכסי הקופה,https://amitim.com/keren/fund_assets_farmers_provident_fund/
2026-09-30T22:38:47+00:00,520022963,"קופת הפנסיה לעובדי הדסה בע""מ",new_item,https://amitim.com/keren/investment_policy_provident_insurance/m/keren/about_the_fund_kgm_pension_fund/m/keren/about_the_fund_kgm_pension_fund/,נכסי הקופה,https://amitim.com/keren/fund_assets_provident_fund_building/
2026-09-30T22:38:47+00:00,520022963,"קופת הפנסיה לעובדי הדסה בע""מ",new_item,https://amitim.com/keren/investment_policy_provident_insurance/m/keren/about_the_fund_kgm_pension_fund/m/keren/about_the_fund_kgm_pension_fund/,משיכת כספים של עמית שנפטר,https://amitim.com/keren/withdrawing_funds_from_a_deceased_colleague_farmers_provident_fund/
2026-09-30T22:38:47+00:00,520022963,"קופת הפנסיה לעובדי הדסה בע""מ",new_item,https://amitim.com/keren/investment_policy_provident_insurance/m/keren/about_the_fund_kgm_pension_fund/m/keren/about_the_fund_kgm_pension_fund/,משיכת כספים של עמית שנפטר,https://amitim.com/keren/withdrawing_funds_from_a_deceased-colleague_provident_fund_building/
2026-09-30T22:38:47+00:00,520022963,"קופת הפנסיה לעובדי הדסה בע""מ",new_item,https://amitim.com/keren/investment_policy_provident_insurance/m/keren/about_the_fund_kgm_pension_fund/m/keren/about_the_fund_kgm_pension_fund/,מקפת,https://amitim.com/keren/about_the_fund_makefet_pension_fund/
2026-09-30T22:38:47+00:00,520022963,"קופת הפנסיה לעובדי הדסה בע""מ",new_item,https://amitim.com/keren/investment_policy_provident_insurance/m/keren/about_the_fund_kgm_pension_fund/m/keren/about_the_fund_kgm_pension_fund/,מידע סטטיסטי,https://amitim.com/keren/statistical_information_pension_insurers/
2026-09-30T22:38:47+00:00,520022963,"קופת הפנסיה לעובדי הדסה בע""מ",new_item,https://amitim.com/keren/investment_policy_provident_insurance/m/keren/about_the_fund_kgm_pension_fund/m/keren/about_the_fund_kgm_pension_fund/,מידע סטטיסטי,https://amitim.com/keren/statistical_information_pension_fund_circle/
2026-09-30T22:38:47+00:00,520022963,"קופת הפנסיה לעובדי הדסה בע""מ",new_item,https://amitim.com/keren/investment_policy_provident_insurance/m/keren/about_the_fund_kgm_pension_fund/m/keren/about_the_fund_kgm_pension_fund/,מידע סטטיסטי,https://amitim.com/keren/statistical_information_farmers_pension_fund/
2026-09-30T22:38:47+00:00,520022963,"קופת הפנסיה לעובדי הדסה בע""מ",new_item,https://amitim.com/keren/investment_policy_provident_insurance/m/keren/about_the_fund_kgm_pension_fund/m/keren/about_the_fund_kgm_pension_fund/,מידע סטטיסטי,https://amitim.com/statistical_information_pension_fund_building/
2026-09-30T22:38:47+00:00,520022963,"קופת הפנסיה לעובדי הדסה בע""מ",new_item,https://amitim.com/keren/investment_policy_provident_insurance/m/keren/about_the_fund_kgm_pension_fund/m/keren/about_the_fund_kgm_pension_fund/,מידע סטטיסטי,https://amitim.com/keren/statistical_information_kgm_pension_fund/
2026-09-30T22:38:47+00:00,520022963,"קופת הפנסיה לעובדי הדסה בע""מ",new_item,https://amitim.com/keren/investment_policy_provident_insurance/m/keren/about_the_fund_kgm_pension_fund/m/keren/about_the_fund_kgm_pension_fund/,מידע סטטיסטי,https://amitim.com/keren/statistical_information_nativ_pension_fund/
2026-09-30T22:38:47+00:00,520022963,"קופת הפנסיה לעובדי הדסה בע""מ",new_item,https://amitim.com/keren/investment_policy_provident_insurance/m/keren/about_the_fund_kgm_pension_fund/m/keren/about_the_fund_kgm_pension_fund/,מידע סטטיסטי,https://amitim.com/keren/statistical_information_egged_pension_fund/
2026-09-30T22:38:47+00:00,520022963,"קופת הפנסיה לעובדי הדסה בע""מ",new_item,https://amitim.com/keren/investment_policy_provident_insurance/m/keren/about_the_fund_kgm_pension_fund/m/keren/about_the_fund_kgm_pension_fund/,מידע סטטיסטי,https://amitim.com/keren/statistical_information_hadassah_pension_fund/
2026-09-30T22:38:47+00:00,520022963,"קופת הפנסיה לעובדי הדסה בע""מ",new_item,https://amitim.com/keren/investment_policy_provident_insurance/m/keren/about_the_fund_kgm_pension_fund/m/keren/about_the_fund_kgm_pension_fund/,יציאה לפנסיה,https://amitim.com/info-center/amitim/retirement/
2026-09-30T22:38:47+00:00,520022963,"קופת הפנסיה לעובדי הדסה בע""מ",new_item,https://amitim.com/keren/investment_policy_provident_insurance/m/keren/about_the_fund_kgm_pension_fund/m/keren/about_the_fund_kgm_pension_fund/,חקלאים,https://amitim.com/keren/about_the_fund_farmers_pension_fund/
2026-09-30T22:38:47+00:00,520022963,"קופת הפנסיה לעובדי הדסה בע""מ",new_item,https://amitim.com/keren/investment_policy_provident_insurance/m/keren/about_the_fund_kgm_pension_fund/m/keren/about_the_fund_kgm_pension_fund/,הצבעות באסיפות,https://amitim.com/keren/voting_at_meetings_pension_insurers/
2026-09-30T22:38:47+00:00,520022963,"קופת הפנסיה לעובדי הדסה בע""מ",new_item,https://amitim.com/keren/investment_policy_provident_insurance/m/keren/about_the_fund_kgm_pension_fund/m/keren/about_the_fund_kgm_pension_fund/,הצבעות באסיפות,https://amitim.com/keren/voting_at_meetings_provident_insurance/
2026-09-30T22:38:47+00:00,520022963,"קופת הפנסיה לעובדי הדסה בע""מ",new_item,https://amitim.com/keren/investment_policy_provident_insurance/m/keren/about_the_fund_kgm_pension_fund/m/keren/about_the_fund_kgm_pension_fund/,הצבעות באסיפות,https://amitim.com/keren/voting_at_meetings_pension_fund_circle/
2026-09-30T22:38:47+00:00,520022963,"קופת הפנסיה לעובדי הדסה בע""מ",new_item,https://amitim.com/keren/investment_policy_provident_insurance/m/keren/about_the_fund_kgm_pension_fund/m/keren/about_the_fund_kgm_pension_fund/,הצבעות באסיפות,https://amitim.com/keren/voting_at_meetings_provident_fund_circle/
2026-09-30T22:38:47+00:00,520022963,"קופת הפנסיה לעובדי הדסה בע""מ",new_item,https://amitim.com/keren/investment_policy_provident_insurance/m/keren/about_the_fund_kgm_pension_fund/m/keren/about_the_fund_kgm_pension_fund/,הצבעות באסיפות,https://amitim.com/keren/voting_at_meetings_farmers_pension_fund/
2026-09-30T22:38:47+00:00,520022963,"קופת הפנסיה לעובדי הדסה בע""מ",new_item,https://amitim.com/keren/investment_policy_provident_insurance/m/keren/about_the_fund_kgm_pension_fund/m/keren/about_the_fund_kgm_pension_fund/,הצבעות באסיפות,https://amitim.com/keren/voting_at_meetings_farmers_provident_fund/
2026-09-30T22:38:47+00:00,520022963,"קופת הפנסיה לעובדי הדסה בע""מ",new_item,https://amitim.com/keren/investment_policy_provident_insurance/m/keren/about_the_fund_kgm_pension_fund/m/keren/about_the_fund_kgm_pension_fund/,הצבעות באסיפות,https://amitim.com/keren/voting_at_meetings_pension_fund_building/
2026-09-30T22:38:47+00:00,520022963,"קופת הפנסיה לעובדי הדסה בע""מ",new_item,https://amitim.com/keren/investment_policy_provident_insurance/m/keren/about_the_fund_kgm_pension_fund/m/keren/about_the_fund_kgm_pension_fund/,הצבעות באסיפות,https://amitim.com/keren/voting_at_meetings_provident_fund-building/
2026-09-30T22:38:47+00:00,520022963,"קופת הפנסיה לעובדי הדסה בע""מ",new_item,https://amitim.com/keren/investment_policy_provident_insurance/m/keren/about_the_fund_kgm_pension_fund/m/keren/about_the_fund_kgm_pension_fund/,הצבעות באסיפות,https://amitim.com/keren/voting_at_meetings_kgm_pension-fund/
2026-09-30T22:38:47+00:00,520022963,"קופת הפנסיה לעובדי הדסה בע""מ",new_item,https://amitim.com/keren/investment_policy_provident_insurance/m/keren/about_the_fund_kgm_pension_fund/m/keren/about_the_fund_kgm_pension_fund/,הצבעות באסיפות,https://amitim.com/keren/voting_at_meetings_nativ_pension_fund/
2026-09-30T22:38:47+00:00,520022963,"קופת הפנסיה לעובדי הדסה בע""מ",new_item,https://amitim.com/keren/investment_policy_provident_insurance/m/keren/about_the_fund_kgm_pension_fund/m/keren/about_the_fund_kgm_pension_fund/,הצבעות באסיפות,https://amitim.com/keren/voting_at_meetings_egged_pension_fund/
2026-09-30T22:38:47+00:00,520022963,"קופת הפנסיה לעובדי הדסה בע""מ",new_item,https://amitim.com/keren/investment_policy_provident_insurance/m/keren/about_the_fund_kgm_pension_fund/m/keren/about_the_fund_kgm_pension_fund/,הצבעות באסיפות,https://amitim.com/keren/voting_at_meetings_hadassah_pension_fund/
2026-09-30T22:38:47+00:00,520022963,"קופת הפנסיה לעובדי הדסה בע""מ",new_item,https://amitim.com/keren/investment_policy_provident_insurance/m/keren/about_the_fund_kgm_pension_fund/m/keren/about_the_fund_kgm_pension_fund/,הפנסיה שלי,https://amitim.com/info-center/retirees/my_pension/
2026-09-30T22:38:47+00:00,520022963,"קופת הפנסיה לעובדי הדסה בע""מ",new_item,https://amitim.com/keren/investment_policy_provident_insurance/m/keren/about_the_fund_kgm_pension_fund/m/keren/about_the_fund_kgm_pension_fund/,החוק לחלוקת חיסכון פנסיוני,https://amitim.com/info-center/amitim/distribution_of_pension_savings/
2026-09-30T22:38:47+00:00,520022963,"קופת הפנסיה לעובדי הדסה בע""מ",new_item,https://amitim.com/keren/investment_policy_provident_insurance/m/keren/about_the_fund_kgm_pension_fund/m/keren/about_the_fund_kgm_pension_fund/,הדסה,https://amitim.com/keren/about-_he_fund_hadassah_pension_fund/
2026-09-30T22:38:47+00:00,520022963,"קופת הפנסיה לעובדי הדסה בע""מ",new_item,https://amitim.com/keren/investment_policy_provident_insurance/m/keren/about_the_fund_kgm_pension_fund/m/keren/about_the_fund_kgm_pension_fund/,דוחות כספיים,https://amitim.com/keren/financial_statements_provident_fund_insurers/
2026-09-30T22:38:47+00:00,520022963,"קופת הפנסיה לעובדי הדסה בע""מ",new_item,https://amitim.com/keren/investment_policy_provident_insurance/m/keren/about_the_fund_kgm_pension_fund/m/keren/about_the_fund_kgm_pension_fund/,דוחות כספיים,https://amitim.com/keren/financial_statements_pension_fund_overview/
2026-09-30T22:38:47+00:00,520022963,"קופת הפנסיה לעובדי הדסה בע""מ",new_item,https://amitim.com/keren/investment_policy_provident_insurance/m/keren/about_the_fund_kgm_pension_fund/m/keren/about_the_fund_kgm_pension_fund/,דוחות כספיים,https://amitim.com/keren/financial_statements_provident_fund_circle/
2026-09-30T22:38:47+00:00,520022963,"קופת הפנסיה לעובדי הדסה בע""מ",new_item,https://amitim.com/keren/investment_policy_provident_insurance/m/keren/about_the_fund_kgm_pension_fund/m/keren/about_the_fund_kgm_pension_fund/,דוחות כספיים,https://amitim.com/keren/financial_statements_kgm_pension_fund/
2026-09-30T22:38:47+00:00,520022963,"קופת הפנסיה לעובדי הדסה בע""מ",new_item,https://amitim.com/keren/investment_policy_provident_insurance/m/keren/about_the_fund_kgm_pension_fund/m/keren/about_the_fund_kgm_pension_fund/,גורמים קשורים,https://amitim.com/keren/related_parties_provident_fund_insurers/
2026-09-30T22:38:47+00:00,520022963,"קופת הפנסיה לעובדי הדסה בע""מ",new_item,https://amitim.com/keren/investment_policy_provident_insurance/m/keren/about_the_fund_kgm_pension_fund/m/keren/about_the_fund_kgm_pension_fund/,גורמים קשורים,https://amitim.com/keren/related_factors_pension_fund_circle/
2026-09-30T22:38:47+00:00,520022963,"קופת הפנסיה לעובדי הדסה בע""מ",new_item,https://amitim.com/keren/investment_policy_provident_insurance/m/keren/about_the_fund_kgm_pension_fund/m/keren/about_the_fund_kgm_pension_fund/,גורמים קשורים,https://amitim.com/keren/related_factors_provident_fund_circle/
2026-09-30T22:38:47+00:00,520022963,"קופת הפנסיה לעובדי הדסה בע""מ",new_item,https://amitim.com/keren/investment_policy_provident_insurance/m/keren/about_the_fund_kgm_pension_fund/m/keren/about_the_fund_kgm_pension_fund/,גורמים קשורים,https://amitim.com/keren/related_entities_farmers_pension_fund/
2026-09-30T22:38:47+00:00,520022963,"קופת הפנסיה לעובדי הדסה בע""מ",new_item,https://amitim.com/keren/investment_policy_provident_insurance/m/keren/about_the_fund_kgm_pension_fund/m/keren/about_the_fund_kgm_pension_fund/,גורמים קשורים,https://amitim.com/keren/related_entities_farmers_provident_fund/
2026-09-30T22:38:47+00:00,520022963,"קופת הפנסיה לעובדי הדסה בע""מ",new_item,https://amitim.com/keren/investment_policy_provident_insurance/m/keren/about_the_fund_kgm_pension_fund/m/keren/about_the_fund_kgm_pension_fund/,גורמים קשורים,https://amitim.com/keren/related_factors_pension_fund_building/
2026-09-30T22:38:47+00:00,520022963,"קופת הפנסיה לעובדי הדסה בע""מ",new_item,https://amitim.com/keren/investment_policy_provident_insurance/m/keren/about_the_fund_kgm_pension_fund/m/keren/about_the_fund_kgm_pension_fund/,גורמים קשורים,https://amitim.com/keren/related_entities_provident_fund_building/
2026-09-30T22:38:47+00:00,520022963,"קופת הפנסיה לעובדי הדסה בע""מ",new_item,https://amitim.com/keren/investment_policy_provident_insurance/m/keren/about_the_fund_kgm_pension_fund/m/keren/about_the_fund_kgm_pension_fund/,גורמים קשורים,https://amitim.com/keren/related_entities_kgm_pension_fund/
2026-09-30T22:38:47+00:00,520022963,"קופת הפנסיה לעובדי הדסה בע""מ",new_item,https://amitim.com/keren/investment_policy_provident_insurance/m/keren/about_the_fund_kgm_pension_fund/m/keren/about_the_fund_kgm_pension_fund/,גורמים קשורים,https://amitim.com/keren/related_entities_nativ_pension_fund/
2026-09-30T22:38:47+00:00,520022963,"קופת הפנסיה לעובדי הדסה בע""מ",new_item,https://amitim.com/keren/investment_policy_provident_insurance/m/keren/about_the_fund_kgm_pension_fund/m/keren/about_the_fund_kgm_pension_fund/,גורמים קשורים,https://amitim.com/keren/related_parties_egged_pension_fund/
2026-09-30T22:38:47+00:00,520022963,"קופת הפנסיה לעובדי הדסה בע""מ",new_item,https://amitim.com/keren/investment_policy_provident_insurance/m/keren/about_the_fund_kgm_pension_fund/m/keren/about_the_fund_kgm_pension_fund/,גורמים קשורים,https://amitim.com/keren/related_entities_hadassah_pension_fund/
2026-09-30T22:38:47+00:00,520022963,"קופת הפנסיה לעובדי הדסה בע""מ",new_item,https://amitim.com/keren/investment_policy_provident_insurance/m/keren/about_the_fund_kgm_pension_fund/m/keren/about_the_fund_kgm_pension_fund/,בניין,https://amitim.com/keren/about_the_fund_pension_fund_building/
2026-09-30T22:38:47+00:00,520022963,"קופת הפנסיה לעובדי הדסה בע""מ",new_item,https://amitim.com/keren/investment_policy_provident_insurance/m/keren/about_the_fund_kgm_pension_fund/m/keren/about_the_fund_kgm_pension_fund/,אודות הקרן,https://amitim.com/keren/about_the_fund_mivtachim_provident_fund/
2026-09-30T22:38:47+00:00,520022963,"קופת הפנסיה לעובדי הדסה בע""מ",new_item,https://amitim.com/keren/investment_policy_provident_insurance/m/keren/about_the_fund_kgm_pension_fund/m/keren/about_the_fund_kgm_pension_fund/,אודות הקרן,https://amitim.com/keren/about_the_fund_makefet_provident_fund/
2026-09-30T22:38:47+00:00,520022963,"קופת הפנסיה לעובדי הדסה בע""מ",new_item,https://amitim.com/keren/investment_policy_provident_insurance/m/keren/about_the_fund_kgm_pension_fund/m/keren/about_the_fund_kgm_pension_fund/,אודות הקופה,https://amitim.com/keren/about_the_fund_farmers_provident_fund/
2026-09-30T22:38:47+00:00,520022963,"קופת הפנסיה לעובדי הדסה בע""מ",new_item,https://amitim.com/keren/investment_policy_provident_insurance/m/keren/about_the_fund_kgm_pension_fund/m/keren/about_the_fund_kgm_pension_fund/,אודות הקופה,https://amitim.com/keren/about_the_fund_provident_fund_building/
2026-09-30T22:38:47+00:00,520022963,"קופת הפנסיה לעובדי הדסה בע""מ",new_item,https://amitim.com/keren/investment_policy_provident_insurance/m/keren/about_the_fund_kgm_pension_fund/m/keren/about_the_fund_kgm_pension_fund/,אגד,https://amitim.com/keren/about_the_fund_egged_pension_fund/
2026-09-30T22:38:47+00:00,520022963,"קופת הפנסיה לעובדי הדסה בע""מ",new_item,https://amitim.com/keren/investment_policy_makefet_provident_fund/m/keren/about_the_fund_kgm_pension_fund/m/keren/about_the_fund_kgm_pension_fund/,קצבת שארים,https://amitim.com/info-center/amitim/survivors_pension/
2026-09-30T22:38:47+00:00,520022963,"קופת הפנסיה לעובדי הדסה בע""מ",new_item,https://amitim.com/keren/investment_policy_makefet_provident_fund/m/keren/about_the_fund_kgm_pension_fund/m/keren/about_the_fund_kgm_pension_fund/,קצבת נכות,https://amitim.com/info-center/amitim/disability-pension/
2026-09-30T22:38:47+00:00,520022963,"קופת הפנסיה לעובדי הדסה בע""מ",new_item,https://amitim.com/keren/investment_policy_makefet_provident_fund/m/keren/about_the_fund_kgm_pension_fund/m/keren/about_the_fund_kgm_pension_fund/,קגמ קרן פנסיה,https://amitim.com/keren/about_the_fund_kgm_pension_fund/
2026-09-30T22:38:47+00:00,520022963,"קופת הפנסיה לעובדי הדסה בע""מ",new_item,https://amitim.com/keren/investment_policy_makefet_provident_fund/m/keren/about_the_fund_kgm_pension_fund/m/keren/about_the_fund_kgm_pension_fund/,פרישה לפנסיה,https://amitim.com/info-center/employers/retirement/
2026-09-30T22:38:47+00:00,520022963,"קופת הפנסיה לעובדי הדסה בע""מ",new_item,https://amitim.com/keren/investment_policy_makefet_provident_fund/m/keren/about_the_fund_kgm_pension_fund/m/keren/about_the_fund_kgm_pension_fund/,נתיב,https://amitim.com/keren/about_the_fund_nativ_pension_fund/
2026-09-30T22:38:47+00:00,520022963,"קופת הפנסיה לעובדי הדסה בע""מ",new_item,https://amitim.com/keren/investment_policy_makefet_provident_fund/m/keren/about_the_fund_kgm_pension_fund/m/keren/about_the_fund_kgm_pension_fund/,נכסי הקרן,https://amitim.com/keren/fund_assets_makefet_pension_fund/
2026-09-30T22:38:47+00:00,520022963,"קופת הפנסיה לעובדי הדסה בע""מ",new_item,https://amitim.com/keren/investment_policy_makefet_provident_fund/m/keren/about_the_fund_kgm_pension_fund/m/keren/about_the_fund_kgm_pension_fund/,נכסי הקרן,https://amitim.com/keren/fund_assets_farmers_pension_fund/
2026-09-30T22:38:47+00:00,520022963,"קופת הפנסיה לעובדי הדסה בע""מ",new_item,https://amitim.com/keren/investment_policy_makefet_provident_fund/m/keren/about_the_fund_kgm_pension_fund/m/keren/about_the_fund_kgm_pension_fund/,נכסי הקרן,https://amitim.com/keren/fund_assets_pension_fund_building/
2026-09-30T22:38:47+00:00,520022963,"קופת הפנסיה לעובדי הדסה בע""מ",new_item,https://amitim.com/keren/investment_policy_makefet_provident_fund/m/keren/about_the_fund_kgm_pension_fund/m/keren/about_the_fund_kgm_pension_fund/,נכסי הקרן,https://amitim.com/keren/fund_assets_kgm_pension_fund/
2026-09-30T22:38:47+00:00,520022963,"קופת הפנסיה לעובדי הדסה בע""מ",new_item,https://amitim.com/keren/investment_policy_makefet_provident_fund/m/keren/about_the_fund_kgm_pension_fund/m/keren/about_the_fund_kgm_pension_fund/,נכסי הקרן,https://amitim.com/keren/fund_assets_nativ_pension_fund/
2026-09-30T22:38:47+00:00,520022963,"קופת הפנסיה לעובדי הדסה בע""מ",new_item,https://amitim.com/keren/investment_policy_makefet_provident_fund/m/keren/about_the_fund_kgm_pension_fund/m/keren/about_the_fund_kgm_pension_fund/,נכסי הקרן,https://amitim.com/keren/fund_assets_egged_pension_fund/
2026-09-30T22:38:47+00:00,520022963,"קופת הפנסיה לעובדי הדסה בע""מ",new_item,https://amitim.com/keren/investment_policy_makefet_provident_fund/m/keren/about_the_fund_kgm_pension_fund/m/keren/about_the_fund_kgm_pension_fund/,נכסי הקרן,https://amitim.com/keren/fund_assets_hadassah_pension_fund/
2026-09-30T22:38:47+00:00,520022963,"קופת הפנסיה לעובדי הדסה בע""מ",new_item,https://amitim.com/keren/investment_policy_makefet_provident_fund/m/keren/about_the_fund_kgm_pension_fund/m/keren/about_the_fund_kgm_pension_fund/,נכסי הקופה,https://amitim.com/keren/fund_assets_provident_fund_insurers/
2026-09-30T22:38:47+00:00,520022963,"קופת הפנסיה לעובדי הדסה בע""מ",new_item,https://amitim.com/keren/investment_policy_makefet_provident_fund/m/keren/about_the_fund_kgm_pension_fund/m/keren/about_the_fund_kgm_pension_fund/,נכסי הקופה,https://amitim.com/keren/fund_assets_makefet_provident_fund/
2026-09-30T22:38:47+00:00,520022963,"קופת הפנסיה לעובדי הדסה בע""מ",new_item,https://amitim.com/keren/investment_policy_makefet_provident_fund/m/keren/about_the_fund_kgm_pension_fund/m/keren/about_the_fund_kgm_pension_fund/,נכסי הקופה,https://amitim.com/keren/fund_assets_farmers_provident_fund/
2026-09-30T22:38:47+00:00,520022963,"קופת הפנסיה לעובדי הדסה בע""מ",new_item,https://amitim.com/keren/investment_policy_makefet_provident_fund/m/keren/about_the_fund_kgm_pension_fund/m/keren/about_the_fund_kgm_pension_fund/,נכסי הקופה,https://amitim.com/keren/fund_assets_provident_fund_building/
2026-09-30T22:38:47+00:00,520022963,"קופת הפנסיה לעובדי הדסה בע""מ",new_item,https://amitim.com/keren/investment_policy_makefet_provident_fund/m/keren/about_the_fund_kgm_pension_fund/m/keren/about_the_fund_kgm_pension_fund/,משיכת כספים של עמית שנפטר,https://amitim.com/keren/withdrawing_funds_from_a_deceased_colleague_farmers_provident_fund/
2026-09-30T22:38:47+00:00,520022963,"קופת הפנסיה לעובדי הדסה בע""מ",new_item,https://amitim.com/keren/investment_policy_makefet_provident_fund/m/keren/about_the_fund_kgm_pension_fund/m/keren/about_the_fund_kgm_pension_fund/,משיכת כספים של עמית שנפטר,https://amitim.com/keren/withdrawing_funds_from_a_deceased-colleague_provident_fund_building/
2026-09-30T22:38:47+00:00,520022963,"קופת הפנסיה לעובדי הדסה בע""מ",new_item,https://amitim.com/keren/investment_policy_makefet_provident_fund/m/keren/about_the_fund_kgm_pension_fund/m/keren/about_the_fund_kgm_pension_fund/,מקפת,https://amitim.com/keren/about_the_fund_makefet_pension_fund/
2026-09-30T22:38:47+00:00,520022963,"קופת הפנסיה לעובדי הדסה בע""מ",new_item,https://amitim.com/keren/investment_policy_makefet_provident_fund/m/keren/about_the_fund_kgm_pension_fund/m/keren/about_the_fund_kgm_pension_fund/,מידע סטטיסטי,https://amitim.com/keren/statistical_information_pension_insurers/
2026-09-30T22:38:47+00:00,520022963,"קופת הפנסיה לעובדי הדסה בע""מ",new_item,https://amitim.com/keren/investment_policy_makefet_provident_fund/m/keren/about_the_fund_kgm_pension_fund/m/keren/about_the_fund_kgm_pension_fund/,מידע סטטיסטי,https://amitim.com/keren/statistical_information_pension_fund_circle/
2026-09-30T22:38:47+00:00,520022963,"קופת הפנסיה לעובדי הדסה בע""מ",new_item,https://amitim.com/keren/investment_policy_makefet_provident_fund/m/keren/about_the_fund_kgm_pension_fund/m/keren/about_the_fund_kgm_pension_fund/,מידע סטטיסטי,https://amitim.com/keren/statistical_information_farmers_pension_fund/
2026-09-30T22:38:47+00:00,520022963,"קופת הפנסיה לעובדי הדסה בע""מ",new_item,https://amitim.com/keren/investment_policy_makefet_provident_fund/m/keren/about_the_fund_kgm_pension_fund/m/keren/about_the_fund_kgm_pension_fund/,מידע סטטיסטי,https://amitim.com/statistical_information_pension_fund_building/
2026-09-30T22:38:47+00:00,520022963,"קופת הפנסיה לעובדי הדסה בע""מ",new_item,https://amitim.com/keren/investment_policy_makefet_provident_fund/m/keren/about_the_fund_kgm_pension_fund/m/keren/about_the_fund_kgm_pension_fund/,מידע סטטיסטי,https://amitim.com/keren/statistical_information_kgm_pension_fund/
2026-09-30T22:38:47+00:00,520022963,"קופת הפנסיה לעובדי הדסה בע""מ",new_item,https://amitim.com/keren/investment_policy_makefet_provident_fund/m/keren/about_the_fund_kgm_pension_fund/m/keren/about_the_fund_kgm_pension_fund/,מידע סטטיסטי,https://amitim.com/keren/statistical_information_nativ_pension_fund/
2026-09-30T22:38:47+00:00,520022963,"קופת הפנסיה לעובדי הדסה בע""מ",new_item,https://amitim.com/keren/investment_policy_makefet_provident_fund/m/keren/about_the_fund_kgm_pension_fund/m/keren/about_the_fund_kgm_pension_fund/,מידע סטטיסטי,https://amitim.com/keren/statistical_information_egged_pension_fund/
2026-09-30T22:38:47+00:00,520022963,"קופת הפנסיה לעובדי הדסה בע""מ",new_item,https://amitim.com/keren/investment_policy_makefet_provident_fund/m/keren/about_the_fund_kgm_pension_fund/m/keren/about_the_fund_kgm_pension_fund/,מידע סטטיסטי,https://amitim.com/keren/statistical_information_hadassah_pension_fund/
2026-09-30T22:38:47+00:00,520022963,"קופת הפנסיה לעובדי הדסה בע""מ",new_item,https://amitim.com/keren/investment_policy_makefet_provident_fund/m/keren/about_the_fund_kgm_pension_fund/m/keren/about_the_fund_kgm_pension_fund/,יציאה לפנסיה,https://amitim.com/info-center/amitim/retirement/
2026-09-30T22:38:47+00:00,520022963,"קופת הפנסיה לעובדי הדסה בע""מ",new_item,https://amitim.com/keren/investment_policy_makefet_provident_fund/m/keren/about_the_fund_kgm_pension_fund/m/keren/about_the_fund_kgm_pension_fund/,חקלאים,https://amitim.com/keren/about_the_fund_farmers_pension_fund/
2026-09-30T22:38:47+00:00,520022963,"קופת הפנסיה לעובדי הדסה בע""מ",new_item,https://amitim.com/keren/investment_policy_makefet_provident_fund/m/keren/about_the_fund_kgm_pension_fund/m/keren/about_the_fund_kgm_pension_fund/,הצבעות באסיפות,https://amitim.com/keren/voting_at_meetings_pension_insurers/
2026-09-30T22:38:47+00:00,520022963,"קופת הפנסיה לעובדי הדסה בע""מ",new_item,https://amitim.com/keren/investment_policy_makefet_provident_fund/m/keren/about_the_fund_kgm_pension_fund/m/keren/about_the_fund_kgm_pension_fund/,הצבעות באסיפות,https://amitim.com/keren/voting_at_meetings_provident_insurance/
2026-09-30T22:38:47+00:00,520022963,"קופת הפנסיה לעובדי הדסה בע""מ",new_item,https://amitim.com/keren/investment_policy_makefet_provident_fund/m/keren/about_the_fund_kgm_pension_fund/m/keren/about_the_fund_kgm_pension_fund/,הצבעות באסיפות,https://amitim.com/keren/voting_at_meetings_pension_fund_circle/
2026-09-30T22:38:47+00:00,520022963,"קופת הפנסיה לעובדי הדסה בע""מ",new_item,https://amitim.com/keren/investment_policy_makefet_provident_fund/m/keren/about_the_fund_kgm_pension_fund/m/keren/about_the_fund_kgm_pension_fund/,הצבעות באסיפות,https://amitim.com/keren/voting_at_meetings_provident_fund_circle/
2026-09-30T22:38:47+00:00,520022963,"קופת הפנסיה לעובדי הדסה בע""מ",new_item,https://amitim.com/keren/investment_policy_makefet_provident_fund/m/keren/about_the_fund_kgm_pension_fund/m/keren/about_the_fund_kgm_pension_fund/,הצבעות באסיפות,https://amitim.com/keren/voting_at_meetings_farmers_pension_fund/
2026-09-30T22:38:47+00:00,520022963,"קופת הפנסיה לעובדי הדסה בע""מ",new_item,https://amitim.com/keren/investment_policy_makefet_provident_fund/m/keren/about_the_fund_kgm_pension_fund/m/keren/about_the_fund_kgm_pension_fund/,הצבעות באסיפות,https://amitim.com/keren/voting_at_meetings_farmers_provident_fund/
2026-09-30T22:38:47+00:00,520022963,"קופת הפנסיה לעובדי הדסה בע""מ",new_item,https://amitim.com/keren/investment_policy_makefet_provident_fund/m/keren/about_the_fund_kgm_pension_fund/m/keren/about_the_fund_kgm_pension_fund/,הצבעות באסיפות,https://amitim.com/keren/voting_at_meetings_pension_fund_building/
2026-09-30T22:38:47+00:00,520022963,"קופת הפנסיה לעובדי הדסה בע""מ",new_item,https://amitim.com/keren/investment_policy_makefet_provident_fund/m/keren/about_the_fund_kgm_pension_fund/m/keren/about_the_fund_kgm_pension_fund/,הצבעות באסיפות,https://amitim.com/keren/voting_at_meetings_provident_fund-building/
2026-09-30T22:38:47+00:00,520022963,"קופת הפנסיה לעובדי הדסה בע""מ",new_item,https://amitim.com/keren/investment_policy_makefet_provident_fund/m/keren/about_the_fund_kgm_pension_fund/m/keren/about_the_fund_kgm_pension_fund/,הצבעות באסיפות,https://amitim.com/keren/voting_at_meetings_kgm_pension-fund/
2026-09-30T22:38:47+00:00,520022963,"קופת הפנסיה לעובדי הדסה בע""מ",new_item,https://amitim.com/keren/investment_policy_makefet_provident_fund/m/keren/about_the_fund_kgm_pension_fund/m/keren/about_the_fund_kgm_pension_fund/,הצבעות באסיפות,https://amitim.com/keren/voting_at_meetings_nativ_pension_fund/
2026-09-30T22:38:47+00:00,520022963,"קופת הפנסיה לעובדי הדסה בע""מ",new_item,https://amitim.com/keren/investment_policy_makefet_provident_fund/m/keren/about_the_fund_kgm_pension_fund/m/keren/about_the_fund_kgm_pension_fund/,הצבעות באסיפות,https://amitim.com/keren/voting_at_meetings_egged_pension_fund/
2026-09-30T22:38:47+00:00,520022963,"קופת הפנסיה לעובדי הדסה בע""מ",new_item,https://amitim.com/keren/investment_policy_makefet_provident_fund/m/keren/about_the_fund_kgm_pension_fund/m/keren/about_the_fund_kgm_pension_fund/,הצבעות באסיפות,https://amitim.com/keren/voting_at_meetings_hadassah_pension_fund/
2026-09-30T22:38:47+00:00,520022963,"קופת הפנסיה לעובדי הדסה בע""מ",new_item,https://amitim.com/keren/investment_policy_makefet_provident_fund/m/keren/about_the_fund_kgm_pension_fund/m/keren/about_the_fund_kgm_pension_fund/,הפנסיה שלי,https://amitim.com/info-center/retirees/my_pension/
2026-09-30T22:38:47+00:00,520022963,"קופת הפנסיה לעובדי הדסה בע""מ",new_item,https://amitim.com/keren/investment_policy_makefet_provident_fund/m/keren/about_the_fund_kgm_pension_fund/m/keren/about_the_fund_kgm_pension_fund/,החוק לחלוקת חיסכון פנסיוני,https://amitim.com/info-center/amitim/distribution_of_pension_savings/
2026-09-30T22:38:47+00:00,520022963,"קופת הפנסיה לעובדי הדסה בע""מ",new_item,https://amitim.com/keren/investment_policy_makefet_provident_fund/m/keren/about_the_fund_kgm_pension_fund/m/keren/about_the_fund_kgm_pension_fund/,הדסה,https://amitim.com/keren/about-_he_fund_hadassah_pension_fund/
2026-09-30T22:38:47+00:00,520022963,"קופת הפנסיה לעובדי הדסה בע""מ",new_item,https://amitim.com/keren/investment_policy_makefet_provident_fund/m/keren/about_the_fund_kgm_pension_fund/m/keren/about_the_fund_kgm_pension_fund/,דוחות כספיים,https://amitim.com/keren/financial_statements_provident_fund_insurers/
2026-09-30T22:38:47+00:00,520022963,"קופת הפנסיה לעובדי הדסה בע""מ",new_item,https://amitim.com/keren/investment_policy_makefet_provident_fund/m/keren/about_the_fund_kgm_pension_fund/m/keren/about_the_fund_kgm_pension_fund/,דוחות כספיים,https://amitim.com/keren/financial_statements_pension_fund_overview/
2026-09-30T22:38:47+00:00,520022963,"קופת הפנסיה לעובדי הדסה בע""מ",new_item,https://amitim.com/keren/investment_policy_makefet_provident_fund/m/keren/about_the_fund_kgm_pension_fund/m/keren/about_the_fund_kgm_pension_fund/,דוחות כספיים,https://amitim.com/keren/financial_statements_provident_fund_circle/
2026-09-30T22:38:47+00:00,520022963,"קופת הפנסיה לעובדי הדסה בע""מ",new_item,https://amitim.com/keren/investment_policy_makefet_provident_fund/m/keren/about_the_fund_kgm_pension_fund/m/keren/about_the_fund_kgm_pension_fund/,דוחות כספיים,https://amitim.com/keren/financial_statements_kgm_pension_fund/
2026-09-30T22:38:47+00:00,520022963,"קופת הפנסיה לעובדי הדסה בע""מ",new_item,https://amitim.com/keren/investment_policy_makefet_provident_fund/m/keren/about_the_fund_kgm_pension_fund/m/keren/about_the_fund_kgm_pension_fund/,גורמים קשורים,https://amitim.com/keren/related_parties_provident_fund_insurers/
2026-09-30T22:38:47+00:00,520022963,"קופת הפנסיה לעובדי הדסה בע""מ",new_item,https://amitim.com/keren/investment_policy_makefet_provident_fund/m/keren/about_the_fund_kgm_pension_fund/m/keren/about_the_fund_kgm_pension_fund/,גורמים קשורים,https://amitim.com/keren/related_factors_pension_fund_circle/
2026-09-30T22:38:47+00:00,520022963,"קופת הפנסיה לעובדי הדסה בע""מ",new_item,https://amitim.com/keren/investment_policy_makefet_provident_fund/m/keren/about_the_fund_kgm_pension_fund/m/keren/about_the_fund_kgm_pension_fund/,גורמים קשורים,https://amitim.com/keren/related_factors_provident_fund_circle/
2026-09-30T22:38:47+00:00,520022963,"קופת הפנסיה לעובדי הדסה בע""מ",new_item,https://amitim.com/keren/investment_policy_makefet_provident_fund/m/keren/about_the_fund_kgm_pension_fund/m/keren/about_the_fund_kgm_pension_fund/,גורמים קשורים,https://amitim.com/keren/related_entities_farmers_pension_fund/
2026-09-30T22:38:47+00:00,520022963,"קופת הפנסיה לעובדי הדסה בע""מ",new_item,https://amitim.com/keren/investment_policy_makefet_provident_fund/m/keren/about_the_fund_kgm_pension_fund/m/keren/about_the_fund_kgm_pension_fund/,גורמים קשורים,https://amitim.com/keren/related_entities_farmers_provident_fund/
2026-09-30T22:38:47+00:00,520022963,"קופת הפנסיה לעובדי הדסה בע""מ",new_item,https://amitim.com/keren/investment_policy_makefet_provident_fund/m/keren/about_the_fund_kgm_pension_fund/m/keren/about_the_fund_kgm_pension_fund/,גורמים קשורים,https://amitim.com/keren/related_factors_pension_fund_building/
2026-09-30T22:38:47+00:00,520022963,"קופת הפנסיה לעובדי הדסה בע""מ",new_item,https://amitim.com/keren/investment_policy_makefet_provident_fund/m/keren/about_the_fund_kgm_pension_fund/m/keren/about_the_fund_kgm_pension_fund/,גורמים קשורים,https://amitim.com/keren/related_entities_provident_fund_building/
2026-09-30T22:38:47+00:00,520022963,"קופת הפנסיה לעובדי הדסה בע""מ",new_item,https://amitim.com/keren/investment_policy_makefet_provident_fund/m/keren/about_the_fund_kgm_pension_fund/m/keren/about_the_fund_kgm_pension_fund/,גורמים קשורים,https://amitim.com/keren/related_entities_kgm_pension_fund/
2026-09-30T22:38:47+00:00,520022963,"קופת הפנסיה לעובדי הדסה בע""מ",new_item,https://amitim.com/keren/investment_policy_makefet_provident_fund/m/keren/about_the_fund_kgm_pension_fund/m/keren/about_the_fund_kgm_pension_fund/,גורמים קשורים,https://amitim.com/keren/related_entities_nativ_pension_fund/
2026-09-30T22:38:47+00:00,520022963,"קופת הפנסיה לעובדי הדסה בע""מ",new_item,https://amitim.com/keren/investment_policy_makefet_provident_fund/m/keren/about_the_fund_kgm_pension_fund/m/keren/about_the_fund_kgm_pension_fund/,גורמים קשורים,https://amitim.com/keren/related_parties_egged_pension_fund/
2026-09-30T22:38:47+00:00,520022963,"קופת הפנסיה לעובדי הדסה בע""מ",new_item,https://amitim.com/keren/investment_policy_makefet_provident_fund/m/keren/about_the_fund_kgm_pension_fund/m/keren/about_the_fund_kgm_pension_fund/,גורמים קשורים,https://amitim.com/keren/related_entities_hadassah_pension_fund/
2026-09-30T22:38:47+00:00,520022963,"קופת הפנסיה לעובדי הדסה בע""מ",new_item,https://amitim.com/keren/investment_policy_makefet_provident_fund/m/keren/about_the_fund_kgm_pension_fund/m/keren/about_the_fund_kgm_pension_fund/,בניין,https://amitim.com/keren/about_the_fund_pension_fund_building/
2026-09-30T22:38:47+00:00,520022963,"קופת הפנסיה לעובדי הדסה בע""מ",new_item,https://amitim.com/keren/investment_policy_makefet_provident_fund/m/keren/about_the_fund_kgm_pension_fund/m/keren/about_the_fund_kgm_pension_fund/,אודות הקרן,https://amitim.com/keren/about_the_fund_mivtachim_provident_fund/
2026-09-30T22:38:47+00:00,520022963,"קופת הפנסיה לעובדי הדסה בע""מ",new_item,https://amitim.com/keren/investment_policy_makefet_provident_fund/m/keren/about_the_fund_kgm_pension_fund/m/keren/about_the_fund_kgm_pension_fund/,אודות הקרן,https://amitim.com/keren/about_the_fund_makefet_provident_fund/
2026-09-30T22:38:47+00:00,520022963,"קופת הפנסיה לעובדי הדסה בע""מ",new_item,https://amitim.com/keren/investment_policy_makefet_provident_fund/m/keren/about_the_fund_kgm_pension_fund/m/keren/about_the_fund_kgm_pension_fund/,אודות הקופה,https://amitim.com/keren/about_the_fund_farmers_provident_fund/
2026-09-30T22:38:47+00:00,520022963,"קופת הפנסיה לעובדי הדסה בע""מ",new_item,https://amitim.com/keren/investment_policy_makefet_provident_fund/m/keren/about_the_fund_kgm_pension_fund/m/keren/about_the_fund_kgm_pension_fund/,אודות הקופה,https://amitim.com/keren/about_the_fund_provident_fund_building/
2026-09-30T22:38:47+00:00,520022963,"קופת הפנסיה לעובדי הדסה בע""מ",new_item,https://amitim.com/keren/investment_policy_makefet_provident_fund/m/keren/about_the_fund_kgm_pension_fund/m/keren/about_the_fund_kgm_pension_fund/,אגד,https://amitim.com/keren/about_the_fund_egged_pension_fund/
2026-09-30T22:38:47+00:00,520022963,"קופת הפנסיה לעובדי הדסה בע""מ",new_item,https://amitim.com/keren/investment_policy_farmers_pension_fund/m/keren/about_the_fund_kgm_pension_fund/m/keren/about_the_fund_kgm_pension_fund/,קצבת שארים,https://amitim.com/info-center/amitim/survivors_pension/
2026-09-30T22:38:47+00:00,520022963,"קופת הפנסיה לעובדי הדסה בע""מ",new_item,https://amitim.com/keren/investment_policy_farmers_pension_fund/m/keren/about_the_fund_kgm_pension_fund/m/keren/about_the_fund_kgm_pension_fund/,קצבת נכות,https://amitim.com/info-center/amitim/disability-pension/
2026-09-30T22:38:47+00:00,520022963,"קופת הפנסיה לעובדי הדסה בע""מ",new_item,https://amitim.com/keren/investment_policy_farmers_pension_fund/m/keren/about_the_fund_kgm_pension_fund/m/keren/about_the_fund_kgm_pension_fund/,קגמ קרן פנסיה,https://amitim.com/keren/about_the_fund_kgm_pension_fund/
2026-09-30T22:38:47+00:00,520022963,"קופת הפנסיה לעובדי הדסה בע""מ",new_item,https://amitim.com/keren/investment_policy_farmers_pension_fund/m/keren/about_the_fund_kgm_pension_fund/m/keren/about_the_fund_kgm_pension_fund/,פרישה לפנסיה,https://amitim.com/info-center/employers/retirement/
2026-09-30T22:38:47+00:00,520022963,"קופת הפנסיה לעובדי הדסה בע""מ",new_item,https://amitim.com/keren/investment_policy_farmers_pension_fund/m/keren/about_the_fund_kgm_pension_fund/m/keren/about_the_fund_kgm_pension_fund/,נתיב,https://amitim.com/keren/about_the_fund_nativ_pension_fund/
2026-09-30T22:38:47+00:00,520022963,"קופת הפנסיה לעובדי הדסה בע""מ",new_item,https://amitim.com/keren/investment_policy_farmers_pension_fund/m/keren/about_the_fund_kgm_pension_fund/m/keren/about_the_fund_kgm_pension_fund/,נכסי הקרן,https://amitim.com/keren/fund_assets_makefet_pension_fund/
2026-09-30T22:38:47+00:00,520022963,"קופת הפנסיה לעובדי הדסה בע""מ",new_item,https://amitim.com/keren/investment_policy_farmers_pension_fund/m/keren/about_the_fund_kgm_pension_fund/m/keren/about_the_fund_kgm_pension_fund/,נכסי הקרן,https://amitim.com/keren/fund_assets_farmers_pension_fund/
2026-09-30T22:38:47+00:00,520022963,"קופת הפנסיה לעובדי הדסה בע""מ",new_item,https://amitim.com/keren/investment_policy_farmers_pension_fund/m/keren/about_the_fund_kgm_pension_fund/m/keren/about_the_fund_kgm_pension_fund/,נכסי הקרן,https://amitim.com/keren/fund_assets_pension_fund_building/
2026-09-30T22:38:47+00:00,520022963,"קופת הפנסיה לעובדי הדסה בע""מ",new_item,https://amitim.com/keren/investment_policy_farmers_pension_fund/m/keren/about_the_fund_kgm_pension_fund/m/keren/about_the_fund_kgm_pension_fund/,נכסי הקרן,https://amitim.com/keren/fund_assets_kgm_pension_fund/
2026-09-30T22:38:47+00:00,520022963,"קופת הפנסיה לעובדי הדסה בע""מ",new_item,https://amitim.com/keren/investment_policy_farmers_pension_fund/m/keren/about_the_fund_kgm_pension_fund/m/keren/about_the_fund_kgm_pension_fund/,נכסי הקרן,https://amitim.com/keren/fund_assets_nativ_pension_fund/
2026-09-30T22:38:47+00:00,520022963,"קופת הפנסיה לעובדי הדסה בע""מ",new_item,https://amitim.com/keren/investment_policy_farmers_pension_fund/m/keren/about_the_fund_kgm_pension_fund/m/keren/about_the_fund_kgm_pension_fund/,נכסי הקרן,https://amitim.com/keren/fund_assets_egged_pension_fund/
2026-09-30T22:38:47+00:00,520022963,"קופת הפנסיה לעובדי הדסה בע""מ",new_item,https://amitim.com/keren/investment_policy_farmers_pension_fund/m/keren/about_the_fund_kgm_pension_fund/m/keren/about_the_fund_kgm_pension_fund/,נכסי הקרן,https://amitim.com/keren/fund_assets_hadassah_pension_fund/
2026-09-30T22:38:47+00:00,520022963,"קופת הפנסיה לעובדי הדסה בע""מ",new_item,https://amitim.com/keren/investment_policy_farmers_pension_fund/m/keren/about_the_fund_kgm_pension_fund/m/keren/about_the_fund_kgm_pension_fund/,נכסי הקופה,https://amitim.com/keren/fund_assets_provident_fund_insurers/
2026-09-30T22:38:47+00:00,520022963,"קופת הפנסיה לעובדי הדסה בע""מ",new_item,https://amitim.com/keren/investment_policy_farmers_pension_fund/m/keren/about_the_fund_kgm_pension_fund/m/keren/about_the_fund_kgm_pension_fund/,נכסי הקופה,https://amitim.com/keren/fund_assets_makefet_provident_fund/
2026-09-30T22:38:47+00:00,520022963,"קופת הפנסיה לעובדי הדסה בע""מ",new_item,https://amitim.com/keren/investment_policy_farmers_pension_fund/m/keren/about_the_fund_kgm_pension_fund/m/keren/about_the_fund_kgm_pension_fund/,נכסי הקופה,https://amitim.com/keren/fund_assets_farmers_provident_fund/
2026-09-30T22:38:47+00:00,520022963,"קופת הפנסיה לעובדי הדסה בע""מ",new_item,https://amitim.com/keren/investment_policy_farmers_pension_fund/m/keren/about_the_fund_kgm_pension_fund/m/keren/about_the_fund_kgm_pension_fund/,נכסי הקופה,https://amitim.com/keren/fund_assets_provident_fund_building/
2026-09-30T22:38:47+00:00,520022963,"קופת הפנסיה לעובדי הדסה בע""מ",new_item,https://amitim.com/keren/investment_policy_farmers_pension_fund/m/keren/about_the_fund_kgm_pension_fund/m/keren/about_the_fund_kgm_pension_fund/,משיכת כספים של עמית שנפטר,https://amitim.com/keren/withdrawing_funds_from_a_deceased_colleague_farmers_provident_fund/
2026-09-30T22:38:47+00:00,520022963,"קופת הפנסיה לעובדי הדסה בע""מ",new_item,https://amitim.com/keren/investment_policy_farmers_pension_fund/m/keren/about_the_fund_kgm_pension_fund/m/keren/about_the_fund_kgm_pension_fund/,משיכת כספים של עמית שנפטר,https://amitim.com/keren/withdrawing_funds_from_a_deceased-colleague_provident_fund_building/
2026-09-30T22:38:47+00:00,520022963,"קופת הפנסיה לעובדי הדסה בע""מ",new_item,https://amitim.com/keren/investment_policy_farmers_pension_fund/m/keren/about_the_fund_kgm_pension_fund/m/keren/about_the_fund_kgm_pension_fund/,מקפת,https://amitim.com/keren/about_the_fund_makefet_pension_fund/
2026-09-30T22:38:47+00:00,520022963,"קופת הפנסיה לעובדי הדסה בע""מ",new_item,https://amitim.com/keren/investment_policy_farmers_pension_fund/m/keren/about_the_fund_kgm_pension_fund/m/keren/about_the_fund_kgm_pension_fund/,מידע סטטיסטי,https://amitim.com/keren/statistical_information_pension_insurers/
2026-09-30T22:38:47+00:00,520022963,"קופת הפנסיה לעובדי הדסה בע""מ",new_item,https://amitim.com/keren/investment_policy_farmers_pension_fund/m/keren/about_the_fund_kgm_pension_fund/m/keren/about_the_fund_kgm_pension_fund/,מידע סטטיסטי,https://amitim.com/keren/statistical_information_pension_fund_circle/
2026-09-30T22:38:47+00:00,520022963,"קופת הפנסיה לעובדי הדסה בע""מ",new_item,https://amitim.com/keren/investment_policy_farmers_pension_fund/m/keren/about_the_fund_kgm_pension_fund/m/keren/about_the_fund_kgm_pension_fund/,מידע סטטיסטי,https://amitim.com/keren/statistical_information_farmers_pension_fund/
2026-09-30T22:38:47+00:00,520022963,"קופת הפנסיה לעובדי הדסה בע""מ",new_item,https://amitim.com/keren/investment_policy_farmers_pension_fund/m/keren/about_the_fund_kgm_pension_fund/m/keren/about_the_fund_kgm_pension_fund/,מידע סטטיסטי,https://amitim.com/statistical_information_pension_fund_building/
2026-09-30T22:38:47+00:00,520022963,"קופת הפנסיה לעובדי הדסה בע""מ",new_item,https://amitim.com/keren/investment_policy_farmers_pension_fund/m/keren/about_the_fund_kgm_pension_fund/m/keren/about_the_fund_kgm_pension_fund/,מידע סטטיסטי,https://amitim.com/keren/statistical_information_kgm_pension_fund/
2026-09-30T22:38:47+00:00,520022963,"קופת הפנסיה לעובדי הדסה בע""מ",new_item,https://amitim.com/keren/investment_policy_farmers_pension_fund/m/keren/about_the_fund_kgm_pension_fund/m/keren/about_the_fund_kgm_pension_fund/,מידע סטטיסטי,https://amitim.com/keren/statistical_information_nativ_pension_fund/
2026-09-30T22:38:47+00:00,520022963,"קופת הפנסיה לעובדי הדסה בע""מ",new_item,https://amitim.com/keren/investment_policy_farmers_pension_fund/m/keren/about_the_fund_kgm_pension_fund/m/keren/about_the_fund_kgm_pension_fund/,מידע סטטיסטי,https://amitim.com/keren/statistical_information_egged_pension_fund/
2026-09-30T22:38:47+00:00,520022963,"קופת הפנסיה לעובדי הדסה בע""מ",new_item,https://amitim.com/keren/investment_policy_farmers_pension_fund/m/keren/about_the_fund_kgm_pension_fund/m/keren/about_the_fund_kgm_pension_fund/,מידע סטטיסטי,https://amitim.com/keren/statistical_information_hadassah_pension_fund/
2026-09-30T22:38:47+00:00,520022963,"קופת הפנסיה לעובדי הדסה בע""מ",new_item,https://amitim.com/keren/investment_policy_farmers_pension_fund/m/keren/about_the_fund_kgm_pension_fund/m/keren/about_the_fund_kgm_pension_fund/,יציאה לפנסיה,https://amitim.com/info-center/amitim/retirement/
2026-09-30T22:38:47+00:00,520022963,"קופת הפנסיה לעובדי הדסה בע""מ",new_item,https://amitim.com/keren/investment_policy_farmers_pension_fund/m/keren/about_the_fund_kgm_pension_fund/m/keren/about_the_fund_kgm_pension_fund/,חקלאים,https://amitim.com/keren/about_the_fund_farmers_pension_fund/
2026-09-30T22:38:47+00:00,520022963,"קופת הפנסיה לעובדי הדסה בע""מ",new_item,https://amitim.com/keren/investment_policy_farmers_pension_fund/m/keren/about_the_fund_kgm_pension_fund/m/keren/about_the_fund_kgm_pension_fund/,הצבעות באסיפות,https://amitim.com/keren/voting_at_meetings_pension_insurers/
2026-09-30T22:38:47+00:00,520022963,"קופת הפנסיה לעובדי הדסה בע""מ",new_item,https://amitim.com/keren/investment_policy_farmers_pension_fund/m/keren/about_the_fund_kgm_pension_fund/m/keren/about_the_fund_kgm_pension_fund/,הצבעות באסיפות,https://amitim.com/keren/voting_at_meetings_provident_insurance/
2026-09-30T22:38:47+00:00,520022963,"קופת הפנסיה לעובדי הדסה בע""מ",new_item,https://amitim.com/keren/investment_policy_farmers_pension_fund/m/keren/about_the_fund_kgm_pension_fund/m/keren/about_the_fund_kgm_pension_fund/,הצבעות באסיפות,https://amitim.com/keren/voting_at_meetings_pension_fund_circle/
2026-09-30T22:38:47+00:00,520022963,"קופת הפנסיה לעובדי הדסה בע""מ",new_item,https://amitim.com/keren/investment_policy_farmers_pension_fund/m/keren/about_the_fund_kgm_pension_fund/m/keren/about_the_fund_kgm_pension_fund/,הצבעות באסיפות,https://amitim.com/keren/voting_at_meetings_provident_fund_circle/
2026-09-30T22:38:47+00:00,520022963,"קופת הפנסיה לעובדי הדסה בע""מ",new_item,https://amitim.com/keren/investment_policy_farmers_pension_fund/m/keren/about_the_fund_kgm_pension_fund/m/keren/about_the_fund_kgm_pension_fund/,הצבעות באסיפות,https://amitim.com/keren/voting_at_meetings_farmers_pension_fund/
2026-09-30T22:38:47+00:00,520022963,"קופת הפנסיה לעובדי הדסה בע""מ",new_item,https://amitim.com/keren/investment_policy_farmers_pension_fund/m/keren/about_the_fund_kgm_pension_fund/m/keren/about_the_fund_kgm_pension_fund/,הצבעות באסיפות,https://amitim.com/keren/voting_at_meetings_farmers_provident_fund/
2026-09-30T22:38:47+00:00,520022963,"קופת הפנסיה לעובדי הדסה בע""מ",new_item,https://amitim.com/keren/investment_policy_farmers_pension_fund/m/keren/about_the_fund_kgm_pension_fund/m/keren/about_the_fund_kgm_pension_fund/,הצבעות באסיפות,https://amitim.com/keren/voting_at_meetings_pension_fund_building/
2026-09-30T22:38:47+00:00,520022963,"קופת הפנסיה לעובדי הדסה בע""מ",new_item,https://amitim.com/keren/investment_policy_farmers_pension_fund/m/keren/about_the_fund_kgm_pension_fund/m/keren/about_the_fund_kgm_pension_fund/,הצבעות באסיפות,https://amitim.com/keren/voting_at_meetings_provident_fund-building/
2026-09-30T22:38:47+00:00,520022963,"קופת הפנסיה לעובדי הדסה בע""מ",new_item,https://amitim.com/keren/investment_policy_farmers_pension_fund/m/keren/about_the_fund_kgm_pension_fund/m/keren/about_the_fund_kgm_pension_fund/,הצבעות באסיפות,https://amitim.com/keren/voting_at_meetings_kgm_pension-fund/
2026-09-30T22:38:47+00:00,520022963,"קופת הפנסיה לעובדי הדסה בע""מ",new_item,https://amitim.com/keren/investment_policy_farmers_pension_fund/m/keren/about_the_fund_kgm_pension_fund/m/keren/about_the_fund_kgm_pension_fund/,הצבעות באסיפות,https://amitim.com/keren/voting_at_meetings_nativ_pension_fund/
2026-09-30T22:38:47+00:00,520022963,"קופת הפנסיה לעובדי הדסה בע""מ",new_item,https://amitim.com/keren/investment_policy_farmers_pension_fund/m/keren/about_the_fund_kgm_pension_fund/m/keren/about_the_fund_kgm_pension_fund/,הצבעות באסיפות,https://amitim.com/keren/voting_at_meetings_egged_pension_fund/
2026-09-30T22:38:47+00:00,520022963,"קופת הפנסיה לעובדי הדסה בע""מ",new_item,https://amitim.com/keren/investment_policy_farmers_pension_fund/m/keren/about_the_fund_kgm_pension_fund/m/keren/about_the_fund_kgm_pension_fund/,הצבעות באסיפות,https://amitim.com/keren/voting_at_meetings_hadassah_pension_fund/
2026-09-30T22:38:47+00:00,520022963,"קופת הפנסיה לעובדי הדסה בע""מ",new_item,https://amitim.com/keren/investment_policy_farmers_pension_fund/m/keren/about_the_fund_kgm_pension_fund/m/keren/about_the_fund_kgm_pension_fund/,הפנסיה שלי,https://amitim.com/info-center/retirees/my_pension/
2026-09-30T22:38:47+00:00,520022963,"קופת הפנסיה לעובדי הדסה בע""מ",new_item,https://amitim.com/keren/investment_policy_farmers_pension_fund/m/keren/about_the_fund_kgm_pension_fund/m/keren/about_the_fund_kgm_pension_fund/,החוק לחלוקת חיסכון פנסיוני,https://amitim.com/info-center/amitim/distribution_of_pension_savings/
2026-09-30T22:38:47+00:00,520022963,"קופת הפנסיה לעובדי הדסה בע""מ",new_item,https://amitim.com/keren/investment_policy_farmers_pension_fund/m/keren/about_the_fund_kgm_pension_fund/m/keren/about_the_fund_kgm_pension_fund/,הדסה,https://amitim.com/keren/about-_he_fund_hadassah_pension_fund/
2026-09-30T22:38:47+00:00,520022963,"קופת הפנסיה לעובדי הדסה בע""מ",new_item,https://amitim.com/keren/investment_policy_farmers_pension_fund/m/keren/about_the_fund_kgm_pension_fund/m/keren/about_the_fund_kgm_pension_fund/,דוחות כספיים,https://amitim.com/keren/financial_statements_provident_fund_insurers/
2026-09-30T22:38:47+00:00,520022963,"קופת הפנסיה לעובדי הדסה בע""מ",new_item,https://amitim.com/keren/investment_policy_farmers_pension_fund/m/keren/about_the_fund_kgm_pension_fund/m/keren/about_the_fund_kgm_pension_fund/,דוחות כספיים,https://amitim.com/keren/financial_statements_pension_fund_overview/
2026-09-30T22:38:47+00:00,520022963,"קופת הפנסיה לעובדי הדסה בע""מ",new_item,https://amitim.com/keren/investment_policy_farmers_pension_fund/m/keren/about_the_fund_kgm_pension_fund/m/keren/about_the_fund_kgm_pension_fund/,דוחות כספיים,https://amitim.com/keren/financial_statements_provident_fund_circle/
2026-09-30T22:38:47+00:00,520022963,"קופת הפנסיה לעובדי הדסה בע""מ",new_item,https://amitim.com/keren/investment_policy_farmers_pension_fund/m/keren/about_the_fund_kgm_pension_fund/m/keren/about_the_fund_kgm_pension_fund/,דוחות כספיים,https://amitim.com/keren/financial_statements_kgm_pension_fund/
2026-09-30T22:38:47+00:00,520022963,"קופת הפנסיה לעובדי הדסה בע""מ",new_item,https://amitim.com/keren/investment_policy_farmers_pension_fund/m/keren/about_the_fund_kgm_pension_fund/m/keren/about_the_fund_kgm_pension_fund/,גורמים קשורים,https://amitim.com/keren/related_parties_provident_fund_insurers/
2026-09-30T22:38:47+00:00,520022963,"קופת הפנסיה לעובדי הדסה בע""מ",new_item,https://amitim.com/keren/investment_policy_farmers_pension_fund/m/keren/about_the_fund_kgm_pension_fund/m/keren/about_the_fund_kgm_pension_fund/,גורמים קשורים,https://amitim.com/keren/related_factors_pension_fund_circle/
2026-09-30T22:38:47+00:00,520022963,"קופת הפנסיה לעובדי הדסה בע""מ",new_item,https://amitim.com/keren/investment_policy_farmers_pension_fund/m/keren/about_the_fund_kgm_pension_fund/m/keren/about_the_fund_kgm_pension_fund/,גורמים קשורים,https://amitim.com/keren/related_factors_provident_fund_circle/
2026-09-30T22:38:47+00:00,520022963,"קופת הפנסיה לעובדי הדסה בע""מ",new_item,https://amitim.com/keren/investment_policy_farmers_pension_fund/m/keren/about_the_fund_kgm_pension_fund/m/keren/about_the_fund_kgm_pension_fund/,גורמים קשורים,https://amitim.com/keren/related_entities_farmers_pension_fund/
2026-09-30T22:38:47+00:00,520022963,"קופת הפנסיה לעובדי הדסה בע""מ",new_item,https://amitim.com/keren/investment_policy_farmers_pension_fund/m/keren/about_the_fund_kgm_pension_fund/m/keren/about_the_fund_kgm_pension_fund/,גורמים קשורים,https://amitim.com/keren/related_entities_farmers_provident_fund/
2026-09-30T22:38:47+00:00,520022963,"קופת הפנסיה לעובדי הדסה בע""מ",new_item,https://amitim.com/keren/investment_policy_farmers_pension_fund/m/keren/about_the_fund_kgm_pension_fund/m/keren/about_the_fund_kgm_pension_fund/,גורמים קשורים,https://amitim.com/keren/related_factors_pension_fund_building/
2026-09-30T22:38:47+00:00,520022963,"קופת הפנסיה לעובדי הדסה בע""מ",new_item,https://amitim.com/keren/investment_policy_farmers_pension_fund/m/keren/about_the_fund_kgm_pension_fund/m/keren/about_the_fund_kgm_pension_fund/,גורמים קשורים,https://amitim.com/keren/related_entities_provident_fund_building/
2026-09-30T22:38:47+00:00,520022963,"קופת הפנסיה לעובדי הדסה בע""מ",new_item,https://amitim.com/keren/investment_policy_farmers_pension_fund/m/keren/about_the_fund_kgm_pension_fund/m/keren/about_the_fund_kgm_pension_fund/,גורמים קשורים,https://amitim.com/keren/related_entities_kgm_pension_fund/
2026-09-30T22:38:47+00:00,520022963,"קופת הפנסיה לעובדי הדסה בע""מ",new_item,https://amitim.com/keren/investment_policy_farmers_pension_fund/m/keren/about_the_fund_kgm_pension_fund/m/keren/about_the_fund_kgm_pension_fund/,גורמים קשורים,https://amitim.com/keren/related_entities_nativ_pension_fund/
2026-09-30T22:38:47+00:00,520022963,"קופת הפנסיה לעובדי הדסה בע""מ",new_item,https://amitim.com/keren/investment_policy_farmers_pension_fund/m/keren/about_the_fund_kgm_pension_fund/m/keren/about_the_fund_kgm_pension_fund/,גורמים קשורים,https://amitim.com/keren/related_parties_egged_pension_fund/
2026-09-30T22:38:47+00:00,520022963,"קופת הפנסיה לעובדי הדסה בע""מ",new_item,https://amitim.com/keren/investment_policy_farmers_pension_fund/m/keren/about_the_fund_kgm_pension_fund/m/keren/about_the_fund_kgm_pension_fund/,גורמים קשורים,https://amitim.com/keren/related_entities_hadassah_pension_fund/
2026-09-30T22:38:47+00:00,520022963,"קופת הפנסיה לעובדי הדסה בע""מ",new_item,https://amitim.com/keren/investment_policy_farmers_pension_fund/m/keren/about_the_fund_kgm_pension_fund/m/keren/about_the_fund_kgm_pension_fund/,בניין,https://amitim.com/keren/about_the_fund_pension_fund_building/
2026-09-30T22:38:47+00:00,520022963,"קופת הפנסיה לעובדי הדסה בע""מ",new_item,https://amitim.com/keren/investment_policy_farmers_pension_fund/m/keren/about_the_fund_kgm_pension_fund/m/keren/about_the_fund_kgm_pension_fund/,אודות הקרן,https://amitim.com/keren/about_the_fund_mivtachim_provident_fund/
2026-09-30T22:38:47+00:00,520022963,"קופת הפנסיה לעובדי הדסה בע""מ",new_item,https://amitim.com/keren/investment_policy_farmers_pension_fund/m/keren/about_the_fund_kgm_pension_fund/m/keren/about_the_fund_kgm_pension_fund/,אודות הקרן,https://amitim.com/keren/about_the_fund_makefet_provident_fund/
2026-09-30T22:38:47+00:00,520022963,"קופת הפנסיה לעובדי הדסה בע""מ",new_item,https://amitim.com/keren/investment_policy_farmers_pension_fund/m/keren/about_the_fund_kgm_pension_fund/m/keren/about_the_fund_kgm_pension_fund/,אודות הקופה,https://amitim.com/keren/about_the_fund_farmers_provident_fund/
2026-09-30T22:38:47+00:00,520022963,"קופת הפנסיה לעובדי הדסה בע""מ",new_item,https://amitim.com/keren/investment_policy_farmers_pension_fund/m/keren/about_the_fund_kgm_pension_fund/m/keren/about_the_fund_kgm_pension_fund/,אודות הקופה,https://amitim.com/keren/about_the_fund_provident_fund_building/
2026-09-30T22:38:47+00:00,520022963,"קופת הפנסיה לעובדי הדסה בע""מ",new_item,https://amitim.com/keren/investment_policy_farmers_pension_fund/m/keren/about_the_fund_kgm_pension_fund/m/keren/about_the_fund_kgm_pension_fund/,אגד,https://amitim.com/keren/about_the_fund_egged_pension_fund/
2026-09-30T22:38:47+00:00,520022963,"קופת הפנסיה לעובדי הדסה בע""מ",new_item,https://amitim.com/keren/investment_policy_farmers_provident_fund/m/keren/about_the_fund_kgm_pension_fund/m/keren/about_the_fund_kgm_pension_fund/,קצבת שארים,https://amitim.com/info-center/amitim/survivors_pension/
2026-09-30T22:38:47+00:00,520022963,"קופת הפנסיה לעובדי הדסה בע""מ",new_item,https://amitim.com/keren/investment_policy_farmers_provident_fund/m/keren/about_the_fund_kgm_pension_fund/m/keren/about_the_fund_kgm_pension_fund/,קצבת נכות,https://amitim.com/info-center/amitim/disability-pension/
2026-09-30T22:38:47+00:00,520022963,"קופת הפנסיה לעובדי הדסה בע""מ",new_item,https://amitim.com/keren/investment_policy_farmers_provident_fund/m/keren/about_the_fund_kgm_pension_fund/m/keren/about_the_fund_kgm_pension_fund/,קגמ קרן פנסיה,https://amitim.com/keren/about_the_fund_kgm_pension_fund/
2026-09-30T22:38:47+00:00,520022963,"קופת הפנסיה לעובדי הדסה בע""מ",new_item,https://amitim.com/keren/investment_policy_farmers_provident_fund/m/keren/about_the_fund_kgm_pension_fund/m/keren/about_the_fund_kgm_pension_fund/,פרישה לפנסיה,https://amitim.com/info-center/employers/retirement/
2026-09-30T22:38:47+00:00,520022963,"קופת הפנסיה לעובדי הדסה בע""מ",new_item,https://amitim.com/keren/investment_policy_farmers_provident_fund/m/keren/about_the_fund_kgm_pension_fund/m/keren/about_the_fund_kgm_pension_fund/,נתיב,https://amitim.com/keren/about_the_fund_nativ_pension_fund/
2026-09-30T22:38:47+00:00,520022963,"קופת הפנסיה לעובדי הדסה בע""מ",new_item,https://amitim.com/keren/investment_policy_farmers_provident_fund/m/keren/about_the_fund_kgm_pension_fund/m/keren/about_the_fund_kgm_pension_fund/,נכסי הקרן,https://amitim.com/keren/fund_assets_makefet_pension_fund/
2026-09-30T22:38:47+00:00,520022963,"קופת הפנסיה לעובדי הדסה בע""מ",new_item,https://amitim.com/keren/investment_policy_farmers_provident_fund/m/keren/about_the_fund_kgm_pension_fund/m/keren/about_the_fund_kgm_pension_fund/,נכסי הקרן,https://amitim.com/keren/fund_assets_farmers_pension_fund/
2026-09-30T22:38:47+00:00,520022963,"קופת הפנסיה לעובדי הדסה בע""מ",new_item,https://amitim.com/keren/investment_policy_farmers_provident_fund/m/keren/about_the_fund_kgm_pension_fund/m/keren/about_the_fund_kgm_pension_fund/,נכסי הקרן,https://amitim.com/keren/fund_assets_pension_fund_building/
2026-09-30T22:38:47+00:00,520022963,"קופת הפנסיה לעובדי הדסה בע""מ",new_item,https://amitim.com/keren/investment_policy_farmers_provident_fund/m/keren/about_the_fund_kgm_pension_fund/m/keren/about_the_fund_kgm_pension_fund/,נכסי הקרן,https://amitim.com/keren/fund_assets_kgm_pension_fund/
2026-09-30T22:38:47+00:00,520022963,"קופת הפנסיה לעובדי הדסה בע""מ",new_item,https://amitim.com/keren/investment_policy_farmers_provident_fund/m/keren/about_the_fund_kgm_pension_fund/m/keren/about_the_fund_kgm_pension_fund/,נכסי הקרן,https://amitim.com/keren/fund_assets_nativ_pension_fund/
2026-09-30T22:38:47+00:00,520022963,"קופת הפנסיה לעובדי הדסה בע""מ",new_item,https://amitim.com/keren/investment_policy_farmers_provident_fund/m/keren/about_the_fund_kgm_pension_fund/m/keren/about_the_fund_kgm_pension_fund/,נכסי הקרן,https://amitim.com/keren/fund_assets_egged_pension_fund/
2026-09-30T22:38:47+00:00,520022963,"קופת הפנסיה לעובדי הדסה בע""מ",new_item,https://amitim.com/keren/investment_policy_farmers_provident_fund/m/keren/about_the_fund_kgm_pension_fund/m/keren/about_the_fund_kgm_pension_fund/,נכסי הקרן,https://amitim.com/keren/fund_assets_hadassah_pension_fund/
2026-09-30T22:38:47+00:00,520022963,"קופת הפנסיה לעובדי הדסה בע""מ",new_item,https://amitim.com/keren/investment_policy_farmers_provident_fund/m/keren/about_the_fund_kgm_pension_fund/m/keren/about_the_fund_kgm_pension_fund/,נכסי הקופה,https://amitim.com/keren/fund_assets_provident_fund_insurers/
2026-09-30T22:38:47+00:00,520022963,"קופת הפנסיה לעובדי הדסה בע""מ",new_item,https://amitim.com/keren/investment_policy_farmers_provident_fund/m/keren/about_the_fund_kgm_pension_fund/m/keren/about_the_fund_kgm_pension_fund/,נכסי הקופה,https://amitim.com/keren/fund_assets_makefet_provident_fund/
2026-09-30T22:38:47+00:00,520022963,"קופת הפנסיה לעובדי הדסה בע""מ",new_item,https://amitim.com/keren/investment_policy_farmers_provident_fund/m/keren/about_the_fund_kgm_pension_fund/m/keren/about_the_fund_kgm_pension_fund/,נכסי הקופה,https://amitim.com/keren/fund_assets_farmers_provident_fund/
2026-09-30T22:38:47+00:00,520022963,"קופת הפנסיה לעובדי הדסה בע""מ",new_item,https://amitim.com/keren/investment_policy_farmers_provident_fund/m/keren/about_the_fund_kgm_pension_fund/m/keren/about_the_fund_kgm_pension_fund/,נכסי הקופה,https://amitim.com/keren/fund_assets_provident_fund_building/
2026-09-30T22:38:47+00:00,520022963,"קופת הפנסיה לעובדי הדסה בע""מ",new_item,https://amitim.com/keren/investment_policy_farmers_provident_fund/m/keren/about_the_fund_kgm_pension_fund/m/keren/about_the_fund_kgm_pension_fund/,משיכת כספים של עמית שנפטר,https://amitim.com/keren/withdrawing_funds_from_a_deceased_colleague_farmers_provident_fund/
2026-09-30T22:38:47+00:00,520022963,"קופת הפנסיה לעובדי הדסה בע""מ",new_item,https://amitim.com/keren/investment_policy_farmers_provident_fund/m/keren/about_the_fund_kgm_pension_fund/m/keren/about_the_fund_kgm_pension_fund/,משיכת כספים של עמית שנפטר,https://amitim.com/keren/withdrawing_funds_from_a_deceased-colleague_provident_fund_building/
2026-09-30T22:38:47+00:00,520022963,"קופת הפנסיה לעובדי הדסה בע""מ",new_item,https://amitim.com/keren/investment_policy_farmers_provident_fund/m/keren/about_the_fund_kgm_pension_fund/m/keren/about_the_fund_kgm_pension_fund/,מקפת,https://amitim.com/keren/about_the_fund_makefet_pension_fund/
2026-09-30T22:38:47+00:00,520022963,"קופת הפנסיה לעובדי הדסה בע""מ",new_item,https://amitim.com/keren/investment_policy_farmers_provident_fund/m/keren/about_the_fund_kgm_pension_fund/m/keren/about_the_fund_kgm_pension_fund/,מידע סטטיסטי,https://amitim.com/keren/statistical_information_pension_insurers/
2026-09-30T22:38:47+00:00,520022963,"קופת הפנסיה לעובדי הדסה בע""מ",new_item,https://amitim.com/keren/investment_policy_farmers_provident_fund/m/keren/about_the_fund_kgm_pension_fund/m/keren/about_the_fund_kgm_pension_fund/,מידע סטטיסטי,https://amitim.com/keren/statistical_information_pension_fund_circle/
2026-09-30T22:38:47+00:00,520022963,"קופת הפנסיה לעובדי הדסה בע""מ",new_item,https://amitim.com/keren/investment_policy_farmers_provident_fund/m/keren/about_the_fund_kgm_pension_fund/m/keren/about_the_fund_kgm_pension_fund/,מידע סטטיסטי,https://amitim.com/keren/statistical_information_farmers_pension_fund/
2026-09-30T22:38:47+00:00,520022963,"קופת הפנסיה לעובדי הדסה בע""מ",new_item,https://amitim.com/keren/investment_policy_farmers_provident_fund/m/keren/about_the_fund_kgm_pension_fund/m/keren/about_the_fund_kgm_pension_fund/,מידע סטטיסטי,https://amitim.com/statistical_information_pension_fund_building/
2026-09-30T22:38:47+00:00,520022963,"קופת הפנסיה לעובדי הדסה בע""מ",new_item,https://amitim.com/keren/investment_policy_farmers_provident_fund/m/keren/about_the_fund_kgm_pension_fund/m/keren/about_the_fund_kgm_pension_fund/,מידע סטטיסטי,https://amitim.com/keren/statistical_information_kgm_pension_fund/
2026-09-30T22:38:47+00:00,520022963,"קופת הפנסיה לעובדי הדסה בע""מ",new_item,https://amitim.com/keren/investment_policy_farmers_provident_fund/m/keren/about_the_fund_kgm_pension_fund/m/keren/about_the_fund_kgm_pension_fund/,מידע סטטיסטי,https://amitim.com/keren/statistical_information_nativ_pension_fund/
2026-09-30T22:38:47+00:00,520022963,"קופת הפנסיה לעובדי הדסה בע""מ",new_item,https://amitim.com/keren/investment_policy_farmers_provident_fund/m/keren/about_the_fund_kgm_pension_fund/m/keren/about_the_fund_kgm_pension_fund/,מידע סטטיסטי,https://amitim.com/keren/statistical_information_egged_pension_fund/
2026-09-30T22:38:47+00:00,520022963,"קופת הפנסיה לעובדי הדסה בע""מ",new_item,https://amitim.com/keren/investment_policy_farmers_provident_fund/m/keren/about_the_fund_kgm_pension_fund/m/keren/about_the_fund_kgm_pension_fund/,מידע סטטיסטי,https://amitim.com/keren/statistical_information_hadassah_pension_fund/
2026-09-30T22:38:47+00:00,520022963,"קופת הפנסיה לעובדי הדסה בע""מ",new_item,https://amitim.com/keren/investment_policy_farmers_provident_fund/m/keren/about_the_fund_kgm_pension_fund/m/keren/about_the_fund_kgm_pension_fund/,יציאה לפנסיה,https://amitim.com/info-center/amitim/retirement/
2026-09-30T22:38:47+00:00,520022963,"קופת הפנסיה לעובדי הדסה בע""מ",new_item,https://amitim.com/keren/investment_policy_farmers_provident_fund/m/keren/about_the_fund_kgm_pension_fund/m/keren/about_the_fund_kgm_pension_fund/,חקלאים,https://amitim.com/keren/about_the_fund_farmers_pension_fund/
2026-09-30T22:38:47+00:00,520022963,"קופת הפנסיה לעובדי הדסה בע""מ",new_item,https://amitim.com/keren/investment_policy_farmers_provident_fund/m/keren/about_the_fund_kgm_pension_fund/m/keren/about_the_fund_kgm_pension_fund/,הצבעות באסיפות,https://amitim.com/keren/voting_at_meetings_pension_insurers/
2026-09-30T22:38:47+00:00,520022963,"קופת הפנסיה לעובדי הדסה בע""מ",new_item,https://amitim.com/keren/investment_policy_farmers_provident_fund/m/keren/about_the_fund_kgm_pension_fund/m/keren/about_the_fund_kgm_pension_fund/,הצבעות באסיפות,https://amitim.com/keren/voting_at_meetings_provident_insurance/
2026-09-30T22:38:47+00:00,520022963,"קופת הפנסיה לעובדי הדסה בע""מ",new_item,https://amitim.com/keren/investment_policy_farmers_provident_fund/m/keren/about_the_fund_kgm_pension_fund/m/keren/about_the_fund_kgm_pension_fund/,הצבעות באסיפות,https://amitim.com/keren/voting_at_meetings_pension_fund_circle/
2026-09-30T22:38:47+00:00,520022963,"קופת הפנסיה לעובדי הדסה בע""מ",new_item,https://amitim.com/keren/investment_policy_farmers_provident_fund/m/keren/about_the_fund_kgm_pension_fund/m/keren/about_the_fund_kgm_pension_fund/,הצבעות באסיפות,https://amitim.com/keren/voting_at_meetings_provident_fund_circle/
2026-09-30T22:38:47+00:00,520022963,"קופת הפנסיה לעובדי הדסה בע""מ",new_item,https://amitim.com/keren/investment_policy_farmers_provident_fund/m/keren/about_the_fund_kgm_pension_fund/m/keren/about_the_fund_kgm_pension_fund/,הצבעות באסיפות,https://amitim.com/keren/voting_at_meetings_farmers_pension_fund/
2026-09-30T22:38:47+00:00,520022963,"קופת הפנסיה לעובדי הדסה בע""מ",new_item,https://amitim.com/keren/investment_policy_farmers_provident_fund/m/keren/about_the_fund_kgm_pension_fund/m/keren/about_the_fund_kgm_pension_fund/,הצבעות באסיפות,https://amitim.com/keren/voting_at_meetings_farmers_provident_fund/
2026-09-30T22:38:47+00:00,520022963,"קופת הפנסיה לעובדי הדסה בע""מ",new_item,https://amitim.com/keren/investment_policy_farmers_provident_fund/m/keren/about_the_fund_kgm_pension_fund/m/keren/about_the_fund_kgm_pension_fund/,הצבעות באסיפות,https://amitim.com/keren/voting_at_meetings_pension_fund_building/
2026-09-30T22:38:47+00:00,520022963,"קופת הפנסיה לעובדי הדסה בע""מ",new_item,https://amitim.com/keren/investment_policy_farmers_provident_fund/m/keren/about_the_fund_kgm_pension_fund/m/keren/about_the_fund_kgm_pension_fund/,הצבעות באסיפות,https://amitim.com/keren/voting_at_meetings_provident_fund-building/
2026-09-30T22:38:47+00:00,520022963,"קופת הפנסיה לעובדי הדסה בע""מ",new_item,https://amitim.com/keren/investment_policy_farmers_provident_fund/m/keren/about_the_fund_kgm_pension_fund/m/keren/about_the_fund_kgm_pension_fund/,הצבעות באסיפות,https://amitim.com/keren/voting_at_meetings_kgm_pension-fund/
2026-09-30T22:38:47+00:00,520022963,"קופת הפנסיה לעובדי הדסה בע""מ",new_item,https://amitim.com/keren/investment_policy_farmers_provident_fund/m/keren/about_the_fund_kgm_pension_fund/m/keren/about_the_fund_kgm_pension_fund/,הצבעות באסיפות,https://amitim.com/keren/voting_at_meetings_nativ_pension_fund/
2026-09-30T22:38:47+00:00,520022963,"קופת הפנסיה לעובדי הדסה בע""מ",new_item,https://amitim.com/keren/investment_policy_farmers_provident_fund/m/keren/about_the_fund_kgm_pension_fund/m/keren/about_the_fund_kgm_pension_fund/,הצבעות באסיפות,https://amitim.com/keren/voting_at_meetings_egged_pension_fund/
2026-09-30T22:38:47+00:00,520022963,"קופת הפנסיה לעובדי הדסה בע""מ",new_item,https://amitim.com/keren/investment_policy_farmers_provident_fund/m/keren/about_the_fund_kgm_pension_fund/m/keren/about_the_fund_kgm_pension_fund/,הצבעות באסיפות,https://amitim.com/keren/voting_at_meetings_hadassah_pension_fund/
2026-09-30T22:38:47+00:00,520022963,"קופת הפנסיה לעובדי הדסה בע""מ",new_item,https://amitim.com/keren/investment_policy_farmers_provident_fund/m/keren/about_the_fund_kgm_pension_fund/m/keren/about_the_fund_kgm_pension_fund/,הפנסיה שלי,https://amitim.com/info-center/retirees/my_pension/
2026-09-30T22:38:47+00:00,520022963,"קופת הפנסיה לעובדי הדסה בע""מ",new_item,https://amitim.com/keren/investment_policy_farmers_provident_fund/m/keren/about_the_fund_kgm_pension_fund/m/keren/about_the_fund_kgm_pension_fund/,החוק לחלוקת חיסכון פנסיוני,https://amitim.com/info-center/amitim/distribution_of_pension_savings/
2026-09-30T22:38:47+00:00,520022963,"קופת הפנסיה לעובדי הדסה בע""מ",new_item,https://amitim.com/keren/investment_policy_farmers_provident_fund/m/keren/about_the_fund_kgm_pension_fund/m/keren/about_the_fund_kgm_pension_fund/,הדסה,https://amitim.com/keren/about-_he_fund_hadassah_pension_fund/
2026-09-30T22:38:47+00:00,520022963,"קופת הפנסיה לעובדי הדסה בע""מ",new_item,https://amitim.com/keren/investment_policy_farmers_provident_fund/m/keren/about_the_fund_kgm_pension_fund/m/keren/about_the_fund_kgm_pension_fund/,דוחות כספיים,https://amitim.com/keren/financial_statements_provident_fund_insurers/
2026-09-30T22:38:47+00:00,520022963,"קופת הפנסיה לעובדי הדסה בע""מ",new_item,https://amitim.com/keren/investment_policy_farmers_provident_fund/m/keren/about_the_fund_kgm_pension_fund/m/keren/about_the_fund_kgm_pension_fund/,דוחות כספיים,https://amitim.com/keren/financial_statements_pension_fund_overview/
2026-09-30T22:38:47+00:00,520022963,"קופת הפנסיה לעובדי הדסה בע""מ",new_item,https://amitim.com/keren/investment_policy_farmers_provident_fund/m/keren/about_the_fund_kgm_pension_fund/m/keren/about_the_fund_kgm_pension_fund/,דוחות כספיים,https://amitim.com/keren/financial_statements_provident_fund_circle/
2026-09-30T22:38:47+00:00,520022963,"קופת הפנסיה לעובדי הדסה בע""מ",new_item,https://amitim.com/keren/investment_policy_farmers_provident_fund/m/keren/about_the_fund_kgm_pension_fund/m/keren/about_the_fund_kgm_pension_fund/,דוחות כספיים,https://amitim.com/keren/financial_statements_kgm_pension_fund/
2026-09-30T22:38:47+00:00,520022963,"קופת הפנסיה לעובדי הדסה בע""מ",new_item,https://amitim.com/keren/investment_policy_farmers_provident_fund/m/keren/about_the_fund_kgm_pension_fund/m/keren/about_the_fund_kgm_pension_fund/,גורמים קשורים,https://amitim.com/keren/related_parties_provident_fund_insurers/
2026-09-30T22:38:47+00:00,520022963,"קופת הפנסיה לעובדי הדסה בע""מ",new_item,https://amitim.com/keren/investment_policy_farmers_provident_fund/m/keren/about_the_fund_kgm_pension_fund/m/keren/about_the_fund_kgm_pension_fund/,גורמים קשורים,https://amitim.com/keren/related_factors_pension_fund_circle/
2026-09-30T22:38:47+00:00,520022963,"קופת הפנסיה לעובדי הדסה בע""מ",new_item,https://amitim.com/keren/investment_policy_farmers_provident_fund/m/keren/about_the_fund_kgm_pension_fund/m/keren/about_the_fund_kgm_pension_fund/,גורמים קשורים,https://amitim.com/keren/related_factors_provident_fund_circle/
2026-09-30T22:38:47+00:00,520022963,"קופת הפנסיה לעובדי הדסה בע""מ",new_item,https://amitim.com/keren/investment_policy_farmers_provident_fund/m/keren/about_the_fund_kgm_pension_fund/m/keren/about_the_fund_kgm_pension_fund/,גורמים קשורים,https://amitim.com/keren/related_entities_farmers_pension_fund/
2026-09-30T22:38:47+00:00,520022963,"קופת הפנסיה לעובדי הדסה בע""מ",new_item,https://amitim.com/keren/investment_policy_farmers_provident_fund/m/keren/about_the_fund_kgm_pension_fund/m/keren/about_the_fund_kgm_pension_fund/,גורמים קשורים,https://amitim.com/keren/related_entities_farmers_provident_fund/
2026-09-30T22:38:47+00:00,520022963,"קופת הפנסיה לעובדי הדסה בע""מ",new_item,https://amitim.com/keren/investment_policy_farmers_provident_fund/m/keren/about_the_fund_kgm_pension_fund/m/keren/about_the_fund_kgm_pension_fund/,גורמים קשורים,https://amitim.com/keren/related_factors_pension_fund_building/
2026-09-30T22:38:47+00:00,520022963,"קופת הפנסיה לעובדי הדסה בע""מ",new_item,https://amitim.com/keren/investment_policy_farmers_provident_fund/m/keren/about_the_fund_kgm_pension_fund/m/keren/about_the_fund_kgm_pension_fund/,גורמים קשורים,https://amitim.com/keren/related_entities_provident_fund_building/
2026-09-30T22:38:47+00:00,520022963,"קופת הפנסיה לעובדי הדסה בע""מ",new_item,https://amitim.com/keren/investment_policy_farmers_provident_fund/m/keren/about_the_fund_kgm_pension_fund/m/keren/about_the_fund_kgm_pension_fund/,גורמים קשורים,https://amitim.com/keren/related_entities_kgm_pension_fund/
2026-09-30T22:38:47+00:00,520022963,"קופת הפנסיה לעובדי הדסה בע""מ",new_item,https://amitim.com/keren/investment_policy_farmers_provident_fund/m/keren/about_the_fund_kgm_pension_fund/m/keren/about_the_fund_kgm_pension_fund/,גורמים קשורים,https://amitim.com/keren/related_entities_nativ_pension_fund/
2026-09-30T22:38:47+00:00,520022963,"קופת הפנסיה לעובדי הדסה בע""מ",new_item,https://amitim.com/keren/investment_policy_farmers_provident_fund/m/keren/about_the_fund_kgm_pension_fund/m/keren/about_the_fund_kgm_pension_fund/,גורמים קשורים,https://amitim.com/keren/related_parties_egged_pension_fund/
2026-09-30T22:38:47+00:00,520022963,"קופת הפנסיה לעובדי הדסה בע""מ",new_item,https://amitim.com/keren/investment_policy_farmers_provident_fund/m/keren/about_the_fund_kgm_pension_fund/m/keren/about_the_fund_kgm_pension_fund/,גורמים קשורים,https://amitim.com/keren/related_entities_hadassah_pension_fund/
2026-09-30T22:38:47+00:00,520022963,"קופת הפנסיה לעובדי הדסה בע""מ",new_item,https://amitim.com/keren/investment_policy_farmers_provident_fund/m/keren/about_the_fund_kgm_pension_fund/m/keren/about_the_fund_kgm_pension_fund/,בניין,https://amitim.com/keren/about_the_fund_pension_fund_building/
2026-09-30T22:38:47+00:00,520022963,"קופת הפנסיה לעובדי הדסה בע""מ",new_item,https://amitim.com/keren/investment_policy_farmers_provident_fund/m/keren/about_the_fund_kgm_pension_fund/m/keren/about_the_fund_kgm_pension_fund/,אודות הקרן,https://amitim.com/keren/about_the_fund_mivtachim_provident_fund/
2026-09-30T22:38:47+00:00,520022963,"קופת הפנסיה לעובדי הדסה בע""מ",new_item,https://amitim.com/keren/investment_policy_farmers_provident_fund/m/keren/about_the_fund_kgm_pension_fund/m/keren/about_the_fund_kgm_pension_fund/,אודות הקרן,https://amitim.com/keren/about_the_fund_makefet_provident_fund/
2026-09-30T22:38:47+00:00,520022963,"קופת הפנסיה לעובדי הדסה בע""מ",new_item,https://amitim.com/keren/investment_policy_farmers_provident_fund/m/keren/about_the_fund_kgm_pension_fund/m/keren/about_the_fund_kgm_pension_fund/,אודות הקופה,https://amitim.com/keren/about_the_fund_farmers_provident_fund/
2026-09-30T22:38:47+00:00,520022963,"קופת הפנסיה לעובדי הדסה בע""מ",new_item,https://amitim.com/keren/investment_policy_farmers_provident_fund/m/keren/about_the_fund_kgm_pension_fund/m/keren/about_the_fund_kgm_pension_fund/,אודות הקופה,https://amitim.com/keren/about_the_fund_provident_fund_building/
2026-09-30T22:38:47+00:00,520022963,"קופת הפנסיה לעובדי הדסה בע""מ",new_item,https://amitim.com/keren/investment_policy_farmers_provident_fund/m/keren/about_the_fund_kgm_pension_fund/m/keren/about_the_fund_kgm_pension_fund/,אגד,https://amitim.com/keren/about_the_fund_egged_pension_fund/
2026-09-30T22:38:47+00:00,520022963,"קופת הפנסיה לעובדי הדסה בע""מ",new_item,https://amitim.com/keren/investment_policy_building_a_pension_fund/m/keren/about_the_fund_kgm_pension_fund/m/keren/about_the_fund_kgm_pension_fund/,קצבת שארים,https://amitim.com/info-center/amitim/survivors_pension/
2026-09-30T22:38:47+00:00,520022963,"קופת הפנסיה לעובדי הדסה בע""מ",new_item,https://amitim.com/keren/investment_policy_building_a_pension_fund/m/keren/about_the_fund_kgm_pension_fund/m/keren/about_the_fund_kgm_pension_fund/,קצבת נכות,https://amitim.com/info-center/amitim/disability-pension/
2026-09-30T22:38:47+00:00,520022963,"קופת הפנסיה לעובדי הדסה בע""מ",new_item,https://amitim.com/keren/investment_policy_building_a_pension_fund/m/keren/about_the_fund_kgm_pension_fund/m/keren/about_the_fund_kgm_pension_fund/,קגמ קרן פנסיה,https://amitim.com/keren/about_the_fund_kgm_pension_fund/
2026-09-30T22:38:47+00:00,520022963,"קופת הפנסיה לעובדי הדסה בע""מ",new_item,https://amitim.com/keren/investment_policy_building_a_pension_fund/m/keren/about_the_fund_kgm_pension_fund/m/keren/about_the_fund_kgm_pension_fund/,פרישה לפנסיה,https://amitim.com/info-center/employers/retirement/
2026-09-30T22:38:47+00:00,520022963,"קופת הפנסיה לעובדי הדסה בע""מ",new_item,https://amitim.com/keren/investment_policy_building_a_pension_fund/m/keren/about_the_fund_kgm_pension_fund/m/keren/about_the_fund_kgm_pension_fund/,נתיב,https://amitim.com/keren/about_the_fund_nativ_pension_fund/
2026-09-30T22:38:47+00:00,520022963,"קופת הפנסיה לעובדי הדסה בע""מ",new_item,https://amitim.com/keren/investment_policy_building_a_pension_fund/m/keren/about_the_fund_kgm_pension_fund/m/keren/about_the_fund_kgm_pension_fund/,נכסי הקרן,https://amitim.com/keren/fund_assets_makefet_pension_fund/
2026-09-30T22:38:47+00:00,520022963,"קופת הפנסיה לעובדי הדסה בע""מ",new_item,https://amitim.com/keren/investment_policy_building_a_pension_fund/m/keren/about_the_fund_kgm_pension_fund/m/keren/about_the_fund_kgm_pension_fund/,נכסי הקרן,https://amitim.com/keren/fund_assets_farmers_pension_fund/
2026-09-30T22:38:47+00:00,520022963,"קופת הפנסיה לעובדי הדסה בע""מ",new_item,https://amitim.com/keren/investment_policy_building_a_pension_fund/m/keren/about_the_fund_kgm_pension_fund/m/keren/about_the_fund_kgm_pension_fund/,נכסי הקרן,https://amitim.com/keren/fund_assets_pension_fund_building/
2026-09-30T22:38:47+00:00,520022963,"קופת הפנסיה לעובדי הדסה בע""מ",new_item,https://amitim.com/keren/investment_policy_building_a_pension_fund/m/keren/about_the_fund_kgm_pension_fund/m/keren/about_the_fund_kgm_pension_fund/,נכסי הקרן,https://amitim.com/keren/fund_assets_kgm_pension_fund/
2026-09-30T22:38:47+00:00,520022963,"קופת הפנסיה לעובדי הדסה בע""מ",new_item,https://amitim.com/keren/investment_policy_building_a_pension_fund/m/keren/about_the_fund_kgm_pension_fund/m/keren/about_the_fund_kgm_pension_fund/,נכסי הקרן,https://amitim.com/keren/fund_assets_nativ_pension_fund/
2026-09-30T22:38:47+00:00,520022963,"קופת הפנסיה לעובדי הדסה בע""מ",new_item,https://amitim.com/keren/investment_policy_building_a_pension_fund/m/keren/about_the_fund_kgm_pension_fund/m/keren/about_the_fund_kgm_pension_fund/,נכסי הקרן,https://amitim.com/keren/fund_assets_egged_pension_fund/
2026-09-30T22:38:47+00:00,520022963,"קופת הפנסיה לעובדי הדסה בע""מ",new_item,https://amitim.com/keren/investment_policy_building_a_pension_fund/m/keren/about_the_fund_kgm_pension_fund/m/keren/about_the_fund_kgm_pension_fund/,נכסי הקרן,https://amitim.com/keren/fund_assets_hadassah_pension_fund/
2026-09-30T22:38:47+00:00,520022963,"קופת הפנסיה לעובדי הדסה בע""מ",new_item,https://amitim.com/keren/investment_policy_building_a_pension_fund/m/keren/about_the_fund_kgm_pension_fund/m/keren/about_the_fund_kgm_pension_fund/,נכסי הקופה,https://amitim.com/keren/fund_assets_provident_fund_insurers/
2026-09-30T22:38:47+00:00,520022963,"קופת הפנסיה לעובדי הדסה בע""מ",new_item,https://amitim.com/keren/investment_policy_building_a_pension_fund/m/keren/about_the_fund_kgm_pension_fund/m/keren/about_the_fund_kgm_pension_fund/,נכסי הקופה,https://amitim.com/keren/fund_assets_makefet_provident_fund/
2026-09-30T22:38:47+00:00,520022963,"קופת הפנסיה לעובדי הדסה בע""מ",new_item,https://amitim.com/keren/investment_policy_building_a_pension_fund/m/keren/about_the_fund_kgm_pension_fund/m/keren/about_the_fund_kgm_pension_fund/,נכסי הקופה,https://amitim.com/keren/fund_assets_farmers_provident_fund/
2026-09-30T22:38:47+00:00,520022963,"קופת הפנסיה לעובדי הדסה בע""מ",new_item,https://amitim.com/keren/investment_policy_building_a_pension_fund/m/keren/about_the_fund_kgm_pension_fund/m/keren/about_the_fund_kgm_pension_fund/,נכסי הקופה,https://amitim.com/keren/fund_assets_provident_fund_building/
2026-09-30T22:38:47+00:00,520022963,"קופת הפנסיה לעובדי הדסה בע""מ",new_item,https://amitim.com/keren/investment_policy_building_a_pension_fund/m/keren/about_the_fund_kgm_pension_fund/m/keren/about_the_fund_kgm_pension_fund/,משיכת כספים של עמית שנפטר,https://amitim.com/keren/withdrawing_funds_from_a_deceased_colleague_farmers_provident_fund/
2026-09-30T22:38:47+00:00,520022963,"קופת הפנסיה לעובדי הדסה בע""מ",new_item,https://amitim.com/keren/investment_policy_building_a_pension_fund/m/keren/about_the_fund_kgm_pension_fund/m/keren/about_the_fund_kgm_pension_fund/,משיכת כספים של עמית שנפטר,https://amitim.com/keren/withdrawing_funds_from_a_deceased-colleague_provident_fund_building/
2026-09-30T22:38:47+00:00,520022963,"קופת הפנסיה לעובדי הדסה בע""מ",new_item,https://amitim.com/keren/investment_policy_building_a_pension_fund/m/keren/about_the_fund_kgm_pension_fund/m/keren/about_the_fund_kgm_pension_fund/,מקפת,https://amitim.com/keren/about_the_fund_makefet_pension_fund/
2026-09-30T22:38:47+00:00,520022963,"קופת הפנסיה לעובדי הדסה בע""מ",new_item,https://amitim.com/keren/investment_policy_building_a_pension_fund/m/keren/about_the_fund_kgm_pension_fund/m/keren/about_the_fund_kgm_pension_fund/,מידע סטטיסטי,https://amitim.com/keren/statistical_information_pension_insurers/
2026-09-30T22:38:47+00:00,520022963,"קופת הפנסיה לעובדי הדסה בע""מ",new_item,https://amitim.com/keren/investment_policy_building_a_pension_fund/m/keren/about_the_fund_kgm_pension_fund/m/keren/about_the_fund_kgm_pension_fund/,מידע סטטיסטי,https://amitim.com/keren/statistical_information_pension_fund_circle/
2026-09-30T22:38:47+00:00,520022963,"קופת הפנסיה לעובדי הדסה בע""מ",new_item,https://amitim.com/keren/investment_policy_building_a_pension_fund/m/keren/about_the_fund_kgm_pension_fund/m/keren/about_the_fund_kgm_pension_fund/,מידע סטטיסטי,https://amitim.com/keren/statistical_information_farmers_pension_fund/
2026-09-30T22:38:47+00:00,520022963,"קופת הפנסיה לעובדי הדסה בע""מ",new_item,https://amitim.com/keren/investment_policy_building_a_pension_fund/m/keren/about_the_fund_kgm_pension_fund/m/keren/about_the_fund_kgm_pension_fund/,מידע סטטיסטי,https://amitim.com/statistical_information_pension_fund_building/
2026-09-30T22:38:47+00:00,520022963,"קופת הפנסיה לעובדי הדסה בע""מ",new_item,https://amitim.com/keren/investment_policy_building_a_pension_fund/m/keren/about_the_fund_kgm_pension_fund/m/keren/about_the_fund_kgm_pension_fund/,מידע סטטיסטי,https://amitim.com/keren/statistical_information_kgm_pension_fund/
2026-09-30T22:38:47+00:00,520022963,"קופת הפנסיה לעובדי הדסה בע""מ",new_item,https://amitim.com/keren/investment_policy_building_a_pension_fund/m/keren/about_the_fund_kgm_pension_fund/m/keren/about_the_fund_kgm_pension_fund/,מידע סטטיסטי,https://amitim.com/keren/statistical_information_nativ_pension_fund/
2026-09-30T22:38:47+00:00,520022963,"קופת הפנסיה לעובדי הדסה בע""מ",new_item,https://amitim.com/keren/investment_policy_building_a_pension_fund/m/keren/about_the_fund_kgm_pension_fund/m/keren/about_the_fund_kgm_pension_fund/,מידע סטטיסטי,https://amitim.com/keren/statistical_information_egged_pension_fund/
2026-09-30T22:38:47+00:00,520022963,"קופת הפנסיה לעובדי הדסה בע""מ",new_item,https://amitim.com/keren/investment_policy_building_a_pension_fund/m/keren/about_the_fund_kgm_pension_fund/m/keren/about_the_fund_kgm_pension_fund/,מידע סטטיסטי,https://amitim.com/keren/statistical_information_hadassah_pension_fund/
2026-09-30T22:38:47+00:00,520022963,"קופת הפנסיה לעובדי הדסה בע""מ",new_item,https://amitim.com/keren/investment_policy_building_a_pension_fund/m/keren/about_the_fund_kgm_pension_fund/m/keren/about_the_fund_kgm_pension_fund/,יציאה לפנסיה,https://amitim.com/info-center/amitim/retirement/
2026-09-30T22:38:47+00:00,520022963,"קופת הפנסיה לעובדי הדסה בע""מ",new_item,https://amitim.com/keren/investment_policy_building_a_pension_fund/m/keren/about_the_fund_kgm_pension_fund/m/keren/about_the_fund_kgm_pension_fund/,חקלאים,https://amitim.com/keren/about_the_fund_farmers_pension_fund/
2026-09-30T22:38:47+00:00,520022963,"קופת הפנסיה לעובדי הדסה בע""מ",new_item,https://amitim.com/keren/investment_policy_building_a_pension_fund/m/keren/about_the_fund_kgm_pension_fund/m/keren/about_the_fund_kgm_pension_fund/,הצבעות באסיפות,https://amitim.com/keren/voting_at_meetings_pension_insurers/
2026-09-30T22:38:47+00:00,520022963,"קופת הפנסיה לעובדי הדסה בע""מ",new_item,https://amitim.com/keren/investment_policy_building_a_pension_fund/m/keren/about_the_fund_kgm_pension_fund/m/keren/about_the_fund_kgm_pension_fund/,הצבעות באסיפות,https://amitim.com/keren/voting_at_meetings_provident_insurance/
2026-09-30T22:38:47+00:00,520022963,"קופת הפנסיה לעובדי הדסה בע""מ",new_item,https://amitim.com/keren/investment_policy_building_a_pension_fund/m/keren/about_the_fund_kgm_pension_fund/m/keren/about_the_fund_kgm_pension_fund/,הצבעות באסיפות,https://amitim.com/keren/voting_at_meetings_pension_fund_circle/
2026-09-30T22:38:47+00:00,520022963,"קופת הפנסיה לעובדי הדסה בע""מ",new_item,https://amitim.com/keren/investment_policy_building_a_pension_fund/m/keren/about_the_fund_kgm_pension_fund/m/keren/about_the_fund_kgm_pension_fund/,הצבעות באסיפות,https://amitim.com/keren/voting_at_meetings_provident_fund_circle/
2026-09-30T22:38:47+00:00,520022963,"קופת הפנסיה לעובדי הדסה בע""מ",new_item,https://amitim.com/keren/investment_policy_building_a_pension_fund/m/keren/about_the_fund_kgm_pension_fund/m/keren/about_the_fund_kgm_pension_fund/,הצבעות באסיפות,https://amitim.com/keren/voting_at_meetings_farmers_pension_fund/
2026-09-30T22:38:47+00:00,520022963,"קופת הפנסיה לעובדי הדסה בע""מ",new_item,https://amitim.com/keren/investment_policy_building_a_pension_fund/m/keren/about_the_fund_kgm_pension_fund/m/keren/about_the_fund_kgm_pension_fund/,הצבעות באסיפות,https://amitim.com/keren/voting_at_meetings_farmers_provident_fund/
2026-09-30T22:38:47+00:00,520022963,"קופת הפנסיה לעובדי הדסה בע""מ",new_item,https://amitim.com/keren/investment_policy_building_a_pension_fund/m/keren/about_the_fund_kgm_pension_fund/m/keren/about_the_fund_kgm_pension_fund/,הצבעות באסיפות,https://amitim.com/keren/voting_at_meetings_pension_fund_building/
2026-09-30T22:38:47+00:00,520022963,"קופת הפנסיה לעובדי הדסה בע""מ",new_item,https://amitim.com/keren/investment_policy_building_a_pension_fund/m/keren/about_the_fund_kgm_pension_fund/m/keren/about_the_fund_kgm_pension_fund/,הצבעות באסיפות,https://amitim.com/keren/voting_at_meetings_provident_fund-building/
2026-09-30T22:38:47+00:00,520022963,"קופת הפנסיה לעובדי הדסה בע""מ",new_item,https://amitim.com/keren/investment_policy_building_a_pension_fund/m/keren/about_the_fund_kgm_pension_fund/m/keren/about_the_fund_kgm_pension_fund/,הצבעות באסיפות,https://amitim.com/keren/voting_at_meetings_kgm_pension-fund/
2026-09-30T22:38:47+00:00,520022963,"קופת הפנסיה לעובדי הדסה בע""מ",new_item,https://amitim.com/keren/investment_policy_building_a_pension_fund/m/keren/about_the_fund_kgm_pension_fund/m/keren/about_the_fund_kgm_pension_fund/,הצבעות באסיפות,https://amitim.com/keren/voting_at_meetings_nativ_pension_fund/
2026-09-30T22:38:47+00:00,520022963,"קופת הפנסיה לעובדי הדסה בע""מ",new_item,https://amitim.com/keren/investment_policy_building_a_pension_fund/m/keren/about_the_fund_kgm_pension_fund/m/keren/about_the_fund_kgm_pension_fund/,הצבעות באסיפות,https://amitim.com/keren/voting_at_meetings_egged_pension_fund/
2026-09-30T22:38:47+00:00,520022963,"קופת הפנסיה לעובדי הדסה בע""מ",new_item,https://amitim.com/keren/investment_policy_building_a_pension_fund/m/keren/about_the_fund_kgm_pension_fund/m/keren/about_the_fund_kgm_pension_fund/,הצבעות באסיפות,https://amitim.com/keren/voting_at_meetings_hadassah_pension_fund/
2026-09-30T22:38:47+00:00,520022963,"קופת הפנסיה לעובדי הדסה בע""מ",new_item,https://amitim.com/keren/investment_policy_building_a_pension_fund/m/keren/about_the_fund_kgm_pension_fund/m/keren/about_the_fund_kgm_pension_fund/,הפנסיה שלי,https://amitim.com/info-center/retirees/my_pension/
2026-09-30T22:38:47+00:00,520022963,"קופת הפנסיה לעובדי הדסה בע""מ",new_item,https://amitim.com/keren/investment_policy_building_a_pension_fund/m/keren/about_the_fund_kgm_pension_fund/m/keren/about_the_fund_kgm_pension_fund/,החוק לחלוקת חיסכון פנסיוני,https://amitim.com/info-center/amitim/distribution_of_pension_savings/
2026-09-30T22:38:47+00:00,520022963,"קופת הפנסיה לעובדי הדסה בע""מ",new_item,https://amitim.com/keren/investment_policy_building_a_pension_fund/m/keren/about_the_fund_kgm_pension_fund/m/keren/about_the_fund_kgm_pension_fund/,הדסה,https://amitim.com/keren/about-_he_fund_hadassah_pension_fund/
2026-09-30T22:38:47+00:00,520022963,"קופת הפנסיה לעובדי הדסה בע""מ",new_item,https://amitim.com/keren/investment_policy_building_a_pension_fund/m/keren/about_the_fund_kgm_pension_fund/m/keren/about_the_fund_kgm_pension_fund/,דוחות כספיים,https://amitim.com/keren/financial_statements_provident_fund_insurers/
2026-09-30T22:38:47+00:00,520022963,"קופת הפנסיה לעובדי הדסה בע""מ",new_item,https://amitim.com/keren/investment_policy_building_a_pension_fund/m/keren/about_the_fund_kgm_pension_fund/m/keren/about_the_fund_kgm_pension_fund/,דוחות כספיים,https://amitim.com/keren/financial_statements_pension_fund_overview/
2026-09-30T22:38:47+00:00,520022963,"קופת הפנסיה לעובדי הדסה בע""מ",new_item,https://amitim.com/keren/investment_policy_building_a_pension_fund/m/keren/about_the_fund_kgm_pension_fund/m/keren/about_the_fund_kgm_pension_fund/,דוחות כספיים,https://amitim.com/keren/financial_statements_provident_fund_circle/
2026-09-30T22:38:47+00:00,520022963,"קופת הפנסיה לעובדי הדסה בע""מ",new_item,https://amitim.com/keren/investment_policy_building_a_pension_fund/m/keren/about_the_fund_kgm_pension_fund/m/keren/about_the_fund_kgm_pension_fund/,דוחות כספיים,https://amitim.com/keren/financial_statements_kgm_pension_fund/
2026-09-30T22:38:47+00:00,520022963,"קופת הפנסיה לעובדי הדסה בע""מ",new_item,https://amitim.com/keren/investment_policy_building_a_pension_fund/m/keren/about_the_fund_kgm_pension_fund/m/keren/about_the_fund_kgm_pension_fund/,גורמים קשורים,https://amitim.com/keren/related_parties_provident_fund_insurers/
2026-09-30T22:38:47+00:00,520022963,"קופת הפנסיה לעובדי הדסה בע""מ",new_item,https://amitim.com/keren/investment_policy_building_a_pension_fund/m/keren/about_the_fund_kgm_pension_fund/m/keren/about_the_fund_kgm_pension_fund/,גורמים קשורים,https://amitim.com/keren/related_factors_pension_fund_circle/
2026-09-30T22:38:47+00:00,520022963,"קופת הפנסיה לעובדי הדסה בע""מ",new_item,https://amitim.com/keren/investment_policy_building_a_pension_fund/m/keren/about_the_fund_kgm_pension_fund/m/keren/about_the_fund_kgm_pension_fund/,גורמים קשורים,https://amitim.com/keren/related_factors_provident_fund_circle/
2026-09-30T22:38:47+00:00,520022963,"קופת הפנסיה לעובדי הדסה בע""מ",new_item,https://amitim.com/keren/investment_policy_building_a_pension_fund/m/keren/about_the_fund_kgm_pension_fund/m/keren/about_the_fund_kgm_pension_fund/,גורמים קשורים,https://amitim.com/keren/related_entities_farmers_pension_fund/
2026-09-30T22:38:47+00:00,520022963,"קופת הפנסיה לעובדי הדסה בע""מ",new_item,https://amitim.com/keren/investment_policy_building_a_pension_fund/m/keren/about_the_fund_kgm_pension_fund/m/keren/about_the_fund_kgm_pension_fund/,גורמים קשורים,https://amitim.com/keren/related_entities_farmers_provident_fund/
2026-09-30T22:38:47+00:00,520022963,"קופת הפנסיה לעובדי הדסה בע""מ",new_item,https://amitim.com/keren/investment_policy_building_a_pension_fund/m/keren/about_the_fund_kgm_pension_fund/m/keren/about_the_fund_kgm_pension_fund/,גורמים קשורים,https://amitim.com/keren/related_factors_pension_fund_building/
2026-09-30T22:38:47+00:00,520022963,"קופת הפנסיה לעובדי הדסה בע""מ",new_item,https://amitim.com/keren/investment_policy_building_a_pension_fund/m/keren/about_the_fund_kgm_pension_fund/m/keren/about_the_fund_kgm_pension_fund/,גורמים קשורים,https://amitim.com/keren/related_entities_provident_fund_building/
2026-09-30T22:38:47+00:00,520022963,"קופת הפנסיה לעובדי הדסה בע""מ",new_item,https://amitim.com/keren/investment_policy_building_a_pension_fund/m/keren/about_the_fund_kgm_pension_fund/m/keren/about_the_fund_kgm_pension_fund/,גורמים קשורים,https://amitim.com/keren/related_entities_kgm_pension_fund/
2026-09-30T22:38:47+00:00,520022963,"קופת הפנסיה לעובדי הדסה בע""מ",new_item,https://amitim.com/keren/investment_policy_building_a_pension_fund/m/keren/about_the_fund_kgm_pension_fund/m/keren/about_the_fund_kgm_pension_fund/,גורמים קשורים,https://amitim.com/keren/related_entities_nativ_pension_fund/
2026-09-30T22:38:47+00:00,520022963,"קופת הפנסיה לעובדי הדסה בע""מ",new_item,https://amitim.com/keren/investment_policy_building_a_pension_fund/m/keren/about_the_fund_kgm_pension_fund/m/keren/about_the_fund_kgm_pension_fund/,גורמים קשורים,https://amitim.com/keren/related_parties_egged_pension_fund/
2026-09-30T22:38:47+00:00,520022963,"קופת הפנסיה לעובדי הדסה בע""מ",new_item,https://amitim.com/keren/investment_policy_building_a_pension_fund/m/keren/about_the_fund_kgm_pension_fund/m/keren/about_the_fund_kgm_pension_fund/,גורמים קשורים,https://amitim.com/keren/related_entities_hadassah_pension_fund/
2026-09-30T22:38:47+00:00,520022963,"קופת הפנסיה לעובדי הדסה בע""מ",new_item,https://amitim.com/keren/investment_policy_building_a_pension_fund/m/keren/about_the_fund_kgm_pension_fund/m/keren/about_the_fund_kgm_pension_fund/,בניין,https://amitim.com/keren/about_the_fund_pension_fund_building/
2026-09-30T22:38:47+00:00,520022963,"קופת הפנסיה לעובדי הדסה בע""מ",new_item,https://amitim.com/keren/investment_policy_building_a_pension_fund/m/keren/about_the_fund_kgm_pension_fund/m/keren/about_the_fund_kgm_pension_fund/,אודות הקרן,https://amitim.com/keren/about_the_fund_mivtachim_provident_fund/
2026-09-30T22:38:47+00:00,520022963,"קופת הפנסיה לעובדי הדסה בע""מ",new_item,https://amitim.com/keren/investment_policy_building_a_pension_fund/m/keren/about_the_fund_kgm_pension_fund/m/keren/about_the_fund_kgm_pension_fund/,אודות הקרן,https://amitim.com/keren/about_the_fund_makefet_provident_fund/
2026-09-30T22:38:47+00:00,520022963,"קופת הפנסיה לעובדי הדסה בע""מ",new_item,https://amitim.com/keren/investment_policy_building_a_pension_fund/m/keren/about_the_fund_kgm_pension_fund/m/keren/about_the_fund_kgm_pension_fund/,אודות הקופה,https://amitim.com/keren/about_the_fund_farmers_provident_fund/
2026-09-30T22:38:47+00:00,520022963,"קופת הפנסיה לעובדי הדסה בע""מ",new_item,https://amitim.com/keren/investment_policy_building_a_pension_fund/m/keren/about_the_fund_kgm_pension_fund/m/keren/about_the_fund_kgm_pension_fund/,אודות הקופה,https://amitim.com/keren/about_the_fund_provident_fund_building/
2026-09-30T22:38:47+00:00,520022963,"קופת הפנסיה לעובדי הדסה בע""מ",new_item,https://amitim.com/keren/investment_policy_building_a_pension_fund/m/keren/about_the_fund_kgm_pension_fund/m/keren/about_the_fund_kgm_pension_fund/,אגד,https://amitim.com/keren/about_the_fund_egged_pension_fund/
2026-09-30T22:38:47+00:00,520022963,"קופת הפנסיה לעובדי הדסה בע""מ",new_item,https://amitim.com/keren/investment_policy_provident_fund_building/m/keren/about_the_fund_kgm_pension_fund/m/keren/about_the_fund_kgm_pension_fund/,קצבת שארים,https://amitim.com/info-center/amitim/survivors_pension/
2026-09-30T22:38:47+00:00,520022963,"קופת הפנסיה לעובדי הדסה בע""מ",new_item,https://amitim.com/keren/investment_policy_provident_fund_building/m/keren/about_the_fund_kgm_pension_fund/m/keren/about_the_fund_kgm_pension_fund/,קצבת נכות,https://amitim.com/info-center/amitim/disability-pension/
2026-09-30T22:38:47+00:00,520022963,"קופת הפנסיה לעובדי הדסה בע""מ",new_item,https://amitim.com/keren/investment_policy_provident_fund_building/m/keren/about_the_fund_kgm_pension_fund/m/keren/about_the_fund_kgm_pension_fund/,קגמ קרן פנסיה,https://amitim.com/keren/about_the_fund_kgm_pension_fund/
2026-09-30T22:38:47+00:00,520022963,"קופת הפנסיה לעובדי הדסה בע""מ",new_item,https://amitim.com/keren/investment_policy_provident_fund_building/m/keren/about_the_fund_kgm_pension_fund/m/keren/about_the_fund_kgm_pension_fund/,פרישה לפנסיה,https://amitim.com/info-center/employers/retirement/
2026-09-30T22:38:47+00:00,520022963,"קופת הפנסיה לעובדי הדסה בע""מ",new_item,https://amitim.com/keren/investment_policy_provident_fund_building/m/keren/about_the_fund_kgm_pension_fund/m/keren/about_the_fund_kgm_pension_fund/,נתיב,https://amitim.com/keren/about_the_fund_nativ_pension_fund/
2026-09-30T22:38:47+00:00,520022963,"קופת הפנסיה לעובדי הדסה בע""מ",new_item,https://amitim.com/keren/investment_policy_provident_fund_building/m/keren/about_the_fund_kgm_pension_fund/m/keren/about_the_fund_kgm_pension_fund/,נכסי הקרן,https://amitim.com/keren/fund_assets_makefet_pension_fund/
2026-09-30T22:38:47+00:00,520022963,"קופת הפנסיה לעובדי הדסה בע""מ",new_item,https://amitim.com/keren/investment_policy_provident_fund_building/m/keren/about_the_fund_kgm_pension_fund/m/keren/about_the_fund_kgm_pension_fund/,נכסי הקרן,https://amitim.com/keren/fund_assets_farmers_pension_fund/
2026-09-30T22:38:47+00:00,520022963,"קופת הפנסיה לעובדי הדסה בע""מ",new_item,https://amitim.com/keren/investment_policy_provident_fund_building/m/keren/about_the_fund_kgm_pension_fund/m/keren/about_the_fund_kgm_pension_fund/,נכסי הקרן,https://amitim.com/keren/fund_assets_pension_fund_building/
2026-09-30T22:38:47+00:00,520022963,"קופת הפנסיה לעובדי הדסה בע""מ",new_item,https://amitim.com/keren/investment_policy_provident_fund_building/m/keren/about_the_fund_kgm_pension_fund/m/keren/about_the_fund_kgm_pension_fund/,נכסי הקרן,https://amitim.com/keren/fund_assets_kgm_pension_fund/
2026-09-30T22:38:47+00:00,520022963,"קופת הפנסיה לעובדי הדסה בע""מ",new_item,https://amitim.com/keren/investment_policy_provident_fund_building/m/keren/about_the_fund_kgm_pension_fund/m/keren/about_the_fund_kgm_pension_fund/,נכסי הקרן,https://amitim.com/keren/fund_assets_nativ_pension_fund/
2026-09-30T22:38:47+00:00,520022963,"קופת הפנסיה לעובדי הדסה בע""מ",new_item,https://amitim.com/keren/investment_policy_provident_fund_building/m/keren/about_the_fund_kgm_pension_fund/m/keren/about_the_fund_kgm_pension_fund/,נכסי הקרן,https://amitim.com/keren/fund_assets_egged_pension_fund/
2026-09-30T22:38:47+00:00,520022963,"קופת הפנסיה לעובדי הדסה בע""מ",new_item,https://amitim.com/keren/investment_policy_provident_fund_building/m/keren/about_the_fund_kgm_pension_fund/m/keren/about_the_fund_kgm_pension_fund/,נכסי הקרן,https://amitim.com/keren/fund_assets_hadassah_pension_fund/
2026-09-30T22:38:47+00:00,520022963,"קופת הפנסיה לעובדי הדסה בע""מ",new_item,https://amitim.com/keren/investment_policy_provident_fund_building/m/keren/about_the_fund_kgm_pension_fund/m/keren/about_the_fund_kgm_pension_fund/,נכסי הקופה,https://amitim.com/keren/fund_assets_provident_fund_insurers/
2026-09-30T22:38:47+00:00,520022963,"קופת הפנסיה לעובדי הדסה בע""מ",new_item,https://amitim.com/keren/investment_policy_provident_fund_building/m/keren/about_the_fund_kgm_pension_fund/m/keren/about_the_fund_kgm_pension_fund/,נכסי הקופה,https://amitim.com/keren/fund_assets_makefet_provident_fund/
2026-09-30T22:38:47+00:00,520022963,"קופת הפנסיה לעובדי הדסה בע""מ",new_item,https://amitim.com/keren/investment_policy_provident_fund_building/m/keren/about_the_fund_kgm_pension_fund/m/keren/about_the_fund_kgm_pension_fund/,נכסי הקופה,https://amitim.com/keren/fund_assets_farmers_provident_fund/
2026-09-30T22:38:47+00:00,520022963,"קופת הפנסיה לעובדי הדסה בע""מ",new_item,https://amitim.com/keren/investment_policy_provident_fund_building/m/keren/about_the_fund_kgm_pension_fund/m/keren/about_the_fund_kgm_pension_fund/,נכסי הקופה,https://amitim.com/keren/fund_assets_provident_fund_building/
2026-09-30T22:38:47+00:00,520022963,"קופת הפנסיה לעובדי הדסה בע""מ",new_item,https://amitim.com/keren/investment_policy_provident_fund_building/m/keren/about_the_fund_kgm_pension_fund/m/keren/about_the_fund_kgm_pension_fund/,משיכת כספים של עמית שנפטר,https://amitim.com/keren/withdrawing_funds_from_a_deceased_colleague_farmers_provident_fund/
2026-09-30T22:38:47+00:00,520022963,"קופת הפנסיה לעובדי הדסה בע""מ",new_item,https://amitim.com/keren/investment_policy_provident_fund_building/m/keren/about_the_fund_kgm_pension_fund/m/keren/about_the_fund_kgm_pension_fund/,משיכת כספים של עמית שנפטר,https://amitim.com/keren/withdrawing_funds_from_a_deceased-colleague_provident_fund_building/
2026-09-30T22:38:47+00:00,520022963,"קופת הפנסיה לעובדי הדסה בע""מ",new_item,https://amitim.com/keren/investment_policy_provident_fund_building/m/keren/about_the_fund_kgm_pension_fund/m/keren/about_the_fund_kgm_pension_fund/,מקפת,https://amitim.com/keren/about_the_fund_makefet_pension_fund/
2026-09-30T22:38:47+00:00,520022963,"קופת הפנסיה לעובדי הדסה בע""מ",new_item,https://amitim.com/keren/investment_policy_provident_fund_building/m/keren/about_the_fund_kgm_pension_fund/m/keren/about_the_fund_kgm_pension_fund/,מידע סטטיסטי,https://amitim.com/keren/statistical_information_pension_insurers/
2026-09-30T22:38:47+00:00,520022963,"קופת הפנסיה לעובדי הדסה בע""מ",new_item,https://amitim.com/keren/investment_policy_provident_fund_building/m/keren/about_the_fund_kgm_pension_fund/m/keren/about_the_fund_kgm_pension_fund/,מידע סטטיסטי,https://amitim.com/keren/statistical_information_pension_fund_circle/
2026-09-30T22:38:47+00:00,520022963,"קופת הפנסיה לעובדי הדסה בע""מ",new_item,https://amitim.com/keren/investment_policy_provident_fund_building/m/keren/about_the_fund_kgm_pension_fund/m/keren/about_the_fund_kgm_pension_fund/,מידע סטטיסטי,https://amitim.com/keren/statistical_information_farmers_pension_fund/
2026-09-30T22:38:47+00:00,520022963,"קופת הפנסיה לעובדי הדסה בע""מ",new_item,https://amitim.com/keren/investment_policy_provident_fund_building/m/keren/about_the_fund_kgm_pension_fund/m/keren/about_the_fund_kgm_pension_fund/,מידע סטטיסטי,https://amitim.com/statistical_information_pension_fund_building/
2026-09-30T22:38:47+00:00,520022963,"קופת הפנסיה לעובדי הדסה בע""מ",new_item,https://amitim.com/keren/investment_policy_provident_fund_building/m/keren/about_the_fund_kgm_pension_fund/m/keren/about_the_fund_kgm_pension_fund/,מידע סטטיסטי,https://amitim.com/keren/statistical_information_kgm_pension_fund/
2026-09-30T22:38:47+00:00,520022963,"קופת הפנסיה לעובדי הדסה בע""מ",new_item,https://amitim.com/keren/investment_policy_provident_fund_building/m/keren/about_the_fund_kgm_pension_fund/m/keren/about_the_fund_kgm_pension_fund/,מידע סטטיסטי,https://amitim.com/keren/statistical_information_nativ_pension_fund/
2026-09-30T22:38:47+00:00,520022963,"קופת הפנסיה לעובדי הדסה בע""מ",new_item,https://amitim.com/keren/investment_policy_provident_fund_building/m/keren/about_the_fund_kgm_pension_fund/m/keren/about_the_fund_kgm_pension_fund/,מידע סטטיסטי,https://amitim.com/keren/statistical_information_egged_pension_fund/
2026-09-30T22:38:47+00:00,520022963,"קופת הפנסיה לעובדי הדסה בע""מ",new_item,https://amitim.com/keren/investment_policy_provident_fund_building/m/keren/about_the_fund_kgm_pension_fund/m/keren/about_the_fund_kgm_pension_fund/,מידע סטטיסטי,https://amitim.com/keren/statistical_information_hadassah_pension_fund/
2026-09-30T22:38:47+00:00,520022963,"קופת הפנסיה לעובדי הדסה בע""מ",new_item,https://amitim.com/keren/investment_policy_provident_fund_building/m/keren/about_the_fund_kgm_pension_fund/m/keren/about_the_fund_kgm_pension_fund/,יציאה לפנסיה,https://amitim.com/info-center/amitim/retirement/
2026-09-30T22:38:47+00:00,520022963,"קופת הפנסיה לעובדי הדסה בע""מ",new_item,https://amitim.com/keren/investment_policy_provident_fund_building/m/keren/about_the_fund_kgm_pension_fund/m/keren/about_the_fund_kgm_pension_fund/,חקלאים,https://amitim.com/keren/about_the_fund_farmers_pension_fund/
2026-09-30T22:38:47+00:00,520022963,"קופת הפנסיה לעובדי הדסה בע""מ",new_item,https://amitim.com/keren/investment_policy_provident_fund_building/m/keren/about_the_fund_kgm_pension_fund/m/keren/about_the_fund_kgm_pension_fund/,הצבעות באסיפות,https://amitim.com/keren/voting_at_meetings_pension_insurers/
2026-09-30T22:38:47+00:00,520022963,"קופת הפנסיה לעובדי הדסה בע""מ",new_item,https://amitim.com/keren/investment_policy_provident_fund_building/m/keren/about_the_fund_kgm_pension_fund/m/keren/about_the_fund_kgm_pension_fund/,הצבעות באסיפות,https://amitim.com/keren/voting_at_meetings_provident_insurance/
2026-09-30T22:38:47+00:00,520022963,"קופת הפנסיה לעובדי הדסה בע""מ",new_item,https://amitim.com/keren/investment_policy_provident_fund_building/m/keren/about_the_fund_kgm_pension_fund/m/keren/about_the_fund_kgm_pension_fund/,הצבעות באסיפות,https://amitim.com/keren/voting_at_meetings_pension_fund_circle/
2026-09-30T22:38:47+00:00,520022963,"קופת הפנסיה לעובדי הדסה בע""מ",new_item,https://amitim.com/keren/investment_policy_provident_fund_building/m/keren/about_the_fund_kgm_pension_fund/m/keren/about_the_fund_kgm_pension_fund/,הצבעות באסיפות,https://amitim.com/keren/voting_at_meetings_provident_fund_circle/
2026-09-30T22:38:47+00:00,520022963,"קופת הפנסיה לעובדי הדסה בע""מ",new_item,https://amitim.com/keren/investment_policy_provident_fund_building/m/keren/about_the_fund_kgm_pension_fund/m/keren/about_the_fund_kgm_pension_fund/,הצבעות באסיפות,https://amitim.com/keren/voting_at_meetings_farmers_pension_fund/
2026-09-30T22:38:47+00:00,520022963,"קופת הפנסיה לעובדי הדסה בע""מ",new_item,https://amitim.com/keren/investment_policy_provident_fund_building/m/keren/about_the_fund_kgm_pension_fund/m/keren/about_the_fund_kgm_pension_fund/,הצבעות באסיפות,https://amitim.com/keren/voting_at_meetings_farmers_provident_fund/
2026-09-30T22:38:47+00:00,520022963,"קופת הפנסיה לעובדי הדסה בע""מ",new_item,https://amitim.com/keren/investment_policy_provident_fund_building/m/keren/about_the_fund_kgm_pension_fund/m/keren/about_the_fund_kgm_pension_fund/,הצבעות באסיפות,https://amitim.com/keren/voting_at_meetings_pension_fund_building/
2026-09-30T22:38:47+00:00,520022963,"קופת הפנסיה לעובדי הדסה בע""מ",new_item,https://amitim.com/keren/investment_policy_provident_fund_building/m/keren/about_the_fund_kgm_pension_fund/m/keren/about_the_fund_kgm_pension_fund/,הצבעות באסיפות,https://amitim.com/keren/voting_at_meetings_provident_fund-building/
2026-09-30T22:38:47+00:00,520022963,"קופת הפנסיה לעובדי הדסה בע""מ",new_item,https://amitim.com/keren/investment_policy_provident_fund_building/m/keren/about_the_fund_kgm_pension_fund/m/keren/about_the_fund_kgm_pension_fund/,הצבעות באסיפות,https://amitim.com/keren/voting_at_meetings_kgm_pension-fund/
2026-09-30T22:38:47+00:00,520022963,"קופת הפנסיה לעובדי הדסה בע""מ",new_item,https://amitim.com/keren/investment_policy_provident_fund_building/m/keren/about_the_fund_kgm_pension_fund/m/keren/about_the_fund_kgm_pension_fund/,הצבעות באסיפות,https://amitim.com/keren/voting_at_meetings_nativ_pension_fund/
2026-09-30T22:38:47+00:00,520022963,"קופת הפנסיה לעובדי הדסה בע""מ",new_item,https://amitim.com/keren/investment_policy_provident_fund_building/m/keren/about_the_fund_kgm_pension_fund/m/keren/about_the_fund_kgm_pension_fund/,הצבעות באסיפות,https://amitim.com/keren/voting_at_meetings_egged_pension_fund/
2026-09-30T22:38:47+00:00,520022963,"קופת הפנסיה לעובדי הדסה בע""מ",new_item,https://amitim.com/keren/investment_policy_provident_fund_building/m/keren/about_the_fund_kgm_pension_fund/m/keren/about_the_fund_kgm_pension_fund/,הצבעות באסיפות,https://amitim.com/keren/voting_at_meetings_hadassah_pension_fund/
2026-09-30T22:38:47+00:00,520022963,"קופת הפנסיה לעובדי הדסה בע""מ",new_item,https://amitim.com/keren/investment_policy_provident_fund_building/m/keren/about_the_fund_kgm_pension_fund/m/keren/about_the_fund_kgm_pension_fund/,הפנסיה שלי,https://amitim.com/info-center/retirees/my_pension/
2026-09-30T22:38:47+00:00,520022963,"קופת הפנסיה לעובדי הדסה בע""מ",new_item,https://amitim.com/keren/investment_policy_provident_fund_building/m/keren/about_the_fund_kgm_pension_fund/m/keren/about_the_fund_kgm_pension_fund/,החוק לחלוקת חיסכון פנסיוני,https://amitim.com/info-center/amitim/distribution_of_pension_savings/
2026-09-30T22:38:47+00:00,520022963,"קופת הפנסיה לעובדי הדסה בע""מ",new_item,https://amitim.com/keren/investment_policy_provident_fund_building/m/keren/about_the_fund_kgm_pension_fund/m/keren/about_the_fund_kgm_pension_fund/,הדסה,https://amitim.com/keren/about-_he_fund_hadassah_pension_fund/
2026-09-30T22:38:47+00:00,520022963,"קופת הפנסיה לעובדי הדסה בע""מ",new_item,https://amitim.com/keren/investment_policy_provident_fund_building/m/keren/about_the_fund_kgm_pension_fund/m/keren/about_the_fund_kgm_pension_fund/,דוחות כספיים,https://amitim.com/keren/financial_statements_provident_fund_insurers/
2026-09-30T22:38:47+00:00,520022963,"קופת הפנסיה לעובדי הדסה בע""מ",new_item,https://amitim.com/keren/investment_policy_provident_fund_building/m/keren/about_the_fund_kgm_pension_fund/m/keren/about_the_fund_kgm_pension_fund/,דוחות כספיים,https://amitim.com/keren/financial_statements_pension_fund_overview/
2026-09-30T22:38:47+00:00,520022963,"קופת הפנסיה לעובדי הדסה בע""מ",new_item,https://amitim.com/keren/investment_policy_provident_fund_building/m/keren/about_the_fund_kgm_pension_fund/m/keren/about_the_fund_kgm_pension_fund/,דוחות כספיים,https://amitim.com/keren/financial_statements_provident_fund_circle/
2026-09-30T22:38:47+00:00,520022963,"קופת הפנסיה לעובדי הדסה בע""מ",new_item,https://amitim.com/keren/investment_policy_provident_fund_building/m/keren/about_the_fund_kgm_pension_fund/m/keren/about_the_fund_kgm_pension_fund/,דוחות כספיים,https://amitim.com/keren/financial_statements_kgm_pension_fund/
2026-09-30T22:38:47+00:00,520022963,"קופת הפנסיה לעובדי הדסה בע""מ",new_item,https://amitim.com/keren/investment_policy_provident_fund_building/m/keren/about_the_fund_kgm_pension_fund/m/keren/about_the_fund_kgm_pension_fund/,גורמים קשורים,https://amitim.com/keren/related_parties_provident_fund_insurers/
2026-09-30T22:38:47+00:00,520022963,"קופת הפנסיה לעובדי הדסה בע""מ",new_item,https://amitim.com/keren/investment_policy_provident_fund_building/m/keren/about_the_fund_kgm_pension_fund/m/keren/about_the_fund_kgm_pension_fund/,גורמים קשורים,https://amitim.com/keren/related_factors_pension_fund_circle/
2026-09-30T22:38:47+00:00,520022963,"קופת הפנסיה לעובדי הדסה בע""מ",new_item,https://amitim.com/keren/investment_policy_provident_fund_building/m/keren/about_the_fund_kgm_pension_fund/m/keren/about_the_fund_kgm_pension_fund/,גורמים קשורים,https://amitim.com/keren/related_factors_provident_fund_circle/
2026-09-30T22:38:47+00:00,520022963,"קופת הפנסיה לעובדי הדסה בע""מ",new_item,https://amitim.com/keren/investment_policy_provident_fund_building/m/keren/about_the_fund_kgm_pension_fund/m/keren/about_the_fund_kgm_pension_fund/,גורמים קשורים,https://amitim.com/keren/related_entities_farmers_pension_fund/
2026-09-30T22:38:47+00:00,520022963,"קופת הפנסיה לעובדי הדסה בע""מ",new_item,https://amitim.com/keren/investment_policy_provident_fund_building/m/keren/about_the_fund_kgm_pension_fund/m/keren/about_the_fund_kgm_pension_fund/,גורמים קשורים,https://amitim.com/keren/related_entities_farmers_provident_fund/
2026-09-30T22:38:47+00:00,520022963,"קופת הפנסיה לעובדי הדסה בע""מ",new_item,https://amitim.com/keren/investment_policy_provident_fund_building/m/keren/about_the_fund_kgm_pension_fund/m/keren/about_the_fund_kgm_pension_fund/,גורמים קשורים,https://amitim.com/keren/related_factors_pension_fund_building/
2026-09-30T22:38:47+00:00,520022963,"קופת הפנסיה לעובדי הדסה בע""מ",new_item,https://amitim.com/keren/investment_policy_provident_fund_building/m/keren/about_the_fund_kgm_pension_fund/m/keren/about_the_fund_kgm_pension_fund/,גורמים קשורים,https://amitim.com/keren/related_entities_provident_fund_building/
2026-09-30T22:38:47+00:00,520022963,"קופת הפנסיה לעובדי הדסה בע""מ",new_item,https://amitim.com/keren/investment_policy_provident_fund_building/m/keren/about_the_fund_kgm_pension_fund/m/keren/about_the_fund_kgm_pension_fund/,גורמים קשורים,https://amitim.com/keren/related_entities_kgm_pension_fund/
2026-09-30T22:38:47+00:00,520022963,"קופת הפנסיה לעובדי הדסה בע""מ",new_item,https://amitim.com/keren/investment_policy_provident_fund_building/m/keren/about_the_fund_kgm_pension_fund/m/keren/about_the_fund_kgm_pension_fund/,גורמים קשורים,https://amitim.com/keren/related_entities_nativ_pension_fund/
2026-09-30T22:38:47+00:00,520022963,"קופת הפנסיה לעובדי הדסה בע""מ",new_item,https://amitim.com/keren/investment_policy_provident_fund_building/m/keren/about_the_fund_kgm_pension_fund/m/keren/about_the_fund_kgm_pension_fund/,גורמים קשורים,https://amitim.com/keren/related_parties_egged_pension_fund/
2026-09-30T22:38:47+00:00,520022963,"קופת הפנסיה לעובדי הדסה בע""מ",new_item,https://amitim.com/keren/investment_policy_provident_fund_building/m/keren/about_the_fund_kgm_pension_fund/m/keren/about_the_fund_kgm_pension_fund/,גורמים קשורים,https://amitim.com/keren/related_entities_hadassah_pension_fund/
2026-09-30T22:38:47+00:00,520022963,"קופת הפנסיה לעובדי הדסה בע""מ",new_item,https://amitim.com/keren/investment_policy_provident_fund_building/m/keren/about_the_fund_kgm_pension_fund/m/keren/about_the_fund_kgm_pension_fund/,בניין,https://amitim.com/keren/about_the_fund_pension_fund_building/
2026-09-30T22:38:47+00:00,520022963,"קופת הפנסיה לעובדי הדסה בע""מ",new_item,https://amitim.com/keren/investment_policy_provident_fund_building/m/keren/about_the_fund_kgm_pension_fund/m/keren/about_the_fund_kgm_pension_fund/,אודות הקרן,https://amitim.com/keren/about_the_fund_mivtachim_provident_fund/
2026-09-30T22:38:47+00:00,520022963,"קופת הפנסיה לעובדי הדסה בע""מ",new_item,https://amitim.com/keren/investment_policy_provident_fund_building/m/keren/about_the_fund_kgm_pension_fund/m/keren/about_the_fund_kgm_pension_fund/,אודות הקרן,https://amitim.com/keren/about_the_fund_makefet_provident_fund/
2026-09-30T22:38:47+00:00,520022963,"קופת הפנסיה לעובדי הדסה בע""מ",new_item,https://amitim.com/keren/investment_policy_provident_fund_building/m/keren/about_the_fund_kgm_pension_fund/m/keren/about_the_fund_kgm_pension_fund/,אודות הקופה,https://amitim.com/keren/about_the_fund_farmers_provident_fund/
2026-09-30T22:38:47+00:00,520022963,"קופת הפנסיה לעובדי הדסה בע""מ",new_item,https://amitim.com/keren/investment_policy_provident_fund_building/m/keren/about_the_fund_kgm_pension_fund/m/keren/about_the_fund_kgm_pension_fund/,אודות הקופה,https://amitim.com/keren/about_the_fund_provident_fund_building/
2026-09-30T22:38:47+00:00,520022963,"קופת הפנסיה לעובדי הדסה בע""מ",new_item,https://amitim.com/keren/investment_policy_provident_fund_building/m/keren/about_the_fund_kgm_pension_fund/m/keren/about_the_fund_kgm_pension_fund/,אגד,https://amitim.com/keren/about_the_fund_egged_pension_fund/
2026-09-30T22:38:47+00:00,520022963,"קופת הפנסיה לעובדי הדסה בע""מ",new_item,https://amitim.com/keren/investment_policy_kgm_pension_fund/m/keren/about_the_fund_kgm_pension_fund/m/keren/about_the_fund_kgm_pension_fund/,קצבת שארים,https://amitim.com/info-center/amitim/survivors_pension/
2026-09-30T22:38:47+00:00,520022963,"קופת הפנסיה לעובדי הדסה בע""מ",new_item,https://amitim.com/keren/investment_policy_kgm_pension_fund/m/keren/about_the_fund_kgm_pension_fund/m/keren/about_the_fund_kgm_pension_fund/,קצבת נכות,https://amitim.com/info-center/amitim/disability-pension/
2026-09-30T22:38:47+00:00,520022963,"קופת הפנסיה לעובדי הדסה בע""מ",new_item,https://amitim.com/keren/investment_policy_kgm_pension_fund/m/keren/about_the_fund_kgm_pension_fund/m/keren/about_the_fund_kgm_pension_fund/,קגמ קרן פנסיה,https://amitim.com/keren/about_the_fund_kgm_pension_fund/
2026-09-30T22:38:47+00:00,520022963,"קופת הפנסיה לעובדי הדסה בע""מ",new_item,https://amitim.com/keren/investment_policy_kgm_pension_fund/m/keren/about_the_fund_kgm_pension_fund/m/keren/about_the_fund_kgm_pension_fund/,פרישה לפנסיה,https://amitim.com/info-center/employers/retirement/
2026-09-30T22:38:47+00:00,520022963,"קופת הפנסיה לעובדי הדסה בע""מ",new_item,https://amitim.com/keren/investment_policy_kgm_pension_fund/m/keren/about_the_fund_kgm_pension_fund/m/keren/about_the_fund_kgm_pension_fund/,נתיב,https://amitim.com/keren/about_the_fund_nativ_pension_fund/
2026-09-30T22:38:47+00:00,520022963,"קופת הפנסיה לעובדי הדסה בע""מ",new_item,https://amitim.com/keren/investment_policy_kgm_pension_fund/m/keren/about_the_fund_kgm_pension_fund/m/keren/about_the_fund_kgm_pension_fund/,נכסי הקרן,https://amitim.com/keren/fund_assets_makefet_pension_fund/
2026-09-30T22:38:47+00:00,520022963,"קופת הפנסיה לעובדי הדסה בע""מ",new_item,https://amitim.com/keren/investment_policy_kgm_pension_fund/m/keren/about_the_fund_kgm_pension_fund/m/keren/about_the_fund_kgm_pension_fund/,נכסי הקרן,https://amitim.com/keren/fund_assets_farmers_pension_fund/
2026-09-30T22:38:47+00:00,520022963,"קופת הפנסיה לעובדי הדסה בע""מ",new_item,https://amitim.com/keren/investment_policy_kgm_pension_fund/m/keren/about_the_fund_kgm_pension_fund/m/keren/about_the_fund_kgm_pension_fund/,נכסי הקרן,https://amitim.com/keren/fund_assets_pension_fund_building/
2026-09-30T22:38:47+00:00,520022963,"קופת הפנסיה לעובדי הדסה בע""מ",new_item,https://amitim.com/keren/investment_policy_kgm_pension_fund/m/keren/about_the_fund_kgm_pension_fund/m/keren/about_the_fund_kgm_pension_fund/,נכסי הקרן,https://amitim.com/keren/fund_assets_kgm_pension_fund/
2026-09-30T22:38:47+00:00,520022963,"קופת הפנסיה לעובדי הדסה בע""מ",new_item,https://amitim.com/keren/investment_policy_kgm_pension_fund/m/keren/about_the_fund_kgm_pension_fund/m/keren/about_the_fund_kgm_pension_fund/,נכסי הקרן,https://amitim.com/keren/fund_assets_nativ_pension_fund/
2026-09-30T22:38:47+00:00,520022963,"קופת הפנסיה לעובדי הדסה בע""מ",new_item,https://amitim.com/keren/investment_policy_kgm_pension_fund/m/keren/about_the_fund_kgm_pension_fund/m/keren/about_the_fund_kgm_pension_fund/,נכסי הקרן,https://amitim.com/keren/fund_assets_egged_pension_fund/
2026-09-30T22:38:47+00:00,520022963,"קופת הפנסיה לעובדי הדסה בע""מ",new_item,https://amitim.com/keren/investment_policy_kgm_pension_fund/m/keren/about_the_fund_kgm_pension_fund/m/keren/about_the_fund_kgm_pension_fund/,נכסי הקרן,https://amitim.com/keren/fund_assets_hadassah_pension_fund/
2026-09-30T22:38:47+00:00,520022963,"קופת הפנסיה לעובדי הדסה בע""מ",new_item,https://amitim.com/keren/investment_policy_kgm_pension_fund/m/keren/about_the_fund_kgm_pension_fund/m/keren/about_the_fund_kgm_pension_fund/,נכסי הקופה,https://amitim.com/keren/fund_assets_provident_fund_insurers/
2026-09-30T22:38:47+00:00,520022963,"קופת הפנסיה לעובדי הדסה בע""מ",new_item,https://amitim.com/keren/investment_policy_kgm_pension_fund/m/keren/about_the_fund_kgm_pension_fund/m/keren/about_the_fund_kgm_pension_fund/,נכסי הקופה,https://amitim.com/keren/fund_assets_makefet_provident_fund/
2026-09-30T22:38:47+00:00,520022963,"קופת הפנסיה לעובדי הדסה בע""מ",new_item,https://amitim.com/keren/investment_policy_kgm_pension_fund/m/keren/about_the_fund_kgm_pension_fund/m/keren/about_the_fund_kgm_pension_fund/,נכסי הקופה,https://amitim.com/keren/fund_assets_farmers_provident_fund/
2026-09-30T22:38:47+00:00,520022963,"קופת הפנסיה לעובדי הדסה בע""מ",new_item,https://amitim.com/keren/investment_policy_kgm_pension_fund/m/keren/about_the_fund_kgm_pension_fund/m/keren/about_the_fund_kgm_pension_fund/,נכסי הקופה,https://amitim.com/keren/fund_assets_provident_fund_building/
2026-09-30T22:38:47+00:00,520022963,"קופת הפנסיה לעובדי הדסה בע""מ",new_item,https://amitim.com/keren/investment_policy_kgm_pension_fund/m/keren/about_the_fund_kgm_pension_fund/m/keren/about_the_fund_kgm_pension_fund/,משיכת כספים של עמית שנפטר,https://amitim.com/keren/withdrawing_funds_from_a_deceased_colleague_farmers_provident_fund/
2026-09-30T22:38:47+00:00,520022963,"קופת הפנסיה לעובדי הדסה בע""מ",new_item,https://amitim.com/keren/investment_policy_kgm_pension_fund/m/keren/about_the_fund_kgm_pension_fund/m/keren/about_the_fund_kgm_pension_fund/,משיכת כספים של עמית שנפטר,https://amitim.com/keren/withdrawing_funds_from_a_deceased-colleague_provident_fund_building/
2026-09-30T22:38:47+00:00,520022963,"קופת הפנסיה לעובדי הדסה בע""מ",new_item,https://amitim.com/keren/investment_policy_kgm_pension_fund/m/keren/about_the_fund_kgm_pension_fund/m/keren/about_the_fund_kgm_pension_fund/,מקפת,https://amitim.com/keren/about_the_fund_makefet_pension_fund/
2026-09-30T22:38:47+00:00,520022963,"קופת הפנסיה לעובדי הדסה בע""מ",new_item,https://amitim.com/keren/investment_policy_kgm_pension_fund/m/keren/about_the_fund_kgm_pension_fund/m/keren/about_the_fund_kgm_pension_fund/,מידע סטטיסטי,https://amitim.com/keren/statistical_information_pension_insurers/
2026-09-30T22:38:47+00:00,520022963,"קופת הפנסיה לעובדי הדסה בע""מ",new_item,https://amitim.com/keren/investment_policy_kgm_pension_fund/m/keren/about_the_fund_kgm_pension_fund/m/keren/about_the_fund_kgm_pension_fund/,מידע סטטיסטי,https://amitim.com/keren/statistical_information_pension_fund_circle/
2026-09-30T22:38:47+00:00,520022963,"קופת הפנסיה לעובדי הדסה בע""מ",new_item,https://amitim.com/keren/investment_policy_kgm_pension_fund/m/keren/about_the_fund_kgm_pension_fund/m/keren/about_the_fund_kgm_pension_fund/,מידע סטטיסטי,https://amitim.com/keren/statistical_information_farmers_pension_fund/
2026-09-30T22:38:47+00:00,520022963,"קופת הפנסיה לעובדי הדסה בע""מ",new_item,https://amitim.com/keren/investment_policy_kgm_pension_fund/m/keren/about_the_fund_kgm_pension_fund/m/keren/about_the_fund_kgm_pension_fund/,מידע סטטיסטי,https://amitim.com/statistical_information_pension_fund_building/
2026-09-30T22:38:47+00:00,520022963,"קופת הפנסיה לעובדי הדסה בע""מ",new_item,https://amitim.com/keren/investment_policy_kgm_pension_fund/m/keren/about_the_fund_kgm_pension_fund/m/keren/about_the_fund_kgm_pension_fund/,מידע סטטיסטי,https://amitim.com/keren/statistical_information_kgm_pension_fund/
2026-09-30T22:38:47+00:00,520022963,"קופת הפנסיה לעובדי הדסה בע""מ",new_item,https://amitim.com/keren/investment_policy_kgm_pension_fund/m/keren/about_the_fund_kgm_pension_fund/m/keren/about_the_fund_kgm_pension_fund/,מידע סטטיסטי,https://amitim.com/keren/statistical_information_nativ_pension_fund/
2026-09-30T22:38:47+00:00,520022963,"קופת הפנסיה לעובדי הדסה בע""מ",new_item,https://amitim.com/keren/investment_policy_kgm_pension_fund/m/keren/about_the_fund_kgm_pension_fund/m/keren/about_the_fund_kgm_pension_fund/,מידע סטטיסטי,https://amitim.com/keren/statistical_information_egged_pension_fund/
2026-09-30T22:38:47+00:00,520022963,"קופת הפנסיה לעובדי הדסה בע""מ",new_item,https://amitim.com/keren/investment_policy_kgm_pension_fund/m/keren/about_the_fund_kgm_pension_fund/m/keren/about_the_fund_kgm_pension_fund/,מידע סטטיסטי,https://amitim.com/keren/statistical_information_hadassah_pension_fund/
2026-09-30T22:38:47+00:00,520022963,"קופת הפנסיה לעובדי הדסה בע""מ",new_item,https://amitim.com/keren/investment_policy_kgm_pension_fund/m/keren/about_the_fund_kgm_pension_fund/m/keren/about_the_fund_kgm_pension_fund/,יציאה לפנסיה,https://amitim.com/info-center/amitim/retirement/
2026-09-30T22:38:47+00:00,520022963,"קופת הפנסיה לעובדי הדסה בע""מ",new_item,https://amitim.com/keren/investment_policy_kgm_pension_fund/m/keren/about_the_fund_kgm_pension_fund/m/keren/about_the_fund_kgm_pension_fund/,חקלאים,https://amitim.com/keren/about_the_fund_farmers_pension_fund/
2026-09-30T22:38:47+00:00,520022963,"קופת הפנסיה לעובדי הדסה בע""מ",new_item,https://amitim.com/keren/investment_policy_kgm_pension_fund/m/keren/about_the_fund_kgm_pension_fund/m/keren/about_the_fund_kgm_pension_fund/,הצבעות באסיפות,https://amitim.com/keren/voting_at_meetings_pension_insurers/
2026-09-30T22:38:47+00:00,520022963,"קופת הפנסיה לעובדי הדסה בע""מ",new_item,https://amitim.com/keren/investment_policy_kgm_pension_fund/m/keren/about_the_fund_kgm_pension_fund/m/keren/about_the_fund_kgm_pension_fund/,הצבעות באסיפות,https://amitim.com/keren/voting_at_meetings_provident_insurance/
2026-09-30T22:38:47+00:00,520022963,"קופת הפנסיה לעובדי הדסה בע""מ",new_item,https://amitim.com/keren/investment_policy_kgm_pension_fund/m/keren/about_the_fund_kgm_pension_fund/m/keren/about_the_fund_kgm_pension_fund/,הצבעות באסיפות,https://amitim.com/keren/voting_at_meetings_pension_fund_circle/
2026-09-30T22:38:47+00:00,520022963,"קופת הפנסיה לעובדי הדסה בע""מ",new_item,https://amitim.com/keren/investment_policy_kgm_pension_fund/m/keren/about_the_fund_kgm_pension_fund/m/keren/about_the_fund_kgm_pension_fund/,הצבעות באסיפות,https://amitim.com/keren/voting_at_meetings_provident_fund_circle/
2026-09-30T22:38:47+00:00,520022963,"קופת הפנסיה לעובדי הדסה בע""מ",new_item,https://amitim.com/keren/investment_policy_kgm_pension_fund/m/keren/about_the_fund_kgm_pension_fund/m/keren/about_the_fund_kgm_pension_fund/,הצבעות באסיפות,https://amitim.com/keren/voting_at_meetings_farmers_pension_fund/
2026-09-30T22:38:47+00:00,520022963,"קופת הפנסיה לעובדי הדסה בע""מ",new_item,https://amitim.com/keren/investment_policy_kgm_pension_fund/m/keren/about_the_fund_kgm_pension_fund/m/keren/about_the_fund_kgm_pension_fund/,הצבעות באסיפות,https://amitim.com/keren/voting_at_meetings_farmers_provident_fund/
2026-09-30T22:38:47+00:00,520022963,"קופת הפנסיה לעובדי הדסה בע""מ",new_item,https://amitim.com/keren/investment_policy_kgm_pension_fund/m/keren/about_the_fund_kgm_pension_fund/m/keren/about_the_fund_kgm_pension_fund/,הצבעות באסיפות,https://amitim.com/keren/voting_at_meetings_pension_fund_building/
2026-09-30T22:38:47+00:00,520022963,"קופת הפנסיה לעובדי הדסה בע""מ",new_item,https://amitim.com/keren/investment_policy_kgm_pension_fund/m/keren/about_the_fund_kgm_pension_fund/m/keren/about_the_fund_kgm_pension_fund/,הצבעות באסיפות,https://amitim.com/keren/voting_at_meetings_provident_fund-building/
2026-09-30T22:38:47+00:00,520022963,"קופת הפנסיה לעובדי הדסה בע""מ",new_item,https://amitim.com/keren/investment_policy_kgm_pension_fund/m/keren/about_the_fund_kgm_pension_fund/m/keren/about_the_fund_kgm_pension_fund/,הצבעות באסיפות,https://amitim.com/keren/voting_at_meetings_kgm_pension-fund/
2026-09-30T22:38:47+00:00,520022963,"קופת הפנסיה לעובדי הדסה בע""מ",new_item,https://amitim.com/keren/investment_policy_kgm_pension_fund/m/keren/about_the_fund_kgm_pension_fund/m/keren/about_the_fund_kgm_pension_fund/,הצבעות באסיפות,https://amitim.com/keren/voting_at_meetings_nativ_pension_fund/
2026-09-30T22:38:47+00:00,520022963,"קופת הפנסיה לעובדי הדסה בע""מ",new_item,https://amitim.com/keren/investment_policy_kgm_pension_fund/m/keren/about_the_fund_kgm_pension_fund/m/keren/about_the_fund_kgm_pension_fund/,הצבעות באסיפות,https://amitim.com/keren/voting_at_meetings_egged_pension_fund/
2026-09-30T22:38:47+00:00,520022963,"קופת הפנסיה לעובדי הדסה בע""מ",new_item,https://amitim.com/keren/investment_policy_kgm_pension_fund/m/keren/about_the_fund_kgm_pension_fund/m/keren/about_the_fund_kgm_pension_fund/,הצבעות באסיפות,https://amitim.com/keren/voting_at_meetings_hadassah_pension_fund/
2026-09-30T22:38:47+00:00,520022963,"קופת הפנסיה לעובדי הדסה בע""מ",new_item,https://amitim.com/keren/investment_policy_kgm_pension_fund/m/keren/about_the_fund_kgm_pension_fund/m/keren/about_the_fund_kgm_pension_fund/,הפנסיה שלי,https://amitim.com/info-center/retirees/my_pension/
2026-09-30T22:38:47+00:00,520022963,"קופת הפנסיה לעובדי הדסה בע""מ",new_item,https://amitim.com/keren/investment_policy_kgm_pension_fund/m/keren/about_the_fund_kgm_pension_fund/m/keren/about_the_fund_kgm_pension_fund/,החוק לחלוקת חיסכון פנסיוני,https://amitim.com/info-center/amitim/distribution_of_pension_savings/
2026-09-30T22:38:47+00:00,520022963,"קופת הפנסיה לעובדי הדסה בע""מ",new_item,https://amitim.com/keren/investment_policy_kgm_pension_fund/m/keren/about_the_fund_kgm_pension_fund/m/keren/about_the_fund_kgm_pension_fund/,הדסה,https://amitim.com/keren/about-_he_fund_hadassah_pension_fund/
2026-09-30T22:38:47+00:00,520022963,"קופת הפנסיה לעובדי הדסה בע""מ",new_item,https://amitim.com/keren/investment_policy_kgm_pension_fund/m/keren/about_the_fund_kgm_pension_fund/m/keren/about_the_fund_kgm_pension_fund/,דוחות כספיים,https://amitim.com/keren/financial_statements_provident_fund_insurers/
2026-09-30T22:38:47+00:00,520022963,"קופת הפנסיה לעובדי הדסה בע""מ",new_item,https://amitim.com/keren/investment_policy_kgm_pension_fund/m/keren/about_the_fund_kgm_pension_fund/m/keren/about_the_fund_kgm_pension_fund/,דוחות כספיים,https://amitim.com/keren/financial_statements_pension_fund_overview/
2026-09-30T22:38:47+00:00,520022963,"קופת הפנסיה לעובדי הדסה בע""מ",new_item,https://amitim.com/keren/investment_policy_kgm_pension_fund/m/keren/about_the_fund_kgm_pension_fund/m/keren/about_the_fund_kgm_pension_fund/,דוחות כספיים,https://amitim.com/keren/financial_statements_provident_fund_circle/
2026-09-30T22:38:47+00:00,520022963,"קופת הפנסיה לעובדי הדסה בע""מ",new_item,https://amitim.com/keren/investment_policy_kgm_pension_fund/m/keren/about_the_fund_kgm_pension_fund/m/keren/about_the_fund_kgm_pension_fund/,דוחות כספיים,https://amitim.com/keren/financial_statements_kgm_pension_fund/
2026-09-30T22:38:47+00:00,520022963,"קופת הפנסיה לעובדי הדסה בע""מ",new_item,https://amitim.com/keren/investment_policy_kgm_pension_fund/m/keren/about_the_fund_kgm_pension_fund/m/keren/about_the_fund_kgm_pension_fund/,גורמים קשורים,https://amitim.com/keren/related_parties_provident_fund_insurers/
2026-09-30T22:38:47+00:00,520022963,"קופת הפנסיה לעובדי הדסה בע""מ",new_item,https://amitim.com/keren/investment_policy_kgm_pension_fund/m/keren/about_the_fund_kgm_pension_fund/m/keren/about_the_fund_kgm_pension_fund/,גורמים קשורים,https://amitim.com/keren/related_factors_pension_fund_circle/
2026-09-30T22:38:47+00:00,520022963,"קופת הפנסיה לעובדי הדסה בע""מ",new_item,https://amitim.com/keren/investment_policy_kgm_pension_fund/m/keren/about_the_fund_kgm_pension_fund/m/keren/about_the_fund_kgm_pension_fund/,גורמים קשורים,https://amitim.com/keren/related_factors_provident_fund_circle/
2026-09-30T22:38:47+00:00,520022963,"קופת הפנסיה לעובדי הדסה בע""מ",new_item,https://amitim.com/keren/investment_policy_kgm_pension_fund/m/keren/about_the_fund_kgm_pension_fund/m/keren/about_the_fund_kgm_pension_fund/,גורמים קשורים,https://amitim.com/keren/related_entities_farmers_pension_fund/
2026-09-30T22:38:47+00:00,520022963,"קופת הפנסיה לעובדי הדסה בע""מ",new_item,https://amitim.com/keren/investment_policy_kgm_pension_fund/m/keren/about_the_fund_kgm_pension_fund/m/keren/about_the_fund_kgm_pension_fund/,גורמים קשורים,https://amitim.com/keren/related_entities_farmers_provident_fund/
2026-09-30T22:38:47+00:00,520022963,"קופת הפנסיה לעובדי הדסה בע""מ",new_item,https://amitim.com/keren/investment_policy_kgm_pension_fund/m/keren/about_the_fund_kgm_pension_fund/m/keren/about_the_fund_kgm_pension_fund/,גורמים קשורים,https://amitim.com/keren/related_factors_pension_fund_building/
2026-09-30T22:38:47+00:00,520022963,"קופת הפנסיה לעובדי הדסה בע""מ",new_item,https://amitim.com/keren/investment_policy_kgm_pension_fund/m/keren/about_the_fund_kgm_pension_fund/m/keren/about_the_fund_kgm_pension_fund/,גורמים קשורים,https://amitim.com/keren/related_entities_provident_fund_building/
2026-09-30T22:38:47+00:00,520022963,"קופת הפנסיה לעובדי הדסה בע""מ",new_item,https://amitim.com/keren/investment_policy_kgm_pension_fund/m/keren/about_the_fund_kgm_pension_fund/m/keren/about_the_fund_kgm_pension_fund/,גורמים קשורים,https://amitim.com/keren/related_entities_kgm_pension_fund/
2026-09-30T22:38:47+00:00,520022963,"קופת הפנסיה לעובדי הדסה בע""מ",new_item,https://amitim.com/keren/investment_policy_kgm_pension_fund/m/keren/about_the_fund_kgm_pension_fund/m/keren/about_the_fund_kgm_pension_fund/,גורמים קשורים,https://amitim.com/keren/related_entities_nativ_pension_fund/
2026-09-30T22:38:47+00:00,520022963,"קופת הפנסיה לעובדי הדסה בע""מ",new_item,https://amitim.com/keren/investment_policy_kgm_pension_fund/m/keren/about_the_fund_kgm_pension_fund/m/keren/about_the_fund_kgm_pension_fund/,גורמים קשורים,https://amitim.com/keren/related_parties_egged_pension_fund/
2026-09-30T22:38:47+00:00,520022963,"קופת הפנסיה לעובדי הדסה בע""מ",new_item,https://amitim.com/keren/investment_policy_kgm_pension_fund/m/keren/about_the_fund_kgm_pension_fund/m/keren/about_the_fund_kgm_pension_fund/,גורמים קשורים,https://amitim.com/keren/related_entities_hadassah_pension_fund/
2026-09-30T22:38:47+00:00,520022963,"קופת הפנסיה לעובדי הדסה בע""מ",new_item,https://amitim.com/keren/investment_policy_kgm_pension_fund/m/keren/about_the_fund_kgm_pension_fund/m/keren/about_the_fund_kgm_pension_fund/,בניין,https://amitim.com/keren/about_the_fund_pension_fund_building/
2026-09-30T22:38:47+00:00,520022963,"קופת הפנסיה לעובדי הדסה בע""מ",new_item,https://amitim.com/keren/investment_policy_kgm_pension_fund/m/keren/about_the_fund_kgm_pension_fund/m/keren/about_the_fund_kgm_pension_fund/,אודות הקרן,https://amitim.com/keren/about_the_fund_mivtachim_provident_fund/
2026-09-30T22:38:47+00:00,520022963,"קופת הפנסיה לעובדי הדסה בע""מ",new_item,https://amitim.com/keren/investment_policy_kgm_pension_fund/m/keren/about_the_fund_kgm_pension_fund/m/keren/about_the_fund_kgm_pension_fund/,אודות הקרן,https://amitim.com/keren/about_the_fund_makefet_provident_fund/
2026-09-30T22:38:47+00:00,520022963,"קופת הפנסיה לעובדי הדסה בע""מ",new_item,https://amitim.com/keren/investment_policy_kgm_pension_fund/m/keren/about_the_fund_kgm_pension_fund/m/keren/about_the_fund_kgm_pension_fund/,אודות הקופה,https://amitim.com/keren/about_the_fund_farmers_provident_fund/
2026-09-30T22:38:47+00:00,520022963,"קופת הפנסיה לעובדי הדסה בע""מ",new_item,https://amitim.com/keren/investment_policy_kgm_pension_fund/m/keren/about_the_fund_kgm_pension_fund/m/keren/about_the_fund_kgm_pension_fund/,אודות הקופה,https://amitim.com/keren/about_the_fund_provident_fund_building/
2026-09-30T22:38:47+00:00,520022963,"קופת הפנסיה לעובדי הדסה בע""מ",new_item,https://amitim.com/keren/investment_policy_kgm_pension_fund/m/keren/about_the_fund_kgm_pension_fund/m/keren/about_the_fund_kgm_pension_fund/,אגד,https://amitim.com/keren/about_the_fund_egged_pension_fund/
2026-09-30T22:38:47+00:00,520022963,"קופת הפנסיה לעובדי הדסה בע""מ",new_item,https://amitim.com/keren/investment_policy_pension_insurers/m/keren/about_the_fund_kgm_pension_fund/m/keren/about_the_fund_kgm_pension_fund/,קצבת שארים,https://amitim.com/info-center/amitim/survivors_pension/
2026-09-30T22:38:47+00:00,520022963,"קופת הפנסיה לעובדי הדסה בע""מ",new_item,https://amitim.com/keren/investment_policy_pension_insurers/m/keren/about_the_fund_kgm_pension_fund/m/keren/about_the_fund_kgm_pension_fund/,קצבת נכות,https://amitim.com/info-center/amitim/disability-pension/
2026-09-30T22:38:47+00:00,520022963,"קופת הפנסיה לעובדי הדסה בע""מ",new_item,https://amitim.com/keren/investment_policy_pension_insurers/m/keren/about_the_fund_kgm_pension_fund/m/keren/about_the_fund_kgm_pension_fund/,קגמ קרן פנסיה,https://amitim.com/keren/about_the_fund_kgm_pension_fund/
2026-09-30T22:38:47+00:00,520022963,"קופת הפנסיה לעובדי הדסה בע""מ",new_item,https://amitim.com/keren/investment_policy_pension_insurers/m/keren/about_the_fund_kgm_pension_fund/m/keren/about_the_fund_kgm_pension_fund/,פרישה לפנסיה,https://amitim.com/info-center/employers/retirement/
2026-09-30T22:38:47+00:00,520022963,"קופת הפנסיה לעובדי הדסה בע""מ",new_item,https://amitim.com/keren/investment_policy_pension_insurers/m/keren/about_the_fund_kgm_pension_fund/m/keren/about_the_fund_kgm_pension_fund/,נתיב,https://amitim.com/keren/about_the_fund_nativ_pension_fund/
2026-09-30T22:38:47+00:00,520022963,"קופת הפנסיה לעובדי הדסה בע""מ",new_item,https://amitim.com/keren/investment_policy_pension_insurers/m/keren/about_the_fund_kgm_pension_fund/m/keren/about_the_fund_kgm_pension_fund/,נכסי הקרן,https://amitim.com/keren/fund_assets_makefet_pension_fund/
2026-09-30T22:38:47+00:00,520022963,"קופת הפנסיה לעובדי הדסה בע""מ",new_item,https://amitim.com/keren/investment_policy_pension_insurers/m/keren/about_the_fund_kgm_pension_fund/m/keren/about_the_fund_kgm_pension_fund/,נכסי הקרן,https://amitim.com/keren/fund_assets_farmers_pension_fund/
2026-09-30T22:38:47+00:00,520022963,"קופת הפנסיה לעובדי הדסה בע""מ",new_item,https://amitim.com/keren/investment_policy_pension_insurers/m/keren/about_the_fund_kgm_pension_fund/m/keren/about_the_fund_kgm_pension_fund/,נכסי הקרן,https://amitim.com/keren/fund_assets_pension_fund_building/
2026-09-30T22:38:47+00:00,520022963,"קופת הפנסיה לעובדי הדסה בע""מ",new_item,https://amitim.com/keren/investment_policy_pension_insurers/m/keren/about_the_fund_kgm_pension_fund/m/keren/about_the_fund_kgm_pension_fund/,נכסי הקרן,https://amitim.com/keren/fund_assets_kgm_pension_fund/
2026-09-30T22:38:47+00:00,520022963,"קופת הפנסיה לעובדי הדסה בע""מ",new_item,https://amitim.com/keren/investment_policy_pension_insurers/m/keren/about_the_fund_kgm_pension_fund/m/keren/about_the_fund_kgm_pension_fund/,נכסי הקרן,https://amitim.com/keren/fund_assets_nativ_pension_fund/
2026-09-30T22:38:47+00:00,520022963,"קופת הפנסיה לעובדי הדסה בע""מ",new_item,https://amitim.com/keren/investment_policy_pension_insurers/m/keren/about_the_fund_kgm_pension_fund/m/keren/about_the_fund_kgm_pension_fund/,נכסי הקרן,https://amitim.com/keren/fund_assets_egged_pension_fund/
2026-09-30T22:38:47+00:00,520022963,"קופת הפנסיה לעובדי הדסה בע""מ",new_item,https://amitim.com/keren/investment_policy_pension_insurers/m/keren/about_the_fund_kgm_pension_fund/m/keren/about_the_fund_kgm_pension_fund/,נכסי הקרן,https://amitim.com/keren/fund_assets_hadassah_pension_fund/
2026-09-30T22:38:47+00:00,520022963,"קופת הפנסיה לעובדי הדסה בע""מ",new_item,https://amitim.com/keren/investment_policy_pension_insurers/m/keren/about_the_fund_kgm_pension_fund/m/keren/about_the_fund_kgm_pension_fund/,נכסי הקופה,https://amitim.com/keren/fund_assets_provident_fund_insurers/
2026-09-30T22:38:47+00:00,520022963,"קופת הפנסיה לעובדי הדסה בע""מ",new_item,https://amitim.com/keren/investment_policy_pension_insurers/m/keren/about_the_fund_kgm_pension_fund/m/keren/about_the_fund_kgm_pension_fund/,נכסי הקופה,https://amitim.com/keren/fund_assets_makefet_provident_fund/
2026-09-30T22:38:47+00:00,520022963,"קופת הפנסיה לעובדי הדסה בע""מ",new_item,https://amitim.com/keren/investment_policy_pension_insurers/m/keren/about_the_fund_kgm_pension_fund/m/keren/about_the_fund_kgm_pension_fund/,נכסי הקופה,https://amitim.com/keren/fund_assets_farmers_provident_fund/
2026-09-30T22:38:47+00:00,520022963,"קופת הפנסיה לעובדי הדסה בע""מ",new_item,https://amitim.com/keren/investment_policy_pension_insurers/m/keren/about_the_fund_kgm_pension_fund/m/keren/about_the_fund_kgm_pension_fund/,נכסי הקופה,https://amitim.com/keren/fund_assets_provident_fund_building/
2026-09-30T22:38:47+00:00,520022963,"קופת הפנסיה לעובדי הדסה בע""מ",new_item,https://amitim.com/keren/investment_policy_pension_insurers/m/keren/about_the_fund_kgm_pension_fund/m/keren/about_the_fund_kgm_pension_fund/,משיכת כספים של עמית שנפטר,https://amitim.com/keren/withdrawing_funds_from_a_deceased_colleague_farmers_provident_fund/
2026-09-30T22:38:47+00:00,520022963,"קופת הפנסיה לעובדי הדסה בע""מ",new_item,https://amitim.com/keren/investment_policy_pension_insurers/m/keren/about_the_fund_kgm_pension_fund/m/keren/about_the_fund_kgm_pension_fund/,משיכת כספים של עמית שנפטר,https://amitim.com/keren/withdrawing_funds_from_a_deceased-colleague_provident_fund_building/
2026-09-30T22:38:47+00:00,520022963,"קופת הפנסיה לעובדי הדסה בע""מ",new_item,https://amitim.com/keren/investment_policy_pension_insurers/m/keren/about_the_fund_kgm_pension_fund/m/keren/about_the_fund_kgm_pension_fund/,מקפת,https://amitim.com/keren/about_the_fund_makefet_pension_fund/
2026-09-30T22:38:47+00:00,520022963,"קופת הפנסיה לעובדי הדסה בע""מ",new_item,https://amitim.com/keren/investment_policy_pension_insurers/m/keren/about_the_fund_kgm_pension_fund/m/keren/about_the_fund_kgm_pension_fund/,מידע סטטיסטי,https://amitim.com/keren/statistical_information_pension_insurers/
2026-09-30T22:38:47+00:00,520022963,"קופת הפנסיה לעובדי הדסה בע""מ",new_item,https://amitim.com/keren/investment_policy_pension_insurers/m/keren/about_the_fund_kgm_pension_fund/m/keren/about_the_fund_kgm_pension_fund/,מידע סטטיסטי,https://amitim.com/keren/statistical_information_pension_fund_circle/
2026-09-30T22:38:47+00:00,520022963,"קופת הפנסיה לעובדי הדסה בע""מ",new_item,https://amitim.com/keren/investment_policy_pension_insurers/m/keren/about_the_fund_kgm_pension_fund/m/keren/about_the_fund_kgm_pension_fund/,מידע סטטיסטי,https://amitim.com/keren/statistical_information_farmers_pension_fund/
2026-09-30T22:38:47+00:00,520022963,"קופת הפנסיה לעובדי הדסה בע""מ",new_item,https://amitim.com/keren/investment_policy_pension_insurers/m/keren/about_the_fund_kgm_pension_fund/m/keren/about_the_fund_kgm_pension_fund/,מידע סטטיסטי,https://amitim.com/statistical_information_pension_fund_building/
2026-09-30T22:38:47+00:00,520022963,"קופת הפנסיה לעובדי הדסה בע""מ",new_item,https://amitim.com/keren/investment_policy_pension_insurers/m/keren/about_the_fund_kgm_pension_fund/m/keren/about_the_fund_kgm_pension_fund/,מידע סטטיסטי,https://amitim.com/keren/statistical_information_kgm_pension_fund/
2026-09-30T22:38:47+00:00,520022963,"קופת הפנסיה לעובדי הדסה בע""מ",new_item,https://amitim.com/keren/investment_policy_pension_insurers/m/keren/about_the_fund_kgm_pension_fund/m/keren/about_the_fund_kgm_pension_fund/,מידע סטטיסטי,https://amitim.com/keren/statistical_information_nativ_pension_fund/
2026-09-30T22:38:47+00:00,520022963,"קופת הפנסיה לעובדי הדסה בע""מ",new_item,https://amitim.com/keren/investment_policy_pension_insurers/m/keren/about_the_fund_kgm_pension_fund/m/keren/about_the_fund_kgm_pension_fund/,מידע סטטיסטי,https://amitim.com/keren/statistical_information_egged_pension_fund/
2026-09-30T22:38:47+00:00,520022963,"קופת הפנסיה לעובדי הדסה בע""מ",new_item,https://amitim.com/keren/investment_policy_pension_insurers/m/keren/about_the_fund_kgm_pension_fund/m/keren/about_the_fund_kgm_pension_fund/,מידע סטטיסטי,https://amitim.com/keren/statistical_information_hadassah_pension_fund/
2026-09-30T22:38:47+00:00,520022963,"קופת הפנסיה לעובדי הדסה בע""מ",new_item,https://amitim.com/keren/investment_policy_pension_insurers/m/keren/about_the_fund_kgm_pension_fund/m/keren/about_the_fund_kgm_pension_fund/,יציאה לפנסיה,https://amitim.com/info-center/amitim/retirement/
2026-09-30T22:38:47+00:00,520022963,"קופת הפנסיה לעובדי הדסה בע""מ",new_item,https://amitim.com/keren/investment_policy_pension_insurers/m/keren/about_the_fund_kgm_pension_fund/m/keren/about_the_fund_kgm_pension_fund/,חקלאים,https://amitim.com/keren/about_the_fund_farmers_pension_fund/
2026-09-30T22:38:47+00:00,520022963,"קופת הפנסיה לעובדי הדסה בע""מ",new_item,https://amitim.com/keren/investment_policy_pension_insurers/m/keren/about_the_fund_kgm_pension_fund/m/keren/about_the_fund_kgm_pension_fund/,הצבעות באסיפות,https://amitim.com/keren/voting_at_meetings_pension_insurers/
2026-09-30T22:38:47+00:00,520022963,"קופת הפנסיה לעובדי הדסה בע""מ",new_item,https://amitim.com/keren/investment_policy_pension_insurers/m/keren/about_the_fund_kgm_pension_fund/m/keren/about_the_fund_kgm_pension_fund/,הצבעות באסיפות,https://amitim.com/keren/voting_at_meetings_provident_insurance/
2026-09-30T22:38:47+00:00,520022963,"קופת הפנסיה לעובדי הדסה בע""מ",new_item,https://amitim.com/keren/investment_policy_pension_insurers/m/keren/about_the_fund_kgm_pension_fund/m/keren/about_the_fund_kgm_pension_fund/,הצבעות באסיפות,https://amitim.com/keren/voting_at_meetings_pension_fund_circle/
2026-09-30T22:38:47+00:00,520022963,"קופת הפנסיה לעובדי הדסה בע""מ",new_item,https://amitim.com/keren/investment_policy_pension_insurers/m/keren/about_the_fund_kgm_pension_fund/m/keren/about_the_fund_kgm_pension_fund/,הצבעות באסיפות,https://amitim.com/keren/voting_at_meetings_provident_fund_circle/
2026-09-30T22:38:47+00:00,520022963,"קופת הפנסיה לעובדי הדסה בע""מ",new_item,https://amitim.com/keren/investment_policy_pension_insurers/m/keren/about_the_fund_kgm_pension_fund/m/keren/about_the_fund_kgm_pension_fund/,הצבעות באסיפות,https://amitim.com/keren/voting_at_meetings_farmers_pension_fund/
2026-09-30T22:38:47+00:00,520022963,"קופת הפנסיה לעובדי הדסה בע""מ",new_item,https://amitim.com/keren/investment_policy_pension_insurers/m/keren/about_the_fund_kgm_pension_fund/m/keren/about_the_fund_kgm_pension_fund/,הצבעות באסיפות,https://amitim.com/keren/voting_at_meetings_farmers_provident_fund/
2026-09-30T22:38:47+00:00,520022963,"קופת הפנסיה לעובדי הדסה בע""מ",new_item,https://amitim.com/keren/investment_policy_pension_insurers/m/keren/about_the_fund_kgm_pension_fund/m/keren/about_the_fund_kgm_pension_fund/,הצבעות באסיפות,https://amitim.com/keren/voting_at_meetings_pension_fund_building/
2026-09-30T22:38:47+00:00,520022963,"קופת הפנסיה לעובדי הדסה בע""מ",new_item,https://amitim.com/keren/investment_policy_pension_insurers/m/keren/about_the_fund_kgm_pension_fund/m/keren/about_the_fund_kgm_pension_fund/,הצבעות באסיפות,https://amitim.com/keren/voting_at_meetings_provident_fund-building/
2026-09-30T22:38:47+00:00,520022963,"קופת הפנסיה לעובדי הדסה בע""מ",new_item,https://amitim.com/keren/investment_policy_pension_insurers/m/keren/about_the_fund_kgm_pension_fund/m/keren/about_the_fund_kgm_pension_fund/,הצבעות באסיפות,https://amitim.com/keren/voting_at_meetings_kgm_pension-fund/
2026-09-30T22:38:47+00:00,520022963,"קופת הפנסיה לעובדי הדסה בע""מ",new_item,https://amitim.com/keren/investment_policy_pension_insurers/m/keren/about_the_fund_kgm_pension_fund/m/keren/about_the_fund_kgm_pension_fund/,הצבעות באסיפות,https://amitim.com/keren/voting_at_meetings_nativ_pension_fund/
2026-09-30T22:38:47+00:00,520022963,"קופת הפנסיה לעובדי הדסה בע""מ",new_item,https://amitim.com/keren/investment_policy_pension_insurers/m/keren/about_the_fund_kgm_pension_fund/m/keren/about_the_fund_kgm_pension_fund/,הצבעות באסיפות,https://amitim.com/keren/voting_at_meetings_egged_pension_fund/
2026-09-30T22:38:47+00:00,520022963,"קופת הפנסיה לעובדי הדסה בע""מ",new_item,https://amitim.com/keren/investment_policy_pension_insurers/m/keren/about_the_fund_kgm_pension_fund/m/keren/about_the_fund_kgm_pension_fund/,הצבעות באסיפות,https://amitim.com/keren/voting_at_meetings_hadassah_pension_fund/
2026-09-30T22:38:47+00:00,520022963,"קופת הפנסיה לעובדי הדסה בע""מ",new_item,https://amitim.com/keren/investment_policy_pension_insurers/m/keren/about_the_fund_kgm_pension_fund/m/keren/about_the_fund_kgm_pension_fund/,הפנסיה שלי,https://amitim.com/info-center/retirees/my_pension/
2026-09-30T22:38:47+00:00,520022963,"קופת הפנסיה לעובדי הדסה בע""מ",new_item,https://amitim.com/keren/investment_policy_pension_insurers/m/keren/about_the_fund_kgm_pension_fund/m/keren/about_the_fund_kgm_pension_fund/,החוק לחלוקת חיסכון פנסיוני,https://amitim.com/info-center/amitim/distribution_of_pension_savings/
2026-09-30T22:38:47+00:00,520022963,"קופת הפנסיה לעובדי הדסה בע""מ",new_item,https://amitim.com/keren/investment_policy_pension_insurers/m/keren/about_the_fund_kgm_pension_fund/m/keren/about_the_fund_kgm_pension_fund/,הדסה,https://amitim.com/keren/about-_he_fund_hadassah_pension_fund/
2026-09-30T22:38:47+00:00,520022963,"קופת הפנסיה לעובדי הדסה בע""מ",new_item,https://amitim.com/keren/investment_policy_pension_insurers/m/keren/about_the_fund_kgm_pension_fund/m/keren/about_the_fund_kgm_pension_fund/,דוחות כספיים,https://amitim.com/keren/financial_statements_provident_fund_insurers/
2026-09-30T22:38:47+00:00,520022963,"קופת הפנסיה לעובדי הדסה בע""מ",new_item,https://amitim.com/keren/investment_policy_pension_insurers/m/keren/about_the_fund_kgm_pension_fund/m/keren/about_the_fund_kgm_pension_fund/,דוחות כספיים,https://amitim.com/keren/financial_statements_pension_fund_overview/
2026-09-30T22:38:47+00:00,520022963,"קופת הפנסיה לעובדי הדסה בע""מ",new_item,https://amitim.com/keren/investment_policy_pension_insurers/m/keren/about_the_fund_kgm_pension_fund/m/keren/about_the_fund_kgm_pension_fund/,דוחות כספיים,https://amitim.com/keren/financial_statements_provident_fund_circle/
2026-09-30T22:38:47+00:00,520022963,"קופת הפנסיה לעובדי הדסה בע""מ",new_item,https://amitim.com/keren/investment_policy_pension_insurers/m/keren/about_the_fund_kgm_pension_fund/m/keren/about_the_fund_kgm_pension_fund/,דוחות כספיים,https://amitim.com/keren/financial_statements_kgm_pension_fund/
2026-09-30T22:38:47+00:00,520022963,"קופת הפנסיה לעובדי הדסה בע""מ",new_item,https://amitim.com/keren/investment_policy_pension_insurers/m/keren/about_the_fund_kgm_pension_fund/m/keren/about_the_fund_kgm_pension_fund/,גורמים קשורים,https://amitim.com/keren/related_parties_provident_fund_insurers/
2026-09-30T22:38:47+00:00,520022963,"קופת הפנסיה לעובדי הדסה בע""מ",new_item,https://amitim.com/keren/investment_policy_pension_insurers/m/keren/about_the_fund_kgm_pension_fund/m/keren/about_the_fund_kgm_pension_fund/,גורמים קשורים,https://amitim.com/keren/related_factors_pension_fund_circle/
2026-09-30T22:38:47+00:00,520022963,"קופת הפנסיה לעובדי הדסה בע""מ",new_item,https://amitim.com/keren/investment_policy_pension_insurers/m/keren/about_the_fund_kgm_pension_fund/m/keren/about_the_fund_kgm_pension_fund/,גורמים קשורים,https://amitim.com/keren/related_factors_provident_fund_circle/
2026-09-30T22:38:47+00:00,520022963,"קופת הפנסיה לעובדי הדסה בע""מ",new_item,https://amitim.com/keren/investment_policy_pension_insurers/m/keren/about_the_fund_kgm_pension_fund/m/keren/about_the_fund_kgm_pension_fund/,גורמים קשורים,https://amitim.com/keren/related_entities_farmers_pension_fund/
2026-09-30T22:38:47+00:00,520022963,"קופת הפנסיה לעובדי הדסה בע""מ",new_item,https://amitim.com/keren/investment_policy_pension_insurers/m/keren/about_the_fund_kgm_pension_fund/m/keren/about_the_fund_kgm_pension_fund/,גורמים קשורים,https://amitim.com/keren/related_entities_farmers_provident_fund/
2026-09-30T22:38:47+00:00,520022963,"קופת הפנסיה לעובדי הדסה בע""מ",new_item,https://amitim.com/keren/investment_policy_pension_insurers/m/keren/about_the_fund_kgm_pension_fund/m/keren/about_the_fund_kgm_pension_fund/,גורמים קשורים,https://amitim.com/keren/related_factors_pension_fund_building/
2026-09-30T22:38:47+00:00,520022963,"קופת הפנסיה לעובדי הדסה בע""מ",new_item,https://amitim.com/keren/investment_policy_pension_insurers/m/keren/about_the_fund_kgm_pension_fund/m/keren/about_the_fund_kgm_pension_fund/,גורמים קשורים,https://amitim.com/keren/related_entities_provident_fund_building/
2026-09-30T22:38:47+00:00,520022963,"קופת הפנסיה לעובדי הדסה בע""מ",new_item,https://amitim.com/keren/investment_policy_pension_insurers/m/keren/about_the_fund_kgm_pension_fund/m/keren/about_the_fund_kgm_pension_fund/,גורמים קשורים,https://amitim.com/keren/related_entities_kgm_pension_fund/
2026-09-30T22:38:47+00:00,520022963,"קופת הפנסיה לעובדי הדסה בע""מ",new_item,https://amitim.com/keren/investment_policy_pension_insurers/m/keren/about_the_fund_kgm_pension_fund/m/keren/about_the_fund_kgm_pension_fund/,גורמים קשורים,https://amitim.com/keren/related_entities_nativ_pension_fund/
2026-09-30T22:38:47+00:00,520022963,"קופת הפנסיה לעובדי הדסה בע""מ",new_item,https://amitim.com/keren/investment_policy_pension_insurers/m/keren/about_the_fund_kgm_pension_fund/m/keren/about_the_fund_kgm_pension_fund/,גורמים קשורים,https://amitim.com/keren/related_parties_egged_pension_fund/
2026-09-30T22:38:47+00:00,520022963,"קופת הפנסיה לעובדי הדסה בע""מ",new_item,https://amitim.com/keren/investment_policy_pension_insurers/m/keren/about_the_fund_kgm_pension_fund/m/keren/about_the_fund_kgm_pension_fund/,גורמים קשורים,https://amitim.com/keren/related_entities_hadassah_pension_fund/
2026-09-30T22:38:47+00:00,520022963,"קופת הפנסיה לעובדי הדסה בע""מ",new_item,https://amitim.com/keren/investment_policy_pension_insurers/m/keren/about_the_fund_kgm_pension_fund/m/keren/about_the_fund_kgm_pension_fund/,בניין,https://amitim.com/keren/about_the_fund_pension_fund_building/
2026-09-30T22:38:47+00:00,520022963,"קופת הפנסיה לעובדי הדסה בע""מ",new_item,https://amitim.com/keren/investment_policy_pension_insurers/m/keren/about_the_fund_kgm_pension_fund/m/keren/about_the_fund_kgm_pension_fund/,אודות הקרן,https://amitim.com/keren/about_the_fund_mivtachim_provident_fund/
2026-09-30T22:38:47+00:00,520022963,"קופת הפנסיה לעובדי הדסה בע""מ",new_item,https://amitim.com/keren/investment_policy_pension_insurers/m/keren/about_the_fund_kgm_pension_fund/m/keren/about_the_fund_kgm_pension_fund/,אודות הקרן,https://amitim.com/keren/about_the_fund_makefet_provident_fund/
2026-09-30T22:38:47+00:00,520022963,"קופת הפנסיה לעובדי הדסה בע""מ",new_item,https://amitim.com/keren/investment_policy_pension_insurers/m/keren/about_the_fund_kgm_pension_fund/m/keren/about_the_fund_kgm_pension_fund/,אודות הקופה,https://amitim.com/keren/about_the_fund_farmers_provident_fund/
2026-09-30T22:38:47+00:00,520022963,"קופת הפנסיה לעובדי הדסה בע""מ",new_item,https://amitim.com/keren/investment_policy_pension_insurers/m/keren/about_the_fund_kgm_pension_fund/m/keren/about_the_fund_kgm_pension_fund/,אודות הקופה,https://amitim.com/keren/about_the_fund_provident_fund_building/
2026-09-30T22:38:47+00:00,520022963,"קופת הפנסיה לעובדי הדסה בע""מ",new_item,https://amitim.com/keren/investment_policy_pension_insurers/m/keren/about_the_fund_kgm_pension_fund/m/keren/about_the_fund_kgm_pension_fund/,אגד,https://amitim.com/keren/about_the_fund_egged_pension_fund/
2026-09-30T22:38:47+00:00,520022963,"קופת הפנסיה לעובדי הדסה בע""מ",new_item,https://amitim.com/keren/investment_policy_pension_fund_circle/m/keren/about_the_fund_kgm_pension_fund/m/keren/about_the_fund_kgm_pension_fund/,קצבת שארים,https://amitim.com/info-center/amitim/survivors_pension/
2026-09-30T22:38:47+00:00,520022963,"קופת הפנסיה לעובדי הדסה בע""מ",new_item,https://amitim.com/keren/investment_policy_pension_fund_circle/m/keren/about_the_fund_kgm_pension_fund/m/keren/about_the_fund_kgm_pension_fund/,קצבת נכות,https://amitim.com/info-center/amitim/disability-pension/
2026-09-30T22:38:47+00:00,520022963,"קופת הפנסיה לעובדי הדסה בע""מ",new_item,https://amitim.com/keren/investment_policy_pension_fund_circle/m/keren/about_the_fund_kgm_pension_fund/m/keren/about_the_fund_kgm_pension_fund/,קגמ קרן פנסיה,https://amitim.com/keren/about_the_fund_kgm_pension_fund/
2026-09-30T22:38:47+00:00,520022963,"קופת הפנסיה לעובדי הדסה בע""מ",new_item,https://amitim.com/keren/investment_policy_pension_fund_circle/m/keren/about_the_fund_kgm_pension_fund/m/keren/about_the_fund_kgm_pension_fund/,פרישה לפנסיה,https://amitim.com/info-center/employers/retirement/
2026-09-30T22:38:47+00:00,520022963,"קופת הפנסיה לעובדי הדסה בע""מ",new_item,https://amitim.com/keren/investment_policy_pension_fund_circle/m/keren/about_the_fund_kgm_pension_fund/m/keren/about_the_fund_kgm_pension_fund/,נתיב,https://amitim.com/keren/about_the_fund_nativ_pension_fund/
2026-09-30T22:38:47+00:00,520022963,"קופת הפנסיה לעובדי הדסה בע""מ",new_item,https://amitim.com/keren/investment_policy_pension_fund_circle/m/keren/about_the_fund_kgm_pension_fund/m/keren/about_the_fund_kgm_pension_fund/,נכסי הקרן,https://amitim.com/keren/fund_assets_makefet_pension_fund/
2026-09-30T22:38:47+00:00,520022963,"קופת הפנסיה לעובדי הדסה בע""מ",new_item,https://amitim.com/keren/investment_policy_pension_fund_circle/m/keren/about_the_fund_kgm_pension_fund/m/keren/about_the_fund_kgm_pension_fund/,נכסי הקרן,https://amitim.com/keren/fund_assets_farmers_pension_fund/
2026-09-30T22:38:47+00:00,520022963,"קופת הפנסיה לעובדי הדסה בע""מ",new_item,https://amitim.com/keren/investment_policy_pension_fund_circle/m/keren/about_the_fund_kgm_pension_fund/m/keren/about_the_fund_kgm_pension_fund/,נכסי הקרן,https://amitim.com/keren/fund_assets_pension_fund_building/
2026-09-30T22:38:47+00:00,520022963,"קופת הפנסיה לעובדי הדסה בע""מ",new_item,https://amitim.com/keren/investment_policy_pension_fund_circle/m/keren/about_the_fund_kgm_pension_fund/m/keren/about_the_fund_kgm_pension_fund/,נכסי הקרן,https://amitim.com/keren/fund_assets_kgm_pension_fund/
2026-09-30T22:38:47+00:00,520022963,"קופת הפנסיה לעובדי הדסה בע""מ",new_item,https://amitim.com/keren/investment_policy_pension_fund_circle/m/keren/about_the_fund_kgm_pension_fund/m/keren/about_the_fund_kgm_pension_fund/,נכסי הקרן,https://amitim.com/keren/fund_assets_nativ_pension_fund/
2026-09-30T22:38:47+00:00,520022963,"קופת הפנסיה לעובדי הדסה בע""מ",new_item,https://amitim.com/keren/investment_policy_pension_fund_circle/m/keren/about_the_fund_kgm_pension_fund/m/keren/about_the_fund_kgm_pension_fund/,נכסי הקרן,https://amitim.com/keren/fund_assets_egged_pension_fund/
2026-09-30T22:38:47+00:00,520022963,"קופת הפנסיה לעובדי הדסה בע""מ",new_item,https://amitim.com/keren/investment_policy_pension_fund_circle/m/keren/about_the_fund_kgm_pension_fund/m/keren/about_the_fund_kgm_pension_fund/,נכסי הקרן,https://amitim.com/keren/fund_assets_hadassah_pension_fund/
2026-09-30T22:38:47+00:00,520022963,"קופת הפנסיה לעובדי הדסה בע""מ",new_item,https://amitim.com/keren/investment_policy_pension_fund_circle/m/keren/about_the_fund_kgm_pension_fund/m/keren/about_the_fund_kgm_pension_fund/,נכסי הקופה,https://amitim.com/keren/fund_assets_provident_fund_insurers/
2026-09-30T22:38:47+00:00,520022963,"קופת הפנסיה לעובדי הדסה בע""מ",new_item,https://amitim.com/keren/investment_policy_pension_fund_circle/m/keren/about_the_fund_kgm_pension_fund/m/keren/about_the_fund_kgm_pension_fund/,נכסי הקופה,https://amitim.com/keren/fund_assets_makefet_provident_fund/
2026-09-30T22:38:47+00:00,520022963,"קופת הפנסיה לעובדי הדסה בע""מ",new_item,https://amitim.com/keren/investment_policy_pension_fund_circle/m/keren/about_the_fund_kgm_pension_fund/m/keren/about_the_fund_kgm_pension_fund/,נכסי הקופה,https://amitim.com/keren/fund_assets_farmers_provident_fund/
2026-09-30T22:38:47+00:00,520022963,"קופת הפנסיה לעובדי הדסה בע""מ",new_item,https://amitim.com/keren/investment_policy_pension_fund_circle/m/keren/about_the_fund_kgm_pension_fund/m/keren/about_the_fund_kgm_pension_fund/,נכסי הקופה,https://amitim.com/keren/fund_assets_provident_fund_building/
2026-09-30T22:38:47+00:00,520022963,"קופת הפנסיה לעובדי הדסה בע""מ",new_item,https://amitim.com/keren/investment_policy_pension_fund_circle/m/keren/about_the_fund_kgm_pension_fund/m/keren/about_the_fund_kgm_pension_fund/,משיכת כספים של עמית שנפטר,https://amitim.com/keren/withdrawing_funds_from_a_deceased_colleague_farmers_provident_fund/
2026-09-30T22:38:47+00:00,520022963,"קופת הפנסיה לעובדי הדסה בע""מ",new_item,https://amitim.com/keren/investment_policy_pension_fund_circle/m/keren/about_the_fund_kgm_pension_fund/m/keren/about_the_fund_kgm_pension_fund/,משיכת כספים של עמית שנפטר,https://amitim.com/keren/withdrawing_funds_from_a_deceased-colleague_provident_fund_building/
2026-09-30T22:38:47+00:00,520022963,"קופת הפנסיה לעובדי הדסה בע""מ",new_item,https://amitim.com/keren/investment_policy_pension_fund_circle/m/keren/about_the_fund_kgm_pension_fund/m/keren/about_the_fund_kgm_pension_fund/,מקפת,https://amitim.com/keren/about_the_fund_makefet_pension_fund/
2026-09-30T22:38:47+00:00,520022963,"קופת הפנסיה לעובדי הדסה בע""מ",new_item,https://amitim.com/keren/investment_policy_pension_fund_circle/m/keren/about_the_fund_kgm_pension_fund/m/keren/about_the_fund_kgm_pension_fund/,מידע סטטיסטי,https://amitim.com/keren/statistical_information_pension_insurers/
2026-09-30T22:38:47+00:00,520022963,"קופת הפנסיה לעובדי הדסה בע""מ",new_item,https://amitim.com/keren/investment_policy_pension_fund_circle/m/keren/about_the_fund_kgm_pension_fund/m/keren/about_the_fund_kgm_pension_fund/,מידע סטטיסטי,https://amitim.com/keren/statistical_information_pension_fund_circle/
2026-09-30T22:38:47+00:00,520022963,"קופת הפנסיה לעובדי הדסה בע""מ",new_item,https://amitim.com/keren/investment_policy_pension_fund_circle/m/keren/about_the_fund_kgm_pension_fund/m/keren/about_the_fund_kgm_pension_fund/,מידע סטטיסטי,https://amitim.com/keren/statistical_information_farmers_pension_fund/
2026-09-30T22:38:47+00:00,520022963,"קופת הפנסיה לעובדי הדסה בע""מ",new_item,https://amitim.com/keren/investment_policy_pension_fund_circle/m/keren/about_the_fund_kgm_pension_fund/m/keren/about_the_fund_kgm_pension_fund/,מידע סטטיסטי,https://amitim.com/statistical_information_pension_fund_building/
2026-09-30T22:38:47+00:00,520022963,"קופת הפנסיה לעובדי הדסה בע""מ",new_item,https://amitim.com/keren/investment_policy_pension_fund_circle/m/keren/about_the_fund_kgm_pension_fund/m/keren/about_the_fund_kgm_pension_fund/,מידע סטטיסטי,https://amitim.com/keren/statistical_information_kgm_pension_fund/
2026-09-30T22:38:47+00:00,520022963,"קופת הפנסיה לעובדי הדסה בע""מ",new_item,https://amitim.com/keren/investment_policy_pension_fund_circle/m/keren/about_the_fund_kgm_pension_fund/m/keren/about_the_fund_kgm_pension_fund/,מידע סטטיסטי,https://amitim.com/keren/statistical_information_nativ_pension_fund/
2026-09-30T22:38:47+00:00,520022963,"קופת הפנסיה לעובדי הדסה בע""מ",new_item,https://amitim.com/keren/investment_policy_pension_fund_circle/m/keren/about_the_fund_kgm_pension_fund/m/keren/about_the_fund_kgm_pension_fund/,מידע סטטיסטי,https://amitim.com/keren/statistical_information_egged_pension_fund/
2026-09-30T22:38:47+00:00,520022963,"קופת הפנסיה לעובדי הדסה בע""מ",new_item,https://amitim.com/keren/investment_policy_pension_fund_circle/m/keren/about_the_fund_kgm_pension_fund/m/keren/about_the_fund_kgm_pension_fund/,מידע סטטיסטי,https://amitim.com/keren/statistical_information_hadassah_pension_fund/
2026-09-30T22:38:47+00:00,520022963,"קופת הפנסיה לעובדי הדסה בע""מ",new_item,https://amitim.com/keren/investment_policy_pension_fund_circle/m/keren/about_the_fund_kgm_pension_fund/m/keren/about_the_fund_kgm_pension_fund/,יציאה לפנסיה,https://amitim.com/info-center/amitim/retirement/
2026-09-30T22:38:47+00:00,520022963,"קופת הפנסיה לעובדי הדסה בע""מ",new_item,https://amitim.com/keren/investment_policy_pension_fund_circle/m/keren/about_the_fund_kgm_pension_fund/m/keren/about_the_fund_kgm_pension_fund/,חקלאים,https://amitim.com/keren/about_the_fund_farmers_pension_fund/
2026-09-30T22:38:47+00:00,520022963,"קופת הפנסיה לעובדי הדסה בע""מ",new_item,https://amitim.com/keren/investment_policy_pension_fund_circle/m/keren/about_the_fund_kgm_pension_fund/m/keren/about_the_fund_kgm_pension_fund/,הצבעות באסיפות,https://amitim.com/keren/voting_at_meetings_pension_insurers/
2026-09-30T22:38:47+00:00,520022963,"קופת הפנסיה לעובדי הדסה בע""מ",new_item,https://amitim.com/keren/investment_policy_pension_fund_circle/m/keren/about_the_fund_kgm_pension_fund/m/keren/about_the_fund_kgm_pension_fund/,הצבעות באסיפות,https://amitim.com/keren/voting_at_meetings_provident_insurance/
2026-09-30T22:38:47+00:00,520022963,"קופת הפנסיה לעובדי הדסה בע""מ",new_item,https://amitim.com/keren/investment_policy_pension_fund_circle/m/keren/about_the_fund_kgm_pension_fund/m/keren/about_the_fund_kgm_pension_fund/,הצבעות באסיפות,https://amitim.com/keren/voting_at_meetings_pension_fund_circle/
2026-09-30T22:38:47+00:00,520022963,"קופת הפנסיה לעובדי הדסה בע""מ",new_item,https://amitim.com/keren/investment_policy_pension_fund_circle/m/keren/about_the_fund_kgm_pension_fund/m/keren/about_the_fund_kgm_pension_fund/,הצבעות באסיפות,https://amitim.com/keren/voting_at_meetings_provident_fund_circle/
2026-09-30T22:38:47+00:00,520022963,"קופת הפנסיה לעובדי הדסה בע""מ",new_item,https://amitim.com/keren/investment_policy_pension_fund_circle/m/keren/about_the_fund_kgm_pension_fund/m/keren/about_the_fund_kgm_pension_fund/,הצבעות באסיפות,https://amitim.com/keren/voting_at_meetings_farmers_pension_fund/
2026-09-30T22:38:47+00:00,520022963,"קופת הפנסיה לעובדי הדסה בע""מ",new_item,https://amitim.com/keren/investment_policy_pension_fund_circle/m/keren/about_the_fund_kgm_pension_fund/m/keren/about_the_fund_kgm_pension_fund/,הצבעות באסיפות,https://amitim.com/keren/voting_at_meetings_farmers_provident_fund/
2026-09-30T22:38:47+00:00,520022963,"קופת הפנסיה לעובדי הדסה בע""מ",new_item,https://amitim.com/keren/investment_policy_pension_fund_circle/m/keren/about_the_fund_kgm_pension_fund/m/keren/about_the_fund_kgm_pension_fund/,הצבעות באסיפות,https://amitim.com/keren/voting_at_meetings_pension_fund_building/
2026-09-30T22:38:47+00:00,520022963,"קופת הפנסיה לעובדי הדסה בע""מ",new_item,https://amitim.com/keren/investment_policy_pension_fund_circle/m/keren/about_the_fund_kgm_pension_fund/m/keren/about_the_fund_kgm_pension_fund/,הצבעות באסיפות,https://amitim.com/keren/voting_at_meetings_provident_fund-building/
2026-09-30T22:38:47+00:00,520022963,"קופת הפנסיה לעובדי הדסה בע""מ",new_item,https://amitim.com/keren/investment_policy_pension_fund_circle/m/keren/about_the_fund_kgm_pension_fund/m/keren/about_the_fund_kgm_pension_fund/,הצבעות באסיפות,https://amitim.com/keren/voting_at_meetings_kgm_pension-fund/
2026-09-30T22:38:47+00:00,520022963,"קופת הפנסיה לעובדי הדסה בע""מ",new_item,https://amitim.com/keren/investment_policy_pension_fund_circle/m/keren/about_the_fund_kgm_pension_fund/m/keren/about_the_fund_kgm_pension_fund/,הצבעות באסיפות,https://amitim.com/keren/voting_at_meetings_nativ_pension_fund/
2026-09-30T22:38:47+00:00,520022963,"קופת הפנסיה לעובדי הדסה בע""מ",new_item,https://amitim.com/keren/investment_policy_pension_fund_circle/m/keren/about_the_fund_kgm_pension_fund/m/keren/about_the_fund_kgm_pension_fund/,הצבעות באסיפות,https://amitim.com/keren/voting_at_meetings_egged_pension_fund/
2026-09-30T22:38:47+00:00,520022963,"קופת הפנסיה לעובדי הדסה בע""מ",new_item,https://amitim.com/keren/investment_policy_pension_fund_circle/m/keren/about_the_fund_kgm_pension_fund/m/keren/about_the_fund_kgm_pension_fund/,הצבעות באסיפות,https://amitim.com/keren/voting_at_meetings_hadassah_pension_fund/
2026-09-30T22:38:47+00:00,520022963,"קופת הפנסיה לעובדי הדסה בע""מ",new_item,https://amitim.com/keren/investment_policy_pension_fund_circle/m/keren/about_the_fund_kgm_pension_fund/m/keren/about_the_fund_kgm_pension_fund/,הפנסיה שלי,https://amitim.com/info-center/retirees/my_pension/
2026-09-30T22:38:47+00:00,520022963,"קופת הפנסיה לעובדי הדסה בע""מ",new_item,https://amitim.com/keren/investment_policy_pension_fund_circle/m/keren/about_the_fund_kgm_pension_fund/m/keren/about_the_fund_kgm_pension_fund/,החוק לחלוקת חיסכון פנסיוני,https://amitim.com/info-center/amitim/distribution_of_pension_savings/
2026-09-30T22:38:47+00:00,520022963,"קופת הפנסיה לעובדי הדסה בע""מ",new_item,https://amitim.com/keren/investment_policy_pension_fund_circle/m/keren/about_the_fund_kgm_pension_fund/m/keren/about_the_fund_kgm_pension_fund/,הדסה,https://amitim.com/keren/about-_he_fund_hadassah_pension_fund/
2026-09-30T22:38:47+00:00,520022963,"קופת הפנסיה לעובדי הדסה בע""מ",new_item,https://amitim.com/keren/investment_policy_pension_fund_circle/m/keren/about_the_fund_kgm_pension_fund/m/keren/about_the_fund_kgm_pension_fund/,דוחות כספיים,https://amitim.com/keren/financial_statements_provident_fund_insurers/
2026-09-30T22:38:47+00:00,520022963,"קופת הפנסיה לעובדי הדסה בע""מ",new_item,https://amitim.com/keren/investment_policy_pension_fund_circle/m/keren/about_the_fund_kgm_pension_fund/m/keren/about_the_fund_kgm_pension_fund/,דוחות כספיים,https://amitim.com/keren/financial_statements_pension_fund_overview/
2026-09-30T22:38:47+00:00,520022963,"קופת הפנסיה לעובדי הדסה בע""מ",new_item,https://amitim.com/keren/investment_policy_pension_fund_circle/m/keren/about_the_fund_kgm_pension_fund/m/keren/about_the_fund_kgm_pension_fund/,דוחות כספיים,https://amitim.com/keren/financial_statements_provident_fund_circle/
2026-09-30T22:38:47+00:00,520022963,"קופת הפנסיה לעובדי הדסה בע""מ",new_item,https://amitim.com/keren/investment_policy_pension_fund_circle/m/keren/about_the_fund_kgm_pension_fund/m/keren/about_the_fund_kgm_pension_fund/,דוחות כספיים,https://amitim.com/keren/financial_statements_kgm_pension_fund/
2026-09-30T22:38:47+00:00,520022963,"קופת הפנסיה לעובדי הדסה בע""מ",new_item,https://amitim.com/keren/investment_policy_pension_fund_circle/m/keren/about_the_fund_kgm_pension_fund/m/keren/about_the_fund_kgm_pension_fund/,גורמים קשורים,https://amitim.com/keren/related_parties_provident_fund_insurers/
2026-09-30T22:38:47+00:00,520022963,"קופת הפנסיה לעובדי הדסה בע""מ",new_item,https://amitim.com/keren/investment_policy_pension_fund_circle/m/keren/about_the_fund_kgm_pension_fund/m/keren/about_the_fund_kgm_pension_fund/,גורמים קשורים,https://amitim.com/keren/related_factors_pension_fund_circle/
2026-09-30T22:38:47+00:00,520022963,"קופת הפנסיה לעובדי הדסה בע""מ",new_item,https://amitim.com/keren/investment_policy_pension_fund_circle/m/keren/about_the_fund_kgm_pension_fund/m/keren/about_the_fund_kgm_pension_fund/,גורמים קשורים,https://amitim.com/keren/related_factors_provident_fund_circle/
2026-09-30T22:38:47+00:00,520022963,"קופת הפנסיה לעובדי הדסה בע""מ",new_item,https://amitim.com/keren/investment_policy_pension_fund_circle/m/keren/about_the_fund_kgm_pension_fund/m/keren/about_the_fund_kgm_pension_fund/,גורמים קשורים,https://amitim.com/keren/related_entities_farmers_pension_fund/
2026-09-30T22:38:47+00:00,520022963,"קופת הפנסיה לעובדי הדסה בע""מ",new_item,https://amitim.com/keren/investment_policy_pension_fund_circle/m/keren/about_the_fund_kgm_pension_fund/m/keren/about_the_fund_kgm_pension_fund/,גורמים קשורים,https://amitim.com/keren/related_entities_farmers_provident_fund/
2026-09-30T22:38:47+00:00,520022963,"קופת הפנסיה לעובדי הדסה בע""מ",new_item,https://amitim.com/keren/investment_policy_pension_fund_circle/m/keren/about_the_fund_kgm_pension_fund/m/keren/about_the_fund_kgm_pension_fund/,גורמים קשורים,https://amitim.com/keren/related_factors_pension_fund_building/
2026-09-30T22:38:47+00:00,520022963,"קופת הפנסיה לעובדי הדסה בע""מ",new_item,https://amitim.com/keren/investment_policy_pension_fund_circle/m/keren/about_the_fund_kgm_pension_fund/m/keren/about_the_fund_kgm_pension_fund/,גורמים קשורים,https://amitim.com/keren/related_entities_provident_fund_building/
2026-09-30T22:38:47+00:00,520022963,"קופת הפנסיה לעובדי הדסה בע""מ",new_item,https://amitim.com/keren/investment_policy_pension_fund_circle/m/keren/about_the_fund_kgm_pension_fund/m/keren/about_the_fund_kgm_pension_fund/,גורמים קשורים,https://amitim.com/keren/related_entities_kgm_pension_fund/
2026-09-30T22:38:47+00:00,520022963,"קופת הפנסיה לעובדי הדסה בע""מ",new_item,https://amitim.com/keren/investment_policy_pension_fund_circle/m/keren/about_the_fund_kgm_pension_fund/m/keren/about_the_fund_kgm_pension_fund/,גורמים קשורים,https://amitim.com/keren/related_entities_nativ_pension_fund/
2026-09-30T22:38:47+00:00,520022963,"קופת הפנסיה לעובדי הדסה בע""מ",new_item,https://amitim.com/keren/investment_policy_pension_fund_circle/m/keren/about_the_fund_kgm_pension_fund/m/keren/about_the_fund_kgm_pension_fund/,גורמים קשורים,https://amitim.com/keren/related_parties_egged_pension_fund/
2026-09-30T22:38:47+00:00,520022963,"קופת הפנסיה לעובדי הדסה בע""מ",new_item,https://amitim.com/keren/investment_policy_pension_fund_circle/m/keren/about_the_fund_kgm_pension_fund/m/keren/about_the_fund_kgm_pension_fund/,גורמים קשורים,https://amitim.com/keren/related_entities_hadassah_pension_fund/
2026-09-30T22:38:47+00:00,520022963,"קופת הפנסיה לעובדי הדסה בע""מ",new_item,https://amitim.com/keren/investment_policy_pension_fund_circle/m/keren/about_the_fund_kgm_pension_fund/m/keren/about_the_fund_kgm_pension_fund/,בניין,https://amitim.com/keren/about_the_fund_pension_fund_building/
2026-09-30T22:38:47+00:00,520022963,"קופת הפנסיה לעובדי הדסה בע""מ",new_item,https://amitim.com/keren/investment_policy_pension_fund_circle/m/keren/about_the_fund_kgm_pension_fund/m/keren/about_the_fund_kgm_pension_fund/,אודות הקרן,https://amitim.com/keren/about_the_fund_mivtachim_provident_fund/
2026-09-30T22:38:47+00:00,520022963,"קופת הפנסיה לעובדי הדסה בע""מ",new_item,https://amitim.com/keren/investment_policy_pension_fund_circle/m/keren/about_the_fund_kgm_pension_fund/m/keren/about_the_fund_kgm_pension_fund/,אודות הקרן,https://amitim.com/keren/about_the_fund_makefet_provident_fund/
2026-09-30T22:38:47+00:00,520022963,"קופת הפנסיה לעובדי הדסה בע""מ",new_item,https://amitim.com/keren/investment_policy_pension_fund_circle/m/keren/about_the_fund_kgm_pension_fund/m/keren/about_the_fund_kgm_pension_fund/,אודות הקופה,https://amitim.com/keren/about_the_fund_farmers_provident_fund/
2026-09-30T22:38:47+00:00,520022963,"קופת הפנסיה לעובדי הדסה בע""מ",new_item,https://amitim.com/keren/investment_policy_pension_fund_circle/m/keren/about_the_fund_kgm_pension_fund/m/keren/about_the_fund_kgm_pension_fund/,אודות הקופה,https://amitim.com/keren/about_the_fund_provident_fund_building/
2026-09-30T22:38:47+00:00,520022963,"קופת הפנסיה לעובדי הדסה בע""מ",new_item,https://amitim.com/keren/investment_policy_pension_fund_circle/m/keren/about_the_fund_kgm_pension_fund/m/keren/about_the_fund_kgm_pension_fund/,אגד,https://amitim.com/keren/about_the_fund_egged_pension_fund/
2026-09-30T22:38:47+00:00,520022963,"קופת הפנסיה לעובדי הדסה בע""מ",new_item,https://www.amitim.com,קרן פנסיה,https://amitim.com/keren/about_the_fund_egged_pension_fund/
2026-09-30T22:38:47+00:00,520022963,"קופת הפנסיה לעובדי הדסה בע""מ",new_item,https://www.amitim.com,קרן פנסיה,https://amitim.com/keren/about_the_fund_pension_fund_building/
2026-09-30T22:38:47+00:00,520022963,"קופת הפנסיה לעובדי הדסה בע""מ",new_item,https://www.amitim.com,קרן פנסיה,https://amitim.com/keren/about-_he_fund_hadassah_pension_fund/
2026-09-30T22:38:47+00:00,520022963,"קופת הפנסיה לעובדי הדסה בע""מ",new_item,https://www.amitim.com,קרן פנסיה,https://amitim.com/keren/about_the_fund_farmers_pension_fund/
2026-09-30T22:38:47+00:00,520022963,"קופת הפנסיה לעובדי הדסה בע""מ",new_item,https://www.amitim.com,קרן פנסיה,https://amitim.com/keren/mivtahim-pensia-odot/
2026-09-30T22:38:47+00:00,520022963,"קופת הפנסיה לעובדי הדסה בע""מ",new_item,https://www.amitim.com,קרן פנסיה,https://amitim.com/keren/about_the_fund_makefet_pension_fund/
2026-09-30T22:38:47+00:00,520022963,"קופת הפנסיה לעובדי הדסה בע""מ",new_item,https://www.amitim.com,קרן פנסיה,https://amitim.com/keren/about_the_fund_nativ_pension_fund/
2026-09-30T22:38:47+00:00,520022963,"קופת הפנסיה לעובדי הדסה בע""מ",new_item,https://www.amitim.com,קרן פנסיה,https://amitim.com/keren/about_the_fund_kgm_pension_fund/
2026-09-30T22:38:47+00:00,520022963,"קופת הפנסיה לעובדי הדסה בע""מ",new_item,https://www.amitim.com,קצבת שארים,https://www.amitim.com/info-center/amitim/survivors_pension/
2026-09-30T22:38:47+00:00,520022963,"קופת הפנסיה לעובדי הדסה בע""מ",new_item,https://www.amitim.com,קצבת נכות,https://www.amitim.com/info-center/amitim/disability-pension/
2026-09-30T22:38:47+00:00,520022963,"קופת הפנסיה לעובדי הדסה בע""מ",new_item,https://www.amitim.com,קופת גמל,https://amitim.com/keren/about_the_fund_provident_fund_building/
2026-09-30T22:38:47+00:00,520022963,"קופת הפנסיה לעובדי הדסה בע""מ",new_item,https://www.amitim.com,קופת גמל,https://amitim.com/keren/about_the_fund_farmers_provident_fund/
2026-09-30T22:38:47+00:00,520022963,"קופת הפנסיה לעובדי הדסה בע""מ",new_item,https://www.amitim.com,קופת גמל,https://amitim.com/keren/about_the_fund_mivtachim_provident_fund/
2026-09-30T22:38:47+00:00,520022963,"קופת הפנסיה לעובדי הדסה בע""מ",new_item,https://www.amitim.com,קופת גמל,https://amitim.com/keren/about_the_fund_makefet_provident_fund/
2026-09-30T22:38:47+00:00,520022963,"קופת הפנסיה לעובדי הדסה בע""מ",new_item,https://www.amitim.com,קג״מ,https://www.amitim.com/m/keren/about_the_fund_kgm_pension_fund/
2026-09-30T22:38:47+00:00,520022963,"קופת הפנסיה לעובדי הדסה בע""מ",new_item,https://www.amitim.com,פרישה לפנסיה,https://www.amitim.com/info-center/employers/retirement/
2026-09-30T22:38:47+00:00,520022963,"קופת הפנסיה לעובדי הדסה בע""מ",new_item,https://www.amitim.com,נתיב,https://www.amitim.com/keren/about_the_fund_nativ_pension_fund/
2026-09-30T22:38:47+00:00,520022963,"קופת הפנסיה לעובדי הדסה בע""מ",new_item,https://www.amitim.com,נכסי הקרן,https://www.amitim.com/keren/fund_assets_makefet_pension_fund/
2026-09-30T22:38:47+00:00,520022963,"קופת הפנסיה לעובדי הדסה בע""מ",new_item,https://www.amitim.com,נכסי הקרן,https://www.amitim.com/keren/fund_assets_farmers_pension_fund/
2026-09-30T22:38:47+00:00,520022963,"קופת הפנסיה לעובדי הדסה בע""מ",new_item,https://www.amitim.com,נכסי הקרן,https://www.amitim.com/keren/fund_assets_pension_fund_building/
2026-09-30T22:38:47+00:00,520022963,"קופת הפנסיה לעובדי הדסה בע""מ",new_item,https://www.amitim.com,נכסי הקרן,https://www.amitim.com/keren/fund_assets_kgm_pension_fund/
2026-09-30T22:38:47+00:00,520022963,"קופת הפנסיה לעובדי הדסה בע""מ",new_item,https://www.amitim.com,נכסי הקרן,https://www.amitim.com/keren/fund_assets_nativ_pension_fund/
2026-09-30T22:38:47+00:00,520022963,"קופת הפנסיה לעובדי הדסה בע""מ",new_item,https://www.amitim.com,נכסי הקרן,https://www.amitim.com/keren/fund_assets_egged_pension_fund/
2026-09-30T22:38:47+00:00,520022963,"קופת הפנסיה לעובדי הדסה בע""מ",new_item,https://www.amitim.com,נכסי הקרן,https://www.amitim.com/keren/fund_assets_hadassah_pension_fund/
2026-09-30T22:38:47+00:00,520022963,"קופת הפנסיה לעובדי הדסה בע""מ",new_item,https://www.amitim.com,נכסי הקופה,https://www.amitim.com/keren/fund_assets_provident_fund_insurers/
2026-09-30T22:38:47+00:00,520022963,"קופת הפנסיה לעובדי הדסה בע""מ",new_item,https://www.amitim.com,נכסי הקופה,https://www.amitim.com/keren/fund_assets_makefet_provident_fund/
2026-09-30T22:38:47+00:00,520022963,"קופת הפנסיה לעובדי הדסה בע""מ",new_item,https://www.amitim.com,נכסי הקופה,https://www.amitim.com/keren/fund_assets_farmers_provident_fund/
2026-09-30T22:38:47+00:00,520022963,"קופת הפנסיה לעובדי הדסה בע""מ",new_item,https://www.amitim.com,נכסי הקופה,https://www.amitim.com/keren/fund_assets_provident_fund_building/
2026-09-30T22:38:47+00:00,520022963,"קופת הפנסיה לעובדי הדסה בע""מ",new_item,https://www.amitim.com,משיכת כספים של עמית שנפטר,https://www.amitim.com/keren/withdrawing_funds_from_a_deceased_colleague_farmers_provident_fund/
2026-09-30T22:38:47+00:00,520022963,"קופת הפנסיה לעובדי הדסה בע""מ",new_item,https://www.amitim.com,משיכת כספים של עמית שנפטר,https://www.amitim.com/keren/withdrawing_funds_from_a_deceased-colleague_provident_fund_building/
2026-09-30T22:38:47+00:00,520022963,"קופת הפנסיה לעובדי הדסה בע""מ",new_item,https://www.amitim.com,מקפת,https://www.amitim.com/keren/about_the_fund_makefet_pension_fund/
2026-09-30T22:38:47+00:00,520022963,"קופת הפנסיה לעובדי הדסה בע""מ",new_item,https://www.amitim.com,מידע סטטיסטי,https://www.amitim.com/keren/statistical_information_pension_insurers/
2026-09-30T22:38:47+00:00,520022963,"קופת הפנסיה לעובדי הדסה בע""מ",new_item,https://www.amitim.com,מידע סטטיסטי,https://www.amitim.com/keren/statistical_information_pension_fund_circle/
2026-09-30T22:38:47+00:00,520022963,"קופת הפנסיה לעובדי הדסה בע""מ",new_item,https://www.amitim.com,מידע סטטיסטי,https://www.amitim.com/keren/statistical_information_farmers_pension_fund/
2026-09-30T22:38:47+00:00,520022963,"קופת הפנסיה לעובדי הדסה בע""מ",new_item,https://www.amitim.com,מידע סטטיסטי,https://www.amitim.com/statistical_information_pension_fund_building/
2026-09-30T22:38:47+00:00,520022963,"קופת הפנסיה לעובדי הדסה בע""מ",new_item,https://www.amitim.com,מידע סטטיסטי,https://www.amitim.com/keren/statistical_information_kgm_pension_fund/
2026-09-30T22:38:47+00:00,520022963,"קופת הפנסיה לעובדי הדסה בע""מ",new_item,https://www.amitim.com,מידע סטטיסטי,https://www.amitim.com/keren/statistical_information_nativ_pension_fund/
2026-09-30T22:38:47+00:00,520022963,"קופת הפנסיה לעובדי הדסה בע""מ",new_item,https://www.amitim.com,מידע סטטיסטי,https://www.amitim.com/keren/statistical_information_egged_pension_fund/
2026-09-30T22:38:47+00:00,520022963,"קופת הפנסיה לעובדי הדסה בע""מ",new_item,https://www.amitim.com,מידע סטטיסטי,https://www.amitim.com/keren/statistical_information_hadassah_pension_fund/
2026-09-30T22:38:47+00:00,520022963,"קופת הפנסיה לעובדי הדסה בע""מ",new_item,https://www.amitim.com,מידע לגמלאים,https://www.amitim.com/info-center/retirees/
2026-09-30T22:38:47+00:00,520022963,"קופת הפנסיה לעובדי הדסה בע""מ",new_item,https://www.amitim.com,יציאה לפנסיה,https://www.amitim.com/info-center/amitim/retirement/
2026-09-30T22:38:47+00:00,520022963,"קופת הפנסיה לעובדי הדסה בע""מ",new_item,https://www.amitim.com,חקלאים,https://www.amitim.com/keren/about_the_fund_farmers_pension_fund/
2026-09-30T22:38:47+00:00,520022963,"קופת הפנסיה לעובדי הדסה בע""מ",new_item,https://www.amitim.com,הצבעות באסיפות,https://www.amitim.com/keren/voting_at_meetings_pension_insurers/
2026-09-30T22:38:47+00:00,520022963,"קופת הפנסיה לעובדי הדסה בע""מ",new_item,https://www.amitim.com,הצבעות באסיפות,https://www.amitim.com/keren/voting_at_meetings_provident_insurance/
2026-09-30T22:38:47+00:00,520022963,"קופת הפנסיה לעובדי הדסה בע""מ",new_item,https://www.amitim.com,הצבעות באסיפות,https://www.amitim.com/keren/voting_at_meetings_pension_fund_circle/
2026-09-30T22:38:47+00:00,520022963,"קופת הפנסיה לעובדי הדסה בע""מ",new_item,https://www.amitim.com,הצבעות באסיפות,https://www.amitim.com/keren/voting_at_meetings_provident_fund_circle/
2026-09-30T22:38:47+00:00,520022963,"קופת הפנסיה לעובדי הדסה בע""מ",new_item,https://www.amitim.com,הצבעות באסיפות,https://www.amitim.com/keren/voting_at_meetings_farmers_pension_fund/
2026-09-30T22:38:47+00:00,520022963,"קופת הפנסיה לעובדי הדסה בע""מ",new_item,https://www.amitim.com,הצבעות באסיפות,https://www.amitim.com/keren/voting_at_meetings_farmers_provident_fund/
2026-09-30T22:38:47+00:00,520022963,"קופת הפנסיה לעובדי הדסה בע""מ",new_item,https://www.amitim.com,הצבעות באסיפות,https://www.amitim.com/keren/voting_at_meetings_pension_fund_building/
2026-09-30T22:38:47+00:00,520022963,"קופת הפנסיה לעובדי הדסה בע""מ",new_item,https://www.amitim.com,הצבעות באסיפות,https://www.amitim.com/keren/voting_at_meetings_provident_fund-building/
2026-09-30T22:38:47+00:00,520022963,"קופת הפנסיה לעובדי הדסה בע""מ",new_item,https://www.amitim.com,הצבעות באסיפות,https://www.amitim.com/keren/voting_at_meetings_kgm_pension-fund/
2026-09-30T22:38:47+00:00,520022963,"קופת הפנסיה לעובדי הדסה בע""מ",new_item,https://www.amitim.com,הצבעות באסיפות,https://www.amitim.com/keren/voting_at_meetings_nativ_pension_fund/
2026-09-30T22:38:47+00:00,520022963,"קופת הפנסיה לעובדי הדסה בע""מ",new_item,https://www.amitim.com,הצבעות באסיפות,https://www.amitim.com/keren/voting_at_meetings_egged_pension_fund/
2026-09-30T22:38:47+00:00,520022963,"קופת הפנסיה לעובדי הדסה בע""מ",new_item,https://www.amitim.com,הצבעות באסיפות,https://www.amitim.com/keren/voting_at_meetings_hadassah_pension_fund/
2026-09-30T22:38:47+00:00,520022963,"קופת הפנסיה לעובדי הדסה בע""מ",new_item,https://www.amitim.com,הפנסיה שלי,https://www.amitim.com/info-center/retirees/my_pension/
2026-09-30T22:38:47+00:00,520022963,"קופת הפנסיה לעובדי הדסה בע""מ",new_item,https://www.amitim.com,החוק לחלוקת חיסכון פנסיוני,https://www.amitim.com/info-center/amitim/distribution_of_pension_savings/
2026-09-30T22:38:47+00:00,520022963,"קופת הפנסיה לעובדי הדסה בע""מ",new_item,https://www.amitim.com,הדסה,https://www.amitim.com/keren/about-_he_fund_hadassah_pension_fund/
2026-09-30T22:38:47+00:00,520022963,"קופת הפנסיה לעובדי הדסה בע""מ",new_item,https://www.amitim.com,דוחות כספיים,https://www.amitim.com/keren/financial_statements_provident_fund_insurers/
2026-09-30T22:38:47+00:00,520022963,"קופת הפנסיה לעובדי הדסה בע""מ",new_item,https://www.amitim.com,דוחות כספיים,https://www.amitim.com/keren/financial_statements_pension_fund_overview/
2026-09-30T22:38:47+00:00,520022963,"קופת הפנסיה לעובדי הדסה בע""מ",new_item,https://www.amitim.com,דוחות כספיים,https://www.amitim.com/keren/financial_statements_provident_fund_circle/
2026-09-30T22:38:47+00:00,520022963,"קופת הפנסיה לעובדי הדסה בע""מ",new_item,https://www.amitim.com,גורמים קשורים,https://www.amitim.com/keren/related_parties_provident_fund_insurers/
2026-09-30T22:38:47+00:00,520022963,"קופת הפנסיה לעובדי הדסה בע""מ",new_item,https://www.amitim.com,גורמים קשורים,https://www.amitim.com/keren/related_factors_pension_fund_circle/
2026-09-30T22:38:47+00:00,520022963,"קופת הפנסיה לעובדי הדסה בע""מ",new_item,https://www.amitim.com,גורמים קשורים,https://www.amitim.com/keren/related_factors_provident_fund_circle/
2026-09-30T22:38:47+00:00,520022963,"קופת הפנסיה לעובדי הדסה בע""מ",new_item,https://www.amitim.com,גורמים קשורים,https://www.amitim.com/keren/related_entities_farmers_pension_fund/
2026-09-30T22:38:47+00:00,520022963,"קופת הפנסיה לעובדי הדסה בע""מ",new_item,https://www.amitim.com,גורמים קשורים,https://www.amitim.com/keren/related_entities_farmers_provident_fund/
2026-09-30T22:38:47+00:00,520022963,"קופת הפנסיה לעובדי הדסה בע""מ",new_item,https://www.amitim.com,גורמים קשורים,https://www.amitim.com/keren/related_factors_pension_fund_building/
2026-09-30T22:38:47+00:00,520022963,"קופת הפנסיה לעובדי הדסה בע""מ",new_item,https://www.amitim.com,גורמים קשורים,https://www.amitim.com/keren/related_entities_provident_fund_building/
2026-09-30T22:38:47+00:00,520022963,"קופת הפנסיה לעובדי הדסה בע""מ",new_item,https://www.amitim.com,גורמים קשורים,https://www.amitim.com/keren/related_entities_kgm_pension_fund/
2026-09-30T22:38:47+00:00,520022963,"קופת הפנסיה לעובדי הדסה בע""מ",new_item,https://www.amitim.com,גורמים קשורים,https://www.amitim.com/keren/related_entities_nativ_pension_fund/
2026-09-30T22:38:47+00:00,520022963,"קופת הפנסיה לעובדי הדסה בע""מ",new_item,https://www.amitim.com,גורמים קשורים,https://www.amitim.com/keren/related_parties_egged_pension_fund/
2026-09-30T22:38:47+00:00,520022963,"קופת הפנסיה לעובדי הדסה בע""מ",new_item,https://www.amitim.com,גורמים קשורים,https://www.amitim.com/keren/related_entities_hadassah_pension_fund/
2026-09-30T22:38:47+00:00,520022963,"קופת הפנסיה לעובדי הדסה בע""מ",new_item,https://www.amitim.com,בניין,https://www.amitim.com/keren/about_the_fund_pension_fund_building/
2026-09-30T22:38:47+00:00,520022963,"קופת הפנסיה לעובדי הדסה בע""מ",new_item,https://www.amitim.com,אודות הקרן,https://www.amitim.com/keren/about_the_fund_mivtachim_provident_fund/
2026-09-30T22:38:47+00:00,520022963,"קופת הפנסיה לעובדי הדסה בע""מ",new_item,https://www.amitim.com,אודות הקרן,https://www.amitim.com/keren/about_the_fund_makefet_provident_fund/
2026-09-30T22:38:47+00:00,520022963,"קופת הפנסיה לעובדי הדסה בע""מ",new_item,https://www.amitim.com,אודות הקרן,https://www.amitim.com/keren/about_the_fund_kgm_pension_fund/
2026-09-30T22:38:47+00:00,520022963,"קופת הפנסיה לעובדי הדסה בע""מ",new_item,https://www.amitim.com,אודות הקופה,https://www.amitim.com/keren/about_the_fund_farmers_provident_fund/
2026-09-30T22:38:47+00:00,520022963,"קופת הפנסיה לעובדי הדסה בע""מ",new_item,https://www.amitim.com,אודות הקופה,https://www.amitim.com/keren/about_the_fund_provident_fund_building/
2026-09-30T22:38:47+00:00,520022963,"קופת הפנסיה לעובדי הדסה בע""מ",new_item,https://www.amitim.com,אגד,https://www.amitim.com/keren/about_the_fund_egged_pension_fund/
2026-09-30T22:38:47+00:00,520022963,"קופת הפנסיה לעובדי הדסה בע""מ",new_item,https://www.amitim.com/keren/investment_policy_pension_insurers/,קצבת שארים,https://www.amitim.com/info-center/amitim/survivors_pension/
2026-09-30T22:38:47+00:00,520022963,"קופת הפנסיה לעובדי הדסה בע""מ",new_item,https://www.amitim.com/keren/investment_policy_pension_insurers/,קצבת נכות,https://www.amitim.com/info-center/amitim/disability-pension/
2026-09-30T22:38:47+00:00,520022963,"קופת הפנסיה לעובדי הדסה בע""מ",new_item,https://www.amitim.com/keren/investment_policy_pension_insurers/,פרישה לפנסיה,https://www.amitim.com/info-center/employers/retirement/
2026-09-30T22:38:47+00:00,520022963,"קופת הפנסיה לעובדי הדסה בע""מ",new_item,https://www.amitim.com/keren/investment_policy_pension_insurers/,נתיב,https://www.amitim.com/keren/about_the_fund_nativ_pension_fund/
2026-09-30T22:38:47+00:00,520022963,"קופת הפנסיה לעובדי הדסה בע""מ",new_item,https://www.amitim.com/keren/investment_policy_pension_insurers/,נכסי הקרן,https://www.amitim.com/keren/fund_assets_makefet_pension_fund/
2026-09-30T22:38:47+00:00,520022963,"קופת הפנסיה לעובדי הדסה בע""מ",new_item,https://www.amitim.com/keren/investment_policy_pension_insurers/,נכסי הקרן,https://www.amitim.com/keren/fund_assets_farmers_pension_fund/
2026-09-30T22:38:47+00:00,520022963,"קופת הפנסיה לעובדי הדסה בע""מ",new_item,https://www.amitim.com/keren/investment_policy_pension_insurers/,נכסי הקרן,https://www.amitim.com/keren/fund_assets_pension_fund_building/
2026-09-30T22:38:47+00:00,520022963,"קופת הפנסיה לעובדי הדסה בע""מ",new_item,https://www.amitim.com/keren/investment_policy_pension_insurers/,נכסי הקרן,https://www.amitim.com/keren/fund_assets_kgm_pension_fund/
2026-09-30T22:38:47+00:00,520022963,"קופת הפנסיה לעובדי הדסה בע""מ",new_item,https://www.amitim.com/keren/investment_policy_pension_insurers/,נכסי הקרן,https://www.amitim.com/keren/fund_assets_nativ_pension_fund/
2026-09-30T22:38:47+00:00,520022963,"קופת הפנסיה לעובדי הדסה בע""מ",new_item,https://www.amitim.com/keren/investment_policy_pension_insurers/,נכסי הקרן,https://www.amitim.com/keren/fund_assets_egged_pension_fund/
2026-09-30T22:38:47+00:00,520022963,"קופת הפנסיה לעובדי הדסה בע""מ",new_item,https://www.amitim.com/keren/investment_policy_pension_insurers/,נכסי הקרן,https://www.amitim.com/keren/fund_assets_hadassah_pension_fund/
2026-09-30T22:38:47+00:00,520022963,"קופת הפנסיה לעובדי הדסה בע""מ",new_item,https://www.amitim.com/keren/investment_policy_pension_insurers/,נכסי הקופה,https://www.amitim.com/keren/fund_assets_provident_fund_insurers/
2026-09-30T22:38:47+00:00,520022963,"קופת הפנסיה לעובדי הדסה בע""מ",new_item,https://www.amitim.com/keren/investment_policy_pension_insurers/,נכסי הקופה,https://www.amitim.com/keren/fund_assets_makefet_provident_fund/
2026-09-30T22:38:47+00:00,520022963,"קופת הפנסיה לעובדי הדסה בע""מ",new_item,https://www.amitim.com/keren/investment_policy_pension_insurers/,נכסי הקופה,https://www.amitim.com/keren/fund_assets_farmers_provident_fund/
2026-09-30T22:38:47+00:00,520022963,"קופת הפנסיה לעובדי הדסה בע""מ",new_item,https://www.amitim.com/keren/investment_policy_pension_insurers/,נכסי הקופה,https://www.amitim.com/keren/fund_assets_provident_fund_building/
2026-09-30T22:38:47+00:00,520022963,"קופת הפנסיה לעובדי הדסה בע""מ",new_item,https://www.amitim.com/keren/investment_policy_pension_insurers/,משיכת כספים של עמית שנפטר,https://www.amitim.com/keren/withdrawing_funds_from_a_deceased_colleague_farmers_provident_fund/
2026-09-30T22:38:47+00:00,520022963,"קופת הפנסיה לעובדי הדסה בע""מ",new_item,https://www.amitim.com/keren/investment_policy_pension_insurers/,משיכת כספים של עמית שנפטר,https://www.amitim.com/keren/withdrawing_funds_from_a_deceased-colleague_provident_fund_building/
2026-09-30T22:38:47+00:00,520022963,"קופת הפנסיה לעובדי הדסה בע""מ",new_item,https://www.amitim.com/keren/investment_policy_pension_insurers/,מקפת,https://www.amitim.com/keren/about_the_fund_makefet_pension_fund/
2026-09-30T22:38:47+00:00,520022963,"קופת הפנסיה לעובדי הדסה בע""מ",new_item,https://www.amitim.com/keren/investment_policy_pension_insurers/,מידע סטטיסטי,https://www.amitim.com/keren/statistical_information_pension_insurers/
2026-09-30T22:38:47+00:00,520022963,"קופת הפנסיה לעובדי הדסה בע""מ",new_item,https://www.amitim.com/keren/investment_policy_pension_insurers/,מידע סטטיסטי,https://www.amitim.com/keren/statistical_information_pension_fund_circle/
2026-09-30T22:38:47+00:00,520022963,"קופת הפנסיה לעובדי הדסה בע""מ",new_item,https://www.amitim.com/keren/investment_policy_pension_insurers/,מידע סטטיסטי,https://www.amitim.com/keren/statistical_information_farmers_pension_fund/
2026-09-30T22:38:47+00:00,520022963,"קופת הפנסיה לעובדי הדסה בע""מ",new_item,https://www.amitim.com/keren/investment_policy_pension_insurers/,מידע סטטיסטי,https://www.amitim.com/statistical_information_pension_fund_building/
2026-09-30T22:38:47+00:00,520022963,"קופת הפנסיה לעובדי הדסה בע""מ",new_item,https://www.amitim.com/keren/investment_policy_pension_insurers/,מידע סטטיסטי,https://www.amitim.com/keren/statistical_information_kgm_pension_fund/
2026-09-30T22:38:47+00:00,520022963,"קופת הפנסיה לעובדי הדסה בע""מ",new_item,https://www.amitim.com/keren/investment_policy_pension_insurers/,מידע סטטיסטי,https://www.amitim.com/keren/statistical_information_nativ_pension_fund/
2026-09-30T22:38:47+00:00,520022963,"קופת הפנסיה לעובדי הדסה בע""מ",new_item,https://www.amitim.com/keren/investment_policy_pension_insurers/,מידע סטטיסטי,https://www.amitim.com/keren/statistical_information_egged_pension_fund/
2026-09-30T22:38:47+00:00,520022963,"קופת הפנסיה לעובדי הדסה בע""מ",new_item,https://www.amitim.com/keren/investment_policy_pension_insurers/,מידע סטטיסטי,https://www.amitim.com/keren/statistical_information_hadassah_pension_fund/
2026-09-30T22:38:47+00:00,520022963,"קופת הפנסיה לעובדי הדסה בע""מ",new_item,https://www.amitim.com/keren/investment_policy_pension_insurers/,מידע סטטיסטי,https://amitim.com/keren/statistical_information_pension_insurers/
2026-09-30T22:38:47+00:00,520022963,"קופת הפנסיה לעובדי הדסה בע""מ",new_item,https://www.amitim.com/keren/investment_policy_pension_insurers/,מבטחים קרן פנסיה,https://amitim.com/keren/mivtahim-pensia-odot/
2026-09-30T22:38:47+00:00,520022963,"קופת הפנסיה לעובדי הדסה בע""מ",new_item,https://www.amitim.com/keren/investment_policy_pension_insurers/,מבטחים קופת גמל,https://amitim.com/keren/about_the_fund_mivtachim_provident_fund/
2026-09-30T22:38:47+00:00,520022963,"קופת הפנסיה לעובדי הדסה בע""מ",new_item,https://www.amitim.com/keren/investment_policy_pension_insurers/,יציאה לפנסיה,https://www.amitim.com/info-center/amitim/retirement/
2026-09-30T22:38:47+00:00,520022963,"קופת הפנסיה לעובדי הדסה בע""מ",new_item,https://www.amitim.com/keren/investment_policy_pension_insurers/,חקלאים,https://www.amitim.com/keren/about_the_fund_farmers_pension_fund/
2026-09-30T22:38:47+00:00,520022963,"קופת הפנסיה לעובדי הדסה בע""מ",new_item,https://www.amitim.com/keren/investment_policy_pension_insurers/,הצבעות באסיפות,https://www.amitim.com/keren/voting_at_meetings_pension_insurers/
2026-09-30T22:38:47+00:00,520022963,"קופת הפנסיה לעובדי הדסה בע""מ",new_item,https://www.amitim.com/keren/investment_policy_pension_insurers/,הצבעות באסיפות,https://www.amitim.com/keren/voting_at_meetings_provident_insurance/
2026-09-30T22:38:47+00:00,520022963,"קופת הפנסיה לעובדי הדסה בע""מ",new_item,https://www.amitim.com/keren/investment_policy_pension_insurers/,הצבעות באסיפות,https://www.amitim.com/keren/voting_at_meetings_pension_fund_circle/
2026-09-30T22:38:47+00:00,520022963,"קופת הפנסיה לעובדי הדסה בע""מ",new_item,https://www.amitim.com/keren/investment_policy_pension_insurers/,הצבעות באסיפות,https://www.amitim.com/keren/voting_at_meetings_provident_fund_circle/
2026-09-30T22:38:47+00:00,520022963,"קופת הפנסיה לעובדי הדסה בע""מ",new_item,https://www.amitim.com/keren/investment_policy_pension_insurers/,הצבעות באסיפות,https://www.amitim.com/keren/voting_at_meetings_farmers_pension_fund/
2026-09-30T22:38:47+00:00,520022963,"קופת הפנסיה לעובדי הדסה בע""מ",new_item,https://www.amitim.com/keren/investment_policy_pension_insurers/,הצבעות באסיפות,https://www.amitim.com/keren/voting_at_meetings_farmers_provident_fund/
2026-09-30T22:38:47+00:00,520022963,"קופת הפנסיה לעובדי הדסה בע""מ",new_item,https://www.amitim.com/keren/investment_policy_pension_insurers/,הצבעות באסיפות,https://www.amitim.com/keren/voting_at_meetings_pension_fund_building/
2026-09-30T22:38:47+00:00,520022963,"קופת הפנסיה לעובדי הדסה בע""מ",new_item,https://www.amitim.com/keren/investment_policy_pension_insurers/,הצבעות באסיפות,https://www.amitim.com/keren/voting_at_meetings_provident_fund-building/
2026-09-30T22:38:47+00:00,520022963,"קופת הפנסיה לעובדי הדסה בע""מ",new_item,https://www.amitim.com/keren/investment_policy_pension_insurers/,הצבעות באסיפות,https://www.amitim.com/keren/voting_at_meetings_kgm_pension-fund/
2026-09-30T22:38:47+00:00,520022963,"קופת הפנסיה לעובדי הדסה בע""מ",new_item,https://www.amitim.com/keren/investment_policy_pension_insurers/,הצבעות באסיפות,https://www.amitim.com/keren/voting_at_meetings_nativ_pension_fund/
2026-09-30T22:38:47+00:00,520022963,"קופת הפנסיה לעובדי הדסה בע""מ",new_item,https://www.amitim.com/keren/investment_policy_pension_insurers/,הצבעות באסיפות,https://www.amitim.com/keren/voting_at_meetings_egged_pension_fund/
2026-09-30T22:38:47+00:00,520022963,"קופת הפנסיה לעובדי הדסה בע""מ",new_item,https://www.amitim.com/keren/investment_policy_pension_insurers/,הצבעות באסיפות,https://www.amitim.com/keren/voting_at_meetings_hadassah_pension_fund/
2026-09-30T22:38:47+00:00,520022963,"קופת הפנסיה לעובדי הדסה בע""מ",new_item,https://www.amitim.com/keren/investment_policy_pension_insurers/,הצבעות באסיפות,https://amitim.com/keren/voting_at_meetings_pension_insurers/
2026-09-30T22:38:47+00:00,520022963,"קופת הפנסיה לעובדי הדסה בע""מ",new_item,https://www.amitim.com/keren/investment_policy_pension_insurers/,הפנסיה שלי,https://www.amitim.com/info-center/retirees/my_pension/
2026-09-30T22:38:47+00:00,520022963,"קופת הפנסיה לעובדי הדסה בע""מ",new_item,https://www.amitim.com/keren/investment_policy_pension_insurers/,החוק לחלוקת חיסכון פנסיוני,https://www.amitim.com/info-center/amitim/distribution_of_pension_savings/
2026-09-30T22:38:47+00:00,520022963,"קופת הפנסיה לעובדי הדסה בע""מ",new_item,https://www.amitim.com/keren/investment_policy_pension_insurers/,הדסה,https://www.amitim.com/keren/about-_he_fund_hadassah_pension_fund/
2026-09-30T22:38:47+00:00,520022963,"קופת הפנסיה לעובדי הדסה בע""מ",new_item,https://www.amitim.com/keren/investment_policy_pension_insurers/,דוחות כספיים,https://www.amitim.com/keren/financial_statements_provident_fund_insurers/
2026-09-30T22:38:47+00:00,520022963,"קופת הפנסיה לעובדי הדסה בע""מ",new_item,https://www.amitim.com/keren/investment_policy_pension_insurers/,דוחות כספיים,https://www.amitim.com/keren/financial_statements_pension_fund_overview/
2026-09-30T22:38:47+00:00,520022963,"קופת הפנסיה לעובדי הדסה בע""מ",new_item,https://www.amitim.com/keren/investment_policy_pension_insurers/,דוחות כספיים,https://www.amitim.com/keren/financial_statements_provident_fund_circle/
2026-09-30T22:38:47+00:00,520022963,"קופת הפנסיה לעובדי הדסה בע""מ",new_item,https://www.amitim.com/keren/investment_policy_pension_insurers/,גורמים קשורים,https://www.amitim.com/keren/related_parties_provident_fund_insurers/
2026-09-30T22:38:47+00:00,520022963,"קופת הפנסיה לעובדי הדסה בע""מ",new_item,https://www.amitim.com/keren/investment_policy_pension_insurers/,גורמים קשורים,https://www.amitim.com/keren/related_factors_pension_fund_circle/
2026-09-30T22:38:47+00:00,520022963,"קופת הפנסיה לעובדי הדסה בע""מ",new_item,https://www.amitim.com/keren/investment_policy_pension_insurers/,גורמים קשורים,https://www.amitim.com/keren/related_factors_provident_fund_circle/
2026-09-30T22:38:47+00:00,520022963,"קופת הפנסיה לעובדי הדסה בע""מ",new_item,https://www.amitim.com/keren/investment_policy_pension_insurers/,גורמים קשורים,https://www.amitim.com/keren/related_entities_farmers_pension_fund/
2026-09-30T22:38:47+00:00,520022963,"קופת הפנסיה לעובדי הדסה בע""מ",new_item,https://www.amitim.com/keren/investment_policy_pension_insurers/,גורמים קשורים,https://www.amitim.com/keren/related_entities_farmers_provident_fund/
2026-09-30T22:38:47+00:00,520022963,"קופת הפנסיה לעובדי הדסה בע""מ",new_item,https://www.amitim.com/keren/investment_policy_pension_insurers/,גורמים קשורים,https://www.amitim.com/keren/related_factors_pension_fund_building/
2026-09-30T22:38:47+00:00,520022963,"קופת הפנסיה לעובדי הדסה בע""מ",new_item,https://www.amitim.com/keren/investment_policy_pension_insurers/,גורמים קשורים,https://www.amitim.com/keren/related_entities_provident_fund_building/
2026-09-30T22:38:47+00:00,520022963,"קופת הפנסיה לעובדי הדסה בע""מ",new_item,https://www.amitim.com/keren/investment_policy_pension_insurers/,גורמים קשורים,https://www.amitim.com/keren/related_entities_kgm_pension_fund/
2026-09-30T22:38:47+00:00,520022963,"קופת הפנסיה לעובדי הדסה בע""מ",new_item,https://www.amitim.com/keren/investment_policy_pension_insurers/,גורמים קשורים,https://www.amitim.com/keren/related_entities_nativ_pension_fund/
2026-09-30T22:38:47+00:00,520022963,"קופת הפנסיה לעובדי הדסה בע""מ",new_item,https://www.amitim.com/keren/investment_policy_pension_insurers/,גורמים קשורים,https://www.amitim.com/keren/related_parties_egged_pension_fund/
2026-09-30T22:38:47+00:00,520022963,"קופת הפנסיה לעובדי הדסה בע""מ",new_item,https://www.amitim.com/keren/investment_policy_pension_insurers/,גורמים קשורים,https://www.amitim.com/keren/related_entities_hadassah_pension_fund/
2026-09-30T22:38:47+00:00,520022963,"קופת הפנסיה לעובדי הדסה בע""מ",new_item,https://www.amitim.com/keren/investment_policy_pension_insurers/,בניין,https://www.amitim.com/keren/about_the_fund_pension_fund_building/
2026-09-30T22:38:47+00:00,520022963,"קופת הפנסיה לעובדי הדסה בע""מ",new_item,https://www.amitim.com/keren/investment_policy_pension_insurers/,אודות הקרן,https://www.amitim.com/keren/about_the_fund_mivtachim_provident_fund/
2026-09-30T22:38:47+00:00,520022963,"קופת הפנסיה לעובדי הדסה בע""מ",new_item,https://www.amitim.com/keren/investment_policy_pension_insurers/,אודות הקרן,https://www.amitim.com/keren/about_the_fund_makefet_provident_fund/
2026-09-30T22:38:47+00:00,520022963,"קופת הפנסיה לעובדי הדסה בע""מ",new_item,https://www.amitim.com/keren/investment_policy_pension_insurers/,אודות הקרן,https://www.amitim.com/keren/about_the_fund_kgm_pension_fund/
2026-09-30T22:38:47+00:00,520022963,"קופת הפנסיה לעובדי הדסה בע""מ",new_item,https://www.amitim.com/keren/investment_policy_pension_insurers/,אודות הקופה,https://www.amitim.com/keren/about_the_fund_farmers_provident_fund/
2026-09-30T22:38:47+00:00,520022963,"קופת הפנסיה לעובדי הדסה בע""מ",new_item,https://www.amitim.com/keren/investment_policy_pension_insurers/,אודות הקופה,https://www.amitim.com/keren/about_the_fund_provident_fund_building/
2026-09-30T22:38:47+00:00,520022963,"קופת הפנסיה לעובדי הדסה בע""מ",new_item,https://www.amitim.com/keren/investment_policy_pension_insurers/,אגד,https://www.amitim.com/keren/about_the_fund_egged_pension_fund/
2026-09-30T22:38:47+00:00,520022963,"קופת הפנסיה לעובדי הדסה בע""מ",new_item,https://www.amitim.com/keren/investment_policy_provident_insurance/,קצבת שארים,https://www.amitim.com/info-center/amitim/survivors_pension/
2026-09-30T22:38:47+00:00,520022963,"קופת הפנסיה לעובדי הדסה בע""מ",new_item,https://www.amitim.com/keren/investment_policy_provident_insurance/,קצבת נכות,https://www.amitim.com/info-center/amitim/disability-pension/
2026-09-30T22:38:47+00:00,520022963,"קופת הפנסיה לעובדי הדסה בע""מ",new_item,https://www.amitim.com/keren/investment_policy_provident_insurance/,פרישה לפנסיה,https://www.amitim.com/info-center/employers/retirement/
2026-09-30T22:38:47+00:00,520022963,"קופת הפנסיה לעובדי הדסה בע""מ",new_item,https://www.amitim.com/keren/investment_policy_provident_insurance/,נתיב,https://www.amitim.com/keren/about_the_fund_nativ_pension_fund/
2026-09-30T22:38:47+00:00,520022963,"קופת הפנסיה לעובדי הדסה בע""מ",new_item,https://www.amitim.com/keren/investment_policy_provident_insurance/,נכסי הקרן,https://www.amitim.com/keren/fund_assets_makefet_pension_fund/
2026-09-30T22:38:47+00:00,520022963,"קופת הפנסיה לעובדי הדסה בע""מ",new_item,https://www.amitim.com/keren/investment_policy_provident_insurance/,נכסי הקרן,https://www.amitim.com/keren/fund_assets_farmers_pension_fund/
2026-09-30T22:38:47+00:00,520022963,"קופת הפנסיה לעובדי הדסה בע""מ",new_item,https://www.amitim.com/keren/investment_policy_provident_insurance/,נכסי הקרן,https://www.amitim.com/keren/fund_assets_pension_fund_building/
2026-09-30T22:38:47+00:00,520022963,"קופת הפנסיה לעובדי הדסה בע""מ",new_item,https://www.amitim.com/keren/investment_policy_provident_insurance/,נכסי הקרן,https://www.amitim.com/keren/fund_assets_kgm_pension_fund/
2026-09-30T22:38:47+00:00,520022963,"קופת הפנסיה לעובדי הדסה בע""מ",new_item,https://www.amitim.com/keren/investment_policy_provident_insurance/,נכסי הקרן,https://www.amitim.com/keren/fund_assets_nativ_pension_fund/
2026-09-30T22:38:47+00:00,520022963,"קופת הפנסיה לעובדי הדסה בע""מ",new_item,https://www.amitim.com/keren/investment_policy_provident_insurance/,נכסי הקרן,https://www.amitim.com/keren/fund_assets_egged_pension_fund/
2026-09-30T22:38:47+00:00,520022963,"קופת הפנסיה לעובדי הדסה בע""מ",new_item,https://www.amitim.com/keren/investment_policy_provident_insurance/,נכסי הקרן,https://www.amitim.com/keren/fund_assets_hadassah_pension_fund/
2026-09-30T22:38:47+00:00,520022963,"קופת הפנסיה לעובדי הדסה בע""מ",new_item,https://www.amitim.com/keren/investment_policy_provident_insurance/,נכסי הקופה,https://www.amitim.com/keren/fund_assets_provident_fund_insurers/
2026-09-30T22:38:47+00:00,520022963,"קופת הפנסיה לעובדי הדסה בע""מ",new_item,https://www.amitim.com/keren/investment_policy_provident_insurance/,נכסי הקופה,https://www.amitim.com/keren/fund_assets_makefet_provident_fund/
2026-09-30T22:38:47+00:00,520022963,"קופת הפנסיה לעובדי הדסה בע""מ",new_item,https://www.amitim.com/keren/investment_policy_provident_insurance/,נכסי הקופה,https://www.amitim.com/keren/fund_assets_farmers_provident_fund/
2026-09-30T22:38:47+00:00,520022963,"קופת הפנסיה לעובדי הדסה בע""מ",new_item,https://www.amitim.com/keren/investment_policy_provident_insurance/,נכסי הקופה,https://www.amitim.com/keren/fund_assets_provident_fund_building/
2026-09-30T22:38:47+00:00,520022963,"קופת הפנסיה לעובדי הדסה בע""מ",new_item,https://www.amitim.com/keren/investment_policy_provident_insurance/,נכסי הקופה,https://amitim.com/keren/fund_assets_provident_fund_insurers/
2026-09-30T22:38:47+00:00,520022963,"קופת הפנסיה לעובדי הדסה בע""מ",new_item,https://www.amitim.com/keren/investment_policy_provident_insurance/,משיכת כספים של עמית שנפטר,https://www.amitim.com/keren/withdrawing_funds_from_a_deceased_colleague_farmers_provident_fund/
2026-09-30T22:38:47+00:00,520022963,"קופת הפנסיה לעובדי הדסה בע""מ",new_item,https://www.amitim.com/keren/investment_policy_provident_insurance/,משיכת כספים של עמית שנפטר,https://www.amitim.com/keren/withdrawing_funds_from_a_deceased-colleague_provident_fund_building/
2026-09-30T22:38:47+00:00,520022963,"קופת הפנסיה לעובדי הדסה בע""מ",new_item,https://www.amitim.com/keren/investment_policy_provident_insurance/,מקפת,https://www.amitim.com/keren/about_the_fund_makefet_pension_fund/
2026-09-30T22:38:47+00:00,520022963,"קופת הפנסיה לעובדי הדסה בע""מ",new_item,https://www.amitim.com/keren/investment_policy_provident_insurance/,מידע סטטיסטי,https://www.amitim.com/keren/statistical_information_pension_insurers/
2026-09-30T22:38:47+00:00,520022963,"קופת הפנסיה לעובדי הדסה בע""מ",new_item,https://www.amitim.com/keren/investment_policy_provident_insurance/,מידע סטטיסטי,https://www.amitim.com/keren/statistical_information_pension_fund_circle/
2026-09-30T22:38:47+00:00,520022963,"קופת הפנסיה לעובדי הדסה בע""מ",new_item,https://www.amitim.com/keren/investment_policy_provident_insurance/,מידע סטטיסטי,https://www.amitim.com/keren/statistical_information_farmers_pension_fund/
2026-09-30T22:38:47+00:00,520022963,"קופת הפנסיה לעובדי הדסה בע""מ",new_item,https://www.amitim.com/keren/investment_policy_provident_insurance/,מידע סטטיסטי,https://www.amitim.com/statistical_information_pension_fund_building/
2026-09-30T22:38:47+00:00,520022963,"קופת הפנסיה לעובדי הדסה בע""מ",new_item,https://www.amitim.com/keren/investment_policy_provident_insurance/,מידע סטטיסטי,https://www.amitim.com/keren/statistical_information_kgm_pension_fund/
2026-09-30T22:38:47+00:00,520022963,"קופת הפנסיה לעובדי הדסה בע""מ",new_item,https://www.amitim.com/keren/investment_policy_provident_insurance/,מידע סטטיסטי,https://www.amitim.com/keren/statistical_information_nativ_pension_fund/
2026-09-30T22:38:47+00:00,520022963,"קופת הפנסיה לעובדי הדסה בע""מ",new_item,https://www.amitim.com/keren/investment_policy_provident_insurance/,מידע סטטיסטי,https://www.amitim.com/keren/statistical_information_egged_pension_fund/
2026-09-30T22:38:47+00:00,520022963,"קופת הפנסיה לעובדי הדסה בע""מ",new_item,https://www.amitim.com/keren/investment_policy_provident_insurance/,מידע סטטיסטי,https://www.amitim.com/keren/statistical_information_hadassah_pension_fund/
2026-09-30T22:38:47+00:00,520022963,"קופת הפנסיה לעובדי הדסה בע""מ",new_item,https://www.amitim.com/keren/investment_policy_provident_insurance/,מבטחים קרן פנסיה,https://amitim.com/keren/mivtahim-pensia-odot/
2026-09-30T22:38:47+00:00,520022963,"קופת הפנסיה לעובדי הדסה בע""מ",new_item,https://www.amitim.com/keren/investment_policy_provident_insurance/,מבטחים קופת גמל,https://amitim.com/keren/about_the_fund_mivtachim_provident_fund/
2026-09-30T22:38:47+00:00,520022963,"קופת הפנסיה לעובדי הדסה בע""מ",new_item,https://www.amitim.com/keren/investment_policy_provident_insurance/,יציאה לפנסיה,https://www.amitim.com/info-center/amitim/retirement/
2026-09-30T22:38:47+00:00,520022963,"קופת הפנסיה לעובדי הדסה בע""מ",new_item,https://www.amitim.com/keren/investment_policy_provident_insurance/,חקלאים,https://www.amitim.com/keren/about_the_fund_farmers_pension_fund/
2026-09-30T22:38:47+00:00,520022963,"קופת הפנסיה לעובדי הדסה בע""מ",new_item,https://www.amitim.com/keren/investment_policy_provident_insurance/,הצבעות באסיפות,https://www.amitim.com/keren/voting_at_meetings_pension_insurers/
2026-09-30T22:38:47+00:00,520022963,"קופת הפנסיה לעובדי הדסה בע""מ",new_item,https://www.amitim.com/keren/investment_policy_provident_insurance/,הצבעות באסיפות,https://www.amitim.com/keren/voting_at_meetings_provident_insurance/
2026-09-30T22:38:47+00:00,520022963,"קופת הפנסיה לעובדי הדסה בע""מ",new_item,https://www.amitim.com/keren/investment_policy_provident_insurance/,הצבעות באסיפות,https://www.amitim.com/keren/voting_at_meetings_pension_fund_circle/
2026-09-30T22:38:47+00:00,520022963,"קופת הפנסיה לעובדי הדסה בע""מ",new_item,https://www.amitim.com/keren/investment_policy_provident_insurance/,הצבעות באסיפות,https://www.amitim.com/keren/voting_at_meetings_provident_fund_circle/
2026-09-30T22:38:47+00:00,520022963,"קופת הפנסיה לעובדי הדסה בע""מ",new_item,https://www.amitim.com/keren/investment_policy_provident_insurance/,הצבעות באסיפות,https://www.amitim.com/keren/voting_at_meetings_farmers_pension_fund/
2026-09-30T22:38:47+00:00,520022963,"קופת הפנסיה לעובדי הדסה בע""מ",new_item,https://www.amitim.com/keren/investment_policy_provident_insurance/,הצבעות באסיפות,https://www.amitim.com/keren/voting_at_meetings_farmers_provident_fund/
2026-09-30T22:38:47+00:00,520022963,"קופת הפנסיה לעובדי הדסה בע""מ",new_item,https://www.amitim.com/keren/investment_policy_provident_insurance/,הצבעות באסיפות,https://www.amitim.com/keren/voting_at_meetings_pension_fund_building/
2026-09-30T22:38:47+00:00,520022963,"קופת הפנסיה לעובדי הדסה בע""מ",new_item,https://www.amitim.com/keren/investment_policy_provident_insurance/,הצבעות באסיפות,https://www.amitim.com/keren/voting_at_meetings_provident_fund-building/
2026-09-30T22:38:47+00:00,520022963,"קופת הפנסיה לעובדי הדסה בע""מ",new_item,https://www.amitim.com/keren/investment_policy_provident_insurance/,הצבעות באסיפות,https://www.amitim.com/keren/voting_at_meetings_kgm_pension-fund/
2026-09-30T22:38:47+00:00,520022963,"קופת הפנסיה לעובדי הדסה בע""מ",new_item,https://www.amitim.com/keren/investment_policy_provident_insurance/,הצבעות באסיפות,https://www.amitim.com/keren/voting_at_meetings_nativ_pension_fund/
2026-09-30T22:38:47+00:00,520022963,"קופת הפנסיה לעובדי הדסה בע""מ",new_item,https://www.amitim.com/keren/investment_policy_provident_insurance/,הצבעות באסיפות,https://www.amitim.com/keren/voting_at_meetings_egged_pension_fund/
2026-09-30T22:38:47+00:00,520022963,"קופת הפנסיה לעובדי הדסה בע""מ",new_item,https://www.amitim.com/keren/investment_policy_provident_insurance/,הצבעות באסיפות,https://www.amitim.com/keren/voting_at_meetings_hadassah_pension_fund/
2026-09-30T22:38:47+00:00,520022963,"קופת הפנסיה לעובדי הדסה בע""מ",new_item,https://www.amitim.com/keren/investment_policy_provident_insurance/,הצבעות באסיפות,https://amitim.com/keren/voting_at_meetings_provident_insurance/
2026-09-30T22:38:47+00:00,520022963,"קופת הפנסיה לעובדי הדסה בע""מ",new_item,https://www.amitim.com/keren/investment_policy_provident_insurance/,הפנסיה שלי,https://www.amitim.com/info-center/retirees/my_pension/
2026-09-30T22:38:47+00:00,520022963,"קופת הפנסיה לעובדי הדסה בע""מ",new_item,https://www.amitim.com/keren/investment_policy_provident_insurance/,החוק לחלוקת חיסכון פנסיוני,https://www.amitim.com/info-center/amitim/distribution_of_pension_savings/
2026-09-30T22:38:47+00:00,520022963,"קופת הפנסיה לעובדי הדסה בע""מ",new_item,https://www.amitim.com/keren/investment_policy_provident_insurance/,הדסה,https://www.amitim.com/keren/about-_he_fund_hadassah_pension_fund/
2026-09-30T22:38:47+00:00,520022963,"קופת הפנסיה לעובדי הדסה בע""מ",new_item,https://www.amitim.com/keren/investment_policy_provident_insurance/,דוחות כספיים,https://www.amitim.com/keren/financial_statements_provident_fund_insurers/
2026-09-30T22:38:47+00:00,520022963,"קופת הפנסיה לעובדי הדסה בע""מ",new_item,https://www.amitim.com/keren/investment_policy_provident_insurance/,דוחות כספיים,https://www.amitim.com/keren/financial_statements_pension_fund_overview/
2026-09-30T22:38:47+00:00,520022963,"קופת הפנסיה לעובדי הדסה בע""מ",new_item,https://www.amitim.com/keren/investment_policy_provident_insurance/,דוחות כספיים,https://www.amitim.com/keren/financial_statements_provident_fund_circle/
2026-09-30T22:38:47+00:00,520022963,"קופת הפנסיה לעובדי הדסה בע""מ",new_item,https://www.amitim.com/keren/investment_policy_provident_insurance/,דוחות כספיים,https://amitim.com/keren/financial_statements_provident_fund_insurers/
2026-09-30T22:38:47+00:00,520022963,"קופת הפנסיה לעובדי הדסה בע""מ",new_item,https://www.amitim.com/keren/investment_policy_provident_insurance/,גורמים קשורים,https://www.amitim.com/keren/related_parties_provident_fund_insurers/
2026-09-30T22:38:47+00:00,520022963,"קופת הפנסיה לעובדי הדסה בע""מ",new_item,https://www.amitim.com/keren/investment_policy_provident_insurance/,גורמים קשורים,https://www.amitim.com/keren/related_factors_pension_fund_circle/
2026-09-30T22:38:47+00:00,520022963,"קופת הפנסיה לעובדי הדסה בע""מ",new_item,https://www.amitim.com/keren/investment_policy_provident_insurance/,גורמים קשורים,https://www.amitim.com/keren/related_factors_provident_fund_circle/
2026-09-30T22:38:47+00:00,520022963,"קופת הפנסיה לעובדי הדסה בע""מ",new_item,https://www.amitim.com/keren/investment_policy_provident_insurance/,גורמים קשורים,https://www.amitim.com/keren/related_entities_farmers_pension_fund/
2026-09-30T22:38:47+00:00,520022963,"קופת הפנסיה לעובדי הדסה בע""מ",new_item,https://www.amitim.com/keren/investment_policy_provident_insurance/,גורמים קשורים,https://www.amitim.com/keren/related_entities_farmers_provident_fund/
2026-09-30T22:38:47+00:00,520022963,"קופת הפנסיה לעובדי הדסה בע""מ",new_item,https://www.amitim.com/keren/investment_policy_provident_insurance/,גורמים קשורים,https://www.amitim.com/keren/related_factors_pension_fund_building/
2026-09-30T22:38:47+00:00,520022963,"קופת הפנסיה לעובדי הדסה בע""מ",new_item,https://www.amitim.com/keren/investment_policy_provident_insurance/,גורמים קשורים,https://www.amitim.com/keren/related_entities_provident_fund_building/
2026-09-30T22:38:47+00:00,520022963,"קופת הפנסיה לעובדי הדסה בע""מ",new_item,https://www.amitim.com/keren/investment_policy_provident_insurance/,גורמים קשורים,https://www.amitim.com/keren/related_entities_kgm_pension_fund/
2026-09-30T22:38:47+00:00,520022963,"קופת הפנסיה לעובדי הדסה בע""מ",new_item,https://www.amitim.com/keren/investment_policy_provident_insurance/,גורמים קשורים,https://www.amitim.com/keren/related_entities_nativ_pension_fund/
2026-09-30T22:38:47+00:00,520022963,"קופת הפנסיה לעובדי הדסה בע""מ",new_item,https://www.amitim.com/keren/investment_policy_provident_insurance/,גורמים קשורים,https://www.amitim.com/keren/related_parties_egged_pension_fund/
2026-09-30T22:38:47+00:00,520022963,"קופת הפנסיה לעובדי הדסה בע""מ",new_item,https://www.amitim.com/keren/investment_policy_provident_insurance/,גורמים קשורים,https://www.amitim.com/keren/related_entities_hadassah_pension_fund/
2026-09-30T22:38:47+00:00,520022963,"קופת הפנסיה לעובדי הדסה בע""מ",new_item,https://www.amitim.com/keren/investment_policy_provident_insurance/,גורמים קשורים,https://amitim.com/keren/related_parties_provident_fund_insurers/
2026-09-30T22:38:47+00:00,520022963,"קופת הפנסיה לעובדי הדסה בע""מ",new_item,https://www.amitim.com/keren/investment_policy_provident_insurance/,בניין,https://www.amitim.com/keren/about_the_fund_pension_fund_building/
2026-09-30T22:38:47+00:00,520022963,"קופת הפנסיה לעובדי הדסה בע""מ",new_item,https://www.amitim.com/keren/investment_policy_provident_insurance/,אודות הקרן,https://www.amitim.com/keren/about_the_fund_mivtachim_provident_fund/
2026-09-30T22:38:47+00:00,520022963,"קופת הפנסיה לעובדי הדסה בע""מ",new_item,https://www.amitim.com/keren/investment_policy_provident_insurance/,אודות הקרן,https://www.amitim.com/keren/about_the_fund_makefet_provident_fund/
2026-09-30T22:38:47+00:00,520022963,"קופת הפנסיה לעובדי הדסה בע""מ",new_item,https://www.amitim.com/keren/investment_policy_provident_insurance/,אודות הקרן,https://www.amitim.com/keren/about_the_fund_kgm_pension_fund/
2026-09-30T22:38:47+00:00,520022963,"קופת הפנסיה לעובדי הדסה בע""מ",new_item,https://www.amitim.com/keren/investment_policy_provident_insurance/,אודות הקופה,https://www.amitim.com/keren/about_the_fund_farmers_provident_fund/
2026-09-30T22:38:47+00:00,520022963,"קופת הפנסיה לעובדי הדסה בע""מ",new_item,https://www.amitim.com/keren/investment_policy_provident_insurance/,אודות הקופה,https://www.amitim.com/keren/about_the_fund_provident_fund_building/
2026-09-30T22:38:47+00:00,520022963,"קופת הפנסיה לעובדי הדסה בע""מ",new_item,https://www.amitim.com/keren/investment_policy_provident_insurance/,אגד,https://www.amitim.com/keren/about_the_fund_egged_pension_fund/
