legal_id,fund_id,track_no,track_code,track_name,year,asset,asset_key,current_pct,expected_pct,tolerance,min_pct,max_pct,benchmark,policy_text,group,doc_first_seen,url,doc_file,sheet
520042607,,,520042607|מסלול 50-60|הנדסאים גמל מסלול לבני 50 60,הנדסאים גמל מסלול לבני 50 60,2026,מניות,equity,45.81,45.0,+/-6%,39.0,51.0,"ת""א 125 - 35%  MSCI ALL COUNTRIES -65%  (בשקלים)",,מסלול 50-60,2026-09-30T23:46:47+00:00,https://www.gemel-handesaim.co.il/wp-content/uploads/2026/01/ג008_-_הנדסאים_גמל_-_מדיניות_השקעות_צפויה_לשנת_2026.xlsx,policy/companies/520042607/raw/520042607/b999df726d07_ג008_-_הנדסאים_גמל_-_מדיניות_השקעות_צפויה_לשנת_2026.xlsx,מסלול 50-60
520042607,,,520042607|מסלול 50-60|הנדסאים גמל מסלול לבני 50 60,הנדסאים גמל מסלול לבני 50 60,2026,"אג""ח ממשלתי",,17.97,20.0,+/-5%,15.0,25.0,"ממשלתי גוב שקלי - 45% ממשלתי צמוד 2-5 שנים - 45% אג""ח ארה""ב 10 שנים 10% (בשקלים)",,מסלול 50-60,2026-09-30T23:46:47+00:00,https://www.gemel-handesaim.co.il/wp-content/uploads/2026/01/ג008_-_הנדסאים_גמל_-_מדיניות_השקעות_צפויה_לשנת_2026.xlsx,policy/companies/520042607/raw/520042607/b999df726d07_ג008_-_הנדסאים_גמל_-_מדיניות_השקעות_צפויה_לשנת_2026.xlsx,מסלול 50-60
520042607,,,520042607|מסלול 50-60|הנדסאים גמל מסלול לבני 50 60,הנדסאים גמל מסלול לבני 50 60,2026,"אג""ח קונצרני",,20.6,23.0,+/-6%,17.0,29.0,תל בונד 60 - 50%   תל בונד שקלי - 30% IBOXIN30-20% (בשקלים),,מסלול 50-60,2026-09-30T23:46:47+00:00,https://www.gemel-handesaim.co.il/wp-content/uploads/2026/01/ג008_-_הנדסאים_גמל_-_מדיניות_השקעות_צפויה_לשנת_2026.xlsx,policy/companies/520042607/raw/520042607/b999df726d07_ג008_-_הנדסאים_גמל_-_מדיניות_השקעות_צפויה_לשנת_2026.xlsx,מסלול 50-60
520042607,,,520042607|מסלול 50-60|הנדסאים גמל מסלול לבני 50 60,הנדסאים גמל מסלול לבני 50 60,2026,קרנות השקעה פרטיות,,13.7,13.0,+/-5%,8.0,18.0,"ת""א 125 20%  MSCI AC (בטא של 0.4) 70% IBOXX HY (עם בטא של 0.4) 10%",,מסלול 50-60,2026-09-30T23:46:47+00:00,https://www.gemel-handesaim.co.il/wp-content/uploads/2026/01/ג008_-_הנדסאים_גמל_-_מדיניות_השקעות_צפויה_לשנת_2026.xlsx,policy/companies/520042607/raw/520042607/b999df726d07_ג008_-_הנדסאים_גמל_-_מדיניות_השקעות_צפויה_לשנת_2026.xlsx,מסלול 50-60
520042607,,,520042607|מסלול 50-60|הנדסאים גמל מסלול לבני 50 60,הנדסאים גמל מסלול לבני 50 60,2026,אחר *,,1.8,2.0,+/-5%,0.0,7.0,מדד מקמ,,מסלול 50-60,2026-09-30T23:46:47+00:00,https://www.gemel-handesaim.co.il/wp-content/uploads/2026/01/ג008_-_הנדסאים_גמל_-_מדיניות_השקעות_צפויה_לשנת_2026.xlsx,policy/companies/520042607/raw/520042607/b999df726d07_ג008_-_הנדסאים_גמל_-_מדיניות_השקעות_צפויה_לשנת_2026.xlsx,מסלול 50-60
520042607,,,520042607|מסלול 50-60|הנדסאים גמל מסלול לבני 50 60,הנדסאים גמל מסלול לבני 50 60,2026,"עו""ש , פק""מ , פר""י",,5.97,3.0,+/-5%,0.0,8.0,מדד מקמ,,מסלול 50-60,2026-09-30T23:46:47+00:00,https://www.gemel-handesaim.co.il/wp-content/uploads/2026/01/ג008_-_הנדסאים_גמל_-_מדיניות_השקעות_צפויה_לשנת_2026.xlsx,policy/companies/520042607/raw/520042607/b999df726d07_ג008_-_הנדסאים_גמל_-_מדיניות_השקעות_צפויה_לשנת_2026.xlsx,מסלול 50-60
520042607,,,520042607|מסלול 50-60|הנדסאים גמל מסלול לבני 50 60,הנדסאים גמל מסלול לבני 50 60,2026,"חשיפה למט""ח",fx,16.7,18.0,+/-6%,12.0,24.0,"שע""ח שקל/דולר",,מסלול 50-60,2026-09-30T23:46:47+00:00,https://www.gemel-handesaim.co.il/wp-content/uploads/2026/01/ג008_-_הנדסאים_גמל_-_מדיניות_השקעות_צפויה_לשנת_2026.xlsx,policy/companies/520042607/raw/520042607/b999df726d07_ג008_-_הנדסאים_גמל_-_מדיניות_השקעות_צפויה_לשנת_2026.xlsx,מסלול 50-60
520042607,,,520042607|מסלול 50-60|הנדסאים גמל מסלול לבני 50 60,הנדסאים גמל מסלול לבני 50 60,2026,מגבלת עמלת ניהול חיצוני לשנת 2026,,0.35,,,,,,,מסלול 50-60,2026-09-30T23:46:47+00:00,https://www.gemel-handesaim.co.il/wp-content/uploads/2026/01/ג008_-_הנדסאים_גמל_-_מדיניות_השקעות_צפויה_לשנת_2026.xlsx,policy/companies/520042607/raw/520042607/b999df726d07_ג008_-_הנדסאים_גמל_-_מדיניות_השקעות_צפויה_לשנת_2026.xlsx,מסלול 50-60
520042607,,,520042607|מסלול +60|הנדסאים גמל מסלול לבני 60 ומעלה,הנדסאים גמל מסלול לבני 60 ומעלה,2026,מניות,equity,29.78,27.0,,21.0,33.0,"ת""א 125 - 35%  MSCI ALL COUNTRIES -65%  (בשקלים)",,מסלול +60,2026-09-30T23:46:47+00:00,https://www.gemel-handesaim.co.il/wp-content/uploads/2026/01/ג008_-_הנדסאים_גמל_-_מדיניות_השקעות_צפויה_לשנת_2026.xlsx,policy/companies/520042607/raw/520042607/b999df726d07_ג008_-_הנדסאים_גמל_-_מדיניות_השקעות_צפויה_לשנת_2026.xlsx,מסלול +60 
520042607,,,520042607|מסלול +60|הנדסאים גמל מסלול לבני 60 ומעלה,הנדסאים גמל מסלול לבני 60 ומעלה,2026,"אג""ח ממשלתי",,35.16,37.0,,32.0,42.0,"ממשלתי גוב שקלי   - 45% ממשלתי צמוד 2-5 שנים - 45% אג""ח ארה""ב 10 שנים 10% (בשקלים)",,מסלול +60,2026-09-30T23:46:47+00:00,https://www.gemel-handesaim.co.il/wp-content/uploads/2026/01/ג008_-_הנדסאים_גמל_-_מדיניות_השקעות_צפויה_לשנת_2026.xlsx,policy/companies/520042607/raw/520042607/b999df726d07_ג008_-_הנדסאים_גמל_-_מדיניות_השקעות_צפויה_לשנת_2026.xlsx,מסלול +60 
520042607,,,520042607|מסלול +60|הנדסאים גמל מסלול לבני 60 ומעלה,הנדסאים גמל מסלול לבני 60 ומעלה,2026,"אג""ח קונצרני",,33.1,30.0,,24.0,36.0,תל בונד 60 - 50%   תל בונד שקלי - 25% IBOXIN30-25% (בשקלים),,מסלול +60,2026-09-30T23:46:47+00:00,https://www.gemel-handesaim.co.il/wp-content/uploads/2026/01/ג008_-_הנדסאים_גמל_-_מדיניות_השקעות_צפויה_לשנת_2026.xlsx,policy/companies/520042607/raw/520042607/b999df726d07_ג008_-_הנדסאים_גמל_-_מדיניות_השקעות_צפויה_לשנת_2026.xlsx,מסלול +60 
520042607,,,520042607|מסלול +60|הנדסאים גמל מסלול לבני 60 ומעלה,הנדסאים גמל מסלול לבני 60 ומעלה,2026,אחר *,,1.0,1.0,,0.0,6.0,IBOXX HY,,מסלול +60,2026-09-30T23:46:47+00:00,https://www.gemel-handesaim.co.il/wp-content/uploads/2026/01/ג008_-_הנדסאים_גמל_-_מדיניות_השקעות_צפויה_לשנת_2026.xlsx,policy/companies/520042607/raw/520042607/b999df726d07_ג008_-_הנדסאים_גמל_-_מדיניות_השקעות_צפויה_לשנת_2026.xlsx,מסלול +60 
520042607,,,520042607|מסלול +60|הנדסאים גמל מסלול לבני 60 ומעלה,הנדסאים גמל מסלול לבני 60 ומעלה,2026,"עו""ש , פק""מ , פר""י",,5.34,5.0,,0.0,10.0,מדד מקמ,,מסלול +60,2026-09-30T23:46:47+00:00,https://www.gemel-handesaim.co.il/wp-content/uploads/2026/01/ג008_-_הנדסאים_גמל_-_מדיניות_השקעות_צפויה_לשנת_2026.xlsx,policy/companies/520042607/raw/520042607/b999df726d07_ג008_-_הנדסאים_גמל_-_מדיניות_השקעות_צפויה_לשנת_2026.xlsx,מסלול +60 
520042607,,,520042607|מסלול +60|הנדסאים גמל מסלול לבני 60 ומעלה,הנדסאים גמל מסלול לבני 60 ומעלה,2026,"חשיפה למט""ח",fx,14.2,15.0,,9.0,21.0,"שע""ח דולר/שקל",,מסלול +60,2026-09-30T23:46:47+00:00,https://www.gemel-handesaim.co.il/wp-content/uploads/2026/01/ג008_-_הנדסאים_גמל_-_מדיניות_השקעות_צפויה_לשנת_2026.xlsx,policy/companies/520042607/raw/520042607/b999df726d07_ג008_-_הנדסאים_גמל_-_מדיניות_השקעות_צפויה_לשנת_2026.xlsx,מסלול +60 
520042607,,,520042607|מסלול +60|הנדסאים גמל מסלול לבני 60 ומעלה,הנדסאים גמל מסלול לבני 60 ומעלה,2026,מגבלת עמלת ניהול חיצוני לשנת 2026,,0.06,,,,,,,מסלול +60,2026-09-30T23:46:47+00:00,https://www.gemel-handesaim.co.il/wp-content/uploads/2026/01/ג008_-_הנדסאים_גמל_-_מדיניות_השקעות_צפויה_לשנת_2026.xlsx,policy/companies/520042607/raw/520042607/b999df726d07_ג008_-_הנדסאים_גמל_-_מדיניות_השקעות_צפויה_לשנת_2026.xlsx,מסלול +60 
520042607,,,520042607|מסלול  עד 50|הנדסאים גמל מסלול עד 50,הנדסאים גמל מסלול עד 50,2026,מניות,equity,61.47,60.0,+/-6%,54.0,66.0,"ת""א 125 - 35%  MSCI ALL COUNTRIES -65%  (בשקלים)",,מסלול  עד 50,2026-09-30T23:46:47+00:00,https://www.gemel-handesaim.co.il/wp-content/uploads/2026/01/ג008_-_הנדסאים_גמל_-_מדיניות_השקעות_צפויה_לשנת_2026.xlsx,policy/companies/520042607/raw/520042607/b999df726d07_ג008_-_הנדסאים_גמל_-_מדיניות_השקעות_צפויה_לשנת_2026.xlsx, מסלול  עד 50 
520042607,,,520042607|מסלול  עד 50|הנדסאים גמל מסלול עד 50,הנדסאים גמל מסלול עד 50,2026,"אג""ח ממשלתי",,7.38,10.0,+/-5%,5.0,15.0,"ממשלתי גוב שקלי   - 45% ממשלתי צמוד 2-5 שנים - 45% אג""ח ארה""ב 10 שנים 10% (בשקלים)",,מסלול  עד 50,2026-09-30T23:46:47+00:00,https://www.gemel-handesaim.co.il/wp-content/uploads/2026/01/ג008_-_הנדסאים_גמל_-_מדיניות_השקעות_צפויה_לשנת_2026.xlsx,policy/companies/520042607/raw/520042607/b999df726d07_ג008_-_הנדסאים_גמל_-_מדיניות_השקעות_צפויה_לשנת_2026.xlsx, מסלול  עד 50 
520042607,,,520042607|מסלול  עד 50|הנדסאים גמל מסלול עד 50,הנדסאים גמל מסלול עד 50,2026,"אג""ח קונצרני",,27.4,27.0,+/-6%,21.0,33.0,תל בונד 60 - 50%   תל בונד שקלי - 25% IBOXIN30-25% (בשקלים),,מסלול  עד 50,2026-09-30T23:46:47+00:00,https://www.gemel-handesaim.co.il/wp-content/uploads/2026/01/ג008_-_הנדסאים_גמל_-_מדיניות_השקעות_צפויה_לשנת_2026.xlsx,policy/companies/520042607/raw/520042607/b999df726d07_ג008_-_הנדסאים_גמל_-_מדיניות_השקעות_צפויה_לשנת_2026.xlsx, מסלול  עד 50 
520042607,,,520042607|מסלול  עד 50|הנדסאים גמל מסלול עד 50,הנדסאים גמל מסלול עד 50,2026,אחר *,,1.0,1.0,+/-5%,0.0,6.0,IBOXX HY 40% MSCI AC 60%,,מסלול  עד 50,2026-09-30T23:46:47+00:00,https://www.gemel-handesaim.co.il/wp-content/uploads/2026/01/ג008_-_הנדסאים_גמל_-_מדיניות_השקעות_צפויה_לשנת_2026.xlsx,policy/companies/520042607/raw/520042607/b999df726d07_ג008_-_הנדסאים_גמל_-_מדיניות_השקעות_צפויה_לשנת_2026.xlsx, מסלול  עד 50 
520042607,,,520042607|מסלול  עד 50|הנדסאים גמל מסלול עד 50,הנדסאים גמל מסלול עד 50,2026,"עו""ש , פק""מ , פר""י",,2.7,5.0,+/-5%,0.0,10.0,מדד מקמ,,מסלול  עד 50,2026-09-30T23:46:47+00:00,https://www.gemel-handesaim.co.il/wp-content/uploads/2026/01/ג008_-_הנדסאים_גמל_-_מדיניות_השקעות_צפויה_לשנת_2026.xlsx,policy/companies/520042607/raw/520042607/b999df726d07_ג008_-_הנדסאים_גמל_-_מדיניות_השקעות_צפויה_לשנת_2026.xlsx, מסלול  עד 50 
520042607,,,520042607|מסלול  עד 50|הנדסאים גמל מסלול עד 50,הנדסאים גמל מסלול עד 50,2026,"חשיפה למט""ח",fx,20.3,18.0,+/-6%,12.0,24.0,"שע""ח דולר/שקל",,מסלול  עד 50,2026-09-30T23:46:47+00:00,https://www.gemel-handesaim.co.il/wp-content/uploads/2026/01/ג008_-_הנדסאים_גמל_-_מדיניות_השקעות_צפויה_לשנת_2026.xlsx,policy/companies/520042607/raw/520042607/b999df726d07_ג008_-_הנדסאים_גמל_-_מדיניות_השקעות_צפויה_לשנת_2026.xlsx, מסלול  עד 50 
520042607,,,520042607|מסלול  עד 50|הנדסאים גמל מסלול עד 50,הנדסאים גמל מסלול עד 50,2026,מגבלת עמלת ניהול חיצוני לשנת 2026,,0.15,,,,,,,מסלול  עד 50,2026-09-30T23:46:47+00:00,https://www.gemel-handesaim.co.il/wp-content/uploads/2026/01/ג008_-_הנדסאים_גמל_-_מדיניות_השקעות_צפויה_לשנת_2026.xlsx,policy/companies/520042607/raw/520042607/b999df726d07_ג008_-_הנדסאים_גמל_-_מדיניות_השקעות_צפויה_לשנת_2026.xlsx, מסלול  עד 50 
520042607,,,520042607|גמל מסלול מניות|הנדסאים גמל מסלול מניות,הנדסאים גמל מסלול מניות,2026,מניות,equity,95.33,99.0,+/-6%,93.0,100.0,"65%  MSCI AC (בשקלים) ת""א 125 - 35%",,גמל מסלול מניות,2026-09-30T23:46:47+00:00,https://www.gemel-handesaim.co.il/wp-content/uploads/2026/01/ג008_-_הנדסאים_גמל_-_מדיניות_השקעות_צפויה_לשנת_2026.xlsx,policy/companies/520042607/raw/520042607/b999df726d07_ג008_-_הנדסאים_גמל_-_מדיניות_השקעות_צפויה_לשנת_2026.xlsx,גמל מסלול מניות
520042607,,,520042607|גמל מסלול מניות|הנדסאים גמל מסלול מניות,הנדסאים גמל מסלול מניות,2026,"אג""ח ממשלתי",,0.0,0.0,+/-5%,0.0,5.0,"ממשלתי גוב שקלי - 45% ממשלתי צמוד 2-5 שנים - 45% אג""ח ארה""ב 10 שנים 10% (בשקלים)",,גמל מסלול מניות,2026-09-30T23:46:47+00:00,https://www.gemel-handesaim.co.il/wp-content/uploads/2026/01/ג008_-_הנדסאים_גמל_-_מדיניות_השקעות_צפויה_לשנת_2026.xlsx,policy/companies/520042607/raw/520042607/b999df726d07_ג008_-_הנדסאים_גמל_-_מדיניות_השקעות_צפויה_לשנת_2026.xlsx,גמל מסלול מניות
520042607,,,520042607|גמל מסלול מניות|הנדסאים גמל מסלול מניות,הנדסאים גמל מסלול מניות,2026,"אג""ח קונצרני",,0.0,0.0,+/-6%,0.0,6.0,תל בונד 60 - 50%   תל בונד שקלי - 25% IBOXIN30-25% (בשקלים),,גמל מסלול מניות,2026-09-30T23:46:47+00:00,https://www.gemel-handesaim.co.il/wp-content/uploads/2026/01/ג008_-_הנדסאים_גמל_-_מדיניות_השקעות_צפויה_לשנת_2026.xlsx,policy/companies/520042607/raw/520042607/b999df726d07_ג008_-_הנדסאים_גמל_-_מדיניות_השקעות_צפויה_לשנת_2026.xlsx,גמל מסלול מניות
520042607,,,520042607|גמל מסלול מניות|הנדסאים גמל מסלול מניות,הנדסאים גמל מסלול מניות,2026,אחר *,,0.0,0.0,+/-5%,0.0,5.0,,,גמל מסלול מניות,2026-09-30T23:46:47+00:00,https://www.gemel-handesaim.co.il/wp-content/uploads/2026/01/ג008_-_הנדסאים_גמל_-_מדיניות_השקעות_צפויה_לשנת_2026.xlsx,policy/companies/520042607/raw/520042607/b999df726d07_ג008_-_הנדסאים_גמל_-_מדיניות_השקעות_צפויה_לשנת_2026.xlsx,גמל מסלול מניות
520042607,,,520042607|גמל מסלול מניות|הנדסאים גמל מסלול מניות,הנדסאים גמל מסלול מניות,2026,"עו""ש , פק""מ , פר""י",,4.67,3.0,+/-5%,0.0,8.0,מדד מקמ,,גמל מסלול מניות,2026-09-30T23:46:47+00:00,https://www.gemel-handesaim.co.il/wp-content/uploads/2026/01/ג008_-_הנדסאים_גמל_-_מדיניות_השקעות_צפויה_לשנת_2026.xlsx,policy/companies/520042607/raw/520042607/b999df726d07_ג008_-_הנדסאים_גמל_-_מדיניות_השקעות_צפויה_לשנת_2026.xlsx,גמל מסלול מניות
520042607,,,520042607|גמל מסלול מניות|הנדסאים גמל מסלול מניות,הנדסאים גמל מסלול מניות,2026,"חשיפה למט""ח",fx,23.6,25.0,+/-6%,19.0,31.0,"שע""ח דולר/שקל",,גמל מסלול מניות,2026-09-30T23:46:47+00:00,https://www.gemel-handesaim.co.il/wp-content/uploads/2026/01/ג008_-_הנדסאים_גמל_-_מדיניות_השקעות_צפויה_לשנת_2026.xlsx,policy/companies/520042607/raw/520042607/b999df726d07_ג008_-_הנדסאים_גמל_-_מדיניות_השקעות_צפויה_לשנת_2026.xlsx,גמל מסלול מניות
520042607,,,520042607|גמל מסלול מניות|הנדסאים גמל מסלול מניות,הנדסאים גמל מסלול מניות,2026,מגבלת עמלת ניהול חיצוני לשנת 2026,,0.15,,,,,,,גמל מסלול מניות,2026-09-30T23:46:47+00:00,https://www.gemel-handesaim.co.il/wp-content/uploads/2026/01/ג008_-_הנדסאים_גמל_-_מדיניות_השקעות_צפויה_לשנת_2026.xlsx,policy/companies/520042607/raw/520042607/b999df726d07_ג008_-_הנדסאים_גמל_-_מדיניות_השקעות_צפויה_לשנת_2026.xlsx,גמל מסלול מניות
520042607,,,520042607|מסלול 50-60|הנדסאים גמל מסלול לבני 50 60,הנדסאים גמל מסלול לבני 50 60,2025,מניות,equity,44.7,44.0,+/-6%,38.0,50.0,"ת""א 125 - 25%  MSCI ALL COUNTRIES -75%  (בשקלים)",,מסלול 50-60,2026-09-30T23:46:47+00:00,https://www.gemel-handesaim.co.il/wp-content/uploads/2025/07/ג004_-_הנדסאים_גמל_-_מדיניות_השקעות_צפויה_לשנת_2025-מדיניות_מעודכנת__ללא_הערה_הנוגעת_לשנת_2024_.xlsx,policy/companies/520042607/raw/520042607/b35517360090_ג004_-_הנדסאים_גמל_-_מדיניות_השקעות_צפויה_לשנת_2025-מדיניות_מעודכנת__ללא_הערה_הנ.xlsx,מסלול 50-60
520042607,,,520042607|מסלול 50-60|הנדסאים גמל מסלול לבני 50 60,הנדסאים גמל מסלול לבני 50 60,2025,"אג""ח ממשלתי",,18.6,20.0,+/-5%,15.0,25.0,"ממשלתי גוב שקלי - 45% ממשלתי צמוד 2-5 שנים - 45% אג""ח ארה""ב 10 שנים 10% (בשקלים)",,מסלול 50-60,2026-09-30T23:46:47+00:00,https://www.gemel-handesaim.co.il/wp-content/uploads/2025/07/ג004_-_הנדסאים_גמל_-_מדיניות_השקעות_צפויה_לשנת_2025-מדיניות_מעודכנת__ללא_הערה_הנוגעת_לשנת_2024_.xlsx,policy/companies/520042607/raw/520042607/b35517360090_ג004_-_הנדסאים_גמל_-_מדיניות_השקעות_צפויה_לשנת_2025-מדיניות_מעודכנת__ללא_הערה_הנ.xlsx,מסלול 50-60
520042607,,,520042607|מסלול 50-60|הנדסאים גמל מסלול לבני 50 60,הנדסאים גמל מסלול לבני 50 60,2025,"אג""ח קונצרני",,21.2,23.0,+/-6%,17.0,29.0,תל בונד 60 - 50%   תל בונד שקלי - 25% IBOXIN30-25% (בשקלים),,מסלול 50-60,2026-09-30T23:46:47+00:00,https://www.gemel-handesaim.co.il/wp-content/uploads/2025/07/ג004_-_הנדסאים_גמל_-_מדיניות_השקעות_צפויה_לשנת_2025-מדיניות_מעודכנת__ללא_הערה_הנוגעת_לשנת_2024_.xlsx,policy/companies/520042607/raw/520042607/b35517360090_ג004_-_הנדסאים_גמל_-_מדיניות_השקעות_צפויה_לשנת_2025-מדיניות_מעודכנת__ללא_הערה_הנ.xlsx,מסלול 50-60
520042607,,,520042607|מסלול 50-60|הנדסאים גמל מסלול לבני 50 60,הנדסאים גמל מסלול לבני 50 60,2025,קרנות השקעה פרטיות,,15.6,13.0,+/-5%,8.0,18.0,"75%  MSCI AC (בשקלים) ת""א 125 - 25%",,מסלול 50-60,2026-09-30T23:46:47+00:00,https://www.gemel-handesaim.co.il/wp-content/uploads/2025/07/ג004_-_הנדסאים_גמל_-_מדיניות_השקעות_צפויה_לשנת_2025-מדיניות_מעודכנת__ללא_הערה_הנוגעת_לשנת_2024_.xlsx,policy/companies/520042607/raw/520042607/b35517360090_ג004_-_הנדסאים_גמל_-_מדיניות_השקעות_צפויה_לשנת_2025-מדיניות_מעודכנת__ללא_הערה_הנ.xlsx,מסלול 50-60
520042607,,,520042607|מסלול 50-60|הנדסאים גמל מסלול לבני 50 60,הנדסאים גמל מסלול לבני 50 60,2025,אחר *,,0.8,2.0,+/-5%,0.0,7.0,"75%  MSCI AC (בשקלים) ת""א 125 - 25%",,מסלול 50-60,2026-09-30T23:46:47+00:00,https://www.gemel-handesaim.co.il/wp-content/uploads/2025/07/ג004_-_הנדסאים_גמל_-_מדיניות_השקעות_צפויה_לשנת_2025-מדיניות_מעודכנת__ללא_הערה_הנוגעת_לשנת_2024_.xlsx,policy/companies/520042607/raw/520042607/b35517360090_ג004_-_הנדסאים_גמל_-_מדיניות_השקעות_צפויה_לשנת_2025-מדיניות_מעודכנת__ללא_הערה_הנ.xlsx,מסלול 50-60
520042607,,,520042607|מסלול 50-60|הנדסאים גמל מסלול לבני 50 60,הנדסאים גמל מסלול לבני 50 60,2025,"עו""ש , פק""מ , פר""י",,5.3,3.0,+/-5%,0.0,8.0,ריבית בנק ישראל,,מסלול 50-60,2026-09-30T23:46:47+00:00,https://www.gemel-handesaim.co.il/wp-content/uploads/2025/07/ג004_-_הנדסאים_גמל_-_מדיניות_השקעות_צפויה_לשנת_2025-מדיניות_מעודכנת__ללא_הערה_הנוגעת_לשנת_2024_.xlsx,policy/companies/520042607/raw/520042607/b35517360090_ג004_-_הנדסאים_גמל_-_מדיניות_השקעות_צפויה_לשנת_2025-מדיניות_מעודכנת__ללא_הערה_הנ.xlsx,מסלול 50-60
520042607,,,520042607|מסלול 50-60|הנדסאים גמל מסלול לבני 50 60,הנדסאים גמל מסלול לבני 50 60,2025,"חשיפה למט""ח",fx,17.9,18.0,+/-6%,12.0,24.0,"שע""ח שקל/דולר",,מסלול 50-60,2026-09-30T23:46:47+00:00,https://www.gemel-handesaim.co.il/wp-content/uploads/2025/07/ג004_-_הנדסאים_גמל_-_מדיניות_השקעות_צפויה_לשנת_2025-מדיניות_מעודכנת__ללא_הערה_הנוגעת_לשנת_2024_.xlsx,policy/companies/520042607/raw/520042607/b35517360090_ג004_-_הנדסאים_גמל_-_מדיניות_השקעות_צפויה_לשנת_2025-מדיניות_מעודכנת__ללא_הערה_הנ.xlsx,מסלול 50-60
520042607,,,520042607|מסלול 50-60|הנדסאים גמל מסלול לבני 50 60,הנדסאים גמל מסלול לבני 50 60,2025,מגבלת עמלת ניהול חיצוני לשנת 2025,,0.35,,,,,,,מסלול 50-60,2026-09-30T23:46:47+00:00,https://www.gemel-handesaim.co.il/wp-content/uploads/2025/07/ג004_-_הנדסאים_גמל_-_מדיניות_השקעות_צפויה_לשנת_2025-מדיניות_מעודכנת__ללא_הערה_הנוגעת_לשנת_2024_.xlsx,policy/companies/520042607/raw/520042607/b35517360090_ג004_-_הנדסאים_גמל_-_מדיניות_השקעות_צפויה_לשנת_2025-מדיניות_מעודכנת__ללא_הערה_הנ.xlsx,מסלול 50-60
520042607,,,520042607|מסלול +60|הנדסאים גמל מסלול לבני 60 ומעלה,הנדסאים גמל מסלול לבני 60 ומעלה,2025,מניות,equity,29.0,27.0,,21.0,33.0,"ת""א 125 - 25%  MSCI ALL COUNTRIES - 75%  (בשקלים)",,מסלול +60,2026-09-30T23:46:47+00:00,https://www.gemel-handesaim.co.il/wp-content/uploads/2025/07/ג004_-_הנדסאים_גמל_-_מדיניות_השקעות_צפויה_לשנת_2025-מדיניות_מעודכנת__ללא_הערה_הנוגעת_לשנת_2024_.xlsx,policy/companies/520042607/raw/520042607/b35517360090_ג004_-_הנדסאים_גמל_-_מדיניות_השקעות_צפויה_לשנת_2025-מדיניות_מעודכנת__ללא_הערה_הנ.xlsx,מסלול +60 
520042607,,,520042607|מסלול +60|הנדסאים גמל מסלול לבני 60 ומעלה,הנדסאים גמל מסלול לבני 60 ומעלה,2025,"אג""ח ממשלתי",,36.0,37.0,,32.0,42.0,"ממשלתי גוב שקלי   - 45% ממשלתי צמוד 2-5 שנים - 45% אג""ח ארה""ב 10 שנים 10% (בשקלים)",,מסלול +60,2026-09-30T23:46:47+00:00,https://www.gemel-handesaim.co.il/wp-content/uploads/2025/07/ג004_-_הנדסאים_גמל_-_מדיניות_השקעות_צפויה_לשנת_2025-מדיניות_מעודכנת__ללא_הערה_הנוגעת_לשנת_2024_.xlsx,policy/companies/520042607/raw/520042607/b35517360090_ג004_-_הנדסאים_גמל_-_מדיניות_השקעות_צפויה_לשנת_2025-מדיניות_מעודכנת__ללא_הערה_הנ.xlsx,מסלול +60 
520042607,,,520042607|מסלול +60|הנדסאים גמל מסלול לבני 60 ומעלה,הנדסאים גמל מסלול לבני 60 ומעלה,2025,"אג""ח קונצרני",,28.0,30.0,,24.0,36.0,תל בונד 60 - 50%   תל בונד שקלי - 25% IBOXIN30-25% (בשקלים),,מסלול +60,2026-09-30T23:46:47+00:00,https://www.gemel-handesaim.co.il/wp-content/uploads/2025/07/ג004_-_הנדסאים_גמל_-_מדיניות_השקעות_צפויה_לשנת_2025-מדיניות_מעודכנת__ללא_הערה_הנוגעת_לשנת_2024_.xlsx,policy/companies/520042607/raw/520042607/b35517360090_ג004_-_הנדסאים_גמל_-_מדיניות_השקעות_צפויה_לשנת_2025-מדיניות_מעודכנת__ללא_הערה_הנ.xlsx,מסלול +60 
520042607,,,520042607|מסלול +60|הנדסאים גמל מסלול לבני 60 ומעלה,הנדסאים גמל מסלול לבני 60 ומעלה,2025,אחר *,,1.0,1.0,,0.0,6.0,"75%  MSCI AC (בשקלים) ת""א 125 - 25%",,מסלול +60,2026-09-30T23:46:47+00:00,https://www.gemel-handesaim.co.il/wp-content/uploads/2025/07/ג004_-_הנדסאים_גמל_-_מדיניות_השקעות_צפויה_לשנת_2025-מדיניות_מעודכנת__ללא_הערה_הנוגעת_לשנת_2024_.xlsx,policy/companies/520042607/raw/520042607/b35517360090_ג004_-_הנדסאים_גמל_-_מדיניות_השקעות_צפויה_לשנת_2025-מדיניות_מעודכנת__ללא_הערה_הנ.xlsx,מסלול +60 
520042607,,,520042607|מסלול +60|הנדסאים גמל מסלול לבני 60 ומעלה,הנדסאים גמל מסלול לבני 60 ומעלה,2025,"עו""ש , פק""מ , פר""י",,7.0,5.0,,0.0,10.0,ריבית בנק ישראל,,מסלול +60,2026-09-30T23:46:47+00:00,https://www.gemel-handesaim.co.il/wp-content/uploads/2025/07/ג004_-_הנדסאים_גמל_-_מדיניות_השקעות_צפויה_לשנת_2025-מדיניות_מעודכנת__ללא_הערה_הנוגעת_לשנת_2024_.xlsx,policy/companies/520042607/raw/520042607/b35517360090_ג004_-_הנדסאים_גמל_-_מדיניות_השקעות_צפויה_לשנת_2025-מדיניות_מעודכנת__ללא_הערה_הנ.xlsx,מסלול +60 
520042607,,,520042607|מסלול +60|הנדסאים גמל מסלול לבני 60 ומעלה,הנדסאים גמל מסלול לבני 60 ומעלה,2025,"חשיפה למט""ח",fx,10.0,15.0,,9.0,21.0,"שע""ח דולר/שקל",,מסלול +60,2026-09-30T23:46:47+00:00,https://www.gemel-handesaim.co.il/wp-content/uploads/2025/07/ג004_-_הנדסאים_גמל_-_מדיניות_השקעות_צפויה_לשנת_2025-מדיניות_מעודכנת__ללא_הערה_הנוגעת_לשנת_2024_.xlsx,policy/companies/520042607/raw/520042607/b35517360090_ג004_-_הנדסאים_גמל_-_מדיניות_השקעות_צפויה_לשנת_2025-מדיניות_מעודכנת__ללא_הערה_הנ.xlsx,מסלול +60 
520042607,,,520042607|מסלול +60|הנדסאים גמל מסלול לבני 60 ומעלה,הנדסאים גמל מסלול לבני 60 ומעלה,2025,מגבלת עמלת ניהול חיצוני לשנת 2025,,0.07,,,,,,,מסלול +60,2026-09-30T23:46:47+00:00,https://www.gemel-handesaim.co.il/wp-content/uploads/2025/07/ג004_-_הנדסאים_גמל_-_מדיניות_השקעות_צפויה_לשנת_2025-מדיניות_מעודכנת__ללא_הערה_הנוגעת_לשנת_2024_.xlsx,policy/companies/520042607/raw/520042607/b35517360090_ג004_-_הנדסאים_גמל_-_מדיניות_השקעות_צפויה_לשנת_2025-מדיניות_מעודכנת__ללא_הערה_הנ.xlsx,מסלול +60 
520042607,,,520042607|מסלול  עד 50|הנדסאים גמל מסלול עד 50,הנדסאים גמל מסלול עד 50,2025,מניות,equity,59.0,57.0,+/-6%,51.0,63.0,"ת""א 125 - 25%  MSCI ALL COUNTRIES - 75%  (בשקלים)",,מסלול  עד 50,2026-09-30T23:46:47+00:00,https://www.gemel-handesaim.co.il/wp-content/uploads/2025/07/ג004_-_הנדסאים_גמל_-_מדיניות_השקעות_צפויה_לשנת_2025-מדיניות_מעודכנת__ללא_הערה_הנוגעת_לשנת_2024_.xlsx,policy/companies/520042607/raw/520042607/b35517360090_ג004_-_הנדסאים_גמל_-_מדיניות_השקעות_צפויה_לשנת_2025-מדיניות_מעודכנת__ללא_הערה_הנ.xlsx, מסלול  עד 50 
520042607,,,520042607|מסלול  עד 50|הנדסאים גמל מסלול עד 50,הנדסאים גמל מסלול עד 50,2025,"אג""ח ממשלתי",,9.0,10.0,+/-5%,5.0,15.0,"ממשלתי גוב שקלי   - 45% ממשלתי צמוד 2-5 שנים - 45% אג""ח ארה""ב 10 שנים 10% (בשקלים)",,מסלול  עד 50,2026-09-30T23:46:47+00:00,https://www.gemel-handesaim.co.il/wp-content/uploads/2025/07/ג004_-_הנדסאים_גמל_-_מדיניות_השקעות_צפויה_לשנת_2025-מדיניות_מעודכנת__ללא_הערה_הנוגעת_לשנת_2024_.xlsx,policy/companies/520042607/raw/520042607/b35517360090_ג004_-_הנדסאים_גמל_-_מדיניות_השקעות_צפויה_לשנת_2025-מדיניות_מעודכנת__ללא_הערה_הנ.xlsx, מסלול  עד 50 
520042607,,,520042607|מסלול  עד 50|הנדסאים גמל מסלול עד 50,הנדסאים גמל מסלול עד 50,2025,"אג""ח קונצרני",,28.0,29.0,+/-6%,23.0,35.0,תל בונד 60 - 50%   תל בונד שקלי - 25% IBOXIN30-25% (בשקלים),,מסלול  עד 50,2026-09-30T23:46:47+00:00,https://www.gemel-handesaim.co.il/wp-content/uploads/2025/07/ג004_-_הנדסאים_גמל_-_מדיניות_השקעות_צפויה_לשנת_2025-מדיניות_מעודכנת__ללא_הערה_הנוגעת_לשנת_2024_.xlsx,policy/companies/520042607/raw/520042607/b35517360090_ג004_-_הנדסאים_גמל_-_מדיניות_השקעות_צפויה_לשנת_2025-מדיניות_מעודכנת__ללא_הערה_הנ.xlsx, מסלול  עד 50 
520042607,,,520042607|מסלול  עד 50|הנדסאים גמל מסלול עד 50,הנדסאים גמל מסלול עד 50,2025,אחר *,,1.0,1.0,+/-5%,0.0,6.0,"75%  MSCI AC (בשקלים) ת""א 125 - 25%",,מסלול  עד 50,2026-09-30T23:46:47+00:00,https://www.gemel-handesaim.co.il/wp-content/uploads/2025/07/ג004_-_הנדסאים_גמל_-_מדיניות_השקעות_צפויה_לשנת_2025-מדיניות_מעודכנת__ללא_הערה_הנוגעת_לשנת_2024_.xlsx,policy/companies/520042607/raw/520042607/b35517360090_ג004_-_הנדסאים_גמל_-_מדיניות_השקעות_צפויה_לשנת_2025-מדיניות_מעודכנת__ללא_הערה_הנ.xlsx, מסלול  עד 50 
520042607,,,520042607|מסלול  עד 50|הנדסאים גמל מסלול עד 50,הנדסאים גמל מסלול עד 50,2025,"עו""ש , פק""מ , פר""י",,3.0,3.0,+/-5%,0.0,8.0,ריבית בנק ישראל,,מסלול  עד 50,2026-09-30T23:46:47+00:00,https://www.gemel-handesaim.co.il/wp-content/uploads/2025/07/ג004_-_הנדסאים_גמל_-_מדיניות_השקעות_צפויה_לשנת_2025-מדיניות_מעודכנת__ללא_הערה_הנוגעת_לשנת_2024_.xlsx,policy/companies/520042607/raw/520042607/b35517360090_ג004_-_הנדסאים_גמל_-_מדיניות_השקעות_צפויה_לשנת_2025-מדיניות_מעודכנת__ללא_הערה_הנ.xlsx, מסלול  עד 50 
520042607,,,520042607|מסלול  עד 50|הנדסאים גמל מסלול עד 50,הנדסאים גמל מסלול עד 50,2025,"חשיפה למט""ח",fx,17.0,18.0,+/-6%,12.0,24.0,"שע""ח דולר/שקל",,מסלול  עד 50,2026-09-30T23:46:47+00:00,https://www.gemel-handesaim.co.il/wp-content/uploads/2025/07/ג004_-_הנדסאים_גמל_-_מדיניות_השקעות_צפויה_לשנת_2025-מדיניות_מעודכנת__ללא_הערה_הנוגעת_לשנת_2024_.xlsx,policy/companies/520042607/raw/520042607/b35517360090_ג004_-_הנדסאים_גמל_-_מדיניות_השקעות_צפויה_לשנת_2025-מדיניות_מעודכנת__ללא_הערה_הנ.xlsx, מסלול  עד 50 
520042607,,,520042607|מסלול  עד 50|הנדסאים גמל מסלול עד 50,הנדסאים גמל מסלול עד 50,2025,מגבלת עמלת ניהול חיצוני לשנת 2025,,0.15,,,,,,,מסלול  עד 50,2026-09-30T23:46:47+00:00,https://www.gemel-handesaim.co.il/wp-content/uploads/2025/07/ג004_-_הנדסאים_גמל_-_מדיניות_השקעות_צפויה_לשנת_2025-מדיניות_מעודכנת__ללא_הערה_הנוגעת_לשנת_2024_.xlsx,policy/companies/520042607/raw/520042607/b35517360090_ג004_-_הנדסאים_גמל_-_מדיניות_השקעות_צפויה_לשנת_2025-מדיניות_מעודכנת__ללא_הערה_הנ.xlsx, מסלול  עד 50 
520042607,,,520042607|גמל מסלול מניות|הנדסאים גמל מסלול מניות,הנדסאים גמל מסלול מניות,2025,מניות,equity,92.0,97.0,+/-6%,91.0,100.0,"75%  MSCI AC (בשקלים) ת""א 125 - 25%",,גמל מסלול מניות,2026-09-30T23:46:47+00:00,https://www.gemel-handesaim.co.il/wp-content/uploads/2025/07/ג004_-_הנדסאים_גמל_-_מדיניות_השקעות_צפויה_לשנת_2025-מדיניות_מעודכנת__ללא_הערה_הנוגעת_לשנת_2024_.xlsx,policy/companies/520042607/raw/520042607/b35517360090_ג004_-_הנדסאים_גמל_-_מדיניות_השקעות_צפויה_לשנת_2025-מדיניות_מעודכנת__ללא_הערה_הנ.xlsx,גמל מסלול מניות
520042607,,,520042607|גמל מסלול מניות|הנדסאים גמל מסלול מניות,הנדסאים גמל מסלול מניות,2025,"אג""ח ממשלתי",,0.0,0.0,+/-5%,0.0,5.0,"ממשלתי גוב שקלי - 45% ממשלתי צמוד 2-5 שנים - 45% אג""ח ארה""ב 10 שנים 10% (בשקלים)",,גמל מסלול מניות,2026-09-30T23:46:47+00:00,https://www.gemel-handesaim.co.il/wp-content/uploads/2025/07/ג004_-_הנדסאים_גמל_-_מדיניות_השקעות_צפויה_לשנת_2025-מדיניות_מעודכנת__ללא_הערה_הנוגעת_לשנת_2024_.xlsx,policy/companies/520042607/raw/520042607/b35517360090_ג004_-_הנדסאים_גמל_-_מדיניות_השקעות_צפויה_לשנת_2025-מדיניות_מעודכנת__ללא_הערה_הנ.xlsx,גמל מסלול מניות
520042607,,,520042607|גמל מסלול מניות|הנדסאים גמל מסלול מניות,הנדסאים גמל מסלול מניות,2025,"אג""ח קונצרני",,0.0,0.0,+/-6%,0.0,6.0,תל בונד 60 - 50%   תל בונד שקלי - 25% IBOXIN30-25% (בשקלים),,גמל מסלול מניות,2026-09-30T23:46:47+00:00,https://www.gemel-handesaim.co.il/wp-content/uploads/2025/07/ג004_-_הנדסאים_גמל_-_מדיניות_השקעות_צפויה_לשנת_2025-מדיניות_מעודכנת__ללא_הערה_הנוגעת_לשנת_2024_.xlsx,policy/companies/520042607/raw/520042607/b35517360090_ג004_-_הנדסאים_גמל_-_מדיניות_השקעות_צפויה_לשנת_2025-מדיניות_מעודכנת__ללא_הערה_הנ.xlsx,גמל מסלול מניות
520042607,,,520042607|גמל מסלול מניות|הנדסאים גמל מסלול מניות,הנדסאים גמל מסלול מניות,2025,אחר *,,0.0,0.0,+/-5%,0.0,5.0,"75%  MSCI AC (בשקלים) ת""א 125 - 25%",,גמל מסלול מניות,2026-09-30T23:46:47+00:00,https://www.gemel-handesaim.co.il/wp-content/uploads/2025/07/ג004_-_הנדסאים_גמל_-_מדיניות_השקעות_צפויה_לשנת_2025-מדיניות_מעודכנת__ללא_הערה_הנוגעת_לשנת_2024_.xlsx,policy/companies/520042607/raw/520042607/b35517360090_ג004_-_הנדסאים_גמל_-_מדיניות_השקעות_צפויה_לשנת_2025-מדיניות_מעודכנת__ללא_הערה_הנ.xlsx,גמל מסלול מניות
520042607,,,520042607|גמל מסלול מניות|הנדסאים גמל מסלול מניות,הנדסאים גמל מסלול מניות,2025,"עו""ש , פק""מ , פר""י",,8.0,3.0,+/-5%,0.0,8.0,ריבית בנק ישראל,,גמל מסלול מניות,2026-09-30T23:46:47+00:00,https://www.gemel-handesaim.co.il/wp-content/uploads/2025/07/ג004_-_הנדסאים_גמל_-_מדיניות_השקעות_צפויה_לשנת_2025-מדיניות_מעודכנת__ללא_הערה_הנוגעת_לשנת_2024_.xlsx,policy/companies/520042607/raw/520042607/b35517360090_ג004_-_הנדסאים_גמל_-_מדיניות_השקעות_צפויה_לשנת_2025-מדיניות_מעודכנת__ללא_הערה_הנ.xlsx,גמל מסלול מניות
520042607,,,520042607|גמל מסלול מניות|הנדסאים גמל מסלול מניות,הנדסאים גמל מסלול מניות,2025,"חשיפה למט""ח",fx,32.0,25.0,+/-6%,19.0,31.0,"שע""ח דולר/שקל",,גמל מסלול מניות,2026-09-30T23:46:47+00:00,https://www.gemel-handesaim.co.il/wp-content/uploads/2025/07/ג004_-_הנדסאים_גמל_-_מדיניות_השקעות_צפויה_לשנת_2025-מדיניות_מעודכנת__ללא_הערה_הנוגעת_לשנת_2024_.xlsx,policy/companies/520042607/raw/520042607/b35517360090_ג004_-_הנדסאים_גמל_-_מדיניות_השקעות_צפויה_לשנת_2025-מדיניות_מעודכנת__ללא_הערה_הנ.xlsx,גמל מסלול מניות
520042607,,,520042607|גמל מסלול מניות|הנדסאים גמל מסלול מניות,הנדסאים גמל מסלול מניות,2025,מגבלת עמלת ניהול חיצוני לשנת 2025,,0.15,,,,,,,גמל מסלול מניות,2026-09-30T23:46:47+00:00,https://www.gemel-handesaim.co.il/wp-content/uploads/2025/07/ג004_-_הנדסאים_גמל_-_מדיניות_השקעות_צפויה_לשנת_2025-מדיניות_מעודכנת__ללא_הערה_הנוגעת_לשנת_2024_.xlsx,policy/companies/520042607/raw/520042607/b35517360090_ג004_-_הנדסאים_גמל_-_מדיניות_השקעות_צפויה_לשנת_2025-מדיניות_מעודכנת__ללא_הערה_הנ.xlsx,גמל מסלול מניות
520042607,,,520042607|מסלול 50-60|הנדסאים גמל מסלול לבני 50 60,הנדסאים גמל מסלול לבני 50 60,2024,מניות,equity,44.0,44.0,+/-6%,38.0,50.0,"ת""א 125 - 20%  MSCI ALL COUNTRIES - 80%  (בשקלים)",,מסלול 50-60,2026-09-30T23:46:47+00:00,https://www.gemel-handesaim.co.il/wp-content/uploads/2024/11/ג019_-_מדיניות_השקעות_צפויה_2024_-_הנדסאים_גמל_-_מעודכנת_ליום_3.11.2024-1.xls,policy/companies/520042607/raw/520042607/fd6f9fcb0e9c_ג019_-_מדיניות_השקעות_צפויה_2024_-_הנדסאים_גמל_-_מעודכנת_ליום_3.11.2024-1.xls,מסלול 50-60
520042607,,,520042607|מסלול 50-60|הנדסאים גמל מסלול לבני 50 60,הנדסאים גמל מסלול לבני 50 60,2024,"אג""ח ממשלתי",,17.0,14.0,+/-5%,9.0,19.0,"ממשלתי שקלי 2-5 שנים - 45% ממשלתי צמוד 2-5 שנים - 45% אג""ח ארה""ב 10 שנים 10% (בשקלים)",,מסלול 50-60,2026-09-30T23:46:47+00:00,https://www.gemel-handesaim.co.il/wp-content/uploads/2024/11/ג019_-_מדיניות_השקעות_צפויה_2024_-_הנדסאים_גמל_-_מעודכנת_ליום_3.11.2024-1.xls,policy/companies/520042607/raw/520042607/fd6f9fcb0e9c_ג019_-_מדיניות_השקעות_צפויה_2024_-_הנדסאים_גמל_-_מעודכנת_ליום_3.11.2024-1.xls,מסלול 50-60
520042607,,,520042607|מסלול 50-60|הנדסאים גמל מסלול לבני 50 60,הנדסאים גמל מסלול לבני 50 60,2024,"אג""ח קונצרני",,22.0,22.0,+/-6%,16.0,28.0,תל בונד 60 - 50%   תל בונד שקלי - 25% IBOXIN30-25% (בשקלים),,מסלול 50-60,2026-09-30T23:46:47+00:00,https://www.gemel-handesaim.co.il/wp-content/uploads/2024/11/ג019_-_מדיניות_השקעות_צפויה_2024_-_הנדסאים_גמל_-_מעודכנת_ליום_3.11.2024-1.xls,policy/companies/520042607/raw/520042607/fd6f9fcb0e9c_ג019_-_מדיניות_השקעות_צפויה_2024_-_הנדסאים_גמל_-_מעודכנת_ליום_3.11.2024-1.xls,מסלול 50-60
520042607,,,520042607|מסלול 50-60|הנדסאים גמל מסלול לבני 50 60,הנדסאים גמל מסלול לבני 50 60,2024,קרנות השקעה פרטיות,,14.0,14.0,+/-5%,9.0,19.0,"75%  MSCI AC (בשקלים) ת""א 125 - 25%",,מסלול 50-60,2026-09-30T23:46:47+00:00,https://www.gemel-handesaim.co.il/wp-content/uploads/2024/11/ג019_-_מדיניות_השקעות_צפויה_2024_-_הנדסאים_גמל_-_מעודכנת_ליום_3.11.2024-1.xls,policy/companies/520042607/raw/520042607/fd6f9fcb0e9c_ג019_-_מדיניות_השקעות_צפויה_2024_-_הנדסאים_גמל_-_מעודכנת_ליום_3.11.2024-1.xls,מסלול 50-60
520042607,,,520042607|מסלול 50-60|הנדסאים גמל מסלול לבני 50 60,הנדסאים גמל מסלול לבני 50 60,2024,אחר *,,2.0,2.0,+/-5%,0.0,7.0,"75%  MSCI AC (בשקלים) ת""א 125 - 25%",,מסלול 50-60,2026-09-30T23:46:47+00:00,https://www.gemel-handesaim.co.il/wp-content/uploads/2024/11/ג019_-_מדיניות_השקעות_צפויה_2024_-_הנדסאים_גמל_-_מעודכנת_ליום_3.11.2024-1.xls,policy/companies/520042607/raw/520042607/fd6f9fcb0e9c_ג019_-_מדיניות_השקעות_צפויה_2024_-_הנדסאים_גמל_-_מעודכנת_ליום_3.11.2024-1.xls,מסלול 50-60
520042607,,,520042607|מסלול 50-60|הנדסאים גמל מסלול לבני 50 60,הנדסאים גמל מסלול לבני 50 60,2024,"עו""ש , פק""מ , פר""י",,5.5,5.0,+/-5%,0.0,10.0,ריבית בנק ישראל,,מסלול 50-60,2026-09-30T23:46:47+00:00,https://www.gemel-handesaim.co.il/wp-content/uploads/2024/11/ג019_-_מדיניות_השקעות_צפויה_2024_-_הנדסאים_גמל_-_מעודכנת_ליום_3.11.2024-1.xls,policy/companies/520042607/raw/520042607/fd6f9fcb0e9c_ג019_-_מדיניות_השקעות_צפויה_2024_-_הנדסאים_גמל_-_מעודכנת_ליום_3.11.2024-1.xls,מסלול 50-60
520042607,,,520042607|מסלול 50-60|הנדסאים גמל מסלול לבני 50 60,הנדסאים גמל מסלול לבני 50 60,2024,"חשיפה למט""ח",fx,24.0,22.0,+/-6%,16.0,28.0,"שע""ח שקל/דולר",,מסלול 50-60,2026-09-30T23:46:47+00:00,https://www.gemel-handesaim.co.il/wp-content/uploads/2024/11/ג019_-_מדיניות_השקעות_צפויה_2024_-_הנדסאים_גמל_-_מעודכנת_ליום_3.11.2024-1.xls,policy/companies/520042607/raw/520042607/fd6f9fcb0e9c_ג019_-_מדיניות_השקעות_צפויה_2024_-_הנדסאים_גמל_-_מעודכנת_ליום_3.11.2024-1.xls,מסלול 50-60
520042607,,,520042607|מסלול 50-60|הנדסאים גמל מסלול לבני 50 60,הנדסאים גמל מסלול לבני 50 60,2024,מגבלת עמלת ניהול חיצוני לשנת 2024,,0.35,,,,,,,מסלול 50-60,2026-09-30T23:46:47+00:00,https://www.gemel-handesaim.co.il/wp-content/uploads/2024/11/ג019_-_מדיניות_השקעות_צפויה_2024_-_הנדסאים_גמל_-_מעודכנת_ליום_3.11.2024-1.xls,policy/companies/520042607/raw/520042607/fd6f9fcb0e9c_ג019_-_מדיניות_השקעות_צפויה_2024_-_הנדסאים_גמל_-_מעודכנת_ליום_3.11.2024-1.xls,מסלול 50-60
520042607,,,520042607|מסלול +60|הנדסאים גמל מסלול לבני 60 ומעלה,הנדסאים גמל מסלול לבני 60 ומעלה,2024,מניות,equity,29.0,27.0,,21.0,33.0,"ת""א 125 - 20%  MSCI ALL COUNTRIES - 80%  (בשקלים)",,מסלול +60,2026-09-30T23:46:47+00:00,https://www.gemel-handesaim.co.il/wp-content/uploads/2024/11/ג019_-_מדיניות_השקעות_צפויה_2024_-_הנדסאים_גמל_-_מעודכנת_ליום_3.11.2024-1.xls,policy/companies/520042607/raw/520042607/fd6f9fcb0e9c_ג019_-_מדיניות_השקעות_צפויה_2024_-_הנדסאים_גמל_-_מעודכנת_ליום_3.11.2024-1.xls,מסלול +60 
520042607,,,520042607|מסלול +60|הנדסאים גמל מסלול לבני 60 ומעלה,הנדסאים גמל מסלול לבני 60 ומעלה,2024,"אג""ח ממשלתי",,34.0,35.0,,30.0,40.0,"ממשלתי שקלי 2-5 שנים - 45% ממשלתי צמוד 2-5 שנים - 45% אג""ח ארה""ב 10 שנים 10% (בשקלים)",,מסלול +60,2026-09-30T23:46:47+00:00,https://www.gemel-handesaim.co.il/wp-content/uploads/2024/11/ג019_-_מדיניות_השקעות_צפויה_2024_-_הנדסאים_גמל_-_מעודכנת_ליום_3.11.2024-1.xls,policy/companies/520042607/raw/520042607/fd6f9fcb0e9c_ג019_-_מדיניות_השקעות_צפויה_2024_-_הנדסאים_גמל_-_מעודכנת_ליום_3.11.2024-1.xls,מסלול +60 
520042607,,,520042607|מסלול +60|הנדסאים גמל מסלול לבני 60 ומעלה,הנדסאים גמל מסלול לבני 60 ומעלה,2024,"אג""ח קונצרני",,35.0,32.0,,26.0,38.0,תל בונד 60 - 50%   תל בונד שקלי - 25% IBOXIN30-25% (בשקלים),,מסלול +60,2026-09-30T23:46:47+00:00,https://www.gemel-handesaim.co.il/wp-content/uploads/2024/11/ג019_-_מדיניות_השקעות_צפויה_2024_-_הנדסאים_גמל_-_מעודכנת_ליום_3.11.2024-1.xls,policy/companies/520042607/raw/520042607/fd6f9fcb0e9c_ג019_-_מדיניות_השקעות_צפויה_2024_-_הנדסאים_גמל_-_מעודכנת_ליום_3.11.2024-1.xls,מסלול +60 
520042607,,,520042607|מסלול +60|הנדסאים גמל מסלול לבני 60 ומעלה,הנדסאים גמל מסלול לבני 60 ומעלה,2024,אחר *,,1.0,1.0,,0.0,6.0,"75%  MSCI AC (בשקלים) ת""א 125 - 25%",,מסלול +60,2026-09-30T23:46:47+00:00,https://www.gemel-handesaim.co.il/wp-content/uploads/2024/11/ג019_-_מדיניות_השקעות_צפויה_2024_-_הנדסאים_גמל_-_מעודכנת_ליום_3.11.2024-1.xls,policy/companies/520042607/raw/520042607/fd6f9fcb0e9c_ג019_-_מדיניות_השקעות_צפויה_2024_-_הנדסאים_גמל_-_מעודכנת_ליום_3.11.2024-1.xls,מסלול +60 
520042607,,,520042607|מסלול +60|הנדסאים גמל מסלול לבני 60 ומעלה,הנדסאים גמל מסלול לבני 60 ומעלה,2024,"עו""ש , פק""מ , פר""י",,1.0,5.0,,0.0,10.0,ריבית בנק ישראל,,מסלול +60,2026-09-30T23:46:47+00:00,https://www.gemel-handesaim.co.il/wp-content/uploads/2024/11/ג019_-_מדיניות_השקעות_צפויה_2024_-_הנדסאים_גמל_-_מעודכנת_ליום_3.11.2024-1.xls,policy/companies/520042607/raw/520042607/fd6f9fcb0e9c_ג019_-_מדיניות_השקעות_צפויה_2024_-_הנדסאים_גמל_-_מעודכנת_ליום_3.11.2024-1.xls,מסלול +60 
520042607,,,520042607|מסלול +60|הנדסאים גמל מסלול לבני 60 ומעלה,הנדסאים גמל מסלול לבני 60 ומעלה,2024,"חשיפה למט""ח",fx,20.0,15.0,,9.0,21.0,"שע""ח דולר/שקל",,מסלול +60,2026-09-30T23:46:47+00:00,https://www.gemel-handesaim.co.il/wp-content/uploads/2024/11/ג019_-_מדיניות_השקעות_צפויה_2024_-_הנדסאים_גמל_-_מעודכנת_ליום_3.11.2024-1.xls,policy/companies/520042607/raw/520042607/fd6f9fcb0e9c_ג019_-_מדיניות_השקעות_צפויה_2024_-_הנדסאים_גמל_-_מעודכנת_ליום_3.11.2024-1.xls,מסלול +60 
520042607,,,520042607|מסלול +60|הנדסאים גמל מסלול לבני 60 ומעלה,הנדסאים גמל מסלול לבני 60 ומעלה,2024,מגבלת עמלת ניהול חיצוני לשנת 2024,,0.06,,,,,,,מסלול +60,2026-09-30T23:46:47+00:00,https://www.gemel-handesaim.co.il/wp-content/uploads/2024/11/ג019_-_מדיניות_השקעות_צפויה_2024_-_הנדסאים_גמל_-_מעודכנת_ליום_3.11.2024-1.xls,policy/companies/520042607/raw/520042607/fd6f9fcb0e9c_ג019_-_מדיניות_השקעות_צפויה_2024_-_הנדסאים_גמל_-_מעודכנת_ליום_3.11.2024-1.xls,מסלול +60 
520042607,,,520042607|מסלול  עד 50|הנדסאים גמל מסלול עד 50,הנדסאים גמל מסלול עד 50,2024,מניות,equity,53.0,57.0,+/-6%,51.0,63.0,"ת""א 125 - 20%  MSCI ALL COUNTRIES - 80%  (בשקלים)",,מסלול  עד 50,2026-09-30T23:46:47+00:00,https://www.gemel-handesaim.co.il/wp-content/uploads/2024/11/ג019_-_מדיניות_השקעות_צפויה_2024_-_הנדסאים_גמל_-_מעודכנת_ליום_3.11.2024-1.xls,policy/companies/520042607/raw/520042607/fd6f9fcb0e9c_ג019_-_מדיניות_השקעות_צפויה_2024_-_הנדסאים_גמל_-_מעודכנת_ליום_3.11.2024-1.xls, מסלול  עד 50 
520042607,,,520042607|מסלול  עד 50|הנדסאים גמל מסלול עד 50,הנדסאים גמל מסלול עד 50,2024,"אג""ח ממשלתי",,9.0,10.0,+/-5%,5.0,15.0,"ממשלתי שקלי 2-5 שנים - 45% ממשלתי צמוד 2-5 שנים - 45% אג""ח ארה""ב 10 שנים 10% (בשקלים)",,מסלול  עד 50,2026-09-30T23:46:47+00:00,https://www.gemel-handesaim.co.il/wp-content/uploads/2024/11/ג019_-_מדיניות_השקעות_צפויה_2024_-_הנדסאים_גמל_-_מעודכנת_ליום_3.11.2024-1.xls,policy/companies/520042607/raw/520042607/fd6f9fcb0e9c_ג019_-_מדיניות_השקעות_צפויה_2024_-_הנדסאים_גמל_-_מעודכנת_ליום_3.11.2024-1.xls, מסלול  עד 50 
520042607,,,520042607|מסלול  עד 50|הנדסאים גמל מסלול עד 50,הנדסאים גמל מסלול עד 50,2024,"אג""ח קונצרני",,33.0,28.0,+/-6%,22.0,34.0,תל בונד 60 - 50%   תל בונד שקלי - 25% IBOXIN30-25% (בשקלים),,מסלול  עד 50,2026-09-30T23:46:47+00:00,https://www.gemel-handesaim.co.il/wp-content/uploads/2024/11/ג019_-_מדיניות_השקעות_צפויה_2024_-_הנדסאים_גמל_-_מעודכנת_ליום_3.11.2024-1.xls,policy/companies/520042607/raw/520042607/fd6f9fcb0e9c_ג019_-_מדיניות_השקעות_צפויה_2024_-_הנדסאים_גמל_-_מעודכנת_ליום_3.11.2024-1.xls, מסלול  עד 50 
520042607,,,520042607|מסלול  עד 50|הנדסאים גמל מסלול עד 50,הנדסאים גמל מסלול עד 50,2024,אחר *,,1.0,1.0,+/-5%,0.0,6.0,"75%  MSCI AC (בשקלים) ת""א 125 - 25%",,מסלול  עד 50,2026-09-30T23:46:47+00:00,https://www.gemel-handesaim.co.il/wp-content/uploads/2024/11/ג019_-_מדיניות_השקעות_צפויה_2024_-_הנדסאים_גמל_-_מעודכנת_ליום_3.11.2024-1.xls,policy/companies/520042607/raw/520042607/fd6f9fcb0e9c_ג019_-_מדיניות_השקעות_צפויה_2024_-_הנדסאים_גמל_-_מעודכנת_ליום_3.11.2024-1.xls, מסלול  עד 50 
520042607,,,520042607|מסלול  עד 50|הנדסאים גמל מסלול עד 50,הנדסאים גמל מסלול עד 50,2024,"עו""ש , פק""מ , פר""י",,2.0,5.0,+/-5%,0.0,10.0,ריבית בנק ישראל,,מסלול  עד 50,2026-09-30T23:46:47+00:00,https://www.gemel-handesaim.co.il/wp-content/uploads/2024/11/ג019_-_מדיניות_השקעות_צפויה_2024_-_הנדסאים_גמל_-_מעודכנת_ליום_3.11.2024-1.xls,policy/companies/520042607/raw/520042607/fd6f9fcb0e9c_ג019_-_מדיניות_השקעות_צפויה_2024_-_הנדסאים_גמל_-_מעודכנת_ליום_3.11.2024-1.xls, מסלול  עד 50 
520042607,,,520042607|מסלול  עד 50|הנדסאים גמל מסלול עד 50,הנדסאים גמל מסלול עד 50,2024,"חשיפה למט""ח",fx,25.0,22.0,+/-6%,16.0,28.0,"שע""ח דולר/שקל",,מסלול  עד 50,2026-09-30T23:46:47+00:00,https://www.gemel-handesaim.co.il/wp-content/uploads/2024/11/ג019_-_מדיניות_השקעות_צפויה_2024_-_הנדסאים_גמל_-_מעודכנת_ליום_3.11.2024-1.xls,policy/companies/520042607/raw/520042607/fd6f9fcb0e9c_ג019_-_מדיניות_השקעות_צפויה_2024_-_הנדסאים_גמל_-_מעודכנת_ליום_3.11.2024-1.xls, מסלול  עד 50 
520042607,,,520042607|מסלול  עד 50|הנדסאים גמל מסלול עד 50,הנדסאים גמל מסלול עד 50,2024,מגבלת עמלת ניהול חיצוני לשנת 2024,,0.15,,,,,,,מסלול  עד 50,2026-09-30T23:46:47+00:00,https://www.gemel-handesaim.co.il/wp-content/uploads/2024/11/ג019_-_מדיניות_השקעות_צפויה_2024_-_הנדסאים_גמל_-_מעודכנת_ליום_3.11.2024-1.xls,policy/companies/520042607/raw/520042607/fd6f9fcb0e9c_ג019_-_מדיניות_השקעות_צפויה_2024_-_הנדסאים_גמל_-_מעודכנת_ליום_3.11.2024-1.xls, מסלול  עד 50 
520042607,,,520042607|מסלול מניות|הנדסאים גמל מסלול מניות,הנדסאים גמל מסלול מניות,2024,מניות,equity,,97.0,+/-6%,91.0,103.0,"ת""א 125 - 20%  MSCI ALL COUNTRIES - 80%  (בשקלים)",,מסלול מניות,2026-09-30T23:46:47+00:00,https://www.gemel-handesaim.co.il/wp-content/uploads/2024/11/ג019_-_מדיניות_השקעות_צפויה_2024_-_הנדסאים_גמל_-_מעודכנת_ליום_3.11.2024-1.xls,policy/companies/520042607/raw/520042607/fd6f9fcb0e9c_ג019_-_מדיניות_השקעות_צפויה_2024_-_הנדסאים_גמל_-_מעודכנת_ליום_3.11.2024-1.xls,מסלול מניות
520042607,,,520042607|מסלול מניות|הנדסאים גמל מסלול מניות,הנדסאים גמל מסלול מניות,2024,"אג""ח ממשלתי",,,0.0,+/-5%,0.0,5.0,"ממשלתי שקלי 2-5 שנים - 45% ממשלתי צמוד 2-5 שנים - 45% אג""ח ארה""ב 10 שנים 10% (בשקלים)",,מסלול מניות,2026-09-30T23:46:47+00:00,https://www.gemel-handesaim.co.il/wp-content/uploads/2024/11/ג019_-_מדיניות_השקעות_צפויה_2024_-_הנדסאים_גמל_-_מעודכנת_ליום_3.11.2024-1.xls,policy/companies/520042607/raw/520042607/fd6f9fcb0e9c_ג019_-_מדיניות_השקעות_צפויה_2024_-_הנדסאים_גמל_-_מעודכנת_ליום_3.11.2024-1.xls,מסלול מניות
520042607,,,520042607|מסלול מניות|הנדסאים גמל מסלול מניות,הנדסאים גמל מסלול מניות,2024,"אג""ח קונצרני",,,0.0,+/-6%,0.0,6.0,תל בונד 60 - 50%   תל בונד שקלי - 25% IBOXIN30-25% (בשקלים),,מסלול מניות,2026-09-30T23:46:47+00:00,https://www.gemel-handesaim.co.il/wp-content/uploads/2024/11/ג019_-_מדיניות_השקעות_צפויה_2024_-_הנדסאים_גמל_-_מעודכנת_ליום_3.11.2024-1.xls,policy/companies/520042607/raw/520042607/fd6f9fcb0e9c_ג019_-_מדיניות_השקעות_צפויה_2024_-_הנדסאים_גמל_-_מעודכנת_ליום_3.11.2024-1.xls,מסלול מניות
520042607,,,520042607|מסלול מניות|הנדסאים גמל מסלול מניות,הנדסאים גמל מסלול מניות,2024,אחר *,,,0.0,+/-5%,0.0,5.0,"75%  MSCI AC (בשקלים) ת""א 125 - 25%",,מסלול מניות,2026-09-30T23:46:47+00:00,https://www.gemel-handesaim.co.il/wp-content/uploads/2024/11/ג019_-_מדיניות_השקעות_צפויה_2024_-_הנדסאים_גמל_-_מעודכנת_ליום_3.11.2024-1.xls,policy/companies/520042607/raw/520042607/fd6f9fcb0e9c_ג019_-_מדיניות_השקעות_צפויה_2024_-_הנדסאים_גמל_-_מעודכנת_ליום_3.11.2024-1.xls,מסלול מניות
520042607,,,520042607|מסלול מניות|הנדסאים גמל מסלול מניות,הנדסאים גמל מסלול מניות,2024,"עו""ש , פק""מ , פר""י",,,3.0,+/-5%,0.0,8.0,ריבית בנק ישראל,,מסלול מניות,2026-09-30T23:46:47+00:00,https://www.gemel-handesaim.co.il/wp-content/uploads/2024/11/ג019_-_מדיניות_השקעות_צפויה_2024_-_הנדסאים_גמל_-_מעודכנת_ליום_3.11.2024-1.xls,policy/companies/520042607/raw/520042607/fd6f9fcb0e9c_ג019_-_מדיניות_השקעות_צפויה_2024_-_הנדסאים_גמל_-_מעודכנת_ליום_3.11.2024-1.xls,מסלול מניות
520042607,,,520042607|מסלול מניות|הנדסאים גמל מסלול מניות,הנדסאים גמל מסלול מניות,2024,"חשיפה למט""ח",fx,,37.0,+/-6%,31.0,43.0,"שע""ח דולר/שקל",,מסלול מניות,2026-09-30T23:46:47+00:00,https://www.gemel-handesaim.co.il/wp-content/uploads/2024/11/ג019_-_מדיניות_השקעות_צפויה_2024_-_הנדסאים_גמל_-_מעודכנת_ליום_3.11.2024-1.xls,policy/companies/520042607/raw/520042607/fd6f9fcb0e9c_ג019_-_מדיניות_השקעות_צפויה_2024_-_הנדסאים_גמל_-_מעודכנת_ליום_3.11.2024-1.xls,מסלול מניות
520042607,,,520042607|מסלול מניות|הנדסאים גמל מסלול מניות,הנדסאים גמל מסלול מניות,2024,מגבלת עמלת ניהול חיצוני לשנת 2024,,0.1,,,,,,,מסלול מניות,2026-09-30T23:46:47+00:00,https://www.gemel-handesaim.co.il/wp-content/uploads/2024/11/ג019_-_מדיניות_השקעות_צפויה_2024_-_הנדסאים_גמל_-_מעודכנת_ליום_3.11.2024-1.xls,policy/companies/520042607/raw/520042607/fd6f9fcb0e9c_ג019_-_מדיניות_השקעות_צפויה_2024_-_הנדסאים_גמל_-_מעודכנת_ליום_3.11.2024-1.xls,מסלול מניות
520042607,,,520042607|הנדסאים מסלול 50-60|הנדסאים גמל מסלול 50 60,הנדסאים גמל מסלול 50 60,2023,מניות,equity,44.55,44.0,+/-6%,38.0,50.0,"75%  MSCI AC (בשקלים) ת""א 125 - 25%",,הנדסאים מסלול 50-60,2026-09-30T23:46:47+00:00,https://www.gemel-handesaim.co.il/wp-content/uploads/2023/05/הנדסאים_גמל_-_עדכון_במדיניות_ההשקעות_הצפויה_לשנת_2023_-_אושר_ביום_17.5.2023.xls,policy/companies/520042607/raw/520042607/810402da1162_הנדסאים_גמל_-_עדכון_במדיניות_ההשקעות_הצפויה_לשנת_2023_-_אושר_ביום_17.5.2023.xls,הנדסאים מסלול 50-60 
520042607,,,520042607|הנדסאים מסלול 50-60|הנדסאים גמל מסלול 50 60,הנדסאים גמל מסלול 50 60,2023,"אג""ח ממשלתי",,15.0,15.0,+/-5%,10.0,20.0,ממשלתי שקלי 2-5 שנים - 50% ממשלתי צמוד 2-5 שנים - 50%,,הנדסאים מסלול 50-60,2026-09-30T23:46:47+00:00,https://www.gemel-handesaim.co.il/wp-content/uploads/2023/05/הנדסאים_גמל_-_עדכון_במדיניות_ההשקעות_הצפויה_לשנת_2023_-_אושר_ביום_17.5.2023.xls,policy/companies/520042607/raw/520042607/810402da1162_הנדסאים_גמל_-_עדכון_במדיניות_ההשקעות_הצפויה_לשנת_2023_-_אושר_ביום_17.5.2023.xls,הנדסאים מסלול 50-60 
520042607,,,520042607|הנדסאים מסלול 50-60|הנדסאים גמל מסלול 50 60,הנדסאים גמל מסלול 50 60,2023,"אג""ח קונצרני",,25.0,24.0,+/-6%,18.0,30.0,תל בונד 60 - 60%   תל בונד שקלי - 30% IBOXIN30-10% (שקלי),,הנדסאים מסלול 50-60,2026-09-30T23:46:47+00:00,https://www.gemel-handesaim.co.il/wp-content/uploads/2023/05/הנדסאים_גמל_-_עדכון_במדיניות_ההשקעות_הצפויה_לשנת_2023_-_אושר_ביום_17.5.2023.xls,policy/companies/520042607/raw/520042607/810402da1162_הנדסאים_גמל_-_עדכון_במדיניות_ההשקעות_הצפויה_לשנת_2023_-_אושר_ביום_17.5.2023.xls,הנדסאים מסלול 50-60 
520042607,,,520042607|הנדסאים מסלול 50-60|הנדסאים גמל מסלול 50 60,הנדסאים גמל מסלול 50 60,2023,"אחר ( קרנות נדל""ן , קרנות הון , הון סיכון , קרנות PE ,קרנות גידור )",,14.0,14.0,+/-5%,9.0,19.0,"75%  MSCI AC (בשקלים) ת""א 125 - 25%",,הנדסאים מסלול 50-60,2026-09-30T23:46:47+00:00,https://www.gemel-handesaim.co.il/wp-content/uploads/2023/05/הנדסאים_גמל_-_עדכון_במדיניות_ההשקעות_הצפויה_לשנת_2023_-_אושר_ביום_17.5.2023.xls,policy/companies/520042607/raw/520042607/810402da1162_הנדסאים_גמל_-_עדכון_במדיניות_ההשקעות_הצפויה_לשנת_2023_-_אושר_ביום_17.5.2023.xls,הנדסאים מסלול 50-60 
520042607,,,520042607|הנדסאים מסלול 50-60|הנדסאים גמל מסלול 50 60,הנדסאים גמל מסלול 50 60,2023,"עו""ש , פק""מ , פר""י",,4.0,6.0,+/-5%,1.0,11.0,"מדד מק""מ",,הנדסאים מסלול 50-60,2026-09-30T23:46:47+00:00,https://www.gemel-handesaim.co.il/wp-content/uploads/2023/05/הנדסאים_גמל_-_עדכון_במדיניות_ההשקעות_הצפויה_לשנת_2023_-_אושר_ביום_17.5.2023.xls,policy/companies/520042607/raw/520042607/810402da1162_הנדסאים_גמל_-_עדכון_במדיניות_ההשקעות_הצפויה_לשנת_2023_-_אושר_ביום_17.5.2023.xls,הנדסאים מסלול 50-60 
520042607,,,520042607|הנדסאים מסלול 50-60|הנדסאים גמל מסלול 50 60,הנדסאים גמל מסלול 50 60,2023,"חשיפה למט""ח",fx,21.0,18.0,+/-6%,12.0,24.0,דולר 90% אירו 10%,,הנדסאים מסלול 50-60,2026-09-30T23:46:47+00:00,https://www.gemel-handesaim.co.il/wp-content/uploads/2023/05/הנדסאים_גמל_-_עדכון_במדיניות_ההשקעות_הצפויה_לשנת_2023_-_אושר_ביום_17.5.2023.xls,policy/companies/520042607/raw/520042607/810402da1162_הנדסאים_גמל_-_עדכון_במדיניות_ההשקעות_הצפויה_לשנת_2023_-_אושר_ביום_17.5.2023.xls,הנדסאים מסלול 50-60 
520042607,,,520042607|הנדסאים מסלול 50-60|הנדסאים גמל מסלול 50 60,הנדסאים גמל מסלול 50 60,2023,מגבלת עמלת ניהול חיצוני,,0.28,,,,,,,הנדסאים מסלול 50-60,2026-09-30T23:46:47+00:00,https://www.gemel-handesaim.co.il/wp-content/uploads/2023/05/הנדסאים_גמל_-_עדכון_במדיניות_ההשקעות_הצפויה_לשנת_2023_-_אושר_ביום_17.5.2023.xls,policy/companies/520042607/raw/520042607/810402da1162_הנדסאים_גמל_-_עדכון_במדיניות_ההשקעות_הצפויה_לשנת_2023_-_אושר_ביום_17.5.2023.xls,הנדסאים מסלול 50-60 
520042607,,,520042607|הנדסאים מסלול +60|הנדסאים גמל מסלול לבני 60 ומעלה,הנדסאים גמל מסלול לבני 60 ומעלה,2023,מניות,equity,27.0,27.0,+/-6%,21.0,33.0,"75%  MSCI AC (בשקלים) ת""א 125 - 25%",,הנדסאים מסלול +60,2026-09-30T23:46:47+00:00,https://www.gemel-handesaim.co.il/wp-content/uploads/2023/05/הנדסאים_גמל_-_עדכון_במדיניות_ההשקעות_הצפויה_לשנת_2023_-_אושר_ביום_17.5.2023.xls,policy/companies/520042607/raw/520042607/810402da1162_הנדסאים_גמל_-_עדכון_במדיניות_ההשקעות_הצפויה_לשנת_2023_-_אושר_ביום_17.5.2023.xls,הנדסאים מסלול +60 
520042607,,,520042607|הנדסאים מסלול +60|הנדסאים גמל מסלול לבני 60 ומעלה,הנדסאים גמל מסלול לבני 60 ומעלה,2023,"אג""ח ממשלתי",,35.0,35.0,+/-5%,30.0,40.0,ממשלתי שקלי 2-5 שנים - 50% ממשלתי צמוד 2-5 שנים - 50%,,הנדסאים מסלול +60,2026-09-30T23:46:47+00:00,https://www.gemel-handesaim.co.il/wp-content/uploads/2023/05/הנדסאים_גמל_-_עדכון_במדיניות_ההשקעות_הצפויה_לשנת_2023_-_אושר_ביום_17.5.2023.xls,policy/companies/520042607/raw/520042607/810402da1162_הנדסאים_גמל_-_עדכון_במדיניות_ההשקעות_הצפויה_לשנת_2023_-_אושר_ביום_17.5.2023.xls,הנדסאים מסלול +60 
520042607,,,520042607|הנדסאים מסלול +60|הנדסאים גמל מסלול לבני 60 ומעלה,הנדסאים גמל מסלול לבני 60 ומעלה,2023,"אג""ח קונצרני",,33.0,32.0,+/-6%,26.0,38.0,תל בונד 60 - 60%   תל בונד שקלי - 30% IBOXIN30-10%,,הנדסאים מסלול +60,2026-09-30T23:46:47+00:00,https://www.gemel-handesaim.co.il/wp-content/uploads/2023/05/הנדסאים_גמל_-_עדכון_במדיניות_ההשקעות_הצפויה_לשנת_2023_-_אושר_ביום_17.5.2023.xls,policy/companies/520042607/raw/520042607/810402da1162_הנדסאים_גמל_-_עדכון_במדיניות_ההשקעות_הצפויה_לשנת_2023_-_אושר_ביום_17.5.2023.xls,הנדסאים מסלול +60 
520042607,,,520042607|הנדסאים מסלול +60|הנדסאים גמל מסלול לבני 60 ומעלה,הנדסאים גמל מסלול לבני 60 ומעלה,2023,"אחר ( קרנות נדל""ן , קרנות הון , הון סיכון , קרנות PE ,קרנות גידור )",,0.3,1.0,+/-5%,0.0,6.0,"75%  MSCI AC (בשקלים) ת""א 125 - 25%",,הנדסאים מסלול +60,2026-09-30T23:46:47+00:00,https://www.gemel-handesaim.co.il/wp-content/uploads/2023/05/הנדסאים_גמל_-_עדכון_במדיניות_ההשקעות_הצפויה_לשנת_2023_-_אושר_ביום_17.5.2023.xls,policy/companies/520042607/raw/520042607/810402da1162_הנדסאים_גמל_-_עדכון_במדיניות_ההשקעות_הצפויה_לשנת_2023_-_אושר_ביום_17.5.2023.xls,הנדסאים מסלול +60 
520042607,,,520042607|הנדסאים מסלול +60|הנדסאים גמל מסלול לבני 60 ומעלה,הנדסאים גמל מסלול לבני 60 ומעלה,2023,"עו""ש , פק""מ , פר""י",,5.0,5.0,+/-5%,0.0,10.0,"מדד מק""מ",,הנדסאים מסלול +60,2026-09-30T23:46:47+00:00,https://www.gemel-handesaim.co.il/wp-content/uploads/2023/05/הנדסאים_גמל_-_עדכון_במדיניות_ההשקעות_הצפויה_לשנת_2023_-_אושר_ביום_17.5.2023.xls,policy/companies/520042607/raw/520042607/810402da1162_הנדסאים_גמל_-_עדכון_במדיניות_ההשקעות_הצפויה_לשנת_2023_-_אושר_ביום_17.5.2023.xls,הנדסאים מסלול +60 
520042607,,,520042607|הנדסאים מסלול +60|הנדסאים גמל מסלול לבני 60 ומעלה,הנדסאים גמל מסלול לבני 60 ומעלה,2023,"חשיפה למט""ח",fx,18.0,15.0,+/-6%,9.0,21.0,דולר 90% אירו 10%,,הנדסאים מסלול +60,2026-09-30T23:46:47+00:00,https://www.gemel-handesaim.co.il/wp-content/uploads/2023/05/הנדסאים_גמל_-_עדכון_במדיניות_ההשקעות_הצפויה_לשנת_2023_-_אושר_ביום_17.5.2023.xls,policy/companies/520042607/raw/520042607/810402da1162_הנדסאים_גמל_-_עדכון_במדיניות_ההשקעות_הצפויה_לשנת_2023_-_אושר_ביום_17.5.2023.xls,הנדסאים מסלול +60 
520042607,,,520042607|הנדסאים מסלול +60|הנדסאים גמל מסלול לבני 60 ומעלה,הנדסאים גמל מסלול לבני 60 ומעלה,2023,מגבלת עמלת ניהול חיצוני,,0.1,,.,,,,,הנדסאים מסלול +60,2026-09-30T23:46:47+00:00,https://www.gemel-handesaim.co.il/wp-content/uploads/2023/05/הנדסאים_גמל_-_עדכון_במדיניות_ההשקעות_הצפויה_לשנת_2023_-_אושר_ביום_17.5.2023.xls,policy/companies/520042607/raw/520042607/810402da1162_הנדסאים_גמל_-_עדכון_במדיניות_ההשקעות_הצפויה_לשנת_2023_-_אושר_ביום_17.5.2023.xls,הנדסאים מסלול +60 
520042607,,,520042607|הנדסאים מסלול  עד 50|הנדסאים גמל מסלול עד 50,הנדסאים גמל מסלול עד 50,2023,מניות,equity,57.0,57.0,+/-6%,51.0,63.0,"75%  MSCI AC (בשקלים) ת""א 125 - 25%",,הנדסאים מסלול  עד 50,2026-09-30T23:46:47+00:00,https://www.gemel-handesaim.co.il/wp-content/uploads/2023/05/הנדסאים_גמל_-_עדכון_במדיניות_ההשקעות_הצפויה_לשנת_2023_-_אושר_ביום_17.5.2023.xls,policy/companies/520042607/raw/520042607/810402da1162_הנדסאים_גמל_-_עדכון_במדיניות_ההשקעות_הצפויה_לשנת_2023_-_אושר_ביום_17.5.2023.xls,הנדסאים מסלול  עד 50  
520042607,,,520042607|הנדסאים מסלול  עד 50|הנדסאים גמל מסלול עד 50,הנדסאים גמל מסלול עד 50,2023,"אג""ח ממשלתי",,10.0,10.0,+/-5%,5.0,15.0,ממשלתי שקלי 2-5 שנים - 50% ממשלתי צמוד 2-5 שנים - 50%,,הנדסאים מסלול  עד 50,2026-09-30T23:46:47+00:00,https://www.gemel-handesaim.co.il/wp-content/uploads/2023/05/הנדסאים_גמל_-_עדכון_במדיניות_ההשקעות_הצפויה_לשנת_2023_-_אושר_ביום_17.5.2023.xls,policy/companies/520042607/raw/520042607/810402da1162_הנדסאים_גמל_-_עדכון_במדיניות_ההשקעות_הצפויה_לשנת_2023_-_אושר_ביום_17.5.2023.xls,הנדסאים מסלול  עד 50  
520042607,,,520042607|הנדסאים מסלול  עד 50|הנדסאים גמל מסלול עד 50,הנדסאים גמל מסלול עד 50,2023,"אג""ח קונצרני",,28.0,28.0,+/-6%,22.0,34.0,תל בונד 60 - 60%   תל בונד שקלי - 30% IBOXIN30-10%,,הנדסאים מסלול  עד 50,2026-09-30T23:46:47+00:00,https://www.gemel-handesaim.co.il/wp-content/uploads/2023/05/הנדסאים_גמל_-_עדכון_במדיניות_ההשקעות_הצפויה_לשנת_2023_-_אושר_ביום_17.5.2023.xls,policy/companies/520042607/raw/520042607/810402da1162_הנדסאים_גמל_-_עדכון_במדיניות_ההשקעות_הצפויה_לשנת_2023_-_אושר_ביום_17.5.2023.xls,הנדסאים מסלול  עד 50  
520042607,,,520042607|הנדסאים מסלול  עד 50|הנדסאים גמל מסלול עד 50,הנדסאים גמל מסלול עד 50,2023,"אחר ( קרנות נדל""ן, קרנות הון, הון סיכון , קרנות PE ,קרנות גידור )",,0.46,1.0,+/-5%,0.0,6.0,"75%  MSCI AC (בשקלים) ת""א 125 - 25%",,הנדסאים מסלול  עד 50,2026-09-30T23:46:47+00:00,https://www.gemel-handesaim.co.il/wp-content/uploads/2023/05/הנדסאים_גמל_-_עדכון_במדיניות_ההשקעות_הצפויה_לשנת_2023_-_אושר_ביום_17.5.2023.xls,policy/companies/520042607/raw/520042607/810402da1162_הנדסאים_גמל_-_עדכון_במדיניות_ההשקעות_הצפויה_לשנת_2023_-_אושר_ביום_17.5.2023.xls,הנדסאים מסלול  עד 50  
520042607,,,520042607|הנדסאים מסלול  עד 50|הנדסאים גמל מסלול עד 50,הנדסאים גמל מסלול עד 50,2023,"עו""ש , פק""מ , פר""י",,5.0,4.0,+/-5%,0.0,9.0,"מדד מק""מ",,הנדסאים מסלול  עד 50,2026-09-30T23:46:47+00:00,https://www.gemel-handesaim.co.il/wp-content/uploads/2023/05/הנדסאים_גמל_-_עדכון_במדיניות_ההשקעות_הצפויה_לשנת_2023_-_אושר_ביום_17.5.2023.xls,policy/companies/520042607/raw/520042607/810402da1162_הנדסאים_גמל_-_עדכון_במדיניות_ההשקעות_הצפויה_לשנת_2023_-_אושר_ביום_17.5.2023.xls,הנדסאים מסלול  עד 50  
520042607,,,520042607|הנדסאים מסלול  עד 50|הנדסאים גמל מסלול עד 50,הנדסאים גמל מסלול עד 50,2023,"חשיפה למט""ח",fx,20.0,20.0,+/-6%,14.0,26.0,דולר 90% אירו 10%,,הנדסאים מסלול  עד 50,2026-09-30T23:46:47+00:00,https://www.gemel-handesaim.co.il/wp-content/uploads/2023/05/הנדסאים_גמל_-_עדכון_במדיניות_ההשקעות_הצפויה_לשנת_2023_-_אושר_ביום_17.5.2023.xls,policy/companies/520042607/raw/520042607/810402da1162_הנדסאים_גמל_-_עדכון_במדיניות_ההשקעות_הצפויה_לשנת_2023_-_אושר_ביום_17.5.2023.xls,הנדסאים מסלול  עד 50  
520042607,,,520042607|הנדסאים מסלול  עד 50|הנדסאים גמל מסלול עד 50,הנדסאים גמל מסלול עד 50,2023,מגבלת עמלת ניהול חיצוני,,0.15,,,,,,,הנדסאים מסלול  עד 50,2026-09-30T23:46:47+00:00,https://www.gemel-handesaim.co.il/wp-content/uploads/2023/05/הנדסאים_גמל_-_עדכון_במדיניות_ההשקעות_הצפויה_לשנת_2023_-_אושר_ביום_17.5.2023.xls,policy/companies/520042607/raw/520042607/810402da1162_הנדסאים_גמל_-_עדכון_במדיניות_ההשקעות_הצפויה_לשנת_2023_-_אושר_ביום_17.5.2023.xls,הנדסאים מסלול  עד 50  
520042607,,,520042607|שדות עד 50|מדינות השקעות צפויה לשנת 2020,מדינות השקעות צפויה לשנת 2020,2023,מניות,equity,48.03,50.0,0.06,44.0,56.0,"ת""א 100/125  40% 60%  MSCI AC",,שדות עד 50,2026-09-30T23:46:47+00:00,https://www.gemel-handesaim.co.il/wp-content/uploads/2023/05/הנדסאים_גמל_-_עדכון_במדיניות_ההשקעות_הצפויה_לשנת_2023_-_אושר_ביום_17.5.2023.xls,policy/companies/520042607/raw/520042607/810402da1162_הנדסאים_גמל_-_עדכון_במדיניות_ההשקעות_הצפויה_לשנת_2023_-_אושר_ביום_17.5.2023.xls,שדות עד 50
520042607,,,520042607|שדות עד 50|מדינות השקעות צפויה לשנת 2020,מדינות השקעות צפויה לשנת 2020,2023,"אג""ח ממשלתי",,19.69,20.0,0.05,15.0,25.0,ממשלתי שקלי 2-5 שנים 50%  ממשלתי צמוד 2-5 שנים 50%,,שדות עד 50,2026-09-30T23:46:47+00:00,https://www.gemel-handesaim.co.il/wp-content/uploads/2023/05/הנדסאים_גמל_-_עדכון_במדיניות_ההשקעות_הצפויה_לשנת_2023_-_אושר_ביום_17.5.2023.xls,policy/companies/520042607/raw/520042607/810402da1162_הנדסאים_גמל_-_עדכון_במדיניות_ההשקעות_הצפויה_לשנת_2023_-_אושר_ביום_17.5.2023.xls,שדות עד 50
520042607,,,520042607|שדות עד 50|מדינות השקעות צפויה לשנת 2020,מדינות השקעות צפויה לשנת 2020,2023,"אג""ח קונצרני (כולל תעודות סל, ETF)",,26.77,24.0,0.06,18.0,30.0,תל בונד 60 50% תל בונד שקלי 25% IboxxIG 25%,,שדות עד 50,2026-09-30T23:46:47+00:00,https://www.gemel-handesaim.co.il/wp-content/uploads/2023/05/הנדסאים_גמל_-_עדכון_במדיניות_ההשקעות_הצפויה_לשנת_2023_-_אושר_ביום_17.5.2023.xls,policy/companies/520042607/raw/520042607/810402da1162_הנדסאים_גמל_-_עדכון_במדיניות_ההשקעות_הצפויה_לשנת_2023_-_אושר_ביום_17.5.2023.xls,שדות עד 50
520042607,,,520042607|שדות עד 50|מדינות השקעות צפויה לשנת 2020,מדינות השקעות צפויה לשנת 2020,2023,"אחר: קרנות נדלן, קרנות הון סיכון, קרנות PE, קרנות גידור,תיקי משכנתאות, מזומנים במט""ח",,0.0,1.0,0.05,0.0,6.0,s&p 500,,שדות עד 50,2026-09-30T23:46:47+00:00,https://www.gemel-handesaim.co.il/wp-content/uploads/2023/05/הנדסאים_גמל_-_עדכון_במדיניות_ההשקעות_הצפויה_לשנת_2023_-_אושר_ביום_17.5.2023.xls,policy/companies/520042607/raw/520042607/810402da1162_הנדסאים_גמל_-_עדכון_במדיניות_ההשקעות_הצפויה_לשנת_2023_-_אושר_ביום_17.5.2023.xls,שדות עד 50
520042607,,,520042607|שדות עד 50|מדינות השקעות צפויה לשנת 2020,מדינות השקעות צפויה לשנת 2020,2023,"עו""ש, פרי, פק""מ",,5.5,5.0,0.05,0.0,10.0,"מדד מק""מ",,שדות עד 50,2026-09-30T23:46:47+00:00,https://www.gemel-handesaim.co.il/wp-content/uploads/2023/05/הנדסאים_גמל_-_עדכון_במדיניות_ההשקעות_הצפויה_לשנת_2023_-_אושר_ביום_17.5.2023.xls,policy/companies/520042607/raw/520042607/810402da1162_הנדסאים_גמל_-_עדכון_במדיניות_ההשקעות_הצפויה_לשנת_2023_-_אושר_ביום_17.5.2023.xls,שדות עד 50
520042607,,,520042607|שדות עד 50|מדינות השקעות צפויה לשנת 2020,מדינות השקעות צפויה לשנת 2020,2023,"חשיפה למט""ח",fx,21.83,20.0,0.06,14.0,26.0,דולר-75% אירו- 25%,,שדות עד 50,2026-09-30T23:46:47+00:00,https://www.gemel-handesaim.co.il/wp-content/uploads/2023/05/הנדסאים_גמל_-_עדכון_במדיניות_ההשקעות_הצפויה_לשנת_2023_-_אושר_ביום_17.5.2023.xls,policy/companies/520042607/raw/520042607/810402da1162_הנדסאים_גמל_-_עדכון_במדיניות_ההשקעות_הצפויה_לשנת_2023_-_אושר_ביום_17.5.2023.xls,שדות עד 50
520042607,,,520042607|שדות 60 ומעלה|שדות 60 ומעלה,שדות 60 ומעלה,2023,מניות,equity,18.82,18.0,0.06,12.0,24.0,"ת""א 125/100 40% 60%  MSCI AC",,שדות 60 ומעלה,2026-09-30T23:46:47+00:00,https://www.gemel-handesaim.co.il/wp-content/uploads/2023/05/הנדסאים_גמל_-_עדכון_במדיניות_ההשקעות_הצפויה_לשנת_2023_-_אושר_ביום_17.5.2023.xls,policy/companies/520042607/raw/520042607/810402da1162_הנדסאים_גמל_-_עדכון_במדיניות_ההשקעות_הצפויה_לשנת_2023_-_אושר_ביום_17.5.2023.xls,שדות 60 ומעלה
520042607,,,520042607|שדות 60 ומעלה|שדות 60 ומעלה,שדות 60 ומעלה,2023,"אג""ח ממשלתי",,44.46,46.0,0.05,41.0,51.0,ממשלתי שקלי 2-5 שנים 50%  ממשלתי צמוד 2-5 שנים 50%,,שדות 60 ומעלה,2026-09-30T23:46:47+00:00,https://www.gemel-handesaim.co.il/wp-content/uploads/2023/05/הנדסאים_גמל_-_עדכון_במדיניות_ההשקעות_הצפויה_לשנת_2023_-_אושר_ביום_17.5.2023.xls,policy/companies/520042607/raw/520042607/810402da1162_הנדסאים_גמל_-_עדכון_במדיניות_ההשקעות_הצפויה_לשנת_2023_-_אושר_ביום_17.5.2023.xls,שדות 60 ומעלה
520042607,,,520042607|שדות 60 ומעלה|שדות 60 ומעלה,שדות 60 ומעלה,2023,"אג""ח קונצרני (כולל תעודות סל, ETF)",,30.31,30.0,0.06,24.0,36.0,תל בונד 60 50% תל בונד שקלי 25% IboxxIG 25%,,שדות 60 ומעלה,2026-09-30T23:46:47+00:00,https://www.gemel-handesaim.co.il/wp-content/uploads/2023/05/הנדסאים_גמל_-_עדכון_במדיניות_ההשקעות_הצפויה_לשנת_2023_-_אושר_ביום_17.5.2023.xls,policy/companies/520042607/raw/520042607/810402da1162_הנדסאים_גמל_-_עדכון_במדיניות_ההשקעות_הצפויה_לשנת_2023_-_אושר_ביום_17.5.2023.xls,שדות 60 ומעלה
520042607,,,520042607|שדות 60 ומעלה|שדות 60 ומעלה,שדות 60 ומעלה,2023,"אחר: קרנות נדלן, קרנות הון סיכון, קרנות PE, קרנות גידור,תיקי משכנתאות, מזומנים במט""ח",,0.0,1.0,0.05,0.0,6.0,s&p 500,,שדות 60 ומעלה,2026-09-30T23:46:47+00:00,https://www.gemel-handesaim.co.il/wp-content/uploads/2023/05/הנדסאים_גמל_-_עדכון_במדיניות_ההשקעות_הצפויה_לשנת_2023_-_אושר_ביום_17.5.2023.xls,policy/companies/520042607/raw/520042607/810402da1162_הנדסאים_גמל_-_עדכון_במדיניות_ההשקעות_הצפויה_לשנת_2023_-_אושר_ביום_17.5.2023.xls,שדות 60 ומעלה
520042607,,,520042607|שדות 60 ומעלה|שדות 60 ומעלה,שדות 60 ומעלה,2023,"עו""ש, פרי, פק""מ",,6.41,5.0,0.05,0.0,10.0,"מדד מק""מ",,שדות 60 ומעלה,2026-09-30T23:46:47+00:00,https://www.gemel-handesaim.co.il/wp-content/uploads/2023/05/הנדסאים_גמל_-_עדכון_במדיניות_ההשקעות_הצפויה_לשנת_2023_-_אושר_ביום_17.5.2023.xls,policy/companies/520042607/raw/520042607/810402da1162_הנדסאים_גמל_-_עדכון_במדיניות_ההשקעות_הצפויה_לשנת_2023_-_אושר_ביום_17.5.2023.xls,שדות 60 ומעלה
520042607,,,520042607|שדות 60 ומעלה|שדות 60 ומעלה,שדות 60 ומעלה,2023,"חשיפה למט""ח",fx,10.37,10.0,0.06,4.0,16.0,דולר-75% אירו- 25%,,שדות 60 ומעלה,2026-09-30T23:46:47+00:00,https://www.gemel-handesaim.co.il/wp-content/uploads/2023/05/הנדסאים_גמל_-_עדכון_במדיניות_ההשקעות_הצפויה_לשנת_2023_-_אושר_ביום_17.5.2023.xls,policy/companies/520042607/raw/520042607/810402da1162_הנדסאים_גמל_-_עדכון_במדיניות_ההשקעות_הצפויה_לשנת_2023_-_אושר_ביום_17.5.2023.xls,שדות 60 ומעלה
520042607,3126,3126,מדיניות צפויה שובל 2019|קופ ג על שובל כללי 3126,קופ ג על שובל כללי 3126,2023,"מניות (תעודות סל, אופציות, קרנות נאמנות)",equity,35.95,34.0,0.06,28.0,40.0,"מניות בארץ - ת""א 125 - 40%   מניות בחו""ל  - MSCI AC - 60%",,מדיניות צפויה שובל 2019,2026-09-30T23:46:47+00:00,https://www.gemel-handesaim.co.il/wp-content/uploads/2023/05/הנדסאים_גמל_-_עדכון_במדיניות_ההשקעות_הצפויה_לשנת_2023_-_אושר_ביום_17.5.2023.xls,policy/companies/520042607/raw/520042607/810402da1162_הנדסאים_גמל_-_עדכון_במדיניות_ההשקעות_הצפויה_לשנת_2023_-_אושר_ביום_17.5.2023.xls,מדיניות צפויה שובל 2019
520042607,3126,3126,מדיניות צפויה שובל 2019|קופ ג על שובל כללי 3126,קופ ג על שובל כללי 3126,2023,"אג""ח ממשלתי",,19.18,23.0,0.05,15.0,25.0,ממשלתי צמוד 2-5 - 30%      ממשלתי שקלי 2-5 -70%,,מדיניות צפויה שובל 2019,2026-09-30T23:46:47+00:00,https://www.gemel-handesaim.co.il/wp-content/uploads/2023/05/הנדסאים_גמל_-_עדכון_במדיניות_ההשקעות_הצפויה_לשנת_2023_-_אושר_ביום_17.5.2023.xls,policy/companies/520042607/raw/520042607/810402da1162_הנדסאים_גמל_-_עדכון_במדיניות_ההשקעות_הצפויה_לשנת_2023_-_אושר_ביום_17.5.2023.xls,מדיניות צפויה שובל 2019
520042607,3126,3126,מדיניות צפויה שובל 2019|קופ ג על שובל כללי 3126,קופ ג על שובל כללי 3126,2023,"אג""ח קונצרני (קרנות נאמנות, תעודות סל)",,37.11,32.0,0.06,33.0,45.0,תל בונד 60 -60%            תל בונד שקלי - 20% Barclays Multiverse Total Return Index Unhedged  -20%,,מדיניות צפויה שובל 2019,2026-09-30T23:46:47+00:00,https://www.gemel-handesaim.co.il/wp-content/uploads/2023/05/הנדסאים_גמל_-_עדכון_במדיניות_ההשקעות_הצפויה_לשנת_2023_-_אושר_ביום_17.5.2023.xls,policy/companies/520042607/raw/520042607/810402da1162_הנדסאים_גמל_-_עדכון_במדיניות_ההשקעות_הצפויה_לשנת_2023_-_אושר_ביום_17.5.2023.xls,מדיניות צפויה שובל 2019
520042607,3126,3126,מדיניות צפויה שובל 2019|קופ ג על שובל כללי 3126,קופ ג על שובל כללי 3126,2023,אחר,,3.16,6.0,0.05,0.0,9.0,MSCI AC,,מדיניות צפויה שובל 2019,2026-09-30T23:46:47+00:00,https://www.gemel-handesaim.co.il/wp-content/uploads/2023/05/הנדסאים_גמל_-_עדכון_במדיניות_ההשקעות_הצפויה_לשנת_2023_-_אושר_ביום_17.5.2023.xls,policy/companies/520042607/raw/520042607/810402da1162_הנדסאים_גמל_-_עדכון_במדיניות_ההשקעות_הצפויה_לשנת_2023_-_אושר_ביום_17.5.2023.xls,מדיניות צפויה שובל 2019
520042607,3126,3126,מדיניות צפויה שובל 2019|קופ ג על שובל כללי 3126,קופ ג על שובל כללי 3126,2023,מזומן,,4.6,5.0,0.05,0.0,8.0,ריבית בנק ישראל,,מדיניות צפויה שובל 2019,2026-09-30T23:46:47+00:00,https://www.gemel-handesaim.co.il/wp-content/uploads/2023/05/הנדסאים_גמל_-_עדכון_במדיניות_ההשקעות_הצפויה_לשנת_2023_-_אושר_ביום_17.5.2023.xls,policy/companies/520042607/raw/520042607/810402da1162_הנדסאים_גמל_-_עדכון_במדיניות_ההשקעות_הצפויה_לשנת_2023_-_אושר_ביום_17.5.2023.xls,מדיניות צפויה שובל 2019
520042607,3126,3126,מדיניות צפויה שובל 2019|קופ ג על שובל כללי 3126,קופ ג על שובל כללי 3126,2023,"חשיפה למט""ח",fx,19.47,18.0,0.06,11.0,23.0,,,מדיניות צפויה שובל 2019,2026-09-30T23:46:47+00:00,https://www.gemel-handesaim.co.il/wp-content/uploads/2023/05/הנדסאים_גמל_-_עדכון_במדיניות_ההשקעות_הצפויה_לשנת_2023_-_אושר_ביום_17.5.2023.xls,policy/companies/520042607/raw/520042607/810402da1162_הנדסאים_גמל_-_עדכון_במדיניות_ההשקעות_הצפויה_לשנת_2023_-_אושר_ביום_17.5.2023.xls,מדיניות צפויה שובל 2019
520042607,,,520042607|הנדסאים 50-60 9954|מסלול 50,מסלול 50,2020,מניות,equity,35.75,,,29.0,41.0,"ת""א 125 - 40% MSCI ALL COUNTRIES - 60%",,הנדסאים 50-60 9954,2026-09-30T23:46:47+00:00,https://www.gemel-handesaim.co.il/wp-content/uploads/2023/11/עותק_של_גמל_הנדסאים-מדיניות_השקעות_צפויה_ל-2020_אושר_ביום_16.1.2020_-לאת.xls,policy/companies/520042607/raw/520042607/1fe3dcf13f6e_עותק_של_גמל_הנדסאים-מדיניות_השקעות_צפויה_ל-2020_אושר_ביום_16.1.2020_-לאת.xls,הנדסאים 50-60 9954
520042607,,,520042607|הנדסאים 50-60 9954|מסלול 50,מסלול 50,2020,"אג""ח ממשלתי",,29.19,,,20.0,30.0,ממשלתי שקלי 2-5 שנים - 50% ממשלתי צמוד 2-5 שנים - 50%,,הנדסאים 50-60 9954,2026-09-30T23:46:47+00:00,https://www.gemel-handesaim.co.il/wp-content/uploads/2023/11/עותק_של_גמל_הנדסאים-מדיניות_השקעות_צפויה_ל-2020_אושר_ביום_16.1.2020_-לאת.xls,policy/companies/520042607/raw/520042607/1fe3dcf13f6e_עותק_של_גמל_הנדסאים-מדיניות_השקעות_צפויה_ל-2020_אושר_ביום_16.1.2020_-לאת.xls,הנדסאים 50-60 9954
520042607,,,520042607|הנדסאים 50-60 9954|מסלול 50,מסלול 50,2020,"אג""ח קונצרני",,25.54,,,22.0,34.0,תל בונד 60 - 50%   תל בונד שקלי - 25% IBOXIN30-25%,,הנדסאים 50-60 9954,2026-09-30T23:46:47+00:00,https://www.gemel-handesaim.co.il/wp-content/uploads/2023/11/עותק_של_גמל_הנדסאים-מדיניות_השקעות_צפויה_ל-2020_אושר_ביום_16.1.2020_-לאת.xls,policy/companies/520042607/raw/520042607/1fe3dcf13f6e_עותק_של_גמל_הנדסאים-מדיניות_השקעות_צפויה_ל-2020_אושר_ביום_16.1.2020_-לאת.xls,הנדסאים 50-60 9954
520042607,,,520042607|הנדסאים 50-60 9954|מסלול 50,מסלול 50,2020,"אחר ( קרנות נדל""ן , קרנות הון , הון סיכון , קרנות PE ,קרנות גידור )",,8.22,,,4.0,14.0,MSCI AC,,הנדסאים 50-60 9954,2026-09-30T23:46:47+00:00,https://www.gemel-handesaim.co.il/wp-content/uploads/2023/11/עותק_של_גמל_הנדסאים-מדיניות_השקעות_צפויה_ל-2020_אושר_ביום_16.1.2020_-לאת.xls,policy/companies/520042607/raw/520042607/1fe3dcf13f6e_עותק_של_גמל_הנדסאים-מדיניות_השקעות_צפויה_ל-2020_אושר_ביום_16.1.2020_-לאת.xls,הנדסאים 50-60 9954
520042607,,,520042607|הנדסאים 50-60 9954|מסלול 50,מסלול 50,2020,"עו""ש , פק""מ , פר""י",,5.05,,,0.0,8.0,"מדד מק""מ",,הנדסאים 50-60 9954,2026-09-30T23:46:47+00:00,https://www.gemel-handesaim.co.il/wp-content/uploads/2023/11/עותק_של_גמל_הנדסאים-מדיניות_השקעות_צפויה_ל-2020_אושר_ביום_16.1.2020_-לאת.xls,policy/companies/520042607/raw/520042607/1fe3dcf13f6e_עותק_של_גמל_הנדסאים-מדיניות_השקעות_צפויה_ל-2020_אושר_ביום_16.1.2020_-לאת.xls,הנדסאים 50-60 9954
520042607,,,520042607|הנדסאים 50-60 9954|מסלול 50,מסלול 50,2020,"חשיפה למט""ח",fx,17.05,,,9.0,21.0,דולר 75% אירו 25%,,הנדסאים 50-60 9954,2026-09-30T23:46:47+00:00,https://www.gemel-handesaim.co.il/wp-content/uploads/2023/11/עותק_של_גמל_הנדסאים-מדיניות_השקעות_צפויה_ל-2020_אושר_ביום_16.1.2020_-לאת.xls,policy/companies/520042607/raw/520042607/1fe3dcf13f6e_עותק_של_גמל_הנדסאים-מדיניות_השקעות_צפויה_ל-2020_אושר_ביום_16.1.2020_-לאת.xls,הנדסאים 50-60 9954
520042607,9953,9953,הנדסאים מסלול  עד 50  9953|הנדסאים מסלול עד 50 9953,הנדסאים מסלול עד 50 9953,2020,מניות,equity,55.43,50.0,,44.0,56.0,"ת""א 125 - 40% MSCI ALL COUNTRIES - 60%",,הנדסאים מסלול  עד 50  9953,2026-09-30T23:46:47+00:00,https://www.gemel-handesaim.co.il/wp-content/uploads/2023/11/עותק_של_גמל_הנדסאים-מדיניות_השקעות_צפויה_ל-2020_אושר_ביום_16.1.2020_-לאת.xls,policy/companies/520042607/raw/520042607/1fe3dcf13f6e_עותק_של_גמל_הנדסאים-מדיניות_השקעות_צפויה_ל-2020_אושר_ביום_16.1.2020_-לאת.xls,הנדסאים מסלול  עד 50  9953
520042607,9953,9953,הנדסאים מסלול  עד 50  9953|הנדסאים מסלול עד 50 9953,הנדסאים מסלול עד 50 9953,2020,"אג""ח ממשלתי",,19.4,17.0,,12.0,22.0,ממשלתי שקלי 2-5 שנים - 50% ממשלתי צמוד 2-5 שנים - 50%,,הנדסאים מסלול  עד 50  9953,2026-09-30T23:46:47+00:00,https://www.gemel-handesaim.co.il/wp-content/uploads/2023/11/עותק_של_גמל_הנדסאים-מדיניות_השקעות_צפויה_ל-2020_אושר_ביום_16.1.2020_-לאת.xls,policy/companies/520042607/raw/520042607/1fe3dcf13f6e_עותק_של_גמל_הנדסאים-מדיניות_השקעות_צפויה_ל-2020_אושר_ביום_16.1.2020_-לאת.xls,הנדסאים מסלול  עד 50  9953
520042607,9953,9953,הנדסאים מסלול  עד 50  9953|הנדסאים מסלול עד 50 9953,הנדסאים מסלול עד 50 9953,2020,"אג""ח קונצרני",,16.21,28.0,,22.0,34.0,תל בונד 60 - 50%   תל בונד שקלי - 25% IBOXIN30-25%,,הנדסאים מסלול  עד 50  9953,2026-09-30T23:46:47+00:00,https://www.gemel-handesaim.co.il/wp-content/uploads/2023/11/עותק_של_גמל_הנדסאים-מדיניות_השקעות_צפויה_ל-2020_אושר_ביום_16.1.2020_-לאת.xls,policy/companies/520042607/raw/520042607/1fe3dcf13f6e_עותק_של_גמל_הנדסאים-מדיניות_השקעות_צפויה_ל-2020_אושר_ביום_16.1.2020_-לאת.xls,הנדסאים מסלול  עד 50  9953
520042607,9953,9953,הנדסאים מסלול  עד 50  9953|הנדסאים מסלול עד 50 9953,הנדסאים מסלול עד 50 9953,2020,"אחר ( קרנות נדל""ן , קרנות הון , הון סיכון , קרנות PE ,קרנות גידור )",,0.05,2.0,,0.0,7.0,MSCI AC,,הנדסאים מסלול  עד 50  9953,2026-09-30T23:46:47+00:00,https://www.gemel-handesaim.co.il/wp-content/uploads/2023/11/עותק_של_גמל_הנדסאים-מדיניות_השקעות_צפויה_ל-2020_אושר_ביום_16.1.2020_-לאת.xls,policy/companies/520042607/raw/520042607/1fe3dcf13f6e_עותק_של_גמל_הנדסאים-מדיניות_השקעות_צפויה_ל-2020_אושר_ביום_16.1.2020_-לאת.xls,הנדסאים מסלול  עד 50  9953
520042607,9953,9953,הנדסאים מסלול  עד 50  9953|הנדסאים מסלול עד 50 9953,הנדסאים מסלול עד 50 9953,2020,"עו""ש , פק""מ , פר""י",,8.91,3.0,,0.0,8.0,"מדד מק""מ",,הנדסאים מסלול  עד 50  9953,2026-09-30T23:46:47+00:00,https://www.gemel-handesaim.co.il/wp-content/uploads/2023/11/עותק_של_גמל_הנדסאים-מדיניות_השקעות_צפויה_ל-2020_אושר_ביום_16.1.2020_-לאת.xls,policy/companies/520042607/raw/520042607/1fe3dcf13f6e_עותק_של_גמל_הנדסאים-מדיניות_השקעות_צפויה_ל-2020_אושר_ביום_16.1.2020_-לאת.xls,הנדסאים מסלול  עד 50  9953
520042607,9953,9953,הנדסאים מסלול  עד 50  9953|הנדסאים מסלול עד 50 9953,הנדסאים מסלול עד 50 9953,2020,"חשיפה למט""ח",fx,21.16,15.0,,9.0,21.0,דולר 75% אירו 25%,,הנדסאים מסלול  עד 50  9953,2026-09-30T23:46:47+00:00,https://www.gemel-handesaim.co.il/wp-content/uploads/2023/11/עותק_של_גמל_הנדסאים-מדיניות_השקעות_צפויה_ל-2020_אושר_ביום_16.1.2020_-לאת.xls,policy/companies/520042607/raw/520042607/1fe3dcf13f6e_עותק_של_גמל_הנדסאים-מדיניות_השקעות_צפויה_ל-2020_אושר_ביום_16.1.2020_-לאת.xls,הנדסאים מסלול  עד 50  9953
520042607,,,520042607|שדות עד 50|מדינות השקעות צפויה לשנת 2020,מדינות השקעות צפויה לשנת 2020,2020,מניות,equity,48.03,50.0,0.06,44.0,56.0,"ת""א 100/125  40% 60%  MSCI AC",,שדות עד 50,2026-09-30T23:46:47+00:00,https://www.gemel-handesaim.co.il/wp-content/uploads/2023/11/עותק_של_גמל_הנדסאים-מדיניות_השקעות_צפויה_ל-2020_אושר_ביום_16.1.2020_-לאת.xls,policy/companies/520042607/raw/520042607/1fe3dcf13f6e_עותק_של_גמל_הנדסאים-מדיניות_השקעות_צפויה_ל-2020_אושר_ביום_16.1.2020_-לאת.xls,שדות עד 50
520042607,,,520042607|שדות עד 50|מדינות השקעות צפויה לשנת 2020,מדינות השקעות צפויה לשנת 2020,2020,"אג""ח ממשלתי",,19.69,20.0,0.05,15.0,25.0,ממשלתי שקלי 2-5 שנים 50%  ממשלתי צמוד 2-5 שנים 50%,,שדות עד 50,2026-09-30T23:46:47+00:00,https://www.gemel-handesaim.co.il/wp-content/uploads/2023/11/עותק_של_גמל_הנדסאים-מדיניות_השקעות_צפויה_ל-2020_אושר_ביום_16.1.2020_-לאת.xls,policy/companies/520042607/raw/520042607/1fe3dcf13f6e_עותק_של_גמל_הנדסאים-מדיניות_השקעות_צפויה_ל-2020_אושר_ביום_16.1.2020_-לאת.xls,שדות עד 50
520042607,,,520042607|שדות עד 50|מדינות השקעות צפויה לשנת 2020,מדינות השקעות צפויה לשנת 2020,2020,"אג""ח קונצרני (כולל תעודות סל, ETF)",,26.77,24.0,0.06,18.0,30.0,תל בונד 60 50% תל בונד שקלי 25% IboxxIG 25%,,שדות עד 50,2026-09-30T23:46:47+00:00,https://www.gemel-handesaim.co.il/wp-content/uploads/2023/11/עותק_של_גמל_הנדסאים-מדיניות_השקעות_צפויה_ל-2020_אושר_ביום_16.1.2020_-לאת.xls,policy/companies/520042607/raw/520042607/1fe3dcf13f6e_עותק_של_גמל_הנדסאים-מדיניות_השקעות_צפויה_ל-2020_אושר_ביום_16.1.2020_-לאת.xls,שדות עד 50
520042607,,,520042607|שדות עד 50|מדינות השקעות צפויה לשנת 2020,מדינות השקעות צפויה לשנת 2020,2020,"אחר: קרנות נדלן, קרנות הון סיכון, קרנות PE, קרנות גידור,תיקי משכנתאות, מזומנים במט""ח",,0.0,1.0,0.05,0.0,6.0,s&p 500,,שדות עד 50,2026-09-30T23:46:47+00:00,https://www.gemel-handesaim.co.il/wp-content/uploads/2023/11/עותק_של_גמל_הנדסאים-מדיניות_השקעות_צפויה_ל-2020_אושר_ביום_16.1.2020_-לאת.xls,policy/companies/520042607/raw/520042607/1fe3dcf13f6e_עותק_של_גמל_הנדסאים-מדיניות_השקעות_צפויה_ל-2020_אושר_ביום_16.1.2020_-לאת.xls,שדות עד 50
520042607,,,520042607|שדות עד 50|מדינות השקעות צפויה לשנת 2020,מדינות השקעות צפויה לשנת 2020,2020,"עו""ש, פרי, פק""מ",,5.5,5.0,0.05,0.0,10.0,"מדד מק""מ",,שדות עד 50,2026-09-30T23:46:47+00:00,https://www.gemel-handesaim.co.il/wp-content/uploads/2023/11/עותק_של_גמל_הנדסאים-מדיניות_השקעות_צפויה_ל-2020_אושר_ביום_16.1.2020_-לאת.xls,policy/companies/520042607/raw/520042607/1fe3dcf13f6e_עותק_של_גמל_הנדסאים-מדיניות_השקעות_צפויה_ל-2020_אושר_ביום_16.1.2020_-לאת.xls,שדות עד 50
520042607,,,520042607|שדות עד 50|מדינות השקעות צפויה לשנת 2020,מדינות השקעות צפויה לשנת 2020,2020,"חשיפה למט""ח",fx,21.83,20.0,0.06,14.0,26.0,דולר-75% אירו- 25%,,שדות עד 50,2026-09-30T23:46:47+00:00,https://www.gemel-handesaim.co.il/wp-content/uploads/2023/11/עותק_של_גמל_הנדסאים-מדיניות_השקעות_צפויה_ל-2020_אושר_ביום_16.1.2020_-לאת.xls,policy/companies/520042607/raw/520042607/1fe3dcf13f6e_עותק_של_גמל_הנדסאים-מדיניות_השקעות_צפויה_ל-2020_אושר_ביום_16.1.2020_-לאת.xls,שדות עד 50
520042607,,,520042607|9955 הנדסאים מסלול 60 ומעלה|9955 הנדסאים מסלול 60 ומעלה,9955 הנדסאים מסלול 60 ומעלה,2020,מניות,equity,20.4,,,14.0,26.0,"ת""א 125 - 40% MSCI ALL COUNTRIES - 60%",,9955 הנדסאים מסלול 60 ומעלה,2026-09-30T23:46:47+00:00,https://www.gemel-handesaim.co.il/wp-content/uploads/2023/11/עותק_של_גמל_הנדסאים-מדיניות_השקעות_צפויה_ל-2020_אושר_ביום_16.1.2020_-לאת.xls,policy/companies/520042607/raw/520042607/1fe3dcf13f6e_עותק_של_גמל_הנדסאים-מדיניות_השקעות_צפויה_ל-2020_אושר_ביום_16.1.2020_-לאת.xls,9955 הנדסאים מסלול 60 ומעלה
520042607,,,520042607|9955 הנדסאים מסלול 60 ומעלה|9955 הנדסאים מסלול 60 ומעלה,9955 הנדסאים מסלול 60 ומעלה,2020,"אג""ח ממשלתי",,45.75,,,37.0,47.0,ממשלתי שקלי 2-5 שנים - 50% ממשלתי צמוד 2-5 שנים - 50%,,9955 הנדסאים מסלול 60 ומעלה,2026-09-30T23:46:47+00:00,https://www.gemel-handesaim.co.il/wp-content/uploads/2023/11/עותק_של_גמל_הנדסאים-מדיניות_השקעות_צפויה_ל-2020_אושר_ביום_16.1.2020_-לאת.xls,policy/companies/520042607/raw/520042607/1fe3dcf13f6e_עותק_של_גמל_הנדסאים-מדיניות_השקעות_צפויה_ל-2020_אושר_ביום_16.1.2020_-לאת.xls,9955 הנדסאים מסלול 60 ומעלה
520042607,,,520042607|9955 הנדסאים מסלול 60 ומעלה|9955 הנדסאים מסלול 60 ומעלה,9955 הנדסאים מסלול 60 ומעלה,2020,"אג""ח קונצרני",,31.53,,,25.0,37.0,תל בונד 60 - 50%   תל בונד שקלי - 25% IBOXIN30-25%,,9955 הנדסאים מסלול 60 ומעלה,2026-09-30T23:46:47+00:00,https://www.gemel-handesaim.co.il/wp-content/uploads/2023/11/עותק_של_גמל_הנדסאים-מדיניות_השקעות_צפויה_ל-2020_אושר_ביום_16.1.2020_-לאת.xls,policy/companies/520042607/raw/520042607/1fe3dcf13f6e_עותק_של_גמל_הנדסאים-מדיניות_השקעות_צפויה_ל-2020_אושר_ביום_16.1.2020_-לאת.xls,9955 הנדסאים מסלול 60 ומעלה
520042607,,,520042607|9955 הנדסאים מסלול 60 ומעלה|9955 הנדסאים מסלול 60 ומעלה,9955 הנדסאים מסלול 60 ומעלה,2020,"אחר ( קרנות נדל""ן , קרנות הון , הון סיכון , קרנות PE ,קרנות גידור )",,-0.01,,,0.0,7.0,s&p 500,,9955 הנדסאים מסלול 60 ומעלה,2026-09-30T23:46:47+00:00,https://www.gemel-handesaim.co.il/wp-content/uploads/2023/11/עותק_של_גמל_הנדסאים-מדיניות_השקעות_צפויה_ל-2020_אושר_ביום_16.1.2020_-לאת.xls,policy/companies/520042607/raw/520042607/1fe3dcf13f6e_עותק_של_גמל_הנדסאים-מדיניות_השקעות_צפויה_ל-2020_אושר_ביום_16.1.2020_-לאת.xls,9955 הנדסאים מסלול 60 ומעלה
520042607,,,520042607|9955 הנדסאים מסלול 60 ומעלה|9955 הנדסאים מסלול 60 ומעלה,9955 הנדסאים מסלול 60 ומעלה,2020,"עו""ש , פק""מ , פר""י",,2.33,,,0.0,10.0,"מדד מק""מ",,9955 הנדסאים מסלול 60 ומעלה,2026-09-30T23:46:47+00:00,https://www.gemel-handesaim.co.il/wp-content/uploads/2023/11/עותק_של_גמל_הנדסאים-מדיניות_השקעות_צפויה_ל-2020_אושר_ביום_16.1.2020_-לאת.xls,policy/companies/520042607/raw/520042607/1fe3dcf13f6e_עותק_של_גמל_הנדסאים-מדיניות_השקעות_צפויה_ל-2020_אושר_ביום_16.1.2020_-לאת.xls,9955 הנדסאים מסלול 60 ומעלה
520042607,,,520042607|9955 הנדסאים מסלול 60 ומעלה|9955 הנדסאים מסלול 60 ומעלה,9955 הנדסאים מסלול 60 ומעלה,2020,"חשיפה למט""ח",fx,12.93,,,6.0,18.0,דולר 75% אירו 25%,,9955 הנדסאים מסלול 60 ומעלה,2026-09-30T23:46:47+00:00,https://www.gemel-handesaim.co.il/wp-content/uploads/2023/11/עותק_של_גמל_הנדסאים-מדיניות_השקעות_צפויה_ל-2020_אושר_ביום_16.1.2020_-לאת.xls,policy/companies/520042607/raw/520042607/1fe3dcf13f6e_עותק_של_גמל_הנדסאים-מדיניות_השקעות_צפויה_ל-2020_אושר_ביום_16.1.2020_-לאת.xls,9955 הנדסאים מסלול 60 ומעלה
520042607,,,520042607|שדות 60 ומעלה|שדות 60 ומעלה,שדות 60 ומעלה,2020,מניות,equity,18.82,18.0,0.06,12.0,24.0,"ת""א 125/100 40% 60%  MSCI AC",,שדות 60 ומעלה,2026-09-30T23:46:47+00:00,https://www.gemel-handesaim.co.il/wp-content/uploads/2023/11/עותק_של_גמל_הנדסאים-מדיניות_השקעות_צפויה_ל-2020_אושר_ביום_16.1.2020_-לאת.xls,policy/companies/520042607/raw/520042607/1fe3dcf13f6e_עותק_של_גמל_הנדסאים-מדיניות_השקעות_צפויה_ל-2020_אושר_ביום_16.1.2020_-לאת.xls,שדות 60 ומעלה
520042607,,,520042607|שדות 60 ומעלה|שדות 60 ומעלה,שדות 60 ומעלה,2020,"אג""ח ממשלתי",,44.46,46.0,0.05,41.0,51.0,ממשלתי שקלי 2-5 שנים 50%  ממשלתי צמוד 2-5 שנים 50%,,שדות 60 ומעלה,2026-09-30T23:46:47+00:00,https://www.gemel-handesaim.co.il/wp-content/uploads/2023/11/עותק_של_גמל_הנדסאים-מדיניות_השקעות_צפויה_ל-2020_אושר_ביום_16.1.2020_-לאת.xls,policy/companies/520042607/raw/520042607/1fe3dcf13f6e_עותק_של_גמל_הנדסאים-מדיניות_השקעות_צפויה_ל-2020_אושר_ביום_16.1.2020_-לאת.xls,שדות 60 ומעלה
520042607,,,520042607|שדות 60 ומעלה|שדות 60 ומעלה,שדות 60 ומעלה,2020,"אג""ח קונצרני (כולל תעודות סל, ETF)",,30.31,30.0,0.06,24.0,36.0,תל בונד 60 50% תל בונד שקלי 25% IboxxIG 25%,,שדות 60 ומעלה,2026-09-30T23:46:47+00:00,https://www.gemel-handesaim.co.il/wp-content/uploads/2023/11/עותק_של_גמל_הנדסאים-מדיניות_השקעות_צפויה_ל-2020_אושר_ביום_16.1.2020_-לאת.xls,policy/companies/520042607/raw/520042607/1fe3dcf13f6e_עותק_של_גמל_הנדסאים-מדיניות_השקעות_צפויה_ל-2020_אושר_ביום_16.1.2020_-לאת.xls,שדות 60 ומעלה
520042607,,,520042607|שדות 60 ומעלה|שדות 60 ומעלה,שדות 60 ומעלה,2020,"אחר: קרנות נדלן, קרנות הון סיכון, קרנות PE, קרנות גידור,תיקי משכנתאות, מזומנים במט""ח",,0.0,1.0,0.05,0.0,6.0,s&p 500,,שדות 60 ומעלה,2026-09-30T23:46:47+00:00,https://www.gemel-handesaim.co.il/wp-content/uploads/2023/11/עותק_של_גמל_הנדסאים-מדיניות_השקעות_צפויה_ל-2020_אושר_ביום_16.1.2020_-לאת.xls,policy/companies/520042607/raw/520042607/1fe3dcf13f6e_עותק_של_גמל_הנדסאים-מדיניות_השקעות_צפויה_ל-2020_אושר_ביום_16.1.2020_-לאת.xls,שדות 60 ומעלה
520042607,,,520042607|שדות 60 ומעלה|שדות 60 ומעלה,שדות 60 ומעלה,2020,"עו""ש, פרי, פק""מ",,6.41,5.0,0.05,0.0,10.0,"מדד מק""מ",,שדות 60 ומעלה,2026-09-30T23:46:47+00:00,https://www.gemel-handesaim.co.il/wp-content/uploads/2023/11/עותק_של_גמל_הנדסאים-מדיניות_השקעות_צפויה_ל-2020_אושר_ביום_16.1.2020_-לאת.xls,policy/companies/520042607/raw/520042607/1fe3dcf13f6e_עותק_של_גמל_הנדסאים-מדיניות_השקעות_צפויה_ל-2020_אושר_ביום_16.1.2020_-לאת.xls,שדות 60 ומעלה
520042607,,,520042607|שדות 60 ומעלה|שדות 60 ומעלה,שדות 60 ומעלה,2020,"חשיפה למט""ח",fx,10.37,10.0,0.06,4.0,16.0,דולר-75% אירו- 25%,,שדות 60 ומעלה,2026-09-30T23:46:47+00:00,https://www.gemel-handesaim.co.il/wp-content/uploads/2023/11/עותק_של_גמל_הנדסאים-מדיניות_השקעות_צפויה_ל-2020_אושר_ביום_16.1.2020_-לאת.xls,policy/companies/520042607/raw/520042607/1fe3dcf13f6e_עותק_של_גמל_הנדסאים-מדיניות_השקעות_צפויה_ל-2020_אושר_ביום_16.1.2020_-לאת.xls,שדות 60 ומעלה
520042607,3126,3126,מדיניות צפויה שובל 2019|קופ ג על שובל כללי 3126,קופ ג על שובל כללי 3126,2020,"מניות (תעודות סל, אופציות, קרנות נאמנות)",equity,35.95,34.0,0.06,28.0,40.0,"מניות בארץ - ת""א 125 - 40%   מניות בחו""ל  - MSCI AC - 60%",,מדיניות צפויה שובל 2019,2026-09-30T23:46:47+00:00,https://www.gemel-handesaim.co.il/wp-content/uploads/2023/11/עותק_של_גמל_הנדסאים-מדיניות_השקעות_צפויה_ל-2020_אושר_ביום_16.1.2020_-לאת.xls,policy/companies/520042607/raw/520042607/1fe3dcf13f6e_עותק_של_גמל_הנדסאים-מדיניות_השקעות_צפויה_ל-2020_אושר_ביום_16.1.2020_-לאת.xls,מדיניות צפויה שובל 2019
520042607,3126,3126,מדיניות צפויה שובל 2019|קופ ג על שובל כללי 3126,קופ ג על שובל כללי 3126,2020,"אג""ח ממשלתי",,19.18,23.0,0.05,15.0,25.0,ממשלתי צמוד 2-5 - 30%      ממשלתי שקלי 2-5 -70%,,מדיניות צפויה שובל 2019,2026-09-30T23:46:47+00:00,https://www.gemel-handesaim.co.il/wp-content/uploads/2023/11/עותק_של_גמל_הנדסאים-מדיניות_השקעות_צפויה_ל-2020_אושר_ביום_16.1.2020_-לאת.xls,policy/companies/520042607/raw/520042607/1fe3dcf13f6e_עותק_של_גמל_הנדסאים-מדיניות_השקעות_צפויה_ל-2020_אושר_ביום_16.1.2020_-לאת.xls,מדיניות צפויה שובל 2019
520042607,3126,3126,מדיניות צפויה שובל 2019|קופ ג על שובל כללי 3126,קופ ג על שובל כללי 3126,2020,"אג""ח קונצרני (קרנות נאמנות, תעודות סל)",,37.11,32.0,0.06,33.0,45.0,תל בונד 60 -60%            תל בונד שקלי - 20% Barclays Multiverse Total Return Index Unhedged  -20%,,מדיניות צפויה שובל 2019,2026-09-30T23:46:47+00:00,https://www.gemel-handesaim.co.il/wp-content/uploads/2023/11/עותק_של_גמל_הנדסאים-מדיניות_השקעות_צפויה_ל-2020_אושר_ביום_16.1.2020_-לאת.xls,policy/companies/520042607/raw/520042607/1fe3dcf13f6e_עותק_של_גמל_הנדסאים-מדיניות_השקעות_צפויה_ל-2020_אושר_ביום_16.1.2020_-לאת.xls,מדיניות צפויה שובל 2019
520042607,3126,3126,מדיניות צפויה שובל 2019|קופ ג על שובל כללי 3126,קופ ג על שובל כללי 3126,2020,אחר,,3.16,6.0,0.05,0.0,9.0,MSCI AC,,מדיניות צפויה שובל 2019,2026-09-30T23:46:47+00:00,https://www.gemel-handesaim.co.il/wp-content/uploads/2023/11/עותק_של_גמל_הנדסאים-מדיניות_השקעות_צפויה_ל-2020_אושר_ביום_16.1.2020_-לאת.xls,policy/companies/520042607/raw/520042607/1fe3dcf13f6e_עותק_של_גמל_הנדסאים-מדיניות_השקעות_צפויה_ל-2020_אושר_ביום_16.1.2020_-לאת.xls,מדיניות צפויה שובל 2019
520042607,3126,3126,מדיניות צפויה שובל 2019|קופ ג על שובל כללי 3126,קופ ג על שובל כללי 3126,2020,מזומן,,4.6,5.0,0.05,0.0,8.0,ריבית בנק ישראל,,מדיניות צפויה שובל 2019,2026-09-30T23:46:47+00:00,https://www.gemel-handesaim.co.il/wp-content/uploads/2023/11/עותק_של_גמל_הנדסאים-מדיניות_השקעות_צפויה_ל-2020_אושר_ביום_16.1.2020_-לאת.xls,policy/companies/520042607/raw/520042607/1fe3dcf13f6e_עותק_של_גמל_הנדסאים-מדיניות_השקעות_צפויה_ל-2020_אושר_ביום_16.1.2020_-לאת.xls,מדיניות צפויה שובל 2019
520042607,3126,3126,מדיניות צפויה שובל 2019|קופ ג על שובל כללי 3126,קופ ג על שובל כללי 3126,2020,"חשיפה למט""ח",fx,19.47,18.0,0.06,11.0,23.0,,,מדיניות צפויה שובל 2019,2026-09-30T23:46:47+00:00,https://www.gemel-handesaim.co.il/wp-content/uploads/2023/11/עותק_של_גמל_הנדסאים-מדיניות_השקעות_צפויה_ל-2020_אושר_ביום_16.1.2020_-לאת.xls,policy/companies/520042607/raw/520042607/1fe3dcf13f6e_עותק_של_גמל_הנדסאים-מדיניות_השקעות_צפויה_ל-2020_אושר_ביום_16.1.2020_-לאת.xls,מדיניות צפויה שובל 2019
520042607,,,520042607|הנדסאים 50-60 9954|הנדסאים גמל מסלול 50 60,הנדסאים גמל מסלול 50 60,2022,מניות,equity,47.05,47.0,+/-6%,41.0,53.0,"ת""א 125 - 25%  MSCI ALL COUNTRIES - 75%  (בשקלים)",,הנדסאים 50-60 9954,2026-09-30T23:46:47+00:00,https://www.gemel-handesaim.co.il/wp-content/uploads/2022/11/עדכון_במדיניות_ההשקעות_הצפויה_לשנת_2022_-_לרבות_מלל_מעודכן_ומלל_קודם-לפרסום_באתר.xls,policy/companies/520042607/raw/520042607/f0433cd39294_עדכון_במדיניות_ההשקעות_הצפויה_לשנת_2022_-_לרבות_מלל_מעודכן_ומלל_קודם-לפרסום_באתר.xls,הנדסאים 50-60 9954
520042607,,,520042607|הנדסאים 50-60 9954|הנדסאים גמל מסלול 50 60,הנדסאים גמל מסלול 50 60,2022,"אג""ח ממשלתי",,15.72,16.0,+/-5%,11.0,21.0,ממשלתי שקלי 2-5 שנים - 50% ממשלתי צמוד 2-5 שנים - 50%,,הנדסאים 50-60 9954,2026-09-30T23:46:47+00:00,https://www.gemel-handesaim.co.il/wp-content/uploads/2022/11/עדכון_במדיניות_ההשקעות_הצפויה_לשנת_2022_-_לרבות_מלל_מעודכן_ומלל_קודם-לפרסום_באתר.xls,policy/companies/520042607/raw/520042607/f0433cd39294_עדכון_במדיניות_ההשקעות_הצפויה_לשנת_2022_-_לרבות_מלל_מעודכן_ומלל_קודם-לפרסום_באתר.xls,הנדסאים 50-60 9954
520042607,,,520042607|הנדסאים 50-60 9954|הנדסאים גמל מסלול 50 60,הנדסאים גמל מסלול 50 60,2022,"אג""ח קונצרני",,25.51,24.0,+/-6%,18.0,30.0,תל בונד 60 - 60%   תל בונד שקלי - 30% IBOXIN30-10% (שקלי),,הנדסאים 50-60 9954,2026-09-30T23:46:47+00:00,https://www.gemel-handesaim.co.il/wp-content/uploads/2022/11/עדכון_במדיניות_ההשקעות_הצפויה_לשנת_2022_-_לרבות_מלל_מעודכן_ומלל_קודם-לפרסום_באתר.xls,policy/companies/520042607/raw/520042607/f0433cd39294_עדכון_במדיניות_ההשקעות_הצפויה_לשנת_2022_-_לרבות_מלל_מעודכן_ומלל_קודם-לפרסום_באתר.xls,הנדסאים 50-60 9954
520042607,,,520042607|הנדסאים 50-60 9954|הנדסאים גמל מסלול 50 60,הנדסאים גמל מסלול 50 60,2022,"אחר ( קרנות נדל""ן , קרנות הון , הון סיכון , קרנות PE ,קרנות גידור )",,12.21,12.0,+/-5%,7.0,17.0,"75%  MSCI AC (בשקלים) ת""א 125 - 25%",,הנדסאים 50-60 9954,2026-09-30T23:46:47+00:00,https://www.gemel-handesaim.co.il/wp-content/uploads/2022/11/עדכון_במדיניות_ההשקעות_הצפויה_לשנת_2022_-_לרבות_מלל_מעודכן_ומלל_קודם-לפרסום_באתר.xls,policy/companies/520042607/raw/520042607/f0433cd39294_עדכון_במדיניות_ההשקעות_הצפויה_לשנת_2022_-_לרבות_מלל_מעודכן_ומלל_קודם-לפרסום_באתר.xls,הנדסאים 50-60 9954
520042607,,,520042607|הנדסאים 50-60 9954|הנדסאים גמל מסלול 50 60,הנדסאים גמל מסלול 50 60,2022,"עו""ש , פק""מ , פר""י",,4.98,4.0,+/-5%,0.0,9.0,"מדד מק""מ",,הנדסאים 50-60 9954,2026-09-30T23:46:47+00:00,https://www.gemel-handesaim.co.il/wp-content/uploads/2022/11/עדכון_במדיניות_ההשקעות_הצפויה_לשנת_2022_-_לרבות_מלל_מעודכן_ומלל_קודם-לפרסום_באתר.xls,policy/companies/520042607/raw/520042607/f0433cd39294_עדכון_במדיניות_ההשקעות_הצפויה_לשנת_2022_-_לרבות_מלל_מעודכן_ומלל_קודם-לפרסום_באתר.xls,הנדסאים 50-60 9954
520042607,,,520042607|הנדסאים 50-60 9954|הנדסאים גמל מסלול 50 60,הנדסאים גמל מסלול 50 60,2022,"חשיפה למט""ח",fx,17.04,17.0,+/-6%,11.0,23.0,דולר 90% אירו 10%,,הנדסאים 50-60 9954,2026-09-30T23:46:47+00:00,https://www.gemel-handesaim.co.il/wp-content/uploads/2022/11/עדכון_במדיניות_ההשקעות_הצפויה_לשנת_2022_-_לרבות_מלל_מעודכן_ומלל_קודם-לפרסום_באתר.xls,policy/companies/520042607/raw/520042607/f0433cd39294_עדכון_במדיניות_ההשקעות_הצפויה_לשנת_2022_-_לרבות_מלל_מעודכן_ומלל_קודם-לפרסום_באתר.xls,הנדסאים 50-60 9954
520042607,,,520042607|הנדסאים מסלול +60|הנדסאים גמל מסלול לבני 60 ומעלה,הנדסאים גמל מסלול לבני 60 ומעלה,2022,מניות,equity,28.72,26.0,,20.0,32.0,"ת""א 125 - 25%  MSCI ALL COUNTRIES - 75%  (בשקלים)",,הנדסאים מסלול +60,2026-09-30T23:46:47+00:00,https://www.gemel-handesaim.co.il/wp-content/uploads/2022/11/עדכון_במדיניות_ההשקעות_הצפויה_לשנת_2022_-_לרבות_מלל_מעודכן_ומלל_קודם-לפרסום_באתר.xls,policy/companies/520042607/raw/520042607/f0433cd39294_עדכון_במדיניות_ההשקעות_הצפויה_לשנת_2022_-_לרבות_מלל_מעודכן_ומלל_קודם-לפרסום_באתר.xls,הנדסאים מסלול +60 
520042607,,,520042607|הנדסאים מסלול +60|הנדסאים גמל מסלול לבני 60 ומעלה,הנדסאים גמל מסלול לבני 60 ומעלה,2022,"אג""ח ממשלתי",,38.01,35.0,,30.0,40.0,ממשלתי שקלי 2-5 שנים - 50% ממשלתי צמוד 2-5 שנים - 50%,,הנדסאים מסלול +60,2026-09-30T23:46:47+00:00,https://www.gemel-handesaim.co.il/wp-content/uploads/2022/11/עדכון_במדיניות_ההשקעות_הצפויה_לשנת_2022_-_לרבות_מלל_מעודכן_ומלל_קודם-לפרסום_באתר.xls,policy/companies/520042607/raw/520042607/f0433cd39294_עדכון_במדיניות_ההשקעות_הצפויה_לשנת_2022_-_לרבות_מלל_מעודכן_ומלל_קודם-לפרסום_באתר.xls,הנדסאים מסלול +60 
520042607,,,520042607|הנדסאים מסלול +60|הנדסאים גמל מסלול לבני 60 ומעלה,הנדסאים גמל מסלול לבני 60 ומעלה,2022,"אג""ח קונצרני",,30.46,32.0,,26.0,38.0,תל בונד 60 - 60%   תל בונד שקלי - 30% IBOXIN30-10%,,הנדסאים מסלול +60,2026-09-30T23:46:47+00:00,https://www.gemel-handesaim.co.il/wp-content/uploads/2022/11/עדכון_במדיניות_ההשקעות_הצפויה_לשנת_2022_-_לרבות_מלל_מעודכן_ומלל_קודם-לפרסום_באתר.xls,policy/companies/520042607/raw/520042607/f0433cd39294_עדכון_במדיניות_ההשקעות_הצפויה_לשנת_2022_-_לרבות_מלל_מעודכן_ומלל_קודם-לפרסום_באתר.xls,הנדסאים מסלול +60 
520042607,,,520042607|הנדסאים מסלול +60|הנדסאים גמל מסלול לבני 60 ומעלה,הנדסאים גמל מסלול לבני 60 ומעלה,2022,"אחר ( קרנות נדל""ן , קרנות הון , הון סיכון , קרנות PE ,קרנות גידור )",,0.47,2.0,,0.0,7.0,"75%  MSCI AC (בשקלים) ת""א 125 - 25%",,הנדסאים מסלול +60,2026-09-30T23:46:47+00:00,https://www.gemel-handesaim.co.il/wp-content/uploads/2022/11/עדכון_במדיניות_ההשקעות_הצפויה_לשנת_2022_-_לרבות_מלל_מעודכן_ומלל_קודם-לפרסום_באתר.xls,policy/companies/520042607/raw/520042607/f0433cd39294_עדכון_במדיניות_ההשקעות_הצפויה_לשנת_2022_-_לרבות_מלל_מעודכן_ומלל_קודם-לפרסום_באתר.xls,הנדסאים מסלול +60 
520042607,,,520042607|הנדסאים מסלול +60|הנדסאים גמל מסלול לבני 60 ומעלה,הנדסאים גמל מסלול לבני 60 ומעלה,2022,"עו""ש , פק""מ , פר""י",,2.33,5.0,,0.0,10.0,"מדד מק""מ",,הנדסאים מסלול +60,2026-09-30T23:46:47+00:00,https://www.gemel-handesaim.co.il/wp-content/uploads/2022/11/עדכון_במדיניות_ההשקעות_הצפויה_לשנת_2022_-_לרבות_מלל_מעודכן_ומלל_קודם-לפרסום_באתר.xls,policy/companies/520042607/raw/520042607/f0433cd39294_עדכון_במדיניות_ההשקעות_הצפויה_לשנת_2022_-_לרבות_מלל_מעודכן_ומלל_קודם-לפרסום_באתר.xls,הנדסאים מסלול +60 
520042607,,,520042607|הנדסאים מסלול +60|הנדסאים גמל מסלול לבני 60 ומעלה,הנדסאים גמל מסלול לבני 60 ומעלה,2022,"חשיפה למט""ח",fx,17.95,15.0,,9.0,21.0,דולר 90% אירו 10%,,הנדסאים מסלול +60,2026-09-30T23:46:47+00:00,https://www.gemel-handesaim.co.il/wp-content/uploads/2022/11/עדכון_במדיניות_ההשקעות_הצפויה_לשנת_2022_-_לרבות_מלל_מעודכן_ומלל_קודם-לפרסום_באתר.xls,policy/companies/520042607/raw/520042607/f0433cd39294_עדכון_במדיניות_ההשקעות_הצפויה_לשנת_2022_-_לרבות_מלל_מעודכן_ומלל_קודם-לפרסום_באתר.xls,הנדסאים מסלול +60 
520042607,,,520042607|הנדסאים מסלול  עד 50  9953|הנדסאים גמל מסלול עד 50,הנדסאים גמל מסלול עד 50,2022,מניות,equity,58.64,60.0,,54.0,66.0,"ת""א 125 - 25%  MSCI ALL COUNTRIES - 75%  (בשקלים)",,הנדסאים מסלול  עד 50  9953,2026-09-30T23:46:47+00:00,https://www.gemel-handesaim.co.il/wp-content/uploads/2022/11/עדכון_במדיניות_ההשקעות_הצפויה_לשנת_2022_-_לרבות_מלל_מעודכן_ומלל_קודם-לפרסום_באתר.xls,policy/companies/520042607/raw/520042607/f0433cd39294_עדכון_במדיניות_ההשקעות_הצפויה_לשנת_2022_-_לרבות_מלל_מעודכן_ומלל_קודם-לפרסום_באתר.xls,הנדסאים מסלול  עד 50  9953
520042607,,,520042607|הנדסאים מסלול  עד 50  9953|הנדסאים גמל מסלול עד 50,הנדסאים גמל מסלול עד 50,2022,"אג""ח ממשלתי",,12.17,12.0,,7.0,17.0,ממשלתי שקלי 2-5 שנים - 50% ממשלתי צמוד 2-5 שנים - 50%,,הנדסאים מסלול  עד 50  9953,2026-09-30T23:46:47+00:00,https://www.gemel-handesaim.co.il/wp-content/uploads/2022/11/עדכון_במדיניות_ההשקעות_הצפויה_לשנת_2022_-_לרבות_מלל_מעודכן_ומלל_קודם-לפרסום_באתר.xls,policy/companies/520042607/raw/520042607/f0433cd39294_עדכון_במדיניות_ההשקעות_הצפויה_לשנת_2022_-_לרבות_מלל_מעודכן_ומלל_קודם-לפרסום_באתר.xls,הנדסאים מסלול  עד 50  9953
520042607,,,520042607|הנדסאים מסלול  עד 50  9953|הנדסאים גמל מסלול עד 50,הנדסאים גמל מסלול עד 50,2022,"אג""ח קונצרני",,22.8,22.0,,16.0,28.0,תל בונד 60 - 60%   תל בונד שקלי - 30% IBOXIN30-10%,,הנדסאים מסלול  עד 50  9953,2026-09-30T23:46:47+00:00,https://www.gemel-handesaim.co.il/wp-content/uploads/2022/11/עדכון_במדיניות_ההשקעות_הצפויה_לשנת_2022_-_לרבות_מלל_מעודכן_ומלל_קודם-לפרסום_באתר.xls,policy/companies/520042607/raw/520042607/f0433cd39294_עדכון_במדיניות_ההשקעות_הצפויה_לשנת_2022_-_לרבות_מלל_מעודכן_ומלל_קודם-לפרסום_באתר.xls,הנדסאים מסלול  עד 50  9953
520042607,,,520042607|הנדסאים מסלול  עד 50  9953|הנדסאים גמל מסלול עד 50,הנדסאים גמל מסלול עד 50,2022,"אחר ( קרנות נדל""ן , קרנות הון , הון סיכון , קרנות PE ,קרנות גידור )",,0.38,1.0,,0.0,6.0,"75%  MSCI AC (בשקלים) ת""א 125 - 25%",,הנדסאים מסלול  עד 50  9953,2026-09-30T23:46:47+00:00,https://www.gemel-handesaim.co.il/wp-content/uploads/2022/11/עדכון_במדיניות_ההשקעות_הצפויה_לשנת_2022_-_לרבות_מלל_מעודכן_ומלל_קודם-לפרסום_באתר.xls,policy/companies/520042607/raw/520042607/f0433cd39294_עדכון_במדיניות_ההשקעות_הצפויה_לשנת_2022_-_לרבות_מלל_מעודכן_ומלל_קודם-לפרסום_באתר.xls,הנדסאים מסלול  עד 50  9953
520042607,,,520042607|הנדסאים מסלול  עד 50  9953|הנדסאים גמל מסלול עד 50,הנדסאים גמל מסלול עד 50,2022,"עו""ש , פק""מ , פר""י",,6.01,5.0,,0.0,10.0,"מדד מק""מ",,הנדסאים מסלול  עד 50  9953,2026-09-30T23:46:47+00:00,https://www.gemel-handesaim.co.il/wp-content/uploads/2022/11/עדכון_במדיניות_ההשקעות_הצפויה_לשנת_2022_-_לרבות_מלל_מעודכן_ומלל_קודם-לפרסום_באתר.xls,policy/companies/520042607/raw/520042607/f0433cd39294_עדכון_במדיניות_ההשקעות_הצפויה_לשנת_2022_-_לרבות_מלל_מעודכן_ומלל_קודם-לפרסום_באתר.xls,הנדסאים מסלול  עד 50  9953
520042607,,,520042607|הנדסאים מסלול  עד 50  9953|הנדסאים גמל מסלול עד 50,הנדסאים גמל מסלול עד 50,2022,"חשיפה למט""ח",fx,22.15,17.0,,11.0,23.0,דולר 90% אירו 10%,,הנדסאים מסלול  עד 50  9953,2026-09-30T23:46:47+00:00,https://www.gemel-handesaim.co.il/wp-content/uploads/2022/11/עדכון_במדיניות_ההשקעות_הצפויה_לשנת_2022_-_לרבות_מלל_מעודכן_ומלל_קודם-לפרסום_באתר.xls,policy/companies/520042607/raw/520042607/f0433cd39294_עדכון_במדיניות_ההשקעות_הצפויה_לשנת_2022_-_לרבות_מלל_מעודכן_ומלל_קודם-לפרסום_באתר.xls,הנדסאים מסלול  עד 50  9953
520042607,,,520042607|שדות עד 50|מדינות השקעות צפויה לשנת 2020,מדינות השקעות צפויה לשנת 2020,2022,מניות,equity,48.03,50.0,0.06,44.0,56.0,"ת""א 100/125  40% 60%  MSCI AC",,שדות עד 50,2026-09-30T23:46:47+00:00,https://www.gemel-handesaim.co.il/wp-content/uploads/2022/11/עדכון_במדיניות_ההשקעות_הצפויה_לשנת_2022_-_לרבות_מלל_מעודכן_ומלל_קודם-לפרסום_באתר.xls,policy/companies/520042607/raw/520042607/f0433cd39294_עדכון_במדיניות_ההשקעות_הצפויה_לשנת_2022_-_לרבות_מלל_מעודכן_ומלל_קודם-לפרסום_באתר.xls,שדות עד 50
520042607,,,520042607|שדות עד 50|מדינות השקעות צפויה לשנת 2020,מדינות השקעות צפויה לשנת 2020,2022,"אג""ח ממשלתי",,19.69,20.0,0.05,15.0,25.0,ממשלתי שקלי 2-5 שנים 50%  ממשלתי צמוד 2-5 שנים 50%,,שדות עד 50,2026-09-30T23:46:47+00:00,https://www.gemel-handesaim.co.il/wp-content/uploads/2022/11/עדכון_במדיניות_ההשקעות_הצפויה_לשנת_2022_-_לרבות_מלל_מעודכן_ומלל_קודם-לפרסום_באתר.xls,policy/companies/520042607/raw/520042607/f0433cd39294_עדכון_במדיניות_ההשקעות_הצפויה_לשנת_2022_-_לרבות_מלל_מעודכן_ומלל_קודם-לפרסום_באתר.xls,שדות עד 50
520042607,,,520042607|שדות עד 50|מדינות השקעות צפויה לשנת 2020,מדינות השקעות צפויה לשנת 2020,2022,"אג""ח קונצרני (כולל תעודות סל, ETF)",,26.77,24.0,0.06,18.0,30.0,תל בונד 60 50% תל בונד שקלי 25% IboxxIG 25%,,שדות עד 50,2026-09-30T23:46:47+00:00,https://www.gemel-handesaim.co.il/wp-content/uploads/2022/11/עדכון_במדיניות_ההשקעות_הצפויה_לשנת_2022_-_לרבות_מלל_מעודכן_ומלל_קודם-לפרסום_באתר.xls,policy/companies/520042607/raw/520042607/f0433cd39294_עדכון_במדיניות_ההשקעות_הצפויה_לשנת_2022_-_לרבות_מלל_מעודכן_ומלל_קודם-לפרסום_באתר.xls,שדות עד 50
520042607,,,520042607|שדות עד 50|מדינות השקעות צפויה לשנת 2020,מדינות השקעות צפויה לשנת 2020,2022,"אחר: קרנות נדלן, קרנות הון סיכון, קרנות PE, קרנות גידור,תיקי משכנתאות, מזומנים במט""ח",,0.0,1.0,0.05,0.0,6.0,s&p 500,,שדות עד 50,2026-09-30T23:46:47+00:00,https://www.gemel-handesaim.co.il/wp-content/uploads/2022/11/עדכון_במדיניות_ההשקעות_הצפויה_לשנת_2022_-_לרבות_מלל_מעודכן_ומלל_קודם-לפרסום_באתר.xls,policy/companies/520042607/raw/520042607/f0433cd39294_עדכון_במדיניות_ההשקעות_הצפויה_לשנת_2022_-_לרבות_מלל_מעודכן_ומלל_קודם-לפרסום_באתר.xls,שדות עד 50
520042607,,,520042607|שדות עד 50|מדינות השקעות צפויה לשנת 2020,מדינות השקעות צפויה לשנת 2020,2022,"עו""ש, פרי, פק""מ",,5.5,5.0,0.05,0.0,10.0,"מדד מק""מ",,שדות עד 50,2026-09-30T23:46:47+00:00,https://www.gemel-handesaim.co.il/wp-content/uploads/2022/11/עדכון_במדיניות_ההשקעות_הצפויה_לשנת_2022_-_לרבות_מלל_מעודכן_ומלל_קודם-לפרסום_באתר.xls,policy/companies/520042607/raw/520042607/f0433cd39294_עדכון_במדיניות_ההשקעות_הצפויה_לשנת_2022_-_לרבות_מלל_מעודכן_ומלל_קודם-לפרסום_באתר.xls,שדות עד 50
520042607,,,520042607|שדות עד 50|מדינות השקעות צפויה לשנת 2020,מדינות השקעות צפויה לשנת 2020,2022,"חשיפה למט""ח",fx,21.83,20.0,0.06,14.0,26.0,דולר-75% אירו- 25%,,שדות עד 50,2026-09-30T23:46:47+00:00,https://www.gemel-handesaim.co.il/wp-content/uploads/2022/11/עדכון_במדיניות_ההשקעות_הצפויה_לשנת_2022_-_לרבות_מלל_מעודכן_ומלל_קודם-לפרסום_באתר.xls,policy/companies/520042607/raw/520042607/f0433cd39294_עדכון_במדיניות_ההשקעות_הצפויה_לשנת_2022_-_לרבות_מלל_מעודכן_ומלל_קודם-לפרסום_באתר.xls,שדות עד 50
520042607,,,520042607|שדות 60 ומעלה|שדות 60 ומעלה,שדות 60 ומעלה,2022,מניות,equity,18.82,18.0,0.06,12.0,24.0,"ת""א 125/100 40% 60%  MSCI AC",,שדות 60 ומעלה,2026-09-30T23:46:47+00:00,https://www.gemel-handesaim.co.il/wp-content/uploads/2022/11/עדכון_במדיניות_ההשקעות_הצפויה_לשנת_2022_-_לרבות_מלל_מעודכן_ומלל_קודם-לפרסום_באתר.xls,policy/companies/520042607/raw/520042607/f0433cd39294_עדכון_במדיניות_ההשקעות_הצפויה_לשנת_2022_-_לרבות_מלל_מעודכן_ומלל_קודם-לפרסום_באתר.xls,שדות 60 ומעלה
520042607,,,520042607|שדות 60 ומעלה|שדות 60 ומעלה,שדות 60 ומעלה,2022,"אג""ח ממשלתי",,44.46,46.0,0.05,41.0,51.0,ממשלתי שקלי 2-5 שנים 50%  ממשלתי צמוד 2-5 שנים 50%,,שדות 60 ומעלה,2026-09-30T23:46:47+00:00,https://www.gemel-handesaim.co.il/wp-content/uploads/2022/11/עדכון_במדיניות_ההשקעות_הצפויה_לשנת_2022_-_לרבות_מלל_מעודכן_ומלל_קודם-לפרסום_באתר.xls,policy/companies/520042607/raw/520042607/f0433cd39294_עדכון_במדיניות_ההשקעות_הצפויה_לשנת_2022_-_לרבות_מלל_מעודכן_ומלל_קודם-לפרסום_באתר.xls,שדות 60 ומעלה
520042607,,,520042607|שדות 60 ומעלה|שדות 60 ומעלה,שדות 60 ומעלה,2022,"אג""ח קונצרני (כולל תעודות סל, ETF)",,30.31,30.0,0.06,24.0,36.0,תל בונד 60 50% תל בונד שקלי 25% IboxxIG 25%,,שדות 60 ומעלה,2026-09-30T23:46:47+00:00,https://www.gemel-handesaim.co.il/wp-content/uploads/2022/11/עדכון_במדיניות_ההשקעות_הצפויה_לשנת_2022_-_לרבות_מלל_מעודכן_ומלל_קודם-לפרסום_באתר.xls,policy/companies/520042607/raw/520042607/f0433cd39294_עדכון_במדיניות_ההשקעות_הצפויה_לשנת_2022_-_לרבות_מלל_מעודכן_ומלל_קודם-לפרסום_באתר.xls,שדות 60 ומעלה
520042607,,,520042607|שדות 60 ומעלה|שדות 60 ומעלה,שדות 60 ומעלה,2022,"אחר: קרנות נדלן, קרנות הון סיכון, קרנות PE, קרנות גידור,תיקי משכנתאות, מזומנים במט""ח",,0.0,1.0,0.05,0.0,6.0,s&p 500,,שדות 60 ומעלה,2026-09-30T23:46:47+00:00,https://www.gemel-handesaim.co.il/wp-content/uploads/2022/11/עדכון_במדיניות_ההשקעות_הצפויה_לשנת_2022_-_לרבות_מלל_מעודכן_ומלל_קודם-לפרסום_באתר.xls,policy/companies/520042607/raw/520042607/f0433cd39294_עדכון_במדיניות_ההשקעות_הצפויה_לשנת_2022_-_לרבות_מלל_מעודכן_ומלל_קודם-לפרסום_באתר.xls,שדות 60 ומעלה
520042607,,,520042607|שדות 60 ומעלה|שדות 60 ומעלה,שדות 60 ומעלה,2022,"עו""ש, פרי, פק""מ",,6.41,5.0,0.05,0.0,10.0,"מדד מק""מ",,שדות 60 ומעלה,2026-09-30T23:46:47+00:00,https://www.gemel-handesaim.co.il/wp-content/uploads/2022/11/עדכון_במדיניות_ההשקעות_הצפויה_לשנת_2022_-_לרבות_מלל_מעודכן_ומלל_קודם-לפרסום_באתר.xls,policy/companies/520042607/raw/520042607/f0433cd39294_עדכון_במדיניות_ההשקעות_הצפויה_לשנת_2022_-_לרבות_מלל_מעודכן_ומלל_קודם-לפרסום_באתר.xls,שדות 60 ומעלה
520042607,,,520042607|שדות 60 ומעלה|שדות 60 ומעלה,שדות 60 ומעלה,2022,"חשיפה למט""ח",fx,10.37,10.0,0.06,4.0,16.0,דולר-75% אירו- 25%,,שדות 60 ומעלה,2026-09-30T23:46:47+00:00,https://www.gemel-handesaim.co.il/wp-content/uploads/2022/11/עדכון_במדיניות_ההשקעות_הצפויה_לשנת_2022_-_לרבות_מלל_מעודכן_ומלל_קודם-לפרסום_באתר.xls,policy/companies/520042607/raw/520042607/f0433cd39294_עדכון_במדיניות_ההשקעות_הצפויה_לשנת_2022_-_לרבות_מלל_מעודכן_ומלל_קודם-לפרסום_באתר.xls,שדות 60 ומעלה
520042607,3126,3126,מדיניות צפויה שובל 2019|קופ ג על שובל כללי 3126,קופ ג על שובל כללי 3126,2022,"מניות (תעודות סל, אופציות, קרנות נאמנות)",equity,35.95,34.0,0.06,28.0,40.0,"מניות בארץ - ת""א 125 - 40%   מניות בחו""ל  - MSCI AC - 60%",,מדיניות צפויה שובל 2019,2026-09-30T23:46:47+00:00,https://www.gemel-handesaim.co.il/wp-content/uploads/2022/11/עדכון_במדיניות_ההשקעות_הצפויה_לשנת_2022_-_לרבות_מלל_מעודכן_ומלל_קודם-לפרסום_באתר.xls,policy/companies/520042607/raw/520042607/f0433cd39294_עדכון_במדיניות_ההשקעות_הצפויה_לשנת_2022_-_לרבות_מלל_מעודכן_ומלל_קודם-לפרסום_באתר.xls,מדיניות צפויה שובל 2019
520042607,3126,3126,מדיניות צפויה שובל 2019|קופ ג על שובל כללי 3126,קופ ג על שובל כללי 3126,2022,"אג""ח ממשלתי",,19.18,23.0,0.05,15.0,25.0,ממשלתי צמוד 2-5 - 30%      ממשלתי שקלי 2-5 -70%,,מדיניות צפויה שובל 2019,2026-09-30T23:46:47+00:00,https://www.gemel-handesaim.co.il/wp-content/uploads/2022/11/עדכון_במדיניות_ההשקעות_הצפויה_לשנת_2022_-_לרבות_מלל_מעודכן_ומלל_קודם-לפרסום_באתר.xls,policy/companies/520042607/raw/520042607/f0433cd39294_עדכון_במדיניות_ההשקעות_הצפויה_לשנת_2022_-_לרבות_מלל_מעודכן_ומלל_קודם-לפרסום_באתר.xls,מדיניות צפויה שובל 2019
520042607,3126,3126,מדיניות צפויה שובל 2019|קופ ג על שובל כללי 3126,קופ ג על שובל כללי 3126,2022,"אג""ח קונצרני (קרנות נאמנות, תעודות סל)",,37.11,32.0,0.06,33.0,45.0,תל בונד 60 -60%            תל בונד שקלי - 20% Barclays Multiverse Total Return Index Unhedged  -20%,,מדיניות צפויה שובל 2019,2026-09-30T23:46:47+00:00,https://www.gemel-handesaim.co.il/wp-content/uploads/2022/11/עדכון_במדיניות_ההשקעות_הצפויה_לשנת_2022_-_לרבות_מלל_מעודכן_ומלל_קודם-לפרסום_באתר.xls,policy/companies/520042607/raw/520042607/f0433cd39294_עדכון_במדיניות_ההשקעות_הצפויה_לשנת_2022_-_לרבות_מלל_מעודכן_ומלל_קודם-לפרסום_באתר.xls,מדיניות צפויה שובל 2019
520042607,3126,3126,מדיניות צפויה שובל 2019|קופ ג על שובל כללי 3126,קופ ג על שובל כללי 3126,2022,אחר,,3.16,6.0,0.05,0.0,9.0,MSCI AC,,מדיניות צפויה שובל 2019,2026-09-30T23:46:47+00:00,https://www.gemel-handesaim.co.il/wp-content/uploads/2022/11/עדכון_במדיניות_ההשקעות_הצפויה_לשנת_2022_-_לרבות_מלל_מעודכן_ומלל_קודם-לפרסום_באתר.xls,policy/companies/520042607/raw/520042607/f0433cd39294_עדכון_במדיניות_ההשקעות_הצפויה_לשנת_2022_-_לרבות_מלל_מעודכן_ומלל_קודם-לפרסום_באתר.xls,מדיניות צפויה שובל 2019
520042607,3126,3126,מדיניות צפויה שובל 2019|קופ ג על שובל כללי 3126,קופ ג על שובל כללי 3126,2022,מזומן,,4.6,5.0,0.05,0.0,8.0,ריבית בנק ישראל,,מדיניות צפויה שובל 2019,2026-09-30T23:46:47+00:00,https://www.gemel-handesaim.co.il/wp-content/uploads/2022/11/עדכון_במדיניות_ההשקעות_הצפויה_לשנת_2022_-_לרבות_מלל_מעודכן_ומלל_קודם-לפרסום_באתר.xls,policy/companies/520042607/raw/520042607/f0433cd39294_עדכון_במדיניות_ההשקעות_הצפויה_לשנת_2022_-_לרבות_מלל_מעודכן_ומלל_קודם-לפרסום_באתר.xls,מדיניות צפויה שובל 2019
520042607,3126,3126,מדיניות צפויה שובל 2019|קופ ג על שובל כללי 3126,קופ ג על שובל כללי 3126,2022,"חשיפה למט""ח",fx,19.47,18.0,0.06,11.0,23.0,,,מדיניות צפויה שובל 2019,2026-09-30T23:46:47+00:00,https://www.gemel-handesaim.co.il/wp-content/uploads/2022/11/עדכון_במדיניות_ההשקעות_הצפויה_לשנת_2022_-_לרבות_מלל_מעודכן_ומלל_קודם-לפרסום_באתר.xls,policy/companies/520042607/raw/520042607/f0433cd39294_עדכון_במדיניות_ההשקעות_הצפויה_לשנת_2022_-_לרבות_מלל_מעודכן_ומלל_קודם-לפרסום_באתר.xls,מדיניות צפויה שובל 2019
520042607,,,520042607|הנדסאים 50-60 9954|הנדסאים גמל מסלול 50 60,הנדסאים גמל מסלול 50 60,2021,מניות,equity,38.4,,+/-6%,39.0,51.0,"ת""א 125 - 25%  MSCI ALL COUNTRIES - 75%  (בשקלים)",,הנדסאים 50-60 9954,2026-09-30T23:46:47+00:00,https://www.gemel-handesaim.co.il/wp-content/uploads/2021/07/עדכון__לאתר_החברה-מדיניות_השקעות_צפויה_מעודכנת__אפריל_2021_מאושר_ד__27.4.2021.xls,policy/companies/520042607/raw/520042607/bb53bd2bbcc7_עדכון__לאתר_החברה-מדיניות_השקעות_צפויה_מעודכנת__אפריל_2021_מאושר_ד__27.4.2021.xl.xls,הנדסאים 50-60 9954
520042607,,,520042607|הנדסאים 50-60 9954|הנדסאים גמל מסלול 50 60,הנדסאים גמל מסלול 50 60,2021,"אג""ח ממשלתי",,20.35,,+/-5%,15.0,25.0,ממשלתי שקלי 2-5 שנים - 50% ממשלתי צמוד 2-5 שנים - 50%,,הנדסאים 50-60 9954,2026-09-30T23:46:47+00:00,https://www.gemel-handesaim.co.il/wp-content/uploads/2021/07/עדכון__לאתר_החברה-מדיניות_השקעות_צפויה_מעודכנת__אפריל_2021_מאושר_ד__27.4.2021.xls,policy/companies/520042607/raw/520042607/bb53bd2bbcc7_עדכון__לאתר_החברה-מדיניות_השקעות_צפויה_מעודכנת__אפריל_2021_מאושר_ד__27.4.2021.xl.xls,הנדסאים 50-60 9954
520042607,,,520042607|הנדסאים 50-60 9954|הנדסאים גמל מסלול 50 60,הנדסאים גמל מסלול 50 60,2021,"אג""ח קונצרני",,30.4,,+/-6%,19.0,31.0,תל בונד 60 - 60%   תל בונד שקלי - 30% IBOXIN30-10% (שקלי),,הנדסאים 50-60 9954,2026-09-30T23:46:47+00:00,https://www.gemel-handesaim.co.il/wp-content/uploads/2021/07/עדכון__לאתר_החברה-מדיניות_השקעות_צפויה_מעודכנת__אפריל_2021_מאושר_ד__27.4.2021.xls,policy/companies/520042607/raw/520042607/bb53bd2bbcc7_עדכון__לאתר_החברה-מדיניות_השקעות_צפויה_מעודכנת__אפריל_2021_מאושר_ד__27.4.2021.xl.xls,הנדסאים 50-60 9954
520042607,,,520042607|הנדסאים 50-60 9954|הנדסאים גמל מסלול 50 60,הנדסאים גמל מסלול 50 60,2021,"אחר ( קרנות נדל""ן , קרנות הון , הון סיכון , קרנות PE ,קרנות גידור )",,10.74,,+/-5%,5.0,15.0,"75%  MSCI AC (בשקלים) ת""א 125 - 25%",,הנדסאים 50-60 9954,2026-09-30T23:46:47+00:00,https://www.gemel-handesaim.co.il/wp-content/uploads/2021/07/עדכון__לאתר_החברה-מדיניות_השקעות_צפויה_מעודכנת__אפריל_2021_מאושר_ד__27.4.2021.xls,policy/companies/520042607/raw/520042607/bb53bd2bbcc7_עדכון__לאתר_החברה-מדיניות_השקעות_צפויה_מעודכנת__אפריל_2021_מאושר_ד__27.4.2021.xl.xls,הנדסאים 50-60 9954
520042607,,,520042607|הנדסאים 50-60 9954|הנדסאים גמל מסלול 50 60,הנדסאים גמל מסלול 50 60,2021,"עו""ש , פק""מ , פר""י",,4.44,,+/-5%,0.0,8.0,"מדד מק""מ",,הנדסאים 50-60 9954,2026-09-30T23:46:47+00:00,https://www.gemel-handesaim.co.il/wp-content/uploads/2021/07/עדכון__לאתר_החברה-מדיניות_השקעות_צפויה_מעודכנת__אפריל_2021_מאושר_ד__27.4.2021.xls,policy/companies/520042607/raw/520042607/bb53bd2bbcc7_עדכון__לאתר_החברה-מדיניות_השקעות_צפויה_מעודכנת__אפריל_2021_מאושר_ד__27.4.2021.xl.xls,הנדסאים 50-60 9954
520042607,,,520042607|הנדסאים 50-60 9954|הנדסאים גמל מסלול 50 60,הנדסאים גמל מסלול 50 60,2021,"חשיפה למט""ח",fx,16.26,,+/-6%,11.0,23.0,דולר 90% אירו 10%,,הנדסאים 50-60 9954,2026-09-30T23:46:47+00:00,https://www.gemel-handesaim.co.il/wp-content/uploads/2021/07/עדכון__לאתר_החברה-מדיניות_השקעות_צפויה_מעודכנת__אפריל_2021_מאושר_ד__27.4.2021.xls,policy/companies/520042607/raw/520042607/bb53bd2bbcc7_עדכון__לאתר_החברה-מדיניות_השקעות_צפויה_מעודכנת__אפריל_2021_מאושר_ד__27.4.2021.xl.xls,הנדסאים 50-60 9954
520042607,,,520042607|60+|הנדסאים גמל מסלול לבני 60 ומעלה,הנדסאים גמל מסלול לבני 60 ומעלה,2021,מניות,equity,23.44,,,17.0,29.0,"ת""א 125 - 25%  MSCI ALL COUNTRIES - 75%  (בשקלים)",,60+,2026-09-30T23:46:47+00:00,https://www.gemel-handesaim.co.il/wp-content/uploads/2021/07/עדכון__לאתר_החברה-מדיניות_השקעות_צפויה_מעודכנת__אפריל_2021_מאושר_ד__27.4.2021.xls,policy/companies/520042607/raw/520042607/bb53bd2bbcc7_עדכון__לאתר_החברה-מדיניות_השקעות_צפויה_מעודכנת__אפריל_2021_מאושר_ד__27.4.2021.xl.xls,60+
520042607,,,520042607|60+|הנדסאים גמל מסלול לבני 60 ומעלה,הנדסאים גמל מסלול לבני 60 ומעלה,2021,"אג""ח ממשלתי",,38.62,,,30.0,40.0,ממשלתי שקלי 2-5 שנים - 50% ממשלתי צמוד 2-5 שנים - 50%,,60+,2026-09-30T23:46:47+00:00,https://www.gemel-handesaim.co.il/wp-content/uploads/2021/07/עדכון__לאתר_החברה-מדיניות_השקעות_צפויה_מעודכנת__אפריל_2021_מאושר_ד__27.4.2021.xls,policy/companies/520042607/raw/520042607/bb53bd2bbcc7_עדכון__לאתר_החברה-מדיניות_השקעות_צפויה_מעודכנת__אפריל_2021_מאושר_ד__27.4.2021.xl.xls,60+
520042607,,,520042607|60+|הנדסאים גמל מסלול לבני 60 ומעלה,הנדסאים גמל מסלול לבני 60 ומעלה,2021,"אג""ח קונצרני",,36.02,,,29.0,41.0,תל בונד 60 - 60%   תל בונד שקלי - 30% IBOXIN30-10%,,60+,2026-09-30T23:46:47+00:00,https://www.gemel-handesaim.co.il/wp-content/uploads/2021/07/עדכון__לאתר_החברה-מדיניות_השקעות_צפויה_מעודכנת__אפריל_2021_מאושר_ד__27.4.2021.xls,policy/companies/520042607/raw/520042607/bb53bd2bbcc7_עדכון__לאתר_החברה-מדיניות_השקעות_צפויה_מעודכנת__אפריל_2021_מאושר_ד__27.4.2021.xl.xls,60+
520042607,,,520042607|60+|הנדסאים גמל מסלול לבני 60 ומעלה,הנדסאים גמל מסלול לבני 60 ומעלה,2021,"אחר ( קרנות נדל""ן , קרנות הון , הון סיכון , קרנות PE ,קרנות גידור )",,0.16,,,0.0,7.0,"75%  MSCI AC (בשקלים) ת""א 125 - 25%",,60+,2026-09-30T23:46:47+00:00,https://www.gemel-handesaim.co.il/wp-content/uploads/2021/07/עדכון__לאתר_החברה-מדיניות_השקעות_צפויה_מעודכנת__אפריל_2021_מאושר_ד__27.4.2021.xls,policy/companies/520042607/raw/520042607/bb53bd2bbcc7_עדכון__לאתר_החברה-מדיניות_השקעות_צפויה_מעודכנת__אפריל_2021_מאושר_ד__27.4.2021.xl.xls,60+
520042607,,,520042607|60+|הנדסאים גמל מסלול לבני 60 ומעלה,הנדסאים גמל מסלול לבני 60 ומעלה,2021,"עו""ש , פק""מ , פר""י",,1.77,,,0.0,10.0,"מדד מק""מ",,60+,2026-09-30T23:46:47+00:00,https://www.gemel-handesaim.co.il/wp-content/uploads/2021/07/עדכון__לאתר_החברה-מדיניות_השקעות_צפויה_מעודכנת__אפריל_2021_מאושר_ד__27.4.2021.xls,policy/companies/520042607/raw/520042607/bb53bd2bbcc7_עדכון__לאתר_החברה-מדיניות_השקעות_צפויה_מעודכנת__אפריל_2021_מאושר_ד__27.4.2021.xl.xls,60+
520042607,,,520042607|60+|הנדסאים גמל מסלול לבני 60 ומעלה,הנדסאים גמל מסלול לבני 60 ומעלה,2021,"חשיפה למט""ח",fx,17.81,,,9.0,21.0,דולר 90% אירו 10%,,60+,2026-09-30T23:46:47+00:00,https://www.gemel-handesaim.co.il/wp-content/uploads/2021/07/עדכון__לאתר_החברה-מדיניות_השקעות_צפויה_מעודכנת__אפריל_2021_מאושר_ד__27.4.2021.xls,policy/companies/520042607/raw/520042607/bb53bd2bbcc7_עדכון__לאתר_החברה-מדיניות_השקעות_צפויה_מעודכנת__אפריל_2021_מאושר_ד__27.4.2021.xl.xls,60+
520042607,,,520042607|הנדסאים מסלול  עד 50  9953|הנדסאים גמל מסלול עד 50,הנדסאים גמל מסלול עד 50,2021,מניות,equity,47.2,55.0,,49.0,61.0,"ת""א 125 - 25%  MSCI ALL COUNTRIES - 75%  (בשקלים)",,הנדסאים מסלול  עד 50  9953,2026-09-30T23:46:47+00:00,https://www.gemel-handesaim.co.il/wp-content/uploads/2021/07/עדכון__לאתר_החברה-מדיניות_השקעות_צפויה_מעודכנת__אפריל_2021_מאושר_ד__27.4.2021.xls,policy/companies/520042607/raw/520042607/bb53bd2bbcc7_עדכון__לאתר_החברה-מדיניות_השקעות_צפויה_מעודכנת__אפריל_2021_מאושר_ד__27.4.2021.xl.xls,הנדסאים מסלול  עד 50  9953
520042607,,,520042607|הנדסאים מסלול  עד 50  9953|הנדסאים גמל מסלול עד 50,הנדסאים גמל מסלול עד 50,2021,"אג""ח ממשלתי",,16.37,12.0,,7.0,17.0,ממשלתי שקלי 2-5 שנים - 50% ממשלתי צמוד 2-5 שנים - 50%,,הנדסאים מסלול  עד 50  9953,2026-09-30T23:46:47+00:00,https://www.gemel-handesaim.co.il/wp-content/uploads/2021/07/עדכון__לאתר_החברה-מדיניות_השקעות_צפויה_מעודכנת__אפריל_2021_מאושר_ד__27.4.2021.xls,policy/companies/520042607/raw/520042607/bb53bd2bbcc7_עדכון__לאתר_החברה-מדיניות_השקעות_צפויה_מעודכנת__אפריל_2021_מאושר_ד__27.4.2021.xl.xls,הנדסאים מסלול  עד 50  9953
520042607,,,520042607|הנדסאים מסלול  עד 50  9953|הנדסאים גמל מסלול עד 50,הנדסאים גמל מסלול עד 50,2021,"אג""ח קונצרני",,28.9,29.0,,23.0,35.0,תל בונד 60 - 60%   תל בונד שקלי - 30% IBOXIN30-10%,,הנדסאים מסלול  עד 50  9953,2026-09-30T23:46:47+00:00,https://www.gemel-handesaim.co.il/wp-content/uploads/2021/07/עדכון__לאתר_החברה-מדיניות_השקעות_צפויה_מעודכנת__אפריל_2021_מאושר_ד__27.4.2021.xls,policy/companies/520042607/raw/520042607/bb53bd2bbcc7_עדכון__לאתר_החברה-מדיניות_השקעות_צפויה_מעודכנת__אפריל_2021_מאושר_ד__27.4.2021.xl.xls,הנדסאים מסלול  עד 50  9953
520042607,,,520042607|הנדסאים מסלול  עד 50  9953|הנדסאים גמל מסלול עד 50,הנדסאים גמל מסלול עד 50,2021,"אחר ( קרנות נדל""ן , קרנות הון , הון סיכון , קרנות PE ,קרנות גידור )",,0.2,1.0,,0.0,6.0,"75%  MSCI AC (בשקלים) ת""א 125 - 25%",,הנדסאים מסלול  עד 50  9953,2026-09-30T23:46:47+00:00,https://www.gemel-handesaim.co.il/wp-content/uploads/2021/07/עדכון__לאתר_החברה-מדיניות_השקעות_צפויה_מעודכנת__אפריל_2021_מאושר_ד__27.4.2021.xls,policy/companies/520042607/raw/520042607/bb53bd2bbcc7_עדכון__לאתר_החברה-מדיניות_השקעות_צפויה_מעודכנת__אפריל_2021_מאושר_ד__27.4.2021.xl.xls,הנדסאים מסלול  עד 50  9953
520042607,,,520042607|הנדסאים מסלול  עד 50  9953|הנדסאים גמל מסלול עד 50,הנדסאים גמל מסלול עד 50,2021,"עו""ש , פק""מ , פר""י",,7.37,3.0,,0.0,8.0,"מדד מק""מ",,הנדסאים מסלול  עד 50  9953,2026-09-30T23:46:47+00:00,https://www.gemel-handesaim.co.il/wp-content/uploads/2021/07/עדכון__לאתר_החברה-מדיניות_השקעות_צפויה_מעודכנת__אפריל_2021_מאושר_ד__27.4.2021.xls,policy/companies/520042607/raw/520042607/bb53bd2bbcc7_עדכון__לאתר_החברה-מדיניות_השקעות_צפויה_מעודכנת__אפריל_2021_מאושר_ד__27.4.2021.xl.xls,הנדסאים מסלול  עד 50  9953
520042607,,,520042607|הנדסאים מסלול  עד 50  9953|הנדסאים גמל מסלול עד 50,הנדסאים גמל מסלול עד 50,2021,"חשיפה למט""ח",fx,15.7,20.0,,14.0,26.0,דולר 90% אירו 10%,,הנדסאים מסלול  עד 50  9953,2026-09-30T23:46:47+00:00,https://www.gemel-handesaim.co.il/wp-content/uploads/2021/07/עדכון__לאתר_החברה-מדיניות_השקעות_צפויה_מעודכנת__אפריל_2021_מאושר_ד__27.4.2021.xls,policy/companies/520042607/raw/520042607/bb53bd2bbcc7_עדכון__לאתר_החברה-מדיניות_השקעות_צפויה_מעודכנת__אפריל_2021_מאושר_ד__27.4.2021.xl.xls,הנדסאים מסלול  עד 50  9953
520042607,,,520042607|שדות עד 50|מדינות השקעות צפויה לשנת 2020,מדינות השקעות צפויה לשנת 2020,2021,מניות,equity,48.03,50.0,0.06,44.0,56.0,"ת""א 100/125  40% 60%  MSCI AC",,שדות עד 50,2026-09-30T23:46:47+00:00,https://www.gemel-handesaim.co.il/wp-content/uploads/2021/07/עדכון__לאתר_החברה-מדיניות_השקעות_צפויה_מעודכנת__אפריל_2021_מאושר_ד__27.4.2021.xls,policy/companies/520042607/raw/520042607/bb53bd2bbcc7_עדכון__לאתר_החברה-מדיניות_השקעות_צפויה_מעודכנת__אפריל_2021_מאושר_ד__27.4.2021.xl.xls,שדות עד 50
520042607,,,520042607|שדות עד 50|מדינות השקעות צפויה לשנת 2020,מדינות השקעות צפויה לשנת 2020,2021,"אג""ח ממשלתי",,19.69,20.0,0.05,15.0,25.0,ממשלתי שקלי 2-5 שנים 50%  ממשלתי צמוד 2-5 שנים 50%,,שדות עד 50,2026-09-30T23:46:47+00:00,https://www.gemel-handesaim.co.il/wp-content/uploads/2021/07/עדכון__לאתר_החברה-מדיניות_השקעות_צפויה_מעודכנת__אפריל_2021_מאושר_ד__27.4.2021.xls,policy/companies/520042607/raw/520042607/bb53bd2bbcc7_עדכון__לאתר_החברה-מדיניות_השקעות_צפויה_מעודכנת__אפריל_2021_מאושר_ד__27.4.2021.xl.xls,שדות עד 50
520042607,,,520042607|שדות עד 50|מדינות השקעות צפויה לשנת 2020,מדינות השקעות צפויה לשנת 2020,2021,"אג""ח קונצרני (כולל תעודות סל, ETF)",,26.77,24.0,0.06,18.0,30.0,תל בונד 60 50% תל בונד שקלי 25% IboxxIG 25%,,שדות עד 50,2026-09-30T23:46:47+00:00,https://www.gemel-handesaim.co.il/wp-content/uploads/2021/07/עדכון__לאתר_החברה-מדיניות_השקעות_צפויה_מעודכנת__אפריל_2021_מאושר_ד__27.4.2021.xls,policy/companies/520042607/raw/520042607/bb53bd2bbcc7_עדכון__לאתר_החברה-מדיניות_השקעות_צפויה_מעודכנת__אפריל_2021_מאושר_ד__27.4.2021.xl.xls,שדות עד 50
520042607,,,520042607|שדות עד 50|מדינות השקעות צפויה לשנת 2020,מדינות השקעות צפויה לשנת 2020,2021,"אחר: קרנות נדלן, קרנות הון סיכון, קרנות PE, קרנות גידור,תיקי משכנתאות, מזומנים במט""ח",,0.0,1.0,0.05,0.0,6.0,s&p 500,,שדות עד 50,2026-09-30T23:46:47+00:00,https://www.gemel-handesaim.co.il/wp-content/uploads/2021/07/עדכון__לאתר_החברה-מדיניות_השקעות_צפויה_מעודכנת__אפריל_2021_מאושר_ד__27.4.2021.xls,policy/companies/520042607/raw/520042607/bb53bd2bbcc7_עדכון__לאתר_החברה-מדיניות_השקעות_צפויה_מעודכנת__אפריל_2021_מאושר_ד__27.4.2021.xl.xls,שדות עד 50
520042607,,,520042607|שדות עד 50|מדינות השקעות צפויה לשנת 2020,מדינות השקעות צפויה לשנת 2020,2021,"עו""ש, פרי, פק""מ",,5.5,5.0,0.05,0.0,10.0,"מדד מק""מ",,שדות עד 50,2026-09-30T23:46:47+00:00,https://www.gemel-handesaim.co.il/wp-content/uploads/2021/07/עדכון__לאתר_החברה-מדיניות_השקעות_צפויה_מעודכנת__אפריל_2021_מאושר_ד__27.4.2021.xls,policy/companies/520042607/raw/520042607/bb53bd2bbcc7_עדכון__לאתר_החברה-מדיניות_השקעות_צפויה_מעודכנת__אפריל_2021_מאושר_ד__27.4.2021.xl.xls,שדות עד 50
520042607,,,520042607|שדות עד 50|מדינות השקעות צפויה לשנת 2020,מדינות השקעות צפויה לשנת 2020,2021,"חשיפה למט""ח",fx,21.83,20.0,0.06,14.0,26.0,דולר-75% אירו- 25%,,שדות עד 50,2026-09-30T23:46:47+00:00,https://www.gemel-handesaim.co.il/wp-content/uploads/2021/07/עדכון__לאתר_החברה-מדיניות_השקעות_צפויה_מעודכנת__אפריל_2021_מאושר_ד__27.4.2021.xls,policy/companies/520042607/raw/520042607/bb53bd2bbcc7_עדכון__לאתר_החברה-מדיניות_השקעות_צפויה_מעודכנת__אפריל_2021_מאושר_ד__27.4.2021.xl.xls,שדות עד 50
520042607,,,520042607|שדות 60 ומעלה|שדות 60 ומעלה,שדות 60 ומעלה,2021,מניות,equity,18.82,18.0,0.06,12.0,24.0,"ת""א 125/100 40% 60%  MSCI AC",,שדות 60 ומעלה,2026-09-30T23:46:47+00:00,https://www.gemel-handesaim.co.il/wp-content/uploads/2021/07/עדכון__לאתר_החברה-מדיניות_השקעות_צפויה_מעודכנת__אפריל_2021_מאושר_ד__27.4.2021.xls,policy/companies/520042607/raw/520042607/bb53bd2bbcc7_עדכון__לאתר_החברה-מדיניות_השקעות_צפויה_מעודכנת__אפריל_2021_מאושר_ד__27.4.2021.xl.xls,שדות 60 ומעלה
520042607,,,520042607|שדות 60 ומעלה|שדות 60 ומעלה,שדות 60 ומעלה,2021,"אג""ח ממשלתי",,44.46,46.0,0.05,41.0,51.0,ממשלתי שקלי 2-5 שנים 50%  ממשלתי צמוד 2-5 שנים 50%,,שדות 60 ומעלה,2026-09-30T23:46:47+00:00,https://www.gemel-handesaim.co.il/wp-content/uploads/2021/07/עדכון__לאתר_החברה-מדיניות_השקעות_צפויה_מעודכנת__אפריל_2021_מאושר_ד__27.4.2021.xls,policy/companies/520042607/raw/520042607/bb53bd2bbcc7_עדכון__לאתר_החברה-מדיניות_השקעות_צפויה_מעודכנת__אפריל_2021_מאושר_ד__27.4.2021.xl.xls,שדות 60 ומעלה
520042607,,,520042607|שדות 60 ומעלה|שדות 60 ומעלה,שדות 60 ומעלה,2021,"אג""ח קונצרני (כולל תעודות סל, ETF)",,30.31,30.0,0.06,24.0,36.0,תל בונד 60 50% תל בונד שקלי 25% IboxxIG 25%,,שדות 60 ומעלה,2026-09-30T23:46:47+00:00,https://www.gemel-handesaim.co.il/wp-content/uploads/2021/07/עדכון__לאתר_החברה-מדיניות_השקעות_צפויה_מעודכנת__אפריל_2021_מאושר_ד__27.4.2021.xls,policy/companies/520042607/raw/520042607/bb53bd2bbcc7_עדכון__לאתר_החברה-מדיניות_השקעות_צפויה_מעודכנת__אפריל_2021_מאושר_ד__27.4.2021.xl.xls,שדות 60 ומעלה
520042607,,,520042607|שדות 60 ומעלה|שדות 60 ומעלה,שדות 60 ומעלה,2021,"אחר: קרנות נדלן, קרנות הון סיכון, קרנות PE, קרנות גידור,תיקי משכנתאות, מזומנים במט""ח",,0.0,1.0,0.05,0.0,6.0,s&p 500,,שדות 60 ומעלה,2026-09-30T23:46:47+00:00,https://www.gemel-handesaim.co.il/wp-content/uploads/2021/07/עדכון__לאתר_החברה-מדיניות_השקעות_צפויה_מעודכנת__אפריל_2021_מאושר_ד__27.4.2021.xls,policy/companies/520042607/raw/520042607/bb53bd2bbcc7_עדכון__לאתר_החברה-מדיניות_השקעות_צפויה_מעודכנת__אפריל_2021_מאושר_ד__27.4.2021.xl.xls,שדות 60 ומעלה
520042607,,,520042607|שדות 60 ומעלה|שדות 60 ומעלה,שדות 60 ומעלה,2021,"עו""ש, פרי, פק""מ",,6.41,5.0,0.05,0.0,10.0,"מדד מק""מ",,שדות 60 ומעלה,2026-09-30T23:46:47+00:00,https://www.gemel-handesaim.co.il/wp-content/uploads/2021/07/עדכון__לאתר_החברה-מדיניות_השקעות_צפויה_מעודכנת__אפריל_2021_מאושר_ד__27.4.2021.xls,policy/companies/520042607/raw/520042607/bb53bd2bbcc7_עדכון__לאתר_החברה-מדיניות_השקעות_צפויה_מעודכנת__אפריל_2021_מאושר_ד__27.4.2021.xl.xls,שדות 60 ומעלה
520042607,,,520042607|שדות 60 ומעלה|שדות 60 ומעלה,שדות 60 ומעלה,2021,"חשיפה למט""ח",fx,10.37,10.0,0.06,4.0,16.0,דולר-75% אירו- 25%,,שדות 60 ומעלה,2026-09-30T23:46:47+00:00,https://www.gemel-handesaim.co.il/wp-content/uploads/2021/07/עדכון__לאתר_החברה-מדיניות_השקעות_צפויה_מעודכנת__אפריל_2021_מאושר_ד__27.4.2021.xls,policy/companies/520042607/raw/520042607/bb53bd2bbcc7_עדכון__לאתר_החברה-מדיניות_השקעות_צפויה_מעודכנת__אפריל_2021_מאושר_ד__27.4.2021.xl.xls,שדות 60 ומעלה
520042607,3126,3126,מדיניות צפויה שובל 2019|קופ ג על שובל כללי 3126,קופ ג על שובל כללי 3126,2021,"מניות (תעודות סל, אופציות, קרנות נאמנות)",equity,35.95,34.0,0.06,28.0,40.0,"מניות בארץ - ת""א 125 - 40%   מניות בחו""ל  - MSCI AC - 60%",,מדיניות צפויה שובל 2019,2026-09-30T23:46:47+00:00,https://www.gemel-handesaim.co.il/wp-content/uploads/2021/07/עדכון__לאתר_החברה-מדיניות_השקעות_צפויה_מעודכנת__אפריל_2021_מאושר_ד__27.4.2021.xls,policy/companies/520042607/raw/520042607/bb53bd2bbcc7_עדכון__לאתר_החברה-מדיניות_השקעות_צפויה_מעודכנת__אפריל_2021_מאושר_ד__27.4.2021.xl.xls,מדיניות צפויה שובל 2019
520042607,3126,3126,מדיניות צפויה שובל 2019|קופ ג על שובל כללי 3126,קופ ג על שובל כללי 3126,2021,"אג""ח ממשלתי",,19.18,23.0,0.05,15.0,25.0,ממשלתי צמוד 2-5 - 30%      ממשלתי שקלי 2-5 -70%,,מדיניות צפויה שובל 2019,2026-09-30T23:46:47+00:00,https://www.gemel-handesaim.co.il/wp-content/uploads/2021/07/עדכון__לאתר_החברה-מדיניות_השקעות_צפויה_מעודכנת__אפריל_2021_מאושר_ד__27.4.2021.xls,policy/companies/520042607/raw/520042607/bb53bd2bbcc7_עדכון__לאתר_החברה-מדיניות_השקעות_צפויה_מעודכנת__אפריל_2021_מאושר_ד__27.4.2021.xl.xls,מדיניות צפויה שובל 2019
520042607,3126,3126,מדיניות צפויה שובל 2019|קופ ג על שובל כללי 3126,קופ ג על שובל כללי 3126,2021,"אג""ח קונצרני (קרנות נאמנות, תעודות סל)",,37.11,32.0,0.06,33.0,45.0,תל בונד 60 -60%            תל בונד שקלי - 20% Barclays Multiverse Total Return Index Unhedged  -20%,,מדיניות צפויה שובל 2019,2026-09-30T23:46:47+00:00,https://www.gemel-handesaim.co.il/wp-content/uploads/2021/07/עדכון__לאתר_החברה-מדיניות_השקעות_צפויה_מעודכנת__אפריל_2021_מאושר_ד__27.4.2021.xls,policy/companies/520042607/raw/520042607/bb53bd2bbcc7_עדכון__לאתר_החברה-מדיניות_השקעות_צפויה_מעודכנת__אפריל_2021_מאושר_ד__27.4.2021.xl.xls,מדיניות צפויה שובל 2019
520042607,3126,3126,מדיניות צפויה שובל 2019|קופ ג על שובל כללי 3126,קופ ג על שובל כללי 3126,2021,אחר,,3.16,6.0,0.05,0.0,9.0,MSCI AC,,מדיניות צפויה שובל 2019,2026-09-30T23:46:47+00:00,https://www.gemel-handesaim.co.il/wp-content/uploads/2021/07/עדכון__לאתר_החברה-מדיניות_השקעות_צפויה_מעודכנת__אפריל_2021_מאושר_ד__27.4.2021.xls,policy/companies/520042607/raw/520042607/bb53bd2bbcc7_עדכון__לאתר_החברה-מדיניות_השקעות_צפויה_מעודכנת__אפריל_2021_מאושר_ד__27.4.2021.xl.xls,מדיניות צפויה שובל 2019
520042607,3126,3126,מדיניות צפויה שובל 2019|קופ ג על שובל כללי 3126,קופ ג על שובל כללי 3126,2021,מזומן,,4.6,5.0,0.05,0.0,8.0,ריבית בנק ישראל,,מדיניות צפויה שובל 2019,2026-09-30T23:46:47+00:00,https://www.gemel-handesaim.co.il/wp-content/uploads/2021/07/עדכון__לאתר_החברה-מדיניות_השקעות_צפויה_מעודכנת__אפריל_2021_מאושר_ד__27.4.2021.xls,policy/companies/520042607/raw/520042607/bb53bd2bbcc7_עדכון__לאתר_החברה-מדיניות_השקעות_צפויה_מעודכנת__אפריל_2021_מאושר_ד__27.4.2021.xl.xls,מדיניות צפויה שובל 2019
520042607,3126,3126,מדיניות צפויה שובל 2019|קופ ג על שובל כללי 3126,קופ ג על שובל כללי 3126,2021,"חשיפה למט""ח",fx,19.47,18.0,0.06,11.0,23.0,,,מדיניות צפויה שובל 2019,2026-09-30T23:46:47+00:00,https://www.gemel-handesaim.co.il/wp-content/uploads/2021/07/עדכון__לאתר_החברה-מדיניות_השקעות_צפויה_מעודכנת__אפריל_2021_מאושר_ד__27.4.2021.xls,policy/companies/520042607/raw/520042607/bb53bd2bbcc7_עדכון__לאתר_החברה-מדיניות_השקעות_צפויה_מעודכנת__אפריל_2021_מאושר_ד__27.4.2021.xl.xls,מדיניות צפויה שובל 2019
520042607,,,520042607|עד 50|מדינות השקעות צפויה,מדינות השקעות צפויה,2019,מניות,equity,38.41,,,41.0,53.0,,,עד 50,2026-09-30T23:46:47+00:00,http://gemel-handesaim.co.il/spaw/uploads/files/הנדסאים - מדיניות השקעות צפויה לשנת 2019 - מסלול 50 ומטה.xlsx,policy/companies/520042607/raw/520042607/22a9a0f93371_הנדסאים_-_מדיניות_השקעות_צפויה_לשנת_2019_-_מסלול_50_ומטה.xlsx,עד 50
520042607,,,520042607|עד 50|מדינות השקעות צפויה,מדינות השקעות צפויה,2019,"אג""ח ממשלתי",,16.52,,,13.0,23.0,,,עד 50,2026-09-30T23:46:47+00:00,http://gemel-handesaim.co.il/spaw/uploads/files/הנדסאים - מדיניות השקעות צפויה לשנת 2019 - מסלול 50 ומטה.xlsx,policy/companies/520042607/raw/520042607/22a9a0f93371_הנדסאים_-_מדיניות_השקעות_צפויה_לשנת_2019_-_מסלול_50_ומטה.xlsx,עד 50
520042607,,,520042607|עד 50|מדינות השקעות צפויה,מדינות השקעות צפויה,2019,"אג""ח קונצרני (כולל תעודות סל, ETF)",,36.82,,,24.0,36.0,,,עד 50,2026-09-30T23:46:47+00:00,http://gemel-handesaim.co.il/spaw/uploads/files/הנדסאים - מדיניות השקעות צפויה לשנת 2019 - מסלול 50 ומטה.xlsx,policy/companies/520042607/raw/520042607/22a9a0f93371_הנדסאים_-_מדיניות_השקעות_צפויה_לשנת_2019_-_מסלול_50_ומטה.xlsx,עד 50
520042607,,,520042607|עד 50|מדינות השקעות צפויה,מדינות השקעות צפויה,2019,"אחר: קרנות נדלן, קרנות הון סיכון, קרנות PE, קרנות גידור,תיקי משכנתאות, מזומנים במט""ח",,2.43,,,0.0,6.0,,,עד 50,2026-09-30T23:46:47+00:00,http://gemel-handesaim.co.il/spaw/uploads/files/הנדסאים - מדיניות השקעות צפויה לשנת 2019 - מסלול 50 ומטה.xlsx,policy/companies/520042607/raw/520042607/22a9a0f93371_הנדסאים_-_מדיניות_השקעות_צפויה_לשנת_2019_-_מסלול_50_ומטה.xlsx,עד 50
520042607,,,520042607|עד 50|מדינות השקעות צפויה,מדינות השקעות צפויה,2019,"עו""ש, פרי, פק""מ",,5.82,,,0.0,9.0,,,עד 50,2026-09-30T23:46:47+00:00,http://gemel-handesaim.co.il/spaw/uploads/files/הנדסאים - מדיניות השקעות צפויה לשנת 2019 - מסלול 50 ומטה.xlsx,policy/companies/520042607/raw/520042607/22a9a0f93371_הנדסאים_-_מדיניות_השקעות_צפויה_לשנת_2019_-_מסלול_50_ומטה.xlsx,עד 50
520042607,,,520042607|עד 50|מדינות השקעות צפויה,מדינות השקעות צפויה,2019,"חשיפה למט""ח",fx,20.05,,,14.0,26.0,,,עד 50,2026-09-30T23:46:47+00:00,http://gemel-handesaim.co.il/spaw/uploads/files/הנדסאים - מדיניות השקעות צפויה לשנת 2019 - מסלול 50 ומטה.xlsx,policy/companies/520042607/raw/520042607/22a9a0f93371_הנדסאים_-_מדיניות_השקעות_צפויה_לשנת_2019_-_מסלול_50_ומטה.xlsx,עד 50
520042607,,,520042607|60+|קופת גמל להנדסאים וטכנאים,קופת גמל להנדסאים וטכנאים,2019,מניות,equity,18.88,,,12.0,24.0,"ת""א 125/100 40% 60%  MSCI AC",,60+,2026-09-30T23:46:47+00:00,http://gemel-handesaim.co.il/spaw/uploads/files/הנדסאים - מדיניות השקעות צפויה לשנת 2019 - מסלול 60 ומעלה.xlsx,policy/companies/520042607/raw/520042607/aadfe9ca6a0b_הנדסאים_-_מדיניות_השקעות_צפויה_לשנת_2019_-_מסלול_60_ומעלה.xlsx,60+
520042607,,,520042607|60+|קופת גמל להנדסאים וטכנאים,קופת גמל להנדסאים וטכנאים,2019,"אג""ח ממשלתי",,42.61,,,37.0,47.0,ממשלתי שקלי 2-5 שנים 50%  ממשלתי צמוד 2-5 שנים 50%,,60+,2026-09-30T23:46:47+00:00,http://gemel-handesaim.co.il/spaw/uploads/files/הנדסאים - מדיניות השקעות צפויה לשנת 2019 - מסלול 60 ומעלה.xlsx,policy/companies/520042607/raw/520042607/aadfe9ca6a0b_הנדסאים_-_מדיניות_השקעות_צפויה_לשנת_2019_-_מסלול_60_ומעלה.xlsx,60+
520042607,,,520042607|60+|קופת גמל להנדסאים וטכנאים,קופת גמל להנדסאים וטכנאים,2019,"אג""ח קונצרני (כולל תעודות סל, ETF)",,34.46,,,30.0,42.0,תל בונד 60 50% תל בונד שקלי 25% IboxxIG 25%,,60+,2026-09-30T23:46:47+00:00,http://gemel-handesaim.co.il/spaw/uploads/files/הנדסאים - מדיניות השקעות צפויה לשנת 2019 - מסלול 60 ומעלה.xlsx,policy/companies/520042607/raw/520042607/aadfe9ca6a0b_הנדסאים_-_מדיניות_השקעות_צפויה_לשנת_2019_-_מסלול_60_ומעלה.xlsx,60+
520042607,,,520042607|60+|קופת גמל להנדסאים וטכנאים,קופת גמל להנדסאים וטכנאים,2019,"אחר: קרנות נדלן, קרנות הון סיכון, קרנות PE, קרנות גידור,תיקי משכנתאות, מזומנים במט""ח",,0.11,,,0.0,6.0,s&p 500,,60+,2026-09-30T23:46:47+00:00,http://gemel-handesaim.co.il/spaw/uploads/files/הנדסאים - מדיניות השקעות צפויה לשנת 2019 - מסלול 60 ומעלה.xlsx,policy/companies/520042607/raw/520042607/aadfe9ca6a0b_הנדסאים_-_מדיניות_השקעות_צפויה_לשנת_2019_-_מסלול_60_ומעלה.xlsx,60+
520042607,,,520042607|60+|קופת גמל להנדסאים וטכנאים,קופת גמל להנדסאים וטכנאים,2019,"עו""ש, פרי, פק""מ",,3.94,,,0.0,8.0,"מדד מק""מ",,60+,2026-09-30T23:46:47+00:00,http://gemel-handesaim.co.il/spaw/uploads/files/הנדסאים - מדיניות השקעות צפויה לשנת 2019 - מסלול 60 ומעלה.xlsx,policy/companies/520042607/raw/520042607/aadfe9ca6a0b_הנדסאים_-_מדיניות_השקעות_צפויה_לשנת_2019_-_מסלול_60_ומעלה.xlsx,60+
520042607,,,520042607|60+|קופת גמל להנדסאים וטכנאים,קופת גמל להנדסאים וטכנאים,2019,"חשיפה למט""ח",fx,13.16,,,4.0,16.0,דולר-75% אירו- 25%,,60+,2026-09-30T23:46:47+00:00,http://gemel-handesaim.co.il/spaw/uploads/files/הנדסאים - מדיניות השקעות צפויה לשנת 2019 - מסלול 60 ומעלה.xlsx,policy/companies/520042607/raw/520042607/aadfe9ca6a0b_הנדסאים_-_מדיניות_השקעות_צפויה_לשנת_2019_-_מסלול_60_ומעלה.xlsx,60+
520042607,,,520042607|50-60|הנדסאים גמל לבני 50 עד 60,הנדסאים גמל לבני 50 עד 60,2019,מניות,equity,33.31,,,28.0,40.0,"ת""א 125 40% 60%  MSCI AC",,50-60,2026-09-30T23:46:47+00:00,http://gemel-handesaim.co.il/spaw/uploads/files/הנדסאים - מדיניות השקעות צפויה לשנת 2019 - מסלול 50-60.xlsx,policy/companies/520042607/raw/520042607/0735872e381c_הנדסאים_-_מדיניות_השקעות_צפויה_לשנת_2019_-_מסלול_50-60.xlsx,50-60
520042607,,,520042607|50-60|הנדסאים גמל לבני 50 עד 60,הנדסאים גמל לבני 50 עד 60,2019,"אג""ח ממשלתי",,26.22,,,21.0,31.0,ממשלתי שקלי 2-5 שנים 50%  ממשלתי צמוד 2-5 שנים 50%,,50-60,2026-09-30T23:46:47+00:00,http://gemel-handesaim.co.il/spaw/uploads/files/הנדסאים - מדיניות השקעות צפויה לשנת 2019 - מסלול 50-60.xlsx,policy/companies/520042607/raw/520042607/0735872e381c_הנדסאים_-_מדיניות_השקעות_צפויה_לשנת_2019_-_מסלול_50-60.xlsx,50-60
520042607,,,520042607|50-60|הנדסאים גמל לבני 50 עד 60,הנדסאים גמל לבני 50 עד 60,2019,"אג""ח קונצרני (כולל תעודות סל, ETF)",,27.32,,,25.0,37.0,תל בונד 60 50% תל בונד שקלי 25% IboxxIG 25%,,50-60,2026-09-30T23:46:47+00:00,http://gemel-handesaim.co.il/spaw/uploads/files/הנדסאים - מדיניות השקעות צפויה לשנת 2019 - מסלול 50-60.xlsx,policy/companies/520042607/raw/520042607/0735872e381c_הנדסאים_-_מדיניות_השקעות_צפויה_לשנת_2019_-_מסלול_50-60.xlsx,50-60
520042607,,,520042607|50-60|הנדסאים גמל לבני 50 עד 60,הנדסאים גמל לבני 50 עד 60,2019,"אחר: קרנות נדלן, קרנות הון סיכון, קרנות PE, קרנות גידור,תיקי משכנתאות, מזומנים במט""ח",,8.55,,,1.0,11.0,s&p 500,,50-60,2026-09-30T23:46:47+00:00,http://gemel-handesaim.co.il/spaw/uploads/files/הנדסאים - מדיניות השקעות צפויה לשנת 2019 - מסלול 50-60.xlsx,policy/companies/520042607/raw/520042607/0735872e381c_הנדסאים_-_מדיניות_השקעות_צפויה_לשנת_2019_-_מסלול_50-60.xlsx,50-60
520042607,,,520042607|50-60|הנדסאים גמל לבני 50 עד 60,הנדסאים גמל לבני 50 עד 60,2019,"עו""ש, פרי, פק""מ",,4.6,,,0.0,8.0,"מדד מק""מ",,50-60,2026-09-30T23:46:47+00:00,http://gemel-handesaim.co.il/spaw/uploads/files/הנדסאים - מדיניות השקעות צפויה לשנת 2019 - מסלול 50-60.xlsx,policy/companies/520042607/raw/520042607/0735872e381c_הנדסאים_-_מדיניות_השקעות_צפויה_לשנת_2019_-_מסלול_50-60.xlsx,50-60
520042607,,,520042607|50-60|הנדסאים גמל לבני 50 עד 60,הנדסאים גמל לבני 50 עד 60,2019,"חשיפה למט""ח",fx,18.67,,,12.0,24.0,דולר-75% אירו- 25%,,50-60,2026-09-30T23:46:47+00:00,http://gemel-handesaim.co.il/spaw/uploads/files/הנדסאים - מדיניות השקעות צפויה לשנת 2019 - מסלול 50-60.xlsx,policy/companies/520042607/raw/520042607/0735872e381c_הנדסאים_-_מדיניות_השקעות_צפויה_לשנת_2019_-_מסלול_50-60.xlsx,50-60
520042607,,,520042607|עד 50|מדינות השקעות צפויה,מדינות השקעות צפויה,2018,מניות,equity,39.0,,,37.0,49.0,,,עד 50,2026-09-30T23:46:47+00:00,http://gemel-handesaim.co.il/spaw/uploads/files/2018-investment-policy-50.xlsx,policy/companies/520042607/raw/520042607/561176d861bd_2018-investment-policy-50.xlsx,עד 50
520042607,,,520042607|עד 50|מדינות השקעות צפויה,מדינות השקעות צפויה,2018,"אג""ח ממשלתי",,17.0,,,9.0,19.0,,,עד 50,2026-09-30T23:46:47+00:00,http://gemel-handesaim.co.il/spaw/uploads/files/2018-investment-policy-50.xlsx,policy/companies/520042607/raw/520042607/561176d861bd_2018-investment-policy-50.xlsx,עד 50
520042607,,,520042607|עד 50|מדינות השקעות צפויה,מדינות השקעות צפויה,2018,"אג""ח קונצרני (כולל תעודות סל, ETF)",,35.0,,,34.0,46.0,,,עד 50,2026-09-30T23:46:47+00:00,http://gemel-handesaim.co.il/spaw/uploads/files/2018-investment-policy-50.xlsx,policy/companies/520042607/raw/520042607/561176d861bd_2018-investment-policy-50.xlsx,עד 50
520042607,,,520042607|עד 50|מדינות השקעות צפויה,מדינות השקעות צפויה,2018,"אחר: קרנות נדלן, קרנות הון סיכון, קרנות PE, קרנות גידור,תיקי משכנתאות, מזומנים במט""ח",,0.0,,,0.0,5.0,,,עד 50,2026-09-30T23:46:47+00:00,http://gemel-handesaim.co.il/spaw/uploads/files/2018-investment-policy-50.xlsx,policy/companies/520042607/raw/520042607/561176d861bd_2018-investment-policy-50.xlsx,עד 50
520042607,,,520042607|עד 50|מדינות השקעות צפויה,מדינות השקעות צפויה,2018,"עו""ש, פרי, פק""מ",,9.0,,,0.0,8.0,,,עד 50,2026-09-30T23:46:47+00:00,http://gemel-handesaim.co.il/spaw/uploads/files/2018-investment-policy-50.xlsx,policy/companies/520042607/raw/520042607/561176d861bd_2018-investment-policy-50.xlsx,עד 50
520042607,,,520042607|עד 50|מדינות השקעות צפויה,מדינות השקעות צפויה,2018,"חשיפה למט""ח",fx,16.0,,,14.0,26.0,,,עד 50,2026-09-30T23:46:47+00:00,http://gemel-handesaim.co.il/spaw/uploads/files/2018-investment-policy-50.xlsx,policy/companies/520042607/raw/520042607/561176d861bd_2018-investment-policy-50.xlsx,עד 50
520042607,,,520042607|60+|קופת גמל להנדסאים וטכנאים,קופת גמל להנדסאים וטכנאים,2018,מניות,equity,19.0,,,10.0,22.0,"ת""א 125/100 40% 60%  MSCI AC",,60+,2026-09-30T23:46:47+00:00,http://gemel-handesaim.co.il/spaw/uploads/files/2018-investment-policy-60.xlsx,policy/companies/520042607/raw/520042607/60e18fee1c45_2018-investment-policy-60.xlsx,60+
520042607,,,520042607|60+|קופת גמל להנדסאים וטכנאים,קופת גמל להנדסאים וטכנאים,2018,"אג""ח ממשלתי",,42.0,,,36.0,46.0,ממשלתי שקלי 2-5 שנים 50%  ממשלתי צמוד 2-5 שנים 50%,,60+,2026-09-30T23:46:47+00:00,http://gemel-handesaim.co.il/spaw/uploads/files/2018-investment-policy-60.xlsx,policy/companies/520042607/raw/520042607/60e18fee1c45_2018-investment-policy-60.xlsx,60+
520042607,,,520042607|60+|קופת גמל להנדסאים וטכנאים,קופת גמל להנדסאים וטכנאים,2018,"אג""ח קונצרני (כולל תעודות סל, ETF)",,37.0,,,34.0,46.0,תל בונד 60 50% תל בונד שקלי 25% IboxxIG 25%,,60+,2026-09-30T23:46:47+00:00,http://gemel-handesaim.co.il/spaw/uploads/files/2018-investment-policy-60.xlsx,policy/companies/520042607/raw/520042607/60e18fee1c45_2018-investment-policy-60.xlsx,60+
520042607,,,520042607|60+|קופת גמל להנדסאים וטכנאים,קופת גמל להנדסאים וטכנאים,2018,"אחר: קרנות נדלן, קרנות הון סיכון, קרנות PE, קרנות גידור,תיקי משכנתאות, מזומנים במט""ח",,0.0,,,0.0,6.0,s&p 500,,60+,2026-09-30T23:46:47+00:00,http://gemel-handesaim.co.il/spaw/uploads/files/2018-investment-policy-60.xlsx,policy/companies/520042607/raw/520042607/60e18fee1c45_2018-investment-policy-60.xlsx,60+
520042607,,,520042607|60+|קופת גמל להנדסאים וטכנאים,קופת גמל להנדסאים וטכנאים,2018,"עו""ש, פרי, פק""מ",,2.0,,,0.0,8.0,"מדד מק""מ",,60+,2026-09-30T23:46:47+00:00,http://gemel-handesaim.co.il/spaw/uploads/files/2018-investment-policy-60.xlsx,policy/companies/520042607/raw/520042607/60e18fee1c45_2018-investment-policy-60.xlsx,60+
520042607,,,520042607|60+|קופת גמל להנדסאים וטכנאים,קופת גמל להנדסאים וטכנאים,2018,"חשיפה למט""ח",fx,12.0,,,3.0,15.0,דולר-75% אירו- 25%,,60+,2026-09-30T23:46:47+00:00,http://gemel-handesaim.co.il/spaw/uploads/files/2018-investment-policy-60.xlsx,policy/companies/520042607/raw/520042607/60e18fee1c45_2018-investment-policy-60.xlsx,60+
520042607,,,520042607|50-60|הנדסאים גמל לבני 50 עד 60,הנדסאים גמל לבני 50 עד 60,2018,מניות,equity,35.0,,,28.0,40.0,"ת""א 125 40% 60%  MSCI AC",,50-60,2026-09-30T23:46:47+00:00,http://gemel-handesaim.co.il/spaw/uploads/files/2018-investment-policy-50-60.xlsx,policy/companies/520042607/raw/520042607/19a09fcb9251_2018-investment-policy-50-60.xlsx,50-60
520042607,,,520042607|50-60|הנדסאים גמל לבני 50 עד 60,הנדסאים גמל לבני 50 עד 60,2018,"אג""ח ממשלתי",,26.0,,,24.0,34.0,ממשלתי שקלי 2-5 שנים 50%  ממשלתי צמוד 2-5 שנים 50%,,50-60,2026-09-30T23:46:47+00:00,http://gemel-handesaim.co.il/spaw/uploads/files/2018-investment-policy-50-60.xlsx,policy/companies/520042607/raw/520042607/19a09fcb9251_2018-investment-policy-50-60.xlsx,50-60
520042607,,,520042607|50-60|הנדסאים גמל לבני 50 עד 60,הנדסאים גמל לבני 50 עד 60,2018,"אג""ח קונצרני (כולל תעודות סל, ETF)",,32.0,,,27.0,39.0,תל בונד 60 50% תל בונד שקלי 25% IboxxIG 25%,,50-60,2026-09-30T23:46:47+00:00,http://gemel-handesaim.co.il/spaw/uploads/files/2018-investment-policy-50-60.xlsx,policy/companies/520042607/raw/520042607/19a09fcb9251_2018-investment-policy-50-60.xlsx,50-60
520042607,,,520042607|50-60|הנדסאים גמל לבני 50 עד 60,הנדסאים גמל לבני 50 עד 60,2018,"אחר: קרנות נדלן, קרנות הון סיכון, קרנות PE, קרנות גידור,תיקי משכנתאות, מזומנים במט""ח",,2.0,,,0.0,7.0,s&p 500,,50-60,2026-09-30T23:46:47+00:00,http://gemel-handesaim.co.il/spaw/uploads/files/2018-investment-policy-50-60.xlsx,policy/companies/520042607/raw/520042607/19a09fcb9251_2018-investment-policy-50-60.xlsx,50-60
520042607,,,520042607|50-60|הנדסאים גמל לבני 50 עד 60,הנדסאים גמל לבני 50 עד 60,2018,"עו""ש, פרי, פק""מ",,5.0,,,1.0,7.0,"מדד מק""מ",,50-60,2026-09-30T23:46:47+00:00,http://gemel-handesaim.co.il/spaw/uploads/files/2018-investment-policy-50-60.xlsx,policy/companies/520042607/raw/520042607/19a09fcb9251_2018-investment-policy-50-60.xlsx,50-60
520042607,,,520042607|50-60|הנדסאים גמל לבני 50 עד 60,הנדסאים גמל לבני 50 עד 60,2018,"חשיפה למט""ח",fx,18.0,,,12.0,24.0,דולר-75% אירו- 25%,,50-60,2026-09-30T23:46:47+00:00,http://gemel-handesaim.co.il/spaw/uploads/files/2018-investment-policy-50-60.xlsx,policy/companies/520042607/raw/520042607/19a09fcb9251_2018-investment-policy-50-60.xlsx,50-60
520042607,,,520042607|עד 50|מדינות השקעות צפויה,מדינות השקעות צפויה,2017,מניות,equity,38.47,,,34.0,46.0,,,עד 50,2026-09-30T23:46:47+00:00,https://gemel-handesaim.co.il/spaw/uploads/files/2017-investment-policy-50.xlsx,policy/companies/520042607/raw/520042607/20c2848ba4d1_2017-investment-policy-50.xlsx,עד 50
520042607,,,520042607|עד 50|מדינות השקעות צפויה,מדינות השקעות צפויה,2017,"אג""ח ממשלתי",,24.74,,,15.0,25.0,,,עד 50,2026-09-30T23:46:47+00:00,https://gemel-handesaim.co.il/spaw/uploads/files/2017-investment-policy-50.xlsx,policy/companies/520042607/raw/520042607/20c2848ba4d1_2017-investment-policy-50.xlsx,עד 50
520042607,,,520042607|עד 50|מדינות השקעות צפויה,מדינות השקעות צפויה,2017,"אג""ח קונצרני (כולל תעודות סל, ETF)",,29.36,,,29.0,41.0,,,עד 50,2026-09-30T23:46:47+00:00,https://gemel-handesaim.co.il/spaw/uploads/files/2017-investment-policy-50.xlsx,policy/companies/520042607/raw/520042607/20c2848ba4d1_2017-investment-policy-50.xlsx,עד 50
520042607,,,520042607|עד 50|מדינות השקעות צפויה,מדינות השקעות צפויה,2017,"אחר: קרנות נדלן, קרנות הון סיכון, קרנות PE, קרנות גידור,תיקי משכנתאות, מזומנים במט""ח",,0.51,,,0.0,7.0,,,עד 50,2026-09-30T23:46:47+00:00,https://gemel-handesaim.co.il/spaw/uploads/files/2017-investment-policy-50.xlsx,policy/companies/520042607/raw/520042607/20c2848ba4d1_2017-investment-policy-50.xlsx,עד 50
520042607,,,520042607|עד 50|מדינות השקעות צפויה,מדינות השקעות צפויה,2017,"עו""ש, פרי, פק""מ",,6.92,,,0.0,8.0,,,עד 50,2026-09-30T23:46:47+00:00,https://gemel-handesaim.co.il/spaw/uploads/files/2017-investment-policy-50.xlsx,policy/companies/520042607/raw/520042607/20c2848ba4d1_2017-investment-policy-50.xlsx,עד 50
520042607,,,520042607|עד 50|מדינות השקעות צפויה,מדינות השקעות צפויה,2017,"חשיפה למט""ח",fx,15.1,,,14.0,26.0,,,עד 50,2026-09-30T23:46:47+00:00,https://gemel-handesaim.co.il/spaw/uploads/files/2017-investment-policy-50.xlsx,policy/companies/520042607/raw/520042607/20c2848ba4d1_2017-investment-policy-50.xlsx,עד 50
520042607,,,520042607|60+|קופת גמל להנדסאים וטכנאים,קופת גמל להנדסאים וטכנאים,2017,מניות,equity,16.67,,,10.0,22.0,"ת""א 125/100 40% 60%  MSCI AC",,60+,2026-09-30T23:46:47+00:00,https://gemel-handesaim.co.il/spaw/uploads/files/2017-investment-policy-60.xlsx,policy/companies/520042607/raw/520042607/46c4f2e19493_2017-investment-policy-60.xlsx,60+
520042607,,,520042607|60+|קופת גמל להנדסאים וטכנאים,קופת גמל להנדסאים וטכנאים,2017,"אג""ח ממשלתי",,49.67,,,40.0,50.0,ממשלתי שקלי 2-5 שנים 50%  ממשלתי צמוד 2-5 שנים 50%,,60+,2026-09-30T23:46:47+00:00,https://gemel-handesaim.co.il/spaw/uploads/files/2017-investment-policy-60.xlsx,policy/companies/520042607/raw/520042607/46c4f2e19493_2017-investment-policy-60.xlsx,60+
520042607,,,520042607|60+|קופת גמל להנדסאים וטכנאים,קופת גמל להנדסאים וטכנאים,2017,"אג""ח קונצרני (כולל תעודות סל, ETF)",,31.25,,,30.0,42.0,תל בונד 60 80% IboxxIG 20%,,60+,2026-09-30T23:46:47+00:00,https://gemel-handesaim.co.il/spaw/uploads/files/2017-investment-policy-60.xlsx,policy/companies/520042607/raw/520042607/46c4f2e19493_2017-investment-policy-60.xlsx,60+
520042607,,,520042607|60+|קופת גמל להנדסאים וטכנאים,קופת גמל להנדסאים וטכנאים,2017,"אחר: קרנות נדלן, קרנות הון סיכון, קרנות PE, קרנות גידור,תיקי משכנתאות, מזומנים במט""ח",,0.0,,,0.0,6.0,s&p 500,,60+,2026-09-30T23:46:47+00:00,https://gemel-handesaim.co.il/spaw/uploads/files/2017-investment-policy-60.xlsx,policy/companies/520042607/raw/520042607/46c4f2e19493_2017-investment-policy-60.xlsx,60+
520042607,,,520042607|60+|קופת גמל להנדסאים וטכנאים,קופת גמל להנדסאים וטכנאים,2017,"עו""ש, פרי, פק""מ",,2.41,,,0.0,8.0,"מדד מק""מ",,60+,2026-09-30T23:46:47+00:00,https://gemel-handesaim.co.il/spaw/uploads/files/2017-investment-policy-60.xlsx,policy/companies/520042607/raw/520042607/46c4f2e19493_2017-investment-policy-60.xlsx,60+
520042607,,,520042607|60+|קופת גמל להנדסאים וטכנאים,קופת גמל להנדסאים וטכנאים,2017,"חשיפה למט""ח",fx,8.94,,,3.0,15.0,דולר-75% אירו- 25%,,60+,2026-09-30T23:46:47+00:00,https://gemel-handesaim.co.il/spaw/uploads/files/2017-investment-policy-60.xlsx,policy/companies/520042607/raw/520042607/46c4f2e19493_2017-investment-policy-60.xlsx,60+
520042607,,,520042607|50-60|הנדסאים גמל לבני 50 עד 60,הנדסאים גמל לבני 50 עד 60,2017,מניות,equity,31.41,,,26.0,38.0,"ת""א 125/100  40% 60%  MSCI AC",,50-60,2026-09-30T23:46:47+00:00,https://gemel-handesaim.co.il/spaw/uploads/files/2017-investment-policy-50-60.xlsx,policy/companies/520042607/raw/520042607/8233ff9a4ad3_2017-investment-policy-50-60.xlsx,50-60
520042607,,,520042607|50-60|הנדסאים גמל לבני 50 עד 60,הנדסאים גמל לבני 50 עד 60,2017,"אג""ח ממשלתי",,31.99,,,26.0,36.0,ממשלתי שקלי 2-5 שנים 50%  ממשלתי צמוד 2-5 שנים 50%,,50-60,2026-09-30T23:46:47+00:00,https://gemel-handesaim.co.il/spaw/uploads/files/2017-investment-policy-50-60.xlsx,policy/companies/520042607/raw/520042607/8233ff9a4ad3_2017-investment-policy-50-60.xlsx,50-60
520042607,,,520042607|50-60|הנדסאים גמל לבני 50 עד 60,הנדסאים גמל לבני 50 עד 60,2017,"אג""ח קונצרני (כולל תעודות סל, ETF)",,30.67,,,27.0,39.0,תל בונד 60 80% IboxxIG 20%,,50-60,2026-09-30T23:46:47+00:00,https://gemel-handesaim.co.il/spaw/uploads/files/2017-investment-policy-50-60.xlsx,policy/companies/520042607/raw/520042607/8233ff9a4ad3_2017-investment-policy-50-60.xlsx,50-60
520042607,,,520042607|50-60|הנדסאים גמל לבני 50 עד 60,הנדסאים גמל לבני 50 עד 60,2017,"אחר: קרנות נדלן, קרנות הון סיכון, קרנות PE, קרנות גידור,תיקי משכנתאות, מזומנים במט""ח",,3.0,,,0.0,7.0,s&p 500,,50-60,2026-09-30T23:46:47+00:00,https://gemel-handesaim.co.il/spaw/uploads/files/2017-investment-policy-50-60.xlsx,policy/companies/520042607/raw/520042607/8233ff9a4ad3_2017-investment-policy-50-60.xlsx,50-60
520042607,,,520042607|50-60|הנדסאים גמל לבני 50 עד 60,הנדסאים גמל לבני 50 עד 60,2017,"עו""ש, פרי, פק""מ",,2.93,,,1.0,7.0,"מדד מק""מ",,50-60,2026-09-30T23:46:47+00:00,https://gemel-handesaim.co.il/spaw/uploads/files/2017-investment-policy-50-60.xlsx,policy/companies/520042607/raw/520042607/8233ff9a4ad3_2017-investment-policy-50-60.xlsx,50-60
520042607,,,520042607|50-60|הנדסאים גמל לבני 50 עד 60,הנדסאים גמל לבני 50 עד 60,2017,"חשיפה למט""ח",fx,18.43,,,12.0,24.0,דולר-75% אירו- 25%,,50-60,2026-09-30T23:46:47+00:00,https://gemel-handesaim.co.il/spaw/uploads/files/2017-investment-policy-50-60.xlsx,policy/companies/520042607/raw/520042607/8233ff9a4ad3_2017-investment-policy-50-60.xlsx,50-60
520042607,,,520042607|עד 50|קופת גמל הנדסאים מסלול עד 50,קופת גמל הנדסאים מסלול עד 50,2016,מניות,equity,,,,34.0,46.0,"ת""א 100  50%  50% MSCI AC",,עד 50,2026-09-30T23:46:47+00:00,https://gemel-handesaim.co.il/spaw/uploads/files/2016-investment-policy-50.xlsx,policy/companies/520042607/raw/520042607/d6a7b2fcebda_2016-investment-policy-50.xlsx,עד 50
520042607,,,520042607|עד 50|קופת גמל הנדסאים מסלול עד 50,קופת גמל הנדסאים מסלול עד 50,2016,"אג""ח ממשלתי",,,,,15.0,25.0,ממשלתי שקלי 2-5 שנים 50%  ממשלתי צמוד 2-5 שנים 50%,,עד 50,2026-09-30T23:46:47+00:00,https://gemel-handesaim.co.il/spaw/uploads/files/2016-investment-policy-50.xlsx,policy/companies/520042607/raw/520042607/d6a7b2fcebda_2016-investment-policy-50.xlsx,עד 50
520042607,,,520042607|עד 50|קופת גמל הנדסאים מסלול עד 50,קופת גמל הנדסאים מסלול עד 50,2016,"אג""ח קונצרני (כולל תעודות סל, ETF)",,,,,29.0,41.0,תל בונד 60,,עד 50,2026-09-30T23:46:47+00:00,https://gemel-handesaim.co.il/spaw/uploads/files/2016-investment-policy-50.xlsx,policy/companies/520042607/raw/520042607/d6a7b2fcebda_2016-investment-policy-50.xlsx,עד 50
520042607,,,520042607|עד 50|קופת גמל הנדסאים מסלול עד 50,קופת גמל הנדסאים מסלול עד 50,2016,"אחר: קרנות נדלן, קרנות הון סיכון, קרנות PE, קרנות גידור,תיקי משכנתאות, מזומנים במט""ח",,,,,0.0,7.0,s&p 500,,עד 50,2026-09-30T23:46:47+00:00,https://gemel-handesaim.co.il/spaw/uploads/files/2016-investment-policy-50.xlsx,policy/companies/520042607/raw/520042607/d6a7b2fcebda_2016-investment-policy-50.xlsx,עד 50
520042607,,,520042607|עד 50|קופת גמל הנדסאים מסלול עד 50,קופת גמל הנדסאים מסלול עד 50,2016,"עו""ש, פרי, פק""מ",,,,,0.0,8.0,"מדד מק""מ",,עד 50,2026-09-30T23:46:47+00:00,https://gemel-handesaim.co.il/spaw/uploads/files/2016-investment-policy-50.xlsx,policy/companies/520042607/raw/520042607/d6a7b2fcebda_2016-investment-policy-50.xlsx,עד 50
520042607,,,520042607|עד 50|קופת גמל הנדסאים מסלול עד 50,קופת גמל הנדסאים מסלול עד 50,2016,"חשיפה למט""ח",fx,,,,14.0,26.0,דולר-75% אירו- 25%,,עד 50,2026-09-30T23:46:47+00:00,https://gemel-handesaim.co.il/spaw/uploads/files/2016-investment-policy-50.xlsx,policy/companies/520042607/raw/520042607/d6a7b2fcebda_2016-investment-policy-50.xlsx,עד 50
520042607,,,520042607|60+|קופת גמל הנדסאים 60 ומעלה,קופת גמל הנדסאים 60 ומעלה,2016,מניות,equity,,,,9.0,21.0,"ת""א 100  50%  50% MSCI AC",,60+,2026-09-30T23:46:47+00:00,https://gemel-handesaim.co.il/spaw/uploads/files/2016-investment-policy-60.xlsx,policy/companies/520042607/raw/520042607/825d6ed758a1_2016-investment-policy-60.xlsx,60+
520042607,,,520042607|60+|קופת גמל הנדסאים 60 ומעלה,קופת גמל הנדסאים 60 ומעלה,2016,"אג""ח ממשלתי",,89.08,,,45.0,55.0,ממשלתי שקלי 2-5 שנים 50%  ממשלתי צמוד 2-5 שנים 50%,,60+,2026-09-30T23:46:47+00:00,https://gemel-handesaim.co.il/spaw/uploads/files/2016-investment-policy-60.xlsx,policy/companies/520042607/raw/520042607/825d6ed758a1_2016-investment-policy-60.xlsx,60+
520042607,,,520042607|60+|קופת גמל הנדסאים 60 ומעלה,קופת גמל הנדסאים 60 ומעלה,2016,"אג""ח קונצרני (כולל תעודות סל, ETF)",,9.64,,,26.0,38.0,תל בונד 60,,60+,2026-09-30T23:46:47+00:00,https://gemel-handesaim.co.il/spaw/uploads/files/2016-investment-policy-60.xlsx,policy/companies/520042607/raw/520042607/825d6ed758a1_2016-investment-policy-60.xlsx,60+
520042607,,,520042607|60+|קופת גמל הנדסאים 60 ומעלה,קופת גמל הנדסאים 60 ומעלה,2016,"אחר: קרנות נדלן, קרנות הון סיכון, קרנות PE, קרנות גידור,תיקי משכנתאות, מזומנים במט""ח",,,,,0.0,6.0,s&p 500,,60+,2026-09-30T23:46:47+00:00,https://gemel-handesaim.co.il/spaw/uploads/files/2016-investment-policy-60.xlsx,policy/companies/520042607/raw/520042607/825d6ed758a1_2016-investment-policy-60.xlsx,60+
520042607,,,520042607|60+|קופת גמל הנדסאים 60 ומעלה,קופת גמל הנדסאים 60 ומעלה,2016,"עו""ש, פרי, פק""מ",,1.28,,,0.0,8.0,"מדד מק""מ",,60+,2026-09-30T23:46:47+00:00,https://gemel-handesaim.co.il/spaw/uploads/files/2016-investment-policy-60.xlsx,policy/companies/520042607/raw/520042607/825d6ed758a1_2016-investment-policy-60.xlsx,60+
520042607,,,520042607|60+|קופת גמל הנדסאים 60 ומעלה,קופת גמל הנדסאים 60 ומעלה,2016,"חשיפה למט""ח",fx,,,,0.0,12.0,דולר-75% אירו- 25%,,60+,2026-09-30T23:46:47+00:00,https://gemel-handesaim.co.il/spaw/uploads/files/2016-investment-policy-60.xlsx,policy/companies/520042607/raw/520042607/825d6ed758a1_2016-investment-policy-60.xlsx,60+
520042607,,,520042607|50-60|קופת גמל הנדסאים מסלול 50 60,קופת גמל הנדסאים מסלול 50 60,2016,מניות,equity,34.28,,,26.0,38.0,"ת""א 100  50%  50% MSCI AC",,50-60,2026-09-30T23:46:47+00:00,https://gemel-handesaim.co.il/spaw/uploads/files/2016-investment-policy-50-60.xlsx,policy/companies/520042607/raw/520042607/5488db82df3a_2016-investment-policy-50-60.xlsx,50-60
520042607,,,520042607|50-60|קופת גמל הנדסאים מסלול 50 60,קופת גמל הנדסאים מסלול 50 60,2016,"אג""ח ממשלתי",,32.9,,,29.0,39.0,ממשלתי שקלי 2-5 שנים 50%  ממשלתי צמוד 2-5 שנים 50%,,50-60,2026-09-30T23:46:47+00:00,https://gemel-handesaim.co.il/spaw/uploads/files/2016-investment-policy-50-60.xlsx,policy/companies/520042607/raw/520042607/5488db82df3a_2016-investment-policy-50-60.xlsx,50-60
520042607,,,520042607|50-60|קופת גמל הנדסאים מסלול 50 60,קופת גמל הנדסאים מסלול 50 60,2016,"אג""ח קונצרני (כולל תעודות סל, ETF)",,28.61,,,24.0,36.0,תל בונד 60,,50-60,2026-09-30T23:46:47+00:00,https://gemel-handesaim.co.il/spaw/uploads/files/2016-investment-policy-50-60.xlsx,policy/companies/520042607/raw/520042607/5488db82df3a_2016-investment-policy-50-60.xlsx,50-60
520042607,,,520042607|50-60|קופת גמל הנדסאים מסלול 50 60,קופת גמל הנדסאים מסלול 50 60,2016,"אחר: קרנות נדלן, קרנות הון סיכון, קרנות PE, קרנות גידור,תיקי משכנתאות, מזומנים במט""ח",,1.18,,,0.0,6.0,s&p 500,,50-60,2026-09-30T23:46:47+00:00,https://gemel-handesaim.co.il/spaw/uploads/files/2016-investment-policy-50-60.xlsx,policy/companies/520042607/raw/520042607/5488db82df3a_2016-investment-policy-50-60.xlsx,50-60
520042607,,,520042607|50-60|קופת גמל הנדסאים מסלול 50 60,קופת גמל הנדסאים מסלול 50 60,2016,"עו""ש, פרי, פק""מ",,3.03,,,1.0,8.0,"מדד מק""מ",,50-60,2026-09-30T23:46:47+00:00,https://gemel-handesaim.co.il/spaw/uploads/files/2016-investment-policy-50-60.xlsx,policy/companies/520042607/raw/520042607/5488db82df3a_2016-investment-policy-50-60.xlsx,50-60
520042607,,,520042607|50-60|קופת גמל הנדסאים מסלול 50 60,קופת גמל הנדסאים מסלול 50 60,2016,"חשיפה למט""ח",fx,16.17,,,10.0,22.0,דולר-75% אירו- 25%,,50-60,2026-09-30T23:46:47+00:00,https://gemel-handesaim.co.il/spaw/uploads/files/2016-investment-policy-50-60.xlsx,policy/companies/520042607/raw/520042607/5488db82df3a_2016-investment-policy-50-60.xlsx,50-60
520042607,,,520042607|גיליון1|קופת גמל להנדסאים וטכנאים,קופת גמל להנדסאים וטכנאים,2015,מניות,equity,34.47,,,26.0,38.0,"ת""א 100  45%  55% MSCI AC",,גיליון1,2026-09-30T23:46:47+00:00,https://gemel-handesaim.co.il/spaw/uploads/files/2015-investment-policy.xls,policy/companies/520042607/raw/520042607/039dfa29098a_2015-investment-policy.xls,גיליון1
520042607,,,520042607|גיליון1|קופת גמל להנדסאים וטכנאים,קופת גמל להנדסאים וטכנאים,2015,"אג""ח ממשלתי",,32.85,,,29.0,39.0,ממשלתי שקלי 2-5 שנים 50%  ממשלתי צמוד 2-5 שנים 50%,,גיליון1,2026-09-30T23:46:47+00:00,https://gemel-handesaim.co.il/spaw/uploads/files/2015-investment-policy.xls,policy/companies/520042607/raw/520042607/039dfa29098a_2015-investment-policy.xls,גיליון1
520042607,,,520042607|גיליון1|קופת גמל להנדסאים וטכנאים,קופת גמל להנדסאים וטכנאים,2015,"אג""ח קונצרני (כולל תעודות סל, ETF)",,29.62,,,24.0,36.0,תל בונד 60,,גיליון1,2026-09-30T23:46:47+00:00,https://gemel-handesaim.co.il/spaw/uploads/files/2015-investment-policy.xls,policy/companies/520042607/raw/520042607/039dfa29098a_2015-investment-policy.xls,גיליון1
520042607,,,520042607|גיליון1|קופת גמל להנדסאים וטכנאים,קופת גמל להנדסאים וטכנאים,2015,"אחר: קרנות נדלן, קרנות הון סיכון, קרנות PE, קרנות גידור,תיקי משכנתאות, מזומנים במט""ח",,0.29,,,0.0,6.0,s&p 500,,גיליון1,2026-09-30T23:46:47+00:00,https://gemel-handesaim.co.il/spaw/uploads/files/2015-investment-policy.xls,policy/companies/520042607/raw/520042607/039dfa29098a_2015-investment-policy.xls,גיליון1
520042607,,,520042607|גיליון1|קופת גמל להנדסאים וטכנאים,קופת גמל להנדסאים וטכנאים,2015,"עו""ש, פרי, פק""מ",,2.77,,,1.0,8.0,"מדד מק""מ",,גיליון1,2026-09-30T23:46:47+00:00,https://gemel-handesaim.co.il/spaw/uploads/files/2015-investment-policy.xls,policy/companies/520042607/raw/520042607/039dfa29098a_2015-investment-policy.xls,גיליון1
520042607,,,520042607|גיליון1|קופת גמל להנדסאים וטכנאים,קופת גמל להנדסאים וטכנאים,2015,"חשיפה למט""ח",fx,15.22,,,10.0,22.0,דולר-75% אירו- 25%,,גיליון1,2026-09-30T23:46:47+00:00,https://gemel-handesaim.co.il/spaw/uploads/files/2015-investment-policy.xls,policy/companies/520042607/raw/520042607/039dfa29098a_2015-investment-policy.xls,גיליון1
520042607,,,520042607|גמל להשקעה כללי|הנדסאים קופה להשקעה מסלול כללי,הנדסאים קופה להשקעה מסלול כללי,2026,מניות,equity,46.11,45.0,+/-6%,39.0,51.0,"ת""א 125 - 35%  MSCI ALL COUNTRIES - 65%  (בשקלים)",,גמל להשקעה כללי,2026-09-30T23:46:47+00:00,https://www.gemel-handesaim.co.il/wp-content/uploads/2026/01/ג009_-_הנדסאים_להשקעה_-_מדיניות_השקעות_צפויה_לשנת_2026.xlsx,policy/companies/520042607/raw/520042607/05bc7b43b91e_ג009_-_הנדסאים_להשקעה_-_מדיניות_השקעות_צפויה_לשנת_2026.xlsx,גמל להשקעה כללי
520042607,,,520042607|גמל להשקעה כללי|הנדסאים קופה להשקעה מסלול כללי,הנדסאים קופה להשקעה מסלול כללי,2026,"אג""ח ממשלתי",,21.65,24.0,+/-5%,19.0,29.0,"ממשלתי גוב שקלי - 45% ממשלתי צמוד 2-5 שנים - 45% אג""ח ארה""ב 10 שנים 10% (בשקלים)",,גמל להשקעה כללי,2026-09-30T23:46:47+00:00,https://www.gemel-handesaim.co.il/wp-content/uploads/2026/01/ג009_-_הנדסאים_להשקעה_-_מדיניות_השקעות_צפויה_לשנת_2026.xlsx,policy/companies/520042607/raw/520042607/05bc7b43b91e_ג009_-_הנדסאים_להשקעה_-_מדיניות_השקעות_צפויה_לשנת_2026.xlsx,גמל להשקעה כללי
520042607,,,520042607|גמל להשקעה כללי|הנדסאים קופה להשקעה מסלול כללי,הנדסאים קופה להשקעה מסלול כללי,2026,"אג""ח קונצרני",,23.98,27.0,+/-6%,21.0,33.0,תל בונד 60 - 50%   תל בונד שקלי - 25% IBOXIN30-25% (בשקלים),,גמל להשקעה כללי,2026-09-30T23:46:47+00:00,https://www.gemel-handesaim.co.il/wp-content/uploads/2026/01/ג009_-_הנדסאים_להשקעה_-_מדיניות_השקעות_צפויה_לשנת_2026.xlsx,policy/companies/520042607/raw/520042607/05bc7b43b91e_ג009_-_הנדסאים_להשקעה_-_מדיניות_השקעות_צפויה_לשנת_2026.xlsx,גמל להשקעה כללי
520042607,,,520042607|גמל להשקעה כללי|הנדסאים קופה להשקעה מסלול כללי,הנדסאים קופה להשקעה מסלול כללי,2026,אחר *,,0.0,0.0,+/-5%,0.0,5.0,,,גמל להשקעה כללי,2026-09-30T23:46:47+00:00,https://www.gemel-handesaim.co.il/wp-content/uploads/2026/01/ג009_-_הנדסאים_להשקעה_-_מדיניות_השקעות_צפויה_לשנת_2026.xlsx,policy/companies/520042607/raw/520042607/05bc7b43b91e_ג009_-_הנדסאים_להשקעה_-_מדיניות_השקעות_צפויה_לשנת_2026.xlsx,גמל להשקעה כללי
520042607,,,520042607|גמל להשקעה כללי|הנדסאים קופה להשקעה מסלול כללי,הנדסאים קופה להשקעה מסלול כללי,2026,"עו""ש , פק""מ , פר""י",,9.55,5.0,+/-5%,0.0,10.0,מדד מקמ,,גמל להשקעה כללי,2026-09-30T23:46:47+00:00,https://www.gemel-handesaim.co.il/wp-content/uploads/2026/01/ג009_-_הנדסאים_להשקעה_-_מדיניות_השקעות_צפויה_לשנת_2026.xlsx,policy/companies/520042607/raw/520042607/05bc7b43b91e_ג009_-_הנדסאים_להשקעה_-_מדיניות_השקעות_צפויה_לשנת_2026.xlsx,גמל להשקעה כללי
520042607,,,520042607|גמל להשקעה כללי|הנדסאים קופה להשקעה מסלול כללי,הנדסאים קופה להשקעה מסלול כללי,2026,"חשיפה למט""ח",fx,17.4,18.0,+/-6%,12.0,24.0,"שע""ח דולר/שקל",,גמל להשקעה כללי,2026-09-30T23:46:47+00:00,https://www.gemel-handesaim.co.il/wp-content/uploads/2026/01/ג009_-_הנדסאים_להשקעה_-_מדיניות_השקעות_צפויה_לשנת_2026.xlsx,policy/companies/520042607/raw/520042607/05bc7b43b91e_ג009_-_הנדסאים_להשקעה_-_מדיניות_השקעות_צפויה_לשנת_2026.xlsx,גמל להשקעה כללי
520042607,,,520042607|גמל להשקעה כללי|הנדסאים קופה להשקעה מסלול כללי,הנדסאים קופה להשקעה מסלול כללי,2026,מגבלת עמלת ניהול חיצוני לשנת 2026,,0.1,,,,,,,גמל להשקעה כללי,2026-09-30T23:46:47+00:00,https://www.gemel-handesaim.co.il/wp-content/uploads/2026/01/ג009_-_הנדסאים_להשקעה_-_מדיניות_השקעות_צפויה_לשנת_2026.xlsx,policy/companies/520042607/raw/520042607/05bc7b43b91e_ג009_-_הנדסאים_להשקעה_-_מדיניות_השקעות_צפויה_לשנת_2026.xlsx,גמל להשקעה כללי
520042607,,,520042607|גמל להשקעה אגח|הנדסאים קופה להשקעה מסלול אשראי ואג ח,הנדסאים קופה להשקעה מסלול אשראי ואג ח,2026,מניות,equity,12.53,15.0,+/-6%,9.0,21.0,"ת""א 125 - 35%  MSCI ALL COUNTRIES - 65%  (בשקלים)",,גמל להשקעה אגח,2026-09-30T23:46:47+00:00,https://www.gemel-handesaim.co.il/wp-content/uploads/2026/01/ג009_-_הנדסאים_להשקעה_-_מדיניות_השקעות_צפויה_לשנת_2026.xlsx,policy/companies/520042607/raw/520042607/05bc7b43b91e_ג009_-_הנדסאים_להשקעה_-_מדיניות_השקעות_צפויה_לשנת_2026.xlsx,גמל להשקעה אגח
520042607,,,520042607|גמל להשקעה אגח|הנדסאים קופה להשקעה מסלול אשראי ואג ח,הנדסאים קופה להשקעה מסלול אשראי ואג ח,2026,"אג""ח ממשלתי",,33.45,42.0,+/-5%,37.0,47.0,"ממשלתי גוב שקלי   - 45% ממשלתי צמוד 2-5 שנים - 45% אג""ח ארה""ב 10 שנים 10% (בשקלים)",,גמל להשקעה אגח,2026-09-30T23:46:47+00:00,https://www.gemel-handesaim.co.il/wp-content/uploads/2026/01/ג009_-_הנדסאים_להשקעה_-_מדיניות_השקעות_צפויה_לשנת_2026.xlsx,policy/companies/520042607/raw/520042607/05bc7b43b91e_ג009_-_הנדסאים_להשקעה_-_מדיניות_השקעות_צפויה_לשנת_2026.xlsx,גמל להשקעה אגח
520042607,,,520042607|גמל להשקעה אגח|הנדסאים קופה להשקעה מסלול אשראי ואג ח,הנדסאים קופה להשקעה מסלול אשראי ואג ח,2026,"אג""ח קונצרני",,36.26,42.0,+/-6%,36.0,48.0,תל בונד 60 - 50%   תל בונד שקלי - 25% IBOXIN30-25% (בשקלים),,גמל להשקעה אגח,2026-09-30T23:46:47+00:00,https://www.gemel-handesaim.co.il/wp-content/uploads/2026/01/ג009_-_הנדסאים_להשקעה_-_מדיניות_השקעות_צפויה_לשנת_2026.xlsx,policy/companies/520042607/raw/520042607/05bc7b43b91e_ג009_-_הנדסאים_להשקעה_-_מדיניות_השקעות_צפויה_לשנת_2026.xlsx,גמל להשקעה אגח
520042607,,,520042607|גמל להשקעה אגח|הנדסאים קופה להשקעה מסלול אשראי ואג ח,הנדסאים קופה להשקעה מסלול אשראי ואג ח,2026,אחר*,,0.0,1.0,+/-5%,0.0,6.0,,,גמל להשקעה אגח,2026-09-30T23:46:47+00:00,https://www.gemel-handesaim.co.il/wp-content/uploads/2026/01/ג009_-_הנדסאים_להשקעה_-_מדיניות_השקעות_צפויה_לשנת_2026.xlsx,policy/companies/520042607/raw/520042607/05bc7b43b91e_ג009_-_הנדסאים_להשקעה_-_מדיניות_השקעות_צפויה_לשנת_2026.xlsx,גמל להשקעה אגח
520042607,,,520042607|גמל להשקעה אגח|הנדסאים קופה להשקעה מסלול אשראי ואג ח,הנדסאים קופה להשקעה מסלול אשראי ואג ח,2026,"עו""ש , פק""מ , פר""י*",,17.76,3.0,+/-5%,0.0,8.0,מדד מקמ,,גמל להשקעה אגח,2026-09-30T23:46:47+00:00,https://www.gemel-handesaim.co.il/wp-content/uploads/2026/01/ג009_-_הנדסאים_להשקעה_-_מדיניות_השקעות_צפויה_לשנת_2026.xlsx,policy/companies/520042607/raw/520042607/05bc7b43b91e_ג009_-_הנדסאים_להשקעה_-_מדיניות_השקעות_צפויה_לשנת_2026.xlsx,גמל להשקעה אגח
520042607,,,520042607|גמל להשקעה אגח|הנדסאים קופה להשקעה מסלול אשראי ואג ח,הנדסאים קופה להשקעה מסלול אשראי ואג ח,2026,"חשיפה למט""ח",fx,2.9,8.0,+/-6%,2.0,14.0,"שע""ח דולר/שקל",,גמל להשקעה אגח,2026-09-30T23:46:47+00:00,https://www.gemel-handesaim.co.il/wp-content/uploads/2026/01/ג009_-_הנדסאים_להשקעה_-_מדיניות_השקעות_צפויה_לשנת_2026.xlsx,policy/companies/520042607/raw/520042607/05bc7b43b91e_ג009_-_הנדסאים_להשקעה_-_מדיניות_השקעות_צפויה_לשנת_2026.xlsx,גמל להשקעה אגח
520042607,,,520042607|גמל להשקעה אגח|הנדסאים קופה להשקעה מסלול אשראי ואג ח,הנדסאים קופה להשקעה מסלול אשראי ואג ח,2026,מגבלת עמלת ניהול חיצוני לשנת 2026,,0.05,,,,,,,גמל להשקעה אגח,2026-09-30T23:46:47+00:00,https://www.gemel-handesaim.co.il/wp-content/uploads/2026/01/ג009_-_הנדסאים_להשקעה_-_מדיניות_השקעות_צפויה_לשנת_2026.xlsx,policy/companies/520042607/raw/520042607/05bc7b43b91e_ג009_-_הנדסאים_להשקעה_-_מדיניות_השקעות_צפויה_לשנת_2026.xlsx,גמל להשקעה אגח
520042607,,,520042607|גמל להשקעה מניות|הנדסאים קופה להשקעה מסלול מניות,הנדסאים קופה להשקעה מסלול מניות,2026,מניות,equity,88.89,99.0,+/-6%,93.0,100.0,"65%  MSCI AC (בשקלים) ת""א 125 - 35%",,גמל להשקעה מניות,2026-09-30T23:46:47+00:00,https://www.gemel-handesaim.co.il/wp-content/uploads/2026/01/ג009_-_הנדסאים_להשקעה_-_מדיניות_השקעות_צפויה_לשנת_2026.xlsx,policy/companies/520042607/raw/520042607/05bc7b43b91e_ג009_-_הנדסאים_להשקעה_-_מדיניות_השקעות_צפויה_לשנת_2026.xlsx,גמל להשקעה מניות
520042607,,,520042607|גמל להשקעה מניות|הנדסאים קופה להשקעה מסלול מניות,הנדסאים קופה להשקעה מסלול מניות,2026,"אג""ח ממשלתי",,0.0,0.0,+/-5%,0.0,5.0,"ממשלתי גוב שקלי - 45% ממשלתי צמוד 2-5 שנים - 45% אג""ח ארה""ב 10 שנים 10% (בשקלים)",,גמל להשקעה מניות,2026-09-30T23:46:47+00:00,https://www.gemel-handesaim.co.il/wp-content/uploads/2026/01/ג009_-_הנדסאים_להשקעה_-_מדיניות_השקעות_צפויה_לשנת_2026.xlsx,policy/companies/520042607/raw/520042607/05bc7b43b91e_ג009_-_הנדסאים_להשקעה_-_מדיניות_השקעות_צפויה_לשנת_2026.xlsx,גמל להשקעה מניות
520042607,,,520042607|גמל להשקעה מניות|הנדסאים קופה להשקעה מסלול מניות,הנדסאים קופה להשקעה מסלול מניות,2026,"אג""ח קונצרני",,0.0,0.0,+/-6%,0.0,6.0,תל בונד 60 - 50%   תל בונד שקלי - 25% IBOXIN30-25% (בשקלים),,גמל להשקעה מניות,2026-09-30T23:46:47+00:00,https://www.gemel-handesaim.co.il/wp-content/uploads/2026/01/ג009_-_הנדסאים_להשקעה_-_מדיניות_השקעות_צפויה_לשנת_2026.xlsx,policy/companies/520042607/raw/520042607/05bc7b43b91e_ג009_-_הנדסאים_להשקעה_-_מדיניות_השקעות_צפויה_לשנת_2026.xlsx,גמל להשקעה מניות
520042607,,,520042607|גמל להשקעה מניות|הנדסאים קופה להשקעה מסלול מניות,הנדסאים קופה להשקעה מסלול מניות,2026,אחר *,,0.0,0.0,+/-5%,0.0,5.0,,,גמל להשקעה מניות,2026-09-30T23:46:47+00:00,https://www.gemel-handesaim.co.il/wp-content/uploads/2026/01/ג009_-_הנדסאים_להשקעה_-_מדיניות_השקעות_צפויה_לשנת_2026.xlsx,policy/companies/520042607/raw/520042607/05bc7b43b91e_ג009_-_הנדסאים_להשקעה_-_מדיניות_השקעות_צפויה_לשנת_2026.xlsx,גמל להשקעה מניות
520042607,,,520042607|גמל להשקעה מניות|הנדסאים קופה להשקעה מסלול מניות,הנדסאים קופה להשקעה מסלול מניות,2026,"עו""ש , פק""מ , פר""י",,11.09,3.0,+/-5%,0.0,8.0,מדד מקמ,,גמל להשקעה מניות,2026-09-30T23:46:47+00:00,https://www.gemel-handesaim.co.il/wp-content/uploads/2026/01/ג009_-_הנדסאים_להשקעה_-_מדיניות_השקעות_צפויה_לשנת_2026.xlsx,policy/companies/520042607/raw/520042607/05bc7b43b91e_ג009_-_הנדסאים_להשקעה_-_מדיניות_השקעות_צפויה_לשנת_2026.xlsx,גמל להשקעה מניות
520042607,,,520042607|גמל להשקעה מניות|הנדסאים קופה להשקעה מסלול מניות,הנדסאים קופה להשקעה מסלול מניות,2026,"חשיפה למט""ח",fx,19.0,25.0,+/-6%,19.0,31.0,"שע""ח דולר/שקל",,גמל להשקעה מניות,2026-09-30T23:46:47+00:00,https://www.gemel-handesaim.co.il/wp-content/uploads/2026/01/ג009_-_הנדסאים_להשקעה_-_מדיניות_השקעות_צפויה_לשנת_2026.xlsx,policy/companies/520042607/raw/520042607/05bc7b43b91e_ג009_-_הנדסאים_להשקעה_-_מדיניות_השקעות_צפויה_לשנת_2026.xlsx,גמל להשקעה מניות
520042607,,,520042607|גמל להשקעה מניות|הנדסאים קופה להשקעה מסלול מניות,הנדסאים קופה להשקעה מסלול מניות,2026,מגבלת עמלת ניהול חיצוני לשנת 2026,,0.15,,,,,,,גמל להשקעה מניות,2026-09-30T23:46:47+00:00,https://www.gemel-handesaim.co.il/wp-content/uploads/2026/01/ג009_-_הנדסאים_להשקעה_-_מדיניות_השקעות_צפויה_לשנת_2026.xlsx,policy/companies/520042607/raw/520042607/05bc7b43b91e_ג009_-_הנדסאים_להשקעה_-_מדיניות_השקעות_צפויה_לשנת_2026.xlsx,גמל להשקעה מניות
520042607,500,500,s&p 500 -  גמל להשקעה|הנדסאים קופה להשקעה מסלול s&p 500,הנדסאים קופה להשקעה מסלול s&p 500,2026,מניות,equity,94.48,99.0,+/-6%,93.0,100.0,מדד s&p 500,,s&p 500 -  גמל להשקעה,2026-09-30T23:46:47+00:00,https://www.gemel-handesaim.co.il/wp-content/uploads/2026/01/ג009_-_הנדסאים_להשקעה_-_מדיניות_השקעות_צפויה_לשנת_2026.xlsx,policy/companies/520042607/raw/520042607/05bc7b43b91e_ג009_-_הנדסאים_להשקעה_-_מדיניות_השקעות_צפויה_לשנת_2026.xlsx,s&p 500 -  גמל להשקעה  
520042607,500,500,s&p 500 -  גמל להשקעה|הנדסאים קופה להשקעה מסלול s&p 500,הנדסאים קופה להשקעה מסלול s&p 500,2026,"אג""ח ממשלתי",,0.0,0.0,+/-5%,0.0,5.0,מדד מקמ,,s&p 500 -  גמל להשקעה,2026-09-30T23:46:47+00:00,https://www.gemel-handesaim.co.il/wp-content/uploads/2026/01/ג009_-_הנדסאים_להשקעה_-_מדיניות_השקעות_צפויה_לשנת_2026.xlsx,policy/companies/520042607/raw/520042607/05bc7b43b91e_ג009_-_הנדסאים_להשקעה_-_מדיניות_השקעות_צפויה_לשנת_2026.xlsx,s&p 500 -  גמל להשקעה  
520042607,500,500,s&p 500 -  גמל להשקעה|הנדסאים קופה להשקעה מסלול s&p 500,הנדסאים קופה להשקעה מסלול s&p 500,2026,"אג""ח קונצרני",,0.0,0.0,+/-6%,0.0,6.0,,,s&p 500 -  גמל להשקעה,2026-09-30T23:46:47+00:00,https://www.gemel-handesaim.co.il/wp-content/uploads/2026/01/ג009_-_הנדסאים_להשקעה_-_מדיניות_השקעות_צפויה_לשנת_2026.xlsx,policy/companies/520042607/raw/520042607/05bc7b43b91e_ג009_-_הנדסאים_להשקעה_-_מדיניות_השקעות_צפויה_לשנת_2026.xlsx,s&p 500 -  גמל להשקעה  
520042607,500,500,s&p 500 -  גמל להשקעה|הנדסאים קופה להשקעה מסלול s&p 500,הנדסאים קופה להשקעה מסלול s&p 500,2026,אחר *,,4.08,0.0,+/-5%,0.0,5.0,,,s&p 500 -  גמל להשקעה,2026-09-30T23:46:47+00:00,https://www.gemel-handesaim.co.il/wp-content/uploads/2026/01/ג009_-_הנדסאים_להשקעה_-_מדיניות_השקעות_צפויה_לשנת_2026.xlsx,policy/companies/520042607/raw/520042607/05bc7b43b91e_ג009_-_הנדסאים_להשקעה_-_מדיניות_השקעות_צפויה_לשנת_2026.xlsx,s&p 500 -  גמל להשקעה  
520042607,500,500,s&p 500 -  גמל להשקעה|הנדסאים קופה להשקעה מסלול s&p 500,הנדסאים קופה להשקעה מסלול s&p 500,2026,"עו""ש , פק""מ , פר""י",,1.46,3.0,+/-5%,0.0,8.0,מדד מקמ,,s&p 500 -  גמל להשקעה,2026-09-30T23:46:47+00:00,https://www.gemel-handesaim.co.il/wp-content/uploads/2026/01/ג009_-_הנדסאים_להשקעה_-_מדיניות_השקעות_צפויה_לשנת_2026.xlsx,policy/companies/520042607/raw/520042607/05bc7b43b91e_ג009_-_הנדסאים_להשקעה_-_מדיניות_השקעות_צפויה_לשנת_2026.xlsx,s&p 500 -  גמל להשקעה  
520042607,500,500,s&p 500 -  גמל להשקעה|הנדסאים קופה להשקעה מסלול s&p 500,הנדסאים קופה להשקעה מסלול s&p 500,2026,"חשיפה למט""ח",fx,97.0,100.0,+/-6%,94.0,100.0,דולר/שקל,,s&p 500 -  גמל להשקעה,2026-09-30T23:46:47+00:00,https://www.gemel-handesaim.co.il/wp-content/uploads/2026/01/ג009_-_הנדסאים_להשקעה_-_מדיניות_השקעות_צפויה_לשנת_2026.xlsx,policy/companies/520042607/raw/520042607/05bc7b43b91e_ג009_-_הנדסאים_להשקעה_-_מדיניות_השקעות_צפויה_לשנת_2026.xlsx,s&p 500 -  גמל להשקעה  
520042607,500,500,s&p 500 -  גמל להשקעה|הנדסאים קופה להשקעה מסלול s&p 500,הנדסאים קופה להשקעה מסלול s&p 500,2026,מגבלת עמלת ניהול חיצוני לשנת 2026,,0.1,,,,,,,s&p 500 -  גמל להשקעה,2026-09-30T23:46:47+00:00,https://www.gemel-handesaim.co.il/wp-content/uploads/2026/01/ג009_-_הנדסאים_להשקעה_-_מדיניות_השקעות_צפויה_לשנת_2026.xlsx,policy/companies/520042607/raw/520042607/05bc7b43b91e_ג009_-_הנדסאים_להשקעה_-_מדיניות_השקעות_צפויה_לשנת_2026.xlsx,s&p 500 -  גמל להשקעה  
520042607,,,520042607|גמל להשקעה כללי|הנדסאים קופה להשקעה מסלול כללי,הנדסאים קופה להשקעה מסלול כללי,2025,מניות,equity,45.0,44.0,+/-6%,38.0,50.0,"ת""א 125 - 25%  MSCI ALL COUNTRIES - 75%  (בשקלים)",,גמל להשקעה כללי,2026-09-30T23:46:47+00:00,https://www.gemel-handesaim.co.il/wp-content/uploads/2025/02/ג005_-_הנדסאים_להשקעה_-_מדיניות_השקעות_צפויה_לשנת_2025.xlsx,policy/companies/520042607/raw/520042607/ec0907347aa1_ג005_-_הנדסאים_להשקעה_-_מדיניות_השקעות_צפויה_לשנת_2025.xlsx,גמל להשקעה כללי
520042607,,,520042607|גמל להשקעה כללי|הנדסאים קופה להשקעה מסלול כללי,הנדסאים קופה להשקעה מסלול כללי,2025,"אג""ח ממשלתי",,22.0,24.0,+/-5%,19.0,29.0,"ממשלתי גוב שקלי - 45% ממשלתי צמוד 2-5 שנים - 45% אג""ח ארה""ב 10 שנים 10% (בשקלים)",,גמל להשקעה כללי,2026-09-30T23:46:47+00:00,https://www.gemel-handesaim.co.il/wp-content/uploads/2025/02/ג005_-_הנדסאים_להשקעה_-_מדיניות_השקעות_צפויה_לשנת_2025.xlsx,policy/companies/520042607/raw/520042607/ec0907347aa1_ג005_-_הנדסאים_להשקעה_-_מדיניות_השקעות_צפויה_לשנת_2025.xlsx,גמל להשקעה כללי
520042607,,,520042607|גמל להשקעה כללי|הנדסאים קופה להשקעה מסלול כללי,הנדסאים קופה להשקעה מסלול כללי,2025,"אג""ח קונצרני",,31.0,27.0,+/-6%,21.0,33.0,תל בונד 60 - 50%   תל בונד שקלי - 25% IBOXIN30-25% (בשקלים),,גמל להשקעה כללי,2026-09-30T23:46:47+00:00,https://www.gemel-handesaim.co.il/wp-content/uploads/2025/02/ג005_-_הנדסאים_להשקעה_-_מדיניות_השקעות_צפויה_לשנת_2025.xlsx,policy/companies/520042607/raw/520042607/ec0907347aa1_ג005_-_הנדסאים_להשקעה_-_מדיניות_השקעות_צפויה_לשנת_2025.xlsx,גמל להשקעה כללי
520042607,,,520042607|גמל להשקעה כללי|הנדסאים קופה להשקעה מסלול כללי,הנדסאים קופה להשקעה מסלול כללי,2025,אחר *,,0.0,0.0,+/-5%,0.0,5.0,"75%  MSCI AC (בשקלים) ת""א 125 - 25%",,גמל להשקעה כללי,2026-09-30T23:46:47+00:00,https://www.gemel-handesaim.co.il/wp-content/uploads/2025/02/ג005_-_הנדסאים_להשקעה_-_מדיניות_השקעות_צפויה_לשנת_2025.xlsx,policy/companies/520042607/raw/520042607/ec0907347aa1_ג005_-_הנדסאים_להשקעה_-_מדיניות_השקעות_צפויה_לשנת_2025.xlsx,גמל להשקעה כללי
520042607,,,520042607|גמל להשקעה כללי|הנדסאים קופה להשקעה מסלול כללי,הנדסאים קופה להשקעה מסלול כללי,2025,"עו""ש , פק""מ , פר""י",,1.0,5.0,+/-5%,0.0,10.0,ריבית בנק ישראל,,גמל להשקעה כללי,2026-09-30T23:46:47+00:00,https://www.gemel-handesaim.co.il/wp-content/uploads/2025/02/ג005_-_הנדסאים_להשקעה_-_מדיניות_השקעות_צפויה_לשנת_2025.xlsx,policy/companies/520042607/raw/520042607/ec0907347aa1_ג005_-_הנדסאים_להשקעה_-_מדיניות_השקעות_צפויה_לשנת_2025.xlsx,גמל להשקעה כללי
520042607,,,520042607|גמל להשקעה כללי|הנדסאים קופה להשקעה מסלול כללי,הנדסאים קופה להשקעה מסלול כללי,2025,"חשיפה למט""ח",fx,19.0,18.0,+/-6%,12.0,24.0,"שע""ח דולר/שקל",,גמל להשקעה כללי,2026-09-30T23:46:47+00:00,https://www.gemel-handesaim.co.il/wp-content/uploads/2025/02/ג005_-_הנדסאים_להשקעה_-_מדיניות_השקעות_צפויה_לשנת_2025.xlsx,policy/companies/520042607/raw/520042607/ec0907347aa1_ג005_-_הנדסאים_להשקעה_-_מדיניות_השקעות_צפויה_לשנת_2025.xlsx,גמל להשקעה כללי
520042607,,,520042607|גמל להשקעה כללי|הנדסאים קופה להשקעה מסלול כללי,הנדסאים קופה להשקעה מסלול כללי,2025,מגבלת עמלת ניהול חיצונילשנת 2025,,0.1,,,,,,,גמל להשקעה כללי,2026-09-30T23:46:47+00:00,https://www.gemel-handesaim.co.il/wp-content/uploads/2025/02/ג005_-_הנדסאים_להשקעה_-_מדיניות_השקעות_צפויה_לשנת_2025.xlsx,policy/companies/520042607/raw/520042607/ec0907347aa1_ג005_-_הנדסאים_להשקעה_-_מדיניות_השקעות_צפויה_לשנת_2025.xlsx,גמל להשקעה כללי
520042607,,,520042607|גמל להשקעה אגח|הנדסאים קופה להשקעה מסלול אשראי ואג ח,הנדסאים קופה להשקעה מסלול אשראי ואג ח,2025,מניות,equity,14.7,10.0,+/-6%,4.0,16.0,"ת""א 125 - 25%  MSCI ALL COUNTRIES - 75%  (בשקלים)",,גמל להשקעה אגח,2026-09-30T23:46:47+00:00,https://www.gemel-handesaim.co.il/wp-content/uploads/2025/02/ג005_-_הנדסאים_להשקעה_-_מדיניות_השקעות_צפויה_לשנת_2025.xlsx,policy/companies/520042607/raw/520042607/ec0907347aa1_ג005_-_הנדסאים_להשקעה_-_מדיניות_השקעות_צפויה_לשנת_2025.xlsx,גמל להשקעה אגח
520042607,,,520042607|גמל להשקעה אגח|הנדסאים קופה להשקעה מסלול אשראי ואג ח,הנדסאים קופה להשקעה מסלול אשראי ואג ח,2025,"אג""ח ממשלתי",,41.0,40.0,+/-5%,35.0,45.0,"ממשלתי גוב שקלי   - 45% ממשלתי צמוד 2-5 שנים - 45% אג""ח ארה""ב 10 שנים 10% (בשקלים)",,גמל להשקעה אגח,2026-09-30T23:46:47+00:00,https://www.gemel-handesaim.co.il/wp-content/uploads/2025/02/ג005_-_הנדסאים_להשקעה_-_מדיניות_השקעות_צפויה_לשנת_2025.xlsx,policy/companies/520042607/raw/520042607/ec0907347aa1_ג005_-_הנדסאים_להשקעה_-_מדיניות_השקעות_צפויה_לשנת_2025.xlsx,גמל להשקעה אגח
520042607,,,520042607|גמל להשקעה אגח|הנדסאים קופה להשקעה מסלול אשראי ואג ח,הנדסאים קופה להשקעה מסלול אשראי ואג ח,2025,"אג""ח קונצרני",,37.0,42.0,+/-6%,36.0,48.0,תל בונד 60 - 50%   תל בונד שקלי - 25% IBOXIN30-25% (בשקלים),,גמל להשקעה אגח,2026-09-30T23:46:47+00:00,https://www.gemel-handesaim.co.il/wp-content/uploads/2025/02/ג005_-_הנדסאים_להשקעה_-_מדיניות_השקעות_צפויה_לשנת_2025.xlsx,policy/companies/520042607/raw/520042607/ec0907347aa1_ג005_-_הנדסאים_להשקעה_-_מדיניות_השקעות_צפויה_לשנת_2025.xlsx,גמל להשקעה אגח
520042607,,,520042607|גמל להשקעה אגח|הנדסאים קופה להשקעה מסלול אשראי ואג ח,הנדסאים קופה להשקעה מסלול אשראי ואג ח,2025,אחר*,,0.0,1.0,+/-5%,0.0,6.0,#REF!,,גמל להשקעה אגח,2026-09-30T23:46:47+00:00,https://www.gemel-handesaim.co.il/wp-content/uploads/2025/02/ג005_-_הנדסאים_להשקעה_-_מדיניות_השקעות_צפויה_לשנת_2025.xlsx,policy/companies/520042607/raw/520042607/ec0907347aa1_ג005_-_הנדסאים_להשקעה_-_מדיניות_השקעות_צפויה_לשנת_2025.xlsx,גמל להשקעה אגח
520042607,,,520042607|גמל להשקעה אגח|הנדסאים קופה להשקעה מסלול אשראי ואג ח,הנדסאים קופה להשקעה מסלול אשראי ואג ח,2025,"עו""ש , פק""מ , פר""י*",,7.0,7.0,+/-5%,2.0,12.0,ריבית בנק ישראל,,גמל להשקעה אגח,2026-09-30T23:46:47+00:00,https://www.gemel-handesaim.co.il/wp-content/uploads/2025/02/ג005_-_הנדסאים_להשקעה_-_מדיניות_השקעות_צפויה_לשנת_2025.xlsx,policy/companies/520042607/raw/520042607/ec0907347aa1_ג005_-_הנדסאים_להשקעה_-_מדיניות_השקעות_צפויה_לשנת_2025.xlsx,גמל להשקעה אגח
520042607,,,520042607|גמל להשקעה אגח|הנדסאים קופה להשקעה מסלול אשראי ואג ח,הנדסאים קופה להשקעה מסלול אשראי ואג ח,2025,"חשיפה למט""ח",fx,5.0,8.0,+/-6%,2.0,14.0,"שע""ח דולר/שקל",,גמל להשקעה אגח,2026-09-30T23:46:47+00:00,https://www.gemel-handesaim.co.il/wp-content/uploads/2025/02/ג005_-_הנדסאים_להשקעה_-_מדיניות_השקעות_צפויה_לשנת_2025.xlsx,policy/companies/520042607/raw/520042607/ec0907347aa1_ג005_-_הנדסאים_להשקעה_-_מדיניות_השקעות_צפויה_לשנת_2025.xlsx,גמל להשקעה אגח
520042607,,,520042607|גמל להשקעה אגח|הנדסאים קופה להשקעה מסלול אשראי ואג ח,הנדסאים קופה להשקעה מסלול אשראי ואג ח,2025,מגבלת עמלת ניהול חיצוני לשנת 2025,,0.05,,,,,,,גמל להשקעה אגח,2026-09-30T23:46:47+00:00,https://www.gemel-handesaim.co.il/wp-content/uploads/2025/02/ג005_-_הנדסאים_להשקעה_-_מדיניות_השקעות_צפויה_לשנת_2025.xlsx,policy/companies/520042607/raw/520042607/ec0907347aa1_ג005_-_הנדסאים_להשקעה_-_מדיניות_השקעות_צפויה_לשנת_2025.xlsx,גמל להשקעה אגח
520042607,,,520042607|גמל להשקעה מניות|הנדסאים קופה להשקעה מסלול מניות,הנדסאים קופה להשקעה מסלול מניות,2025,מניות,equity,96.9,97.0,+/-6%,91.0,100.0,"75%  MSCI AC (בשקלים) ת""א 125 - 25%",,גמל להשקעה מניות,2026-09-30T23:46:47+00:00,https://www.gemel-handesaim.co.il/wp-content/uploads/2025/02/ג005_-_הנדסאים_להשקעה_-_מדיניות_השקעות_צפויה_לשנת_2025.xlsx,policy/companies/520042607/raw/520042607/ec0907347aa1_ג005_-_הנדסאים_להשקעה_-_מדיניות_השקעות_צפויה_לשנת_2025.xlsx,גמל להשקעה מניות
520042607,,,520042607|גמל להשקעה מניות|הנדסאים קופה להשקעה מסלול מניות,הנדסאים קופה להשקעה מסלול מניות,2025,"אג""ח ממשלתי",,0.0,0.0,+/-5%,0.0,5.0,"ממשלתי גוב שקלי - 45% ממשלתי צמוד 2-5 שנים - 45% אג""ח ארה""ב 10 שנים 10% (בשקלים)",,גמל להשקעה מניות,2026-09-30T23:46:47+00:00,https://www.gemel-handesaim.co.il/wp-content/uploads/2025/02/ג005_-_הנדסאים_להשקעה_-_מדיניות_השקעות_צפויה_לשנת_2025.xlsx,policy/companies/520042607/raw/520042607/ec0907347aa1_ג005_-_הנדסאים_להשקעה_-_מדיניות_השקעות_צפויה_לשנת_2025.xlsx,גמל להשקעה מניות
520042607,,,520042607|גמל להשקעה מניות|הנדסאים קופה להשקעה מסלול מניות,הנדסאים קופה להשקעה מסלול מניות,2025,"אג""ח קונצרני",,0.0,0.0,+/-6%,0.0,6.0,תל בונד 60 - 50%   תל בונד שקלי - 25% IBOXIN30-25% (בשקלים),,גמל להשקעה מניות,2026-09-30T23:46:47+00:00,https://www.gemel-handesaim.co.il/wp-content/uploads/2025/02/ג005_-_הנדסאים_להשקעה_-_מדיניות_השקעות_צפויה_לשנת_2025.xlsx,policy/companies/520042607/raw/520042607/ec0907347aa1_ג005_-_הנדסאים_להשקעה_-_מדיניות_השקעות_צפויה_לשנת_2025.xlsx,גמל להשקעה מניות
520042607,,,520042607|גמל להשקעה מניות|הנדסאים קופה להשקעה מסלול מניות,הנדסאים קופה להשקעה מסלול מניות,2025,אחר *,,0.0,0.0,+/-5%,0.0,5.0,"75%  MSCI AC (בשקלים) ת""א 125 - 25%",,גמל להשקעה מניות,2026-09-30T23:46:47+00:00,https://www.gemel-handesaim.co.il/wp-content/uploads/2025/02/ג005_-_הנדסאים_להשקעה_-_מדיניות_השקעות_צפויה_לשנת_2025.xlsx,policy/companies/520042607/raw/520042607/ec0907347aa1_ג005_-_הנדסאים_להשקעה_-_מדיניות_השקעות_צפויה_לשנת_2025.xlsx,גמל להשקעה מניות
520042607,,,520042607|גמל להשקעה מניות|הנדסאים קופה להשקעה מסלול מניות,הנדסאים קופה להשקעה מסלול מניות,2025,"עו""ש , פק""מ , פר""י",,3.1,3.0,+/-5%,0.0,8.0,ריבית בנק ישראל,,גמל להשקעה מניות,2026-09-30T23:46:47+00:00,https://www.gemel-handesaim.co.il/wp-content/uploads/2025/02/ג005_-_הנדסאים_להשקעה_-_מדיניות_השקעות_צפויה_לשנת_2025.xlsx,policy/companies/520042607/raw/520042607/ec0907347aa1_ג005_-_הנדסאים_להשקעה_-_מדיניות_השקעות_צפויה_לשנת_2025.xlsx,גמל להשקעה מניות
520042607,,,520042607|גמל להשקעה מניות|הנדסאים קופה להשקעה מסלול מניות,הנדסאים קופה להשקעה מסלול מניות,2025,"חשיפה למט""ח",fx,32.3,25.0,+/-6%,19.0,31.0,"שע""ח דולר/שקל",,גמל להשקעה מניות,2026-09-30T23:46:47+00:00,https://www.gemel-handesaim.co.il/wp-content/uploads/2025/02/ג005_-_הנדסאים_להשקעה_-_מדיניות_השקעות_צפויה_לשנת_2025.xlsx,policy/companies/520042607/raw/520042607/ec0907347aa1_ג005_-_הנדסאים_להשקעה_-_מדיניות_השקעות_צפויה_לשנת_2025.xlsx,גמל להשקעה מניות
520042607,,,520042607|גמל להשקעה מניות|הנדסאים קופה להשקעה מסלול מניות,הנדסאים קופה להשקעה מסלול מניות,2025,מגבלת עמלת ניהול חיצוני לשנת 2025,,0.15,,,,,,,גמל להשקעה מניות,2026-09-30T23:46:47+00:00,https://www.gemel-handesaim.co.il/wp-content/uploads/2025/02/ג005_-_הנדסאים_להשקעה_-_מדיניות_השקעות_צפויה_לשנת_2025.xlsx,policy/companies/520042607/raw/520042607/ec0907347aa1_ג005_-_הנדסאים_להשקעה_-_מדיניות_השקעות_צפויה_לשנת_2025.xlsx,גמל להשקעה מניות
520042607,500,500,s&p 500 -  גמל להשקעה|הנדסאים קופה להשקעה מסלול s&p 500,הנדסאים קופה להשקעה מסלול s&p 500,2025,מניות,equity,97.0,96.0,+/-6%,90.0,100.0,מדד s&p 500,,s&p 500 -  גמל להשקעה,2026-09-30T23:46:47+00:00,https://www.gemel-handesaim.co.il/wp-content/uploads/2025/02/ג005_-_הנדסאים_להשקעה_-_מדיניות_השקעות_צפויה_לשנת_2025.xlsx,policy/companies/520042607/raw/520042607/ec0907347aa1_ג005_-_הנדסאים_להשקעה_-_מדיניות_השקעות_צפויה_לשנת_2025.xlsx,s&p 500 -  גמל להשקעה  
520042607,500,500,s&p 500 -  גמל להשקעה|הנדסאים קופה להשקעה מסלול s&p 500,הנדסאים קופה להשקעה מסלול s&p 500,2025,"אג""ח ממשלתי",,0.0,5.0,+/-5%,0.0,10.0,מדד מקמ,,s&p 500 -  גמל להשקעה,2026-09-30T23:46:47+00:00,https://www.gemel-handesaim.co.il/wp-content/uploads/2025/02/ג005_-_הנדסאים_להשקעה_-_מדיניות_השקעות_צפויה_לשנת_2025.xlsx,policy/companies/520042607/raw/520042607/ec0907347aa1_ג005_-_הנדסאים_להשקעה_-_מדיניות_השקעות_צפויה_לשנת_2025.xlsx,s&p 500 -  גמל להשקעה  
520042607,500,500,s&p 500 -  גמל להשקעה|הנדסאים קופה להשקעה מסלול s&p 500,הנדסאים קופה להשקעה מסלול s&p 500,2025,"אג""ח קונצרני",,0.0,0.0,+/-6%,0.0,6.0,,,s&p 500 -  גמל להשקעה,2026-09-30T23:46:47+00:00,https://www.gemel-handesaim.co.il/wp-content/uploads/2025/02/ג005_-_הנדסאים_להשקעה_-_מדיניות_השקעות_צפויה_לשנת_2025.xlsx,policy/companies/520042607/raw/520042607/ec0907347aa1_ג005_-_הנדסאים_להשקעה_-_מדיניות_השקעות_צפויה_לשנת_2025.xlsx,s&p 500 -  גמל להשקעה  
520042607,500,500,s&p 500 -  גמל להשקעה|הנדסאים קופה להשקעה מסלול s&p 500,הנדסאים קופה להשקעה מסלול s&p 500,2025,אחר *,,0.0,0.0,+/-5%,0.0,5.0,,,s&p 500 -  גמל להשקעה,2026-09-30T23:46:47+00:00,https://www.gemel-handesaim.co.il/wp-content/uploads/2025/02/ג005_-_הנדסאים_להשקעה_-_מדיניות_השקעות_צפויה_לשנת_2025.xlsx,policy/companies/520042607/raw/520042607/ec0907347aa1_ג005_-_הנדסאים_להשקעה_-_מדיניות_השקעות_צפויה_לשנת_2025.xlsx,s&p 500 -  גמל להשקעה  
520042607,500,500,s&p 500 -  גמל להשקעה|הנדסאים קופה להשקעה מסלול s&p 500,הנדסאים קופה להשקעה מסלול s&p 500,2025,"עו""ש , פק""מ , פר""י",,3.0,5.0,+/-5%,0.0,10.0,מדד מקמ,,s&p 500 -  גמל להשקעה,2026-09-30T23:46:47+00:00,https://www.gemel-handesaim.co.il/wp-content/uploads/2025/02/ג005_-_הנדסאים_להשקעה_-_מדיניות_השקעות_צפויה_לשנת_2025.xlsx,policy/companies/520042607/raw/520042607/ec0907347aa1_ג005_-_הנדסאים_להשקעה_-_מדיניות_השקעות_צפויה_לשנת_2025.xlsx,s&p 500 -  גמל להשקעה  
520042607,500,500,s&p 500 -  גמל להשקעה|הנדסאים קופה להשקעה מסלול s&p 500,הנדסאים קופה להשקעה מסלול s&p 500,2025,"חשיפה למט""ח",fx,97.0,100.0,+/-6%,94.0,100.0,דולר,,s&p 500 -  גמל להשקעה,2026-09-30T23:46:47+00:00,https://www.gemel-handesaim.co.il/wp-content/uploads/2025/02/ג005_-_הנדסאים_להשקעה_-_מדיניות_השקעות_צפויה_לשנת_2025.xlsx,policy/companies/520042607/raw/520042607/ec0907347aa1_ג005_-_הנדסאים_להשקעה_-_מדיניות_השקעות_צפויה_לשנת_2025.xlsx,s&p 500 -  גמל להשקעה  
520042607,500,500,s&p 500 -  גמל להשקעה|הנדסאים קופה להשקעה מסלול s&p 500,הנדסאים קופה להשקעה מסלול s&p 500,2025,מגבלת עמלת ניהול חיצוני לשנת 2025,,0.1,,,,,,,s&p 500 -  גמל להשקעה,2026-09-30T23:46:47+00:00,https://www.gemel-handesaim.co.il/wp-content/uploads/2025/02/ג005_-_הנדסאים_להשקעה_-_מדיניות_השקעות_צפויה_לשנת_2025.xlsx,policy/companies/520042607/raw/520042607/ec0907347aa1_ג005_-_הנדסאים_להשקעה_-_מדיניות_השקעות_צפויה_לשנת_2025.xlsx,s&p 500 -  גמל להשקעה  
520042607,,,520042607|מסלול כללי|הנדסאים קופה להשקעה מסלול כללי,הנדסאים קופה להשקעה מסלול כללי,2024,מניות,equity,44.0,44.0,+/-6%,38.0,50.0,"ת""א 125 - 20%  MSCI ALL COUNTRIES - 80%  (בשקלים)",,מסלול כללי,2026-09-30T23:46:47+00:00,https://www.gemel-handesaim.co.il/wp-content/uploads/2024/10/ג016_-_מדיניות_השקעות_צפויה_2024_-_הנדסאים_להשקעה_-_הוספת_מסלול_עוקב_מדד_-_אושר_דירקטוריון_29.5.24.xls,policy/companies/520042607/raw/520042607/28404429de2b_ג016_-_מדיניות_השקעות_צפויה_2024_-_הנדסאים_להשקעה_-_הוספת_מסלול_עוקב_מדד_-_אושר_.xls,מסלול כללי
520042607,,,520042607|מסלול כללי|הנדסאים קופה להשקעה מסלול כללי,הנדסאים קופה להשקעה מסלול כללי,2024,"אג""ח ממשלתי",,18.0,21.0,+/-5%,16.0,26.0,"ממשלתי שקלי 2-5 שנים - 45% ממשלתי צמוד 2-5 שנים - 45% אג""ח ארה""ב 10 שנים 10% (בשקלים)",,מסלול כללי,2026-09-30T23:46:47+00:00,https://www.gemel-handesaim.co.il/wp-content/uploads/2024/10/ג016_-_מדיניות_השקעות_צפויה_2024_-_הנדסאים_להשקעה_-_הוספת_מסלול_עוקב_מדד_-_אושר_דירקטוריון_29.5.24.xls,policy/companies/520042607/raw/520042607/28404429de2b_ג016_-_מדיניות_השקעות_צפויה_2024_-_הנדסאים_להשקעה_-_הוספת_מסלול_עוקב_מדד_-_אושר_.xls,מסלול כללי
520042607,,,520042607|מסלול כללי|הנדסאים קופה להשקעה מסלול כללי,הנדסאים קופה להשקעה מסלול כללי,2024,"אג""ח קונצרני",,28.0,28.0,+/-6%,22.0,34.0,תל בונד 60 - 50%   תל בונד שקלי - 25% IBOXIN30-25% (בשקלים),,מסלול כללי,2026-09-30T23:46:47+00:00,https://www.gemel-handesaim.co.il/wp-content/uploads/2024/10/ג016_-_מדיניות_השקעות_צפויה_2024_-_הנדסאים_להשקעה_-_הוספת_מסלול_עוקב_מדד_-_אושר_דירקטוריון_29.5.24.xls,policy/companies/520042607/raw/520042607/28404429de2b_ג016_-_מדיניות_השקעות_צפויה_2024_-_הנדסאים_להשקעה_-_הוספת_מסלול_עוקב_מדד_-_אושר_.xls,מסלול כללי
520042607,,,520042607|מסלול כללי|הנדסאים קופה להשקעה מסלול כללי,הנדסאים קופה להשקעה מסלול כללי,2024,אחר *,,0.0,2.0,+/-5%,0.0,7.0,"75%  MSCI AC (בשקלים) ת""א 125 - 25%",,מסלול כללי,2026-09-30T23:46:47+00:00,https://www.gemel-handesaim.co.il/wp-content/uploads/2024/10/ג016_-_מדיניות_השקעות_צפויה_2024_-_הנדסאים_להשקעה_-_הוספת_מסלול_עוקב_מדד_-_אושר_דירקטוריון_29.5.24.xls,policy/companies/520042607/raw/520042607/28404429de2b_ג016_-_מדיניות_השקעות_צפויה_2024_-_הנדסאים_להשקעה_-_הוספת_מסלול_עוקב_מדד_-_אושר_.xls,מסלול כללי
520042607,,,520042607|מסלול כללי|הנדסאים קופה להשקעה מסלול כללי,הנדסאים קופה להשקעה מסלול כללי,2024,"עו""ש , פק""מ , פר""י",,9.0,5.0,+/-5%,0.0,10.0,ריבית בנק ישראל,,מסלול כללי,2026-09-30T23:46:47+00:00,https://www.gemel-handesaim.co.il/wp-content/uploads/2024/10/ג016_-_מדיניות_השקעות_צפויה_2024_-_הנדסאים_להשקעה_-_הוספת_מסלול_עוקב_מדד_-_אושר_דירקטוריון_29.5.24.xls,policy/companies/520042607/raw/520042607/28404429de2b_ג016_-_מדיניות_השקעות_צפויה_2024_-_הנדסאים_להשקעה_-_הוספת_מסלול_עוקב_מדד_-_אושר_.xls,מסלול כללי
520042607,,,520042607|מסלול כללי|הנדסאים קופה להשקעה מסלול כללי,הנדסאים קופה להשקעה מסלול כללי,2024,"חשיפה למט""ח",fx,19.0,22.0,+/-6%,16.0,28.0,"שע""ח דולר/שקל",,מסלול כללי,2026-09-30T23:46:47+00:00,https://www.gemel-handesaim.co.il/wp-content/uploads/2024/10/ג016_-_מדיניות_השקעות_צפויה_2024_-_הנדסאים_להשקעה_-_הוספת_מסלול_עוקב_מדד_-_אושר_דירקטוריון_29.5.24.xls,policy/companies/520042607/raw/520042607/28404429de2b_ג016_-_מדיניות_השקעות_צפויה_2024_-_הנדסאים_להשקעה_-_הוספת_מסלול_עוקב_מדד_-_אושר_.xls,מסלול כללי
520042607,,,520042607|מסלול כללי|הנדסאים קופה להשקעה מסלול כללי,הנדסאים קופה להשקעה מסלול כללי,2024,מגבלת עמלת ניהול חיצוני לשנת 2024,,0.1,,,,,,,מסלול כללי,2026-09-30T23:46:47+00:00,https://www.gemel-handesaim.co.il/wp-content/uploads/2024/10/ג016_-_מדיניות_השקעות_צפויה_2024_-_הנדסאים_להשקעה_-_הוספת_מסלול_עוקב_מדד_-_אושר_דירקטוריון_29.5.24.xls,policy/companies/520042607/raw/520042607/28404429de2b_ג016_-_מדיניות_השקעות_צפויה_2024_-_הנדסאים_להשקעה_-_הוספת_מסלול_עוקב_מדד_-_אושר_.xls,מסלול כללי
520042607,,,"520042607|מסלול אג""ח|הנדסאים קופה להשקעה מסלול אג ח",הנדסאים קופה להשקעה מסלול אג ח,2024,"מניות (תעודות סל, אופציות, קרנות נאמנות)",equity,10.3,14.0,6%-/+,8.0,20.0,"ת""א 125 - 20%  MSCI ALL COUNTRIES - 80%  (בשקלים)",,"מסלול אג""ח",2026-09-30T23:46:47+00:00,https://www.gemel-handesaim.co.il/wp-content/uploads/2024/10/ג016_-_מדיניות_השקעות_צפויה_2024_-_הנדסאים_להשקעה_-_הוספת_מסלול_עוקב_מדד_-_אושר_דירקטוריון_29.5.24.xls,policy/companies/520042607/raw/520042607/28404429de2b_ג016_-_מדיניות_השקעות_צפויה_2024_-_הנדסאים_להשקעה_-_הוספת_מסלול_עוקב_מדד_-_אושר_.xls,"מסלול אג""ח"
520042607,,,"520042607|מסלול אג""ח|הנדסאים קופה להשקעה מסלול אג ח",הנדסאים קופה להשקעה מסלול אג ח,2024,"אג""ח ממשלתי",,46.0,40.0,5%-/+,35.0,45.0,"ממשלתי שקלי 2-5 שנים - 45% ממשלתי צמוד 2-5 שנים - 45% אג""ח ארה""ב 10 שנים 10% (בשקלים)",,"מסלול אג""ח",2026-09-30T23:46:47+00:00,https://www.gemel-handesaim.co.il/wp-content/uploads/2024/10/ג016_-_מדיניות_השקעות_צפויה_2024_-_הנדסאים_להשקעה_-_הוספת_מסלול_עוקב_מדד_-_אושר_דירקטוריון_29.5.24.xls,policy/companies/520042607/raw/520042607/28404429de2b_ג016_-_מדיניות_השקעות_צפויה_2024_-_הנדסאים_להשקעה_-_הוספת_מסלול_עוקב_מדד_-_אושר_.xls,"מסלול אג""ח"
520042607,,,"520042607|מסלול אג""ח|הנדסאים קופה להשקעה מסלול אג ח",הנדסאים קופה להשקעה מסלול אג ח,2024,"אג""ח קונצרני",,41.0,38.0,6%-/+,32.0,44.0,תל בונד 60 - 50%   תל בונד שקלי - 25% IBOXIN30-25% (בשקלים),,"מסלול אג""ח",2026-09-30T23:46:47+00:00,https://www.gemel-handesaim.co.il/wp-content/uploads/2024/10/ג016_-_מדיניות_השקעות_צפויה_2024_-_הנדסאים_להשקעה_-_הוספת_מסלול_עוקב_מדד_-_אושר_דירקטוריון_29.5.24.xls,policy/companies/520042607/raw/520042607/28404429de2b_ג016_-_מדיניות_השקעות_צפויה_2024_-_הנדסאים_להשקעה_-_הוספת_מסלול_עוקב_מדד_-_אושר_.xls,"מסלול אג""ח"
520042607,,,"520042607|מסלול אג""ח|הנדסאים קופה להשקעה מסלול אג ח",הנדסאים קופה להשקעה מסלול אג ח,2024,אחר *,,0.26,3.0,5%-/+,0.0,8.0,"75%  MSCI AC (בשקלים) ת""א 125 - 25%",,"מסלול אג""ח",2026-09-30T23:46:47+00:00,https://www.gemel-handesaim.co.il/wp-content/uploads/2024/10/ג016_-_מדיניות_השקעות_צפויה_2024_-_הנדסאים_להשקעה_-_הוספת_מסלול_עוקב_מדד_-_אושר_דירקטוריון_29.5.24.xls,policy/companies/520042607/raw/520042607/28404429de2b_ג016_-_מדיניות_השקעות_צפויה_2024_-_הנדסאים_להשקעה_-_הוספת_מסלול_עוקב_מדד_-_אושר_.xls,"מסלול אג""ח"
520042607,,,"520042607|מסלול אג""ח|הנדסאים קופה להשקעה מסלול אג ח",הנדסאים קופה להשקעה מסלול אג ח,2024,"עו""ש, פר""י, פק""מ",,2.0,5.0,5%-/+,0.0,10.0,ריבית בנק ישראל,,"מסלול אג""ח",2026-09-30T23:46:47+00:00,https://www.gemel-handesaim.co.il/wp-content/uploads/2024/10/ג016_-_מדיניות_השקעות_צפויה_2024_-_הנדסאים_להשקעה_-_הוספת_מסלול_עוקב_מדד_-_אושר_דירקטוריון_29.5.24.xls,policy/companies/520042607/raw/520042607/28404429de2b_ג016_-_מדיניות_השקעות_צפויה_2024_-_הנדסאים_להשקעה_-_הוספת_מסלול_עוקב_מדד_-_אושר_.xls,"מסלול אג""ח"
520042607,,,"520042607|מסלול אג""ח|הנדסאים קופה להשקעה מסלול אג ח",הנדסאים קופה להשקעה מסלול אג ח,2024,"חשיפה למט""ח",fx,8.0,10.0,0.06,4.0,16.0,"שע""ח דולר/שקל",,"מסלול אג""ח",2026-09-30T23:46:47+00:00,https://www.gemel-handesaim.co.il/wp-content/uploads/2024/10/ג016_-_מדיניות_השקעות_צפויה_2024_-_הנדסאים_להשקעה_-_הוספת_מסלול_עוקב_מדד_-_אושר_דירקטוריון_29.5.24.xls,policy/companies/520042607/raw/520042607/28404429de2b_ג016_-_מדיניות_השקעות_צפויה_2024_-_הנדסאים_להשקעה_-_הוספת_מסלול_עוקב_מדד_-_אושר_.xls,"מסלול אג""ח"
520042607,,,"520042607|מסלול אג""ח|הנדסאים קופה להשקעה מסלול אג ח",הנדסאים קופה להשקעה מסלול אג ח,2024,מגבלת עמלת ניהול חיצוני לשנת 2024,,0.05,,,,,,,"מסלול אג""ח",2026-09-30T23:46:47+00:00,https://www.gemel-handesaim.co.il/wp-content/uploads/2024/10/ג016_-_מדיניות_השקעות_צפויה_2024_-_הנדסאים_להשקעה_-_הוספת_מסלול_עוקב_מדד_-_אושר_דירקטוריון_29.5.24.xls,policy/companies/520042607/raw/520042607/28404429de2b_ג016_-_מדיניות_השקעות_צפויה_2024_-_הנדסאים_להשקעה_-_הוספת_מסלול_עוקב_מדד_-_אושר_.xls,"מסלול אג""ח"
520042607,,,520042607|מסלול מניות|הנדסאים קופה להשקעה מסלול מניות,הנדסאים קופה להשקעה מסלול מניות,2024,"מניות (תעודות סל, אופציות, קרנות נאמנות)",equity,90.0,97.0,6%-/+,91.0,103.0,"ת""א 125 - 20%  MSCI ALL COUNTRIES - 80%  (בשקלים)",,מסלול מניות,2026-09-30T23:46:47+00:00,https://www.gemel-handesaim.co.il/wp-content/uploads/2024/10/ג016_-_מדיניות_השקעות_צפויה_2024_-_הנדסאים_להשקעה_-_הוספת_מסלול_עוקב_מדד_-_אושר_דירקטוריון_29.5.24.xls,policy/companies/520042607/raw/520042607/28404429de2b_ג016_-_מדיניות_השקעות_צפויה_2024_-_הנדסאים_להשקעה_-_הוספת_מסלול_עוקב_מדד_-_אושר_.xls,מסלול מניות
520042607,,,520042607|מסלול מניות|הנדסאים קופה להשקעה מסלול מניות,הנדסאים קופה להשקעה מסלול מניות,2024,"אג""ח ממשלתי",,0.0,5.0,5%-/+,0.0,10.0,"ממשלתי שקלי 2-5 שנים - 45% ממשלתי צמוד 2-5 שנים - 45% אג""ח ארה""ב 10 שנים 10% (בשקלים)",,מסלול מניות,2026-09-30T23:46:47+00:00,https://www.gemel-handesaim.co.il/wp-content/uploads/2024/10/ג016_-_מדיניות_השקעות_צפויה_2024_-_הנדסאים_להשקעה_-_הוספת_מסלול_עוקב_מדד_-_אושר_דירקטוריון_29.5.24.xls,policy/companies/520042607/raw/520042607/28404429de2b_ג016_-_מדיניות_השקעות_צפויה_2024_-_הנדסאים_להשקעה_-_הוספת_מסלול_עוקב_מדד_-_אושר_.xls,מסלול מניות
520042607,,,520042607|מסלול מניות|הנדסאים קופה להשקעה מסלול מניות,הנדסאים קופה להשקעה מסלול מניות,2024,"אג""ח קונצרני",,0.0,0.0,6%-/+,0.0,6.0,תל בונד 60 - 50%   תל בונד שקלי - 25% IBOXIN30-25% (בשקלים),,מסלול מניות,2026-09-30T23:46:47+00:00,https://www.gemel-handesaim.co.il/wp-content/uploads/2024/10/ג016_-_מדיניות_השקעות_צפויה_2024_-_הנדסאים_להשקעה_-_הוספת_מסלול_עוקב_מדד_-_אושר_דירקטוריון_29.5.24.xls,policy/companies/520042607/raw/520042607/28404429de2b_ג016_-_מדיניות_השקעות_צפויה_2024_-_הנדסאים_להשקעה_-_הוספת_מסלול_עוקב_מדד_-_אושר_.xls,מסלול מניות
520042607,,,520042607|מסלול מניות|הנדסאים קופה להשקעה מסלול מניות,הנדסאים קופה להשקעה מסלול מניות,2024,אחר *,,0.0,0.0,5%-/+,0.0,5.0,"75%  MSCI AC (בשקלים) ת""א 125 - 25%",,מסלול מניות,2026-09-30T23:46:47+00:00,https://www.gemel-handesaim.co.il/wp-content/uploads/2024/10/ג016_-_מדיניות_השקעות_צפויה_2024_-_הנדסאים_להשקעה_-_הוספת_מסלול_עוקב_מדד_-_אושר_דירקטוריון_29.5.24.xls,policy/companies/520042607/raw/520042607/28404429de2b_ג016_-_מדיניות_השקעות_צפויה_2024_-_הנדסאים_להשקעה_-_הוספת_מסלול_עוקב_מדד_-_אושר_.xls,מסלול מניות
520042607,,,520042607|מסלול מניות|הנדסאים קופה להשקעה מסלול מניות,הנדסאים קופה להשקעה מסלול מניות,2024,"עו""ש, פר""י, פק""מ",,9.0,5.0,5%-/+,0.0,10.0,"75%  MSCI AC (בשקלים) ת""א 125 - 25%",,מסלול מניות,2026-09-30T23:46:47+00:00,https://www.gemel-handesaim.co.il/wp-content/uploads/2024/10/ג016_-_מדיניות_השקעות_צפויה_2024_-_הנדסאים_להשקעה_-_הוספת_מסלול_עוקב_מדד_-_אושר_דירקטוריון_29.5.24.xls,policy/companies/520042607/raw/520042607/28404429de2b_ג016_-_מדיניות_השקעות_צפויה_2024_-_הנדסאים_להשקעה_-_הוספת_מסלול_עוקב_מדד_-_אושר_.xls,מסלול מניות
520042607,,,520042607|מסלול מניות|הנדסאים קופה להשקעה מסלול מניות,הנדסאים קופה להשקעה מסלול מניות,2024,"חשיפה למט""ח",fx,37.0,37.0,6%-/+,31.0,43.0,,,מסלול מניות,2026-09-30T23:46:47+00:00,https://www.gemel-handesaim.co.il/wp-content/uploads/2024/10/ג016_-_מדיניות_השקעות_צפויה_2024_-_הנדסאים_להשקעה_-_הוספת_מסלול_עוקב_מדד_-_אושר_דירקטוריון_29.5.24.xls,policy/companies/520042607/raw/520042607/28404429de2b_ג016_-_מדיניות_השקעות_צפויה_2024_-_הנדסאים_להשקעה_-_הוספת_מסלול_עוקב_מדד_-_אושר_.xls,מסלול מניות
520042607,,,520042607|מסלול מניות|הנדסאים קופה להשקעה מסלול מניות,הנדסאים קופה להשקעה מסלול מניות,2024,מגבלת עמלת ניהול חיצוני לשנת 2024,,0.1,,,,,"שע""ח שקל/דולר",,מסלול מניות,2026-09-30T23:46:47+00:00,https://www.gemel-handesaim.co.il/wp-content/uploads/2024/10/ג016_-_מדיניות_השקעות_צפויה_2024_-_הנדסאים_להשקעה_-_הוספת_מסלול_עוקב_מדד_-_אושר_דירקטוריון_29.5.24.xls,policy/companies/520042607/raw/520042607/28404429de2b_ג016_-_מדיניות_השקעות_צפויה_2024_-_הנדסאים_להשקעה_-_הוספת_מסלול_עוקב_מדד_-_אושר_.xls,מסלול מניות
520042607,500,500,s&p 500 מסלול|הנדסאים להשקעה מסלול s&p 500,הנדסאים להשקעה מסלול s&p 500,2024,מניות,equity,,94.0,+/-6%,88.0,100.0,מדד s&p 500,,s&p 500 מסלול,2026-09-30T23:46:47+00:00,https://www.gemel-handesaim.co.il/wp-content/uploads/2024/10/ג016_-_מדיניות_השקעות_צפויה_2024_-_הנדסאים_להשקעה_-_הוספת_מסלול_עוקב_מדד_-_אושר_דירקטוריון_29.5.24.xls,policy/companies/520042607/raw/520042607/28404429de2b_ג016_-_מדיניות_השקעות_צפויה_2024_-_הנדסאים_להשקעה_-_הוספת_מסלול_עוקב_מדד_-_אושר_.xls,s&p 500 מסלול
520042607,500,500,s&p 500 מסלול|הנדסאים להשקעה מסלול s&p 500,הנדסאים להשקעה מסלול s&p 500,2024,"אג""ח ממשלתי",,,5.0,+/-5%,0.0,10.0,מדד מקמ,,s&p 500 מסלול,2026-09-30T23:46:47+00:00,https://www.gemel-handesaim.co.il/wp-content/uploads/2024/10/ג016_-_מדיניות_השקעות_צפויה_2024_-_הנדסאים_להשקעה_-_הוספת_מסלול_עוקב_מדד_-_אושר_דירקטוריון_29.5.24.xls,policy/companies/520042607/raw/520042607/28404429de2b_ג016_-_מדיניות_השקעות_צפויה_2024_-_הנדסאים_להשקעה_-_הוספת_מסלול_עוקב_מדד_-_אושר_.xls,s&p 500 מסלול
520042607,500,500,s&p 500 מסלול|הנדסאים להשקעה מסלול s&p 500,הנדסאים להשקעה מסלול s&p 500,2024,"אג""ח קונצרני",,,0.0,+/-6%,0.0,6.0,,,s&p 500 מסלול,2026-09-30T23:46:47+00:00,https://www.gemel-handesaim.co.il/wp-content/uploads/2024/10/ג016_-_מדיניות_השקעות_צפויה_2024_-_הנדסאים_להשקעה_-_הוספת_מסלול_עוקב_מדד_-_אושר_דירקטוריון_29.5.24.xls,policy/companies/520042607/raw/520042607/28404429de2b_ג016_-_מדיניות_השקעות_צפויה_2024_-_הנדסאים_להשקעה_-_הוספת_מסלול_עוקב_מדד_-_אושר_.xls,s&p 500 מסלול
520042607,500,500,s&p 500 מסלול|הנדסאים להשקעה מסלול s&p 500,הנדסאים להשקעה מסלול s&p 500,2024,אחר *,,,0.0,+/-5%,0.0,5.0,,,s&p 500 מסלול,2026-09-30T23:46:47+00:00,https://www.gemel-handesaim.co.il/wp-content/uploads/2024/10/ג016_-_מדיניות_השקעות_צפויה_2024_-_הנדסאים_להשקעה_-_הוספת_מסלול_עוקב_מדד_-_אושר_דירקטוריון_29.5.24.xls,policy/companies/520042607/raw/520042607/28404429de2b_ג016_-_מדיניות_השקעות_צפויה_2024_-_הנדסאים_להשקעה_-_הוספת_מסלול_עוקב_מדד_-_אושר_.xls,s&p 500 מסלול
520042607,500,500,s&p 500 מסלול|הנדסאים להשקעה מסלול s&p 500,הנדסאים להשקעה מסלול s&p 500,2024,"עו""ש , פק""מ , פר""י",,,5.0,+/-5%,0.0,10.0,מדד מקמ,,s&p 500 מסלול,2026-09-30T23:46:47+00:00,https://www.gemel-handesaim.co.il/wp-content/uploads/2024/10/ג016_-_מדיניות_השקעות_צפויה_2024_-_הנדסאים_להשקעה_-_הוספת_מסלול_עוקב_מדד_-_אושר_דירקטוריון_29.5.24.xls,policy/companies/520042607/raw/520042607/28404429de2b_ג016_-_מדיניות_השקעות_צפויה_2024_-_הנדסאים_להשקעה_-_הוספת_מסלול_עוקב_מדד_-_אושר_.xls,s&p 500 מסלול
520042607,500,500,s&p 500 מסלול|הנדסאים להשקעה מסלול s&p 500,הנדסאים להשקעה מסלול s&p 500,2024,"חשיפה למט""ח",fx,,94.0,+/-6%,88.0,100.0,דולר,,s&p 500 מסלול,2026-09-30T23:46:47+00:00,https://www.gemel-handesaim.co.il/wp-content/uploads/2024/10/ג016_-_מדיניות_השקעות_צפויה_2024_-_הנדסאים_להשקעה_-_הוספת_מסלול_עוקב_מדד_-_אושר_דירקטוריון_29.5.24.xls,policy/companies/520042607/raw/520042607/28404429de2b_ג016_-_מדיניות_השקעות_צפויה_2024_-_הנדסאים_להשקעה_-_הוספת_מסלול_עוקב_מדד_-_אושר_.xls,s&p 500 מסלול
520042607,500,500,s&p 500 מסלול|הנדסאים להשקעה מסלול s&p 500,הנדסאים להשקעה מסלול s&p 500,2024,מגבלת עמלת ניהול חיצוני לשנת 2024,,0.1,,,,,,,s&p 500 מסלול,2026-09-30T23:46:47+00:00,https://www.gemel-handesaim.co.il/wp-content/uploads/2024/10/ג016_-_מדיניות_השקעות_צפויה_2024_-_הנדסאים_להשקעה_-_הוספת_מסלול_עוקב_מדד_-_אושר_דירקטוריון_29.5.24.xls,policy/companies/520042607/raw/520042607/28404429de2b_ג016_-_מדיניות_השקעות_צפויה_2024_-_הנדסאים_להשקעה_-_הוספת_מסלול_עוקב_מדד_-_אושר_.xls,s&p 500 מסלול
520042607,,,520042607|הנדסאים קופה להשקעה כללי|הנדסאים קופה להשקעה מסלול כללי,הנדסאים קופה להשקעה מסלול כללי,2023,מניות,equity,,47.0,+/-6%,41.0,53.0,"ת""א 125 - 25%  MSCI ALL COUNTRIES - 75%  (בשקלים)",,הנדסאים קופה להשקעה כללי,2026-09-30T23:46:47+00:00,https://www.gemel-handesaim.co.il/wp-content/uploads/2023/01/ג011_-_הנדסאים_להשקעה_-_מדיניות_השקעות_צפויה_לשנת_2023_-_מאושרת_30.1.2023.xlsx,policy/companies/520042607/raw/520042607/a6ea77912416_ג011_-_הנדסאים_להשקעה_-_מדיניות_השקעות_צפויה_לשנת_2023_-_מאושרת_30.1.2023.xlsx,הנדסאים קופה להשקעה כללי
520042607,,,520042607|הנדסאים קופה להשקעה כללי|הנדסאים קופה להשקעה מסלול כללי,הנדסאים קופה להשקעה מסלול כללי,2023,"אג""ח ממשלתי",,,20.0,+/-5%,15.0,25.0,ממשלתי שקלי 2-5 שנים - 50% ממשלתי צמוד 2-5 שנים - 50%,,הנדסאים קופה להשקעה כללי,2026-09-30T23:46:47+00:00,https://www.gemel-handesaim.co.il/wp-content/uploads/2023/01/ג011_-_הנדסאים_להשקעה_-_מדיניות_השקעות_צפויה_לשנת_2023_-_מאושרת_30.1.2023.xlsx,policy/companies/520042607/raw/520042607/a6ea77912416_ג011_-_הנדסאים_להשקעה_-_מדיניות_השקעות_צפויה_לשנת_2023_-_מאושרת_30.1.2023.xlsx,הנדסאים קופה להשקעה כללי
520042607,,,520042607|הנדסאים קופה להשקעה כללי|הנדסאים קופה להשקעה מסלול כללי,הנדסאים קופה להשקעה מסלול כללי,2023,"אג""ח קונצרני",,,26.0,+/-6%,20.0,32.0,תל בונד 60 - 60%   תל בונד שקלי - 30% IBOXIN30-10% (שקלי),,הנדסאים קופה להשקעה כללי,2026-09-30T23:46:47+00:00,https://www.gemel-handesaim.co.il/wp-content/uploads/2023/01/ג011_-_הנדסאים_להשקעה_-_מדיניות_השקעות_צפויה_לשנת_2023_-_מאושרת_30.1.2023.xlsx,policy/companies/520042607/raw/520042607/a6ea77912416_ג011_-_הנדסאים_להשקעה_-_מדיניות_השקעות_צפויה_לשנת_2023_-_מאושרת_30.1.2023.xlsx,הנדסאים קופה להשקעה כללי
520042607,,,520042607|הנדסאים קופה להשקעה כללי|הנדסאים קופה להשקעה מסלול כללי,הנדסאים קופה להשקעה מסלול כללי,2023,"אחר ( קרנות נדל""ן , קרנות הון , הון סיכון, קרנות PE ,קרנות גידור )",,,2.0,+/-5%,0.0,7.0,"75%  MSCI AC (בשקלים) ת""א 125 - 25%",,הנדסאים קופה להשקעה כללי,2026-09-30T23:46:47+00:00,https://www.gemel-handesaim.co.il/wp-content/uploads/2023/01/ג011_-_הנדסאים_להשקעה_-_מדיניות_השקעות_צפויה_לשנת_2023_-_מאושרת_30.1.2023.xlsx,policy/companies/520042607/raw/520042607/a6ea77912416_ג011_-_הנדסאים_להשקעה_-_מדיניות_השקעות_צפויה_לשנת_2023_-_מאושרת_30.1.2023.xlsx,הנדסאים קופה להשקעה כללי
520042607,,,520042607|הנדסאים קופה להשקעה כללי|הנדסאים קופה להשקעה מסלול כללי,הנדסאים קופה להשקעה מסלול כללי,2023,"עו""ש , פק""מ , פר""י",,,5.0,+/-5%,0.0,10.0,"מדד מק""מ",,הנדסאים קופה להשקעה כללי,2026-09-30T23:46:47+00:00,https://www.gemel-handesaim.co.il/wp-content/uploads/2023/01/ג011_-_הנדסאים_להשקעה_-_מדיניות_השקעות_צפויה_לשנת_2023_-_מאושרת_30.1.2023.xlsx,policy/companies/520042607/raw/520042607/a6ea77912416_ג011_-_הנדסאים_להשקעה_-_מדיניות_השקעות_צפויה_לשנת_2023_-_מאושרת_30.1.2023.xlsx,הנדסאים קופה להשקעה כללי
520042607,,,520042607|הנדסאים קופה להשקעה כללי|הנדסאים קופה להשקעה מסלול כללי,הנדסאים קופה להשקעה מסלול כללי,2023,"חשיפה למט""ח",fx,,18.0,+/-6%,12.0,24.0,דולר 90% אירו 10%,,הנדסאים קופה להשקעה כללי,2026-09-30T23:46:47+00:00,https://www.gemel-handesaim.co.il/wp-content/uploads/2023/01/ג011_-_הנדסאים_להשקעה_-_מדיניות_השקעות_צפויה_לשנת_2023_-_מאושרת_30.1.2023.xlsx,policy/companies/520042607/raw/520042607/a6ea77912416_ג011_-_הנדסאים_להשקעה_-_מדיניות_השקעות_צפויה_לשנת_2023_-_מאושרת_30.1.2023.xlsx,הנדסאים קופה להשקעה כללי
520042607,,,520042607|הנדסאים קופה להשקעה כללי|הנדסאים קופה להשקעה מסלול כללי,הנדסאים קופה להשקעה מסלול כללי,2023,מגבלת עמלת ניהול חיצוני,,,0.3,,,,,,הנדסאים קופה להשקעה כללי,2026-09-30T23:46:47+00:00,https://www.gemel-handesaim.co.il/wp-content/uploads/2023/01/ג011_-_הנדסאים_להשקעה_-_מדיניות_השקעות_צפויה_לשנת_2023_-_מאושרת_30.1.2023.xlsx,policy/companies/520042607/raw/520042607/a6ea77912416_ג011_-_הנדסאים_להשקעה_-_מדיניות_השקעות_צפויה_לשנת_2023_-_מאושרת_30.1.2023.xlsx,הנדסאים קופה להשקעה כללי
520042607,,,520042607|שדות עד 50|מדינות השקעות צפויה לשנת 2020,מדינות השקעות צפויה לשנת 2020,2023,מניות,equity,48.03,50.0,0.06,44.0,56.0,"ת""א 100/125  40% 60%  MSCI AC",,שדות עד 50,2026-09-30T23:46:47+00:00,https://www.gemel-handesaim.co.il/wp-content/uploads/2023/01/ג011_-_הנדסאים_להשקעה_-_מדיניות_השקעות_צפויה_לשנת_2023_-_מאושרת_30.1.2023.xlsx,policy/companies/520042607/raw/520042607/a6ea77912416_ג011_-_הנדסאים_להשקעה_-_מדיניות_השקעות_צפויה_לשנת_2023_-_מאושרת_30.1.2023.xlsx,שדות עד 50
520042607,,,520042607|שדות עד 50|מדינות השקעות צפויה לשנת 2020,מדינות השקעות צפויה לשנת 2020,2023,"אג""ח ממשלתי",,19.69,20.0,0.05,15.0,25.0,ממשלתי שקלי 2-5 שנים 50%  ממשלתי צמוד 2-5 שנים 50%,,שדות עד 50,2026-09-30T23:46:47+00:00,https://www.gemel-handesaim.co.il/wp-content/uploads/2023/01/ג011_-_הנדסאים_להשקעה_-_מדיניות_השקעות_צפויה_לשנת_2023_-_מאושרת_30.1.2023.xlsx,policy/companies/520042607/raw/520042607/a6ea77912416_ג011_-_הנדסאים_להשקעה_-_מדיניות_השקעות_צפויה_לשנת_2023_-_מאושרת_30.1.2023.xlsx,שדות עד 50
520042607,,,520042607|שדות עד 50|מדינות השקעות צפויה לשנת 2020,מדינות השקעות צפויה לשנת 2020,2023,"אג""ח קונצרני (כולל תעודות סל, ETF)",,26.77,24.0,0.06,18.0,30.0,תל בונד 60 50% תל בונד שקלי 25% IboxxIG 25%,,שדות עד 50,2026-09-30T23:46:47+00:00,https://www.gemel-handesaim.co.il/wp-content/uploads/2023/01/ג011_-_הנדסאים_להשקעה_-_מדיניות_השקעות_צפויה_לשנת_2023_-_מאושרת_30.1.2023.xlsx,policy/companies/520042607/raw/520042607/a6ea77912416_ג011_-_הנדסאים_להשקעה_-_מדיניות_השקעות_צפויה_לשנת_2023_-_מאושרת_30.1.2023.xlsx,שדות עד 50
520042607,,,520042607|שדות עד 50|מדינות השקעות צפויה לשנת 2020,מדינות השקעות צפויה לשנת 2020,2023,"אחר: קרנות נדלן, קרנות הון סיכון, קרנות PE, קרנות גידור,תיקי משכנתאות, מזומנים במט""ח",,0.0,1.0,0.05,0.0,6.0,s&p 500,,שדות עד 50,2026-09-30T23:46:47+00:00,https://www.gemel-handesaim.co.il/wp-content/uploads/2023/01/ג011_-_הנדסאים_להשקעה_-_מדיניות_השקעות_צפויה_לשנת_2023_-_מאושרת_30.1.2023.xlsx,policy/companies/520042607/raw/520042607/a6ea77912416_ג011_-_הנדסאים_להשקעה_-_מדיניות_השקעות_צפויה_לשנת_2023_-_מאושרת_30.1.2023.xlsx,שדות עד 50
520042607,,,520042607|שדות עד 50|מדינות השקעות צפויה לשנת 2020,מדינות השקעות צפויה לשנת 2020,2023,"עו""ש, פרי, פק""מ",,5.5,5.0,0.05,0.0,10.0,"מדד מק""מ",,שדות עד 50,2026-09-30T23:46:47+00:00,https://www.gemel-handesaim.co.il/wp-content/uploads/2023/01/ג011_-_הנדסאים_להשקעה_-_מדיניות_השקעות_צפויה_לשנת_2023_-_מאושרת_30.1.2023.xlsx,policy/companies/520042607/raw/520042607/a6ea77912416_ג011_-_הנדסאים_להשקעה_-_מדיניות_השקעות_צפויה_לשנת_2023_-_מאושרת_30.1.2023.xlsx,שדות עד 50
520042607,,,520042607|שדות עד 50|מדינות השקעות צפויה לשנת 2020,מדינות השקעות צפויה לשנת 2020,2023,"חשיפה למט""ח",fx,21.83,20.0,0.06,14.0,26.0,דולר-75% אירו- 25%,,שדות עד 50,2026-09-30T23:46:47+00:00,https://www.gemel-handesaim.co.il/wp-content/uploads/2023/01/ג011_-_הנדסאים_להשקעה_-_מדיניות_השקעות_צפויה_לשנת_2023_-_מאושרת_30.1.2023.xlsx,policy/companies/520042607/raw/520042607/a6ea77912416_ג011_-_הנדסאים_להשקעה_-_מדיניות_השקעות_צפויה_לשנת_2023_-_מאושרת_30.1.2023.xlsx,שדות עד 50
520042607,,,520042607|שדות 60 ומעלה|שדות 60 ומעלה,שדות 60 ומעלה,2023,מניות,equity,18.82,18.0,0.06,12.0,24.0,"ת""א 125/100 40% 60%  MSCI AC",,שדות 60 ומעלה,2026-09-30T23:46:47+00:00,https://www.gemel-handesaim.co.il/wp-content/uploads/2023/01/ג011_-_הנדסאים_להשקעה_-_מדיניות_השקעות_צפויה_לשנת_2023_-_מאושרת_30.1.2023.xlsx,policy/companies/520042607/raw/520042607/a6ea77912416_ג011_-_הנדסאים_להשקעה_-_מדיניות_השקעות_צפויה_לשנת_2023_-_מאושרת_30.1.2023.xlsx,שדות 60 ומעלה
520042607,,,520042607|שדות 60 ומעלה|שדות 60 ומעלה,שדות 60 ומעלה,2023,"אג""ח ממשלתי",,44.46,46.0,0.05,41.0,51.0,ממשלתי שקלי 2-5 שנים 50%  ממשלתי צמוד 2-5 שנים 50%,,שדות 60 ומעלה,2026-09-30T23:46:47+00:00,https://www.gemel-handesaim.co.il/wp-content/uploads/2023/01/ג011_-_הנדסאים_להשקעה_-_מדיניות_השקעות_צפויה_לשנת_2023_-_מאושרת_30.1.2023.xlsx,policy/companies/520042607/raw/520042607/a6ea77912416_ג011_-_הנדסאים_להשקעה_-_מדיניות_השקעות_צפויה_לשנת_2023_-_מאושרת_30.1.2023.xlsx,שדות 60 ומעלה
520042607,,,520042607|שדות 60 ומעלה|שדות 60 ומעלה,שדות 60 ומעלה,2023,"אג""ח קונצרני (כולל תעודות סל, ETF)",,30.31,30.0,0.06,24.0,36.0,תל בונד 60 50% תל בונד שקלי 25% IboxxIG 25%,,שדות 60 ומעלה,2026-09-30T23:46:47+00:00,https://www.gemel-handesaim.co.il/wp-content/uploads/2023/01/ג011_-_הנדסאים_להשקעה_-_מדיניות_השקעות_צפויה_לשנת_2023_-_מאושרת_30.1.2023.xlsx,policy/companies/520042607/raw/520042607/a6ea77912416_ג011_-_הנדסאים_להשקעה_-_מדיניות_השקעות_צפויה_לשנת_2023_-_מאושרת_30.1.2023.xlsx,שדות 60 ומעלה
520042607,,,520042607|שדות 60 ומעלה|שדות 60 ומעלה,שדות 60 ומעלה,2023,"אחר: קרנות נדלן, קרנות הון סיכון, קרנות PE, קרנות גידור,תיקי משכנתאות, מזומנים במט""ח",,0.0,1.0,0.05,0.0,6.0,s&p 500,,שדות 60 ומעלה,2026-09-30T23:46:47+00:00,https://www.gemel-handesaim.co.il/wp-content/uploads/2023/01/ג011_-_הנדסאים_להשקעה_-_מדיניות_השקעות_צפויה_לשנת_2023_-_מאושרת_30.1.2023.xlsx,policy/companies/520042607/raw/520042607/a6ea77912416_ג011_-_הנדסאים_להשקעה_-_מדיניות_השקעות_צפויה_לשנת_2023_-_מאושרת_30.1.2023.xlsx,שדות 60 ומעלה
520042607,,,520042607|שדות 60 ומעלה|שדות 60 ומעלה,שדות 60 ומעלה,2023,"עו""ש, פרי, פק""מ",,6.41,5.0,0.05,0.0,10.0,"מדד מק""מ",,שדות 60 ומעלה,2026-09-30T23:46:47+00:00,https://www.gemel-handesaim.co.il/wp-content/uploads/2023/01/ג011_-_הנדסאים_להשקעה_-_מדיניות_השקעות_צפויה_לשנת_2023_-_מאושרת_30.1.2023.xlsx,policy/companies/520042607/raw/520042607/a6ea77912416_ג011_-_הנדסאים_להשקעה_-_מדיניות_השקעות_צפויה_לשנת_2023_-_מאושרת_30.1.2023.xlsx,שדות 60 ומעלה
520042607,,,520042607|שדות 60 ומעלה|שדות 60 ומעלה,שדות 60 ומעלה,2023,"חשיפה למט""ח",fx,10.37,10.0,0.06,4.0,16.0,דולר-75% אירו- 25%,,שדות 60 ומעלה,2026-09-30T23:46:47+00:00,https://www.gemel-handesaim.co.il/wp-content/uploads/2023/01/ג011_-_הנדסאים_להשקעה_-_מדיניות_השקעות_צפויה_לשנת_2023_-_מאושרת_30.1.2023.xlsx,policy/companies/520042607/raw/520042607/a6ea77912416_ג011_-_הנדסאים_להשקעה_-_מדיניות_השקעות_צפויה_לשנת_2023_-_מאושרת_30.1.2023.xlsx,שדות 60 ומעלה
520042607,3126,3126,מדיניות צפויה שובל 2019|קופ ג על שובל כללי 3126,קופ ג על שובל כללי 3126,2023,"מניות (תעודות סל, אופציות, קרנות נאמנות)",equity,35.95,34.0,0.06,28.0,40.0,"מניות בארץ - ת""א 125 - 40%   מניות בחו""ל  - MSCI AC - 60%",,מדיניות צפויה שובל 2019,2026-09-30T23:46:47+00:00,https://www.gemel-handesaim.co.il/wp-content/uploads/2023/01/ג011_-_הנדסאים_להשקעה_-_מדיניות_השקעות_צפויה_לשנת_2023_-_מאושרת_30.1.2023.xlsx,policy/companies/520042607/raw/520042607/a6ea77912416_ג011_-_הנדסאים_להשקעה_-_מדיניות_השקעות_צפויה_לשנת_2023_-_מאושרת_30.1.2023.xlsx,מדיניות צפויה שובל 2019
520042607,3126,3126,מדיניות צפויה שובל 2019|קופ ג על שובל כללי 3126,קופ ג על שובל כללי 3126,2023,"אג""ח ממשלתי",,19.18,23.0,0.05,15.0,25.0,ממשלתי צמוד 2-5 - 30%      ממשלתי שקלי 2-5 -70%,,מדיניות צפויה שובל 2019,2026-09-30T23:46:47+00:00,https://www.gemel-handesaim.co.il/wp-content/uploads/2023/01/ג011_-_הנדסאים_להשקעה_-_מדיניות_השקעות_צפויה_לשנת_2023_-_מאושרת_30.1.2023.xlsx,policy/companies/520042607/raw/520042607/a6ea77912416_ג011_-_הנדסאים_להשקעה_-_מדיניות_השקעות_צפויה_לשנת_2023_-_מאושרת_30.1.2023.xlsx,מדיניות צפויה שובל 2019
520042607,3126,3126,מדיניות צפויה שובל 2019|קופ ג על שובל כללי 3126,קופ ג על שובל כללי 3126,2023,"אג""ח קונצרני (קרנות נאמנות, תעודות סל)",,37.11,32.0,0.06,33.0,45.0,תל בונד 60 -60%            תל בונד שקלי - 20% Barclays Multiverse Total Return Index Unhedged  -20%,,מדיניות צפויה שובל 2019,2026-09-30T23:46:47+00:00,https://www.gemel-handesaim.co.il/wp-content/uploads/2023/01/ג011_-_הנדסאים_להשקעה_-_מדיניות_השקעות_צפויה_לשנת_2023_-_מאושרת_30.1.2023.xlsx,policy/companies/520042607/raw/520042607/a6ea77912416_ג011_-_הנדסאים_להשקעה_-_מדיניות_השקעות_צפויה_לשנת_2023_-_מאושרת_30.1.2023.xlsx,מדיניות צפויה שובל 2019
520042607,3126,3126,מדיניות צפויה שובל 2019|קופ ג על שובל כללי 3126,קופ ג על שובל כללי 3126,2023,אחר,,3.16,6.0,0.05,0.0,9.0,MSCI AC,,מדיניות צפויה שובל 2019,2026-09-30T23:46:47+00:00,https://www.gemel-handesaim.co.il/wp-content/uploads/2023/01/ג011_-_הנדסאים_להשקעה_-_מדיניות_השקעות_צפויה_לשנת_2023_-_מאושרת_30.1.2023.xlsx,policy/companies/520042607/raw/520042607/a6ea77912416_ג011_-_הנדסאים_להשקעה_-_מדיניות_השקעות_צפויה_לשנת_2023_-_מאושרת_30.1.2023.xlsx,מדיניות צפויה שובל 2019
520042607,3126,3126,מדיניות צפויה שובל 2019|קופ ג על שובל כללי 3126,קופ ג על שובל כללי 3126,2023,מזומן,,4.6,5.0,0.05,0.0,8.0,ריבית בנק ישראל,,מדיניות צפויה שובל 2019,2026-09-30T23:46:47+00:00,https://www.gemel-handesaim.co.il/wp-content/uploads/2023/01/ג011_-_הנדסאים_להשקעה_-_מדיניות_השקעות_צפויה_לשנת_2023_-_מאושרת_30.1.2023.xlsx,policy/companies/520042607/raw/520042607/a6ea77912416_ג011_-_הנדסאים_להשקעה_-_מדיניות_השקעות_צפויה_לשנת_2023_-_מאושרת_30.1.2023.xlsx,מדיניות צפויה שובל 2019
520042607,3126,3126,מדיניות צפויה שובל 2019|קופ ג על שובל כללי 3126,קופ ג על שובל כללי 3126,2023,"חשיפה למט""ח",fx,19.47,18.0,0.06,11.0,23.0,,,מדיניות צפויה שובל 2019,2026-09-30T23:46:47+00:00,https://www.gemel-handesaim.co.il/wp-content/uploads/2023/01/ג011_-_הנדסאים_להשקעה_-_מדיניות_השקעות_צפויה_לשנת_2023_-_מאושרת_30.1.2023.xlsx,policy/companies/520042607/raw/520042607/a6ea77912416_ג011_-_הנדסאים_להשקעה_-_מדיניות_השקעות_צפויה_לשנת_2023_-_מאושרת_30.1.2023.xlsx,מדיניות צפויה שובל 2019
