legal_id,fund_id,track_no,track_code,track_name,year,asset,asset_key,current_pct,expected_pct,tolerance,min_pct,max_pct,benchmark,policy_text,group,doc_first_seen,url,doc_file,sheet
520042573,159,159,"מדיניות צפויה עו""ס - מסלול כללי|עו ס מסלול כללי מס מס הכנסה 159",עו ס מסלול כללי מס מס הכנסה 159,2015,"מניות (תעודות סל, אופציות, קרנות נאמנות)",equity,34.33,32.0,-/+ 6%,26.0,38.0,"מניות בארץ - ת""א 100 - 40%   מניות בחו""ל  - MSCI AC- 60%",,"מדיניות צפויה עו""ס - מסלול כללי",2026-09-30T23:38:13+00:00,https://www.os-gml.co.il/wp-content/uploads/2014/11/2015-Investment_policy.xls?pid=4943,policy/companies/520042573/raw/520042573/66322dcfe661_2015-Investment_policy.xls,"מדיניות צפויה עו""ס - מסלול כללי"
520042573,159,159,"מדיניות צפויה עו""ס - מסלול כללי|עו ס מסלול כללי מס מס הכנסה 159",עו ס מסלול כללי מס מס הכנסה 159,2015,"אג""ח ממשלתי",,30.38,26.0,-/+ 5%,21.0,31.0,ממשלתי צמוד 2-5 - 50%     ממשלתי שקלי 2-5 -50%,,"מדיניות צפויה עו""ס - מסלול כללי",2026-09-30T23:38:13+00:00,https://www.os-gml.co.il/wp-content/uploads/2014/11/2015-Investment_policy.xls?pid=4943,policy/companies/520042573/raw/520042573/66322dcfe661_2015-Investment_policy.xls,"מדיניות צפויה עו""ס - מסלול כללי"
520042573,159,159,"מדיניות צפויה עו""ס - מסלול כללי|עו ס מסלול כללי מס מס הכנסה 159",עו ס מסלול כללי מס מס הכנסה 159,2015,"אג""ח קונצרני (קרנות נאמנות, תעודות סל)",,32.12,38.0,-/+ 6%,32.0,44.0,תל בונד 60 -80%            Barclays Multiverse Total Return Index Unhedged  -20%,,"מדיניות צפויה עו""ס - מסלול כללי",2026-09-30T23:38:13+00:00,https://www.os-gml.co.il/wp-content/uploads/2014/11/2015-Investment_policy.xls?pid=4943,policy/companies/520042573/raw/520042573/66322dcfe661_2015-Investment_policy.xls,"מדיניות צפויה עו""ס - מסלול כללי"
520042573,159,159,"מדיניות צפויה עו""ס - מסלול כללי|עו ס מסלול כללי מס מס הכנסה 159",עו ס מסלול כללי מס מס הכנסה 159,2015,"אחר (קרנות השקעה פרטיות, קרנות נדל""ן, מכשירים מובנים)*",,0.22,1.0,-/+ 5%,0.0,6.0,,,"מדיניות צפויה עו""ס - מסלול כללי",2026-09-30T23:38:13+00:00,https://www.os-gml.co.il/wp-content/uploads/2014/11/2015-Investment_policy.xls?pid=4943,policy/companies/520042573/raw/520042573/66322dcfe661_2015-Investment_policy.xls,"מדיניות צפויה עו""ס - מסלול כללי"
520042573,159,159,"מדיניות צפויה עו""ס - מסלול כללי|עו ס מסלול כללי מס מס הכנסה 159",עו ס מסלול כללי מס מס הכנסה 159,2015,"עו""ש, פר""י, פק""מ**",,2.95,3.0,-/+ 5%,0.0,8.0,ריבית בנק ישראל,,"מדיניות צפויה עו""ס - מסלול כללי",2026-09-30T23:38:13+00:00,https://www.os-gml.co.il/wp-content/uploads/2014/11/2015-Investment_policy.xls?pid=4943,policy/companies/520042573/raw/520042573/66322dcfe661_2015-Investment_policy.xls,"מדיניות צפויה עו""ס - מסלול כללי"
520042573,159,159,"מדיניות צפויה עו""ס - מסלול כללי|עו ס מסלול כללי מס מס הכנסה 159",עו ס מסלול כללי מס מס הכנסה 159,2015,"חשיפה למט""ח",fx,18.3,20.0,-/+ 6%,14.0,26.0,,,"מדיניות צפויה עו""ס - מסלול כללי",2026-09-30T23:38:13+00:00,https://www.os-gml.co.il/wp-content/uploads/2014/11/2015-Investment_policy.xls?pid=4943,policy/companies/520042573/raw/520042573/66322dcfe661_2015-Investment_policy.xls,"מדיניות צפויה עו""ס - מסלול כללי"
520042573,1437,1437,"מדיניות צפויה עו""ס - ללא  מניות|עו ס ללא מניות מס הכנסה 1437",עו ס ללא מניות מס הכנסה 1437,2015,"מניות (תעודות סל, אופציות, קרנות נאמנות)",equity,0.0,0.0,,,,,,"מדיניות צפויה עו""ס - ללא  מניות",2026-09-30T23:38:13+00:00,https://www.os-gml.co.il/wp-content/uploads/2014/11/2015-Investment_policy.xls?pid=4943,policy/companies/520042573/raw/520042573/66322dcfe661_2015-Investment_policy.xls,"מדיניות צפויה עו""ס - ללא  מניות"
520042573,1437,1437,"מדיניות צפויה עו""ס - ללא  מניות|עו ס ללא מניות מס הכנסה 1437",עו ס ללא מניות מס הכנסה 1437,2015,"אג""ח ממשלתי",,87.2,70.0,5% +/-,65.0,75.0,ממשלתי שקלי 0-2 שנים- 50% ממשלתי צמוד 0-2 שנים- 50%,,"מדיניות צפויה עו""ס - ללא  מניות",2026-09-30T23:38:13+00:00,https://www.os-gml.co.il/wp-content/uploads/2014/11/2015-Investment_policy.xls?pid=4943,policy/companies/520042573/raw/520042573/66322dcfe661_2015-Investment_policy.xls,"מדיניות צפויה עו""ס - ללא  מניות"
520042573,1437,1437,"מדיניות צפויה עו""ס - ללא  מניות|עו ס ללא מניות מס הכנסה 1437",עו ס ללא מניות מס הכנסה 1437,2015,"אג""ח קונצרני",,6.8,20.0,6% +/-,14.0,26.0,תל בונד 60,,"מדיניות צפויה עו""ס - ללא  מניות",2026-09-30T23:38:13+00:00,https://www.os-gml.co.il/wp-content/uploads/2014/11/2015-Investment_policy.xls?pid=4943,policy/companies/520042573/raw/520042573/66322dcfe661_2015-Investment_policy.xls,"מדיניות צפויה עו""ס - ללא  מניות"
520042573,1437,1437,"מדיניות צפויה עו""ס - ללא  מניות|עו ס ללא מניות מס הכנסה 1437",עו ס ללא מניות מס הכנסה 1437,2015,"אחר (קרנות השקעה פרטיות, קרנות נדל""ן, מכשירים מובנים)*",,0.0,0.0,,,,,,"מדיניות צפויה עו""ס - ללא  מניות",2026-09-30T23:38:13+00:00,https://www.os-gml.co.il/wp-content/uploads/2014/11/2015-Investment_policy.xls?pid=4943,policy/companies/520042573/raw/520042573/66322dcfe661_2015-Investment_policy.xls,"מדיניות צפויה עו""ס - ללא  מניות"
520042573,1437,1437,"מדיניות צפויה עו""ס - ללא  מניות|עו ס ללא מניות מס הכנסה 1437",עו ס ללא מניות מס הכנסה 1437,2015,"עו""ש, פר""י, פק""מ**",,6.0,10.0,5% +/-,0.0,15.0,ריבית בנק ישראל,,"מדיניות צפויה עו""ס - ללא  מניות",2026-09-30T23:38:13+00:00,https://www.os-gml.co.il/wp-content/uploads/2014/11/2015-Investment_policy.xls?pid=4943,policy/companies/520042573/raw/520042573/66322dcfe661_2015-Investment_policy.xls,"מדיניות צפויה עו""ס - ללא  מניות"
520042573,1437,1437,"מדיניות צפויה עו""ס - ללא  מניות|עו ס ללא מניות מס הכנסה 1437",עו ס ללא מניות מס הכנסה 1437,2015,"חשיפה למט""ח",fx,0.0,0.0,,,,,,"מדיניות צפויה עו""ס - ללא  מניות",2026-09-30T23:38:13+00:00,https://www.os-gml.co.il/wp-content/uploads/2014/11/2015-Investment_policy.xls?pid=4943,policy/companies/520042573/raw/520042573/66322dcfe661_2015-Investment_policy.xls,"מדיניות צפויה עו""ס - ללא  מניות"
520042573,159,159,"מדיניות צפויה עו""ס - מסלול כללי|עו ס מסלול כללי מס מס הכנסה 159",עו ס מסלול כללי מס מס הכנסה 159,2015,"מניות (תעודות סל, אופציות, קרנות נאמנות)",equity,34.19,32.0,-/+ 6%,26.0,38.0,"מניות בארץ - ת""א 100 - 40%   מניות בחו""ל  - MSCI AC- 60%",,"מדיניות צפויה עו""ס - מסלול כללי",2026-09-30T23:38:13+00:00,https://www.os-gml.co.il/wp-content/uploads/2014/11/2015-Investment_policy1.xls?pid=4943,policy/companies/520042573/raw/520042573/82900427bf30_2015-Investment_policy1.xls,"מדיניות צפויה עו""ס - מסלול כללי"
520042573,159,159,"מדיניות צפויה עו""ס - מסלול כללי|עו ס מסלול כללי מס מס הכנסה 159",עו ס מסלול כללי מס מס הכנסה 159,2015,"אג""ח ממשלתי",,30.61,26.0,-/+ 5%,21.0,31.0,ממשלתי צמוד 2-5 - 50%     ממשלתי שקלי 2-5 -50%,,"מדיניות צפויה עו""ס - מסלול כללי",2026-09-30T23:38:13+00:00,https://www.os-gml.co.il/wp-content/uploads/2014/11/2015-Investment_policy1.xls?pid=4943,policy/companies/520042573/raw/520042573/82900427bf30_2015-Investment_policy1.xls,"מדיניות צפויה עו""ס - מסלול כללי"
520042573,159,159,"מדיניות צפויה עו""ס - מסלול כללי|עו ס מסלול כללי מס מס הכנסה 159",עו ס מסלול כללי מס מס הכנסה 159,2015,"אג""ח קונצרני (קרנות נאמנות, תעודות סל)",,32.1,38.0,-/+ 6%,32.0,44.0,תל בונד 60 -80%            Barclays Multiverse Total Return Index Unhedged  -20%,,"מדיניות צפויה עו""ס - מסלול כללי",2026-09-30T23:38:13+00:00,https://www.os-gml.co.il/wp-content/uploads/2014/11/2015-Investment_policy1.xls?pid=4943,policy/companies/520042573/raw/520042573/82900427bf30_2015-Investment_policy1.xls,"מדיניות צפויה עו""ס - מסלול כללי"
520042573,159,159,"מדיניות צפויה עו""ס - מסלול כללי|עו ס מסלול כללי מס מס הכנסה 159",עו ס מסלול כללי מס מס הכנסה 159,2015,"אחר (קרנות השקעה פרטיות, קרנות נדל""ן, מכשירים מובנים)*",,0.22,1.0,-/+ 5%,0.0,6.0,,,"מדיניות צפויה עו""ס - מסלול כללי",2026-09-30T23:38:13+00:00,https://www.os-gml.co.il/wp-content/uploads/2014/11/2015-Investment_policy1.xls?pid=4943,policy/companies/520042573/raw/520042573/82900427bf30_2015-Investment_policy1.xls,"מדיניות צפויה עו""ס - מסלול כללי"
520042573,159,159,"מדיניות צפויה עו""ס - מסלול כללי|עו ס מסלול כללי מס מס הכנסה 159",עו ס מסלול כללי מס מס הכנסה 159,2015,"עו""ש, פר""י, פק""מ**",,2.87,3.0,-/+ 5%,0.0,8.0,ריבית בנק ישראל,,"מדיניות צפויה עו""ס - מסלול כללי",2026-09-30T23:38:13+00:00,https://www.os-gml.co.il/wp-content/uploads/2014/11/2015-Investment_policy1.xls?pid=4943,policy/companies/520042573/raw/520042573/82900427bf30_2015-Investment_policy1.xls,"מדיניות צפויה עו""ס - מסלול כללי"
520042573,159,159,"מדיניות צפויה עו""ס - מסלול כללי|עו ס מסלול כללי מס מס הכנסה 159",עו ס מסלול כללי מס מס הכנסה 159,2015,"חשיפה למט""ח",fx,18.3,20.0,-/+ 6%,14.0,26.0,,,"מדיניות צפויה עו""ס - מסלול כללי",2026-09-30T23:38:13+00:00,https://www.os-gml.co.il/wp-content/uploads/2014/11/2015-Investment_policy1.xls?pid=4943,policy/companies/520042573/raw/520042573/82900427bf30_2015-Investment_policy1.xls,"מדיניות צפויה עו""ס - מסלול כללי"
520042573,1437,1437,"מדיניות צפויה עו""ס - ללא  מניות|עו ס ללא מניות מס הכנסה 1437",עו ס ללא מניות מס הכנסה 1437,2015,"מניות (תעודות סל, אופציות, קרנות נאמנות)",equity,0.0,0.0,,,,,,"מדיניות צפויה עו""ס - ללא  מניות",2026-09-30T23:38:13+00:00,https://www.os-gml.co.il/wp-content/uploads/2014/11/2015-Investment_policy1.xls?pid=4943,policy/companies/520042573/raw/520042573/82900427bf30_2015-Investment_policy1.xls,"מדיניות צפויה עו""ס - ללא  מניות"
520042573,1437,1437,"מדיניות צפויה עו""ס - ללא  מניות|עו ס ללא מניות מס הכנסה 1437",עו ס ללא מניות מס הכנסה 1437,2015,"אג""ח ממשלתי",,87.04,70.0,5% +/-,65.0,75.0,ממשלתי שקלי 0-2 שנים- 50% ממשלתי צמוד 0-2 שנים- 50%,,"מדיניות צפויה עו""ס - ללא  מניות",2026-09-30T23:38:13+00:00,https://www.os-gml.co.il/wp-content/uploads/2014/11/2015-Investment_policy1.xls?pid=4943,policy/companies/520042573/raw/520042573/82900427bf30_2015-Investment_policy1.xls,"מדיניות צפויה עו""ס - ללא  מניות"
520042573,1437,1437,"מדיניות צפויה עו""ס - ללא  מניות|עו ס ללא מניות מס הכנסה 1437",עו ס ללא מניות מס הכנסה 1437,2015,"אג""ח קונצרני",,6.78,20.0,6% +/-,14.0,26.0,תל בונד 60,,"מדיניות צפויה עו""ס - ללא  מניות",2026-09-30T23:38:13+00:00,https://www.os-gml.co.il/wp-content/uploads/2014/11/2015-Investment_policy1.xls?pid=4943,policy/companies/520042573/raw/520042573/82900427bf30_2015-Investment_policy1.xls,"מדיניות צפויה עו""ס - ללא  מניות"
520042573,1437,1437,"מדיניות צפויה עו""ס - ללא  מניות|עו ס ללא מניות מס הכנסה 1437",עו ס ללא מניות מס הכנסה 1437,2015,"אחר (קרנות השקעה פרטיות, קרנות נדל""ן, מכשירים מובנים)*",,0.0,0.0,,,,,,"מדיניות צפויה עו""ס - ללא  מניות",2026-09-30T23:38:13+00:00,https://www.os-gml.co.il/wp-content/uploads/2014/11/2015-Investment_policy1.xls?pid=4943,policy/companies/520042573/raw/520042573/82900427bf30_2015-Investment_policy1.xls,"מדיניות צפויה עו""ס - ללא  מניות"
520042573,1437,1437,"מדיניות צפויה עו""ס - ללא  מניות|עו ס ללא מניות מס הכנסה 1437",עו ס ללא מניות מס הכנסה 1437,2015,"עו""ש, פר""י, פק""מ**",,6.18,10.0,5% +/-,0.0,15.0,ריבית בנק ישראל,,"מדיניות צפויה עו""ס - ללא  מניות",2026-09-30T23:38:13+00:00,https://www.os-gml.co.il/wp-content/uploads/2014/11/2015-Investment_policy1.xls?pid=4943,policy/companies/520042573/raw/520042573/82900427bf30_2015-Investment_policy1.xls,"מדיניות צפויה עו""ס - ללא  מניות"
520042573,1437,1437,"מדיניות צפויה עו""ס - ללא  מניות|עו ס ללא מניות מס הכנסה 1437",עו ס ללא מניות מס הכנסה 1437,2015,"חשיפה למט""ח",fx,0.0,0.0,,,,,,"מדיניות צפויה עו""ס - ללא  מניות",2026-09-30T23:38:13+00:00,https://www.os-gml.co.il/wp-content/uploads/2014/11/2015-Investment_policy1.xls?pid=4943,policy/companies/520042573/raw/520042573/82900427bf30_2015-Investment_policy1.xls,"מדיניות צפויה עו""ס - ללא  מניות"
520042573,159,159,"מדיניות צפויה עו""ס - מסלול כללי|עו ס מסלול כללי מס מס הכנסה 159",עו ס מסלול כללי מס מס הכנסה 159,2015,"מניות (תעודות סל, אופציות, קרנות נאמנות)",equity,34.19,32.0,-/+ 6%,26.0,38.0,"מניות בארץ - ת""א 100 - 40%   מניות בחו""ל  - MSCI AC- 60%",,"מדיניות צפויה עו""ס - מסלול כללי",2026-09-30T23:38:13+00:00,https://www.os-gml.co.il/wp-content/uploads/2014/11/2015-Investment_policy2.xls?pid=4943,policy/companies/520042573/raw/520042573/49258aad3e13_2015-Investment_policy2.xls,"מדיניות צפויה עו""ס - מסלול כללי"
520042573,159,159,"מדיניות צפויה עו""ס - מסלול כללי|עו ס מסלול כללי מס מס הכנסה 159",עו ס מסלול כללי מס מס הכנסה 159,2015,"אג""ח ממשלתי",,30.61,26.0,-/+ 5%,21.0,31.0,ממשלתי צמוד 2-5 - 50%     ממשלתי שקלי 2-5 -50%,,"מדיניות צפויה עו""ס - מסלול כללי",2026-09-30T23:38:13+00:00,https://www.os-gml.co.il/wp-content/uploads/2014/11/2015-Investment_policy2.xls?pid=4943,policy/companies/520042573/raw/520042573/49258aad3e13_2015-Investment_policy2.xls,"מדיניות צפויה עו""ס - מסלול כללי"
520042573,159,159,"מדיניות צפויה עו""ס - מסלול כללי|עו ס מסלול כללי מס מס הכנסה 159",עו ס מסלול כללי מס מס הכנסה 159,2015,"אג""ח קונצרני (קרנות נאמנות, תעודות סל)",,32.1,38.0,-/+ 6%,32.0,44.0,תל בונד 60 -80%            Barclays Multiverse Total Return Index Unhedged  -20%,,"מדיניות צפויה עו""ס - מסלול כללי",2026-09-30T23:38:13+00:00,https://www.os-gml.co.il/wp-content/uploads/2014/11/2015-Investment_policy2.xls?pid=4943,policy/companies/520042573/raw/520042573/49258aad3e13_2015-Investment_policy2.xls,"מדיניות צפויה עו""ס - מסלול כללי"
520042573,159,159,"מדיניות צפויה עו""ס - מסלול כללי|עו ס מסלול כללי מס מס הכנסה 159",עו ס מסלול כללי מס מס הכנסה 159,2015,"אחר (קרנות השקעה פרטיות, קרנות נדל""ן, מכשירים מובנים)*",,0.22,1.0,-/+ 5%,0.0,6.0,,,"מדיניות צפויה עו""ס - מסלול כללי",2026-09-30T23:38:13+00:00,https://www.os-gml.co.il/wp-content/uploads/2014/11/2015-Investment_policy2.xls?pid=4943,policy/companies/520042573/raw/520042573/49258aad3e13_2015-Investment_policy2.xls,"מדיניות צפויה עו""ס - מסלול כללי"
520042573,159,159,"מדיניות צפויה עו""ס - מסלול כללי|עו ס מסלול כללי מס מס הכנסה 159",עו ס מסלול כללי מס מס הכנסה 159,2015,"עו""ש, פר""י, פק""מ**",,2.87,3.0,-/+ 5%,0.0,8.0,ריבית בנק ישראל,,"מדיניות צפויה עו""ס - מסלול כללי",2026-09-30T23:38:13+00:00,https://www.os-gml.co.il/wp-content/uploads/2014/11/2015-Investment_policy2.xls?pid=4943,policy/companies/520042573/raw/520042573/49258aad3e13_2015-Investment_policy2.xls,"מדיניות צפויה עו""ס - מסלול כללי"
520042573,159,159,"מדיניות צפויה עו""ס - מסלול כללי|עו ס מסלול כללי מס מס הכנסה 159",עו ס מסלול כללי מס מס הכנסה 159,2015,"חשיפה למט""ח",fx,18.3,20.0,-/+ 6%,14.0,26.0,,,"מדיניות צפויה עו""ס - מסלול כללי",2026-09-30T23:38:13+00:00,https://www.os-gml.co.il/wp-content/uploads/2014/11/2015-Investment_policy2.xls?pid=4943,policy/companies/520042573/raw/520042573/49258aad3e13_2015-Investment_policy2.xls,"מדיניות צפויה עו""ס - מסלול כללי"
520042573,1437,1437,"מדיניות צפויה עו""ס - ללא  מניות|עו ס ללא מניות מס הכנסה 1437",עו ס ללא מניות מס הכנסה 1437,2015,"מניות (תעודות סל, אופציות, קרנות נאמנות)",equity,0.0,0.0,,,,,,"מדיניות צפויה עו""ס - ללא  מניות",2026-09-30T23:38:13+00:00,https://www.os-gml.co.il/wp-content/uploads/2014/11/2015-Investment_policy2.xls?pid=4943,policy/companies/520042573/raw/520042573/49258aad3e13_2015-Investment_policy2.xls,"מדיניות צפויה עו""ס - ללא  מניות"
520042573,1437,1437,"מדיניות צפויה עו""ס - ללא  מניות|עו ס ללא מניות מס הכנסה 1437",עו ס ללא מניות מס הכנסה 1437,2015,"אג""ח ממשלתי",,87.04,70.0,5% +/-,65.0,75.0,ממשלתי שקלי 0-2 שנים- 50% ממשלתי צמוד 0-2 שנים- 50%,,"מדיניות צפויה עו""ס - ללא  מניות",2026-09-30T23:38:13+00:00,https://www.os-gml.co.il/wp-content/uploads/2014/11/2015-Investment_policy2.xls?pid=4943,policy/companies/520042573/raw/520042573/49258aad3e13_2015-Investment_policy2.xls,"מדיניות צפויה עו""ס - ללא  מניות"
520042573,1437,1437,"מדיניות צפויה עו""ס - ללא  מניות|עו ס ללא מניות מס הכנסה 1437",עו ס ללא מניות מס הכנסה 1437,2015,"אג""ח קונצרני",,6.78,20.0,6% +/-,14.0,26.0,תל בונד 60,,"מדיניות צפויה עו""ס - ללא  מניות",2026-09-30T23:38:13+00:00,https://www.os-gml.co.il/wp-content/uploads/2014/11/2015-Investment_policy2.xls?pid=4943,policy/companies/520042573/raw/520042573/49258aad3e13_2015-Investment_policy2.xls,"מדיניות צפויה עו""ס - ללא  מניות"
520042573,1437,1437,"מדיניות צפויה עו""ס - ללא  מניות|עו ס ללא מניות מס הכנסה 1437",עו ס ללא מניות מס הכנסה 1437,2015,"אחר (קרנות השקעה פרטיות, קרנות נדל""ן, מכשירים מובנים)*",,0.0,0.0,,,,,,"מדיניות צפויה עו""ס - ללא  מניות",2026-09-30T23:38:13+00:00,https://www.os-gml.co.il/wp-content/uploads/2014/11/2015-Investment_policy2.xls?pid=4943,policy/companies/520042573/raw/520042573/49258aad3e13_2015-Investment_policy2.xls,"מדיניות צפויה עו""ס - ללא  מניות"
520042573,1437,1437,"מדיניות צפויה עו""ס - ללא  מניות|עו ס ללא מניות מס הכנסה 1437",עו ס ללא מניות מס הכנסה 1437,2015,"עו""ש, פר""י, פק""מ**",,6.18,10.0,5% +/-,5.0,15.0,ריבית בנק ישראל,,"מדיניות צפויה עו""ס - ללא  מניות",2026-09-30T23:38:13+00:00,https://www.os-gml.co.il/wp-content/uploads/2014/11/2015-Investment_policy2.xls?pid=4943,policy/companies/520042573/raw/520042573/49258aad3e13_2015-Investment_policy2.xls,"מדיניות צפויה עו""ס - ללא  מניות"
520042573,1437,1437,"מדיניות צפויה עו""ס - ללא  מניות|עו ס ללא מניות מס הכנסה 1437",עו ס ללא מניות מס הכנסה 1437,2015,"חשיפה למט""ח",fx,0.0,0.0,,,,,,"מדיניות צפויה עו""ס - ללא  מניות",2026-09-30T23:38:13+00:00,https://www.os-gml.co.il/wp-content/uploads/2014/11/2015-Investment_policy2.xls?pid=4943,policy/companies/520042573/raw/520042573/49258aad3e13_2015-Investment_policy2.xls,"מדיניות צפויה עו""ס - ללא  מניות"
520042573,,,520042573|מדיניות צפויה למסלול עד 50|מסלול המותאם לגילאים עד 50,מסלול המותאם לגילאים עד 50,2016,"מניות (תעודות סל, אופציות, קרנות נאמנות)",equity,,42.0,+/-   6%,36.0,48.0,"מדד ת""א 100 - 40%                                      MSCI AC - 60%",,מדיניות צפויה למסלול עד 50,2026-09-30T23:38:13+00:00,https://www.os-gml.co.il/wp-content/uploads/2014/11/2016_expected_investment_policy.xls?pid=4943,policy/companies/520042573/raw/520042573/7d9f429e93ca_2016_expected_investment_policy.xls,מדיניות צפויה למסלול עד 50
520042573,,,520042573|מדיניות צפויה למסלול עד 50|מסלול המותאם לגילאים עד 50,מסלול המותאם לגילאים עד 50,2016,"אג""ח ממשלתי",,,19.0,+/-   5%,14.0,24.0,ממשלתי שקלי 2-5 שנים- 80%  ממשלתי צמוד 2-5 שנים - 20%,,מדיניות צפויה למסלול עד 50,2026-09-30T23:38:13+00:00,https://www.os-gml.co.il/wp-content/uploads/2014/11/2016_expected_investment_policy.xls?pid=4943,policy/companies/520042573/raw/520042573/7d9f429e93ca_2016_expected_investment_policy.xls,מדיניות צפויה למסלול עד 50
520042573,,,520042573|מדיניות צפויה למסלול עד 50|מסלול המותאם לגילאים עד 50,מסלול המותאם לגילאים עד 50,2016,"אג""ח קונצרני (קרנות נאמנות, תעודות סל)",,,30.0,+/-   6%,24.0,36.0,מדד תל בונד 60 - 60% תל בונד שקלי - 20%  bloomberg us corporate 1-10 bond index 20%,,מדיניות צפויה למסלול עד 50,2026-09-30T23:38:13+00:00,https://www.os-gml.co.il/wp-content/uploads/2014/11/2016_expected_investment_policy.xls?pid=4943,policy/companies/520042573/raw/520042573/7d9f429e93ca_2016_expected_investment_policy.xls,מדיניות צפויה למסלול עד 50
520042573,,,520042573|מדיניות צפויה למסלול עד 50|מסלול המותאם לגילאים עד 50,מסלול המותאם לגילאים עד 50,2016,"אחר (קרנות השקעה פרטיות, קרנות נדלן, מכשירים מובנים)*",,,4.0,+/-   5%,0.0,9.0,,,מדיניות צפויה למסלול עד 50,2026-09-30T23:38:13+00:00,https://www.os-gml.co.il/wp-content/uploads/2014/11/2016_expected_investment_policy.xls?pid=4943,policy/companies/520042573/raw/520042573/7d9f429e93ca_2016_expected_investment_policy.xls,מדיניות צפויה למסלול עד 50
520042573,,,520042573|מדיניות צפויה למסלול עד 50|מסלול המותאם לגילאים עד 50,מסלול המותאם לגילאים עד 50,2016,"עו""ש פר""י פק""מ**",,,5.0,+/-   5%,0.0,10.0,ריבית בנק ישראל,,מדיניות צפויה למסלול עד 50,2026-09-30T23:38:13+00:00,https://www.os-gml.co.il/wp-content/uploads/2014/11/2016_expected_investment_policy.xls?pid=4943,policy/companies/520042573/raw/520042573/7d9f429e93ca_2016_expected_investment_policy.xls,מדיניות צפויה למסלול עד 50
520042573,,,520042573|מדיניות צפויה למסלול עד 50|מסלול המותאם לגילאים עד 50,מסלול המותאם לגילאים עד 50,2016,"חשיפה למט""ח",fx,,20.0,+/-   6%,14.0,26.0,,,מדיניות צפויה למסלול עד 50,2026-09-30T23:38:13+00:00,https://www.os-gml.co.il/wp-content/uploads/2014/11/2016_expected_investment_policy.xls?pid=4943,policy/companies/520042573/raw/520042573/7d9f429e93ca_2016_expected_investment_policy.xls,מדיניות צפויה למסלול עד 50
520042573,,,520042573|מדיניות צפויה מסלול 50-60|מסלול המותאם לגילאים 50 עד 60,מסלול המותאם לגילאים 50 עד 60,2016,"מניות (תעודות סל, אופציות, קרנות נאמנות)",equity,34.16,32.0,+/-   6%,26.0,38.0,"מדד ת""א 100 - 40%                                                  MSCI AC - 60%",,מדיניות צפויה מסלול 50-60,2026-09-30T23:38:13+00:00,https://www.os-gml.co.il/wp-content/uploads/2014/11/2016_expected_investment_policy.xls?pid=4943,policy/companies/520042573/raw/520042573/7d9f429e93ca_2016_expected_investment_policy.xls,מדיניות צפויה מסלול 50-60
520042573,,,520042573|מדיניות צפויה מסלול 50-60|מסלול המותאם לגילאים 50 עד 60,מסלול המותאם לגילאים 50 עד 60,2016,"אג""ח ממשלתי",,22.93,25.0,+/-   5%,20.0,30.0,ממשלתי שקלי 2-5 שנים- 80%  ממשלתי צמוד 2-5 שנים - 20%,,מדיניות צפויה מסלול 50-60,2026-09-30T23:38:13+00:00,https://www.os-gml.co.il/wp-content/uploads/2014/11/2016_expected_investment_policy.xls?pid=4943,policy/companies/520042573/raw/520042573/7d9f429e93ca_2016_expected_investment_policy.xls,מדיניות צפויה מסלול 50-60
520042573,,,520042573|מדיניות צפויה מסלול 50-60|מסלול המותאם לגילאים 50 עד 60,מסלול המותאם לגילאים 50 עד 60,2016,"אג""ח קונצרני (קרנות נאמנות, תעודות סל)",,37.78,36.0,+/-   6%,30.0,42.0,מדד תל בונד 60 - 60% תל בונד שקלי - 20%  bloomberg us corporate 1-10 bond index 20%,,מדיניות צפויה מסלול 50-60,2026-09-30T23:38:13+00:00,https://www.os-gml.co.il/wp-content/uploads/2014/11/2016_expected_investment_policy.xls?pid=4943,policy/companies/520042573/raw/520042573/7d9f429e93ca_2016_expected_investment_policy.xls,מדיניות צפויה מסלול 50-60
520042573,,,520042573|מדיניות צפויה מסלול 50-60|מסלול המותאם לגילאים 50 עד 60,מסלול המותאם לגילאים 50 עד 60,2016,"אחר (קרנות השקעה פרטיות, קרנות נדלן, מכשירים מובנים)**",,0.21,4.0,+/-   5%,0.0,9.0,,,מדיניות צפויה מסלול 50-60,2026-09-30T23:38:13+00:00,https://www.os-gml.co.il/wp-content/uploads/2014/11/2016_expected_investment_policy.xls?pid=4943,policy/companies/520042573/raw/520042573/7d9f429e93ca_2016_expected_investment_policy.xls,מדיניות צפויה מסלול 50-60
520042573,,,520042573|מדיניות צפויה מסלול 50-60|מסלול המותאם לגילאים 50 עד 60,מסלול המותאם לגילאים 50 עד 60,2016,"עו""ש פר""י פק""מ***",,4.93,3.0,+/-   5%,0.0,8.0,ריבית בנק ישראל,,מדיניות צפויה מסלול 50-60,2026-09-30T23:38:13+00:00,https://www.os-gml.co.il/wp-content/uploads/2014/11/2016_expected_investment_policy.xls?pid=4943,policy/companies/520042573/raw/520042573/7d9f429e93ca_2016_expected_investment_policy.xls,מדיניות צפויה מסלול 50-60
520042573,,,520042573|מדיניות צפויה מסלול 50-60|מסלול המותאם לגילאים 50 עד 60,מסלול המותאם לגילאים 50 עד 60,2016,"חשיפה למט""ח",fx,14.77,16.0,+/-   6%,10.0,22.0,,,מדיניות צפויה מסלול 50-60,2026-09-30T23:38:13+00:00,https://www.os-gml.co.il/wp-content/uploads/2014/11/2016_expected_investment_policy.xls?pid=4943,policy/companies/520042573/raw/520042573/7d9f429e93ca_2016_expected_investment_policy.xls,מדיניות צפויה מסלול 50-60
520042573,,,520042573|מדיניות צפויה למסלול 60+|מסלול המותאם לגילאים 60 +,מסלול המותאם לגילאים 60 +,2016,"מניות (תעודות סל, אופציות, קרנות נאמנות)",equity,0.0,10.0,+/-   6%,4.0,16.0,"מדד ת""א 100 - 40%                                                                MSCI AC - 60%",,מדיניות צפויה למסלול 60+,2026-09-30T23:38:13+00:00,https://www.os-gml.co.il/wp-content/uploads/2014/11/2016_expected_investment_policy.xls?pid=4943,policy/companies/520042573/raw/520042573/7d9f429e93ca_2016_expected_investment_policy.xls,מדיניות צפויה למסלול 60+
520042573,,,520042573|מדיניות צפויה למסלול 60+|מסלול המותאם לגילאים 60 +,מסלול המותאם לגילאים 60 +,2016,"אג""ח ממשלתי",,67.78,50.0,+/-   5%,45.0,55.0,ממשלתי שקלי 2-5 שנים- 80%  ממשלתי צמוד 2-5 שנים - 20%,,מדיניות צפויה למסלול 60+,2026-09-30T23:38:13+00:00,https://www.os-gml.co.il/wp-content/uploads/2014/11/2016_expected_investment_policy.xls?pid=4943,policy/companies/520042573/raw/520042573/7d9f429e93ca_2016_expected_investment_policy.xls,מדיניות צפויה למסלול 60+
520042573,,,520042573|מדיניות צפויה למסלול 60+|מסלול המותאם לגילאים 60 +,מסלול המותאם לגילאים 60 +,2016,"אג""ח קונצרני (קרנות נאמנות, תעודות סל)",,24.2,31.0,+/-   6%,25.0,37.0,מדד תל בונד 60 - 60% תל בונד שקלי - 20%  bloomberg us corporate 1-10 bond index    20%,,מדיניות צפויה למסלול 60+,2026-09-30T23:38:13+00:00,https://www.os-gml.co.il/wp-content/uploads/2014/11/2016_expected_investment_policy.xls?pid=4943,policy/companies/520042573/raw/520042573/7d9f429e93ca_2016_expected_investment_policy.xls,מדיניות צפויה למסלול 60+
520042573,,,520042573|מדיניות צפויה למסלול 60+|מסלול המותאם לגילאים 60 +,מסלול המותאם לגילאים 60 +,2016,"אחר (קרנות השקעה פרטיות, קרנות נדלן, מכשירים מובנים)**",,0.0,2.0,+/-   5%,0.0,7.0,,,מדיניות צפויה למסלול 60+,2026-09-30T23:38:13+00:00,https://www.os-gml.co.il/wp-content/uploads/2014/11/2016_expected_investment_policy.xls?pid=4943,policy/companies/520042573/raw/520042573/7d9f429e93ca_2016_expected_investment_policy.xls,מדיניות צפויה למסלול 60+
520042573,,,520042573|מדיניות צפויה למסלול 60+|מסלול המותאם לגילאים 60 +,מסלול המותאם לגילאים 60 +,2016,"עו""ש פר""י פק""מ***",,8.01,7.0,+/-   5%,2.0,12.0,ריבית בנק ישראל,,מדיניות צפויה למסלול 60+,2026-09-30T23:38:13+00:00,https://www.os-gml.co.il/wp-content/uploads/2014/11/2016_expected_investment_policy.xls?pid=4943,policy/companies/520042573/raw/520042573/7d9f429e93ca_2016_expected_investment_policy.xls,מדיניות צפויה למסלול 60+
520042573,,,520042573|מדיניות צפויה למסלול 60+|מסלול המותאם לגילאים 60 +,מסלול המותאם לגילאים 60 +,2016,"חשיפה למט""ח",fx,0.0,8.0,+/-   6%,2.0,14.0,,,מדיניות צפויה למסלול 60+,2026-09-30T23:38:13+00:00,https://www.os-gml.co.il/wp-content/uploads/2014/11/2016_expected_investment_policy.xls?pid=4943,policy/companies/520042573/raw/520042573/7d9f429e93ca_2016_expected_investment_policy.xls,מדיניות צפויה למסלול 60+
520042573,,,520042573|מדיניות צפויה למסלול עד 50|מסלול המותאם לגילאים עד 50,מסלול המותאם לגילאים עד 50,2016,"מניות (תעודות סל, אופציות, קרנות נאמנות)",equity,,42.0,+/-   6%,36.0,48.0,"מדד ת""א 100 - 40%                                      MSCI AC - 60%",,מדיניות צפויה למסלול עד 50,2026-09-30T23:38:13+00:00,https://www.os-gml.co.il/wp-content/uploads/2014/11/201602-RemunerationPolicy.xls?pid=4943,policy/companies/520042573/raw/520042573/77d0aa562755_201602-RemunerationPolicy.xls,מדיניות צפויה למסלול עד 50
520042573,,,520042573|מדיניות צפויה למסלול עד 50|מסלול המותאם לגילאים עד 50,מסלול המותאם לגילאים עד 50,2016,"אג""ח ממשלתי",,,19.0,+/-   5%,14.0,24.0,ממשלתי שקלי 2-5 שנים- 80%  ממשלתי צמוד 2-5 שנים - 20%,,מדיניות צפויה למסלול עד 50,2026-09-30T23:38:13+00:00,https://www.os-gml.co.il/wp-content/uploads/2014/11/201602-RemunerationPolicy.xls?pid=4943,policy/companies/520042573/raw/520042573/77d0aa562755_201602-RemunerationPolicy.xls,מדיניות צפויה למסלול עד 50
520042573,,,520042573|מדיניות צפויה למסלול עד 50|מסלול המותאם לגילאים עד 50,מסלול המותאם לגילאים עד 50,2016,"אג""ח קונצרני (קרנות נאמנות, תעודות סל)",,,30.0,+/-   6%,24.0,36.0,מדד תל בונד 60 - 60% תל בונד שקלי - 20%  bloomberg us corporate 1-10 bond index 20%,,מדיניות צפויה למסלול עד 50,2026-09-30T23:38:13+00:00,https://www.os-gml.co.il/wp-content/uploads/2014/11/201602-RemunerationPolicy.xls?pid=4943,policy/companies/520042573/raw/520042573/77d0aa562755_201602-RemunerationPolicy.xls,מדיניות צפויה למסלול עד 50
520042573,,,520042573|מדיניות צפויה למסלול עד 50|מסלול המותאם לגילאים עד 50,מסלול המותאם לגילאים עד 50,2016,"אחר (קרנות השקעה פרטיות, קרנות נדלן, מכשירים מובנים)*",,,4.0,+/-   5%,0.0,9.0,,,מדיניות צפויה למסלול עד 50,2026-09-30T23:38:13+00:00,https://www.os-gml.co.il/wp-content/uploads/2014/11/201602-RemunerationPolicy.xls?pid=4943,policy/companies/520042573/raw/520042573/77d0aa562755_201602-RemunerationPolicy.xls,מדיניות צפויה למסלול עד 50
520042573,,,520042573|מדיניות צפויה למסלול עד 50|מסלול המותאם לגילאים עד 50,מסלול המותאם לגילאים עד 50,2016,"עו""ש פר""י פק""מ**",,,5.0,+/-   5%,0.0,10.0,ריבית בנק ישראל,,מדיניות צפויה למסלול עד 50,2026-09-30T23:38:13+00:00,https://www.os-gml.co.il/wp-content/uploads/2014/11/201602-RemunerationPolicy.xls?pid=4943,policy/companies/520042573/raw/520042573/77d0aa562755_201602-RemunerationPolicy.xls,מדיניות צפויה למסלול עד 50
520042573,,,520042573|מדיניות צפויה למסלול עד 50|מסלול המותאם לגילאים עד 50,מסלול המותאם לגילאים עד 50,2016,"חשיפה למט""ח",fx,,20.0,+/-   6%,14.0,26.0,,,מדיניות צפויה למסלול עד 50,2026-09-30T23:38:13+00:00,https://www.os-gml.co.il/wp-content/uploads/2014/11/201602-RemunerationPolicy.xls?pid=4943,policy/companies/520042573/raw/520042573/77d0aa562755_201602-RemunerationPolicy.xls,מדיניות צפויה למסלול עד 50
520042573,,,520042573|מדיניות צפויה מסלול 50-60|מסלול המותאם לגילאים 50 עד 60,מסלול המותאם לגילאים 50 עד 60,2016,"מניות (תעודות סל, אופציות, קרנות נאמנות)",equity,34.16,32.0,+/-   6%,26.0,38.0,"מדד ת""א 100 - 40%                                                  MSCI AC - 60%",,מדיניות צפויה מסלול 50-60,2026-09-30T23:38:13+00:00,https://www.os-gml.co.il/wp-content/uploads/2014/11/201602-RemunerationPolicy.xls?pid=4943,policy/companies/520042573/raw/520042573/77d0aa562755_201602-RemunerationPolicy.xls,מדיניות צפויה מסלול 50-60
520042573,,,520042573|מדיניות צפויה מסלול 50-60|מסלול המותאם לגילאים 50 עד 60,מסלול המותאם לגילאים 50 עד 60,2016,"אג""ח ממשלתי",,22.93,25.0,+/-   5%,20.0,30.0,ממשלתי שקלי 2-5 שנים- 80%  ממשלתי צמוד 2-5 שנים - 20%,,מדיניות צפויה מסלול 50-60,2026-09-30T23:38:13+00:00,https://www.os-gml.co.il/wp-content/uploads/2014/11/201602-RemunerationPolicy.xls?pid=4943,policy/companies/520042573/raw/520042573/77d0aa562755_201602-RemunerationPolicy.xls,מדיניות צפויה מסלול 50-60
520042573,,,520042573|מדיניות צפויה מסלול 50-60|מסלול המותאם לגילאים 50 עד 60,מסלול המותאם לגילאים 50 עד 60,2016,"אג""ח קונצרני (קרנות נאמנות, תעודות סל)",,37.78,36.0,+/-   6%,30.0,42.0,מדד תל בונד 60 - 60% תל בונד שקלי - 20%  bloomberg us corporate 1-10 bond index 20%,,מדיניות צפויה מסלול 50-60,2026-09-30T23:38:13+00:00,https://www.os-gml.co.il/wp-content/uploads/2014/11/201602-RemunerationPolicy.xls?pid=4943,policy/companies/520042573/raw/520042573/77d0aa562755_201602-RemunerationPolicy.xls,מדיניות צפויה מסלול 50-60
520042573,,,520042573|מדיניות צפויה מסלול 50-60|מסלול המותאם לגילאים 50 עד 60,מסלול המותאם לגילאים 50 עד 60,2016,"אחר (קרנות השקעה פרטיות, קרנות נדלן, מכשירים מובנים)**",,0.21,4.0,+/-   5%,0.0,9.0,,,מדיניות צפויה מסלול 50-60,2026-09-30T23:38:13+00:00,https://www.os-gml.co.il/wp-content/uploads/2014/11/201602-RemunerationPolicy.xls?pid=4943,policy/companies/520042573/raw/520042573/77d0aa562755_201602-RemunerationPolicy.xls,מדיניות צפויה מסלול 50-60
520042573,,,520042573|מדיניות צפויה מסלול 50-60|מסלול המותאם לגילאים 50 עד 60,מסלול המותאם לגילאים 50 עד 60,2016,"עו""ש פר""י פק""מ***",,4.93,3.0,+/-   5%,0.0,8.0,ריבית בנק ישראל,,מדיניות צפויה מסלול 50-60,2026-09-30T23:38:13+00:00,https://www.os-gml.co.il/wp-content/uploads/2014/11/201602-RemunerationPolicy.xls?pid=4943,policy/companies/520042573/raw/520042573/77d0aa562755_201602-RemunerationPolicy.xls,מדיניות צפויה מסלול 50-60
520042573,,,520042573|מדיניות צפויה מסלול 50-60|מסלול המותאם לגילאים 50 עד 60,מסלול המותאם לגילאים 50 עד 60,2016,"חשיפה למט""ח",fx,14.77,16.0,+/-   6%,10.0,22.0,,,מדיניות צפויה מסלול 50-60,2026-09-30T23:38:13+00:00,https://www.os-gml.co.il/wp-content/uploads/2014/11/201602-RemunerationPolicy.xls?pid=4943,policy/companies/520042573/raw/520042573/77d0aa562755_201602-RemunerationPolicy.xls,מדיניות צפויה מסלול 50-60
520042573,,,520042573|מדיניות צפויה למסלול 60+|מסלול המותאם לגילאים 60 +,מסלול המותאם לגילאים 60 +,2016,"מניות (תעודות סל, אופציות, קרנות נאמנות)",equity,0.0,10.0,+/-   6%,4.0,16.0,"מדד ת""א 100 - 40%                                                                MSCI AC - 60%",,מדיניות צפויה למסלול 60+,2026-09-30T23:38:13+00:00,https://www.os-gml.co.il/wp-content/uploads/2014/11/201602-RemunerationPolicy.xls?pid=4943,policy/companies/520042573/raw/520042573/77d0aa562755_201602-RemunerationPolicy.xls,מדיניות צפויה למסלול 60+
520042573,,,520042573|מדיניות צפויה למסלול 60+|מסלול המותאם לגילאים 60 +,מסלול המותאם לגילאים 60 +,2016,"אג""ח ממשלתי",,67.78,50.0,+/-   5%,45.0,55.0,ממשלתי שקלי 2-5 שנים- 80%  ממשלתי צמוד 2-5 שנים - 20%,,מדיניות צפויה למסלול 60+,2026-09-30T23:38:13+00:00,https://www.os-gml.co.il/wp-content/uploads/2014/11/201602-RemunerationPolicy.xls?pid=4943,policy/companies/520042573/raw/520042573/77d0aa562755_201602-RemunerationPolicy.xls,מדיניות צפויה למסלול 60+
520042573,,,520042573|מדיניות צפויה למסלול 60+|מסלול המותאם לגילאים 60 +,מסלול המותאם לגילאים 60 +,2016,"אג""ח קונצרני (קרנות נאמנות, תעודות סל)",,24.2,31.0,+/-   6%,25.0,37.0,מדד תל בונד 60 - 60% תל בונד שקלי - 20%  bloomberg us corporate 1-10 bond index    20%,,מדיניות צפויה למסלול 60+,2026-09-30T23:38:13+00:00,https://www.os-gml.co.il/wp-content/uploads/2014/11/201602-RemunerationPolicy.xls?pid=4943,policy/companies/520042573/raw/520042573/77d0aa562755_201602-RemunerationPolicy.xls,מדיניות צפויה למסלול 60+
520042573,,,520042573|מדיניות צפויה למסלול 60+|מסלול המותאם לגילאים 60 +,מסלול המותאם לגילאים 60 +,2016,"אחר (קרנות השקעה פרטיות, קרנות נדלן, מכשירים מובנים)**",,0.0,2.0,+/-   5%,0.0,7.0,,,מדיניות צפויה למסלול 60+,2026-09-30T23:38:13+00:00,https://www.os-gml.co.il/wp-content/uploads/2014/11/201602-RemunerationPolicy.xls?pid=4943,policy/companies/520042573/raw/520042573/77d0aa562755_201602-RemunerationPolicy.xls,מדיניות צפויה למסלול 60+
520042573,,,520042573|מדיניות צפויה למסלול 60+|מסלול המותאם לגילאים 60 +,מסלול המותאם לגילאים 60 +,2016,"עו""ש פר""י פק""מ***",,8.01,7.0,+/-   5%,2.0,12.0,ריבית בנק ישראל,,מדיניות צפויה למסלול 60+,2026-09-30T23:38:13+00:00,https://www.os-gml.co.il/wp-content/uploads/2014/11/201602-RemunerationPolicy.xls?pid=4943,policy/companies/520042573/raw/520042573/77d0aa562755_201602-RemunerationPolicy.xls,מדיניות צפויה למסלול 60+
520042573,,,520042573|מדיניות צפויה למסלול 60+|מסלול המותאם לגילאים 60 +,מסלול המותאם לגילאים 60 +,2016,"חשיפה למט""ח",fx,0.0,8.0,+/-   6%,2.0,14.0,,,מדיניות צפויה למסלול 60+,2026-09-30T23:38:13+00:00,https://www.os-gml.co.il/wp-content/uploads/2014/11/201602-RemunerationPolicy.xls?pid=4943,policy/companies/520042573/raw/520042573/77d0aa562755_201602-RemunerationPolicy.xls,מדיניות צפויה למסלול 60+
520042573,,,520042573|מדיניות צפויה למסלול עד 50|מסלול המותאם לגילאים עד 50,מסלול המותאם לגילאים עד 50,2017,"מניות (תעודות סל, אופציות, קרנות נאמנות)",equity,40.53,42.0,+/-   6%,36.0,48.0,"מדד ת""א 100 - 40% MSCI AC - 60%",,מדיניות צפויה למסלול עד 50,2026-09-30T23:38:13+00:00,https://www.os-gml.co.il/wp-content/uploads/2014/11/2017-RemunerationPolicy.xls?pid=4943,policy/companies/520042573/raw/520042573/9873a26a795b_2017-RemunerationPolicy.xls,מדיניות צפויה למסלול עד 50
520042573,,,520042573|מדיניות צפויה למסלול עד 50|מסלול המותאם לגילאים עד 50,מסלול המותאם לגילאים עד 50,2017,"אג""ח ממשלתי",,19.94,19.0,+/-   5%,14.0,24.0,ממשלתי שקלי 2-5 שנים- 80%  ממשלתי צמוד 2-5 שנים - 20%,,מדיניות צפויה למסלול עד 50,2026-09-30T23:38:13+00:00,https://www.os-gml.co.il/wp-content/uploads/2014/11/2017-RemunerationPolicy.xls?pid=4943,policy/companies/520042573/raw/520042573/9873a26a795b_2017-RemunerationPolicy.xls,מדיניות צפויה למסלול עד 50
520042573,,,520042573|מדיניות צפויה למסלול עד 50|מסלול המותאם לגילאים עד 50,מסלול המותאם לגילאים עד 50,2017,"אג""ח קונצרני (קרנות נאמנות, תעודות סל)",,31.03,30.0,+/-   6%,24.0,36.0,מדד תל בונד 60 - 60% תל בונד שקלי - 20%  bloomberg us corporate 1-10 bond index 20%,,מדיניות צפויה למסלול עד 50,2026-09-30T23:38:13+00:00,https://www.os-gml.co.il/wp-content/uploads/2014/11/2017-RemunerationPolicy.xls?pid=4943,policy/companies/520042573/raw/520042573/9873a26a795b_2017-RemunerationPolicy.xls,מדיניות צפויה למסלול עד 50
520042573,,,520042573|מדיניות צפויה למסלול עד 50|מסלול המותאם לגילאים עד 50,מסלול המותאם לגילאים עד 50,2017,"אחר (קרנות השקעה פרטיות, קרנות נדלן, מכשירים מובנים)*",,0.0,4.0,+/-   5%,0.0,9.0,,,מדיניות צפויה למסלול עד 50,2026-09-30T23:38:13+00:00,https://www.os-gml.co.il/wp-content/uploads/2014/11/2017-RemunerationPolicy.xls?pid=4943,policy/companies/520042573/raw/520042573/9873a26a795b_2017-RemunerationPolicy.xls,מדיניות צפויה למסלול עד 50
520042573,,,520042573|מדיניות צפויה למסלול עד 50|מסלול המותאם לגילאים עד 50,מסלול המותאם לגילאים עד 50,2017,"עו""ש פר""י פק""מ**",,8.51,5.0,+/-   5%,0.0,10.0,ריבית בנק ישראל,,מדיניות צפויה למסלול עד 50,2026-09-30T23:38:13+00:00,https://www.os-gml.co.il/wp-content/uploads/2014/11/2017-RemunerationPolicy.xls?pid=4943,policy/companies/520042573/raw/520042573/9873a26a795b_2017-RemunerationPolicy.xls,מדיניות צפויה למסלול עד 50
520042573,,,520042573|מדיניות צפויה למסלול עד 50|מסלול המותאם לגילאים עד 50,מסלול המותאם לגילאים עד 50,2017,"חשיפה למט""ח",fx,22.68,20.0,+/-   6%,14.0,26.0,,,מדיניות צפויה למסלול עד 50,2026-09-30T23:38:13+00:00,https://www.os-gml.co.il/wp-content/uploads/2014/11/2017-RemunerationPolicy.xls?pid=4943,policy/companies/520042573/raw/520042573/9873a26a795b_2017-RemunerationPolicy.xls,מדיניות צפויה למסלול עד 50
520042573,,,520042573|מדיניות צפויה מסלול 50-60|מסלול המותאם לגילאים 50 עד 60,מסלול המותאם לגילאים 50 עד 60,2017,"מניות (תעודות סל, אופציות, קרנות נאמנות)",equity,33.59,32.0,+/-   6%,26.0,38.0,"מדד ת""א 100 - 40% MSCI AC - 60%",,מדיניות צפויה מסלול 50-60,2026-09-30T23:38:13+00:00,https://www.os-gml.co.il/wp-content/uploads/2014/11/2017-RemunerationPolicy.xls?pid=4943,policy/companies/520042573/raw/520042573/9873a26a795b_2017-RemunerationPolicy.xls,מדיניות צפויה מסלול 50-60
520042573,,,520042573|מדיניות צפויה מסלול 50-60|מסלול המותאם לגילאים 50 עד 60,מסלול המותאם לגילאים 50 עד 60,2017,"אג""ח ממשלתי",,21.17,23.0,+/-   5%,18.0,28.0,ממשלתי שקלי 2-5 שנים- 80%  ממשלתי צמוד 2-5 שנים - 20%,,מדיניות צפויה מסלול 50-60,2026-09-30T23:38:13+00:00,https://www.os-gml.co.il/wp-content/uploads/2014/11/2017-RemunerationPolicy.xls?pid=4943,policy/companies/520042573/raw/520042573/9873a26a795b_2017-RemunerationPolicy.xls,מדיניות צפויה מסלול 50-60
520042573,,,520042573|מדיניות צפויה מסלול 50-60|מסלול המותאם לגילאים 50 עד 60,מסלול המותאם לגילאים 50 עד 60,2017,"אג""ח קונצרני (קרנות נאמנות, תעודות סל)",,39.29,38.0,+/-   6%,32.0,44.0,מדד תל בונד 60 - 60% תל בונד שקלי - 20%  bloomberg us corporate 1-10 bond index 20%,,מדיניות צפויה מסלול 50-60,2026-09-30T23:38:13+00:00,https://www.os-gml.co.il/wp-content/uploads/2014/11/2017-RemunerationPolicy.xls?pid=4943,policy/companies/520042573/raw/520042573/9873a26a795b_2017-RemunerationPolicy.xls,מדיניות צפויה מסלול 50-60
520042573,,,520042573|מדיניות צפויה מסלול 50-60|מסלול המותאם לגילאים 50 עד 60,מסלול המותאם לגילאים 50 עד 60,2017,"אחר (קרנות השקעה פרטיות, קרנות נדלן, מכשירים מובנים)*",,0.22,4.0,+/-   5%,0.0,9.0,,,מדיניות צפויה מסלול 50-60,2026-09-30T23:38:13+00:00,https://www.os-gml.co.il/wp-content/uploads/2014/11/2017-RemunerationPolicy.xls?pid=4943,policy/companies/520042573/raw/520042573/9873a26a795b_2017-RemunerationPolicy.xls,מדיניות צפויה מסלול 50-60
520042573,,,520042573|מדיניות צפויה מסלול 50-60|מסלול המותאם לגילאים 50 עד 60,מסלול המותאם לגילאים 50 עד 60,2017,"עו""ש פר""י פק""מ**",,5.72,3.0,+/-   5%,0.0,8.0,ריבית בנק ישראל,,מדיניות צפויה מסלול 50-60,2026-09-30T23:38:13+00:00,https://www.os-gml.co.il/wp-content/uploads/2014/11/2017-RemunerationPolicy.xls?pid=4943,policy/companies/520042573/raw/520042573/9873a26a795b_2017-RemunerationPolicy.xls,מדיניות צפויה מסלול 50-60
520042573,,,520042573|מדיניות צפויה מסלול 50-60|מסלול המותאם לגילאים 50 עד 60,מסלול המותאם לגילאים 50 עד 60,2017,"חשיפה למט""ח",fx,16.78,16.0,+/-   6%,10.0,22.0,,,מדיניות צפויה מסלול 50-60,2026-09-30T23:38:13+00:00,https://www.os-gml.co.il/wp-content/uploads/2014/11/2017-RemunerationPolicy.xls?pid=4943,policy/companies/520042573/raw/520042573/9873a26a795b_2017-RemunerationPolicy.xls,מדיניות צפויה מסלול 50-60
520042573,,,520042573|מדיניות צפויה למסלול 60+|מסלול המותאם לגילאים 60 +,מסלול המותאם לגילאים 60 +,2017,"מניות (תעודות סל, אופציות, קרנות נאמנות)",equity,13.23,10.0,+/-   6%,4.0,16.0,"מדד ת""א 100 - 40% MSCI AC - 60%",,מדיניות צפויה למסלול 60+,2026-09-30T23:38:13+00:00,https://www.os-gml.co.il/wp-content/uploads/2014/11/2017-RemunerationPolicy.xls?pid=4943,policy/companies/520042573/raw/520042573/9873a26a795b_2017-RemunerationPolicy.xls,מדיניות צפויה למסלול 60+
520042573,,,520042573|מדיניות צפויה למסלול 60+|מסלול המותאם לגילאים 60 +,מסלול המותאם לגילאים 60 +,2017,"אג""ח ממשלתי",,48.4,47.0,+/-   5%,42.0,52.0,ממשלתי שקלי 2-5 שנים- 80%  ממשלתי צמוד 2-5 שנים - 20%,,מדיניות צפויה למסלול 60+,2026-09-30T23:38:13+00:00,https://www.os-gml.co.il/wp-content/uploads/2014/11/2017-RemunerationPolicy.xls?pid=4943,policy/companies/520042573/raw/520042573/9873a26a795b_2017-RemunerationPolicy.xls,מדיניות צפויה למסלול 60+
520042573,,,520042573|מדיניות צפויה למסלול 60+|מסלול המותאם לגילאים 60 +,מסלול המותאם לגילאים 60 +,2017,"אג""ח קונצרני (קרנות נאמנות, תעודות סל)",,34.83,34.0,+/-   6%,28.0,40.0,מדד תל בונד 60 - 60% תל בונד שקלי - 20%  bloomberg us corporate 1-10 bond index    20%,,מדיניות צפויה למסלול 60+,2026-09-30T23:38:13+00:00,https://www.os-gml.co.il/wp-content/uploads/2014/11/2017-RemunerationPolicy.xls?pid=4943,policy/companies/520042573/raw/520042573/9873a26a795b_2017-RemunerationPolicy.xls,מדיניות צפויה למסלול 60+
520042573,,,520042573|מדיניות צפויה למסלול 60+|מסלול המותאם לגילאים 60 +,מסלול המותאם לגילאים 60 +,2017,"אחר (קרנות השקעה פרטיות, קרנות נדלן, מכשירים מובנים)*",,0.0,2.0,+/-   5%,0.0,7.0,,,מדיניות צפויה למסלול 60+,2026-09-30T23:38:13+00:00,https://www.os-gml.co.il/wp-content/uploads/2014/11/2017-RemunerationPolicy.xls?pid=4943,policy/companies/520042573/raw/520042573/9873a26a795b_2017-RemunerationPolicy.xls,מדיניות צפויה למסלול 60+
520042573,,,520042573|מדיניות צפויה למסלול 60+|מסלול המותאם לגילאים 60 +,מסלול המותאם לגילאים 60 +,2017,"עו""ש פר""י פק""מ**",,3.54,7.0,+/-   5%,2.0,12.0,ריבית בנק ישראל,,מדיניות צפויה למסלול 60+,2026-09-30T23:38:13+00:00,https://www.os-gml.co.il/wp-content/uploads/2014/11/2017-RemunerationPolicy.xls?pid=4943,policy/companies/520042573/raw/520042573/9873a26a795b_2017-RemunerationPolicy.xls,מדיניות צפויה למסלול 60+
520042573,,,520042573|מדיניות צפויה למסלול 60+|מסלול המותאם לגילאים 60 +,מסלול המותאם לגילאים 60 +,2017,"חשיפה למט""ח",fx,8.23,8.0,+/-   6%,2.0,14.0,,,מדיניות צפויה למסלול 60+,2026-09-30T23:38:13+00:00,https://www.os-gml.co.il/wp-content/uploads/2014/11/2017-RemunerationPolicy.xls?pid=4943,policy/companies/520042573/raw/520042573/9873a26a795b_2017-RemunerationPolicy.xls,מדיניות צפויה למסלול 60+
520042573,,,520042573|מדיניות צפויה למסלול עד 50|מסלול המותאם לגילאים עד 50,מסלול המותאם לגילאים עד 50,2018,"מניות (תעודות סל, אופציות, קרנות נאמנות)",equity,38.83,45.0,+/-   6%,39.0,51.0,"מדד ת""א 125 - 40% MSCI AC - 60%",,מדיניות צפויה למסלול עד 50,2026-09-30T23:38:13+00:00,https://www.os-gml.co.il/wp-content/uploads/2018/01/2018-RemunerationPolicy.xls?pid=4943,policy/companies/520042573/raw/520042573/1aee6f8b7ba2_2018-RemunerationPolicy.xls,מדיניות צפויה למסלול עד 50
520042573,,,520042573|מדיניות צפויה למסלול עד 50|מסלול המותאם לגילאים עד 50,מסלול המותאם לגילאים עד 50,2018,"אג""ח ממשלתי",,21.61,19.0,+/-   5%,14.0,24.0,ממשלתי שקלי 2-5 שנים- 80%  ממשלתי צמוד 2-5 שנים - 20%,,מדיניות צפויה למסלול עד 50,2026-09-30T23:38:13+00:00,https://www.os-gml.co.il/wp-content/uploads/2018/01/2018-RemunerationPolicy.xls?pid=4943,policy/companies/520042573/raw/520042573/1aee6f8b7ba2_2018-RemunerationPolicy.xls,מדיניות צפויה למסלול עד 50
520042573,,,520042573|מדיניות צפויה למסלול עד 50|מסלול המותאם לגילאים עד 50,מסלול המותאם לגילאים עד 50,2018,"אג""ח קונצרני (קרנות נאמנות, תעודות סל)",,29.65,30.0,+/-   6%,24.0,36.0,מדד תל בונד 60 - 60% תל בונד שקלי - 20%  bloomberg us corporate 1-10 bond index 20%,,מדיניות צפויה למסלול עד 50,2026-09-30T23:38:13+00:00,https://www.os-gml.co.il/wp-content/uploads/2018/01/2018-RemunerationPolicy.xls?pid=4943,policy/companies/520042573/raw/520042573/1aee6f8b7ba2_2018-RemunerationPolicy.xls,מדיניות צפויה למסלול עד 50
520042573,,,520042573|מדיניות צפויה למסלול עד 50|מסלול המותאם לגילאים עד 50,מסלול המותאם לגילאים עד 50,2018,"אחר (קרנות השקעה פרטיות, קרנות נדלן, מכשירים מובנים)*",,0.0,1.0,+/-   5%,0.0,6.0,,,מדיניות צפויה למסלול עד 50,2026-09-30T23:38:13+00:00,https://www.os-gml.co.il/wp-content/uploads/2018/01/2018-RemunerationPolicy.xls?pid=4943,policy/companies/520042573/raw/520042573/1aee6f8b7ba2_2018-RemunerationPolicy.xls,מדיניות צפויה למסלול עד 50
520042573,,,520042573|מדיניות צפויה למסלול עד 50|מסלול המותאם לגילאים עד 50,מסלול המותאם לגילאים עד 50,2018,"עו""ש פר""י פק""מ**",,9.9,5.0,+/-   5%,0.0,10.0,ריבית בנק ישראל,,מדיניות צפויה למסלול עד 50,2026-09-30T23:38:13+00:00,https://www.os-gml.co.il/wp-content/uploads/2018/01/2018-RemunerationPolicy.xls?pid=4943,policy/companies/520042573/raw/520042573/1aee6f8b7ba2_2018-RemunerationPolicy.xls,מדיניות צפויה למסלול עד 50
520042573,,,520042573|מדיניות צפויה למסלול עד 50|מסלול המותאם לגילאים עד 50,מסלול המותאם לגילאים עד 50,2018,"חשיפה למט""ח",fx,17.71,20.0,+/-   6%,14.0,26.0,,,מדיניות צפויה למסלול עד 50,2026-09-30T23:38:13+00:00,https://www.os-gml.co.il/wp-content/uploads/2018/01/2018-RemunerationPolicy.xls?pid=4943,policy/companies/520042573/raw/520042573/1aee6f8b7ba2_2018-RemunerationPolicy.xls,מדיניות צפויה למסלול עד 50
520042573,,,520042573|מדיניות צפויה מסלול 50-60|מסלול המותאם לגילאים 50 עד 60,מסלול המותאם לגילאים 50 עד 60,2018,"מניות (תעודות סל, אופציות, קרנות נאמנות)",equity,35.66,34.0,+/-   6%,28.0,40.0,"מדד ת""א 125 - 40% MSCI AC - 60%",,מדיניות צפויה מסלול 50-60,2026-09-30T23:38:13+00:00,https://www.os-gml.co.il/wp-content/uploads/2018/01/2018-RemunerationPolicy.xls?pid=4943,policy/companies/520042573/raw/520042573/1aee6f8b7ba2_2018-RemunerationPolicy.xls,מדיניות צפויה מסלול 50-60
520042573,,,520042573|מדיניות צפויה מסלול 50-60|מסלול המותאם לגילאים 50 עד 60,מסלול המותאם לגילאים 50 עד 60,2018,"אג""ח ממשלתי",,21.26,22.0,+/-   5%,17.0,27.0,ממשלתי שקלי 2-5 שנים- 80%  ממשלתי צמוד 2-5 שנים - 20%,,מדיניות צפויה מסלול 50-60,2026-09-30T23:38:13+00:00,https://www.os-gml.co.il/wp-content/uploads/2018/01/2018-RemunerationPolicy.xls?pid=4943,policy/companies/520042573/raw/520042573/1aee6f8b7ba2_2018-RemunerationPolicy.xls,מדיניות צפויה מסלול 50-60
520042573,,,520042573|מדיניות צפויה מסלול 50-60|מסלול המותאם לגילאים 50 עד 60,מסלול המותאם לגילאים 50 עד 60,2018,"אג""ח קונצרני (קרנות נאמנות, תעודות סל)",,39.42,38.0,+/-   6%,32.0,44.0,מדד תל בונד 60 - 60% תל בונד שקלי - 20%  bloomberg us corporate 1-10 bond index 20%,,מדיניות צפויה מסלול 50-60,2026-09-30T23:38:13+00:00,https://www.os-gml.co.il/wp-content/uploads/2018/01/2018-RemunerationPolicy.xls?pid=4943,policy/companies/520042573/raw/520042573/1aee6f8b7ba2_2018-RemunerationPolicy.xls,מדיניות צפויה מסלול 50-60
520042573,,,520042573|מדיניות צפויה מסלול 50-60|מסלול המותאם לגילאים 50 עד 60,מסלול המותאם לגילאים 50 עד 60,2018,"אחר (קרנות השקעה פרטיות, קרנות נדלן, מכשירים מובנים)*",,1.75,3.0,+/-   5%,0.0,8.0,,,מדיניות צפויה מסלול 50-60,2026-09-30T23:38:13+00:00,https://www.os-gml.co.il/wp-content/uploads/2018/01/2018-RemunerationPolicy.xls?pid=4943,policy/companies/520042573/raw/520042573/1aee6f8b7ba2_2018-RemunerationPolicy.xls,מדיניות צפויה מסלול 50-60
520042573,,,520042573|מדיניות צפויה מסלול 50-60|מסלול המותאם לגילאים 50 עד 60,מסלול המותאם לגילאים 50 עד 60,2018,"עו""ש פר""י פק""מ**",,1.92,3.0,+/-   5%,0.0,8.0,ריבית בנק ישראל,,מדיניות צפויה מסלול 50-60,2026-09-30T23:38:13+00:00,https://www.os-gml.co.il/wp-content/uploads/2018/01/2018-RemunerationPolicy.xls?pid=4943,policy/companies/520042573/raw/520042573/1aee6f8b7ba2_2018-RemunerationPolicy.xls,מדיניות צפויה מסלול 50-60
520042573,,,520042573|מדיניות צפויה מסלול 50-60|מסלול המותאם לגילאים 50 עד 60,מסלול המותאם לגילאים 50 עד 60,2018,"חשיפה למט""ח",fx,19.57,15.0,+/-   6%,9.0,21.0,,,מדיניות צפויה מסלול 50-60,2026-09-30T23:38:13+00:00,https://www.os-gml.co.il/wp-content/uploads/2018/01/2018-RemunerationPolicy.xls?pid=4943,policy/companies/520042573/raw/520042573/1aee6f8b7ba2_2018-RemunerationPolicy.xls,מדיניות צפויה מסלול 50-60
520042573,,,520042573|מדיניות צפויה למסלול 60+|מסלול המותאם לגילאים 60 +,מסלול המותאם לגילאים 60 +,2018,"מניות (תעודות סל, אופציות, קרנות נאמנות)",equity,13.12,16.0,+/-   6%,10.0,22.0,"מדד ת""א 125 - 40% MSCI AC - 60%",,מדיניות צפויה למסלול 60+,2026-09-30T23:38:13+00:00,https://www.os-gml.co.il/wp-content/uploads/2018/01/2018-RemunerationPolicy.xls?pid=4943,policy/companies/520042573/raw/520042573/1aee6f8b7ba2_2018-RemunerationPolicy.xls,מדיניות צפויה למסלול 60+
520042573,,,520042573|מדיניות צפויה למסלול 60+|מסלול המותאם לגילאים 60 +,מסלול המותאם לגילאים 60 +,2018,"אג""ח ממשלתי",,44.82,40.0,+/-   5%,35.0,45.0,ממשלתי שקלי 2-5 שנים- 80%  ממשלתי צמוד 2-5 שנים - 20%,,מדיניות צפויה למסלול 60+,2026-09-30T23:38:13+00:00,https://www.os-gml.co.il/wp-content/uploads/2018/01/2018-RemunerationPolicy.xls?pid=4943,policy/companies/520042573/raw/520042573/1aee6f8b7ba2_2018-RemunerationPolicy.xls,מדיניות צפויה למסלול 60+
520042573,,,520042573|מדיניות צפויה למסלול 60+|מסלול המותאם לגילאים 60 +,מסלול המותאם לגילאים 60 +,2018,"אג""ח קונצרני (קרנות נאמנות, תעודות סל)",,34.62,37.0,+/-   6%,31.0,43.0,מדד תל בונד 60 - 60% תל בונד שקלי - 20%  bloomberg us corporate 1-10 bond index    20%,,מדיניות צפויה למסלול 60+,2026-09-30T23:38:13+00:00,https://www.os-gml.co.il/wp-content/uploads/2018/01/2018-RemunerationPolicy.xls?pid=4943,policy/companies/520042573/raw/520042573/1aee6f8b7ba2_2018-RemunerationPolicy.xls,מדיניות צפויה למסלול 60+
520042573,,,520042573|מדיניות צפויה למסלול 60+|מסלול המותאם לגילאים 60 +,מסלול המותאם לגילאים 60 +,2018,"אחר (קרנות השקעה פרטיות, קרנות נדלן, מכשירים מובנים)*",,0.0,1.0,+/-   5%,0.0,6.0,,,מדיניות צפויה למסלול 60+,2026-09-30T23:38:13+00:00,https://www.os-gml.co.il/wp-content/uploads/2018/01/2018-RemunerationPolicy.xls?pid=4943,policy/companies/520042573/raw/520042573/1aee6f8b7ba2_2018-RemunerationPolicy.xls,מדיניות צפויה למסלול 60+
520042573,,,520042573|מדיניות צפויה למסלול 60+|מסלול המותאם לגילאים 60 +,מסלול המותאם לגילאים 60 +,2018,"עו""ש פר""י פק""מ**",,7.44,6.0,+/-   5%,1.0,11.0,ריבית בנק ישראל,,מדיניות צפויה למסלול 60+,2026-09-30T23:38:13+00:00,https://www.os-gml.co.il/wp-content/uploads/2018/01/2018-RemunerationPolicy.xls?pid=4943,policy/companies/520042573/raw/520042573/1aee6f8b7ba2_2018-RemunerationPolicy.xls,מדיניות צפויה למסלול 60+
520042573,,,520042573|מדיניות צפויה למסלול 60+|מסלול המותאם לגילאים 60 +,מסלול המותאם לגילאים 60 +,2018,"חשיפה למט""ח",fx,8.78,8.0,+/-   6%,2.0,14.0,,,מדיניות צפויה למסלול 60+,2026-09-30T23:38:13+00:00,https://www.os-gml.co.il/wp-content/uploads/2018/01/2018-RemunerationPolicy.xls?pid=4943,policy/companies/520042573/raw/520042573/1aee6f8b7ba2_2018-RemunerationPolicy.xls,מדיניות צפויה למסלול 60+
520042573,,,520042573|מדיניות צפויה למסלול עד 50|מסלול המותאם לגילאים עד 50,מסלול המותאם לגילאים עד 50,2019,"מניות (תעודות סל, אופציות, קרנות נאמנות)",equity,39.84,45.0,+/-   6%,39.0,51.0,"מדד ת""א 125 - 40% MSCI AC - 60%",,מדיניות צפויה למסלול עד 50,2026-09-30T23:38:13+00:00,https://www.os-gml.co.il/wp-content/uploads/2019/01/מדיניות-צפויה-2019-עוס.xls,policy/companies/520042573/raw/520042573/f2bfb5518651_מדיניות-צפויה-2019-עוס.xls,מדיניות צפויה למסלול עד 50
520042573,,,520042573|מדיניות צפויה למסלול עד 50|מסלול המותאם לגילאים עד 50,מסלול המותאם לגילאים עד 50,2019,"אג""ח ממשלתי",,20.84,23.0,+/-   5%,18.0,28.0,ממשלתי שקלי 2-5 שנים- 80%  ממשלתי צמוד 2-5 שנים - 20%,,מדיניות צפויה למסלול עד 50,2026-09-30T23:38:13+00:00,https://www.os-gml.co.il/wp-content/uploads/2019/01/מדיניות-צפויה-2019-עוס.xls,policy/companies/520042573/raw/520042573/f2bfb5518651_מדיניות-צפויה-2019-עוס.xls,מדיניות צפויה למסלול עד 50
520042573,,,520042573|מדיניות צפויה למסלול עד 50|מסלול המותאם לגילאים עד 50,מסלול המותאם לגילאים עד 50,2019,"אג""ח קונצרני (קרנות נאמנות, תעודות סל)",,28.89,26.0,+/-   6%,20.0,32.0,מדד תל בונד 60 - 60% תל בונד שקלי - 20%  bloomberg us corporate 1-10 bond index 20%,,מדיניות צפויה למסלול עד 50,2026-09-30T23:38:13+00:00,https://www.os-gml.co.il/wp-content/uploads/2019/01/מדיניות-צפויה-2019-עוס.xls,policy/companies/520042573/raw/520042573/f2bfb5518651_מדיניות-צפויה-2019-עוס.xls,מדיניות צפויה למסלול עד 50
520042573,,,520042573|מדיניות צפויה למסלול עד 50|מסלול המותאם לגילאים עד 50,מסלול המותאם לגילאים עד 50,2019,"אחר (קרנות השקעה פרטיות, קרנות נדלן, מכשירים מובנים)*",,0.0,1.0,+/-   5%,0.0,6.0,,,מדיניות צפויה למסלול עד 50,2026-09-30T23:38:13+00:00,https://www.os-gml.co.il/wp-content/uploads/2019/01/מדיניות-צפויה-2019-עוס.xls,policy/companies/520042573/raw/520042573/f2bfb5518651_מדיניות-צפויה-2019-עוס.xls,מדיניות צפויה למסלול עד 50
520042573,,,520042573|מדיניות צפויה למסלול עד 50|מסלול המותאם לגילאים עד 50,מסלול המותאם לגילאים עד 50,2019,"עו""ש פר""י פק""מ**",,10.43,5.0,+/-   5%,0.0,10.0,ריבית בנק ישראל,,מדיניות צפויה למסלול עד 50,2026-09-30T23:38:13+00:00,https://www.os-gml.co.il/wp-content/uploads/2019/01/מדיניות-צפויה-2019-עוס.xls,policy/companies/520042573/raw/520042573/f2bfb5518651_מדיניות-צפויה-2019-עוס.xls,מדיניות צפויה למסלול עד 50
520042573,,,520042573|מדיניות צפויה למסלול עד 50|מסלול המותאם לגילאים עד 50,מסלול המותאם לגילאים עד 50,2019,"חשיפה למט""ח",fx,18.38,20.0,+/-   6%,14.0,26.0,,,מדיניות צפויה למסלול עד 50,2026-09-30T23:38:13+00:00,https://www.os-gml.co.il/wp-content/uploads/2019/01/מדיניות-צפויה-2019-עוס.xls,policy/companies/520042573/raw/520042573/f2bfb5518651_מדיניות-צפויה-2019-עוס.xls,מדיניות צפויה למסלול עד 50
520042573,,,520042573|מדיניות צפויה מסלול 50-60|מסלול המותאם לגילאים 50 עד 60,מסלול המותאם לגילאים 50 עד 60,2019,"מניות (תעודות סל, אופציות, קרנות נאמנות)",equity,34.7,32.0,+/-   6%,26.0,38.0,"מדד ת""א 125 - 40% MSCI AC - 60%",,מדיניות צפויה מסלול 50-60,2026-09-30T23:38:13+00:00,https://www.os-gml.co.il/wp-content/uploads/2019/01/מדיניות-צפויה-2019-עוס.xls,policy/companies/520042573/raw/520042573/f2bfb5518651_מדיניות-צפויה-2019-עוס.xls,מדיניות צפויה מסלול 50-60
520042573,,,520042573|מדיניות צפויה מסלול 50-60|מסלול המותאם לגילאים 50 עד 60,מסלול המותאם לגילאים 50 עד 60,2019,"אג""ח ממשלתי",,21.3,25.0,+/-   5%,20.0,30.0,ממשלתי שקלי 2-5 שנים- 80%  ממשלתי צמוד 2-5 שנים - 20%,,מדיניות צפויה מסלול 50-60,2026-09-30T23:38:13+00:00,https://www.os-gml.co.il/wp-content/uploads/2019/01/מדיניות-צפויה-2019-עוס.xls,policy/companies/520042573/raw/520042573/f2bfb5518651_מדיניות-צפויה-2019-עוס.xls,מדיניות צפויה מסלול 50-60
520042573,,,520042573|מדיניות צפויה מסלול 50-60|מסלול המותאם לגילאים 50 עד 60,מסלול המותאם לגילאים 50 עד 60,2019,"אג""ח קונצרני (קרנות נאמנות, תעודות סל)",,35.54,33.0,+/-   6%,27.0,39.0,מדד תל בונד 60 - 60% תל בונד שקלי - 20%  bloomberg us corporate 1-10 bond index 20%,,מדיניות צפויה מסלול 50-60,2026-09-30T23:38:13+00:00,https://www.os-gml.co.il/wp-content/uploads/2019/01/מדיניות-צפויה-2019-עוס.xls,policy/companies/520042573/raw/520042573/f2bfb5518651_מדיניות-צפויה-2019-עוס.xls,מדיניות צפויה מסלול 50-60
520042573,,,520042573|מדיניות צפויה מסלול 50-60|מסלול המותאם לגילאים 50 עד 60,מסלול המותאם לגילאים 50 עד 60,2019,"אחר (קרנות השקעה פרטיות, קרנות נדלן, מכשירים מובנים)*",,2.39,5.0,+/-   5%,0.0,10.0,,,מדיניות צפויה מסלול 50-60,2026-09-30T23:38:13+00:00,https://www.os-gml.co.il/wp-content/uploads/2019/01/מדיניות-צפויה-2019-עוס.xls,policy/companies/520042573/raw/520042573/f2bfb5518651_מדיניות-צפויה-2019-עוס.xls,מדיניות צפויה מסלול 50-60
520042573,,,520042573|מדיניות צפויה מסלול 50-60|מסלול המותאם לגילאים 50 עד 60,מסלול המותאם לגילאים 50 עד 60,2019,"עו""ש פר""י פק""מ**",,6.06,5.0,+/-   5%,0.0,10.0,ריבית בנק ישראל,,מדיניות צפויה מסלול 50-60,2026-09-30T23:38:13+00:00,https://www.os-gml.co.il/wp-content/uploads/2019/01/מדיניות-צפויה-2019-עוס.xls,policy/companies/520042573/raw/520042573/f2bfb5518651_מדיניות-צפויה-2019-עוס.xls,מדיניות צפויה מסלול 50-60
520042573,,,520042573|מדיניות צפויה מסלול 50-60|מסלול המותאם לגילאים 50 עד 60,מסלול המותאם לגילאים 50 עד 60,2019,"חשיפה למט""ח",fx,19.2,18.0,+/-   6%,12.0,24.0,,,מדיניות צפויה מסלול 50-60,2026-09-30T23:38:13+00:00,https://www.os-gml.co.il/wp-content/uploads/2019/01/מדיניות-צפויה-2019-עוס.xls,policy/companies/520042573/raw/520042573/f2bfb5518651_מדיניות-צפויה-2019-עוס.xls,מדיניות צפויה מסלול 50-60
520042573,,,520042573|מדיניות צפויה למסלול 60+|מסלול המותאם לגילאים 60 +,מסלול המותאם לגילאים 60 +,2019,"מניות (תעודות סל, אופציות, קרנות נאמנות)",equity,13.64,14.0,+/-   6%,8.0,20.0,"מדד ת""א 125 - 40% MSCI AC - 60%",,מדיניות צפויה למסלול 60+,2026-09-30T23:38:13+00:00,https://www.os-gml.co.il/wp-content/uploads/2019/01/מדיניות-צפויה-2019-עוס.xls,policy/companies/520042573/raw/520042573/f2bfb5518651_מדיניות-צפויה-2019-עוס.xls,מדיניות צפויה למסלול 60+
520042573,,,520042573|מדיניות צפויה למסלול 60+|מסלול המותאם לגילאים 60 +,מסלול המותאם לגילאים 60 +,2019,"אג""ח ממשלתי",,44.55,44.0,+/-   5%,39.0,49.0,ממשלתי שקלי 2-5 שנים- 80%  ממשלתי צמוד 2-5 שנים - 20%,,מדיניות צפויה למסלול 60+,2026-09-30T23:38:13+00:00,https://www.os-gml.co.il/wp-content/uploads/2019/01/מדיניות-צפויה-2019-עוס.xls,policy/companies/520042573/raw/520042573/f2bfb5518651_מדיניות-צפויה-2019-עוס.xls,מדיניות צפויה למסלול 60+
520042573,,,520042573|מדיניות צפויה למסלול 60+|מסלול המותאם לגילאים 60 +,מסלול המותאם לגילאים 60 +,2019,"אג""ח קונצרני (קרנות נאמנות, תעודות סל)",,34.3,35.0,+/-   6%,29.0,41.0,מדד תל בונד 60 - 60% תל בונד שקלי - 20%  bloomberg us corporate 1-10 bond index    20%,,מדיניות צפויה למסלול 60+,2026-09-30T23:38:13+00:00,https://www.os-gml.co.il/wp-content/uploads/2019/01/מדיניות-צפויה-2019-עוס.xls,policy/companies/520042573/raw/520042573/f2bfb5518651_מדיניות-צפויה-2019-עוס.xls,מדיניות צפויה למסלול 60+
520042573,,,520042573|מדיניות צפויה למסלול 60+|מסלול המותאם לגילאים 60 +,מסלול המותאם לגילאים 60 +,2019,"אחר (קרנות השקעה פרטיות, קרנות נדלן, מכשירים מובנים)*",,0.0,1.0,+/-   5%,0.0,6.0,,,מדיניות צפויה למסלול 60+,2026-09-30T23:38:13+00:00,https://www.os-gml.co.il/wp-content/uploads/2019/01/מדיניות-צפויה-2019-עוס.xls,policy/companies/520042573/raw/520042573/f2bfb5518651_מדיניות-צפויה-2019-עוס.xls,מדיניות צפויה למסלול 60+
520042573,,,520042573|מדיניות צפויה למסלול 60+|מסלול המותאם לגילאים 60 +,מסלול המותאם לגילאים 60 +,2019,"עו""ש פר""י פק""מ**",,7.51,6.0,+/-   5%,1.0,11.0,ריבית בנק ישראל,,מדיניות צפויה למסלול 60+,2026-09-30T23:38:13+00:00,https://www.os-gml.co.il/wp-content/uploads/2019/01/מדיניות-צפויה-2019-עוס.xls,policy/companies/520042573/raw/520042573/f2bfb5518651_מדיניות-צפויה-2019-עוס.xls,מדיניות צפויה למסלול 60+
520042573,,,520042573|מדיניות צפויה למסלול 60+|מסלול המותאם לגילאים 60 +,מסלול המותאם לגילאים 60 +,2019,"חשיפה למט""ח",fx,9.9,10.0,+/-   6%,4.0,16.0,,,מדיניות צפויה למסלול 60+,2026-09-30T23:38:13+00:00,https://www.os-gml.co.il/wp-content/uploads/2019/01/מדיניות-צפויה-2019-עוס.xls,policy/companies/520042573/raw/520042573/f2bfb5518651_מדיניות-צפויה-2019-עוס.xls,מדיניות צפויה למסלול 60+
520042573,,,520042573|מדיניות צפויה למסלול עד 50|מסלול המותאם לגילאים עד 50,מסלול המותאם לגילאים עד 50,2019,"מניות (תעודות סל, אופציות, קרנות נאמנות)",equity,39.84,45.0,+/-   6%,39.0,51.0,"מדד ת""א 125 - 40% MSCI AC - 60%",,מדיניות צפויה למסלול עד 50,2026-09-30T23:38:13+00:00,https://www.os-gml.co.il/wp-content/uploads/2019/01/מדיניות-צפויה-2019-עוס.xls?pid=4943,policy/companies/520042573/raw/520042573/f2bfb5518651_מדיניות-צפויה-2019-עוס.xls,מדיניות צפויה למסלול עד 50
520042573,,,520042573|מדיניות צפויה למסלול עד 50|מסלול המותאם לגילאים עד 50,מסלול המותאם לגילאים עד 50,2019,"אג""ח ממשלתי",,20.84,23.0,+/-   5%,18.0,28.0,ממשלתי שקלי 2-5 שנים- 80%  ממשלתי צמוד 2-5 שנים - 20%,,מדיניות צפויה למסלול עד 50,2026-09-30T23:38:13+00:00,https://www.os-gml.co.il/wp-content/uploads/2019/01/מדיניות-צפויה-2019-עוס.xls?pid=4943,policy/companies/520042573/raw/520042573/f2bfb5518651_מדיניות-צפויה-2019-עוס.xls,מדיניות צפויה למסלול עד 50
520042573,,,520042573|מדיניות צפויה למסלול עד 50|מסלול המותאם לגילאים עד 50,מסלול המותאם לגילאים עד 50,2019,"אג""ח קונצרני (קרנות נאמנות, תעודות סל)",,28.89,26.0,+/-   6%,20.0,32.0,מדד תל בונד 60 - 60% תל בונד שקלי - 20%  bloomberg us corporate 1-10 bond index 20%,,מדיניות צפויה למסלול עד 50,2026-09-30T23:38:13+00:00,https://www.os-gml.co.il/wp-content/uploads/2019/01/מדיניות-צפויה-2019-עוס.xls?pid=4943,policy/companies/520042573/raw/520042573/f2bfb5518651_מדיניות-צפויה-2019-עוס.xls,מדיניות צפויה למסלול עד 50
520042573,,,520042573|מדיניות צפויה למסלול עד 50|מסלול המותאם לגילאים עד 50,מסלול המותאם לגילאים עד 50,2019,"אחר (קרנות השקעה פרטיות, קרנות נדלן, מכשירים מובנים)*",,0.0,1.0,+/-   5%,0.0,6.0,,,מדיניות צפויה למסלול עד 50,2026-09-30T23:38:13+00:00,https://www.os-gml.co.il/wp-content/uploads/2019/01/מדיניות-צפויה-2019-עוס.xls?pid=4943,policy/companies/520042573/raw/520042573/f2bfb5518651_מדיניות-צפויה-2019-עוס.xls,מדיניות צפויה למסלול עד 50
520042573,,,520042573|מדיניות צפויה למסלול עד 50|מסלול המותאם לגילאים עד 50,מסלול המותאם לגילאים עד 50,2019,"עו""ש פר""י פק""מ**",,10.43,5.0,+/-   5%,0.0,10.0,ריבית בנק ישראל,,מדיניות צפויה למסלול עד 50,2026-09-30T23:38:13+00:00,https://www.os-gml.co.il/wp-content/uploads/2019/01/מדיניות-צפויה-2019-עוס.xls?pid=4943,policy/companies/520042573/raw/520042573/f2bfb5518651_מדיניות-צפויה-2019-עוס.xls,מדיניות צפויה למסלול עד 50
520042573,,,520042573|מדיניות צפויה למסלול עד 50|מסלול המותאם לגילאים עד 50,מסלול המותאם לגילאים עד 50,2019,"חשיפה למט""ח",fx,18.38,20.0,+/-   6%,14.0,26.0,,,מדיניות צפויה למסלול עד 50,2026-09-30T23:38:13+00:00,https://www.os-gml.co.il/wp-content/uploads/2019/01/מדיניות-צפויה-2019-עוס.xls?pid=4943,policy/companies/520042573/raw/520042573/f2bfb5518651_מדיניות-צפויה-2019-עוס.xls,מדיניות צפויה למסלול עד 50
520042573,,,520042573|מדיניות צפויה מסלול 50-60|מסלול המותאם לגילאים 50 עד 60,מסלול המותאם לגילאים 50 עד 60,2019,"מניות (תעודות סל, אופציות, קרנות נאמנות)",equity,34.7,32.0,+/-   6%,26.0,38.0,"מדד ת""א 125 - 40% MSCI AC - 60%",,מדיניות צפויה מסלול 50-60,2026-09-30T23:38:13+00:00,https://www.os-gml.co.il/wp-content/uploads/2019/01/מדיניות-צפויה-2019-עוס.xls?pid=4943,policy/companies/520042573/raw/520042573/f2bfb5518651_מדיניות-צפויה-2019-עוס.xls,מדיניות צפויה מסלול 50-60
520042573,,,520042573|מדיניות צפויה מסלול 50-60|מסלול המותאם לגילאים 50 עד 60,מסלול המותאם לגילאים 50 עד 60,2019,"אג""ח ממשלתי",,21.3,25.0,+/-   5%,20.0,30.0,ממשלתי שקלי 2-5 שנים- 80%  ממשלתי צמוד 2-5 שנים - 20%,,מדיניות צפויה מסלול 50-60,2026-09-30T23:38:13+00:00,https://www.os-gml.co.il/wp-content/uploads/2019/01/מדיניות-צפויה-2019-עוס.xls?pid=4943,policy/companies/520042573/raw/520042573/f2bfb5518651_מדיניות-צפויה-2019-עוס.xls,מדיניות צפויה מסלול 50-60
520042573,,,520042573|מדיניות צפויה מסלול 50-60|מסלול המותאם לגילאים 50 עד 60,מסלול המותאם לגילאים 50 עד 60,2019,"אג""ח קונצרני (קרנות נאמנות, תעודות סל)",,35.54,33.0,+/-   6%,27.0,39.0,מדד תל בונד 60 - 60% תל בונד שקלי - 20%  bloomberg us corporate 1-10 bond index 20%,,מדיניות צפויה מסלול 50-60,2026-09-30T23:38:13+00:00,https://www.os-gml.co.il/wp-content/uploads/2019/01/מדיניות-צפויה-2019-עוס.xls?pid=4943,policy/companies/520042573/raw/520042573/f2bfb5518651_מדיניות-צפויה-2019-עוס.xls,מדיניות צפויה מסלול 50-60
520042573,,,520042573|מדיניות צפויה מסלול 50-60|מסלול המותאם לגילאים 50 עד 60,מסלול המותאם לגילאים 50 עד 60,2019,"אחר (קרנות השקעה פרטיות, קרנות נדלן, מכשירים מובנים)*",,2.39,5.0,+/-   5%,0.0,10.0,,,מדיניות צפויה מסלול 50-60,2026-09-30T23:38:13+00:00,https://www.os-gml.co.il/wp-content/uploads/2019/01/מדיניות-צפויה-2019-עוס.xls?pid=4943,policy/companies/520042573/raw/520042573/f2bfb5518651_מדיניות-צפויה-2019-עוס.xls,מדיניות צפויה מסלול 50-60
520042573,,,520042573|מדיניות צפויה מסלול 50-60|מסלול המותאם לגילאים 50 עד 60,מסלול המותאם לגילאים 50 עד 60,2019,"עו""ש פר""י פק""מ**",,6.06,5.0,+/-   5%,0.0,10.0,ריבית בנק ישראל,,מדיניות צפויה מסלול 50-60,2026-09-30T23:38:13+00:00,https://www.os-gml.co.il/wp-content/uploads/2019/01/מדיניות-צפויה-2019-עוס.xls?pid=4943,policy/companies/520042573/raw/520042573/f2bfb5518651_מדיניות-צפויה-2019-עוס.xls,מדיניות צפויה מסלול 50-60
520042573,,,520042573|מדיניות צפויה מסלול 50-60|מסלול המותאם לגילאים 50 עד 60,מסלול המותאם לגילאים 50 עד 60,2019,"חשיפה למט""ח",fx,19.2,18.0,+/-   6%,12.0,24.0,,,מדיניות צפויה מסלול 50-60,2026-09-30T23:38:13+00:00,https://www.os-gml.co.il/wp-content/uploads/2019/01/מדיניות-צפויה-2019-עוס.xls?pid=4943,policy/companies/520042573/raw/520042573/f2bfb5518651_מדיניות-צפויה-2019-עוס.xls,מדיניות צפויה מסלול 50-60
520042573,,,520042573|מדיניות צפויה למסלול 60+|מסלול המותאם לגילאים 60 +,מסלול המותאם לגילאים 60 +,2019,"מניות (תעודות סל, אופציות, קרנות נאמנות)",equity,13.64,14.0,+/-   6%,8.0,20.0,"מדד ת""א 125 - 40% MSCI AC - 60%",,מדיניות צפויה למסלול 60+,2026-09-30T23:38:13+00:00,https://www.os-gml.co.il/wp-content/uploads/2019/01/מדיניות-צפויה-2019-עוס.xls?pid=4943,policy/companies/520042573/raw/520042573/f2bfb5518651_מדיניות-צפויה-2019-עוס.xls,מדיניות צפויה למסלול 60+
520042573,,,520042573|מדיניות צפויה למסלול 60+|מסלול המותאם לגילאים 60 +,מסלול המותאם לגילאים 60 +,2019,"אג""ח ממשלתי",,44.55,44.0,+/-   5%,39.0,49.0,ממשלתי שקלי 2-5 שנים- 80%  ממשלתי צמוד 2-5 שנים - 20%,,מדיניות צפויה למסלול 60+,2026-09-30T23:38:13+00:00,https://www.os-gml.co.il/wp-content/uploads/2019/01/מדיניות-צפויה-2019-עוס.xls?pid=4943,policy/companies/520042573/raw/520042573/f2bfb5518651_מדיניות-צפויה-2019-עוס.xls,מדיניות צפויה למסלול 60+
520042573,,,520042573|מדיניות צפויה למסלול 60+|מסלול המותאם לגילאים 60 +,מסלול המותאם לגילאים 60 +,2019,"אג""ח קונצרני (קרנות נאמנות, תעודות סל)",,34.3,35.0,+/-   6%,29.0,41.0,מדד תל בונד 60 - 60% תל בונד שקלי - 20%  bloomberg us corporate 1-10 bond index    20%,,מדיניות צפויה למסלול 60+,2026-09-30T23:38:13+00:00,https://www.os-gml.co.il/wp-content/uploads/2019/01/מדיניות-צפויה-2019-עוס.xls?pid=4943,policy/companies/520042573/raw/520042573/f2bfb5518651_מדיניות-צפויה-2019-עוס.xls,מדיניות צפויה למסלול 60+
520042573,,,520042573|מדיניות צפויה למסלול 60+|מסלול המותאם לגילאים 60 +,מסלול המותאם לגילאים 60 +,2019,"אחר (קרנות השקעה פרטיות, קרנות נדלן, מכשירים מובנים)*",,0.0,1.0,+/-   5%,0.0,6.0,,,מדיניות צפויה למסלול 60+,2026-09-30T23:38:13+00:00,https://www.os-gml.co.il/wp-content/uploads/2019/01/מדיניות-צפויה-2019-עוס.xls?pid=4943,policy/companies/520042573/raw/520042573/f2bfb5518651_מדיניות-צפויה-2019-עוס.xls,מדיניות צפויה למסלול 60+
520042573,,,520042573|מדיניות צפויה למסלול 60+|מסלול המותאם לגילאים 60 +,מסלול המותאם לגילאים 60 +,2019,"עו""ש פר""י פק""מ**",,7.51,6.0,+/-   5%,1.0,11.0,ריבית בנק ישראל,,מדיניות צפויה למסלול 60+,2026-09-30T23:38:13+00:00,https://www.os-gml.co.il/wp-content/uploads/2019/01/מדיניות-צפויה-2019-עוס.xls?pid=4943,policy/companies/520042573/raw/520042573/f2bfb5518651_מדיניות-צפויה-2019-עוס.xls,מדיניות צפויה למסלול 60+
520042573,,,520042573|מדיניות צפויה למסלול 60+|מסלול המותאם לגילאים 60 +,מסלול המותאם לגילאים 60 +,2019,"חשיפה למט""ח",fx,9.9,10.0,+/-   6%,4.0,16.0,,,מדיניות צפויה למסלול 60+,2026-09-30T23:38:13+00:00,https://www.os-gml.co.il/wp-content/uploads/2019/01/מדיניות-צפויה-2019-עוס.xls?pid=4943,policy/companies/520042573/raw/520042573/f2bfb5518651_מדיניות-צפויה-2019-עוס.xls,מדיניות צפויה למסלול 60+
520042573,,,520042573|מדיניות צפויה למסלול עד 50|מסלול המותאם לגילאים עד 50,מסלול המותאם לגילאים עד 50,2019,"מניות (תעודות סל, אופציות, קרנות נאמנות)",equity,39.84,45.0,+/-   6%,39.0,51.0,"מדד ת""א 125 - 40% MSCI AC - 60%",,מדיניות צפויה למסלול עד 50,2026-09-30T23:38:13+00:00,https://www.os-gml.co.il/wp-content/uploads/2019/06/מדיניות-צפויה-2019-עוס-מעודכן.xls,policy/companies/520042573/raw/520042573/84202416ae61_מדיניות-צפויה-2019-עוס-מעודכן.xls,מדיניות צפויה למסלול עד 50
520042573,,,520042573|מדיניות צפויה למסלול עד 50|מסלול המותאם לגילאים עד 50,מסלול המותאם לגילאים עד 50,2019,"אג""ח ממשלתי",,20.84,23.0,+/-   5%,18.0,28.0,ממשלתי שקלי 2-5 שנים- 80%  ממשלתי צמוד 2-5 שנים - 20%,,מדיניות צפויה למסלול עד 50,2026-09-30T23:38:13+00:00,https://www.os-gml.co.il/wp-content/uploads/2019/06/מדיניות-צפויה-2019-עוס-מעודכן.xls,policy/companies/520042573/raw/520042573/84202416ae61_מדיניות-צפויה-2019-עוס-מעודכן.xls,מדיניות צפויה למסלול עד 50
520042573,,,520042573|מדיניות צפויה למסלול עד 50|מסלול המותאם לגילאים עד 50,מסלול המותאם לגילאים עד 50,2019,"אג""ח קונצרני (קרנות נאמנות, תעודות סל)",,28.89,26.0,+/-   6%,20.0,32.0,מדד תל בונד 60 - 60% תל בונד שקלי - 20%  bloomberg us corporate 1-10 bond index 20%,,מדיניות צפויה למסלול עד 50,2026-09-30T23:38:13+00:00,https://www.os-gml.co.il/wp-content/uploads/2019/06/מדיניות-צפויה-2019-עוס-מעודכן.xls,policy/companies/520042573/raw/520042573/84202416ae61_מדיניות-צפויה-2019-עוס-מעודכן.xls,מדיניות צפויה למסלול עד 50
520042573,,,520042573|מדיניות צפויה למסלול עד 50|מסלול המותאם לגילאים עד 50,מסלול המותאם לגילאים עד 50,2019,"אחר (קרנות השקעה פרטיות, קרנות נדלן, מכשירים מובנים)*",,0.0,1.0,+/-   5%,0.0,6.0,,,מדיניות צפויה למסלול עד 50,2026-09-30T23:38:13+00:00,https://www.os-gml.co.il/wp-content/uploads/2019/06/מדיניות-צפויה-2019-עוס-מעודכן.xls,policy/companies/520042573/raw/520042573/84202416ae61_מדיניות-צפויה-2019-עוס-מעודכן.xls,מדיניות צפויה למסלול עד 50
520042573,,,520042573|מדיניות צפויה למסלול עד 50|מסלול המותאם לגילאים עד 50,מסלול המותאם לגילאים עד 50,2019,"עו""ש פר""י פק""מ**",,10.43,5.0,+/-   5%,0.0,10.0,ריבית בנק ישראל,,מדיניות צפויה למסלול עד 50,2026-09-30T23:38:13+00:00,https://www.os-gml.co.il/wp-content/uploads/2019/06/מדיניות-צפויה-2019-עוס-מעודכן.xls,policy/companies/520042573/raw/520042573/84202416ae61_מדיניות-צפויה-2019-עוס-מעודכן.xls,מדיניות צפויה למסלול עד 50
520042573,,,520042573|מדיניות צפויה למסלול עד 50|מסלול המותאם לגילאים עד 50,מסלול המותאם לגילאים עד 50,2019,"חשיפה למט""ח",fx,18.38,20.0,+/-   6%,14.0,26.0,,,מדיניות צפויה למסלול עד 50,2026-09-30T23:38:13+00:00,https://www.os-gml.co.il/wp-content/uploads/2019/06/מדיניות-צפויה-2019-עוס-מעודכן.xls,policy/companies/520042573/raw/520042573/84202416ae61_מדיניות-צפויה-2019-עוס-מעודכן.xls,מדיניות צפויה למסלול עד 50
520042573,,,520042573|מדיניות צפויה מסלול 50-60|מסלול המותאם לגילאים 50 עד 60,מסלול המותאם לגילאים 50 עד 60,2019,"מניות (תעודות סל, אופציות, קרנות נאמנות)",equity,34.7,32.0,+/-   6%,26.0,38.0,"מדד ת""א 125 - 40% MSCI AC - 60%",,מדיניות צפויה מסלול 50-60,2026-09-30T23:38:13+00:00,https://www.os-gml.co.il/wp-content/uploads/2019/06/מדיניות-צפויה-2019-עוס-מעודכן.xls,policy/companies/520042573/raw/520042573/84202416ae61_מדיניות-צפויה-2019-עוס-מעודכן.xls,מדיניות צפויה מסלול 50-60
520042573,,,520042573|מדיניות צפויה מסלול 50-60|מסלול המותאם לגילאים 50 עד 60,מסלול המותאם לגילאים 50 עד 60,2019,"אג""ח ממשלתי",,21.3,25.0,+/-   5%,20.0,30.0,ממשלתי שקלי 2-5 שנים- 80%  ממשלתי צמוד 2-5 שנים - 20%,,מדיניות צפויה מסלול 50-60,2026-09-30T23:38:13+00:00,https://www.os-gml.co.il/wp-content/uploads/2019/06/מדיניות-צפויה-2019-עוס-מעודכן.xls,policy/companies/520042573/raw/520042573/84202416ae61_מדיניות-צפויה-2019-עוס-מעודכן.xls,מדיניות צפויה מסלול 50-60
520042573,,,520042573|מדיניות צפויה מסלול 50-60|מסלול המותאם לגילאים 50 עד 60,מסלול המותאם לגילאים 50 עד 60,2019,"אג""ח קונצרני (קרנות נאמנות, תעודות סל)",,35.54,33.0,+/-   6%,27.0,39.0,מדד תל בונד 60 - 60% תל בונד שקלי - 20%  bloomberg us corporate 1-10 bond index 20%,,מדיניות צפויה מסלול 50-60,2026-09-30T23:38:13+00:00,https://www.os-gml.co.il/wp-content/uploads/2019/06/מדיניות-צפויה-2019-עוס-מעודכן.xls,policy/companies/520042573/raw/520042573/84202416ae61_מדיניות-צפויה-2019-עוס-מעודכן.xls,מדיניות צפויה מסלול 50-60
520042573,,,520042573|מדיניות צפויה מסלול 50-60|מסלול המותאם לגילאים 50 עד 60,מסלול המותאם לגילאים 50 עד 60,2019,"אחר (קרנות השקעה פרטיות, קרנות נדלן, מכשירים מובנים)*",,2.39,5.0,+/-   5%,0.0,10.0,,,מדיניות צפויה מסלול 50-60,2026-09-30T23:38:13+00:00,https://www.os-gml.co.il/wp-content/uploads/2019/06/מדיניות-צפויה-2019-עוס-מעודכן.xls,policy/companies/520042573/raw/520042573/84202416ae61_מדיניות-צפויה-2019-עוס-מעודכן.xls,מדיניות צפויה מסלול 50-60
520042573,,,520042573|מדיניות צפויה מסלול 50-60|מסלול המותאם לגילאים 50 עד 60,מסלול המותאם לגילאים 50 עד 60,2019,"עו""ש פר""י פק""מ**",,6.06,5.0,+/-   5%,0.0,10.0,ריבית בנק ישראל,,מדיניות צפויה מסלול 50-60,2026-09-30T23:38:13+00:00,https://www.os-gml.co.il/wp-content/uploads/2019/06/מדיניות-צפויה-2019-עוס-מעודכן.xls,policy/companies/520042573/raw/520042573/84202416ae61_מדיניות-צפויה-2019-עוס-מעודכן.xls,מדיניות צפויה מסלול 50-60
520042573,,,520042573|מדיניות צפויה מסלול 50-60|מסלול המותאם לגילאים 50 עד 60,מסלול המותאם לגילאים 50 עד 60,2019,"חשיפה למט""ח",fx,19.2,18.0,+/-   6%,12.0,24.0,,,מדיניות צפויה מסלול 50-60,2026-09-30T23:38:13+00:00,https://www.os-gml.co.il/wp-content/uploads/2019/06/מדיניות-צפויה-2019-עוס-מעודכן.xls,policy/companies/520042573/raw/520042573/84202416ae61_מדיניות-צפויה-2019-עוס-מעודכן.xls,מדיניות צפויה מסלול 50-60
520042573,,,520042573|מדיניות צפויה למסלול 60+|מסלול המותאם לגילאים 60 +,מסלול המותאם לגילאים 60 +,2019,"מניות (תעודות סל, אופציות, קרנות נאמנות)",equity,13.64,14.0,+/-   6%,8.0,20.0,"מדד ת""א 125 - 40% MSCI AC - 60%",,מדיניות צפויה למסלול 60+,2026-09-30T23:38:13+00:00,https://www.os-gml.co.il/wp-content/uploads/2019/06/מדיניות-צפויה-2019-עוס-מעודכן.xls,policy/companies/520042573/raw/520042573/84202416ae61_מדיניות-צפויה-2019-עוס-מעודכן.xls,מדיניות צפויה למסלול 60+
520042573,,,520042573|מדיניות צפויה למסלול 60+|מסלול המותאם לגילאים 60 +,מסלול המותאם לגילאים 60 +,2019,"אג""ח ממשלתי",,44.55,47.0,+/-   5%,42.0,52.0,ממשלתי שקלי 2-5 שנים- 80%  ממשלתי צמוד 2-5 שנים - 20%,,מדיניות צפויה למסלול 60+,2026-09-30T23:38:13+00:00,https://www.os-gml.co.il/wp-content/uploads/2019/06/מדיניות-צפויה-2019-עוס-מעודכן.xls,policy/companies/520042573/raw/520042573/84202416ae61_מדיניות-צפויה-2019-עוס-מעודכן.xls,מדיניות צפויה למסלול 60+
520042573,,,520042573|מדיניות צפויה למסלול 60+|מסלול המותאם לגילאים 60 +,מסלול המותאם לגילאים 60 +,2019,"אג""ח קונצרני (קרנות נאמנות, תעודות סל)",,34.3,32.0,+/-   6%,26.0,38.0,מדד תל בונד 60 - 60% תל בונד שקלי - 20%  bloomberg us corporate 1-10 bond index    20%,,מדיניות צפויה למסלול 60+,2026-09-30T23:38:13+00:00,https://www.os-gml.co.il/wp-content/uploads/2019/06/מדיניות-צפויה-2019-עוס-מעודכן.xls,policy/companies/520042573/raw/520042573/84202416ae61_מדיניות-צפויה-2019-עוס-מעודכן.xls,מדיניות צפויה למסלול 60+
520042573,,,520042573|מדיניות צפויה למסלול 60+|מסלול המותאם לגילאים 60 +,מסלול המותאם לגילאים 60 +,2019,"אחר (קרנות השקעה פרטיות, קרנות נדלן, מכשירים מובנים)*",,0.0,1.0,+/-   5%,0.0,6.0,,,מדיניות צפויה למסלול 60+,2026-09-30T23:38:13+00:00,https://www.os-gml.co.il/wp-content/uploads/2019/06/מדיניות-צפויה-2019-עוס-מעודכן.xls,policy/companies/520042573/raw/520042573/84202416ae61_מדיניות-צפויה-2019-עוס-מעודכן.xls,מדיניות צפויה למסלול 60+
520042573,,,520042573|מדיניות צפויה למסלול 60+|מסלול המותאם לגילאים 60 +,מסלול המותאם לגילאים 60 +,2019,"עו""ש פר""י פק""מ**",,7.51,6.0,+/-   5%,1.0,11.0,ריבית בנק ישראל,,מדיניות צפויה למסלול 60+,2026-09-30T23:38:13+00:00,https://www.os-gml.co.il/wp-content/uploads/2019/06/מדיניות-צפויה-2019-עוס-מעודכן.xls,policy/companies/520042573/raw/520042573/84202416ae61_מדיניות-צפויה-2019-עוס-מעודכן.xls,מדיניות צפויה למסלול 60+
520042573,,,520042573|מדיניות צפויה למסלול 60+|מסלול המותאם לגילאים 60 +,מסלול המותאם לגילאים 60 +,2019,"חשיפה למט""ח",fx,9.9,10.0,+/-   6%,4.0,16.0,,,מדיניות צפויה למסלול 60+,2026-09-30T23:38:13+00:00,https://www.os-gml.co.il/wp-content/uploads/2019/06/מדיניות-צפויה-2019-עוס-מעודכן.xls,policy/companies/520042573/raw/520042573/84202416ae61_מדיניות-צפויה-2019-עוס-מעודכן.xls,מדיניות צפויה למסלול 60+
520042573,,,520042573|מדיניות צפויה למסלול עד 50|מסלול המותאם לגילאים עד 50,מסלול המותאם לגילאים עד 50,2019,"מניות (תעודות סל, אופציות, קרנות נאמנות)",equity,39.84,45.0,+/-   6%,39.0,51.0,"מדד ת""א 125 - 40% MSCI AC - 60%",,מדיניות צפויה למסלול עד 50,2026-09-30T23:38:13+00:00,https://www.os-gml.co.il/wp-content/uploads/2019/06/מדיניות-צפויה-2019-עוס-מעודכן.xls?pid=4943,policy/companies/520042573/raw/520042573/84202416ae61_מדיניות-צפויה-2019-עוס-מעודכן.xls,מדיניות צפויה למסלול עד 50
520042573,,,520042573|מדיניות צפויה למסלול עד 50|מסלול המותאם לגילאים עד 50,מסלול המותאם לגילאים עד 50,2019,"אג""ח ממשלתי",,20.84,23.0,+/-   5%,18.0,28.0,ממשלתי שקלי 2-5 שנים- 80%  ממשלתי צמוד 2-5 שנים - 20%,,מדיניות צפויה למסלול עד 50,2026-09-30T23:38:13+00:00,https://www.os-gml.co.il/wp-content/uploads/2019/06/מדיניות-צפויה-2019-עוס-מעודכן.xls?pid=4943,policy/companies/520042573/raw/520042573/84202416ae61_מדיניות-צפויה-2019-עוס-מעודכן.xls,מדיניות צפויה למסלול עד 50
520042573,,,520042573|מדיניות צפויה למסלול עד 50|מסלול המותאם לגילאים עד 50,מסלול המותאם לגילאים עד 50,2019,"אג""ח קונצרני (קרנות נאמנות, תעודות סל)",,28.89,26.0,+/-   6%,20.0,32.0,מדד תל בונד 60 - 60% תל בונד שקלי - 20%  bloomberg us corporate 1-10 bond index 20%,,מדיניות צפויה למסלול עד 50,2026-09-30T23:38:13+00:00,https://www.os-gml.co.il/wp-content/uploads/2019/06/מדיניות-צפויה-2019-עוס-מעודכן.xls?pid=4943,policy/companies/520042573/raw/520042573/84202416ae61_מדיניות-צפויה-2019-עוס-מעודכן.xls,מדיניות צפויה למסלול עד 50
520042573,,,520042573|מדיניות צפויה למסלול עד 50|מסלול המותאם לגילאים עד 50,מסלול המותאם לגילאים עד 50,2019,"אחר (קרנות השקעה פרטיות, קרנות נדלן, מכשירים מובנים)*",,0.0,1.0,+/-   5%,0.0,6.0,,,מדיניות צפויה למסלול עד 50,2026-09-30T23:38:13+00:00,https://www.os-gml.co.il/wp-content/uploads/2019/06/מדיניות-צפויה-2019-עוס-מעודכן.xls?pid=4943,policy/companies/520042573/raw/520042573/84202416ae61_מדיניות-צפויה-2019-עוס-מעודכן.xls,מדיניות צפויה למסלול עד 50
520042573,,,520042573|מדיניות צפויה למסלול עד 50|מסלול המותאם לגילאים עד 50,מסלול המותאם לגילאים עד 50,2019,"עו""ש פר""י פק""מ**",,10.43,5.0,+/-   5%,0.0,10.0,ריבית בנק ישראל,,מדיניות צפויה למסלול עד 50,2026-09-30T23:38:13+00:00,https://www.os-gml.co.il/wp-content/uploads/2019/06/מדיניות-צפויה-2019-עוס-מעודכן.xls?pid=4943,policy/companies/520042573/raw/520042573/84202416ae61_מדיניות-צפויה-2019-עוס-מעודכן.xls,מדיניות צפויה למסלול עד 50
520042573,,,520042573|מדיניות צפויה למסלול עד 50|מסלול המותאם לגילאים עד 50,מסלול המותאם לגילאים עד 50,2019,"חשיפה למט""ח",fx,18.38,20.0,+/-   6%,14.0,26.0,,,מדיניות צפויה למסלול עד 50,2026-09-30T23:38:13+00:00,https://www.os-gml.co.il/wp-content/uploads/2019/06/מדיניות-צפויה-2019-עוס-מעודכן.xls?pid=4943,policy/companies/520042573/raw/520042573/84202416ae61_מדיניות-צפויה-2019-עוס-מעודכן.xls,מדיניות צפויה למסלול עד 50
520042573,,,520042573|מדיניות צפויה מסלול 50-60|מסלול המותאם לגילאים 50 עד 60,מסלול המותאם לגילאים 50 עד 60,2019,"מניות (תעודות סל, אופציות, קרנות נאמנות)",equity,34.7,32.0,+/-   6%,26.0,38.0,"מדד ת""א 125 - 40% MSCI AC - 60%",,מדיניות צפויה מסלול 50-60,2026-09-30T23:38:13+00:00,https://www.os-gml.co.il/wp-content/uploads/2019/06/מדיניות-צפויה-2019-עוס-מעודכן.xls?pid=4943,policy/companies/520042573/raw/520042573/84202416ae61_מדיניות-צפויה-2019-עוס-מעודכן.xls,מדיניות צפויה מסלול 50-60
520042573,,,520042573|מדיניות צפויה מסלול 50-60|מסלול המותאם לגילאים 50 עד 60,מסלול המותאם לגילאים 50 עד 60,2019,"אג""ח ממשלתי",,21.3,25.0,+/-   5%,20.0,30.0,ממשלתי שקלי 2-5 שנים- 80%  ממשלתי צמוד 2-5 שנים - 20%,,מדיניות צפויה מסלול 50-60,2026-09-30T23:38:13+00:00,https://www.os-gml.co.il/wp-content/uploads/2019/06/מדיניות-צפויה-2019-עוס-מעודכן.xls?pid=4943,policy/companies/520042573/raw/520042573/84202416ae61_מדיניות-צפויה-2019-עוס-מעודכן.xls,מדיניות צפויה מסלול 50-60
520042573,,,520042573|מדיניות צפויה מסלול 50-60|מסלול המותאם לגילאים 50 עד 60,מסלול המותאם לגילאים 50 עד 60,2019,"אג""ח קונצרני (קרנות נאמנות, תעודות סל)",,35.54,33.0,+/-   6%,27.0,39.0,מדד תל בונד 60 - 60% תל בונד שקלי - 20%  bloomberg us corporate 1-10 bond index 20%,,מדיניות צפויה מסלול 50-60,2026-09-30T23:38:13+00:00,https://www.os-gml.co.il/wp-content/uploads/2019/06/מדיניות-צפויה-2019-עוס-מעודכן.xls?pid=4943,policy/companies/520042573/raw/520042573/84202416ae61_מדיניות-צפויה-2019-עוס-מעודכן.xls,מדיניות צפויה מסלול 50-60
520042573,,,520042573|מדיניות צפויה מסלול 50-60|מסלול המותאם לגילאים 50 עד 60,מסלול המותאם לגילאים 50 עד 60,2019,"אחר (קרנות השקעה פרטיות, קרנות נדלן, מכשירים מובנים)*",,2.39,5.0,+/-   5%,0.0,10.0,,,מדיניות צפויה מסלול 50-60,2026-09-30T23:38:13+00:00,https://www.os-gml.co.il/wp-content/uploads/2019/06/מדיניות-צפויה-2019-עוס-מעודכן.xls?pid=4943,policy/companies/520042573/raw/520042573/84202416ae61_מדיניות-צפויה-2019-עוס-מעודכן.xls,מדיניות צפויה מסלול 50-60
520042573,,,520042573|מדיניות צפויה מסלול 50-60|מסלול המותאם לגילאים 50 עד 60,מסלול המותאם לגילאים 50 עד 60,2019,"עו""ש פר""י פק""מ**",,6.06,5.0,+/-   5%,0.0,10.0,ריבית בנק ישראל,,מדיניות צפויה מסלול 50-60,2026-09-30T23:38:13+00:00,https://www.os-gml.co.il/wp-content/uploads/2019/06/מדיניות-צפויה-2019-עוס-מעודכן.xls?pid=4943,policy/companies/520042573/raw/520042573/84202416ae61_מדיניות-צפויה-2019-עוס-מעודכן.xls,מדיניות צפויה מסלול 50-60
520042573,,,520042573|מדיניות צפויה מסלול 50-60|מסלול המותאם לגילאים 50 עד 60,מסלול המותאם לגילאים 50 עד 60,2019,"חשיפה למט""ח",fx,19.2,18.0,+/-   6%,12.0,24.0,,,מדיניות צפויה מסלול 50-60,2026-09-30T23:38:13+00:00,https://www.os-gml.co.il/wp-content/uploads/2019/06/מדיניות-צפויה-2019-עוס-מעודכן.xls?pid=4943,policy/companies/520042573/raw/520042573/84202416ae61_מדיניות-צפויה-2019-עוס-מעודכן.xls,מדיניות צפויה מסלול 50-60
520042573,,,520042573|מדיניות צפויה למסלול 60+|מסלול המותאם לגילאים 60 +,מסלול המותאם לגילאים 60 +,2019,"מניות (תעודות סל, אופציות, קרנות נאמנות)",equity,13.64,14.0,+/-   6%,8.0,20.0,"מדד ת""א 125 - 40% MSCI AC - 60%",,מדיניות צפויה למסלול 60+,2026-09-30T23:38:13+00:00,https://www.os-gml.co.il/wp-content/uploads/2019/06/מדיניות-צפויה-2019-עוס-מעודכן.xls?pid=4943,policy/companies/520042573/raw/520042573/84202416ae61_מדיניות-צפויה-2019-עוס-מעודכן.xls,מדיניות צפויה למסלול 60+
520042573,,,520042573|מדיניות צפויה למסלול 60+|מסלול המותאם לגילאים 60 +,מסלול המותאם לגילאים 60 +,2019,"אג""ח ממשלתי",,44.55,47.0,+/-   5%,42.0,52.0,ממשלתי שקלי 2-5 שנים- 80%  ממשלתי צמוד 2-5 שנים - 20%,,מדיניות צפויה למסלול 60+,2026-09-30T23:38:13+00:00,https://www.os-gml.co.il/wp-content/uploads/2019/06/מדיניות-צפויה-2019-עוס-מעודכן.xls?pid=4943,policy/companies/520042573/raw/520042573/84202416ae61_מדיניות-צפויה-2019-עוס-מעודכן.xls,מדיניות צפויה למסלול 60+
520042573,,,520042573|מדיניות צפויה למסלול 60+|מסלול המותאם לגילאים 60 +,מסלול המותאם לגילאים 60 +,2019,"אג""ח קונצרני (קרנות נאמנות, תעודות סל)",,34.3,32.0,+/-   6%,26.0,38.0,מדד תל בונד 60 - 60% תל בונד שקלי - 20%  bloomberg us corporate 1-10 bond index    20%,,מדיניות צפויה למסלול 60+,2026-09-30T23:38:13+00:00,https://www.os-gml.co.il/wp-content/uploads/2019/06/מדיניות-צפויה-2019-עוס-מעודכן.xls?pid=4943,policy/companies/520042573/raw/520042573/84202416ae61_מדיניות-צפויה-2019-עוס-מעודכן.xls,מדיניות צפויה למסלול 60+
520042573,,,520042573|מדיניות צפויה למסלול 60+|מסלול המותאם לגילאים 60 +,מסלול המותאם לגילאים 60 +,2019,"אחר (קרנות השקעה פרטיות, קרנות נדלן, מכשירים מובנים)*",,0.0,1.0,+/-   5%,0.0,6.0,,,מדיניות צפויה למסלול 60+,2026-09-30T23:38:13+00:00,https://www.os-gml.co.il/wp-content/uploads/2019/06/מדיניות-צפויה-2019-עוס-מעודכן.xls?pid=4943,policy/companies/520042573/raw/520042573/84202416ae61_מדיניות-צפויה-2019-עוס-מעודכן.xls,מדיניות צפויה למסלול 60+
520042573,,,520042573|מדיניות צפויה למסלול 60+|מסלול המותאם לגילאים 60 +,מסלול המותאם לגילאים 60 +,2019,"עו""ש פר""י פק""מ**",,7.51,6.0,+/-   5%,1.0,11.0,ריבית בנק ישראל,,מדיניות צפויה למסלול 60+,2026-09-30T23:38:13+00:00,https://www.os-gml.co.il/wp-content/uploads/2019/06/מדיניות-צפויה-2019-עוס-מעודכן.xls?pid=4943,policy/companies/520042573/raw/520042573/84202416ae61_מדיניות-צפויה-2019-עוס-מעודכן.xls,מדיניות צפויה למסלול 60+
520042573,,,520042573|מדיניות צפויה למסלול 60+|מסלול המותאם לגילאים 60 +,מסלול המותאם לגילאים 60 +,2019,"חשיפה למט""ח",fx,9.9,10.0,+/-   6%,4.0,16.0,,,מדיניות צפויה למסלול 60+,2026-09-30T23:38:13+00:00,https://www.os-gml.co.il/wp-content/uploads/2019/06/מדיניות-צפויה-2019-עוס-מעודכן.xls?pid=4943,policy/companies/520042573/raw/520042573/84202416ae61_מדיניות-צפויה-2019-עוס-מעודכן.xls,מדיניות צפויה למסלול 60+
520042573,,,520042573|מדיניות צפויה למסלול עד 50|מסלול המותאם לגילאים עד 50,מסלול המותאם לגילאים עד 50,2018,"מניות (תעודות סל, אופציות, קרנות נאמנות)",equity,38.83,45.0,+/-   6%,39.0,51.0,"מדד ת""א 125 - 40% MSCI AC - 60%",,מדיניות צפויה למסלול עד 50,2026-09-30T23:38:13+00:00,https://www.os-gml.co.il/wp-content/uploads/2018/01/expected-policy-2018.xls?pid=4943,policy/companies/520042573/raw/520042573/f80bde21590c_expected-policy-2018.xls,מדיניות צפויה למסלול עד 50
520042573,,,520042573|מדיניות צפויה למסלול עד 50|מסלול המותאם לגילאים עד 50,מסלול המותאם לגילאים עד 50,2018,"אג""ח ממשלתי",,21.61,19.0,+/-   5%,14.0,24.0,ממשלתי שקלי 2-5 שנים- 80%  ממשלתי צמוד 2-5 שנים - 20%,,מדיניות צפויה למסלול עד 50,2026-09-30T23:38:13+00:00,https://www.os-gml.co.il/wp-content/uploads/2018/01/expected-policy-2018.xls?pid=4943,policy/companies/520042573/raw/520042573/f80bde21590c_expected-policy-2018.xls,מדיניות צפויה למסלול עד 50
520042573,,,520042573|מדיניות צפויה למסלול עד 50|מסלול המותאם לגילאים עד 50,מסלול המותאם לגילאים עד 50,2018,"אג""ח קונצרני (קרנות נאמנות, תעודות סל)",,29.65,30.0,+/-   6%,24.0,36.0,מדד תל בונד 60 - 60% תל בונד שקלי - 20%  bloomberg us corporate 1-10 bond index 20%,,מדיניות צפויה למסלול עד 50,2026-09-30T23:38:13+00:00,https://www.os-gml.co.il/wp-content/uploads/2018/01/expected-policy-2018.xls?pid=4943,policy/companies/520042573/raw/520042573/f80bde21590c_expected-policy-2018.xls,מדיניות צפויה למסלול עד 50
520042573,,,520042573|מדיניות צפויה למסלול עד 50|מסלול המותאם לגילאים עד 50,מסלול המותאם לגילאים עד 50,2018,"אחר (קרנות השקעה פרטיות, קרנות נדלן, מכשירים מובנים)*",,0.0,1.0,+/-   5%,0.0,6.0,,,מדיניות צפויה למסלול עד 50,2026-09-30T23:38:13+00:00,https://www.os-gml.co.il/wp-content/uploads/2018/01/expected-policy-2018.xls?pid=4943,policy/companies/520042573/raw/520042573/f80bde21590c_expected-policy-2018.xls,מדיניות צפויה למסלול עד 50
520042573,,,520042573|מדיניות צפויה למסלול עד 50|מסלול המותאם לגילאים עד 50,מסלול המותאם לגילאים עד 50,2018,"עו""ש פר""י פק""מ**",,9.9,5.0,+/-   5%,0.0,10.0,ריבית בנק ישראל,,מדיניות צפויה למסלול עד 50,2026-09-30T23:38:13+00:00,https://www.os-gml.co.il/wp-content/uploads/2018/01/expected-policy-2018.xls?pid=4943,policy/companies/520042573/raw/520042573/f80bde21590c_expected-policy-2018.xls,מדיניות צפויה למסלול עד 50
520042573,,,520042573|מדיניות צפויה למסלול עד 50|מסלול המותאם לגילאים עד 50,מסלול המותאם לגילאים עד 50,2018,"חשיפה למט""ח",fx,17.71,20.0,+/-   6%,14.0,26.0,,,מדיניות צפויה למסלול עד 50,2026-09-30T23:38:13+00:00,https://www.os-gml.co.il/wp-content/uploads/2018/01/expected-policy-2018.xls?pid=4943,policy/companies/520042573/raw/520042573/f80bde21590c_expected-policy-2018.xls,מדיניות צפויה למסלול עד 50
520042573,,,520042573|מדיניות צפויה מסלול 50-60|מסלול המותאם לגילאים 50 עד 60,מסלול המותאם לגילאים 50 עד 60,2018,"מניות (תעודות סל, אופציות, קרנות נאמנות)",equity,35.66,34.0,+/-   6%,28.0,40.0,"מדד ת""א 125 - 40% MSCI AC - 60%",,מדיניות צפויה מסלול 50-60,2026-09-30T23:38:13+00:00,https://www.os-gml.co.il/wp-content/uploads/2018/01/expected-policy-2018.xls?pid=4943,policy/companies/520042573/raw/520042573/f80bde21590c_expected-policy-2018.xls,מדיניות צפויה מסלול 50-60
520042573,,,520042573|מדיניות צפויה מסלול 50-60|מסלול המותאם לגילאים 50 עד 60,מסלול המותאם לגילאים 50 עד 60,2018,"אג""ח ממשלתי",,21.26,22.0,+/-   5%,17.0,27.0,ממשלתי שקלי 2-5 שנים- 80%  ממשלתי צמוד 2-5 שנים - 20%,,מדיניות צפויה מסלול 50-60,2026-09-30T23:38:13+00:00,https://www.os-gml.co.il/wp-content/uploads/2018/01/expected-policy-2018.xls?pid=4943,policy/companies/520042573/raw/520042573/f80bde21590c_expected-policy-2018.xls,מדיניות צפויה מסלול 50-60
520042573,,,520042573|מדיניות צפויה מסלול 50-60|מסלול המותאם לגילאים 50 עד 60,מסלול המותאם לגילאים 50 עד 60,2018,"אג""ח קונצרני (קרנות נאמנות, תעודות סל)",,39.42,38.0,+/-   6%,32.0,44.0,מדד תל בונד 60 - 60% תל בונד שקלי - 20%  bloomberg us corporate 1-10 bond index 20%,,מדיניות צפויה מסלול 50-60,2026-09-30T23:38:13+00:00,https://www.os-gml.co.il/wp-content/uploads/2018/01/expected-policy-2018.xls?pid=4943,policy/companies/520042573/raw/520042573/f80bde21590c_expected-policy-2018.xls,מדיניות צפויה מסלול 50-60
520042573,,,520042573|מדיניות צפויה מסלול 50-60|מסלול המותאם לגילאים 50 עד 60,מסלול המותאם לגילאים 50 עד 60,2018,"אחר (קרנות השקעה פרטיות, קרנות נדלן, מכשירים מובנים)*",,1.75,3.0,+/-   5%,0.0,8.0,,,מדיניות צפויה מסלול 50-60,2026-09-30T23:38:13+00:00,https://www.os-gml.co.il/wp-content/uploads/2018/01/expected-policy-2018.xls?pid=4943,policy/companies/520042573/raw/520042573/f80bde21590c_expected-policy-2018.xls,מדיניות צפויה מסלול 50-60
520042573,,,520042573|מדיניות צפויה מסלול 50-60|מסלול המותאם לגילאים 50 עד 60,מסלול המותאם לגילאים 50 עד 60,2018,"עו""ש פר""י פק""מ**",,1.92,3.0,+/-   5%,0.0,8.0,ריבית בנק ישראל,,מדיניות צפויה מסלול 50-60,2026-09-30T23:38:13+00:00,https://www.os-gml.co.il/wp-content/uploads/2018/01/expected-policy-2018.xls?pid=4943,policy/companies/520042573/raw/520042573/f80bde21590c_expected-policy-2018.xls,מדיניות צפויה מסלול 50-60
520042573,,,520042573|מדיניות צפויה מסלול 50-60|מסלול המותאם לגילאים 50 עד 60,מסלול המותאם לגילאים 50 עד 60,2018,"חשיפה למט""ח",fx,19.57,15.0,+/-   6%,9.0,21.0,,,מדיניות צפויה מסלול 50-60,2026-09-30T23:38:13+00:00,https://www.os-gml.co.il/wp-content/uploads/2018/01/expected-policy-2018.xls?pid=4943,policy/companies/520042573/raw/520042573/f80bde21590c_expected-policy-2018.xls,מדיניות צפויה מסלול 50-60
520042573,,,520042573|מדיניות צפויה למסלול 60+|מסלול המותאם לגילאים 60 +,מסלול המותאם לגילאים 60 +,2018,"מניות (תעודות סל, אופציות, קרנות נאמנות)",equity,13.12,16.0,+/-   6%,10.0,22.0,"מדד ת""א 125 - 40% MSCI AC - 60%",,מדיניות צפויה למסלול 60+,2026-09-30T23:38:13+00:00,https://www.os-gml.co.il/wp-content/uploads/2018/01/expected-policy-2018.xls?pid=4943,policy/companies/520042573/raw/520042573/f80bde21590c_expected-policy-2018.xls,מדיניות צפויה למסלול 60+
520042573,,,520042573|מדיניות צפויה למסלול 60+|מסלול המותאם לגילאים 60 +,מסלול המותאם לגילאים 60 +,2018,"אג""ח ממשלתי",,44.82,40.0,+/-   5%,35.0,45.0,ממשלתי שקלי 2-5 שנים- 80%  ממשלתי צמוד 2-5 שנים - 20%,,מדיניות צפויה למסלול 60+,2026-09-30T23:38:13+00:00,https://www.os-gml.co.il/wp-content/uploads/2018/01/expected-policy-2018.xls?pid=4943,policy/companies/520042573/raw/520042573/f80bde21590c_expected-policy-2018.xls,מדיניות צפויה למסלול 60+
520042573,,,520042573|מדיניות צפויה למסלול 60+|מסלול המותאם לגילאים 60 +,מסלול המותאם לגילאים 60 +,2018,"אג""ח קונצרני (קרנות נאמנות, תעודות סל)",,34.62,37.0,+/-   6%,31.0,43.0,מדד תל בונד 60 - 60% תל בונד שקלי - 20%  bloomberg us corporate 1-10 bond index    20%,,מדיניות צפויה למסלול 60+,2026-09-30T23:38:13+00:00,https://www.os-gml.co.il/wp-content/uploads/2018/01/expected-policy-2018.xls?pid=4943,policy/companies/520042573/raw/520042573/f80bde21590c_expected-policy-2018.xls,מדיניות צפויה למסלול 60+
520042573,,,520042573|מדיניות צפויה למסלול 60+|מסלול המותאם לגילאים 60 +,מסלול המותאם לגילאים 60 +,2018,"אחר (קרנות השקעה פרטיות, קרנות נדלן, מכשירים מובנים)*",,0.0,1.0,+/-   5%,0.0,6.0,,,מדיניות צפויה למסלול 60+,2026-09-30T23:38:13+00:00,https://www.os-gml.co.il/wp-content/uploads/2018/01/expected-policy-2018.xls?pid=4943,policy/companies/520042573/raw/520042573/f80bde21590c_expected-policy-2018.xls,מדיניות צפויה למסלול 60+
520042573,,,520042573|מדיניות צפויה למסלול 60+|מסלול המותאם לגילאים 60 +,מסלול המותאם לגילאים 60 +,2018,"עו""ש פר""י פק""מ**",,7.44,6.0,+/-   5%,1.0,11.0,ריבית בנק ישראל,,מדיניות צפויה למסלול 60+,2026-09-30T23:38:13+00:00,https://www.os-gml.co.il/wp-content/uploads/2018/01/expected-policy-2018.xls?pid=4943,policy/companies/520042573/raw/520042573/f80bde21590c_expected-policy-2018.xls,מדיניות צפויה למסלול 60+
520042573,,,520042573|מדיניות צפויה למסלול 60+|מסלול המותאם לגילאים 60 +,מסלול המותאם לגילאים 60 +,2018,"חשיפה למט""ח",fx,8.78,8.0,+/-   6%,2.0,14.0,,,מדיניות צפויה למסלול 60+,2026-09-30T23:38:13+00:00,https://www.os-gml.co.il/wp-content/uploads/2018/01/expected-policy-2018.xls?pid=4943,policy/companies/520042573/raw/520042573/f80bde21590c_expected-policy-2018.xls,מדיניות צפויה למסלול 60+
520042573,,,520042573|מדיניות צפויה למסלול עד 50|מסלול המותאם לגילאים עד 50,מסלול המותאם לגילאים עד 50,2017,"מניות (תעודות סל, אופציות, קרנות נאמנות)",equity,40.53,42.0,+/-   6%,36.0,48.0,"מדד ת""א 100 - 40% MSCI AC - 60%",,מדיניות צפויה למסלול עד 50,2026-09-30T23:38:13+00:00,https://www.os-gml.co.il/wp-content/uploads/2014/11/2017-RemunerationPolicy-1.xls?pid=4943,policy/companies/520042573/raw/520042573/4253e0eb035f_2017-RemunerationPolicy-1.xls,מדיניות צפויה למסלול עד 50
520042573,,,520042573|מדיניות צפויה למסלול עד 50|מסלול המותאם לגילאים עד 50,מסלול המותאם לגילאים עד 50,2017,"אג""ח ממשלתי",,19.94,19.0,+/-   5%,14.0,24.0,ממשלתי שקלי 2-5 שנים- 80%  ממשלתי צמוד 2-5 שנים - 20%,,מדיניות צפויה למסלול עד 50,2026-09-30T23:38:13+00:00,https://www.os-gml.co.il/wp-content/uploads/2014/11/2017-RemunerationPolicy-1.xls?pid=4943,policy/companies/520042573/raw/520042573/4253e0eb035f_2017-RemunerationPolicy-1.xls,מדיניות צפויה למסלול עד 50
520042573,,,520042573|מדיניות צפויה למסלול עד 50|מסלול המותאם לגילאים עד 50,מסלול המותאם לגילאים עד 50,2017,"אג""ח קונצרני (קרנות נאמנות, תעודות סל)",,31.03,30.0,+/-   6%,24.0,36.0,מדד תל בונד 60 - 60% תל בונד שקלי - 20%  bloomberg us corporate 1-10 bond index 20%,,מדיניות צפויה למסלול עד 50,2026-09-30T23:38:13+00:00,https://www.os-gml.co.il/wp-content/uploads/2014/11/2017-RemunerationPolicy-1.xls?pid=4943,policy/companies/520042573/raw/520042573/4253e0eb035f_2017-RemunerationPolicy-1.xls,מדיניות צפויה למסלול עד 50
520042573,,,520042573|מדיניות צפויה למסלול עד 50|מסלול המותאם לגילאים עד 50,מסלול המותאם לגילאים עד 50,2017,"אחר (קרנות השקעה פרטיות, קרנות נדלן, מכשירים מובנים)*",,0.0,4.0,+/-   5%,0.0,9.0,,,מדיניות צפויה למסלול עד 50,2026-09-30T23:38:13+00:00,https://www.os-gml.co.il/wp-content/uploads/2014/11/2017-RemunerationPolicy-1.xls?pid=4943,policy/companies/520042573/raw/520042573/4253e0eb035f_2017-RemunerationPolicy-1.xls,מדיניות צפויה למסלול עד 50
520042573,,,520042573|מדיניות צפויה למסלול עד 50|מסלול המותאם לגילאים עד 50,מסלול המותאם לגילאים עד 50,2017,"עו""ש פר""י פק""מ**",,8.51,5.0,+/-   5%,0.0,10.0,ריבית בנק ישראל,,מדיניות צפויה למסלול עד 50,2026-09-30T23:38:13+00:00,https://www.os-gml.co.il/wp-content/uploads/2014/11/2017-RemunerationPolicy-1.xls?pid=4943,policy/companies/520042573/raw/520042573/4253e0eb035f_2017-RemunerationPolicy-1.xls,מדיניות צפויה למסלול עד 50
520042573,,,520042573|מדיניות צפויה למסלול עד 50|מסלול המותאם לגילאים עד 50,מסלול המותאם לגילאים עד 50,2017,"חשיפה למט""ח",fx,22.68,20.0,+/-   6%,14.0,26.0,,,מדיניות צפויה למסלול עד 50,2026-09-30T23:38:13+00:00,https://www.os-gml.co.il/wp-content/uploads/2014/11/2017-RemunerationPolicy-1.xls?pid=4943,policy/companies/520042573/raw/520042573/4253e0eb035f_2017-RemunerationPolicy-1.xls,מדיניות צפויה למסלול עד 50
520042573,,,520042573|מדיניות צפויה מסלול 50-60|מסלול המותאם לגילאים 50 עד 60,מסלול המותאם לגילאים 50 עד 60,2017,"מניות (תעודות סל, אופציות, קרנות נאמנות)",equity,33.59,32.0,+/-   6%,26.0,38.0,"מדד ת""א 100 - 40% MSCI AC - 60%",,מדיניות צפויה מסלול 50-60,2026-09-30T23:38:13+00:00,https://www.os-gml.co.il/wp-content/uploads/2014/11/2017-RemunerationPolicy-1.xls?pid=4943,policy/companies/520042573/raw/520042573/4253e0eb035f_2017-RemunerationPolicy-1.xls,מדיניות צפויה מסלול 50-60
520042573,,,520042573|מדיניות צפויה מסלול 50-60|מסלול המותאם לגילאים 50 עד 60,מסלול המותאם לגילאים 50 עד 60,2017,"אג""ח ממשלתי",,21.17,23.0,+/-   5%,18.0,28.0,ממשלתי שקלי 2-5 שנים- 80%  ממשלתי צמוד 2-5 שנים - 20%,,מדיניות צפויה מסלול 50-60,2026-09-30T23:38:13+00:00,https://www.os-gml.co.il/wp-content/uploads/2014/11/2017-RemunerationPolicy-1.xls?pid=4943,policy/companies/520042573/raw/520042573/4253e0eb035f_2017-RemunerationPolicy-1.xls,מדיניות צפויה מסלול 50-60
520042573,,,520042573|מדיניות צפויה מסלול 50-60|מסלול המותאם לגילאים 50 עד 60,מסלול המותאם לגילאים 50 עד 60,2017,"אג""ח קונצרני (קרנות נאמנות, תעודות סל)",,39.29,38.0,+/-   6%,32.0,44.0,מדד תל בונד 60 - 60% תל בונד שקלי - 20%  bloomberg us corporate 1-10 bond index 20%,,מדיניות צפויה מסלול 50-60,2026-09-30T23:38:13+00:00,https://www.os-gml.co.il/wp-content/uploads/2014/11/2017-RemunerationPolicy-1.xls?pid=4943,policy/companies/520042573/raw/520042573/4253e0eb035f_2017-RemunerationPolicy-1.xls,מדיניות צפויה מסלול 50-60
520042573,,,520042573|מדיניות צפויה מסלול 50-60|מסלול המותאם לגילאים 50 עד 60,מסלול המותאם לגילאים 50 עד 60,2017,"אחר (קרנות השקעה פרטיות, קרנות נדלן, מכשירים מובנים)*",,0.22,4.0,+/-   5%,0.0,9.0,,,מדיניות צפויה מסלול 50-60,2026-09-30T23:38:13+00:00,https://www.os-gml.co.il/wp-content/uploads/2014/11/2017-RemunerationPolicy-1.xls?pid=4943,policy/companies/520042573/raw/520042573/4253e0eb035f_2017-RemunerationPolicy-1.xls,מדיניות צפויה מסלול 50-60
520042573,,,520042573|מדיניות צפויה מסלול 50-60|מסלול המותאם לגילאים 50 עד 60,מסלול המותאם לגילאים 50 עד 60,2017,"עו""ש פר""י פק""מ**",,5.72,3.0,+/-   5%,0.0,8.0,ריבית בנק ישראל,,מדיניות צפויה מסלול 50-60,2026-09-30T23:38:13+00:00,https://www.os-gml.co.il/wp-content/uploads/2014/11/2017-RemunerationPolicy-1.xls?pid=4943,policy/companies/520042573/raw/520042573/4253e0eb035f_2017-RemunerationPolicy-1.xls,מדיניות צפויה מסלול 50-60
520042573,,,520042573|מדיניות צפויה מסלול 50-60|מסלול המותאם לגילאים 50 עד 60,מסלול המותאם לגילאים 50 עד 60,2017,"חשיפה למט""ח",fx,16.78,16.0,+/-   6%,10.0,22.0,,,מדיניות צפויה מסלול 50-60,2026-09-30T23:38:13+00:00,https://www.os-gml.co.il/wp-content/uploads/2014/11/2017-RemunerationPolicy-1.xls?pid=4943,policy/companies/520042573/raw/520042573/4253e0eb035f_2017-RemunerationPolicy-1.xls,מדיניות צפויה מסלול 50-60
520042573,,,520042573|מדיניות צפויה למסלול 60+|מסלול המותאם לגילאים 60 +,מסלול המותאם לגילאים 60 +,2017,"מניות (תעודות סל, אופציות, קרנות נאמנות)",equity,13.23,10.0,+/-   6%,4.0,16.0,"מדד ת""א 100 - 40% MSCI AC - 60%",,מדיניות צפויה למסלול 60+,2026-09-30T23:38:13+00:00,https://www.os-gml.co.il/wp-content/uploads/2014/11/2017-RemunerationPolicy-1.xls?pid=4943,policy/companies/520042573/raw/520042573/4253e0eb035f_2017-RemunerationPolicy-1.xls,מדיניות צפויה למסלול 60+
520042573,,,520042573|מדיניות צפויה למסלול 60+|מסלול המותאם לגילאים 60 +,מסלול המותאם לגילאים 60 +,2017,"אג""ח ממשלתי",,48.4,47.0,+/-   5%,42.0,52.0,ממשלתי שקלי 2-5 שנים- 80%  ממשלתי צמוד 2-5 שנים - 20%,,מדיניות צפויה למסלול 60+,2026-09-30T23:38:13+00:00,https://www.os-gml.co.il/wp-content/uploads/2014/11/2017-RemunerationPolicy-1.xls?pid=4943,policy/companies/520042573/raw/520042573/4253e0eb035f_2017-RemunerationPolicy-1.xls,מדיניות צפויה למסלול 60+
520042573,,,520042573|מדיניות צפויה למסלול 60+|מסלול המותאם לגילאים 60 +,מסלול המותאם לגילאים 60 +,2017,"אג""ח קונצרני (קרנות נאמנות, תעודות סל)",,34.83,34.0,+/-   6%,28.0,40.0,מדד תל בונד 60 - 60% תל בונד שקלי - 20%  bloomberg us corporate 1-10 bond index    20%,,מדיניות צפויה למסלול 60+,2026-09-30T23:38:13+00:00,https://www.os-gml.co.il/wp-content/uploads/2014/11/2017-RemunerationPolicy-1.xls?pid=4943,policy/companies/520042573/raw/520042573/4253e0eb035f_2017-RemunerationPolicy-1.xls,מדיניות צפויה למסלול 60+
520042573,,,520042573|מדיניות צפויה למסלול 60+|מסלול המותאם לגילאים 60 +,מסלול המותאם לגילאים 60 +,2017,"אחר (קרנות השקעה פרטיות, קרנות נדלן, מכשירים מובנים)*",,0.0,2.0,+/-   5%,0.0,7.0,,,מדיניות צפויה למסלול 60+,2026-09-30T23:38:13+00:00,https://www.os-gml.co.il/wp-content/uploads/2014/11/2017-RemunerationPolicy-1.xls?pid=4943,policy/companies/520042573/raw/520042573/4253e0eb035f_2017-RemunerationPolicy-1.xls,מדיניות צפויה למסלול 60+
520042573,,,520042573|מדיניות צפויה למסלול 60+|מסלול המותאם לגילאים 60 +,מסלול המותאם לגילאים 60 +,2017,"עו""ש פר""י פק""מ**",,3.54,7.0,+/-   5%,2.0,12.0,ריבית בנק ישראל,,מדיניות צפויה למסלול 60+,2026-09-30T23:38:13+00:00,https://www.os-gml.co.il/wp-content/uploads/2014/11/2017-RemunerationPolicy-1.xls?pid=4943,policy/companies/520042573/raw/520042573/4253e0eb035f_2017-RemunerationPolicy-1.xls,מדיניות צפויה למסלול 60+
520042573,,,520042573|מדיניות צפויה למסלול 60+|מסלול המותאם לגילאים 60 +,מסלול המותאם לגילאים 60 +,2017,"חשיפה למט""ח",fx,8.23,8.0,+/-   6%,2.0,14.0,,,מדיניות צפויה למסלול 60+,2026-09-30T23:38:13+00:00,https://www.os-gml.co.il/wp-content/uploads/2014/11/2017-RemunerationPolicy-1.xls?pid=4943,policy/companies/520042573/raw/520042573/4253e0eb035f_2017-RemunerationPolicy-1.xls,מדיניות צפויה למסלול 60+
520042573,,,520042573|מדיניות צפויה מסלול 50-60|מסלול המותאם לגילאים 50 עד 60,מסלול המותאם לגילאים 50 עד 60,2020,"מניות (תעודות סל, אופציות, קרנות נאמנות)",equity,37.58,34.0,+/-   6%,28.0,40.0,"מדד ת""א 125 - 40% MSCI AC - 60%",,מדיניות צפויה מסלול 50-60,2026-09-30T23:38:13+00:00,https://www.os-gml.co.il/wp-content/uploads/2020/01/עוס-מדיניות-צפויה-2020-.xls,policy/companies/520042573/raw/520042573/cd0fcb4978fe_עוס-מדיניות-צפויה-2020-.xls,מדיניות צפויה מסלול 50-60
520042573,,,520042573|מדיניות צפויה מסלול 50-60|מסלול המותאם לגילאים 50 עד 60,מסלול המותאם לגילאים 50 עד 60,2020,"אג""ח ממשלתי",,27.71,26.0,+/-   5%,21.0,31.0,ממשלתי שקלי 2-5 שנים- 60%  ממשלתי צמוד 2-5 שנים - 40%,,מדיניות צפויה מסלול 50-60,2026-09-30T23:38:13+00:00,https://www.os-gml.co.il/wp-content/uploads/2020/01/עוס-מדיניות-צפויה-2020-.xls,policy/companies/520042573/raw/520042573/cd0fcb4978fe_עוס-מדיניות-צפויה-2020-.xls,מדיניות צפויה מסלול 50-60
520042573,,,520042573|מדיניות צפויה מסלול 50-60|מסלול המותאם לגילאים 50 עד 60,מסלול המותאם לגילאים 50 עד 60,2020,"אג""ח קונצרני (קרנות נאמנות, תעודות סל)",,30.17,30.0,+/-   6%,24.0,36.0,מדד תל בונד 60 - 65% תל בונד שקלי - 25%  bloomberg us corporate 1-10 bond index 10%,,מדיניות צפויה מסלול 50-60,2026-09-30T23:38:13+00:00,https://www.os-gml.co.il/wp-content/uploads/2020/01/עוס-מדיניות-צפויה-2020-.xls,policy/companies/520042573/raw/520042573/cd0fcb4978fe_עוס-מדיניות-צפויה-2020-.xls,מדיניות צפויה מסלול 50-60
520042573,,,520042573|מדיניות צפויה מסלול 50-60|מסלול המותאם לגילאים 50 עד 60,מסלול המותאם לגילאים 50 עד 60,2020,"אחר (קרנות השקעה פרטיות, קרנות נדלן, מכשירים מובנים)*",,3.18,5.0,+/-   5%,0.0,10.0,,,מדיניות צפויה מסלול 50-60,2026-09-30T23:38:13+00:00,https://www.os-gml.co.il/wp-content/uploads/2020/01/עוס-מדיניות-צפויה-2020-.xls,policy/companies/520042573/raw/520042573/cd0fcb4978fe_עוס-מדיניות-צפויה-2020-.xls,מדיניות צפויה מסלול 50-60
520042573,,,520042573|מדיניות צפויה מסלול 50-60|מסלול המותאם לגילאים 50 עד 60,מסלול המותאם לגילאים 50 עד 60,2020,"עו""ש פר""י פק""מ**",,1.37,5.0,+/-   5%,0.0,10.0,ריבית בנק ישראל,,מדיניות צפויה מסלול 50-60,2026-09-30T23:38:13+00:00,https://www.os-gml.co.il/wp-content/uploads/2020/01/עוס-מדיניות-צפויה-2020-.xls,policy/companies/520042573/raw/520042573/cd0fcb4978fe_עוס-מדיניות-צפויה-2020-.xls,מדיניות צפויה מסלול 50-60
520042573,,,520042573|מדיניות צפויה מסלול 50-60|מסלול המותאם לגילאים 50 עד 60,מסלול המותאם לגילאים 50 עד 60,2020,"חשיפה למט""ח",fx,18.74,18.0,+/-   6%,12.0,24.0,,,מדיניות צפויה מסלול 50-60,2026-09-30T23:38:13+00:00,https://www.os-gml.co.il/wp-content/uploads/2020/01/עוס-מדיניות-צפויה-2020-.xls,policy/companies/520042573/raw/520042573/cd0fcb4978fe_עוס-מדיניות-צפויה-2020-.xls,מדיניות צפויה מסלול 50-60
520042573,,,520042573|מדיניות צפויה למסלול 60+|מסלול המותאם לגילאים 60 +,מסלול המותאם לגילאים 60 +,2020,"מניות (תעודות סל, אופציות, קרנות נאמנות)",equity,15.47,18.0,+/-   6%,12.0,24.0,"מדד ת""א 125 - 40% MSCI AC - 60%",,מדיניות צפויה למסלול 60+,2026-09-30T23:38:13+00:00,https://www.os-gml.co.il/wp-content/uploads/2020/01/עוס-מדיניות-צפויה-2020-.xls,policy/companies/520042573/raw/520042573/cd0fcb4978fe_עוס-מדיניות-צפויה-2020-.xls,מדיניות צפויה למסלול 60+
520042573,,,520042573|מדיניות צפויה למסלול 60+|מסלול המותאם לגילאים 60 +,מסלול המותאם לגילאים 60 +,2020,"אג""ח ממשלתי",,51.2,46.0,+/-   5%,41.0,51.0,ממשלתי שקלי 2-5 שנים- 70%  ממשלתי צמוד 2-5 שנים - 30%,,מדיניות צפויה למסלול 60+,2026-09-30T23:38:13+00:00,https://www.os-gml.co.il/wp-content/uploads/2020/01/עוס-מדיניות-צפויה-2020-.xls,policy/companies/520042573/raw/520042573/cd0fcb4978fe_עוס-מדיניות-צפויה-2020-.xls,מדיניות צפויה למסלול 60+
520042573,,,520042573|מדיניות צפויה למסלול 60+|מסלול המותאם לגילאים 60 +,מסלול המותאם לגילאים 60 +,2020,"אג""ח קונצרני (קרנות נאמנות, תעודות סל)",,27.72,30.0,+/-   6%,24.0,36.0,מדד תל בונד 60 - 65% תל בונד שקלי - 25%  bloomberg us corporate 1-10 bond index    10%,,מדיניות צפויה למסלול 60+,2026-09-30T23:38:13+00:00,https://www.os-gml.co.il/wp-content/uploads/2020/01/עוס-מדיניות-צפויה-2020-.xls,policy/companies/520042573/raw/520042573/cd0fcb4978fe_עוס-מדיניות-צפויה-2020-.xls,מדיניות צפויה למסלול 60+
520042573,,,520042573|מדיניות צפויה למסלול 60+|מסלול המותאם לגילאים 60 +,מסלול המותאם לגילאים 60 +,2020,"אחר (קרנות השקעה פרטיות, קרנות נדלן, מכשירים מובנים)*",,0.0,1.0,+/-   5%,0.0,6.0,,,מדיניות צפויה למסלול 60+,2026-09-30T23:38:13+00:00,https://www.os-gml.co.il/wp-content/uploads/2020/01/עוס-מדיניות-צפויה-2020-.xls,policy/companies/520042573/raw/520042573/cd0fcb4978fe_עוס-מדיניות-צפויה-2020-.xls,מדיניות צפויה למסלול 60+
520042573,,,520042573|מדיניות צפויה למסלול 60+|מסלול המותאם לגילאים 60 +,מסלול המותאם לגילאים 60 +,2020,"עו""ש פר""י פק""מ**",,5.61,5.0,+/-   5%,0.0,10.0,ריבית בנק ישראל,,מדיניות צפויה למסלול 60+,2026-09-30T23:38:13+00:00,https://www.os-gml.co.il/wp-content/uploads/2020/01/עוס-מדיניות-צפויה-2020-.xls,policy/companies/520042573/raw/520042573/cd0fcb4978fe_עוס-מדיניות-צפויה-2020-.xls,מדיניות צפויה למסלול 60+
520042573,,,520042573|מדיניות צפויה למסלול 60+|מסלול המותאם לגילאים 60 +,מסלול המותאם לגילאים 60 +,2020,"חשיפה למט""ח",fx,11.17,10.0,+/-   6%,4.0,16.0,,,מדיניות צפויה למסלול 60+,2026-09-30T23:38:13+00:00,https://www.os-gml.co.il/wp-content/uploads/2020/01/עוס-מדיניות-צפויה-2020-.xls,policy/companies/520042573/raw/520042573/cd0fcb4978fe_עוס-מדיניות-צפויה-2020-.xls,מדיניות צפויה למסלול 60+
520042573,,,520042573|מדיניות צפויה למסלול עד 50|מסלול המותאם לגילאים עד 50,מסלול המותאם לגילאים עד 50,2020,"מניות (תעודות סל, אופציות, קרנות נאמנות)",equity,43.7,50.0,+/-   6%,44.0,56.0,"מדד ת""א 125 - 40% MSCI AC - 60%",,מדיניות צפויה למסלול עד 50,2026-09-30T23:38:13+00:00,https://www.os-gml.co.il/wp-content/uploads/2020/01/עוס-מדיניות-צפויה-2020-.xls,policy/companies/520042573/raw/520042573/cd0fcb4978fe_עוס-מדיניות-צפויה-2020-.xls,מדיניות צפויה למסלול עד 50
520042573,,,520042573|מדיניות צפויה למסלול עד 50|מסלול המותאם לגילאים עד 50,מסלול המותאם לגילאים עד 50,2020,"אג""ח ממשלתי",,26.43,20.0,+/-   5%,15.0,25.0,ממשלתי שקלי 2-5 שנים- 60%  ממשלתי צמוד 2-5 שנים - 40%,,מדיניות צפויה למסלול עד 50,2026-09-30T23:38:13+00:00,https://www.os-gml.co.il/wp-content/uploads/2020/01/עוס-מדיניות-צפויה-2020-.xls,policy/companies/520042573/raw/520042573/cd0fcb4978fe_עוס-מדיניות-צפויה-2020-.xls,מדיניות צפויה למסלול עד 50
520042573,,,520042573|מדיניות צפויה למסלול עד 50|מסלול המותאם לגילאים עד 50,מסלול המותאם לגילאים עד 50,2020,"אג""ח קונצרני (קרנות נאמנות, תעודות סל)",,23.46,24.0,+/-   6%,18.0,30.0,מדד תל בונד 60 - 65% תל בונד שקלי - 25%  bloomberg us corporate 1-10 bond index 10%,,מדיניות צפויה למסלול עד 50,2026-09-30T23:38:13+00:00,https://www.os-gml.co.il/wp-content/uploads/2020/01/עוס-מדיניות-צפויה-2020-.xls,policy/companies/520042573/raw/520042573/cd0fcb4978fe_עוס-מדיניות-צפויה-2020-.xls,מדיניות צפויה למסלול עד 50
520042573,,,520042573|מדיניות צפויה למסלול עד 50|מסלול המותאם לגילאים עד 50,מסלול המותאם לגילאים עד 50,2020,"אחר (קרנות השקעה פרטיות, קרנות נדלן, מכשירים מובנים)*",,0.0,1.0,+/-   5%,0.0,6.0,,,מדיניות צפויה למסלול עד 50,2026-09-30T23:38:13+00:00,https://www.os-gml.co.il/wp-content/uploads/2020/01/עוס-מדיניות-צפויה-2020-.xls,policy/companies/520042573/raw/520042573/cd0fcb4978fe_עוס-מדיניות-צפויה-2020-.xls,מדיניות צפויה למסלול עד 50
520042573,,,520042573|מדיניות צפויה למסלול עד 50|מסלול המותאם לגילאים עד 50,מסלול המותאם לגילאים עד 50,2020,"עו""ש פר""י פק""מ**",,6.4,5.0,+/-   5%,0.0,10.0,ריבית בנק ישראל,,מדיניות צפויה למסלול עד 50,2026-09-30T23:38:13+00:00,https://www.os-gml.co.il/wp-content/uploads/2020/01/עוס-מדיניות-צפויה-2020-.xls,policy/companies/520042573/raw/520042573/cd0fcb4978fe_עוס-מדיניות-צפויה-2020-.xls,מדיניות צפויה למסלול עד 50
520042573,,,520042573|מדיניות צפויה למסלול עד 50|מסלול המותאם לגילאים עד 50,מסלול המותאם לגילאים עד 50,2020,"חשיפה למט""ח",fx,18.56,20.0,+/-   6%,14.0,26.0,,,מדיניות צפויה למסלול עד 50,2026-09-30T23:38:13+00:00,https://www.os-gml.co.il/wp-content/uploads/2020/01/עוס-מדיניות-צפויה-2020-.xls,policy/companies/520042573/raw/520042573/cd0fcb4978fe_עוס-מדיניות-צפויה-2020-.xls,מדיניות צפויה למסלול עד 50
520042573,,,520042573|מדיניות צפויה מסלול 50-60|מסלול המותאם לגילאים 50 עד 60,מסלול המותאם לגילאים 50 עד 60,2020,"מניות (תעודות סל, אופציות, קרנות נאמנות)",equity,37.58,34.0,+/-   6%,28.0,40.0,"מדד ת""א 125 - 40% MSCI AC - 60%",,מדיניות צפויה מסלול 50-60,2026-09-30T23:38:13+00:00,https://www.os-gml.co.il/wp-content/uploads/2020/01/עוס-מדיניות-צפויה-2020-.xls?pid=4943,policy/companies/520042573/raw/520042573/cd0fcb4978fe_עוס-מדיניות-צפויה-2020-.xls,מדיניות צפויה מסלול 50-60
520042573,,,520042573|מדיניות צפויה מסלול 50-60|מסלול המותאם לגילאים 50 עד 60,מסלול המותאם לגילאים 50 עד 60,2020,"אג""ח ממשלתי",,27.71,26.0,+/-   5%,21.0,31.0,ממשלתי שקלי 2-5 שנים- 60%  ממשלתי צמוד 2-5 שנים - 40%,,מדיניות צפויה מסלול 50-60,2026-09-30T23:38:13+00:00,https://www.os-gml.co.il/wp-content/uploads/2020/01/עוס-מדיניות-צפויה-2020-.xls?pid=4943,policy/companies/520042573/raw/520042573/cd0fcb4978fe_עוס-מדיניות-צפויה-2020-.xls,מדיניות צפויה מסלול 50-60
520042573,,,520042573|מדיניות צפויה מסלול 50-60|מסלול המותאם לגילאים 50 עד 60,מסלול המותאם לגילאים 50 עד 60,2020,"אג""ח קונצרני (קרנות נאמנות, תעודות סל)",,30.17,30.0,+/-   6%,24.0,36.0,מדד תל בונד 60 - 65% תל בונד שקלי - 25%  bloomberg us corporate 1-10 bond index 10%,,מדיניות צפויה מסלול 50-60,2026-09-30T23:38:13+00:00,https://www.os-gml.co.il/wp-content/uploads/2020/01/עוס-מדיניות-צפויה-2020-.xls?pid=4943,policy/companies/520042573/raw/520042573/cd0fcb4978fe_עוס-מדיניות-צפויה-2020-.xls,מדיניות צפויה מסלול 50-60
520042573,,,520042573|מדיניות צפויה מסלול 50-60|מסלול המותאם לגילאים 50 עד 60,מסלול המותאם לגילאים 50 עד 60,2020,"אחר (קרנות השקעה פרטיות, קרנות נדלן, מכשירים מובנים)*",,3.18,5.0,+/-   5%,0.0,10.0,,,מדיניות צפויה מסלול 50-60,2026-09-30T23:38:13+00:00,https://www.os-gml.co.il/wp-content/uploads/2020/01/עוס-מדיניות-צפויה-2020-.xls?pid=4943,policy/companies/520042573/raw/520042573/cd0fcb4978fe_עוס-מדיניות-צפויה-2020-.xls,מדיניות צפויה מסלול 50-60
520042573,,,520042573|מדיניות צפויה מסלול 50-60|מסלול המותאם לגילאים 50 עד 60,מסלול המותאם לגילאים 50 עד 60,2020,"עו""ש פר""י פק""מ**",,1.37,5.0,+/-   5%,0.0,10.0,ריבית בנק ישראל,,מדיניות צפויה מסלול 50-60,2026-09-30T23:38:13+00:00,https://www.os-gml.co.il/wp-content/uploads/2020/01/עוס-מדיניות-צפויה-2020-.xls?pid=4943,policy/companies/520042573/raw/520042573/cd0fcb4978fe_עוס-מדיניות-צפויה-2020-.xls,מדיניות צפויה מסלול 50-60
520042573,,,520042573|מדיניות צפויה מסלול 50-60|מסלול המותאם לגילאים 50 עד 60,מסלול המותאם לגילאים 50 עד 60,2020,"חשיפה למט""ח",fx,18.74,18.0,+/-   6%,12.0,24.0,,,מדיניות צפויה מסלול 50-60,2026-09-30T23:38:13+00:00,https://www.os-gml.co.il/wp-content/uploads/2020/01/עוס-מדיניות-צפויה-2020-.xls?pid=4943,policy/companies/520042573/raw/520042573/cd0fcb4978fe_עוס-מדיניות-צפויה-2020-.xls,מדיניות צפויה מסלול 50-60
520042573,,,520042573|מדיניות צפויה למסלול 60+|מסלול המותאם לגילאים 60 +,מסלול המותאם לגילאים 60 +,2020,"מניות (תעודות סל, אופציות, קרנות נאמנות)",equity,15.47,18.0,+/-   6%,12.0,24.0,"מדד ת""א 125 - 40% MSCI AC - 60%",,מדיניות צפויה למסלול 60+,2026-09-30T23:38:13+00:00,https://www.os-gml.co.il/wp-content/uploads/2020/01/עוס-מדיניות-צפויה-2020-.xls?pid=4943,policy/companies/520042573/raw/520042573/cd0fcb4978fe_עוס-מדיניות-צפויה-2020-.xls,מדיניות צפויה למסלול 60+
520042573,,,520042573|מדיניות צפויה למסלול 60+|מסלול המותאם לגילאים 60 +,מסלול המותאם לגילאים 60 +,2020,"אג""ח ממשלתי",,51.2,46.0,+/-   5%,41.0,51.0,ממשלתי שקלי 2-5 שנים- 70%  ממשלתי צמוד 2-5 שנים - 30%,,מדיניות צפויה למסלול 60+,2026-09-30T23:38:13+00:00,https://www.os-gml.co.il/wp-content/uploads/2020/01/עוס-מדיניות-צפויה-2020-.xls?pid=4943,policy/companies/520042573/raw/520042573/cd0fcb4978fe_עוס-מדיניות-צפויה-2020-.xls,מדיניות צפויה למסלול 60+
520042573,,,520042573|מדיניות צפויה למסלול 60+|מסלול המותאם לגילאים 60 +,מסלול המותאם לגילאים 60 +,2020,"אג""ח קונצרני (קרנות נאמנות, תעודות סל)",,27.72,30.0,+/-   6%,24.0,36.0,מדד תל בונד 60 - 65% תל בונד שקלי - 25%  bloomberg us corporate 1-10 bond index    10%,,מדיניות צפויה למסלול 60+,2026-09-30T23:38:13+00:00,https://www.os-gml.co.il/wp-content/uploads/2020/01/עוס-מדיניות-צפויה-2020-.xls?pid=4943,policy/companies/520042573/raw/520042573/cd0fcb4978fe_עוס-מדיניות-צפויה-2020-.xls,מדיניות צפויה למסלול 60+
520042573,,,520042573|מדיניות צפויה למסלול 60+|מסלול המותאם לגילאים 60 +,מסלול המותאם לגילאים 60 +,2020,"אחר (קרנות השקעה פרטיות, קרנות נדלן, מכשירים מובנים)*",,0.0,1.0,+/-   5%,0.0,6.0,,,מדיניות צפויה למסלול 60+,2026-09-30T23:38:13+00:00,https://www.os-gml.co.il/wp-content/uploads/2020/01/עוס-מדיניות-צפויה-2020-.xls?pid=4943,policy/companies/520042573/raw/520042573/cd0fcb4978fe_עוס-מדיניות-צפויה-2020-.xls,מדיניות צפויה למסלול 60+
520042573,,,520042573|מדיניות צפויה למסלול 60+|מסלול המותאם לגילאים 60 +,מסלול המותאם לגילאים 60 +,2020,"עו""ש פר""י פק""מ**",,5.61,5.0,+/-   5%,0.0,10.0,ריבית בנק ישראל,,מדיניות צפויה למסלול 60+,2026-09-30T23:38:13+00:00,https://www.os-gml.co.il/wp-content/uploads/2020/01/עוס-מדיניות-צפויה-2020-.xls?pid=4943,policy/companies/520042573/raw/520042573/cd0fcb4978fe_עוס-מדיניות-צפויה-2020-.xls,מדיניות צפויה למסלול 60+
520042573,,,520042573|מדיניות צפויה למסלול 60+|מסלול המותאם לגילאים 60 +,מסלול המותאם לגילאים 60 +,2020,"חשיפה למט""ח",fx,11.17,10.0,+/-   6%,4.0,16.0,,,מדיניות צפויה למסלול 60+,2026-09-30T23:38:13+00:00,https://www.os-gml.co.il/wp-content/uploads/2020/01/עוס-מדיניות-צפויה-2020-.xls?pid=4943,policy/companies/520042573/raw/520042573/cd0fcb4978fe_עוס-מדיניות-צפויה-2020-.xls,מדיניות צפויה למסלול 60+
520042573,,,520042573|מדיניות צפויה למסלול עד 50|מסלול המותאם לגילאים עד 50,מסלול המותאם לגילאים עד 50,2020,"מניות (תעודות סל, אופציות, קרנות נאמנות)",equity,43.7,50.0,+/-   6%,44.0,56.0,"מדד ת""א 125 - 40% MSCI AC - 60%",,מדיניות צפויה למסלול עד 50,2026-09-30T23:38:13+00:00,https://www.os-gml.co.il/wp-content/uploads/2020/01/עוס-מדיניות-צפויה-2020-.xls?pid=4943,policy/companies/520042573/raw/520042573/cd0fcb4978fe_עוס-מדיניות-צפויה-2020-.xls,מדיניות צפויה למסלול עד 50
520042573,,,520042573|מדיניות צפויה למסלול עד 50|מסלול המותאם לגילאים עד 50,מסלול המותאם לגילאים עד 50,2020,"אג""ח ממשלתי",,26.43,20.0,+/-   5%,15.0,25.0,ממשלתי שקלי 2-5 שנים- 60%  ממשלתי צמוד 2-5 שנים - 40%,,מדיניות צפויה למסלול עד 50,2026-09-30T23:38:13+00:00,https://www.os-gml.co.il/wp-content/uploads/2020/01/עוס-מדיניות-צפויה-2020-.xls?pid=4943,policy/companies/520042573/raw/520042573/cd0fcb4978fe_עוס-מדיניות-צפויה-2020-.xls,מדיניות צפויה למסלול עד 50
520042573,,,520042573|מדיניות צפויה למסלול עד 50|מסלול המותאם לגילאים עד 50,מסלול המותאם לגילאים עד 50,2020,"אג""ח קונצרני (קרנות נאמנות, תעודות סל)",,23.46,24.0,+/-   6%,18.0,30.0,מדד תל בונד 60 - 65% תל בונד שקלי - 25%  bloomberg us corporate 1-10 bond index 10%,,מדיניות צפויה למסלול עד 50,2026-09-30T23:38:13+00:00,https://www.os-gml.co.il/wp-content/uploads/2020/01/עוס-מדיניות-צפויה-2020-.xls?pid=4943,policy/companies/520042573/raw/520042573/cd0fcb4978fe_עוס-מדיניות-צפויה-2020-.xls,מדיניות צפויה למסלול עד 50
520042573,,,520042573|מדיניות צפויה למסלול עד 50|מסלול המותאם לגילאים עד 50,מסלול המותאם לגילאים עד 50,2020,"אחר (קרנות השקעה פרטיות, קרנות נדלן, מכשירים מובנים)*",,0.0,1.0,+/-   5%,0.0,6.0,,,מדיניות צפויה למסלול עד 50,2026-09-30T23:38:13+00:00,https://www.os-gml.co.il/wp-content/uploads/2020/01/עוס-מדיניות-צפויה-2020-.xls?pid=4943,policy/companies/520042573/raw/520042573/cd0fcb4978fe_עוס-מדיניות-צפויה-2020-.xls,מדיניות צפויה למסלול עד 50
520042573,,,520042573|מדיניות צפויה למסלול עד 50|מסלול המותאם לגילאים עד 50,מסלול המותאם לגילאים עד 50,2020,"עו""ש פר""י פק""מ**",,6.4,5.0,+/-   5%,0.0,10.0,ריבית בנק ישראל,,מדיניות צפויה למסלול עד 50,2026-09-30T23:38:13+00:00,https://www.os-gml.co.il/wp-content/uploads/2020/01/עוס-מדיניות-צפויה-2020-.xls?pid=4943,policy/companies/520042573/raw/520042573/cd0fcb4978fe_עוס-מדיניות-צפויה-2020-.xls,מדיניות צפויה למסלול עד 50
520042573,,,520042573|מדיניות צפויה למסלול עד 50|מסלול המותאם לגילאים עד 50,מסלול המותאם לגילאים עד 50,2020,"חשיפה למט""ח",fx,18.56,20.0,+/-   6%,14.0,26.0,,,מדיניות צפויה למסלול עד 50,2026-09-30T23:38:13+00:00,https://www.os-gml.co.il/wp-content/uploads/2020/01/עוס-מדיניות-צפויה-2020-.xls?pid=4943,policy/companies/520042573/raw/520042573/cd0fcb4978fe_עוס-מדיניות-צפויה-2020-.xls,מדיניות צפויה למסלול עד 50
520042573,,,520042573|מדיניות צפויה מסלול 50-60 16320|אושר בדירקטוריון 16 3 2020,אושר בדירקטוריון 16 3 2020,2020,"מניות (תעודות סל, אופציות, קרנות נאמנות)",equity,31.15,30.0,+/-   6%,24.0,36.0,"מדד ת""א 125 - 40% MSCI AC - 60%",,מדיניות צפויה מסלול 50-60 16320,2026-09-30T23:38:13+00:00,https://www.os-gml.co.il/wp-content/uploads/2020/03/Copy_of_עוס_-_מדיניות_צפויה_23032020.xls,policy/companies/520042573/raw/520042573/bc3984a39555_Copy_of_עוס_-_מדיניות_צפויה_23032020.xls,מדיניות צפויה מסלול 50-60 16320
520042573,,,520042573|מדיניות צפויה מסלול 50-60 16320|אושר בדירקטוריון 16 3 2020,אושר בדירקטוריון 16 3 2020,2020,"אג""ח ממשלתי",,27.35,30.0,+/-   5%,25.0,35.0,ממשלתי שקלי 2-5 שנים- 60%  ממשלתי צמוד 2-5 שנים - 40%,,מדיניות צפויה מסלול 50-60 16320,2026-09-30T23:38:13+00:00,https://www.os-gml.co.il/wp-content/uploads/2020/03/Copy_of_עוס_-_מדיניות_צפויה_23032020.xls,policy/companies/520042573/raw/520042573/bc3984a39555_Copy_of_עוס_-_מדיניות_צפויה_23032020.xls,מדיניות צפויה מסלול 50-60 16320
520042573,,,520042573|מדיניות צפויה מסלול 50-60 16320|אושר בדירקטוריון 16 3 2020,אושר בדירקטוריון 16 3 2020,2020,"אג""ח קונצרני (קרנות נאמנות, תעודות סל)",,31.38,30.0,+/-   6%,24.0,36.0,מדד תל בונד 60 - 65% תל בונד שקלי - 25%  bloomberg us corporate 1-10 bond index 10%,,מדיניות צפויה מסלול 50-60 16320,2026-09-30T23:38:13+00:00,https://www.os-gml.co.il/wp-content/uploads/2020/03/Copy_of_עוס_-_מדיניות_צפויה_23032020.xls,policy/companies/520042573/raw/520042573/bc3984a39555_Copy_of_עוס_-_מדיניות_צפויה_23032020.xls,מדיניות צפויה מסלול 50-60 16320
520042573,,,520042573|מדיניות צפויה מסלול 50-60 16320|אושר בדירקטוריון 16 3 2020,אושר בדירקטוריון 16 3 2020,2020,"אחר (קרנות השקעה פרטיות, קרנות נדלן, מכשירים מובנים)*",,3.49,6.0,+/-   5%,1.0,11.0,,,מדיניות צפויה מסלול 50-60 16320,2026-09-30T23:38:13+00:00,https://www.os-gml.co.il/wp-content/uploads/2020/03/Copy_of_עוס_-_מדיניות_צפויה_23032020.xls,policy/companies/520042573/raw/520042573/bc3984a39555_Copy_of_עוס_-_מדיניות_צפויה_23032020.xls,מדיניות צפויה מסלול 50-60 16320
520042573,,,520042573|מדיניות צפויה מסלול 50-60 16320|אושר בדירקטוריון 16 3 2020,אושר בדירקטוריון 16 3 2020,2020,"עו""ש פר""י פק""מ**",,4.84,4.0,+/-   5%,0.0,9.0,ריבית בנק ישראל,,מדיניות צפויה מסלול 50-60 16320,2026-09-30T23:38:13+00:00,https://www.os-gml.co.il/wp-content/uploads/2020/03/Copy_of_עוס_-_מדיניות_צפויה_23032020.xls,policy/companies/520042573/raw/520042573/bc3984a39555_Copy_of_עוס_-_מדיניות_צפויה_23032020.xls,מדיניות צפויה מסלול 50-60 16320
520042573,,,520042573|מדיניות צפויה מסלול 50-60 16320|אושר בדירקטוריון 16 3 2020,אושר בדירקטוריון 16 3 2020,2020,"חשיפה למט""ח",fx,15.41,18.0,+/-   6%,12.0,24.0,,,מדיניות צפויה מסלול 50-60 16320,2026-09-30T23:38:13+00:00,https://www.os-gml.co.il/wp-content/uploads/2020/03/Copy_of_עוס_-_מדיניות_צפויה_23032020.xls,policy/companies/520042573/raw/520042573/bc3984a39555_Copy_of_עוס_-_מדיניות_צפויה_23032020.xls,מדיניות צפויה מסלול 50-60 16320
520042573,,,520042573|מדיניות צפויה למסלול 60+ 160320|אושר בדירקטוריון 16 3 2020,אושר בדירקטוריון 16 3 2020,2020,"מניות (תעודות סל, אופציות, קרנות נאמנות)",equity,12.45,14.0,+/-   6%,8.0,20.0,"מדד ת""א 125 - 40% MSCI AC - 60%",,מדיניות צפויה למסלול 60+ 160320,2026-09-30T23:38:13+00:00,https://www.os-gml.co.il/wp-content/uploads/2020/03/Copy_of_עוס_-_מדיניות_צפויה_23032020.xls,policy/companies/520042573/raw/520042573/bc3984a39555_Copy_of_עוס_-_מדיניות_צפויה_23032020.xls,מדיניות צפויה למסלול 60+ 160320
520042573,,,520042573|מדיניות צפויה למסלול 60+ 160320|אושר בדירקטוריון 16 3 2020,אושר בדירקטוריון 16 3 2020,2020,"אג""ח ממשלתי",,47.99,50.0,+/-   5%,45.0,55.0,ממשלתי שקלי 2-5 שנים- 70%  ממשלתי צמוד 2-5 שנים - 30%,,מדיניות צפויה למסלול 60+ 160320,2026-09-30T23:38:13+00:00,https://www.os-gml.co.il/wp-content/uploads/2020/03/Copy_of_עוס_-_מדיניות_צפויה_23032020.xls,policy/companies/520042573/raw/520042573/bc3984a39555_Copy_of_עוס_-_מדיניות_צפויה_23032020.xls,מדיניות צפויה למסלול 60+ 160320
520042573,,,520042573|מדיניות צפויה למסלול 60+ 160320|אושר בדירקטוריון 16 3 2020,אושר בדירקטוריון 16 3 2020,2020,"אג""ח קונצרני (קרנות נאמנות, תעודות סל)",,25.55,28.0,+/-   6%,22.0,34.0,מדד תל בונד 60 - 65% תל בונד שקלי - 25%  bloomberg us corporate 1-10 bond index    10%,,מדיניות צפויה למסלול 60+ 160320,2026-09-30T23:38:13+00:00,https://www.os-gml.co.il/wp-content/uploads/2020/03/Copy_of_עוס_-_מדיניות_צפויה_23032020.xls,policy/companies/520042573/raw/520042573/bc3984a39555_Copy_of_עוס_-_מדיניות_צפויה_23032020.xls,מדיניות צפויה למסלול 60+ 160320
520042573,,,520042573|מדיניות צפויה למסלול 60+ 160320|אושר בדירקטוריון 16 3 2020,אושר בדירקטוריון 16 3 2020,2020,"אחר (קרנות השקעה פרטיות, קרנות נדלן, מכשירים מובנים)*",,0.0,1.0,+/-   5%,0.0,6.0,,,מדיניות צפויה למסלול 60+ 160320,2026-09-30T23:38:13+00:00,https://www.os-gml.co.il/wp-content/uploads/2020/03/Copy_of_עוס_-_מדיניות_צפויה_23032020.xls,policy/companies/520042573/raw/520042573/bc3984a39555_Copy_of_עוס_-_מדיניות_צפויה_23032020.xls,מדיניות צפויה למסלול 60+ 160320
520042573,,,520042573|מדיניות צפויה למסלול 60+ 160320|אושר בדירקטוריון 16 3 2020,אושר בדירקטוריון 16 3 2020,2020,"עו""ש פר""י פק""מ**",,14.01,7.0,+/-   5%,2.0,12.0,ריבית בנק ישראל,,מדיניות צפויה למסלול 60+ 160320,2026-09-30T23:38:13+00:00,https://www.os-gml.co.il/wp-content/uploads/2020/03/Copy_of_עוס_-_מדיניות_צפויה_23032020.xls,policy/companies/520042573/raw/520042573/bc3984a39555_Copy_of_עוס_-_מדיניות_צפויה_23032020.xls,מדיניות צפויה למסלול 60+ 160320
520042573,,,520042573|מדיניות צפויה למסלול 60+ 160320|אושר בדירקטוריון 16 3 2020,אושר בדירקטוריון 16 3 2020,2020,"חשיפה למט""ח",fx,10.47,10.0,+/-   6%,4.0,16.0,,,מדיניות צפויה למסלול 60+ 160320,2026-09-30T23:38:13+00:00,https://www.os-gml.co.il/wp-content/uploads/2020/03/Copy_of_עוס_-_מדיניות_צפויה_23032020.xls,policy/companies/520042573/raw/520042573/bc3984a39555_Copy_of_עוס_-_מדיניות_צפויה_23032020.xls,מדיניות צפויה למסלול 60+ 160320
520042573,,,520042573|מדיניות צפויה למסלול עד 50 0320|אושר בדירקטוריון 16 3 2020 ועודכן ב 23 3 2020,אושר בדירקטוריון 16 3 2020 ועודכן ב 23 3 2020,2020,"מניות (תעודות סל, אופציות, קרנות נאמנות)",equity,44.03,42.0,+/-   6%,36.0,48.0,"מדד ת""א 125 - 40% MSCI AC - 60%",,מדיניות צפויה למסלול עד 50 0320,2026-09-30T23:38:13+00:00,https://www.os-gml.co.il/wp-content/uploads/2020/03/Copy_of_עוס_-_מדיניות_צפויה_23032020.xls,policy/companies/520042573/raw/520042573/bc3984a39555_Copy_of_עוס_-_מדיניות_צפויה_23032020.xls,מדיניות צפויה למסלול עד 50 0320
520042573,,,520042573|מדיניות צפויה למסלול עד 50 0320|אושר בדירקטוריון 16 3 2020 ועודכן ב 23 3 2020,אושר בדירקטוריון 16 3 2020 ועודכן ב 23 3 2020,2020,"אג""ח ממשלתי",,26.01,28.0,+/-   5%,23.0,33.0,ממשלתי שקלי 2-5 שנים- 60%  ממשלתי צמוד 2-5 שנים - 40%,,מדיניות צפויה למסלול עד 50 0320,2026-09-30T23:38:13+00:00,https://www.os-gml.co.il/wp-content/uploads/2020/03/Copy_of_עוס_-_מדיניות_צפויה_23032020.xls,policy/companies/520042573/raw/520042573/bc3984a39555_Copy_of_עוס_-_מדיניות_צפויה_23032020.xls,מדיניות צפויה למסלול עד 50 0320
520042573,,,520042573|מדיניות צפויה למסלול עד 50 0320|אושר בדירקטוריון 16 3 2020 ועודכן ב 23 3 2020,אושר בדירקטוריון 16 3 2020 ועודכן ב 23 3 2020,2020,"אג""ח קונצרני (קרנות נאמנות, תעודות סל)",,21.49,24.0,+/-   6%,18.0,30.0,מדד תל בונד 60 - 65% תל בונד שקלי - 25%  bloomberg us corporate 1-10 bond index 10%,,מדיניות צפויה למסלול עד 50 0320,2026-09-30T23:38:13+00:00,https://www.os-gml.co.il/wp-content/uploads/2020/03/Copy_of_עוס_-_מדיניות_צפויה_23032020.xls,policy/companies/520042573/raw/520042573/bc3984a39555_Copy_of_עוס_-_מדיניות_צפויה_23032020.xls,מדיניות צפויה למסלול עד 50 0320
520042573,,,520042573|מדיניות צפויה למסלול עד 50 0320|אושר בדירקטוריון 16 3 2020 ועודכן ב 23 3 2020,אושר בדירקטוריון 16 3 2020 ועודכן ב 23 3 2020,2020,"אחר (קרנות השקעה פרטיות, קרנות נדלן, מכשירים מובנים)*",,0.0,1.0,+/-   5%,0.0,6.0,,,מדיניות צפויה למסלול עד 50 0320,2026-09-30T23:38:13+00:00,https://www.os-gml.co.il/wp-content/uploads/2020/03/Copy_of_עוס_-_מדיניות_צפויה_23032020.xls,policy/companies/520042573/raw/520042573/bc3984a39555_Copy_of_עוס_-_מדיניות_צפויה_23032020.xls,מדיניות צפויה למסלול עד 50 0320
520042573,,,520042573|מדיניות צפויה למסלול עד 50 0320|אושר בדירקטוריון 16 3 2020 ועודכן ב 23 3 2020,אושר בדירקטוריון 16 3 2020 ועודכן ב 23 3 2020,2020,"עו""ש פר""י פק""מ**",,8.48,5.0,+/-   5%,0.0,10.0,ריבית בנק ישראל,,מדיניות צפויה למסלול עד 50 0320,2026-09-30T23:38:13+00:00,https://www.os-gml.co.il/wp-content/uploads/2020/03/Copy_of_עוס_-_מדיניות_צפויה_23032020.xls,policy/companies/520042573/raw/520042573/bc3984a39555_Copy_of_עוס_-_מדיניות_צפויה_23032020.xls,מדיניות צפויה למסלול עד 50 0320
520042573,,,520042573|מדיניות צפויה למסלול עד 50 0320|אושר בדירקטוריון 16 3 2020 ועודכן ב 23 3 2020,אושר בדירקטוריון 16 3 2020 ועודכן ב 23 3 2020,2020,"חשיפה למט""ח",fx,17.22,20.0,+/-   6%,14.0,26.0,,,מדיניות צפויה למסלול עד 50 0320,2026-09-30T23:38:13+00:00,https://www.os-gml.co.il/wp-content/uploads/2020/03/Copy_of_עוס_-_מדיניות_צפויה_23032020.xls,policy/companies/520042573/raw/520042573/bc3984a39555_Copy_of_עוס_-_מדיניות_צפויה_23032020.xls,מדיניות צפויה למסלול עד 50 0320
520042573,,,520042573|מדיניות צפויה מסלול 50-60 16320|אושר בדירקטוריון 16 3 2020,אושר בדירקטוריון 16 3 2020,2020,"מניות (תעודות סל, אופציות, קרנות נאמנות)",equity,31.15,30.0,+/-   6%,24.0,36.0,"מדד ת""א 125 - 40% MSCI AC - 60%",,מדיניות צפויה מסלול 50-60 16320,2026-09-30T23:38:13+00:00,https://www.os-gml.co.il/wp-content/uploads/2020/03/Copy_of_עוס_-_מדיניות_צפויה_23032020.xls?pid=4943,policy/companies/520042573/raw/520042573/bc3984a39555_Copy_of_עוס_-_מדיניות_צפויה_23032020.xls,מדיניות צפויה מסלול 50-60 16320
520042573,,,520042573|מדיניות צפויה מסלול 50-60 16320|אושר בדירקטוריון 16 3 2020,אושר בדירקטוריון 16 3 2020,2020,"אג""ח ממשלתי",,27.35,30.0,+/-   5%,25.0,35.0,ממשלתי שקלי 2-5 שנים- 60%  ממשלתי צמוד 2-5 שנים - 40%,,מדיניות צפויה מסלול 50-60 16320,2026-09-30T23:38:13+00:00,https://www.os-gml.co.il/wp-content/uploads/2020/03/Copy_of_עוס_-_מדיניות_צפויה_23032020.xls?pid=4943,policy/companies/520042573/raw/520042573/bc3984a39555_Copy_of_עוס_-_מדיניות_צפויה_23032020.xls,מדיניות צפויה מסלול 50-60 16320
520042573,,,520042573|מדיניות צפויה מסלול 50-60 16320|אושר בדירקטוריון 16 3 2020,אושר בדירקטוריון 16 3 2020,2020,"אג""ח קונצרני (קרנות נאמנות, תעודות סל)",,31.38,30.0,+/-   6%,24.0,36.0,מדד תל בונד 60 - 65% תל בונד שקלי - 25%  bloomberg us corporate 1-10 bond index 10%,,מדיניות צפויה מסלול 50-60 16320,2026-09-30T23:38:13+00:00,https://www.os-gml.co.il/wp-content/uploads/2020/03/Copy_of_עוס_-_מדיניות_צפויה_23032020.xls?pid=4943,policy/companies/520042573/raw/520042573/bc3984a39555_Copy_of_עוס_-_מדיניות_צפויה_23032020.xls,מדיניות צפויה מסלול 50-60 16320
520042573,,,520042573|מדיניות צפויה מסלול 50-60 16320|אושר בדירקטוריון 16 3 2020,אושר בדירקטוריון 16 3 2020,2020,"אחר (קרנות השקעה פרטיות, קרנות נדלן, מכשירים מובנים)*",,3.49,6.0,+/-   5%,1.0,11.0,,,מדיניות צפויה מסלול 50-60 16320,2026-09-30T23:38:13+00:00,https://www.os-gml.co.il/wp-content/uploads/2020/03/Copy_of_עוס_-_מדיניות_צפויה_23032020.xls?pid=4943,policy/companies/520042573/raw/520042573/bc3984a39555_Copy_of_עוס_-_מדיניות_צפויה_23032020.xls,מדיניות צפויה מסלול 50-60 16320
520042573,,,520042573|מדיניות צפויה מסלול 50-60 16320|אושר בדירקטוריון 16 3 2020,אושר בדירקטוריון 16 3 2020,2020,"עו""ש פר""י פק""מ**",,4.84,4.0,+/-   5%,0.0,9.0,ריבית בנק ישראל,,מדיניות צפויה מסלול 50-60 16320,2026-09-30T23:38:13+00:00,https://www.os-gml.co.il/wp-content/uploads/2020/03/Copy_of_עוס_-_מדיניות_צפויה_23032020.xls?pid=4943,policy/companies/520042573/raw/520042573/bc3984a39555_Copy_of_עוס_-_מדיניות_צפויה_23032020.xls,מדיניות צפויה מסלול 50-60 16320
520042573,,,520042573|מדיניות צפויה מסלול 50-60 16320|אושר בדירקטוריון 16 3 2020,אושר בדירקטוריון 16 3 2020,2020,"חשיפה למט""ח",fx,15.41,18.0,+/-   6%,12.0,24.0,,,מדיניות צפויה מסלול 50-60 16320,2026-09-30T23:38:13+00:00,https://www.os-gml.co.il/wp-content/uploads/2020/03/Copy_of_עוס_-_מדיניות_צפויה_23032020.xls?pid=4943,policy/companies/520042573/raw/520042573/bc3984a39555_Copy_of_עוס_-_מדיניות_צפויה_23032020.xls,מדיניות צפויה מסלול 50-60 16320
520042573,,,520042573|מדיניות צפויה למסלול 60+ 160320|אושר בדירקטוריון 16 3 2020,אושר בדירקטוריון 16 3 2020,2020,"מניות (תעודות סל, אופציות, קרנות נאמנות)",equity,12.45,14.0,+/-   6%,8.0,20.0,"מדד ת""א 125 - 40% MSCI AC - 60%",,מדיניות צפויה למסלול 60+ 160320,2026-09-30T23:38:13+00:00,https://www.os-gml.co.il/wp-content/uploads/2020/03/Copy_of_עוס_-_מדיניות_צפויה_23032020.xls?pid=4943,policy/companies/520042573/raw/520042573/bc3984a39555_Copy_of_עוס_-_מדיניות_צפויה_23032020.xls,מדיניות צפויה למסלול 60+ 160320
520042573,,,520042573|מדיניות צפויה למסלול 60+ 160320|אושר בדירקטוריון 16 3 2020,אושר בדירקטוריון 16 3 2020,2020,"אג""ח ממשלתי",,47.99,50.0,+/-   5%,45.0,55.0,ממשלתי שקלי 2-5 שנים- 70%  ממשלתי צמוד 2-5 שנים - 30%,,מדיניות צפויה למסלול 60+ 160320,2026-09-30T23:38:13+00:00,https://www.os-gml.co.il/wp-content/uploads/2020/03/Copy_of_עוס_-_מדיניות_צפויה_23032020.xls?pid=4943,policy/companies/520042573/raw/520042573/bc3984a39555_Copy_of_עוס_-_מדיניות_צפויה_23032020.xls,מדיניות צפויה למסלול 60+ 160320
520042573,,,520042573|מדיניות צפויה למסלול 60+ 160320|אושר בדירקטוריון 16 3 2020,אושר בדירקטוריון 16 3 2020,2020,"אג""ח קונצרני (קרנות נאמנות, תעודות סל)",,25.55,28.0,+/-   6%,22.0,34.0,מדד תל בונד 60 - 65% תל בונד שקלי - 25%  bloomberg us corporate 1-10 bond index    10%,,מדיניות צפויה למסלול 60+ 160320,2026-09-30T23:38:13+00:00,https://www.os-gml.co.il/wp-content/uploads/2020/03/Copy_of_עוס_-_מדיניות_צפויה_23032020.xls?pid=4943,policy/companies/520042573/raw/520042573/bc3984a39555_Copy_of_עוס_-_מדיניות_צפויה_23032020.xls,מדיניות צפויה למסלול 60+ 160320
520042573,,,520042573|מדיניות צפויה למסלול 60+ 160320|אושר בדירקטוריון 16 3 2020,אושר בדירקטוריון 16 3 2020,2020,"אחר (קרנות השקעה פרטיות, קרנות נדלן, מכשירים מובנים)*",,0.0,1.0,+/-   5%,0.0,6.0,,,מדיניות צפויה למסלול 60+ 160320,2026-09-30T23:38:13+00:00,https://www.os-gml.co.il/wp-content/uploads/2020/03/Copy_of_עוס_-_מדיניות_צפויה_23032020.xls?pid=4943,policy/companies/520042573/raw/520042573/bc3984a39555_Copy_of_עוס_-_מדיניות_צפויה_23032020.xls,מדיניות צפויה למסלול 60+ 160320
520042573,,,520042573|מדיניות צפויה למסלול 60+ 160320|אושר בדירקטוריון 16 3 2020,אושר בדירקטוריון 16 3 2020,2020,"עו""ש פר""י פק""מ**",,14.01,7.0,+/-   5%,2.0,12.0,ריבית בנק ישראל,,מדיניות צפויה למסלול 60+ 160320,2026-09-30T23:38:13+00:00,https://www.os-gml.co.il/wp-content/uploads/2020/03/Copy_of_עוס_-_מדיניות_צפויה_23032020.xls?pid=4943,policy/companies/520042573/raw/520042573/bc3984a39555_Copy_of_עוס_-_מדיניות_צפויה_23032020.xls,מדיניות צפויה למסלול 60+ 160320
520042573,,,520042573|מדיניות צפויה למסלול 60+ 160320|אושר בדירקטוריון 16 3 2020,אושר בדירקטוריון 16 3 2020,2020,"חשיפה למט""ח",fx,10.47,10.0,+/-   6%,4.0,16.0,,,מדיניות צפויה למסלול 60+ 160320,2026-09-30T23:38:13+00:00,https://www.os-gml.co.il/wp-content/uploads/2020/03/Copy_of_עוס_-_מדיניות_צפויה_23032020.xls?pid=4943,policy/companies/520042573/raw/520042573/bc3984a39555_Copy_of_עוס_-_מדיניות_צפויה_23032020.xls,מדיניות צפויה למסלול 60+ 160320
520042573,,,520042573|מדיניות צפויה למסלול עד 50 0320|אושר בדירקטוריון 16 3 2020 ועודכן ב 23 3 2020,אושר בדירקטוריון 16 3 2020 ועודכן ב 23 3 2020,2020,"מניות (תעודות סל, אופציות, קרנות נאמנות)",equity,44.03,42.0,+/-   6%,36.0,48.0,"מדד ת""א 125 - 40% MSCI AC - 60%",,מדיניות צפויה למסלול עד 50 0320,2026-09-30T23:38:13+00:00,https://www.os-gml.co.il/wp-content/uploads/2020/03/Copy_of_עוס_-_מדיניות_צפויה_23032020.xls?pid=4943,policy/companies/520042573/raw/520042573/bc3984a39555_Copy_of_עוס_-_מדיניות_צפויה_23032020.xls,מדיניות צפויה למסלול עד 50 0320
520042573,,,520042573|מדיניות צפויה למסלול עד 50 0320|אושר בדירקטוריון 16 3 2020 ועודכן ב 23 3 2020,אושר בדירקטוריון 16 3 2020 ועודכן ב 23 3 2020,2020,"אג""ח ממשלתי",,26.01,28.0,+/-   5%,23.0,33.0,ממשלתי שקלי 2-5 שנים- 60%  ממשלתי צמוד 2-5 שנים - 40%,,מדיניות צפויה למסלול עד 50 0320,2026-09-30T23:38:13+00:00,https://www.os-gml.co.il/wp-content/uploads/2020/03/Copy_of_עוס_-_מדיניות_צפויה_23032020.xls?pid=4943,policy/companies/520042573/raw/520042573/bc3984a39555_Copy_of_עוס_-_מדיניות_צפויה_23032020.xls,מדיניות צפויה למסלול עד 50 0320
520042573,,,520042573|מדיניות צפויה למסלול עד 50 0320|אושר בדירקטוריון 16 3 2020 ועודכן ב 23 3 2020,אושר בדירקטוריון 16 3 2020 ועודכן ב 23 3 2020,2020,"אג""ח קונצרני (קרנות נאמנות, תעודות סל)",,21.49,24.0,+/-   6%,18.0,30.0,מדד תל בונד 60 - 65% תל בונד שקלי - 25%  bloomberg us corporate 1-10 bond index 10%,,מדיניות צפויה למסלול עד 50 0320,2026-09-30T23:38:13+00:00,https://www.os-gml.co.il/wp-content/uploads/2020/03/Copy_of_עוס_-_מדיניות_צפויה_23032020.xls?pid=4943,policy/companies/520042573/raw/520042573/bc3984a39555_Copy_of_עוס_-_מדיניות_צפויה_23032020.xls,מדיניות צפויה למסלול עד 50 0320
520042573,,,520042573|מדיניות צפויה למסלול עד 50 0320|אושר בדירקטוריון 16 3 2020 ועודכן ב 23 3 2020,אושר בדירקטוריון 16 3 2020 ועודכן ב 23 3 2020,2020,"אחר (קרנות השקעה פרטיות, קרנות נדלן, מכשירים מובנים)*",,0.0,1.0,+/-   5%,0.0,6.0,,,מדיניות צפויה למסלול עד 50 0320,2026-09-30T23:38:13+00:00,https://www.os-gml.co.il/wp-content/uploads/2020/03/Copy_of_עוס_-_מדיניות_צפויה_23032020.xls?pid=4943,policy/companies/520042573/raw/520042573/bc3984a39555_Copy_of_עוס_-_מדיניות_צפויה_23032020.xls,מדיניות צפויה למסלול עד 50 0320
520042573,,,520042573|מדיניות צפויה למסלול עד 50 0320|אושר בדירקטוריון 16 3 2020 ועודכן ב 23 3 2020,אושר בדירקטוריון 16 3 2020 ועודכן ב 23 3 2020,2020,"עו""ש פר""י פק""מ**",,8.48,5.0,+/-   5%,0.0,10.0,ריבית בנק ישראל,,מדיניות צפויה למסלול עד 50 0320,2026-09-30T23:38:13+00:00,https://www.os-gml.co.il/wp-content/uploads/2020/03/Copy_of_עוס_-_מדיניות_צפויה_23032020.xls?pid=4943,policy/companies/520042573/raw/520042573/bc3984a39555_Copy_of_עוס_-_מדיניות_צפויה_23032020.xls,מדיניות צפויה למסלול עד 50 0320
520042573,,,520042573|מדיניות צפויה למסלול עד 50 0320|אושר בדירקטוריון 16 3 2020 ועודכן ב 23 3 2020,אושר בדירקטוריון 16 3 2020 ועודכן ב 23 3 2020,2020,"חשיפה למט""ח",fx,17.22,20.0,+/-   6%,14.0,26.0,,,מדיניות צפויה למסלול עד 50 0320,2026-09-30T23:38:13+00:00,https://www.os-gml.co.il/wp-content/uploads/2020/03/Copy_of_עוס_-_מדיניות_צפויה_23032020.xls?pid=4943,policy/companies/520042573/raw/520042573/bc3984a39555_Copy_of_עוס_-_מדיניות_צפויה_23032020.xls,מדיניות צפויה למסלול עד 50 0320
520042573,,,520042573|מדיניות צפויה מסלול 50-60 16320|אושר בדירקטוריון 16 3 2020 עודכן ביום 21 4 2020 וביום 16 6 2020,אושר בדירקטוריון 16 3 2020 עודכן ביום 21 4 2020 וביום 16 6 2020,2020,"מניות (תעודות סל, אופציות, קרנות נאמנות)",equity,35.37,33.0,+/-   6%,27.0,39.0,"מדד ת""א 125 - 40% MSCI AC - 60%",,מדיניות צפויה מסלול 50-60 16320,2026-09-30T23:38:13+00:00,https://www.os-gml.co.il/wp-content/uploads/2020/06/עותק_של_מדיניות_צפויה_עוס_יוני_2020.xls,policy/companies/520042573/raw/520042573/64753ea5440f_עותק_של_מדיניות_צפויה_עוס_יוני_2020.xls,מדיניות צפויה מסלול 50-60 16320
520042573,,,520042573|מדיניות צפויה מסלול 50-60 16320|אושר בדירקטוריון 16 3 2020 עודכן ביום 21 4 2020 וביום 16 6 2020,אושר בדירקטוריון 16 3 2020 עודכן ביום 21 4 2020 וביום 16 6 2020,2020,"אג""ח ממשלתי",,27.21,30.0,+/-   5%,25.0,35.0,ממשלתי שקלי 2-5 שנים- 60%  ממשלתי צמוד 2-5 שנים - 40%,,מדיניות צפויה מסלול 50-60 16320,2026-09-30T23:38:13+00:00,https://www.os-gml.co.il/wp-content/uploads/2020/06/עותק_של_מדיניות_צפויה_עוס_יוני_2020.xls,policy/companies/520042573/raw/520042573/64753ea5440f_עותק_של_מדיניות_צפויה_עוס_יוני_2020.xls,מדיניות צפויה מסלול 50-60 16320
520042573,,,520042573|מדיניות צפויה מסלול 50-60 16320|אושר בדירקטוריון 16 3 2020 עודכן ביום 21 4 2020 וביום 16 6 2020,אושר בדירקטוריון 16 3 2020 עודכן ביום 21 4 2020 וביום 16 6 2020,2020,"אג""ח קונצרני (קרנות נאמנות, תעודות סל)",,27.69,30.0,+/-   6%,24.0,36.0,מדד תל בונד 60 - 65% תל בונד שקלי - 25%  bloomberg us corporate 1-10 bond index 10%,,מדיניות צפויה מסלול 50-60 16320,2026-09-30T23:38:13+00:00,https://www.os-gml.co.il/wp-content/uploads/2020/06/עותק_של_מדיניות_צפויה_עוס_יוני_2020.xls,policy/companies/520042573/raw/520042573/64753ea5440f_עותק_של_מדיניות_צפויה_עוס_יוני_2020.xls,מדיניות צפויה מסלול 50-60 16320
520042573,,,520042573|מדיניות צפויה מסלול 50-60 16320|אושר בדירקטוריון 16 3 2020 עודכן ביום 21 4 2020 וביום 16 6 2020,אושר בדירקטוריון 16 3 2020 עודכן ביום 21 4 2020 וביום 16 6 2020,2020,"אחר (קרנות השקעה פרטיות, קרנות נדלן, מכשירים מובנים)*",,3.54,6.0,+/-   5%,1.0,11.0,,,מדיניות צפויה מסלול 50-60 16320,2026-09-30T23:38:13+00:00,https://www.os-gml.co.il/wp-content/uploads/2020/06/עותק_של_מדיניות_צפויה_עוס_יוני_2020.xls,policy/companies/520042573/raw/520042573/64753ea5440f_עותק_של_מדיניות_צפויה_עוס_יוני_2020.xls,מדיניות צפויה מסלול 50-60 16320
520042573,,,520042573|מדיניות צפויה מסלול 50-60 16320|אושר בדירקטוריון 16 3 2020 עודכן ביום 21 4 2020 וביום 16 6 2020,אושר בדירקטוריון 16 3 2020 עודכן ביום 21 4 2020 וביום 16 6 2020,2020,"עו""ש פר""י פק""מ**",,6.2,1.0,+/-   5%,0.0,6.0,ריבית בנק ישראל,,מדיניות צפויה מסלול 50-60 16320,2026-09-30T23:38:13+00:00,https://www.os-gml.co.il/wp-content/uploads/2020/06/עותק_של_מדיניות_צפויה_עוס_יוני_2020.xls,policy/companies/520042573/raw/520042573/64753ea5440f_עותק_של_מדיניות_צפויה_עוס_יוני_2020.xls,מדיניות צפויה מסלול 50-60 16320
520042573,,,520042573|מדיניות צפויה מסלול 50-60 16320|אושר בדירקטוריון 16 3 2020 עודכן ביום 21 4 2020 וביום 16 6 2020,אושר בדירקטוריון 16 3 2020 עודכן ביום 21 4 2020 וביום 16 6 2020,2020,"חשיפה למט""ח",fx,19.14,18.0,+/-   6%,12.0,24.0,,,מדיניות צפויה מסלול 50-60 16320,2026-09-30T23:38:13+00:00,https://www.os-gml.co.il/wp-content/uploads/2020/06/עותק_של_מדיניות_צפויה_עוס_יוני_2020.xls,policy/companies/520042573/raw/520042573/64753ea5440f_עותק_של_מדיניות_צפויה_עוס_יוני_2020.xls,מדיניות צפויה מסלול 50-60 16320
520042573,,,520042573|מדיניות צפויה למסלול 60+ 160320|אושר בדירקטוריון 16 3 2020,אושר בדירקטוריון 16 3 2020,2020,"מניות (תעודות סל, אופציות, קרנות נאמנות)",equity,12.29,14.0,+/-   6%,8.0,20.0,"מדד ת""א 125 - 40% MSCI AC - 60%",,מדיניות צפויה למסלול 60+ 160320,2026-09-30T23:38:13+00:00,https://www.os-gml.co.il/wp-content/uploads/2020/06/עותק_של_מדיניות_צפויה_עוס_יוני_2020.xls,policy/companies/520042573/raw/520042573/64753ea5440f_עותק_של_מדיניות_צפויה_עוס_יוני_2020.xls,מדיניות צפויה למסלול 60+ 160320
520042573,,,520042573|מדיניות צפויה למסלול 60+ 160320|אושר בדירקטוריון 16 3 2020,אושר בדירקטוריון 16 3 2020,2020,"אג""ח ממשלתי",,53.16,50.0,+/-   5%,45.0,55.0,ממשלתי שקלי 2-5 שנים- 70%  ממשלתי צמוד 2-5 שנים - 30%,,מדיניות צפויה למסלול 60+ 160320,2026-09-30T23:38:13+00:00,https://www.os-gml.co.il/wp-content/uploads/2020/06/עותק_של_מדיניות_צפויה_עוס_יוני_2020.xls,policy/companies/520042573/raw/520042573/64753ea5440f_עותק_של_מדיניות_צפויה_עוס_יוני_2020.xls,מדיניות צפויה למסלול 60+ 160320
520042573,,,520042573|מדיניות צפויה למסלול 60+ 160320|אושר בדירקטוריון 16 3 2020,אושר בדירקטוריון 16 3 2020,2020,"אג""ח קונצרני (קרנות נאמנות, תעודות סל)",,29.74,28.0,+/-   6%,22.0,34.0,מדד תל בונד 60 - 65% תל בונד שקלי - 25%  bloomberg us corporate 1-10 bond index    10%,,מדיניות צפויה למסלול 60+ 160320,2026-09-30T23:38:13+00:00,https://www.os-gml.co.il/wp-content/uploads/2020/06/עותק_של_מדיניות_צפויה_עוס_יוני_2020.xls,policy/companies/520042573/raw/520042573/64753ea5440f_עותק_של_מדיניות_צפויה_עוס_יוני_2020.xls,מדיניות צפויה למסלול 60+ 160320
520042573,,,520042573|מדיניות צפויה למסלול 60+ 160320|אושר בדירקטוריון 16 3 2020,אושר בדירקטוריון 16 3 2020,2020,"אחר (קרנות השקעה פרטיות, קרנות נדלן, מכשירים מובנים)*",,0.0,1.0,+/-   5%,0.0,6.0,,,מדיניות צפויה למסלול 60+ 160320,2026-09-30T23:38:13+00:00,https://www.os-gml.co.il/wp-content/uploads/2020/06/עותק_של_מדיניות_צפויה_עוס_יוני_2020.xls,policy/companies/520042573/raw/520042573/64753ea5440f_עותק_של_מדיניות_צפויה_עוס_יוני_2020.xls,מדיניות צפויה למסלול 60+ 160320
520042573,,,520042573|מדיניות צפויה למסלול 60+ 160320|אושר בדירקטוריון 16 3 2020,אושר בדירקטוריון 16 3 2020,2020,"עו""ש פר""י פק""מ**",,4.81,7.0,+/-   5%,2.0,12.0,ריבית בנק ישראל,,מדיניות צפויה למסלול 60+ 160320,2026-09-30T23:38:13+00:00,https://www.os-gml.co.il/wp-content/uploads/2020/06/עותק_של_מדיניות_צפויה_עוס_יוני_2020.xls,policy/companies/520042573/raw/520042573/64753ea5440f_עותק_של_מדיניות_צפויה_עוס_יוני_2020.xls,מדיניות צפויה למסלול 60+ 160320
520042573,,,520042573|מדיניות צפויה למסלול 60+ 160320|אושר בדירקטוריון 16 3 2020,אושר בדירקטוריון 16 3 2020,2020,"חשיפה למט""ח",fx,10.1,10.0,+/-   6%,4.0,16.0,,,מדיניות צפויה למסלול 60+ 160320,2026-09-30T23:38:13+00:00,https://www.os-gml.co.il/wp-content/uploads/2020/06/עותק_של_מדיניות_צפויה_עוס_יוני_2020.xls,policy/companies/520042573/raw/520042573/64753ea5440f_עותק_של_מדיניות_צפויה_עוס_יוני_2020.xls,מדיניות צפויה למסלול 60+ 160320
520042573,,,520042573|מדיניות צפויה למסלול עד 50 0320|אושר בדירקטוריון 16 3 2020 ועודכן ב 23 3 2020,אושר בדירקטוריון 16 3 2020 ועודכן ב 23 3 2020,2020,"מניות (תעודות סל, אופציות, קרנות נאמנות)",equity,44.04,42.0,+/-   6%,36.0,48.0,"מדד ת""א 125 - 40% MSCI AC - 60%",,מדיניות צפויה למסלול עד 50 0320,2026-09-30T23:38:13+00:00,https://www.os-gml.co.il/wp-content/uploads/2020/06/עותק_של_מדיניות_צפויה_עוס_יוני_2020.xls,policy/companies/520042573/raw/520042573/64753ea5440f_עותק_של_מדיניות_צפויה_עוס_יוני_2020.xls,מדיניות צפויה למסלול עד 50 0320
520042573,,,520042573|מדיניות צפויה למסלול עד 50 0320|אושר בדירקטוריון 16 3 2020 ועודכן ב 23 3 2020,אושר בדירקטוריון 16 3 2020 ועודכן ב 23 3 2020,2020,"אג""ח ממשלתי",,23.44,28.0,+/-   5%,23.0,33.0,ממשלתי שקלי 2-5 שנים- 60%  ממשלתי צמוד 2-5 שנים - 40%,,מדיניות צפויה למסלול עד 50 0320,2026-09-30T23:38:13+00:00,https://www.os-gml.co.il/wp-content/uploads/2020/06/עותק_של_מדיניות_צפויה_עוס_יוני_2020.xls,policy/companies/520042573/raw/520042573/64753ea5440f_עותק_של_מדיניות_צפויה_עוס_יוני_2020.xls,מדיניות צפויה למסלול עד 50 0320
520042573,,,520042573|מדיניות צפויה למסלול עד 50 0320|אושר בדירקטוריון 16 3 2020 ועודכן ב 23 3 2020,אושר בדירקטוריון 16 3 2020 ועודכן ב 23 3 2020,2020,"אג""ח קונצרני (קרנות נאמנות, תעודות סל)",,27.33,24.0,+/-   6%,18.0,30.0,מדד תל בונד 60 - 65% תל בונד שקלי - 25%  bloomberg us corporate 1-10 bond index 10%,,מדיניות צפויה למסלול עד 50 0320,2026-09-30T23:38:13+00:00,https://www.os-gml.co.il/wp-content/uploads/2020/06/עותק_של_מדיניות_צפויה_עוס_יוני_2020.xls,policy/companies/520042573/raw/520042573/64753ea5440f_עותק_של_מדיניות_צפויה_עוס_יוני_2020.xls,מדיניות צפויה למסלול עד 50 0320
520042573,,,520042573|מדיניות צפויה למסלול עד 50 0320|אושר בדירקטוריון 16 3 2020 ועודכן ב 23 3 2020,אושר בדירקטוריון 16 3 2020 ועודכן ב 23 3 2020,2020,"אחר (קרנות השקעה פרטיות, קרנות נדלן, מכשירים מובנים)*",,0.0,1.0,+/-   5%,0.0,6.0,,,מדיניות צפויה למסלול עד 50 0320,2026-09-30T23:38:13+00:00,https://www.os-gml.co.il/wp-content/uploads/2020/06/עותק_של_מדיניות_צפויה_עוס_יוני_2020.xls,policy/companies/520042573/raw/520042573/64753ea5440f_עותק_של_מדיניות_צפויה_עוס_יוני_2020.xls,מדיניות צפויה למסלול עד 50 0320
520042573,,,520042573|מדיניות צפויה למסלול עד 50 0320|אושר בדירקטוריון 16 3 2020 ועודכן ב 23 3 2020,אושר בדירקטוריון 16 3 2020 ועודכן ב 23 3 2020,2020,"עו""ש פר""י פק""מ**",,5.19,5.0,+/-   5%,0.0,10.0,ריבית בנק ישראל,,מדיניות צפויה למסלול עד 50 0320,2026-09-30T23:38:13+00:00,https://www.os-gml.co.il/wp-content/uploads/2020/06/עותק_של_מדיניות_צפויה_עוס_יוני_2020.xls,policy/companies/520042573/raw/520042573/64753ea5440f_עותק_של_מדיניות_צפויה_עוס_יוני_2020.xls,מדיניות צפויה למסלול עד 50 0320
520042573,,,520042573|מדיניות צפויה למסלול עד 50 0320|אושר בדירקטוריון 16 3 2020 ועודכן ב 23 3 2020,אושר בדירקטוריון 16 3 2020 ועודכן ב 23 3 2020,2020,"חשיפה למט""ח",fx,17.71,20.0,+/-   6%,14.0,26.0,,,מדיניות צפויה למסלול עד 50 0320,2026-09-30T23:38:13+00:00,https://www.os-gml.co.il/wp-content/uploads/2020/06/עותק_של_מדיניות_צפויה_עוס_יוני_2020.xls,policy/companies/520042573/raw/520042573/64753ea5440f_עותק_של_מדיניות_צפויה_עוס_יוני_2020.xls,מדיניות צפויה למסלול עד 50 0320
520042573,,,520042573|מדיניות צפויה מסלול 50-60 16320|אושר בדירקטוריון 16 3 2020 עודכן ביום 21 4 2020 וביום 16 6 2020,אושר בדירקטוריון 16 3 2020 עודכן ביום 21 4 2020 וביום 16 6 2020,2020,"מניות (תעודות סל, אופציות, קרנות נאמנות)",equity,35.37,33.0,+/-   6%,27.0,39.0,"מדד ת""א 125 - 40% MSCI AC - 60%",,מדיניות צפויה מסלול 50-60 16320,2026-09-30T23:38:13+00:00,https://www.os-gml.co.il/wp-content/uploads/2020/06/עותק_של_מדיניות_צפויה_עוס_יוני_2020.xls?pid=4943,policy/companies/520042573/raw/520042573/64753ea5440f_עותק_של_מדיניות_צפויה_עוס_יוני_2020.xls,מדיניות צפויה מסלול 50-60 16320
520042573,,,520042573|מדיניות צפויה מסלול 50-60 16320|אושר בדירקטוריון 16 3 2020 עודכן ביום 21 4 2020 וביום 16 6 2020,אושר בדירקטוריון 16 3 2020 עודכן ביום 21 4 2020 וביום 16 6 2020,2020,"אג""ח ממשלתי",,27.21,30.0,+/-   5%,25.0,35.0,ממשלתי שקלי 2-5 שנים- 60%  ממשלתי צמוד 2-5 שנים - 40%,,מדיניות צפויה מסלול 50-60 16320,2026-09-30T23:38:13+00:00,https://www.os-gml.co.il/wp-content/uploads/2020/06/עותק_של_מדיניות_צפויה_עוס_יוני_2020.xls?pid=4943,policy/companies/520042573/raw/520042573/64753ea5440f_עותק_של_מדיניות_צפויה_עוס_יוני_2020.xls,מדיניות צפויה מסלול 50-60 16320
520042573,,,520042573|מדיניות צפויה מסלול 50-60 16320|אושר בדירקטוריון 16 3 2020 עודכן ביום 21 4 2020 וביום 16 6 2020,אושר בדירקטוריון 16 3 2020 עודכן ביום 21 4 2020 וביום 16 6 2020,2020,"אג""ח קונצרני (קרנות נאמנות, תעודות סל)",,27.69,30.0,+/-   6%,24.0,36.0,מדד תל בונד 60 - 65% תל בונד שקלי - 25%  bloomberg us corporate 1-10 bond index 10%,,מדיניות צפויה מסלול 50-60 16320,2026-09-30T23:38:13+00:00,https://www.os-gml.co.il/wp-content/uploads/2020/06/עותק_של_מדיניות_צפויה_עוס_יוני_2020.xls?pid=4943,policy/companies/520042573/raw/520042573/64753ea5440f_עותק_של_מדיניות_צפויה_עוס_יוני_2020.xls,מדיניות צפויה מסלול 50-60 16320
520042573,,,520042573|מדיניות צפויה מסלול 50-60 16320|אושר בדירקטוריון 16 3 2020 עודכן ביום 21 4 2020 וביום 16 6 2020,אושר בדירקטוריון 16 3 2020 עודכן ביום 21 4 2020 וביום 16 6 2020,2020,"אחר (קרנות השקעה פרטיות, קרנות נדלן, מכשירים מובנים)*",,3.54,6.0,+/-   5%,1.0,11.0,,,מדיניות צפויה מסלול 50-60 16320,2026-09-30T23:38:13+00:00,https://www.os-gml.co.il/wp-content/uploads/2020/06/עותק_של_מדיניות_צפויה_עוס_יוני_2020.xls?pid=4943,policy/companies/520042573/raw/520042573/64753ea5440f_עותק_של_מדיניות_צפויה_עוס_יוני_2020.xls,מדיניות צפויה מסלול 50-60 16320
520042573,,,520042573|מדיניות צפויה מסלול 50-60 16320|אושר בדירקטוריון 16 3 2020 עודכן ביום 21 4 2020 וביום 16 6 2020,אושר בדירקטוריון 16 3 2020 עודכן ביום 21 4 2020 וביום 16 6 2020,2020,"עו""ש פר""י פק""מ**",,6.2,1.0,+/-   5%,0.0,6.0,ריבית בנק ישראל,,מדיניות צפויה מסלול 50-60 16320,2026-09-30T23:38:13+00:00,https://www.os-gml.co.il/wp-content/uploads/2020/06/עותק_של_מדיניות_צפויה_עוס_יוני_2020.xls?pid=4943,policy/companies/520042573/raw/520042573/64753ea5440f_עותק_של_מדיניות_צפויה_עוס_יוני_2020.xls,מדיניות צפויה מסלול 50-60 16320
520042573,,,520042573|מדיניות צפויה מסלול 50-60 16320|אושר בדירקטוריון 16 3 2020 עודכן ביום 21 4 2020 וביום 16 6 2020,אושר בדירקטוריון 16 3 2020 עודכן ביום 21 4 2020 וביום 16 6 2020,2020,"חשיפה למט""ח",fx,19.14,18.0,+/-   6%,12.0,24.0,,,מדיניות צפויה מסלול 50-60 16320,2026-09-30T23:38:13+00:00,https://www.os-gml.co.il/wp-content/uploads/2020/06/עותק_של_מדיניות_צפויה_עוס_יוני_2020.xls?pid=4943,policy/companies/520042573/raw/520042573/64753ea5440f_עותק_של_מדיניות_צפויה_עוס_יוני_2020.xls,מדיניות צפויה מסלול 50-60 16320
520042573,,,520042573|מדיניות צפויה למסלול 60+ 160320|אושר בדירקטוריון 16 3 2020,אושר בדירקטוריון 16 3 2020,2020,"מניות (תעודות סל, אופציות, קרנות נאמנות)",equity,12.29,14.0,+/-   6%,8.0,20.0,"מדד ת""א 125 - 40% MSCI AC - 60%",,מדיניות צפויה למסלול 60+ 160320,2026-09-30T23:38:13+00:00,https://www.os-gml.co.il/wp-content/uploads/2020/06/עותק_של_מדיניות_צפויה_עוס_יוני_2020.xls?pid=4943,policy/companies/520042573/raw/520042573/64753ea5440f_עותק_של_מדיניות_צפויה_עוס_יוני_2020.xls,מדיניות צפויה למסלול 60+ 160320
520042573,,,520042573|מדיניות צפויה למסלול 60+ 160320|אושר בדירקטוריון 16 3 2020,אושר בדירקטוריון 16 3 2020,2020,"אג""ח ממשלתי",,53.16,50.0,+/-   5%,45.0,55.0,ממשלתי שקלי 2-5 שנים- 70%  ממשלתי צמוד 2-5 שנים - 30%,,מדיניות צפויה למסלול 60+ 160320,2026-09-30T23:38:13+00:00,https://www.os-gml.co.il/wp-content/uploads/2020/06/עותק_של_מדיניות_צפויה_עוס_יוני_2020.xls?pid=4943,policy/companies/520042573/raw/520042573/64753ea5440f_עותק_של_מדיניות_צפויה_עוס_יוני_2020.xls,מדיניות צפויה למסלול 60+ 160320
520042573,,,520042573|מדיניות צפויה למסלול 60+ 160320|אושר בדירקטוריון 16 3 2020,אושר בדירקטוריון 16 3 2020,2020,"אג""ח קונצרני (קרנות נאמנות, תעודות סל)",,29.74,28.0,+/-   6%,22.0,34.0,מדד תל בונד 60 - 65% תל בונד שקלי - 25%  bloomberg us corporate 1-10 bond index    10%,,מדיניות צפויה למסלול 60+ 160320,2026-09-30T23:38:13+00:00,https://www.os-gml.co.il/wp-content/uploads/2020/06/עותק_של_מדיניות_צפויה_עוס_יוני_2020.xls?pid=4943,policy/companies/520042573/raw/520042573/64753ea5440f_עותק_של_מדיניות_צפויה_עוס_יוני_2020.xls,מדיניות צפויה למסלול 60+ 160320
520042573,,,520042573|מדיניות צפויה למסלול 60+ 160320|אושר בדירקטוריון 16 3 2020,אושר בדירקטוריון 16 3 2020,2020,"אחר (קרנות השקעה פרטיות, קרנות נדלן, מכשירים מובנים)*",,0.0,1.0,+/-   5%,0.0,6.0,,,מדיניות צפויה למסלול 60+ 160320,2026-09-30T23:38:13+00:00,https://www.os-gml.co.il/wp-content/uploads/2020/06/עותק_של_מדיניות_צפויה_עוס_יוני_2020.xls?pid=4943,policy/companies/520042573/raw/520042573/64753ea5440f_עותק_של_מדיניות_צפויה_עוס_יוני_2020.xls,מדיניות צפויה למסלול 60+ 160320
520042573,,,520042573|מדיניות צפויה למסלול 60+ 160320|אושר בדירקטוריון 16 3 2020,אושר בדירקטוריון 16 3 2020,2020,"עו""ש פר""י פק""מ**",,4.81,7.0,+/-   5%,2.0,12.0,ריבית בנק ישראל,,מדיניות צפויה למסלול 60+ 160320,2026-09-30T23:38:13+00:00,https://www.os-gml.co.il/wp-content/uploads/2020/06/עותק_של_מדיניות_צפויה_עוס_יוני_2020.xls?pid=4943,policy/companies/520042573/raw/520042573/64753ea5440f_עותק_של_מדיניות_צפויה_עוס_יוני_2020.xls,מדיניות צפויה למסלול 60+ 160320
520042573,,,520042573|מדיניות צפויה למסלול 60+ 160320|אושר בדירקטוריון 16 3 2020,אושר בדירקטוריון 16 3 2020,2020,"חשיפה למט""ח",fx,10.1,10.0,+/-   6%,4.0,16.0,,,מדיניות צפויה למסלול 60+ 160320,2026-09-30T23:38:13+00:00,https://www.os-gml.co.il/wp-content/uploads/2020/06/עותק_של_מדיניות_צפויה_עוס_יוני_2020.xls?pid=4943,policy/companies/520042573/raw/520042573/64753ea5440f_עותק_של_מדיניות_צפויה_עוס_יוני_2020.xls,מדיניות צפויה למסלול 60+ 160320
520042573,,,520042573|מדיניות צפויה למסלול עד 50 0320|אושר בדירקטוריון 16 3 2020 ועודכן ב 23 3 2020,אושר בדירקטוריון 16 3 2020 ועודכן ב 23 3 2020,2020,"מניות (תעודות סל, אופציות, קרנות נאמנות)",equity,44.04,42.0,+/-   6%,36.0,48.0,"מדד ת""א 125 - 40% MSCI AC - 60%",,מדיניות צפויה למסלול עד 50 0320,2026-09-30T23:38:13+00:00,https://www.os-gml.co.il/wp-content/uploads/2020/06/עותק_של_מדיניות_צפויה_עוס_יוני_2020.xls?pid=4943,policy/companies/520042573/raw/520042573/64753ea5440f_עותק_של_מדיניות_צפויה_עוס_יוני_2020.xls,מדיניות צפויה למסלול עד 50 0320
520042573,,,520042573|מדיניות צפויה למסלול עד 50 0320|אושר בדירקטוריון 16 3 2020 ועודכן ב 23 3 2020,אושר בדירקטוריון 16 3 2020 ועודכן ב 23 3 2020,2020,"אג""ח ממשלתי",,23.44,28.0,+/-   5%,23.0,33.0,ממשלתי שקלי 2-5 שנים- 60%  ממשלתי צמוד 2-5 שנים - 40%,,מדיניות צפויה למסלול עד 50 0320,2026-09-30T23:38:13+00:00,https://www.os-gml.co.il/wp-content/uploads/2020/06/עותק_של_מדיניות_צפויה_עוס_יוני_2020.xls?pid=4943,policy/companies/520042573/raw/520042573/64753ea5440f_עותק_של_מדיניות_צפויה_עוס_יוני_2020.xls,מדיניות צפויה למסלול עד 50 0320
520042573,,,520042573|מדיניות צפויה למסלול עד 50 0320|אושר בדירקטוריון 16 3 2020 ועודכן ב 23 3 2020,אושר בדירקטוריון 16 3 2020 ועודכן ב 23 3 2020,2020,"אג""ח קונצרני (קרנות נאמנות, תעודות סל)",,27.33,24.0,+/-   6%,18.0,30.0,מדד תל בונד 60 - 65% תל בונד שקלי - 25%  bloomberg us corporate 1-10 bond index 10%,,מדיניות צפויה למסלול עד 50 0320,2026-09-30T23:38:13+00:00,https://www.os-gml.co.il/wp-content/uploads/2020/06/עותק_של_מדיניות_צפויה_עוס_יוני_2020.xls?pid=4943,policy/companies/520042573/raw/520042573/64753ea5440f_עותק_של_מדיניות_צפויה_עוס_יוני_2020.xls,מדיניות צפויה למסלול עד 50 0320
520042573,,,520042573|מדיניות צפויה למסלול עד 50 0320|אושר בדירקטוריון 16 3 2020 ועודכן ב 23 3 2020,אושר בדירקטוריון 16 3 2020 ועודכן ב 23 3 2020,2020,"אחר (קרנות השקעה פרטיות, קרנות נדלן, מכשירים מובנים)*",,0.0,1.0,+/-   5%,0.0,6.0,,,מדיניות צפויה למסלול עד 50 0320,2026-09-30T23:38:13+00:00,https://www.os-gml.co.il/wp-content/uploads/2020/06/עותק_של_מדיניות_צפויה_עוס_יוני_2020.xls?pid=4943,policy/companies/520042573/raw/520042573/64753ea5440f_עותק_של_מדיניות_צפויה_עוס_יוני_2020.xls,מדיניות צפויה למסלול עד 50 0320
520042573,,,520042573|מדיניות צפויה למסלול עד 50 0320|אושר בדירקטוריון 16 3 2020 ועודכן ב 23 3 2020,אושר בדירקטוריון 16 3 2020 ועודכן ב 23 3 2020,2020,"עו""ש פר""י פק""מ**",,5.19,5.0,+/-   5%,0.0,10.0,ריבית בנק ישראל,,מדיניות צפויה למסלול עד 50 0320,2026-09-30T23:38:13+00:00,https://www.os-gml.co.il/wp-content/uploads/2020/06/עותק_של_מדיניות_צפויה_עוס_יוני_2020.xls?pid=4943,policy/companies/520042573/raw/520042573/64753ea5440f_עותק_של_מדיניות_צפויה_עוס_יוני_2020.xls,מדיניות צפויה למסלול עד 50 0320
520042573,,,520042573|מדיניות צפויה למסלול עד 50 0320|אושר בדירקטוריון 16 3 2020 ועודכן ב 23 3 2020,אושר בדירקטוריון 16 3 2020 ועודכן ב 23 3 2020,2020,"חשיפה למט""ח",fx,17.71,20.0,+/-   6%,14.0,26.0,,,מדיניות צפויה למסלול עד 50 0320,2026-09-30T23:38:13+00:00,https://www.os-gml.co.il/wp-content/uploads/2020/06/עותק_של_מדיניות_צפויה_עוס_יוני_2020.xls?pid=4943,policy/companies/520042573/raw/520042573/64753ea5440f_עותק_של_מדיניות_צפויה_עוס_יוני_2020.xls,מדיניות צפויה למסלול עד 50 0320
520042573,,,520042573|מדיניות צפויה מסלול 50-60|אושר בדירקטוריון 16 3 2020 עודכן ביום 21 4 2020 עודכון ביום 16 6 2020,אושר בדירקטוריון 16 3 2020 עודכן ביום 21 4 2020 עודכון ביום 16 6 2020,2021,"מניות (תעודות סל, אופציות, קרנות נאמנות)",equity,41.57,38.0,+/-   6%,32.0,44.0,"מניות בארץ - ת""א 100 - 30%   מניות בחו""ל  - MSCI AC - 70%",,מדיניות צפויה מסלול 50-60,2026-09-30T23:38:13+00:00,https://www.os-gml.co.il/wp-content/uploads/2021/01/עוס_מדיניות_צפויה_2021__3___2_.xls?pid=4943,policy/companies/520042573/raw/520042573/3ba092aec777_עוס_מדיניות_צפויה_2021__3___2_.xls,מדיניות צפויה מסלול 50-60 
520042573,,,520042573|מדיניות צפויה מסלול 50-60|אושר בדירקטוריון 16 3 2020 עודכן ביום 21 4 2020 עודכון ביום 16 6 2020,אושר בדירקטוריון 16 3 2020 עודכן ביום 21 4 2020 עודכון ביום 16 6 2020,2021,"אג""ח ממשלתי",,26.06,26.0,+/-   5%,21.0,31.0,ממשלתי צמוד 2-5 - 40%     ממשלתי שקלי 2-5 -60%,,מדיניות צפויה מסלול 50-60,2026-09-30T23:38:13+00:00,https://www.os-gml.co.il/wp-content/uploads/2021/01/עוס_מדיניות_צפויה_2021__3___2_.xls?pid=4943,policy/companies/520042573/raw/520042573/3ba092aec777_עוס_מדיניות_צפויה_2021__3___2_.xls,מדיניות צפויה מסלול 50-60 
520042573,,,520042573|מדיניות צפויה מסלול 50-60|אושר בדירקטוריון 16 3 2020 עודכן ביום 21 4 2020 עודכון ביום 16 6 2020,אושר בדירקטוריון 16 3 2020 עודכן ביום 21 4 2020 עודכון ביום 16 6 2020,2021,"אג""ח קונצרני (קרנות נאמנות, תעודות סל)",,23.32,25.0,+/-   6%,19.0,31.0,תל בונד 60 -60%    תל בונד שקלי - 30%     Bloombreg us corporate1-10 bond index  -10%,,מדיניות צפויה מסלול 50-60,2026-09-30T23:38:13+00:00,https://www.os-gml.co.il/wp-content/uploads/2021/01/עוס_מדיניות_צפויה_2021__3___2_.xls?pid=4943,policy/companies/520042573/raw/520042573/3ba092aec777_עוס_מדיניות_צפויה_2021__3___2_.xls,מדיניות צפויה מסלול 50-60 
520042573,,,520042573|מדיניות צפויה מסלול 50-60|אושר בדירקטוריון 16 3 2020 עודכן ביום 21 4 2020 עודכון ביום 16 6 2020,אושר בדירקטוריון 16 3 2020 עודכן ביום 21 4 2020 עודכון ביום 16 6 2020,2021,"אחר (קרנות השקעה פרטיות, קרנות נדלן, מכשירים מובנים)*",,6.93,6.0,+/-   5%,1.0,11.0,,,מדיניות צפויה מסלול 50-60,2026-09-30T23:38:13+00:00,https://www.os-gml.co.il/wp-content/uploads/2021/01/עוס_מדיניות_צפויה_2021__3___2_.xls?pid=4943,policy/companies/520042573/raw/520042573/3ba092aec777_עוס_מדיניות_צפויה_2021__3___2_.xls,מדיניות צפויה מסלול 50-60 
520042573,,,520042573|מדיניות צפויה מסלול 50-60|אושר בדירקטוריון 16 3 2020 עודכן ביום 21 4 2020 עודכון ביום 16 6 2020,אושר בדירקטוריון 16 3 2020 עודכן ביום 21 4 2020 עודכון ביום 16 6 2020,2021,"עו""ש פר""י פק""מ**",,2.12,5.0,+/-   5%,0.0,10.0,ריבית בנק ישראל,,מדיניות צפויה מסלול 50-60,2026-09-30T23:38:13+00:00,https://www.os-gml.co.il/wp-content/uploads/2021/01/עוס_מדיניות_צפויה_2021__3___2_.xls?pid=4943,policy/companies/520042573/raw/520042573/3ba092aec777_עוס_מדיניות_צפויה_2021__3___2_.xls,מדיניות צפויה מסלול 50-60 
520042573,,,520042573|מדיניות צפויה מסלול 50-60|אושר בדירקטוריון 16 3 2020 עודכן ביום 21 4 2020 עודכון ביום 16 6 2020,אושר בדירקטוריון 16 3 2020 עודכן ביום 21 4 2020 עודכון ביום 16 6 2020,2021,"חשיפה למט""ח",fx,23.9,18.0,+/-   6%,12.0,24.0,,,מדיניות צפויה מסלול 50-60,2026-09-30T23:38:13+00:00,https://www.os-gml.co.il/wp-content/uploads/2021/01/עוס_מדיניות_צפויה_2021__3___2_.xls?pid=4943,policy/companies/520042573/raw/520042573/3ba092aec777_עוס_מדיניות_צפויה_2021__3___2_.xls,מדיניות צפויה מסלול 50-60 
520042573,,,520042573|מדיניות צפויה למסלול 60+|מסלול המותאם לגילאים 60 +,מסלול המותאם לגילאים 60 +,2021,"מניות (תעודות סל, אופציות, קרנות נאמנות)",equity,15.97,18.0,+/-   6%,12.0,24.0,"מניות בארץ - ת""א 100 - 40%   מניות בחו""ל  - MSCI AC - 60%",,מדיניות צפויה למסלול 60+,2026-09-30T23:38:13+00:00,https://www.os-gml.co.il/wp-content/uploads/2021/01/עוס_מדיניות_צפויה_2021__3___2_.xls?pid=4943,policy/companies/520042573/raw/520042573/3ba092aec777_עוס_מדיניות_צפויה_2021__3___2_.xls,מדיניות צפויה למסלול 60+ 
520042573,,,520042573|מדיניות צפויה למסלול 60+|מסלול המותאם לגילאים 60 +,מסלול המותאם לגילאים 60 +,2021,"אג""ח ממשלתי",,49.94,46.0,+/-   5%,41.0,51.0,ממשלתי צמוד 2-5 - 30%      ממשלתי שקלי 2-5 -70%,,מדיניות צפויה למסלול 60+,2026-09-30T23:38:13+00:00,https://www.os-gml.co.il/wp-content/uploads/2021/01/עוס_מדיניות_צפויה_2021__3___2_.xls?pid=4943,policy/companies/520042573/raw/520042573/3ba092aec777_עוס_מדיניות_צפויה_2021__3___2_.xls,מדיניות צפויה למסלול 60+ 
520042573,,,520042573|מדיניות צפויה למסלול 60+|מסלול המותאם לגילאים 60 +,מסלול המותאם לגילאים 60 +,2021,"אג""ח קונצרני (קרנות נאמנות, תעודות סל)",,25.0,28.0,+/-   6%,22.0,34.0,תל בונד 60 -65%    תל בונד שקלי - 25%     Bloombreg us corporate1-10 bond index  -10%,,מדיניות צפויה למסלול 60+,2026-09-30T23:38:13+00:00,https://www.os-gml.co.il/wp-content/uploads/2021/01/עוס_מדיניות_צפויה_2021__3___2_.xls?pid=4943,policy/companies/520042573/raw/520042573/3ba092aec777_עוס_מדיניות_צפויה_2021__3___2_.xls,מדיניות צפויה למסלול 60+ 
520042573,,,520042573|מדיניות צפויה למסלול 60+|מסלול המותאם לגילאים 60 +,מסלול המותאם לגילאים 60 +,2021,"אחר (קרנות השקעה פרטיות, קרנות נדלן, מכשירים מובנים)*",,0.0,1.0,+/-   5%,0.0,6.0,,,מדיניות צפויה למסלול 60+,2026-09-30T23:38:13+00:00,https://www.os-gml.co.il/wp-content/uploads/2021/01/עוס_מדיניות_צפויה_2021__3___2_.xls?pid=4943,policy/companies/520042573/raw/520042573/3ba092aec777_עוס_מדיניות_צפויה_2021__3___2_.xls,מדיניות צפויה למסלול 60+ 
520042573,,,520042573|מדיניות צפויה למסלול 60+|מסלול המותאם לגילאים 60 +,מסלול המותאם לגילאים 60 +,2021,"עו""ש פר""י פק""מ**",,9.1,7.0,+/-   5%,2.0,12.0,ריבית בנק ישראל,,מדיניות צפויה למסלול 60+,2026-09-30T23:38:13+00:00,https://www.os-gml.co.il/wp-content/uploads/2021/01/עוס_מדיניות_צפויה_2021__3___2_.xls?pid=4943,policy/companies/520042573/raw/520042573/3ba092aec777_עוס_מדיניות_צפויה_2021__3___2_.xls,מדיניות צפויה למסלול 60+ 
520042573,,,520042573|מדיניות צפויה למסלול 60+|מסלול המותאם לגילאים 60 +,מסלול המותאם לגילאים 60 +,2021,"חשיפה למט""ח",fx,12.9,10.0,+/-   6%,4.0,16.0,,,מדיניות צפויה למסלול 60+,2026-09-30T23:38:13+00:00,https://www.os-gml.co.il/wp-content/uploads/2021/01/עוס_מדיניות_צפויה_2021__3___2_.xls?pid=4943,policy/companies/520042573/raw/520042573/3ba092aec777_עוס_מדיניות_צפויה_2021__3___2_.xls,מדיניות צפויה למסלול 60+ 
520042573,,,520042573|מדיניות צפויה למסלול עד 50|מסלול המותאם לגילאים עד 50,מסלול המותאם לגילאים עד 50,2021,"מניות (תעודות סל, אופציות, קרנות נאמנות)",equity,50.86,52.0,+/-   6%,46.0,58.0,"מניות בארץ - ת""א 100 - 30%   מניות בחו""ל  - MSCI AC - 70%",,מדיניות צפויה למסלול עד 50,2026-09-30T23:38:13+00:00,https://www.os-gml.co.il/wp-content/uploads/2021/01/עוס_מדיניות_צפויה_2021__3___2_.xls?pid=4943,policy/companies/520042573/raw/520042573/3ba092aec777_עוס_מדיניות_צפויה_2021__3___2_.xls,מדיניות צפויה למסלול עד 50
520042573,,,520042573|מדיניות צפויה למסלול עד 50|מסלול המותאם לגילאים עד 50,מסלול המותאם לגילאים עד 50,2021,"אג""ח ממשלתי",,23.06,23.0,+/-   5%,18.0,28.0,ממשלתי צמוד 2-5 - 40%     ממשלתי שקלי 2-5 -60%,,מדיניות צפויה למסלול עד 50,2026-09-30T23:38:13+00:00,https://www.os-gml.co.il/wp-content/uploads/2021/01/עוס_מדיניות_צפויה_2021__3___2_.xls?pid=4943,policy/companies/520042573/raw/520042573/3ba092aec777_עוס_מדיניות_צפויה_2021__3___2_.xls,מדיניות צפויה למסלול עד 50
520042573,,,520042573|מדיניות צפויה למסלול עד 50|מסלול המותאם לגילאים עד 50,מסלול המותאם לגילאים עד 50,2021,"אג""ח קונצרני (קרנות נאמנות, תעודות סל)",,21.76,18.0,+/-   6%,12.0,24.0,תל בונד 60 -60%    תל בונד שקלי - 30%     Bloombreg us corporate1-10 bond index  -10%,,מדיניות צפויה למסלול עד 50,2026-09-30T23:38:13+00:00,https://www.os-gml.co.il/wp-content/uploads/2021/01/עוס_מדיניות_צפויה_2021__3___2_.xls?pid=4943,policy/companies/520042573/raw/520042573/3ba092aec777_עוס_מדיניות_צפויה_2021__3___2_.xls,מדיניות צפויה למסלול עד 50
520042573,,,520042573|מדיניות צפויה למסלול עד 50|מסלול המותאם לגילאים עד 50,מסלול המותאם לגילאים עד 50,2021,"אחר (קרנות השקעה פרטיות, קרנות נדלן, מכשירים מובנים)*",,0.0,1.0,+/-   5%,0.0,6.0,,,מדיניות צפויה למסלול עד 50,2026-09-30T23:38:13+00:00,https://www.os-gml.co.il/wp-content/uploads/2021/01/עוס_מדיניות_צפויה_2021__3___2_.xls?pid=4943,policy/companies/520042573/raw/520042573/3ba092aec777_עוס_מדיניות_צפויה_2021__3___2_.xls,מדיניות צפויה למסלול עד 50
520042573,,,520042573|מדיניות צפויה למסלול עד 50|מסלול המותאם לגילאים עד 50,מסלול המותאם לגילאים עד 50,2021,"עו""ש פר""י פק""מ**",,4.32,6.0,+/-   5%,1.0,11.0,ריבית בנק ישראל,,מדיניות צפויה למסלול עד 50,2026-09-30T23:38:13+00:00,https://www.os-gml.co.il/wp-content/uploads/2021/01/עוס_מדיניות_צפויה_2021__3___2_.xls?pid=4943,policy/companies/520042573/raw/520042573/3ba092aec777_עוס_מדיניות_צפויה_2021__3___2_.xls,מדיניות צפויה למסלול עד 50
520042573,,,520042573|מדיניות צפויה למסלול עד 50|מסלול המותאם לגילאים עד 50,מסלול המותאם לגילאים עד 50,2021,"חשיפה למט""ח",fx,21.85,20.0,+/-   6%,14.0,26.0,,,מדיניות צפויה למסלול עד 50,2026-09-30T23:38:13+00:00,https://www.os-gml.co.il/wp-content/uploads/2021/01/עוס_מדיניות_צפויה_2021__3___2_.xls?pid=4943,policy/companies/520042573/raw/520042573/3ba092aec777_עוס_מדיניות_צפויה_2021__3___2_.xls,מדיניות צפויה למסלול עד 50
520042573,,,520042573|מדיניות צפויה מסלול 50-60|אושר בדירקטוריון 16 3 2020 עודכן ביום 21 4 2020 עודכון ביום 16 6 2020,אושר בדירקטוריון 16 3 2020 עודכן ביום 21 4 2020 עודכון ביום 16 6 2020,2021,"מניות (תעודות סל, אופציות, קרנות נאמנות)",equity,41.57,42.0,+/-   6%,36.0,48.0,"מניות בארץ - ת""א 100 - 30%   מניות בחו""ל  - MSCI AC - 70%",,מדיניות צפויה מסלול 50-60,2026-09-30T23:38:13+00:00,https://www.os-gml.co.il/wp-content/uploads/2021/06/מדיניות_השקעה_צפויה_לשנת_2021-החל_מ-19.5.2021.xls,policy/companies/520042573/raw/520042573/0c8b04ef66df_מדיניות_השקעה_צפויה_לשנת_2021-החל_מ-19.5.2021.xls,מדיניות צפויה מסלול 50-60 
520042573,,,520042573|מדיניות צפויה מסלול 50-60|אושר בדירקטוריון 16 3 2020 עודכן ביום 21 4 2020 עודכון ביום 16 6 2020,אושר בדירקטוריון 16 3 2020 עודכן ביום 21 4 2020 עודכון ביום 16 6 2020,2021,"אג""ח ממשלתי",,26.06,26.0,+/-   5%,21.0,31.0,ממשלתי צמוד 2-5 - 40%     ממשלתי שקלי 2-5 -60%,,מדיניות צפויה מסלול 50-60,2026-09-30T23:38:13+00:00,https://www.os-gml.co.il/wp-content/uploads/2021/06/מדיניות_השקעה_צפויה_לשנת_2021-החל_מ-19.5.2021.xls,policy/companies/520042573/raw/520042573/0c8b04ef66df_מדיניות_השקעה_צפויה_לשנת_2021-החל_מ-19.5.2021.xls,מדיניות צפויה מסלול 50-60 
520042573,,,520042573|מדיניות צפויה מסלול 50-60|אושר בדירקטוריון 16 3 2020 עודכן ביום 21 4 2020 עודכון ביום 16 6 2020,אושר בדירקטוריון 16 3 2020 עודכן ביום 21 4 2020 עודכון ביום 16 6 2020,2021,"אג""ח קונצרני (קרנות נאמנות, תעודות סל)",,23.32,22.0,+/-   6%,16.0,28.0,תל בונד 60 -60%    תל בונד שקלי - 30%     Bloombreg us corporate1-10 bond index  -10%,,מדיניות צפויה מסלול 50-60,2026-09-30T23:38:13+00:00,https://www.os-gml.co.il/wp-content/uploads/2021/06/מדיניות_השקעה_צפויה_לשנת_2021-החל_מ-19.5.2021.xls,policy/companies/520042573/raw/520042573/0c8b04ef66df_מדיניות_השקעה_צפויה_לשנת_2021-החל_מ-19.5.2021.xls,מדיניות צפויה מסלול 50-60 
520042573,,,520042573|מדיניות צפויה מסלול 50-60|אושר בדירקטוריון 16 3 2020 עודכן ביום 21 4 2020 עודכון ביום 16 6 2020,אושר בדירקטוריון 16 3 2020 עודכן ביום 21 4 2020 עודכון ביום 16 6 2020,2021,"אחר (קרנות השקעה פרטיות, קרנות נדלן, מכשירים מובנים)*",,6.93,6.0,+/-   5%,1.0,11.0,,,מדיניות צפויה מסלול 50-60,2026-09-30T23:38:13+00:00,https://www.os-gml.co.il/wp-content/uploads/2021/06/מדיניות_השקעה_צפויה_לשנת_2021-החל_מ-19.5.2021.xls,policy/companies/520042573/raw/520042573/0c8b04ef66df_מדיניות_השקעה_צפויה_לשנת_2021-החל_מ-19.5.2021.xls,מדיניות צפויה מסלול 50-60 
520042573,,,520042573|מדיניות צפויה מסלול 50-60|אושר בדירקטוריון 16 3 2020 עודכן ביום 21 4 2020 עודכון ביום 16 6 2020,אושר בדירקטוריון 16 3 2020 עודכן ביום 21 4 2020 עודכון ביום 16 6 2020,2021,"עו""ש פר""י פק""מ**",,2.12,4.0,+/-   5%,0.0,9.0,ריבית בנק ישראל,,מדיניות צפויה מסלול 50-60,2026-09-30T23:38:13+00:00,https://www.os-gml.co.il/wp-content/uploads/2021/06/מדיניות_השקעה_צפויה_לשנת_2021-החל_מ-19.5.2021.xls,policy/companies/520042573/raw/520042573/0c8b04ef66df_מדיניות_השקעה_צפויה_לשנת_2021-החל_מ-19.5.2021.xls,מדיניות צפויה מסלול 50-60 
520042573,,,520042573|מדיניות צפויה מסלול 50-60|אושר בדירקטוריון 16 3 2020 עודכן ביום 21 4 2020 עודכון ביום 16 6 2020,אושר בדירקטוריון 16 3 2020 עודכן ביום 21 4 2020 עודכון ביום 16 6 2020,2021,"חשיפה למט""ח",fx,23.9,18.0,+/-   6%,12.0,24.0,,,מדיניות צפויה מסלול 50-60,2026-09-30T23:38:13+00:00,https://www.os-gml.co.il/wp-content/uploads/2021/06/מדיניות_השקעה_צפויה_לשנת_2021-החל_מ-19.5.2021.xls,policy/companies/520042573/raw/520042573/0c8b04ef66df_מדיניות_השקעה_צפויה_לשנת_2021-החל_מ-19.5.2021.xls,מדיניות צפויה מסלול 50-60 
520042573,,,520042573|מדיניות צפויה למסלול 60+|מסלול המותאם לגילאים 60 +,מסלול המותאם לגילאים 60 +,2021,"מניות (תעודות סל, אופציות, קרנות נאמנות)",equity,15.97,18.0,+/-   6%,12.0,24.0,"מניות בארץ - ת""א 100 - 40%   מניות בחו""ל  - MSCI AC - 60%",,מדיניות צפויה למסלול 60+,2026-09-30T23:38:13+00:00,https://www.os-gml.co.il/wp-content/uploads/2021/06/מדיניות_השקעה_צפויה_לשנת_2021-החל_מ-19.5.2021.xls,policy/companies/520042573/raw/520042573/0c8b04ef66df_מדיניות_השקעה_צפויה_לשנת_2021-החל_מ-19.5.2021.xls,מדיניות צפויה למסלול 60+ 
520042573,,,520042573|מדיניות צפויה למסלול 60+|מסלול המותאם לגילאים 60 +,מסלול המותאם לגילאים 60 +,2021,"אג""ח ממשלתי",,49.94,46.0,+/-   5%,41.0,51.0,ממשלתי צמוד 2-5 - 30%      ממשלתי שקלי 2-5 -70%,,מדיניות צפויה למסלול 60+,2026-09-30T23:38:13+00:00,https://www.os-gml.co.il/wp-content/uploads/2021/06/מדיניות_השקעה_צפויה_לשנת_2021-החל_מ-19.5.2021.xls,policy/companies/520042573/raw/520042573/0c8b04ef66df_מדיניות_השקעה_צפויה_לשנת_2021-החל_מ-19.5.2021.xls,מדיניות צפויה למסלול 60+ 
520042573,,,520042573|מדיניות צפויה למסלול 60+|מסלול המותאם לגילאים 60 +,מסלול המותאם לגילאים 60 +,2021,"אג""ח קונצרני (קרנות נאמנות, תעודות סל)",,25.0,28.0,+/-   6%,22.0,34.0,תל בונד 60 -65%    תל בונד שקלי - 25%     Bloombreg us corporate1-10 bond index  -10%,,מדיניות צפויה למסלול 60+,2026-09-30T23:38:13+00:00,https://www.os-gml.co.il/wp-content/uploads/2021/06/מדיניות_השקעה_צפויה_לשנת_2021-החל_מ-19.5.2021.xls,policy/companies/520042573/raw/520042573/0c8b04ef66df_מדיניות_השקעה_צפויה_לשנת_2021-החל_מ-19.5.2021.xls,מדיניות צפויה למסלול 60+ 
520042573,,,520042573|מדיניות צפויה למסלול 60+|מסלול המותאם לגילאים 60 +,מסלול המותאם לגילאים 60 +,2021,"אחר (קרנות השקעה פרטיות, קרנות נדלן, מכשירים מובנים)*",,0.0,1.0,+/-   5%,0.0,6.0,,,מדיניות צפויה למסלול 60+,2026-09-30T23:38:13+00:00,https://www.os-gml.co.il/wp-content/uploads/2021/06/מדיניות_השקעה_צפויה_לשנת_2021-החל_מ-19.5.2021.xls,policy/companies/520042573/raw/520042573/0c8b04ef66df_מדיניות_השקעה_צפויה_לשנת_2021-החל_מ-19.5.2021.xls,מדיניות צפויה למסלול 60+ 
520042573,,,520042573|מדיניות צפויה למסלול 60+|מסלול המותאם לגילאים 60 +,מסלול המותאם לגילאים 60 +,2021,"עו""ש פר""י פק""מ**",,9.1,7.0,+/-   5%,2.0,12.0,ריבית בנק ישראל,,מדיניות צפויה למסלול 60+,2026-09-30T23:38:13+00:00,https://www.os-gml.co.il/wp-content/uploads/2021/06/מדיניות_השקעה_צפויה_לשנת_2021-החל_מ-19.5.2021.xls,policy/companies/520042573/raw/520042573/0c8b04ef66df_מדיניות_השקעה_צפויה_לשנת_2021-החל_מ-19.5.2021.xls,מדיניות צפויה למסלול 60+ 
520042573,,,520042573|מדיניות צפויה למסלול 60+|מסלול המותאם לגילאים 60 +,מסלול המותאם לגילאים 60 +,2021,"חשיפה למט""ח",fx,12.9,10.0,+/-   6%,4.0,16.0,,,מדיניות צפויה למסלול 60+,2026-09-30T23:38:13+00:00,https://www.os-gml.co.il/wp-content/uploads/2021/06/מדיניות_השקעה_צפויה_לשנת_2021-החל_מ-19.5.2021.xls,policy/companies/520042573/raw/520042573/0c8b04ef66df_מדיניות_השקעה_צפויה_לשנת_2021-החל_מ-19.5.2021.xls,מדיניות צפויה למסלול 60+ 
520042573,,,520042573|מדיניות צפויה למסלול עד 50|מסלול המותאם לגילאים עד 50,מסלול המותאם לגילאים עד 50,2021,"מניות (תעודות סל, אופציות, קרנות נאמנות)",equity,50.86,52.0,+/-   6%,46.0,58.0,"מניות בארץ - ת""א 100 - 30%   מניות בחו""ל  - MSCI AC - 70%",,מדיניות צפויה למסלול עד 50,2026-09-30T23:38:13+00:00,https://www.os-gml.co.il/wp-content/uploads/2021/06/מדיניות_השקעה_צפויה_לשנת_2021-החל_מ-19.5.2021.xls,policy/companies/520042573/raw/520042573/0c8b04ef66df_מדיניות_השקעה_צפויה_לשנת_2021-החל_מ-19.5.2021.xls,מדיניות צפויה למסלול עד 50
520042573,,,520042573|מדיניות צפויה למסלול עד 50|מסלול המותאם לגילאים עד 50,מסלול המותאם לגילאים עד 50,2021,"אג""ח ממשלתי",,23.06,23.0,+/-   5%,18.0,28.0,ממשלתי צמוד 2-5 - 40%     ממשלתי שקלי 2-5 -60%,,מדיניות צפויה למסלול עד 50,2026-09-30T23:38:13+00:00,https://www.os-gml.co.il/wp-content/uploads/2021/06/מדיניות_השקעה_צפויה_לשנת_2021-החל_מ-19.5.2021.xls,policy/companies/520042573/raw/520042573/0c8b04ef66df_מדיניות_השקעה_צפויה_לשנת_2021-החל_מ-19.5.2021.xls,מדיניות צפויה למסלול עד 50
520042573,,,520042573|מדיניות צפויה למסלול עד 50|מסלול המותאם לגילאים עד 50,מסלול המותאם לגילאים עד 50,2021,"אג""ח קונצרני (קרנות נאמנות, תעודות סל)",,21.76,18.0,+/-   6%,12.0,24.0,תל בונד 60 -60%    תל בונד שקלי - 30%     Bloombreg us corporate1-10 bond index  -10%,,מדיניות צפויה למסלול עד 50,2026-09-30T23:38:13+00:00,https://www.os-gml.co.il/wp-content/uploads/2021/06/מדיניות_השקעה_צפויה_לשנת_2021-החל_מ-19.5.2021.xls,policy/companies/520042573/raw/520042573/0c8b04ef66df_מדיניות_השקעה_צפויה_לשנת_2021-החל_מ-19.5.2021.xls,מדיניות צפויה למסלול עד 50
520042573,,,520042573|מדיניות צפויה למסלול עד 50|מסלול המותאם לגילאים עד 50,מסלול המותאם לגילאים עד 50,2021,"אחר (קרנות השקעה פרטיות, קרנות נדלן, מכשירים מובנים)*",,0.0,1.0,+/-   5%,0.0,6.0,,,מדיניות צפויה למסלול עד 50,2026-09-30T23:38:13+00:00,https://www.os-gml.co.il/wp-content/uploads/2021/06/מדיניות_השקעה_צפויה_לשנת_2021-החל_מ-19.5.2021.xls,policy/companies/520042573/raw/520042573/0c8b04ef66df_מדיניות_השקעה_צפויה_לשנת_2021-החל_מ-19.5.2021.xls,מדיניות צפויה למסלול עד 50
520042573,,,520042573|מדיניות צפויה למסלול עד 50|מסלול המותאם לגילאים עד 50,מסלול המותאם לגילאים עד 50,2021,"עו""ש פר""י פק""מ**",,4.32,6.0,+/-   5%,1.0,11.0,ריבית בנק ישראל,,מדיניות צפויה למסלול עד 50,2026-09-30T23:38:13+00:00,https://www.os-gml.co.il/wp-content/uploads/2021/06/מדיניות_השקעה_צפויה_לשנת_2021-החל_מ-19.5.2021.xls,policy/companies/520042573/raw/520042573/0c8b04ef66df_מדיניות_השקעה_צפויה_לשנת_2021-החל_מ-19.5.2021.xls,מדיניות צפויה למסלול עד 50
520042573,,,520042573|מדיניות צפויה למסלול עד 50|מסלול המותאם לגילאים עד 50,מסלול המותאם לגילאים עד 50,2021,"חשיפה למט""ח",fx,21.85,20.0,+/-   6%,14.0,26.0,,,מדיניות צפויה למסלול עד 50,2026-09-30T23:38:13+00:00,https://www.os-gml.co.il/wp-content/uploads/2021/06/מדיניות_השקעה_צפויה_לשנת_2021-החל_מ-19.5.2021.xls,policy/companies/520042573/raw/520042573/0c8b04ef66df_מדיניות_השקעה_צפויה_לשנת_2021-החל_מ-19.5.2021.xls,מדיניות צפויה למסלול עד 50
520042573,,,520042573|מדיניות צפויה מסלול 50-60|אושר בדירקטוריון 16 3 2020 עודכן ביום 21 4 2020 עודכון ביום 16 6 2020,אושר בדירקטוריון 16 3 2020 עודכן ביום 21 4 2020 עודכון ביום 16 6 2020,2021,"מניות (תעודות סל, אופציות, קרנות נאמנות)",equity,41.57,42.0,+/-   6%,36.0,48.0,"מניות בארץ - ת""א 100 - 30%   מניות בחו""ל  - MSCI AC - 70%",,מדיניות צפויה מסלול 50-60,2026-09-30T23:38:13+00:00,https://www.os-gml.co.il/wp-content/uploads/2021/06/מדיניות_השקעה_צפויה_לשנת_2021-החל_מ-19.5.2021.xls?pid=4943,policy/companies/520042573/raw/520042573/0c8b04ef66df_מדיניות_השקעה_צפויה_לשנת_2021-החל_מ-19.5.2021.xls,מדיניות צפויה מסלול 50-60 
520042573,,,520042573|מדיניות צפויה מסלול 50-60|אושר בדירקטוריון 16 3 2020 עודכן ביום 21 4 2020 עודכון ביום 16 6 2020,אושר בדירקטוריון 16 3 2020 עודכן ביום 21 4 2020 עודכון ביום 16 6 2020,2021,"אג""ח ממשלתי",,26.06,26.0,+/-   5%,21.0,31.0,ממשלתי צמוד 2-5 - 40%     ממשלתי שקלי 2-5 -60%,,מדיניות צפויה מסלול 50-60,2026-09-30T23:38:13+00:00,https://www.os-gml.co.il/wp-content/uploads/2021/06/מדיניות_השקעה_צפויה_לשנת_2021-החל_מ-19.5.2021.xls?pid=4943,policy/companies/520042573/raw/520042573/0c8b04ef66df_מדיניות_השקעה_צפויה_לשנת_2021-החל_מ-19.5.2021.xls,מדיניות צפויה מסלול 50-60 
520042573,,,520042573|מדיניות צפויה מסלול 50-60|אושר בדירקטוריון 16 3 2020 עודכן ביום 21 4 2020 עודכון ביום 16 6 2020,אושר בדירקטוריון 16 3 2020 עודכן ביום 21 4 2020 עודכון ביום 16 6 2020,2021,"אג""ח קונצרני (קרנות נאמנות, תעודות סל)",,23.32,22.0,+/-   6%,16.0,28.0,תל בונד 60 -60%    תל בונד שקלי - 30%     Bloombreg us corporate1-10 bond index  -10%,,מדיניות צפויה מסלול 50-60,2026-09-30T23:38:13+00:00,https://www.os-gml.co.il/wp-content/uploads/2021/06/מדיניות_השקעה_צפויה_לשנת_2021-החל_מ-19.5.2021.xls?pid=4943,policy/companies/520042573/raw/520042573/0c8b04ef66df_מדיניות_השקעה_צפויה_לשנת_2021-החל_מ-19.5.2021.xls,מדיניות צפויה מסלול 50-60 
520042573,,,520042573|מדיניות צפויה מסלול 50-60|אושר בדירקטוריון 16 3 2020 עודכן ביום 21 4 2020 עודכון ביום 16 6 2020,אושר בדירקטוריון 16 3 2020 עודכן ביום 21 4 2020 עודכון ביום 16 6 2020,2021,"אחר (קרנות השקעה פרטיות, קרנות נדלן, מכשירים מובנים)*",,6.93,6.0,+/-   5%,1.0,11.0,,,מדיניות צפויה מסלול 50-60,2026-09-30T23:38:13+00:00,https://www.os-gml.co.il/wp-content/uploads/2021/06/מדיניות_השקעה_צפויה_לשנת_2021-החל_מ-19.5.2021.xls?pid=4943,policy/companies/520042573/raw/520042573/0c8b04ef66df_מדיניות_השקעה_צפויה_לשנת_2021-החל_מ-19.5.2021.xls,מדיניות צפויה מסלול 50-60 
520042573,,,520042573|מדיניות צפויה מסלול 50-60|אושר בדירקטוריון 16 3 2020 עודכן ביום 21 4 2020 עודכון ביום 16 6 2020,אושר בדירקטוריון 16 3 2020 עודכן ביום 21 4 2020 עודכון ביום 16 6 2020,2021,"עו""ש פר""י פק""מ**",,2.12,4.0,+/-   5%,0.0,9.0,ריבית בנק ישראל,,מדיניות צפויה מסלול 50-60,2026-09-30T23:38:13+00:00,https://www.os-gml.co.il/wp-content/uploads/2021/06/מדיניות_השקעה_צפויה_לשנת_2021-החל_מ-19.5.2021.xls?pid=4943,policy/companies/520042573/raw/520042573/0c8b04ef66df_מדיניות_השקעה_צפויה_לשנת_2021-החל_מ-19.5.2021.xls,מדיניות צפויה מסלול 50-60 
520042573,,,520042573|מדיניות צפויה מסלול 50-60|אושר בדירקטוריון 16 3 2020 עודכן ביום 21 4 2020 עודכון ביום 16 6 2020,אושר בדירקטוריון 16 3 2020 עודכן ביום 21 4 2020 עודכון ביום 16 6 2020,2021,"חשיפה למט""ח",fx,23.9,18.0,+/-   6%,12.0,24.0,,,מדיניות צפויה מסלול 50-60,2026-09-30T23:38:13+00:00,https://www.os-gml.co.il/wp-content/uploads/2021/06/מדיניות_השקעה_צפויה_לשנת_2021-החל_מ-19.5.2021.xls?pid=4943,policy/companies/520042573/raw/520042573/0c8b04ef66df_מדיניות_השקעה_צפויה_לשנת_2021-החל_מ-19.5.2021.xls,מדיניות צפויה מסלול 50-60 
520042573,,,520042573|מדיניות צפויה למסלול 60+|מסלול המותאם לגילאים 60 +,מסלול המותאם לגילאים 60 +,2021,"מניות (תעודות סל, אופציות, קרנות נאמנות)",equity,15.97,18.0,+/-   6%,12.0,24.0,"מניות בארץ - ת""א 100 - 40%   מניות בחו""ל  - MSCI AC - 60%",,מדיניות צפויה למסלול 60+,2026-09-30T23:38:13+00:00,https://www.os-gml.co.il/wp-content/uploads/2021/06/מדיניות_השקעה_צפויה_לשנת_2021-החל_מ-19.5.2021.xls?pid=4943,policy/companies/520042573/raw/520042573/0c8b04ef66df_מדיניות_השקעה_צפויה_לשנת_2021-החל_מ-19.5.2021.xls,מדיניות צפויה למסלול 60+ 
520042573,,,520042573|מדיניות צפויה למסלול 60+|מסלול המותאם לגילאים 60 +,מסלול המותאם לגילאים 60 +,2021,"אג""ח ממשלתי",,49.94,46.0,+/-   5%,41.0,51.0,ממשלתי צמוד 2-5 - 30%      ממשלתי שקלי 2-5 -70%,,מדיניות צפויה למסלול 60+,2026-09-30T23:38:13+00:00,https://www.os-gml.co.il/wp-content/uploads/2021/06/מדיניות_השקעה_צפויה_לשנת_2021-החל_מ-19.5.2021.xls?pid=4943,policy/companies/520042573/raw/520042573/0c8b04ef66df_מדיניות_השקעה_צפויה_לשנת_2021-החל_מ-19.5.2021.xls,מדיניות צפויה למסלול 60+ 
520042573,,,520042573|מדיניות צפויה למסלול 60+|מסלול המותאם לגילאים 60 +,מסלול המותאם לגילאים 60 +,2021,"אג""ח קונצרני (קרנות נאמנות, תעודות סל)",,25.0,28.0,+/-   6%,22.0,34.0,תל בונד 60 -65%    תל בונד שקלי - 25%     Bloombreg us corporate1-10 bond index  -10%,,מדיניות צפויה למסלול 60+,2026-09-30T23:38:13+00:00,https://www.os-gml.co.il/wp-content/uploads/2021/06/מדיניות_השקעה_צפויה_לשנת_2021-החל_מ-19.5.2021.xls?pid=4943,policy/companies/520042573/raw/520042573/0c8b04ef66df_מדיניות_השקעה_צפויה_לשנת_2021-החל_מ-19.5.2021.xls,מדיניות צפויה למסלול 60+ 
520042573,,,520042573|מדיניות צפויה למסלול 60+|מסלול המותאם לגילאים 60 +,מסלול המותאם לגילאים 60 +,2021,"אחר (קרנות השקעה פרטיות, קרנות נדלן, מכשירים מובנים)*",,0.0,1.0,+/-   5%,0.0,6.0,,,מדיניות צפויה למסלול 60+,2026-09-30T23:38:13+00:00,https://www.os-gml.co.il/wp-content/uploads/2021/06/מדיניות_השקעה_צפויה_לשנת_2021-החל_מ-19.5.2021.xls?pid=4943,policy/companies/520042573/raw/520042573/0c8b04ef66df_מדיניות_השקעה_צפויה_לשנת_2021-החל_מ-19.5.2021.xls,מדיניות צפויה למסלול 60+ 
520042573,,,520042573|מדיניות צפויה למסלול 60+|מסלול המותאם לגילאים 60 +,מסלול המותאם לגילאים 60 +,2021,"עו""ש פר""י פק""מ**",,9.1,7.0,+/-   5%,2.0,12.0,ריבית בנק ישראל,,מדיניות צפויה למסלול 60+,2026-09-30T23:38:13+00:00,https://www.os-gml.co.il/wp-content/uploads/2021/06/מדיניות_השקעה_צפויה_לשנת_2021-החל_מ-19.5.2021.xls?pid=4943,policy/companies/520042573/raw/520042573/0c8b04ef66df_מדיניות_השקעה_צפויה_לשנת_2021-החל_מ-19.5.2021.xls,מדיניות צפויה למסלול 60+ 
520042573,,,520042573|מדיניות צפויה למסלול 60+|מסלול המותאם לגילאים 60 +,מסלול המותאם לגילאים 60 +,2021,"חשיפה למט""ח",fx,12.9,10.0,+/-   6%,4.0,16.0,,,מדיניות צפויה למסלול 60+,2026-09-30T23:38:13+00:00,https://www.os-gml.co.il/wp-content/uploads/2021/06/מדיניות_השקעה_צפויה_לשנת_2021-החל_מ-19.5.2021.xls?pid=4943,policy/companies/520042573/raw/520042573/0c8b04ef66df_מדיניות_השקעה_צפויה_לשנת_2021-החל_מ-19.5.2021.xls,מדיניות צפויה למסלול 60+ 
520042573,,,520042573|מדיניות צפויה למסלול עד 50|מסלול המותאם לגילאים עד 50,מסלול המותאם לגילאים עד 50,2021,"מניות (תעודות סל, אופציות, קרנות נאמנות)",equity,50.86,52.0,+/-   6%,46.0,58.0,"מניות בארץ - ת""א 100 - 30%   מניות בחו""ל  - MSCI AC - 70%",,מדיניות צפויה למסלול עד 50,2026-09-30T23:38:13+00:00,https://www.os-gml.co.il/wp-content/uploads/2021/06/מדיניות_השקעה_צפויה_לשנת_2021-החל_מ-19.5.2021.xls?pid=4943,policy/companies/520042573/raw/520042573/0c8b04ef66df_מדיניות_השקעה_צפויה_לשנת_2021-החל_מ-19.5.2021.xls,מדיניות צפויה למסלול עד 50
520042573,,,520042573|מדיניות צפויה למסלול עד 50|מסלול המותאם לגילאים עד 50,מסלול המותאם לגילאים עד 50,2021,"אג""ח ממשלתי",,23.06,23.0,+/-   5%,18.0,28.0,ממשלתי צמוד 2-5 - 40%     ממשלתי שקלי 2-5 -60%,,מדיניות צפויה למסלול עד 50,2026-09-30T23:38:13+00:00,https://www.os-gml.co.il/wp-content/uploads/2021/06/מדיניות_השקעה_צפויה_לשנת_2021-החל_מ-19.5.2021.xls?pid=4943,policy/companies/520042573/raw/520042573/0c8b04ef66df_מדיניות_השקעה_צפויה_לשנת_2021-החל_מ-19.5.2021.xls,מדיניות צפויה למסלול עד 50
520042573,,,520042573|מדיניות צפויה למסלול עד 50|מסלול המותאם לגילאים עד 50,מסלול המותאם לגילאים עד 50,2021,"אג""ח קונצרני (קרנות נאמנות, תעודות סל)",,21.76,18.0,+/-   6%,12.0,24.0,תל בונד 60 -60%    תל בונד שקלי - 30%     Bloombreg us corporate1-10 bond index  -10%,,מדיניות צפויה למסלול עד 50,2026-09-30T23:38:13+00:00,https://www.os-gml.co.il/wp-content/uploads/2021/06/מדיניות_השקעה_צפויה_לשנת_2021-החל_מ-19.5.2021.xls?pid=4943,policy/companies/520042573/raw/520042573/0c8b04ef66df_מדיניות_השקעה_צפויה_לשנת_2021-החל_מ-19.5.2021.xls,מדיניות צפויה למסלול עד 50
520042573,,,520042573|מדיניות צפויה למסלול עד 50|מסלול המותאם לגילאים עד 50,מסלול המותאם לגילאים עד 50,2021,"אחר (קרנות השקעה פרטיות, קרנות נדלן, מכשירים מובנים)*",,0.0,1.0,+/-   5%,0.0,6.0,,,מדיניות צפויה למסלול עד 50,2026-09-30T23:38:13+00:00,https://www.os-gml.co.il/wp-content/uploads/2021/06/מדיניות_השקעה_צפויה_לשנת_2021-החל_מ-19.5.2021.xls?pid=4943,policy/companies/520042573/raw/520042573/0c8b04ef66df_מדיניות_השקעה_צפויה_לשנת_2021-החל_מ-19.5.2021.xls,מדיניות צפויה למסלול עד 50
520042573,,,520042573|מדיניות צפויה למסלול עד 50|מסלול המותאם לגילאים עד 50,מסלול המותאם לגילאים עד 50,2021,"עו""ש פר""י פק""מ**",,4.32,6.0,+/-   5%,1.0,11.0,ריבית בנק ישראל,,מדיניות צפויה למסלול עד 50,2026-09-30T23:38:13+00:00,https://www.os-gml.co.il/wp-content/uploads/2021/06/מדיניות_השקעה_צפויה_לשנת_2021-החל_מ-19.5.2021.xls?pid=4943,policy/companies/520042573/raw/520042573/0c8b04ef66df_מדיניות_השקעה_צפויה_לשנת_2021-החל_מ-19.5.2021.xls,מדיניות צפויה למסלול עד 50
520042573,,,520042573|מדיניות צפויה למסלול עד 50|מסלול המותאם לגילאים עד 50,מסלול המותאם לגילאים עד 50,2021,"חשיפה למט""ח",fx,21.85,20.0,+/-   6%,14.0,26.0,,,מדיניות צפויה למסלול עד 50,2026-09-30T23:38:13+00:00,https://www.os-gml.co.il/wp-content/uploads/2021/06/מדיניות_השקעה_צפויה_לשנת_2021-החל_מ-19.5.2021.xls?pid=4943,policy/companies/520042573/raw/520042573/0c8b04ef66df_מדיניות_השקעה_צפויה_לשנת_2021-החל_מ-19.5.2021.xls,מדיניות צפויה למסלול עד 50
520042573,,,520042573|מדיניות צפויה מסלול 50-60|אושר בדירקטוריון 16 3 2020 עודכן ביום 21 4 2020 עודכון ביום 16 6 2020,אושר בדירקטוריון 16 3 2020 עודכן ביום 21 4 2020 עודכון ביום 16 6 2020,2021,"מניות (תעודות סל, אופציות, קרנות נאמנות)",equity,41.57,42.0,+/-   6%,36.0,48.0,"מניות בארץ - ת""א 100 - 30%   מניות בחו""ל  - MSCI AC - 70%",,מדיניות צפויה מסלול 50-60,2026-09-30T23:38:13+00:00,https://www.os-gml.co.il/wp-content/uploads/2021/06/מדיניות_השקעה_צפויה_לשנת_2021-החל_מ-19.5.2021-1.xls?pid=4943,policy/companies/520042573/raw/520042573/0c8b04ef66df_מדיניות_השקעה_צפויה_לשנת_2021-החל_מ-19.5.2021-1.xls,מדיניות צפויה מסלול 50-60 
520042573,,,520042573|מדיניות צפויה מסלול 50-60|אושר בדירקטוריון 16 3 2020 עודכן ביום 21 4 2020 עודכון ביום 16 6 2020,אושר בדירקטוריון 16 3 2020 עודכן ביום 21 4 2020 עודכון ביום 16 6 2020,2021,"אג""ח ממשלתי",,26.06,26.0,+/-   5%,21.0,31.0,ממשלתי צמוד 2-5 - 40%     ממשלתי שקלי 2-5 -60%,,מדיניות צפויה מסלול 50-60,2026-09-30T23:38:13+00:00,https://www.os-gml.co.il/wp-content/uploads/2021/06/מדיניות_השקעה_צפויה_לשנת_2021-החל_מ-19.5.2021-1.xls?pid=4943,policy/companies/520042573/raw/520042573/0c8b04ef66df_מדיניות_השקעה_צפויה_לשנת_2021-החל_מ-19.5.2021-1.xls,מדיניות צפויה מסלול 50-60 
520042573,,,520042573|מדיניות צפויה מסלול 50-60|אושר בדירקטוריון 16 3 2020 עודכן ביום 21 4 2020 עודכון ביום 16 6 2020,אושר בדירקטוריון 16 3 2020 עודכן ביום 21 4 2020 עודכון ביום 16 6 2020,2021,"אג""ח קונצרני (קרנות נאמנות, תעודות סל)",,23.32,22.0,+/-   6%,16.0,28.0,תל בונד 60 -60%    תל בונד שקלי - 30%     Bloombreg us corporate1-10 bond index  -10%,,מדיניות צפויה מסלול 50-60,2026-09-30T23:38:13+00:00,https://www.os-gml.co.il/wp-content/uploads/2021/06/מדיניות_השקעה_צפויה_לשנת_2021-החל_מ-19.5.2021-1.xls?pid=4943,policy/companies/520042573/raw/520042573/0c8b04ef66df_מדיניות_השקעה_צפויה_לשנת_2021-החל_מ-19.5.2021-1.xls,מדיניות צפויה מסלול 50-60 
520042573,,,520042573|מדיניות צפויה מסלול 50-60|אושר בדירקטוריון 16 3 2020 עודכן ביום 21 4 2020 עודכון ביום 16 6 2020,אושר בדירקטוריון 16 3 2020 עודכן ביום 21 4 2020 עודכון ביום 16 6 2020,2021,"אחר (קרנות השקעה פרטיות, קרנות נדלן, מכשירים מובנים)*",,6.93,6.0,+/-   5%,1.0,11.0,,,מדיניות צפויה מסלול 50-60,2026-09-30T23:38:13+00:00,https://www.os-gml.co.il/wp-content/uploads/2021/06/מדיניות_השקעה_צפויה_לשנת_2021-החל_מ-19.5.2021-1.xls?pid=4943,policy/companies/520042573/raw/520042573/0c8b04ef66df_מדיניות_השקעה_צפויה_לשנת_2021-החל_מ-19.5.2021-1.xls,מדיניות צפויה מסלול 50-60 
520042573,,,520042573|מדיניות צפויה מסלול 50-60|אושר בדירקטוריון 16 3 2020 עודכן ביום 21 4 2020 עודכון ביום 16 6 2020,אושר בדירקטוריון 16 3 2020 עודכן ביום 21 4 2020 עודכון ביום 16 6 2020,2021,"עו""ש פר""י פק""מ**",,2.12,4.0,+/-   5%,0.0,9.0,ריבית בנק ישראל,,מדיניות צפויה מסלול 50-60,2026-09-30T23:38:13+00:00,https://www.os-gml.co.il/wp-content/uploads/2021/06/מדיניות_השקעה_צפויה_לשנת_2021-החל_מ-19.5.2021-1.xls?pid=4943,policy/companies/520042573/raw/520042573/0c8b04ef66df_מדיניות_השקעה_צפויה_לשנת_2021-החל_מ-19.5.2021-1.xls,מדיניות צפויה מסלול 50-60 
520042573,,,520042573|מדיניות צפויה מסלול 50-60|אושר בדירקטוריון 16 3 2020 עודכן ביום 21 4 2020 עודכון ביום 16 6 2020,אושר בדירקטוריון 16 3 2020 עודכן ביום 21 4 2020 עודכון ביום 16 6 2020,2021,"חשיפה למט""ח",fx,23.9,18.0,+/-   6%,12.0,24.0,,,מדיניות צפויה מסלול 50-60,2026-09-30T23:38:13+00:00,https://www.os-gml.co.il/wp-content/uploads/2021/06/מדיניות_השקעה_צפויה_לשנת_2021-החל_מ-19.5.2021-1.xls?pid=4943,policy/companies/520042573/raw/520042573/0c8b04ef66df_מדיניות_השקעה_צפויה_לשנת_2021-החל_מ-19.5.2021-1.xls,מדיניות צפויה מסלול 50-60 
520042573,,,520042573|מדיניות צפויה למסלול 60+|מסלול המותאם לגילאים 60 +,מסלול המותאם לגילאים 60 +,2021,"מניות (תעודות סל, אופציות, קרנות נאמנות)",equity,15.97,18.0,+/-   6%,12.0,24.0,"מניות בארץ - ת""א 100 - 40%   מניות בחו""ל  - MSCI AC - 60%",,מדיניות צפויה למסלול 60+,2026-09-30T23:38:13+00:00,https://www.os-gml.co.il/wp-content/uploads/2021/06/מדיניות_השקעה_צפויה_לשנת_2021-החל_מ-19.5.2021-1.xls?pid=4943,policy/companies/520042573/raw/520042573/0c8b04ef66df_מדיניות_השקעה_צפויה_לשנת_2021-החל_מ-19.5.2021-1.xls,מדיניות צפויה למסלול 60+ 
520042573,,,520042573|מדיניות צפויה למסלול 60+|מסלול המותאם לגילאים 60 +,מסלול המותאם לגילאים 60 +,2021,"אג""ח ממשלתי",,49.94,46.0,+/-   5%,41.0,51.0,ממשלתי צמוד 2-5 - 30%      ממשלתי שקלי 2-5 -70%,,מדיניות צפויה למסלול 60+,2026-09-30T23:38:13+00:00,https://www.os-gml.co.il/wp-content/uploads/2021/06/מדיניות_השקעה_צפויה_לשנת_2021-החל_מ-19.5.2021-1.xls?pid=4943,policy/companies/520042573/raw/520042573/0c8b04ef66df_מדיניות_השקעה_צפויה_לשנת_2021-החל_מ-19.5.2021-1.xls,מדיניות צפויה למסלול 60+ 
520042573,,,520042573|מדיניות צפויה למסלול 60+|מסלול המותאם לגילאים 60 +,מסלול המותאם לגילאים 60 +,2021,"אג""ח קונצרני (קרנות נאמנות, תעודות סל)",,25.0,28.0,+/-   6%,22.0,34.0,תל בונד 60 -65%    תל בונד שקלי - 25%     Bloombreg us corporate1-10 bond index  -10%,,מדיניות צפויה למסלול 60+,2026-09-30T23:38:13+00:00,https://www.os-gml.co.il/wp-content/uploads/2021/06/מדיניות_השקעה_צפויה_לשנת_2021-החל_מ-19.5.2021-1.xls?pid=4943,policy/companies/520042573/raw/520042573/0c8b04ef66df_מדיניות_השקעה_צפויה_לשנת_2021-החל_מ-19.5.2021-1.xls,מדיניות צפויה למסלול 60+ 
520042573,,,520042573|מדיניות צפויה למסלול 60+|מסלול המותאם לגילאים 60 +,מסלול המותאם לגילאים 60 +,2021,"אחר (קרנות השקעה פרטיות, קרנות נדלן, מכשירים מובנים)*",,0.0,1.0,+/-   5%,0.0,6.0,,,מדיניות צפויה למסלול 60+,2026-09-30T23:38:13+00:00,https://www.os-gml.co.il/wp-content/uploads/2021/06/מדיניות_השקעה_צפויה_לשנת_2021-החל_מ-19.5.2021-1.xls?pid=4943,policy/companies/520042573/raw/520042573/0c8b04ef66df_מדיניות_השקעה_צפויה_לשנת_2021-החל_מ-19.5.2021-1.xls,מדיניות צפויה למסלול 60+ 
520042573,,,520042573|מדיניות צפויה למסלול 60+|מסלול המותאם לגילאים 60 +,מסלול המותאם לגילאים 60 +,2021,"עו""ש פר""י פק""מ**",,9.1,7.0,+/-   5%,2.0,12.0,ריבית בנק ישראל,,מדיניות צפויה למסלול 60+,2026-09-30T23:38:13+00:00,https://www.os-gml.co.il/wp-content/uploads/2021/06/מדיניות_השקעה_צפויה_לשנת_2021-החל_מ-19.5.2021-1.xls?pid=4943,policy/companies/520042573/raw/520042573/0c8b04ef66df_מדיניות_השקעה_צפויה_לשנת_2021-החל_מ-19.5.2021-1.xls,מדיניות צפויה למסלול 60+ 
520042573,,,520042573|מדיניות צפויה למסלול 60+|מסלול המותאם לגילאים 60 +,מסלול המותאם לגילאים 60 +,2021,"חשיפה למט""ח",fx,12.9,10.0,+/-   6%,4.0,16.0,,,מדיניות צפויה למסלול 60+,2026-09-30T23:38:13+00:00,https://www.os-gml.co.il/wp-content/uploads/2021/06/מדיניות_השקעה_צפויה_לשנת_2021-החל_מ-19.5.2021-1.xls?pid=4943,policy/companies/520042573/raw/520042573/0c8b04ef66df_מדיניות_השקעה_צפויה_לשנת_2021-החל_מ-19.5.2021-1.xls,מדיניות צפויה למסלול 60+ 
520042573,,,520042573|מדיניות צפויה למסלול עד 50|מסלול המותאם לגילאים עד 50,מסלול המותאם לגילאים עד 50,2021,"מניות (תעודות סל, אופציות, קרנות נאמנות)",equity,50.86,52.0,+/-   6%,46.0,58.0,"מניות בארץ - ת""א 100 - 30%   מניות בחו""ל  - MSCI AC - 70%",,מדיניות צפויה למסלול עד 50,2026-09-30T23:38:13+00:00,https://www.os-gml.co.il/wp-content/uploads/2021/06/מדיניות_השקעה_צפויה_לשנת_2021-החל_מ-19.5.2021-1.xls?pid=4943,policy/companies/520042573/raw/520042573/0c8b04ef66df_מדיניות_השקעה_צפויה_לשנת_2021-החל_מ-19.5.2021-1.xls,מדיניות צפויה למסלול עד 50
520042573,,,520042573|מדיניות צפויה למסלול עד 50|מסלול המותאם לגילאים עד 50,מסלול המותאם לגילאים עד 50,2021,"אג""ח ממשלתי",,23.06,23.0,+/-   5%,18.0,28.0,ממשלתי צמוד 2-5 - 40%     ממשלתי שקלי 2-5 -60%,,מדיניות צפויה למסלול עד 50,2026-09-30T23:38:13+00:00,https://www.os-gml.co.il/wp-content/uploads/2021/06/מדיניות_השקעה_צפויה_לשנת_2021-החל_מ-19.5.2021-1.xls?pid=4943,policy/companies/520042573/raw/520042573/0c8b04ef66df_מדיניות_השקעה_צפויה_לשנת_2021-החל_מ-19.5.2021-1.xls,מדיניות צפויה למסלול עד 50
520042573,,,520042573|מדיניות צפויה למסלול עד 50|מסלול המותאם לגילאים עד 50,מסלול המותאם לגילאים עד 50,2021,"אג""ח קונצרני (קרנות נאמנות, תעודות סל)",,21.76,18.0,+/-   6%,12.0,24.0,תל בונד 60 -60%    תל בונד שקלי - 30%     Bloombreg us corporate1-10 bond index  -10%,,מדיניות צפויה למסלול עד 50,2026-09-30T23:38:13+00:00,https://www.os-gml.co.il/wp-content/uploads/2021/06/מדיניות_השקעה_צפויה_לשנת_2021-החל_מ-19.5.2021-1.xls?pid=4943,policy/companies/520042573/raw/520042573/0c8b04ef66df_מדיניות_השקעה_צפויה_לשנת_2021-החל_מ-19.5.2021-1.xls,מדיניות צפויה למסלול עד 50
520042573,,,520042573|מדיניות צפויה למסלול עד 50|מסלול המותאם לגילאים עד 50,מסלול המותאם לגילאים עד 50,2021,"אחר (קרנות השקעה פרטיות, קרנות נדלן, מכשירים מובנים)*",,0.0,1.0,+/-   5%,0.0,6.0,,,מדיניות צפויה למסלול עד 50,2026-09-30T23:38:13+00:00,https://www.os-gml.co.il/wp-content/uploads/2021/06/מדיניות_השקעה_צפויה_לשנת_2021-החל_מ-19.5.2021-1.xls?pid=4943,policy/companies/520042573/raw/520042573/0c8b04ef66df_מדיניות_השקעה_צפויה_לשנת_2021-החל_מ-19.5.2021-1.xls,מדיניות צפויה למסלול עד 50
520042573,,,520042573|מדיניות צפויה למסלול עד 50|מסלול המותאם לגילאים עד 50,מסלול המותאם לגילאים עד 50,2021,"עו""ש פר""י פק""מ**",,4.32,6.0,+/-   5%,1.0,11.0,ריבית בנק ישראל,,מדיניות צפויה למסלול עד 50,2026-09-30T23:38:13+00:00,https://www.os-gml.co.il/wp-content/uploads/2021/06/מדיניות_השקעה_צפויה_לשנת_2021-החל_מ-19.5.2021-1.xls?pid=4943,policy/companies/520042573/raw/520042573/0c8b04ef66df_מדיניות_השקעה_צפויה_לשנת_2021-החל_מ-19.5.2021-1.xls,מדיניות צפויה למסלול עד 50
520042573,,,520042573|מדיניות צפויה למסלול עד 50|מסלול המותאם לגילאים עד 50,מסלול המותאם לגילאים עד 50,2021,"חשיפה למט""ח",fx,21.85,20.0,+/-   6%,14.0,26.0,,,מדיניות צפויה למסלול עד 50,2026-09-30T23:38:13+00:00,https://www.os-gml.co.il/wp-content/uploads/2021/06/מדיניות_השקעה_צפויה_לשנת_2021-החל_מ-19.5.2021-1.xls?pid=4943,policy/companies/520042573/raw/520042573/0c8b04ef66df_מדיניות_השקעה_צפויה_לשנת_2021-החל_מ-19.5.2021-1.xls,מדיניות צפויה למסלול עד 50
520042573,,,520042573|מדיניות צפויה מסלול 50-60|אושר בדירקטוריון 16 3 2020 עודכן ביום 21 4 2020 עודכון ביום 16 6 2020,אושר בדירקטוריון 16 3 2020 עודכן ביום 21 4 2020 עודכון ביום 16 6 2020,2022,"מניות (תעודות סל, אופציות, קרנות נאמנות)",equity,46.85,45.0,+/-   6%,39.0,51.0,"מניות בארץ - ת""א 125 - 30% ,  מניות בחו""ל  - MSCI AC - 70%",,מדיניות צפויה מסלול 50-60,2026-09-30T23:38:13+00:00,https://www.os-gml.co.il/wp-content/uploads/2021/12/עוס_מדיניות_השקעה_צפויה_לשנת_2022.xls,policy/companies/520042573/raw/520042573/936439c30aab_עוס_מדיניות_השקעה_צפויה_לשנת_2022.xls,מדיניות צפויה מסלול 50-60 
520042573,,,520042573|מדיניות צפויה מסלול 50-60|אושר בדירקטוריון 16 3 2020 עודכן ביום 21 4 2020 עודכון ביום 16 6 2020,אושר בדירקטוריון 16 3 2020 עודכן ביום 21 4 2020 עודכון ביום 16 6 2020,2022,"אג""ח ממשלתי",,25.2,26.0,+/-   5%,21.0,31.0,ממשלתי צמוד 2-5 - 40%     ממשלתי שקלי 2-5 -60%,,מדיניות צפויה מסלול 50-60,2026-09-30T23:38:13+00:00,https://www.os-gml.co.il/wp-content/uploads/2021/12/עוס_מדיניות_השקעה_צפויה_לשנת_2022.xls,policy/companies/520042573/raw/520042573/936439c30aab_עוס_מדיניות_השקעה_צפויה_לשנת_2022.xls,מדיניות צפויה מסלול 50-60 
520042573,,,520042573|מדיניות צפויה מסלול 50-60|אושר בדירקטוריון 16 3 2020 עודכן ביום 21 4 2020 עודכון ביום 16 6 2020,אושר בדירקטוריון 16 3 2020 עודכן ביום 21 4 2020 עודכון ביום 16 6 2020,2022,"אג""ח קונצרני (קרנות נאמנות, תעודות סל)",,17.43,18.0,+/-   6%,12.0,24.0,תל בונד 60 -60%    תל בונד שקלי  50- 30%     Bloombreg us corporate1-10 bond index  -10%,,מדיניות צפויה מסלול 50-60,2026-09-30T23:38:13+00:00,https://www.os-gml.co.il/wp-content/uploads/2021/12/עוס_מדיניות_השקעה_צפויה_לשנת_2022.xls,policy/companies/520042573/raw/520042573/936439c30aab_עוס_מדיניות_השקעה_צפויה_לשנת_2022.xls,מדיניות צפויה מסלול 50-60 
520042573,,,520042573|מדיניות צפויה מסלול 50-60|אושר בדירקטוריון 16 3 2020 עודכן ביום 21 4 2020 עודכון ביום 16 6 2020,אושר בדירקטוריון 16 3 2020 עודכן ביום 21 4 2020 עודכון ביום 16 6 2020,2022,"אחר (קרנות השקעה פרטיות, קרנות נדלן, מכשירים מובנים)*",,4.17,6.0,+/-   5%,1.0,11.0,,,מדיניות צפויה מסלול 50-60,2026-09-30T23:38:13+00:00,https://www.os-gml.co.il/wp-content/uploads/2021/12/עוס_מדיניות_השקעה_צפויה_לשנת_2022.xls,policy/companies/520042573/raw/520042573/936439c30aab_עוס_מדיניות_השקעה_צפויה_לשנת_2022.xls,מדיניות צפויה מסלול 50-60 
520042573,,,520042573|מדיניות צפויה מסלול 50-60|אושר בדירקטוריון 16 3 2020 עודכן ביום 21 4 2020 עודכון ביום 16 6 2020,אושר בדירקטוריון 16 3 2020 עודכן ביום 21 4 2020 עודכון ביום 16 6 2020,2022,"עו""ש פר""י פק""מ**",,5.54,5.0,+/-   5%,0.0,10.0,ריבית בנק ישראל,,מדיניות צפויה מסלול 50-60,2026-09-30T23:38:13+00:00,https://www.os-gml.co.il/wp-content/uploads/2021/12/עוס_מדיניות_השקעה_צפויה_לשנת_2022.xls,policy/companies/520042573/raw/520042573/936439c30aab_עוס_מדיניות_השקעה_צפויה_לשנת_2022.xls,מדיניות צפויה מסלול 50-60 
520042573,,,520042573|מדיניות צפויה מסלול 50-60|אושר בדירקטוריון 16 3 2020 עודכן ביום 21 4 2020 עודכון ביום 16 6 2020,אושר בדירקטוריון 16 3 2020 עודכן ביום 21 4 2020 עודכון ביום 16 6 2020,2022,"חשיפה למט""ח",fx,16.55,18.0,+/-   6%,12.0,24.0,,,מדיניות צפויה מסלול 50-60,2026-09-30T23:38:13+00:00,https://www.os-gml.co.il/wp-content/uploads/2021/12/עוס_מדיניות_השקעה_צפויה_לשנת_2022.xls,policy/companies/520042573/raw/520042573/936439c30aab_עוס_מדיניות_השקעה_צפויה_לשנת_2022.xls,מדיניות צפויה מסלול 50-60 
520042573,,,520042573|מדיניות צפויה למסלול 60+|אושר בדירקטוריון ביום 24 11 21,אושר בדירקטוריון ביום 24 11 21,2022,"מניות (תעודות סל, אופציות, קרנות נאמנות)",equity,21.51,22.0,+/-   6%,16.0,28.0,"מניות בארץ - ת""א 125 - 30%   מניות בחו""ל  - MSCI AC - 70%",,מדיניות צפויה למסלול 60+,2026-09-30T23:38:13+00:00,https://www.os-gml.co.il/wp-content/uploads/2021/12/עוס_מדיניות_השקעה_צפויה_לשנת_2022.xls,policy/companies/520042573/raw/520042573/936439c30aab_עוס_מדיניות_השקעה_צפויה_לשנת_2022.xls,מדיניות צפויה למסלול 60+ 
520042573,,,520042573|מדיניות צפויה למסלול 60+|אושר בדירקטוריון ביום 24 11 21,אושר בדירקטוריון ביום 24 11 21,2022,"אג""ח ממשלתי",,45.09,46.0,+/-   5%,41.0,51.0,ממשלתי צמוד 2-5 - 30%      ממשלתי שקלי 2-5 -70%,,מדיניות צפויה למסלול 60+,2026-09-30T23:38:13+00:00,https://www.os-gml.co.il/wp-content/uploads/2021/12/עוס_מדיניות_השקעה_צפויה_לשנת_2022.xls,policy/companies/520042573/raw/520042573/936439c30aab_עוס_מדיניות_השקעה_צפויה_לשנת_2022.xls,מדיניות צפויה למסלול 60+ 
520042573,,,520042573|מדיניות צפויה למסלול 60+|אושר בדירקטוריון ביום 24 11 21,אושר בדירקטוריון ביום 24 11 21,2022,"אג""ח קונצרני (קרנות נאמנות, תעודות סל)",,26.71,26.0,+/-   6%,20.0,32.0,תל בונד 60 -65%    תל בונד שקלי  - 25%     Bloombreg us corporate1-10 bond index  -10%,,מדיניות צפויה למסלול 60+,2026-09-30T23:38:13+00:00,https://www.os-gml.co.il/wp-content/uploads/2021/12/עוס_מדיניות_השקעה_צפויה_לשנת_2022.xls,policy/companies/520042573/raw/520042573/936439c30aab_עוס_מדיניות_השקעה_צפויה_לשנת_2022.xls,מדיניות צפויה למסלול 60+ 
520042573,,,520042573|מדיניות צפויה למסלול 60+|אושר בדירקטוריון ביום 24 11 21,אושר בדירקטוריון ביום 24 11 21,2022,"אחר (קרנות השקעה פרטיות, קרנות נדלן, מכשירים מובנים)*",,0.0,1.0,+/-   5%,0.0,6.0,,,מדיניות צפויה למסלול 60+,2026-09-30T23:38:13+00:00,https://www.os-gml.co.il/wp-content/uploads/2021/12/עוס_מדיניות_השקעה_צפויה_לשנת_2022.xls,policy/companies/520042573/raw/520042573/936439c30aab_עוס_מדיניות_השקעה_צפויה_לשנת_2022.xls,מדיניות צפויה למסלול 60+ 
520042573,,,520042573|מדיניות צפויה למסלול 60+|אושר בדירקטוריון ביום 24 11 21,אושר בדירקטוריון ביום 24 11 21,2022,"עו""ש פר""י פק""מ**",,6.51,5.0,+/-   5%,0.0,10.0,ריבית בנק ישראל,,מדיניות צפויה למסלול 60+,2026-09-30T23:38:13+00:00,https://www.os-gml.co.il/wp-content/uploads/2021/12/עוס_מדיניות_השקעה_צפויה_לשנת_2022.xls,policy/companies/520042573/raw/520042573/936439c30aab_עוס_מדיניות_השקעה_צפויה_לשנת_2022.xls,מדיניות צפויה למסלול 60+ 
520042573,,,520042573|מדיניות צפויה למסלול 60+|אושר בדירקטוריון ביום 24 11 21,אושר בדירקטוריון ביום 24 11 21,2022,"חשיפה למט""ח",fx,9.29,10.0,+/-   6%,4.0,16.0,,,מדיניות צפויה למסלול 60+,2026-09-30T23:38:13+00:00,https://www.os-gml.co.il/wp-content/uploads/2021/12/עוס_מדיניות_השקעה_צפויה_לשנת_2022.xls,policy/companies/520042573/raw/520042573/936439c30aab_עוס_מדיניות_השקעה_צפויה_לשנת_2022.xls,מדיניות צפויה למסלול 60+ 
520042573,,,520042573|מדיניות צפויה למסלול עד 50|אושר בדירקטוריון ביום 24 11 21,אושר בדירקטוריון ביום 24 11 21,2022,"מניות (תעודות סל, אופציות, קרנות נאמנות)",equity,56.4,56.0,+/-   6%,50.0,62.0,"מניות בארץ - ת""א 125 - 30%   מניות בחו""ל  - MSCI AC - 70%",,מדיניות צפויה למסלול עד 50,2026-09-30T23:38:13+00:00,https://www.os-gml.co.il/wp-content/uploads/2021/12/עוס_מדיניות_השקעה_צפויה_לשנת_2022.xls,policy/companies/520042573/raw/520042573/936439c30aab_עוס_מדיניות_השקעה_צפויה_לשנת_2022.xls,מדיניות צפויה למסלול עד 50
520042573,,,520042573|מדיניות צפויה למסלול עד 50|אושר בדירקטוריון ביום 24 11 21,אושר בדירקטוריון ביום 24 11 21,2022,"אג""ח ממשלתי",,19.43,21.0,+/-   5%,16.0,26.0,ממשלתי צמוד 2-5 - 40%     ממשלתי שקלי 2-5 -60%,,מדיניות צפויה למסלול עד 50,2026-09-30T23:38:13+00:00,https://www.os-gml.co.il/wp-content/uploads/2021/12/עוס_מדיניות_השקעה_צפויה_לשנת_2022.xls,policy/companies/520042573/raw/520042573/936439c30aab_עוס_מדיניות_השקעה_צפויה_לשנת_2022.xls,מדיניות צפויה למסלול עד 50
520042573,,,520042573|מדיניות צפויה למסלול עד 50|אושר בדירקטוריון ביום 24 11 21,אושר בדירקטוריון ביום 24 11 21,2022,"אג""ח קונצרני (קרנות נאמנות, תעודות סל)",,21.76,18.0,+/-   6%,12.0,24.0,תל בונד 60 -60%    תל בונד שקלי - 30%     Bloombreg us corporate1-10 bond index  -10%,,מדיניות צפויה למסלול עד 50,2026-09-30T23:38:13+00:00,https://www.os-gml.co.il/wp-content/uploads/2021/12/עוס_מדיניות_השקעה_צפויה_לשנת_2022.xls,policy/companies/520042573/raw/520042573/936439c30aab_עוס_מדיניות_השקעה_צפויה_לשנת_2022.xls,מדיניות צפויה למסלול עד 50
520042573,,,520042573|מדיניות צפויה למסלול עד 50|אושר בדירקטוריון ביום 24 11 21,אושר בדירקטוריון ביום 24 11 21,2022,"אחר (קרנות השקעה פרטיות, קרנות נדלן, מכשירים מובנים)*",,0.0,0.0,+/-   5%,0.0,5.0,,,מדיניות צפויה למסלול עד 50,2026-09-30T23:38:13+00:00,https://www.os-gml.co.il/wp-content/uploads/2021/12/עוס_מדיניות_השקעה_צפויה_לשנת_2022.xls,policy/companies/520042573/raw/520042573/936439c30aab_עוס_מדיניות_השקעה_צפויה_לשנת_2022.xls,מדיניות צפויה למסלול עד 50
520042573,,,520042573|מדיניות צפויה למסלול עד 50|אושר בדירקטוריון ביום 24 11 21,אושר בדירקטוריון ביום 24 11 21,2022,"עו""ש פר""י פק""מ**",,4.09,5.0,+/-   5%,0.0,10.0,ריבית בנק ישראל,,מדיניות צפויה למסלול עד 50,2026-09-30T23:38:13+00:00,https://www.os-gml.co.il/wp-content/uploads/2021/12/עוס_מדיניות_השקעה_צפויה_לשנת_2022.xls,policy/companies/520042573/raw/520042573/936439c30aab_עוס_מדיניות_השקעה_צפויה_לשנת_2022.xls,מדיניות צפויה למסלול עד 50
520042573,,,520042573|מדיניות צפויה למסלול עד 50|אושר בדירקטוריון ביום 24 11 21,אושר בדירקטוריון ביום 24 11 21,2022,"חשיפה למט""ח",fx,17.64,18.0,+/-   6%,12.0,24.0,,,מדיניות צפויה למסלול עד 50,2026-09-30T23:38:13+00:00,https://www.os-gml.co.il/wp-content/uploads/2021/12/עוס_מדיניות_השקעה_צפויה_לשנת_2022.xls,policy/companies/520042573/raw/520042573/936439c30aab_עוס_מדיניות_השקעה_צפויה_לשנת_2022.xls,מדיניות צפויה למסלול עד 50
520042573,,,520042573|מדיניות צפויה מסלול 50-60|אושר בדירקטוריון 16 3 2020 עודכן ביום 21 4 2020 עודכון ביום 16 6 2020,אושר בדירקטוריון 16 3 2020 עודכן ביום 21 4 2020 עודכון ביום 16 6 2020,2022,"מניות (תעודות סל, אופציות, קרנות נאמנות)",equity,46.85,45.0,+/-   6%,39.0,51.0,"מניות בארץ - ת""א 125 - 30% ,  מניות בחו""ל  - MSCI AC - 70%",,מדיניות צפויה מסלול 50-60,2026-09-30T23:38:13+00:00,https://www.os-gml.co.il/wp-content/uploads/2021/12/עוס_מדיניות_השקעה_צפויה_לשנת_2022.xls?pid=4943,policy/companies/520042573/raw/520042573/936439c30aab_עוס_מדיניות_השקעה_צפויה_לשנת_2022.xls,מדיניות צפויה מסלול 50-60 
520042573,,,520042573|מדיניות צפויה מסלול 50-60|אושר בדירקטוריון 16 3 2020 עודכן ביום 21 4 2020 עודכון ביום 16 6 2020,אושר בדירקטוריון 16 3 2020 עודכן ביום 21 4 2020 עודכון ביום 16 6 2020,2022,"אג""ח ממשלתי",,25.2,26.0,+/-   5%,21.0,31.0,ממשלתי צמוד 2-5 - 40%     ממשלתי שקלי 2-5 -60%,,מדיניות צפויה מסלול 50-60,2026-09-30T23:38:13+00:00,https://www.os-gml.co.il/wp-content/uploads/2021/12/עוס_מדיניות_השקעה_צפויה_לשנת_2022.xls?pid=4943,policy/companies/520042573/raw/520042573/936439c30aab_עוס_מדיניות_השקעה_צפויה_לשנת_2022.xls,מדיניות צפויה מסלול 50-60 
520042573,,,520042573|מדיניות צפויה מסלול 50-60|אושר בדירקטוריון 16 3 2020 עודכן ביום 21 4 2020 עודכון ביום 16 6 2020,אושר בדירקטוריון 16 3 2020 עודכן ביום 21 4 2020 עודכון ביום 16 6 2020,2022,"אג""ח קונצרני (קרנות נאמנות, תעודות סל)",,17.43,18.0,+/-   6%,12.0,24.0,תל בונד 60 -60%    תל בונד שקלי  50- 30%     Bloombreg us corporate1-10 bond index  -10%,,מדיניות צפויה מסלול 50-60,2026-09-30T23:38:13+00:00,https://www.os-gml.co.il/wp-content/uploads/2021/12/עוס_מדיניות_השקעה_צפויה_לשנת_2022.xls?pid=4943,policy/companies/520042573/raw/520042573/936439c30aab_עוס_מדיניות_השקעה_צפויה_לשנת_2022.xls,מדיניות צפויה מסלול 50-60 
520042573,,,520042573|מדיניות צפויה מסלול 50-60|אושר בדירקטוריון 16 3 2020 עודכן ביום 21 4 2020 עודכון ביום 16 6 2020,אושר בדירקטוריון 16 3 2020 עודכן ביום 21 4 2020 עודכון ביום 16 6 2020,2022,"אחר (קרנות השקעה פרטיות, קרנות נדלן, מכשירים מובנים)*",,4.17,6.0,+/-   5%,1.0,11.0,,,מדיניות צפויה מסלול 50-60,2026-09-30T23:38:13+00:00,https://www.os-gml.co.il/wp-content/uploads/2021/12/עוס_מדיניות_השקעה_צפויה_לשנת_2022.xls?pid=4943,policy/companies/520042573/raw/520042573/936439c30aab_עוס_מדיניות_השקעה_צפויה_לשנת_2022.xls,מדיניות צפויה מסלול 50-60 
520042573,,,520042573|מדיניות צפויה מסלול 50-60|אושר בדירקטוריון 16 3 2020 עודכן ביום 21 4 2020 עודכון ביום 16 6 2020,אושר בדירקטוריון 16 3 2020 עודכן ביום 21 4 2020 עודכון ביום 16 6 2020,2022,"עו""ש פר""י פק""מ**",,5.54,5.0,+/-   5%,0.0,10.0,ריבית בנק ישראל,,מדיניות צפויה מסלול 50-60,2026-09-30T23:38:13+00:00,https://www.os-gml.co.il/wp-content/uploads/2021/12/עוס_מדיניות_השקעה_צפויה_לשנת_2022.xls?pid=4943,policy/companies/520042573/raw/520042573/936439c30aab_עוס_מדיניות_השקעה_צפויה_לשנת_2022.xls,מדיניות צפויה מסלול 50-60 
520042573,,,520042573|מדיניות צפויה מסלול 50-60|אושר בדירקטוריון 16 3 2020 עודכן ביום 21 4 2020 עודכון ביום 16 6 2020,אושר בדירקטוריון 16 3 2020 עודכן ביום 21 4 2020 עודכון ביום 16 6 2020,2022,"חשיפה למט""ח",fx,16.55,18.0,+/-   6%,12.0,24.0,,,מדיניות צפויה מסלול 50-60,2026-09-30T23:38:13+00:00,https://www.os-gml.co.il/wp-content/uploads/2021/12/עוס_מדיניות_השקעה_צפויה_לשנת_2022.xls?pid=4943,policy/companies/520042573/raw/520042573/936439c30aab_עוס_מדיניות_השקעה_צפויה_לשנת_2022.xls,מדיניות צפויה מסלול 50-60 
520042573,,,520042573|מדיניות צפויה למסלול 60+|אושר בדירקטוריון ביום 24 11 21,אושר בדירקטוריון ביום 24 11 21,2022,"מניות (תעודות סל, אופציות, קרנות נאמנות)",equity,21.51,22.0,+/-   6%,16.0,28.0,"מניות בארץ - ת""א 125 - 30%   מניות בחו""ל  - MSCI AC - 70%",,מדיניות צפויה למסלול 60+,2026-09-30T23:38:13+00:00,https://www.os-gml.co.il/wp-content/uploads/2021/12/עוס_מדיניות_השקעה_צפויה_לשנת_2022.xls?pid=4943,policy/companies/520042573/raw/520042573/936439c30aab_עוס_מדיניות_השקעה_צפויה_לשנת_2022.xls,מדיניות צפויה למסלול 60+ 
520042573,,,520042573|מדיניות צפויה למסלול 60+|אושר בדירקטוריון ביום 24 11 21,אושר בדירקטוריון ביום 24 11 21,2022,"אג""ח ממשלתי",,45.09,46.0,+/-   5%,41.0,51.0,ממשלתי צמוד 2-5 - 30%      ממשלתי שקלי 2-5 -70%,,מדיניות צפויה למסלול 60+,2026-09-30T23:38:13+00:00,https://www.os-gml.co.il/wp-content/uploads/2021/12/עוס_מדיניות_השקעה_צפויה_לשנת_2022.xls?pid=4943,policy/companies/520042573/raw/520042573/936439c30aab_עוס_מדיניות_השקעה_צפויה_לשנת_2022.xls,מדיניות צפויה למסלול 60+ 
520042573,,,520042573|מדיניות צפויה למסלול 60+|אושר בדירקטוריון ביום 24 11 21,אושר בדירקטוריון ביום 24 11 21,2022,"אג""ח קונצרני (קרנות נאמנות, תעודות סל)",,26.71,26.0,+/-   6%,20.0,32.0,תל בונד 60 -65%    תל בונד שקלי  - 25%     Bloombreg us corporate1-10 bond index  -10%,,מדיניות צפויה למסלול 60+,2026-09-30T23:38:13+00:00,https://www.os-gml.co.il/wp-content/uploads/2021/12/עוס_מדיניות_השקעה_צפויה_לשנת_2022.xls?pid=4943,policy/companies/520042573/raw/520042573/936439c30aab_עוס_מדיניות_השקעה_צפויה_לשנת_2022.xls,מדיניות צפויה למסלול 60+ 
520042573,,,520042573|מדיניות צפויה למסלול 60+|אושר בדירקטוריון ביום 24 11 21,אושר בדירקטוריון ביום 24 11 21,2022,"אחר (קרנות השקעה פרטיות, קרנות נדלן, מכשירים מובנים)*",,0.0,1.0,+/-   5%,0.0,6.0,,,מדיניות צפויה למסלול 60+,2026-09-30T23:38:13+00:00,https://www.os-gml.co.il/wp-content/uploads/2021/12/עוס_מדיניות_השקעה_צפויה_לשנת_2022.xls?pid=4943,policy/companies/520042573/raw/520042573/936439c30aab_עוס_מדיניות_השקעה_צפויה_לשנת_2022.xls,מדיניות צפויה למסלול 60+ 
520042573,,,520042573|מדיניות צפויה למסלול 60+|אושר בדירקטוריון ביום 24 11 21,אושר בדירקטוריון ביום 24 11 21,2022,"עו""ש פר""י פק""מ**",,6.51,5.0,+/-   5%,0.0,10.0,ריבית בנק ישראל,,מדיניות צפויה למסלול 60+,2026-09-30T23:38:13+00:00,https://www.os-gml.co.il/wp-content/uploads/2021/12/עוס_מדיניות_השקעה_צפויה_לשנת_2022.xls?pid=4943,policy/companies/520042573/raw/520042573/936439c30aab_עוס_מדיניות_השקעה_צפויה_לשנת_2022.xls,מדיניות צפויה למסלול 60+ 
520042573,,,520042573|מדיניות צפויה למסלול 60+|אושר בדירקטוריון ביום 24 11 21,אושר בדירקטוריון ביום 24 11 21,2022,"חשיפה למט""ח",fx,9.29,10.0,+/-   6%,4.0,16.0,,,מדיניות צפויה למסלול 60+,2026-09-30T23:38:13+00:00,https://www.os-gml.co.il/wp-content/uploads/2021/12/עוס_מדיניות_השקעה_צפויה_לשנת_2022.xls?pid=4943,policy/companies/520042573/raw/520042573/936439c30aab_עוס_מדיניות_השקעה_צפויה_לשנת_2022.xls,מדיניות צפויה למסלול 60+ 
520042573,,,520042573|מדיניות צפויה למסלול עד 50|אושר בדירקטוריון ביום 24 11 21,אושר בדירקטוריון ביום 24 11 21,2022,"מניות (תעודות סל, אופציות, קרנות נאמנות)",equity,56.4,56.0,+/-   6%,50.0,62.0,"מניות בארץ - ת""א 125 - 30%   מניות בחו""ל  - MSCI AC - 70%",,מדיניות צפויה למסלול עד 50,2026-09-30T23:38:13+00:00,https://www.os-gml.co.il/wp-content/uploads/2021/12/עוס_מדיניות_השקעה_צפויה_לשנת_2022.xls?pid=4943,policy/companies/520042573/raw/520042573/936439c30aab_עוס_מדיניות_השקעה_צפויה_לשנת_2022.xls,מדיניות צפויה למסלול עד 50
520042573,,,520042573|מדיניות צפויה למסלול עד 50|אושר בדירקטוריון ביום 24 11 21,אושר בדירקטוריון ביום 24 11 21,2022,"אג""ח ממשלתי",,19.43,21.0,+/-   5%,16.0,26.0,ממשלתי צמוד 2-5 - 40%     ממשלתי שקלי 2-5 -60%,,מדיניות צפויה למסלול עד 50,2026-09-30T23:38:13+00:00,https://www.os-gml.co.il/wp-content/uploads/2021/12/עוס_מדיניות_השקעה_צפויה_לשנת_2022.xls?pid=4943,policy/companies/520042573/raw/520042573/936439c30aab_עוס_מדיניות_השקעה_צפויה_לשנת_2022.xls,מדיניות צפויה למסלול עד 50
520042573,,,520042573|מדיניות צפויה למסלול עד 50|אושר בדירקטוריון ביום 24 11 21,אושר בדירקטוריון ביום 24 11 21,2022,"אג""ח קונצרני (קרנות נאמנות, תעודות סל)",,21.76,18.0,+/-   6%,12.0,24.0,תל בונד 60 -60%    תל בונד שקלי - 30%     Bloombreg us corporate1-10 bond index  -10%,,מדיניות צפויה למסלול עד 50,2026-09-30T23:38:13+00:00,https://www.os-gml.co.il/wp-content/uploads/2021/12/עוס_מדיניות_השקעה_צפויה_לשנת_2022.xls?pid=4943,policy/companies/520042573/raw/520042573/936439c30aab_עוס_מדיניות_השקעה_צפויה_לשנת_2022.xls,מדיניות צפויה למסלול עד 50
520042573,,,520042573|מדיניות צפויה למסלול עד 50|אושר בדירקטוריון ביום 24 11 21,אושר בדירקטוריון ביום 24 11 21,2022,"אחר (קרנות השקעה פרטיות, קרנות נדלן, מכשירים מובנים)*",,0.0,0.0,+/-   5%,0.0,5.0,,,מדיניות צפויה למסלול עד 50,2026-09-30T23:38:13+00:00,https://www.os-gml.co.il/wp-content/uploads/2021/12/עוס_מדיניות_השקעה_צפויה_לשנת_2022.xls?pid=4943,policy/companies/520042573/raw/520042573/936439c30aab_עוס_מדיניות_השקעה_צפויה_לשנת_2022.xls,מדיניות צפויה למסלול עד 50
520042573,,,520042573|מדיניות צפויה למסלול עד 50|אושר בדירקטוריון ביום 24 11 21,אושר בדירקטוריון ביום 24 11 21,2022,"עו""ש פר""י פק""מ**",,4.09,5.0,+/-   5%,0.0,10.0,ריבית בנק ישראל,,מדיניות צפויה למסלול עד 50,2026-09-30T23:38:13+00:00,https://www.os-gml.co.il/wp-content/uploads/2021/12/עוס_מדיניות_השקעה_צפויה_לשנת_2022.xls?pid=4943,policy/companies/520042573/raw/520042573/936439c30aab_עוס_מדיניות_השקעה_צפויה_לשנת_2022.xls,מדיניות צפויה למסלול עד 50
520042573,,,520042573|מדיניות צפויה למסלול עד 50|אושר בדירקטוריון ביום 24 11 21,אושר בדירקטוריון ביום 24 11 21,2022,"חשיפה למט""ח",fx,17.64,18.0,+/-   6%,12.0,24.0,,,מדיניות צפויה למסלול עד 50,2026-09-30T23:38:13+00:00,https://www.os-gml.co.il/wp-content/uploads/2021/12/עוס_מדיניות_השקעה_צפויה_לשנת_2022.xls?pid=4943,policy/companies/520042573/raw/520042573/936439c30aab_עוס_מדיניות_השקעה_צפויה_לשנת_2022.xls,מדיניות צפויה למסלול עד 50
520042573,,,520042573|מדיניות צפויה מסלול 50-60|אושר בדירקטוריון 16 3 2020 עודכן ביום 21 4 2020 עודכון ביום 16 6 2020,אושר בדירקטוריון 16 3 2020 עודכן ביום 21 4 2020 עודכון ביום 16 6 2020,2022,"מניות (תעודות סל, אופציות, קרנות נאמנות)",equity,45.39,45.0,+/-   6%,39.0,51.0,"מניות בארץ - ת""א 125 - 30% ,  מניות בחו""ל  - MSCI AC - 70%",,מדיניות צפויה מסלול 50-60,2026-09-30T23:38:13+00:00,https://www.os-gml.co.il/wp-content/uploads/2022/04/עוס_מדיניות_השקעה_צפויה_לשנת_2022_מעודכנת.xls,policy/companies/520042573/raw/520042573/aac7e134cae5_עוס_מדיניות_השקעה_צפויה_לשנת_2022_מעודכנת.xls,מדיניות צפויה מסלול 50-60 
520042573,,,520042573|מדיניות צפויה מסלול 50-60|אושר בדירקטוריון 16 3 2020 עודכן ביום 21 4 2020 עודכון ביום 16 6 2020,אושר בדירקטוריון 16 3 2020 עודכן ביום 21 4 2020 עודכון ביום 16 6 2020,2022,"אג""ח ממשלתי",,27.96,26.0,+/-   5%,21.0,31.0,ממשלתי צמוד 2-5 - 40%     ממשלתי שקלי 2-5 -60%,,מדיניות צפויה מסלול 50-60,2026-09-30T23:38:13+00:00,https://www.os-gml.co.il/wp-content/uploads/2022/04/עוס_מדיניות_השקעה_צפויה_לשנת_2022_מעודכנת.xls,policy/companies/520042573/raw/520042573/aac7e134cae5_עוס_מדיניות_השקעה_צפויה_לשנת_2022_מעודכנת.xls,מדיניות צפויה מסלול 50-60 
520042573,,,520042573|מדיניות צפויה מסלול 50-60|אושר בדירקטוריון 16 3 2020 עודכן ביום 21 4 2020 עודכון ביום 16 6 2020,אושר בדירקטוריון 16 3 2020 עודכן ביום 21 4 2020 עודכון ביום 16 6 2020,2022,"אג""ח קונצרני (קרנות נאמנות, תעודות סל)",,14.66,15.0,+/-   6%,9.0,21.0,תל בונד 60 -60%    תל בונד שקלי  50- 30%     Bloombreg us corporate1-10 bond index  -10%,,מדיניות צפויה מסלול 50-60,2026-09-30T23:38:13+00:00,https://www.os-gml.co.il/wp-content/uploads/2022/04/עוס_מדיניות_השקעה_צפויה_לשנת_2022_מעודכנת.xls,policy/companies/520042573/raw/520042573/aac7e134cae5_עוס_מדיניות_השקעה_צפויה_לשנת_2022_מעודכנת.xls,מדיניות צפויה מסלול 50-60 
520042573,,,520042573|מדיניות צפויה מסלול 50-60|אושר בדירקטוריון 16 3 2020 עודכן ביום 21 4 2020 עודכון ביום 16 6 2020,אושר בדירקטוריון 16 3 2020 עודכן ביום 21 4 2020 עודכון ביום 16 6 2020,2022,"אחר (קרנות השקעה פרטיות, קרנות נדלן, מכשירים מובנים)*",,5.94,6.0,+/-   5%,1.0,11.0,,,מדיניות צפויה מסלול 50-60,2026-09-30T23:38:13+00:00,https://www.os-gml.co.il/wp-content/uploads/2022/04/עוס_מדיניות_השקעה_צפויה_לשנת_2022_מעודכנת.xls,policy/companies/520042573/raw/520042573/aac7e134cae5_עוס_מדיניות_השקעה_צפויה_לשנת_2022_מעודכנת.xls,מדיניות צפויה מסלול 50-60 
520042573,,,520042573|מדיניות צפויה מסלול 50-60|אושר בדירקטוריון 16 3 2020 עודכן ביום 21 4 2020 עודכון ביום 16 6 2020,אושר בדירקטוריון 16 3 2020 עודכן ביום 21 4 2020 עודכון ביום 16 6 2020,2022,"עו""ש פר""י פק""מ**",,6.3,8.0,+/-   7%,1.0,15.0,ריבית בנק ישראל,,מדיניות צפויה מסלול 50-60,2026-09-30T23:38:13+00:00,https://www.os-gml.co.il/wp-content/uploads/2022/04/עוס_מדיניות_השקעה_צפויה_לשנת_2022_מעודכנת.xls,policy/companies/520042573/raw/520042573/aac7e134cae5_עוס_מדיניות_השקעה_צפויה_לשנת_2022_מעודכנת.xls,מדיניות צפויה מסלול 50-60 
520042573,,,520042573|מדיניות צפויה מסלול 50-60|אושר בדירקטוריון 16 3 2020 עודכן ביום 21 4 2020 עודכון ביום 16 6 2020,אושר בדירקטוריון 16 3 2020 עודכן ביום 21 4 2020 עודכון ביום 16 6 2020,2022,"חשיפה למט""ח",fx,21.1,18.0,+/-   6%,12.0,24.0,,,מדיניות צפויה מסלול 50-60,2026-09-30T23:38:13+00:00,https://www.os-gml.co.il/wp-content/uploads/2022/04/עוס_מדיניות_השקעה_צפויה_לשנת_2022_מעודכנת.xls,policy/companies/520042573/raw/520042573/aac7e134cae5_עוס_מדיניות_השקעה_צפויה_לשנת_2022_מעודכנת.xls,מדיניות צפויה מסלול 50-60 
520042573,,,520042573|מדיניות צפויה למסלול 60+|לאישור בדירקטוריון ביום 24 11 21,לאישור בדירקטוריון ביום 24 11 21,2022,"מניות (תעודות סל, אופציות, קרנות נאמנות)",equity,21.51,22.0,+/-   6%,16.0,28.0,"מניות בארץ - ת""א 125 - 30%   מניות בחו""ל  - MSCI AC - 70%",,מדיניות צפויה למסלול 60+,2026-09-30T23:38:13+00:00,https://www.os-gml.co.il/wp-content/uploads/2022/04/עוס_מדיניות_השקעה_צפויה_לשנת_2022_מעודכנת.xls,policy/companies/520042573/raw/520042573/aac7e134cae5_עוס_מדיניות_השקעה_צפויה_לשנת_2022_מעודכנת.xls,מדיניות צפויה למסלול 60+ 
520042573,,,520042573|מדיניות צפויה למסלול 60+|לאישור בדירקטוריון ביום 24 11 21,לאישור בדירקטוריון ביום 24 11 21,2022,"אג""ח ממשלתי",,45.09,46.0,+/-   5%,41.0,51.0,ממשלתי צמוד 2-5 - 30%      ממשלתי שקלי 2-5 -70%,,מדיניות צפויה למסלול 60+,2026-09-30T23:38:13+00:00,https://www.os-gml.co.il/wp-content/uploads/2022/04/עוס_מדיניות_השקעה_צפויה_לשנת_2022_מעודכנת.xls,policy/companies/520042573/raw/520042573/aac7e134cae5_עוס_מדיניות_השקעה_צפויה_לשנת_2022_מעודכנת.xls,מדיניות צפויה למסלול 60+ 
520042573,,,520042573|מדיניות צפויה למסלול 60+|לאישור בדירקטוריון ביום 24 11 21,לאישור בדירקטוריון ביום 24 11 21,2022,"אג""ח קונצרני (קרנות נאמנות, תעודות סל)",,26.71,26.0,+/-   6%,20.0,32.0,תל בונד 60 -65%    תל בונד שקלי  - 25%     Bloombreg us corporate1-10 bond index  -10%,,מדיניות צפויה למסלול 60+,2026-09-30T23:38:13+00:00,https://www.os-gml.co.il/wp-content/uploads/2022/04/עוס_מדיניות_השקעה_צפויה_לשנת_2022_מעודכנת.xls,policy/companies/520042573/raw/520042573/aac7e134cae5_עוס_מדיניות_השקעה_צפויה_לשנת_2022_מעודכנת.xls,מדיניות צפויה למסלול 60+ 
520042573,,,520042573|מדיניות צפויה למסלול 60+|לאישור בדירקטוריון ביום 24 11 21,לאישור בדירקטוריון ביום 24 11 21,2022,"אחר (קרנות השקעה פרטיות, קרנות נדלן, מכשירים מובנים)*",,0.0,1.0,+/-   5%,0.0,6.0,,,מדיניות צפויה למסלול 60+,2026-09-30T23:38:13+00:00,https://www.os-gml.co.il/wp-content/uploads/2022/04/עוס_מדיניות_השקעה_צפויה_לשנת_2022_מעודכנת.xls,policy/companies/520042573/raw/520042573/aac7e134cae5_עוס_מדיניות_השקעה_צפויה_לשנת_2022_מעודכנת.xls,מדיניות צפויה למסלול 60+ 
520042573,,,520042573|מדיניות צפויה למסלול 60+|לאישור בדירקטוריון ביום 24 11 21,לאישור בדירקטוריון ביום 24 11 21,2022,"עו""ש פר""י פק""מ**",,6.51,5.0,+/-   5%,0.0,10.0,ריבית בנק ישראל,,מדיניות צפויה למסלול 60+,2026-09-30T23:38:13+00:00,https://www.os-gml.co.il/wp-content/uploads/2022/04/עוס_מדיניות_השקעה_צפויה_לשנת_2022_מעודכנת.xls,policy/companies/520042573/raw/520042573/aac7e134cae5_עוס_מדיניות_השקעה_צפויה_לשנת_2022_מעודכנת.xls,מדיניות צפויה למסלול 60+ 
520042573,,,520042573|מדיניות צפויה למסלול 60+|לאישור בדירקטוריון ביום 24 11 21,לאישור בדירקטוריון ביום 24 11 21,2022,"חשיפה למט""ח",fx,9.29,10.0,+/-   6%,4.0,16.0,,,מדיניות צפויה למסלול 60+,2026-09-30T23:38:13+00:00,https://www.os-gml.co.il/wp-content/uploads/2022/04/עוס_מדיניות_השקעה_צפויה_לשנת_2022_מעודכנת.xls,policy/companies/520042573/raw/520042573/aac7e134cae5_עוס_מדיניות_השקעה_צפויה_לשנת_2022_מעודכנת.xls,מדיניות צפויה למסלול 60+ 
520042573,,,520042573|מדיניות צפויה למסלול עד 50|אושר בדירקטוריון ביום 29 3 22,אושר בדירקטוריון ביום 29 3 22,2022,"מניות (תעודות סל, אופציות, קרנות נאמנות)",equity,54.78,56.0,+/-   6%,50.0,62.0,"מניות בארץ - ת""א 125 - 30%   מניות בחו""ל  - MSCI AC - 70%",,מדיניות צפויה למסלול עד 50,2026-09-30T23:38:13+00:00,https://www.os-gml.co.il/wp-content/uploads/2022/04/עוס_מדיניות_השקעה_צפויה_לשנת_2022_מעודכנת.xls,policy/companies/520042573/raw/520042573/aac7e134cae5_עוס_מדיניות_השקעה_צפויה_לשנת_2022_מעודכנת.xls,מדיניות צפויה למסלול עד 50
520042573,,,520042573|מדיניות צפויה למסלול עד 50|אושר בדירקטוריון ביום 29 3 22,אושר בדירקטוריון ביום 29 3 22,2022,"אג""ח ממשלתי",,24.33,21.0,+/-   5%,16.0,26.0,ממשלתי צמוד 2-5 - 40%     ממשלתי שקלי 2-5 -60%,,מדיניות צפויה למסלול עד 50,2026-09-30T23:38:13+00:00,https://www.os-gml.co.il/wp-content/uploads/2022/04/עוס_מדיניות_השקעה_צפויה_לשנת_2022_מעודכנת.xls,policy/companies/520042573/raw/520042573/aac7e134cae5_עוס_מדיניות_השקעה_צפויה_לשנת_2022_מעודכנת.xls,מדיניות צפויה למסלול עד 50
520042573,,,520042573|מדיניות צפויה למסלול עד 50|אושר בדירקטוריון ביום 29 3 22,אושר בדירקטוריון ביום 29 3 22,2022,"אג""ח קונצרני (קרנות נאמנות, תעודות סל)",,16.82,15.0,+/-   6%,9.0,21.0,תל בונד 60 -60%    תל בונד שקלי - 30%     Bloombreg us corporate1-10 bond index  -10%,,מדיניות צפויה למסלול עד 50,2026-09-30T23:38:13+00:00,https://www.os-gml.co.il/wp-content/uploads/2022/04/עוס_מדיניות_השקעה_צפויה_לשנת_2022_מעודכנת.xls,policy/companies/520042573/raw/520042573/aac7e134cae5_עוס_מדיניות_השקעה_צפויה_לשנת_2022_מעודכנת.xls,מדיניות צפויה למסלול עד 50
520042573,,,520042573|מדיניות צפויה למסלול עד 50|אושר בדירקטוריון ביום 29 3 22,אושר בדירקטוריון ביום 29 3 22,2022,"אחר (קרנות השקעה פרטיות, קרנות נדלן, מכשירים מובנים)*",,0.0,0.0,+/-   5%,0.0,5.0,,,מדיניות צפויה למסלול עד 50,2026-09-30T23:38:13+00:00,https://www.os-gml.co.il/wp-content/uploads/2022/04/עוס_מדיניות_השקעה_צפויה_לשנת_2022_מעודכנת.xls,policy/companies/520042573/raw/520042573/aac7e134cae5_עוס_מדיניות_השקעה_צפויה_לשנת_2022_מעודכנת.xls,מדיניות צפויה למסלול עד 50
520042573,,,520042573|מדיניות צפויה למסלול עד 50|אושר בדירקטוריון ביום 29 3 22,אושר בדירקטוריון ביום 29 3 22,2022,"עו""ש פר""י פק""מ**",,4.05,8.0,+/-   7%,1.0,15.0,ריבית בנק ישראל,,מדיניות צפויה למסלול עד 50,2026-09-30T23:38:13+00:00,https://www.os-gml.co.il/wp-content/uploads/2022/04/עוס_מדיניות_השקעה_צפויה_לשנת_2022_מעודכנת.xls,policy/companies/520042573/raw/520042573/aac7e134cae5_עוס_מדיניות_השקעה_צפויה_לשנת_2022_מעודכנת.xls,מדיניות צפויה למסלול עד 50
520042573,,,520042573|מדיניות צפויה למסלול עד 50|אושר בדירקטוריון ביום 29 3 22,אושר בדירקטוריון ביום 29 3 22,2022,"חשיפה למט""ח",fx,20.55,18.0,+/-   6%,12.0,24.0,,,מדיניות צפויה למסלול עד 50,2026-09-30T23:38:13+00:00,https://www.os-gml.co.il/wp-content/uploads/2022/04/עוס_מדיניות_השקעה_צפויה_לשנת_2022_מעודכנת.xls,policy/companies/520042573/raw/520042573/aac7e134cae5_עוס_מדיניות_השקעה_צפויה_לשנת_2022_מעודכנת.xls,מדיניות צפויה למסלול עד 50
520042573,,,520042573|מדיניות צפויה מסלול 50-60|אושר בדירקטוריון 16 3 2020 עודכן ביום 21 4 2020 עודכון ביום 16 6 2020,אושר בדירקטוריון 16 3 2020 עודכן ביום 21 4 2020 עודכון ביום 16 6 2020,2022,"מניות (תעודות סל, אופציות, קרנות נאמנות)",equity,45.39,45.0,+/-   6%,39.0,51.0,"מניות בארץ - ת""א 125 - 30% ,  מניות בחו""ל  - MSCI AC - 70%",,מדיניות צפויה מסלול 50-60,2026-09-30T23:38:13+00:00,https://www.os-gml.co.il/wp-content/uploads/2022/04/עוס_מדיניות_השקעה_צפויה_לשנת_2022_מעודכנת.xls?pid=4943,policy/companies/520042573/raw/520042573/aac7e134cae5_עוס_מדיניות_השקעה_צפויה_לשנת_2022_מעודכנת.xls,מדיניות צפויה מסלול 50-60 
520042573,,,520042573|מדיניות צפויה מסלול 50-60|אושר בדירקטוריון 16 3 2020 עודכן ביום 21 4 2020 עודכון ביום 16 6 2020,אושר בדירקטוריון 16 3 2020 עודכן ביום 21 4 2020 עודכון ביום 16 6 2020,2022,"אג""ח ממשלתי",,27.96,26.0,+/-   5%,21.0,31.0,ממשלתי צמוד 2-5 - 40%     ממשלתי שקלי 2-5 -60%,,מדיניות צפויה מסלול 50-60,2026-09-30T23:38:13+00:00,https://www.os-gml.co.il/wp-content/uploads/2022/04/עוס_מדיניות_השקעה_צפויה_לשנת_2022_מעודכנת.xls?pid=4943,policy/companies/520042573/raw/520042573/aac7e134cae5_עוס_מדיניות_השקעה_צפויה_לשנת_2022_מעודכנת.xls,מדיניות צפויה מסלול 50-60 
520042573,,,520042573|מדיניות צפויה מסלול 50-60|אושר בדירקטוריון 16 3 2020 עודכן ביום 21 4 2020 עודכון ביום 16 6 2020,אושר בדירקטוריון 16 3 2020 עודכן ביום 21 4 2020 עודכון ביום 16 6 2020,2022,"אג""ח קונצרני (קרנות נאמנות, תעודות סל)",,14.66,15.0,+/-   6%,9.0,21.0,תל בונד 60 -60%    תל בונד שקלי  50- 30%     Bloombreg us corporate1-10 bond index  -10%,,מדיניות צפויה מסלול 50-60,2026-09-30T23:38:13+00:00,https://www.os-gml.co.il/wp-content/uploads/2022/04/עוס_מדיניות_השקעה_צפויה_לשנת_2022_מעודכנת.xls?pid=4943,policy/companies/520042573/raw/520042573/aac7e134cae5_עוס_מדיניות_השקעה_צפויה_לשנת_2022_מעודכנת.xls,מדיניות צפויה מסלול 50-60 
520042573,,,520042573|מדיניות צפויה מסלול 50-60|אושר בדירקטוריון 16 3 2020 עודכן ביום 21 4 2020 עודכון ביום 16 6 2020,אושר בדירקטוריון 16 3 2020 עודכן ביום 21 4 2020 עודכון ביום 16 6 2020,2022,"אחר (קרנות השקעה פרטיות, קרנות נדלן, מכשירים מובנים)*",,5.94,6.0,+/-   5%,1.0,11.0,,,מדיניות צפויה מסלול 50-60,2026-09-30T23:38:13+00:00,https://www.os-gml.co.il/wp-content/uploads/2022/04/עוס_מדיניות_השקעה_צפויה_לשנת_2022_מעודכנת.xls?pid=4943,policy/companies/520042573/raw/520042573/aac7e134cae5_עוס_מדיניות_השקעה_צפויה_לשנת_2022_מעודכנת.xls,מדיניות צפויה מסלול 50-60 
520042573,,,520042573|מדיניות צפויה מסלול 50-60|אושר בדירקטוריון 16 3 2020 עודכן ביום 21 4 2020 עודכון ביום 16 6 2020,אושר בדירקטוריון 16 3 2020 עודכן ביום 21 4 2020 עודכון ביום 16 6 2020,2022,"עו""ש פר""י פק""מ**",,6.3,8.0,+/-   7%,1.0,15.0,ריבית בנק ישראל,,מדיניות צפויה מסלול 50-60,2026-09-30T23:38:13+00:00,https://www.os-gml.co.il/wp-content/uploads/2022/04/עוס_מדיניות_השקעה_צפויה_לשנת_2022_מעודכנת.xls?pid=4943,policy/companies/520042573/raw/520042573/aac7e134cae5_עוס_מדיניות_השקעה_צפויה_לשנת_2022_מעודכנת.xls,מדיניות צפויה מסלול 50-60 
520042573,,,520042573|מדיניות צפויה מסלול 50-60|אושר בדירקטוריון 16 3 2020 עודכן ביום 21 4 2020 עודכון ביום 16 6 2020,אושר בדירקטוריון 16 3 2020 עודכן ביום 21 4 2020 עודכון ביום 16 6 2020,2022,"חשיפה למט""ח",fx,21.1,18.0,+/-   6%,12.0,24.0,,,מדיניות צפויה מסלול 50-60,2026-09-30T23:38:13+00:00,https://www.os-gml.co.il/wp-content/uploads/2022/04/עוס_מדיניות_השקעה_צפויה_לשנת_2022_מעודכנת.xls?pid=4943,policy/companies/520042573/raw/520042573/aac7e134cae5_עוס_מדיניות_השקעה_צפויה_לשנת_2022_מעודכנת.xls,מדיניות צפויה מסלול 50-60 
520042573,,,520042573|מדיניות צפויה למסלול 60+|לאישור בדירקטוריון ביום 24 11 21,לאישור בדירקטוריון ביום 24 11 21,2022,"מניות (תעודות סל, אופציות, קרנות נאמנות)",equity,21.51,22.0,+/-   6%,16.0,28.0,"מניות בארץ - ת""א 125 - 30%   מניות בחו""ל  - MSCI AC - 70%",,מדיניות צפויה למסלול 60+,2026-09-30T23:38:13+00:00,https://www.os-gml.co.il/wp-content/uploads/2022/04/עוס_מדיניות_השקעה_צפויה_לשנת_2022_מעודכנת.xls?pid=4943,policy/companies/520042573/raw/520042573/aac7e134cae5_עוס_מדיניות_השקעה_צפויה_לשנת_2022_מעודכנת.xls,מדיניות צפויה למסלול 60+ 
520042573,,,520042573|מדיניות צפויה למסלול 60+|לאישור בדירקטוריון ביום 24 11 21,לאישור בדירקטוריון ביום 24 11 21,2022,"אג""ח ממשלתי",,45.09,46.0,+/-   5%,41.0,51.0,ממשלתי צמוד 2-5 - 30%      ממשלתי שקלי 2-5 -70%,,מדיניות צפויה למסלול 60+,2026-09-30T23:38:13+00:00,https://www.os-gml.co.il/wp-content/uploads/2022/04/עוס_מדיניות_השקעה_צפויה_לשנת_2022_מעודכנת.xls?pid=4943,policy/companies/520042573/raw/520042573/aac7e134cae5_עוס_מדיניות_השקעה_צפויה_לשנת_2022_מעודכנת.xls,מדיניות צפויה למסלול 60+ 
520042573,,,520042573|מדיניות צפויה למסלול 60+|לאישור בדירקטוריון ביום 24 11 21,לאישור בדירקטוריון ביום 24 11 21,2022,"אג""ח קונצרני (קרנות נאמנות, תעודות סל)",,26.71,26.0,+/-   6%,20.0,32.0,תל בונד 60 -65%    תל בונד שקלי  - 25%     Bloombreg us corporate1-10 bond index  -10%,,מדיניות צפויה למסלול 60+,2026-09-30T23:38:13+00:00,https://www.os-gml.co.il/wp-content/uploads/2022/04/עוס_מדיניות_השקעה_צפויה_לשנת_2022_מעודכנת.xls?pid=4943,policy/companies/520042573/raw/520042573/aac7e134cae5_עוס_מדיניות_השקעה_צפויה_לשנת_2022_מעודכנת.xls,מדיניות צפויה למסלול 60+ 
520042573,,,520042573|מדיניות צפויה למסלול 60+|לאישור בדירקטוריון ביום 24 11 21,לאישור בדירקטוריון ביום 24 11 21,2022,"אחר (קרנות השקעה פרטיות, קרנות נדלן, מכשירים מובנים)*",,0.0,1.0,+/-   5%,0.0,6.0,,,מדיניות צפויה למסלול 60+,2026-09-30T23:38:13+00:00,https://www.os-gml.co.il/wp-content/uploads/2022/04/עוס_מדיניות_השקעה_צפויה_לשנת_2022_מעודכנת.xls?pid=4943,policy/companies/520042573/raw/520042573/aac7e134cae5_עוס_מדיניות_השקעה_צפויה_לשנת_2022_מעודכנת.xls,מדיניות צפויה למסלול 60+ 
520042573,,,520042573|מדיניות צפויה למסלול 60+|לאישור בדירקטוריון ביום 24 11 21,לאישור בדירקטוריון ביום 24 11 21,2022,"עו""ש פר""י פק""מ**",,6.51,5.0,+/-   5%,0.0,10.0,ריבית בנק ישראל,,מדיניות צפויה למסלול 60+,2026-09-30T23:38:13+00:00,https://www.os-gml.co.il/wp-content/uploads/2022/04/עוס_מדיניות_השקעה_צפויה_לשנת_2022_מעודכנת.xls?pid=4943,policy/companies/520042573/raw/520042573/aac7e134cae5_עוס_מדיניות_השקעה_צפויה_לשנת_2022_מעודכנת.xls,מדיניות צפויה למסלול 60+ 
520042573,,,520042573|מדיניות צפויה למסלול 60+|לאישור בדירקטוריון ביום 24 11 21,לאישור בדירקטוריון ביום 24 11 21,2022,"חשיפה למט""ח",fx,9.29,10.0,+/-   6%,4.0,16.0,,,מדיניות צפויה למסלול 60+,2026-09-30T23:38:13+00:00,https://www.os-gml.co.il/wp-content/uploads/2022/04/עוס_מדיניות_השקעה_צפויה_לשנת_2022_מעודכנת.xls?pid=4943,policy/companies/520042573/raw/520042573/aac7e134cae5_עוס_מדיניות_השקעה_צפויה_לשנת_2022_מעודכנת.xls,מדיניות צפויה למסלול 60+ 
520042573,,,520042573|מדיניות צפויה למסלול עד 50|אושר בדירקטוריון ביום 29 3 22,אושר בדירקטוריון ביום 29 3 22,2022,"מניות (תעודות סל, אופציות, קרנות נאמנות)",equity,54.78,56.0,+/-   6%,50.0,62.0,"מניות בארץ - ת""א 125 - 30%   מניות בחו""ל  - MSCI AC - 70%",,מדיניות צפויה למסלול עד 50,2026-09-30T23:38:13+00:00,https://www.os-gml.co.il/wp-content/uploads/2022/04/עוס_מדיניות_השקעה_צפויה_לשנת_2022_מעודכנת.xls?pid=4943,policy/companies/520042573/raw/520042573/aac7e134cae5_עוס_מדיניות_השקעה_צפויה_לשנת_2022_מעודכנת.xls,מדיניות צפויה למסלול עד 50
520042573,,,520042573|מדיניות צפויה למסלול עד 50|אושר בדירקטוריון ביום 29 3 22,אושר בדירקטוריון ביום 29 3 22,2022,"אג""ח ממשלתי",,24.33,21.0,+/-   5%,16.0,26.0,ממשלתי צמוד 2-5 - 40%     ממשלתי שקלי 2-5 -60%,,מדיניות צפויה למסלול עד 50,2026-09-30T23:38:13+00:00,https://www.os-gml.co.il/wp-content/uploads/2022/04/עוס_מדיניות_השקעה_צפויה_לשנת_2022_מעודכנת.xls?pid=4943,policy/companies/520042573/raw/520042573/aac7e134cae5_עוס_מדיניות_השקעה_צפויה_לשנת_2022_מעודכנת.xls,מדיניות צפויה למסלול עד 50
520042573,,,520042573|מדיניות צפויה למסלול עד 50|אושר בדירקטוריון ביום 29 3 22,אושר בדירקטוריון ביום 29 3 22,2022,"אג""ח קונצרני (קרנות נאמנות, תעודות סל)",,16.82,15.0,+/-   6%,9.0,21.0,תל בונד 60 -60%    תל בונד שקלי - 30%     Bloombreg us corporate1-10 bond index  -10%,,מדיניות צפויה למסלול עד 50,2026-09-30T23:38:13+00:00,https://www.os-gml.co.il/wp-content/uploads/2022/04/עוס_מדיניות_השקעה_צפויה_לשנת_2022_מעודכנת.xls?pid=4943,policy/companies/520042573/raw/520042573/aac7e134cae5_עוס_מדיניות_השקעה_צפויה_לשנת_2022_מעודכנת.xls,מדיניות צפויה למסלול עד 50
520042573,,,520042573|מדיניות צפויה למסלול עד 50|אושר בדירקטוריון ביום 29 3 22,אושר בדירקטוריון ביום 29 3 22,2022,"אחר (קרנות השקעה פרטיות, קרנות נדלן, מכשירים מובנים)*",,0.0,0.0,+/-   5%,0.0,5.0,,,מדיניות צפויה למסלול עד 50,2026-09-30T23:38:13+00:00,https://www.os-gml.co.il/wp-content/uploads/2022/04/עוס_מדיניות_השקעה_צפויה_לשנת_2022_מעודכנת.xls?pid=4943,policy/companies/520042573/raw/520042573/aac7e134cae5_עוס_מדיניות_השקעה_צפויה_לשנת_2022_מעודכנת.xls,מדיניות צפויה למסלול עד 50
520042573,,,520042573|מדיניות צפויה למסלול עד 50|אושר בדירקטוריון ביום 29 3 22,אושר בדירקטוריון ביום 29 3 22,2022,"עו""ש פר""י פק""מ**",,4.05,8.0,+/-   7%,1.0,15.0,ריבית בנק ישראל,,מדיניות צפויה למסלול עד 50,2026-09-30T23:38:13+00:00,https://www.os-gml.co.il/wp-content/uploads/2022/04/עוס_מדיניות_השקעה_צפויה_לשנת_2022_מעודכנת.xls?pid=4943,policy/companies/520042573/raw/520042573/aac7e134cae5_עוס_מדיניות_השקעה_צפויה_לשנת_2022_מעודכנת.xls,מדיניות צפויה למסלול עד 50
520042573,,,520042573|מדיניות צפויה למסלול עד 50|אושר בדירקטוריון ביום 29 3 22,אושר בדירקטוריון ביום 29 3 22,2022,"חשיפה למט""ח",fx,20.55,18.0,+/-   6%,12.0,24.0,,,מדיניות צפויה למסלול עד 50,2026-09-30T23:38:13+00:00,https://www.os-gml.co.il/wp-content/uploads/2022/04/עוס_מדיניות_השקעה_צפויה_לשנת_2022_מעודכנת.xls?pid=4943,policy/companies/520042573/raw/520042573/aac7e134cae5_עוס_מדיניות_השקעה_צפויה_לשנת_2022_מעודכנת.xls,מדיניות צפויה למסלול עד 50
520042573,,,520042573|מדיניות צפויה מסלול 50-60|אושר בדירקטוריון 16 3 2020 עודכן ביום 21 4 2020 עודכון ביום 16 6 2020,אושר בדירקטוריון 16 3 2020 עודכן ביום 21 4 2020 עודכון ביום 16 6 2020,2022,"מניות (תעודות סל, אופציות, קרנות נאמנות)",equity,45.27,45.0,+/-   6%,39.0,51.0,"מניות בארץ - ת""א 125 - 30% ,  מניות בחו""ל  - MSCI AC - 70%",,מדיניות צפויה מסלול 50-60,2026-09-30T23:38:13+00:00,https://www.os-gml.co.il/wp-content/uploads/2022/05/מדיניות_השקעות_צפויה_2022__-_מעודכן_גמל_עוס1.xls,policy/companies/520042573/raw/520042573/42e3a1a277f7_מדיניות_השקעות_צפויה_2022__-_מעודכן_גמל_עוס1.xls,מדיניות צפויה מסלול 50-60 
520042573,,,520042573|מדיניות צפויה מסלול 50-60|אושר בדירקטוריון 16 3 2020 עודכן ביום 21 4 2020 עודכון ביום 16 6 2020,אושר בדירקטוריון 16 3 2020 עודכן ביום 21 4 2020 עודכון ביום 16 6 2020,2022,"אג""ח ממשלתי",,25.14,26.0,+/-   5%,21.0,31.0,ממשלתי צמוד 2-5 - 40%     ממשלתי שקלי 2-5 -60%,,מדיניות צפויה מסלול 50-60,2026-09-30T23:38:13+00:00,https://www.os-gml.co.il/wp-content/uploads/2022/05/מדיניות_השקעות_צפויה_2022__-_מעודכן_גמל_עוס1.xls,policy/companies/520042573/raw/520042573/42e3a1a277f7_מדיניות_השקעות_צפויה_2022__-_מעודכן_גמל_עוס1.xls,מדיניות צפויה מסלול 50-60 
520042573,,,520042573|מדיניות צפויה מסלול 50-60|אושר בדירקטוריון 16 3 2020 עודכן ביום 21 4 2020 עודכון ביום 16 6 2020,אושר בדירקטוריון 16 3 2020 עודכן ביום 21 4 2020 עודכון ביום 16 6 2020,2022,"אג""ח קונצרני (קרנות נאמנות, תעודות סל)",,18.41,15.0,+/-   6%,9.0,21.0,תל בונד 60 -60%    תל בונד שקלי  50- 30%     Bloombreg us corporate1-10 bond index  -10%,,מדיניות צפויה מסלול 50-60,2026-09-30T23:38:13+00:00,https://www.os-gml.co.il/wp-content/uploads/2022/05/מדיניות_השקעות_צפויה_2022__-_מעודכן_גמל_עוס1.xls,policy/companies/520042573/raw/520042573/42e3a1a277f7_מדיניות_השקעות_צפויה_2022__-_מעודכן_גמל_עוס1.xls,מדיניות צפויה מסלול 50-60 
520042573,,,520042573|מדיניות צפויה מסלול 50-60|אושר בדירקטוריון 16 3 2020 עודכן ביום 21 4 2020 עודכון ביום 16 6 2020,אושר בדירקטוריון 16 3 2020 עודכן ביום 21 4 2020 עודכון ביום 16 6 2020,2022,"אחר (קרנות השקעה פרטיות, קרנות נדלן, מכשירים מובנים)*",,5.72,6.0,+/-   5%,1.0,11.0,,,מדיניות צפויה מסלול 50-60,2026-09-30T23:38:13+00:00,https://www.os-gml.co.il/wp-content/uploads/2022/05/מדיניות_השקעות_צפויה_2022__-_מעודכן_גמל_עוס1.xls,policy/companies/520042573/raw/520042573/42e3a1a277f7_מדיניות_השקעות_צפויה_2022__-_מעודכן_גמל_עוס1.xls,מדיניות צפויה מסלול 50-60 
520042573,,,520042573|מדיניות צפויה מסלול 50-60|אושר בדירקטוריון 16 3 2020 עודכן ביום 21 4 2020 עודכון ביום 16 6 2020,אושר בדירקטוריון 16 3 2020 עודכן ביום 21 4 2020 עודכון ביום 16 6 2020,2022,"עו""ש פר""י פק""מ**",,5.46,8.0,+/-   7%,1.0,15.0,ריבית בנק ישראל,,מדיניות צפויה מסלול 50-60,2026-09-30T23:38:13+00:00,https://www.os-gml.co.il/wp-content/uploads/2022/05/מדיניות_השקעות_צפויה_2022__-_מעודכן_גמל_עוס1.xls,policy/companies/520042573/raw/520042573/42e3a1a277f7_מדיניות_השקעות_צפויה_2022__-_מעודכן_גמל_עוס1.xls,מדיניות צפויה מסלול 50-60 
520042573,,,520042573|מדיניות צפויה מסלול 50-60|אושר בדירקטוריון 16 3 2020 עודכן ביום 21 4 2020 עודכון ביום 16 6 2020,אושר בדירקטוריון 16 3 2020 עודכן ביום 21 4 2020 עודכון ביום 16 6 2020,2022,"חשיפה למט""ח",fx,16.92,18.0,+/-   6%,12.0,24.0,,,מדיניות צפויה מסלול 50-60,2026-09-30T23:38:13+00:00,https://www.os-gml.co.il/wp-content/uploads/2022/05/מדיניות_השקעות_צפויה_2022__-_מעודכן_גמל_עוס1.xls,policy/companies/520042573/raw/520042573/42e3a1a277f7_מדיניות_השקעות_צפויה_2022__-_מעודכן_גמל_עוס1.xls,מדיניות צפויה מסלול 50-60 
520042573,,,520042573|מדיניות צפויה למסלול 60+|מסלול המותאם לגילאים 60 +,מסלול המותאם לגילאים 60 +,2022,"מניות (תעודות סל, אופציות, קרנות נאמנות)",equity,22.39,22.0,+/-   6%,16.0,28.0,"מניות בארץ - ת""א 125 - 30%   מניות בחו""ל  - MSCI AC - 70%",,מדיניות צפויה למסלול 60+,2026-09-30T23:38:13+00:00,https://www.os-gml.co.il/wp-content/uploads/2022/05/מדיניות_השקעות_צפויה_2022__-_מעודכן_גמל_עוס1.xls,policy/companies/520042573/raw/520042573/42e3a1a277f7_מדיניות_השקעות_צפויה_2022__-_מעודכן_גמל_עוס1.xls,מדיניות צפויה למסלול 60+ 
520042573,,,520042573|מדיניות צפויה למסלול 60+|מסלול המותאם לגילאים 60 +,מסלול המותאם לגילאים 60 +,2022,"אג""ח ממשלתי",,46.28,46.0,+/-   5%,41.0,51.0,ממשלתי צמוד 2-5 - 30%      ממשלתי שקלי 2-5 -70%,,מדיניות צפויה למסלול 60+,2026-09-30T23:38:13+00:00,https://www.os-gml.co.il/wp-content/uploads/2022/05/מדיניות_השקעות_צפויה_2022__-_מעודכן_גמל_עוס1.xls,policy/companies/520042573/raw/520042573/42e3a1a277f7_מדיניות_השקעות_צפויה_2022__-_מעודכן_גמל_עוס1.xls,מדיניות צפויה למסלול 60+ 
520042573,,,520042573|מדיניות צפויה למסלול 60+|מסלול המותאם לגילאים 60 +,מסלול המותאם לגילאים 60 +,2022,"אג""ח קונצרני (קרנות נאמנות, תעודות סל)",,26.4,26.0,+/-   6%,20.0,32.0,תל בונד 60 -65%    תל בונד שקלי  - 25%     Bloombreg us corporate1-10 bond index  -10%,,מדיניות צפויה למסלול 60+,2026-09-30T23:38:13+00:00,https://www.os-gml.co.il/wp-content/uploads/2022/05/מדיניות_השקעות_צפויה_2022__-_מעודכן_גמל_עוס1.xls,policy/companies/520042573/raw/520042573/42e3a1a277f7_מדיניות_השקעות_צפויה_2022__-_מעודכן_גמל_עוס1.xls,מדיניות צפויה למסלול 60+ 
520042573,,,520042573|מדיניות צפויה למסלול 60+|מסלול המותאם לגילאים 60 +,מסלול המותאם לגילאים 60 +,2022,"אחר (קרנות השקעה פרטיות, קרנות נדלן, מכשירים מובנים)*",,0.0,1.0,+/-   5%,0.0,6.0,,,מדיניות צפויה למסלול 60+,2026-09-30T23:38:13+00:00,https://www.os-gml.co.il/wp-content/uploads/2022/05/מדיניות_השקעות_צפויה_2022__-_מעודכן_גמל_עוס1.xls,policy/companies/520042573/raw/520042573/42e3a1a277f7_מדיניות_השקעות_צפויה_2022__-_מעודכן_גמל_עוס1.xls,מדיניות צפויה למסלול 60+ 
520042573,,,520042573|מדיניות צפויה למסלול 60+|מסלול המותאם לגילאים 60 +,מסלול המותאם לגילאים 60 +,2022,"עו""ש פר""י פק""מ**",,4.89,5.0,+/-   5%,0.0,10.0,ריבית בנק ישראל,,מדיניות צפויה למסלול 60+,2026-09-30T23:38:13+00:00,https://www.os-gml.co.il/wp-content/uploads/2022/05/מדיניות_השקעות_צפויה_2022__-_מעודכן_גמל_עוס1.xls,policy/companies/520042573/raw/520042573/42e3a1a277f7_מדיניות_השקעות_צפויה_2022__-_מעודכן_גמל_עוס1.xls,מדיניות צפויה למסלול 60+ 
520042573,,,520042573|מדיניות צפויה למסלול 60+|מסלול המותאם לגילאים 60 +,מסלול המותאם לגילאים 60 +,2022,"חשיפה למט""ח",fx,9.68,10.0,+/-   6%,4.0,16.0,,,מדיניות צפויה למסלול 60+,2026-09-30T23:38:13+00:00,https://www.os-gml.co.il/wp-content/uploads/2022/05/מדיניות_השקעות_צפויה_2022__-_מעודכן_גמל_עוס1.xls,policy/companies/520042573/raw/520042573/42e3a1a277f7_מדיניות_השקעות_צפויה_2022__-_מעודכן_גמל_עוס1.xls,מדיניות צפויה למסלול 60+ 
520042573,,,520042573|מדיניות צפויה למסלול עד 50|מסלול המותאם לגילאים עד 50,מסלול המותאם לגילאים עד 50,2022,"מניות (תעודות סל, אופציות, קרנות נאמנות)",equity,55.12,56.0,+/-   6%,50.0,62.0,"מניות בארץ - ת""א 125 - 30%   מניות בחו""ל  - MSCI AC - 70%",,מדיניות צפויה למסלול עד 50,2026-09-30T23:38:13+00:00,https://www.os-gml.co.il/wp-content/uploads/2022/05/מדיניות_השקעות_צפויה_2022__-_מעודכן_גמל_עוס1.xls,policy/companies/520042573/raw/520042573/42e3a1a277f7_מדיניות_השקעות_צפויה_2022__-_מעודכן_גמל_עוס1.xls,מדיניות צפויה למסלול עד 50
520042573,,,520042573|מדיניות צפויה למסלול עד 50|מסלול המותאם לגילאים עד 50,מסלול המותאם לגילאים עד 50,2022,"אג""ח ממשלתי",,22.24,21.0,+/-   5%,16.0,26.0,ממשלתי צמוד 2-5 - 40%     ממשלתי שקלי 2-5 -60%,,מדיניות צפויה למסלול עד 50,2026-09-30T23:38:13+00:00,https://www.os-gml.co.il/wp-content/uploads/2022/05/מדיניות_השקעות_צפויה_2022__-_מעודכן_גמל_עוס1.xls,policy/companies/520042573/raw/520042573/42e3a1a277f7_מדיניות_השקעות_צפויה_2022__-_מעודכן_גמל_עוס1.xls,מדיניות צפויה למסלול עד 50
520042573,,,520042573|מדיניות צפויה למסלול עד 50|מסלול המותאם לגילאים עד 50,מסלול המותאם לגילאים עד 50,2022,"אג""ח קונצרני (קרנות נאמנות, תעודות סל)",,16.9,15.0,+/-   6%,9.0,21.0,תל בונד 60 -60%    תל בונד שקלי - 30%     Bloombreg us corporate1-10 bond index  -10%,,מדיניות צפויה למסלול עד 50,2026-09-30T23:38:13+00:00,https://www.os-gml.co.il/wp-content/uploads/2022/05/מדיניות_השקעות_צפויה_2022__-_מעודכן_גמל_עוס1.xls,policy/companies/520042573/raw/520042573/42e3a1a277f7_מדיניות_השקעות_צפויה_2022__-_מעודכן_גמל_עוס1.xls,מדיניות צפויה למסלול עד 50
520042573,,,520042573|מדיניות צפויה למסלול עד 50|מסלול המותאם לגילאים עד 50,מסלול המותאם לגילאים עד 50,2022,"אחר (קרנות השקעה פרטיות, קרנות נדלן, מכשירים מובנים)*",,0.0,0.0,+/-   5%,0.0,5.0,,,מדיניות צפויה למסלול עד 50,2026-09-30T23:38:13+00:00,https://www.os-gml.co.il/wp-content/uploads/2022/05/מדיניות_השקעות_צפויה_2022__-_מעודכן_גמל_עוס1.xls,policy/companies/520042573/raw/520042573/42e3a1a277f7_מדיניות_השקעות_צפויה_2022__-_מעודכן_גמל_עוס1.xls,מדיניות צפויה למסלול עד 50
520042573,,,520042573|מדיניות צפויה למסלול עד 50|מסלול המותאם לגילאים עד 50,מסלול המותאם לגילאים עד 50,2022,"עו""ש פר""י פק""מ**",,5.75,8.0,+/-   7%,1.0,15.0,ריבית בנק ישראל,,מדיניות צפויה למסלול עד 50,2026-09-30T23:38:13+00:00,https://www.os-gml.co.il/wp-content/uploads/2022/05/מדיניות_השקעות_צפויה_2022__-_מעודכן_גמל_עוס1.xls,policy/companies/520042573/raw/520042573/42e3a1a277f7_מדיניות_השקעות_צפויה_2022__-_מעודכן_גמל_עוס1.xls,מדיניות צפויה למסלול עד 50
520042573,,,520042573|מדיניות צפויה למסלול עד 50|מסלול המותאם לגילאים עד 50,מסלול המותאם לגילאים עד 50,2022,"חשיפה למט""ח",fx,17.82,18.0,+/-   6%,12.0,24.0,,,מדיניות צפויה למסלול עד 50,2026-09-30T23:38:13+00:00,https://www.os-gml.co.il/wp-content/uploads/2022/05/מדיניות_השקעות_צפויה_2022__-_מעודכן_גמל_עוס1.xls,policy/companies/520042573/raw/520042573/42e3a1a277f7_מדיניות_השקעות_צפויה_2022__-_מעודכן_גמל_עוס1.xls,מדיניות צפויה למסלול עד 50
520042573,,,520042573|מדיניות צפויה מסלול 50-60|אושר בדירקטוריון 16 3 2020 עודכן ביום 21 4 2020 עודכון ביום 16 6 2020,אושר בדירקטוריון 16 3 2020 עודכן ביום 21 4 2020 עודכון ביום 16 6 2020,2022,"מניות (תעודות סל, אופציות, קרנות נאמנות)",equity,45.27,45.0,+/-   6%,39.0,51.0,"מניות בארץ - ת""א 125 - 30% ,  מניות בחו""ל  - MSCI AC - 70%",,מדיניות צפויה מסלול 50-60,2026-09-30T23:38:13+00:00,https://www.os-gml.co.il/wp-content/uploads/2022/05/מדיניות_השקעות_צפויה_2022__-_מעודכן_גמל_עוס1.xls?pid=4943,policy/companies/520042573/raw/520042573/42e3a1a277f7_מדיניות_השקעות_צפויה_2022__-_מעודכן_גמל_עוס1.xls,מדיניות צפויה מסלול 50-60 
520042573,,,520042573|מדיניות צפויה מסלול 50-60|אושר בדירקטוריון 16 3 2020 עודכן ביום 21 4 2020 עודכון ביום 16 6 2020,אושר בדירקטוריון 16 3 2020 עודכן ביום 21 4 2020 עודכון ביום 16 6 2020,2022,"אג""ח ממשלתי",,25.14,26.0,+/-   5%,21.0,31.0,ממשלתי צמוד 2-5 - 40%     ממשלתי שקלי 2-5 -60%,,מדיניות צפויה מסלול 50-60,2026-09-30T23:38:13+00:00,https://www.os-gml.co.il/wp-content/uploads/2022/05/מדיניות_השקעות_צפויה_2022__-_מעודכן_גמל_עוס1.xls?pid=4943,policy/companies/520042573/raw/520042573/42e3a1a277f7_מדיניות_השקעות_צפויה_2022__-_מעודכן_גמל_עוס1.xls,מדיניות צפויה מסלול 50-60 
520042573,,,520042573|מדיניות צפויה מסלול 50-60|אושר בדירקטוריון 16 3 2020 עודכן ביום 21 4 2020 עודכון ביום 16 6 2020,אושר בדירקטוריון 16 3 2020 עודכן ביום 21 4 2020 עודכון ביום 16 6 2020,2022,"אג""ח קונצרני (קרנות נאמנות, תעודות סל)",,18.41,15.0,+/-   6%,9.0,21.0,תל בונד 60 -60%    תל בונד שקלי  50- 30%     Bloombreg us corporate1-10 bond index  -10%,,מדיניות צפויה מסלול 50-60,2026-09-30T23:38:13+00:00,https://www.os-gml.co.il/wp-content/uploads/2022/05/מדיניות_השקעות_צפויה_2022__-_מעודכן_גמל_עוס1.xls?pid=4943,policy/companies/520042573/raw/520042573/42e3a1a277f7_מדיניות_השקעות_צפויה_2022__-_מעודכן_גמל_עוס1.xls,מדיניות צפויה מסלול 50-60 
520042573,,,520042573|מדיניות צפויה מסלול 50-60|אושר בדירקטוריון 16 3 2020 עודכן ביום 21 4 2020 עודכון ביום 16 6 2020,אושר בדירקטוריון 16 3 2020 עודכן ביום 21 4 2020 עודכון ביום 16 6 2020,2022,"אחר (קרנות השקעה פרטיות, קרנות נדלן, מכשירים מובנים)*",,5.72,6.0,+/-   5%,1.0,11.0,,,מדיניות צפויה מסלול 50-60,2026-09-30T23:38:13+00:00,https://www.os-gml.co.il/wp-content/uploads/2022/05/מדיניות_השקעות_צפויה_2022__-_מעודכן_גמל_עוס1.xls?pid=4943,policy/companies/520042573/raw/520042573/42e3a1a277f7_מדיניות_השקעות_צפויה_2022__-_מעודכן_גמל_עוס1.xls,מדיניות צפויה מסלול 50-60 
520042573,,,520042573|מדיניות צפויה מסלול 50-60|אושר בדירקטוריון 16 3 2020 עודכן ביום 21 4 2020 עודכון ביום 16 6 2020,אושר בדירקטוריון 16 3 2020 עודכן ביום 21 4 2020 עודכון ביום 16 6 2020,2022,"עו""ש פר""י פק""מ**",,5.46,8.0,+/-   7%,1.0,15.0,ריבית בנק ישראל,,מדיניות צפויה מסלול 50-60,2026-09-30T23:38:13+00:00,https://www.os-gml.co.il/wp-content/uploads/2022/05/מדיניות_השקעות_צפויה_2022__-_מעודכן_גמל_עוס1.xls?pid=4943,policy/companies/520042573/raw/520042573/42e3a1a277f7_מדיניות_השקעות_צפויה_2022__-_מעודכן_גמל_עוס1.xls,מדיניות צפויה מסלול 50-60 
520042573,,,520042573|מדיניות צפויה מסלול 50-60|אושר בדירקטוריון 16 3 2020 עודכן ביום 21 4 2020 עודכון ביום 16 6 2020,אושר בדירקטוריון 16 3 2020 עודכן ביום 21 4 2020 עודכון ביום 16 6 2020,2022,"חשיפה למט""ח",fx,16.92,18.0,+/-   6%,12.0,24.0,,,מדיניות צפויה מסלול 50-60,2026-09-30T23:38:13+00:00,https://www.os-gml.co.il/wp-content/uploads/2022/05/מדיניות_השקעות_צפויה_2022__-_מעודכן_גמל_עוס1.xls?pid=4943,policy/companies/520042573/raw/520042573/42e3a1a277f7_מדיניות_השקעות_צפויה_2022__-_מעודכן_גמל_עוס1.xls,מדיניות צפויה מסלול 50-60 
520042573,,,520042573|מדיניות צפויה למסלול 60+|מסלול המותאם לגילאים 60 +,מסלול המותאם לגילאים 60 +,2022,"מניות (תעודות סל, אופציות, קרנות נאמנות)",equity,22.39,22.0,+/-   6%,16.0,28.0,"מניות בארץ - ת""א 125 - 30%   מניות בחו""ל  - MSCI AC - 70%",,מדיניות צפויה למסלול 60+,2026-09-30T23:38:13+00:00,https://www.os-gml.co.il/wp-content/uploads/2022/05/מדיניות_השקעות_צפויה_2022__-_מעודכן_גמל_עוס1.xls?pid=4943,policy/companies/520042573/raw/520042573/42e3a1a277f7_מדיניות_השקעות_צפויה_2022__-_מעודכן_גמל_עוס1.xls,מדיניות צפויה למסלול 60+ 
520042573,,,520042573|מדיניות צפויה למסלול 60+|מסלול המותאם לגילאים 60 +,מסלול המותאם לגילאים 60 +,2022,"אג""ח ממשלתי",,46.28,46.0,+/-   5%,41.0,51.0,ממשלתי צמוד 2-5 - 30%      ממשלתי שקלי 2-5 -70%,,מדיניות צפויה למסלול 60+,2026-09-30T23:38:13+00:00,https://www.os-gml.co.il/wp-content/uploads/2022/05/מדיניות_השקעות_צפויה_2022__-_מעודכן_גמל_עוס1.xls?pid=4943,policy/companies/520042573/raw/520042573/42e3a1a277f7_מדיניות_השקעות_צפויה_2022__-_מעודכן_גמל_עוס1.xls,מדיניות צפויה למסלול 60+ 
520042573,,,520042573|מדיניות צפויה למסלול 60+|מסלול המותאם לגילאים 60 +,מסלול המותאם לגילאים 60 +,2022,"אג""ח קונצרני (קרנות נאמנות, תעודות סל)",,26.4,26.0,+/-   6%,20.0,32.0,תל בונד 60 -65%    תל בונד שקלי  - 25%     Bloombreg us corporate1-10 bond index  -10%,,מדיניות צפויה למסלול 60+,2026-09-30T23:38:13+00:00,https://www.os-gml.co.il/wp-content/uploads/2022/05/מדיניות_השקעות_צפויה_2022__-_מעודכן_גמל_עוס1.xls?pid=4943,policy/companies/520042573/raw/520042573/42e3a1a277f7_מדיניות_השקעות_צפויה_2022__-_מעודכן_גמל_עוס1.xls,מדיניות צפויה למסלול 60+ 
520042573,,,520042573|מדיניות צפויה למסלול 60+|מסלול המותאם לגילאים 60 +,מסלול המותאם לגילאים 60 +,2022,"אחר (קרנות השקעה פרטיות, קרנות נדלן, מכשירים מובנים)*",,0.0,1.0,+/-   5%,0.0,6.0,,,מדיניות צפויה למסלול 60+,2026-09-30T23:38:13+00:00,https://www.os-gml.co.il/wp-content/uploads/2022/05/מדיניות_השקעות_צפויה_2022__-_מעודכן_גמל_עוס1.xls?pid=4943,policy/companies/520042573/raw/520042573/42e3a1a277f7_מדיניות_השקעות_צפויה_2022__-_מעודכן_גמל_עוס1.xls,מדיניות צפויה למסלול 60+ 
520042573,,,520042573|מדיניות צפויה למסלול 60+|מסלול המותאם לגילאים 60 +,מסלול המותאם לגילאים 60 +,2022,"עו""ש פר""י פק""מ**",,4.89,5.0,+/-   5%,0.0,10.0,ריבית בנק ישראל,,מדיניות צפויה למסלול 60+,2026-09-30T23:38:13+00:00,https://www.os-gml.co.il/wp-content/uploads/2022/05/מדיניות_השקעות_צפויה_2022__-_מעודכן_גמל_עוס1.xls?pid=4943,policy/companies/520042573/raw/520042573/42e3a1a277f7_מדיניות_השקעות_צפויה_2022__-_מעודכן_גמל_עוס1.xls,מדיניות צפויה למסלול 60+ 
520042573,,,520042573|מדיניות צפויה למסלול 60+|מסלול המותאם לגילאים 60 +,מסלול המותאם לגילאים 60 +,2022,"חשיפה למט""ח",fx,9.68,10.0,+/-   6%,4.0,16.0,,,מדיניות צפויה למסלול 60+,2026-09-30T23:38:13+00:00,https://www.os-gml.co.il/wp-content/uploads/2022/05/מדיניות_השקעות_צפויה_2022__-_מעודכן_גמל_עוס1.xls?pid=4943,policy/companies/520042573/raw/520042573/42e3a1a277f7_מדיניות_השקעות_צפויה_2022__-_מעודכן_גמל_עוס1.xls,מדיניות צפויה למסלול 60+ 
520042573,,,520042573|מדיניות צפויה למסלול עד 50|מסלול המותאם לגילאים עד 50,מסלול המותאם לגילאים עד 50,2022,"מניות (תעודות סל, אופציות, קרנות נאמנות)",equity,55.12,56.0,+/-   6%,50.0,62.0,"מניות בארץ - ת""א 125 - 30%   מניות בחו""ל  - MSCI AC - 70%",,מדיניות צפויה למסלול עד 50,2026-09-30T23:38:13+00:00,https://www.os-gml.co.il/wp-content/uploads/2022/05/מדיניות_השקעות_צפויה_2022__-_מעודכן_גמל_עוס1.xls?pid=4943,policy/companies/520042573/raw/520042573/42e3a1a277f7_מדיניות_השקעות_צפויה_2022__-_מעודכן_גמל_עוס1.xls,מדיניות צפויה למסלול עד 50
520042573,,,520042573|מדיניות צפויה למסלול עד 50|מסלול המותאם לגילאים עד 50,מסלול המותאם לגילאים עד 50,2022,"אג""ח ממשלתי",,22.24,21.0,+/-   5%,16.0,26.0,ממשלתי צמוד 2-5 - 40%     ממשלתי שקלי 2-5 -60%,,מדיניות צפויה למסלול עד 50,2026-09-30T23:38:13+00:00,https://www.os-gml.co.il/wp-content/uploads/2022/05/מדיניות_השקעות_צפויה_2022__-_מעודכן_גמל_עוס1.xls?pid=4943,policy/companies/520042573/raw/520042573/42e3a1a277f7_מדיניות_השקעות_צפויה_2022__-_מעודכן_גמל_עוס1.xls,מדיניות צפויה למסלול עד 50
520042573,,,520042573|מדיניות צפויה למסלול עד 50|מסלול המותאם לגילאים עד 50,מסלול המותאם לגילאים עד 50,2022,"אג""ח קונצרני (קרנות נאמנות, תעודות סל)",,16.9,15.0,+/-   6%,9.0,21.0,תל בונד 60 -60%    תל בונד שקלי - 30%     Bloombreg us corporate1-10 bond index  -10%,,מדיניות צפויה למסלול עד 50,2026-09-30T23:38:13+00:00,https://www.os-gml.co.il/wp-content/uploads/2022/05/מדיניות_השקעות_צפויה_2022__-_מעודכן_גמל_עוס1.xls?pid=4943,policy/companies/520042573/raw/520042573/42e3a1a277f7_מדיניות_השקעות_צפויה_2022__-_מעודכן_גמל_עוס1.xls,מדיניות צפויה למסלול עד 50
520042573,,,520042573|מדיניות צפויה למסלול עד 50|מסלול המותאם לגילאים עד 50,מסלול המותאם לגילאים עד 50,2022,"אחר (קרנות השקעה פרטיות, קרנות נדלן, מכשירים מובנים)*",,0.0,0.0,+/-   5%,0.0,5.0,,,מדיניות צפויה למסלול עד 50,2026-09-30T23:38:13+00:00,https://www.os-gml.co.il/wp-content/uploads/2022/05/מדיניות_השקעות_צפויה_2022__-_מעודכן_גמל_עוס1.xls?pid=4943,policy/companies/520042573/raw/520042573/42e3a1a277f7_מדיניות_השקעות_צפויה_2022__-_מעודכן_גמל_עוס1.xls,מדיניות צפויה למסלול עד 50
520042573,,,520042573|מדיניות צפויה למסלול עד 50|מסלול המותאם לגילאים עד 50,מסלול המותאם לגילאים עד 50,2022,"עו""ש פר""י פק""מ**",,5.75,8.0,+/-   7%,1.0,15.0,ריבית בנק ישראל,,מדיניות צפויה למסלול עד 50,2026-09-30T23:38:13+00:00,https://www.os-gml.co.il/wp-content/uploads/2022/05/מדיניות_השקעות_צפויה_2022__-_מעודכן_גמל_עוס1.xls?pid=4943,policy/companies/520042573/raw/520042573/42e3a1a277f7_מדיניות_השקעות_צפויה_2022__-_מעודכן_גמל_עוס1.xls,מדיניות צפויה למסלול עד 50
520042573,,,520042573|מדיניות צפויה למסלול עד 50|מסלול המותאם לגילאים עד 50,מסלול המותאם לגילאים עד 50,2022,"חשיפה למט""ח",fx,17.82,18.0,+/-   6%,12.0,24.0,,,מדיניות צפויה למסלול עד 50,2026-09-30T23:38:13+00:00,https://www.os-gml.co.il/wp-content/uploads/2022/05/מדיניות_השקעות_צפויה_2022__-_מעודכן_גמל_עוס1.xls?pid=4943,policy/companies/520042573/raw/520042573/42e3a1a277f7_מדיניות_השקעות_צפויה_2022__-_מעודכן_גמל_עוס1.xls,מדיניות צפויה למסלול עד 50
520042573,,,520042573|מדיניות צפויה מסלול 50-60|אושר בדירקטוריון 16 3 2020 עודכן ביום 21 4 2020 עודכון ביום 16 6 2020,אושר בדירקטוריון 16 3 2020 עודכן ביום 21 4 2020 עודכון ביום 16 6 2020,2022,"מניות (תעודות סל, אופציות, קרנות נאמנות)",equity,45.27,45.0,+/-   6%,39.0,51.0,"מניות בארץ - ת""א 125 - 30% ,  מניות בחו""ל  - MSCI AC - 70%",,מדיניות צפויה מסלול 50-60,2026-09-30T23:38:13+00:00,https://www.os-gml.co.il/wp-content/uploads/2022/07/מדיניות_השקעות_צפויה_2022__-_מעודכן_גמל_עוס1__2_.xls?pid=4943,policy/companies/520042573/raw/520042573/bb2623cc55d3_מדיניות_השקעות_צפויה_2022__-_מעודכן_גמל_עוס1__2_.xls,מדיניות צפויה מסלול 50-60 
520042573,,,520042573|מדיניות צפויה מסלול 50-60|אושר בדירקטוריון 16 3 2020 עודכן ביום 21 4 2020 עודכון ביום 16 6 2020,אושר בדירקטוריון 16 3 2020 עודכן ביום 21 4 2020 עודכון ביום 16 6 2020,2022,"אג""ח ממשלתי",,25.14,26.0,+/-   5%,21.0,31.0,ממשלתי צמוד 2-5 - 40%     ממשלתי שקלי 2-5 -60%,,מדיניות צפויה מסלול 50-60,2026-09-30T23:38:13+00:00,https://www.os-gml.co.il/wp-content/uploads/2022/07/מדיניות_השקעות_צפויה_2022__-_מעודכן_גמל_עוס1__2_.xls?pid=4943,policy/companies/520042573/raw/520042573/bb2623cc55d3_מדיניות_השקעות_צפויה_2022__-_מעודכן_גמל_עוס1__2_.xls,מדיניות צפויה מסלול 50-60 
520042573,,,520042573|מדיניות צפויה מסלול 50-60|אושר בדירקטוריון 16 3 2020 עודכן ביום 21 4 2020 עודכון ביום 16 6 2020,אושר בדירקטוריון 16 3 2020 עודכן ביום 21 4 2020 עודכון ביום 16 6 2020,2022,"אג""ח קונצרני (קרנות נאמנות, תעודות סל)",,18.41,15.0,+/-   6%,9.0,21.0,תל בונד 60 -60%    תל בונד שקלי  50- 30%     Bloombreg us corporate1-10 bond index  -10%,,מדיניות צפויה מסלול 50-60,2026-09-30T23:38:13+00:00,https://www.os-gml.co.il/wp-content/uploads/2022/07/מדיניות_השקעות_צפויה_2022__-_מעודכן_גמל_עוס1__2_.xls?pid=4943,policy/companies/520042573/raw/520042573/bb2623cc55d3_מדיניות_השקעות_צפויה_2022__-_מעודכן_גמל_עוס1__2_.xls,מדיניות צפויה מסלול 50-60 
520042573,,,520042573|מדיניות צפויה מסלול 50-60|אושר בדירקטוריון 16 3 2020 עודכן ביום 21 4 2020 עודכון ביום 16 6 2020,אושר בדירקטוריון 16 3 2020 עודכן ביום 21 4 2020 עודכון ביום 16 6 2020,2022,"אחר (קרנות השקעה פרטיות, קרנות נדלן, מכשירים מובנים)*",,5.72,6.0,+/-   5%,1.0,11.0,,,מדיניות צפויה מסלול 50-60,2026-09-30T23:38:13+00:00,https://www.os-gml.co.il/wp-content/uploads/2022/07/מדיניות_השקעות_צפויה_2022__-_מעודכן_גמל_עוס1__2_.xls?pid=4943,policy/companies/520042573/raw/520042573/bb2623cc55d3_מדיניות_השקעות_צפויה_2022__-_מעודכן_גמל_עוס1__2_.xls,מדיניות צפויה מסלול 50-60 
520042573,,,520042573|מדיניות צפויה מסלול 50-60|אושר בדירקטוריון 16 3 2020 עודכן ביום 21 4 2020 עודכון ביום 16 6 2020,אושר בדירקטוריון 16 3 2020 עודכן ביום 21 4 2020 עודכון ביום 16 6 2020,2022,"עו""ש פר""י פק""מ**",,5.46,8.0,+/-   7%,1.0,15.0,ריבית בנק ישראל,,מדיניות צפויה מסלול 50-60,2026-09-30T23:38:13+00:00,https://www.os-gml.co.il/wp-content/uploads/2022/07/מדיניות_השקעות_צפויה_2022__-_מעודכן_גמל_עוס1__2_.xls?pid=4943,policy/companies/520042573/raw/520042573/bb2623cc55d3_מדיניות_השקעות_צפויה_2022__-_מעודכן_גמל_עוס1__2_.xls,מדיניות צפויה מסלול 50-60 
520042573,,,520042573|מדיניות צפויה מסלול 50-60|אושר בדירקטוריון 16 3 2020 עודכן ביום 21 4 2020 עודכון ביום 16 6 2020,אושר בדירקטוריון 16 3 2020 עודכן ביום 21 4 2020 עודכון ביום 16 6 2020,2022,"חשיפה למט""ח",fx,16.92,18.0,+/-   6%,12.0,24.0,,,מדיניות צפויה מסלול 50-60,2026-09-30T23:38:13+00:00,https://www.os-gml.co.il/wp-content/uploads/2022/07/מדיניות_השקעות_צפויה_2022__-_מעודכן_גמל_עוס1__2_.xls?pid=4943,policy/companies/520042573/raw/520042573/bb2623cc55d3_מדיניות_השקעות_צפויה_2022__-_מעודכן_גמל_עוס1__2_.xls,מדיניות צפויה מסלול 50-60 
520042573,,,520042573|מדיניות צפויה למסלול 60+|מסלול המותאם לגילאים 60 +,מסלול המותאם לגילאים 60 +,2022,"מניות (תעודות סל, אופציות, קרנות נאמנות)",equity,22.39,22.0,+/-   6%,16.0,28.0,"מניות בארץ - ת""א 125 - 30%   מניות בחו""ל  - MSCI AC - 70%",,מדיניות צפויה למסלול 60+,2026-09-30T23:38:13+00:00,https://www.os-gml.co.il/wp-content/uploads/2022/07/מדיניות_השקעות_צפויה_2022__-_מעודכן_גמל_עוס1__2_.xls?pid=4943,policy/companies/520042573/raw/520042573/bb2623cc55d3_מדיניות_השקעות_צפויה_2022__-_מעודכן_גמל_עוס1__2_.xls,מדיניות צפויה למסלול 60+ 
520042573,,,520042573|מדיניות צפויה למסלול 60+|מסלול המותאם לגילאים 60 +,מסלול המותאם לגילאים 60 +,2022,"אג""ח ממשלתי",,46.28,46.0,+/-   5%,41.0,51.0,ממשלתי צמוד 2-5 - 30%      ממשלתי שקלי 2-5 -70%,,מדיניות צפויה למסלול 60+,2026-09-30T23:38:13+00:00,https://www.os-gml.co.il/wp-content/uploads/2022/07/מדיניות_השקעות_צפויה_2022__-_מעודכן_גמל_עוס1__2_.xls?pid=4943,policy/companies/520042573/raw/520042573/bb2623cc55d3_מדיניות_השקעות_צפויה_2022__-_מעודכן_גמל_עוס1__2_.xls,מדיניות צפויה למסלול 60+ 
520042573,,,520042573|מדיניות צפויה למסלול 60+|מסלול המותאם לגילאים 60 +,מסלול המותאם לגילאים 60 +,2022,"אג""ח קונצרני (קרנות נאמנות, תעודות סל)",,26.4,26.0,+/-   6%,20.0,32.0,תל בונד 60 -65%    תל בונד שקלי  - 25%     Bloombreg us corporate1-10 bond index  -10%,,מדיניות צפויה למסלול 60+,2026-09-30T23:38:13+00:00,https://www.os-gml.co.il/wp-content/uploads/2022/07/מדיניות_השקעות_צפויה_2022__-_מעודכן_גמל_עוס1__2_.xls?pid=4943,policy/companies/520042573/raw/520042573/bb2623cc55d3_מדיניות_השקעות_צפויה_2022__-_מעודכן_גמל_עוס1__2_.xls,מדיניות צפויה למסלול 60+ 
520042573,,,520042573|מדיניות צפויה למסלול 60+|מסלול המותאם לגילאים 60 +,מסלול המותאם לגילאים 60 +,2022,"אחר (קרנות השקעה פרטיות, קרנות נדלן, מכשירים מובנים)*",,0.0,1.0,+/-   5%,0.0,6.0,,,מדיניות צפויה למסלול 60+,2026-09-30T23:38:13+00:00,https://www.os-gml.co.il/wp-content/uploads/2022/07/מדיניות_השקעות_צפויה_2022__-_מעודכן_גמל_עוס1__2_.xls?pid=4943,policy/companies/520042573/raw/520042573/bb2623cc55d3_מדיניות_השקעות_צפויה_2022__-_מעודכן_גמל_עוס1__2_.xls,מדיניות צפויה למסלול 60+ 
520042573,,,520042573|מדיניות צפויה למסלול 60+|מסלול המותאם לגילאים 60 +,מסלול המותאם לגילאים 60 +,2022,"עו""ש פר""י פק""מ**",,4.89,5.0,+/-   5%,0.0,10.0,ריבית בנק ישראל,,מדיניות צפויה למסלול 60+,2026-09-30T23:38:13+00:00,https://www.os-gml.co.il/wp-content/uploads/2022/07/מדיניות_השקעות_צפויה_2022__-_מעודכן_גמל_עוס1__2_.xls?pid=4943,policy/companies/520042573/raw/520042573/bb2623cc55d3_מדיניות_השקעות_צפויה_2022__-_מעודכן_גמל_עוס1__2_.xls,מדיניות צפויה למסלול 60+ 
520042573,,,520042573|מדיניות צפויה למסלול 60+|מסלול המותאם לגילאים 60 +,מסלול המותאם לגילאים 60 +,2022,"חשיפה למט""ח",fx,9.68,10.0,+/-   6%,4.0,16.0,,,מדיניות צפויה למסלול 60+,2026-09-30T23:38:13+00:00,https://www.os-gml.co.il/wp-content/uploads/2022/07/מדיניות_השקעות_צפויה_2022__-_מעודכן_גמל_עוס1__2_.xls?pid=4943,policy/companies/520042573/raw/520042573/bb2623cc55d3_מדיניות_השקעות_צפויה_2022__-_מעודכן_גמל_עוס1__2_.xls,מדיניות צפויה למסלול 60+ 
520042573,,,520042573|מדיניות צפויה למסלול עד 50|מסלול המותאם לגילאים עד 50,מסלול המותאם לגילאים עד 50,2022,"מניות (תעודות סל, אופציות, קרנות נאמנות)",equity,55.12,56.0,+/-   6%,50.0,62.0,"מניות בארץ - ת""א 125 - 30%   מניות בחו""ל  - MSCI AC - 70%",,מדיניות צפויה למסלול עד 50,2026-09-30T23:38:13+00:00,https://www.os-gml.co.il/wp-content/uploads/2022/07/מדיניות_השקעות_צפויה_2022__-_מעודכן_גמל_עוס1__2_.xls?pid=4943,policy/companies/520042573/raw/520042573/bb2623cc55d3_מדיניות_השקעות_צפויה_2022__-_מעודכן_גמל_עוס1__2_.xls,מדיניות צפויה למסלול עד 50
520042573,,,520042573|מדיניות צפויה למסלול עד 50|מסלול המותאם לגילאים עד 50,מסלול המותאם לגילאים עד 50,2022,"אג""ח ממשלתי",,22.24,21.0,+/-   5%,16.0,26.0,ממשלתי צמוד 2-5 - 40%     ממשלתי שקלי 2-5 -60%,,מדיניות צפויה למסלול עד 50,2026-09-30T23:38:13+00:00,https://www.os-gml.co.il/wp-content/uploads/2022/07/מדיניות_השקעות_צפויה_2022__-_מעודכן_גמל_עוס1__2_.xls?pid=4943,policy/companies/520042573/raw/520042573/bb2623cc55d3_מדיניות_השקעות_צפויה_2022__-_מעודכן_גמל_עוס1__2_.xls,מדיניות צפויה למסלול עד 50
520042573,,,520042573|מדיניות צפויה למסלול עד 50|מסלול המותאם לגילאים עד 50,מסלול המותאם לגילאים עד 50,2022,"אג""ח קונצרני (קרנות נאמנות, תעודות סל)",,16.9,15.0,+/-   6%,9.0,21.0,תל בונד 60 -60%    תל בונד שקלי - 30%     Bloombreg us corporate1-10 bond index  -10%,,מדיניות צפויה למסלול עד 50,2026-09-30T23:38:13+00:00,https://www.os-gml.co.il/wp-content/uploads/2022/07/מדיניות_השקעות_צפויה_2022__-_מעודכן_גמל_עוס1__2_.xls?pid=4943,policy/companies/520042573/raw/520042573/bb2623cc55d3_מדיניות_השקעות_צפויה_2022__-_מעודכן_גמל_עוס1__2_.xls,מדיניות צפויה למסלול עד 50
520042573,,,520042573|מדיניות צפויה למסלול עד 50|מסלול המותאם לגילאים עד 50,מסלול המותאם לגילאים עד 50,2022,"אחר (קרנות השקעה פרטיות, קרנות נדלן, מכשירים מובנים)*",,0.0,0.0,+/-   5%,0.0,5.0,,,מדיניות צפויה למסלול עד 50,2026-09-30T23:38:13+00:00,https://www.os-gml.co.il/wp-content/uploads/2022/07/מדיניות_השקעות_צפויה_2022__-_מעודכן_גמל_עוס1__2_.xls?pid=4943,policy/companies/520042573/raw/520042573/bb2623cc55d3_מדיניות_השקעות_צפויה_2022__-_מעודכן_גמל_עוס1__2_.xls,מדיניות צפויה למסלול עד 50
520042573,,,520042573|מדיניות צפויה למסלול עד 50|מסלול המותאם לגילאים עד 50,מסלול המותאם לגילאים עד 50,2022,"עו""ש פר""י פק""מ**",,5.75,8.0,+/-   7%,1.0,15.0,ריבית בנק ישראל,,מדיניות צפויה למסלול עד 50,2026-09-30T23:38:13+00:00,https://www.os-gml.co.il/wp-content/uploads/2022/07/מדיניות_השקעות_צפויה_2022__-_מעודכן_גמל_עוס1__2_.xls?pid=4943,policy/companies/520042573/raw/520042573/bb2623cc55d3_מדיניות_השקעות_צפויה_2022__-_מעודכן_גמל_עוס1__2_.xls,מדיניות צפויה למסלול עד 50
520042573,,,520042573|מדיניות צפויה למסלול עד 50|מסלול המותאם לגילאים עד 50,מסלול המותאם לגילאים עד 50,2022,"חשיפה למט""ח",fx,17.82,18.0,+/-   6%,12.0,24.0,,,מדיניות צפויה למסלול עד 50,2026-09-30T23:38:13+00:00,https://www.os-gml.co.il/wp-content/uploads/2022/07/מדיניות_השקעות_צפויה_2022__-_מעודכן_גמל_עוס1__2_.xls?pid=4943,policy/companies/520042573/raw/520042573/bb2623cc55d3_מדיניות_השקעות_צפויה_2022__-_מעודכן_גמל_עוס1__2_.xls,מדיניות צפויה למסלול עד 50
520042573,,,520042573|מדיניות צפויה מסלול 50-60|אושר בדירקטוריון 16 3 2020 עודכן ביום 21 4 2020 עודכון ביום 16 6 2020,אושר בדירקטוריון 16 3 2020 עודכן ביום 21 4 2020 עודכון ביום 16 6 2020,2023,"מניות (תעודות סל, אופציות, קרנות נאמנות)",equity,40.9,42.0,+/-   6%,36.0,48.0,"מניות בארץ - ת""א 125 - 30% ,  מניות בחו""ל  - MSCI AC - 70%",,מדיניות צפויה מסלול 50-60,2026-09-30T23:38:13+00:00,https://www.os-gml.co.il/wp-content/uploads/2023/01/ג003_-_עוס_-_מדיניות_השקעות_צפויה_לשנת_2023_-_אושרה_בדירקטוריון_25.1.20231.xls?pid=4943,policy/companies/520042573/raw/520042573/ffd47cc9d4c9_ג003_-_עוס_-_מדיניות_השקעות_צפויה_לשנת_2023_-_אושרה_בדירקטוריון_25.1.20231.xls,מדיניות צפויה מסלול 50-60 
520042573,,,520042573|מדיניות צפויה מסלול 50-60|אושר בדירקטוריון 16 3 2020 עודכן ביום 21 4 2020 עודכון ביום 16 6 2020,אושר בדירקטוריון 16 3 2020 עודכן ביום 21 4 2020 עודכון ביום 16 6 2020,2023,"אג""ח ממשלתי",,27.49,22.0,+/-   5%,17.0,27.0,ממשלתי צמוד 2-5 - 40%     ממשלתי שקלי 2-5 -60%,,מדיניות צפויה מסלול 50-60,2026-09-30T23:38:13+00:00,https://www.os-gml.co.il/wp-content/uploads/2023/01/ג003_-_עוס_-_מדיניות_השקעות_צפויה_לשנת_2023_-_אושרה_בדירקטוריון_25.1.20231.xls?pid=4943,policy/companies/520042573/raw/520042573/ffd47cc9d4c9_ג003_-_עוס_-_מדיניות_השקעות_צפויה_לשנת_2023_-_אושרה_בדירקטוריון_25.1.20231.xls,מדיניות צפויה מסלול 50-60 
520042573,,,520042573|מדיניות צפויה מסלול 50-60|אושר בדירקטוריון 16 3 2020 עודכן ביום 21 4 2020 עודכון ביום 16 6 2020,אושר בדירקטוריון 16 3 2020 עודכן ביום 21 4 2020 עודכון ביום 16 6 2020,2023,"אג""ח קונצרני (קרנות נאמנות, תעודות סל)",,24.1,28.0,+/-   6%,22.0,34.0,תל בונד 60 -60%    תל בונד שקלי  50- 30%     Bloombreg us corporate1-10 bond index  -10%,,מדיניות צפויה מסלול 50-60,2026-09-30T23:38:13+00:00,https://www.os-gml.co.il/wp-content/uploads/2023/01/ג003_-_עוס_-_מדיניות_השקעות_צפויה_לשנת_2023_-_אושרה_בדירקטוריון_25.1.20231.xls?pid=4943,policy/companies/520042573/raw/520042573/ffd47cc9d4c9_ג003_-_עוס_-_מדיניות_השקעות_צפויה_לשנת_2023_-_אושרה_בדירקטוריון_25.1.20231.xls,מדיניות צפויה מסלול 50-60 
520042573,,,520042573|מדיניות צפויה מסלול 50-60|אושר בדירקטוריון 16 3 2020 עודכן ביום 21 4 2020 עודכון ביום 16 6 2020,אושר בדירקטוריון 16 3 2020 עודכן ביום 21 4 2020 עודכון ביום 16 6 2020,2023,"אחר (קרנות השקעה פרטיות, קרנות נדלן, מכשירים מובנים)*",,8.64,8.0,+/-   5%,3.0,13.0,,,מדיניות צפויה מסלול 50-60,2026-09-30T23:38:13+00:00,https://www.os-gml.co.il/wp-content/uploads/2023/01/ג003_-_עוס_-_מדיניות_השקעות_צפויה_לשנת_2023_-_אושרה_בדירקטוריון_25.1.20231.xls?pid=4943,policy/companies/520042573/raw/520042573/ffd47cc9d4c9_ג003_-_עוס_-_מדיניות_השקעות_צפויה_לשנת_2023_-_אושרה_בדירקטוריון_25.1.20231.xls,מדיניות צפויה מסלול 50-60 
520042573,,,520042573|מדיניות צפויה מסלול 50-60|אושר בדירקטוריון 16 3 2020 עודכן ביום 21 4 2020 עודכון ביום 16 6 2020,אושר בדירקטוריון 16 3 2020 עודכן ביום 21 4 2020 עודכון ביום 16 6 2020,2023,"עו""ש פר""י פק""מ**",,3.46,5.0,+/-   7%,0.0,10.0,ריבית בנק ישראל,,מדיניות צפויה מסלול 50-60,2026-09-30T23:38:13+00:00,https://www.os-gml.co.il/wp-content/uploads/2023/01/ג003_-_עוס_-_מדיניות_השקעות_צפויה_לשנת_2023_-_אושרה_בדירקטוריון_25.1.20231.xls?pid=4943,policy/companies/520042573/raw/520042573/ffd47cc9d4c9_ג003_-_עוס_-_מדיניות_השקעות_צפויה_לשנת_2023_-_אושרה_בדירקטוריון_25.1.20231.xls,מדיניות צפויה מסלול 50-60 
520042573,,,520042573|מדיניות צפויה מסלול 50-60|אושר בדירקטוריון 16 3 2020 עודכן ביום 21 4 2020 עודכון ביום 16 6 2020,אושר בדירקטוריון 16 3 2020 עודכן ביום 21 4 2020 עודכון ביום 16 6 2020,2023,"חשיפה למט""ח",fx,17.74,18.0,+/-   6%,12.0,24.0,,,מדיניות צפויה מסלול 50-60,2026-09-30T23:38:13+00:00,https://www.os-gml.co.il/wp-content/uploads/2023/01/ג003_-_עוס_-_מדיניות_השקעות_צפויה_לשנת_2023_-_אושרה_בדירקטוריון_25.1.20231.xls?pid=4943,policy/companies/520042573/raw/520042573/ffd47cc9d4c9_ג003_-_עוס_-_מדיניות_השקעות_צפויה_לשנת_2023_-_אושרה_בדירקטוריון_25.1.20231.xls,מדיניות צפויה מסלול 50-60 
520042573,,,520042573|מדיניות צפויה מסלול 50-60|אושר בדירקטוריון 16 3 2020 עודכן ביום 21 4 2020 עודכון ביום 16 6 2020,אושר בדירקטוריון 16 3 2020 עודכן ביום 21 4 2020 עודכון ביום 16 6 2020,2023,מגבלת עמלת דמי ניהול,,0.28,,,,,,,מדיניות צפויה מסלול 50-60,2026-09-30T23:38:13+00:00,https://www.os-gml.co.il/wp-content/uploads/2023/01/ג003_-_עוס_-_מדיניות_השקעות_צפויה_לשנת_2023_-_אושרה_בדירקטוריון_25.1.20231.xls?pid=4943,policy/companies/520042573/raw/520042573/ffd47cc9d4c9_ג003_-_עוס_-_מדיניות_השקעות_צפויה_לשנת_2023_-_אושרה_בדירקטוריון_25.1.20231.xls,מדיניות צפויה מסלול 50-60 
520042573,,,520042573|מדיניות צפויה למסלול 60+|מסלול המותאם לגילאים 60 +,מסלול המותאם לגילאים 60 +,2023,"מניות (תעודות סל, אופציות, קרנות נאמנות)",equity,19.11,20.0,+/-   6%,14.0,26.0,"מניות בארץ - ת""א 125 - 30%   מניות בחו""ל  - MSCI AC - 70%",,מדיניות צפויה למסלול 60+,2026-09-30T23:38:13+00:00,https://www.os-gml.co.il/wp-content/uploads/2023/01/ג003_-_עוס_-_מדיניות_השקעות_צפויה_לשנת_2023_-_אושרה_בדירקטוריון_25.1.20231.xls?pid=4943,policy/companies/520042573/raw/520042573/ffd47cc9d4c9_ג003_-_עוס_-_מדיניות_השקעות_צפויה_לשנת_2023_-_אושרה_בדירקטוריון_25.1.20231.xls,מדיניות צפויה למסלול 60+ 
520042573,,,520042573|מדיניות צפויה למסלול 60+|מסלול המותאם לגילאים 60 +,מסלול המותאם לגילאים 60 +,2023,"אג""ח ממשלתי",,49.1,45.0,+/-   5%,40.0,50.0,ממשלתי צמוד 2-5 - 30%      ממשלתי שקלי 2-5 -70%,,מדיניות צפויה למסלול 60+,2026-09-30T23:38:13+00:00,https://www.os-gml.co.il/wp-content/uploads/2023/01/ג003_-_עוס_-_מדיניות_השקעות_צפויה_לשנת_2023_-_אושרה_בדירקטוריון_25.1.20231.xls?pid=4943,policy/companies/520042573/raw/520042573/ffd47cc9d4c9_ג003_-_עוס_-_מדיניות_השקעות_צפויה_לשנת_2023_-_אושרה_בדירקטוריון_25.1.20231.xls,מדיניות צפויה למסלול 60+ 
520042573,,,520042573|מדיניות צפויה למסלול 60+|מסלול המותאם לגילאים 60 +,מסלול המותאם לגילאים 60 +,2023,"אג""ח קונצרני (קרנות נאמנות, תעודות סל)",,30.9,35.0,+/-   6%,29.0,41.0,תל בונד 60 -65%    תל בונד שקלי  - 25%     Bloombreg us corporate1-10 bond index  -10%,,מדיניות צפויה למסלול 60+,2026-09-30T23:38:13+00:00,https://www.os-gml.co.il/wp-content/uploads/2023/01/ג003_-_עוס_-_מדיניות_השקעות_צפויה_לשנת_2023_-_אושרה_בדירקטוריון_25.1.20231.xls?pid=4943,policy/companies/520042573/raw/520042573/ffd47cc9d4c9_ג003_-_עוס_-_מדיניות_השקעות_צפויה_לשנת_2023_-_אושרה_בדירקטוריון_25.1.20231.xls,מדיניות צפויה למסלול 60+ 
520042573,,,520042573|מדיניות צפויה למסלול 60+|מסלול המותאם לגילאים 60 +,מסלול המותאם לגילאים 60 +,2023,"אחר (קרנות השקעה פרטיות, קרנות נדלן, מכשירים מובנים)*",,0.0,0.0,+/-   5%,0.0,10.0,,,מדיניות צפויה למסלול 60+,2026-09-30T23:38:13+00:00,https://www.os-gml.co.il/wp-content/uploads/2023/01/ג003_-_עוס_-_מדיניות_השקעות_צפויה_לשנת_2023_-_אושרה_בדירקטוריון_25.1.20231.xls?pid=4943,policy/companies/520042573/raw/520042573/ffd47cc9d4c9_ג003_-_עוס_-_מדיניות_השקעות_צפויה_לשנת_2023_-_אושרה_בדירקטוריון_25.1.20231.xls,מדיניות צפויה למסלול 60+ 
520042573,,,520042573|מדיניות צפויה למסלול 60+|מסלול המותאם לגילאים 60 +,מסלול המותאם לגילאים 60 +,2023,"עו""ש פר""י פק""מ**",,1.0,5.0,+/-   5%,0.0,10.0,ריבית בנק ישראל,,מדיניות צפויה למסלול 60+,2026-09-30T23:38:13+00:00,https://www.os-gml.co.il/wp-content/uploads/2023/01/ג003_-_עוס_-_מדיניות_השקעות_צפויה_לשנת_2023_-_אושרה_בדירקטוריון_25.1.20231.xls?pid=4943,policy/companies/520042573/raw/520042573/ffd47cc9d4c9_ג003_-_עוס_-_מדיניות_השקעות_צפויה_לשנת_2023_-_אושרה_בדירקטוריון_25.1.20231.xls,מדיניות צפויה למסלול 60+ 
520042573,,,520042573|מדיניות צפויה למסלול 60+|מסלול המותאם לגילאים 60 +,מסלול המותאם לגילאים 60 +,2023,"חשיפה למט""ח",fx,11.21,12.0,+/-   6%,6.0,18.0,,,מדיניות צפויה למסלול 60+,2026-09-30T23:38:13+00:00,https://www.os-gml.co.il/wp-content/uploads/2023/01/ג003_-_עוס_-_מדיניות_השקעות_צפויה_לשנת_2023_-_אושרה_בדירקטוריון_25.1.20231.xls?pid=4943,policy/companies/520042573/raw/520042573/ffd47cc9d4c9_ג003_-_עוס_-_מדיניות_השקעות_צפויה_לשנת_2023_-_אושרה_בדירקטוריון_25.1.20231.xls,מדיניות צפויה למסלול 60+ 
520042573,,,520042573|מדיניות צפויה למסלול 60+|מסלול המותאם לגילאים 60 +,מסלול המותאם לגילאים 60 +,2023,מגבלת עמלת ניהול חיצוני,,0.15,,,,,,,מדיניות צפויה למסלול 60+,2026-09-30T23:38:13+00:00,https://www.os-gml.co.il/wp-content/uploads/2023/01/ג003_-_עוס_-_מדיניות_השקעות_צפויה_לשנת_2023_-_אושרה_בדירקטוריון_25.1.20231.xls?pid=4943,policy/companies/520042573/raw/520042573/ffd47cc9d4c9_ג003_-_עוס_-_מדיניות_השקעות_צפויה_לשנת_2023_-_אושרה_בדירקטוריון_25.1.20231.xls,מדיניות צפויה למסלול 60+ 
520042573,,,520042573|מדיניות צפויה למסלול עד 50|מסלול המותאם לגילאים עד 50,מסלול המותאם לגילאים עד 50,2023,"מניות (תעודות סל, אופציות, קרנות נאמנות)",equity,50.32,50.0,+/-   6%,44.0,56.0,"מניות בארץ - ת""א 125 - 30%   מניות בחו""ל  - MSCI AC - 70%",,מדיניות צפויה למסלול עד 50,2026-09-30T23:38:13+00:00,https://www.os-gml.co.il/wp-content/uploads/2023/01/ג003_-_עוס_-_מדיניות_השקעות_צפויה_לשנת_2023_-_אושרה_בדירקטוריון_25.1.20231.xls?pid=4943,policy/companies/520042573/raw/520042573/ffd47cc9d4c9_ג003_-_עוס_-_מדיניות_השקעות_צפויה_לשנת_2023_-_אושרה_בדירקטוריון_25.1.20231.xls,מדיניות צפויה למסלול עד 50
520042573,,,520042573|מדיניות צפויה למסלול עד 50|מסלול המותאם לגילאים עד 50,מסלול המותאם לגילאים עד 50,2023,"אג""ח ממשלתי",,20.77,25.0,+/-   5%,20.0,30.0,ממשלתי צמוד 2-5 - 40%     ממשלתי שקלי 2-5 -60%,,מדיניות צפויה למסלול עד 50,2026-09-30T23:38:13+00:00,https://www.os-gml.co.il/wp-content/uploads/2023/01/ג003_-_עוס_-_מדיניות_השקעות_צפויה_לשנת_2023_-_אושרה_בדירקטוריון_25.1.20231.xls?pid=4943,policy/companies/520042573/raw/520042573/ffd47cc9d4c9_ג003_-_עוס_-_מדיניות_השקעות_צפויה_לשנת_2023_-_אושרה_בדירקטוריון_25.1.20231.xls,מדיניות צפויה למסלול עד 50
520042573,,,520042573|מדיניות צפויה למסלול עד 50|מסלול המותאם לגילאים עד 50,מסלול המותאם לגילאים עד 50,2023,"אג""ח קונצרני (קרנות נאמנות, תעודות סל)",,23.95,25.0,+/-   6%,19.0,31.0,תל בונד 60 -60%    תל בונד שקלי - 30%     Bloombreg us corporate1-10 bond index  -10%,,מדיניות צפויה למסלול עד 50,2026-09-30T23:38:13+00:00,https://www.os-gml.co.il/wp-content/uploads/2023/01/ג003_-_עוס_-_מדיניות_השקעות_צפויה_לשנת_2023_-_אושרה_בדירקטוריון_25.1.20231.xls?pid=4943,policy/companies/520042573/raw/520042573/ffd47cc9d4c9_ג003_-_עוס_-_מדיניות_השקעות_צפויה_לשנת_2023_-_אושרה_בדירקטוריון_25.1.20231.xls,מדיניות צפויה למסלול עד 50
520042573,,,520042573|מדיניות צפויה למסלול עד 50|מסלול המותאם לגילאים עד 50,מסלול המותאם לגילאים עד 50,2023,"אחר (קרנות השקעה פרטיות, קרנות נדלן, מכשירים מובנים)*",,0.0,0.0,+/-   5%,0.0,5.0,,,מדיניות צפויה למסלול עד 50,2026-09-30T23:38:13+00:00,https://www.os-gml.co.il/wp-content/uploads/2023/01/ג003_-_עוס_-_מדיניות_השקעות_צפויה_לשנת_2023_-_אושרה_בדירקטוריון_25.1.20231.xls?pid=4943,policy/companies/520042573/raw/520042573/ffd47cc9d4c9_ג003_-_עוס_-_מדיניות_השקעות_צפויה_לשנת_2023_-_אושרה_בדירקטוריון_25.1.20231.xls,מדיניות צפויה למסלול עד 50
520042573,,,520042573|מדיניות צפויה למסלול עד 50|מסלול המותאם לגילאים עד 50,מסלול המותאם לגילאים עד 50,2023,"עו""ש פר""י פק""מ**",,9.18,5.0,+/-   5%,0.0,10.0,ריבית בנק ישראל,,מדיניות צפויה למסלול עד 50,2026-09-30T23:38:13+00:00,https://www.os-gml.co.il/wp-content/uploads/2023/01/ג003_-_עוס_-_מדיניות_השקעות_צפויה_לשנת_2023_-_אושרה_בדירקטוריון_25.1.20231.xls?pid=4943,policy/companies/520042573/raw/520042573/ffd47cc9d4c9_ג003_-_עוס_-_מדיניות_השקעות_צפויה_לשנת_2023_-_אושרה_בדירקטוריון_25.1.20231.xls,מדיניות צפויה למסלול עד 50
520042573,,,520042573|מדיניות צפויה למסלול עד 50|מסלול המותאם לגילאים עד 50,מסלול המותאם לגילאים עד 50,2023,"חשיפה למט""ח",fx,22.74,18.0,+/-   6%,12.0,24.0,,,מדיניות צפויה למסלול עד 50,2026-09-30T23:38:13+00:00,https://www.os-gml.co.il/wp-content/uploads/2023/01/ג003_-_עוס_-_מדיניות_השקעות_צפויה_לשנת_2023_-_אושרה_בדירקטוריון_25.1.20231.xls?pid=4943,policy/companies/520042573/raw/520042573/ffd47cc9d4c9_ג003_-_עוס_-_מדיניות_השקעות_צפויה_לשנת_2023_-_אושרה_בדירקטוריון_25.1.20231.xls,מדיניות צפויה למסלול עד 50
520042573,,,520042573|מדיניות צפויה למסלול עד 50|מסלול המותאם לגילאים עד 50,מסלול המותאם לגילאים עד 50,2023,מגבלת עמלת ניהול חיצוני,,0.2,,,,,,,מדיניות צפויה למסלול עד 50,2026-09-30T23:38:13+00:00,https://www.os-gml.co.il/wp-content/uploads/2023/01/ג003_-_עוס_-_מדיניות_השקעות_צפויה_לשנת_2023_-_אושרה_בדירקטוריון_25.1.20231.xls?pid=4943,policy/companies/520042573/raw/520042573/ffd47cc9d4c9_ג003_-_עוס_-_מדיניות_השקעות_צפויה_לשנת_2023_-_אושרה_בדירקטוריון_25.1.20231.xls,מדיניות צפויה למסלול עד 50
520042573,,,520042573|מדיניות צפויה מסלול 50-60|אושר בדירקטוריון 16 3 2020 עודכן ביום 21 4 2020 עודכון ביום 16 6 2020,אושר בדירקטוריון 16 3 2020 עודכן ביום 21 4 2020 עודכון ביום 16 6 2020,2024,"מניות (תעודות סל, אופציות, קרנות נאמנות)",equity,44.15,42.0,+/-   6%,36.0,48.0,"מניות בארץ - ת""א 125 - 30% ,  מניות בחו""ל  - MSCI AC - 70%",,מדיניות צפויה מסלול 50-60,2026-09-30T23:38:13+00:00,https://www.os-gml.co.il/wp-content/uploads/2024/01/ג003_-_עוס_-_מדיניות_השקעות_צפויה_לשנת_2024_-_אושרה_בדירקטוריון_9.1.2024.xls?pid=4943,policy/companies/520042573/raw/520042573/33ab7b4b6678_ג003_-_עוס_-_מדיניות_השקעות_צפויה_לשנת_2024_-_אושרה_בדירקטוריון_9.1.2024.xls,מדיניות צפויה מסלול 50-60 
520042573,,,520042573|מדיניות צפויה מסלול 50-60|אושר בדירקטוריון 16 3 2020 עודכן ביום 21 4 2020 עודכון ביום 16 6 2020,אושר בדירקטוריון 16 3 2020 עודכן ביום 21 4 2020 עודכון ביום 16 6 2020,2024,"אג""ח ממשלתי",,17.97,22.0,+/-   5%,17.0,27.0,ממשלתי צמוד 2-5 - 40%  ממשלתי שקלי 2-5 -60%,,מדיניות צפויה מסלול 50-60,2026-09-30T23:38:13+00:00,https://www.os-gml.co.il/wp-content/uploads/2024/01/ג003_-_עוס_-_מדיניות_השקעות_צפויה_לשנת_2024_-_אושרה_בדירקטוריון_9.1.2024.xls?pid=4943,policy/companies/520042573/raw/520042573/33ab7b4b6678_ג003_-_עוס_-_מדיניות_השקעות_צפויה_לשנת_2024_-_אושרה_בדירקטוריון_9.1.2024.xls,מדיניות צפויה מסלול 50-60 
520042573,,,520042573|מדיניות צפויה מסלול 50-60|אושר בדירקטוריון 16 3 2020 עודכן ביום 21 4 2020 עודכון ביום 16 6 2020,אושר בדירקטוריון 16 3 2020 עודכן ביום 21 4 2020 עודכון ביום 16 6 2020,2024,"אג""ח קונצרני (קרנות נאמנות, תעודות סל)",,25.54,28.0,+/-   6%,22.0,34.0,תל בונד 60 -60%    תל בונד שקלי  50- 30%     Bloombreg us corporate1-10 bond index  -10%,,מדיניות צפויה מסלול 50-60,2026-09-30T23:38:13+00:00,https://www.os-gml.co.il/wp-content/uploads/2024/01/ג003_-_עוס_-_מדיניות_השקעות_צפויה_לשנת_2024_-_אושרה_בדירקטוריון_9.1.2024.xls?pid=4943,policy/companies/520042573/raw/520042573/33ab7b4b6678_ג003_-_עוס_-_מדיניות_השקעות_צפויה_לשנת_2024_-_אושרה_בדירקטוריון_9.1.2024.xls,מדיניות צפויה מסלול 50-60 
520042573,,,520042573|מדיניות צפויה מסלול 50-60|אושר בדירקטוריון 16 3 2020 עודכן ביום 21 4 2020 עודכון ביום 16 6 2020,אושר בדירקטוריון 16 3 2020 עודכן ביום 21 4 2020 עודכון ביום 16 6 2020,2024,"אחר (קרנות השקעה פרטיות, קרנות נדלן, מכשירים מובנים)*",,9.54,8.0,+/-   5%,3.0,13.0,,,מדיניות צפויה מסלול 50-60,2026-09-30T23:38:13+00:00,https://www.os-gml.co.il/wp-content/uploads/2024/01/ג003_-_עוס_-_מדיניות_השקעות_צפויה_לשנת_2024_-_אושרה_בדירקטוריון_9.1.2024.xls?pid=4943,policy/companies/520042573/raw/520042573/33ab7b4b6678_ג003_-_עוס_-_מדיניות_השקעות_צפויה_לשנת_2024_-_אושרה_בדירקטוריון_9.1.2024.xls,מדיניות צפויה מסלול 50-60 
520042573,,,520042573|מדיניות צפויה מסלול 50-60|אושר בדירקטוריון 16 3 2020 עודכן ביום 21 4 2020 עודכון ביום 16 6 2020,אושר בדירקטוריון 16 3 2020 עודכן ביום 21 4 2020 עודכון ביום 16 6 2020,2024,"עו""ש פר""י פק""מ**",,2.8,5.0,+/-   7%,0.0,10.0,ריבית בנק ישראל,,מדיניות צפויה מסלול 50-60,2026-09-30T23:38:13+00:00,https://www.os-gml.co.il/wp-content/uploads/2024/01/ג003_-_עוס_-_מדיניות_השקעות_צפויה_לשנת_2024_-_אושרה_בדירקטוריון_9.1.2024.xls?pid=4943,policy/companies/520042573/raw/520042573/33ab7b4b6678_ג003_-_עוס_-_מדיניות_השקעות_צפויה_לשנת_2024_-_אושרה_בדירקטוריון_9.1.2024.xls,מדיניות צפויה מסלול 50-60 
520042573,,,520042573|מדיניות צפויה מסלול 50-60|אושר בדירקטוריון 16 3 2020 עודכן ביום 21 4 2020 עודכון ביום 16 6 2020,אושר בדירקטוריון 16 3 2020 עודכן ביום 21 4 2020 עודכון ביום 16 6 2020,2024,"חשיפה למט""ח",fx,22.75,19.0,+/-   6%,13.0,25.0,,,מדיניות צפויה מסלול 50-60,2026-09-30T23:38:13+00:00,https://www.os-gml.co.il/wp-content/uploads/2024/01/ג003_-_עוס_-_מדיניות_השקעות_צפויה_לשנת_2024_-_אושרה_בדירקטוריון_9.1.2024.xls?pid=4943,policy/companies/520042573/raw/520042573/33ab7b4b6678_ג003_-_עוס_-_מדיניות_השקעות_צפויה_לשנת_2024_-_אושרה_בדירקטוריון_9.1.2024.xls,מדיניות צפויה מסלול 50-60 
520042573,,,520042573|מדיניות צפויה מסלול 50-60|אושר בדירקטוריון 16 3 2020 עודכן ביום 21 4 2020 עודכון ביום 16 6 2020,אושר בדירקטוריון 16 3 2020 עודכן ביום 21 4 2020 עודכון ביום 16 6 2020,2024,מגבלת עמלת ניהול חיצוני,,0.25,,,,,,,מדיניות צפויה מסלול 50-60,2026-09-30T23:38:13+00:00,https://www.os-gml.co.il/wp-content/uploads/2024/01/ג003_-_עוס_-_מדיניות_השקעות_צפויה_לשנת_2024_-_אושרה_בדירקטוריון_9.1.2024.xls?pid=4943,policy/companies/520042573/raw/520042573/33ab7b4b6678_ג003_-_עוס_-_מדיניות_השקעות_צפויה_לשנת_2024_-_אושרה_בדירקטוריון_9.1.2024.xls,מדיניות צפויה מסלול 50-60 
520042573,,,520042573|מדיניות צפויה למסלול +60|מסלול המותאם לגילאים 60 +,מסלול המותאם לגילאים 60 +,2024,"מניות (תעודות סל, אופציות, קרנות נאמנות)",equity,22.03,20.0,+/-   6%,14.0,26.0,"מניות בארץ - ת""א 125 - 30%   מניות בחו""ל  - MSCI AC - 70%",,מדיניות צפויה למסלול +60,2026-09-30T23:38:13+00:00,https://www.os-gml.co.il/wp-content/uploads/2024/01/ג003_-_עוס_-_מדיניות_השקעות_צפויה_לשנת_2024_-_אושרה_בדירקטוריון_9.1.2024.xls?pid=4943,policy/companies/520042573/raw/520042573/33ab7b4b6678_ג003_-_עוס_-_מדיניות_השקעות_צפויה_לשנת_2024_-_אושרה_בדירקטוריון_9.1.2024.xls,מדיניות צפויה למסלול +60 
520042573,,,520042573|מדיניות צפויה למסלול +60|מסלול המותאם לגילאים 60 +,מסלול המותאם לגילאים 60 +,2024,"אג""ח ממשלתי",,41.42,45.0,+/-   5%,40.0,50.0,ממשלתי צמוד 2-5 - 30%      ממשלתי שקלי 2-5 -70%,,מדיניות צפויה למסלול +60,2026-09-30T23:38:13+00:00,https://www.os-gml.co.il/wp-content/uploads/2024/01/ג003_-_עוס_-_מדיניות_השקעות_צפויה_לשנת_2024_-_אושרה_בדירקטוריון_9.1.2024.xls?pid=4943,policy/companies/520042573/raw/520042573/33ab7b4b6678_ג003_-_עוס_-_מדיניות_השקעות_צפויה_לשנת_2024_-_אושרה_בדירקטוריון_9.1.2024.xls,מדיניות צפויה למסלול +60 
520042573,,,520042573|מדיניות צפויה למסלול +60|מסלול המותאם לגילאים 60 +,מסלול המותאם לגילאים 60 +,2024,"אג""ח קונצרני (קרנות נאמנות, תעודות סל)",,35.35,35.0,+/-   6%,29.0,41.0,תל בונד 60 -65%    תל בונד שקלי  - 25%     Bloombreg us corporate1-10 bond index  -10%,,מדיניות צפויה למסלול +60,2026-09-30T23:38:13+00:00,https://www.os-gml.co.il/wp-content/uploads/2024/01/ג003_-_עוס_-_מדיניות_השקעות_צפויה_לשנת_2024_-_אושרה_בדירקטוריון_9.1.2024.xls?pid=4943,policy/companies/520042573/raw/520042573/33ab7b4b6678_ג003_-_עוס_-_מדיניות_השקעות_צפויה_לשנת_2024_-_אושרה_בדירקטוריון_9.1.2024.xls,מדיניות צפויה למסלול +60 
520042573,,,520042573|מדיניות צפויה למסלול +60|מסלול המותאם לגילאים 60 +,מסלול המותאם לגילאים 60 +,2024,"אחר (קרנות השקעה פרטיות, קרנות נדלן, מכשירים מובנים)*",,0.0,0.0,+/-   5%,0.0,5.0,,,מדיניות צפויה למסלול +60,2026-09-30T23:38:13+00:00,https://www.os-gml.co.il/wp-content/uploads/2024/01/ג003_-_עוס_-_מדיניות_השקעות_צפויה_לשנת_2024_-_אושרה_בדירקטוריון_9.1.2024.xls?pid=4943,policy/companies/520042573/raw/520042573/33ab7b4b6678_ג003_-_עוס_-_מדיניות_השקעות_צפויה_לשנת_2024_-_אושרה_בדירקטוריון_9.1.2024.xls,מדיניות צפויה למסלול +60 
520042573,,,520042573|מדיניות צפויה למסלול +60|מסלול המותאם לגילאים 60 +,מסלול המותאם לגילאים 60 +,2024,"עו""ש פר""י פק""מ**",,1.2,5.0,+/-   5%,0.0,10.0,ריבית בנק ישראל,,מדיניות צפויה למסלול +60,2026-09-30T23:38:13+00:00,https://www.os-gml.co.il/wp-content/uploads/2024/01/ג003_-_עוס_-_מדיניות_השקעות_צפויה_לשנת_2024_-_אושרה_בדירקטוריון_9.1.2024.xls?pid=4943,policy/companies/520042573/raw/520042573/33ab7b4b6678_ג003_-_עוס_-_מדיניות_השקעות_צפויה_לשנת_2024_-_אושרה_בדירקטוריון_9.1.2024.xls,מדיניות צפויה למסלול +60 
520042573,,,520042573|מדיניות צפויה למסלול +60|מסלול המותאם לגילאים 60 +,מסלול המותאם לגילאים 60 +,2024,"חשיפה למט""ח",fx,18.05,13.0,+/-   6%,7.0,19.0,,,מדיניות צפויה למסלול +60,2026-09-30T23:38:13+00:00,https://www.os-gml.co.il/wp-content/uploads/2024/01/ג003_-_עוס_-_מדיניות_השקעות_צפויה_לשנת_2024_-_אושרה_בדירקטוריון_9.1.2024.xls?pid=4943,policy/companies/520042573/raw/520042573/33ab7b4b6678_ג003_-_עוס_-_מדיניות_השקעות_צפויה_לשנת_2024_-_אושרה_בדירקטוריון_9.1.2024.xls,מדיניות צפויה למסלול +60 
520042573,,,520042573|מדיניות צפויה למסלול +60|מסלול המותאם לגילאים 60 +,מסלול המותאם לגילאים 60 +,2024,מגבלת עמלת ניהול חיצוני,,0.1,,,,,,,מדיניות צפויה למסלול +60,2026-09-30T23:38:13+00:00,https://www.os-gml.co.il/wp-content/uploads/2024/01/ג003_-_עוס_-_מדיניות_השקעות_צפויה_לשנת_2024_-_אושרה_בדירקטוריון_9.1.2024.xls?pid=4943,policy/companies/520042573/raw/520042573/33ab7b4b6678_ג003_-_עוס_-_מדיניות_השקעות_צפויה_לשנת_2024_-_אושרה_בדירקטוריון_9.1.2024.xls,מדיניות צפויה למסלול +60 
520042573,,,520042573|מדיניות צפויה למסלול עד 50|מסלול המותאם לגילאים עד 50,מסלול המותאם לגילאים עד 50,2024,"מניות (תעודות סל, אופציות, קרנות נאמנות)",equity,49.61,50.0,+/-   6%,44.0,56.0,"מניות בארץ - ת""א 125 - 30%   מניות בחו""ל  - MSCI AC - 70%",,מדיניות צפויה למסלול עד 50,2026-09-30T23:38:13+00:00,https://www.os-gml.co.il/wp-content/uploads/2024/01/ג003_-_עוס_-_מדיניות_השקעות_צפויה_לשנת_2024_-_אושרה_בדירקטוריון_9.1.2024.xls?pid=4943,policy/companies/520042573/raw/520042573/33ab7b4b6678_ג003_-_עוס_-_מדיניות_השקעות_צפויה_לשנת_2024_-_אושרה_בדירקטוריון_9.1.2024.xls,מדיניות צפויה למסלול עד 50
520042573,,,520042573|מדיניות צפויה למסלול עד 50|מסלול המותאם לגילאים עד 50,מסלול המותאם לגילאים עד 50,2024,"אג""ח ממשלתי",,21.38,25.0,+/-   5%,20.0,30.0,ממשלתי צמוד 2-5 - 40%     ממשלתי שקלי 2-5 -60%,,מדיניות צפויה למסלול עד 50,2026-09-30T23:38:13+00:00,https://www.os-gml.co.il/wp-content/uploads/2024/01/ג003_-_עוס_-_מדיניות_השקעות_צפויה_לשנת_2024_-_אושרה_בדירקטוריון_9.1.2024.xls?pid=4943,policy/companies/520042573/raw/520042573/33ab7b4b6678_ג003_-_עוס_-_מדיניות_השקעות_צפויה_לשנת_2024_-_אושרה_בדירקטוריון_9.1.2024.xls,מדיניות צפויה למסלול עד 50
520042573,,,520042573|מדיניות צפויה למסלול עד 50|מסלול המותאם לגילאים עד 50,מסלול המותאם לגילאים עד 50,2024,"אג""ח קונצרני (קרנות נאמנות, תעודות סל)",,23.24,25.0,+/-   6%,19.0,31.0,תל בונד 60 -60%    תל בונד שקלי - 30%     Bloombreg us corporate1-10 bond index  -10%,,מדיניות צפויה למסלול עד 50,2026-09-30T23:38:13+00:00,https://www.os-gml.co.il/wp-content/uploads/2024/01/ג003_-_עוס_-_מדיניות_השקעות_צפויה_לשנת_2024_-_אושרה_בדירקטוריון_9.1.2024.xls?pid=4943,policy/companies/520042573/raw/520042573/33ab7b4b6678_ג003_-_עוס_-_מדיניות_השקעות_צפויה_לשנת_2024_-_אושרה_בדירקטוריון_9.1.2024.xls,מדיניות צפויה למסלול עד 50
520042573,,,520042573|מדיניות צפויה למסלול עד 50|מסלול המותאם לגילאים עד 50,מסלול המותאם לגילאים עד 50,2024,"אחר (קרנות השקעה פרטיות, קרנות נדלן, מכשירים מובנים)*",,0.0,0.0,+/-   5%,0.0,5.0,,,מדיניות צפויה למסלול עד 50,2026-09-30T23:38:13+00:00,https://www.os-gml.co.il/wp-content/uploads/2024/01/ג003_-_עוס_-_מדיניות_השקעות_צפויה_לשנת_2024_-_אושרה_בדירקטוריון_9.1.2024.xls?pid=4943,policy/companies/520042573/raw/520042573/33ab7b4b6678_ג003_-_עוס_-_מדיניות_השקעות_צפויה_לשנת_2024_-_אושרה_בדירקטוריון_9.1.2024.xls,מדיניות צפויה למסלול עד 50
520042573,,,520042573|מדיניות צפויה למסלול עד 50|מסלול המותאם לגילאים עד 50,מסלול המותאם לגילאים עד 50,2024,"עו""ש פר""י פק""מ**",,5.77,5.0,+/-   5%,0.0,10.0,ריבית בנק ישראל,,מדיניות צפויה למסלול עד 50,2026-09-30T23:38:13+00:00,https://www.os-gml.co.il/wp-content/uploads/2024/01/ג003_-_עוס_-_מדיניות_השקעות_צפויה_לשנת_2024_-_אושרה_בדירקטוריון_9.1.2024.xls?pid=4943,policy/companies/520042573/raw/520042573/33ab7b4b6678_ג003_-_עוס_-_מדיניות_השקעות_צפויה_לשנת_2024_-_אושרה_בדירקטוריון_9.1.2024.xls,מדיניות צפויה למסלול עד 50
520042573,,,520042573|מדיניות צפויה למסלול עד 50|מסלול המותאם לגילאים עד 50,מסלול המותאם לגילאים עד 50,2024,"חשיפה למט""ח",fx,22.53,19.0,+/-   6%,13.0,25.0,,,מדיניות צפויה למסלול עד 50,2026-09-30T23:38:13+00:00,https://www.os-gml.co.il/wp-content/uploads/2024/01/ג003_-_עוס_-_מדיניות_השקעות_צפויה_לשנת_2024_-_אושרה_בדירקטוריון_9.1.2024.xls?pid=4943,policy/companies/520042573/raw/520042573/33ab7b4b6678_ג003_-_עוס_-_מדיניות_השקעות_צפויה_לשנת_2024_-_אושרה_בדירקטוריון_9.1.2024.xls,מדיניות צפויה למסלול עד 50
520042573,,,520042573|מדיניות צפויה למסלול עד 50|מסלול המותאם לגילאים עד 50,מסלול המותאם לגילאים עד 50,2024,מגבלת עמלת ניהול חיצוני,,0.15,,,,,,,מדיניות צפויה למסלול עד 50,2026-09-30T23:38:13+00:00,https://www.os-gml.co.il/wp-content/uploads/2024/01/ג003_-_עוס_-_מדיניות_השקעות_צפויה_לשנת_2024_-_אושרה_בדירקטוריון_9.1.2024.xls?pid=4943,policy/companies/520042573/raw/520042573/33ab7b4b6678_ג003_-_עוס_-_מדיניות_השקעות_צפויה_לשנת_2024_-_אושרה_בדירקטוריון_9.1.2024.xls,מדיניות צפויה למסלול עד 50
520042573,,,520042573|מדיניות צפויה מסלול 50-60|אושר בדירקטוריון 16 3 2020 עודכן ביום 21 4 2020 עודכון ביום 16 6 2020,אושר בדירקטוריון 16 3 2020 עודכן ביום 21 4 2020 עודכון ביום 16 6 2020,2025,"מניות (תעודות סל, אופציות, קרנות נאמנות)",equity,44.04,42.0,+/-   6%,36.0,48.0,"מניות בארץ - ת""א 125 - 30% ,  מניות בחו""ל  - MSCI AC - 70%",,מדיניות צפויה מסלול 50-60,2026-09-30T23:38:13+00:00,https://www.os-gml.co.il/wp-content/uploads/2025/01/ג002_-_עוס_-_מדיניות_השקעות_צפויה_לשנת_2025.xls?pid=4943,policy/companies/520042573/raw/520042573/b6fed2270702_ג002_-_עוס_-_מדיניות_השקעות_צפויה_לשנת_2025.xls,מדיניות צפויה מסלול 50-60 
520042573,,,520042573|מדיניות צפויה מסלול 50-60|אושר בדירקטוריון 16 3 2020 עודכן ביום 21 4 2020 עודכון ביום 16 6 2020,אושר בדירקטוריון 16 3 2020 עודכן ביום 21 4 2020 עודכון ביום 16 6 2020,2025,"אג""ח ממשלתי",,18.24,22.0,+/-   5%,17.0,27.0,ממשלתי צמוד 2-5 - 40%  ממשלתי שקלי 2-5 -60%,,מדיניות צפויה מסלול 50-60,2026-09-30T23:38:13+00:00,https://www.os-gml.co.il/wp-content/uploads/2025/01/ג002_-_עוס_-_מדיניות_השקעות_צפויה_לשנת_2025.xls?pid=4943,policy/companies/520042573/raw/520042573/b6fed2270702_ג002_-_עוס_-_מדיניות_השקעות_צפויה_לשנת_2025.xls,מדיניות צפויה מסלול 50-60 
520042573,,,520042573|מדיניות צפויה מסלול 50-60|אושר בדירקטוריון 16 3 2020 עודכן ביום 21 4 2020 עודכון ביום 16 6 2020,אושר בדירקטוריון 16 3 2020 עודכן ביום 21 4 2020 עודכון ביום 16 6 2020,2025,"אג""ח קונצרני (קרנות נאמנות, תעודות סל)",,24.55,28.0,+/-   6%,22.0,34.0,תל בונד 60 -60%    תל בונד שקלי  50- 30%     Bloombreg us corporate1-10 bond index  -10%,,מדיניות צפויה מסלול 50-60,2026-09-30T23:38:13+00:00,https://www.os-gml.co.il/wp-content/uploads/2025/01/ג002_-_עוס_-_מדיניות_השקעות_צפויה_לשנת_2025.xls?pid=4943,policy/companies/520042573/raw/520042573/b6fed2270702_ג002_-_עוס_-_מדיניות_השקעות_צפויה_לשנת_2025.xls,מדיניות צפויה מסלול 50-60 
520042573,,,520042573|מדיניות צפויה מסלול 50-60|אושר בדירקטוריון 16 3 2020 עודכן ביום 21 4 2020 עודכון ביום 16 6 2020,אושר בדירקטוריון 16 3 2020 עודכן ביום 21 4 2020 עודכון ביום 16 6 2020,2025,"אחר (קרנות השקעה פרטיות, קרנות נדלן, מכשירים מובנים)*",,10.65,8.0,+/-   5%,3.0,13.0,,,מדיניות צפויה מסלול 50-60,2026-09-30T23:38:13+00:00,https://www.os-gml.co.il/wp-content/uploads/2025/01/ג002_-_עוס_-_מדיניות_השקעות_צפויה_לשנת_2025.xls?pid=4943,policy/companies/520042573/raw/520042573/b6fed2270702_ג002_-_עוס_-_מדיניות_השקעות_צפויה_לשנת_2025.xls,מדיניות צפויה מסלול 50-60 
520042573,,,520042573|מדיניות צפויה מסלול 50-60|אושר בדירקטוריון 16 3 2020 עודכן ביום 21 4 2020 עודכון ביום 16 6 2020,אושר בדירקטוריון 16 3 2020 עודכן ביום 21 4 2020 עודכון ביום 16 6 2020,2025,"עו""ש פר""י פק""מ**",,2.52,5.0,+/-   7%,0.0,10.0,ריבית בנק ישראל,,מדיניות צפויה מסלול 50-60,2026-09-30T23:38:13+00:00,https://www.os-gml.co.il/wp-content/uploads/2025/01/ג002_-_עוס_-_מדיניות_השקעות_צפויה_לשנת_2025.xls?pid=4943,policy/companies/520042573/raw/520042573/b6fed2270702_ג002_-_עוס_-_מדיניות_השקעות_צפויה_לשנת_2025.xls,מדיניות צפויה מסלול 50-60 
520042573,,,520042573|מדיניות צפויה מסלול 50-60|אושר בדירקטוריון 16 3 2020 עודכן ביום 21 4 2020 עודכון ביום 16 6 2020,אושר בדירקטוריון 16 3 2020 עודכן ביום 21 4 2020 עודכון ביום 16 6 2020,2025,"חשיפה למט""ח",fx,20.35,19.0,+/-   6%,13.0,25.0,,,מדיניות צפויה מסלול 50-60,2026-09-30T23:38:13+00:00,https://www.os-gml.co.il/wp-content/uploads/2025/01/ג002_-_עוס_-_מדיניות_השקעות_צפויה_לשנת_2025.xls?pid=4943,policy/companies/520042573/raw/520042573/b6fed2270702_ג002_-_עוס_-_מדיניות_השקעות_צפויה_לשנת_2025.xls,מדיניות צפויה מסלול 50-60 
520042573,,,520042573|מדיניות צפויה מסלול 50-60|אושר בדירקטוריון 16 3 2020 עודכן ביום 21 4 2020 עודכון ביום 16 6 2020,אושר בדירקטוריון 16 3 2020 עודכן ביום 21 4 2020 עודכון ביום 16 6 2020,2025,מגבלת עמלת ניהול חיצוני,,0.25,,,,,,,מדיניות צפויה מסלול 50-60,2026-09-30T23:38:13+00:00,https://www.os-gml.co.il/wp-content/uploads/2025/01/ג002_-_עוס_-_מדיניות_השקעות_צפויה_לשנת_2025.xls?pid=4943,policy/companies/520042573/raw/520042573/b6fed2270702_ג002_-_עוס_-_מדיניות_השקעות_צפויה_לשנת_2025.xls,מדיניות צפויה מסלול 50-60 
520042573,,,520042573|מדיניות צפויה למסלול +60|מסלול המותאם לגילאים 60 +,מסלול המותאם לגילאים 60 +,2025,"מניות (תעודות סל, אופציות, קרנות נאמנות)",equity,22.82,20.0,+/-   6%,14.0,26.0,"מניות בארץ - ת""א 125 - 30%   מניות בחו""ל  - MSCI AC - 70%",,מדיניות צפויה למסלול +60,2026-09-30T23:38:13+00:00,https://www.os-gml.co.il/wp-content/uploads/2025/01/ג002_-_עוס_-_מדיניות_השקעות_צפויה_לשנת_2025.xls?pid=4943,policy/companies/520042573/raw/520042573/b6fed2270702_ג002_-_עוס_-_מדיניות_השקעות_צפויה_לשנת_2025.xls,מדיניות צפויה למסלול +60 
520042573,,,520042573|מדיניות צפויה למסלול +60|מסלול המותאם לגילאים 60 +,מסלול המותאם לגילאים 60 +,2025,"אג""ח ממשלתי",,41.41,45.0,+/-   5%,40.0,50.0,ממשלתי צמוד 2-5 - 30%      ממשלתי שקלי 2-5 -70%,,מדיניות צפויה למסלול +60,2026-09-30T23:38:13+00:00,https://www.os-gml.co.il/wp-content/uploads/2025/01/ג002_-_עוס_-_מדיניות_השקעות_צפויה_לשנת_2025.xls?pid=4943,policy/companies/520042573/raw/520042573/b6fed2270702_ג002_-_עוס_-_מדיניות_השקעות_צפויה_לשנת_2025.xls,מדיניות צפויה למסלול +60 
520042573,,,520042573|מדיניות צפויה למסלול +60|מסלול המותאם לגילאים 60 +,מסלול המותאם לגילאים 60 +,2025,"אג""ח קונצרני (קרנות נאמנות, תעודות סל)",,34.46,35.0,+/-   6%,29.0,41.0,תל בונד 60 -65%    תל בונד שקלי  - 25%     Bloombreg us corporate1-10 bond index  -10%,,מדיניות צפויה למסלול +60,2026-09-30T23:38:13+00:00,https://www.os-gml.co.il/wp-content/uploads/2025/01/ג002_-_עוס_-_מדיניות_השקעות_צפויה_לשנת_2025.xls?pid=4943,policy/companies/520042573/raw/520042573/b6fed2270702_ג002_-_עוס_-_מדיניות_השקעות_צפויה_לשנת_2025.xls,מדיניות צפויה למסלול +60 
520042573,,,520042573|מדיניות צפויה למסלול +60|מסלול המותאם לגילאים 60 +,מסלול המותאם לגילאים 60 +,2025,"אחר (קרנות השקעה פרטיות, קרנות נדלן, מכשירים מובנים)*",,0.0,0.0,+/-   5%,0.0,5.0,,,מדיניות צפויה למסלול +60,2026-09-30T23:38:13+00:00,https://www.os-gml.co.il/wp-content/uploads/2025/01/ג002_-_עוס_-_מדיניות_השקעות_צפויה_לשנת_2025.xls?pid=4943,policy/companies/520042573/raw/520042573/b6fed2270702_ג002_-_עוס_-_מדיניות_השקעות_צפויה_לשנת_2025.xls,מדיניות צפויה למסלול +60 
520042573,,,520042573|מדיניות צפויה למסלול +60|מסלול המותאם לגילאים 60 +,מסלול המותאם לגילאים 60 +,2025,"עו""ש פר""י פק""מ**",,1.28,5.0,+/-   5%,0.0,10.0,ריבית בנק ישראל,,מדיניות צפויה למסלול +60,2026-09-30T23:38:13+00:00,https://www.os-gml.co.il/wp-content/uploads/2025/01/ג002_-_עוס_-_מדיניות_השקעות_צפויה_לשנת_2025.xls?pid=4943,policy/companies/520042573/raw/520042573/b6fed2270702_ג002_-_עוס_-_מדיניות_השקעות_צפויה_לשנת_2025.xls,מדיניות צפויה למסלול +60 
520042573,,,520042573|מדיניות צפויה למסלול +60|מסלול המותאם לגילאים 60 +,מסלול המותאם לגילאים 60 +,2025,"חשיפה למט""ח",fx,14.85,13.0,+/-   6%,7.0,19.0,,,מדיניות צפויה למסלול +60,2026-09-30T23:38:13+00:00,https://www.os-gml.co.il/wp-content/uploads/2025/01/ג002_-_עוס_-_מדיניות_השקעות_צפויה_לשנת_2025.xls?pid=4943,policy/companies/520042573/raw/520042573/b6fed2270702_ג002_-_עוס_-_מדיניות_השקעות_צפויה_לשנת_2025.xls,מדיניות צפויה למסלול +60 
520042573,,,520042573|מדיניות צפויה למסלול +60|מסלול המותאם לגילאים 60 +,מסלול המותאם לגילאים 60 +,2025,מגבלת עמלת ניהול חיצוני,,0.1,,,,,,,מדיניות צפויה למסלול +60,2026-09-30T23:38:13+00:00,https://www.os-gml.co.il/wp-content/uploads/2025/01/ג002_-_עוס_-_מדיניות_השקעות_צפויה_לשנת_2025.xls?pid=4943,policy/companies/520042573/raw/520042573/b6fed2270702_ג002_-_עוס_-_מדיניות_השקעות_צפויה_לשנת_2025.xls,מדיניות צפויה למסלול +60 
520042573,,,520042573|מדיניות צפויה למסלול עד 50|מסלול המותאם לגילאים עד 50,מסלול המותאם לגילאים עד 50,2025,"מניות (תעודות סל, אופציות, קרנות נאמנות)",equity,51.94,50.0,+/-   6%,44.0,56.0,"מניות בארץ - ת""א 125 - 30%   מניות בחו""ל  - MSCI AC - 70%",,מדיניות צפויה למסלול עד 50,2026-09-30T23:38:13+00:00,https://www.os-gml.co.il/wp-content/uploads/2025/01/ג002_-_עוס_-_מדיניות_השקעות_צפויה_לשנת_2025.xls?pid=4943,policy/companies/520042573/raw/520042573/b6fed2270702_ג002_-_עוס_-_מדיניות_השקעות_צפויה_לשנת_2025.xls,מדיניות צפויה למסלול עד 50
520042573,,,520042573|מדיניות צפויה למסלול עד 50|מסלול המותאם לגילאים עד 50,מסלול המותאם לגילאים עד 50,2025,"אג""ח ממשלתי",,21.16,25.0,+/-   5%,20.0,30.0,ממשלתי צמוד 2-5 - 40%     ממשלתי שקלי 2-5 -60%,,מדיניות צפויה למסלול עד 50,2026-09-30T23:38:13+00:00,https://www.os-gml.co.il/wp-content/uploads/2025/01/ג002_-_עוס_-_מדיניות_השקעות_צפויה_לשנת_2025.xls?pid=4943,policy/companies/520042573/raw/520042573/b6fed2270702_ג002_-_עוס_-_מדיניות_השקעות_צפויה_לשנת_2025.xls,מדיניות צפויה למסלול עד 50
520042573,,,520042573|מדיניות צפויה למסלול עד 50|מסלול המותאם לגילאים עד 50,מסלול המותאם לגילאים עד 50,2025,"אג""ח קונצרני (קרנות נאמנות, תעודות סל)",,20.11,25.0,+/-   6%,19.0,31.0,תל בונד 60 -60%    תל בונד שקלי - 30%     Bloombreg us corporate1-10 bond index  -10%,,מדיניות צפויה למסלול עד 50,2026-09-30T23:38:13+00:00,https://www.os-gml.co.il/wp-content/uploads/2025/01/ג002_-_עוס_-_מדיניות_השקעות_צפויה_לשנת_2025.xls?pid=4943,policy/companies/520042573/raw/520042573/b6fed2270702_ג002_-_עוס_-_מדיניות_השקעות_צפויה_לשנת_2025.xls,מדיניות צפויה למסלול עד 50
520042573,,,520042573|מדיניות צפויה למסלול עד 50|מסלול המותאם לגילאים עד 50,מסלול המותאם לגילאים עד 50,2025,"אחר (קרנות השקעה פרטיות, קרנות נדלן, מכשירים מובנים)*",,0.0,0.0,+/-   5%,0.0,5.0,,,מדיניות צפויה למסלול עד 50,2026-09-30T23:38:13+00:00,https://www.os-gml.co.il/wp-content/uploads/2025/01/ג002_-_עוס_-_מדיניות_השקעות_צפויה_לשנת_2025.xls?pid=4943,policy/companies/520042573/raw/520042573/b6fed2270702_ג002_-_עוס_-_מדיניות_השקעות_צפויה_לשנת_2025.xls,מדיניות צפויה למסלול עד 50
520042573,,,520042573|מדיניות צפויה למסלול עד 50|מסלול המותאם לגילאים עד 50,מסלול המותאם לגילאים עד 50,2025,"עו""ש פר""י פק""מ**",,6.79,5.0,+/-   5%,0.0,10.0,ריבית בנק ישראל,,מדיניות צפויה למסלול עד 50,2026-09-30T23:38:13+00:00,https://www.os-gml.co.il/wp-content/uploads/2025/01/ג002_-_עוס_-_מדיניות_השקעות_צפויה_לשנת_2025.xls?pid=4943,policy/companies/520042573/raw/520042573/b6fed2270702_ג002_-_עוס_-_מדיניות_השקעות_צפויה_לשנת_2025.xls,מדיניות צפויה למסלול עד 50
520042573,,,520042573|מדיניות צפויה למסלול עד 50|מסלול המותאם לגילאים עד 50,מסלול המותאם לגילאים עד 50,2025,"חשיפה למט""ח",fx,21.01,19.0,+/-   6%,13.0,25.0,,,מדיניות צפויה למסלול עד 50,2026-09-30T23:38:13+00:00,https://www.os-gml.co.il/wp-content/uploads/2025/01/ג002_-_עוס_-_מדיניות_השקעות_צפויה_לשנת_2025.xls?pid=4943,policy/companies/520042573/raw/520042573/b6fed2270702_ג002_-_עוס_-_מדיניות_השקעות_צפויה_לשנת_2025.xls,מדיניות צפויה למסלול עד 50
520042573,,,520042573|מדיניות צפויה למסלול עד 50|מסלול המותאם לגילאים עד 50,מסלול המותאם לגילאים עד 50,2025,מגבלת עמלת ניהול חיצוני,,0.15,,,,,,,מדיניות צפויה למסלול עד 50,2026-09-30T23:38:13+00:00,https://www.os-gml.co.il/wp-content/uploads/2025/01/ג002_-_עוס_-_מדיניות_השקעות_צפויה_לשנת_2025.xls?pid=4943,policy/companies/520042573/raw/520042573/b6fed2270702_ג002_-_עוס_-_מדיניות_השקעות_צפויה_לשנת_2025.xls,מדיניות צפויה למסלול עד 50
520042573,,,520042573|מדיניות צפויה מסלול 50-60|אושר בדירקטוריון 16 3 2020 עודכן ביום 21 4 2020 עודכון ביום 16 6 2020,אושר בדירקטוריון 16 3 2020 עודכן ביום 21 4 2020 עודכון ביום 16 6 2020,2026,"מניות (תעודות סל, אופציות, קרנות נאמנות)",equity,46.93,43.0,+/-   6%,37.0,49.0,"מניות בארץ - ת""א 125 - 30% ,  מניות בחו""ל  - MSCI AC - 70%",,מדיניות צפויה מסלול 50-60,2026-09-30T23:38:13+00:00,https://www.os-gml.co.il/wp-content/uploads/2026/01/עותק_של_ג002_-_עוס_-_מדיניות_השקעות_צפויה_לשנת_2026.xls,policy/companies/520042573/raw/520042573/246d99a0b47a_עותק_של_ג002_-_עוס_-_מדיניות_השקעות_צפויה_לשנת_2026.xls,מדיניות צפויה מסלול 50-60 
520042573,,,520042573|מדיניות צפויה מסלול 50-60|אושר בדירקטוריון 16 3 2020 עודכן ביום 21 4 2020 עודכון ביום 16 6 2020,אושר בדירקטוריון 16 3 2020 עודכן ביום 21 4 2020 עודכון ביום 16 6 2020,2026,"אג""ח ממשלתי",,17.33,20.0,+/-   5%,15.0,25.0,ממשלתי צמוד 2-5 - 40%  ממשלתי שקלי 2-5 -60%,,מדיניות צפויה מסלול 50-60,2026-09-30T23:38:13+00:00,https://www.os-gml.co.il/wp-content/uploads/2026/01/עותק_של_ג002_-_עוס_-_מדיניות_השקעות_צפויה_לשנת_2026.xls,policy/companies/520042573/raw/520042573/246d99a0b47a_עותק_של_ג002_-_עוס_-_מדיניות_השקעות_צפויה_לשנת_2026.xls,מדיניות צפויה מסלול 50-60 
520042573,,,520042573|מדיניות צפויה מסלול 50-60|אושר בדירקטוריון 16 3 2020 עודכן ביום 21 4 2020 עודכון ביום 16 6 2020,אושר בדירקטוריון 16 3 2020 עודכן ביום 21 4 2020 עודכון ביום 16 6 2020,2026,"אג""ח קונצרני (קרנות נאמנות, תעודות סל)",,22.5,23.0,+/-   6%,17.0,29.0,תל בונד 60 -60%    תל בונד שקלי  50- 30%     Bloombreg us corporate1-10 bond index  -10%,,מדיניות צפויה מסלול 50-60,2026-09-30T23:38:13+00:00,https://www.os-gml.co.il/wp-content/uploads/2026/01/עותק_של_ג002_-_עוס_-_מדיניות_השקעות_צפויה_לשנת_2026.xls,policy/companies/520042573/raw/520042573/246d99a0b47a_עותק_של_ג002_-_עוס_-_מדיניות_השקעות_צפויה_לשנת_2026.xls,מדיניות צפויה מסלול 50-60 
520042573,,,520042573|מדיניות צפויה מסלול 50-60|אושר בדירקטוריון 16 3 2020 עודכן ביום 21 4 2020 עודכון ביום 16 6 2020,אושר בדירקטוריון 16 3 2020 עודכן ביום 21 4 2020 עודכון ביום 16 6 2020,2026,"אחר (קרנות השקעה פרטיות, קרנות נדלן, מכשירים מובנים)*",,11.88,10.0,+/-   5%,5.0,15.0,,,מדיניות צפויה מסלול 50-60,2026-09-30T23:38:13+00:00,https://www.os-gml.co.il/wp-content/uploads/2026/01/עותק_של_ג002_-_עוס_-_מדיניות_השקעות_צפויה_לשנת_2026.xls,policy/companies/520042573/raw/520042573/246d99a0b47a_עותק_של_ג002_-_עוס_-_מדיניות_השקעות_צפויה_לשנת_2026.xls,מדיניות צפויה מסלול 50-60 
520042573,,,520042573|מדיניות צפויה מסלול 50-60|אושר בדירקטוריון 16 3 2020 עודכן ביום 21 4 2020 עודכון ביום 16 6 2020,אושר בדירקטוריון 16 3 2020 עודכן ביום 21 4 2020 עודכון ביום 16 6 2020,2026,"עו""ש פר""י פק""מ**",,1.36,5.0,+/-   5%,0.0,10.0,ריבית בנק ישראל,,מדיניות צפויה מסלול 50-60,2026-09-30T23:38:13+00:00,https://www.os-gml.co.il/wp-content/uploads/2026/01/עותק_של_ג002_-_עוס_-_מדיניות_השקעות_צפויה_לשנת_2026.xls,policy/companies/520042573/raw/520042573/246d99a0b47a_עותק_של_ג002_-_עוס_-_מדיניות_השקעות_צפויה_לשנת_2026.xls,מדיניות צפויה מסלול 50-60 
520042573,,,520042573|מדיניות צפויה מסלול 50-60|אושר בדירקטוריון 16 3 2020 עודכן ביום 21 4 2020 עודכון ביום 16 6 2020,אושר בדירקטוריון 16 3 2020 עודכן ביום 21 4 2020 עודכון ביום 16 6 2020,2026,"חשיפה למט""ח",fx,17.22,19.0,+/-   6%,13.0,25.0,,,מדיניות צפויה מסלול 50-60,2026-09-30T23:38:13+00:00,https://www.os-gml.co.il/wp-content/uploads/2026/01/עותק_של_ג002_-_עוס_-_מדיניות_השקעות_צפויה_לשנת_2026.xls,policy/companies/520042573/raw/520042573/246d99a0b47a_עותק_של_ג002_-_עוס_-_מדיניות_השקעות_צפויה_לשנת_2026.xls,מדיניות צפויה מסלול 50-60 
520042573,,,520042573|מדיניות צפויה מסלול 50-60|אושר בדירקטוריון 16 3 2020 עודכן ביום 21 4 2020 עודכון ביום 16 6 2020,אושר בדירקטוריון 16 3 2020 עודכן ביום 21 4 2020 עודכון ביום 16 6 2020,2026,מגבלת עמלת ניהול חיצוני,,0.25,,,,,,,מדיניות צפויה מסלול 50-60,2026-09-30T23:38:13+00:00,https://www.os-gml.co.il/wp-content/uploads/2026/01/עותק_של_ג002_-_עוס_-_מדיניות_השקעות_צפויה_לשנת_2026.xls,policy/companies/520042573/raw/520042573/246d99a0b47a_עותק_של_ג002_-_עוס_-_מדיניות_השקעות_צפויה_לשנת_2026.xls,מדיניות צפויה מסלול 50-60 
520042573,,,520042573|מדיניות צפויה למסלול +60|מסלול המותאם לגילאים 60 +,מסלול המותאם לגילאים 60 +,2026,"מניות (תעודות סל, אופציות, קרנות נאמנות)",equity,23.63,25.0,+/-   6%,19.0,31.0,"מניות בארץ - ת""א 125 - 30%   מניות בחו""ל  - MSCI AC - 70%",,מדיניות צפויה למסלול +60,2026-09-30T23:38:13+00:00,https://www.os-gml.co.il/wp-content/uploads/2026/01/עותק_של_ג002_-_עוס_-_מדיניות_השקעות_צפויה_לשנת_2026.xls,policy/companies/520042573/raw/520042573/246d99a0b47a_עותק_של_ג002_-_עוס_-_מדיניות_השקעות_צפויה_לשנת_2026.xls,מדיניות צפויה למסלול +60 
520042573,,,520042573|מדיניות צפויה למסלול +60|מסלול המותאם לגילאים 60 +,מסלול המותאם לגילאים 60 +,2026,"אג""ח ממשלתי",,43.37,35.0,+/-   5%,30.0,40.0,ממשלתי צמוד 2-5 - 30%      ממשלתי שקלי 2-5 -70%,,מדיניות צפויה למסלול +60,2026-09-30T23:38:13+00:00,https://www.os-gml.co.il/wp-content/uploads/2026/01/עותק_של_ג002_-_עוס_-_מדיניות_השקעות_צפויה_לשנת_2026.xls,policy/companies/520042573/raw/520042573/246d99a0b47a_עותק_של_ג002_-_עוס_-_מדיניות_השקעות_צפויה_לשנת_2026.xls,מדיניות צפויה למסלול +60 
520042573,,,520042573|מדיניות צפויה למסלול +60|מסלול המותאם לגילאים 60 +,מסלול המותאם לגילאים 60 +,2026,"אג""ח קונצרני (קרנות נאמנות, תעודות סל)",,31.42,35.0,+/-   6%,29.0,41.0,תל בונד 60 -65%    תל בונד שקלי  - 25%     Bloombreg us corporate1-10 bond index  -10%,,מדיניות צפויה למסלול +60,2026-09-30T23:38:13+00:00,https://www.os-gml.co.il/wp-content/uploads/2026/01/עותק_של_ג002_-_עוס_-_מדיניות_השקעות_צפויה_לשנת_2026.xls,policy/companies/520042573/raw/520042573/246d99a0b47a_עותק_של_ג002_-_עוס_-_מדיניות_השקעות_צפויה_לשנת_2026.xls,מדיניות צפויה למסלול +60 
520042573,,,520042573|מדיניות צפויה למסלול +60|מסלול המותאם לגילאים 60 +,מסלול המותאם לגילאים 60 +,2026,"אחר (קרנות השקעה פרטיות, קרנות נדלן, מכשירים מובנים)*",,0.0,0.0,+/-   5%,0.0,5.0,,,מדיניות צפויה למסלול +60,2026-09-30T23:38:13+00:00,https://www.os-gml.co.il/wp-content/uploads/2026/01/עותק_של_ג002_-_עוס_-_מדיניות_השקעות_צפויה_לשנת_2026.xls,policy/companies/520042573/raw/520042573/246d99a0b47a_עותק_של_ג002_-_עוס_-_מדיניות_השקעות_צפויה_לשנת_2026.xls,מדיניות צפויה למסלול +60 
520042573,,,520042573|מדיניות צפויה למסלול +60|מסלול המותאם לגילאים 60 +,מסלול המותאם לגילאים 60 +,2026,"עו""ש פר""י פק""מ**",,1.58,5.0,+/-   5%,0.0,10.0,ריבית בנק ישראל,,מדיניות צפויה למסלול +60,2026-09-30T23:38:13+00:00,https://www.os-gml.co.il/wp-content/uploads/2026/01/עותק_של_ג002_-_עוס_-_מדיניות_השקעות_צפויה_לשנת_2026.xls,policy/companies/520042573/raw/520042573/246d99a0b47a_עותק_של_ג002_-_עוס_-_מדיניות_השקעות_צפויה_לשנת_2026.xls,מדיניות צפויה למסלול +60 
520042573,,,520042573|מדיניות צפויה למסלול +60|מסלול המותאם לגילאים 60 +,מסלול המותאם לגילאים 60 +,2026,"חשיפה למט""ח",fx,13.73,13.0,+/-   6%,7.0,19.0,,,מדיניות צפויה למסלול +60,2026-09-30T23:38:13+00:00,https://www.os-gml.co.il/wp-content/uploads/2026/01/עותק_של_ג002_-_עוס_-_מדיניות_השקעות_צפויה_לשנת_2026.xls,policy/companies/520042573/raw/520042573/246d99a0b47a_עותק_של_ג002_-_עוס_-_מדיניות_השקעות_צפויה_לשנת_2026.xls,מדיניות צפויה למסלול +60 
520042573,,,520042573|מדיניות צפויה למסלול +60|מסלול המותאם לגילאים 60 +,מסלול המותאם לגילאים 60 +,2026,מגבלת עמלת ניהול חיצוני,,0.05,,,,,,,מדיניות צפויה למסלול +60,2026-09-30T23:38:13+00:00,https://www.os-gml.co.il/wp-content/uploads/2026/01/עותק_של_ג002_-_עוס_-_מדיניות_השקעות_צפויה_לשנת_2026.xls,policy/companies/520042573/raw/520042573/246d99a0b47a_עותק_של_ג002_-_עוס_-_מדיניות_השקעות_צפויה_לשנת_2026.xls,מדיניות צפויה למסלול +60 
520042573,,,520042573|מדיניות צפויה למסלול עד 50|מסלול המותאם לגילאים עד 50,מסלול המותאם לגילאים עד 50,2026,"מניות (תעודות סל, אופציות, קרנות נאמנות)",equity,57.8,55.0,+/-   6%,49.0,61.0,"מניות בארץ - ת""א 125 - 30%   מניות בחו""ל  - MSCI AC - 70%",,מדיניות צפויה למסלול עד 50,2026-09-30T23:38:13+00:00,https://www.os-gml.co.il/wp-content/uploads/2026/01/עותק_של_ג002_-_עוס_-_מדיניות_השקעות_צפויה_לשנת_2026.xls,policy/companies/520042573/raw/520042573/246d99a0b47a_עותק_של_ג002_-_עוס_-_מדיניות_השקעות_צפויה_לשנת_2026.xls,מדיניות צפויה למסלול עד 50
520042573,,,520042573|מדיניות צפויה למסלול עד 50|מסלול המותאם לגילאים עד 50,מסלול המותאם לגילאים עד 50,2026,"אג""ח ממשלתי",,17.7,15.0,+/-   5%,10.0,20.0,ממשלתי צמוד 2-5 - 40%     ממשלתי שקלי 2-5 -60%,,מדיניות צפויה למסלול עד 50,2026-09-30T23:38:13+00:00,https://www.os-gml.co.il/wp-content/uploads/2026/01/עותק_של_ג002_-_עוס_-_מדיניות_השקעות_צפויה_לשנת_2026.xls,policy/companies/520042573/raw/520042573/246d99a0b47a_עותק_של_ג002_-_עוס_-_מדיניות_השקעות_צפויה_לשנת_2026.xls,מדיניות צפויה למסלול עד 50
520042573,,,520042573|מדיניות צפויה למסלול עד 50|מסלול המותאם לגילאים עד 50,מסלול המותאם לגילאים עד 50,2026,"אג""ח קונצרני (קרנות נאמנות, תעודות סל)",,20.34,25.0,+/-   6%,19.0,31.0,תל בונד 60 -60%    תל בונד שקלי - 30%     Bloombreg us corporate1-10 bond index  -10%,,מדיניות צפויה למסלול עד 50,2026-09-30T23:38:13+00:00,https://www.os-gml.co.il/wp-content/uploads/2026/01/עותק_של_ג002_-_עוס_-_מדיניות_השקעות_צפויה_לשנת_2026.xls,policy/companies/520042573/raw/520042573/246d99a0b47a_עותק_של_ג002_-_עוס_-_מדיניות_השקעות_צפויה_לשנת_2026.xls,מדיניות צפויה למסלול עד 50
520042573,,,520042573|מדיניות צפויה למסלול עד 50|מסלול המותאם לגילאים עד 50,מסלול המותאם לגילאים עד 50,2026,"אחר (קרנות השקעה פרטיות, קרנות נדלן, מכשירים מובנים)*",,0.0,0.0,+/-   5%,0.0,5.0,,,מדיניות צפויה למסלול עד 50,2026-09-30T23:38:13+00:00,https://www.os-gml.co.il/wp-content/uploads/2026/01/עותק_של_ג002_-_עוס_-_מדיניות_השקעות_צפויה_לשנת_2026.xls,policy/companies/520042573/raw/520042573/246d99a0b47a_עותק_של_ג002_-_עוס_-_מדיניות_השקעות_צפויה_לשנת_2026.xls,מדיניות צפויה למסלול עד 50
520042573,,,520042573|מדיניות צפויה למסלול עד 50|מסלול המותאם לגילאים עד 50,מסלול המותאם לגילאים עד 50,2026,"עו""ש פר""י פק""מ**",,4.16,5.0,+/-   5%,0.0,10.0,ריבית בנק ישראל,,מדיניות צפויה למסלול עד 50,2026-09-30T23:38:13+00:00,https://www.os-gml.co.il/wp-content/uploads/2026/01/עותק_של_ג002_-_עוס_-_מדיניות_השקעות_צפויה_לשנת_2026.xls,policy/companies/520042573/raw/520042573/246d99a0b47a_עותק_של_ג002_-_עוס_-_מדיניות_השקעות_צפויה_לשנת_2026.xls,מדיניות צפויה למסלול עד 50
520042573,,,520042573|מדיניות צפויה למסלול עד 50|מסלול המותאם לגילאים עד 50,מסלול המותאם לגילאים עד 50,2026,"חשיפה למט""ח",fx,17.46,19.0,+/-   6%,13.0,25.0,,,מדיניות צפויה למסלול עד 50,2026-09-30T23:38:13+00:00,https://www.os-gml.co.il/wp-content/uploads/2026/01/עותק_של_ג002_-_עוס_-_מדיניות_השקעות_צפויה_לשנת_2026.xls,policy/companies/520042573/raw/520042573/246d99a0b47a_עותק_של_ג002_-_עוס_-_מדיניות_השקעות_צפויה_לשנת_2026.xls,מדיניות צפויה למסלול עד 50
520042573,,,520042573|מדיניות צפויה למסלול עד 50|מסלול המותאם לגילאים עד 50,מסלול המותאם לגילאים עד 50,2026,מגבלת עמלת ניהול חיצוני,,0.1,,,,,,,מדיניות צפויה למסלול עד 50,2026-09-30T23:38:13+00:00,https://www.os-gml.co.il/wp-content/uploads/2026/01/עותק_של_ג002_-_עוס_-_מדיניות_השקעות_צפויה_לשנת_2026.xls,policy/companies/520042573/raw/520042573/246d99a0b47a_עותק_של_ג002_-_עוס_-_מדיניות_השקעות_צפויה_לשנת_2026.xls,מדיניות צפויה למסלול עד 50
520042573,,,520042573|מדיניות צפויה מסלול 50-60|אושר בדירקטוריון 16 3 2020 עודכן ביום 21 4 2020 עודכון ביום 16 6 2020,אושר בדירקטוריון 16 3 2020 עודכן ביום 21 4 2020 עודכון ביום 16 6 2020,2025,"מניות (תעודות סל, אופציות, קרנות נאמנות)",equity,44.04,42.0,+/-   6%,36.0,48.0,"מניות בארץ - ת""א 125 - 30% ,  מניות בחו""ל  - MSCI AC - 70%",,מדיניות צפויה מסלול 50-60,2026-09-30T23:38:13+00:00,https://www.os-gml.co.il/wp-content/uploads/2025/12/ג003_-_נספח_-_עוס_-_מדיניות_השקעות_צפויה_לשנת_2025_עדכון_.xls,policy/companies/520042573/raw/520042573/1aa85d775d7c_ג003_-_נספח_-_עוס_-_מדיניות_השקעות_צפויה_לשנת_2025_עדכון_.xls,מדיניות צפויה מסלול 50-60 
520042573,,,520042573|מדיניות צפויה מסלול 50-60|אושר בדירקטוריון 16 3 2020 עודכן ביום 21 4 2020 עודכון ביום 16 6 2020,אושר בדירקטוריון 16 3 2020 עודכן ביום 21 4 2020 עודכון ביום 16 6 2020,2025,"אג""ח ממשלתי",,18.24,22.0,+/-   5%,17.0,27.0,ממשלתי צמוד 2-5 - 40%  ממשלתי שקלי 2-5 -60%,,מדיניות צפויה מסלול 50-60,2026-09-30T23:38:13+00:00,https://www.os-gml.co.il/wp-content/uploads/2025/12/ג003_-_נספח_-_עוס_-_מדיניות_השקעות_צפויה_לשנת_2025_עדכון_.xls,policy/companies/520042573/raw/520042573/1aa85d775d7c_ג003_-_נספח_-_עוס_-_מדיניות_השקעות_צפויה_לשנת_2025_עדכון_.xls,מדיניות צפויה מסלול 50-60 
520042573,,,520042573|מדיניות צפויה מסלול 50-60|אושר בדירקטוריון 16 3 2020 עודכן ביום 21 4 2020 עודכון ביום 16 6 2020,אושר בדירקטוריון 16 3 2020 עודכן ביום 21 4 2020 עודכון ביום 16 6 2020,2025,"אג""ח קונצרני (קרנות נאמנות, תעודות סל)",,24.55,28.0,+/-   6%,22.0,34.0,תל בונד 60 -60%    תל בונד שקלי  50- 30%     Bloombreg us corporate1-10 bond index  -10%,,מדיניות צפויה מסלול 50-60,2026-09-30T23:38:13+00:00,https://www.os-gml.co.il/wp-content/uploads/2025/12/ג003_-_נספח_-_עוס_-_מדיניות_השקעות_צפויה_לשנת_2025_עדכון_.xls,policy/companies/520042573/raw/520042573/1aa85d775d7c_ג003_-_נספח_-_עוס_-_מדיניות_השקעות_צפויה_לשנת_2025_עדכון_.xls,מדיניות צפויה מסלול 50-60 
520042573,,,520042573|מדיניות צפויה מסלול 50-60|אושר בדירקטוריון 16 3 2020 עודכן ביום 21 4 2020 עודכון ביום 16 6 2020,אושר בדירקטוריון 16 3 2020 עודכן ביום 21 4 2020 עודכון ביום 16 6 2020,2025,"אחר (קרנות השקעה פרטיות, קרנות נדלן, מכשירים מובנים)*",,10.65,10.0,+/-   5%,5.0,15.0,,,מדיניות צפויה מסלול 50-60,2026-09-30T23:38:13+00:00,https://www.os-gml.co.il/wp-content/uploads/2025/12/ג003_-_נספח_-_עוס_-_מדיניות_השקעות_צפויה_לשנת_2025_עדכון_.xls,policy/companies/520042573/raw/520042573/1aa85d775d7c_ג003_-_נספח_-_עוס_-_מדיניות_השקעות_צפויה_לשנת_2025_עדכון_.xls,מדיניות צפויה מסלול 50-60 
520042573,,,520042573|מדיניות צפויה מסלול 50-60|אושר בדירקטוריון 16 3 2020 עודכן ביום 21 4 2020 עודכון ביום 16 6 2020,אושר בדירקטוריון 16 3 2020 עודכן ביום 21 4 2020 עודכון ביום 16 6 2020,2025,"עו""ש פר""י פק""מ**",,2.52,5.0,+/-   7%,0.0,10.0,ריבית בנק ישראל,,מדיניות צפויה מסלול 50-60,2026-09-30T23:38:13+00:00,https://www.os-gml.co.il/wp-content/uploads/2025/12/ג003_-_נספח_-_עוס_-_מדיניות_השקעות_צפויה_לשנת_2025_עדכון_.xls,policy/companies/520042573/raw/520042573/1aa85d775d7c_ג003_-_נספח_-_עוס_-_מדיניות_השקעות_צפויה_לשנת_2025_עדכון_.xls,מדיניות צפויה מסלול 50-60 
520042573,,,520042573|מדיניות צפויה מסלול 50-60|אושר בדירקטוריון 16 3 2020 עודכן ביום 21 4 2020 עודכון ביום 16 6 2020,אושר בדירקטוריון 16 3 2020 עודכן ביום 21 4 2020 עודכון ביום 16 6 2020,2025,"חשיפה למט""ח",fx,20.35,19.0,+/-   6%,13.0,25.0,,,מדיניות צפויה מסלול 50-60,2026-09-30T23:38:13+00:00,https://www.os-gml.co.il/wp-content/uploads/2025/12/ג003_-_נספח_-_עוס_-_מדיניות_השקעות_צפויה_לשנת_2025_עדכון_.xls,policy/companies/520042573/raw/520042573/1aa85d775d7c_ג003_-_נספח_-_עוס_-_מדיניות_השקעות_צפויה_לשנת_2025_עדכון_.xls,מדיניות צפויה מסלול 50-60 
520042573,,,520042573|מדיניות צפויה מסלול 50-60|אושר בדירקטוריון 16 3 2020 עודכן ביום 21 4 2020 עודכון ביום 16 6 2020,אושר בדירקטוריון 16 3 2020 עודכן ביום 21 4 2020 עודכון ביום 16 6 2020,2025,מגבלת עמלת ניהול חיצוני,,0.25,,,,,,,מדיניות צפויה מסלול 50-60,2026-09-30T23:38:13+00:00,https://www.os-gml.co.il/wp-content/uploads/2025/12/ג003_-_נספח_-_עוס_-_מדיניות_השקעות_צפויה_לשנת_2025_עדכון_.xls,policy/companies/520042573/raw/520042573/1aa85d775d7c_ג003_-_נספח_-_עוס_-_מדיניות_השקעות_צפויה_לשנת_2025_עדכון_.xls,מדיניות צפויה מסלול 50-60 
520042573,,,520042573|מדיניות צפויה למסלול +60|מסלול המותאם לגילאים 60 +,מסלול המותאם לגילאים 60 +,2025,"מניות (תעודות סל, אופציות, קרנות נאמנות)",equity,22.82,20.0,+/-   6%,14.0,26.0,"מניות בארץ - ת""א 125 - 30%   מניות בחו""ל  - MSCI AC - 70%",,מדיניות צפויה למסלול +60,2026-09-30T23:38:13+00:00,https://www.os-gml.co.il/wp-content/uploads/2025/12/ג003_-_נספח_-_עוס_-_מדיניות_השקעות_צפויה_לשנת_2025_עדכון_.xls,policy/companies/520042573/raw/520042573/1aa85d775d7c_ג003_-_נספח_-_עוס_-_מדיניות_השקעות_צפויה_לשנת_2025_עדכון_.xls,מדיניות צפויה למסלול +60 
520042573,,,520042573|מדיניות צפויה למסלול +60|מסלול המותאם לגילאים 60 +,מסלול המותאם לגילאים 60 +,2025,"אג""ח ממשלתי",,41.41,45.0,+/-   5%,40.0,50.0,ממשלתי צמוד 2-5 - 30%      ממשלתי שקלי 2-5 -70%,,מדיניות צפויה למסלול +60,2026-09-30T23:38:13+00:00,https://www.os-gml.co.il/wp-content/uploads/2025/12/ג003_-_נספח_-_עוס_-_מדיניות_השקעות_צפויה_לשנת_2025_עדכון_.xls,policy/companies/520042573/raw/520042573/1aa85d775d7c_ג003_-_נספח_-_עוס_-_מדיניות_השקעות_צפויה_לשנת_2025_עדכון_.xls,מדיניות צפויה למסלול +60 
520042573,,,520042573|מדיניות צפויה למסלול +60|מסלול המותאם לגילאים 60 +,מסלול המותאם לגילאים 60 +,2025,"אג""ח קונצרני (קרנות נאמנות, תעודות סל)",,34.46,35.0,+/-   6%,29.0,41.0,תל בונד 60 -65%    תל בונד שקלי  - 25%     Bloombreg us corporate1-10 bond index  -10%,,מדיניות צפויה למסלול +60,2026-09-30T23:38:13+00:00,https://www.os-gml.co.il/wp-content/uploads/2025/12/ג003_-_נספח_-_עוס_-_מדיניות_השקעות_צפויה_לשנת_2025_עדכון_.xls,policy/companies/520042573/raw/520042573/1aa85d775d7c_ג003_-_נספח_-_עוס_-_מדיניות_השקעות_צפויה_לשנת_2025_עדכון_.xls,מדיניות צפויה למסלול +60 
520042573,,,520042573|מדיניות צפויה למסלול +60|מסלול המותאם לגילאים 60 +,מסלול המותאם לגילאים 60 +,2025,"אחר (קרנות השקעה פרטיות, קרנות נדלן, מכשירים מובנים)*",,0.0,0.0,+/-   5%,0.0,5.0,,,מדיניות צפויה למסלול +60,2026-09-30T23:38:13+00:00,https://www.os-gml.co.il/wp-content/uploads/2025/12/ג003_-_נספח_-_עוס_-_מדיניות_השקעות_צפויה_לשנת_2025_עדכון_.xls,policy/companies/520042573/raw/520042573/1aa85d775d7c_ג003_-_נספח_-_עוס_-_מדיניות_השקעות_צפויה_לשנת_2025_עדכון_.xls,מדיניות צפויה למסלול +60 
520042573,,,520042573|מדיניות צפויה למסלול +60|מסלול המותאם לגילאים 60 +,מסלול המותאם לגילאים 60 +,2025,"עו""ש פר""י פק""מ**",,1.28,5.0,+/-   5%,0.0,10.0,ריבית בנק ישראל,,מדיניות צפויה למסלול +60,2026-09-30T23:38:13+00:00,https://www.os-gml.co.il/wp-content/uploads/2025/12/ג003_-_נספח_-_עוס_-_מדיניות_השקעות_צפויה_לשנת_2025_עדכון_.xls,policy/companies/520042573/raw/520042573/1aa85d775d7c_ג003_-_נספח_-_עוס_-_מדיניות_השקעות_צפויה_לשנת_2025_עדכון_.xls,מדיניות צפויה למסלול +60 
520042573,,,520042573|מדיניות צפויה למסלול +60|מסלול המותאם לגילאים 60 +,מסלול המותאם לגילאים 60 +,2025,"חשיפה למט""ח",fx,14.85,13.0,+/-   6%,7.0,19.0,,,מדיניות צפויה למסלול +60,2026-09-30T23:38:13+00:00,https://www.os-gml.co.il/wp-content/uploads/2025/12/ג003_-_נספח_-_עוס_-_מדיניות_השקעות_צפויה_לשנת_2025_עדכון_.xls,policy/companies/520042573/raw/520042573/1aa85d775d7c_ג003_-_נספח_-_עוס_-_מדיניות_השקעות_צפויה_לשנת_2025_עדכון_.xls,מדיניות צפויה למסלול +60 
520042573,,,520042573|מדיניות צפויה למסלול +60|מסלול המותאם לגילאים 60 +,מסלול המותאם לגילאים 60 +,2025,מגבלת עמלת ניהול חיצוני,,0.1,,,,,,,מדיניות צפויה למסלול +60,2026-09-30T23:38:13+00:00,https://www.os-gml.co.il/wp-content/uploads/2025/12/ג003_-_נספח_-_עוס_-_מדיניות_השקעות_צפויה_לשנת_2025_עדכון_.xls,policy/companies/520042573/raw/520042573/1aa85d775d7c_ג003_-_נספח_-_עוס_-_מדיניות_השקעות_צפויה_לשנת_2025_עדכון_.xls,מדיניות צפויה למסלול +60 
520042573,,,520042573|מדיניות צפויה למסלול עד 50|מסלול המותאם לגילאים עד 50,מסלול המותאם לגילאים עד 50,2025,"מניות (תעודות סל, אופציות, קרנות נאמנות)",equity,51.94,55.0,+/-   6%,49.0,61.0,"מניות בארץ - ת""א 125 - 30%   מניות בחו""ל  - MSCI AC - 70%",,מדיניות צפויה למסלול עד 50,2026-09-30T23:38:13+00:00,https://www.os-gml.co.il/wp-content/uploads/2025/12/ג003_-_נספח_-_עוס_-_מדיניות_השקעות_צפויה_לשנת_2025_עדכון_.xls,policy/companies/520042573/raw/520042573/1aa85d775d7c_ג003_-_נספח_-_עוס_-_מדיניות_השקעות_צפויה_לשנת_2025_עדכון_.xls,מדיניות צפויה למסלול עד 50
520042573,,,520042573|מדיניות צפויה למסלול עד 50|מסלול המותאם לגילאים עד 50,מסלול המותאם לגילאים עד 50,2025,"אג""ח ממשלתי",,21.16,15.0,+/-   5%,10.0,20.0,ממשלתי צמוד 2-5 - 40%     ממשלתי שקלי 2-5 -60%,,מדיניות צפויה למסלול עד 50,2026-09-30T23:38:13+00:00,https://www.os-gml.co.il/wp-content/uploads/2025/12/ג003_-_נספח_-_עוס_-_מדיניות_השקעות_צפויה_לשנת_2025_עדכון_.xls,policy/companies/520042573/raw/520042573/1aa85d775d7c_ג003_-_נספח_-_עוס_-_מדיניות_השקעות_צפויה_לשנת_2025_עדכון_.xls,מדיניות צפויה למסלול עד 50
520042573,,,520042573|מדיניות צפויה למסלול עד 50|מסלול המותאם לגילאים עד 50,מסלול המותאם לגילאים עד 50,2025,"אג""ח קונצרני (קרנות נאמנות, תעודות סל)",,20.11,25.0,+/-   6%,19.0,31.0,תל בונד 60 -60%    תל בונד שקלי - 30%     Bloombreg us corporate1-10 bond index  -10%,,מדיניות צפויה למסלול עד 50,2026-09-30T23:38:13+00:00,https://www.os-gml.co.il/wp-content/uploads/2025/12/ג003_-_נספח_-_עוס_-_מדיניות_השקעות_צפויה_לשנת_2025_עדכון_.xls,policy/companies/520042573/raw/520042573/1aa85d775d7c_ג003_-_נספח_-_עוס_-_מדיניות_השקעות_צפויה_לשנת_2025_עדכון_.xls,מדיניות צפויה למסלול עד 50
520042573,,,520042573|מדיניות צפויה למסלול עד 50|מסלול המותאם לגילאים עד 50,מסלול המותאם לגילאים עד 50,2025,"אחר (קרנות השקעה פרטיות, קרנות נדלן, מכשירים מובנים)*",,0.0,0.0,+/-   5%,0.0,5.0,,,מדיניות צפויה למסלול עד 50,2026-09-30T23:38:13+00:00,https://www.os-gml.co.il/wp-content/uploads/2025/12/ג003_-_נספח_-_עוס_-_מדיניות_השקעות_צפויה_לשנת_2025_עדכון_.xls,policy/companies/520042573/raw/520042573/1aa85d775d7c_ג003_-_נספח_-_עוס_-_מדיניות_השקעות_צפויה_לשנת_2025_עדכון_.xls,מדיניות צפויה למסלול עד 50
520042573,,,520042573|מדיניות צפויה למסלול עד 50|מסלול המותאם לגילאים עד 50,מסלול המותאם לגילאים עד 50,2025,"עו""ש פר""י פק""מ**",,6.79,100.0,+/-   5%,0.0,10.0,ריבית בנק ישראל,,מדיניות צפויה למסלול עד 50,2026-09-30T23:38:13+00:00,https://www.os-gml.co.il/wp-content/uploads/2025/12/ג003_-_נספח_-_עוס_-_מדיניות_השקעות_צפויה_לשנת_2025_עדכון_.xls,policy/companies/520042573/raw/520042573/1aa85d775d7c_ג003_-_נספח_-_עוס_-_מדיניות_השקעות_צפויה_לשנת_2025_עדכון_.xls,מדיניות צפויה למסלול עד 50
520042573,,,520042573|מדיניות צפויה למסלול עד 50|מסלול המותאם לגילאים עד 50,מסלול המותאם לגילאים עד 50,2025,"חשיפה למט""ח",fx,21.01,19.0,+/-   6%,13.0,25.0,,,מדיניות צפויה למסלול עד 50,2026-09-30T23:38:13+00:00,https://www.os-gml.co.il/wp-content/uploads/2025/12/ג003_-_נספח_-_עוס_-_מדיניות_השקעות_צפויה_לשנת_2025_עדכון_.xls,policy/companies/520042573/raw/520042573/1aa85d775d7c_ג003_-_נספח_-_עוס_-_מדיניות_השקעות_צפויה_לשנת_2025_עדכון_.xls,מדיניות צפויה למסלול עד 50
520042573,,,520042573|מדיניות צפויה למסלול עד 50|מסלול המותאם לגילאים עד 50,מסלול המותאם לגילאים עד 50,2025,מגבלת עמלת ניהול חיצוני,,0.15,,,,,,,מדיניות צפויה למסלול עד 50,2026-09-30T23:38:13+00:00,https://www.os-gml.co.il/wp-content/uploads/2025/12/ג003_-_נספח_-_עוס_-_מדיניות_השקעות_צפויה_לשנת_2025_עדכון_.xls,policy/companies/520042573/raw/520042573/1aa85d775d7c_ג003_-_נספח_-_עוס_-_מדיניות_השקעות_צפויה_לשנת_2025_עדכון_.xls,מדיניות צפויה למסלול עד 50
520042573,,,520042573|מדיניות צפויה מסלול 50-60|אושר בדירקטוריון 16 3 2020 עודכן ביום 21 4 2020 עודכון ביום 16 6 2020,אושר בדירקטוריון 16 3 2020 עודכן ביום 21 4 2020 עודכון ביום 16 6 2020,2025,"מניות (תעודות סל, אופציות, קרנות נאמנות)",equity,44.04,42.0,+/-   6%,36.0,48.0,"מניות בארץ - ת""א 125 - 30% ,  מניות בחו""ל  - MSCI AC - 70%",,מדיניות צפויה מסלול 50-60,2026-09-30T23:38:13+00:00,https://www.os-gml.co.il/wp-content/uploads/2025/01/ג002_-_עוס_-_מדיניות_השקעות_צפויה_לשנת_2025.xls,policy/companies/520042573/raw/520042573/b6fed2270702_ג002_-_עוס_-_מדיניות_השקעות_צפויה_לשנת_2025.xls,מדיניות צפויה מסלול 50-60 
520042573,,,520042573|מדיניות צפויה מסלול 50-60|אושר בדירקטוריון 16 3 2020 עודכן ביום 21 4 2020 עודכון ביום 16 6 2020,אושר בדירקטוריון 16 3 2020 עודכן ביום 21 4 2020 עודכון ביום 16 6 2020,2025,"אג""ח ממשלתי",,18.24,22.0,+/-   5%,17.0,27.0,ממשלתי צמוד 2-5 - 40%  ממשלתי שקלי 2-5 -60%,,מדיניות צפויה מסלול 50-60,2026-09-30T23:38:13+00:00,https://www.os-gml.co.il/wp-content/uploads/2025/01/ג002_-_עוס_-_מדיניות_השקעות_צפויה_לשנת_2025.xls,policy/companies/520042573/raw/520042573/b6fed2270702_ג002_-_עוס_-_מדיניות_השקעות_צפויה_לשנת_2025.xls,מדיניות צפויה מסלול 50-60 
520042573,,,520042573|מדיניות צפויה מסלול 50-60|אושר בדירקטוריון 16 3 2020 עודכן ביום 21 4 2020 עודכון ביום 16 6 2020,אושר בדירקטוריון 16 3 2020 עודכן ביום 21 4 2020 עודכון ביום 16 6 2020,2025,"אג""ח קונצרני (קרנות נאמנות, תעודות סל)",,24.55,28.0,+/-   6%,22.0,34.0,תל בונד 60 -60%    תל בונד שקלי  50- 30%     Bloombreg us corporate1-10 bond index  -10%,,מדיניות צפויה מסלול 50-60,2026-09-30T23:38:13+00:00,https://www.os-gml.co.il/wp-content/uploads/2025/01/ג002_-_עוס_-_מדיניות_השקעות_צפויה_לשנת_2025.xls,policy/companies/520042573/raw/520042573/b6fed2270702_ג002_-_עוס_-_מדיניות_השקעות_צפויה_לשנת_2025.xls,מדיניות צפויה מסלול 50-60 
520042573,,,520042573|מדיניות צפויה מסלול 50-60|אושר בדירקטוריון 16 3 2020 עודכן ביום 21 4 2020 עודכון ביום 16 6 2020,אושר בדירקטוריון 16 3 2020 עודכן ביום 21 4 2020 עודכון ביום 16 6 2020,2025,"אחר (קרנות השקעה פרטיות, קרנות נדלן, מכשירים מובנים)*",,10.65,8.0,+/-   5%,3.0,13.0,,,מדיניות צפויה מסלול 50-60,2026-09-30T23:38:13+00:00,https://www.os-gml.co.il/wp-content/uploads/2025/01/ג002_-_עוס_-_מדיניות_השקעות_צפויה_לשנת_2025.xls,policy/companies/520042573/raw/520042573/b6fed2270702_ג002_-_עוס_-_מדיניות_השקעות_צפויה_לשנת_2025.xls,מדיניות צפויה מסלול 50-60 
520042573,,,520042573|מדיניות צפויה מסלול 50-60|אושר בדירקטוריון 16 3 2020 עודכן ביום 21 4 2020 עודכון ביום 16 6 2020,אושר בדירקטוריון 16 3 2020 עודכן ביום 21 4 2020 עודכון ביום 16 6 2020,2025,"עו""ש פר""י פק""מ**",,2.52,5.0,+/-   7%,0.0,10.0,ריבית בנק ישראל,,מדיניות צפויה מסלול 50-60,2026-09-30T23:38:13+00:00,https://www.os-gml.co.il/wp-content/uploads/2025/01/ג002_-_עוס_-_מדיניות_השקעות_צפויה_לשנת_2025.xls,policy/companies/520042573/raw/520042573/b6fed2270702_ג002_-_עוס_-_מדיניות_השקעות_צפויה_לשנת_2025.xls,מדיניות צפויה מסלול 50-60 
520042573,,,520042573|מדיניות צפויה מסלול 50-60|אושר בדירקטוריון 16 3 2020 עודכן ביום 21 4 2020 עודכון ביום 16 6 2020,אושר בדירקטוריון 16 3 2020 עודכן ביום 21 4 2020 עודכון ביום 16 6 2020,2025,"חשיפה למט""ח",fx,20.35,19.0,+/-   6%,13.0,25.0,,,מדיניות צפויה מסלול 50-60,2026-09-30T23:38:13+00:00,https://www.os-gml.co.il/wp-content/uploads/2025/01/ג002_-_עוס_-_מדיניות_השקעות_צפויה_לשנת_2025.xls,policy/companies/520042573/raw/520042573/b6fed2270702_ג002_-_עוס_-_מדיניות_השקעות_צפויה_לשנת_2025.xls,מדיניות צפויה מסלול 50-60 
520042573,,,520042573|מדיניות צפויה מסלול 50-60|אושר בדירקטוריון 16 3 2020 עודכן ביום 21 4 2020 עודכון ביום 16 6 2020,אושר בדירקטוריון 16 3 2020 עודכן ביום 21 4 2020 עודכון ביום 16 6 2020,2025,מגבלת עמלת ניהול חיצוני,,0.25,,,,,,,מדיניות צפויה מסלול 50-60,2026-09-30T23:38:13+00:00,https://www.os-gml.co.il/wp-content/uploads/2025/01/ג002_-_עוס_-_מדיניות_השקעות_צפויה_לשנת_2025.xls,policy/companies/520042573/raw/520042573/b6fed2270702_ג002_-_עוס_-_מדיניות_השקעות_צפויה_לשנת_2025.xls,מדיניות צפויה מסלול 50-60 
520042573,,,520042573|מדיניות צפויה למסלול +60|מסלול המותאם לגילאים 60 +,מסלול המותאם לגילאים 60 +,2025,"מניות (תעודות סל, אופציות, קרנות נאמנות)",equity,22.82,20.0,+/-   6%,14.0,26.0,"מניות בארץ - ת""א 125 - 30%   מניות בחו""ל  - MSCI AC - 70%",,מדיניות צפויה למסלול +60,2026-09-30T23:38:13+00:00,https://www.os-gml.co.il/wp-content/uploads/2025/01/ג002_-_עוס_-_מדיניות_השקעות_צפויה_לשנת_2025.xls,policy/companies/520042573/raw/520042573/b6fed2270702_ג002_-_עוס_-_מדיניות_השקעות_צפויה_לשנת_2025.xls,מדיניות צפויה למסלול +60 
520042573,,,520042573|מדיניות צפויה למסלול +60|מסלול המותאם לגילאים 60 +,מסלול המותאם לגילאים 60 +,2025,"אג""ח ממשלתי",,41.41,45.0,+/-   5%,40.0,50.0,ממשלתי צמוד 2-5 - 30%      ממשלתי שקלי 2-5 -70%,,מדיניות צפויה למסלול +60,2026-09-30T23:38:13+00:00,https://www.os-gml.co.il/wp-content/uploads/2025/01/ג002_-_עוס_-_מדיניות_השקעות_צפויה_לשנת_2025.xls,policy/companies/520042573/raw/520042573/b6fed2270702_ג002_-_עוס_-_מדיניות_השקעות_צפויה_לשנת_2025.xls,מדיניות צפויה למסלול +60 
520042573,,,520042573|מדיניות צפויה למסלול +60|מסלול המותאם לגילאים 60 +,מסלול המותאם לגילאים 60 +,2025,"אג""ח קונצרני (קרנות נאמנות, תעודות סל)",,34.46,35.0,+/-   6%,29.0,41.0,תל בונד 60 -65%    תל בונד שקלי  - 25%     Bloombreg us corporate1-10 bond index  -10%,,מדיניות צפויה למסלול +60,2026-09-30T23:38:13+00:00,https://www.os-gml.co.il/wp-content/uploads/2025/01/ג002_-_עוס_-_מדיניות_השקעות_צפויה_לשנת_2025.xls,policy/companies/520042573/raw/520042573/b6fed2270702_ג002_-_עוס_-_מדיניות_השקעות_צפויה_לשנת_2025.xls,מדיניות צפויה למסלול +60 
520042573,,,520042573|מדיניות צפויה למסלול +60|מסלול המותאם לגילאים 60 +,מסלול המותאם לגילאים 60 +,2025,"אחר (קרנות השקעה פרטיות, קרנות נדלן, מכשירים מובנים)*",,0.0,0.0,+/-   5%,0.0,5.0,,,מדיניות צפויה למסלול +60,2026-09-30T23:38:13+00:00,https://www.os-gml.co.il/wp-content/uploads/2025/01/ג002_-_עוס_-_מדיניות_השקעות_צפויה_לשנת_2025.xls,policy/companies/520042573/raw/520042573/b6fed2270702_ג002_-_עוס_-_מדיניות_השקעות_צפויה_לשנת_2025.xls,מדיניות צפויה למסלול +60 
520042573,,,520042573|מדיניות צפויה למסלול +60|מסלול המותאם לגילאים 60 +,מסלול המותאם לגילאים 60 +,2025,"עו""ש פר""י פק""מ**",,1.28,5.0,+/-   5%,0.0,10.0,ריבית בנק ישראל,,מדיניות צפויה למסלול +60,2026-09-30T23:38:13+00:00,https://www.os-gml.co.il/wp-content/uploads/2025/01/ג002_-_עוס_-_מדיניות_השקעות_צפויה_לשנת_2025.xls,policy/companies/520042573/raw/520042573/b6fed2270702_ג002_-_עוס_-_מדיניות_השקעות_צפויה_לשנת_2025.xls,מדיניות צפויה למסלול +60 
520042573,,,520042573|מדיניות צפויה למסלול +60|מסלול המותאם לגילאים 60 +,מסלול המותאם לגילאים 60 +,2025,"חשיפה למט""ח",fx,14.85,13.0,+/-   6%,7.0,19.0,,,מדיניות צפויה למסלול +60,2026-09-30T23:38:13+00:00,https://www.os-gml.co.il/wp-content/uploads/2025/01/ג002_-_עוס_-_מדיניות_השקעות_צפויה_לשנת_2025.xls,policy/companies/520042573/raw/520042573/b6fed2270702_ג002_-_עוס_-_מדיניות_השקעות_צפויה_לשנת_2025.xls,מדיניות צפויה למסלול +60 
520042573,,,520042573|מדיניות צפויה למסלול +60|מסלול המותאם לגילאים 60 +,מסלול המותאם לגילאים 60 +,2025,מגבלת עמלת ניהול חיצוני,,0.1,,,,,,,מדיניות צפויה למסלול +60,2026-09-30T23:38:13+00:00,https://www.os-gml.co.il/wp-content/uploads/2025/01/ג002_-_עוס_-_מדיניות_השקעות_צפויה_לשנת_2025.xls,policy/companies/520042573/raw/520042573/b6fed2270702_ג002_-_עוס_-_מדיניות_השקעות_צפויה_לשנת_2025.xls,מדיניות צפויה למסלול +60 
520042573,,,520042573|מדיניות צפויה למסלול עד 50|מסלול המותאם לגילאים עד 50,מסלול המותאם לגילאים עד 50,2025,"מניות (תעודות סל, אופציות, קרנות נאמנות)",equity,51.94,50.0,+/-   6%,44.0,56.0,"מניות בארץ - ת""א 125 - 30%   מניות בחו""ל  - MSCI AC - 70%",,מדיניות צפויה למסלול עד 50,2026-09-30T23:38:13+00:00,https://www.os-gml.co.il/wp-content/uploads/2025/01/ג002_-_עוס_-_מדיניות_השקעות_צפויה_לשנת_2025.xls,policy/companies/520042573/raw/520042573/b6fed2270702_ג002_-_עוס_-_מדיניות_השקעות_צפויה_לשנת_2025.xls,מדיניות צפויה למסלול עד 50
520042573,,,520042573|מדיניות צפויה למסלול עד 50|מסלול המותאם לגילאים עד 50,מסלול המותאם לגילאים עד 50,2025,"אג""ח ממשלתי",,21.16,25.0,+/-   5%,20.0,30.0,ממשלתי צמוד 2-5 - 40%     ממשלתי שקלי 2-5 -60%,,מדיניות צפויה למסלול עד 50,2026-09-30T23:38:13+00:00,https://www.os-gml.co.il/wp-content/uploads/2025/01/ג002_-_עוס_-_מדיניות_השקעות_צפויה_לשנת_2025.xls,policy/companies/520042573/raw/520042573/b6fed2270702_ג002_-_עוס_-_מדיניות_השקעות_צפויה_לשנת_2025.xls,מדיניות צפויה למסלול עד 50
520042573,,,520042573|מדיניות צפויה למסלול עד 50|מסלול המותאם לגילאים עד 50,מסלול המותאם לגילאים עד 50,2025,"אג""ח קונצרני (קרנות נאמנות, תעודות סל)",,20.11,25.0,+/-   6%,19.0,31.0,תל בונד 60 -60%    תל בונד שקלי - 30%     Bloombreg us corporate1-10 bond index  -10%,,מדיניות צפויה למסלול עד 50,2026-09-30T23:38:13+00:00,https://www.os-gml.co.il/wp-content/uploads/2025/01/ג002_-_עוס_-_מדיניות_השקעות_צפויה_לשנת_2025.xls,policy/companies/520042573/raw/520042573/b6fed2270702_ג002_-_עוס_-_מדיניות_השקעות_צפויה_לשנת_2025.xls,מדיניות צפויה למסלול עד 50
520042573,,,520042573|מדיניות צפויה למסלול עד 50|מסלול המותאם לגילאים עד 50,מסלול המותאם לגילאים עד 50,2025,"אחר (קרנות השקעה פרטיות, קרנות נדלן, מכשירים מובנים)*",,0.0,0.0,+/-   5%,0.0,5.0,,,מדיניות צפויה למסלול עד 50,2026-09-30T23:38:13+00:00,https://www.os-gml.co.il/wp-content/uploads/2025/01/ג002_-_עוס_-_מדיניות_השקעות_צפויה_לשנת_2025.xls,policy/companies/520042573/raw/520042573/b6fed2270702_ג002_-_עוס_-_מדיניות_השקעות_צפויה_לשנת_2025.xls,מדיניות צפויה למסלול עד 50
520042573,,,520042573|מדיניות צפויה למסלול עד 50|מסלול המותאם לגילאים עד 50,מסלול המותאם לגילאים עד 50,2025,"עו""ש פר""י פק""מ**",,6.79,5.0,+/-   5%,0.0,10.0,ריבית בנק ישראל,,מדיניות צפויה למסלול עד 50,2026-09-30T23:38:13+00:00,https://www.os-gml.co.il/wp-content/uploads/2025/01/ג002_-_עוס_-_מדיניות_השקעות_צפויה_לשנת_2025.xls,policy/companies/520042573/raw/520042573/b6fed2270702_ג002_-_עוס_-_מדיניות_השקעות_צפויה_לשנת_2025.xls,מדיניות צפויה למסלול עד 50
520042573,,,520042573|מדיניות צפויה למסלול עד 50|מסלול המותאם לגילאים עד 50,מסלול המותאם לגילאים עד 50,2025,"חשיפה למט""ח",fx,21.01,19.0,+/-   6%,13.0,25.0,,,מדיניות צפויה למסלול עד 50,2026-09-30T23:38:13+00:00,https://www.os-gml.co.il/wp-content/uploads/2025/01/ג002_-_עוס_-_מדיניות_השקעות_צפויה_לשנת_2025.xls,policy/companies/520042573/raw/520042573/b6fed2270702_ג002_-_עוס_-_מדיניות_השקעות_צפויה_לשנת_2025.xls,מדיניות צפויה למסלול עד 50
520042573,,,520042573|מדיניות צפויה למסלול עד 50|מסלול המותאם לגילאים עד 50,מסלול המותאם לגילאים עד 50,2025,מגבלת עמלת ניהול חיצוני,,0.15,,,,,,,מדיניות צפויה למסלול עד 50,2026-09-30T23:38:13+00:00,https://www.os-gml.co.il/wp-content/uploads/2025/01/ג002_-_עוס_-_מדיניות_השקעות_צפויה_לשנת_2025.xls,policy/companies/520042573/raw/520042573/b6fed2270702_ג002_-_עוס_-_מדיניות_השקעות_צפויה_לשנת_2025.xls,מדיניות צפויה למסלול עד 50
520042573,,,520042573|מדיניות צפויה מסלול 50-60|אושר בדירקטוריון 16 3 2020 עודכן ביום 21 4 2020 עודכון ביום 16 6 2020,אושר בדירקטוריון 16 3 2020 עודכן ביום 21 4 2020 עודכון ביום 16 6 2020,2024,"מניות (תעודות סל, אופציות, קרנות נאמנות)",equity,44.15,42.0,+/-   6%,36.0,48.0,"מניות בארץ - ת""א 125 - 30% ,  מניות בחו""ל  - MSCI AC - 70%",,מדיניות צפויה מסלול 50-60,2026-09-30T23:38:13+00:00,https://www.os-gml.co.il/wp-content/uploads/2024/01/ג003_-_עוס_-_מדיניות_השקעות_צפויה_לשנת_2024_-_אושרה_בדירקטוריון_9.1.2024.xls,policy/companies/520042573/raw/520042573/33ab7b4b6678_ג003_-_עוס_-_מדיניות_השקעות_צפויה_לשנת_2024_-_אושרה_בדירקטוריון_9.1.2024.xls,מדיניות צפויה מסלול 50-60 
520042573,,,520042573|מדיניות צפויה מסלול 50-60|אושר בדירקטוריון 16 3 2020 עודכן ביום 21 4 2020 עודכון ביום 16 6 2020,אושר בדירקטוריון 16 3 2020 עודכן ביום 21 4 2020 עודכון ביום 16 6 2020,2024,"אג""ח ממשלתי",,17.97,22.0,+/-   5%,17.0,27.0,ממשלתי צמוד 2-5 - 40%  ממשלתי שקלי 2-5 -60%,,מדיניות צפויה מסלול 50-60,2026-09-30T23:38:13+00:00,https://www.os-gml.co.il/wp-content/uploads/2024/01/ג003_-_עוס_-_מדיניות_השקעות_צפויה_לשנת_2024_-_אושרה_בדירקטוריון_9.1.2024.xls,policy/companies/520042573/raw/520042573/33ab7b4b6678_ג003_-_עוס_-_מדיניות_השקעות_צפויה_לשנת_2024_-_אושרה_בדירקטוריון_9.1.2024.xls,מדיניות צפויה מסלול 50-60 
520042573,,,520042573|מדיניות צפויה מסלול 50-60|אושר בדירקטוריון 16 3 2020 עודכן ביום 21 4 2020 עודכון ביום 16 6 2020,אושר בדירקטוריון 16 3 2020 עודכן ביום 21 4 2020 עודכון ביום 16 6 2020,2024,"אג""ח קונצרני (קרנות נאמנות, תעודות סל)",,25.54,28.0,+/-   6%,22.0,34.0,תל בונד 60 -60%    תל בונד שקלי  50- 30%     Bloombreg us corporate1-10 bond index  -10%,,מדיניות צפויה מסלול 50-60,2026-09-30T23:38:13+00:00,https://www.os-gml.co.il/wp-content/uploads/2024/01/ג003_-_עוס_-_מדיניות_השקעות_צפויה_לשנת_2024_-_אושרה_בדירקטוריון_9.1.2024.xls,policy/companies/520042573/raw/520042573/33ab7b4b6678_ג003_-_עוס_-_מדיניות_השקעות_צפויה_לשנת_2024_-_אושרה_בדירקטוריון_9.1.2024.xls,מדיניות צפויה מסלול 50-60 
520042573,,,520042573|מדיניות צפויה מסלול 50-60|אושר בדירקטוריון 16 3 2020 עודכן ביום 21 4 2020 עודכון ביום 16 6 2020,אושר בדירקטוריון 16 3 2020 עודכן ביום 21 4 2020 עודכון ביום 16 6 2020,2024,"אחר (קרנות השקעה פרטיות, קרנות נדלן, מכשירים מובנים)*",,9.54,8.0,+/-   5%,3.0,13.0,,,מדיניות צפויה מסלול 50-60,2026-09-30T23:38:13+00:00,https://www.os-gml.co.il/wp-content/uploads/2024/01/ג003_-_עוס_-_מדיניות_השקעות_צפויה_לשנת_2024_-_אושרה_בדירקטוריון_9.1.2024.xls,policy/companies/520042573/raw/520042573/33ab7b4b6678_ג003_-_עוס_-_מדיניות_השקעות_צפויה_לשנת_2024_-_אושרה_בדירקטוריון_9.1.2024.xls,מדיניות צפויה מסלול 50-60 
520042573,,,520042573|מדיניות צפויה מסלול 50-60|אושר בדירקטוריון 16 3 2020 עודכן ביום 21 4 2020 עודכון ביום 16 6 2020,אושר בדירקטוריון 16 3 2020 עודכן ביום 21 4 2020 עודכון ביום 16 6 2020,2024,"עו""ש פר""י פק""מ**",,2.8,5.0,+/-   7%,0.0,10.0,ריבית בנק ישראל,,מדיניות צפויה מסלול 50-60,2026-09-30T23:38:13+00:00,https://www.os-gml.co.il/wp-content/uploads/2024/01/ג003_-_עוס_-_מדיניות_השקעות_צפויה_לשנת_2024_-_אושרה_בדירקטוריון_9.1.2024.xls,policy/companies/520042573/raw/520042573/33ab7b4b6678_ג003_-_עוס_-_מדיניות_השקעות_צפויה_לשנת_2024_-_אושרה_בדירקטוריון_9.1.2024.xls,מדיניות צפויה מסלול 50-60 
520042573,,,520042573|מדיניות צפויה מסלול 50-60|אושר בדירקטוריון 16 3 2020 עודכן ביום 21 4 2020 עודכון ביום 16 6 2020,אושר בדירקטוריון 16 3 2020 עודכן ביום 21 4 2020 עודכון ביום 16 6 2020,2024,"חשיפה למט""ח",fx,22.75,19.0,+/-   6%,13.0,25.0,,,מדיניות צפויה מסלול 50-60,2026-09-30T23:38:13+00:00,https://www.os-gml.co.il/wp-content/uploads/2024/01/ג003_-_עוס_-_מדיניות_השקעות_צפויה_לשנת_2024_-_אושרה_בדירקטוריון_9.1.2024.xls,policy/companies/520042573/raw/520042573/33ab7b4b6678_ג003_-_עוס_-_מדיניות_השקעות_צפויה_לשנת_2024_-_אושרה_בדירקטוריון_9.1.2024.xls,מדיניות צפויה מסלול 50-60 
520042573,,,520042573|מדיניות צפויה מסלול 50-60|אושר בדירקטוריון 16 3 2020 עודכן ביום 21 4 2020 עודכון ביום 16 6 2020,אושר בדירקטוריון 16 3 2020 עודכן ביום 21 4 2020 עודכון ביום 16 6 2020,2024,מגבלת עמלת ניהול חיצוני,,0.25,,,,,,,מדיניות צפויה מסלול 50-60,2026-09-30T23:38:13+00:00,https://www.os-gml.co.il/wp-content/uploads/2024/01/ג003_-_עוס_-_מדיניות_השקעות_צפויה_לשנת_2024_-_אושרה_בדירקטוריון_9.1.2024.xls,policy/companies/520042573/raw/520042573/33ab7b4b6678_ג003_-_עוס_-_מדיניות_השקעות_צפויה_לשנת_2024_-_אושרה_בדירקטוריון_9.1.2024.xls,מדיניות צפויה מסלול 50-60 
520042573,,,520042573|מדיניות צפויה למסלול +60|מסלול המותאם לגילאים 60 +,מסלול המותאם לגילאים 60 +,2024,"מניות (תעודות סל, אופציות, קרנות נאמנות)",equity,22.03,20.0,+/-   6%,14.0,26.0,"מניות בארץ - ת""א 125 - 30%   מניות בחו""ל  - MSCI AC - 70%",,מדיניות צפויה למסלול +60,2026-09-30T23:38:13+00:00,https://www.os-gml.co.il/wp-content/uploads/2024/01/ג003_-_עוס_-_מדיניות_השקעות_צפויה_לשנת_2024_-_אושרה_בדירקטוריון_9.1.2024.xls,policy/companies/520042573/raw/520042573/33ab7b4b6678_ג003_-_עוס_-_מדיניות_השקעות_צפויה_לשנת_2024_-_אושרה_בדירקטוריון_9.1.2024.xls,מדיניות צפויה למסלול +60 
520042573,,,520042573|מדיניות צפויה למסלול +60|מסלול המותאם לגילאים 60 +,מסלול המותאם לגילאים 60 +,2024,"אג""ח ממשלתי",,41.42,45.0,+/-   5%,40.0,50.0,ממשלתי צמוד 2-5 - 30%      ממשלתי שקלי 2-5 -70%,,מדיניות צפויה למסלול +60,2026-09-30T23:38:13+00:00,https://www.os-gml.co.il/wp-content/uploads/2024/01/ג003_-_עוס_-_מדיניות_השקעות_צפויה_לשנת_2024_-_אושרה_בדירקטוריון_9.1.2024.xls,policy/companies/520042573/raw/520042573/33ab7b4b6678_ג003_-_עוס_-_מדיניות_השקעות_צפויה_לשנת_2024_-_אושרה_בדירקטוריון_9.1.2024.xls,מדיניות צפויה למסלול +60 
520042573,,,520042573|מדיניות צפויה למסלול +60|מסלול המותאם לגילאים 60 +,מסלול המותאם לגילאים 60 +,2024,"אג""ח קונצרני (קרנות נאמנות, תעודות סל)",,35.35,35.0,+/-   6%,29.0,41.0,תל בונד 60 -65%    תל בונד שקלי  - 25%     Bloombreg us corporate1-10 bond index  -10%,,מדיניות צפויה למסלול +60,2026-09-30T23:38:13+00:00,https://www.os-gml.co.il/wp-content/uploads/2024/01/ג003_-_עוס_-_מדיניות_השקעות_צפויה_לשנת_2024_-_אושרה_בדירקטוריון_9.1.2024.xls,policy/companies/520042573/raw/520042573/33ab7b4b6678_ג003_-_עוס_-_מדיניות_השקעות_צפויה_לשנת_2024_-_אושרה_בדירקטוריון_9.1.2024.xls,מדיניות צפויה למסלול +60 
520042573,,,520042573|מדיניות צפויה למסלול +60|מסלול המותאם לגילאים 60 +,מסלול המותאם לגילאים 60 +,2024,"אחר (קרנות השקעה פרטיות, קרנות נדלן, מכשירים מובנים)*",,0.0,0.0,+/-   5%,0.0,5.0,,,מדיניות צפויה למסלול +60,2026-09-30T23:38:13+00:00,https://www.os-gml.co.il/wp-content/uploads/2024/01/ג003_-_עוס_-_מדיניות_השקעות_צפויה_לשנת_2024_-_אושרה_בדירקטוריון_9.1.2024.xls,policy/companies/520042573/raw/520042573/33ab7b4b6678_ג003_-_עוס_-_מדיניות_השקעות_צפויה_לשנת_2024_-_אושרה_בדירקטוריון_9.1.2024.xls,מדיניות צפויה למסלול +60 
520042573,,,520042573|מדיניות צפויה למסלול +60|מסלול המותאם לגילאים 60 +,מסלול המותאם לגילאים 60 +,2024,"עו""ש פר""י פק""מ**",,1.2,5.0,+/-   5%,0.0,10.0,ריבית בנק ישראל,,מדיניות צפויה למסלול +60,2026-09-30T23:38:13+00:00,https://www.os-gml.co.il/wp-content/uploads/2024/01/ג003_-_עוס_-_מדיניות_השקעות_צפויה_לשנת_2024_-_אושרה_בדירקטוריון_9.1.2024.xls,policy/companies/520042573/raw/520042573/33ab7b4b6678_ג003_-_עוס_-_מדיניות_השקעות_צפויה_לשנת_2024_-_אושרה_בדירקטוריון_9.1.2024.xls,מדיניות צפויה למסלול +60 
520042573,,,520042573|מדיניות צפויה למסלול +60|מסלול המותאם לגילאים 60 +,מסלול המותאם לגילאים 60 +,2024,"חשיפה למט""ח",fx,18.05,13.0,+/-   6%,7.0,19.0,,,מדיניות צפויה למסלול +60,2026-09-30T23:38:13+00:00,https://www.os-gml.co.il/wp-content/uploads/2024/01/ג003_-_עוס_-_מדיניות_השקעות_צפויה_לשנת_2024_-_אושרה_בדירקטוריון_9.1.2024.xls,policy/companies/520042573/raw/520042573/33ab7b4b6678_ג003_-_עוס_-_מדיניות_השקעות_צפויה_לשנת_2024_-_אושרה_בדירקטוריון_9.1.2024.xls,מדיניות צפויה למסלול +60 
520042573,,,520042573|מדיניות צפויה למסלול +60|מסלול המותאם לגילאים 60 +,מסלול המותאם לגילאים 60 +,2024,מגבלת עמלת ניהול חיצוני,,0.1,,,,,,,מדיניות צפויה למסלול +60,2026-09-30T23:38:13+00:00,https://www.os-gml.co.il/wp-content/uploads/2024/01/ג003_-_עוס_-_מדיניות_השקעות_צפויה_לשנת_2024_-_אושרה_בדירקטוריון_9.1.2024.xls,policy/companies/520042573/raw/520042573/33ab7b4b6678_ג003_-_עוס_-_מדיניות_השקעות_צפויה_לשנת_2024_-_אושרה_בדירקטוריון_9.1.2024.xls,מדיניות צפויה למסלול +60 
520042573,,,520042573|מדיניות צפויה למסלול עד 50|מסלול המותאם לגילאים עד 50,מסלול המותאם לגילאים עד 50,2024,"מניות (תעודות סל, אופציות, קרנות נאמנות)",equity,49.61,50.0,+/-   6%,44.0,56.0,"מניות בארץ - ת""א 125 - 30%   מניות בחו""ל  - MSCI AC - 70%",,מדיניות צפויה למסלול עד 50,2026-09-30T23:38:13+00:00,https://www.os-gml.co.il/wp-content/uploads/2024/01/ג003_-_עוס_-_מדיניות_השקעות_צפויה_לשנת_2024_-_אושרה_בדירקטוריון_9.1.2024.xls,policy/companies/520042573/raw/520042573/33ab7b4b6678_ג003_-_עוס_-_מדיניות_השקעות_צפויה_לשנת_2024_-_אושרה_בדירקטוריון_9.1.2024.xls,מדיניות צפויה למסלול עד 50
520042573,,,520042573|מדיניות צפויה למסלול עד 50|מסלול המותאם לגילאים עד 50,מסלול המותאם לגילאים עד 50,2024,"אג""ח ממשלתי",,21.38,25.0,+/-   5%,20.0,30.0,ממשלתי צמוד 2-5 - 40%     ממשלתי שקלי 2-5 -60%,,מדיניות צפויה למסלול עד 50,2026-09-30T23:38:13+00:00,https://www.os-gml.co.il/wp-content/uploads/2024/01/ג003_-_עוס_-_מדיניות_השקעות_צפויה_לשנת_2024_-_אושרה_בדירקטוריון_9.1.2024.xls,policy/companies/520042573/raw/520042573/33ab7b4b6678_ג003_-_עוס_-_מדיניות_השקעות_צפויה_לשנת_2024_-_אושרה_בדירקטוריון_9.1.2024.xls,מדיניות צפויה למסלול עד 50
520042573,,,520042573|מדיניות צפויה למסלול עד 50|מסלול המותאם לגילאים עד 50,מסלול המותאם לגילאים עד 50,2024,"אג""ח קונצרני (קרנות נאמנות, תעודות סל)",,23.24,25.0,+/-   6%,19.0,31.0,תל בונד 60 -60%    תל בונד שקלי - 30%     Bloombreg us corporate1-10 bond index  -10%,,מדיניות צפויה למסלול עד 50,2026-09-30T23:38:13+00:00,https://www.os-gml.co.il/wp-content/uploads/2024/01/ג003_-_עוס_-_מדיניות_השקעות_צפויה_לשנת_2024_-_אושרה_בדירקטוריון_9.1.2024.xls,policy/companies/520042573/raw/520042573/33ab7b4b6678_ג003_-_עוס_-_מדיניות_השקעות_צפויה_לשנת_2024_-_אושרה_בדירקטוריון_9.1.2024.xls,מדיניות צפויה למסלול עד 50
520042573,,,520042573|מדיניות צפויה למסלול עד 50|מסלול המותאם לגילאים עד 50,מסלול המותאם לגילאים עד 50,2024,"אחר (קרנות השקעה פרטיות, קרנות נדלן, מכשירים מובנים)*",,0.0,0.0,+/-   5%,0.0,5.0,,,מדיניות צפויה למסלול עד 50,2026-09-30T23:38:13+00:00,https://www.os-gml.co.il/wp-content/uploads/2024/01/ג003_-_עוס_-_מדיניות_השקעות_צפויה_לשנת_2024_-_אושרה_בדירקטוריון_9.1.2024.xls,policy/companies/520042573/raw/520042573/33ab7b4b6678_ג003_-_עוס_-_מדיניות_השקעות_צפויה_לשנת_2024_-_אושרה_בדירקטוריון_9.1.2024.xls,מדיניות צפויה למסלול עד 50
520042573,,,520042573|מדיניות צפויה למסלול עד 50|מסלול המותאם לגילאים עד 50,מסלול המותאם לגילאים עד 50,2024,"עו""ש פר""י פק""מ**",,5.77,5.0,+/-   5%,0.0,10.0,ריבית בנק ישראל,,מדיניות צפויה למסלול עד 50,2026-09-30T23:38:13+00:00,https://www.os-gml.co.il/wp-content/uploads/2024/01/ג003_-_עוס_-_מדיניות_השקעות_צפויה_לשנת_2024_-_אושרה_בדירקטוריון_9.1.2024.xls,policy/companies/520042573/raw/520042573/33ab7b4b6678_ג003_-_עוס_-_מדיניות_השקעות_צפויה_לשנת_2024_-_אושרה_בדירקטוריון_9.1.2024.xls,מדיניות צפויה למסלול עד 50
520042573,,,520042573|מדיניות צפויה למסלול עד 50|מסלול המותאם לגילאים עד 50,מסלול המותאם לגילאים עד 50,2024,"חשיפה למט""ח",fx,22.53,19.0,+/-   6%,13.0,25.0,,,מדיניות צפויה למסלול עד 50,2026-09-30T23:38:13+00:00,https://www.os-gml.co.il/wp-content/uploads/2024/01/ג003_-_עוס_-_מדיניות_השקעות_צפויה_לשנת_2024_-_אושרה_בדירקטוריון_9.1.2024.xls,policy/companies/520042573/raw/520042573/33ab7b4b6678_ג003_-_עוס_-_מדיניות_השקעות_צפויה_לשנת_2024_-_אושרה_בדירקטוריון_9.1.2024.xls,מדיניות צפויה למסלול עד 50
520042573,,,520042573|מדיניות צפויה למסלול עד 50|מסלול המותאם לגילאים עד 50,מסלול המותאם לגילאים עד 50,2024,מגבלת עמלת ניהול חיצוני,,0.15,,,,,,,מדיניות צפויה למסלול עד 50,2026-09-30T23:38:13+00:00,https://www.os-gml.co.il/wp-content/uploads/2024/01/ג003_-_עוס_-_מדיניות_השקעות_צפויה_לשנת_2024_-_אושרה_בדירקטוריון_9.1.2024.xls,policy/companies/520042573/raw/520042573/33ab7b4b6678_ג003_-_עוס_-_מדיניות_השקעות_צפויה_לשנת_2024_-_אושרה_בדירקטוריון_9.1.2024.xls,מדיניות צפויה למסלול עד 50
520042573,,,520042573|מדיניות צפויה מסלול 50-60|אושר בדירקטוריון 16 3 2020 עודכן ביום 21 4 2020 עודכון ביום 16 6 2020,אושר בדירקטוריון 16 3 2020 עודכן ביום 21 4 2020 עודכון ביום 16 6 2020,2023,"מניות (תעודות סל, אופציות, קרנות נאמנות)",equity,40.9,42.0,+/-   6%,36.0,48.0,"מניות בארץ - ת""א 125 - 30% ,  מניות בחו""ל  - MSCI AC - 70%",,מדיניות צפויה מסלול 50-60,2026-09-30T23:38:13+00:00,https://www.os-gml.co.il/wp-content/uploads/2023/01/ג003_-_עוס_-_מדיניות_השקעות_צפויה_לשנת_2023_-_אושרה_בדירקטוריון_25.1.20231.xls,policy/companies/520042573/raw/520042573/ffd47cc9d4c9_ג003_-_עוס_-_מדיניות_השקעות_צפויה_לשנת_2023_-_אושרה_בדירקטוריון_25.1.20231.xls,מדיניות צפויה מסלול 50-60 
520042573,,,520042573|מדיניות צפויה מסלול 50-60|אושר בדירקטוריון 16 3 2020 עודכן ביום 21 4 2020 עודכון ביום 16 6 2020,אושר בדירקטוריון 16 3 2020 עודכן ביום 21 4 2020 עודכון ביום 16 6 2020,2023,"אג""ח ממשלתי",,27.49,22.0,+/-   5%,17.0,27.0,ממשלתי צמוד 2-5 - 40%     ממשלתי שקלי 2-5 -60%,,מדיניות צפויה מסלול 50-60,2026-09-30T23:38:13+00:00,https://www.os-gml.co.il/wp-content/uploads/2023/01/ג003_-_עוס_-_מדיניות_השקעות_צפויה_לשנת_2023_-_אושרה_בדירקטוריון_25.1.20231.xls,policy/companies/520042573/raw/520042573/ffd47cc9d4c9_ג003_-_עוס_-_מדיניות_השקעות_צפויה_לשנת_2023_-_אושרה_בדירקטוריון_25.1.20231.xls,מדיניות צפויה מסלול 50-60 
520042573,,,520042573|מדיניות צפויה מסלול 50-60|אושר בדירקטוריון 16 3 2020 עודכן ביום 21 4 2020 עודכון ביום 16 6 2020,אושר בדירקטוריון 16 3 2020 עודכן ביום 21 4 2020 עודכון ביום 16 6 2020,2023,"אג""ח קונצרני (קרנות נאמנות, תעודות סל)",,24.1,28.0,+/-   6%,22.0,34.0,תל בונד 60 -60%    תל בונד שקלי  50- 30%     Bloombreg us corporate1-10 bond index  -10%,,מדיניות צפויה מסלול 50-60,2026-09-30T23:38:13+00:00,https://www.os-gml.co.il/wp-content/uploads/2023/01/ג003_-_עוס_-_מדיניות_השקעות_צפויה_לשנת_2023_-_אושרה_בדירקטוריון_25.1.20231.xls,policy/companies/520042573/raw/520042573/ffd47cc9d4c9_ג003_-_עוס_-_מדיניות_השקעות_צפויה_לשנת_2023_-_אושרה_בדירקטוריון_25.1.20231.xls,מדיניות צפויה מסלול 50-60 
520042573,,,520042573|מדיניות צפויה מסלול 50-60|אושר בדירקטוריון 16 3 2020 עודכן ביום 21 4 2020 עודכון ביום 16 6 2020,אושר בדירקטוריון 16 3 2020 עודכן ביום 21 4 2020 עודכון ביום 16 6 2020,2023,"אחר (קרנות השקעה פרטיות, קרנות נדלן, מכשירים מובנים)*",,8.64,8.0,+/-   5%,3.0,13.0,,,מדיניות צפויה מסלול 50-60,2026-09-30T23:38:13+00:00,https://www.os-gml.co.il/wp-content/uploads/2023/01/ג003_-_עוס_-_מדיניות_השקעות_צפויה_לשנת_2023_-_אושרה_בדירקטוריון_25.1.20231.xls,policy/companies/520042573/raw/520042573/ffd47cc9d4c9_ג003_-_עוס_-_מדיניות_השקעות_צפויה_לשנת_2023_-_אושרה_בדירקטוריון_25.1.20231.xls,מדיניות צפויה מסלול 50-60 
520042573,,,520042573|מדיניות צפויה מסלול 50-60|אושר בדירקטוריון 16 3 2020 עודכן ביום 21 4 2020 עודכון ביום 16 6 2020,אושר בדירקטוריון 16 3 2020 עודכן ביום 21 4 2020 עודכון ביום 16 6 2020,2023,"עו""ש פר""י פק""מ**",,3.46,5.0,+/-   7%,0.0,10.0,ריבית בנק ישראל,,מדיניות צפויה מסלול 50-60,2026-09-30T23:38:13+00:00,https://www.os-gml.co.il/wp-content/uploads/2023/01/ג003_-_עוס_-_מדיניות_השקעות_צפויה_לשנת_2023_-_אושרה_בדירקטוריון_25.1.20231.xls,policy/companies/520042573/raw/520042573/ffd47cc9d4c9_ג003_-_עוס_-_מדיניות_השקעות_צפויה_לשנת_2023_-_אושרה_בדירקטוריון_25.1.20231.xls,מדיניות צפויה מסלול 50-60 
520042573,,,520042573|מדיניות צפויה מסלול 50-60|אושר בדירקטוריון 16 3 2020 עודכן ביום 21 4 2020 עודכון ביום 16 6 2020,אושר בדירקטוריון 16 3 2020 עודכן ביום 21 4 2020 עודכון ביום 16 6 2020,2023,"חשיפה למט""ח",fx,17.74,18.0,+/-   6%,12.0,24.0,,,מדיניות צפויה מסלול 50-60,2026-09-30T23:38:13+00:00,https://www.os-gml.co.il/wp-content/uploads/2023/01/ג003_-_עוס_-_מדיניות_השקעות_צפויה_לשנת_2023_-_אושרה_בדירקטוריון_25.1.20231.xls,policy/companies/520042573/raw/520042573/ffd47cc9d4c9_ג003_-_עוס_-_מדיניות_השקעות_צפויה_לשנת_2023_-_אושרה_בדירקטוריון_25.1.20231.xls,מדיניות צפויה מסלול 50-60 
520042573,,,520042573|מדיניות צפויה מסלול 50-60|אושר בדירקטוריון 16 3 2020 עודכן ביום 21 4 2020 עודכון ביום 16 6 2020,אושר בדירקטוריון 16 3 2020 עודכן ביום 21 4 2020 עודכון ביום 16 6 2020,2023,מגבלת עמלת דמי ניהול,,0.28,,,,,,,מדיניות צפויה מסלול 50-60,2026-09-30T23:38:13+00:00,https://www.os-gml.co.il/wp-content/uploads/2023/01/ג003_-_עוס_-_מדיניות_השקעות_צפויה_לשנת_2023_-_אושרה_בדירקטוריון_25.1.20231.xls,policy/companies/520042573/raw/520042573/ffd47cc9d4c9_ג003_-_עוס_-_מדיניות_השקעות_צפויה_לשנת_2023_-_אושרה_בדירקטוריון_25.1.20231.xls,מדיניות צפויה מסלול 50-60 
520042573,,,520042573|מדיניות צפויה למסלול 60+|מסלול המותאם לגילאים 60 +,מסלול המותאם לגילאים 60 +,2023,"מניות (תעודות סל, אופציות, קרנות נאמנות)",equity,19.11,20.0,+/-   6%,14.0,26.0,"מניות בארץ - ת""א 125 - 30%   מניות בחו""ל  - MSCI AC - 70%",,מדיניות צפויה למסלול 60+,2026-09-30T23:38:13+00:00,https://www.os-gml.co.il/wp-content/uploads/2023/01/ג003_-_עוס_-_מדיניות_השקעות_צפויה_לשנת_2023_-_אושרה_בדירקטוריון_25.1.20231.xls,policy/companies/520042573/raw/520042573/ffd47cc9d4c9_ג003_-_עוס_-_מדיניות_השקעות_צפויה_לשנת_2023_-_אושרה_בדירקטוריון_25.1.20231.xls,מדיניות צפויה למסלול 60+ 
520042573,,,520042573|מדיניות צפויה למסלול 60+|מסלול המותאם לגילאים 60 +,מסלול המותאם לגילאים 60 +,2023,"אג""ח ממשלתי",,49.1,45.0,+/-   5%,40.0,50.0,ממשלתי צמוד 2-5 - 30%      ממשלתי שקלי 2-5 -70%,,מדיניות צפויה למסלול 60+,2026-09-30T23:38:13+00:00,https://www.os-gml.co.il/wp-content/uploads/2023/01/ג003_-_עוס_-_מדיניות_השקעות_צפויה_לשנת_2023_-_אושרה_בדירקטוריון_25.1.20231.xls,policy/companies/520042573/raw/520042573/ffd47cc9d4c9_ג003_-_עוס_-_מדיניות_השקעות_צפויה_לשנת_2023_-_אושרה_בדירקטוריון_25.1.20231.xls,מדיניות צפויה למסלול 60+ 
520042573,,,520042573|מדיניות צפויה למסלול 60+|מסלול המותאם לגילאים 60 +,מסלול המותאם לגילאים 60 +,2023,"אג""ח קונצרני (קרנות נאמנות, תעודות סל)",,30.9,35.0,+/-   6%,29.0,41.0,תל בונד 60 -65%    תל בונד שקלי  - 25%     Bloombreg us corporate1-10 bond index  -10%,,מדיניות צפויה למסלול 60+,2026-09-30T23:38:13+00:00,https://www.os-gml.co.il/wp-content/uploads/2023/01/ג003_-_עוס_-_מדיניות_השקעות_צפויה_לשנת_2023_-_אושרה_בדירקטוריון_25.1.20231.xls,policy/companies/520042573/raw/520042573/ffd47cc9d4c9_ג003_-_עוס_-_מדיניות_השקעות_צפויה_לשנת_2023_-_אושרה_בדירקטוריון_25.1.20231.xls,מדיניות צפויה למסלול 60+ 
520042573,,,520042573|מדיניות צפויה למסלול 60+|מסלול המותאם לגילאים 60 +,מסלול המותאם לגילאים 60 +,2023,"אחר (קרנות השקעה פרטיות, קרנות נדלן, מכשירים מובנים)*",,0.0,0.0,+/-   5%,0.0,10.0,,,מדיניות צפויה למסלול 60+,2026-09-30T23:38:13+00:00,https://www.os-gml.co.il/wp-content/uploads/2023/01/ג003_-_עוס_-_מדיניות_השקעות_צפויה_לשנת_2023_-_אושרה_בדירקטוריון_25.1.20231.xls,policy/companies/520042573/raw/520042573/ffd47cc9d4c9_ג003_-_עוס_-_מדיניות_השקעות_צפויה_לשנת_2023_-_אושרה_בדירקטוריון_25.1.20231.xls,מדיניות צפויה למסלול 60+ 
520042573,,,520042573|מדיניות צפויה למסלול 60+|מסלול המותאם לגילאים 60 +,מסלול המותאם לגילאים 60 +,2023,"עו""ש פר""י פק""מ**",,1.0,5.0,+/-   5%,0.0,10.0,ריבית בנק ישראל,,מדיניות צפויה למסלול 60+,2026-09-30T23:38:13+00:00,https://www.os-gml.co.il/wp-content/uploads/2023/01/ג003_-_עוס_-_מדיניות_השקעות_צפויה_לשנת_2023_-_אושרה_בדירקטוריון_25.1.20231.xls,policy/companies/520042573/raw/520042573/ffd47cc9d4c9_ג003_-_עוס_-_מדיניות_השקעות_צפויה_לשנת_2023_-_אושרה_בדירקטוריון_25.1.20231.xls,מדיניות צפויה למסלול 60+ 
520042573,,,520042573|מדיניות צפויה למסלול 60+|מסלול המותאם לגילאים 60 +,מסלול המותאם לגילאים 60 +,2023,"חשיפה למט""ח",fx,11.21,12.0,+/-   6%,6.0,18.0,,,מדיניות צפויה למסלול 60+,2026-09-30T23:38:13+00:00,https://www.os-gml.co.il/wp-content/uploads/2023/01/ג003_-_עוס_-_מדיניות_השקעות_צפויה_לשנת_2023_-_אושרה_בדירקטוריון_25.1.20231.xls,policy/companies/520042573/raw/520042573/ffd47cc9d4c9_ג003_-_עוס_-_מדיניות_השקעות_צפויה_לשנת_2023_-_אושרה_בדירקטוריון_25.1.20231.xls,מדיניות צפויה למסלול 60+ 
520042573,,,520042573|מדיניות צפויה למסלול 60+|מסלול המותאם לגילאים 60 +,מסלול המותאם לגילאים 60 +,2023,מגבלת עמלת ניהול חיצוני,,0.15,,,,,,,מדיניות צפויה למסלול 60+,2026-09-30T23:38:13+00:00,https://www.os-gml.co.il/wp-content/uploads/2023/01/ג003_-_עוס_-_מדיניות_השקעות_צפויה_לשנת_2023_-_אושרה_בדירקטוריון_25.1.20231.xls,policy/companies/520042573/raw/520042573/ffd47cc9d4c9_ג003_-_עוס_-_מדיניות_השקעות_צפויה_לשנת_2023_-_אושרה_בדירקטוריון_25.1.20231.xls,מדיניות צפויה למסלול 60+ 
520042573,,,520042573|מדיניות צפויה למסלול עד 50|מסלול המותאם לגילאים עד 50,מסלול המותאם לגילאים עד 50,2023,"מניות (תעודות סל, אופציות, קרנות נאמנות)",equity,50.32,50.0,+/-   6%,44.0,56.0,"מניות בארץ - ת""א 125 - 30%   מניות בחו""ל  - MSCI AC - 70%",,מדיניות צפויה למסלול עד 50,2026-09-30T23:38:13+00:00,https://www.os-gml.co.il/wp-content/uploads/2023/01/ג003_-_עוס_-_מדיניות_השקעות_צפויה_לשנת_2023_-_אושרה_בדירקטוריון_25.1.20231.xls,policy/companies/520042573/raw/520042573/ffd47cc9d4c9_ג003_-_עוס_-_מדיניות_השקעות_צפויה_לשנת_2023_-_אושרה_בדירקטוריון_25.1.20231.xls,מדיניות צפויה למסלול עד 50
520042573,,,520042573|מדיניות צפויה למסלול עד 50|מסלול המותאם לגילאים עד 50,מסלול המותאם לגילאים עד 50,2023,"אג""ח ממשלתי",,20.77,25.0,+/-   5%,20.0,30.0,ממשלתי צמוד 2-5 - 40%     ממשלתי שקלי 2-5 -60%,,מדיניות צפויה למסלול עד 50,2026-09-30T23:38:13+00:00,https://www.os-gml.co.il/wp-content/uploads/2023/01/ג003_-_עוס_-_מדיניות_השקעות_צפויה_לשנת_2023_-_אושרה_בדירקטוריון_25.1.20231.xls,policy/companies/520042573/raw/520042573/ffd47cc9d4c9_ג003_-_עוס_-_מדיניות_השקעות_צפויה_לשנת_2023_-_אושרה_בדירקטוריון_25.1.20231.xls,מדיניות צפויה למסלול עד 50
520042573,,,520042573|מדיניות צפויה למסלול עד 50|מסלול המותאם לגילאים עד 50,מסלול המותאם לגילאים עד 50,2023,"אג""ח קונצרני (קרנות נאמנות, תעודות סל)",,23.95,25.0,+/-   6%,19.0,31.0,תל בונד 60 -60%    תל בונד שקלי - 30%     Bloombreg us corporate1-10 bond index  -10%,,מדיניות צפויה למסלול עד 50,2026-09-30T23:38:13+00:00,https://www.os-gml.co.il/wp-content/uploads/2023/01/ג003_-_עוס_-_מדיניות_השקעות_צפויה_לשנת_2023_-_אושרה_בדירקטוריון_25.1.20231.xls,policy/companies/520042573/raw/520042573/ffd47cc9d4c9_ג003_-_עוס_-_מדיניות_השקעות_צפויה_לשנת_2023_-_אושרה_בדירקטוריון_25.1.20231.xls,מדיניות צפויה למסלול עד 50
520042573,,,520042573|מדיניות צפויה למסלול עד 50|מסלול המותאם לגילאים עד 50,מסלול המותאם לגילאים עד 50,2023,"אחר (קרנות השקעה פרטיות, קרנות נדלן, מכשירים מובנים)*",,0.0,0.0,+/-   5%,0.0,5.0,,,מדיניות צפויה למסלול עד 50,2026-09-30T23:38:13+00:00,https://www.os-gml.co.il/wp-content/uploads/2023/01/ג003_-_עוס_-_מדיניות_השקעות_צפויה_לשנת_2023_-_אושרה_בדירקטוריון_25.1.20231.xls,policy/companies/520042573/raw/520042573/ffd47cc9d4c9_ג003_-_עוס_-_מדיניות_השקעות_צפויה_לשנת_2023_-_אושרה_בדירקטוריון_25.1.20231.xls,מדיניות צפויה למסלול עד 50
520042573,,,520042573|מדיניות צפויה למסלול עד 50|מסלול המותאם לגילאים עד 50,מסלול המותאם לגילאים עד 50,2023,"עו""ש פר""י פק""מ**",,9.18,5.0,+/-   5%,0.0,10.0,ריבית בנק ישראל,,מדיניות צפויה למסלול עד 50,2026-09-30T23:38:13+00:00,https://www.os-gml.co.il/wp-content/uploads/2023/01/ג003_-_עוס_-_מדיניות_השקעות_צפויה_לשנת_2023_-_אושרה_בדירקטוריון_25.1.20231.xls,policy/companies/520042573/raw/520042573/ffd47cc9d4c9_ג003_-_עוס_-_מדיניות_השקעות_צפויה_לשנת_2023_-_אושרה_בדירקטוריון_25.1.20231.xls,מדיניות צפויה למסלול עד 50
520042573,,,520042573|מדיניות צפויה למסלול עד 50|מסלול המותאם לגילאים עד 50,מסלול המותאם לגילאים עד 50,2023,"חשיפה למט""ח",fx,22.74,18.0,+/-   6%,12.0,24.0,,,מדיניות צפויה למסלול עד 50,2026-09-30T23:38:13+00:00,https://www.os-gml.co.il/wp-content/uploads/2023/01/ג003_-_עוס_-_מדיניות_השקעות_צפויה_לשנת_2023_-_אושרה_בדירקטוריון_25.1.20231.xls,policy/companies/520042573/raw/520042573/ffd47cc9d4c9_ג003_-_עוס_-_מדיניות_השקעות_צפויה_לשנת_2023_-_אושרה_בדירקטוריון_25.1.20231.xls,מדיניות צפויה למסלול עד 50
520042573,,,520042573|מדיניות צפויה למסלול עד 50|מסלול המותאם לגילאים עד 50,מסלול המותאם לגילאים עד 50,2023,מגבלת עמלת ניהול חיצוני,,0.2,,,,,,,מדיניות צפויה למסלול עד 50,2026-09-30T23:38:13+00:00,https://www.os-gml.co.il/wp-content/uploads/2023/01/ג003_-_עוס_-_מדיניות_השקעות_צפויה_לשנת_2023_-_אושרה_בדירקטוריון_25.1.20231.xls,policy/companies/520042573/raw/520042573/ffd47cc9d4c9_ג003_-_עוס_-_מדיניות_השקעות_צפויה_לשנת_2023_-_אושרה_בדירקטוריון_25.1.20231.xls,מדיניות צפויה למסלול עד 50
520042573,,,520042573|מדיניות צפויה מסלול 50-60|אושר בדירקטוריון 16 3 2020 עודכן ביום 21 4 2020 עודכון ביום 16 6 2020,אושר בדירקטוריון 16 3 2020 עודכן ביום 21 4 2020 עודכון ביום 16 6 2020,2022,"מניות (תעודות סל, אופציות, קרנות נאמנות)",equity,45.27,45.0,+/-   6%,39.0,51.0,"מניות בארץ - ת""א 125 - 30% ,  מניות בחו""ל  - MSCI AC - 70%",,מדיניות צפויה מסלול 50-60,2026-09-30T23:38:13+00:00,https://www.os-gml.co.il/wp-content/uploads/2022/07/מדיניות_השקעות_צפויה_2022__-_מעודכן_גמל_עוס1__2_.xls,policy/companies/520042573/raw/520042573/bb2623cc55d3_מדיניות_השקעות_צפויה_2022__-_מעודכן_גמל_עוס1__2_.xls,מדיניות צפויה מסלול 50-60 
520042573,,,520042573|מדיניות צפויה מסלול 50-60|אושר בדירקטוריון 16 3 2020 עודכן ביום 21 4 2020 עודכון ביום 16 6 2020,אושר בדירקטוריון 16 3 2020 עודכן ביום 21 4 2020 עודכון ביום 16 6 2020,2022,"אג""ח ממשלתי",,25.14,26.0,+/-   5%,21.0,31.0,ממשלתי צמוד 2-5 - 40%     ממשלתי שקלי 2-5 -60%,,מדיניות צפויה מסלול 50-60,2026-09-30T23:38:13+00:00,https://www.os-gml.co.il/wp-content/uploads/2022/07/מדיניות_השקעות_צפויה_2022__-_מעודכן_גמל_עוס1__2_.xls,policy/companies/520042573/raw/520042573/bb2623cc55d3_מדיניות_השקעות_צפויה_2022__-_מעודכן_גמל_עוס1__2_.xls,מדיניות צפויה מסלול 50-60 
520042573,,,520042573|מדיניות צפויה מסלול 50-60|אושר בדירקטוריון 16 3 2020 עודכן ביום 21 4 2020 עודכון ביום 16 6 2020,אושר בדירקטוריון 16 3 2020 עודכן ביום 21 4 2020 עודכון ביום 16 6 2020,2022,"אג""ח קונצרני (קרנות נאמנות, תעודות סל)",,18.41,15.0,+/-   6%,9.0,21.0,תל בונד 60 -60%    תל בונד שקלי  50- 30%     Bloombreg us corporate1-10 bond index  -10%,,מדיניות צפויה מסלול 50-60,2026-09-30T23:38:13+00:00,https://www.os-gml.co.il/wp-content/uploads/2022/07/מדיניות_השקעות_צפויה_2022__-_מעודכן_גמל_עוס1__2_.xls,policy/companies/520042573/raw/520042573/bb2623cc55d3_מדיניות_השקעות_צפויה_2022__-_מעודכן_גמל_עוס1__2_.xls,מדיניות צפויה מסלול 50-60 
520042573,,,520042573|מדיניות צפויה מסלול 50-60|אושר בדירקטוריון 16 3 2020 עודכן ביום 21 4 2020 עודכון ביום 16 6 2020,אושר בדירקטוריון 16 3 2020 עודכן ביום 21 4 2020 עודכון ביום 16 6 2020,2022,"אחר (קרנות השקעה פרטיות, קרנות נדלן, מכשירים מובנים)*",,5.72,6.0,+/-   5%,1.0,11.0,,,מדיניות צפויה מסלול 50-60,2026-09-30T23:38:13+00:00,https://www.os-gml.co.il/wp-content/uploads/2022/07/מדיניות_השקעות_צפויה_2022__-_מעודכן_גמל_עוס1__2_.xls,policy/companies/520042573/raw/520042573/bb2623cc55d3_מדיניות_השקעות_צפויה_2022__-_מעודכן_גמל_עוס1__2_.xls,מדיניות צפויה מסלול 50-60 
520042573,,,520042573|מדיניות צפויה מסלול 50-60|אושר בדירקטוריון 16 3 2020 עודכן ביום 21 4 2020 עודכון ביום 16 6 2020,אושר בדירקטוריון 16 3 2020 עודכן ביום 21 4 2020 עודכון ביום 16 6 2020,2022,"עו""ש פר""י פק""מ**",,5.46,8.0,+/-   7%,1.0,15.0,ריבית בנק ישראל,,מדיניות צפויה מסלול 50-60,2026-09-30T23:38:13+00:00,https://www.os-gml.co.il/wp-content/uploads/2022/07/מדיניות_השקעות_צפויה_2022__-_מעודכן_גמל_עוס1__2_.xls,policy/companies/520042573/raw/520042573/bb2623cc55d3_מדיניות_השקעות_צפויה_2022__-_מעודכן_גמל_עוס1__2_.xls,מדיניות צפויה מסלול 50-60 
520042573,,,520042573|מדיניות צפויה מסלול 50-60|אושר בדירקטוריון 16 3 2020 עודכן ביום 21 4 2020 עודכון ביום 16 6 2020,אושר בדירקטוריון 16 3 2020 עודכן ביום 21 4 2020 עודכון ביום 16 6 2020,2022,"חשיפה למט""ח",fx,16.92,18.0,+/-   6%,12.0,24.0,,,מדיניות צפויה מסלול 50-60,2026-09-30T23:38:13+00:00,https://www.os-gml.co.il/wp-content/uploads/2022/07/מדיניות_השקעות_צפויה_2022__-_מעודכן_גמל_עוס1__2_.xls,policy/companies/520042573/raw/520042573/bb2623cc55d3_מדיניות_השקעות_צפויה_2022__-_מעודכן_גמל_עוס1__2_.xls,מדיניות צפויה מסלול 50-60 
520042573,,,520042573|מדיניות צפויה למסלול 60+|מסלול המותאם לגילאים 60 +,מסלול המותאם לגילאים 60 +,2022,"מניות (תעודות סל, אופציות, קרנות נאמנות)",equity,22.39,22.0,+/-   6%,16.0,28.0,"מניות בארץ - ת""א 125 - 30%   מניות בחו""ל  - MSCI AC - 70%",,מדיניות צפויה למסלול 60+,2026-09-30T23:38:13+00:00,https://www.os-gml.co.il/wp-content/uploads/2022/07/מדיניות_השקעות_צפויה_2022__-_מעודכן_גמל_עוס1__2_.xls,policy/companies/520042573/raw/520042573/bb2623cc55d3_מדיניות_השקעות_צפויה_2022__-_מעודכן_גמל_עוס1__2_.xls,מדיניות צפויה למסלול 60+ 
520042573,,,520042573|מדיניות צפויה למסלול 60+|מסלול המותאם לגילאים 60 +,מסלול המותאם לגילאים 60 +,2022,"אג""ח ממשלתי",,46.28,46.0,+/-   5%,41.0,51.0,ממשלתי צמוד 2-5 - 30%      ממשלתי שקלי 2-5 -70%,,מדיניות צפויה למסלול 60+,2026-09-30T23:38:13+00:00,https://www.os-gml.co.il/wp-content/uploads/2022/07/מדיניות_השקעות_צפויה_2022__-_מעודכן_גמל_עוס1__2_.xls,policy/companies/520042573/raw/520042573/bb2623cc55d3_מדיניות_השקעות_צפויה_2022__-_מעודכן_גמל_עוס1__2_.xls,מדיניות צפויה למסלול 60+ 
520042573,,,520042573|מדיניות צפויה למסלול 60+|מסלול המותאם לגילאים 60 +,מסלול המותאם לגילאים 60 +,2022,"אג""ח קונצרני (קרנות נאמנות, תעודות סל)",,26.4,26.0,+/-   6%,20.0,32.0,תל בונד 60 -65%    תל בונד שקלי  - 25%     Bloombreg us corporate1-10 bond index  -10%,,מדיניות צפויה למסלול 60+,2026-09-30T23:38:13+00:00,https://www.os-gml.co.il/wp-content/uploads/2022/07/מדיניות_השקעות_צפויה_2022__-_מעודכן_גמל_עוס1__2_.xls,policy/companies/520042573/raw/520042573/bb2623cc55d3_מדיניות_השקעות_צפויה_2022__-_מעודכן_גמל_עוס1__2_.xls,מדיניות צפויה למסלול 60+ 
520042573,,,520042573|מדיניות צפויה למסלול 60+|מסלול המותאם לגילאים 60 +,מסלול המותאם לגילאים 60 +,2022,"אחר (קרנות השקעה פרטיות, קרנות נדלן, מכשירים מובנים)*",,0.0,1.0,+/-   5%,0.0,6.0,,,מדיניות צפויה למסלול 60+,2026-09-30T23:38:13+00:00,https://www.os-gml.co.il/wp-content/uploads/2022/07/מדיניות_השקעות_צפויה_2022__-_מעודכן_גמל_עוס1__2_.xls,policy/companies/520042573/raw/520042573/bb2623cc55d3_מדיניות_השקעות_צפויה_2022__-_מעודכן_גמל_עוס1__2_.xls,מדיניות צפויה למסלול 60+ 
520042573,,,520042573|מדיניות צפויה למסלול 60+|מסלול המותאם לגילאים 60 +,מסלול המותאם לגילאים 60 +,2022,"עו""ש פר""י פק""מ**",,4.89,5.0,+/-   5%,0.0,10.0,ריבית בנק ישראל,,מדיניות צפויה למסלול 60+,2026-09-30T23:38:13+00:00,https://www.os-gml.co.il/wp-content/uploads/2022/07/מדיניות_השקעות_צפויה_2022__-_מעודכן_גמל_עוס1__2_.xls,policy/companies/520042573/raw/520042573/bb2623cc55d3_מדיניות_השקעות_צפויה_2022__-_מעודכן_גמל_עוס1__2_.xls,מדיניות צפויה למסלול 60+ 
520042573,,,520042573|מדיניות צפויה למסלול 60+|מסלול המותאם לגילאים 60 +,מסלול המותאם לגילאים 60 +,2022,"חשיפה למט""ח",fx,9.68,10.0,+/-   6%,4.0,16.0,,,מדיניות צפויה למסלול 60+,2026-09-30T23:38:13+00:00,https://www.os-gml.co.il/wp-content/uploads/2022/07/מדיניות_השקעות_צפויה_2022__-_מעודכן_גמל_עוס1__2_.xls,policy/companies/520042573/raw/520042573/bb2623cc55d3_מדיניות_השקעות_צפויה_2022__-_מעודכן_גמל_עוס1__2_.xls,מדיניות צפויה למסלול 60+ 
520042573,,,520042573|מדיניות צפויה למסלול עד 50|מסלול המותאם לגילאים עד 50,מסלול המותאם לגילאים עד 50,2022,"מניות (תעודות סל, אופציות, קרנות נאמנות)",equity,55.12,56.0,+/-   6%,50.0,62.0,"מניות בארץ - ת""א 125 - 30%   מניות בחו""ל  - MSCI AC - 70%",,מדיניות צפויה למסלול עד 50,2026-09-30T23:38:13+00:00,https://www.os-gml.co.il/wp-content/uploads/2022/07/מדיניות_השקעות_צפויה_2022__-_מעודכן_גמל_עוס1__2_.xls,policy/companies/520042573/raw/520042573/bb2623cc55d3_מדיניות_השקעות_צפויה_2022__-_מעודכן_גמל_עוס1__2_.xls,מדיניות צפויה למסלול עד 50
520042573,,,520042573|מדיניות צפויה למסלול עד 50|מסלול המותאם לגילאים עד 50,מסלול המותאם לגילאים עד 50,2022,"אג""ח ממשלתי",,22.24,21.0,+/-   5%,16.0,26.0,ממשלתי צמוד 2-5 - 40%     ממשלתי שקלי 2-5 -60%,,מדיניות צפויה למסלול עד 50,2026-09-30T23:38:13+00:00,https://www.os-gml.co.il/wp-content/uploads/2022/07/מדיניות_השקעות_צפויה_2022__-_מעודכן_גמל_עוס1__2_.xls,policy/companies/520042573/raw/520042573/bb2623cc55d3_מדיניות_השקעות_צפויה_2022__-_מעודכן_גמל_עוס1__2_.xls,מדיניות צפויה למסלול עד 50
520042573,,,520042573|מדיניות צפויה למסלול עד 50|מסלול המותאם לגילאים עד 50,מסלול המותאם לגילאים עד 50,2022,"אג""ח קונצרני (קרנות נאמנות, תעודות סל)",,16.9,15.0,+/-   6%,9.0,21.0,תל בונד 60 -60%    תל בונד שקלי - 30%     Bloombreg us corporate1-10 bond index  -10%,,מדיניות צפויה למסלול עד 50,2026-09-30T23:38:13+00:00,https://www.os-gml.co.il/wp-content/uploads/2022/07/מדיניות_השקעות_צפויה_2022__-_מעודכן_גמל_עוס1__2_.xls,policy/companies/520042573/raw/520042573/bb2623cc55d3_מדיניות_השקעות_צפויה_2022__-_מעודכן_גמל_עוס1__2_.xls,מדיניות צפויה למסלול עד 50
520042573,,,520042573|מדיניות צפויה למסלול עד 50|מסלול המותאם לגילאים עד 50,מסלול המותאם לגילאים עד 50,2022,"אחר (קרנות השקעה פרטיות, קרנות נדלן, מכשירים מובנים)*",,0.0,0.0,+/-   5%,0.0,5.0,,,מדיניות צפויה למסלול עד 50,2026-09-30T23:38:13+00:00,https://www.os-gml.co.il/wp-content/uploads/2022/07/מדיניות_השקעות_צפויה_2022__-_מעודכן_גמל_עוס1__2_.xls,policy/companies/520042573/raw/520042573/bb2623cc55d3_מדיניות_השקעות_צפויה_2022__-_מעודכן_גמל_עוס1__2_.xls,מדיניות צפויה למסלול עד 50
520042573,,,520042573|מדיניות צפויה למסלול עד 50|מסלול המותאם לגילאים עד 50,מסלול המותאם לגילאים עד 50,2022,"עו""ש פר""י פק""מ**",,5.75,8.0,+/-   7%,1.0,15.0,ריבית בנק ישראל,,מדיניות צפויה למסלול עד 50,2026-09-30T23:38:13+00:00,https://www.os-gml.co.il/wp-content/uploads/2022/07/מדיניות_השקעות_צפויה_2022__-_מעודכן_גמל_עוס1__2_.xls,policy/companies/520042573/raw/520042573/bb2623cc55d3_מדיניות_השקעות_צפויה_2022__-_מעודכן_גמל_עוס1__2_.xls,מדיניות צפויה למסלול עד 50
520042573,,,520042573|מדיניות צפויה למסלול עד 50|מסלול המותאם לגילאים עד 50,מסלול המותאם לגילאים עד 50,2022,"חשיפה למט""ח",fx,17.82,18.0,+/-   6%,12.0,24.0,,,מדיניות צפויה למסלול עד 50,2026-09-30T23:38:13+00:00,https://www.os-gml.co.il/wp-content/uploads/2022/07/מדיניות_השקעות_צפויה_2022__-_מעודכן_גמל_עוס1__2_.xls,policy/companies/520042573/raw/520042573/bb2623cc55d3_מדיניות_השקעות_צפויה_2022__-_מעודכן_גמל_עוס1__2_.xls,מדיניות צפויה למסלול עד 50
520042573,,,520042573|מדיניות צפויה מסלול 50-60|אושר בדירקטוריון 16 3 2020 עודכן ביום 21 4 2020 עודכון ביום 16 6 2020,אושר בדירקטוריון 16 3 2020 עודכן ביום 21 4 2020 עודכון ביום 16 6 2020,2021,"מניות (תעודות סל, אופציות, קרנות נאמנות)",equity,41.57,42.0,+/-   6%,36.0,48.0,"מניות בארץ - ת""א 100 - 30%   מניות בחו""ל  - MSCI AC - 70%",,מדיניות צפויה מסלול 50-60,2026-09-30T23:38:13+00:00,https://www.os-gml.co.il/wp-content/uploads/2021/06/מדיניות_השקעה_צפויה_לשנת_2021-החל_מ-19.5.2021-1.xls,policy/companies/520042573/raw/520042573/0c8b04ef66df_מדיניות_השקעה_צפויה_לשנת_2021-החל_מ-19.5.2021-1.xls,מדיניות צפויה מסלול 50-60 
520042573,,,520042573|מדיניות צפויה מסלול 50-60|אושר בדירקטוריון 16 3 2020 עודכן ביום 21 4 2020 עודכון ביום 16 6 2020,אושר בדירקטוריון 16 3 2020 עודכן ביום 21 4 2020 עודכון ביום 16 6 2020,2021,"אג""ח ממשלתי",,26.06,26.0,+/-   5%,21.0,31.0,ממשלתי צמוד 2-5 - 40%     ממשלתי שקלי 2-5 -60%,,מדיניות צפויה מסלול 50-60,2026-09-30T23:38:13+00:00,https://www.os-gml.co.il/wp-content/uploads/2021/06/מדיניות_השקעה_צפויה_לשנת_2021-החל_מ-19.5.2021-1.xls,policy/companies/520042573/raw/520042573/0c8b04ef66df_מדיניות_השקעה_צפויה_לשנת_2021-החל_מ-19.5.2021-1.xls,מדיניות צפויה מסלול 50-60 
520042573,,,520042573|מדיניות צפויה מסלול 50-60|אושר בדירקטוריון 16 3 2020 עודכן ביום 21 4 2020 עודכון ביום 16 6 2020,אושר בדירקטוריון 16 3 2020 עודכן ביום 21 4 2020 עודכון ביום 16 6 2020,2021,"אג""ח קונצרני (קרנות נאמנות, תעודות סל)",,23.32,22.0,+/-   6%,16.0,28.0,תל בונד 60 -60%    תל בונד שקלי - 30%     Bloombreg us corporate1-10 bond index  -10%,,מדיניות צפויה מסלול 50-60,2026-09-30T23:38:13+00:00,https://www.os-gml.co.il/wp-content/uploads/2021/06/מדיניות_השקעה_צפויה_לשנת_2021-החל_מ-19.5.2021-1.xls,policy/companies/520042573/raw/520042573/0c8b04ef66df_מדיניות_השקעה_צפויה_לשנת_2021-החל_מ-19.5.2021-1.xls,מדיניות צפויה מסלול 50-60 
520042573,,,520042573|מדיניות צפויה מסלול 50-60|אושר בדירקטוריון 16 3 2020 עודכן ביום 21 4 2020 עודכון ביום 16 6 2020,אושר בדירקטוריון 16 3 2020 עודכן ביום 21 4 2020 עודכון ביום 16 6 2020,2021,"אחר (קרנות השקעה פרטיות, קרנות נדלן, מכשירים מובנים)*",,6.93,6.0,+/-   5%,1.0,11.0,,,מדיניות צפויה מסלול 50-60,2026-09-30T23:38:13+00:00,https://www.os-gml.co.il/wp-content/uploads/2021/06/מדיניות_השקעה_צפויה_לשנת_2021-החל_מ-19.5.2021-1.xls,policy/companies/520042573/raw/520042573/0c8b04ef66df_מדיניות_השקעה_צפויה_לשנת_2021-החל_מ-19.5.2021-1.xls,מדיניות צפויה מסלול 50-60 
520042573,,,520042573|מדיניות צפויה מסלול 50-60|אושר בדירקטוריון 16 3 2020 עודכן ביום 21 4 2020 עודכון ביום 16 6 2020,אושר בדירקטוריון 16 3 2020 עודכן ביום 21 4 2020 עודכון ביום 16 6 2020,2021,"עו""ש פר""י פק""מ**",,2.12,4.0,+/-   5%,0.0,9.0,ריבית בנק ישראל,,מדיניות צפויה מסלול 50-60,2026-09-30T23:38:13+00:00,https://www.os-gml.co.il/wp-content/uploads/2021/06/מדיניות_השקעה_צפויה_לשנת_2021-החל_מ-19.5.2021-1.xls,policy/companies/520042573/raw/520042573/0c8b04ef66df_מדיניות_השקעה_צפויה_לשנת_2021-החל_מ-19.5.2021-1.xls,מדיניות צפויה מסלול 50-60 
520042573,,,520042573|מדיניות צפויה מסלול 50-60|אושר בדירקטוריון 16 3 2020 עודכן ביום 21 4 2020 עודכון ביום 16 6 2020,אושר בדירקטוריון 16 3 2020 עודכן ביום 21 4 2020 עודכון ביום 16 6 2020,2021,"חשיפה למט""ח",fx,23.9,18.0,+/-   6%,12.0,24.0,,,מדיניות צפויה מסלול 50-60,2026-09-30T23:38:13+00:00,https://www.os-gml.co.il/wp-content/uploads/2021/06/מדיניות_השקעה_צפויה_לשנת_2021-החל_מ-19.5.2021-1.xls,policy/companies/520042573/raw/520042573/0c8b04ef66df_מדיניות_השקעה_צפויה_לשנת_2021-החל_מ-19.5.2021-1.xls,מדיניות צפויה מסלול 50-60 
520042573,,,520042573|מדיניות צפויה למסלול 60+|מסלול המותאם לגילאים 60 +,מסלול המותאם לגילאים 60 +,2021,"מניות (תעודות סל, אופציות, קרנות נאמנות)",equity,15.97,18.0,+/-   6%,12.0,24.0,"מניות בארץ - ת""א 100 - 40%   מניות בחו""ל  - MSCI AC - 60%",,מדיניות צפויה למסלול 60+,2026-09-30T23:38:13+00:00,https://www.os-gml.co.il/wp-content/uploads/2021/06/מדיניות_השקעה_צפויה_לשנת_2021-החל_מ-19.5.2021-1.xls,policy/companies/520042573/raw/520042573/0c8b04ef66df_מדיניות_השקעה_צפויה_לשנת_2021-החל_מ-19.5.2021-1.xls,מדיניות צפויה למסלול 60+ 
520042573,,,520042573|מדיניות צפויה למסלול 60+|מסלול המותאם לגילאים 60 +,מסלול המותאם לגילאים 60 +,2021,"אג""ח ממשלתי",,49.94,46.0,+/-   5%,41.0,51.0,ממשלתי צמוד 2-5 - 30%      ממשלתי שקלי 2-5 -70%,,מדיניות צפויה למסלול 60+,2026-09-30T23:38:13+00:00,https://www.os-gml.co.il/wp-content/uploads/2021/06/מדיניות_השקעה_צפויה_לשנת_2021-החל_מ-19.5.2021-1.xls,policy/companies/520042573/raw/520042573/0c8b04ef66df_מדיניות_השקעה_צפויה_לשנת_2021-החל_מ-19.5.2021-1.xls,מדיניות צפויה למסלול 60+ 
520042573,,,520042573|מדיניות צפויה למסלול 60+|מסלול המותאם לגילאים 60 +,מסלול המותאם לגילאים 60 +,2021,"אג""ח קונצרני (קרנות נאמנות, תעודות סל)",,25.0,28.0,+/-   6%,22.0,34.0,תל בונד 60 -65%    תל בונד שקלי - 25%     Bloombreg us corporate1-10 bond index  -10%,,מדיניות צפויה למסלול 60+,2026-09-30T23:38:13+00:00,https://www.os-gml.co.il/wp-content/uploads/2021/06/מדיניות_השקעה_צפויה_לשנת_2021-החל_מ-19.5.2021-1.xls,policy/companies/520042573/raw/520042573/0c8b04ef66df_מדיניות_השקעה_צפויה_לשנת_2021-החל_מ-19.5.2021-1.xls,מדיניות צפויה למסלול 60+ 
520042573,,,520042573|מדיניות צפויה למסלול 60+|מסלול המותאם לגילאים 60 +,מסלול המותאם לגילאים 60 +,2021,"אחר (קרנות השקעה פרטיות, קרנות נדלן, מכשירים מובנים)*",,0.0,1.0,+/-   5%,0.0,6.0,,,מדיניות צפויה למסלול 60+,2026-09-30T23:38:13+00:00,https://www.os-gml.co.il/wp-content/uploads/2021/06/מדיניות_השקעה_צפויה_לשנת_2021-החל_מ-19.5.2021-1.xls,policy/companies/520042573/raw/520042573/0c8b04ef66df_מדיניות_השקעה_צפויה_לשנת_2021-החל_מ-19.5.2021-1.xls,מדיניות צפויה למסלול 60+ 
520042573,,,520042573|מדיניות צפויה למסלול 60+|מסלול המותאם לגילאים 60 +,מסלול המותאם לגילאים 60 +,2021,"עו""ש פר""י פק""מ**",,9.1,7.0,+/-   5%,2.0,12.0,ריבית בנק ישראל,,מדיניות צפויה למסלול 60+,2026-09-30T23:38:13+00:00,https://www.os-gml.co.il/wp-content/uploads/2021/06/מדיניות_השקעה_צפויה_לשנת_2021-החל_מ-19.5.2021-1.xls,policy/companies/520042573/raw/520042573/0c8b04ef66df_מדיניות_השקעה_צפויה_לשנת_2021-החל_מ-19.5.2021-1.xls,מדיניות צפויה למסלול 60+ 
520042573,,,520042573|מדיניות צפויה למסלול 60+|מסלול המותאם לגילאים 60 +,מסלול המותאם לגילאים 60 +,2021,"חשיפה למט""ח",fx,12.9,10.0,+/-   6%,4.0,16.0,,,מדיניות צפויה למסלול 60+,2026-09-30T23:38:13+00:00,https://www.os-gml.co.il/wp-content/uploads/2021/06/מדיניות_השקעה_צפויה_לשנת_2021-החל_מ-19.5.2021-1.xls,policy/companies/520042573/raw/520042573/0c8b04ef66df_מדיניות_השקעה_צפויה_לשנת_2021-החל_מ-19.5.2021-1.xls,מדיניות צפויה למסלול 60+ 
520042573,,,520042573|מדיניות צפויה למסלול עד 50|מסלול המותאם לגילאים עד 50,מסלול המותאם לגילאים עד 50,2021,"מניות (תעודות סל, אופציות, קרנות נאמנות)",equity,50.86,52.0,+/-   6%,46.0,58.0,"מניות בארץ - ת""א 100 - 30%   מניות בחו""ל  - MSCI AC - 70%",,מדיניות צפויה למסלול עד 50,2026-09-30T23:38:13+00:00,https://www.os-gml.co.il/wp-content/uploads/2021/06/מדיניות_השקעה_צפויה_לשנת_2021-החל_מ-19.5.2021-1.xls,policy/companies/520042573/raw/520042573/0c8b04ef66df_מדיניות_השקעה_צפויה_לשנת_2021-החל_מ-19.5.2021-1.xls,מדיניות צפויה למסלול עד 50
520042573,,,520042573|מדיניות צפויה למסלול עד 50|מסלול המותאם לגילאים עד 50,מסלול המותאם לגילאים עד 50,2021,"אג""ח ממשלתי",,23.06,23.0,+/-   5%,18.0,28.0,ממשלתי צמוד 2-5 - 40%     ממשלתי שקלי 2-5 -60%,,מדיניות צפויה למסלול עד 50,2026-09-30T23:38:13+00:00,https://www.os-gml.co.il/wp-content/uploads/2021/06/מדיניות_השקעה_צפויה_לשנת_2021-החל_מ-19.5.2021-1.xls,policy/companies/520042573/raw/520042573/0c8b04ef66df_מדיניות_השקעה_צפויה_לשנת_2021-החל_מ-19.5.2021-1.xls,מדיניות צפויה למסלול עד 50
520042573,,,520042573|מדיניות צפויה למסלול עד 50|מסלול המותאם לגילאים עד 50,מסלול המותאם לגילאים עד 50,2021,"אג""ח קונצרני (קרנות נאמנות, תעודות סל)",,21.76,18.0,+/-   6%,12.0,24.0,תל בונד 60 -60%    תל בונד שקלי - 30%     Bloombreg us corporate1-10 bond index  -10%,,מדיניות צפויה למסלול עד 50,2026-09-30T23:38:13+00:00,https://www.os-gml.co.il/wp-content/uploads/2021/06/מדיניות_השקעה_צפויה_לשנת_2021-החל_מ-19.5.2021-1.xls,policy/companies/520042573/raw/520042573/0c8b04ef66df_מדיניות_השקעה_צפויה_לשנת_2021-החל_מ-19.5.2021-1.xls,מדיניות צפויה למסלול עד 50
520042573,,,520042573|מדיניות צפויה למסלול עד 50|מסלול המותאם לגילאים עד 50,מסלול המותאם לגילאים עד 50,2021,"אחר (קרנות השקעה פרטיות, קרנות נדלן, מכשירים מובנים)*",,0.0,1.0,+/-   5%,0.0,6.0,,,מדיניות צפויה למסלול עד 50,2026-09-30T23:38:13+00:00,https://www.os-gml.co.il/wp-content/uploads/2021/06/מדיניות_השקעה_צפויה_לשנת_2021-החל_מ-19.5.2021-1.xls,policy/companies/520042573/raw/520042573/0c8b04ef66df_מדיניות_השקעה_צפויה_לשנת_2021-החל_מ-19.5.2021-1.xls,מדיניות צפויה למסלול עד 50
520042573,,,520042573|מדיניות צפויה למסלול עד 50|מסלול המותאם לגילאים עד 50,מסלול המותאם לגילאים עד 50,2021,"עו""ש פר""י פק""מ**",,4.32,6.0,+/-   5%,1.0,11.0,ריבית בנק ישראל,,מדיניות צפויה למסלול עד 50,2026-09-30T23:38:13+00:00,https://www.os-gml.co.il/wp-content/uploads/2021/06/מדיניות_השקעה_צפויה_לשנת_2021-החל_מ-19.5.2021-1.xls,policy/companies/520042573/raw/520042573/0c8b04ef66df_מדיניות_השקעה_צפויה_לשנת_2021-החל_מ-19.5.2021-1.xls,מדיניות צפויה למסלול עד 50
520042573,,,520042573|מדיניות צפויה למסלול עד 50|מסלול המותאם לגילאים עד 50,מסלול המותאם לגילאים עד 50,2021,"חשיפה למט""ח",fx,21.85,20.0,+/-   6%,14.0,26.0,,,מדיניות צפויה למסלול עד 50,2026-09-30T23:38:13+00:00,https://www.os-gml.co.il/wp-content/uploads/2021/06/מדיניות_השקעה_צפויה_לשנת_2021-החל_מ-19.5.2021-1.xls,policy/companies/520042573/raw/520042573/0c8b04ef66df_מדיניות_השקעה_צפויה_לשנת_2021-החל_מ-19.5.2021-1.xls,מדיניות צפויה למסלול עד 50
520042573,,,520042573|מדיניות צפויה מסלול 50-60|אושר בדירקטוריון 16 3 2020 עודכן ביום 21 4 2020 עודכון ביום 16 6 2020,אושר בדירקטוריון 16 3 2020 עודכן ביום 21 4 2020 עודכון ביום 16 6 2020,2021,"מניות (תעודות סל, אופציות, קרנות נאמנות)",equity,41.57,38.0,+/-   6%,32.0,44.0,"מניות בארץ - ת""א 100 - 30%   מניות בחו""ל  - MSCI AC - 70%",,מדיניות צפויה מסלול 50-60,2026-09-30T23:38:13+00:00,https://www.os-gml.co.il/wp-content/uploads/2021/01/עוס_מדיניות_צפויה_2021__3___2_.xls,policy/companies/520042573/raw/520042573/3ba092aec777_עוס_מדיניות_צפויה_2021__3___2_.xls,מדיניות צפויה מסלול 50-60 
520042573,,,520042573|מדיניות צפויה מסלול 50-60|אושר בדירקטוריון 16 3 2020 עודכן ביום 21 4 2020 עודכון ביום 16 6 2020,אושר בדירקטוריון 16 3 2020 עודכן ביום 21 4 2020 עודכון ביום 16 6 2020,2021,"אג""ח ממשלתי",,26.06,26.0,+/-   5%,21.0,31.0,ממשלתי צמוד 2-5 - 40%     ממשלתי שקלי 2-5 -60%,,מדיניות צפויה מסלול 50-60,2026-09-30T23:38:13+00:00,https://www.os-gml.co.il/wp-content/uploads/2021/01/עוס_מדיניות_צפויה_2021__3___2_.xls,policy/companies/520042573/raw/520042573/3ba092aec777_עוס_מדיניות_צפויה_2021__3___2_.xls,מדיניות צפויה מסלול 50-60 
520042573,,,520042573|מדיניות צפויה מסלול 50-60|אושר בדירקטוריון 16 3 2020 עודכן ביום 21 4 2020 עודכון ביום 16 6 2020,אושר בדירקטוריון 16 3 2020 עודכן ביום 21 4 2020 עודכון ביום 16 6 2020,2021,"אג""ח קונצרני (קרנות נאמנות, תעודות סל)",,23.32,25.0,+/-   6%,19.0,31.0,תל בונד 60 -60%    תל בונד שקלי - 30%     Bloombreg us corporate1-10 bond index  -10%,,מדיניות צפויה מסלול 50-60,2026-09-30T23:38:13+00:00,https://www.os-gml.co.il/wp-content/uploads/2021/01/עוס_מדיניות_צפויה_2021__3___2_.xls,policy/companies/520042573/raw/520042573/3ba092aec777_עוס_מדיניות_צפויה_2021__3___2_.xls,מדיניות צפויה מסלול 50-60 
520042573,,,520042573|מדיניות צפויה מסלול 50-60|אושר בדירקטוריון 16 3 2020 עודכן ביום 21 4 2020 עודכון ביום 16 6 2020,אושר בדירקטוריון 16 3 2020 עודכן ביום 21 4 2020 עודכון ביום 16 6 2020,2021,"אחר (קרנות השקעה פרטיות, קרנות נדלן, מכשירים מובנים)*",,6.93,6.0,+/-   5%,1.0,11.0,,,מדיניות צפויה מסלול 50-60,2026-09-30T23:38:13+00:00,https://www.os-gml.co.il/wp-content/uploads/2021/01/עוס_מדיניות_צפויה_2021__3___2_.xls,policy/companies/520042573/raw/520042573/3ba092aec777_עוס_מדיניות_צפויה_2021__3___2_.xls,מדיניות צפויה מסלול 50-60 
520042573,,,520042573|מדיניות צפויה מסלול 50-60|אושר בדירקטוריון 16 3 2020 עודכן ביום 21 4 2020 עודכון ביום 16 6 2020,אושר בדירקטוריון 16 3 2020 עודכן ביום 21 4 2020 עודכון ביום 16 6 2020,2021,"עו""ש פר""י פק""מ**",,2.12,5.0,+/-   5%,0.0,10.0,ריבית בנק ישראל,,מדיניות צפויה מסלול 50-60,2026-09-30T23:38:13+00:00,https://www.os-gml.co.il/wp-content/uploads/2021/01/עוס_מדיניות_צפויה_2021__3___2_.xls,policy/companies/520042573/raw/520042573/3ba092aec777_עוס_מדיניות_צפויה_2021__3___2_.xls,מדיניות צפויה מסלול 50-60 
520042573,,,520042573|מדיניות צפויה מסלול 50-60|אושר בדירקטוריון 16 3 2020 עודכן ביום 21 4 2020 עודכון ביום 16 6 2020,אושר בדירקטוריון 16 3 2020 עודכן ביום 21 4 2020 עודכון ביום 16 6 2020,2021,"חשיפה למט""ח",fx,23.9,18.0,+/-   6%,12.0,24.0,,,מדיניות צפויה מסלול 50-60,2026-09-30T23:38:13+00:00,https://www.os-gml.co.il/wp-content/uploads/2021/01/עוס_מדיניות_צפויה_2021__3___2_.xls,policy/companies/520042573/raw/520042573/3ba092aec777_עוס_מדיניות_צפויה_2021__3___2_.xls,מדיניות צפויה מסלול 50-60 
520042573,,,520042573|מדיניות צפויה למסלול 60+|מסלול המותאם לגילאים 60 +,מסלול המותאם לגילאים 60 +,2021,"מניות (תעודות סל, אופציות, קרנות נאמנות)",equity,15.97,18.0,+/-   6%,12.0,24.0,"מניות בארץ - ת""א 100 - 40%   מניות בחו""ל  - MSCI AC - 60%",,מדיניות צפויה למסלול 60+,2026-09-30T23:38:13+00:00,https://www.os-gml.co.il/wp-content/uploads/2021/01/עוס_מדיניות_צפויה_2021__3___2_.xls,policy/companies/520042573/raw/520042573/3ba092aec777_עוס_מדיניות_צפויה_2021__3___2_.xls,מדיניות צפויה למסלול 60+ 
520042573,,,520042573|מדיניות צפויה למסלול 60+|מסלול המותאם לגילאים 60 +,מסלול המותאם לגילאים 60 +,2021,"אג""ח ממשלתי",,49.94,46.0,+/-   5%,41.0,51.0,ממשלתי צמוד 2-5 - 30%      ממשלתי שקלי 2-5 -70%,,מדיניות צפויה למסלול 60+,2026-09-30T23:38:13+00:00,https://www.os-gml.co.il/wp-content/uploads/2021/01/עוס_מדיניות_צפויה_2021__3___2_.xls,policy/companies/520042573/raw/520042573/3ba092aec777_עוס_מדיניות_צפויה_2021__3___2_.xls,מדיניות צפויה למסלול 60+ 
520042573,,,520042573|מדיניות צפויה למסלול 60+|מסלול המותאם לגילאים 60 +,מסלול המותאם לגילאים 60 +,2021,"אג""ח קונצרני (קרנות נאמנות, תעודות סל)",,25.0,28.0,+/-   6%,22.0,34.0,תל בונד 60 -65%    תל בונד שקלי - 25%     Bloombreg us corporate1-10 bond index  -10%,,מדיניות צפויה למסלול 60+,2026-09-30T23:38:13+00:00,https://www.os-gml.co.il/wp-content/uploads/2021/01/עוס_מדיניות_צפויה_2021__3___2_.xls,policy/companies/520042573/raw/520042573/3ba092aec777_עוס_מדיניות_צפויה_2021__3___2_.xls,מדיניות צפויה למסלול 60+ 
520042573,,,520042573|מדיניות צפויה למסלול 60+|מסלול המותאם לגילאים 60 +,מסלול המותאם לגילאים 60 +,2021,"אחר (קרנות השקעה פרטיות, קרנות נדלן, מכשירים מובנים)*",,0.0,1.0,+/-   5%,0.0,6.0,,,מדיניות צפויה למסלול 60+,2026-09-30T23:38:13+00:00,https://www.os-gml.co.il/wp-content/uploads/2021/01/עוס_מדיניות_צפויה_2021__3___2_.xls,policy/companies/520042573/raw/520042573/3ba092aec777_עוס_מדיניות_צפויה_2021__3___2_.xls,מדיניות צפויה למסלול 60+ 
520042573,,,520042573|מדיניות צפויה למסלול 60+|מסלול המותאם לגילאים 60 +,מסלול המותאם לגילאים 60 +,2021,"עו""ש פר""י פק""מ**",,9.1,7.0,+/-   5%,2.0,12.0,ריבית בנק ישראל,,מדיניות צפויה למסלול 60+,2026-09-30T23:38:13+00:00,https://www.os-gml.co.il/wp-content/uploads/2021/01/עוס_מדיניות_צפויה_2021__3___2_.xls,policy/companies/520042573/raw/520042573/3ba092aec777_עוס_מדיניות_צפויה_2021__3___2_.xls,מדיניות צפויה למסלול 60+ 
520042573,,,520042573|מדיניות צפויה למסלול 60+|מסלול המותאם לגילאים 60 +,מסלול המותאם לגילאים 60 +,2021,"חשיפה למט""ח",fx,12.9,10.0,+/-   6%,4.0,16.0,,,מדיניות צפויה למסלול 60+,2026-09-30T23:38:13+00:00,https://www.os-gml.co.il/wp-content/uploads/2021/01/עוס_מדיניות_צפויה_2021__3___2_.xls,policy/companies/520042573/raw/520042573/3ba092aec777_עוס_מדיניות_צפויה_2021__3___2_.xls,מדיניות צפויה למסלול 60+ 
520042573,,,520042573|מדיניות צפויה למסלול עד 50|מסלול המותאם לגילאים עד 50,מסלול המותאם לגילאים עד 50,2021,"מניות (תעודות סל, אופציות, קרנות נאמנות)",equity,50.86,52.0,+/-   6%,46.0,58.0,"מניות בארץ - ת""א 100 - 30%   מניות בחו""ל  - MSCI AC - 70%",,מדיניות צפויה למסלול עד 50,2026-09-30T23:38:13+00:00,https://www.os-gml.co.il/wp-content/uploads/2021/01/עוס_מדיניות_צפויה_2021__3___2_.xls,policy/companies/520042573/raw/520042573/3ba092aec777_עוס_מדיניות_צפויה_2021__3___2_.xls,מדיניות צפויה למסלול עד 50
520042573,,,520042573|מדיניות צפויה למסלול עד 50|מסלול המותאם לגילאים עד 50,מסלול המותאם לגילאים עד 50,2021,"אג""ח ממשלתי",,23.06,23.0,+/-   5%,18.0,28.0,ממשלתי צמוד 2-5 - 40%     ממשלתי שקלי 2-5 -60%,,מדיניות צפויה למסלול עד 50,2026-09-30T23:38:13+00:00,https://www.os-gml.co.il/wp-content/uploads/2021/01/עוס_מדיניות_צפויה_2021__3___2_.xls,policy/companies/520042573/raw/520042573/3ba092aec777_עוס_מדיניות_צפויה_2021__3___2_.xls,מדיניות צפויה למסלול עד 50
520042573,,,520042573|מדיניות צפויה למסלול עד 50|מסלול המותאם לגילאים עד 50,מסלול המותאם לגילאים עד 50,2021,"אג""ח קונצרני (קרנות נאמנות, תעודות סל)",,21.76,18.0,+/-   6%,12.0,24.0,תל בונד 60 -60%    תל בונד שקלי - 30%     Bloombreg us corporate1-10 bond index  -10%,,מדיניות צפויה למסלול עד 50,2026-09-30T23:38:13+00:00,https://www.os-gml.co.il/wp-content/uploads/2021/01/עוס_מדיניות_צפויה_2021__3___2_.xls,policy/companies/520042573/raw/520042573/3ba092aec777_עוס_מדיניות_צפויה_2021__3___2_.xls,מדיניות צפויה למסלול עד 50
520042573,,,520042573|מדיניות צפויה למסלול עד 50|מסלול המותאם לגילאים עד 50,מסלול המותאם לגילאים עד 50,2021,"אחר (קרנות השקעה פרטיות, קרנות נדלן, מכשירים מובנים)*",,0.0,1.0,+/-   5%,0.0,6.0,,,מדיניות צפויה למסלול עד 50,2026-09-30T23:38:13+00:00,https://www.os-gml.co.il/wp-content/uploads/2021/01/עוס_מדיניות_צפויה_2021__3___2_.xls,policy/companies/520042573/raw/520042573/3ba092aec777_עוס_מדיניות_צפויה_2021__3___2_.xls,מדיניות צפויה למסלול עד 50
520042573,,,520042573|מדיניות צפויה למסלול עד 50|מסלול המותאם לגילאים עד 50,מסלול המותאם לגילאים עד 50,2021,"עו""ש פר""י פק""מ**",,4.32,6.0,+/-   5%,1.0,11.0,ריבית בנק ישראל,,מדיניות צפויה למסלול עד 50,2026-09-30T23:38:13+00:00,https://www.os-gml.co.il/wp-content/uploads/2021/01/עוס_מדיניות_צפויה_2021__3___2_.xls,policy/companies/520042573/raw/520042573/3ba092aec777_עוס_מדיניות_צפויה_2021__3___2_.xls,מדיניות צפויה למסלול עד 50
520042573,,,520042573|מדיניות צפויה למסלול עד 50|מסלול המותאם לגילאים עד 50,מסלול המותאם לגילאים עד 50,2021,"חשיפה למט""ח",fx,21.85,20.0,+/-   6%,14.0,26.0,,,מדיניות צפויה למסלול עד 50,2026-09-30T23:38:13+00:00,https://www.os-gml.co.il/wp-content/uploads/2021/01/עוס_מדיניות_צפויה_2021__3___2_.xls,policy/companies/520042573/raw/520042573/3ba092aec777_עוס_מדיניות_צפויה_2021__3___2_.xls,מדיניות צפויה למסלול עד 50
520042573,159,159,"מדיניות צפויה עו""ס - מסלול כללי|עו ס מסלול כללי מס מס הכנסה 159",עו ס מסלול כללי מס מס הכנסה 159,2015,"מניות (תעודות סל, אופציות, קרנות נאמנות)",equity,34.33,32.0,-/+ 6%,26.0,38.0,"מניות בארץ - ת""א 100 - 40%   מניות בחו""ל  - MSCI AC- 60%",,"מדיניות צפויה עו""ס - מסלול כללי",2026-09-30T23:38:13+00:00,https://www.os-gml.co.il/wp-content/uploads/2014/11/2015-Investment_policy.xls,policy/companies/520042573/raw/520042573/66322dcfe661_2015-Investment_policy.xls,"מדיניות צפויה עו""ס - מסלול כללי"
520042573,159,159,"מדיניות צפויה עו""ס - מסלול כללי|עו ס מסלול כללי מס מס הכנסה 159",עו ס מסלול כללי מס מס הכנסה 159,2015,"אג""ח ממשלתי",,30.38,26.0,-/+ 5%,21.0,31.0,ממשלתי צמוד 2-5 - 50%     ממשלתי שקלי 2-5 -50%,,"מדיניות צפויה עו""ס - מסלול כללי",2026-09-30T23:38:13+00:00,https://www.os-gml.co.il/wp-content/uploads/2014/11/2015-Investment_policy.xls,policy/companies/520042573/raw/520042573/66322dcfe661_2015-Investment_policy.xls,"מדיניות צפויה עו""ס - מסלול כללי"
520042573,159,159,"מדיניות צפויה עו""ס - מסלול כללי|עו ס מסלול כללי מס מס הכנסה 159",עו ס מסלול כללי מס מס הכנסה 159,2015,"אג""ח קונצרני (קרנות נאמנות, תעודות סל)",,32.12,38.0,-/+ 6%,32.0,44.0,תל בונד 60 -80%            Barclays Multiverse Total Return Index Unhedged  -20%,,"מדיניות צפויה עו""ס - מסלול כללי",2026-09-30T23:38:13+00:00,https://www.os-gml.co.il/wp-content/uploads/2014/11/2015-Investment_policy.xls,policy/companies/520042573/raw/520042573/66322dcfe661_2015-Investment_policy.xls,"מדיניות צפויה עו""ס - מסלול כללי"
520042573,159,159,"מדיניות צפויה עו""ס - מסלול כללי|עו ס מסלול כללי מס מס הכנסה 159",עו ס מסלול כללי מס מס הכנסה 159,2015,"אחר (קרנות השקעה פרטיות, קרנות נדל""ן, מכשירים מובנים)*",,0.22,1.0,-/+ 5%,0.0,6.0,,,"מדיניות צפויה עו""ס - מסלול כללי",2026-09-30T23:38:13+00:00,https://www.os-gml.co.il/wp-content/uploads/2014/11/2015-Investment_policy.xls,policy/companies/520042573/raw/520042573/66322dcfe661_2015-Investment_policy.xls,"מדיניות צפויה עו""ס - מסלול כללי"
520042573,159,159,"מדיניות צפויה עו""ס - מסלול כללי|עו ס מסלול כללי מס מס הכנסה 159",עו ס מסלול כללי מס מס הכנסה 159,2015,"עו""ש, פר""י, פק""מ**",,2.95,3.0,-/+ 5%,0.0,8.0,ריבית בנק ישראל,,"מדיניות צפויה עו""ס - מסלול כללי",2026-09-30T23:38:13+00:00,https://www.os-gml.co.il/wp-content/uploads/2014/11/2015-Investment_policy.xls,policy/companies/520042573/raw/520042573/66322dcfe661_2015-Investment_policy.xls,"מדיניות צפויה עו""ס - מסלול כללי"
520042573,159,159,"מדיניות צפויה עו""ס - מסלול כללי|עו ס מסלול כללי מס מס הכנסה 159",עו ס מסלול כללי מס מס הכנסה 159,2015,"חשיפה למט""ח",fx,18.3,20.0,-/+ 6%,14.0,26.0,,,"מדיניות צפויה עו""ס - מסלול כללי",2026-09-30T23:38:13+00:00,https://www.os-gml.co.il/wp-content/uploads/2014/11/2015-Investment_policy.xls,policy/companies/520042573/raw/520042573/66322dcfe661_2015-Investment_policy.xls,"מדיניות צפויה עו""ס - מסלול כללי"
520042573,1437,1437,"מדיניות צפויה עו""ס - ללא  מניות|עו ס ללא מניות מס הכנסה 1437",עו ס ללא מניות מס הכנסה 1437,2015,"מניות (תעודות סל, אופציות, קרנות נאמנות)",equity,0.0,0.0,,,,,,"מדיניות צפויה עו""ס - ללא  מניות",2026-09-30T23:38:13+00:00,https://www.os-gml.co.il/wp-content/uploads/2014/11/2015-Investment_policy.xls,policy/companies/520042573/raw/520042573/66322dcfe661_2015-Investment_policy.xls,"מדיניות צפויה עו""ס - ללא  מניות"
520042573,1437,1437,"מדיניות צפויה עו""ס - ללא  מניות|עו ס ללא מניות מס הכנסה 1437",עו ס ללא מניות מס הכנסה 1437,2015,"אג""ח ממשלתי",,87.2,70.0,5% +/-,65.0,75.0,ממשלתי שקלי 0-2 שנים- 50% ממשלתי צמוד 0-2 שנים- 50%,,"מדיניות צפויה עו""ס - ללא  מניות",2026-09-30T23:38:13+00:00,https://www.os-gml.co.il/wp-content/uploads/2014/11/2015-Investment_policy.xls,policy/companies/520042573/raw/520042573/66322dcfe661_2015-Investment_policy.xls,"מדיניות צפויה עו""ס - ללא  מניות"
520042573,1437,1437,"מדיניות צפויה עו""ס - ללא  מניות|עו ס ללא מניות מס הכנסה 1437",עו ס ללא מניות מס הכנסה 1437,2015,"אג""ח קונצרני",,6.8,20.0,6% +/-,14.0,26.0,תל בונד 60,,"מדיניות צפויה עו""ס - ללא  מניות",2026-09-30T23:38:13+00:00,https://www.os-gml.co.il/wp-content/uploads/2014/11/2015-Investment_policy.xls,policy/companies/520042573/raw/520042573/66322dcfe661_2015-Investment_policy.xls,"מדיניות צפויה עו""ס - ללא  מניות"
520042573,1437,1437,"מדיניות צפויה עו""ס - ללא  מניות|עו ס ללא מניות מס הכנסה 1437",עו ס ללא מניות מס הכנסה 1437,2015,"אחר (קרנות השקעה פרטיות, קרנות נדל""ן, מכשירים מובנים)*",,0.0,0.0,,,,,,"מדיניות צפויה עו""ס - ללא  מניות",2026-09-30T23:38:13+00:00,https://www.os-gml.co.il/wp-content/uploads/2014/11/2015-Investment_policy.xls,policy/companies/520042573/raw/520042573/66322dcfe661_2015-Investment_policy.xls,"מדיניות צפויה עו""ס - ללא  מניות"
520042573,1437,1437,"מדיניות צפויה עו""ס - ללא  מניות|עו ס ללא מניות מס הכנסה 1437",עו ס ללא מניות מס הכנסה 1437,2015,"עו""ש, פר""י, פק""מ**",,6.0,10.0,5% +/-,0.0,15.0,ריבית בנק ישראל,,"מדיניות צפויה עו""ס - ללא  מניות",2026-09-30T23:38:13+00:00,https://www.os-gml.co.il/wp-content/uploads/2014/11/2015-Investment_policy.xls,policy/companies/520042573/raw/520042573/66322dcfe661_2015-Investment_policy.xls,"מדיניות צפויה עו""ס - ללא  מניות"
520042573,1437,1437,"מדיניות צפויה עו""ס - ללא  מניות|עו ס ללא מניות מס הכנסה 1437",עו ס ללא מניות מס הכנסה 1437,2015,"חשיפה למט""ח",fx,0.0,0.0,,,,,,"מדיניות צפויה עו""ס - ללא  מניות",2026-09-30T23:38:13+00:00,https://www.os-gml.co.il/wp-content/uploads/2014/11/2015-Investment_policy.xls,policy/companies/520042573/raw/520042573/66322dcfe661_2015-Investment_policy.xls,"מדיניות צפויה עו""ס - ללא  מניות"
520042573,159,159,"מדיניות צפויה עו""ס - מסלול כללי|עו ס מסלול כללי מס מס הכנסה 159",עו ס מסלול כללי מס מס הכנסה 159,2015,"מניות (תעודות סל, אופציות, קרנות נאמנות)",equity,34.19,32.0,-/+ 6%,26.0,38.0,"מניות בארץ - ת""א 100 - 40%   מניות בחו""ל  - MSCI AC- 60%",,"מדיניות צפויה עו""ס - מסלול כללי",2026-09-30T23:38:13+00:00,https://www.os-gml.co.il/wp-content/uploads/2014/11/2015-Investment_policy1.xls,policy/companies/520042573/raw/520042573/82900427bf30_2015-Investment_policy1.xls,"מדיניות צפויה עו""ס - מסלול כללי"
520042573,159,159,"מדיניות צפויה עו""ס - מסלול כללי|עו ס מסלול כללי מס מס הכנסה 159",עו ס מסלול כללי מס מס הכנסה 159,2015,"אג""ח ממשלתי",,30.61,26.0,-/+ 5%,21.0,31.0,ממשלתי צמוד 2-5 - 50%     ממשלתי שקלי 2-5 -50%,,"מדיניות צפויה עו""ס - מסלול כללי",2026-09-30T23:38:13+00:00,https://www.os-gml.co.il/wp-content/uploads/2014/11/2015-Investment_policy1.xls,policy/companies/520042573/raw/520042573/82900427bf30_2015-Investment_policy1.xls,"מדיניות צפויה עו""ס - מסלול כללי"
520042573,159,159,"מדיניות צפויה עו""ס - מסלול כללי|עו ס מסלול כללי מס מס הכנסה 159",עו ס מסלול כללי מס מס הכנסה 159,2015,"אג""ח קונצרני (קרנות נאמנות, תעודות סל)",,32.1,38.0,-/+ 6%,32.0,44.0,תל בונד 60 -80%            Barclays Multiverse Total Return Index Unhedged  -20%,,"מדיניות צפויה עו""ס - מסלול כללי",2026-09-30T23:38:13+00:00,https://www.os-gml.co.il/wp-content/uploads/2014/11/2015-Investment_policy1.xls,policy/companies/520042573/raw/520042573/82900427bf30_2015-Investment_policy1.xls,"מדיניות צפויה עו""ס - מסלול כללי"
520042573,159,159,"מדיניות צפויה עו""ס - מסלול כללי|עו ס מסלול כללי מס מס הכנסה 159",עו ס מסלול כללי מס מס הכנסה 159,2015,"אחר (קרנות השקעה פרטיות, קרנות נדל""ן, מכשירים מובנים)*",,0.22,1.0,-/+ 5%,0.0,6.0,,,"מדיניות צפויה עו""ס - מסלול כללי",2026-09-30T23:38:13+00:00,https://www.os-gml.co.il/wp-content/uploads/2014/11/2015-Investment_policy1.xls,policy/companies/520042573/raw/520042573/82900427bf30_2015-Investment_policy1.xls,"מדיניות צפויה עו""ס - מסלול כללי"
520042573,159,159,"מדיניות צפויה עו""ס - מסלול כללי|עו ס מסלול כללי מס מס הכנסה 159",עו ס מסלול כללי מס מס הכנסה 159,2015,"עו""ש, פר""י, פק""מ**",,2.87,3.0,-/+ 5%,0.0,8.0,ריבית בנק ישראל,,"מדיניות צפויה עו""ס - מסלול כללי",2026-09-30T23:38:13+00:00,https://www.os-gml.co.il/wp-content/uploads/2014/11/2015-Investment_policy1.xls,policy/companies/520042573/raw/520042573/82900427bf30_2015-Investment_policy1.xls,"מדיניות צפויה עו""ס - מסלול כללי"
520042573,159,159,"מדיניות צפויה עו""ס - מסלול כללי|עו ס מסלול כללי מס מס הכנסה 159",עו ס מסלול כללי מס מס הכנסה 159,2015,"חשיפה למט""ח",fx,18.3,20.0,-/+ 6%,14.0,26.0,,,"מדיניות צפויה עו""ס - מסלול כללי",2026-09-30T23:38:13+00:00,https://www.os-gml.co.il/wp-content/uploads/2014/11/2015-Investment_policy1.xls,policy/companies/520042573/raw/520042573/82900427bf30_2015-Investment_policy1.xls,"מדיניות צפויה עו""ס - מסלול כללי"
520042573,1437,1437,"מדיניות צפויה עו""ס - ללא  מניות|עו ס ללא מניות מס הכנסה 1437",עו ס ללא מניות מס הכנסה 1437,2015,"מניות (תעודות סל, אופציות, קרנות נאמנות)",equity,0.0,0.0,,,,,,"מדיניות צפויה עו""ס - ללא  מניות",2026-09-30T23:38:13+00:00,https://www.os-gml.co.il/wp-content/uploads/2014/11/2015-Investment_policy1.xls,policy/companies/520042573/raw/520042573/82900427bf30_2015-Investment_policy1.xls,"מדיניות צפויה עו""ס - ללא  מניות"
520042573,1437,1437,"מדיניות צפויה עו""ס - ללא  מניות|עו ס ללא מניות מס הכנסה 1437",עו ס ללא מניות מס הכנסה 1437,2015,"אג""ח ממשלתי",,87.04,70.0,5% +/-,65.0,75.0,ממשלתי שקלי 0-2 שנים- 50% ממשלתי צמוד 0-2 שנים- 50%,,"מדיניות צפויה עו""ס - ללא  מניות",2026-09-30T23:38:13+00:00,https://www.os-gml.co.il/wp-content/uploads/2014/11/2015-Investment_policy1.xls,policy/companies/520042573/raw/520042573/82900427bf30_2015-Investment_policy1.xls,"מדיניות צפויה עו""ס - ללא  מניות"
520042573,1437,1437,"מדיניות צפויה עו""ס - ללא  מניות|עו ס ללא מניות מס הכנסה 1437",עו ס ללא מניות מס הכנסה 1437,2015,"אג""ח קונצרני",,6.78,20.0,6% +/-,14.0,26.0,תל בונד 60,,"מדיניות צפויה עו""ס - ללא  מניות",2026-09-30T23:38:13+00:00,https://www.os-gml.co.il/wp-content/uploads/2014/11/2015-Investment_policy1.xls,policy/companies/520042573/raw/520042573/82900427bf30_2015-Investment_policy1.xls,"מדיניות צפויה עו""ס - ללא  מניות"
520042573,1437,1437,"מדיניות צפויה עו""ס - ללא  מניות|עו ס ללא מניות מס הכנסה 1437",עו ס ללא מניות מס הכנסה 1437,2015,"אחר (קרנות השקעה פרטיות, קרנות נדל""ן, מכשירים מובנים)*",,0.0,0.0,,,,,,"מדיניות צפויה עו""ס - ללא  מניות",2026-09-30T23:38:13+00:00,https://www.os-gml.co.il/wp-content/uploads/2014/11/2015-Investment_policy1.xls,policy/companies/520042573/raw/520042573/82900427bf30_2015-Investment_policy1.xls,"מדיניות צפויה עו""ס - ללא  מניות"
520042573,1437,1437,"מדיניות צפויה עו""ס - ללא  מניות|עו ס ללא מניות מס הכנסה 1437",עו ס ללא מניות מס הכנסה 1437,2015,"עו""ש, פר""י, פק""מ**",,6.18,10.0,5% +/-,0.0,15.0,ריבית בנק ישראל,,"מדיניות צפויה עו""ס - ללא  מניות",2026-09-30T23:38:13+00:00,https://www.os-gml.co.il/wp-content/uploads/2014/11/2015-Investment_policy1.xls,policy/companies/520042573/raw/520042573/82900427bf30_2015-Investment_policy1.xls,"מדיניות צפויה עו""ס - ללא  מניות"
520042573,1437,1437,"מדיניות צפויה עו""ס - ללא  מניות|עו ס ללא מניות מס הכנסה 1437",עו ס ללא מניות מס הכנסה 1437,2015,"חשיפה למט""ח",fx,0.0,0.0,,,,,,"מדיניות צפויה עו""ס - ללא  מניות",2026-09-30T23:38:13+00:00,https://www.os-gml.co.il/wp-content/uploads/2014/11/2015-Investment_policy1.xls,policy/companies/520042573/raw/520042573/82900427bf30_2015-Investment_policy1.xls,"מדיניות צפויה עו""ס - ללא  מניות"
520042573,159,159,"מדיניות צפויה עו""ס - מסלול כללי|עו ס מסלול כללי מס מס הכנסה 159",עו ס מסלול כללי מס מס הכנסה 159,2015,"מניות (תעודות סל, אופציות, קרנות נאמנות)",equity,34.19,32.0,-/+ 6%,26.0,38.0,"מניות בארץ - ת""א 100 - 40%   מניות בחו""ל  - MSCI AC- 60%",,"מדיניות צפויה עו""ס - מסלול כללי",2026-09-30T23:38:13+00:00,https://www.os-gml.co.il/wp-content/uploads/2014/11/2015-Investment_policy2.xls,policy/companies/520042573/raw/520042573/49258aad3e13_2015-Investment_policy2.xls,"מדיניות צפויה עו""ס - מסלול כללי"
520042573,159,159,"מדיניות צפויה עו""ס - מסלול כללי|עו ס מסלול כללי מס מס הכנסה 159",עו ס מסלול כללי מס מס הכנסה 159,2015,"אג""ח ממשלתי",,30.61,26.0,-/+ 5%,21.0,31.0,ממשלתי צמוד 2-5 - 50%     ממשלתי שקלי 2-5 -50%,,"מדיניות צפויה עו""ס - מסלול כללי",2026-09-30T23:38:13+00:00,https://www.os-gml.co.il/wp-content/uploads/2014/11/2015-Investment_policy2.xls,policy/companies/520042573/raw/520042573/49258aad3e13_2015-Investment_policy2.xls,"מדיניות צפויה עו""ס - מסלול כללי"
520042573,159,159,"מדיניות צפויה עו""ס - מסלול כללי|עו ס מסלול כללי מס מס הכנסה 159",עו ס מסלול כללי מס מס הכנסה 159,2015,"אג""ח קונצרני (קרנות נאמנות, תעודות סל)",,32.1,38.0,-/+ 6%,32.0,44.0,תל בונד 60 -80%            Barclays Multiverse Total Return Index Unhedged  -20%,,"מדיניות צפויה עו""ס - מסלול כללי",2026-09-30T23:38:13+00:00,https://www.os-gml.co.il/wp-content/uploads/2014/11/2015-Investment_policy2.xls,policy/companies/520042573/raw/520042573/49258aad3e13_2015-Investment_policy2.xls,"מדיניות צפויה עו""ס - מסלול כללי"
520042573,159,159,"מדיניות צפויה עו""ס - מסלול כללי|עו ס מסלול כללי מס מס הכנסה 159",עו ס מסלול כללי מס מס הכנסה 159,2015,"אחר (קרנות השקעה פרטיות, קרנות נדל""ן, מכשירים מובנים)*",,0.22,1.0,-/+ 5%,0.0,6.0,,,"מדיניות צפויה עו""ס - מסלול כללי",2026-09-30T23:38:13+00:00,https://www.os-gml.co.il/wp-content/uploads/2014/11/2015-Investment_policy2.xls,policy/companies/520042573/raw/520042573/49258aad3e13_2015-Investment_policy2.xls,"מדיניות צפויה עו""ס - מסלול כללי"
520042573,159,159,"מדיניות צפויה עו""ס - מסלול כללי|עו ס מסלול כללי מס מס הכנסה 159",עו ס מסלול כללי מס מס הכנסה 159,2015,"עו""ש, פר""י, פק""מ**",,2.87,3.0,-/+ 5%,0.0,8.0,ריבית בנק ישראל,,"מדיניות צפויה עו""ס - מסלול כללי",2026-09-30T23:38:13+00:00,https://www.os-gml.co.il/wp-content/uploads/2014/11/2015-Investment_policy2.xls,policy/companies/520042573/raw/520042573/49258aad3e13_2015-Investment_policy2.xls,"מדיניות צפויה עו""ס - מסלול כללי"
520042573,159,159,"מדיניות צפויה עו""ס - מסלול כללי|עו ס מסלול כללי מס מס הכנסה 159",עו ס מסלול כללי מס מס הכנסה 159,2015,"חשיפה למט""ח",fx,18.3,20.0,-/+ 6%,14.0,26.0,,,"מדיניות צפויה עו""ס - מסלול כללי",2026-09-30T23:38:13+00:00,https://www.os-gml.co.il/wp-content/uploads/2014/11/2015-Investment_policy2.xls,policy/companies/520042573/raw/520042573/49258aad3e13_2015-Investment_policy2.xls,"מדיניות צפויה עו""ס - מסלול כללי"
520042573,1437,1437,"מדיניות צפויה עו""ס - ללא  מניות|עו ס ללא מניות מס הכנסה 1437",עו ס ללא מניות מס הכנסה 1437,2015,"מניות (תעודות סל, אופציות, קרנות נאמנות)",equity,0.0,0.0,,,,,,"מדיניות צפויה עו""ס - ללא  מניות",2026-09-30T23:38:13+00:00,https://www.os-gml.co.il/wp-content/uploads/2014/11/2015-Investment_policy2.xls,policy/companies/520042573/raw/520042573/49258aad3e13_2015-Investment_policy2.xls,"מדיניות צפויה עו""ס - ללא  מניות"
520042573,1437,1437,"מדיניות צפויה עו""ס - ללא  מניות|עו ס ללא מניות מס הכנסה 1437",עו ס ללא מניות מס הכנסה 1437,2015,"אג""ח ממשלתי",,87.04,70.0,5% +/-,65.0,75.0,ממשלתי שקלי 0-2 שנים- 50% ממשלתי צמוד 0-2 שנים- 50%,,"מדיניות צפויה עו""ס - ללא  מניות",2026-09-30T23:38:13+00:00,https://www.os-gml.co.il/wp-content/uploads/2014/11/2015-Investment_policy2.xls,policy/companies/520042573/raw/520042573/49258aad3e13_2015-Investment_policy2.xls,"מדיניות צפויה עו""ס - ללא  מניות"
520042573,1437,1437,"מדיניות צפויה עו""ס - ללא  מניות|עו ס ללא מניות מס הכנסה 1437",עו ס ללא מניות מס הכנסה 1437,2015,"אג""ח קונצרני",,6.78,20.0,6% +/-,14.0,26.0,תל בונד 60,,"מדיניות צפויה עו""ס - ללא  מניות",2026-09-30T23:38:13+00:00,https://www.os-gml.co.il/wp-content/uploads/2014/11/2015-Investment_policy2.xls,policy/companies/520042573/raw/520042573/49258aad3e13_2015-Investment_policy2.xls,"מדיניות צפויה עו""ס - ללא  מניות"
520042573,1437,1437,"מדיניות צפויה עו""ס - ללא  מניות|עו ס ללא מניות מס הכנסה 1437",עו ס ללא מניות מס הכנסה 1437,2015,"אחר (קרנות השקעה פרטיות, קרנות נדל""ן, מכשירים מובנים)*",,0.0,0.0,,,,,,"מדיניות צפויה עו""ס - ללא  מניות",2026-09-30T23:38:13+00:00,https://www.os-gml.co.il/wp-content/uploads/2014/11/2015-Investment_policy2.xls,policy/companies/520042573/raw/520042573/49258aad3e13_2015-Investment_policy2.xls,"מדיניות צפויה עו""ס - ללא  מניות"
520042573,1437,1437,"מדיניות צפויה עו""ס - ללא  מניות|עו ס ללא מניות מס הכנסה 1437",עו ס ללא מניות מס הכנסה 1437,2015,"עו""ש, פר""י, פק""מ**",,6.18,10.0,5% +/-,5.0,15.0,ריבית בנק ישראל,,"מדיניות צפויה עו""ס - ללא  מניות",2026-09-30T23:38:13+00:00,https://www.os-gml.co.il/wp-content/uploads/2014/11/2015-Investment_policy2.xls,policy/companies/520042573/raw/520042573/49258aad3e13_2015-Investment_policy2.xls,"מדיניות צפויה עו""ס - ללא  מניות"
520042573,1437,1437,"מדיניות צפויה עו""ס - ללא  מניות|עו ס ללא מניות מס הכנסה 1437",עו ס ללא מניות מס הכנסה 1437,2015,"חשיפה למט""ח",fx,0.0,0.0,,,,,,"מדיניות צפויה עו""ס - ללא  מניות",2026-09-30T23:38:13+00:00,https://www.os-gml.co.il/wp-content/uploads/2014/11/2015-Investment_policy2.xls,policy/companies/520042573/raw/520042573/49258aad3e13_2015-Investment_policy2.xls,"מדיניות צפויה עו""ס - ללא  מניות"
520042573,,,520042573|מדיניות צפויה למסלול עד 50|מסלול המותאם לגילאים עד 50,מסלול המותאם לגילאים עד 50,2016,"מניות (תעודות סל, אופציות, קרנות נאמנות)",equity,,42.0,+/-   6%,36.0,48.0,"מדד ת""א 100 - 40%                                      MSCI AC - 60%",,מדיניות צפויה למסלול עד 50,2026-09-30T23:38:13+00:00,https://www.os-gml.co.il/wp-content/uploads/2014/11/2016_expected_investment_policy.xls,policy/companies/520042573/raw/520042573/7d9f429e93ca_2016_expected_investment_policy.xls,מדיניות צפויה למסלול עד 50
520042573,,,520042573|מדיניות צפויה למסלול עד 50|מסלול המותאם לגילאים עד 50,מסלול המותאם לגילאים עד 50,2016,"אג""ח ממשלתי",,,19.0,+/-   5%,14.0,24.0,ממשלתי שקלי 2-5 שנים- 80%  ממשלתי צמוד 2-5 שנים - 20%,,מדיניות צפויה למסלול עד 50,2026-09-30T23:38:13+00:00,https://www.os-gml.co.il/wp-content/uploads/2014/11/2016_expected_investment_policy.xls,policy/companies/520042573/raw/520042573/7d9f429e93ca_2016_expected_investment_policy.xls,מדיניות צפויה למסלול עד 50
520042573,,,520042573|מדיניות צפויה למסלול עד 50|מסלול המותאם לגילאים עד 50,מסלול המותאם לגילאים עד 50,2016,"אג""ח קונצרני (קרנות נאמנות, תעודות סל)",,,30.0,+/-   6%,24.0,36.0,מדד תל בונד 60 - 60% תל בונד שקלי - 20%  bloomberg us corporate 1-10 bond index 20%,,מדיניות צפויה למסלול עד 50,2026-09-30T23:38:13+00:00,https://www.os-gml.co.il/wp-content/uploads/2014/11/2016_expected_investment_policy.xls,policy/companies/520042573/raw/520042573/7d9f429e93ca_2016_expected_investment_policy.xls,מדיניות צפויה למסלול עד 50
520042573,,,520042573|מדיניות צפויה למסלול עד 50|מסלול המותאם לגילאים עד 50,מסלול המותאם לגילאים עד 50,2016,"אחר (קרנות השקעה פרטיות, קרנות נדלן, מכשירים מובנים)*",,,4.0,+/-   5%,0.0,9.0,,,מדיניות צפויה למסלול עד 50,2026-09-30T23:38:13+00:00,https://www.os-gml.co.il/wp-content/uploads/2014/11/2016_expected_investment_policy.xls,policy/companies/520042573/raw/520042573/7d9f429e93ca_2016_expected_investment_policy.xls,מדיניות צפויה למסלול עד 50
520042573,,,520042573|מדיניות צפויה למסלול עד 50|מסלול המותאם לגילאים עד 50,מסלול המותאם לגילאים עד 50,2016,"עו""ש פר""י פק""מ**",,,5.0,+/-   5%,0.0,10.0,ריבית בנק ישראל,,מדיניות צפויה למסלול עד 50,2026-09-30T23:38:13+00:00,https://www.os-gml.co.il/wp-content/uploads/2014/11/2016_expected_investment_policy.xls,policy/companies/520042573/raw/520042573/7d9f429e93ca_2016_expected_investment_policy.xls,מדיניות צפויה למסלול עד 50
520042573,,,520042573|מדיניות צפויה למסלול עד 50|מסלול המותאם לגילאים עד 50,מסלול המותאם לגילאים עד 50,2016,"חשיפה למט""ח",fx,,20.0,+/-   6%,14.0,26.0,,,מדיניות צפויה למסלול עד 50,2026-09-30T23:38:13+00:00,https://www.os-gml.co.il/wp-content/uploads/2014/11/2016_expected_investment_policy.xls,policy/companies/520042573/raw/520042573/7d9f429e93ca_2016_expected_investment_policy.xls,מדיניות צפויה למסלול עד 50
520042573,,,520042573|מדיניות צפויה מסלול 50-60|מסלול המותאם לגילאים 50 עד 60,מסלול המותאם לגילאים 50 עד 60,2016,"מניות (תעודות סל, אופציות, קרנות נאמנות)",equity,34.16,32.0,+/-   6%,26.0,38.0,"מדד ת""א 100 - 40%                                                  MSCI AC - 60%",,מדיניות צפויה מסלול 50-60,2026-09-30T23:38:13+00:00,https://www.os-gml.co.il/wp-content/uploads/2014/11/2016_expected_investment_policy.xls,policy/companies/520042573/raw/520042573/7d9f429e93ca_2016_expected_investment_policy.xls,מדיניות צפויה מסלול 50-60
520042573,,,520042573|מדיניות צפויה מסלול 50-60|מסלול המותאם לגילאים 50 עד 60,מסלול המותאם לגילאים 50 עד 60,2016,"אג""ח ממשלתי",,22.93,25.0,+/-   5%,20.0,30.0,ממשלתי שקלי 2-5 שנים- 80%  ממשלתי צמוד 2-5 שנים - 20%,,מדיניות צפויה מסלול 50-60,2026-09-30T23:38:13+00:00,https://www.os-gml.co.il/wp-content/uploads/2014/11/2016_expected_investment_policy.xls,policy/companies/520042573/raw/520042573/7d9f429e93ca_2016_expected_investment_policy.xls,מדיניות צפויה מסלול 50-60
520042573,,,520042573|מדיניות צפויה מסלול 50-60|מסלול המותאם לגילאים 50 עד 60,מסלול המותאם לגילאים 50 עד 60,2016,"אג""ח קונצרני (קרנות נאמנות, תעודות סל)",,37.78,36.0,+/-   6%,30.0,42.0,מדד תל בונד 60 - 60% תל בונד שקלי - 20%  bloomberg us corporate 1-10 bond index 20%,,מדיניות צפויה מסלול 50-60,2026-09-30T23:38:13+00:00,https://www.os-gml.co.il/wp-content/uploads/2014/11/2016_expected_investment_policy.xls,policy/companies/520042573/raw/520042573/7d9f429e93ca_2016_expected_investment_policy.xls,מדיניות צפויה מסלול 50-60
520042573,,,520042573|מדיניות צפויה מסלול 50-60|מסלול המותאם לגילאים 50 עד 60,מסלול המותאם לגילאים 50 עד 60,2016,"אחר (קרנות השקעה פרטיות, קרנות נדלן, מכשירים מובנים)**",,0.21,4.0,+/-   5%,0.0,9.0,,,מדיניות צפויה מסלול 50-60,2026-09-30T23:38:13+00:00,https://www.os-gml.co.il/wp-content/uploads/2014/11/2016_expected_investment_policy.xls,policy/companies/520042573/raw/520042573/7d9f429e93ca_2016_expected_investment_policy.xls,מדיניות צפויה מסלול 50-60
520042573,,,520042573|מדיניות צפויה מסלול 50-60|מסלול המותאם לגילאים 50 עד 60,מסלול המותאם לגילאים 50 עד 60,2016,"עו""ש פר""י פק""מ***",,4.93,3.0,+/-   5%,0.0,8.0,ריבית בנק ישראל,,מדיניות צפויה מסלול 50-60,2026-09-30T23:38:13+00:00,https://www.os-gml.co.il/wp-content/uploads/2014/11/2016_expected_investment_policy.xls,policy/companies/520042573/raw/520042573/7d9f429e93ca_2016_expected_investment_policy.xls,מדיניות צפויה מסלול 50-60
520042573,,,520042573|מדיניות צפויה מסלול 50-60|מסלול המותאם לגילאים 50 עד 60,מסלול המותאם לגילאים 50 עד 60,2016,"חשיפה למט""ח",fx,14.77,16.0,+/-   6%,10.0,22.0,,,מדיניות צפויה מסלול 50-60,2026-09-30T23:38:13+00:00,https://www.os-gml.co.il/wp-content/uploads/2014/11/2016_expected_investment_policy.xls,policy/companies/520042573/raw/520042573/7d9f429e93ca_2016_expected_investment_policy.xls,מדיניות צפויה מסלול 50-60
520042573,,,520042573|מדיניות צפויה למסלול 60+|מסלול המותאם לגילאים 60 +,מסלול המותאם לגילאים 60 +,2016,"מניות (תעודות סל, אופציות, קרנות נאמנות)",equity,0.0,10.0,+/-   6%,4.0,16.0,"מדד ת""א 100 - 40%                                                                MSCI AC - 60%",,מדיניות צפויה למסלול 60+,2026-09-30T23:38:13+00:00,https://www.os-gml.co.il/wp-content/uploads/2014/11/2016_expected_investment_policy.xls,policy/companies/520042573/raw/520042573/7d9f429e93ca_2016_expected_investment_policy.xls,מדיניות צפויה למסלול 60+
520042573,,,520042573|מדיניות צפויה למסלול 60+|מסלול המותאם לגילאים 60 +,מסלול המותאם לגילאים 60 +,2016,"אג""ח ממשלתי",,67.78,50.0,+/-   5%,45.0,55.0,ממשלתי שקלי 2-5 שנים- 80%  ממשלתי צמוד 2-5 שנים - 20%,,מדיניות צפויה למסלול 60+,2026-09-30T23:38:13+00:00,https://www.os-gml.co.il/wp-content/uploads/2014/11/2016_expected_investment_policy.xls,policy/companies/520042573/raw/520042573/7d9f429e93ca_2016_expected_investment_policy.xls,מדיניות צפויה למסלול 60+
520042573,,,520042573|מדיניות צפויה למסלול 60+|מסלול המותאם לגילאים 60 +,מסלול המותאם לגילאים 60 +,2016,"אג""ח קונצרני (קרנות נאמנות, תעודות סל)",,24.2,31.0,+/-   6%,25.0,37.0,מדד תל בונד 60 - 60% תל בונד שקלי - 20%  bloomberg us corporate 1-10 bond index    20%,,מדיניות צפויה למסלול 60+,2026-09-30T23:38:13+00:00,https://www.os-gml.co.il/wp-content/uploads/2014/11/2016_expected_investment_policy.xls,policy/companies/520042573/raw/520042573/7d9f429e93ca_2016_expected_investment_policy.xls,מדיניות צפויה למסלול 60+
520042573,,,520042573|מדיניות צפויה למסלול 60+|מסלול המותאם לגילאים 60 +,מסלול המותאם לגילאים 60 +,2016,"אחר (קרנות השקעה פרטיות, קרנות נדלן, מכשירים מובנים)**",,0.0,2.0,+/-   5%,0.0,7.0,,,מדיניות צפויה למסלול 60+,2026-09-30T23:38:13+00:00,https://www.os-gml.co.il/wp-content/uploads/2014/11/2016_expected_investment_policy.xls,policy/companies/520042573/raw/520042573/7d9f429e93ca_2016_expected_investment_policy.xls,מדיניות צפויה למסלול 60+
520042573,,,520042573|מדיניות צפויה למסלול 60+|מסלול המותאם לגילאים 60 +,מסלול המותאם לגילאים 60 +,2016,"עו""ש פר""י פק""מ***",,8.01,7.0,+/-   5%,2.0,12.0,ריבית בנק ישראל,,מדיניות צפויה למסלול 60+,2026-09-30T23:38:13+00:00,https://www.os-gml.co.il/wp-content/uploads/2014/11/2016_expected_investment_policy.xls,policy/companies/520042573/raw/520042573/7d9f429e93ca_2016_expected_investment_policy.xls,מדיניות צפויה למסלול 60+
520042573,,,520042573|מדיניות צפויה למסלול 60+|מסלול המותאם לגילאים 60 +,מסלול המותאם לגילאים 60 +,2016,"חשיפה למט""ח",fx,0.0,8.0,+/-   6%,2.0,14.0,,,מדיניות צפויה למסלול 60+,2026-09-30T23:38:13+00:00,https://www.os-gml.co.il/wp-content/uploads/2014/11/2016_expected_investment_policy.xls,policy/companies/520042573/raw/520042573/7d9f429e93ca_2016_expected_investment_policy.xls,מדיניות צפויה למסלול 60+
520042573,,,520042573|מדיניות צפויה למסלול עד 50|מסלול המותאם לגילאים עד 50,מסלול המותאם לגילאים עד 50,2016,"מניות (תעודות סל, אופציות, קרנות נאמנות)",equity,,42.0,+/-   6%,36.0,48.0,"מדד ת""א 100 - 40%                                      MSCI AC - 60%",,מדיניות צפויה למסלול עד 50,2026-09-30T23:38:13+00:00,https://www.os-gml.co.il/wp-content/uploads/2014/11/201602-RemunerationPolicy.xls,policy/companies/520042573/raw/520042573/77d0aa562755_201602-RemunerationPolicy.xls,מדיניות צפויה למסלול עד 50
520042573,,,520042573|מדיניות צפויה למסלול עד 50|מסלול המותאם לגילאים עד 50,מסלול המותאם לגילאים עד 50,2016,"אג""ח ממשלתי",,,19.0,+/-   5%,14.0,24.0,ממשלתי שקלי 2-5 שנים- 80%  ממשלתי צמוד 2-5 שנים - 20%,,מדיניות צפויה למסלול עד 50,2026-09-30T23:38:13+00:00,https://www.os-gml.co.il/wp-content/uploads/2014/11/201602-RemunerationPolicy.xls,policy/companies/520042573/raw/520042573/77d0aa562755_201602-RemunerationPolicy.xls,מדיניות צפויה למסלול עד 50
520042573,,,520042573|מדיניות צפויה למסלול עד 50|מסלול המותאם לגילאים עד 50,מסלול המותאם לגילאים עד 50,2016,"אג""ח קונצרני (קרנות נאמנות, תעודות סל)",,,30.0,+/-   6%,24.0,36.0,מדד תל בונד 60 - 60% תל בונד שקלי - 20%  bloomberg us corporate 1-10 bond index 20%,,מדיניות צפויה למסלול עד 50,2026-09-30T23:38:13+00:00,https://www.os-gml.co.il/wp-content/uploads/2014/11/201602-RemunerationPolicy.xls,policy/companies/520042573/raw/520042573/77d0aa562755_201602-RemunerationPolicy.xls,מדיניות צפויה למסלול עד 50
520042573,,,520042573|מדיניות צפויה למסלול עד 50|מסלול המותאם לגילאים עד 50,מסלול המותאם לגילאים עד 50,2016,"אחר (קרנות השקעה פרטיות, קרנות נדלן, מכשירים מובנים)*",,,4.0,+/-   5%,0.0,9.0,,,מדיניות צפויה למסלול עד 50,2026-09-30T23:38:13+00:00,https://www.os-gml.co.il/wp-content/uploads/2014/11/201602-RemunerationPolicy.xls,policy/companies/520042573/raw/520042573/77d0aa562755_201602-RemunerationPolicy.xls,מדיניות צפויה למסלול עד 50
520042573,,,520042573|מדיניות צפויה למסלול עד 50|מסלול המותאם לגילאים עד 50,מסלול המותאם לגילאים עד 50,2016,"עו""ש פר""י פק""מ**",,,5.0,+/-   5%,0.0,10.0,ריבית בנק ישראל,,מדיניות צפויה למסלול עד 50,2026-09-30T23:38:13+00:00,https://www.os-gml.co.il/wp-content/uploads/2014/11/201602-RemunerationPolicy.xls,policy/companies/520042573/raw/520042573/77d0aa562755_201602-RemunerationPolicy.xls,מדיניות צפויה למסלול עד 50
520042573,,,520042573|מדיניות צפויה למסלול עד 50|מסלול המותאם לגילאים עד 50,מסלול המותאם לגילאים עד 50,2016,"חשיפה למט""ח",fx,,20.0,+/-   6%,14.0,26.0,,,מדיניות צפויה למסלול עד 50,2026-09-30T23:38:13+00:00,https://www.os-gml.co.il/wp-content/uploads/2014/11/201602-RemunerationPolicy.xls,policy/companies/520042573/raw/520042573/77d0aa562755_201602-RemunerationPolicy.xls,מדיניות צפויה למסלול עד 50
520042573,,,520042573|מדיניות צפויה מסלול 50-60|מסלול המותאם לגילאים 50 עד 60,מסלול המותאם לגילאים 50 עד 60,2016,"מניות (תעודות סל, אופציות, קרנות נאמנות)",equity,34.16,32.0,+/-   6%,26.0,38.0,"מדד ת""א 100 - 40%                                                  MSCI AC - 60%",,מדיניות צפויה מסלול 50-60,2026-09-30T23:38:13+00:00,https://www.os-gml.co.il/wp-content/uploads/2014/11/201602-RemunerationPolicy.xls,policy/companies/520042573/raw/520042573/77d0aa562755_201602-RemunerationPolicy.xls,מדיניות צפויה מסלול 50-60
520042573,,,520042573|מדיניות צפויה מסלול 50-60|מסלול המותאם לגילאים 50 עד 60,מסלול המותאם לגילאים 50 עד 60,2016,"אג""ח ממשלתי",,22.93,25.0,+/-   5%,20.0,30.0,ממשלתי שקלי 2-5 שנים- 80%  ממשלתי צמוד 2-5 שנים - 20%,,מדיניות צפויה מסלול 50-60,2026-09-30T23:38:13+00:00,https://www.os-gml.co.il/wp-content/uploads/2014/11/201602-RemunerationPolicy.xls,policy/companies/520042573/raw/520042573/77d0aa562755_201602-RemunerationPolicy.xls,מדיניות צפויה מסלול 50-60
520042573,,,520042573|מדיניות צפויה מסלול 50-60|מסלול המותאם לגילאים 50 עד 60,מסלול המותאם לגילאים 50 עד 60,2016,"אג""ח קונצרני (קרנות נאמנות, תעודות סל)",,37.78,36.0,+/-   6%,30.0,42.0,מדד תל בונד 60 - 60% תל בונד שקלי - 20%  bloomberg us corporate 1-10 bond index 20%,,מדיניות צפויה מסלול 50-60,2026-09-30T23:38:13+00:00,https://www.os-gml.co.il/wp-content/uploads/2014/11/201602-RemunerationPolicy.xls,policy/companies/520042573/raw/520042573/77d0aa562755_201602-RemunerationPolicy.xls,מדיניות צפויה מסלול 50-60
520042573,,,520042573|מדיניות צפויה מסלול 50-60|מסלול המותאם לגילאים 50 עד 60,מסלול המותאם לגילאים 50 עד 60,2016,"אחר (קרנות השקעה פרטיות, קרנות נדלן, מכשירים מובנים)**",,0.21,4.0,+/-   5%,0.0,9.0,,,מדיניות צפויה מסלול 50-60,2026-09-30T23:38:13+00:00,https://www.os-gml.co.il/wp-content/uploads/2014/11/201602-RemunerationPolicy.xls,policy/companies/520042573/raw/520042573/77d0aa562755_201602-RemunerationPolicy.xls,מדיניות צפויה מסלול 50-60
520042573,,,520042573|מדיניות צפויה מסלול 50-60|מסלול המותאם לגילאים 50 עד 60,מסלול המותאם לגילאים 50 עד 60,2016,"עו""ש פר""י פק""מ***",,4.93,3.0,+/-   5%,0.0,8.0,ריבית בנק ישראל,,מדיניות צפויה מסלול 50-60,2026-09-30T23:38:13+00:00,https://www.os-gml.co.il/wp-content/uploads/2014/11/201602-RemunerationPolicy.xls,policy/companies/520042573/raw/520042573/77d0aa562755_201602-RemunerationPolicy.xls,מדיניות צפויה מסלול 50-60
520042573,,,520042573|מדיניות צפויה מסלול 50-60|מסלול המותאם לגילאים 50 עד 60,מסלול המותאם לגילאים 50 עד 60,2016,"חשיפה למט""ח",fx,14.77,16.0,+/-   6%,10.0,22.0,,,מדיניות צפויה מסלול 50-60,2026-09-30T23:38:13+00:00,https://www.os-gml.co.il/wp-content/uploads/2014/11/201602-RemunerationPolicy.xls,policy/companies/520042573/raw/520042573/77d0aa562755_201602-RemunerationPolicy.xls,מדיניות צפויה מסלול 50-60
520042573,,,520042573|מדיניות צפויה למסלול 60+|מסלול המותאם לגילאים 60 +,מסלול המותאם לגילאים 60 +,2016,"מניות (תעודות סל, אופציות, קרנות נאמנות)",equity,0.0,10.0,+/-   6%,4.0,16.0,"מדד ת""א 100 - 40%                                                                MSCI AC - 60%",,מדיניות צפויה למסלול 60+,2026-09-30T23:38:13+00:00,https://www.os-gml.co.il/wp-content/uploads/2014/11/201602-RemunerationPolicy.xls,policy/companies/520042573/raw/520042573/77d0aa562755_201602-RemunerationPolicy.xls,מדיניות צפויה למסלול 60+
520042573,,,520042573|מדיניות צפויה למסלול 60+|מסלול המותאם לגילאים 60 +,מסלול המותאם לגילאים 60 +,2016,"אג""ח ממשלתי",,67.78,50.0,+/-   5%,45.0,55.0,ממשלתי שקלי 2-5 שנים- 80%  ממשלתי צמוד 2-5 שנים - 20%,,מדיניות צפויה למסלול 60+,2026-09-30T23:38:13+00:00,https://www.os-gml.co.il/wp-content/uploads/2014/11/201602-RemunerationPolicy.xls,policy/companies/520042573/raw/520042573/77d0aa562755_201602-RemunerationPolicy.xls,מדיניות צפויה למסלול 60+
520042573,,,520042573|מדיניות צפויה למסלול 60+|מסלול המותאם לגילאים 60 +,מסלול המותאם לגילאים 60 +,2016,"אג""ח קונצרני (קרנות נאמנות, תעודות סל)",,24.2,31.0,+/-   6%,25.0,37.0,מדד תל בונד 60 - 60% תל בונד שקלי - 20%  bloomberg us corporate 1-10 bond index    20%,,מדיניות צפויה למסלול 60+,2026-09-30T23:38:13+00:00,https://www.os-gml.co.il/wp-content/uploads/2014/11/201602-RemunerationPolicy.xls,policy/companies/520042573/raw/520042573/77d0aa562755_201602-RemunerationPolicy.xls,מדיניות צפויה למסלול 60+
520042573,,,520042573|מדיניות צפויה למסלול 60+|מסלול המותאם לגילאים 60 +,מסלול המותאם לגילאים 60 +,2016,"אחר (קרנות השקעה פרטיות, קרנות נדלן, מכשירים מובנים)**",,0.0,2.0,+/-   5%,0.0,7.0,,,מדיניות צפויה למסלול 60+,2026-09-30T23:38:13+00:00,https://www.os-gml.co.il/wp-content/uploads/2014/11/201602-RemunerationPolicy.xls,policy/companies/520042573/raw/520042573/77d0aa562755_201602-RemunerationPolicy.xls,מדיניות צפויה למסלול 60+
520042573,,,520042573|מדיניות צפויה למסלול 60+|מסלול המותאם לגילאים 60 +,מסלול המותאם לגילאים 60 +,2016,"עו""ש פר""י פק""מ***",,8.01,7.0,+/-   5%,2.0,12.0,ריבית בנק ישראל,,מדיניות צפויה למסלול 60+,2026-09-30T23:38:13+00:00,https://www.os-gml.co.il/wp-content/uploads/2014/11/201602-RemunerationPolicy.xls,policy/companies/520042573/raw/520042573/77d0aa562755_201602-RemunerationPolicy.xls,מדיניות צפויה למסלול 60+
520042573,,,520042573|מדיניות צפויה למסלול 60+|מסלול המותאם לגילאים 60 +,מסלול המותאם לגילאים 60 +,2016,"חשיפה למט""ח",fx,0.0,8.0,+/-   6%,2.0,14.0,,,מדיניות צפויה למסלול 60+,2026-09-30T23:38:13+00:00,https://www.os-gml.co.il/wp-content/uploads/2014/11/201602-RemunerationPolicy.xls,policy/companies/520042573/raw/520042573/77d0aa562755_201602-RemunerationPolicy.xls,מדיניות צפויה למסלול 60+
520042573,,,520042573|מדיניות צפויה למסלול עד 50|מסלול המותאם לגילאים עד 50,מסלול המותאם לגילאים עד 50,2017,"מניות (תעודות סל, אופציות, קרנות נאמנות)",equity,40.53,42.0,+/-   6%,36.0,48.0,"מדד ת""א 100 - 40% MSCI AC - 60%",,מדיניות צפויה למסלול עד 50,2026-09-30T23:38:13+00:00,https://www.os-gml.co.il/wp-content/uploads/2014/11/2017-RemunerationPolicy.xls,policy/companies/520042573/raw/520042573/9873a26a795b_2017-RemunerationPolicy.xls,מדיניות צפויה למסלול עד 50
520042573,,,520042573|מדיניות צפויה למסלול עד 50|מסלול המותאם לגילאים עד 50,מסלול המותאם לגילאים עד 50,2017,"אג""ח ממשלתי",,19.94,19.0,+/-   5%,14.0,24.0,ממשלתי שקלי 2-5 שנים- 80%  ממשלתי צמוד 2-5 שנים - 20%,,מדיניות צפויה למסלול עד 50,2026-09-30T23:38:13+00:00,https://www.os-gml.co.il/wp-content/uploads/2014/11/2017-RemunerationPolicy.xls,policy/companies/520042573/raw/520042573/9873a26a795b_2017-RemunerationPolicy.xls,מדיניות צפויה למסלול עד 50
520042573,,,520042573|מדיניות צפויה למסלול עד 50|מסלול המותאם לגילאים עד 50,מסלול המותאם לגילאים עד 50,2017,"אג""ח קונצרני (קרנות נאמנות, תעודות סל)",,31.03,30.0,+/-   6%,24.0,36.0,מדד תל בונד 60 - 60% תל בונד שקלי - 20%  bloomberg us corporate 1-10 bond index 20%,,מדיניות צפויה למסלול עד 50,2026-09-30T23:38:13+00:00,https://www.os-gml.co.il/wp-content/uploads/2014/11/2017-RemunerationPolicy.xls,policy/companies/520042573/raw/520042573/9873a26a795b_2017-RemunerationPolicy.xls,מדיניות צפויה למסלול עד 50
520042573,,,520042573|מדיניות צפויה למסלול עד 50|מסלול המותאם לגילאים עד 50,מסלול המותאם לגילאים עד 50,2017,"אחר (קרנות השקעה פרטיות, קרנות נדלן, מכשירים מובנים)*",,0.0,4.0,+/-   5%,0.0,9.0,,,מדיניות צפויה למסלול עד 50,2026-09-30T23:38:13+00:00,https://www.os-gml.co.il/wp-content/uploads/2014/11/2017-RemunerationPolicy.xls,policy/companies/520042573/raw/520042573/9873a26a795b_2017-RemunerationPolicy.xls,מדיניות צפויה למסלול עד 50
520042573,,,520042573|מדיניות צפויה למסלול עד 50|מסלול המותאם לגילאים עד 50,מסלול המותאם לגילאים עד 50,2017,"עו""ש פר""י פק""מ**",,8.51,5.0,+/-   5%,0.0,10.0,ריבית בנק ישראל,,מדיניות צפויה למסלול עד 50,2026-09-30T23:38:13+00:00,https://www.os-gml.co.il/wp-content/uploads/2014/11/2017-RemunerationPolicy.xls,policy/companies/520042573/raw/520042573/9873a26a795b_2017-RemunerationPolicy.xls,מדיניות צפויה למסלול עד 50
520042573,,,520042573|מדיניות צפויה למסלול עד 50|מסלול המותאם לגילאים עד 50,מסלול המותאם לגילאים עד 50,2017,"חשיפה למט""ח",fx,22.68,20.0,+/-   6%,14.0,26.0,,,מדיניות צפויה למסלול עד 50,2026-09-30T23:38:13+00:00,https://www.os-gml.co.il/wp-content/uploads/2014/11/2017-RemunerationPolicy.xls,policy/companies/520042573/raw/520042573/9873a26a795b_2017-RemunerationPolicy.xls,מדיניות צפויה למסלול עד 50
520042573,,,520042573|מדיניות צפויה מסלול 50-60|מסלול המותאם לגילאים 50 עד 60,מסלול המותאם לגילאים 50 עד 60,2017,"מניות (תעודות סל, אופציות, קרנות נאמנות)",equity,33.59,32.0,+/-   6%,26.0,38.0,"מדד ת""א 100 - 40% MSCI AC - 60%",,מדיניות צפויה מסלול 50-60,2026-09-30T23:38:13+00:00,https://www.os-gml.co.il/wp-content/uploads/2014/11/2017-RemunerationPolicy.xls,policy/companies/520042573/raw/520042573/9873a26a795b_2017-RemunerationPolicy.xls,מדיניות צפויה מסלול 50-60
520042573,,,520042573|מדיניות צפויה מסלול 50-60|מסלול המותאם לגילאים 50 עד 60,מסלול המותאם לגילאים 50 עד 60,2017,"אג""ח ממשלתי",,21.17,23.0,+/-   5%,18.0,28.0,ממשלתי שקלי 2-5 שנים- 80%  ממשלתי צמוד 2-5 שנים - 20%,,מדיניות צפויה מסלול 50-60,2026-09-30T23:38:13+00:00,https://www.os-gml.co.il/wp-content/uploads/2014/11/2017-RemunerationPolicy.xls,policy/companies/520042573/raw/520042573/9873a26a795b_2017-RemunerationPolicy.xls,מדיניות צפויה מסלול 50-60
520042573,,,520042573|מדיניות צפויה מסלול 50-60|מסלול המותאם לגילאים 50 עד 60,מסלול המותאם לגילאים 50 עד 60,2017,"אג""ח קונצרני (קרנות נאמנות, תעודות סל)",,39.29,38.0,+/-   6%,32.0,44.0,מדד תל בונד 60 - 60% תל בונד שקלי - 20%  bloomberg us corporate 1-10 bond index 20%,,מדיניות צפויה מסלול 50-60,2026-09-30T23:38:13+00:00,https://www.os-gml.co.il/wp-content/uploads/2014/11/2017-RemunerationPolicy.xls,policy/companies/520042573/raw/520042573/9873a26a795b_2017-RemunerationPolicy.xls,מדיניות צפויה מסלול 50-60
520042573,,,520042573|מדיניות צפויה מסלול 50-60|מסלול המותאם לגילאים 50 עד 60,מסלול המותאם לגילאים 50 עד 60,2017,"אחר (קרנות השקעה פרטיות, קרנות נדלן, מכשירים מובנים)*",,0.22,4.0,+/-   5%,0.0,9.0,,,מדיניות צפויה מסלול 50-60,2026-09-30T23:38:13+00:00,https://www.os-gml.co.il/wp-content/uploads/2014/11/2017-RemunerationPolicy.xls,policy/companies/520042573/raw/520042573/9873a26a795b_2017-RemunerationPolicy.xls,מדיניות צפויה מסלול 50-60
520042573,,,520042573|מדיניות צפויה מסלול 50-60|מסלול המותאם לגילאים 50 עד 60,מסלול המותאם לגילאים 50 עד 60,2017,"עו""ש פר""י פק""מ**",,5.72,3.0,+/-   5%,0.0,8.0,ריבית בנק ישראל,,מדיניות צפויה מסלול 50-60,2026-09-30T23:38:13+00:00,https://www.os-gml.co.il/wp-content/uploads/2014/11/2017-RemunerationPolicy.xls,policy/companies/520042573/raw/520042573/9873a26a795b_2017-RemunerationPolicy.xls,מדיניות צפויה מסלול 50-60
520042573,,,520042573|מדיניות צפויה מסלול 50-60|מסלול המותאם לגילאים 50 עד 60,מסלול המותאם לגילאים 50 עד 60,2017,"חשיפה למט""ח",fx,16.78,16.0,+/-   6%,10.0,22.0,,,מדיניות צפויה מסלול 50-60,2026-09-30T23:38:13+00:00,https://www.os-gml.co.il/wp-content/uploads/2014/11/2017-RemunerationPolicy.xls,policy/companies/520042573/raw/520042573/9873a26a795b_2017-RemunerationPolicy.xls,מדיניות צפויה מסלול 50-60
520042573,,,520042573|מדיניות צפויה למסלול 60+|מסלול המותאם לגילאים 60 +,מסלול המותאם לגילאים 60 +,2017,"מניות (תעודות סל, אופציות, קרנות נאמנות)",equity,13.23,10.0,+/-   6%,4.0,16.0,"מדד ת""א 100 - 40% MSCI AC - 60%",,מדיניות צפויה למסלול 60+,2026-09-30T23:38:13+00:00,https://www.os-gml.co.il/wp-content/uploads/2014/11/2017-RemunerationPolicy.xls,policy/companies/520042573/raw/520042573/9873a26a795b_2017-RemunerationPolicy.xls,מדיניות צפויה למסלול 60+
520042573,,,520042573|מדיניות צפויה למסלול 60+|מסלול המותאם לגילאים 60 +,מסלול המותאם לגילאים 60 +,2017,"אג""ח ממשלתי",,48.4,47.0,+/-   5%,42.0,52.0,ממשלתי שקלי 2-5 שנים- 80%  ממשלתי צמוד 2-5 שנים - 20%,,מדיניות צפויה למסלול 60+,2026-09-30T23:38:13+00:00,https://www.os-gml.co.il/wp-content/uploads/2014/11/2017-RemunerationPolicy.xls,policy/companies/520042573/raw/520042573/9873a26a795b_2017-RemunerationPolicy.xls,מדיניות צפויה למסלול 60+
520042573,,,520042573|מדיניות צפויה למסלול 60+|מסלול המותאם לגילאים 60 +,מסלול המותאם לגילאים 60 +,2017,"אג""ח קונצרני (קרנות נאמנות, תעודות סל)",,34.83,34.0,+/-   6%,28.0,40.0,מדד תל בונד 60 - 60% תל בונד שקלי - 20%  bloomberg us corporate 1-10 bond index    20%,,מדיניות צפויה למסלול 60+,2026-09-30T23:38:13+00:00,https://www.os-gml.co.il/wp-content/uploads/2014/11/2017-RemunerationPolicy.xls,policy/companies/520042573/raw/520042573/9873a26a795b_2017-RemunerationPolicy.xls,מדיניות צפויה למסלול 60+
520042573,,,520042573|מדיניות צפויה למסלול 60+|מסלול המותאם לגילאים 60 +,מסלול המותאם לגילאים 60 +,2017,"אחר (קרנות השקעה פרטיות, קרנות נדלן, מכשירים מובנים)*",,0.0,2.0,+/-   5%,0.0,7.0,,,מדיניות צפויה למסלול 60+,2026-09-30T23:38:13+00:00,https://www.os-gml.co.il/wp-content/uploads/2014/11/2017-RemunerationPolicy.xls,policy/companies/520042573/raw/520042573/9873a26a795b_2017-RemunerationPolicy.xls,מדיניות צפויה למסלול 60+
520042573,,,520042573|מדיניות צפויה למסלול 60+|מסלול המותאם לגילאים 60 +,מסלול המותאם לגילאים 60 +,2017,"עו""ש פר""י פק""מ**",,3.54,7.0,+/-   5%,2.0,12.0,ריבית בנק ישראל,,מדיניות צפויה למסלול 60+,2026-09-30T23:38:13+00:00,https://www.os-gml.co.il/wp-content/uploads/2014/11/2017-RemunerationPolicy.xls,policy/companies/520042573/raw/520042573/9873a26a795b_2017-RemunerationPolicy.xls,מדיניות צפויה למסלול 60+
520042573,,,520042573|מדיניות צפויה למסלול 60+|מסלול המותאם לגילאים 60 +,מסלול המותאם לגילאים 60 +,2017,"חשיפה למט""ח",fx,8.23,8.0,+/-   6%,2.0,14.0,,,מדיניות צפויה למסלול 60+,2026-09-30T23:38:13+00:00,https://www.os-gml.co.il/wp-content/uploads/2014/11/2017-RemunerationPolicy.xls,policy/companies/520042573/raw/520042573/9873a26a795b_2017-RemunerationPolicy.xls,מדיניות צפויה למסלול 60+
520042573,,,520042573|מדיניות צפויה למסלול עד 50|מסלול המותאם לגילאים עד 50,מסלול המותאם לגילאים עד 50,2018,"מניות (תעודות סל, אופציות, קרנות נאמנות)",equity,38.83,45.0,+/-   6%,39.0,51.0,"מדד ת""א 125 - 40% MSCI AC - 60%",,מדיניות צפויה למסלול עד 50,2026-09-30T23:38:13+00:00,https://www.os-gml.co.il/wp-content/uploads/2018/01/2018-RemunerationPolicy.xls,policy/companies/520042573/raw/520042573/1aee6f8b7ba2_2018-RemunerationPolicy.xls,מדיניות צפויה למסלול עד 50
520042573,,,520042573|מדיניות צפויה למסלול עד 50|מסלול המותאם לגילאים עד 50,מסלול המותאם לגילאים עד 50,2018,"אג""ח ממשלתי",,21.61,19.0,+/-   5%,14.0,24.0,ממשלתי שקלי 2-5 שנים- 80%  ממשלתי צמוד 2-5 שנים - 20%,,מדיניות צפויה למסלול עד 50,2026-09-30T23:38:13+00:00,https://www.os-gml.co.il/wp-content/uploads/2018/01/2018-RemunerationPolicy.xls,policy/companies/520042573/raw/520042573/1aee6f8b7ba2_2018-RemunerationPolicy.xls,מדיניות צפויה למסלול עד 50
520042573,,,520042573|מדיניות צפויה למסלול עד 50|מסלול המותאם לגילאים עד 50,מסלול המותאם לגילאים עד 50,2018,"אג""ח קונצרני (קרנות נאמנות, תעודות סל)",,29.65,30.0,+/-   6%,24.0,36.0,מדד תל בונד 60 - 60% תל בונד שקלי - 20%  bloomberg us corporate 1-10 bond index 20%,,מדיניות צפויה למסלול עד 50,2026-09-30T23:38:13+00:00,https://www.os-gml.co.il/wp-content/uploads/2018/01/2018-RemunerationPolicy.xls,policy/companies/520042573/raw/520042573/1aee6f8b7ba2_2018-RemunerationPolicy.xls,מדיניות צפויה למסלול עד 50
520042573,,,520042573|מדיניות צפויה למסלול עד 50|מסלול המותאם לגילאים עד 50,מסלול המותאם לגילאים עד 50,2018,"אחר (קרנות השקעה פרטיות, קרנות נדלן, מכשירים מובנים)*",,0.0,1.0,+/-   5%,0.0,6.0,,,מדיניות צפויה למסלול עד 50,2026-09-30T23:38:13+00:00,https://www.os-gml.co.il/wp-content/uploads/2018/01/2018-RemunerationPolicy.xls,policy/companies/520042573/raw/520042573/1aee6f8b7ba2_2018-RemunerationPolicy.xls,מדיניות צפויה למסלול עד 50
520042573,,,520042573|מדיניות צפויה למסלול עד 50|מסלול המותאם לגילאים עד 50,מסלול המותאם לגילאים עד 50,2018,"עו""ש פר""י פק""מ**",,9.9,5.0,+/-   5%,0.0,10.0,ריבית בנק ישראל,,מדיניות צפויה למסלול עד 50,2026-09-30T23:38:13+00:00,https://www.os-gml.co.il/wp-content/uploads/2018/01/2018-RemunerationPolicy.xls,policy/companies/520042573/raw/520042573/1aee6f8b7ba2_2018-RemunerationPolicy.xls,מדיניות צפויה למסלול עד 50
520042573,,,520042573|מדיניות צפויה למסלול עד 50|מסלול המותאם לגילאים עד 50,מסלול המותאם לגילאים עד 50,2018,"חשיפה למט""ח",fx,17.71,20.0,+/-   6%,14.0,26.0,,,מדיניות צפויה למסלול עד 50,2026-09-30T23:38:13+00:00,https://www.os-gml.co.il/wp-content/uploads/2018/01/2018-RemunerationPolicy.xls,policy/companies/520042573/raw/520042573/1aee6f8b7ba2_2018-RemunerationPolicy.xls,מדיניות צפויה למסלול עד 50
520042573,,,520042573|מדיניות צפויה מסלול 50-60|מסלול המותאם לגילאים 50 עד 60,מסלול המותאם לגילאים 50 עד 60,2018,"מניות (תעודות סל, אופציות, קרנות נאמנות)",equity,35.66,34.0,+/-   6%,28.0,40.0,"מדד ת""א 125 - 40% MSCI AC - 60%",,מדיניות צפויה מסלול 50-60,2026-09-30T23:38:13+00:00,https://www.os-gml.co.il/wp-content/uploads/2018/01/2018-RemunerationPolicy.xls,policy/companies/520042573/raw/520042573/1aee6f8b7ba2_2018-RemunerationPolicy.xls,מדיניות צפויה מסלול 50-60
520042573,,,520042573|מדיניות צפויה מסלול 50-60|מסלול המותאם לגילאים 50 עד 60,מסלול המותאם לגילאים 50 עד 60,2018,"אג""ח ממשלתי",,21.26,22.0,+/-   5%,17.0,27.0,ממשלתי שקלי 2-5 שנים- 80%  ממשלתי צמוד 2-5 שנים - 20%,,מדיניות צפויה מסלול 50-60,2026-09-30T23:38:13+00:00,https://www.os-gml.co.il/wp-content/uploads/2018/01/2018-RemunerationPolicy.xls,policy/companies/520042573/raw/520042573/1aee6f8b7ba2_2018-RemunerationPolicy.xls,מדיניות צפויה מסלול 50-60
520042573,,,520042573|מדיניות צפויה מסלול 50-60|מסלול המותאם לגילאים 50 עד 60,מסלול המותאם לגילאים 50 עד 60,2018,"אג""ח קונצרני (קרנות נאמנות, תעודות סל)",,39.42,38.0,+/-   6%,32.0,44.0,מדד תל בונד 60 - 60% תל בונד שקלי - 20%  bloomberg us corporate 1-10 bond index 20%,,מדיניות צפויה מסלול 50-60,2026-09-30T23:38:13+00:00,https://www.os-gml.co.il/wp-content/uploads/2018/01/2018-RemunerationPolicy.xls,policy/companies/520042573/raw/520042573/1aee6f8b7ba2_2018-RemunerationPolicy.xls,מדיניות צפויה מסלול 50-60
520042573,,,520042573|מדיניות צפויה מסלול 50-60|מסלול המותאם לגילאים 50 עד 60,מסלול המותאם לגילאים 50 עד 60,2018,"אחר (קרנות השקעה פרטיות, קרנות נדלן, מכשירים מובנים)*",,1.75,3.0,+/-   5%,0.0,8.0,,,מדיניות צפויה מסלול 50-60,2026-09-30T23:38:13+00:00,https://www.os-gml.co.il/wp-content/uploads/2018/01/2018-RemunerationPolicy.xls,policy/companies/520042573/raw/520042573/1aee6f8b7ba2_2018-RemunerationPolicy.xls,מדיניות צפויה מסלול 50-60
520042573,,,520042573|מדיניות צפויה מסלול 50-60|מסלול המותאם לגילאים 50 עד 60,מסלול המותאם לגילאים 50 עד 60,2018,"עו""ש פר""י פק""מ**",,1.92,3.0,+/-   5%,0.0,8.0,ריבית בנק ישראל,,מדיניות צפויה מסלול 50-60,2026-09-30T23:38:13+00:00,https://www.os-gml.co.il/wp-content/uploads/2018/01/2018-RemunerationPolicy.xls,policy/companies/520042573/raw/520042573/1aee6f8b7ba2_2018-RemunerationPolicy.xls,מדיניות צפויה מסלול 50-60
520042573,,,520042573|מדיניות צפויה מסלול 50-60|מסלול המותאם לגילאים 50 עד 60,מסלול המותאם לגילאים 50 עד 60,2018,"חשיפה למט""ח",fx,19.57,15.0,+/-   6%,9.0,21.0,,,מדיניות צפויה מסלול 50-60,2026-09-30T23:38:13+00:00,https://www.os-gml.co.il/wp-content/uploads/2018/01/2018-RemunerationPolicy.xls,policy/companies/520042573/raw/520042573/1aee6f8b7ba2_2018-RemunerationPolicy.xls,מדיניות צפויה מסלול 50-60
520042573,,,520042573|מדיניות צפויה למסלול 60+|מסלול המותאם לגילאים 60 +,מסלול המותאם לגילאים 60 +,2018,"מניות (תעודות סל, אופציות, קרנות נאמנות)",equity,13.12,16.0,+/-   6%,10.0,22.0,"מדד ת""א 125 - 40% MSCI AC - 60%",,מדיניות צפויה למסלול 60+,2026-09-30T23:38:13+00:00,https://www.os-gml.co.il/wp-content/uploads/2018/01/2018-RemunerationPolicy.xls,policy/companies/520042573/raw/520042573/1aee6f8b7ba2_2018-RemunerationPolicy.xls,מדיניות צפויה למסלול 60+
520042573,,,520042573|מדיניות צפויה למסלול 60+|מסלול המותאם לגילאים 60 +,מסלול המותאם לגילאים 60 +,2018,"אג""ח ממשלתי",,44.82,40.0,+/-   5%,35.0,45.0,ממשלתי שקלי 2-5 שנים- 80%  ממשלתי צמוד 2-5 שנים - 20%,,מדיניות צפויה למסלול 60+,2026-09-30T23:38:13+00:00,https://www.os-gml.co.il/wp-content/uploads/2018/01/2018-RemunerationPolicy.xls,policy/companies/520042573/raw/520042573/1aee6f8b7ba2_2018-RemunerationPolicy.xls,מדיניות צפויה למסלול 60+
520042573,,,520042573|מדיניות צפויה למסלול 60+|מסלול המותאם לגילאים 60 +,מסלול המותאם לגילאים 60 +,2018,"אג""ח קונצרני (קרנות נאמנות, תעודות סל)",,34.62,37.0,+/-   6%,31.0,43.0,מדד תל בונד 60 - 60% תל בונד שקלי - 20%  bloomberg us corporate 1-10 bond index    20%,,מדיניות צפויה למסלול 60+,2026-09-30T23:38:13+00:00,https://www.os-gml.co.il/wp-content/uploads/2018/01/2018-RemunerationPolicy.xls,policy/companies/520042573/raw/520042573/1aee6f8b7ba2_2018-RemunerationPolicy.xls,מדיניות צפויה למסלול 60+
520042573,,,520042573|מדיניות צפויה למסלול 60+|מסלול המותאם לגילאים 60 +,מסלול המותאם לגילאים 60 +,2018,"אחר (קרנות השקעה פרטיות, קרנות נדלן, מכשירים מובנים)*",,0.0,1.0,+/-   5%,0.0,6.0,,,מדיניות צפויה למסלול 60+,2026-09-30T23:38:13+00:00,https://www.os-gml.co.il/wp-content/uploads/2018/01/2018-RemunerationPolicy.xls,policy/companies/520042573/raw/520042573/1aee6f8b7ba2_2018-RemunerationPolicy.xls,מדיניות צפויה למסלול 60+
520042573,,,520042573|מדיניות צפויה למסלול 60+|מסלול המותאם לגילאים 60 +,מסלול המותאם לגילאים 60 +,2018,"עו""ש פר""י פק""מ**",,7.44,6.0,+/-   5%,1.0,11.0,ריבית בנק ישראל,,מדיניות צפויה למסלול 60+,2026-09-30T23:38:13+00:00,https://www.os-gml.co.il/wp-content/uploads/2018/01/2018-RemunerationPolicy.xls,policy/companies/520042573/raw/520042573/1aee6f8b7ba2_2018-RemunerationPolicy.xls,מדיניות צפויה למסלול 60+
520042573,,,520042573|מדיניות צפויה למסלול 60+|מסלול המותאם לגילאים 60 +,מסלול המותאם לגילאים 60 +,2018,"חשיפה למט""ח",fx,8.78,8.0,+/-   6%,2.0,14.0,,,מדיניות צפויה למסלול 60+,2026-09-30T23:38:13+00:00,https://www.os-gml.co.il/wp-content/uploads/2018/01/2018-RemunerationPolicy.xls,policy/companies/520042573/raw/520042573/1aee6f8b7ba2_2018-RemunerationPolicy.xls,מדיניות צפויה למסלול 60+
520042573,,,520042573|מדיניות צפויה למסלול עד 50|מסלול המותאם לגילאים עד 50,מסלול המותאם לגילאים עד 50,2018,"מניות (תעודות סל, אופציות, קרנות נאמנות)",equity,38.83,45.0,+/-   6%,39.0,51.0,"מדד ת""א 125 - 40% MSCI AC - 60%",,מדיניות צפויה למסלול עד 50,2026-09-30T23:38:13+00:00,https://www.os-gml.co.il/wp-content/uploads/2018/01/expected-policy-2018.xls,policy/companies/520042573/raw/520042573/f80bde21590c_expected-policy-2018.xls,מדיניות צפויה למסלול עד 50
520042573,,,520042573|מדיניות צפויה למסלול עד 50|מסלול המותאם לגילאים עד 50,מסלול המותאם לגילאים עד 50,2018,"אג""ח ממשלתי",,21.61,19.0,+/-   5%,14.0,24.0,ממשלתי שקלי 2-5 שנים- 80%  ממשלתי צמוד 2-5 שנים - 20%,,מדיניות צפויה למסלול עד 50,2026-09-30T23:38:13+00:00,https://www.os-gml.co.il/wp-content/uploads/2018/01/expected-policy-2018.xls,policy/companies/520042573/raw/520042573/f80bde21590c_expected-policy-2018.xls,מדיניות צפויה למסלול עד 50
520042573,,,520042573|מדיניות צפויה למסלול עד 50|מסלול המותאם לגילאים עד 50,מסלול המותאם לגילאים עד 50,2018,"אג""ח קונצרני (קרנות נאמנות, תעודות סל)",,29.65,30.0,+/-   6%,24.0,36.0,מדד תל בונד 60 - 60% תל בונד שקלי - 20%  bloomberg us corporate 1-10 bond index 20%,,מדיניות צפויה למסלול עד 50,2026-09-30T23:38:13+00:00,https://www.os-gml.co.il/wp-content/uploads/2018/01/expected-policy-2018.xls,policy/companies/520042573/raw/520042573/f80bde21590c_expected-policy-2018.xls,מדיניות צפויה למסלול עד 50
520042573,,,520042573|מדיניות צפויה למסלול עד 50|מסלול המותאם לגילאים עד 50,מסלול המותאם לגילאים עד 50,2018,"אחר (קרנות השקעה פרטיות, קרנות נדלן, מכשירים מובנים)*",,0.0,1.0,+/-   5%,0.0,6.0,,,מדיניות צפויה למסלול עד 50,2026-09-30T23:38:13+00:00,https://www.os-gml.co.il/wp-content/uploads/2018/01/expected-policy-2018.xls,policy/companies/520042573/raw/520042573/f80bde21590c_expected-policy-2018.xls,מדיניות צפויה למסלול עד 50
520042573,,,520042573|מדיניות צפויה למסלול עד 50|מסלול המותאם לגילאים עד 50,מסלול המותאם לגילאים עד 50,2018,"עו""ש פר""י פק""מ**",,9.9,5.0,+/-   5%,0.0,10.0,ריבית בנק ישראל,,מדיניות צפויה למסלול עד 50,2026-09-30T23:38:13+00:00,https://www.os-gml.co.il/wp-content/uploads/2018/01/expected-policy-2018.xls,policy/companies/520042573/raw/520042573/f80bde21590c_expected-policy-2018.xls,מדיניות צפויה למסלול עד 50
520042573,,,520042573|מדיניות צפויה למסלול עד 50|מסלול המותאם לגילאים עד 50,מסלול המותאם לגילאים עד 50,2018,"חשיפה למט""ח",fx,17.71,20.0,+/-   6%,14.0,26.0,,,מדיניות צפויה למסלול עד 50,2026-09-30T23:38:13+00:00,https://www.os-gml.co.il/wp-content/uploads/2018/01/expected-policy-2018.xls,policy/companies/520042573/raw/520042573/f80bde21590c_expected-policy-2018.xls,מדיניות צפויה למסלול עד 50
520042573,,,520042573|מדיניות צפויה מסלול 50-60|מסלול המותאם לגילאים 50 עד 60,מסלול המותאם לגילאים 50 עד 60,2018,"מניות (תעודות סל, אופציות, קרנות נאמנות)",equity,35.66,34.0,+/-   6%,28.0,40.0,"מדד ת""א 125 - 40% MSCI AC - 60%",,מדיניות צפויה מסלול 50-60,2026-09-30T23:38:13+00:00,https://www.os-gml.co.il/wp-content/uploads/2018/01/expected-policy-2018.xls,policy/companies/520042573/raw/520042573/f80bde21590c_expected-policy-2018.xls,מדיניות צפויה מסלול 50-60
520042573,,,520042573|מדיניות צפויה מסלול 50-60|מסלול המותאם לגילאים 50 עד 60,מסלול המותאם לגילאים 50 עד 60,2018,"אג""ח ממשלתי",,21.26,22.0,+/-   5%,17.0,27.0,ממשלתי שקלי 2-5 שנים- 80%  ממשלתי צמוד 2-5 שנים - 20%,,מדיניות צפויה מסלול 50-60,2026-09-30T23:38:13+00:00,https://www.os-gml.co.il/wp-content/uploads/2018/01/expected-policy-2018.xls,policy/companies/520042573/raw/520042573/f80bde21590c_expected-policy-2018.xls,מדיניות צפויה מסלול 50-60
520042573,,,520042573|מדיניות צפויה מסלול 50-60|מסלול המותאם לגילאים 50 עד 60,מסלול המותאם לגילאים 50 עד 60,2018,"אג""ח קונצרני (קרנות נאמנות, תעודות סל)",,39.42,38.0,+/-   6%,32.0,44.0,מדד תל בונד 60 - 60% תל בונד שקלי - 20%  bloomberg us corporate 1-10 bond index 20%,,מדיניות צפויה מסלול 50-60,2026-09-30T23:38:13+00:00,https://www.os-gml.co.il/wp-content/uploads/2018/01/expected-policy-2018.xls,policy/companies/520042573/raw/520042573/f80bde21590c_expected-policy-2018.xls,מדיניות צפויה מסלול 50-60
520042573,,,520042573|מדיניות צפויה מסלול 50-60|מסלול המותאם לגילאים 50 עד 60,מסלול המותאם לגילאים 50 עד 60,2018,"אחר (קרנות השקעה פרטיות, קרנות נדלן, מכשירים מובנים)*",,1.75,3.0,+/-   5%,0.0,8.0,,,מדיניות צפויה מסלול 50-60,2026-09-30T23:38:13+00:00,https://www.os-gml.co.il/wp-content/uploads/2018/01/expected-policy-2018.xls,policy/companies/520042573/raw/520042573/f80bde21590c_expected-policy-2018.xls,מדיניות צפויה מסלול 50-60
520042573,,,520042573|מדיניות צפויה מסלול 50-60|מסלול המותאם לגילאים 50 עד 60,מסלול המותאם לגילאים 50 עד 60,2018,"עו""ש פר""י פק""מ**",,1.92,3.0,+/-   5%,0.0,8.0,ריבית בנק ישראל,,מדיניות צפויה מסלול 50-60,2026-09-30T23:38:13+00:00,https://www.os-gml.co.il/wp-content/uploads/2018/01/expected-policy-2018.xls,policy/companies/520042573/raw/520042573/f80bde21590c_expected-policy-2018.xls,מדיניות צפויה מסלול 50-60
520042573,,,520042573|מדיניות צפויה מסלול 50-60|מסלול המותאם לגילאים 50 עד 60,מסלול המותאם לגילאים 50 עד 60,2018,"חשיפה למט""ח",fx,19.57,15.0,+/-   6%,9.0,21.0,,,מדיניות צפויה מסלול 50-60,2026-09-30T23:38:13+00:00,https://www.os-gml.co.il/wp-content/uploads/2018/01/expected-policy-2018.xls,policy/companies/520042573/raw/520042573/f80bde21590c_expected-policy-2018.xls,מדיניות צפויה מסלול 50-60
520042573,,,520042573|מדיניות צפויה למסלול 60+|מסלול המותאם לגילאים 60 +,מסלול המותאם לגילאים 60 +,2018,"מניות (תעודות סל, אופציות, קרנות נאמנות)",equity,13.12,16.0,+/-   6%,10.0,22.0,"מדד ת""א 125 - 40% MSCI AC - 60%",,מדיניות צפויה למסלול 60+,2026-09-30T23:38:13+00:00,https://www.os-gml.co.il/wp-content/uploads/2018/01/expected-policy-2018.xls,policy/companies/520042573/raw/520042573/f80bde21590c_expected-policy-2018.xls,מדיניות צפויה למסלול 60+
520042573,,,520042573|מדיניות צפויה למסלול 60+|מסלול המותאם לגילאים 60 +,מסלול המותאם לגילאים 60 +,2018,"אג""ח ממשלתי",,44.82,40.0,+/-   5%,35.0,45.0,ממשלתי שקלי 2-5 שנים- 80%  ממשלתי צמוד 2-5 שנים - 20%,,מדיניות צפויה למסלול 60+,2026-09-30T23:38:13+00:00,https://www.os-gml.co.il/wp-content/uploads/2018/01/expected-policy-2018.xls,policy/companies/520042573/raw/520042573/f80bde21590c_expected-policy-2018.xls,מדיניות צפויה למסלול 60+
520042573,,,520042573|מדיניות צפויה למסלול 60+|מסלול המותאם לגילאים 60 +,מסלול המותאם לגילאים 60 +,2018,"אג""ח קונצרני (קרנות נאמנות, תעודות סל)",,34.62,37.0,+/-   6%,31.0,43.0,מדד תל בונד 60 - 60% תל בונד שקלי - 20%  bloomberg us corporate 1-10 bond index    20%,,מדיניות צפויה למסלול 60+,2026-09-30T23:38:13+00:00,https://www.os-gml.co.il/wp-content/uploads/2018/01/expected-policy-2018.xls,policy/companies/520042573/raw/520042573/f80bde21590c_expected-policy-2018.xls,מדיניות צפויה למסלול 60+
520042573,,,520042573|מדיניות צפויה למסלול 60+|מסלול המותאם לגילאים 60 +,מסלול המותאם לגילאים 60 +,2018,"אחר (קרנות השקעה פרטיות, קרנות נדלן, מכשירים מובנים)*",,0.0,1.0,+/-   5%,0.0,6.0,,,מדיניות צפויה למסלול 60+,2026-09-30T23:38:13+00:00,https://www.os-gml.co.il/wp-content/uploads/2018/01/expected-policy-2018.xls,policy/companies/520042573/raw/520042573/f80bde21590c_expected-policy-2018.xls,מדיניות צפויה למסלול 60+
520042573,,,520042573|מדיניות צפויה למסלול 60+|מסלול המותאם לגילאים 60 +,מסלול המותאם לגילאים 60 +,2018,"עו""ש פר""י פק""מ**",,7.44,6.0,+/-   5%,1.0,11.0,ריבית בנק ישראל,,מדיניות צפויה למסלול 60+,2026-09-30T23:38:13+00:00,https://www.os-gml.co.il/wp-content/uploads/2018/01/expected-policy-2018.xls,policy/companies/520042573/raw/520042573/f80bde21590c_expected-policy-2018.xls,מדיניות צפויה למסלול 60+
520042573,,,520042573|מדיניות צפויה למסלול 60+|מסלול המותאם לגילאים 60 +,מסלול המותאם לגילאים 60 +,2018,"חשיפה למט""ח",fx,8.78,8.0,+/-   6%,2.0,14.0,,,מדיניות צפויה למסלול 60+,2026-09-30T23:38:13+00:00,https://www.os-gml.co.il/wp-content/uploads/2018/01/expected-policy-2018.xls,policy/companies/520042573/raw/520042573/f80bde21590c_expected-policy-2018.xls,מדיניות צפויה למסלול 60+
520042573,,,520042573|מדיניות צפויה למסלול עד 50|מסלול המותאם לגילאים עד 50,מסלול המותאם לגילאים עד 50,2017,"מניות (תעודות סל, אופציות, קרנות נאמנות)",equity,40.53,42.0,+/-   6%,36.0,48.0,"מדד ת""א 100 - 40% MSCI AC - 60%",,מדיניות צפויה למסלול עד 50,2026-09-30T23:38:13+00:00,https://www.os-gml.co.il/wp-content/uploads/2014/11/2017-RemunerationPolicy-1.xls,policy/companies/520042573/raw/520042573/4253e0eb035f_2017-RemunerationPolicy-1.xls,מדיניות צפויה למסלול עד 50
520042573,,,520042573|מדיניות צפויה למסלול עד 50|מסלול המותאם לגילאים עד 50,מסלול המותאם לגילאים עד 50,2017,"אג""ח ממשלתי",,19.94,19.0,+/-   5%,14.0,24.0,ממשלתי שקלי 2-5 שנים- 80%  ממשלתי צמוד 2-5 שנים - 20%,,מדיניות צפויה למסלול עד 50,2026-09-30T23:38:13+00:00,https://www.os-gml.co.il/wp-content/uploads/2014/11/2017-RemunerationPolicy-1.xls,policy/companies/520042573/raw/520042573/4253e0eb035f_2017-RemunerationPolicy-1.xls,מדיניות צפויה למסלול עד 50
520042573,,,520042573|מדיניות צפויה למסלול עד 50|מסלול המותאם לגילאים עד 50,מסלול המותאם לגילאים עד 50,2017,"אג""ח קונצרני (קרנות נאמנות, תעודות סל)",,31.03,30.0,+/-   6%,24.0,36.0,מדד תל בונד 60 - 60% תל בונד שקלי - 20%  bloomberg us corporate 1-10 bond index 20%,,מדיניות צפויה למסלול עד 50,2026-09-30T23:38:13+00:00,https://www.os-gml.co.il/wp-content/uploads/2014/11/2017-RemunerationPolicy-1.xls,policy/companies/520042573/raw/520042573/4253e0eb035f_2017-RemunerationPolicy-1.xls,מדיניות צפויה למסלול עד 50
520042573,,,520042573|מדיניות צפויה למסלול עד 50|מסלול המותאם לגילאים עד 50,מסלול המותאם לגילאים עד 50,2017,"אחר (קרנות השקעה פרטיות, קרנות נדלן, מכשירים מובנים)*",,0.0,4.0,+/-   5%,0.0,9.0,,,מדיניות צפויה למסלול עד 50,2026-09-30T23:38:13+00:00,https://www.os-gml.co.il/wp-content/uploads/2014/11/2017-RemunerationPolicy-1.xls,policy/companies/520042573/raw/520042573/4253e0eb035f_2017-RemunerationPolicy-1.xls,מדיניות צפויה למסלול עד 50
520042573,,,520042573|מדיניות צפויה למסלול עד 50|מסלול המותאם לגילאים עד 50,מסלול המותאם לגילאים עד 50,2017,"עו""ש פר""י פק""מ**",,8.51,5.0,+/-   5%,0.0,10.0,ריבית בנק ישראל,,מדיניות צפויה למסלול עד 50,2026-09-30T23:38:13+00:00,https://www.os-gml.co.il/wp-content/uploads/2014/11/2017-RemunerationPolicy-1.xls,policy/companies/520042573/raw/520042573/4253e0eb035f_2017-RemunerationPolicy-1.xls,מדיניות צפויה למסלול עד 50
520042573,,,520042573|מדיניות צפויה למסלול עד 50|מסלול המותאם לגילאים עד 50,מסלול המותאם לגילאים עד 50,2017,"חשיפה למט""ח",fx,22.68,20.0,+/-   6%,14.0,26.0,,,מדיניות צפויה למסלול עד 50,2026-09-30T23:38:13+00:00,https://www.os-gml.co.il/wp-content/uploads/2014/11/2017-RemunerationPolicy-1.xls,policy/companies/520042573/raw/520042573/4253e0eb035f_2017-RemunerationPolicy-1.xls,מדיניות צפויה למסלול עד 50
520042573,,,520042573|מדיניות צפויה מסלול 50-60|מסלול המותאם לגילאים 50 עד 60,מסלול המותאם לגילאים 50 עד 60,2017,"מניות (תעודות סל, אופציות, קרנות נאמנות)",equity,33.59,32.0,+/-   6%,26.0,38.0,"מדד ת""א 100 - 40% MSCI AC - 60%",,מדיניות צפויה מסלול 50-60,2026-09-30T23:38:13+00:00,https://www.os-gml.co.il/wp-content/uploads/2014/11/2017-RemunerationPolicy-1.xls,policy/companies/520042573/raw/520042573/4253e0eb035f_2017-RemunerationPolicy-1.xls,מדיניות צפויה מסלול 50-60
520042573,,,520042573|מדיניות צפויה מסלול 50-60|מסלול המותאם לגילאים 50 עד 60,מסלול המותאם לגילאים 50 עד 60,2017,"אג""ח ממשלתי",,21.17,23.0,+/-   5%,18.0,28.0,ממשלתי שקלי 2-5 שנים- 80%  ממשלתי צמוד 2-5 שנים - 20%,,מדיניות צפויה מסלול 50-60,2026-09-30T23:38:13+00:00,https://www.os-gml.co.il/wp-content/uploads/2014/11/2017-RemunerationPolicy-1.xls,policy/companies/520042573/raw/520042573/4253e0eb035f_2017-RemunerationPolicy-1.xls,מדיניות צפויה מסלול 50-60
520042573,,,520042573|מדיניות צפויה מסלול 50-60|מסלול המותאם לגילאים 50 עד 60,מסלול המותאם לגילאים 50 עד 60,2017,"אג""ח קונצרני (קרנות נאמנות, תעודות סל)",,39.29,38.0,+/-   6%,32.0,44.0,מדד תל בונד 60 - 60% תל בונד שקלי - 20%  bloomberg us corporate 1-10 bond index 20%,,מדיניות צפויה מסלול 50-60,2026-09-30T23:38:13+00:00,https://www.os-gml.co.il/wp-content/uploads/2014/11/2017-RemunerationPolicy-1.xls,policy/companies/520042573/raw/520042573/4253e0eb035f_2017-RemunerationPolicy-1.xls,מדיניות צפויה מסלול 50-60
520042573,,,520042573|מדיניות צפויה מסלול 50-60|מסלול המותאם לגילאים 50 עד 60,מסלול המותאם לגילאים 50 עד 60,2017,"אחר (קרנות השקעה פרטיות, קרנות נדלן, מכשירים מובנים)*",,0.22,4.0,+/-   5%,0.0,9.0,,,מדיניות צפויה מסלול 50-60,2026-09-30T23:38:13+00:00,https://www.os-gml.co.il/wp-content/uploads/2014/11/2017-RemunerationPolicy-1.xls,policy/companies/520042573/raw/520042573/4253e0eb035f_2017-RemunerationPolicy-1.xls,מדיניות צפויה מסלול 50-60
520042573,,,520042573|מדיניות צפויה מסלול 50-60|מסלול המותאם לגילאים 50 עד 60,מסלול המותאם לגילאים 50 עד 60,2017,"עו""ש פר""י פק""מ**",,5.72,3.0,+/-   5%,0.0,8.0,ריבית בנק ישראל,,מדיניות צפויה מסלול 50-60,2026-09-30T23:38:13+00:00,https://www.os-gml.co.il/wp-content/uploads/2014/11/2017-RemunerationPolicy-1.xls,policy/companies/520042573/raw/520042573/4253e0eb035f_2017-RemunerationPolicy-1.xls,מדיניות צפויה מסלול 50-60
520042573,,,520042573|מדיניות צפויה מסלול 50-60|מסלול המותאם לגילאים 50 עד 60,מסלול המותאם לגילאים 50 עד 60,2017,"חשיפה למט""ח",fx,16.78,16.0,+/-   6%,10.0,22.0,,,מדיניות צפויה מסלול 50-60,2026-09-30T23:38:13+00:00,https://www.os-gml.co.il/wp-content/uploads/2014/11/2017-RemunerationPolicy-1.xls,policy/companies/520042573/raw/520042573/4253e0eb035f_2017-RemunerationPolicy-1.xls,מדיניות צפויה מסלול 50-60
520042573,,,520042573|מדיניות צפויה למסלול 60+|מסלול המותאם לגילאים 60 +,מסלול המותאם לגילאים 60 +,2017,"מניות (תעודות סל, אופציות, קרנות נאמנות)",equity,13.23,10.0,+/-   6%,4.0,16.0,"מדד ת""א 100 - 40% MSCI AC - 60%",,מדיניות צפויה למסלול 60+,2026-09-30T23:38:13+00:00,https://www.os-gml.co.il/wp-content/uploads/2014/11/2017-RemunerationPolicy-1.xls,policy/companies/520042573/raw/520042573/4253e0eb035f_2017-RemunerationPolicy-1.xls,מדיניות צפויה למסלול 60+
520042573,,,520042573|מדיניות צפויה למסלול 60+|מסלול המותאם לגילאים 60 +,מסלול המותאם לגילאים 60 +,2017,"אג""ח ממשלתי",,48.4,47.0,+/-   5%,42.0,52.0,ממשלתי שקלי 2-5 שנים- 80%  ממשלתי צמוד 2-5 שנים - 20%,,מדיניות צפויה למסלול 60+,2026-09-30T23:38:13+00:00,https://www.os-gml.co.il/wp-content/uploads/2014/11/2017-RemunerationPolicy-1.xls,policy/companies/520042573/raw/520042573/4253e0eb035f_2017-RemunerationPolicy-1.xls,מדיניות צפויה למסלול 60+
520042573,,,520042573|מדיניות צפויה למסלול 60+|מסלול המותאם לגילאים 60 +,מסלול המותאם לגילאים 60 +,2017,"אג""ח קונצרני (קרנות נאמנות, תעודות סל)",,34.83,34.0,+/-   6%,28.0,40.0,מדד תל בונד 60 - 60% תל בונד שקלי - 20%  bloomberg us corporate 1-10 bond index    20%,,מדיניות צפויה למסלול 60+,2026-09-30T23:38:13+00:00,https://www.os-gml.co.il/wp-content/uploads/2014/11/2017-RemunerationPolicy-1.xls,policy/companies/520042573/raw/520042573/4253e0eb035f_2017-RemunerationPolicy-1.xls,מדיניות צפויה למסלול 60+
520042573,,,520042573|מדיניות צפויה למסלול 60+|מסלול המותאם לגילאים 60 +,מסלול המותאם לגילאים 60 +,2017,"אחר (קרנות השקעה פרטיות, קרנות נדלן, מכשירים מובנים)*",,0.0,2.0,+/-   5%,0.0,7.0,,,מדיניות צפויה למסלול 60+,2026-09-30T23:38:13+00:00,https://www.os-gml.co.il/wp-content/uploads/2014/11/2017-RemunerationPolicy-1.xls,policy/companies/520042573/raw/520042573/4253e0eb035f_2017-RemunerationPolicy-1.xls,מדיניות צפויה למסלול 60+
520042573,,,520042573|מדיניות צפויה למסלול 60+|מסלול המותאם לגילאים 60 +,מסלול המותאם לגילאים 60 +,2017,"עו""ש פר""י פק""מ**",,3.54,7.0,+/-   5%,2.0,12.0,ריבית בנק ישראל,,מדיניות צפויה למסלול 60+,2026-09-30T23:38:13+00:00,https://www.os-gml.co.il/wp-content/uploads/2014/11/2017-RemunerationPolicy-1.xls,policy/companies/520042573/raw/520042573/4253e0eb035f_2017-RemunerationPolicy-1.xls,מדיניות צפויה למסלול 60+
520042573,,,520042573|מדיניות צפויה למסלול 60+|מסלול המותאם לגילאים 60 +,מסלול המותאם לגילאים 60 +,2017,"חשיפה למט""ח",fx,8.23,8.0,+/-   6%,2.0,14.0,,,מדיניות צפויה למסלול 60+,2026-09-30T23:38:13+00:00,https://www.os-gml.co.il/wp-content/uploads/2014/11/2017-RemunerationPolicy-1.xls,policy/companies/520042573/raw/520042573/4253e0eb035f_2017-RemunerationPolicy-1.xls,מדיניות צפויה למסלול 60+
