detected,legal_id,company,kind,page,text,href
2026-09-30T23:38:26+00:00,512008335,"קו הבריאות חברה לניהול קופות גמל בע""מ",new_page,https://www.kav-habriut.co.il/%D7%9E%D7%93%D7%99%D7%A0%D7%99%D7%95%D7%AA/%D7%9E%D7%93%D7%99%D7%A0%D7%99%D7%95%D7%AA-%D7%94%D7%A9%D7%A7%D7%A2%D7%94-%D7%A6%D7%A4%D7%95%D7%99%D7%94/,52 items,https://www.kav-habriut.co.il/%D7%9E%D7%93%D7%99%D7%A0%D7%99%D7%95%D7%AA/%D7%9E%D7%93%D7%99%D7%A0%D7%99%D7%95%D7%AA-%D7%94%D7%A9%D7%A7%D7%A2%D7%94-%D7%A6%D7%A4%D7%95%D7%99%D7%94/
2026-09-30T23:38:26+00:00,512008335,"קו הבריאות חברה לניהול קופות גמל בע""מ",new_page,https://www.kav-habriut.co.il/%d7%94%d7%a9%d7%a7%d7%a2%d7%95%d7%aa/%d7%9e%d7%93%d7%99%d7%a0%d7%99%d7%95%d7%aa-%d7%94%d7%a9%d7%a7%d7%a2%d7%94-%d7%a6%d7%a4%d7%95%d7%99%d7%94/,51 items,https://www.kav-habriut.co.il/%d7%94%d7%a9%d7%a7%d7%a2%d7%95%d7%aa/%d7%9e%d7%93%d7%99%d7%a0%d7%99%d7%95%d7%aa-%d7%94%d7%a9%d7%a7%d7%a2%d7%94-%d7%a6%d7%a4%d7%95%d7%99%d7%94/
2026-09-30T23:38:26+00:00,512008335,"קו הבריאות חברה לניהול קופות גמל בע""מ",new_page,https://www.kav-habriut.co.il/%d7%94%d7%a9%d7%a7%d7%a2%d7%95%d7%aa/%d7%9e%d7%93%d7%99%d7%a0%d7%99%d7%95%d7%aa-%d7%94%d7%a9%d7%a7%d7%a2%d7%94-%d7%a6%d7%a4%d7%95%d7%99%d7%94/2015-investmentpolicy/,21 items,https://www.kav-habriut.co.il/%d7%94%d7%a9%d7%a7%d7%a2%d7%95%d7%aa/%d7%9e%d7%93%d7%99%d7%a0%d7%99%d7%95%d7%aa-%d7%94%d7%a9%d7%a7%d7%a2%d7%94-%d7%a6%d7%a4%d7%95%d7%99%d7%94/2015-investmentpolicy/
2026-09-30T23:38:26+00:00,512008335,"קו הבריאות חברה לניהול קופות גמל בע""מ",new_page,https://www.kav-habriut.co.il/%d7%94%d7%a9%d7%a7%d7%a2%d7%95%d7%aa/%d7%9e%d7%93%d7%99%d7%a0%d7%99%d7%95%d7%aa-%d7%94%d7%a9%d7%a7%d7%a2%d7%94-%d7%a6%d7%a4%d7%95%d7%99%d7%94/2012-investmentpolicy/,21 items,https://www.kav-habriut.co.il/%d7%94%d7%a9%d7%a7%d7%a2%d7%95%d7%aa/%d7%9e%d7%93%d7%99%d7%a0%d7%99%d7%95%d7%aa-%d7%94%d7%a9%d7%a7%d7%a2%d7%94-%d7%a6%d7%a4%d7%95%d7%99%d7%94/2012-investmentpolicy/
2026-09-30T23:38:26+00:00,512008335,"קו הבריאות חברה לניהול קופות גמל בע""מ",new_page,https://www.kav-habriut.co.il/%d7%94%d7%a9%d7%a7%d7%a2%d7%95%d7%aa/%d7%9e%d7%93%d7%99%d7%a0%d7%99%d7%95%d7%aa-%d7%94%d7%a9%d7%a7%d7%a2%d7%94-%d7%a6%d7%a4%d7%95%d7%99%d7%94/2013-investmentpolicy/,21 items,https://www.kav-habriut.co.il/%d7%94%d7%a9%d7%a7%d7%a2%d7%95%d7%aa/%d7%9e%d7%93%d7%99%d7%a0%d7%99%d7%95%d7%aa-%d7%94%d7%a9%d7%a7%d7%a2%d7%94-%d7%a6%d7%a4%d7%95%d7%99%d7%94/2013-investmentpolicy/
2026-09-30T23:38:26+00:00,512008335,"קו הבריאות חברה לניהול קופות גמל בע""מ",new_page,https://www.kav-habriut.co.il/%d7%94%d7%a9%d7%a7%d7%a2%d7%95%d7%aa/%d7%9e%d7%93%d7%99%d7%a0%d7%99%d7%95%d7%aa-%d7%94%d7%a9%d7%a7%d7%a2%d7%94-%d7%a6%d7%a4%d7%95%d7%99%d7%94/2014-investmentpolicy/,21 items,https://www.kav-habriut.co.il/%d7%94%d7%a9%d7%a7%d7%a2%d7%95%d7%aa/%d7%9e%d7%93%d7%99%d7%a0%d7%99%d7%95%d7%aa-%d7%94%d7%a9%d7%a7%d7%a2%d7%94-%d7%a6%d7%a4%d7%95%d7%99%d7%94/2014-investmentpolicy/
2026-09-30T23:38:26+00:00,512008335,"קו הבריאות חברה לניהול קופות גמל בע""מ",new_page,https://www.kav-habriut.co.il/%d7%94%d7%a9%d7%a7%d7%a2%d7%95%d7%aa/%d7%9e%d7%93%d7%99%d7%a0%d7%99%d7%95%d7%aa-%d7%94%d7%a9%d7%a7%d7%a2%d7%94-%d7%a6%d7%a4%d7%95%d7%99%d7%94/2015-investmentpolicy-2/,21 items,https://www.kav-habriut.co.il/%d7%94%d7%a9%d7%a7%d7%a2%d7%95%d7%aa/%d7%9e%d7%93%d7%99%d7%a0%d7%99%d7%95%d7%aa-%d7%94%d7%a9%d7%a7%d7%a2%d7%94-%d7%a6%d7%a4%d7%95%d7%99%d7%94/2015-investmentpolicy-2/
2026-09-30T23:38:26+00:00,512008335,"קו הבריאות חברה לניהול קופות גמל בע""מ",new_page,https://www.kav-habriut.co.il/%d7%94%d7%a9%d7%a7%d7%a2%d7%95%d7%aa/%d7%9e%d7%93%d7%99%d7%a0%d7%99%d7%95%d7%aa-%d7%94%d7%a9%d7%a7%d7%a2%d7%94-%d7%a6%d7%a4%d7%95%d7%99%d7%94/2015-investmentpolicy-update/,21 items,https://www.kav-habriut.co.il/%d7%94%d7%a9%d7%a7%d7%a2%d7%95%d7%aa/%d7%9e%d7%93%d7%99%d7%a0%d7%99%d7%95%d7%aa-%d7%94%d7%a9%d7%a7%d7%a2%d7%94-%d7%a6%d7%a4%d7%95%d7%99%d7%94/2015-investmentpolicy-update/
2026-09-30T23:38:26+00:00,512008335,"קו הבריאות חברה לניהול קופות גמל בע""מ",new_page,https://www.kav-habriut.co.il/%d7%94%d7%a9%d7%a7%d7%a2%d7%95%d7%aa/%d7%9e%d7%93%d7%99%d7%a0%d7%99%d7%95%d7%aa-%d7%94%d7%a9%d7%a7%d7%a2%d7%94-%d7%a6%d7%a4%d7%95%d7%99%d7%94/2016-investmentpolicy-agah/,21 items,https://www.kav-habriut.co.il/%d7%94%d7%a9%d7%a7%d7%a2%d7%95%d7%aa/%d7%9e%d7%93%d7%99%d7%a0%d7%99%d7%95%d7%aa-%d7%94%d7%a9%d7%a7%d7%a2%d7%94-%d7%a6%d7%a4%d7%95%d7%99%d7%94/2016-investmentpolicy-agah/
2026-09-30T23:38:26+00:00,512008335,"קו הבריאות חברה לניהול קופות גמל בע""מ",new_page,https://www.kav-habriut.co.il/%d7%94%d7%a9%d7%a7%d7%a2%d7%95%d7%aa/%d7%9e%d7%93%d7%99%d7%a0%d7%99%d7%95%d7%aa-%d7%94%d7%a9%d7%a7%d7%a2%d7%94-%d7%a6%d7%a4%d7%95%d7%99%d7%94/2016-investmentpolicy/,21 items,https://www.kav-habriut.co.il/%d7%94%d7%a9%d7%a7%d7%a2%d7%95%d7%aa/%d7%9e%d7%93%d7%99%d7%a0%d7%99%d7%95%d7%aa-%d7%94%d7%a9%d7%a7%d7%a2%d7%94-%d7%a6%d7%a4%d7%95%d7%99%d7%94/2016-investmentpolicy/
2026-09-30T23:38:26+00:00,512008335,"קו הבריאות חברה לניהול קופות גמל בע""מ",new_page,https://www.kav-habriut.co.il/%d7%94%d7%a9%d7%a7%d7%a2%d7%95%d7%aa/%d7%9e%d7%93%d7%99%d7%a0%d7%99%d7%95%d7%aa-%d7%94%d7%a9%d7%a7%d7%a2%d7%94-%d7%a6%d7%a4%d7%95%d7%99%d7%94/2016-asset-model-nostock/,21 items,https://www.kav-habriut.co.il/%d7%94%d7%a9%d7%a7%d7%a2%d7%95%d7%aa/%d7%9e%d7%93%d7%99%d7%a0%d7%99%d7%95%d7%aa-%d7%94%d7%a9%d7%a7%d7%a2%d7%94-%d7%a6%d7%a4%d7%95%d7%99%d7%94/2016-asset-model-nostock/
2026-09-30T23:38:26+00:00,512008335,"קו הבריאות חברה לניהול קופות גמל בע""מ",new_page,https://www.kav-habriut.co.il/%d7%94%d7%a9%d7%a7%d7%a2%d7%95%d7%aa/%d7%9e%d7%93%d7%99%d7%a0%d7%99%d7%95%d7%aa-%d7%94%d7%a9%d7%a7%d7%a2%d7%94-%d7%a6%d7%a4%d7%95%d7%99%d7%94/2016-asset-model/,21 items,https://www.kav-habriut.co.il/%d7%94%d7%a9%d7%a7%d7%a2%d7%95%d7%aa/%d7%9e%d7%93%d7%99%d7%a0%d7%99%d7%95%d7%aa-%d7%94%d7%a9%d7%a7%d7%a2%d7%94-%d7%a6%d7%a4%d7%95%d7%99%d7%94/2016-asset-model/
2026-09-30T23:38:26+00:00,512008335,"קו הבריאות חברה לניהול קופות גמל בע""מ",new_page,https://www.kav-habriut.co.il/%d7%94%d7%a9%d7%a7%d7%a2%d7%95%d7%aa/%d7%9e%d7%93%d7%99%d7%a0%d7%99%d7%95%d7%aa-%d7%94%d7%a9%d7%a7%d7%a2%d7%94-%d7%a6%d7%a4%d7%95%d7%99%d7%94/2017-assetsmodel/,21 items,https://www.kav-habriut.co.il/%d7%94%d7%a9%d7%a7%d7%a2%d7%95%d7%aa/%d7%9e%d7%93%d7%99%d7%a0%d7%99%d7%95%d7%aa-%d7%94%d7%a9%d7%a7%d7%a2%d7%94-%d7%a6%d7%a4%d7%95%d7%99%d7%94/2017-assetsmodel/
2026-09-30T23:38:26+00:00,512008335,"קו הבריאות חברה לניהול קופות גמל בע""מ",new_page,https://www.kav-habriut.co.il/%d7%94%d7%a9%d7%a7%d7%a2%d7%95%d7%aa/%d7%9e%d7%93%d7%99%d7%a0%d7%99%d7%95%d7%aa-%d7%94%d7%a9%d7%a7%d7%a2%d7%94-%d7%a6%d7%a4%d7%95%d7%99%d7%94/investment-policy-changes2015/,21 items,https://www.kav-habriut.co.il/%d7%94%d7%a9%d7%a7%d7%a2%d7%95%d7%aa/%d7%9e%d7%93%d7%99%d7%a0%d7%99%d7%95%d7%aa-%d7%94%d7%a9%d7%a7%d7%a2%d7%94-%d7%a6%d7%a4%d7%95%d7%99%d7%94/investment-policy-changes2015/
2026-09-30T23:38:26+00:00,512008335,"קו הבריאות חברה לניהול קופות גמל בע""מ",new_page,https://www.kav-habriut.co.il/%d7%94%d7%a9%d7%a7%d7%a2%d7%95%d7%aa/%d7%9e%d7%93%d7%99%d7%a0%d7%99%d7%95%d7%aa-%d7%94%d7%a9%d7%a7%d7%a2%d7%94-%d7%a6%d7%a4%d7%95%d7%99%d7%94/investment-policy-changes2016/,21 items,https://www.kav-habriut.co.il/%d7%94%d7%a9%d7%a7%d7%a2%d7%95%d7%aa/%d7%9e%d7%93%d7%99%d7%a0%d7%99%d7%95%d7%aa-%d7%94%d7%a9%d7%a7%d7%a2%d7%94-%d7%a6%d7%a4%d7%95%d7%99%d7%94/investment-policy-changes2016/
2026-09-30T23:38:26+00:00,512008335,"קו הבריאות חברה לניהול קופות גמל בע""מ",new_page,https://www.kav-habriut.co.il/%d7%94%d7%a9%d7%a7%d7%a2%d7%95%d7%aa/%d7%9e%d7%93%d7%99%d7%a0%d7%99%d7%95%d7%aa-%d7%94%d7%a9%d7%a7%d7%a2%d7%94-%d7%a6%d7%a4%d7%95%d7%99%d7%94/investment-policy-changes2017-general/,21 items,https://www.kav-habriut.co.il/%d7%94%d7%a9%d7%a7%d7%a2%d7%95%d7%aa/%d7%9e%d7%93%d7%99%d7%a0%d7%99%d7%95%d7%aa-%d7%94%d7%a9%d7%a7%d7%a2%d7%94-%d7%a6%d7%a4%d7%95%d7%99%d7%94/investment-policy-changes2017-general/
2026-09-30T23:38:26+00:00,512008335,"קו הבריאות חברה לניהול קופות גמל בע""מ",new_page,https://www.kav-habriut.co.il/%d7%94%d7%a9%d7%a7%d7%a2%d7%95%d7%aa/%d7%9e%d7%93%d7%99%d7%a0%d7%99%d7%95%d7%aa-%d7%94%d7%a9%d7%a7%d7%a2%d7%94-%d7%a6%d7%a4%d7%95%d7%99%d7%94/investment-policy-changes2017-nostock/,21 items,https://www.kav-habriut.co.il/%d7%94%d7%a9%d7%a7%d7%a2%d7%95%d7%aa/%d7%9e%d7%93%d7%99%d7%a0%d7%99%d7%95%d7%aa-%d7%94%d7%a9%d7%a7%d7%a2%d7%94-%d7%a6%d7%a4%d7%95%d7%99%d7%94/investment-policy-changes2017-nostock/
2026-09-30T23:38:26+00:00,512008335,"קו הבריאות חברה לניהול קופות גמל בע""מ",new_page,https://www.kav-habriut.co.il/%d7%94%d7%a9%d7%a7%d7%a2%d7%95%d7%aa/%d7%9e%d7%93%d7%99%d7%a0%d7%99%d7%95%d7%aa-%d7%94%d7%a9%d7%a7%d7%a2%d7%94-%d7%a6%d7%a4%d7%95%d7%99%d7%94/expected-policy-2017/,21 items,https://www.kav-habriut.co.il/%d7%94%d7%a9%d7%a7%d7%a2%d7%95%d7%aa/%d7%9e%d7%93%d7%99%d7%a0%d7%99%d7%95%d7%aa-%d7%94%d7%a9%d7%a7%d7%a2%d7%94-%d7%a6%d7%a4%d7%95%d7%99%d7%94/expected-policy-2017/
2026-09-30T23:38:26+00:00,512008335,"קו הבריאות חברה לניהול קופות גמל בע""מ",new_page,https://www.kav-habriut.co.il/%d7%94%d7%a9%d7%a7%d7%a2%d7%95%d7%aa/%d7%9e%d7%93%d7%99%d7%a0%d7%99%d7%95%d7%aa-%d7%94%d7%a9%d7%a7%d7%a2%d7%94-%d7%a6%d7%a4%d7%95%d7%99%d7%94/expected-policy-2013/,21 items,https://www.kav-habriut.co.il/%d7%94%d7%a9%d7%a7%d7%a2%d7%95%d7%aa/%d7%9e%d7%93%d7%99%d7%a0%d7%99%d7%95%d7%aa-%d7%94%d7%a9%d7%a7%d7%a2%d7%94-%d7%a6%d7%a4%d7%95%d7%99%d7%94/expected-policy-2013/
2026-09-30T23:38:26+00:00,512008335,"קו הבריאות חברה לניהול קופות גמל בע""מ",new_page,https://www.kav-habriut.co.il/%d7%94%d7%a9%d7%a7%d7%a2%d7%95%d7%aa/%d7%9e%d7%93%d7%99%d7%a0%d7%99%d7%95%d7%aa-%d7%94%d7%a9%d7%a7%d7%a2%d7%94-%d7%a6%d7%a4%d7%95%d7%99%d7%94/expected-policy-2014/,21 items,https://www.kav-habriut.co.il/%d7%94%d7%a9%d7%a7%d7%a2%d7%95%d7%aa/%d7%9e%d7%93%d7%99%d7%a0%d7%99%d7%95%d7%aa-%d7%94%d7%a9%d7%a7%d7%a2%d7%94-%d7%a6%d7%a4%d7%95%d7%99%d7%94/expected-policy-2014/
2026-09-30T23:38:26+00:00,512008335,"קו הבריאות חברה לניהול קופות גמל בע""מ",new_page,https://www.kav-habriut.co.il/%d7%94%d7%a9%d7%a7%d7%a2%d7%95%d7%aa/%d7%9e%d7%93%d7%99%d7%a0%d7%99%d7%95%d7%aa-%d7%94%d7%a9%d7%a7%d7%a2%d7%94-%d7%a6%d7%a4%d7%95%d7%99%d7%94/expected-policy-2015/,21 items,https://www.kav-habriut.co.il/%d7%94%d7%a9%d7%a7%d7%a2%d7%95%d7%aa/%d7%9e%d7%93%d7%99%d7%a0%d7%99%d7%95%d7%aa-%d7%94%d7%a9%d7%a7%d7%a2%d7%94-%d7%a6%d7%a4%d7%95%d7%99%d7%94/expected-policy-2015/
2026-09-30T23:38:26+00:00,512008335,"קו הבריאות חברה לניהול קופות גמל בע""מ",new_page,https://www.kav-habriut.co.il/%d7%94%d7%a9%d7%a7%d7%a2%d7%95%d7%aa/%d7%9e%d7%93%d7%99%d7%a0%d7%99%d7%95%d7%aa-%d7%94%d7%a9%d7%a7%d7%a2%d7%94-%d7%a6%d7%a4%d7%95%d7%99%d7%94/expected-policy-2016/,21 items,https://www.kav-habriut.co.il/%d7%94%d7%a9%d7%a7%d7%a2%d7%95%d7%aa/%d7%9e%d7%93%d7%99%d7%a0%d7%99%d7%95%d7%aa-%d7%94%d7%a9%d7%a7%d7%a2%d7%94-%d7%a6%d7%a4%d7%95%d7%99%d7%94/expected-policy-2016/
2026-09-30T23:38:26+00:00,512008335,"קו הבריאות חברה לניהול קופות גמל בע""מ",new_page,https://www.kav-habriut.co.il/%d7%94%d7%a9%d7%a7%d7%a2%d7%95%d7%aa/%d7%9e%d7%93%d7%99%d7%a0%d7%99%d7%95%d7%aa-%d7%94%d7%a9%d7%a7%d7%a2%d7%94-%d7%a6%d7%a4%d7%95%d7%99%d7%94/expected-policy-2017-2/,21 items,https://www.kav-habriut.co.il/%d7%94%d7%a9%d7%a7%d7%a2%d7%95%d7%aa/%d7%9e%d7%93%d7%99%d7%a0%d7%99%d7%95%d7%aa-%d7%94%d7%a9%d7%a7%d7%a2%d7%94-%d7%a6%d7%a4%d7%95%d7%99%d7%94/expected-policy-2017-2/
2026-09-30T23:38:26+00:00,512008335,"קו הבריאות חברה לניהול קופות גמל בע""מ",new_page,https://www.kav-habriut.co.il/%d7%94%d7%a9%d7%a7%d7%a2%d7%95%d7%aa/%d7%9e%d7%93%d7%99%d7%a0%d7%99%d7%95%d7%aa-%d7%94%d7%a9%d7%a7%d7%a2%d7%94-%d7%a6%d7%a4%d7%95%d7%99%d7%94/expected-policy-2012/,21 items,https://www.kav-habriut.co.il/%d7%94%d7%a9%d7%a7%d7%a2%d7%95%d7%aa/%d7%9e%d7%93%d7%99%d7%a0%d7%99%d7%95%d7%aa-%d7%94%d7%a9%d7%a7%d7%a2%d7%94-%d7%a6%d7%a4%d7%95%d7%99%d7%94/expected-policy-2012/
2026-09-30T23:38:26+00:00,512008335,"קו הבריאות חברה לניהול קופות גמל בע""מ",new_page,https://www.kav-habriut.co.il/%d7%94%d7%a9%d7%a7%d7%a2%d7%95%d7%aa/%d7%9e%d7%93%d7%99%d7%a0%d7%99%d7%95%d7%aa-%d7%94%d7%a9%d7%a7%d7%a2%d7%94-%d7%a6%d7%a4%d7%95%d7%99%d7%94/expected-policy-2011/,21 items,https://www.kav-habriut.co.il/%d7%94%d7%a9%d7%a7%d7%a2%d7%95%d7%aa/%d7%9e%d7%93%d7%99%d7%a0%d7%99%d7%95%d7%aa-%d7%94%d7%a9%d7%a7%d7%a2%d7%94-%d7%a6%d7%a4%d7%95%d7%99%d7%94/expected-policy-2011/
2026-09-30T23:38:26+00:00,512008335,"קו הבריאות חברה לניהול קופות גמל בע""מ",new_page,https://www.kav-habriut.co.il/%d7%94%d7%a9%d7%a7%d7%a2%d7%95%d7%aa/%d7%9e%d7%93%d7%99%d7%a0%d7%99%d7%95%d7%aa-%d7%94%d7%a9%d7%a7%d7%a2%d7%94-%d7%a6%d7%a4%d7%95%d7%99%d7%94/58_%d7%9e%d7%93%d7%99%d7%a0%d7%99%d7%95%d7%aa_2018_%d7%97%d7%aa%d7%95%d7%9d/,22 items,https://www.kav-habriut.co.il/%d7%94%d7%a9%d7%a7%d7%a2%d7%95%d7%aa/%d7%9e%d7%93%d7%99%d7%a0%d7%99%d7%95%d7%aa-%d7%94%d7%a9%d7%a7%d7%a2%d7%94-%d7%a6%d7%a4%d7%95%d7%99%d7%94/58_%d7%9e%d7%93%d7%99%d7%a0%d7%99%d7%95%d7%aa_2018_%d7%97%d7%aa%d7%95%d7%9d/
2026-09-30T23:38:26+00:00,512008335,"קו הבריאות חברה לניהול קופות גמל בע""מ",new_page,https://www.kav-habriut.co.il,18 items,https://www.kav-habriut.co.il
2026-09-30T23:38:26+00:00,512008335,"קו הבריאות חברה לניהול קופות גמל בע""מ",new_page,https://www.kav-habriut.co.il/%d7%a9%d7%99%d7%a8%d7%95%d7%aa-%d7%9c%d7%a7%d7%95%d7%97%d7%95%d7%aa/%d7%9e%d7%a9%d7%95%d7%95%d7%a7-%d7%a4%d7%a0%d7%a1%d7%99%d7%95%d7%a0%d7%99/,18 items,https://www.kav-habriut.co.il/%d7%a9%d7%99%d7%a8%d7%95%d7%aa-%d7%9c%d7%a7%d7%95%d7%97%d7%95%d7%aa/%d7%9e%d7%a9%d7%95%d7%95%d7%a7-%d7%a4%d7%a0%d7%a1%d7%99%d7%95%d7%a0%d7%99/
2026-09-30T23:38:26+00:00,512008335,"קו הבריאות חברה לניהול קופות גמל בע""מ",new_page,https://www.kav-habriut.co.il/%d7%94%d7%a9%d7%a7%d7%a2%d7%95%d7%aa/,18 items,https://www.kav-habriut.co.il/%d7%94%d7%a9%d7%a7%d7%a2%d7%95%d7%aa/
2026-09-30T23:38:26+00:00,512008335,"קו הבריאות חברה לניהול קופות גמל בע""מ",new_page,https://www.kav-habriut.co.il/%d7%94%d7%a9%d7%a7%d7%a2%d7%95%d7%aa/%d7%94%d7%a8%d7%9b%d7%91-%d7%a0%d7%9b%d7%a1%d7%99%d7%9d-%d7%93%d7%9e%d7%99-%d7%a0%d7%99%d7%94%d7%95%d7%9c-%d7%aa%d7%a9%d7%95%d7%90%d7%95%d7%aa/,22 items,https://www.kav-habriut.co.il/%d7%94%d7%a9%d7%a7%d7%a2%d7%95%d7%aa/%d7%94%d7%a8%d7%9b%d7%91-%d7%a0%d7%9b%d7%a1%d7%99%d7%9d-%d7%93%d7%9e%d7%99-%d7%a0%d7%99%d7%94%d7%95%d7%9c-%d7%aa%d7%a9%d7%95%d7%90%d7%95%d7%aa/
2026-09-30T23:38:26+00:00,512008335,"קו הבריאות חברה לניהול קופות גמל בע""מ",new_page,https://www.kav-habriut.co.il/%d7%94%d7%a9%d7%a7%d7%a2%d7%95%d7%aa/%d7%a8%d7%a9%d7%99%d7%9e%d7%aa-%d7%a0%d7%9b%d7%a1%d7%99%d7%9d-%d7%a8%d7%91%d7%a2%d7%95%d7%a0%d7%99%d7%aa/,258 items,https://www.kav-habriut.co.il/%d7%94%d7%a9%d7%a7%d7%a2%d7%95%d7%aa/%d7%a8%d7%a9%d7%99%d7%9e%d7%aa-%d7%a0%d7%9b%d7%a1%d7%99%d7%9d-%d7%a8%d7%91%d7%a2%d7%95%d7%a0%d7%99%d7%aa/
2026-09-30T23:38:26+00:00,512008335,"קו הבריאות חברה לניהול קופות גמל בע""מ",new_page,https://www.kav-habriut.co.il/%d7%94%d7%a9%d7%a7%d7%a2%d7%95%d7%aa/%d7%a4%d7%a8%d7%a1%d7%95%d7%9d-%d7%9e%d7%a8%d7%9b%d7%99%d7%91%d7%99-%d7%aa%d7%a9%d7%95%d7%90%d7%94/,237 items,https://www.kav-habriut.co.il/%d7%94%d7%a9%d7%a7%d7%a2%d7%95%d7%aa/%d7%a4%d7%a8%d7%a1%d7%95%d7%9d-%d7%9e%d7%a8%d7%9b%d7%99%d7%91%d7%99-%d7%aa%d7%a9%d7%95%d7%90%d7%94/
2026-09-30T23:38:26+00:00,512008335,"קו הבריאות חברה לניהול קופות גמל בע""מ",new_page,https://www.kav-habriut.co.il/%d7%94%d7%a9%d7%a7%d7%a2%d7%95%d7%aa/%d7%94%d7%95%d7%a6%d7%90%d7%95%d7%aa-%d7%99%d7%a9%d7%99%d7%a8%d7%95%d7%aa/,43 items,https://www.kav-habriut.co.il/%d7%94%d7%a9%d7%a7%d7%a2%d7%95%d7%aa/%d7%94%d7%95%d7%a6%d7%90%d7%95%d7%aa-%d7%99%d7%a9%d7%99%d7%a8%d7%95%d7%aa/
2026-09-30T23:38:26+00:00,512008335,"קו הבריאות חברה לניהול קופות גמל בע""מ",new_page,https://www.kav-habriut.co.il/%d7%94%d7%a9%d7%a7%d7%a2%d7%95%d7%aa/%d7%94%d7%a6%d7%91%d7%a2%d7%95%d7%aa-%d7%91%d7%90%d7%a1%d7%99%d7%a4%d7%95%d7%aa/,37 items,https://www.kav-habriut.co.il/%d7%94%d7%a9%d7%a7%d7%a2%d7%95%d7%aa/%d7%94%d7%a6%d7%91%d7%a2%d7%95%d7%aa-%d7%91%d7%90%d7%a1%d7%99%d7%a4%d7%95%d7%aa/
2026-09-30T23:38:26+00:00,512008335,"קו הבריאות חברה לניהול קופות גמל בע""מ",new_page,https://www.kav-habriut.co.il/%d7%94%d7%a9%d7%a7%d7%a2%d7%95%d7%aa/%d7%a6%d7%93%d7%93%d7%99%d7%9d-%d7%a7%d7%a9%d7%95%d7%a8%d7%99%d7%9d/,46 items,https://www.kav-habriut.co.il/%d7%94%d7%a9%d7%a7%d7%a2%d7%95%d7%aa/%d7%a6%d7%93%d7%93%d7%99%d7%9d-%d7%a7%d7%a9%d7%95%d7%a8%d7%99%d7%9d/
2026-09-30T23:38:26+00:00,512008335,"קו הבריאות חברה לניהול קופות גמל בע""מ",new_page,https://www.kav-habriut.co.il/%d7%94%d7%a9%d7%a7%d7%a2%d7%95%d7%aa/%d7%94%d7%a2%d7%91%d7%a8%d7%aa-%d7%96%d7%9b%d7%95%d7%99%d7%95%d7%aa-%d7%a9%d7%9c%d7%90-%d7%91%d7%9e%d7%96%d7%95%d7%9e%d7%9f/,18 items,https://www.kav-habriut.co.il/%d7%94%d7%a9%d7%a7%d7%a2%d7%95%d7%aa/%d7%94%d7%a2%d7%91%d7%a8%d7%aa-%d7%96%d7%9b%d7%95%d7%99%d7%95%d7%aa-%d7%a9%d7%9c%d7%90-%d7%91%d7%9e%d7%96%d7%95%d7%9e%d7%9f/
2026-10-01T10:54:54+00:00,512008335,"קו הבריאות חברה לניהול קופות גמל בע""מ",text_changed,https://www.kav-habriut.co.il/%D7%9E%D7%93%D7%99%D7%A0%D7%99%D7%95%D7%AA/%D7%9E%D7%93%D7%99%D7%A0%D7%99%D7%95%D7%AA-%D7%94%D7%A9%D7%A7%D7%A2%D7%94-%D7%A6%D7%A4%D7%95%D7%99%D7%94/,הורד -> (html),https://www.kav-habriut.co.il/wp-content/uploads/2026/01/מדיניות_צפויה_2026-סופי.pdf
2026-10-01T10:54:54+00:00,512008335,"קו הבריאות חברה לניהול קופות גמל בע""מ",text_changed,https://www.kav-habriut.co.il/%D7%9E%D7%93%D7%99%D7%A0%D7%99%D7%95%D7%AA/%D7%9E%D7%93%D7%99%D7%A0%D7%99%D7%95%D7%AA-%D7%94%D7%A9%D7%A7%D7%A2%D7%94-%D7%A6%D7%A4%D7%95%D7%99%D7%94/,הורד -> (html),https://www.kav-habriut.co.il/wp-content/uploads/2025/01/מדיניות_2025_לאתר-2.pdf
2026-10-01T10:54:54+00:00,512008335,"קו הבריאות חברה לניהול קופות גמל בע""מ",text_changed,https://www.kav-habriut.co.il/%D7%9E%D7%93%D7%99%D7%A0%D7%99%D7%95%D7%AA/%D7%9E%D7%93%D7%99%D7%A0%D7%99%D7%95%D7%AA-%D7%94%D7%A9%D7%A7%D7%A2%D7%94-%D7%A6%D7%A4%D7%95%D7%99%D7%94/,הורד -> (html),https://www.kav-habriut.co.il/wp-content/uploads/2024/01/פרסום_לאתר__2024.pdf
2026-10-01T10:54:54+00:00,512008335,"קו הבריאות חברה לניהול קופות גמל בע""מ",text_changed,https://www.kav-habriut.co.il/%D7%9E%D7%93%D7%99%D7%A0%D7%99%D7%95%D7%AA/%D7%9E%D7%93%D7%99%D7%A0%D7%99%D7%95%D7%AA-%D7%94%D7%A9%D7%A7%D7%A2%D7%94-%D7%A6%D7%A4%D7%95%D7%99%D7%94/,הורד -> (html),https://www.kav-habriut.co.il/wp-content/uploads/2023/06/מדיניות_2023_מעודכן_מאי_לאתר.pdf
2026-10-01T10:54:54+00:00,512008335,"קו הבריאות חברה לניהול קופות גמל בע""מ",text_changed,https://www.kav-habriut.co.il/%D7%9E%D7%93%D7%99%D7%A0%D7%99%D7%95%D7%AA/%D7%9E%D7%93%D7%99%D7%A0%D7%99%D7%95%D7%AA-%D7%94%D7%A9%D7%A7%D7%A2%D7%94-%D7%A6%D7%A4%D7%95%D7%99%D7%94/,הורד -> (html),https://www.kav-habriut.co.il/wp-content/uploads/2023/05/מדיניות_לאתר_2023.pdf
2026-10-01T10:54:54+00:00,512008335,"קו הבריאות חברה לניהול קופות גמל בע""מ",text_changed,https://www.kav-habriut.co.il/%D7%9E%D7%93%D7%99%D7%A0%D7%99%D7%95%D7%AA/%D7%9E%D7%93%D7%99%D7%A0%D7%99%D7%95%D7%AA-%D7%94%D7%A9%D7%A7%D7%A2%D7%94-%D7%A6%D7%A4%D7%95%D7%99%D7%94/,הורד -> (html),https://www.kav-habriut.co.il/wp-content/uploads/2022/01/מדיניות_השקעה_צפויה_2022.pdf
2026-10-01T10:54:54+00:00,512008335,"קו הבריאות חברה לניהול קופות גמל בע""מ",text_changed,https://www.kav-habriut.co.il/%D7%9E%D7%93%D7%99%D7%A0%D7%99%D7%95%D7%AA/%D7%9E%D7%93%D7%99%D7%A0%D7%99%D7%95%D7%AA-%D7%94%D7%A9%D7%A7%D7%A2%D7%94-%D7%A6%D7%A4%D7%95%D7%99%D7%94/,הורד -> (html),https://www.kav-habriut.co.il/wp-content/uploads/2021/10/מדיניות_לחתימה_סופי_מעודכן_אוק_21.xls
2026-10-01T10:54:54+00:00,512008335,"קו הבריאות חברה לניהול קופות גמל בע""מ",text_changed,https://www.kav-habriut.co.il/%D7%9E%D7%93%D7%99%D7%A0%D7%99%D7%95%D7%AA/%D7%9E%D7%93%D7%99%D7%A0%D7%99%D7%95%D7%AA-%D7%94%D7%A9%D7%A7%D7%A2%D7%94-%D7%A6%D7%A4%D7%95%D7%99%D7%94/,הורד -> (html),https://www.kav-habriut.co.il/wp-content/uploads/2021/05/מדיניות_מאי_21_לאתר.pdf
2026-10-01T10:54:54+00:00,512008335,"קו הבריאות חברה לניהול קופות גמל בע""מ",text_changed,https://www.kav-habriut.co.il/%D7%9E%D7%93%D7%99%D7%A0%D7%99%D7%95%D7%AA/%D7%9E%D7%93%D7%99%D7%A0%D7%99%D7%95%D7%AA-%D7%94%D7%A9%D7%A7%D7%A2%D7%94-%D7%A6%D7%A4%D7%95%D7%99%D7%94/,הורד -> (html),https://www.kav-habriut.co.il/wp-content/uploads/2021/04/6-4-2021_16_26_04.pdf
2026-10-01T10:54:54+00:00,512008335,"קו הבריאות חברה לניהול קופות גמל בע""מ",text_changed,https://www.kav-habriut.co.il/%D7%9E%D7%93%D7%99%D7%A0%D7%99%D7%95%D7%AA/%D7%9E%D7%93%D7%99%D7%A0%D7%99%D7%95%D7%AA-%D7%94%D7%A9%D7%A7%D7%A2%D7%94-%D7%A6%D7%A4%D7%95%D7%99%D7%94/,הורד -> (html),https://www.kav-habriut.co.il/wp-content/uploads/2021/03/מדיניות_2021.pdf
2026-10-01T10:54:54+00:00,512008335,"קו הבריאות חברה לניהול קופות גמל בע""מ",text_changed,https://www.kav-habriut.co.il/%D7%9E%D7%93%D7%99%D7%A0%D7%99%D7%95%D7%AA/%D7%9E%D7%93%D7%99%D7%A0%D7%99%D7%95%D7%AA-%D7%94%D7%A9%D7%A7%D7%A2%D7%94-%D7%A6%D7%A4%D7%95%D7%99%D7%94/,הורד -> (html),https://www.kav-habriut.co.il/wp-content/uploads/2020/01/מדיניות-2020.pdf
2026-10-01T10:54:54+00:00,512008335,"קו הבריאות חברה לניהול קופות גמל בע""מ",text_changed,https://www.kav-habriut.co.il/%D7%9E%D7%93%D7%99%D7%A0%D7%99%D7%95%D7%AA/%D7%9E%D7%93%D7%99%D7%A0%D7%99%D7%95%D7%AA-%D7%94%D7%A9%D7%A7%D7%A2%D7%94-%D7%A6%D7%A4%D7%95%D7%99%D7%94/,הורד -> (html),https://www.kav-habriut.co.il/wp-content/uploads/2019/01/מדיניות-השקעה-2019.pdf
2026-10-01T10:54:54+00:00,512008335,"קו הבריאות חברה לניהול קופות גמל בע""מ",text_changed,https://www.kav-habriut.co.il/%D7%9E%D7%93%D7%99%D7%A0%D7%99%D7%95%D7%AA/%D7%9E%D7%93%D7%99%D7%A0%D7%99%D7%95%D7%AA-%D7%94%D7%A9%D7%A7%D7%A2%D7%94-%D7%A6%D7%A4%D7%95%D7%99%D7%94/,מדיניות השקעות צפויה 2018 -> (html),https://www.kav-habriut.co.il/wp-content/uploads/2018/03/58_מדיניות_2018_חתום-1.pdf
2026-10-01T10:54:54+00:00,512008335,"קו הבריאות חברה לניהול קופות גמל בע""מ",text_changed,https://www.kav-habriut.co.il/%D7%9E%D7%93%D7%99%D7%A0%D7%99%D7%95%D7%AA/%D7%9E%D7%93%D7%99%D7%A0%D7%99%D7%95%D7%AA-%D7%94%D7%A9%D7%A7%D7%A2%D7%94-%D7%A6%D7%A4%D7%95%D7%99%D7%94/,שינויים במדיניות ההשקעה לשנת 2016 -> (html),https://www.kav-habriut.co.il/wp-content/uploads/2018/08/2018-policy-changes.xls
2026-10-01T10:54:54+00:00,512008335,"קו הבריאות חברה לניהול קופות גמל בע""מ",text_changed,https://www.kav-habriut.co.il/%D7%9E%D7%93%D7%99%D7%A0%D7%99%D7%95%D7%AA/%D7%9E%D7%93%D7%99%D7%A0%D7%99%D7%95%D7%AA-%D7%94%D7%A9%D7%A7%D7%A2%D7%94-%D7%A6%D7%A4%D7%95%D7%99%D7%94/,מדיניות השקעות צפויה 2017 -> (html),https://www.kav-habriut.co.il/wp-content/uploads/2017/12/expected-policy-2017.pdf
2026-10-01T10:54:54+00:00,512008335,"קו הבריאות חברה לניהול קופות גמל בע""מ",text_changed,https://www.kav-habriut.co.il/%D7%9E%D7%93%D7%99%D7%A0%D7%99%D7%95%D7%AA/%D7%9E%D7%93%D7%99%D7%A0%D7%99%D7%95%D7%AA-%D7%94%D7%A9%D7%A7%D7%A2%D7%94-%D7%A6%D7%A4%D7%95%D7%99%D7%94/,מדיניות השקעות צפויה 2016 -> (html),https://www.kav-habriut.co.il/wp-content/uploads/2017/12/expected-policy-2016.pdf
2026-10-01T10:54:54+00:00,512008335,"קו הבריאות חברה לניהול קופות גמל בע""מ",text_changed,https://www.kav-habriut.co.il/%D7%9E%D7%93%D7%99%D7%A0%D7%99%D7%95%D7%AA/%D7%9E%D7%93%D7%99%D7%A0%D7%99%D7%95%D7%AA-%D7%94%D7%A9%D7%A7%D7%A2%D7%94-%D7%A6%D7%A4%D7%95%D7%99%D7%94/,מדיניות השקעות צפויה 2015 -> (html),https://www.kav-habriut.co.il/wp-content/uploads/2017/12/expected-policy-2015.xls
2026-10-01T10:54:54+00:00,512008335,"קו הבריאות חברה לניהול קופות גמל בע""מ",text_changed,https://www.kav-habriut.co.il/%D7%9E%D7%93%D7%99%D7%A0%D7%99%D7%95%D7%AA/%D7%9E%D7%93%D7%99%D7%A0%D7%99%D7%95%D7%AA-%D7%94%D7%A9%D7%A7%D7%A2%D7%94-%D7%A6%D7%A4%D7%95%D7%99%D7%94/,מדיניות השקעות צפויה 2014 -> (html),https://www.kav-habriut.co.il/wp-content/uploads/2017/12/expected-policy-2014.pdf
2026-10-01T10:54:54+00:00,512008335,"קו הבריאות חברה לניהול קופות גמל בע""מ",text_changed,https://www.kav-habriut.co.il/%D7%9E%D7%93%D7%99%D7%A0%D7%99%D7%95%D7%AA/%D7%9E%D7%93%D7%99%D7%A0%D7%99%D7%95%D7%AA-%D7%94%D7%A9%D7%A7%D7%A2%D7%94-%D7%A6%D7%A4%D7%95%D7%99%D7%94/,מדיניות השקעות צפויה 2013 -> (html),https://www.kav-habriut.co.il/wp-content/uploads/2017/12/expected-policy-2013.pdf
2026-10-01T10:54:54+00:00,512008335,"קו הבריאות חברה לניהול קופות גמל בע""מ",text_changed,https://www.kav-habriut.co.il/%D7%9E%D7%93%D7%99%D7%A0%D7%99%D7%95%D7%AA/%D7%9E%D7%93%D7%99%D7%A0%D7%99%D7%95%D7%AA-%D7%94%D7%A9%D7%A7%D7%A2%D7%94-%D7%A6%D7%A4%D7%95%D7%99%D7%94/,מדיניות השקעות צפויה 2012 -> (html),https://www.kav-habriut.co.il/wp-content/uploads/2017/12/expected-policy-2012.pdf
2026-10-01T10:54:54+00:00,512008335,"קו הבריאות חברה לניהול קופות גמל בע""מ",text_changed,https://www.kav-habriut.co.il/%D7%9E%D7%93%D7%99%D7%A0%D7%99%D7%95%D7%AA/%D7%9E%D7%93%D7%99%D7%A0%D7%99%D7%95%D7%AA-%D7%94%D7%A9%D7%A7%D7%A2%D7%94-%D7%A6%D7%A4%D7%95%D7%99%D7%94/,מדיניות השקעות צפויה 2011 -> (html),https://www.kav-habriut.co.il/wp-content/uploads/2017/12/expected-policy-2011.pdf
2026-10-01T10:54:54+00:00,512008335,"קו הבריאות חברה לניהול קופות גמל בע""מ",text_changed,https://www.kav-habriut.co.il/%D7%9E%D7%93%D7%99%D7%A0%D7%99%D7%95%D7%AA/%D7%9E%D7%93%D7%99%D7%A0%D7%99%D7%95%D7%AA-%D7%94%D7%A9%D7%A7%D7%A2%D7%94-%D7%A6%D7%A4%D7%95%D7%99%D7%94/," -> לדלג לתוכן כניסה לחשבונךעמוד הביתאודות החברהמבנה החברההודעות לעמיתיםצור קשרתנאי שימוש באתרמדיניות הפרטיותפורטל מעסיקים מדיניות השקעה צפויה, מגבלת עמלת ניהול חיצוני ושיעור עלות צפויה שיעור עלות שנתית צ",https://www.kav-habriut.co.il/%d7%94%d7%a9%d7%a7%d7%a2%d7%95%d7%aa/%d7%9e%d7%93%d7%99%d7%a0%d7%99%d7%95%d7%aa-%d7%94%d7%a9%d7%a7%d7%a2%d7%94-%d7%a6%d7%a4%d7%95%d7%99%d7%94/
2026-10-01T10:54:54+00:00,512008335,"קו הבריאות חברה לניהול קופות גמל בע""מ",text_changed,https://www.kav-habriut.co.il/%d7%94%d7%a9%d7%a7%d7%a2%d7%95%d7%aa/%d7%9e%d7%93%d7%99%d7%a0%d7%99%d7%95%d7%aa-%d7%94%d7%a9%d7%a7%d7%a2%d7%94-%d7%a6%d7%a4%d7%95%d7%99%d7%94/,הורד -> (html),https://www.kav-habriut.co.il/wp-content/uploads/2026/01/מדיניות_צפויה_2026-סופי.pdf
2026-10-01T10:54:54+00:00,512008335,"קו הבריאות חברה לניהול קופות גמל בע""מ",text_changed,https://www.kav-habriut.co.il/%d7%94%d7%a9%d7%a7%d7%a2%d7%95%d7%aa/%d7%9e%d7%93%d7%99%d7%a0%d7%99%d7%95%d7%aa-%d7%94%d7%a9%d7%a7%d7%a2%d7%94-%d7%a6%d7%a4%d7%95%d7%99%d7%94/,הורד -> (html),https://www.kav-habriut.co.il/wp-content/uploads/2025/01/מדיניות_2025_לאתר-2.pdf
2026-10-01T10:54:54+00:00,512008335,"קו הבריאות חברה לניהול קופות גמל בע""מ",text_changed,https://www.kav-habriut.co.il/%d7%94%d7%a9%d7%a7%d7%a2%d7%95%d7%aa/%d7%9e%d7%93%d7%99%d7%a0%d7%99%d7%95%d7%aa-%d7%94%d7%a9%d7%a7%d7%a2%d7%94-%d7%a6%d7%a4%d7%95%d7%99%d7%94/,הורד -> (html),https://www.kav-habriut.co.il/wp-content/uploads/2024/01/פרסום_לאתר__2024.pdf
2026-10-01T10:54:54+00:00,512008335,"קו הבריאות חברה לניהול קופות גמל בע""מ",text_changed,https://www.kav-habriut.co.il/%d7%94%d7%a9%d7%a7%d7%a2%d7%95%d7%aa/%d7%9e%d7%93%d7%99%d7%a0%d7%99%d7%95%d7%aa-%d7%94%d7%a9%d7%a7%d7%a2%d7%94-%d7%a6%d7%a4%d7%95%d7%99%d7%94/,הורד -> (html),https://www.kav-habriut.co.il/wp-content/uploads/2023/06/מדיניות_2023_מעודכן_מאי_לאתר.pdf
2026-10-01T10:54:54+00:00,512008335,"קו הבריאות חברה לניהול קופות גמל בע""מ",text_changed,https://www.kav-habriut.co.il/%d7%94%d7%a9%d7%a7%d7%a2%d7%95%d7%aa/%d7%9e%d7%93%d7%99%d7%a0%d7%99%d7%95%d7%aa-%d7%94%d7%a9%d7%a7%d7%a2%d7%94-%d7%a6%d7%a4%d7%95%d7%99%d7%94/,הורד -> (html),https://www.kav-habriut.co.il/wp-content/uploads/2023/05/מדיניות_לאתר_2023.pdf
2026-10-01T10:54:54+00:00,512008335,"קו הבריאות חברה לניהול קופות גמל בע""מ",text_changed,https://www.kav-habriut.co.il/%d7%94%d7%a9%d7%a7%d7%a2%d7%95%d7%aa/%d7%9e%d7%93%d7%99%d7%a0%d7%99%d7%95%d7%aa-%d7%94%d7%a9%d7%a7%d7%a2%d7%94-%d7%a6%d7%a4%d7%95%d7%99%d7%94/,הורד -> (html),https://www.kav-habriut.co.il/wp-content/uploads/2022/01/מדיניות_השקעה_צפויה_2022.pdf
2026-10-01T10:54:54+00:00,512008335,"קו הבריאות חברה לניהול קופות גמל בע""מ",text_changed,https://www.kav-habriut.co.il/%d7%94%d7%a9%d7%a7%d7%a2%d7%95%d7%aa/%d7%9e%d7%93%d7%99%d7%a0%d7%99%d7%95%d7%aa-%d7%94%d7%a9%d7%a7%d7%a2%d7%94-%d7%a6%d7%a4%d7%95%d7%99%d7%94/,הורד -> (html),https://www.kav-habriut.co.il/wp-content/uploads/2021/10/מדיניות_לחתימה_סופי_מעודכן_אוק_21.xls
2026-10-01T10:54:54+00:00,512008335,"קו הבריאות חברה לניהול קופות גמל בע""מ",text_changed,https://www.kav-habriut.co.il/%d7%94%d7%a9%d7%a7%d7%a2%d7%95%d7%aa/%d7%9e%d7%93%d7%99%d7%a0%d7%99%d7%95%d7%aa-%d7%94%d7%a9%d7%a7%d7%a2%d7%94-%d7%a6%d7%a4%d7%95%d7%99%d7%94/,הורד -> (html),https://www.kav-habriut.co.il/wp-content/uploads/2021/05/מדיניות_מאי_21_לאתר.pdf
2026-10-01T10:54:54+00:00,512008335,"קו הבריאות חברה לניהול קופות גמל בע""מ",text_changed,https://www.kav-habriut.co.il/%d7%94%d7%a9%d7%a7%d7%a2%d7%95%d7%aa/%d7%9e%d7%93%d7%99%d7%a0%d7%99%d7%95%d7%aa-%d7%94%d7%a9%d7%a7%d7%a2%d7%94-%d7%a6%d7%a4%d7%95%d7%99%d7%94/,הורד -> (html),https://www.kav-habriut.co.il/wp-content/uploads/2021/04/6-4-2021_16_26_04.pdf
2026-10-01T10:54:54+00:00,512008335,"קו הבריאות חברה לניהול קופות גמל בע""מ",text_changed,https://www.kav-habriut.co.il/%d7%94%d7%a9%d7%a7%d7%a2%d7%95%d7%aa/%d7%9e%d7%93%d7%99%d7%a0%d7%99%d7%95%d7%aa-%d7%94%d7%a9%d7%a7%d7%a2%d7%94-%d7%a6%d7%a4%d7%95%d7%99%d7%94/,הורד -> (html),https://www.kav-habriut.co.il/wp-content/uploads/2021/03/מדיניות_2021.pdf
2026-10-01T10:54:54+00:00,512008335,"קו הבריאות חברה לניהול קופות גמל בע""מ",text_changed,https://www.kav-habriut.co.il/%d7%94%d7%a9%d7%a7%d7%a2%d7%95%d7%aa/%d7%9e%d7%93%d7%99%d7%a0%d7%99%d7%95%d7%aa-%d7%94%d7%a9%d7%a7%d7%a2%d7%94-%d7%a6%d7%a4%d7%95%d7%99%d7%94/,הורד -> (html),https://www.kav-habriut.co.il/wp-content/uploads/2020/01/מדיניות-2020.pdf
2026-10-01T10:54:54+00:00,512008335,"קו הבריאות חברה לניהול קופות גמל בע""מ",text_changed,https://www.kav-habriut.co.il/%d7%94%d7%a9%d7%a7%d7%a2%d7%95%d7%aa/%d7%9e%d7%93%d7%99%d7%a0%d7%99%d7%95%d7%aa-%d7%94%d7%a9%d7%a7%d7%a2%d7%94-%d7%a6%d7%a4%d7%95%d7%99%d7%94/,הורד -> (html),https://www.kav-habriut.co.il/wp-content/uploads/2019/01/מדיניות-השקעה-2019.pdf
2026-10-01T10:54:54+00:00,512008335,"קו הבריאות חברה לניהול קופות גמל בע""מ",text_changed,https://www.kav-habriut.co.il/%d7%94%d7%a9%d7%a7%d7%a2%d7%95%d7%aa/%d7%9e%d7%93%d7%99%d7%a0%d7%99%d7%95%d7%aa-%d7%94%d7%a9%d7%a7%d7%a2%d7%94-%d7%a6%d7%a4%d7%95%d7%99%d7%94/,מדיניות השקעות צפויה 2018 -> (html),https://www.kav-habriut.co.il/wp-content/uploads/2018/03/58_מדיניות_2018_חתום-1.pdf
2026-10-01T10:54:54+00:00,512008335,"קו הבריאות חברה לניהול קופות גמל בע""מ",text_changed,https://www.kav-habriut.co.il/%d7%94%d7%a9%d7%a7%d7%a2%d7%95%d7%aa/%d7%9e%d7%93%d7%99%d7%a0%d7%99%d7%95%d7%aa-%d7%94%d7%a9%d7%a7%d7%a2%d7%94-%d7%a6%d7%a4%d7%95%d7%99%d7%94/,שינויים במדיניות ההשקעה לשנת 2016 -> (html),https://www.kav-habriut.co.il/wp-content/uploads/2018/08/2018-policy-changes.xls
2026-10-01T10:54:54+00:00,512008335,"קו הבריאות חברה לניהול קופות גמל בע""מ",text_changed,https://www.kav-habriut.co.il/%d7%94%d7%a9%d7%a7%d7%a2%d7%95%d7%aa/%d7%9e%d7%93%d7%99%d7%a0%d7%99%d7%95%d7%aa-%d7%94%d7%a9%d7%a7%d7%a2%d7%94-%d7%a6%d7%a4%d7%95%d7%99%d7%94/,מדיניות השקעות צפויה 2017 -> (html),https://www.kav-habriut.co.il/wp-content/uploads/2017/12/expected-policy-2017.pdf
2026-10-01T10:54:54+00:00,512008335,"קו הבריאות חברה לניהול קופות גמל בע""מ",text_changed,https://www.kav-habriut.co.il/%d7%94%d7%a9%d7%a7%d7%a2%d7%95%d7%aa/%d7%9e%d7%93%d7%99%d7%a0%d7%99%d7%95%d7%aa-%d7%94%d7%a9%d7%a7%d7%a2%d7%94-%d7%a6%d7%a4%d7%95%d7%99%d7%94/,מדיניות השקעות צפויה 2016 -> (html),https://www.kav-habriut.co.il/wp-content/uploads/2017/12/expected-policy-2016.pdf
2026-10-01T10:54:54+00:00,512008335,"קו הבריאות חברה לניהול קופות גמל בע""מ",text_changed,https://www.kav-habriut.co.il/%d7%94%d7%a9%d7%a7%d7%a2%d7%95%d7%aa/%d7%9e%d7%93%d7%99%d7%a0%d7%99%d7%95%d7%aa-%d7%94%d7%a9%d7%a7%d7%a2%d7%94-%d7%a6%d7%a4%d7%95%d7%99%d7%94/,מדיניות השקעות צפויה 2015 -> (html),https://www.kav-habriut.co.il/wp-content/uploads/2017/12/expected-policy-2015.xls
2026-10-01T10:54:54+00:00,512008335,"קו הבריאות חברה לניהול קופות גמל בע""מ",text_changed,https://www.kav-habriut.co.il/%d7%94%d7%a9%d7%a7%d7%a2%d7%95%d7%aa/%d7%9e%d7%93%d7%99%d7%a0%d7%99%d7%95%d7%aa-%d7%94%d7%a9%d7%a7%d7%a2%d7%94-%d7%a6%d7%a4%d7%95%d7%99%d7%94/,מדיניות השקעות צפויה 2014 -> (html),https://www.kav-habriut.co.il/wp-content/uploads/2017/12/expected-policy-2014.pdf
2026-10-01T10:54:54+00:00,512008335,"קו הבריאות חברה לניהול קופות גמל בע""מ",text_changed,https://www.kav-habriut.co.il/%d7%94%d7%a9%d7%a7%d7%a2%d7%95%d7%aa/%d7%9e%d7%93%d7%99%d7%a0%d7%99%d7%95%d7%aa-%d7%94%d7%a9%d7%a7%d7%a2%d7%94-%d7%a6%d7%a4%d7%95%d7%99%d7%94/,מדיניות השקעות צפויה 2013 -> (html),https://www.kav-habriut.co.il/wp-content/uploads/2017/12/expected-policy-2013.pdf
2026-10-01T10:54:54+00:00,512008335,"קו הבריאות חברה לניהול קופות גמל בע""מ",text_changed,https://www.kav-habriut.co.il/%d7%94%d7%a9%d7%a7%d7%a2%d7%95%d7%aa/%d7%9e%d7%93%d7%99%d7%a0%d7%99%d7%95%d7%aa-%d7%94%d7%a9%d7%a7%d7%a2%d7%94-%d7%a6%d7%a4%d7%95%d7%99%d7%94/,מדיניות השקעות צפויה 2012 -> (html),https://www.kav-habriut.co.il/wp-content/uploads/2017/12/expected-policy-2012.pdf
2026-10-01T10:54:54+00:00,512008335,"קו הבריאות חברה לניהול קופות גמל בע""מ",text_changed,https://www.kav-habriut.co.il/%d7%94%d7%a9%d7%a7%d7%a2%d7%95%d7%aa/%d7%9e%d7%93%d7%99%d7%a0%d7%99%d7%95%d7%aa-%d7%94%d7%a9%d7%a7%d7%a2%d7%94-%d7%a6%d7%a4%d7%95%d7%99%d7%94/,מדיניות השקעות צפויה 2011 -> (html),https://www.kav-habriut.co.il/wp-content/uploads/2017/12/expected-policy-2011.pdf
2026-10-01T10:54:54+00:00,512008335,"קו הבריאות חברה לניהול קופות גמל בע""מ",text_changed,https://www.kav-habriut.co.il/%d7%94%d7%a9%d7%a7%d7%a2%d7%95%d7%aa/%d7%9e%d7%93%d7%99%d7%a0%d7%99%d7%95%d7%aa-%d7%94%d7%a9%d7%a7%d7%a2%d7%94-%d7%a6%d7%a4%d7%95%d7%99%d7%94/," -> לדלג לתוכן כניסה לחשבונךעמוד הביתאודות החברהמבנה החברההודעות לעמיתיםצור קשרתנאי שימוש באתרמדיניות הפרטיותפורטל מעסיקים מדיניות השקעה צפויה, מגבלת עמלת ניהול חיצוני ושיעור עלות צפויה שיעור עלות שנתית צ",https://www.kav-habriut.co.il/%d7%94%d7%a9%d7%a7%d7%a2%d7%95%d7%aa/%d7%9e%d7%93%d7%99%d7%a0%d7%99%d7%95%d7%aa-%d7%94%d7%a9%d7%a7%d7%a2%d7%94-%d7%a6%d7%a4%d7%95%d7%99%d7%94/
2026-10-01T10:54:54+00:00,512008335,"קו הבריאות חברה לניהול קופות גמל בע""מ",text_changed,https://www.kav-habriut.co.il/%d7%94%d7%a9%d7%a7%d7%a2%d7%95%d7%aa/%d7%9e%d7%93%d7%99%d7%a0%d7%99%d7%95%d7%aa-%d7%94%d7%a9%d7%a7%d7%a2%d7%94-%d7%a6%d7%a4%d7%95%d7%99%d7%94/2015-investmentpolicy/, -> לדלג לתוכן כניסה לחשבונךעמוד הביתאודות החברהמבנה החברההודעות לעמיתיםצור קשרתנאי שימוש באתרמדיניות הפרטיותפורטל מעסיקים 2015-investmentPolicy 2015-investmentPolicy הגדלת אותיות א א א שירות לקוחות הלווא,https://www.kav-habriut.co.il/%d7%94%d7%a9%d7%a7%d7%a2%d7%95%d7%aa/%d7%9e%d7%93%d7%99%d7%a0%d7%99%d7%95%d7%aa-%d7%94%d7%a9%d7%a7%d7%a2%d7%94-%d7%a6%d7%a4%d7%95%d7%99%d7%94/2015-investmentpolicy/
2026-10-01T10:54:54+00:00,512008335,"קו הבריאות חברה לניהול קופות גמל בע""מ",text_changed,https://www.kav-habriut.co.il/%d7%94%d7%a9%d7%a7%d7%a2%d7%95%d7%aa/%d7%9e%d7%93%d7%99%d7%a0%d7%99%d7%95%d7%aa-%d7%94%d7%a9%d7%a7%d7%a2%d7%94-%d7%a6%d7%a4%d7%95%d7%99%d7%94/2015-investmentpolicy/,2015-investmentPolicy -> (html),https://www.kav-habriut.co.il/wp-content/uploads/2014/11/2015-investmentPolicy.xls
2026-10-01T10:54:54+00:00,512008335,"קו הבריאות חברה לניהול קופות גמל בע""מ",text_changed,https://www.kav-habriut.co.il/%d7%94%d7%a9%d7%a7%d7%a2%d7%95%d7%aa/%d7%9e%d7%93%d7%99%d7%a0%d7%99%d7%95%d7%aa-%d7%94%d7%a9%d7%a7%d7%a2%d7%94-%d7%a6%d7%a4%d7%95%d7%99%d7%94/2012-investmentpolicy/,2012-investmentPolicy -> (html),https://www.kav-habriut.co.il/wp-content/uploads/2014/11/2012-investmentPolicy.xls
2026-10-01T10:54:54+00:00,512008335,"קו הבריאות חברה לניהול קופות גמל בע""מ",text_changed,https://www.kav-habriut.co.il/%d7%94%d7%a9%d7%a7%d7%a2%d7%95%d7%aa/%d7%9e%d7%93%d7%99%d7%a0%d7%99%d7%95%d7%aa-%d7%94%d7%a9%d7%a7%d7%a2%d7%94-%d7%a6%d7%a4%d7%95%d7%99%d7%94/2012-investmentpolicy/, -> לדלג לתוכן כניסה לחשבונךעמוד הביתאודות החברהמבנה החברההודעות לעמיתיםצור קשרתנאי שימוש באתרמדיניות הפרטיותפורטל מעסיקים 2012-investmentPolicy 2012-investmentPolicy הגדלת אותיות א א א שירות לקוחות הלווא,https://www.kav-habriut.co.il/%d7%94%d7%a9%d7%a7%d7%a2%d7%95%d7%aa/%d7%9e%d7%93%d7%99%d7%a0%d7%99%d7%95%d7%aa-%d7%94%d7%a9%d7%a7%d7%a2%d7%94-%d7%a6%d7%a4%d7%95%d7%99%d7%94/2012-investmentpolicy/
2026-10-01T10:54:54+00:00,512008335,"קו הבריאות חברה לניהול קופות גמל בע""מ",text_changed,https://www.kav-habriut.co.il/%d7%94%d7%a9%d7%a7%d7%a2%d7%95%d7%aa/%d7%9e%d7%93%d7%99%d7%a0%d7%99%d7%95%d7%aa-%d7%94%d7%a9%d7%a7%d7%a2%d7%94-%d7%a6%d7%a4%d7%95%d7%99%d7%94/2013-investmentpolicy/,2013-investmentPolicy -> (html),https://www.kav-habriut.co.il/wp-content/uploads/2014/11/2013-investmentPolicy.xls
2026-10-01T10:54:54+00:00,512008335,"קו הבריאות חברה לניהול קופות גמל בע""מ",text_changed,https://www.kav-habriut.co.il/%d7%94%d7%a9%d7%a7%d7%a2%d7%95%d7%aa/%d7%9e%d7%93%d7%99%d7%a0%d7%99%d7%95%d7%aa-%d7%94%d7%a9%d7%a7%d7%a2%d7%94-%d7%a6%d7%a4%d7%95%d7%99%d7%94/2013-investmentpolicy/, -> לדלג לתוכן כניסה לחשבונךעמוד הביתאודות החברהמבנה החברההודעות לעמיתיםצור קשרתנאי שימוש באתרמדיניות הפרטיותפורטל מעסיקים 2013-investmentPolicy 2013-investmentPolicy הגדלת אותיות א א א שירות לקוחות הלווא,https://www.kav-habriut.co.il/%d7%94%d7%a9%d7%a7%d7%a2%d7%95%d7%aa/%d7%9e%d7%93%d7%99%d7%a0%d7%99%d7%95%d7%aa-%d7%94%d7%a9%d7%a7%d7%a2%d7%94-%d7%a6%d7%a4%d7%95%d7%99%d7%94/2013-investmentpolicy/
2026-10-01T10:54:54+00:00,512008335,"קו הבריאות חברה לניהול קופות גמל בע""מ",text_changed,https://www.kav-habriut.co.il/%d7%94%d7%a9%d7%a7%d7%a2%d7%95%d7%aa/%d7%9e%d7%93%d7%99%d7%a0%d7%99%d7%95%d7%aa-%d7%94%d7%a9%d7%a7%d7%a2%d7%94-%d7%a6%d7%a4%d7%95%d7%99%d7%94/2014-investmentpolicy/, -> לדלג לתוכן כניסה לחשבונךעמוד הביתאודות החברהמבנה החברההודעות לעמיתיםצור קשרתנאי שימוש באתרמדיניות הפרטיותפורטל מעסיקים 2014-investmentPolicy 2014-investmentPolicy הגדלת אותיות א א א שירות לקוחות הלווא,https://www.kav-habriut.co.il/%d7%94%d7%a9%d7%a7%d7%a2%d7%95%d7%aa/%d7%9e%d7%93%d7%99%d7%a0%d7%99%d7%95%d7%aa-%d7%94%d7%a9%d7%a7%d7%a2%d7%94-%d7%a6%d7%a4%d7%95%d7%99%d7%94/2014-investmentpolicy/
2026-10-01T10:54:54+00:00,512008335,"קו הבריאות חברה לניהול קופות גמל בע""מ",text_changed,https://www.kav-habriut.co.il/%d7%94%d7%a9%d7%a7%d7%a2%d7%95%d7%aa/%d7%9e%d7%93%d7%99%d7%a0%d7%99%d7%95%d7%aa-%d7%94%d7%a9%d7%a7%d7%a2%d7%94-%d7%a6%d7%a4%d7%95%d7%99%d7%94/2014-investmentpolicy/,2014-investmentPolicy -> (html),https://www.kav-habriut.co.il/wp-content/uploads/2014/11/2014-investmentPolicy.xls
2026-10-01T10:54:54+00:00,512008335,"קו הבריאות חברה לניהול קופות גמל בע""מ",text_changed,https://www.kav-habriut.co.il/%d7%94%d7%a9%d7%a7%d7%a2%d7%95%d7%aa/%d7%9e%d7%93%d7%99%d7%a0%d7%99%d7%95%d7%aa-%d7%94%d7%a9%d7%a7%d7%a2%d7%94-%d7%a6%d7%a4%d7%95%d7%99%d7%94/2015-investmentpolicy-2/, -> לדלג לתוכן כניסה לחשבונךעמוד הביתאודות החברהמבנה החברההודעות לעמיתיםצור קשרתנאי שימוש באתרמדיניות הפרטיותפורטל מעסיקים 2015-investmentPolicy 2015-investmentPolicy הגדלת אותיות א א א שירות לקוחות הלווא,https://www.kav-habriut.co.il/%d7%94%d7%a9%d7%a7%d7%a2%d7%95%d7%aa/%d7%9e%d7%93%d7%99%d7%a0%d7%99%d7%95%d7%aa-%d7%94%d7%a9%d7%a7%d7%a2%d7%94-%d7%a6%d7%a4%d7%95%d7%99%d7%94/2015-investmentpolicy-2/
2026-10-01T10:54:54+00:00,512008335,"קו הבריאות חברה לניהול קופות גמל בע""מ",text_changed,https://www.kav-habriut.co.il/%d7%94%d7%a9%d7%a7%d7%a2%d7%95%d7%aa/%d7%9e%d7%93%d7%99%d7%a0%d7%99%d7%95%d7%aa-%d7%94%d7%a9%d7%a7%d7%a2%d7%94-%d7%a6%d7%a4%d7%95%d7%99%d7%94/2015-investmentpolicy-2/,2015-investmentPolicy -> (html),https://www.kav-habriut.co.il/wp-content/uploads/2014/11/2015-investmentPolicy1.xls
2026-10-01T10:54:54+00:00,512008335,"קו הבריאות חברה לניהול קופות גמל בע""מ",text_changed,https://www.kav-habriut.co.il/%d7%94%d7%a9%d7%a7%d7%a2%d7%95%d7%aa/%d7%9e%d7%93%d7%99%d7%a0%d7%99%d7%95%d7%aa-%d7%94%d7%a9%d7%a7%d7%a2%d7%94-%d7%a6%d7%a4%d7%95%d7%99%d7%94/2015-investmentpolicy-update/, -> לדלג לתוכן כניסה לחשבונךעמוד הביתאודות החברהמבנה החברההודעות לעמיתיםצור קשרתנאי שימוש באתרמדיניות הפרטיותפורטל מעסיקים 2015-investmentPolicy-update 2015-investmentPolicy-update הגדלת אותיות א א א שירו,https://www.kav-habriut.co.il/%d7%94%d7%a9%d7%a7%d7%a2%d7%95%d7%aa/%d7%9e%d7%93%d7%99%d7%a0%d7%99%d7%95%d7%aa-%d7%94%d7%a9%d7%a7%d7%a2%d7%94-%d7%a6%d7%a4%d7%95%d7%99%d7%94/2015-investmentpolicy-update/
2026-10-01T10:54:54+00:00,512008335,"קו הבריאות חברה לניהול קופות גמל בע""מ",text_changed,https://www.kav-habriut.co.il/%d7%94%d7%a9%d7%a7%d7%a2%d7%95%d7%aa/%d7%9e%d7%93%d7%99%d7%a0%d7%99%d7%95%d7%aa-%d7%94%d7%a9%d7%a7%d7%a2%d7%94-%d7%a6%d7%a4%d7%95%d7%99%d7%94/2015-investmentpolicy-update/,2015-investmentPolicy-update -> (html),https://www.kav-habriut.co.il/wp-content/uploads/2014/11/2015-investmentPolicy-update.xls
2026-10-01T10:54:54+00:00,512008335,"קו הבריאות חברה לניהול קופות גמל בע""מ",text_changed,https://www.kav-habriut.co.il/%d7%94%d7%a9%d7%a7%d7%a2%d7%95%d7%aa/%d7%9e%d7%93%d7%99%d7%a0%d7%99%d7%95%d7%aa-%d7%94%d7%a9%d7%a7%d7%a2%d7%94-%d7%a6%d7%a4%d7%95%d7%99%d7%94/2016-investmentpolicy-agah/, -> לדלג לתוכן כניסה לחשבונךעמוד הביתאודות החברהמבנה החברההודעות לעמיתיםצור קשרתנאי שימוש באתרמדיניות הפרטיותפורטל מעסיקים מדיניות השקעה למסלול ללא מניות מדיניות השקעה למסלול ללא מניות הגדלת אותיות א א א,https://www.kav-habriut.co.il/%d7%94%d7%a9%d7%a7%d7%a2%d7%95%d7%aa/%d7%9e%d7%93%d7%99%d7%a0%d7%99%d7%95%d7%aa-%d7%94%d7%a9%d7%a7%d7%a2%d7%94-%d7%a6%d7%a4%d7%95%d7%99%d7%94/2016-investmentpolicy-agah/
2026-10-01T10:54:54+00:00,512008335,"קו הבריאות חברה לניהול קופות גמל בע""מ",text_changed,https://www.kav-habriut.co.il/%d7%94%d7%a9%d7%a7%d7%a2%d7%95%d7%aa/%d7%9e%d7%93%d7%99%d7%a0%d7%99%d7%95%d7%aa-%d7%94%d7%a9%d7%a7%d7%a2%d7%94-%d7%a6%d7%a4%d7%95%d7%99%d7%94/2016-investmentpolicy-agah/,מדיניות השקעה למסלול ללא מניות -> (html),https://www.kav-habriut.co.il/wp-content/uploads/2014/11/2016-investmentPolicy-Agah.pdf
2026-10-01T10:54:54+00:00,512008335,"קו הבריאות חברה לניהול קופות גמל בע""מ",text_changed,https://www.kav-habriut.co.il/%d7%94%d7%a9%d7%a7%d7%a2%d7%95%d7%aa/%d7%9e%d7%93%d7%99%d7%a0%d7%99%d7%95%d7%aa-%d7%94%d7%a9%d7%a7%d7%a2%d7%94-%d7%a6%d7%a4%d7%95%d7%99%d7%94/2016-investmentpolicy/, -> לדלג לתוכן כניסה לחשבונךעמוד הביתאודות החברהמבנה החברההודעות לעמיתיםצור קשרתנאי שימוש באתרמדיניות הפרטיותפורטל מעסיקים מדיניות השקעה למסלול כללי מדיניות השקעה למסלול כללי הגדלת אותיות א א א שירות לקוח,https://www.kav-habriut.co.il/%d7%94%d7%a9%d7%a7%d7%a2%d7%95%d7%aa/%d7%9e%d7%93%d7%99%d7%a0%d7%99%d7%95%d7%aa-%d7%94%d7%a9%d7%a7%d7%a2%d7%94-%d7%a6%d7%a4%d7%95%d7%99%d7%94/2016-investmentpolicy/
2026-10-01T10:54:54+00:00,512008335,"קו הבריאות חברה לניהול קופות גמל בע""מ",text_changed,https://www.kav-habriut.co.il/%d7%94%d7%a9%d7%a7%d7%a2%d7%95%d7%aa/%d7%9e%d7%93%d7%99%d7%a0%d7%99%d7%95%d7%aa-%d7%94%d7%a9%d7%a7%d7%a2%d7%94-%d7%a6%d7%a4%d7%95%d7%99%d7%94/2016-investmentpolicy/,מדיניות השקעה למסלול כללי -> (html),https://www.kav-habriut.co.il/wp-content/uploads/2014/11/2016-investmentPolicy.pdf
2026-10-01T10:54:54+00:00,512008335,"קו הבריאות חברה לניהול קופות גמל בע""מ",text_changed,https://www.kav-habriut.co.il/%d7%94%d7%a9%d7%a7%d7%a2%d7%95%d7%aa/%d7%9e%d7%93%d7%99%d7%a0%d7%99%d7%95%d7%aa-%d7%94%d7%a9%d7%a7%d7%a2%d7%94-%d7%a6%d7%a4%d7%95%d7%99%d7%94/2016-asset-model-nostock/, -> לדלג לתוכן כניסה לחשבונךעמוד הביתאודות החברהמבנה החברההודעות לעמיתיםצור קשרתנאי שימוש באתרמדיניות הפרטיותפורטל מעסיקים 2016-asset-model-nostock 2016-asset-model-nostock הגדלת אותיות א א א שירות לקוחות,https://www.kav-habriut.co.il/%d7%94%d7%a9%d7%a7%d7%a2%d7%95%d7%aa/%d7%9e%d7%93%d7%99%d7%a0%d7%99%d7%95%d7%aa-%d7%94%d7%a9%d7%a7%d7%a2%d7%94-%d7%a6%d7%a4%d7%95%d7%99%d7%94/2016-asset-model-nostock/
2026-10-01T10:54:54+00:00,512008335,"קו הבריאות חברה לניהול קופות גמל בע""מ",text_changed,https://www.kav-habriut.co.il/%d7%94%d7%a9%d7%a7%d7%a2%d7%95%d7%aa/%d7%9e%d7%93%d7%99%d7%a0%d7%99%d7%95%d7%aa-%d7%94%d7%a9%d7%a7%d7%a2%d7%94-%d7%a6%d7%a4%d7%95%d7%99%d7%94/2016-asset-model-nostock/,2016-asset-model-nostock -> (html),https://www.kav-habriut.co.il/wp-content/uploads/2014/11/2016-asset-model-nostock.pdf
2026-10-01T10:54:54+00:00,512008335,"קו הבריאות חברה לניהול קופות גמל בע""מ",text_changed,https://www.kav-habriut.co.il/%d7%94%d7%a9%d7%a7%d7%a2%d7%95%d7%aa/%d7%9e%d7%93%d7%99%d7%a0%d7%99%d7%95%d7%aa-%d7%94%d7%a9%d7%a7%d7%a2%d7%94-%d7%a6%d7%a4%d7%95%d7%99%d7%94/2016-asset-model/, -> לדלג לתוכן כניסה לחשבונךעמוד הביתאודות החברהמבנה החברההודעות לעמיתיםצור קשרתנאי שימוש באתרמדיניות הפרטיותפורטל מעסיקים 2016-asset-model 2016-asset-model הגדלת אותיות א א א שירות לקוחות הלוואות טפסים ת,https://www.kav-habriut.co.il/%d7%94%d7%a9%d7%a7%d7%a2%d7%95%d7%aa/%d7%9e%d7%93%d7%99%d7%a0%d7%99%d7%95%d7%aa-%d7%94%d7%a9%d7%a7%d7%a2%d7%94-%d7%a6%d7%a4%d7%95%d7%99%d7%94/2016-asset-model/
2026-10-01T10:54:54+00:00,512008335,"קו הבריאות חברה לניהול קופות גמל בע""מ",text_changed,https://www.kav-habriut.co.il/%d7%94%d7%a9%d7%a7%d7%a2%d7%95%d7%aa/%d7%9e%d7%93%d7%99%d7%a0%d7%99%d7%95%d7%aa-%d7%94%d7%a9%d7%a7%d7%a2%d7%94-%d7%a6%d7%a4%d7%95%d7%99%d7%94/2016-asset-model/,2016-asset-model -> (html),https://www.kav-habriut.co.il/wp-content/uploads/2014/11/2016-asset-model.pdf
2026-10-01T10:54:54+00:00,512008335,"קו הבריאות חברה לניהול קופות גמל בע""מ",text_changed,https://www.kav-habriut.co.il/%d7%94%d7%a9%d7%a7%d7%a2%d7%95%d7%aa/%d7%9e%d7%93%d7%99%d7%a0%d7%99%d7%95%d7%aa-%d7%94%d7%a9%d7%a7%d7%a2%d7%94-%d7%a6%d7%a4%d7%95%d7%99%d7%94/2017-assetsmodel/, -> לדלג לתוכן כניסה לחשבונךעמוד הביתאודות החברהמבנה החברההודעות לעמיתיםצור קשרתנאי שימוש באתרמדיניות הפרטיותפורטל מעסיקים מודל הקצאה נכסים 2017 מודל הקצאה נכסים 2017 הגדלת אותיות א א א שירות לקוחות הלווא,https://www.kav-habriut.co.il/%d7%94%d7%a9%d7%a7%d7%a2%d7%95%d7%aa/%d7%9e%d7%93%d7%99%d7%a0%d7%99%d7%95%d7%aa-%d7%94%d7%a9%d7%a7%d7%a2%d7%94-%d7%a6%d7%a4%d7%95%d7%99%d7%94/2017-assetsmodel/
2026-10-01T10:54:54+00:00,512008335,"קו הבריאות חברה לניהול קופות גמל בע""מ",text_changed,https://www.kav-habriut.co.il/%d7%94%d7%a9%d7%a7%d7%a2%d7%95%d7%aa/%d7%9e%d7%93%d7%99%d7%a0%d7%99%d7%95%d7%aa-%d7%94%d7%a9%d7%a7%d7%a2%d7%94-%d7%a6%d7%a4%d7%95%d7%99%d7%94/2017-assetsmodel/,מודל הקצאה נכסים 2017 -> (html),https://www.kav-habriut.co.il/wp-content/uploads/2014/11/2017-assetsModel.pdf
2026-10-01T10:54:54+00:00,512008335,"קו הבריאות חברה לניהול קופות גמל בע""מ",text_changed,https://www.kav-habriut.co.il/%d7%94%d7%a9%d7%a7%d7%a2%d7%95%d7%aa/%d7%9e%d7%93%d7%99%d7%a0%d7%99%d7%95%d7%aa-%d7%94%d7%a9%d7%a7%d7%a2%d7%94-%d7%a6%d7%a4%d7%95%d7%99%d7%94/investment-policy-changes2015/, -> לדלג לתוכן כניסה לחשבונךעמוד הביתאודות החברהמבנה החברההודעות לעמיתיםצור קשרתנאי שימוש באתרמדיניות הפרטיותפורטל מעסיקים investment-policy-changes2015 investment-policy-changes2015 הגדלת אותיות א א א שי,https://www.kav-habriut.co.il/%d7%94%d7%a9%d7%a7%d7%a2%d7%95%d7%aa/%d7%9e%d7%93%d7%99%d7%a0%d7%99%d7%95%d7%aa-%d7%94%d7%a9%d7%a7%d7%a2%d7%94-%d7%a6%d7%a4%d7%95%d7%99%d7%94/investment-policy-changes2015/
2026-10-01T10:54:54+00:00,512008335,"קו הבריאות חברה לניהול קופות גמל בע""מ",text_changed,https://www.kav-habriut.co.il/%d7%94%d7%a9%d7%a7%d7%a2%d7%95%d7%aa/%d7%9e%d7%93%d7%99%d7%a0%d7%99%d7%95%d7%aa-%d7%94%d7%a9%d7%a7%d7%a2%d7%94-%d7%a6%d7%a4%d7%95%d7%99%d7%94/investment-policy-changes2015/,investment-policy-changes2015 -> (html),https://www.kav-habriut.co.il/wp-content/uploads/2014/11/investment-policy-changes2015.pdf
2026-10-01T10:54:54+00:00,512008335,"קו הבריאות חברה לניהול קופות גמל בע""מ",text_changed,https://www.kav-habriut.co.il/%d7%94%d7%a9%d7%a7%d7%a2%d7%95%d7%aa/%d7%9e%d7%93%d7%99%d7%a0%d7%99%d7%95%d7%aa-%d7%94%d7%a9%d7%a7%d7%a2%d7%94-%d7%a6%d7%a4%d7%95%d7%99%d7%94/investment-policy-changes2016/, -> לדלג לתוכן כניסה לחשבונךעמוד הביתאודות החברהמבנה החברההודעות לעמיתיםצור קשרתנאי שימוש באתרמדיניות הפרטיותפורטל מעסיקים investment-policy-changes2016 investment-policy-changes2016 הגדלת אותיות א א א שי,https://www.kav-habriut.co.il/%d7%94%d7%a9%d7%a7%d7%a2%d7%95%d7%aa/%d7%9e%d7%93%d7%99%d7%a0%d7%99%d7%95%d7%aa-%d7%94%d7%a9%d7%a7%d7%a2%d7%94-%d7%a6%d7%a4%d7%95%d7%99%d7%94/investment-policy-changes2016/
2026-10-01T10:54:54+00:00,512008335,"קו הבריאות חברה לניהול קופות גמל בע""מ",text_changed,https://www.kav-habriut.co.il/%d7%94%d7%a9%d7%a7%d7%a2%d7%95%d7%aa/%d7%9e%d7%93%d7%99%d7%a0%d7%99%d7%95%d7%aa-%d7%94%d7%a9%d7%a7%d7%a2%d7%94-%d7%a6%d7%a4%d7%95%d7%99%d7%94/investment-policy-changes2016/,investment-policy-changes2016 -> (html),https://www.kav-habriut.co.il/wp-content/uploads/2014/11/investment-policy-changes2016.pdf
2026-10-01T10:54:54+00:00,512008335,"קו הבריאות חברה לניהול קופות גמל בע""מ",text_changed,https://www.kav-habriut.co.il/%d7%94%d7%a9%d7%a7%d7%a2%d7%95%d7%aa/%d7%9e%d7%93%d7%99%d7%a0%d7%99%d7%95%d7%aa-%d7%94%d7%a9%d7%a7%d7%a2%d7%94-%d7%a6%d7%a4%d7%95%d7%99%d7%94/investment-policy-changes2017-general/, -> לדלג לתוכן כניסה לחשבונךעמוד הביתאודות החברהמבנה החברההודעות לעמיתיםצור קשרתנאי שימוש באתרמדיניות הפרטיותפורטל מעסיקים investment-policy-changes2017-general investment-policy-changes2017-general הגדלת,https://www.kav-habriut.co.il/%d7%94%d7%a9%d7%a7%d7%a2%d7%95%d7%aa/%d7%9e%d7%93%d7%99%d7%a0%d7%99%d7%95%d7%aa-%d7%94%d7%a9%d7%a7%d7%a2%d7%94-%d7%a6%d7%a4%d7%95%d7%99%d7%94/investment-policy-changes2017-general/
2026-10-01T10:54:54+00:00,512008335,"קו הבריאות חברה לניהול קופות גמל בע""מ",text_changed,https://www.kav-habriut.co.il/%d7%94%d7%a9%d7%a7%d7%a2%d7%95%d7%aa/%d7%9e%d7%93%d7%99%d7%a0%d7%99%d7%95%d7%aa-%d7%94%d7%a9%d7%a7%d7%a2%d7%94-%d7%a6%d7%a4%d7%95%d7%99%d7%94/investment-policy-changes2017-general/,investment-policy-changes2017-general -> (html),https://www.kav-habriut.co.il/wp-content/uploads/2014/11/investment-policy-changes2017-general.pdf
2026-10-01T10:54:54+00:00,512008335,"קו הבריאות חברה לניהול קופות גמל בע""מ",text_changed,https://www.kav-habriut.co.il/%d7%94%d7%a9%d7%a7%d7%a2%d7%95%d7%aa/%d7%9e%d7%93%d7%99%d7%a0%d7%99%d7%95%d7%aa-%d7%94%d7%a9%d7%a7%d7%a2%d7%94-%d7%a6%d7%a4%d7%95%d7%99%d7%94/investment-policy-changes2017-nostock/, -> לדלג לתוכן כניסה לחשבונךעמוד הביתאודות החברהמבנה החברההודעות לעמיתיםצור קשרתנאי שימוש באתרמדיניות הפרטיותפורטל מעסיקים investment-policy-changes2017-nostock investment-policy-changes2017-nostock הגדלת,https://www.kav-habriut.co.il/%d7%94%d7%a9%d7%a7%d7%a2%d7%95%d7%aa/%d7%9e%d7%93%d7%99%d7%a0%d7%99%d7%95%d7%aa-%d7%94%d7%a9%d7%a7%d7%a2%d7%94-%d7%a6%d7%a4%d7%95%d7%99%d7%94/investment-policy-changes2017-nostock/
2026-10-01T10:54:54+00:00,512008335,"קו הבריאות חברה לניהול קופות גמל בע""מ",text_changed,https://www.kav-habriut.co.il/%d7%94%d7%a9%d7%a7%d7%a2%d7%95%d7%aa/%d7%9e%d7%93%d7%99%d7%a0%d7%99%d7%95%d7%aa-%d7%94%d7%a9%d7%a7%d7%a2%d7%94-%d7%a6%d7%a4%d7%95%d7%99%d7%94/investment-policy-changes2017-nostock/,investment-policy-changes2017-nostock -> (html),https://www.kav-habriut.co.il/wp-content/uploads/2014/11/investment-policy-changes2017-nostock.pdf
2026-10-01T10:54:54+00:00,512008335,"קו הבריאות חברה לניהול קופות גמל בע""מ",text_changed,https://www.kav-habriut.co.il/%d7%94%d7%a9%d7%a7%d7%a2%d7%95%d7%aa/%d7%9e%d7%93%d7%99%d7%a0%d7%99%d7%95%d7%aa-%d7%94%d7%a9%d7%a7%d7%a2%d7%94-%d7%a6%d7%a4%d7%95%d7%99%d7%94/expected-policy-2017/, -> לדלג לתוכן כניסה לחשבונךעמוד הביתאודות החברהמבנה החברההודעות לעמיתיםצור קשרתנאי שימוש באתרמדיניות הפרטיותפורטל מעסיקים expected-policy-2017 expected-policy-2017 הגדלת אותיות א א א שירות לקוחות הלוואות,https://www.kav-habriut.co.il/%d7%94%d7%a9%d7%a7%d7%a2%d7%95%d7%aa/%d7%9e%d7%93%d7%99%d7%a0%d7%99%d7%95%d7%aa-%d7%94%d7%a9%d7%a7%d7%a2%d7%94-%d7%a6%d7%a4%d7%95%d7%99%d7%94/expected-policy-2017/
2026-10-01T10:54:54+00:00,512008335,"קו הבריאות חברה לניהול קופות גמל בע""מ",text_changed,https://www.kav-habriut.co.il/%d7%94%d7%a9%d7%a7%d7%a2%d7%95%d7%aa/%d7%9e%d7%93%d7%99%d7%a0%d7%99%d7%95%d7%aa-%d7%94%d7%a9%d7%a7%d7%a2%d7%94-%d7%a6%d7%a4%d7%95%d7%99%d7%94/expected-policy-2017/,expected-policy-2017 -> (html),https://www.kav-habriut.co.il/wp-content/uploads/2017/12/expected-policy-2017.pdf
2026-10-01T10:54:54+00:00,512008335,"קו הבריאות חברה לניהול קופות גמל בע""מ",text_changed,https://www.kav-habriut.co.il/%d7%94%d7%a9%d7%a7%d7%a2%d7%95%d7%aa/%d7%9e%d7%93%d7%99%d7%a0%d7%99%d7%95%d7%aa-%d7%94%d7%a9%d7%a7%d7%a2%d7%94-%d7%a6%d7%a4%d7%95%d7%99%d7%94/expected-policy-2013/,מדיניות השקעות צפויה 2013 -> (html),https://www.kav-habriut.co.il/wp-content/uploads/2017/12/expected-policy-2013.pdf
2026-10-01T10:54:54+00:00,512008335,"קו הבריאות חברה לניהול קופות גמל בע""מ",text_changed,https://www.kav-habriut.co.il/%d7%94%d7%a9%d7%a7%d7%a2%d7%95%d7%aa/%d7%9e%d7%93%d7%99%d7%a0%d7%99%d7%95%d7%aa-%d7%94%d7%a9%d7%a7%d7%a2%d7%94-%d7%a6%d7%a4%d7%95%d7%99%d7%94/expected-policy-2013/, -> לדלג לתוכן כניסה לחשבונךעמוד הביתאודות החברהמבנה החברההודעות לעמיתיםצור קשרתנאי שימוש באתרמדיניות הפרטיותפורטל מעסיקים מדיניות השקעות צפויה 2013 מדיניות השקעות צפויה 2013 הגדלת אותיות א א א שירות לקוח,https://www.kav-habriut.co.il/%d7%94%d7%a9%d7%a7%d7%a2%d7%95%d7%aa/%d7%9e%d7%93%d7%99%d7%a0%d7%99%d7%95%d7%aa-%d7%94%d7%a9%d7%a7%d7%a2%d7%94-%d7%a6%d7%a4%d7%95%d7%99%d7%94/expected-policy-2013/
2026-10-01T10:54:54+00:00,512008335,"קו הבריאות חברה לניהול קופות גמל בע""מ",text_changed,https://www.kav-habriut.co.il/%d7%94%d7%a9%d7%a7%d7%a2%d7%95%d7%aa/%d7%9e%d7%93%d7%99%d7%a0%d7%99%d7%95%d7%aa-%d7%94%d7%a9%d7%a7%d7%a2%d7%94-%d7%a6%d7%a4%d7%95%d7%99%d7%94/expected-policy-2014/,מדיניות השקעות צפויה 2014 -> (html),https://www.kav-habriut.co.il/wp-content/uploads/2017/12/expected-policy-2014.pdf
2026-10-01T10:54:54+00:00,512008335,"קו הבריאות חברה לניהול קופות גמל בע""מ",text_changed,https://www.kav-habriut.co.il/%d7%94%d7%a9%d7%a7%d7%a2%d7%95%d7%aa/%d7%9e%d7%93%d7%99%d7%a0%d7%99%d7%95%d7%aa-%d7%94%d7%a9%d7%a7%d7%a2%d7%94-%d7%a6%d7%a4%d7%95%d7%99%d7%94/expected-policy-2014/, -> לדלג לתוכן כניסה לחשבונךעמוד הביתאודות החברהמבנה החברההודעות לעמיתיםצור קשרתנאי שימוש באתרמדיניות הפרטיותפורטל מעסיקים מדיניות השקעות צפויה 2014 מדיניות השקעות צפויה 2014 הגדלת אותיות א א א שירות לקוח,https://www.kav-habriut.co.il/%d7%94%d7%a9%d7%a7%d7%a2%d7%95%d7%aa/%d7%9e%d7%93%d7%99%d7%a0%d7%99%d7%95%d7%aa-%d7%94%d7%a9%d7%a7%d7%a2%d7%94-%d7%a6%d7%a4%d7%95%d7%99%d7%94/expected-policy-2014/
2026-10-01T10:54:54+00:00,512008335,"קו הבריאות חברה לניהול קופות גמל בע""מ",text_changed,https://www.kav-habriut.co.il/%d7%94%d7%a9%d7%a7%d7%a2%d7%95%d7%aa/%d7%9e%d7%93%d7%99%d7%a0%d7%99%d7%95%d7%aa-%d7%94%d7%a9%d7%a7%d7%a2%d7%94-%d7%a6%d7%a4%d7%95%d7%99%d7%94/expected-policy-2015/,מדיניות השקעות צפויה 2015 -> (html),https://www.kav-habriut.co.il/wp-content/uploads/2017/12/expected-policy-2015.xls
2026-10-01T10:54:54+00:00,512008335,"קו הבריאות חברה לניהול קופות גמל בע""מ",text_changed,https://www.kav-habriut.co.il/%d7%94%d7%a9%d7%a7%d7%a2%d7%95%d7%aa/%d7%9e%d7%93%d7%99%d7%a0%d7%99%d7%95%d7%aa-%d7%94%d7%a9%d7%a7%d7%a2%d7%94-%d7%a6%d7%a4%d7%95%d7%99%d7%94/expected-policy-2015/, -> לדלג לתוכן כניסה לחשבונךעמוד הביתאודות החברהמבנה החברההודעות לעמיתיםצור קשרתנאי שימוש באתרמדיניות הפרטיותפורטל מעסיקים מדיניות השקעות צפויה 2015 מדיניות השקעות צפויה 2015 הגדלת אותיות א א א שירות לקוח,https://www.kav-habriut.co.il/%d7%94%d7%a9%d7%a7%d7%a2%d7%95%d7%aa/%d7%9e%d7%93%d7%99%d7%a0%d7%99%d7%95%d7%aa-%d7%94%d7%a9%d7%a7%d7%a2%d7%94-%d7%a6%d7%a4%d7%95%d7%99%d7%94/expected-policy-2015/
2026-10-01T10:54:54+00:00,512008335,"קו הבריאות חברה לניהול קופות גמל בע""מ",text_changed,https://www.kav-habriut.co.il/%d7%94%d7%a9%d7%a7%d7%a2%d7%95%d7%aa/%d7%9e%d7%93%d7%99%d7%a0%d7%99%d7%95%d7%aa-%d7%94%d7%a9%d7%a7%d7%a2%d7%94-%d7%a6%d7%a4%d7%95%d7%99%d7%94/expected-policy-2016/,מדיניות השקעות צפויה 2016 -> (html),https://www.kav-habriut.co.il/wp-content/uploads/2017/12/expected-policy-2016.pdf
2026-10-01T10:54:54+00:00,512008335,"קו הבריאות חברה לניהול קופות גמל בע""מ",text_changed,https://www.kav-habriut.co.il/%d7%94%d7%a9%d7%a7%d7%a2%d7%95%d7%aa/%d7%9e%d7%93%d7%99%d7%a0%d7%99%d7%95%d7%aa-%d7%94%d7%a9%d7%a7%d7%a2%d7%94-%d7%a6%d7%a4%d7%95%d7%99%d7%94/expected-policy-2016/, -> לדלג לתוכן כניסה לחשבונךעמוד הביתאודות החברהמבנה החברההודעות לעמיתיםצור קשרתנאי שימוש באתרמדיניות הפרטיותפורטל מעסיקים מדיניות השקעות צפויה 2016 מדיניות השקעות צפויה 2016 הגדלת אותיות א א א שירות לקוח,https://www.kav-habriut.co.il/%d7%94%d7%a9%d7%a7%d7%a2%d7%95%d7%aa/%d7%9e%d7%93%d7%99%d7%a0%d7%99%d7%95%d7%aa-%d7%94%d7%a9%d7%a7%d7%a2%d7%94-%d7%a6%d7%a4%d7%95%d7%99%d7%94/expected-policy-2016/
2026-10-01T10:54:54+00:00,512008335,"קו הבריאות חברה לניהול קופות גמל בע""מ",text_changed,https://www.kav-habriut.co.il/%d7%94%d7%a9%d7%a7%d7%a2%d7%95%d7%aa/%d7%9e%d7%93%d7%99%d7%a0%d7%99%d7%95%d7%aa-%d7%94%d7%a9%d7%a7%d7%a2%d7%94-%d7%a6%d7%a4%d7%95%d7%99%d7%94/expected-policy-2017-2/, -> לדלג לתוכן כניסה לחשבונךעמוד הביתאודות החברהמבנה החברההודעות לעמיתיםצור קשרתנאי שימוש באתרמדיניות הפרטיותפורטל מעסיקים מדיניות השקעות צפויה 2017 מדיניות השקעות צפויה 2017 הגדלת אותיות א א א שירות לקוח,https://www.kav-habriut.co.il/%d7%94%d7%a9%d7%a7%d7%a2%d7%95%d7%aa/%d7%9e%d7%93%d7%99%d7%a0%d7%99%d7%95%d7%aa-%d7%94%d7%a9%d7%a7%d7%a2%d7%94-%d7%a6%d7%a4%d7%95%d7%99%d7%94/expected-policy-2017-2/
2026-10-01T10:54:54+00:00,512008335,"קו הבריאות חברה לניהול קופות גמל בע""מ",text_changed,https://www.kav-habriut.co.il/%d7%94%d7%a9%d7%a7%d7%a2%d7%95%d7%aa/%d7%9e%d7%93%d7%99%d7%a0%d7%99%d7%95%d7%aa-%d7%94%d7%a9%d7%a7%d7%a2%d7%94-%d7%a6%d7%a4%d7%95%d7%99%d7%94/expected-policy-2017-2/,מדיניות השקעות צפויה 2017 -> (html),https://www.kav-habriut.co.il/wp-content/uploads/2017/12/expected-policy-2017.pdf
2026-10-01T10:54:54+00:00,512008335,"קו הבריאות חברה לניהול קופות גמל בע""מ",text_changed,https://www.kav-habriut.co.il/%d7%94%d7%a9%d7%a7%d7%a2%d7%95%d7%aa/%d7%9e%d7%93%d7%99%d7%a0%d7%99%d7%95%d7%aa-%d7%94%d7%a9%d7%a7%d7%a2%d7%94-%d7%a6%d7%a4%d7%95%d7%99%d7%94/expected-policy-2012/,מדיניות השקעות צפויה 2012 -> (html),https://www.kav-habriut.co.il/wp-content/uploads/2017/12/expected-policy-2012.pdf
2026-10-01T10:54:54+00:00,512008335,"קו הבריאות חברה לניהול קופות גמל בע""מ",text_changed,https://www.kav-habriut.co.il/%d7%94%d7%a9%d7%a7%d7%a2%d7%95%d7%aa/%d7%9e%d7%93%d7%99%d7%a0%d7%99%d7%95%d7%aa-%d7%94%d7%a9%d7%a7%d7%a2%d7%94-%d7%a6%d7%a4%d7%95%d7%99%d7%94/expected-policy-2012/, -> לדלג לתוכן כניסה לחשבונךעמוד הביתאודות החברהמבנה החברההודעות לעמיתיםצור קשרתנאי שימוש באתרמדיניות הפרטיותפורטל מעסיקים מדיניות השקעות צפויה 2012 מדיניות השקעות צפויה 2012 הגדלת אותיות א א א שירות לקוח,https://www.kav-habriut.co.il/%d7%94%d7%a9%d7%a7%d7%a2%d7%95%d7%aa/%d7%9e%d7%93%d7%99%d7%a0%d7%99%d7%95%d7%aa-%d7%94%d7%a9%d7%a7%d7%a2%d7%94-%d7%a6%d7%a4%d7%95%d7%99%d7%94/expected-policy-2012/
2026-10-01T10:54:54+00:00,512008335,"קו הבריאות חברה לניהול קופות גמל בע""מ",text_changed,https://www.kav-habriut.co.il/%d7%94%d7%a9%d7%a7%d7%a2%d7%95%d7%aa/%d7%9e%d7%93%d7%99%d7%a0%d7%99%d7%95%d7%aa-%d7%94%d7%a9%d7%a7%d7%a2%d7%94-%d7%a6%d7%a4%d7%95%d7%99%d7%94/expected-policy-2011/,מדיניות השקעות צפויה 2011 -> (html),https://www.kav-habriut.co.il/wp-content/uploads/2017/12/expected-policy-2011.pdf
2026-10-01T10:54:54+00:00,512008335,"קו הבריאות חברה לניהול קופות גמל בע""מ",text_changed,https://www.kav-habriut.co.il/%d7%94%d7%a9%d7%a7%d7%a2%d7%95%d7%aa/%d7%9e%d7%93%d7%99%d7%a0%d7%99%d7%95%d7%aa-%d7%94%d7%a9%d7%a7%d7%a2%d7%94-%d7%a6%d7%a4%d7%95%d7%99%d7%94/expected-policy-2011/, -> לדלג לתוכן כניסה לחשבונךעמוד הביתאודות החברהמבנה החברההודעות לעמיתיםצור קשרתנאי שימוש באתרמדיניות הפרטיותפורטל מעסיקים מדיניות השקעות צפויה 2011 מדיניות השקעות צפויה 2011 הגדלת אותיות א א א שירות לקוח,https://www.kav-habriut.co.il/%d7%94%d7%a9%d7%a7%d7%a2%d7%95%d7%aa/%d7%9e%d7%93%d7%99%d7%a0%d7%99%d7%95%d7%aa-%d7%94%d7%a9%d7%a7%d7%a2%d7%94-%d7%a6%d7%a4%d7%95%d7%99%d7%94/expected-policy-2011/
2026-10-01T10:54:54+00:00,512008335,"קו הבריאות חברה לניהול קופות גמל בע""מ",text_changed,https://www.kav-habriut.co.il/%d7%94%d7%a9%d7%a7%d7%a2%d7%95%d7%aa/%d7%9e%d7%93%d7%99%d7%a0%d7%99%d7%95%d7%aa-%d7%94%d7%a9%d7%a7%d7%a2%d7%94-%d7%a6%d7%a4%d7%95%d7%99%d7%94/58_%d7%9e%d7%93%d7%99%d7%a0%d7%99%d7%95%d7%aa_2018_%d7%97%d7%aa%d7%95%d7%9d/, -> לדלג לתוכן כניסה לחשבונךעמוד הביתאודות החברהמבנה החברההודעות לעמיתיםצור קשרתנאי שימוש באתרמדיניות הפרטיותפורטל מעסיקים מדיניות השקעות צפויה 2018 מדיניות השקעות צפויה 2018 הגדלת אותיות א א א שירות לקוח,https://www.kav-habriut.co.il/%d7%94%d7%a9%d7%a7%d7%a2%d7%95%d7%aa/%d7%9e%d7%93%d7%99%d7%a0%d7%99%d7%95%d7%aa-%d7%94%d7%a9%d7%a7%d7%a2%d7%94-%d7%a6%d7%a4%d7%95%d7%99%d7%94/58_%d7%9e%d7%93%d7%99%d7%a0%d7%99%d7%95%d7%aa_2018_%d7%97%d7%aa%d7%95%d7%9d/
2026-10-01T10:54:54+00:00,512008335,"קו הבריאות חברה לניהול קופות גמל בע""מ",text_changed,https://www.kav-habriut.co.il/%d7%94%d7%a9%d7%a7%d7%a2%d7%95%d7%aa/%d7%9e%d7%93%d7%99%d7%a0%d7%99%d7%95%d7%aa-%d7%94%d7%a9%d7%a7%d7%a2%d7%94-%d7%a6%d7%a4%d7%95%d7%99%d7%94/58_%d7%9e%d7%93%d7%99%d7%a0%d7%99%d7%95%d7%aa_2018_%d7%97%d7%aa%d7%95%d7%9d/,מדיניות השקעות צפויה 2018 -> (html),https://www.kav-habriut.co.il/wp-content/uploads/2018/03/58_מדיניות_2018_חתום.pdf
2026-10-01T10:54:54+00:00,512008335,"קו הבריאות חברה לניהול קופות גמל בע""מ",text_changed,https://www.kav-habriut.co.il/%d7%94%d7%a9%d7%a7%d7%a2%d7%95%d7%aa/%d7%94%d7%a8%d7%9b%d7%91-%d7%a0%d7%9b%d7%a1%d7%99%d7%9d-%d7%93%d7%9e%d7%99-%d7%a0%d7%99%d7%94%d7%95%d7%9c-%d7%aa%d7%a9%d7%95%d7%90%d7%95%d7%aa/,הורד -> תשואות מעודכנות לחודש 08.2026 הורד הורד,https://www.kav-habriut.co.il/wp-content/uploads/2026/09/קו_הבריאות_תשואות_מצטברות_082026.pdf
2026-10-01T10:54:54+00:00,512008335,"קו הבריאות חברה לניהול קופות גמל בע""מ",text_changed,https://www.kav-habriut.co.il/%d7%94%d7%a9%d7%a7%d7%a2%d7%95%d7%aa/%d7%94%d7%a8%d7%9b%d7%91-%d7%a0%d7%9b%d7%a1%d7%99%d7%9d-%d7%93%d7%9e%d7%99-%d7%a0%d7%99%d7%94%d7%95%d7%9c-%d7%aa%d7%a9%d7%95%d7%90%d7%95%d7%aa/,הורד -> הרכב נכסים מסלול עד 50 08.2026 הורד הורד,https://www.kav-habriut.co.il/wp-content/uploads/2026/09/הרכב_50.pdf
2026-10-01T10:54:54+00:00,512008335,"קו הבריאות חברה לניהול קופות גמל בע""מ",text_changed,https://www.kav-habriut.co.il/%d7%94%d7%a9%d7%a7%d7%a2%d7%95%d7%aa/%d7%94%d7%a8%d7%9b%d7%91-%d7%a0%d7%9b%d7%a1%d7%99%d7%9d-%d7%93%d7%9e%d7%99-%d7%a0%d7%99%d7%94%d7%95%d7%9c-%d7%aa%d7%a9%d7%95%d7%90%d7%95%d7%aa/,הורד -> הרכב נכסים מסלול 60 ומעלה 08.2026 הורד הורד,https://www.kav-habriut.co.il/wp-content/uploads/2026/09/הרכב_60.pdf
2026-10-01T10:54:54+00:00,512008335,"קו הבריאות חברה לניהול קופות גמל בע""מ",text_changed,https://www.kav-habriut.co.il/%d7%94%d7%a9%d7%a7%d7%a2%d7%95%d7%aa/%d7%94%d7%a8%d7%9b%d7%91-%d7%a0%d7%9b%d7%a1%d7%99%d7%9d-%d7%93%d7%9e%d7%99-%d7%a0%d7%99%d7%94%d7%95%d7%9c-%d7%aa%d7%a9%d7%95%d7%90%d7%95%d7%aa/,הורד -> הרכב נכסים מסלול 50-60 08.2026 הורד הורד,https://www.kav-habriut.co.il/wp-content/uploads/2026/09/הרכב_5060.pdf
2026-10-01T10:54:54+00:00,512008335,"קו הבריאות חברה לניהול קופות גמל בע""מ",text_changed,https://www.kav-habriut.co.il/%d7%94%d7%a9%d7%a7%d7%a2%d7%95%d7%aa/%d7%a8%d7%a9%d7%99%d7%9e%d7%aa-%d7%a0%d7%9b%d7%a1%d7%99%d7%9d-%d7%a8%d7%91%d7%a2%d7%95%d7%a0%d7%99%d7%aa/,הורד -> רשימת נכסים 06.2026 מצרפי הורד הורד,https://www.kav-habriut.co.il/wp-content/uploads/2026/09/512008335_gm_P_0226-2.xlsx
2026-10-01T10:54:54+00:00,512008335,"קו הבריאות חברה לניהול קופות גמל בע""מ",text_changed,https://www.kav-habriut.co.il/%d7%94%d7%a9%d7%a7%d7%a2%d7%95%d7%aa/%d7%a8%d7%a9%d7%99%d7%9e%d7%aa-%d7%a0%d7%9b%d7%a1%d7%99%d7%9d-%d7%a8%d7%91%d7%a2%d7%95%d7%a0%d7%99%d7%aa/,הורד -> רשימת נכסים 03.2026 מצרפי הורד הורד,https://www.kav-habriut.co.il/wp-content/uploads/2026/05/512008335_gm_P_0126.xlsx
2026-10-01T10:54:54+00:00,512008335,"קו הבריאות חברה לניהול קופות גמל בע""מ",text_changed,https://www.kav-habriut.co.il/%d7%94%d7%a9%d7%a7%d7%a2%d7%95%d7%aa/%d7%a8%d7%a9%d7%99%d7%9e%d7%aa-%d7%a0%d7%9b%d7%a1%d7%99%d7%9d-%d7%a8%d7%91%d7%a2%d7%95%d7%a0%d7%99%d7%aa/,הורד -> סקירת רו”ח על רשימת נכסים 06.2026 הורד הורד,https://www.kav-habriut.co.il/wp-content/uploads/2026/09/חווד_רשימת_נכסים-3.pdf
2026-10-01T10:54:54+00:00,512008335,"קו הבריאות חברה לניהול קופות גמל בע""מ",text_changed,https://www.kav-habriut.co.il/%d7%94%d7%a9%d7%a7%d7%a2%d7%95%d7%aa/%d7%a8%d7%a9%d7%99%d7%9e%d7%aa-%d7%a0%d7%9b%d7%a1%d7%99%d7%9d-%d7%a8%d7%91%d7%a2%d7%95%d7%a0%d7%99%d7%aa/,הורד -> סקירת רו”ח על רשימת נכסים 03.2026 הורד הורד,https://www.kav-habriut.co.il/wp-content/uploads/2026/05/חווד_רשימת_נכסים.pdf
2026-10-01T10:54:54+00:00,512008335,"קו הבריאות חברה לניהול קופות גמל בע""מ",text_changed,https://www.kav-habriut.co.il/%d7%94%d7%a9%d7%a7%d7%a2%d7%95%d7%aa/%d7%a8%d7%a9%d7%99%d7%9e%d7%aa-%d7%a0%d7%9b%d7%a1%d7%99%d7%9d-%d7%a8%d7%91%d7%a2%d7%95%d7%a0%d7%99%d7%aa/,הורד -> רשימת נכסים 12.2025 מצרפי הורד הורד,https://www.kav-habriut.co.il/wp-content/uploads/2026/03/512008335_gm_P_0425.xlsx
2026-10-01T10:54:54+00:00,512008335,"קו הבריאות חברה לניהול קופות גמל בע""מ",text_changed,https://www.kav-habriut.co.il/%d7%94%d7%a9%d7%a7%d7%a2%d7%95%d7%aa/%d7%a8%d7%a9%d7%99%d7%9e%d7%aa-%d7%a0%d7%9b%d7%a1%d7%99%d7%9d-%d7%a8%d7%91%d7%a2%d7%95%d7%a0%d7%99%d7%aa/,הורד -> רשימת נכסים 09.2025 מצרפי הורד הורד,https://www.kav-habriut.co.il/wp-content/uploads/2025/11/512008335_gm_P_0325.xlsx
2026-10-01T10:54:54+00:00,512008335,"קו הבריאות חברה לניהול קופות גמל בע""מ",text_changed,https://www.kav-habriut.co.il/%d7%94%d7%a9%d7%a7%d7%a2%d7%95%d7%aa/%d7%a8%d7%a9%d7%99%d7%9e%d7%aa-%d7%a0%d7%9b%d7%a1%d7%99%d7%9d-%d7%a8%d7%91%d7%a2%d7%95%d7%a0%d7%99%d7%aa/,הורד -> רשימת נכסים 06.2025 מצרפי הורד הורד,https://www.kav-habriut.co.il/wp-content/uploads/2025/08/512008335_gm_P_0225.xlsx
2026-10-01T10:54:54+00:00,512008335,"קו הבריאות חברה לניהול קופות גמל בע""מ",text_changed,https://www.kav-habriut.co.il/%d7%94%d7%a9%d7%a7%d7%a2%d7%95%d7%aa/%d7%a8%d7%a9%d7%99%d7%9e%d7%aa-%d7%a0%d7%9b%d7%a1%d7%99%d7%9d-%d7%a8%d7%91%d7%a2%d7%95%d7%a0%d7%99%d7%aa/,הורד -> רשימת נכסים 03.2025 מצרפי הורד הורד,https://www.kav-habriut.co.il/wp-content/uploads/2025/06/512008335_gm_P_0125.xlsx
2026-10-01T10:54:54+00:00,512008335,"קו הבריאות חברה לניהול קופות גמל בע""מ",text_changed,https://www.kav-habriut.co.il/%d7%94%d7%a9%d7%a7%d7%a2%d7%95%d7%aa/%d7%a8%d7%a9%d7%99%d7%9e%d7%aa-%d7%a0%d7%9b%d7%a1%d7%99%d7%9d-%d7%a8%d7%91%d7%a2%d7%95%d7%a0%d7%99%d7%aa/,הורד -> סקירת רו”ח על רשימת נכסים 09.2025 הורד הורד,https://www.kav-habriut.co.il/wp-content/uploads/2025/11/אישור_רוח_09.25.pdf
2026-10-01T10:54:54+00:00,512008335,"קו הבריאות חברה לניהול קופות גמל בע""מ",text_changed,https://www.kav-habriut.co.il/%d7%94%d7%a9%d7%a7%d7%a2%d7%95%d7%aa/%d7%a8%d7%a9%d7%99%d7%9e%d7%aa-%d7%a0%d7%9b%d7%a1%d7%99%d7%9d-%d7%a8%d7%91%d7%a2%d7%95%d7%a0%d7%99%d7%aa/,הורד -> סקירת רו”ח על רשימת נכסים 06.2025 הורד הורד,https://www.kav-habriut.co.il/wp-content/uploads/2025/08/סקירת_רוח_06.25-1.pdf
2026-10-01T10:54:54+00:00,512008335,"קו הבריאות חברה לניהול קופות גמל בע""מ",text_changed,https://www.kav-habriut.co.il/%d7%94%d7%a9%d7%a7%d7%a2%d7%95%d7%aa/%d7%a8%d7%a9%d7%99%d7%9e%d7%aa-%d7%a0%d7%9b%d7%a1%d7%99%d7%9d-%d7%a8%d7%91%d7%a2%d7%95%d7%a0%d7%99%d7%aa/,הורד -> סקירת רו”ח על רשימת נכסים 03.2025 הורד הורד,https://www.kav-habriut.co.il/wp-content/uploads/2025/06/רוח_03.25.pdf
2026-10-01T10:54:54+00:00,512008335,"קו הבריאות חברה לניהול קופות גמל בע""מ",text_changed,https://www.kav-habriut.co.il/%d7%94%d7%a9%d7%a7%d7%a2%d7%95%d7%aa/%d7%a8%d7%a9%d7%99%d7%9e%d7%aa-%d7%a0%d7%9b%d7%a1%d7%99%d7%9d-%d7%a8%d7%91%d7%a2%d7%95%d7%a0%d7%99%d7%aa/,הורד -> רשימת נכסים 12.2024 מצרפי הורד הורד,https://www.kav-habriut.co.il/wp-content/uploads/2025/03/512008335_gm_P_0424.xlsx
2026-10-01T10:54:54+00:00,512008335,"קו הבריאות חברה לניהול קופות גמל בע""מ",text_changed,https://www.kav-habriut.co.il/%d7%94%d7%a9%d7%a7%d7%a2%d7%95%d7%aa/%d7%a8%d7%a9%d7%99%d7%9e%d7%aa-%d7%a0%d7%9b%d7%a1%d7%99%d7%9d-%d7%a8%d7%91%d7%a2%d7%95%d7%a0%d7%99%d7%aa/,הורד -> רשימת נכסים 09.2024 מצרפי הורד הורד,https://www.kav-habriut.co.il/wp-content/uploads/2024/12/512008335_gm_P_0324.xlsx
2026-10-01T10:54:54+00:00,512008335,"קו הבריאות חברה לניהול קופות גמל בע""מ",text_changed,https://www.kav-habriut.co.il/%d7%94%d7%a9%d7%a7%d7%a2%d7%95%d7%aa/%d7%a8%d7%a9%d7%99%d7%9e%d7%aa-%d7%a0%d7%9b%d7%a1%d7%99%d7%9d-%d7%a8%d7%91%d7%a2%d7%95%d7%a0%d7%99%d7%aa/,הורד -> רשימת נכסים 06.2024 מצרפי הורד הורד,https://www.kav-habriut.co.il/wp-content/uploads/2024/10/512008335_gm_P_0224-2.xlsx
2026-10-01T10:54:54+00:00,512008335,"קו הבריאות חברה לניהול קופות גמל בע""מ",text_changed,https://www.kav-habriut.co.il/%d7%94%d7%a9%d7%a7%d7%a2%d7%95%d7%aa/%d7%a8%d7%a9%d7%99%d7%9e%d7%aa-%d7%a0%d7%9b%d7%a1%d7%99%d7%9d-%d7%a8%d7%91%d7%a2%d7%95%d7%a0%d7%99%d7%aa/,הורד -> רשימת נכסים 03.2024 מצרפי הורד הורד,https://www.kav-habriut.co.il/wp-content/uploads/2025/11/512008335_gm_P_0124-1.xlsx
2026-10-01T10:54:54+00:00,512008335,"קו הבריאות חברה לניהול קופות גמל בע""מ",text_changed,https://www.kav-habriut.co.il/%d7%94%d7%a9%d7%a7%d7%a2%d7%95%d7%aa/%d7%a8%d7%a9%d7%99%d7%9e%d7%aa-%d7%a0%d7%9b%d7%a1%d7%99%d7%9d-%d7%a8%d7%91%d7%a2%d7%95%d7%a0%d7%99%d7%aa/,הורד -> סקירת רו”ח על רשימת נכסים 12.2024 הורד הורד,https://www.kav-habriut.co.il/wp-content/uploads/2025/03/חווד_רשימת_נכסים-2.pdf
2026-10-01T10:54:54+00:00,512008335,"קו הבריאות חברה לניהול קופות גמל בע""מ",text_changed,https://www.kav-habriut.co.il/%d7%94%d7%a9%d7%a7%d7%a2%d7%95%d7%aa/%d7%a8%d7%a9%d7%99%d7%9e%d7%aa-%d7%a0%d7%9b%d7%a1%d7%99%d7%9d-%d7%a8%d7%91%d7%a2%d7%95%d7%a0%d7%99%d7%aa/,הורד -> סקירת רו”ח על רשימת נכסים 09.2024 הורד הורד,https://www.kav-habriut.co.il/wp-content/uploads/2024/12/חווד_רוח_30.9.24.pdf
2026-10-01T10:54:54+00:00,512008335,"קו הבריאות חברה לניהול קופות גמל בע""מ",text_changed,https://www.kav-habriut.co.il/%d7%94%d7%a9%d7%a7%d7%a2%d7%95%d7%aa/%d7%a8%d7%a9%d7%99%d7%9e%d7%aa-%d7%a0%d7%9b%d7%a1%d7%99%d7%9d-%d7%a8%d7%91%d7%a2%d7%95%d7%a0%d7%99%d7%aa/,הורד -> סקירת רו”ח על רשימת נכסים 06.2024 הורד הורד,https://www.kav-habriut.co.il/wp-content/uploads/2024/09/חווד_רוח_30.06.24.pdf
2026-10-01T10:54:54+00:00,512008335,"קו הבריאות חברה לניהול קופות גמל בע""מ",text_changed,https://www.kav-habriut.co.il/%d7%94%d7%a9%d7%a7%d7%a2%d7%95%d7%aa/%d7%a8%d7%a9%d7%99%d7%9e%d7%aa-%d7%a0%d7%9b%d7%a1%d7%99%d7%9d-%d7%a8%d7%91%d7%a2%d7%95%d7%a0%d7%99%d7%aa/,הורד -> סקירת רו”ח על רשימת נכסים 03.2024 הורד הורד,https://www.kav-habriut.co.il/wp-content/uploads/2024/06/חווד_רשימת_נכסים.pdf
2026-10-01T10:54:54+00:00,512008335,"קו הבריאות חברה לניהול קופות גמל בע""מ",text_changed,https://www.kav-habriut.co.il/%d7%94%d7%a9%d7%a7%d7%a2%d7%95%d7%aa/%d7%a8%d7%a9%d7%99%d7%9e%d7%aa-%d7%a0%d7%9b%d7%a1%d7%99%d7%9d-%d7%a8%d7%91%d7%a2%d7%95%d7%a0%d7%99%d7%aa/,הורד -> רשימת נכסים 12.2023 מצרפי הורד הורד,https://www.kav-habriut.co.il/wp-content/uploads/2024/03/512008335_GSUM_P423.xlsx
2026-10-01T10:54:54+00:00,512008335,"קו הבריאות חברה לניהול קופות גמל בע""מ",text_changed,https://www.kav-habriut.co.il/%d7%94%d7%a9%d7%a7%d7%a2%d7%95%d7%aa/%d7%a8%d7%a9%d7%99%d7%9e%d7%aa-%d7%a0%d7%9b%d7%a1%d7%99%d7%9d-%d7%a8%d7%91%d7%a2%d7%95%d7%a0%d7%99%d7%aa/,הורד -> רשימת נכסים 12.2023 מסלול 60 ומעלה הורד הורד,https://www.kav-habriut.co.il/wp-content/uploads/2024/03/512008335_g7211_P423.xlsx
2026-10-01T10:54:54+00:00,512008335,"קו הבריאות חברה לניהול קופות גמל בע""מ",text_changed,https://www.kav-habriut.co.il/%d7%94%d7%a9%d7%a7%d7%a2%d7%95%d7%aa/%d7%a8%d7%a9%d7%99%d7%9e%d7%aa-%d7%a0%d7%9b%d7%a1%d7%99%d7%9d-%d7%a8%d7%91%d7%a2%d7%95%d7%a0%d7%99%d7%aa/,הורד -> רשימת נכסים 12.2023 מסלול 50-60 הורד הורד,https://www.kav-habriut.co.il/wp-content/uploads/2024/03/512008335_g7210_P423.xlsx
2026-10-01T10:54:54+00:00,512008335,"קו הבריאות חברה לניהול קופות גמל בע""מ",text_changed,https://www.kav-habriut.co.il/%d7%94%d7%a9%d7%a7%d7%a2%d7%95%d7%aa/%d7%a8%d7%a9%d7%99%d7%9e%d7%aa-%d7%a0%d7%9b%d7%a1%d7%99%d7%9d-%d7%a8%d7%91%d7%a2%d7%95%d7%a0%d7%99%d7%aa/,הורד -> רשימת נכסים 12.2023 מסלול 50 ומטה הורד הורד,https://www.kav-habriut.co.il/wp-content/uploads/2024/03/512008335_g7209_P423.xlsx
2026-10-01T10:54:54+00:00,512008335,"קו הבריאות חברה לניהול קופות גמל בע""מ",text_changed,https://www.kav-habriut.co.il/%d7%94%d7%a9%d7%a7%d7%a2%d7%95%d7%aa/%d7%a8%d7%a9%d7%99%d7%9e%d7%aa-%d7%a0%d7%9b%d7%a1%d7%99%d7%9d-%d7%a8%d7%91%d7%a2%d7%95%d7%a0%d7%99%d7%aa/,הורד -> רשימת נכסים 09.2023 מצרפי הורד הורד,https://www.kav-habriut.co.il/wp-content/uploads/2023/11/512008335_GSUM_p323.xlsx
2026-10-01T10:54:54+00:00,512008335,"קו הבריאות חברה לניהול קופות גמל בע""מ",text_changed,https://www.kav-habriut.co.il/%d7%94%d7%a9%d7%a7%d7%a2%d7%95%d7%aa/%d7%a8%d7%a9%d7%99%d7%9e%d7%aa-%d7%a0%d7%9b%d7%a1%d7%99%d7%9d-%d7%a8%d7%91%d7%a2%d7%95%d7%a0%d7%99%d7%aa/,הורד -> רשימת נכסים 09.2023 מסלול 60 ומעלה הורד הורד,https://www.kav-habriut.co.il/wp-content/uploads/2023/11/512008335_g7211_p323.xlsx
2026-10-01T10:54:54+00:00,512008335,"קו הבריאות חברה לניהול קופות גמל בע""מ",text_changed,https://www.kav-habriut.co.il/%d7%94%d7%a9%d7%a7%d7%a2%d7%95%d7%aa/%d7%a8%d7%a9%d7%99%d7%9e%d7%aa-%d7%a0%d7%9b%d7%a1%d7%99%d7%9d-%d7%a8%d7%91%d7%a2%d7%95%d7%a0%d7%99%d7%aa/,הורד -> רשימת נכסים 09.2023 מסלול 50-60 הורד הורד,https://www.kav-habriut.co.il/wp-content/uploads/2023/11/512008335_g7210_p323.xlsx
2026-10-01T10:54:54+00:00,512008335,"קו הבריאות חברה לניהול קופות גמל בע""מ",text_changed,https://www.kav-habriut.co.il/%d7%94%d7%a9%d7%a7%d7%a2%d7%95%d7%aa/%d7%a8%d7%a9%d7%99%d7%9e%d7%aa-%d7%a0%d7%9b%d7%a1%d7%99%d7%9d-%d7%a8%d7%91%d7%a2%d7%95%d7%a0%d7%99%d7%aa/,הורד -> רשימת נכסים 09.2023 מסלול 50 ומטה הורד הורד,https://www.kav-habriut.co.il/wp-content/uploads/2023/11/512008335_g7209_p323.xlsx
2026-10-01T10:54:54+00:00,512008335,"קו הבריאות חברה לניהול קופות גמל בע""מ",text_changed,https://www.kav-habriut.co.il/%d7%94%d7%a9%d7%a7%d7%a2%d7%95%d7%aa/%d7%a8%d7%a9%d7%99%d7%9e%d7%aa-%d7%a0%d7%9b%d7%a1%d7%99%d7%9d-%d7%a8%d7%91%d7%a2%d7%95%d7%a0%d7%99%d7%aa/,הורד -> רשימת נכסים 06.2023 מצרפי הורד הורד,https://www.kav-habriut.co.il/wp-content/uploads/2023/08/512008335_GSUM_P223.xlsx
2026-10-01T10:54:54+00:00,512008335,"קו הבריאות חברה לניהול קופות גמל בע""מ",text_changed,https://www.kav-habriut.co.il/%d7%94%d7%a9%d7%a7%d7%a2%d7%95%d7%aa/%d7%a8%d7%a9%d7%99%d7%9e%d7%aa-%d7%a0%d7%9b%d7%a1%d7%99%d7%9d-%d7%a8%d7%91%d7%a2%d7%95%d7%a0%d7%99%d7%aa/,הורד -> רשימת נכסים 06.2023 מסלול 60 ומעלה הורד הורד,https://www.kav-habriut.co.il/wp-content/uploads/2023/08/512008335_g7211_P223.xlsx
2026-10-01T10:54:54+00:00,512008335,"קו הבריאות חברה לניהול קופות גמל בע""מ",text_changed,https://www.kav-habriut.co.il/%d7%94%d7%a9%d7%a7%d7%a2%d7%95%d7%aa/%d7%a8%d7%a9%d7%99%d7%9e%d7%aa-%d7%a0%d7%9b%d7%a1%d7%99%d7%9d-%d7%a8%d7%91%d7%a2%d7%95%d7%a0%d7%99%d7%aa/,הורד -> רשימת נכסים 06.2023 מסלול 50-60 הורד הורד,https://www.kav-habriut.co.il/wp-content/uploads/2023/08/512008335_g7210_P223.xlsx
2026-10-01T10:54:54+00:00,512008335,"קו הבריאות חברה לניהול קופות גמל בע""מ",text_changed,https://www.kav-habriut.co.il/%d7%94%d7%a9%d7%a7%d7%a2%d7%95%d7%aa/%d7%a8%d7%a9%d7%99%d7%9e%d7%aa-%d7%a0%d7%9b%d7%a1%d7%99%d7%9d-%d7%a8%d7%91%d7%a2%d7%95%d7%a0%d7%99%d7%aa/,הורד -> רשימת נכסים 06.2023 מסלול 50 ומטה הורד הורד,https://www.kav-habriut.co.il/wp-content/uploads/2023/08/512008335_g7209_P223.xlsx
2026-10-01T10:54:54+00:00,512008335,"קו הבריאות חברה לניהול קופות גמל בע""מ",text_changed,https://www.kav-habriut.co.il/%d7%94%d7%a9%d7%a7%d7%a2%d7%95%d7%aa/%d7%a8%d7%a9%d7%99%d7%9e%d7%aa-%d7%a0%d7%9b%d7%a1%d7%99%d7%9d-%d7%a8%d7%91%d7%a2%d7%95%d7%a0%d7%99%d7%aa/,הורד -> רשימת נכסים 03.2023 מצרפי הורד הורד,https://www.kav-habriut.co.il/wp-content/uploads/2023/05/512008335_GSUM_P123.xlsx
2026-10-01T10:54:54+00:00,512008335,"קו הבריאות חברה לניהול קופות גמל בע""מ",text_changed,https://www.kav-habriut.co.il/%d7%94%d7%a9%d7%a7%d7%a2%d7%95%d7%aa/%d7%a8%d7%a9%d7%99%d7%9e%d7%aa-%d7%a0%d7%9b%d7%a1%d7%99%d7%9d-%d7%a8%d7%91%d7%a2%d7%95%d7%a0%d7%99%d7%aa/,הורד -> רשימת נכסים 03.2023 מסלול 60 ומעלה הורד הורד,https://www.kav-habriut.co.il/wp-content/uploads/2023/05/512008335_g7211_P123.xlsx
2026-10-01T10:54:54+00:00,512008335,"קו הבריאות חברה לניהול קופות גמל בע""מ",text_changed,https://www.kav-habriut.co.il/%d7%94%d7%a9%d7%a7%d7%a2%d7%95%d7%aa/%d7%a8%d7%a9%d7%99%d7%9e%d7%aa-%d7%a0%d7%9b%d7%a1%d7%99%d7%9d-%d7%a8%d7%91%d7%a2%d7%95%d7%a0%d7%99%d7%aa/,הורד -> רשימת נכסים 03.2023 מסלול 50-60 הורד הורד,https://www.kav-habriut.co.il/wp-content/uploads/2023/05/512008335_g7210_P123.xlsx
2026-10-01T10:54:54+00:00,512008335,"קו הבריאות חברה לניהול קופות גמל בע""מ",text_changed,https://www.kav-habriut.co.il/%d7%94%d7%a9%d7%a7%d7%a2%d7%95%d7%aa/%d7%a8%d7%a9%d7%99%d7%9e%d7%aa-%d7%a0%d7%9b%d7%a1%d7%99%d7%9d-%d7%a8%d7%91%d7%a2%d7%95%d7%a0%d7%99%d7%aa/,הורד -> רשימת נכסים 03.2023 מסלול 50 ומטה הורד הורד,https://www.kav-habriut.co.il/wp-content/uploads/2023/05/512008335_g7209_P123.xlsx
2026-10-01T10:54:54+00:00,512008335,"קו הבריאות חברה לניהול קופות גמל בע""מ",text_changed,https://www.kav-habriut.co.il/%d7%94%d7%a9%d7%a7%d7%a2%d7%95%d7%aa/%d7%a8%d7%a9%d7%99%d7%9e%d7%aa-%d7%a0%d7%9b%d7%a1%d7%99%d7%9d-%d7%a8%d7%91%d7%a2%d7%95%d7%a0%d7%99%d7%aa/,הורד -> סקירת רו”ח על רשימת נכסים 12.2023 הורד הורד,https://www.kav-habriut.co.il/wp-content/uploads/2024/03/חווד_רשימת_נכסים-1.pdf
2026-10-01T10:54:54+00:00,512008335,"קו הבריאות חברה לניהול קופות גמל בע""מ",text_changed,https://www.kav-habriut.co.il/%d7%94%d7%a9%d7%a7%d7%a2%d7%95%d7%aa/%d7%a8%d7%a9%d7%99%d7%9e%d7%aa-%d7%a0%d7%9b%d7%a1%d7%99%d7%9d-%d7%a8%d7%91%d7%a2%d7%95%d7%a0%d7%99%d7%aa/,הורד -> סקירת רו”ח על רשימת נכסים 09.2023 הורד הורד,https://www.kav-habriut.co.il/wp-content/uploads/2023/11/סקירת_רוח_30.9.pdf
2026-10-01T10:54:54+00:00,512008335,"קו הבריאות חברה לניהול קופות גמל בע""מ",text_changed,https://www.kav-habriut.co.il/%d7%94%d7%a9%d7%a7%d7%a2%d7%95%d7%aa/%d7%a8%d7%a9%d7%99%d7%9e%d7%aa-%d7%a0%d7%9b%d7%a1%d7%99%d7%9d-%d7%a8%d7%91%d7%a2%d7%95%d7%a0%d7%99%d7%aa/,הורד -> סקירת רו”ח על רשימת נכסים 06.2023 הורד הורד,https://www.kav-habriut.co.il/wp-content/uploads/2023/08/סקירת_רוח_06.23.pdf
2026-10-01T10:54:54+00:00,512008335,"קו הבריאות חברה לניהול קופות גמל בע""מ",text_changed,https://www.kav-habriut.co.il/%d7%94%d7%a9%d7%a7%d7%a2%d7%95%d7%aa/%d7%a8%d7%a9%d7%99%d7%9e%d7%aa-%d7%a0%d7%9b%d7%a1%d7%99%d7%9d-%d7%a8%d7%91%d7%a2%d7%95%d7%a0%d7%99%d7%aa/,הורד -> סקירת רו”ח על רשימת נכסים 03.2023 הורד הורד,https://www.kav-habriut.co.il/wp-content/uploads/2023/05/סקירת_רוח_03.23-1.pdf
2026-10-01T10:54:54+00:00,512008335,"קו הבריאות חברה לניהול קופות גמל בע""מ",text_changed,https://www.kav-habriut.co.il/%d7%94%d7%a9%d7%a7%d7%a2%d7%95%d7%aa/%d7%a8%d7%a9%d7%99%d7%9e%d7%aa-%d7%a0%d7%9b%d7%a1%d7%99%d7%9d-%d7%a8%d7%91%d7%a2%d7%95%d7%a0%d7%99%d7%aa/,הורד -> רשימת נכסים 12.2022 מצרפי הורד הורד,https://www.kav-habriut.co.il/wp-content/uploads/2023/03/512008335_gsum_P422.xlsx
2026-10-01T10:54:54+00:00,512008335,"קו הבריאות חברה לניהול קופות גמל בע""מ",text_changed,https://www.kav-habriut.co.il/%d7%94%d7%a9%d7%a7%d7%a2%d7%95%d7%aa/%d7%a8%d7%a9%d7%99%d7%9e%d7%aa-%d7%a0%d7%9b%d7%a1%d7%99%d7%9d-%d7%a8%d7%91%d7%a2%d7%95%d7%a0%d7%99%d7%aa/,הורד -> רשימת נכסים 12.2022 מסלול 60 ומעלה הורד הורד,https://www.kav-habriut.co.il/wp-content/uploads/2023/03/512008335_g7211_P422.xlsx
2026-10-01T10:54:54+00:00,512008335,"קו הבריאות חברה לניהול קופות גמל בע""מ",text_changed,https://www.kav-habriut.co.il/%d7%94%d7%a9%d7%a7%d7%a2%d7%95%d7%aa/%d7%a8%d7%a9%d7%99%d7%9e%d7%aa-%d7%a0%d7%9b%d7%a1%d7%99%d7%9d-%d7%a8%d7%91%d7%a2%d7%95%d7%a0%d7%99%d7%aa/,הורד -> רשימת נכסים 12.2022 מסלול 50-60 הורד הורד,https://www.kav-habriut.co.il/wp-content/uploads/2023/03/512008335_g7210_P422.xlsx
2026-10-01T10:54:54+00:00,512008335,"קו הבריאות חברה לניהול קופות גמל בע""מ",text_changed,https://www.kav-habriut.co.il/%d7%94%d7%a9%d7%a7%d7%a2%d7%95%d7%aa/%d7%a8%d7%a9%d7%99%d7%9e%d7%aa-%d7%a0%d7%9b%d7%a1%d7%99%d7%9d-%d7%a8%d7%91%d7%a2%d7%95%d7%a0%d7%99%d7%aa/,הורד -> רשימת נכסים 12.2022 מסלול 50 ומטה הורד הורד,https://www.kav-habriut.co.il/wp-content/uploads/2023/03/512008335_g7209_P422.xlsx
2026-10-01T10:54:54+00:00,512008335,"קו הבריאות חברה לניהול קופות גמל בע""מ",text_changed,https://www.kav-habriut.co.il/%d7%94%d7%a9%d7%a7%d7%a2%d7%95%d7%aa/%d7%a8%d7%a9%d7%99%d7%9e%d7%aa-%d7%a0%d7%9b%d7%a1%d7%99%d7%9d-%d7%a8%d7%91%d7%a2%d7%95%d7%a0%d7%99%d7%aa/,הורד -> רשימת נכסים 09.2022 מצרפי הורד הורד,https://www.kav-habriut.co.il/wp-content/uploads/2022/11/512008335_gsum_P322.xlsx
2026-10-01T10:54:54+00:00,512008335,"קו הבריאות חברה לניהול קופות גמל בע""מ",text_changed,https://www.kav-habriut.co.il/%d7%94%d7%a9%d7%a7%d7%a2%d7%95%d7%aa/%d7%a8%d7%a9%d7%99%d7%9e%d7%aa-%d7%a0%d7%9b%d7%a1%d7%99%d7%9d-%d7%a8%d7%91%d7%a2%d7%95%d7%a0%d7%99%d7%aa/,הורד -> רשימת נכסים 09.2022 מסלול 60 ומעלה הורד הורד,https://www.kav-habriut.co.il/wp-content/uploads/2022/11/512008335_g7211_P322.xlsx
2026-10-01T10:54:54+00:00,512008335,"קו הבריאות חברה לניהול קופות גמל בע""מ",text_changed,https://www.kav-habriut.co.il/%d7%94%d7%a9%d7%a7%d7%a2%d7%95%d7%aa/%d7%a8%d7%a9%d7%99%d7%9e%d7%aa-%d7%a0%d7%9b%d7%a1%d7%99%d7%9d-%d7%a8%d7%91%d7%a2%d7%95%d7%a0%d7%99%d7%aa/,הורד -> רשימת נכסים 09.2022 מסלול 50-60 הורד הורד,https://www.kav-habriut.co.il/wp-content/uploads/2022/11/512008335_g7210_P322.xlsx
2026-10-01T10:54:54+00:00,512008335,"קו הבריאות חברה לניהול קופות גמל בע""מ",text_changed,https://www.kav-habriut.co.il/%d7%94%d7%a9%d7%a7%d7%a2%d7%95%d7%aa/%d7%a8%d7%a9%d7%99%d7%9e%d7%aa-%d7%a0%d7%9b%d7%a1%d7%99%d7%9d-%d7%a8%d7%91%d7%a2%d7%95%d7%a0%d7%99%d7%aa/,הורד -> רשימת נכסים 09.2022 מסלול 50 ומטה הורד הורד,https://www.kav-habriut.co.il/wp-content/uploads/2022/11/512008335_g7209_P322.xlsx
2026-10-01T10:54:54+00:00,512008335,"קו הבריאות חברה לניהול קופות גמל בע""מ",text_changed,https://www.kav-habriut.co.il/%d7%94%d7%a9%d7%a7%d7%a2%d7%95%d7%aa/%d7%a8%d7%a9%d7%99%d7%9e%d7%aa-%d7%a0%d7%9b%d7%a1%d7%99%d7%9d-%d7%a8%d7%91%d7%a2%d7%95%d7%a0%d7%99%d7%aa/,הורד -> רשימת נכסים 06.2022 מצרפי הורד הורד,https://www.kav-habriut.co.il/wp-content/uploads/2022/08/512008335_Gsum_P222.xlsx
2026-10-01T10:54:54+00:00,512008335,"קו הבריאות חברה לניהול קופות גמל בע""מ",text_changed,https://www.kav-habriut.co.il/%d7%94%d7%a9%d7%a7%d7%a2%d7%95%d7%aa/%d7%a8%d7%a9%d7%99%d7%9e%d7%aa-%d7%a0%d7%9b%d7%a1%d7%99%d7%9d-%d7%a8%d7%91%d7%a2%d7%95%d7%a0%d7%99%d7%aa/,הורד -> רשימת נכסים 06.2022 מסלול 60 ומעלה הורד הורד,https://www.kav-habriut.co.il/wp-content/uploads/2022/08/512008335_g7211_P222.xlsx
2026-10-01T10:54:54+00:00,512008335,"קו הבריאות חברה לניהול קופות גמל בע""מ",text_changed,https://www.kav-habriut.co.il/%d7%94%d7%a9%d7%a7%d7%a2%d7%95%d7%aa/%d7%a8%d7%a9%d7%99%d7%9e%d7%aa-%d7%a0%d7%9b%d7%a1%d7%99%d7%9d-%d7%a8%d7%91%d7%a2%d7%95%d7%a0%d7%99%d7%aa/,הורד -> רשימת נכסים 06.2022 מסלול 50-60 הורד הורד,https://www.kav-habriut.co.il/wp-content/uploads/2022/08/512008335_g7210_P222.xlsx
2026-10-01T10:54:54+00:00,512008335,"קו הבריאות חברה לניהול קופות גמל בע""מ",text_changed,https://www.kav-habriut.co.il/%d7%94%d7%a9%d7%a7%d7%a2%d7%95%d7%aa/%d7%a8%d7%a9%d7%99%d7%9e%d7%aa-%d7%a0%d7%9b%d7%a1%d7%99%d7%9d-%d7%a8%d7%91%d7%a2%d7%95%d7%a0%d7%99%d7%aa/,הורד -> רשימת נכסים 06.2022 מסלול 50 ומטה הורד הורד,https://www.kav-habriut.co.il/wp-content/uploads/2022/08/512008335_g7209_P222.xlsx
2026-10-01T10:54:54+00:00,512008335,"קו הבריאות חברה לניהול קופות גמל בע""מ",text_changed,https://www.kav-habriut.co.il/%d7%94%d7%a9%d7%a7%d7%a2%d7%95%d7%aa/%d7%a8%d7%a9%d7%99%d7%9e%d7%aa-%d7%a0%d7%9b%d7%a1%d7%99%d7%9d-%d7%a8%d7%91%d7%a2%d7%95%d7%a0%d7%99%d7%aa/,הורד -> רשימת נכסים 03.2022 מצרפי הורד הורד,https://www.kav-habriut.co.il/wp-content/uploads/2022/05/512008335_gsum_P122.xlsx
2026-10-01T10:54:54+00:00,512008335,"קו הבריאות חברה לניהול קופות גמל בע""מ",text_changed,https://www.kav-habriut.co.il/%d7%94%d7%a9%d7%a7%d7%a2%d7%95%d7%aa/%d7%a8%d7%a9%d7%99%d7%9e%d7%aa-%d7%a0%d7%9b%d7%a1%d7%99%d7%9d-%d7%a8%d7%91%d7%a2%d7%95%d7%a0%d7%99%d7%aa/,הורד -> רשימת נכסים 03.2022 מסלול 60 ומעלה הורד הורד,https://www.kav-habriut.co.il/wp-content/uploads/2022/05/512008335_g7211_P122.xlsx
2026-10-01T10:54:54+00:00,512008335,"קו הבריאות חברה לניהול קופות גמל בע""מ",text_changed,https://www.kav-habriut.co.il/%d7%94%d7%a9%d7%a7%d7%a2%d7%95%d7%aa/%d7%a8%d7%a9%d7%99%d7%9e%d7%aa-%d7%a0%d7%9b%d7%a1%d7%99%d7%9d-%d7%a8%d7%91%d7%a2%d7%95%d7%a0%d7%99%d7%aa/,הורד -> רשימת נכסים 03.2022 מסלול 50-60 הורד הורד,https://www.kav-habriut.co.il/wp-content/uploads/2022/05/512008335_g7210_P122.xlsx
2026-10-01T10:54:54+00:00,512008335,"קו הבריאות חברה לניהול קופות גמל בע""מ",text_changed,https://www.kav-habriut.co.il/%d7%94%d7%a9%d7%a7%d7%a2%d7%95%d7%aa/%d7%a8%d7%a9%d7%99%d7%9e%d7%aa-%d7%a0%d7%9b%d7%a1%d7%99%d7%9d-%d7%a8%d7%91%d7%a2%d7%95%d7%a0%d7%99%d7%aa/,הורד -> רשימת נכסים 03.2022 מסלול 50 ומטה הורד הורד,https://www.kav-habriut.co.il/wp-content/uploads/2022/05/512008335_g7209_P122.xlsx
2026-10-01T10:54:54+00:00,512008335,"קו הבריאות חברה לניהול קופות גמל בע""מ",text_changed,https://www.kav-habriut.co.il/%d7%94%d7%a9%d7%a7%d7%a2%d7%95%d7%aa/%d7%a8%d7%a9%d7%99%d7%9e%d7%aa-%d7%a0%d7%9b%d7%a1%d7%99%d7%9d-%d7%a8%d7%91%d7%a2%d7%95%d7%a0%d7%99%d7%aa/,הורד -> סקירת רו”ח על רשימת נכסים 12.2022 הורד הורד,https://www.kav-habriut.co.il/wp-content/uploads/2023/03/חווד_רשימת_נכסים.pdf
2026-10-01T10:54:54+00:00,512008335,"קו הבריאות חברה לניהול קופות גמל בע""מ",text_changed,https://www.kav-habriut.co.il/%d7%94%d7%a9%d7%a7%d7%a2%d7%95%d7%aa/%d7%a8%d7%a9%d7%99%d7%9e%d7%aa-%d7%a0%d7%9b%d7%a1%d7%99%d7%9d-%d7%a8%d7%91%d7%a2%d7%95%d7%a0%d7%99%d7%aa/,הורד -> סקירת רו”ח על רשימת נכסים 09.2022 הורד הורד,https://www.kav-habriut.co.il/wp-content/uploads/2022/11/KV_NCHS.pdf
2026-10-01T10:54:54+00:00,512008335,"קו הבריאות חברה לניהול קופות גמל בע""מ",text_changed,https://www.kav-habriut.co.il/%d7%94%d7%a9%d7%a7%d7%a2%d7%95%d7%aa/%d7%a8%d7%a9%d7%99%d7%9e%d7%aa-%d7%a0%d7%9b%d7%a1%d7%99%d7%9d-%d7%a8%d7%91%d7%a2%d7%95%d7%a0%d7%99%d7%aa/,הורד -> סקירת רו”ח על רשימת נכסים 06.2022 הורד הורד,https://www.kav-habriut.co.il/wp-content/uploads/2022/08/חווד_רשימת_נכסים_062022.pdf
2026-10-01T10:54:54+00:00,512008335,"קו הבריאות חברה לניהול קופות גמל בע""מ",text_changed,https://www.kav-habriut.co.il/%d7%94%d7%a9%d7%a7%d7%a2%d7%95%d7%aa/%d7%a8%d7%a9%d7%99%d7%9e%d7%aa-%d7%a0%d7%9b%d7%a1%d7%99%d7%9d-%d7%a8%d7%91%d7%a2%d7%95%d7%a0%d7%99%d7%aa/,הורד -> סקירת רו”ח על רשימת נכסים 03.2022 הורד הורד,https://www.kav-habriut.co.il/wp-content/uploads/2022/05/SKMBT_36322052510500.pdf
2026-10-01T10:54:54+00:00,512008335,"קו הבריאות חברה לניהול קופות גמל בע""מ",text_changed,https://www.kav-habriut.co.il/%d7%94%d7%a9%d7%a7%d7%a2%d7%95%d7%aa/%d7%a8%d7%a9%d7%99%d7%9e%d7%aa-%d7%a0%d7%9b%d7%a1%d7%99%d7%9d-%d7%a8%d7%91%d7%a2%d7%95%d7%a0%d7%99%d7%aa/,הורד -> רשימת נכסים 12.2021 מצרפי הורד הורד,https://www.kav-habriut.co.il/wp-content/uploads/2022/03/512008335_sum_P421.xlsx
2026-10-01T10:54:54+00:00,512008335,"קו הבריאות חברה לניהול קופות גמל בע""מ",text_changed,https://www.kav-habriut.co.il/%d7%94%d7%a9%d7%a7%d7%a2%d7%95%d7%aa/%d7%a8%d7%a9%d7%99%d7%9e%d7%aa-%d7%a0%d7%9b%d7%a1%d7%99%d7%9d-%d7%a8%d7%91%d7%a2%d7%95%d7%a0%d7%99%d7%aa/,הורד -> רשימת נכסים 12.2021 מסלול 60 ומעלה הורד הורד,https://www.kav-habriut.co.il/wp-content/uploads/2022/03/512008335_g7211_P421.xlsx
2026-10-01T10:54:54+00:00,512008335,"קו הבריאות חברה לניהול קופות גמל בע""מ",text_changed,https://www.kav-habriut.co.il/%d7%94%d7%a9%d7%a7%d7%a2%d7%95%d7%aa/%d7%a8%d7%a9%d7%99%d7%9e%d7%aa-%d7%a0%d7%9b%d7%a1%d7%99%d7%9d-%d7%a8%d7%91%d7%a2%d7%95%d7%a0%d7%99%d7%aa/,הורד -> רשימת נכסים 12.2021 מסלול 50-60 הורד הורד,https://www.kav-habriut.co.il/wp-content/uploads/2022/03/512008335_g7210_P421.xlsx
2026-10-01T10:54:54+00:00,512008335,"קו הבריאות חברה לניהול קופות גמל בע""מ",text_changed,https://www.kav-habriut.co.il/%d7%94%d7%a9%d7%a7%d7%a2%d7%95%d7%aa/%d7%a8%d7%a9%d7%99%d7%9e%d7%aa-%d7%a0%d7%9b%d7%a1%d7%99%d7%9d-%d7%a8%d7%91%d7%a2%d7%95%d7%a0%d7%99%d7%aa/,הורד -> רשימת נכסים 12.2021 מסלול 50 ומטה הורד הורד,https://www.kav-habriut.co.il/wp-content/uploads/2022/03/512008335_g7209_P421.xlsx
2026-10-01T10:54:54+00:00,512008335,"קו הבריאות חברה לניהול קופות גמל בע""מ",text_changed,https://www.kav-habriut.co.il/%d7%94%d7%a9%d7%a7%d7%a2%d7%95%d7%aa/%d7%a8%d7%a9%d7%99%d7%9e%d7%aa-%d7%a0%d7%9b%d7%a1%d7%99%d7%9d-%d7%a8%d7%91%d7%a2%d7%95%d7%a0%d7%99%d7%aa/,הורד -> רשימת נכסים 09.2021 מצרפי הורד הורד,https://www.kav-habriut.co.il/wp-content/uploads/2021/11/512008335_gsum_P321.xlsx
2026-10-01T10:54:54+00:00,512008335,"קו הבריאות חברה לניהול קופות גמל בע""מ",text_changed,https://www.kav-habriut.co.il/%d7%94%d7%a9%d7%a7%d7%a2%d7%95%d7%aa/%d7%a8%d7%a9%d7%99%d7%9e%d7%aa-%d7%a0%d7%9b%d7%a1%d7%99%d7%9d-%d7%a8%d7%91%d7%a2%d7%95%d7%a0%d7%99%d7%aa/,הורד -> רשימת נכסים 09.2021 מסלול 60 ומעלה הורד הורד,https://www.kav-habriut.co.il/wp-content/uploads/2021/11/512008335_g7211_P321.xlsx
2026-10-01T10:54:54+00:00,512008335,"קו הבריאות חברה לניהול קופות גמל בע""מ",text_changed,https://www.kav-habriut.co.il/%d7%94%d7%a9%d7%a7%d7%a2%d7%95%d7%aa/%d7%a8%d7%a9%d7%99%d7%9e%d7%aa-%d7%a0%d7%9b%d7%a1%d7%99%d7%9d-%d7%a8%d7%91%d7%a2%d7%95%d7%a0%d7%99%d7%aa/,הורד -> רשימת נכסים 09.2021 מסלול 50-60 הורד הורד,https://www.kav-habriut.co.il/wp-content/uploads/2021/11/512008335_g7210_P321.xlsx
2026-10-01T10:54:54+00:00,512008335,"קו הבריאות חברה לניהול קופות גמל בע""מ",text_changed,https://www.kav-habriut.co.il/%d7%94%d7%a9%d7%a7%d7%a2%d7%95%d7%aa/%d7%a8%d7%a9%d7%99%d7%9e%d7%aa-%d7%a0%d7%9b%d7%a1%d7%99%d7%9d-%d7%a8%d7%91%d7%a2%d7%95%d7%a0%d7%99%d7%aa/,הורד -> רשימת נכסים 09.2021 מסלול 50 ומטה הורד הורד,https://www.kav-habriut.co.il/wp-content/uploads/2021/11/512008335_g7209_P321.xlsx
2026-10-01T10:54:54+00:00,512008335,"קו הבריאות חברה לניהול קופות גמל בע""מ",text_changed,https://www.kav-habriut.co.il/%d7%94%d7%a9%d7%a7%d7%a2%d7%95%d7%aa/%d7%a8%d7%a9%d7%99%d7%9e%d7%aa-%d7%a0%d7%9b%d7%a1%d7%99%d7%9d-%d7%a8%d7%91%d7%a2%d7%95%d7%a0%d7%99%d7%aa/,הורד -> רשימת נכסים 06.2021 מצרפי הורד הורד,https://www.kav-habriut.co.il/wp-content/uploads/2021/08/512008335_GSUM_p221.xlsx
2026-10-01T10:54:54+00:00,512008335,"קו הבריאות חברה לניהול קופות גמל בע""מ",text_changed,https://www.kav-habriut.co.il/%d7%94%d7%a9%d7%a7%d7%a2%d7%95%d7%aa/%d7%a8%d7%a9%d7%99%d7%9e%d7%aa-%d7%a0%d7%9b%d7%a1%d7%99%d7%9d-%d7%a8%d7%91%d7%a2%d7%95%d7%a0%d7%99%d7%aa/,הורד -> רשימת נכסים 06.2021 מסלול 60 ומעלה הורד הורד,https://www.kav-habriut.co.il/wp-content/uploads/2021/08/512008335_g7211_0221.xlsx
2026-10-01T10:54:54+00:00,512008335,"קו הבריאות חברה לניהול קופות גמל בע""מ",text_changed,https://www.kav-habriut.co.il/%d7%94%d7%a9%d7%a7%d7%a2%d7%95%d7%aa/%d7%a8%d7%a9%d7%99%d7%9e%d7%aa-%d7%a0%d7%9b%d7%a1%d7%99%d7%9d-%d7%a8%d7%91%d7%a2%d7%95%d7%a0%d7%99%d7%aa/,הורד -> רשימת נכסים 06.2021 מסלול 50-60 הורד הורד,https://www.kav-habriut.co.il/wp-content/uploads/2021/08/512008335_g7210_p221.xlsx
2026-10-01T10:54:54+00:00,512008335,"קו הבריאות חברה לניהול קופות גמל בע""מ",text_changed,https://www.kav-habriut.co.il/%d7%94%d7%a9%d7%a7%d7%a2%d7%95%d7%aa/%d7%a8%d7%a9%d7%99%d7%9e%d7%aa-%d7%a0%d7%9b%d7%a1%d7%99%d7%9d-%d7%a8%d7%91%d7%a2%d7%95%d7%a0%d7%99%d7%aa/,הורד -> רשימת נכסים 06.2021 מסלול 50 ומטה הורד הורד,https://www.kav-habriut.co.il/wp-content/uploads/2021/08/512008335_g7209_p221.xlsx
2026-10-01T10:54:54+00:00,512008335,"קו הבריאות חברה לניהול קופות גמל בע""מ",text_changed,https://www.kav-habriut.co.il/%d7%94%d7%a9%d7%a7%d7%a2%d7%95%d7%aa/%d7%a8%d7%a9%d7%99%d7%9e%d7%aa-%d7%a0%d7%9b%d7%a1%d7%99%d7%9d-%d7%a8%d7%91%d7%a2%d7%95%d7%a0%d7%99%d7%aa/,הורד -> רשימת נכסים 03.2021 מצרפי הורד הורד,https://www.kav-habriut.co.il/wp-content/uploads/2021/05/512008335_gSUM_P121.xlsx
2026-10-01T10:54:54+00:00,512008335,"קו הבריאות חברה לניהול קופות גמל בע""מ",text_changed,https://www.kav-habriut.co.il/%d7%94%d7%a9%d7%a7%d7%a2%d7%95%d7%aa/%d7%a8%d7%a9%d7%99%d7%9e%d7%aa-%d7%a0%d7%9b%d7%a1%d7%99%d7%9d-%d7%a8%d7%91%d7%a2%d7%95%d7%a0%d7%99%d7%aa/,הורד -> רשימת נכסים 03.2021 מסלול 60 ומעלה הורד הורד,https://www.kav-habriut.co.il/wp-content/uploads/2021/05/512008335_g7211_P121.xlsx
2026-10-01T10:54:54+00:00,512008335,"קו הבריאות חברה לניהול קופות גמל בע""מ",text_changed,https://www.kav-habriut.co.il/%d7%94%d7%a9%d7%a7%d7%a2%d7%95%d7%aa/%d7%a8%d7%a9%d7%99%d7%9e%d7%aa-%d7%a0%d7%9b%d7%a1%d7%99%d7%9d-%d7%a8%d7%91%d7%a2%d7%95%d7%a0%d7%99%d7%aa/,הורד -> רשימת נכסים 03.2021 מסלול 50-60 הורד הורד,https://www.kav-habriut.co.il/wp-content/uploads/2021/05/512008335_g7210_P121.xlsx
2026-10-01T10:54:54+00:00,512008335,"קו הבריאות חברה לניהול קופות גמל בע""מ",text_changed,https://www.kav-habriut.co.il/%d7%94%d7%a9%d7%a7%d7%a2%d7%95%d7%aa/%d7%a8%d7%a9%d7%99%d7%9e%d7%aa-%d7%a0%d7%9b%d7%a1%d7%99%d7%9d-%d7%a8%d7%91%d7%a2%d7%95%d7%a0%d7%99%d7%aa/,הורד -> רשימת נכסים 03.2021 מסלול 50 ומטה הורד הורד,https://www.kav-habriut.co.il/wp-content/uploads/2021/05/512008335_g7209_P121.xlsx
2026-10-01T10:54:54+00:00,512008335,"קו הבריאות חברה לניהול קופות גמל בע""מ",text_changed,https://www.kav-habriut.co.il/%d7%94%d7%a9%d7%a7%d7%a2%d7%95%d7%aa/%d7%a8%d7%a9%d7%99%d7%9e%d7%aa-%d7%a0%d7%9b%d7%a1%d7%99%d7%9d-%d7%a8%d7%91%d7%a2%d7%95%d7%a0%d7%99%d7%aa/,הורד -> סקירת רו”ח על רשימת נכסים 12.2021 הורד הורד,https://www.kav-habriut.co.il/wp-content/uploads/2022/03/חווד_רשימת_נכסים_קו_הבריאות.pdf
2026-10-01T10:54:54+00:00,512008335,"קו הבריאות חברה לניהול קופות גמל בע""מ",text_changed,https://www.kav-habriut.co.il/%d7%94%d7%a9%d7%a7%d7%a2%d7%95%d7%aa/%d7%a8%d7%a9%d7%99%d7%9e%d7%aa-%d7%a0%d7%9b%d7%a1%d7%99%d7%9d-%d7%a8%d7%91%d7%a2%d7%95%d7%a0%d7%99%d7%aa/,הורד -> סקירת רו”ח על רשימת נכסים 09.2021 הורד הורד,https://www.kav-habriut.co.il/wp-content/uploads/2021/11/KAV.pdf
2026-10-01T10:54:54+00:00,512008335,"קו הבריאות חברה לניהול קופות גמל בע""מ",text_changed,https://www.kav-habriut.co.il/%d7%94%d7%a9%d7%a7%d7%a2%d7%95%d7%aa/%d7%a8%d7%a9%d7%99%d7%9e%d7%aa-%d7%a0%d7%9b%d7%a1%d7%99%d7%9d-%d7%a8%d7%91%d7%a2%d7%95%d7%a0%d7%99%d7%aa/,הורד -> סקירת רו”ח על רשימת נכסים 06.2021 הורד הורד,https://www.kav-habriut.co.il/wp-content/uploads/2021/08/חווד_רשימת_נכסים_06.21.pdf
2026-10-01T10:54:54+00:00,512008335,"קו הבריאות חברה לניהול קופות גמל בע""מ",text_changed,https://www.kav-habriut.co.il/%d7%94%d7%a9%d7%a7%d7%a2%d7%95%d7%aa/%d7%a8%d7%a9%d7%99%d7%9e%d7%aa-%d7%a0%d7%9b%d7%a1%d7%99%d7%9d-%d7%a8%d7%91%d7%a2%d7%95%d7%a0%d7%99%d7%aa/,הורד -> סקירת רו”ח על רשימת נכסים 03.2021 הורד הורד,https://www.kav-habriut.co.il/wp-content/uploads/2021/05/חווד_רשימת_נכסים2.pdf
2026-10-01T10:54:54+00:00,512008335,"קו הבריאות חברה לניהול קופות גמל בע""מ",text_changed,https://www.kav-habriut.co.il/%d7%94%d7%a9%d7%a7%d7%a2%d7%95%d7%aa/%d7%a8%d7%a9%d7%99%d7%9e%d7%aa-%d7%a0%d7%9b%d7%a1%d7%99%d7%9d-%d7%a8%d7%91%d7%a2%d7%95%d7%a0%d7%99%d7%aa/,הורד -> רשימת נכסים 12.2020 מצרפי הורד הורד,https://www.kav-habriut.co.il/wp-content/uploads/2021/03/512008335_Gsum_P420.xlsx
2026-10-01T10:54:54+00:00,512008335,"קו הבריאות חברה לניהול קופות גמל בע""מ",text_changed,https://www.kav-habriut.co.il/%d7%94%d7%a9%d7%a7%d7%a2%d7%95%d7%aa/%d7%a8%d7%a9%d7%99%d7%9e%d7%aa-%d7%a0%d7%9b%d7%a1%d7%99%d7%9d-%d7%a8%d7%91%d7%a2%d7%95%d7%a0%d7%99%d7%aa/,הורד -> רשימת נכסים 12.2020 מסלול 60 ומעלה הורד הורד,https://www.kav-habriut.co.il/wp-content/uploads/2021/03/512008335_g7211_P420.xlsx
2026-10-01T10:54:54+00:00,512008335,"קו הבריאות חברה לניהול קופות גמל בע""מ",text_changed,https://www.kav-habriut.co.il/%d7%94%d7%a9%d7%a7%d7%a2%d7%95%d7%aa/%d7%a8%d7%a9%d7%99%d7%9e%d7%aa-%d7%a0%d7%9b%d7%a1%d7%99%d7%9d-%d7%a8%d7%91%d7%a2%d7%95%d7%a0%d7%99%d7%aa/,הורד -> רשימת נכסים 12.2020 מסלול 50-60 הורד הורד,https://www.kav-habriut.co.il/wp-content/uploads/2021/03/512008335_g7210_P420.xlsx
2026-10-01T10:54:54+00:00,512008335,"קו הבריאות חברה לניהול קופות גמל בע""מ",text_changed,https://www.kav-habriut.co.il/%d7%94%d7%a9%d7%a7%d7%a2%d7%95%d7%aa/%d7%a8%d7%a9%d7%99%d7%9e%d7%aa-%d7%a0%d7%9b%d7%a1%d7%99%d7%9d-%d7%a8%d7%91%d7%a2%d7%95%d7%a0%d7%99%d7%aa/,הורד -> רשימת נכסים 12.2020 מסלול 50 ומטה הורד הורד,https://www.kav-habriut.co.il/wp-content/uploads/2021/03/512008335_g7209_P420.xlsx
2026-10-01T10:54:54+00:00,512008335,"קו הבריאות חברה לניהול קופות גמל בע""מ",text_changed,https://www.kav-habriut.co.il/%d7%94%d7%a9%d7%a7%d7%a2%d7%95%d7%aa/%d7%a8%d7%a9%d7%99%d7%9e%d7%aa-%d7%a0%d7%9b%d7%a1%d7%99%d7%9d-%d7%a8%d7%91%d7%a2%d7%95%d7%a0%d7%99%d7%aa/,הורד -> רשימת נכסים 09.2020 מצרפי הורד הורד,https://www.kav-habriut.co.il/wp-content/uploads/2020/11/512008335_gsum_P320.xlsx
2026-10-01T10:54:54+00:00,512008335,"קו הבריאות חברה לניהול קופות גמל בע""מ",text_changed,https://www.kav-habriut.co.il/%d7%94%d7%a9%d7%a7%d7%a2%d7%95%d7%aa/%d7%a8%d7%a9%d7%99%d7%9e%d7%aa-%d7%a0%d7%9b%d7%a1%d7%99%d7%9d-%d7%a8%d7%91%d7%a2%d7%95%d7%a0%d7%99%d7%aa/,הורד -> רשימת נכסים 09.2020 מסלול 60 ומעלה הורד הורד,https://www.kav-habriut.co.il/wp-content/uploads/2020/11/512008335_g7211_P320.xlsx
2026-10-01T10:54:54+00:00,512008335,"קו הבריאות חברה לניהול קופות גמל בע""מ",text_changed,https://www.kav-habriut.co.il/%d7%94%d7%a9%d7%a7%d7%a2%d7%95%d7%aa/%d7%a8%d7%a9%d7%99%d7%9e%d7%aa-%d7%a0%d7%9b%d7%a1%d7%99%d7%9d-%d7%a8%d7%91%d7%a2%d7%95%d7%a0%d7%99%d7%aa/,הורד -> רשימת נכסים 09.2020 מסלול 50-60 הורד הורד,https://www.kav-habriut.co.il/wp-content/uploads/2020/11/512008335_g7210_P320.xlsx
2026-10-01T10:54:54+00:00,512008335,"קו הבריאות חברה לניהול קופות גמל בע""מ",text_changed,https://www.kav-habriut.co.il/%d7%94%d7%a9%d7%a7%d7%a2%d7%95%d7%aa/%d7%a8%d7%a9%d7%99%d7%9e%d7%aa-%d7%a0%d7%9b%d7%a1%d7%99%d7%9d-%d7%a8%d7%91%d7%a2%d7%95%d7%a0%d7%99%d7%aa/,הורד -> רשימת נכסים 09.2020 מסלול 50 ומטה הורד הורד,https://www.kav-habriut.co.il/wp-content/uploads/2020/11/512008335_g7209_P320.xlsx
2026-10-01T10:54:54+00:00,512008335,"קו הבריאות חברה לניהול קופות גמל בע""מ",text_changed,https://www.kav-habriut.co.il/%d7%94%d7%a9%d7%a7%d7%a2%d7%95%d7%aa/%d7%a8%d7%a9%d7%99%d7%9e%d7%aa-%d7%a0%d7%9b%d7%a1%d7%99%d7%9d-%d7%a8%d7%91%d7%a2%d7%95%d7%a0%d7%99%d7%aa/,הורד -> רשימת נכסים 06.2020 מצרפי הורד הורד,https://www.kav-habriut.co.il/wp-content/uploads/2020/11/512008335_gsum_P220.xlsx
2026-10-01T10:54:54+00:00,512008335,"קו הבריאות חברה לניהול קופות גמל בע""מ",text_changed,https://www.kav-habriut.co.il/%d7%94%d7%a9%d7%a7%d7%a2%d7%95%d7%aa/%d7%a8%d7%a9%d7%99%d7%9e%d7%aa-%d7%a0%d7%9b%d7%a1%d7%99%d7%9d-%d7%a8%d7%91%d7%a2%d7%95%d7%a0%d7%99%d7%aa/,הורד -> רשימת נכסים 06.2020 מסלול 60 ומעלה הורד הורד,https://www.kav-habriut.co.il/wp-content/uploads/2020/11/512008335_g7211_P220.xlsx
2026-10-01T10:54:54+00:00,512008335,"קו הבריאות חברה לניהול קופות גמל בע""מ",text_changed,https://www.kav-habriut.co.il/%d7%94%d7%a9%d7%a7%d7%a2%d7%95%d7%aa/%d7%a8%d7%a9%d7%99%d7%9e%d7%aa-%d7%a0%d7%9b%d7%a1%d7%99%d7%9d-%d7%a8%d7%91%d7%a2%d7%95%d7%a0%d7%99%d7%aa/,הורד -> רשימת נכסים 06.2020 מסלול 50-60 הורד הורד,https://www.kav-habriut.co.il/wp-content/uploads/2020/11/512008335_g7210_P220.xlsx
2026-10-01T10:54:54+00:00,512008335,"קו הבריאות חברה לניהול קופות גמל בע""מ",text_changed,https://www.kav-habriut.co.il/%d7%94%d7%a9%d7%a7%d7%a2%d7%95%d7%aa/%d7%a8%d7%a9%d7%99%d7%9e%d7%aa-%d7%a0%d7%9b%d7%a1%d7%99%d7%9d-%d7%a8%d7%91%d7%a2%d7%95%d7%a0%d7%99%d7%aa/,הורד -> רשימת נכסים 06.2020 מסלול 50 ומטה הורד הורד,https://www.kav-habriut.co.il/wp-content/uploads/2020/11/512008335_g7209_P220.xlsx
2026-10-01T10:54:54+00:00,512008335,"קו הבריאות חברה לניהול קופות גמל בע""מ",text_changed,https://www.kav-habriut.co.il/%d7%94%d7%a9%d7%a7%d7%a2%d7%95%d7%aa/%d7%a8%d7%a9%d7%99%d7%9e%d7%aa-%d7%a0%d7%9b%d7%a1%d7%99%d7%9d-%d7%a8%d7%91%d7%a2%d7%95%d7%a0%d7%99%d7%aa/,הורד -> רשימת נכסים 03.2020 מצרפי הורד הורד,https://www.kav-habriut.co.il/wp-content/uploads/2020/06/512008335_Gsum_P120.xlsx
2026-10-01T10:54:54+00:00,512008335,"קו הבריאות חברה לניהול קופות גמל בע""מ",text_changed,https://www.kav-habriut.co.il/%d7%94%d7%a9%d7%a7%d7%a2%d7%95%d7%aa/%d7%a8%d7%a9%d7%99%d7%9e%d7%aa-%d7%a0%d7%9b%d7%a1%d7%99%d7%9d-%d7%a8%d7%91%d7%a2%d7%95%d7%a0%d7%99%d7%aa/,הורד -> רשימת נכסים 03.2020 מסלול 60 ומעלה הורד הורד,https://www.kav-habriut.co.il/wp-content/uploads/2020/06/512008335_g7211_P120.xlsx
2026-10-01T10:54:54+00:00,512008335,"קו הבריאות חברה לניהול קופות גמל בע""מ",text_changed,https://www.kav-habriut.co.il/%d7%94%d7%a9%d7%a7%d7%a2%d7%95%d7%aa/%d7%a8%d7%a9%d7%99%d7%9e%d7%aa-%d7%a0%d7%9b%d7%a1%d7%99%d7%9d-%d7%a8%d7%91%d7%a2%d7%95%d7%a0%d7%99%d7%aa/,הורד -> רשימת נכסים 03.2020 מסלול 50-60 הורד הורד,https://www.kav-habriut.co.il/wp-content/uploads/2020/06/512008335_g7210_P120.xlsx
2026-10-01T10:54:54+00:00,512008335,"קו הבריאות חברה לניהול קופות גמל בע""מ",text_changed,https://www.kav-habriut.co.il/%d7%94%d7%a9%d7%a7%d7%a2%d7%95%d7%aa/%d7%a8%d7%a9%d7%99%d7%9e%d7%aa-%d7%a0%d7%9b%d7%a1%d7%99%d7%9d-%d7%a8%d7%91%d7%a2%d7%95%d7%a0%d7%99%d7%aa/,הורד -> רשימת נכסים 03.2020 מסלול 50 ומטה הורד הורד,https://www.kav-habriut.co.il/wp-content/uploads/2020/06/512008335_g7209_P120.xlsx
2026-10-01T10:54:54+00:00,512008335,"קו הבריאות חברה לניהול קופות גמל בע""מ",text_changed,https://www.kav-habriut.co.il/%d7%94%d7%a9%d7%a7%d7%a2%d7%95%d7%aa/%d7%a8%d7%a9%d7%99%d7%9e%d7%aa-%d7%a0%d7%9b%d7%a1%d7%99%d7%9d-%d7%a8%d7%91%d7%a2%d7%95%d7%a0%d7%99%d7%aa/,הורד -> סקירת רו”ח על רשימת נכסים 12.2020 הורד הורד,https://www.kav-habriut.co.il/wp-content/uploads/2021/03/חווד_רשימת_נכסים.pdf
2026-10-01T10:54:54+00:00,512008335,"קו הבריאות חברה לניהול קופות גמל בע""מ",text_changed,https://www.kav-habriut.co.il/%d7%94%d7%a9%d7%a7%d7%a2%d7%95%d7%aa/%d7%a8%d7%a9%d7%99%d7%9e%d7%aa-%d7%a0%d7%9b%d7%a1%d7%99%d7%9d-%d7%a8%d7%91%d7%a2%d7%95%d7%a0%d7%99%d7%aa/,הורד -> סקירת רו”ח על רשימת נכסים 09.2020 הורד הורד,https://www.kav-habriut.co.il/wp-content/uploads/2020/11/חווד_רשימת_נכסים.pdf
2026-10-01T10:54:54+00:00,512008335,"קו הבריאות חברה לניהול קופות גמל בע""מ",text_changed,https://www.kav-habriut.co.il/%d7%94%d7%a9%d7%a7%d7%a2%d7%95%d7%aa/%d7%a8%d7%a9%d7%99%d7%9e%d7%aa-%d7%a0%d7%9b%d7%a1%d7%99%d7%9d-%d7%a8%d7%91%d7%a2%d7%95%d7%a0%d7%99%d7%aa/,הורד -> סקירת רו”ח על רשימת נכסים 06.2020 הורד הורד,https://www.kav-habriut.co.il/wp-content/uploads/2020/11/חווד_רשימת_נכסים1.pdf
2026-10-01T10:54:54+00:00,512008335,"קו הבריאות חברה לניהול קופות גמל בע""מ",text_changed,https://www.kav-habriut.co.il/%d7%94%d7%a9%d7%a7%d7%a2%d7%95%d7%aa/%d7%a8%d7%a9%d7%99%d7%9e%d7%aa-%d7%a0%d7%9b%d7%a1%d7%99%d7%9d-%d7%a8%d7%91%d7%a2%d7%95%d7%a0%d7%99%d7%aa/,הורד -> סקירת רו”ח על רשימת נכסים 03.2020 הורד הורד,https://www.kav-habriut.co.il/wp-content/uploads/2020/06/חווד_רשימת_נכסים_קו_הבריאות.pdf
2026-10-01T10:54:54+00:00,512008335,"קו הבריאות חברה לניהול קופות גמל בע""מ",text_changed,https://www.kav-habriut.co.il/%d7%94%d7%a9%d7%a7%d7%a2%d7%95%d7%aa/%d7%a8%d7%a9%d7%99%d7%9e%d7%aa-%d7%a0%d7%9b%d7%a1%d7%99%d7%9d-%d7%a8%d7%91%d7%a2%d7%95%d7%a0%d7%99%d7%aa/,הורד -> רשימת נכסים 12.2019 מצרפי הורד הורד,https://www.kav-habriut.co.il/wp-content/uploads/2020/06/512008335_gsum_P4191.xlsx
2026-10-01T10:54:54+00:00,512008335,"קו הבריאות חברה לניהול קופות גמל בע""מ",text_changed,https://www.kav-habriut.co.il/%d7%94%d7%a9%d7%a7%d7%a2%d7%95%d7%aa/%d7%a8%d7%a9%d7%99%d7%9e%d7%aa-%d7%a0%d7%9b%d7%a1%d7%99%d7%9d-%d7%a8%d7%91%d7%a2%d7%95%d7%a0%d7%99%d7%aa/,הורד -> רשימת נכסים 12.2019 מסלול 60 ומעלה הורד הורד,https://www.kav-habriut.co.il/wp-content/uploads/2020/06/512008335_g7211_P4191.xlsx
2026-10-01T10:54:54+00:00,512008335,"קו הבריאות חברה לניהול קופות גמל בע""מ",text_changed,https://www.kav-habriut.co.il/%d7%94%d7%a9%d7%a7%d7%a2%d7%95%d7%aa/%d7%a8%d7%a9%d7%99%d7%9e%d7%aa-%d7%a0%d7%9b%d7%a1%d7%99%d7%9d-%d7%a8%d7%91%d7%a2%d7%95%d7%a0%d7%99%d7%aa/,הורד -> רשימת נכסים 12.2019 מסלול 50-60 הורד הורד,https://www.kav-habriut.co.il/wp-content/uploads/2020/06/512008335_g7210_P4191.xlsx
2026-10-01T10:54:54+00:00,512008335,"קו הבריאות חברה לניהול קופות גמל בע""מ",text_changed,https://www.kav-habriut.co.il/%d7%94%d7%a9%d7%a7%d7%a2%d7%95%d7%aa/%d7%a8%d7%a9%d7%99%d7%9e%d7%aa-%d7%a0%d7%9b%d7%a1%d7%99%d7%9d-%d7%a8%d7%91%d7%a2%d7%95%d7%a0%d7%99%d7%aa/,הורד -> רשימת נכסים 12.2019 מסלול 50 ומטה הורד הורד,https://www.kav-habriut.co.il/wp-content/uploads/2020/06/512008335_g7209_P4191.xlsx
2026-10-01T10:54:54+00:00,512008335,"קו הבריאות חברה לניהול קופות גמל בע""מ",text_changed,https://www.kav-habriut.co.il/%d7%94%d7%a9%d7%a7%d7%a2%d7%95%d7%aa/%d7%a8%d7%a9%d7%99%d7%9e%d7%aa-%d7%a0%d7%9b%d7%a1%d7%99%d7%9d-%d7%a8%d7%91%d7%a2%d7%95%d7%a0%d7%99%d7%aa/,הורד -> רשימת נכסים 09.2019 מצרפי הורד הורד,https://www.kav-habriut.co.il/wp-content/uploads/2019/11/512008335_Gsum_P319.xlsx
2026-10-01T10:54:54+00:00,512008335,"קו הבריאות חברה לניהול קופות גמל בע""מ",text_changed,https://www.kav-habriut.co.il/%d7%94%d7%a9%d7%a7%d7%a2%d7%95%d7%aa/%d7%a8%d7%a9%d7%99%d7%9e%d7%aa-%d7%a0%d7%9b%d7%a1%d7%99%d7%9d-%d7%a8%d7%91%d7%a2%d7%95%d7%a0%d7%99%d7%aa/,הורד -> רשימת נכסים 09.2019 מסלול 60 ומעלה הורד הורד,https://www.kav-habriut.co.il/wp-content/uploads/2019/11/512008335_g7211_P319.xlsx
2026-10-01T10:54:54+00:00,512008335,"קו הבריאות חברה לניהול קופות גמל בע""מ",text_changed,https://www.kav-habriut.co.il/%d7%94%d7%a9%d7%a7%d7%a2%d7%95%d7%aa/%d7%a8%d7%a9%d7%99%d7%9e%d7%aa-%d7%a0%d7%9b%d7%a1%d7%99%d7%9d-%d7%a8%d7%91%d7%a2%d7%95%d7%a0%d7%99%d7%aa/,הורד -> רשימת נכסים 09.2019 מסלול 50-60 הורד הורד,https://www.kav-habriut.co.il/wp-content/uploads/2019/11/512008335_g7210_P319.xlsx
2026-10-01T10:54:54+00:00,512008335,"קו הבריאות חברה לניהול קופות גמל בע""מ",text_changed,https://www.kav-habriut.co.il/%d7%94%d7%a9%d7%a7%d7%a2%d7%95%d7%aa/%d7%a8%d7%a9%d7%99%d7%9e%d7%aa-%d7%a0%d7%9b%d7%a1%d7%99%d7%9d-%d7%a8%d7%91%d7%a2%d7%95%d7%a0%d7%99%d7%aa/,הורד -> רשימת נכסים 09.2019 מסלול 50 ומטה הורד הורד,https://www.kav-habriut.co.il/wp-content/uploads/2019/11/512008335_g7209_P319.xlsx
2026-10-01T10:54:54+00:00,512008335,"קו הבריאות חברה לניהול קופות גמל בע""מ",text_changed,https://www.kav-habriut.co.il/%d7%94%d7%a9%d7%a7%d7%a2%d7%95%d7%aa/%d7%a8%d7%a9%d7%99%d7%9e%d7%aa-%d7%a0%d7%9b%d7%a1%d7%99%d7%9d-%d7%a8%d7%91%d7%a2%d7%95%d7%a0%d7%99%d7%aa/,הורד -> רשימת נכסים 06.2019 מצרפי הורד הורד,https://www.kav-habriut.co.il/wp-content/uploads/2019/08/512008335_gsum_P219.xlsx
2026-10-01T10:54:54+00:00,512008335,"קו הבריאות חברה לניהול קופות גמל בע""מ",text_changed,https://www.kav-habriut.co.il/%d7%94%d7%a9%d7%a7%d7%a2%d7%95%d7%aa/%d7%a8%d7%a9%d7%99%d7%9e%d7%aa-%d7%a0%d7%9b%d7%a1%d7%99%d7%9d-%d7%a8%d7%91%d7%a2%d7%95%d7%a0%d7%99%d7%aa/,הורד -> רשימת נכסים 06.2019 מסלול 60 ומעלה הורד הורד,https://www.kav-habriut.co.il/wp-content/uploads/2019/08/512008335_g7211_P219.xlsx
2026-10-01T10:54:54+00:00,512008335,"קו הבריאות חברה לניהול קופות גמל בע""מ",text_changed,https://www.kav-habriut.co.il/%d7%94%d7%a9%d7%a7%d7%a2%d7%95%d7%aa/%d7%a8%d7%a9%d7%99%d7%9e%d7%aa-%d7%a0%d7%9b%d7%a1%d7%99%d7%9d-%d7%a8%d7%91%d7%a2%d7%95%d7%a0%d7%99%d7%aa/,הורד -> רשימת נכסים 06.2019 מסלול 50-60 הורד הורד,https://www.kav-habriut.co.il/wp-content/uploads/2019/08/512008335_g7210_P219.xlsx
2026-10-01T10:54:54+00:00,512008335,"קו הבריאות חברה לניהול קופות גמל בע""מ",text_changed,https://www.kav-habriut.co.il/%d7%94%d7%a9%d7%a7%d7%a2%d7%95%d7%aa/%d7%a8%d7%a9%d7%99%d7%9e%d7%aa-%d7%a0%d7%9b%d7%a1%d7%99%d7%9d-%d7%a8%d7%91%d7%a2%d7%95%d7%a0%d7%99%d7%aa/,הורד -> רשימת נכסים 06.2019 מסלול 50 ומטה הורד הורד,https://www.kav-habriut.co.il/wp-content/uploads/2019/08/512008335_g7209_P219.xlsx
2026-10-01T10:54:54+00:00,512008335,"קו הבריאות חברה לניהול קופות גמל בע""מ",text_changed,https://www.kav-habriut.co.il/%d7%94%d7%a9%d7%a7%d7%a2%d7%95%d7%aa/%d7%a8%d7%a9%d7%99%d7%9e%d7%aa-%d7%a0%d7%9b%d7%a1%d7%99%d7%9d-%d7%a8%d7%91%d7%a2%d7%95%d7%a0%d7%99%d7%aa/,הורד -> רשימת נכסים 03.2019 מצרפי הורד הורד,https://www.kav-habriut.co.il/wp-content/uploads/2019/06/512008335_gsum_P119.xlsx
2026-10-01T10:54:54+00:00,512008335,"קו הבריאות חברה לניהול קופות גמל בע""מ",text_changed,https://www.kav-habriut.co.il/%d7%94%d7%a9%d7%a7%d7%a2%d7%95%d7%aa/%d7%a8%d7%a9%d7%99%d7%9e%d7%aa-%d7%a0%d7%9b%d7%a1%d7%99%d7%9d-%d7%a8%d7%91%d7%a2%d7%95%d7%a0%d7%99%d7%aa/,הורד -> רשימת נכסים 03.2019 מסלול 60 ומעלה הורד הורד,https://www.kav-habriut.co.il/wp-content/uploads/2019/06/512008335_g7211_P119.xlsx
2026-10-01T10:54:54+00:00,512008335,"קו הבריאות חברה לניהול קופות גמל בע""מ",text_changed,https://www.kav-habriut.co.il/%d7%94%d7%a9%d7%a7%d7%a2%d7%95%d7%aa/%d7%a8%d7%a9%d7%99%d7%9e%d7%aa-%d7%a0%d7%9b%d7%a1%d7%99%d7%9d-%d7%a8%d7%91%d7%a2%d7%95%d7%a0%d7%99%d7%aa/,הורד -> רשימת נכסים 03.2019 מסלול 50-60 הורד הורד,https://www.kav-habriut.co.il/wp-content/uploads/2019/06/512008335_g7210_P119.xlsx
2026-10-01T10:54:54+00:00,512008335,"קו הבריאות חברה לניהול קופות גמל בע""מ",text_changed,https://www.kav-habriut.co.il/%d7%94%d7%a9%d7%a7%d7%a2%d7%95%d7%aa/%d7%a8%d7%a9%d7%99%d7%9e%d7%aa-%d7%a0%d7%9b%d7%a1%d7%99%d7%9d-%d7%a8%d7%91%d7%a2%d7%95%d7%a0%d7%99%d7%aa/,הורד -> רשימת נכסים 03.2019 מסלול 50 ומטה הורד הורד,https://www.kav-habriut.co.il/wp-content/uploads/2019/06/512008335_g7209_P119.xlsx
2026-10-01T10:54:54+00:00,512008335,"קו הבריאות חברה לניהול קופות גמל בע""מ",text_changed,https://www.kav-habriut.co.il/%d7%94%d7%a9%d7%a7%d7%a2%d7%95%d7%aa/%d7%a8%d7%a9%d7%99%d7%9e%d7%aa-%d7%a0%d7%9b%d7%a1%d7%99%d7%9d-%d7%a8%d7%91%d7%a2%d7%95%d7%a0%d7%99%d7%aa/,הורד -> סקירת רו”ח על רשימת נכסים 12.2019 הורד הורד,https://www.kav-habriut.co.il/wp-content/uploads/2020/03/SKMBT_36320032613330.pdf
2026-10-01T10:54:54+00:00,512008335,"קו הבריאות חברה לניהול קופות גמל בע""מ",text_changed,https://www.kav-habriut.co.il/%d7%94%d7%a9%d7%a7%d7%a2%d7%95%d7%aa/%d7%a8%d7%a9%d7%99%d7%9e%d7%aa-%d7%a0%d7%9b%d7%a1%d7%99%d7%9d-%d7%a8%d7%91%d7%a2%d7%95%d7%a0%d7%99%d7%aa/,הורד -> סקירת רו”ח על רשימת נכסים 09.2019 הורד הורד,https://www.kav-habriut.co.il/wp-content/uploads/2019/11/20191128110507769.pdf
2026-10-01T10:54:54+00:00,512008335,"קו הבריאות חברה לניהול קופות גמל בע""מ",text_changed,https://www.kav-habriut.co.il/%d7%94%d7%a9%d7%a7%d7%a2%d7%95%d7%aa/%d7%a8%d7%a9%d7%99%d7%9e%d7%aa-%d7%a0%d7%9b%d7%a1%d7%99%d7%9d-%d7%a8%d7%91%d7%a2%d7%95%d7%a0%d7%99%d7%aa/,הורד -> סקירת רו”ח על רשימת נכסים 06.2019 הורד הורד,https://www.kav-habriut.co.il/wp-content/uploads/2019/08/20190828141555690.pdf
2026-10-01T10:54:54+00:00,512008335,"קו הבריאות חברה לניהול קופות גמל בע""מ",text_changed,https://www.kav-habriut.co.il/%d7%94%d7%a9%d7%a7%d7%a2%d7%95%d7%aa/%d7%a8%d7%a9%d7%99%d7%9e%d7%aa-%d7%a0%d7%9b%d7%a1%d7%99%d7%9d-%d7%a8%d7%91%d7%a2%d7%95%d7%a0%d7%99%d7%aa/,הורד -> סקירת רו”ח על רשימת נכסים 03.2019 הורד הורד,https://www.kav-habriut.co.il/wp-content/uploads/2019/06/חווד.pdf
2026-10-01T10:54:54+00:00,512008335,"קו הבריאות חברה לניהול קופות גמל בע""מ",text_changed,https://www.kav-habriut.co.il/%d7%94%d7%a9%d7%a7%d7%a2%d7%95%d7%aa/%d7%a8%d7%a9%d7%99%d7%9e%d7%aa-%d7%a0%d7%9b%d7%a1%d7%99%d7%9d-%d7%a8%d7%91%d7%a2%d7%95%d7%a0%d7%99%d7%aa/,הורד -> רשימת נכסים 12.2018 מצרפי הורד הורד,https://www.kav-habriut.co.il/wp-content/uploads/2019/03/רשימת-נכסים-_20181231_v5_kv453.xlsx
2026-10-01T10:54:54+00:00,512008335,"קו הבריאות חברה לניהול קופות גמל בע""מ",text_changed,https://www.kav-habriut.co.il/%d7%94%d7%a9%d7%a7%d7%a2%d7%95%d7%aa/%d7%a8%d7%a9%d7%99%d7%9e%d7%aa-%d7%a0%d7%9b%d7%a1%d7%99%d7%9d-%d7%a8%d7%91%d7%a2%d7%95%d7%a0%d7%99%d7%aa/,הורד -> רשימת נכסים 12.2018 מסלול 60 ומעלה הורד הורד,https://www.kav-habriut.co.il/wp-content/uploads/2019/03/512008335_g7211_0418.xlsx
2026-10-01T10:54:54+00:00,512008335,"קו הבריאות חברה לניהול קופות גמל בע""מ",text_changed,https://www.kav-habriut.co.il/%d7%94%d7%a9%d7%a7%d7%a2%d7%95%d7%aa/%d7%a8%d7%a9%d7%99%d7%9e%d7%aa-%d7%a0%d7%9b%d7%a1%d7%99%d7%9d-%d7%a8%d7%91%d7%a2%d7%95%d7%a0%d7%99%d7%aa/,הורד -> רשימת נכסים 12.2018 מסלול 50-60 הורד הורד,https://www.kav-habriut.co.il/wp-content/uploads/2019/03/512008335_g7210_0418.xlsx
2026-10-01T10:54:54+00:00,512008335,"קו הבריאות חברה לניהול קופות גמל בע""מ",text_changed,https://www.kav-habriut.co.il/%d7%94%d7%a9%d7%a7%d7%a2%d7%95%d7%aa/%d7%a8%d7%a9%d7%99%d7%9e%d7%aa-%d7%a0%d7%9b%d7%a1%d7%99%d7%9d-%d7%a8%d7%91%d7%a2%d7%95%d7%a0%d7%99%d7%aa/,הורד -> רשימת נכסים 12.2018 מסלול 50 ומטה הורד הורד,https://www.kav-habriut.co.il/wp-content/uploads/2019/03/512008335_g7209_0418.xlsx
2026-10-01T10:54:54+00:00,512008335,"קו הבריאות חברה לניהול קופות גמל בע""מ",text_changed,https://www.kav-habriut.co.il/%d7%94%d7%a9%d7%a7%d7%a2%d7%95%d7%aa/%d7%a8%d7%a9%d7%99%d7%9e%d7%aa-%d7%a0%d7%9b%d7%a1%d7%99%d7%9d-%d7%a8%d7%91%d7%a2%d7%95%d7%a0%d7%99%d7%aa/,הורד -> רשימת נכסים 09.2018 מצרפי הורד הורד,https://www.kav-habriut.co.il/wp-content/uploads/2018/12/512008335_gSUM_P318.xlsx
2026-10-01T10:54:54+00:00,512008335,"קו הבריאות חברה לניהול קופות גמל בע""מ",text_changed,https://www.kav-habriut.co.il/%d7%94%d7%a9%d7%a7%d7%a2%d7%95%d7%aa/%d7%a8%d7%a9%d7%99%d7%9e%d7%aa-%d7%a0%d7%9b%d7%a1%d7%99%d7%9d-%d7%a8%d7%91%d7%a2%d7%95%d7%a0%d7%99%d7%aa/,הורד -> רשימת נכסים 09.2018 מסלול 60 ומעלה הורד הורד,https://www.kav-habriut.co.il/wp-content/uploads/2018/12/512008335_g7211_P318.xlsx
2026-10-01T10:54:54+00:00,512008335,"קו הבריאות חברה לניהול קופות גמל בע""מ",text_changed,https://www.kav-habriut.co.il/%d7%94%d7%a9%d7%a7%d7%a2%d7%95%d7%aa/%d7%a8%d7%a9%d7%99%d7%9e%d7%aa-%d7%a0%d7%9b%d7%a1%d7%99%d7%9d-%d7%a8%d7%91%d7%a2%d7%95%d7%a0%d7%99%d7%aa/,הורד -> רשימת נכסים 09.2018 מסלול 50-60 הורד הורד,https://www.kav-habriut.co.il/wp-content/uploads/2018/12/512008335_g7210_P318.xlsx
2026-10-01T10:54:54+00:00,512008335,"קו הבריאות חברה לניהול קופות גמל בע""מ",text_changed,https://www.kav-habriut.co.il/%d7%94%d7%a9%d7%a7%d7%a2%d7%95%d7%aa/%d7%a8%d7%a9%d7%99%d7%9e%d7%aa-%d7%a0%d7%9b%d7%a1%d7%99%d7%9d-%d7%a8%d7%91%d7%a2%d7%95%d7%a0%d7%99%d7%aa/,הורד -> רשימת נכסים 09.2018 מסלול 50 ומטה הורד הורד,https://www.kav-habriut.co.il/wp-content/uploads/2018/12/512008335_g7209_P318.xlsx
2026-10-01T10:54:54+00:00,512008335,"קו הבריאות חברה לניהול קופות גמל בע""מ",text_changed,https://www.kav-habriut.co.il/%d7%94%d7%a9%d7%a7%d7%a2%d7%95%d7%aa/%d7%a8%d7%a9%d7%99%d7%9e%d7%aa-%d7%a0%d7%9b%d7%a1%d7%99%d7%9d-%d7%a8%d7%91%d7%a2%d7%95%d7%a0%d7%99%d7%aa/,הורד -> רשימת נכסים 06.2018 מצרפי הורד הורד,https://www.kav-habriut.co.il/wp-content/uploads/2018/08/2018-q2-assets-gsum.xlsx
2026-10-01T10:54:54+00:00,512008335,"קו הבריאות חברה לניהול קופות גמל בע""מ",text_changed,https://www.kav-habriut.co.il/%d7%94%d7%a9%d7%a7%d7%a2%d7%95%d7%aa/%d7%a8%d7%a9%d7%99%d7%9e%d7%aa-%d7%a0%d7%9b%d7%a1%d7%99%d7%9d-%d7%a8%d7%91%d7%a2%d7%95%d7%a0%d7%99%d7%aa/,הורד -> רשימת נכסים 06.2018 מסלול 60 ומעלה הורד הורד,https://www.kav-habriut.co.il/wp-content/uploads/2018/08/2018-q2-assets-7211.xlsx
2026-10-01T10:54:54+00:00,512008335,"קו הבריאות חברה לניהול קופות גמל בע""מ",text_changed,https://www.kav-habriut.co.il/%d7%94%d7%a9%d7%a7%d7%a2%d7%95%d7%aa/%d7%a8%d7%a9%d7%99%d7%9e%d7%aa-%d7%a0%d7%9b%d7%a1%d7%99%d7%9d-%d7%a8%d7%91%d7%a2%d7%95%d7%a0%d7%99%d7%aa/,הורד -> רשימת נכסים 06.2018 מסלול 50-60 הורד הורד,https://www.kav-habriut.co.il/wp-content/uploads/2018/08/2018-q2-assets-7210.xlsx
2026-10-01T10:54:54+00:00,512008335,"קו הבריאות חברה לניהול קופות גמל בע""מ",text_changed,https://www.kav-habriut.co.il/%d7%94%d7%a9%d7%a7%d7%a2%d7%95%d7%aa/%d7%a8%d7%a9%d7%99%d7%9e%d7%aa-%d7%a0%d7%9b%d7%a1%d7%99%d7%9d-%d7%a8%d7%91%d7%a2%d7%95%d7%a0%d7%99%d7%aa/,הורד -> רשימת נכסים 06.2018 מסלול 50 ומטה הורד הורד,https://www.kav-habriut.co.il/wp-content/uploads/2018/08/2018-q2-assets-7209.xlsx
2026-10-01T10:54:54+00:00,512008335,"קו הבריאות חברה לניהול קופות גמל בע""מ",text_changed,https://www.kav-habriut.co.il/%d7%94%d7%a9%d7%a7%d7%a2%d7%95%d7%aa/%d7%a8%d7%a9%d7%99%d7%9e%d7%aa-%d7%a0%d7%9b%d7%a1%d7%99%d7%9d-%d7%a8%d7%91%d7%a2%d7%95%d7%a0%d7%99%d7%aa/,הורד -> רשימת נכסים 03.2018 מצרפי הורד הורד,https://www.kav-habriut.co.il/wp-content/uploads/2018/06/2018-q1-assets-gsum.xlsx
2026-10-01T10:54:54+00:00,512008335,"קו הבריאות חברה לניהול קופות גמל בע""מ",text_changed,https://www.kav-habriut.co.il/%d7%94%d7%a9%d7%a7%d7%a2%d7%95%d7%aa/%d7%a8%d7%a9%d7%99%d7%9e%d7%aa-%d7%a0%d7%9b%d7%a1%d7%99%d7%9d-%d7%a8%d7%91%d7%a2%d7%95%d7%a0%d7%99%d7%aa/,הורד -> רשימת נכסים 03.2018 מסלול 60 ומעלה הורד הורד,https://www.kav-habriut.co.il/wp-content/uploads/2018/06/2018-q1-assets-7211.xlsx
2026-10-01T10:54:54+00:00,512008335,"קו הבריאות חברה לניהול קופות גמל בע""מ",text_changed,https://www.kav-habriut.co.il/%d7%94%d7%a9%d7%a7%d7%a2%d7%95%d7%aa/%d7%a8%d7%a9%d7%99%d7%9e%d7%aa-%d7%a0%d7%9b%d7%a1%d7%99%d7%9d-%d7%a8%d7%91%d7%a2%d7%95%d7%a0%d7%99%d7%aa/,הורד -> רשימת נכסים 03.2018 מסלול 50-60 הורד הורד,https://www.kav-habriut.co.il/wp-content/uploads/2018/06/2018-q1-assets-7210.xlsx
2026-10-01T10:54:54+00:00,512008335,"קו הבריאות חברה לניהול קופות גמל בע""מ",text_changed,https://www.kav-habriut.co.il/%d7%94%d7%a9%d7%a7%d7%a2%d7%95%d7%aa/%d7%a8%d7%a9%d7%99%d7%9e%d7%aa-%d7%a0%d7%9b%d7%a1%d7%99%d7%9d-%d7%a8%d7%91%d7%a2%d7%95%d7%a0%d7%99%d7%aa/,הורד -> רשימת נכסים 03.2018 מסלול 50 ומטה הורד הורד,https://www.kav-habriut.co.il/wp-content/uploads/2018/06/2018-q1-assets-7209.xlsx
2026-10-01T10:54:54+00:00,512008335,"קו הבריאות חברה לניהול קופות גמל בע""מ",text_changed,https://www.kav-habriut.co.il/%d7%94%d7%a9%d7%a7%d7%a2%d7%95%d7%aa/%d7%a8%d7%a9%d7%99%d7%9e%d7%aa-%d7%a0%d7%9b%d7%a1%d7%99%d7%9d-%d7%a8%d7%91%d7%a2%d7%95%d7%a0%d7%99%d7%aa/,הורד -> סקירת רו”ח על רשימת נכסים 12.2018 הורד הורד,https://www.kav-habriut.co.il/wp-content/uploads/2019/03/קו-הבריאות-חווד-רשימת-נכסים-311218.pdf
2026-10-01T10:54:54+00:00,512008335,"קו הבריאות חברה לניהול קופות גמל בע""מ",text_changed,https://www.kav-habriut.co.il/%d7%94%d7%a9%d7%a7%d7%a2%d7%95%d7%aa/%d7%a8%d7%a9%d7%99%d7%9e%d7%aa-%d7%a0%d7%9b%d7%a1%d7%99%d7%9d-%d7%a8%d7%91%d7%a2%d7%95%d7%a0%d7%99%d7%aa/,הורד -> סקירת רו”ח על רשימת נכסים 09.2018 הורד הורד,https://www.kav-habriut.co.il/wp-content/uploads/2018/12/DOC728.pdf
2026-10-01T10:54:54+00:00,512008335,"קו הבריאות חברה לניהול קופות גמל בע""מ",text_changed,https://www.kav-habriut.co.il/%d7%94%d7%a9%d7%a7%d7%a2%d7%95%d7%aa/%d7%a8%d7%a9%d7%99%d7%9e%d7%aa-%d7%a0%d7%9b%d7%a1%d7%99%d7%9d-%d7%a8%d7%91%d7%a2%d7%95%d7%a0%d7%99%d7%aa/,הורד -> סקירת רו”ח על רשימת נכסים 03.2018 הורד הורד,https://www.kav-habriut.co.il/wp-content/uploads/2018/06/20180603.pdf
2026-10-01T10:54:54+00:00,512008335,"קו הבריאות חברה לניהול קופות גמל בע""מ",text_changed,https://www.kav-habriut.co.il/%d7%94%d7%a9%d7%a7%d7%a2%d7%95%d7%aa/%d7%a4%d7%a8%d7%a1%d7%95%d7%9d-%d7%9e%d7%a8%d7%9b%d7%99%d7%91%d7%99-%d7%aa%d7%a9%d7%95%d7%90%d7%94/,הורד -> מרכיבי תשואה ותרומתם לאפיקי ההשקעה לרבעון 1 2026 הורד הורד,https://www.kav-habriut.co.il/wp-content/uploads/2026/05/512008335_g7209_Yield126.xlsx
2026-10-01T10:54:54+00:00,512008335,"קו הבריאות חברה לניהול קופות גמל בע""מ",text_changed,https://www.kav-habriut.co.il/%d7%94%d7%a9%d7%a7%d7%a2%d7%95%d7%aa/%d7%a4%d7%a8%d7%a1%d7%95%d7%9d-%d7%9e%d7%a8%d7%9b%d7%99%d7%91%d7%99-%d7%aa%d7%a9%d7%95%d7%90%d7%94/,הורד -> מרכיבי תשואה ותרומתם לאפיקי ההשקעה לרבעון 1 2026 הורד הורד,https://www.kav-habriut.co.il/wp-content/uploads/2026/05/512008335_g7210_Yield126.xlsx
2026-10-01T10:54:54+00:00,512008335,"קו הבריאות חברה לניהול קופות גמל בע""מ",text_changed,https://www.kav-habriut.co.il/%d7%94%d7%a9%d7%a7%d7%a2%d7%95%d7%aa/%d7%a4%d7%a8%d7%a1%d7%95%d7%9d-%d7%9e%d7%a8%d7%9b%d7%99%d7%91%d7%99-%d7%aa%d7%a9%d7%95%d7%90%d7%94/,הורד -> מרכיבי תשואה ותרומתם לאפיקי ההשקעה לרבעון 1 2026 הורד הורד,https://www.kav-habriut.co.il/wp-content/uploads/2026/05/512008335_g7211_Yield126.xlsx
2026-10-01T10:54:54+00:00,512008335,"קו הבריאות חברה לניהול קופות גמל בע""מ",text_changed,https://www.kav-habriut.co.il/%d7%94%d7%a9%d7%a7%d7%a2%d7%95%d7%aa/%d7%a4%d7%a8%d7%a1%d7%95%d7%9d-%d7%9e%d7%a8%d7%9b%d7%99%d7%91%d7%99-%d7%aa%d7%a9%d7%95%d7%90%d7%94/,הורד -> מרכיבי תשואה ותרומתם לאפיקי ההשקעה לרבעון 4 2025 הורד הורד,https://www.kav-habriut.co.il/wp-content/uploads/2026/01/512008335_g7209_Yield425.xlsx
2026-10-01T10:54:54+00:00,512008335,"קו הבריאות חברה לניהול קופות גמל בע""מ",text_changed,https://www.kav-habriut.co.il/%d7%94%d7%a9%d7%a7%d7%a2%d7%95%d7%aa/%d7%a4%d7%a8%d7%a1%d7%95%d7%9d-%d7%9e%d7%a8%d7%9b%d7%99%d7%91%d7%99-%d7%aa%d7%a9%d7%95%d7%90%d7%94/,הורד -> מרכיבי תשואה ותרומתם לאפיקי ההשקעה לרבעון 4 2025 הורד הורד,https://www.kav-habriut.co.il/wp-content/uploads/2026/01/512008335_g7210_Yield425.xlsx
2026-10-01T10:54:54+00:00,512008335,"קו הבריאות חברה לניהול קופות גמל בע""מ",text_changed,https://www.kav-habriut.co.il/%d7%94%d7%a9%d7%a7%d7%a2%d7%95%d7%aa/%d7%a4%d7%a8%d7%a1%d7%95%d7%9d-%d7%9e%d7%a8%d7%9b%d7%99%d7%91%d7%99-%d7%aa%d7%a9%d7%95%d7%90%d7%94/,הורד -> מרכיבי תשואה ותרומתם לאפיקי ההשקעה לרבעון 4 2025 הורד הורד,https://www.kav-habriut.co.il/wp-content/uploads/2026/01/512008335_g7211_Yield425.xlsx
2026-10-01T10:54:54+00:00,512008335,"קו הבריאות חברה לניהול קופות גמל בע""מ",text_changed,https://www.kav-habriut.co.il/%d7%94%d7%a9%d7%a7%d7%a2%d7%95%d7%aa/%d7%a4%d7%a8%d7%a1%d7%95%d7%9d-%d7%9e%d7%a8%d7%9b%d7%99%d7%91%d7%99-%d7%aa%d7%a9%d7%95%d7%90%d7%94/,הורד -> מרכיבי תשואה ותרומתם לאפיקי ההשקעה לרבעון 3 2025 הורד הורד,https://www.kav-habriut.co.il/wp-content/uploads/2025/10/512008335_g7209_Yield325.xlsx
2026-10-01T10:54:54+00:00,512008335,"קו הבריאות חברה לניהול קופות גמל בע""מ",text_changed,https://www.kav-habriut.co.il/%d7%94%d7%a9%d7%a7%d7%a2%d7%95%d7%aa/%d7%a4%d7%a8%d7%a1%d7%95%d7%9d-%d7%9e%d7%a8%d7%9b%d7%99%d7%91%d7%99-%d7%aa%d7%a9%d7%95%d7%90%d7%94/,הורד -> מרכיבי תשואה ותרומתם לאפיקי ההשקעה לרבעון 3 2025 הורד הורד,https://www.kav-habriut.co.il/wp-content/uploads/2025/10/512008335_g7210_Yield325.xlsx
2026-10-01T10:54:54+00:00,512008335,"קו הבריאות חברה לניהול קופות גמל בע""מ",text_changed,https://www.kav-habriut.co.il/%d7%94%d7%a9%d7%a7%d7%a2%d7%95%d7%aa/%d7%a4%d7%a8%d7%a1%d7%95%d7%9d-%d7%9e%d7%a8%d7%9b%d7%99%d7%91%d7%99-%d7%aa%d7%a9%d7%95%d7%90%d7%94/,הורד -> מרכיבי תשואה ותרומתם לאפיקי ההשקעה לרבעון 3 2025 הורד הורד,https://www.kav-habriut.co.il/wp-content/uploads/2025/10/512008335_g7211_Yield325.xlsx
2026-10-01T10:54:54+00:00,512008335,"קו הבריאות חברה לניהול קופות גמל בע""מ",text_changed,https://www.kav-habriut.co.il/%d7%94%d7%a9%d7%a7%d7%a2%d7%95%d7%aa/%d7%a4%d7%a8%d7%a1%d7%95%d7%9d-%d7%9e%d7%a8%d7%9b%d7%99%d7%91%d7%99-%d7%aa%d7%a9%d7%95%d7%90%d7%94/,הורד -> מרכיבי תשואה ותרומתם לאפיקי ההשקעה לרבעון 2 2025 הורד הורד,https://www.kav-habriut.co.il/wp-content/uploads/2025/07/512008335_g7209_Yield225.xlsx
2026-10-01T10:54:54+00:00,512008335,"קו הבריאות חברה לניהול קופות גמל בע""מ",text_changed,https://www.kav-habriut.co.il/%d7%94%d7%a9%d7%a7%d7%a2%d7%95%d7%aa/%d7%a4%d7%a8%d7%a1%d7%95%d7%9d-%d7%9e%d7%a8%d7%9b%d7%99%d7%91%d7%99-%d7%aa%d7%a9%d7%95%d7%90%d7%94/,הורד -> מרכיבי תשואה ותרומתם לאפיקי ההשקעה לרבעון 2 2025 הורד הורד,https://www.kav-habriut.co.il/wp-content/uploads/2025/07/512008335_g7210_Yield225.xlsx
2026-10-01T10:54:54+00:00,512008335,"קו הבריאות חברה לניהול קופות גמל בע""מ",text_changed,https://www.kav-habriut.co.il/%d7%94%d7%a9%d7%a7%d7%a2%d7%95%d7%aa/%d7%a4%d7%a8%d7%a1%d7%95%d7%9d-%d7%9e%d7%a8%d7%9b%d7%99%d7%91%d7%99-%d7%aa%d7%a9%d7%95%d7%90%d7%94/,הורד -> מרכיבי תשואה ותרומתם לאפיקי ההשקעה לרבעון 2 2025 הורד הורד,https://www.kav-habriut.co.il/wp-content/uploads/2025/07/512008335_g7211_Yield225.xlsx
2026-10-01T10:54:54+00:00,512008335,"קו הבריאות חברה לניהול קופות גמל בע""מ",text_changed,https://www.kav-habriut.co.il/%d7%94%d7%a9%d7%a7%d7%a2%d7%95%d7%aa/%d7%a4%d7%a8%d7%a1%d7%95%d7%9d-%d7%9e%d7%a8%d7%9b%d7%99%d7%91%d7%99-%d7%aa%d7%a9%d7%95%d7%90%d7%94/,הורד -> מרכיבי תשואה ותרומתם לאפיקי ההשקעה לרבעון 1 2025 הורד הורד,https://www.kav-habriut.co.il/wp-content/uploads/2025/04/512008335_g7209_Yield125.xlsx
2026-10-01T10:54:54+00:00,512008335,"קו הבריאות חברה לניהול קופות גמל בע""מ",text_changed,https://www.kav-habriut.co.il/%d7%94%d7%a9%d7%a7%d7%a2%d7%95%d7%aa/%d7%a4%d7%a8%d7%a1%d7%95%d7%9d-%d7%9e%d7%a8%d7%9b%d7%99%d7%91%d7%99-%d7%aa%d7%a9%d7%95%d7%90%d7%94/,הורד -> מרכיבי תשואה ותרומתם לאפיקי ההשקעה לרבעון 1 2025 הורד הורד,https://www.kav-habriut.co.il/wp-content/uploads/2025/04/512008335_g7210_Yield125.xlsx
2026-10-01T10:54:54+00:00,512008335,"קו הבריאות חברה לניהול קופות גמל בע""מ",text_changed,https://www.kav-habriut.co.il/%d7%94%d7%a9%d7%a7%d7%a2%d7%95%d7%aa/%d7%a4%d7%a8%d7%a1%d7%95%d7%9d-%d7%9e%d7%a8%d7%9b%d7%99%d7%91%d7%99-%d7%aa%d7%a9%d7%95%d7%90%d7%94/,הורד -> מרכיבי תשואה ותרומתם לאפיקי ההשקעה לרבעון 1 2025 הורד הורד,https://www.kav-habriut.co.il/wp-content/uploads/2025/04/512008335_g7211_Yield125.xlsx
2026-10-01T10:54:54+00:00,512008335,"קו הבריאות חברה לניהול קופות גמל בע""מ",text_changed,https://www.kav-habriut.co.il/%d7%94%d7%a9%d7%a7%d7%a2%d7%95%d7%aa/%d7%a4%d7%a8%d7%a1%d7%95%d7%9d-%d7%9e%d7%a8%d7%9b%d7%99%d7%91%d7%99-%d7%aa%d7%a9%d7%95%d7%90%d7%94/,הורד -> מרכיבי תשואה ותרומתם לאפיקי ההשקעה לרבעון 4 2024 הורד הורד,https://www.kav-habriut.co.il/wp-content/uploads/2025/01/512008335_g7209_Yield424.xlsx
2026-10-01T10:54:54+00:00,512008335,"קו הבריאות חברה לניהול קופות גמל בע""מ",text_changed,https://www.kav-habriut.co.il/%d7%94%d7%a9%d7%a7%d7%a2%d7%95%d7%aa/%d7%a4%d7%a8%d7%a1%d7%95%d7%9d-%d7%9e%d7%a8%d7%9b%d7%99%d7%91%d7%99-%d7%aa%d7%a9%d7%95%d7%90%d7%94/,הורד -> מרכיבי תשואה ותרומתם לאפיקי ההשקעה לרבעון 4 2024 הורד הורד,https://www.kav-habriut.co.il/wp-content/uploads/2025/01/512008335_g7210_Yield424.xlsx
2026-10-01T10:54:54+00:00,512008335,"קו הבריאות חברה לניהול קופות גמל בע""מ",text_changed,https://www.kav-habriut.co.il/%d7%94%d7%a9%d7%a7%d7%a2%d7%95%d7%aa/%d7%a4%d7%a8%d7%a1%d7%95%d7%9d-%d7%9e%d7%a8%d7%9b%d7%99%d7%91%d7%99-%d7%aa%d7%a9%d7%95%d7%90%d7%94/,הורד -> מרכיבי תשואה ותרומתם לאפיקי ההשקעה לרבעון 4 2024 הורד הורד,https://www.kav-habriut.co.il/wp-content/uploads/2025/01/512008335_g7211_Yield424.xlsx
2026-10-01T10:54:54+00:00,512008335,"קו הבריאות חברה לניהול קופות גמל בע""מ",text_changed,https://www.kav-habriut.co.il/%d7%94%d7%a9%d7%a7%d7%a2%d7%95%d7%aa/%d7%a4%d7%a8%d7%a1%d7%95%d7%9d-%d7%9e%d7%a8%d7%9b%d7%99%d7%91%d7%99-%d7%aa%d7%a9%d7%95%d7%90%d7%94/,הורד -> מרכיבי תשואה ותרומתם לאפיקי ההשקעה לרבעון 3 2024 הורד הורד,https://www.kav-habriut.co.il/wp-content/uploads/2024/11/512008335_g7209_Yield324.xlsx
2026-10-01T10:54:54+00:00,512008335,"קו הבריאות חברה לניהול קופות גמל בע""מ",text_changed,https://www.kav-habriut.co.il/%d7%94%d7%a9%d7%a7%d7%a2%d7%95%d7%aa/%d7%a4%d7%a8%d7%a1%d7%95%d7%9d-%d7%9e%d7%a8%d7%9b%d7%99%d7%91%d7%99-%d7%aa%d7%a9%d7%95%d7%90%d7%94/,הורד -> מרכיבי תשואה ותרומתם לאפיקי ההשקעה לרבעון 3 2024 הורד הורד,https://www.kav-habriut.co.il/wp-content/uploads/2024/11/512008335_g7210_Yield324.xlsx
2026-10-01T10:54:54+00:00,512008335,"קו הבריאות חברה לניהול קופות גמל בע""מ",text_changed,https://www.kav-habriut.co.il/%d7%94%d7%a9%d7%a7%d7%a2%d7%95%d7%aa/%d7%a4%d7%a8%d7%a1%d7%95%d7%9d-%d7%9e%d7%a8%d7%9b%d7%99%d7%91%d7%99-%d7%aa%d7%a9%d7%95%d7%90%d7%94/,הורד -> מרכיבי תשואה ותרומתם לאפיקי ההשקעה לרבעון 3 2024 הורד הורד,https://www.kav-habriut.co.il/wp-content/uploads/2024/11/512008335_g7211_Yield324.xlsx
2026-10-01T10:54:54+00:00,512008335,"קו הבריאות חברה לניהול קופות גמל בע""מ",text_changed,https://www.kav-habriut.co.il/%d7%94%d7%a9%d7%a7%d7%a2%d7%95%d7%aa/%d7%a4%d7%a8%d7%a1%d7%95%d7%9d-%d7%9e%d7%a8%d7%9b%d7%99%d7%91%d7%99-%d7%aa%d7%a9%d7%95%d7%90%d7%94/,הורד -> מרכיבי תשואה ותרומתם לאפיקי ההשקעה לרבעון 2 2024 הורד הורד,https://www.kav-habriut.co.il/wp-content/uploads/2024/07/512008335_g7209_Yield224.xlsx
2026-10-01T10:54:54+00:00,512008335,"קו הבריאות חברה לניהול קופות גמל בע""מ",text_changed,https://www.kav-habriut.co.il/%d7%94%d7%a9%d7%a7%d7%a2%d7%95%d7%aa/%d7%a4%d7%a8%d7%a1%d7%95%d7%9d-%d7%9e%d7%a8%d7%9b%d7%99%d7%91%d7%99-%d7%aa%d7%a9%d7%95%d7%90%d7%94/,הורד -> מרכיבי תשואה ותרומתם לאפיקי ההשקעה לרבעון 2 2024 הורד הורד,https://www.kav-habriut.co.il/wp-content/uploads/2024/07/512008335_g7210_Yield224.xlsx
2026-10-01T10:54:54+00:00,512008335,"קו הבריאות חברה לניהול קופות גמל בע""מ",text_changed,https://www.kav-habriut.co.il/%d7%94%d7%a9%d7%a7%d7%a2%d7%95%d7%aa/%d7%a4%d7%a8%d7%a1%d7%95%d7%9d-%d7%9e%d7%a8%d7%9b%d7%99%d7%91%d7%99-%d7%aa%d7%a9%d7%95%d7%90%d7%94/,הורד -> מרכיבי תשואה ותרומתם לאפיקי ההשקעה לרבעון 2 2024 הורד הורד,https://www.kav-habriut.co.il/wp-content/uploads/2024/07/512008335_g7211_Yield224.xlsx
2026-10-01T10:54:54+00:00,512008335,"קו הבריאות חברה לניהול קופות גמל בע""מ",text_changed,https://www.kav-habriut.co.il/%d7%94%d7%a9%d7%a7%d7%a2%d7%95%d7%aa/%d7%a4%d7%a8%d7%a1%d7%95%d7%9d-%d7%9e%d7%a8%d7%9b%d7%99%d7%91%d7%99-%d7%aa%d7%a9%d7%95%d7%90%d7%94/,הורד -> מרכיבי תשואה ותרומתם לאפיקי ההשקעה לרבעון 1 2024 הורד הורד,https://www.kav-habriut.co.il/wp-content/uploads/2024/04/512008335_g7209_Yield124.xlsx
2026-10-01T10:54:54+00:00,512008335,"קו הבריאות חברה לניהול קופות גמל בע""מ",text_changed,https://www.kav-habriut.co.il/%d7%94%d7%a9%d7%a7%d7%a2%d7%95%d7%aa/%d7%a4%d7%a8%d7%a1%d7%95%d7%9d-%d7%9e%d7%a8%d7%9b%d7%99%d7%91%d7%99-%d7%aa%d7%a9%d7%95%d7%90%d7%94/,הורד -> מרכיבי תשואה ותרומתם לאפיקי ההשקעה לרבעון 1 2024 הורד הורד,https://www.kav-habriut.co.il/wp-content/uploads/2024/04/512008335_g7210_Yield124.xlsx
2026-10-01T10:54:54+00:00,512008335,"קו הבריאות חברה לניהול קופות גמל בע""מ",text_changed,https://www.kav-habriut.co.il/%d7%94%d7%a9%d7%a7%d7%a2%d7%95%d7%aa/%d7%a4%d7%a8%d7%a1%d7%95%d7%9d-%d7%9e%d7%a8%d7%9b%d7%99%d7%91%d7%99-%d7%aa%d7%a9%d7%95%d7%90%d7%94/,הורד -> מרכיבי תשואה ותרומתם לאפיקי ההשקעה לרבעון 1 2024 הורד הורד,https://www.kav-habriut.co.il/wp-content/uploads/2024/04/512008335_g7211_Yield124.xlsx
2026-10-01T10:54:54+00:00,512008335,"קו הבריאות חברה לניהול קופות גמל בע""מ",text_changed,https://www.kav-habriut.co.il/%d7%94%d7%a9%d7%a7%d7%a2%d7%95%d7%aa/%d7%a4%d7%a8%d7%a1%d7%95%d7%9d-%d7%9e%d7%a8%d7%9b%d7%99%d7%91%d7%99-%d7%aa%d7%a9%d7%95%d7%90%d7%94/,הורד -> מרכיבי תשואה ותרומתם לאפיקי ההשקעה לרבעון 4 2023 הורד הורד,https://www.kav-habriut.co.il/wp-content/uploads/2024/01/512008335_g7209_Yield423.xlsx
2026-10-01T10:54:54+00:00,512008335,"קו הבריאות חברה לניהול קופות גמל בע""מ",text_changed,https://www.kav-habriut.co.il/%d7%94%d7%a9%d7%a7%d7%a2%d7%95%d7%aa/%d7%a4%d7%a8%d7%a1%d7%95%d7%9d-%d7%9e%d7%a8%d7%9b%d7%99%d7%91%d7%99-%d7%aa%d7%a9%d7%95%d7%90%d7%94/,הורד -> מרכיבי תשואה ותרומתם לאפיקי ההשקעה לרבעון 4 2023 הורד הורד,https://www.kav-habriut.co.il/wp-content/uploads/2024/01/512008335_g7210_Yield423.xlsx
2026-10-01T10:54:54+00:00,512008335,"קו הבריאות חברה לניהול קופות גמל בע""מ",text_changed,https://www.kav-habriut.co.il/%d7%94%d7%a9%d7%a7%d7%a2%d7%95%d7%aa/%d7%a4%d7%a8%d7%a1%d7%95%d7%9d-%d7%9e%d7%a8%d7%9b%d7%99%d7%91%d7%99-%d7%aa%d7%a9%d7%95%d7%90%d7%94/,הורד -> מרכיבי תשואה ותרומתם לאפיקי ההשקעה לרבעון 4 2023 הורד הורד,https://www.kav-habriut.co.il/wp-content/uploads/2024/01/512008335_g7211_Yield423.xlsx
2026-10-01T10:54:54+00:00,512008335,"קו הבריאות חברה לניהול קופות גמל בע""מ",text_changed,https://www.kav-habriut.co.il/%d7%94%d7%a9%d7%a7%d7%a2%d7%95%d7%aa/%d7%a4%d7%a8%d7%a1%d7%95%d7%9d-%d7%9e%d7%a8%d7%9b%d7%99%d7%91%d7%99-%d7%aa%d7%a9%d7%95%d7%90%d7%94/,הורד -> מרכיבי תשואה ותרומתם לאפיקי ההשקעה לרבעון 3 2023 הורד הורד,https://www.kav-habriut.co.il/wp-content/uploads/2023/10/512008335_g7209_Yield323.xlsx
2026-10-01T10:54:54+00:00,512008335,"קו הבריאות חברה לניהול קופות גמל בע""מ",text_changed,https://www.kav-habriut.co.il/%d7%94%d7%a9%d7%a7%d7%a2%d7%95%d7%aa/%d7%a4%d7%a8%d7%a1%d7%95%d7%9d-%d7%9e%d7%a8%d7%9b%d7%99%d7%91%d7%99-%d7%aa%d7%a9%d7%95%d7%90%d7%94/,הורד -> מרכיבי תשואה ותרומתם לאפיקי ההשקעה לרבעון 3 2023 הורד הורד,https://www.kav-habriut.co.il/wp-content/uploads/2023/10/512008335_g7210_Yield323.xlsx
2026-10-01T10:54:54+00:00,512008335,"קו הבריאות חברה לניהול קופות גמל בע""מ",text_changed,https://www.kav-habriut.co.il/%d7%94%d7%a9%d7%a7%d7%a2%d7%95%d7%aa/%d7%a4%d7%a8%d7%a1%d7%95%d7%9d-%d7%9e%d7%a8%d7%9b%d7%99%d7%91%d7%99-%d7%aa%d7%a9%d7%95%d7%90%d7%94/,הורד -> מרכיבי תשואה ותרומתם לאפיקי ההשקעה לרבעון 3 2023 הורד הורד,https://www.kav-habriut.co.il/wp-content/uploads/2023/10/512008335_g7211_Yield323.xlsx
2026-10-01T10:54:54+00:00,512008335,"קו הבריאות חברה לניהול קופות גמל בע""מ",text_changed,https://www.kav-habriut.co.il/%d7%94%d7%a9%d7%a7%d7%a2%d7%95%d7%aa/%d7%a4%d7%a8%d7%a1%d7%95%d7%9d-%d7%9e%d7%a8%d7%9b%d7%99%d7%91%d7%99-%d7%aa%d7%a9%d7%95%d7%90%d7%94/,הורד -> מרכיבי תשואה ותרומתם לאפיקי ההשקעה לרבעון 2 2023 הורד הורד,https://www.kav-habriut.co.il/wp-content/uploads/2023/07/512008335_g7209_Yield223.xlsx
2026-10-01T10:54:54+00:00,512008335,"קו הבריאות חברה לניהול קופות גמל בע""מ",text_changed,https://www.kav-habriut.co.il/%d7%94%d7%a9%d7%a7%d7%a2%d7%95%d7%aa/%d7%a4%d7%a8%d7%a1%d7%95%d7%9d-%d7%9e%d7%a8%d7%9b%d7%99%d7%91%d7%99-%d7%aa%d7%a9%d7%95%d7%90%d7%94/,הורד -> מרכיבי תשואה ותרומתם לאפיקי ההשקעה לרבעון 2 2023 הורד הורד,https://www.kav-habriut.co.il/wp-content/uploads/2023/07/512008335_g7210_Yield223.xlsx
2026-10-01T10:54:54+00:00,512008335,"קו הבריאות חברה לניהול קופות גמל בע""מ",text_changed,https://www.kav-habriut.co.il/%d7%94%d7%a9%d7%a7%d7%a2%d7%95%d7%aa/%d7%a4%d7%a8%d7%a1%d7%95%d7%9d-%d7%9e%d7%a8%d7%9b%d7%99%d7%91%d7%99-%d7%aa%d7%a9%d7%95%d7%90%d7%94/,הורד -> מרכיבי תשואה ותרומתם לאפיקי ההשקעה לרבעון 2 2023 הורד הורד,https://www.kav-habriut.co.il/wp-content/uploads/2023/07/512008335_g7211_Yield223.xlsx
2026-10-01T10:54:54+00:00,512008335,"קו הבריאות חברה לניהול קופות גמל בע""מ",text_changed,https://www.kav-habriut.co.il/%d7%94%d7%a9%d7%a7%d7%a2%d7%95%d7%aa/%d7%a4%d7%a8%d7%a1%d7%95%d7%9d-%d7%9e%d7%a8%d7%9b%d7%99%d7%91%d7%99-%d7%aa%d7%a9%d7%95%d7%90%d7%94/,הורד -> מרכיבי תשואה ותרומתם לאפיקי ההשקעה לרבעון 1 2023 הורד הורד,https://www.kav-habriut.co.il/wp-content/uploads/2023/04/512008335_g7209_Yield123.xlsx
2026-10-01T10:54:54+00:00,512008335,"קו הבריאות חברה לניהול קופות גמל בע""מ",text_changed,https://www.kav-habriut.co.il/%d7%94%d7%a9%d7%a7%d7%a2%d7%95%d7%aa/%d7%a4%d7%a8%d7%a1%d7%95%d7%9d-%d7%9e%d7%a8%d7%9b%d7%99%d7%91%d7%99-%d7%aa%d7%a9%d7%95%d7%90%d7%94/,הורד -> מרכיבי תשואה ותרומתם לאפיקי ההשקעה לרבעון 1 2023 הורד הורד,https://www.kav-habriut.co.il/wp-content/uploads/2023/04/512008335_g7210_Yield123.xlsx
2026-10-01T10:54:54+00:00,512008335,"קו הבריאות חברה לניהול קופות גמל בע""מ",text_changed,https://www.kav-habriut.co.il/%d7%94%d7%a9%d7%a7%d7%a2%d7%95%d7%aa/%d7%a4%d7%a8%d7%a1%d7%95%d7%9d-%d7%9e%d7%a8%d7%9b%d7%99%d7%91%d7%99-%d7%aa%d7%a9%d7%95%d7%90%d7%94/,הורד -> מרכיבי תשואה ותרומתם לאפיקי ההשקעה לרבעון 1 2023 הורד הורד,https://www.kav-habriut.co.il/wp-content/uploads/2023/04/512008335_g7211_Yield123.xlsx
2026-10-01T10:54:54+00:00,512008335,"קו הבריאות חברה לניהול קופות גמל בע""מ",text_changed,https://www.kav-habriut.co.il/%d7%94%d7%a9%d7%a7%d7%a2%d7%95%d7%aa/%d7%a4%d7%a8%d7%a1%d7%95%d7%9d-%d7%9e%d7%a8%d7%9b%d7%99%d7%91%d7%99-%d7%aa%d7%a9%d7%95%d7%90%d7%94/,הורד -> מרכיבי תשואה ותרומתם לאפיקי ההשקעה לרבעון 4 2022 הורד הורד,https://www.kav-habriut.co.il/wp-content/uploads/2023/01/512008335__g7209_Yield422.xlsx
2026-10-01T10:54:54+00:00,512008335,"קו הבריאות חברה לניהול קופות גמל בע""מ",text_changed,https://www.kav-habriut.co.il/%d7%94%d7%a9%d7%a7%d7%a2%d7%95%d7%aa/%d7%a4%d7%a8%d7%a1%d7%95%d7%9d-%d7%9e%d7%a8%d7%9b%d7%99%d7%91%d7%99-%d7%aa%d7%a9%d7%95%d7%90%d7%94/,הורד -> מרכיבי תשואה ותרומתם לאפיקי ההשקעה לרבעון 4 2022 הורד הורד,https://www.kav-habriut.co.il/wp-content/uploads/2023/01/512008335_g7210_Yield422.xlsx
2026-10-01T10:54:54+00:00,512008335,"קו הבריאות חברה לניהול קופות גמל בע""מ",text_changed,https://www.kav-habriut.co.il/%d7%94%d7%a9%d7%a7%d7%a2%d7%95%d7%aa/%d7%a4%d7%a8%d7%a1%d7%95%d7%9d-%d7%9e%d7%a8%d7%9b%d7%99%d7%91%d7%99-%d7%aa%d7%a9%d7%95%d7%90%d7%94/,הורד -> מרכיבי תשואה ותרומתם לאפיקי ההשקעה לרבעון 3 2022 הורד הורד,https://www.kav-habriut.co.il/wp-content/uploads/2022/10/512008335__g7209_Yield222.xlsx
2026-10-01T10:54:54+00:00,512008335,"קו הבריאות חברה לניהול קופות גמל בע""מ",text_changed,https://www.kav-habriut.co.il/%d7%94%d7%a9%d7%a7%d7%a2%d7%95%d7%aa/%d7%a4%d7%a8%d7%a1%d7%95%d7%9d-%d7%9e%d7%a8%d7%9b%d7%99%d7%91%d7%99-%d7%aa%d7%a9%d7%95%d7%90%d7%94/,הורד -> מרכיבי תשואה ותרומתם לאפיקי ההשקעה לרבעון 3 2022 הורד הורד,https://www.kav-habriut.co.il/wp-content/uploads/2022/10/512008335_g7210_Yield222.xlsx
2026-10-01T10:54:54+00:00,512008335,"קו הבריאות חברה לניהול קופות גמל בע""מ",text_changed,https://www.kav-habriut.co.il/%d7%94%d7%a9%d7%a7%d7%a2%d7%95%d7%aa/%d7%a4%d7%a8%d7%a1%d7%95%d7%9d-%d7%9e%d7%a8%d7%9b%d7%99%d7%91%d7%99-%d7%aa%d7%a9%d7%95%d7%90%d7%94/,הורד -> מרכיבי תשואה ותרומתם לאפיקי ההשקעה לרבעון 3 2022 הורד הורד,https://www.kav-habriut.co.il/wp-content/uploads/2022/10/512008335_g7211_Yield222.xlsx
2026-10-01T10:54:54+00:00,512008335,"קו הבריאות חברה לניהול קופות גמל בע""מ",text_changed,https://www.kav-habriut.co.il/%d7%94%d7%a9%d7%a7%d7%a2%d7%95%d7%aa/%d7%a4%d7%a8%d7%a1%d7%95%d7%9d-%d7%9e%d7%a8%d7%9b%d7%99%d7%91%d7%99-%d7%aa%d7%a9%d7%95%d7%90%d7%94/,הורד -> מרכיבי תשואה ותרומתם לאפיקי ההשקעה לרבעון 2 2022 הורד הורד,https://www.kav-habriut.co.il/wp-content/uploads/2022/07/512008335_g7209_Yield222-1.xlsx
2026-10-01T10:54:54+00:00,512008335,"קו הבריאות חברה לניהול קופות גמל בע""מ",text_changed,https://www.kav-habriut.co.il/%d7%94%d7%a9%d7%a7%d7%a2%d7%95%d7%aa/%d7%a4%d7%a8%d7%a1%d7%95%d7%9d-%d7%9e%d7%a8%d7%9b%d7%99%d7%91%d7%99-%d7%aa%d7%a9%d7%95%d7%90%d7%94/,הורד -> מרכיבי תשואה ותרומתם לאפיקי ההשקעה לרבעון 2 2022 הורד הורד,https://www.kav-habriut.co.il/wp-content/uploads/2022/07/512008335_g7210_Yield222.xlsx
2026-10-01T10:54:54+00:00,512008335,"קו הבריאות חברה לניהול קופות גמל בע""מ",text_changed,https://www.kav-habriut.co.il/%d7%94%d7%a9%d7%a7%d7%a2%d7%95%d7%aa/%d7%a4%d7%a8%d7%a1%d7%95%d7%9d-%d7%9e%d7%a8%d7%9b%d7%99%d7%91%d7%99-%d7%aa%d7%a9%d7%95%d7%90%d7%94/,הורד -> מרכיבי תשואה ותרומתם לאפיקי ההשקעה לרבעון 2 2022 הורד הורד,https://www.kav-habriut.co.il/wp-content/uploads/2022/07/512008335_g7211_Yield222.xlsx
2026-10-01T10:54:54+00:00,512008335,"קו הבריאות חברה לניהול קופות גמל בע""מ",text_changed,https://www.kav-habriut.co.il/%d7%94%d7%a9%d7%a7%d7%a2%d7%95%d7%aa/%d7%a4%d7%a8%d7%a1%d7%95%d7%9d-%d7%9e%d7%a8%d7%9b%d7%99%d7%91%d7%99-%d7%aa%d7%a9%d7%95%d7%90%d7%94/,הורד -> מרכיבי תשואה ותרומתם לאפיקי ההשקעה לרבעון 1 2022 הורד הורד,https://www.kav-habriut.co.il/wp-content/uploads/2022/05/512008335_g7209_Yield122.xlsx
2026-10-01T10:54:54+00:00,512008335,"קו הבריאות חברה לניהול קופות גמל בע""מ",text_changed,https://www.kav-habriut.co.il/%d7%94%d7%a9%d7%a7%d7%a2%d7%95%d7%aa/%d7%a4%d7%a8%d7%a1%d7%95%d7%9d-%d7%9e%d7%a8%d7%9b%d7%99%d7%91%d7%99-%d7%aa%d7%a9%d7%95%d7%90%d7%94/,הורד -> מרכיבי תשואה ותרומתם לאפיקי ההשקעה לרבעון 1 2022 הורד הורד,https://www.kav-habriut.co.il/wp-content/uploads/2022/05/512008335_g7210_Yield122.xlsx
2026-10-01T10:54:54+00:00,512008335,"קו הבריאות חברה לניהול קופות גמל בע""מ",text_changed,https://www.kav-habriut.co.il/%d7%94%d7%a9%d7%a7%d7%a2%d7%95%d7%aa/%d7%a4%d7%a8%d7%a1%d7%95%d7%9d-%d7%9e%d7%a8%d7%9b%d7%99%d7%91%d7%99-%d7%aa%d7%a9%d7%95%d7%90%d7%94/,הורד -> מרכיבי תשואה ותרומתם לאפיקי ההשקעה לרבעון 1 2022 הורד הורד,https://www.kav-habriut.co.il/wp-content/uploads/2022/05/512008335_g7211_Yield122.xlsx
2026-10-01T10:54:54+00:00,512008335,"קו הבריאות חברה לניהול קופות גמל בע""מ",text_changed,https://www.kav-habriut.co.il/%d7%94%d7%a9%d7%a7%d7%a2%d7%95%d7%aa/%d7%a4%d7%a8%d7%a1%d7%95%d7%9d-%d7%9e%d7%a8%d7%9b%d7%99%d7%91%d7%99-%d7%aa%d7%a9%d7%95%d7%90%d7%94/,הורד -> מרכיבי תשואה ותרומתם לאפיקי ההשקעה לרבעון 4 2021 הורד הורד,https://www.kav-habriut.co.il/wp-content/uploads/2022/01/512008335_g7209_Yield421.xlsx
2026-10-01T10:54:54+00:00,512008335,"קו הבריאות חברה לניהול קופות גמל בע""מ",text_changed,https://www.kav-habriut.co.il/%d7%94%d7%a9%d7%a7%d7%a2%d7%95%d7%aa/%d7%a4%d7%a8%d7%a1%d7%95%d7%9d-%d7%9e%d7%a8%d7%9b%d7%99%d7%91%d7%99-%d7%aa%d7%a9%d7%95%d7%90%d7%94/,הורד -> מרכיבי תשואה ותרומתם לאפיקי ההשקעה לרבעון 4 2021 הורד הורד,https://www.kav-habriut.co.il/wp-content/uploads/2022/01/512008335_g7210_Yield421.xlsx
2026-10-01T10:54:54+00:00,512008335,"קו הבריאות חברה לניהול קופות גמל בע""מ",text_changed,https://www.kav-habriut.co.il/%d7%94%d7%a9%d7%a7%d7%a2%d7%95%d7%aa/%d7%a4%d7%a8%d7%a1%d7%95%d7%9d-%d7%9e%d7%a8%d7%9b%d7%99%d7%91%d7%99-%d7%aa%d7%a9%d7%95%d7%90%d7%94/,הורד -> מרכיבי תשואה ותרומתם לאפיקי ההשקעה לרבעון 4 2021 הורד הורד,https://www.kav-habriut.co.il/wp-content/uploads/2022/01/512008335_g7211_Yield421.xlsx
2026-10-01T10:54:54+00:00,512008335,"קו הבריאות חברה לניהול קופות גמל בע""מ",text_changed,https://www.kav-habriut.co.il/%d7%94%d7%a9%d7%a7%d7%a2%d7%95%d7%aa/%d7%a4%d7%a8%d7%a1%d7%95%d7%9d-%d7%9e%d7%a8%d7%9b%d7%99%d7%91%d7%99-%d7%aa%d7%a9%d7%95%d7%90%d7%94/,הורד -> מרכיבי תשואה ותרומתם לאפיקי ההשקעה לרבעון 3 2021 הורד הורד,https://www.kav-habriut.co.il/wp-content/uploads/2021/10/512008335_g7209_Yield321.xlsx
2026-10-01T10:54:54+00:00,512008335,"קו הבריאות חברה לניהול קופות גמל בע""מ",text_changed,https://www.kav-habriut.co.il/%d7%94%d7%a9%d7%a7%d7%a2%d7%95%d7%aa/%d7%a4%d7%a8%d7%a1%d7%95%d7%9d-%d7%9e%d7%a8%d7%9b%d7%99%d7%91%d7%99-%d7%aa%d7%a9%d7%95%d7%90%d7%94/,הורד -> מרכיבי תשואה ותרומתם לאפיקי ההשקעה לרבעון 3 2021 הורד הורד,https://www.kav-habriut.co.il/wp-content/uploads/2021/10/512008335_g7210_Yield321.xlsx
2026-10-01T10:54:54+00:00,512008335,"קו הבריאות חברה לניהול קופות גמל בע""מ",text_changed,https://www.kav-habriut.co.il/%d7%94%d7%a9%d7%a7%d7%a2%d7%95%d7%aa/%d7%a4%d7%a8%d7%a1%d7%95%d7%9d-%d7%9e%d7%a8%d7%9b%d7%99%d7%91%d7%99-%d7%aa%d7%a9%d7%95%d7%90%d7%94/,הורד -> מרכיבי תשואה ותרומתם לאפיקי ההשקעה לרבעון 3 2021 הורד הורד,https://www.kav-habriut.co.il/wp-content/uploads/2021/10/512008335_g7211_Yield321.xlsx
2026-10-01T10:54:54+00:00,512008335,"קו הבריאות חברה לניהול קופות גמל בע""מ",text_changed,https://www.kav-habriut.co.il/%d7%94%d7%a9%d7%a7%d7%a2%d7%95%d7%aa/%d7%a4%d7%a8%d7%a1%d7%95%d7%9d-%d7%9e%d7%a8%d7%9b%d7%99%d7%91%d7%99-%d7%aa%d7%a9%d7%95%d7%90%d7%94/,הורד -> מרכיבי תשואה ותרומתם לאפיקי ההשקעה לרבעון 2 2021 הורד הורד,https://www.kav-habriut.co.il/wp-content/uploads/2021/07/kh_512008335_g7209_Yield221.xlsx
2026-10-01T10:54:54+00:00,512008335,"קו הבריאות חברה לניהול קופות גמל בע""מ",text_changed,https://www.kav-habriut.co.il/%d7%94%d7%a9%d7%a7%d7%a2%d7%95%d7%aa/%d7%a4%d7%a8%d7%a1%d7%95%d7%9d-%d7%9e%d7%a8%d7%9b%d7%99%d7%91%d7%99-%d7%aa%d7%a9%d7%95%d7%90%d7%94/,הורד -> מרכיבי תשואה ותרומתם לאפיקי ההשקעה לרבעון 2 2021 הורד הורד,https://www.kav-habriut.co.il/wp-content/uploads/2021/07/kh_512008335_g7210_Yield221.xlsx
2026-10-01T10:54:54+00:00,512008335,"קו הבריאות חברה לניהול קופות גמל בע""מ",text_changed,https://www.kav-habriut.co.il/%d7%94%d7%a9%d7%a7%d7%a2%d7%95%d7%aa/%d7%a4%d7%a8%d7%a1%d7%95%d7%9d-%d7%9e%d7%a8%d7%9b%d7%99%d7%91%d7%99-%d7%aa%d7%a9%d7%95%d7%90%d7%94/,הורד -> מרכיבי תשואה ותרומתם לאפיקי ההשקעה לרבעון 2 2021 הורד הורד,https://www.kav-habriut.co.il/wp-content/uploads/2021/07/kh_512008335_g7211_Yield221.xlsx
2026-10-01T10:54:54+00:00,512008335,"קו הבריאות חברה לניהול קופות גמל בע""מ",text_changed,https://www.kav-habriut.co.il/%d7%94%d7%a9%d7%a7%d7%a2%d7%95%d7%aa/%d7%a4%d7%a8%d7%a1%d7%95%d7%9d-%d7%9e%d7%a8%d7%9b%d7%99%d7%91%d7%99-%d7%aa%d7%a9%d7%95%d7%90%d7%94/,הורד -> מרכיבי תשואה ותרומתם לאפיקי ההשקעה לרבעון 1 2021 הורד הורד,https://www.kav-habriut.co.il/wp-content/uploads/2021/04/512008335_g7209_Yield121.xlsx
2026-10-01T10:54:54+00:00,512008335,"קו הבריאות חברה לניהול קופות גמל בע""מ",text_changed,https://www.kav-habriut.co.il/%d7%94%d7%a9%d7%a7%d7%a2%d7%95%d7%aa/%d7%a4%d7%a8%d7%a1%d7%95%d7%9d-%d7%9e%d7%a8%d7%9b%d7%99%d7%91%d7%99-%d7%aa%d7%a9%d7%95%d7%90%d7%94/,הורד -> מרכיבי תשואה ותרומתם לאפיקי ההשקעה לרבעון 1 2021 הורד הורד,https://www.kav-habriut.co.il/wp-content/uploads/2021/04/512008335_g7210_Yield121.xlsx
2026-10-01T10:54:54+00:00,512008335,"קו הבריאות חברה לניהול קופות גמל בע""מ",text_changed,https://www.kav-habriut.co.il/%d7%94%d7%a9%d7%a7%d7%a2%d7%95%d7%aa/%d7%a4%d7%a8%d7%a1%d7%95%d7%9d-%d7%9e%d7%a8%d7%9b%d7%99%d7%91%d7%99-%d7%aa%d7%a9%d7%95%d7%90%d7%94/,הורד -> מרכיבי תשואה ותרומתם לאפיקי ההשקעה לרבעון 1 2021 הורד הורד,https://www.kav-habriut.co.il/wp-content/uploads/2021/04/512008335_g7211_Yield121.xlsx
2026-10-01T10:54:54+00:00,512008335,"קו הבריאות חברה לניהול קופות גמל בע""מ",text_changed,https://www.kav-habriut.co.il/%d7%94%d7%a9%d7%a7%d7%a2%d7%95%d7%aa/%d7%a4%d7%a8%d7%a1%d7%95%d7%9d-%d7%9e%d7%a8%d7%9b%d7%99%d7%91%d7%99-%d7%aa%d7%a9%d7%95%d7%90%d7%94/,הורד -> מרכיבי תשואה ותרומתם לאפיקי ההשקעה לרבעון 4 2020 הורד הורד,https://www.kav-habriut.co.il/wp-content/uploads/2021/01/512008335_g7209_Yield420.xlsx
2026-10-01T10:54:54+00:00,512008335,"קו הבריאות חברה לניהול קופות גמל בע""מ",text_changed,https://www.kav-habriut.co.il/%d7%94%d7%a9%d7%a7%d7%a2%d7%95%d7%aa/%d7%a4%d7%a8%d7%a1%d7%95%d7%9d-%d7%9e%d7%a8%d7%9b%d7%99%d7%91%d7%99-%d7%aa%d7%a9%d7%95%d7%90%d7%94/,הורד -> מרכיבי תשואה ותרומתם לאפיקי ההשקעה לרבעון 4 2020 הורד הורד,https://www.kav-habriut.co.il/wp-content/uploads/2021/01/512008335_g7210_Yield420.xlsx
2026-10-01T10:54:54+00:00,512008335,"קו הבריאות חברה לניהול קופות גמל בע""מ",text_changed,https://www.kav-habriut.co.il/%d7%94%d7%a9%d7%a7%d7%a2%d7%95%d7%aa/%d7%a4%d7%a8%d7%a1%d7%95%d7%9d-%d7%9e%d7%a8%d7%9b%d7%99%d7%91%d7%99-%d7%aa%d7%a9%d7%95%d7%90%d7%94/,הורד -> מרכיבי תשואה ותרומתם לאפיקי ההשקעה לרבעון 4 2020 הורד הורד,https://www.kav-habriut.co.il/wp-content/uploads/2021/01/512008335_g7211_Yield420.xlsx
2026-10-01T10:54:54+00:00,512008335,"קו הבריאות חברה לניהול קופות גמל בע""מ",text_changed,https://www.kav-habriut.co.il/%d7%94%d7%a9%d7%a7%d7%a2%d7%95%d7%aa/%d7%a4%d7%a8%d7%a1%d7%95%d7%9d-%d7%9e%d7%a8%d7%9b%d7%99%d7%91%d7%99-%d7%aa%d7%a9%d7%95%d7%90%d7%94/,הורד -> מרכיבי תשואה ותרומתם לאפיקי ההשקעה לרבעון 3 2020 הורד הורד,https://www.kav-habriut.co.il/wp-content/uploads/2020/10/512008335_g7209_Yield320.xlsx
2026-10-01T10:54:54+00:00,512008335,"קו הבריאות חברה לניהול קופות גמל בע""מ",text_changed,https://www.kav-habriut.co.il/%d7%94%d7%a9%d7%a7%d7%a2%d7%95%d7%aa/%d7%a4%d7%a8%d7%a1%d7%95%d7%9d-%d7%9e%d7%a8%d7%9b%d7%99%d7%91%d7%99-%d7%aa%d7%a9%d7%95%d7%90%d7%94/,הורד -> מרכיבי תשואה ותרומתם לאפיקי ההשקעה לרבעון 3 2020 הורד הורד,https://www.kav-habriut.co.il/wp-content/uploads/2020/10/512008335_g7210_Yield320.xlsx
2026-10-01T10:54:54+00:00,512008335,"קו הבריאות חברה לניהול קופות גמל בע""מ",text_changed,https://www.kav-habriut.co.il/%d7%94%d7%a9%d7%a7%d7%a2%d7%95%d7%aa/%d7%a4%d7%a8%d7%a1%d7%95%d7%9d-%d7%9e%d7%a8%d7%9b%d7%99%d7%91%d7%99-%d7%aa%d7%a9%d7%95%d7%90%d7%94/,הורד -> מרכיבי תשואה ותרומתם לאפיקי ההשקעה לרבעון 3 2020 הורד הורד,https://www.kav-habriut.co.il/wp-content/uploads/2020/10/512008335_g7211_Yield320.xlsx
2026-10-01T10:54:54+00:00,512008335,"קו הבריאות חברה לניהול קופות גמל בע""מ",text_changed,https://www.kav-habriut.co.il/%d7%94%d7%a9%d7%a7%d7%a2%d7%95%d7%aa/%d7%a4%d7%a8%d7%a1%d7%95%d7%9d-%d7%9e%d7%a8%d7%9b%d7%99%d7%91%d7%99-%d7%aa%d7%a9%d7%95%d7%90%d7%94/,הורד -> מרכיבי תשואה ותרומתם לאפיקי ההשקעה לרבעון 2 2020 הורד הורד,https://www.kav-habriut.co.il/wp-content/uploads/2020/07/512008335_g7209_Yield220.xlsx
2026-10-01T10:54:54+00:00,512008335,"קו הבריאות חברה לניהול קופות גמל בע""מ",text_changed,https://www.kav-habriut.co.il/%d7%94%d7%a9%d7%a7%d7%a2%d7%95%d7%aa/%d7%a4%d7%a8%d7%a1%d7%95%d7%9d-%d7%9e%d7%a8%d7%9b%d7%99%d7%91%d7%99-%d7%aa%d7%a9%d7%95%d7%90%d7%94/,הורד -> מרכיבי תשואה ותרומתם לאפיקי ההשקעה לרבעון 2 2020 הורד הורד,https://www.kav-habriut.co.il/wp-content/uploads/2020/07/512008335_g7210_Yield220.xlsx
2026-10-01T10:54:54+00:00,512008335,"קו הבריאות חברה לניהול קופות גמל בע""מ",text_changed,https://www.kav-habriut.co.il/%d7%94%d7%a9%d7%a7%d7%a2%d7%95%d7%aa/%d7%a4%d7%a8%d7%a1%d7%95%d7%9d-%d7%9e%d7%a8%d7%9b%d7%99%d7%91%d7%99-%d7%aa%d7%a9%d7%95%d7%90%d7%94/,הורד -> מרכיבי תשואה ותרומתם לאפיקי ההשקעה לרבעון 2 2020 הורד הורד,https://www.kav-habriut.co.il/wp-content/uploads/2020/07/512008335_g7211_Yield220.xlsx
2026-10-01T10:54:54+00:00,512008335,"קו הבריאות חברה לניהול קופות גמל בע""מ",text_changed,https://www.kav-habriut.co.il/%d7%94%d7%a9%d7%a7%d7%a2%d7%95%d7%aa/%d7%a4%d7%a8%d7%a1%d7%95%d7%9d-%d7%9e%d7%a8%d7%9b%d7%99%d7%91%d7%99-%d7%aa%d7%a9%d7%95%d7%90%d7%94/,הורד -> מרכיבי תשואה ותרומתם לאפיקי ההשקעה לרבעון 1 2020 הורד הורד,https://www.kav-habriut.co.il/wp-content/uploads/2020/05/512008335_g7209_Yield120.xlsx
2026-10-01T10:54:54+00:00,512008335,"קו הבריאות חברה לניהול קופות גמל בע""מ",text_changed,https://www.kav-habriut.co.il/%d7%94%d7%a9%d7%a7%d7%a2%d7%95%d7%aa/%d7%a4%d7%a8%d7%a1%d7%95%d7%9d-%d7%9e%d7%a8%d7%9b%d7%99%d7%91%d7%99-%d7%aa%d7%a9%d7%95%d7%90%d7%94/,הורד -> מרכיבי תשואה ותרומתם לאפיקי ההשקעה לרבעון 1 2020 הורד הורד,https://www.kav-habriut.co.il/wp-content/uploads/2020/05/512008335_g7210_Yield120.xlsx
2026-10-01T10:54:54+00:00,512008335,"קו הבריאות חברה לניהול קופות גמל בע""מ",text_changed,https://www.kav-habriut.co.il/%d7%94%d7%a9%d7%a7%d7%a2%d7%95%d7%aa/%d7%a4%d7%a8%d7%a1%d7%95%d7%9d-%d7%9e%d7%a8%d7%9b%d7%99%d7%91%d7%99-%d7%aa%d7%a9%d7%95%d7%90%d7%94/,הורד -> מרכיבי תשואה ותרומתם לאפיקי ההשקעה לרבעון 1 2020 הורד הורד,https://www.kav-habriut.co.il/wp-content/uploads/2020/05/512008335_g7211_Yield120.xlsx
2026-10-01T10:54:54+00:00,512008335,"קו הבריאות חברה לניהול קופות גמל בע""מ",text_changed,https://www.kav-habriut.co.il/%d7%94%d7%a9%d7%a7%d7%a2%d7%95%d7%aa/%d7%a4%d7%a8%d7%a1%d7%95%d7%9d-%d7%9e%d7%a8%d7%9b%d7%99%d7%91%d7%99-%d7%aa%d7%a9%d7%95%d7%90%d7%94/,הורד -> מרכיבי תשואה ותרומתם לאפיקי ההשקעה לרבעון 4 2019 הורד הורד,https://www.kav-habriut.co.il/wp-content/uploads/2020/01/512008335_g7209_Yield419.xlsx
2026-10-01T10:54:54+00:00,512008335,"קו הבריאות חברה לניהול קופות גמל בע""מ",text_changed,https://www.kav-habriut.co.il/%d7%94%d7%a9%d7%a7%d7%a2%d7%95%d7%aa/%d7%a4%d7%a8%d7%a1%d7%95%d7%9d-%d7%9e%d7%a8%d7%9b%d7%99%d7%91%d7%99-%d7%aa%d7%a9%d7%95%d7%90%d7%94/,הורד -> מרכיבי תשואה ותרומתם לאפיקי ההשקעה לרבעון 4 2019 הורד הורד,https://www.kav-habriut.co.il/wp-content/uploads/2020/01/512008335_g7210_Yield419.xlsx
2026-10-01T10:54:54+00:00,512008335,"קו הבריאות חברה לניהול קופות גמל בע""מ",text_changed,https://www.kav-habriut.co.il/%d7%94%d7%a9%d7%a7%d7%a2%d7%95%d7%aa/%d7%a4%d7%a8%d7%a1%d7%95%d7%9d-%d7%9e%d7%a8%d7%9b%d7%99%d7%91%d7%99-%d7%aa%d7%a9%d7%95%d7%90%d7%94/,הורד -> מרכיבי תשואה ותרומתם לאפיקי ההשקעה לרבעון 4 2019 הורד הורד,https://www.kav-habriut.co.il/wp-content/uploads/2020/01/512008335_g7211_Yield419.xlsx
2026-10-01T10:54:54+00:00,512008335,"קו הבריאות חברה לניהול קופות גמל בע""מ",text_changed,https://www.kav-habriut.co.il/%d7%94%d7%a9%d7%a7%d7%a2%d7%95%d7%aa/%d7%a4%d7%a8%d7%a1%d7%95%d7%9d-%d7%9e%d7%a8%d7%9b%d7%99%d7%91%d7%99-%d7%aa%d7%a9%d7%95%d7%90%d7%94/,הורד -> מרכיבי תשואה ותרומתם לאפיקי ההשקעה לרבעון 3 2019 הורד הורד,https://www.kav-habriut.co.il/wp-content/uploads/2019/11/512008335_g7209_Yield319.xlsx
2026-10-01T10:54:54+00:00,512008335,"קו הבריאות חברה לניהול קופות גמל בע""מ",text_changed,https://www.kav-habriut.co.il/%d7%94%d7%a9%d7%a7%d7%a2%d7%95%d7%aa/%d7%a4%d7%a8%d7%a1%d7%95%d7%9d-%d7%9e%d7%a8%d7%9b%d7%99%d7%91%d7%99-%d7%aa%d7%a9%d7%95%d7%90%d7%94/,הורד -> מרכיבי תשואה ותרומתם לאפיקי ההשקעה לרבעון 3 2019 הורד הורד,https://www.kav-habriut.co.il/wp-content/uploads/2019/11/512008335_g7210_Yield319.xlsx
2026-10-01T10:54:54+00:00,512008335,"קו הבריאות חברה לניהול קופות גמל בע""מ",text_changed,https://www.kav-habriut.co.il/%d7%94%d7%a9%d7%a7%d7%a2%d7%95%d7%aa/%d7%a4%d7%a8%d7%a1%d7%95%d7%9d-%d7%9e%d7%a8%d7%9b%d7%99%d7%91%d7%99-%d7%aa%d7%a9%d7%95%d7%90%d7%94/,הורד -> מרכיבי תשואה ותרומתם לאפיקי ההשקעה לרבעון 3 2019 הורד הורד,https://www.kav-habriut.co.il/wp-content/uploads/2019/11/512008335_g7211_Yield319.xlsx
2026-10-01T10:54:54+00:00,512008335,"קו הבריאות חברה לניהול קופות גמל בע""מ",text_changed,https://www.kav-habriut.co.il/%d7%94%d7%a9%d7%a7%d7%a2%d7%95%d7%aa/%d7%a4%d7%a8%d7%a1%d7%95%d7%9d-%d7%9e%d7%a8%d7%9b%d7%99%d7%91%d7%99-%d7%aa%d7%a9%d7%95%d7%90%d7%94/,הורד -> מרכיבי תשואה ותרומתם לאפיקי ההשקעה לרבעון 2 2019 הורד הורד,https://www.kav-habriut.co.il/wp-content/uploads/2019/07/512008335_g7209_Yield219.xlsx
2026-10-01T10:54:54+00:00,512008335,"קו הבריאות חברה לניהול קופות גמל בע""מ",text_changed,https://www.kav-habriut.co.il/%d7%94%d7%a9%d7%a7%d7%a2%d7%95%d7%aa/%d7%a4%d7%a8%d7%a1%d7%95%d7%9d-%d7%9e%d7%a8%d7%9b%d7%99%d7%91%d7%99-%d7%aa%d7%a9%d7%95%d7%90%d7%94/,הורד -> מרכיבי תשואה ותרומתם לאפיקי ההשקעה לרבעון 2 2019 הורד הורד,https://www.kav-habriut.co.il/wp-content/uploads/2019/07/512008335_g7210_Yield219.xlsx
2026-10-01T10:54:54+00:00,512008335,"קו הבריאות חברה לניהול קופות גמל בע""מ",text_changed,https://www.kav-habriut.co.il/%d7%94%d7%a9%d7%a7%d7%a2%d7%95%d7%aa/%d7%a4%d7%a8%d7%a1%d7%95%d7%9d-%d7%9e%d7%a8%d7%9b%d7%99%d7%91%d7%99-%d7%aa%d7%a9%d7%95%d7%90%d7%94/,הורד -> מרכיבי תשואה ותרומתם לאפיקי ההשקעה לרבעון 2 2019 הורד הורד,https://www.kav-habriut.co.il/wp-content/uploads/2019/07/512008335_g7211_Yield219.xlsx
2026-10-01T10:54:54+00:00,512008335,"קו הבריאות חברה לניהול קופות גמל בע""מ",text_changed,https://www.kav-habriut.co.il/%d7%94%d7%a9%d7%a7%d7%a2%d7%95%d7%aa/%d7%a4%d7%a8%d7%a1%d7%95%d7%9d-%d7%9e%d7%a8%d7%9b%d7%99%d7%91%d7%99-%d7%aa%d7%a9%d7%95%d7%90%d7%94/,הורד -> מרכיבי תשואה ותרומתם לאפיקי ההשקעה לרבעון 1 2019 הורד הורד,https://www.kav-habriut.co.il/wp-content/uploads/2019/04/512008335_g7209_Yield119.xlsx
2026-10-01T10:54:54+00:00,512008335,"קו הבריאות חברה לניהול קופות גמל בע""מ",text_changed,https://www.kav-habriut.co.il/%d7%94%d7%a9%d7%a7%d7%a2%d7%95%d7%aa/%d7%a4%d7%a8%d7%a1%d7%95%d7%9d-%d7%9e%d7%a8%d7%9b%d7%99%d7%91%d7%99-%d7%aa%d7%a9%d7%95%d7%90%d7%94/,הורד -> מרכיבי תשואה ותרומתם לאפיקי ההשקעה לרבעון 1 2019 הורד הורד,https://www.kav-habriut.co.il/wp-content/uploads/2019/04/512008335_g7210_Yield119.xlsx
2026-10-01T10:54:54+00:00,512008335,"קו הבריאות חברה לניהול קופות גמל בע""מ",text_changed,https://www.kav-habriut.co.il/%d7%94%d7%a9%d7%a7%d7%a2%d7%95%d7%aa/%d7%a4%d7%a8%d7%a1%d7%95%d7%9d-%d7%9e%d7%a8%d7%9b%d7%99%d7%91%d7%99-%d7%aa%d7%a9%d7%95%d7%90%d7%94/,הורד -> מרכיבי תשואה ותרומתם לאפיקי ההשקעה לרבעון 1 2019 הורד הורד,https://www.kav-habriut.co.il/wp-content/uploads/2019/04/512008335_g7211_Yield119.xlsx
2026-10-01T10:54:54+00:00,512008335,"קו הבריאות חברה לניהול קופות גמל בע""מ",text_changed,https://www.kav-habriut.co.il/%d7%94%d7%a9%d7%a7%d7%a2%d7%95%d7%aa/%d7%94%d7%95%d7%a6%d7%90%d7%95%d7%aa-%d7%99%d7%a9%d7%99%d7%a8%d7%95%d7%aa/,הורד -> הוצאות ישירות מאוחד 12.2025 הורד הורד,https://www.kav-habriut.co.il/wp-content/uploads/2026/03/מעודכן_חוברת_מאוחדת_עבור_קופת_גמל_קו_הבריאות_31.12.2025.xlsx
2026-10-01T10:54:54+00:00,512008335,"קו הבריאות חברה לניהול קופות גמל בע""מ",text_changed,https://www.kav-habriut.co.il/%d7%94%d7%a9%d7%a7%d7%a2%d7%95%d7%aa/%d7%94%d7%95%d7%a6%d7%90%d7%95%d7%aa-%d7%99%d7%a9%d7%99%d7%a8%d7%95%d7%aa/,הורד -> הוצאות ישירות מאוחד 12.2024 הורד הורד,https://www.kav-habriut.co.il/wp-content/uploads/2025/03/חוברת_מאוחדת_עבור_קופת_גמל_קו_הבריאות_מעודכן_31.12.2024.xlsx
2026-10-01T10:54:54+00:00,512008335,"קו הבריאות חברה לניהול קופות גמל בע""מ",text_changed,https://www.kav-habriut.co.il/%d7%94%d7%a9%d7%a7%d7%a2%d7%95%d7%aa/%d7%94%d7%95%d7%a6%d7%90%d7%95%d7%aa-%d7%99%d7%a9%d7%99%d7%a8%d7%95%d7%aa/,הורד -> הוצאות ישירות מאוחד 12.2023 הורד הורד,https://www.kav-habriut.co.il/wp-content/uploads/2024/06/דיווח_לציבור_על_הוצאות_ישירות_בקופת_גמל_של_קו_הבריאות_31.12.2023.xlsx
2026-10-01T10:54:54+00:00,512008335,"קו הבריאות חברה לניהול קופות גמל בע""מ",text_changed,https://www.kav-habriut.co.il/%d7%94%d7%a9%d7%a7%d7%a2%d7%95%d7%aa/%d7%94%d7%95%d7%a6%d7%90%d7%95%d7%aa-%d7%99%d7%a9%d7%99%d7%a8%d7%95%d7%aa/,הורד -> הוצאות ישירות מאוחד 12.2022 הורד הורד,https://www.kav-habriut.co.il/wp-content/uploads/2023/05/קו_דיווח_לועדה_דוח_הוצאות_ישירות_רבעון_42022.xlsx
2026-10-01T10:54:54+00:00,512008335,"קו הבריאות חברה לניהול קופות גמל בע""מ",text_changed,https://www.kav-habriut.co.il/%d7%94%d7%a9%d7%a7%d7%a2%d7%95%d7%aa/%d7%94%d7%95%d7%a6%d7%90%d7%95%d7%aa-%d7%99%d7%a9%d7%99%d7%a8%d7%95%d7%aa/,הורד -> הוצאות ישירות מאוחד 12.2021 הורד הורד,https://www.kav-habriut.co.il/wp-content/uploads/2022/04/קו_דוח_הוצאות_ישירות_רבעון_42021_-_לאתר.xlsx
2026-10-01T10:54:54+00:00,512008335,"קו הבריאות חברה לניהול קופות גמל בע""מ",text_changed,https://www.kav-habriut.co.il/%d7%94%d7%a9%d7%a7%d7%a2%d7%95%d7%aa/%d7%94%d7%95%d7%a6%d7%90%d7%95%d7%aa-%d7%99%d7%a9%d7%99%d7%a8%d7%95%d7%aa/,הורד -> הוצאות ישירות מאוחד 12.2020 הורד הורד,https://www.kav-habriut.co.il/wp-content/uploads/2021/03/קו_בריאות_הוצאות_ישירות_לאתר_אינטרנט_2020.xlsx
2026-10-01T10:54:54+00:00,512008335,"קו הבריאות חברה לניהול קופות גמל בע""מ",text_changed,https://www.kav-habriut.co.il/%d7%94%d7%a9%d7%a7%d7%a2%d7%95%d7%aa/%d7%94%d7%95%d7%a6%d7%90%d7%95%d7%aa-%d7%99%d7%a9%d7%99%d7%a8%d7%95%d7%aa/,הורד -> הוצאות ישירות מאוחד 12.2019 הורד הורד,https://www.kav-habriut.co.il/wp-content/uploads/2020/03/קו_דיווח_לועדה_דוח_הוצאות_ישירות_רבעון_42019.xlsx
2026-10-01T10:54:54+00:00,512008335,"קו הבריאות חברה לניהול קופות גמל בע""מ",text_changed,https://www.kav-habriut.co.il/%d7%94%d7%a9%d7%a7%d7%a2%d7%95%d7%aa/%d7%94%d7%95%d7%a6%d7%90%d7%95%d7%aa-%d7%99%d7%a9%d7%99%d7%a8%d7%95%d7%aa/,הורד -> הוצאות ישירות מאוחד 12.2018 הורד הורד,https://www.kav-habriut.co.il/wp-content/uploads/2019/03/קו-דיווח-לועדה-דוח-הוצאות-ישירות-רבעון-4-2018.xlsx
2026-10-01T10:54:54+00:00,512008335,"קו הבריאות חברה לניהול קופות גמל בע""מ",text_changed,https://www.kav-habriut.co.il/%d7%94%d7%a9%d7%a7%d7%a2%d7%95%d7%aa/%d7%94%d7%95%d7%a6%d7%90%d7%95%d7%aa-%d7%99%d7%a9%d7%99%d7%a8%d7%95%d7%aa/,הורד -> הוצאות ישירות מאוחד 12.2017 הורד הורד,https://www.kav-habriut.co.il/wp-content/uploads/2018/03/201712_direct_cost.xls
2026-10-01T10:54:54+00:00,512008335,"קו הבריאות חברה לניהול קופות גמל בע""מ",text_changed,https://www.kav-habriut.co.il/%d7%94%d7%a9%d7%a7%d7%a2%d7%95%d7%aa/%d7%94%d7%95%d7%a6%d7%90%d7%95%d7%aa-%d7%99%d7%a9%d7%99%d7%a8%d7%95%d7%aa/,הורד -> הוצאות ישירות מאוחד 12.2016 הורד הורד,https://www.kav-habriut.co.il/wp-content/uploads/2018/01/201612_direct_cost.xls
2026-10-01T10:54:54+00:00,512008335,"קו הבריאות חברה לניהול קופות גמל בע""מ",text_changed,https://www.kav-habriut.co.il/%d7%94%d7%a9%d7%a7%d7%a2%d7%95%d7%aa/%d7%94%d7%95%d7%a6%d7%90%d7%95%d7%aa-%d7%99%d7%a9%d7%99%d7%a8%d7%95%d7%aa/,הורד -> דוח הוצאות ישירות 06.2016 הורד הורד,https://www.kav-habriut.co.il/wp-content/uploads/2018/01/201606_direct_cost.xls
2026-10-01T10:54:54+00:00,512008335,"קו הבריאות חברה לניהול קופות גמל בע""מ",text_changed,https://www.kav-habriut.co.il/%d7%94%d7%a9%d7%a7%d7%a2%d7%95%d7%aa/%d7%94%d7%a6%d7%91%d7%a2%d7%95%d7%aa-%d7%91%d7%90%d7%a1%d7%99%d7%a4%d7%95%d7%aa/,הורד -> מסלול 60 ומעלה – אסיפות כלליות מתאריך 31.12.23-01.01.23 הורד הורד,https://www.kav-habriut.co.il/wp-content/uploads/2026/01/מסלול_60_ומעלה-_01.01.2023-31.12.2023.xlsx
2026-10-01T10:54:54+00:00,512008335,"קו הבריאות חברה לניהול קופות גמל בע""מ",text_changed,https://www.kav-habriut.co.il/%d7%94%d7%a9%d7%a7%d7%a2%d7%95%d7%aa/%d7%94%d7%a6%d7%91%d7%a2%d7%95%d7%aa-%d7%91%d7%90%d7%a1%d7%99%d7%a4%d7%95%d7%aa/,הורד -> מסלול 60 ומעלה – אסיפות כלליות מתאריך 31.12.22-01.01.22 הורד הורד,https://www.kav-habriut.co.il/wp-content/uploads/2026/01/קו_הבריאות_60_ומעלה-_שנת_2022.xlsx
2026-10-01T10:54:54+00:00,512008335,"קו הבריאות חברה לניהול קופות גמל בע""מ",text_changed,https://www.kav-habriut.co.il/%d7%94%d7%a9%d7%a7%d7%a2%d7%95%d7%aa/%d7%94%d7%a6%d7%91%d7%a2%d7%95%d7%aa-%d7%91%d7%90%d7%a1%d7%99%d7%a4%d7%95%d7%aa/,הורד -> מסלול 50-60 – אסיפות כלליות מתאריך 31.12.23-01.01.23 הורד הורד,https://www.kav-habriut.co.il/wp-content/uploads/2026/01/מסלול_50-60-_01.01.2023-31.12.2023.xlsx
2026-10-01T10:54:54+00:00,512008335,"קו הבריאות חברה לניהול קופות גמל בע""מ",text_changed,https://www.kav-habriut.co.il/%d7%94%d7%a9%d7%a7%d7%a2%d7%95%d7%aa/%d7%94%d7%a6%d7%91%d7%a2%d7%95%d7%aa-%d7%91%d7%90%d7%a1%d7%99%d7%a4%d7%95%d7%aa/,הורד -> מסלול 50-60 – אסיפות כלליות מתאריך 31.12.22-01.01.22 הורד הורד,https://www.kav-habriut.co.il/wp-content/uploads/2026/01/קו_הבריאות-_50-60-_שנת_2022.xlsx
2026-10-01T10:54:54+00:00,512008335,"קו הבריאות חברה לניהול קופות גמל בע""מ",text_changed,https://www.kav-habriut.co.il/%d7%94%d7%a9%d7%a7%d7%a2%d7%95%d7%aa/%d7%94%d7%a6%d7%91%d7%a2%d7%95%d7%aa-%d7%91%d7%90%d7%a1%d7%99%d7%a4%d7%95%d7%aa/,הורד -> מסלול 50 ומטה – אסיפות כלליות מתאריך 31.12.23-01.01.23 הורד הורד,https://www.kav-habriut.co.il/wp-content/uploads/2026/01/מסלול_50_ומטה-_01.01.2023-31.12.2023.xlsx
2026-10-01T10:54:54+00:00,512008335,"קו הבריאות חברה לניהול קופות גמל בע""מ",text_changed,https://www.kav-habriut.co.il/%d7%94%d7%a9%d7%a7%d7%a2%d7%95%d7%aa/%d7%94%d7%a6%d7%91%d7%a2%d7%95%d7%aa-%d7%91%d7%90%d7%a1%d7%99%d7%a4%d7%95%d7%aa/,הורד -> מסלול 50 ומטה – אסיפות כלליות מתאריך 31.12.22-01.01.22 הורד הורד,https://www.kav-habriut.co.il/wp-content/uploads/2026/01/קו_הבריאות_50_ומטה-_שנת_2022.xlsx
2026-10-01T10:54:54+00:00,512008335,"קו הבריאות חברה לניהול קופות גמל בע""מ",text_changed,https://www.kav-habriut.co.il/%d7%94%d7%a9%d7%a7%d7%a2%d7%95%d7%aa/%d7%94%d7%a6%d7%91%d7%a2%d7%95%d7%aa-%d7%91%d7%90%d7%a1%d7%99%d7%a4%d7%95%d7%aa/,הורד -> אסיפות כלליות מתאריך 31.12.25-01.01.25 הורד הורד,https://www.kav-habriut.co.il/wp-content/uploads/2026/01/ריכוז_אסיפות_לשנת_2025.xlsx
2026-10-01T10:54:54+00:00,512008335,"קו הבריאות חברה לניהול קופות גמל בע""מ",text_changed,https://www.kav-habriut.co.il/%d7%94%d7%a9%d7%a7%d7%a2%d7%95%d7%aa/%d7%94%d7%a6%d7%91%d7%a2%d7%95%d7%aa-%d7%91%d7%90%d7%a1%d7%99%d7%a4%d7%95%d7%aa/,הורד -> אסיפות כלליות מתאריך 31.12.24-09.04.24 הורד הורד,https://www.kav-habriut.co.il/wp-content/uploads/2026/01/ריכוז_אסיפות_לשנת_2024-1.xls
2026-10-01T10:54:54+00:00,512008335,"קו הבריאות חברה לניהול קופות גמל בע""מ",text_changed,https://www.kav-habriut.co.il/%d7%94%d7%a9%d7%a7%d7%a2%d7%95%d7%aa/%d7%94%d7%a6%d7%91%d7%a2%d7%95%d7%aa-%d7%91%d7%90%d7%a1%d7%99%d7%a4%d7%95%d7%aa/,הורד -> אסיפות כלליות מתאריך 24.09.26-01.01.26 הורד הורד,https://www.kav-habriut.co.il/wp-content/uploads/2026/09/קו_הבריאות_01.01.2026-24.09.2026-1.xlsx
2026-10-01T10:54:54+00:00,512008335,"קו הבריאות חברה לניהול קופות גמל בע""מ",text_changed,https://www.kav-habriut.co.il/%d7%94%d7%a9%d7%a7%d7%a2%d7%95%d7%aa/%d7%94%d7%a6%d7%91%d7%a2%d7%95%d7%aa-%d7%91%d7%90%d7%a1%d7%99%d7%a4%d7%95%d7%aa/,הורד -> קריטריונים להשתתפות באסיפות כלליות הורד הורד,https://www.kav-habriut.co.il/wp-content/uploads/2025/01/מדיניות_הצבעה_-_חברת_עמדה_-_2024-2025_-1.pdf
2026-10-01T10:54:54+00:00,512008335,"קו הבריאות חברה לניהול קופות גמל בע""מ",text_changed,https://www.kav-habriut.co.il/%d7%94%d7%a9%d7%a7%d7%a2%d7%95%d7%aa/%d7%94%d7%a6%d7%91%d7%a2%d7%95%d7%aa-%d7%91%d7%90%d7%a1%d7%99%d7%a4%d7%95%d7%aa/,הורד -> אסיפות כלליות מסלול 60 ומעלה מתאריך 25.01.22-1.12.21 הורד הורד,https://www.kav-habriut.co.il/wp-content/uploads/2022/01/קו_הבריאות_60_ומעלה.xlsx
2026-10-01T10:54:54+00:00,512008335,"קו הבריאות חברה לניהול קופות גמל בע""מ",text_changed,https://www.kav-habriut.co.il/%d7%94%d7%a9%d7%a7%d7%a2%d7%95%d7%aa/%d7%94%d7%a6%d7%91%d7%a2%d7%95%d7%aa-%d7%91%d7%90%d7%a1%d7%99%d7%a4%d7%95%d7%aa/,הורד -> אסיפות כלליות מסלול 50-60 מתאריך 25.01.22-1.12.21 הורד הורד,https://www.kav-habriut.co.il/wp-content/uploads/2022/01/קו_הבריאות_50-60.xlsx
2026-10-01T10:54:54+00:00,512008335,"קו הבריאות חברה לניהול קופות גמל בע""מ",text_changed,https://www.kav-habriut.co.il/%d7%94%d7%a9%d7%a7%d7%a2%d7%95%d7%aa/%d7%94%d7%a6%d7%91%d7%a2%d7%95%d7%aa-%d7%91%d7%90%d7%a1%d7%99%d7%a4%d7%95%d7%aa/,הורד -> אסיפות כלליות מסלול 50 ומטה מתאריך 25.01.22-1.12.21 הורד הורד,https://www.kav-habriut.co.il/wp-content/uploads/2022/01/קו_הבריאות_50_ומטה1.xlsx
2026-10-01T10:54:54+00:00,512008335,"קו הבריאות חברה לניהול קופות גמל בע""מ",text_changed,https://www.kav-habriut.co.il/%d7%94%d7%a9%d7%a7%d7%a2%d7%95%d7%aa/%d7%94%d7%a6%d7%91%d7%a2%d7%95%d7%aa-%d7%91%d7%90%d7%a1%d7%99%d7%a4%d7%95%d7%aa/,הורד -> אסיפות כלליות מ-01.01.2021 עד 23.09.2021 הורד הורד,https://www.kav-habriut.co.il/wp-content/uploads/2021/09/קו_בריאות_01.01-23.09.21.pdf
2026-10-01T10:54:54+00:00,512008335,"קו הבריאות חברה לניהול קופות גמל בע""מ",text_changed,https://www.kav-habriut.co.il/%d7%94%d7%a9%d7%a7%d7%a2%d7%95%d7%aa/%d7%94%d7%a6%d7%91%d7%a2%d7%95%d7%aa-%d7%91%d7%90%d7%a1%d7%99%d7%a4%d7%95%d7%aa/,הורד -> אסיפות כלליות מ-01.01.2020 עד 30.12.2020 הורד הורד,https://www.kav-habriut.co.il/wp-content/uploads/2021/01/קו_01.01.20-30.12.20.pdf
2026-10-01T10:54:54+00:00,512008335,"קו הבריאות חברה לניהול קופות גמל בע""מ",text_changed,https://www.kav-habriut.co.il/%d7%94%d7%a9%d7%a7%d7%a2%d7%95%d7%aa/%d7%94%d7%a6%d7%91%d7%a2%d7%95%d7%aa-%d7%91%d7%90%d7%a1%d7%99%d7%a4%d7%95%d7%aa/,הורד -> אסיפות כלליות מ-01.07.2019 עד 31.07.2019 הורד הורד,https://www.kav-habriut.co.il/wp-content/uploads/2019/08/קו-הבריאות-01.01.19-31.07.19.pdf
2026-10-01T10:54:54+00:00,512008335,"קו הבריאות חברה לניהול קופות גמל בע""מ",text_changed,https://www.kav-habriut.co.il/%d7%94%d7%a9%d7%a7%d7%a2%d7%95%d7%aa/%d7%94%d7%a6%d7%91%d7%a2%d7%95%d7%aa-%d7%91%d7%90%d7%a1%d7%99%d7%a4%d7%95%d7%aa/,הורד -> אסיפות כלליות מ-01.01.2019 עד 31.12.2019 הורד הורד,https://www.kav-habriut.co.il/wp-content/uploads/2020/04/קו_הבריאות__01.01.19-31.12.19.pdf
2026-10-01T10:54:54+00:00,512008335,"קו הבריאות חברה לניהול קופות גמל בע""מ",text_changed,https://www.kav-habriut.co.il/%d7%94%d7%a9%d7%a7%d7%a2%d7%95%d7%aa/%d7%94%d7%a6%d7%91%d7%a2%d7%95%d7%aa-%d7%91%d7%90%d7%a1%d7%99%d7%a4%d7%95%d7%aa/,הורד -> אסיפות כלליות מ-01.01.2019 עד 03.07.2019 הורד הורד,https://www.kav-habriut.co.il/wp-content/uploads/2019/07/קו-הבריאות-01.01.19-03.07.19.pdf
2026-10-01T10:54:54+00:00,512008335,"קו הבריאות חברה לניהול קופות גמל בע""מ",text_changed,https://www.kav-habriut.co.il/%d7%94%d7%a9%d7%a7%d7%a2%d7%95%d7%aa/%d7%94%d7%a6%d7%91%d7%a2%d7%95%d7%aa-%d7%91%d7%90%d7%a1%d7%99%d7%a4%d7%95%d7%aa/,הורד -> אסיפות כלליות מ-01.01.2018 עד 31.12.2018 הורד הורד,https://www.kav-habriut.co.il/wp-content/uploads/2019/01/קו-הבריאות-01.01.18-31.12.18.pdf
2026-10-01T10:54:54+00:00,512008335,"קו הבריאות חברה לניהול קופות גמל בע""מ",text_changed,https://www.kav-habriut.co.il/%d7%94%d7%a9%d7%a7%d7%a2%d7%95%d7%aa/%d7%a6%d7%93%d7%93%d7%99%d7%9d-%d7%a7%d7%a9%d7%95%d7%a8%d7%99%d7%9d/,הורד -> צדדים קשורים חברה מנהלת 2026 הורד הורד,https://www.kav-habriut.co.il/wp-content/uploads/2026/08/תרשים_צדדים_קשורים_קו_הבריאות.pdf
2026-10-01T10:54:54+00:00,512008335,"קו הבריאות חברה לניהול קופות גמל בע""מ",text_changed,https://www.kav-habriut.co.il/%d7%94%d7%a9%d7%a7%d7%a2%d7%95%d7%aa/%d7%a6%d7%93%d7%93%d7%99%d7%9d-%d7%a7%d7%a9%d7%95%d7%a8%d7%99%d7%9d/,הורד -> רשימת צדדים קשורים מעודכנת – 2025 הורד הורד,https://www.kav-habriut.co.il/wp-content/uploads/2026/09/צדדים_קשורים_2025_קו_הבריאות.xlsx
2026-10-01T10:54:54+00:00,512008335,"קו הבריאות חברה לניהול קופות גמל בע""מ",text_changed,https://www.kav-habriut.co.il/%d7%94%d7%a9%d7%a7%d7%a2%d7%95%d7%aa/%d7%a6%d7%93%d7%93%d7%99%d7%9d-%d7%a7%d7%a9%d7%95%d7%a8%d7%99%d7%9d/,הורד -> צדדים קשורים 12.2025 מאוחד הורד הורד,https://www.kav-habriut.co.il/wp-content/uploads/2026/03/kh_zadkashur-1.xlsx
2026-10-01T10:54:54+00:00,512008335,"קו הבריאות חברה לניהול קופות גמל בע""מ",text_changed,https://www.kav-habriut.co.il/%d7%94%d7%a9%d7%a7%d7%a2%d7%95%d7%aa/%d7%a6%d7%93%d7%93%d7%99%d7%9d-%d7%a7%d7%a9%d7%95%d7%a8%d7%99%d7%9d/,הורד -> רשימת צדדים קשורים מעודכנת לחודש פברואר 2024 הורד הורד,https://www.kav-habriut.co.il/wp-content/uploads/2024/03/צדדים_קשורים_גופים_מוסדיים_-_קופות_ענפיות_פברואר_2024-2.pdf
2026-10-01T10:54:54+00:00,512008335,"קו הבריאות חברה לניהול קופות גמל בע""מ",text_changed,https://www.kav-habriut.co.il/%d7%94%d7%a9%d7%a7%d7%a2%d7%95%d7%aa/%d7%a6%d7%93%d7%93%d7%99%d7%9d-%d7%a7%d7%a9%d7%95%d7%a8%d7%99%d7%9d/,הורד -> רשימת צדדים קשורים מעודכנת לחודש מרץ 2024 הורד הורד,https://www.kav-habriut.co.il/wp-content/uploads/2024/04/אי.בי_אי_אמבן_-_פירוט_צדדים_קשורים_-_31.3.24.docx
2026-10-01T10:54:54+00:00,512008335,"קו הבריאות חברה לניהול קופות גמל בע""מ",text_changed,https://www.kav-habriut.co.il/%d7%94%d7%a9%d7%a7%d7%a2%d7%95%d7%aa/%d7%a6%d7%93%d7%93%d7%99%d7%9d-%d7%a7%d7%a9%d7%95%d7%a8%d7%99%d7%9d/,הורד -> צדדים קשורים 12.2024 מאוחד הורד הורד,https://www.kav-habriut.co.il/wp-content/uploads/2025/03/kh_zadkashur-1.xlsx
2026-10-01T10:54:54+00:00,512008335,"קו הבריאות חברה לניהול קופות גמל בע""מ",text_changed,https://www.kav-habriut.co.il/%d7%94%d7%a9%d7%a7%d7%a2%d7%95%d7%aa/%d7%a6%d7%93%d7%93%d7%99%d7%9d-%d7%a7%d7%a9%d7%95%d7%a8%d7%99%d7%9d/,הורד -> רשימת צדדים קשורים מעודכנת – 2023 הורד הורד,https://www.kav-habriut.co.il/wp-content/uploads/2024/03/kh_zadkashur-1.xlsx
2026-10-01T10:54:54+00:00,512008335,"קו הבריאות חברה לניהול קופות גמל בע""מ",text_changed,https://www.kav-habriut.co.il/%d7%94%d7%a9%d7%a7%d7%a2%d7%95%d7%aa/%d7%a6%d7%93%d7%93%d7%99%d7%9d-%d7%a7%d7%a9%d7%95%d7%a8%d7%99%d7%9d/,הורד -> רשימת צדדים קשורים מעודכנת לחודש מרץ 2023 הורד הורד,https://www.kav-habriut.co.il/wp-content/uploads/2023/04/צדדים_קשורים_גופים_מוסדיים_-_קופות_ענפיות_מרץ_2023-נקי.pdf
2026-10-01T10:54:54+00:00,512008335,"קו הבריאות חברה לניהול קופות גמל בע""מ",text_changed,https://www.kav-habriut.co.il/%d7%94%d7%a9%d7%a7%d7%a2%d7%95%d7%aa/%d7%a6%d7%93%d7%93%d7%99%d7%9d-%d7%a7%d7%a9%d7%95%d7%a8%d7%99%d7%9d/,הורד -> רשימת צדדים קשורים מעודכנת לחודש ינואר 2023 הורד הורד,https://www.kav-habriut.co.il/wp-content/uploads/2023/01/צדדים_קשורים_גופים_מוסדיים_-_קופות_ענפיות_ינואר_2023-נקי.pdf
2026-10-01T10:54:54+00:00,512008335,"קו הבריאות חברה לניהול קופות גמל בע""מ",text_changed,https://www.kav-habriut.co.il/%d7%94%d7%a9%d7%a7%d7%a2%d7%95%d7%aa/%d7%a6%d7%93%d7%93%d7%99%d7%9d-%d7%a7%d7%a9%d7%95%d7%a8%d7%99%d7%9d/,הורד -> רשימת צדדים קשורים מעודכנת לחודש יוני 2023 הורד הורד,https://www.kav-habriut.co.il/wp-content/uploads/2023/07/צדדים_קשורים_גופים_מוסדיים_-_קופות_ענפיות_יוני_2023-נקי-1.pdf
2026-10-01T10:54:54+00:00,512008335,"קו הבריאות חברה לניהול קופות גמל בע""מ",text_changed,https://www.kav-habriut.co.il/%d7%94%d7%a9%d7%a7%d7%a2%d7%95%d7%aa/%d7%a6%d7%93%d7%93%d7%99%d7%9d-%d7%a7%d7%a9%d7%95%d7%a8%d7%99%d7%9d/,הורד -> רשימת צדדים קשורים מעודכנת לחודש אוקטובר 2023 הורד הורד,https://www.kav-habriut.co.il/wp-content/uploads/2023/10/צדדים_קשורים_גופים_מוסדיים_-_קופות_ענפיות_אוקטובר_2023-נקי.pdf
2026-10-01T10:54:54+00:00,512008335,"קו הבריאות חברה לניהול קופות גמל בע""מ",text_changed,https://www.kav-habriut.co.il/%d7%94%d7%a9%d7%a7%d7%a2%d7%95%d7%aa/%d7%a6%d7%93%d7%93%d7%99%d7%9d-%d7%a7%d7%a9%d7%95%d7%a8%d7%99%d7%9d/,הורד -> רשימת צדדים קשורים מעודכנת לחודש נובמבר 2022 הורד הורד,https://www.kav-habriut.co.il/wp-content/uploads/2022/11/צדדים_קשורים_גופים_מוסדיים_-_קופות_ענפיות_נובמבר_2022-נקי.pdf
2026-10-01T10:54:54+00:00,512008335,"קו הבריאות חברה לניהול קופות גמל בע""מ",text_changed,https://www.kav-habriut.co.il/%d7%94%d7%a9%d7%a7%d7%a2%d7%95%d7%aa/%d7%a6%d7%93%d7%93%d7%99%d7%9d-%d7%a7%d7%a9%d7%95%d7%a8%d7%99%d7%9d/,הורד -> רשימת צדדים קשורים מעודכנת לחודש מרץ 2022 הורד הורד,https://www.kav-habriut.co.il/wp-content/uploads/2022/03/צדדים_קשורים_גופים_מוסדיים_-_קופות_ענפיות_מרץ_2022.pdf
2026-10-01T10:54:54+00:00,512008335,"קו הבריאות חברה לניהול קופות גמל בע""מ",text_changed,https://www.kav-habriut.co.il/%d7%94%d7%a9%d7%a7%d7%a2%d7%95%d7%aa/%d7%a6%d7%93%d7%93%d7%99%d7%9d-%d7%a7%d7%a9%d7%95%d7%a8%d7%99%d7%9d/,הורד -> רשימת צדדים קשורים מעודכנת לחודש יולי 2022 הורד הורד,https://www.kav-habriut.co.il/wp-content/uploads/2022/08/צדדים_קשורים_גופים_מוסדיים_-_קופות_ענפיות_יולי_2022-1.pdf
2026-10-01T10:54:54+00:00,512008335,"קו הבריאות חברה לניהול קופות גמל בע""מ",text_changed,https://www.kav-habriut.co.il/%d7%94%d7%a9%d7%a7%d7%a2%d7%95%d7%aa/%d7%a6%d7%93%d7%93%d7%99%d7%9d-%d7%a7%d7%a9%d7%95%d7%a8%d7%99%d7%9d/,הורד -> צדדים קשורים 12.2022 מאוחד הורד הורד,https://www.kav-habriut.co.il/wp-content/uploads/2023/03/kh_zadkashur.xlsx
2026-10-01T10:54:54+00:00,512008335,"קו הבריאות חברה לניהול קופות גמל בע""מ",text_changed,https://www.kav-habriut.co.il/%d7%94%d7%a9%d7%a7%d7%a2%d7%95%d7%aa/%d7%a6%d7%93%d7%93%d7%99%d7%9d-%d7%a7%d7%a9%d7%95%d7%a8%d7%99%d7%9d/,הורד -> רשימת צדדים קשורים מעודכנת לחודש דצמבר 2021 הורד הורד,https://www.kav-habriut.co.il/wp-content/uploads/2022/02/צדדים_קשורים_גופים_מוסדיים_-_קופות_ענפיות_דצמבר_2021_חדש__003_.pdf
2026-10-01T10:54:54+00:00,512008335,"קו הבריאות חברה לניהול קופות גמל בע""מ",text_changed,https://www.kav-habriut.co.il/%d7%94%d7%a9%d7%a7%d7%a2%d7%95%d7%aa/%d7%a6%d7%93%d7%93%d7%99%d7%9d-%d7%a7%d7%a9%d7%95%d7%a8%d7%99%d7%9d/,הורד -> רשימת צדדים קשורים לפסגות מעודכנת – 2021 הורד הורד,https://www.kav-habriut.co.il/wp-content/uploads/2021/10/פסגות_ניירות_ערך_מפעליות_לפרסום_2021.pdf
2026-10-01T10:54:54+00:00,512008335,"קו הבריאות חברה לניהול קופות גמל בע""מ",text_changed,https://www.kav-habriut.co.il/%d7%94%d7%a9%d7%a7%d7%a2%d7%95%d7%aa/%d7%a6%d7%93%d7%93%d7%99%d7%9d-%d7%a7%d7%a9%d7%95%d7%a8%d7%99%d7%9d/,הורד -> רשימת צדדים קשורים לפסגות מעודכנת לחודש אוקטובר 2021 הורד הורד,https://www.kav-habriut.co.il/wp-content/uploads/2021/11/רשימת_צדדים_קשורים_אוקטובר_2021.docx
2026-10-01T10:54:54+00:00,512008335,"קו הבריאות חברה לניהול קופות גמל בע""מ",text_changed,https://www.kav-habriut.co.il/%d7%94%d7%a9%d7%a7%d7%a2%d7%95%d7%aa/%d7%a6%d7%93%d7%93%d7%99%d7%9d-%d7%a7%d7%a9%d7%95%d7%a8%d7%99%d7%9d/,הורד -> צדדים קשורים 12.2021 מאוחד הורד הורד,https://www.kav-habriut.co.il/wp-content/uploads/2022/03/קו_בריאות_צדדים_קשורים_לאתר_2020.xlsx
2026-10-01T10:54:54+00:00,512008335,"קו הבריאות חברה לניהול קופות גמל בע""מ",text_changed,https://www.kav-habriut.co.il/%d7%94%d7%a9%d7%a7%d7%a2%d7%95%d7%aa/%d7%a6%d7%93%d7%93%d7%99%d7%9d-%d7%a7%d7%a9%d7%95%d7%a8%d7%99%d7%9d/,הורד -> רשימת צדדים קשורים לפסגות מעודכנת לחודש דצמבר 2020 הורד הורד,https://www.kav-habriut.co.il/wp-content/uploads/2020/12/פסגות_ניירות_ערך_מפעליות_לפרסום_2020.pdf
2026-10-01T10:54:54+00:00,512008335,"קו הבריאות חברה לניהול קופות גמל בע""מ",text_changed,https://www.kav-habriut.co.il/%d7%94%d7%a9%d7%a7%d7%a2%d7%95%d7%aa/%d7%a6%d7%93%d7%93%d7%99%d7%9d-%d7%a7%d7%a9%d7%95%d7%a8%d7%99%d7%9d/,הורד -> צדדים קשורים 12.2020 מאוחד הורד הורד,https://www.kav-habriut.co.il/wp-content/uploads/2021/03/קו_בריאות_צדדים_קשורים_לאתר_2020.xlsx
2026-10-01T10:54:54+00:00,512008335,"קו הבריאות חברה לניהול קופות גמל בע""מ",text_changed,https://www.kav-habriut.co.il/%d7%94%d7%a9%d7%a7%d7%a2%d7%95%d7%aa/%d7%a6%d7%93%d7%93%d7%99%d7%9d-%d7%a7%d7%a9%d7%95%d7%a8%d7%99%d7%9d/,הורד -> רשימת צדדים קשורים לפסגות מעודכנת לחודש דצמבר 2019 הורד הורד,https://www.kav-habriut.co.il/wp-content/uploads/2020/01/פסגות-ניירות-ערך_מפעליות_לפרסום-דצמבר-2019.pdf
2026-10-01T10:54:54+00:00,512008335,"קו הבריאות חברה לניהול קופות גמל בע""מ",text_changed,https://www.kav-habriut.co.il/%d7%94%d7%a9%d7%a7%d7%a2%d7%95%d7%aa/%d7%a6%d7%93%d7%93%d7%99%d7%9d-%d7%a7%d7%a9%d7%95%d7%a8%d7%99%d7%9d/,הורד -> צדדים קשורים 12.2019 מאוחד הורד הורד,https://www.kav-habriut.co.il/wp-content/uploads/2020/03/קו_הבריאות_צדדים_קשורים_31122019.xlsx
