legal_id,fund_id,track_no,track_code,track_name,year,asset,asset_key,current_pct,expected_pct,tolerance,min_pct,max_pct,benchmark,policy_text,group,doc_first_seen,url,doc_file,sheet
520042581,,,520042581|page1|מסלול לבני 50 ומטה,גמל - מסלול לבני 50 ומטה,2026,"מניות (תעודות סל, אופציות, קרנות נאמנות)",equity,57.59,57.0,6% +/-,51.0,63.0,"מדד ת""א 90 35% 65% AC MSCI",,page1,2026-10-01T03:15:46+00:00,https://www.ami-gml.co.il/wp-content/uploads/2026/07/67202ImageFile3.pdf,policy/companies/520042581/raw/520042581/a3c30d6cd156_67202ImageFile3.pdf,page1
520042581,,,520042581|page1|מסלול לבני 50 ומטה,גמל - מסלול לבני 50 ומטה,2026,"אג""ח ממשלתי",,36.7,38.0,5% +/-,33.0,43.0,ממשלתי שקלי 2-5 שנים 50% ממשלתי צמוד 2-5 שנים 50%,,page1,2026-10-01T03:15:46+00:00,https://www.ami-gml.co.il/wp-content/uploads/2026/07/67202ImageFile3.pdf,policy/companies/520042581/raw/520042581/a3c30d6cd156_67202ImageFile3.pdf,page1
520042581,,,520042581|page1|מסלול לבני 50 ומטה,גמל - מסלול לבני 50 ומטה,2026,"אג""ח קונצרני (קרנות נאמנות, תעודות סל)",,20.19,24.0,6% +/-,18.0,30.0,מדד תל בונד 60 - 45% תל בונד שקלי 50 - 45% 30 top grade investment liquid usd iboxx Market 10%,,page1,2026-10-01T03:15:46+00:00,https://www.ami-gml.co.il/wp-content/uploads/2026/07/67202ImageFile3.pdf,policy/companies/520042581/raw/520042581/a3c30d6cd156_67202ImageFile3.pdf,page1
520042581,,,520042581|page1|מסלול לבני 50 ומטה,גמל - מסלול לבני 50 ומטה,2026,"אחר (קרנות השקעה פרטיות, קרנות נדלן,
מכשירים מובנים)*",,0.4,1.0,5% +/-,0.0,6.0,"ת""א 125 15% תל בונד שיקלי 15% 50% AC MSCI 20% Index Yield High Liquid USD iBoxx Markit",,page1,2026-10-01T03:15:46+00:00,https://www.ami-gml.co.il/wp-content/uploads/2026/07/67202ImageFile3.pdf,policy/companies/520042581/raw/520042581/a3c30d6cd156_67202ImageFile3.pdf,page1
520042581,,,520042581|page1|מסלול לבני 50 ומטה,גמל - מסלול לבני 50 ומטה,2026,"עו""ש פר""י פק""מ**",,4.45,2.0,6% +/-,0.0,8.0,"מק""מ",,page1,2026-10-01T03:15:46+00:00,https://www.ami-gml.co.il/wp-content/uploads/2026/07/67202ImageFile3.pdf,policy/companies/520042581/raw/520042581/a3c30d6cd156_67202ImageFile3.pdf,page1
520042581,,,520042581|page1|מסלול לבני 50 ומטה,גמל - מסלול לבני 50 ומטה,2026,"חשיפה למט""ח",fx,19.51,19.0,6% +/-,13.0,25.0,דולר,,page1,2026-10-01T03:15:46+00:00,https://www.ami-gml.co.il/wp-content/uploads/2026/07/67202ImageFile3.pdf,policy/companies/520042581/raw/520042581/a3c30d6cd156_67202ImageFile3.pdf,page1
520042581,,,520042581|page1|מסלול לבני 50 ומטה,גמל - מסלול לבני 50 ומטה,2025,"מניות (תעודות סל, אופציות, קרנות נאמנות)",equity,55.0,55.0,6% +/-,49.0,61.0,"מדד ת""א 125 30% 55% s&p500 15% AC MSCI",,page1,2026-10-01T03:15:46+00:00,https://www.ami-gml.co.il/wp-content/uploads/2026/07/67117ImageFile3.pdf,policy/companies/520042581/raw/520042581/eb7d2c27191a_67117ImageFile3.pdf,page1
520042581,,,520042581|page1|מסלול לבני 50 ומטה,גמל - מסלול לבני 50 ומטה,2025,"אג""ח ממשלתי",,32.0,38.0,5% +/-,33.0,43.0,ממשלתי שקלי 2-5 שנים 50% ממשלתי צמוד 2-5 שנים 50%,,page1,2026-10-01T03:15:46+00:00,https://www.ami-gml.co.il/wp-content/uploads/2026/07/67117ImageFile3.pdf,policy/companies/520042581/raw/520042581/eb7d2c27191a_67117ImageFile3.pdf,page1
520042581,,,520042581|page1|מסלול לבני 50 ומטה,גמל - מסלול לבני 50 ומטה,2025,"אג""ח קונצרני (קרנות נאמנות, תעודות סל)",,22.0,24.0,6% +/-,18.0,30.0,מדד תל בונד 60 - 40% תל בונד שקלי 50 - 40% 30 top grade investment liquid usd iboxx Market 20%,,page1,2026-10-01T03:15:46+00:00,https://www.ami-gml.co.il/wp-content/uploads/2026/07/67117ImageFile3.pdf,policy/companies/520042581/raw/520042581/eb7d2c27191a_67117ImageFile3.pdf,page1
520042581,,,520042581|page1|מסלול לבני 50 ומטה,גמל - מסלול לבני 50 ומטה,2025,"אחר (קרנות השקעה פרטיות, קרנות נדלן,
מכשירים מובנים)*",,1.0,1.0,5% +/-,0.0,6.0,70% AC MSCI 30% Index Yield High Liquid USD iBoxx Markit,,page1,2026-10-01T03:15:46+00:00,https://www.ami-gml.co.il/wp-content/uploads/2026/07/67117ImageFile3.pdf,policy/companies/520042581/raw/520042581/eb7d2c27191a_67117ImageFile3.pdf,page1
520042581,,,520042581|page1|מסלול לבני 50 ומטה,גמל - מסלול לבני 50 ומטה,2025,"עו""ש פר""י פק""מ**",,14.0,7.0,5% +/-,2.0,12.0,ריבית בנק ישראל,,page1,2026-10-01T03:15:46+00:00,https://www.ami-gml.co.il/wp-content/uploads/2026/07/67117ImageFile3.pdf,policy/companies/520042581/raw/520042581/eb7d2c27191a_67117ImageFile3.pdf,page1
520042581,,,520042581|page1|מסלול לבני 50 ומטה,גמל - מסלול לבני 50 ומטה,2025,"חשיפה למט""ח",fx,20.9,23.0,6% +/-,17.0,29.0,דולר,,page1,2026-10-01T03:15:46+00:00,https://www.ami-gml.co.il/wp-content/uploads/2026/07/67117ImageFile3.pdf,policy/companies/520042581/raw/520042581/eb7d2c27191a_67117ImageFile3.pdf,page1
520042581,,,520042581|page1|מסלול לבני 50 ומטה לשנת 2024,גמל - מסלול לבני 50 ומטה לשנת 2024,2024,"מניות )תעודות סל,
אופציות, קרנות נאמנות(",equity,57.0,52.0,6% +/-,46.0,58.0,"מדד ת""א 125 - 40% 60% - AC MSCI",,page1,2026-10-01T03:15:46+00:00,https://www.ami-gml.co.il/wp-content/uploads/2026/07/66822ImageFile3.pdf,policy/companies/520042581/raw/520042581/316ef94806c6_66822ImageFile3.pdf,page1
520042581,,,520042581|page1|מסלול לבני 50 ומטה לשנת 2024,גמל - מסלול לבני 50 ומטה לשנת 2024,2024,"אג""ח ממשלתי",,34.0,30.0,5% +/-,25.0,35.0,ממשלתי שקלי 2-5 שנים- 70% ממשלתי צמוד 2-5 שנים - 30%,,page1,2026-10-01T03:15:46+00:00,https://www.ami-gml.co.il/wp-content/uploads/2026/07/66822ImageFile3.pdf,policy/companies/520042581/raw/520042581/316ef94806c6_66822ImageFile3.pdf,page1
520042581,,,520042581|page1|מסלול לבני 50 ומטה לשנת 2024,גמל - מסלול לבני 50 ומטה לשנת 2024,2024,"אג""ח קונצרני )קרנות
נאמנות, תעודות סל(",,28.0,27.0,6% +/-,21.0,33.0,מדד תל בונד 60 - 80% תל בונד שקלי - 20%,,page1,2026-10-01T03:15:46+00:00,https://www.ami-gml.co.il/wp-content/uploads/2026/07/66822ImageFile3.pdf,policy/companies/520042581/raw/520042581/316ef94806c6_66822ImageFile3.pdf,page1
520042581,,,520042581|page1|מסלול לבני 50 ומטה לשנת 2024,גמל - מסלול לבני 50 ומטה לשנת 2024,2024,"אחר )קרנות השקעה
פרטיות, קרנות נדלן,
מכשירים מובנים(*",,2.0,1.0,5% +/-,0.0,6.0,AC MSCI,,page1,2026-10-01T03:15:46+00:00,https://www.ami-gml.co.il/wp-content/uploads/2026/07/66822ImageFile3.pdf,policy/companies/520042581/raw/520042581/316ef94806c6_66822ImageFile3.pdf,page1
520042581,,,520042581|page1|מסלול לבני 50 ומטה לשנת 2024,גמל - מסלול לבני 50 ומטה לשנת 2024,2024,"עו""ש פר""י פק""מ**",,11.0,13.0,6% +/-,7.0,19.0,ריבית בנק ישראל,,page1,2026-10-01T03:15:46+00:00,https://www.ami-gml.co.il/wp-content/uploads/2026/07/66822ImageFile3.pdf,policy/companies/520042581/raw/520042581/316ef94806c6_66822ImageFile3.pdf,page1
520042581,,,520042581|page1|מסלול לבני 50 ומטה לשנת 2024,גמל - מסלול לבני 50 ומטה לשנת 2024,2024,"חשיפה למט""ח",fx,22.0,18.0,6% +/-,12.0,24.0,,,page1,2026-10-01T03:15:46+00:00,https://www.ami-gml.co.il/wp-content/uploads/2026/07/66822ImageFile3.pdf,policy/companies/520042581/raw/520042581/316ef94806c6_66822ImageFile3.pdf,page1
520042581,,,520042581|page1|מסלול לבני 50 ומטה לשנת 2023,גמל - מסלול לבני 50 ומטה לשנת 2023,2023,"מניות )תעודות סל,
אופציות, קרנות נאמנות(",equity,50.48,52.0,6% +/-,46.0,58.0,"מדד ת""א 125 - 40% 60% - AC MSCI",,page1,2026-10-01T03:15:46+00:00,https://www.ami-gml.co.il/wp-content/uploads/2026/07/60024ImageFile3.pdf,policy/companies/520042581/raw/520042581/d160c5b17990_60024ImageFile3.pdf,page1
520042581,,,520042581|page1|מסלול לבני 50 ומטה לשנת 2023,גמל - מסלול לבני 50 ומטה לשנת 2023,2023,"אג""ח ממשלתי",,29.91,30.0,5% +/-,25.0,35.0,ממשלתי שקלי 2-5 שנים- 70% ממשלתי צמוד 2-5 שנים - 30%,,page1,2026-10-01T03:15:46+00:00,https://www.ami-gml.co.il/wp-content/uploads/2026/07/60024ImageFile3.pdf,policy/companies/520042581/raw/520042581/d160c5b17990_60024ImageFile3.pdf,page1
520042581,,,520042581|page1|מסלול לבני 50 ומטה לשנת 2023,גמל - מסלול לבני 50 ומטה לשנת 2023,2023,"אג""ח קונצרני )קרנות
נאמנות, תעודות סל(",,28.43,27.0,6% +/-,21.0,33.0,מדד תל בונד 60 - 80% תל בונד שקלי - 20%,,page1,2026-10-01T03:15:46+00:00,https://www.ami-gml.co.il/wp-content/uploads/2026/07/60024ImageFile3.pdf,policy/companies/520042581/raw/520042581/d160c5b17990_60024ImageFile3.pdf,page1
520042581,,,520042581|page1|מסלול לבני 50 ומטה לשנת 2023,גמל - מסלול לבני 50 ומטה לשנת 2023,2023,"אחר )קרנות השקעה
פרטיות, קרנות נדלן,
מכשירים מובנים(*",,0.54,1.0,5% +/-,0.0,6.0,AC MSCI,,page1,2026-10-01T03:15:46+00:00,https://www.ami-gml.co.il/wp-content/uploads/2026/07/60024ImageFile3.pdf,policy/companies/520042581/raw/520042581/d160c5b17990_60024ImageFile3.pdf,page1
520042581,,,520042581|page1|מסלול לבני 50 ומטה לשנת 2023,גמל - מסלול לבני 50 ומטה לשנת 2023,2023,"עו""ש פר""י פק""מ**",,20.0,13.0,6% +/-,7.0,19.0,ריבית בנק ישראל,,page1,2026-10-01T03:15:46+00:00,https://www.ami-gml.co.il/wp-content/uploads/2026/07/60024ImageFile3.pdf,policy/companies/520042581/raw/520042581/d160c5b17990_60024ImageFile3.pdf,page1
520042581,,,520042581|page1|מסלול לבני 50 ומטה לשנת 2023,גמל - מסלול לבני 50 ומטה לשנת 2023,2023,"חשיפה למט""ח",fx,17.13,18.0,6% +/-,12.0,24.0,,,page1,2026-10-01T03:15:46+00:00,https://www.ami-gml.co.il/wp-content/uploads/2026/07/60024ImageFile3.pdf,policy/companies/520042581/raw/520042581/d160c5b17990_60024ImageFile3.pdf,page1
520042581,,,520042581|page1|מסלול לבני 50 ומטה לשנת 2022,גמל - מסלול לבני 50 ומטה לשנת 2022,2022,"מניות (תעודות סל,
אופציות, קרנות נאמנות)",equity,58.0,54.0,6% +/-,48.0,60.0,"מדד ת""א 125 - 40% 60% - AC MSCI",,page1,2026-10-01T03:15:46+00:00,https://www.ami-gml.co.il/wp-content/uploads/2026/07/58962ImageFile3.pdf,policy/companies/520042581/raw/520042581/ddbdad855d19_58962ImageFile3.pdf,page1
520042581,,,520042581|page1|מסלול לבני 50 ומטה לשנת 2022,גמל - מסלול לבני 50 ומטה לשנת 2022,2022,"אג""ח ממשלתי",,31.0,25.0,5% +/-,20.0,30.0,ממשלתי שקלי 2-5 שנים- 70% ממשלתי צמוד 2-5 שנים - 30%,,page1,2026-10-01T03:15:46+00:00,https://www.ami-gml.co.il/wp-content/uploads/2026/07/58962ImageFile3.pdf,policy/companies/520042581/raw/520042581/ddbdad855d19_58962ImageFile3.pdf,page1
520042581,,,520042581|page1|מסלול לבני 50 ומטה לשנת 2022,גמל - מסלול לבני 50 ומטה לשנת 2022,2022,"אג""ח קונצרני (קרנות
נאמנות, תעודות סל)",,26.0,26.0,6% +/-,20.0,32.0,מדד תל בונד 60 - 80% תל בונד שקלי - 20%,,page1,2026-10-01T03:15:46+00:00,https://www.ami-gml.co.il/wp-content/uploads/2026/07/58962ImageFile3.pdf,policy/companies/520042581/raw/520042581/ddbdad855d19_58962ImageFile3.pdf,page1
520042581,,,520042581|page1|מסלול לבני 50 ומטה לשנת 2022,גמל - מסלול לבני 50 ומטה לשנת 2022,2022,"אחר (קרנות השקעה
פרטיות, קרנות נדלן,
מכשירים מובנים)*",,0.0,1.0,5% +/-,0.0,6.0,AC MSCI,,page1,2026-10-01T03:15:46+00:00,https://www.ami-gml.co.il/wp-content/uploads/2026/07/58962ImageFile3.pdf,policy/companies/520042581/raw/520042581/ddbdad855d19_58962ImageFile3.pdf,page1
520042581,,,520042581|page1|מסלול לבני 50 ומטה לשנת 2022,גמל - מסלול לבני 50 ומטה לשנת 2022,2022,"עו""ש פר""י פק""מ**",,12.0,13.0,6% +/-,7.0,19.0,ריבית בנק ישראל,,page1,2026-10-01T03:15:46+00:00,https://www.ami-gml.co.il/wp-content/uploads/2026/07/58962ImageFile3.pdf,policy/companies/520042581/raw/520042581/ddbdad855d19_58962ImageFile3.pdf,page1
520042581,,,520042581|page1|מסלול לבני 50 ומטה לשנת 2022,גמל - מסלול לבני 50 ומטה לשנת 2022,2022,"חשיפה למט""ח",fx,15.0,20.0,6% +/-,14.0,26.0,,,page1,2026-10-01T03:15:46+00:00,https://www.ami-gml.co.il/wp-content/uploads/2026/07/58962ImageFile3.pdf,policy/companies/520042581/raw/520042581/ddbdad855d19_58962ImageFile3.pdf,page1
520042581,,,520042581|page1|מסלול לבני 50 ומטה לשנת 2021,גמל - מסלול לבני 50 ומטה לשנת 2021,2021,"מניות )תעודות סל,
אופציות, קרנות
נאמנות(",equity,52.06,48.0,6% +/-,42.0,54.0,"מדד ת""א 125 - 40% 60% - AC MSCI",,page1,2026-10-01T03:15:46+00:00,https://www.ami-gml.co.il/wp-content/uploads/2026/07/58963ImageFile3.pdf,policy/companies/520042581/raw/520042581/38797db83606_58963ImageFile3.pdf,page1
520042581,,,520042581|page1|מסלול לבני 50 ומטה לשנת 2021,גמל - מסלול לבני 50 ומטה לשנת 2021,2021,"אג""ח ממשלתי",,24.29,30.0,5% +/-,25.0,35.0,ממשלתי שקלי 2-5 שנים- 70% ממשלתי צמוד 2-5 שנים - 30%,,page1,2026-10-01T03:15:46+00:00,https://www.ami-gml.co.il/wp-content/uploads/2026/07/58963ImageFile3.pdf,policy/companies/520042581/raw/520042581/38797db83606_58963ImageFile3.pdf,page1
520042581,,,520042581|page1|מסלול לבני 50 ומטה לשנת 2021,גמל - מסלול לבני 50 ומטה לשנת 2021,2021,"אג""ח קונצרני )קרנות
נאמנות, תעודות סל(",,29.44,26.0,6% +/-,20.0,32.0,מדד תל בונד 60 - 80% תל בונד שקלי - 20%,,page1,2026-10-01T03:15:46+00:00,https://www.ami-gml.co.il/wp-content/uploads/2026/07/58963ImageFile3.pdf,policy/companies/520042581/raw/520042581/38797db83606_58963ImageFile3.pdf,page1
520042581,,,520042581|page1|מסלול לבני 50 ומטה לשנת 2021,גמל - מסלול לבני 50 ומטה לשנת 2021,2021,"אחר )קרנות השקעה
פרטיות, קרנות נדלן,
מכשירים מובנים(*",,0.0,0.0,5% +/-,0.0,5.0,AC MSCI,,page1,2026-10-01T03:15:46+00:00,https://www.ami-gml.co.il/wp-content/uploads/2026/07/58963ImageFile3.pdf,policy/companies/520042581/raw/520042581/38797db83606_58963ImageFile3.pdf,page1
520042581,,,520042581|page1|מסלול לבני 50 ומטה לשנת 2021,גמל - מסלול לבני 50 ומטה לשנת 2021,2021,"עו""ש פר""י פק""מ**",,10.33,10.0,6% +/-,4.0,16.0,ריבית בנק ישראל,,page1,2026-10-01T03:15:46+00:00,https://www.ami-gml.co.il/wp-content/uploads/2026/07/58963ImageFile3.pdf,policy/companies/520042581/raw/520042581/38797db83606_58963ImageFile3.pdf,page1
520042581,,,520042581|page1|מסלול לבני 50 ומטה לשנת 2021,גמל - מסלול לבני 50 ומטה לשנת 2021,2021,"חשיפה למט""ח",fx,23.27,20.0,6% +/-,14.0,26.0,,,page1,2026-10-01T03:15:46+00:00,https://www.ami-gml.co.il/wp-content/uploads/2026/07/58963ImageFile3.pdf,policy/companies/520042581/raw/520042581/38797db83606_58963ImageFile3.pdf,page1
520042581,,,520042581|page1|מסלול לבני 50 ומטה לשנת 2020,גמל - מסלול לבני 50 ומטה לשנת 2020,2020,"מניות )תעודות סל,
אופציות, קרנות נאמנות(",equity,48.49,50.0,6% +/-,44.0,56.0,"מדד ת""א 125 - 40% 60% - AC MSCI",,page1,2026-10-01T03:15:46+00:00,https://www.ami-gml.co.il/wp-content/uploads/2026/07/58961ImageFile3.pdf,policy/companies/520042581/raw/520042581/812916b3c3dd_58961ImageFile3.pdf,page1
520042581,,,520042581|page1|מסלול לבני 50 ומטה לשנת 2020,גמל - מסלול לבני 50 ומטה לשנת 2020,2020,"אג""ח ממשלתי",,24.09,20.0,5% +/-,15.0,25.0,ממשלתי שקלי 2-5 שנים- 70% ממשלתי צמוד 2-5 שנים - 30%,,page1,2026-10-01T03:15:46+00:00,https://www.ami-gml.co.il/wp-content/uploads/2026/07/58961ImageFile3.pdf,policy/companies/520042581/raw/520042581/812916b3c3dd_58961ImageFile3.pdf,page1
520042581,,,520042581|page1|מסלול לבני 50 ומטה לשנת 2020,גמל - מסלול לבני 50 ומטה לשנת 2020,2020,"אג""ח קונצרני )קרנות
נאמנות, תעודות סל(",,20.46,24.0,6% +/-,18.0,30.0,מדד תל בונד 60 - 80% תל בונד שקלי - 20%,,page1,2026-10-01T03:15:46+00:00,https://www.ami-gml.co.il/wp-content/uploads/2026/07/58961ImageFile3.pdf,policy/companies/520042581/raw/520042581/812916b3c3dd_58961ImageFile3.pdf,page1
520042581,,,520042581|page1|מסלול לבני 50 ומטה לשנת 2020,גמל - מסלול לבני 50 ומטה לשנת 2020,2020,"אחר )קרנות השקעה
פרטיות, קרנות נדלן,
מכשירים מובנים(*",,0.0,1.0,5% +/-,0.0,6.0,AC MSCI,,page1,2026-10-01T03:15:46+00:00,https://www.ami-gml.co.il/wp-content/uploads/2026/07/58961ImageFile3.pdf,policy/companies/520042581/raw/520042581/812916b3c3dd_58961ImageFile3.pdf,page1
520042581,,,520042581|page1|מסלול לבני 50 ומטה לשנת 2020,גמל - מסלול לבני 50 ומטה לשנת 2020,2020,"עו""ש פר""י פק""מ**",,6.96,5.0,6% +/-,0.0,11.0,ריבית בנק ישראל,,page1,2026-10-01T03:15:46+00:00,https://www.ami-gml.co.il/wp-content/uploads/2026/07/58961ImageFile3.pdf,policy/companies/520042581/raw/520042581/812916b3c3dd_58961ImageFile3.pdf,page1
520042581,,,520042581|page1|מסלול לבני 50 ומטה לשנת 2020,גמל - מסלול לבני 50 ומטה לשנת 2020,2020,"חשיפה למט""ח",fx,25.77,20.0,6% +/-,14.0,26.0,,,page1,2026-10-01T03:15:46+00:00,https://www.ami-gml.co.il/wp-content/uploads/2026/07/58961ImageFile3.pdf,policy/companies/520042581/raw/520042581/812916b3c3dd_58961ImageFile3.pdf,page1
520042581,,,520042581|page1|מסלול לבני 50 ומטה לשנת 2019,גמל - מסלול לבני 50 ומטה לשנת 2019,2018,"מניות )תעודות סל,
אופציות, קרנות נאמנות(",equity,43.76,45.0,6% +/-,39.0,51.0,"מדד ת""א 125 - 40% 60% - AC MSCI",,page1,2026-10-01T03:15:46+00:00,https://www.ami-gml.co.il/wp-content/uploads/2026/07/58960ImageFile3.pdf,policy/companies/520042581/raw/520042581/a295848abf64_58960ImageFile3.pdf,page1
520042581,,,520042581|page1|מסלול לבני 50 ומטה לשנת 2019,גמל - מסלול לבני 50 ומטה לשנת 2019,2018,"אג""ח ממשלתי",,23.36,26.0,5% +/-,21.0,31.0,ממשלתי שקלי 2-5 שנים- 70% ממשלתי צמוד 2-5 שנים - 30%,,page1,2026-10-01T03:15:46+00:00,https://www.ami-gml.co.il/wp-content/uploads/2026/07/58960ImageFile3.pdf,policy/companies/520042581/raw/520042581/a295848abf64_58960ImageFile3.pdf,page1
520042581,,,520042581|page1|מסלול לבני 50 ומטה לשנת 2019,גמל - מסלול לבני 50 ומטה לשנת 2019,2018,"אג""ח קונצרני )קרנות
נאמנות, תעודות סל(",,28.4,24.0,6% +/-,18.0,30.0,מדד תל בונד 60 - 80% תל בונד שקלי - 20%,,page1,2026-10-01T03:15:46+00:00,https://www.ami-gml.co.il/wp-content/uploads/2026/07/58960ImageFile3.pdf,policy/companies/520042581/raw/520042581/a295848abf64_58960ImageFile3.pdf,page1
520042581,,,520042581|page1|מסלול לבני 50 ומטה לשנת 2019,גמל - מסלול לבני 50 ומטה לשנת 2019,2018,"אחר )קרנות השקעה
פרטיות, קרנות נדלן,
מכשירים מובנים(*",,0.0,0.0,5% +/-,0.0,5.0,AC MSCI,,page1,2026-10-01T03:15:46+00:00,https://www.ami-gml.co.il/wp-content/uploads/2026/07/58960ImageFile3.pdf,policy/companies/520042581/raw/520042581/a295848abf64_58960ImageFile3.pdf,page1
520042581,,,520042581|page1|מסלול לבני 50 ומטה לשנת 2019,גמל - מסלול לבני 50 ומטה לשנת 2019,2018,"עו""ש פר""י פק""מ**",,4.49,5.0,6% +/-,0.0,11.0,ריבית בנק ישראל,,page1,2026-10-01T03:15:46+00:00,https://www.ami-gml.co.il/wp-content/uploads/2026/07/58960ImageFile3.pdf,policy/companies/520042581/raw/520042581/a295848abf64_58960ImageFile3.pdf,page1
520042581,,,520042581|page1|מסלול לבני 50 ומטה לשנת 2019,גמל - מסלול לבני 50 ומטה לשנת 2019,2018,"חשיפה למט""ח",fx,16.13,20.0,6% +/-,14.0,26.0,,,page1,2026-10-01T03:15:46+00:00,https://www.ami-gml.co.il/wp-content/uploads/2026/07/58960ImageFile3.pdf,policy/companies/520042581/raw/520042581/a295848abf64_58960ImageFile3.pdf,page1
520042581,,,520042581|page1|מסלול לבני 50 עד 60,גמל - מסלול לבני 50 עד 60,2026,"מניות (תעודות סל, אופציות, קרנות נאמנות)",equity,45.12,45.0,6% +/-,39.0,51.0,"מדד ת""א 90 35% 65% AC MSCI",,page1,2026-10-01T03:15:46+00:00,https://www.ami-gml.co.il/wp-content/uploads/2026/07/67201ImageFile3.pdf,policy/companies/520042581/raw/520042581/6fc51561c6c3_67201ImageFile3.pdf,page1
520042581,,,520042581|page1|מסלול לבני 50 עד 60,גמל - מסלול לבני 50 עד 60,2026,"אג""ח ממשלתי",,18.71,20.0,5% +/-,15.0,25.0,ממשלתי שקלי 2-5 שנים 50% ממשלתי צמוד 2-5 שנים 50%,,page1,2026-10-01T03:15:46+00:00,https://www.ami-gml.co.il/wp-content/uploads/2026/07/67201ImageFile3.pdf,policy/companies/520042581/raw/520042581/6fc51561c6c3_67201ImageFile3.pdf,page1
520042581,,,520042581|page1|מסלול לבני 50 עד 60,גמל - מסלול לבני 50 עד 60,2026,"אג""ח קונצרני (קרנות נאמנות, תעודות סל)",,21.0,22.0,6% +/-,16.0,28.0,מדד תל בונד 60 - 45% תל בונד שקלי 50 - 45% investment liquid usd iboxx Market 10% 30 top grade,,page1,2026-10-01T03:15:46+00:00,https://www.ami-gml.co.il/wp-content/uploads/2026/07/67201ImageFile3.pdf,policy/companies/520042581/raw/520042581/6fc51561c6c3_67201ImageFile3.pdf,page1
520042581,,,520042581|page1|מסלול לבני 50 עד 60,גמל - מסלול לבני 50 עד 60,2026,"אחר (קרנות השקעה פרטיות, קרנות נדלן, מכשירים
מובנים)*",,14.4,16.0,5% +/-,11.0,21.0,"ת""א 125 15% תל בונד שיקלי 15% 50% AC MSCI Yield High Liquid USD iBoxx Markit 20% Index",,page1,2026-10-01T03:15:46+00:00,https://www.ami-gml.co.il/wp-content/uploads/2026/07/67201ImageFile3.pdf,policy/companies/520042581/raw/520042581/6fc51561c6c3_67201ImageFile3.pdf,page1
520042581,,,520042581|page1|מסלול לבני 50 עד 60,גמל - מסלול לבני 50 עד 60,2026,"עו""ש פר""י פק""מ**",,4.97,2.0,6% +/-,0.0,8.0,"מק""מ",,page1,2026-10-01T03:15:46+00:00,https://www.ami-gml.co.il/wp-content/uploads/2026/07/67201ImageFile3.pdf,policy/companies/520042581/raw/520042581/6fc51561c6c3_67201ImageFile3.pdf,page1
520042581,,,520042581|page1|מסלול לבני 50 עד 60,גמל - מסלול לבני 50 עד 60,2026,"סה""כ***",,104.22,105.0,,,,,,page1,2026-10-01T03:15:46+00:00,https://www.ami-gml.co.il/wp-content/uploads/2026/07/67201ImageFile3.pdf,policy/companies/520042581/raw/520042581/6fc51561c6c3_67201ImageFile3.pdf,page1
520042581,,,520042581|page1|מסלול לבני 50 עד 60,גמל - מסלול לבני 50 עד 60,2026,"חשיפה למט""ח",fx,18.5,18.0,6% +/-,12.0,24.0,דולר,,page1,2026-10-01T03:15:46+00:00,https://www.ami-gml.co.il/wp-content/uploads/2026/07/67201ImageFile3.pdf,policy/companies/520042581/raw/520042581/6fc51561c6c3_67201ImageFile3.pdf,page1
520042581,,,520042581|page1|מסלול לבני 50 עד 60,גמל - מסלול לבני 50 עד 60,2025,"מניות (תעודות סל, אופציות, קרנות נאמנות)",equity,45.48,42.0,6% +/-,36.0,48.0,"מדד ת""א 125 30% 55% s&p500 15% AC MSCI",,page1,2026-10-01T03:15:46+00:00,https://www.ami-gml.co.il/wp-content/uploads/2026/07/67118ImageFile3.pdf,policy/companies/520042581/raw/520042581/5190aa4fbd94_67118ImageFile3.pdf,page1
520042581,,,520042581|page1|מסלול לבני 50 עד 60,גמל - מסלול לבני 50 עד 60,2025,"אג""ח ממשלתי",,19.24,21.0,5% +/-,16.0,26.0,ממשלתי שקלי 2-5 שנים 50% ממשלתי צמוד 2-5 שנים 50%,,page1,2026-10-01T03:15:46+00:00,https://www.ami-gml.co.il/wp-content/uploads/2026/07/67118ImageFile3.pdf,policy/companies/520042581/raw/520042581/5190aa4fbd94_67118ImageFile3.pdf,page1
520042581,,,520042581|page1|מסלול לבני 50 עד 60,גמל - מסלול לבני 50 עד 60,2025,"אג""ח קונצרני (קרנות נאמנות, תעודות סל)",,20.79,21.0,6% +/-,15.0,27.0,מדד תל בונד 60 - 40% תל בונד שקלי 50 - 40% investment liquid usd iboxx Market 20% 30 top grade,,page1,2026-10-01T03:15:46+00:00,https://www.ami-gml.co.il/wp-content/uploads/2026/07/67118ImageFile3.pdf,policy/companies/520042581/raw/520042581/5190aa4fbd94_67118ImageFile3.pdf,page1
520042581,,,520042581|page1|מסלול לבני 50 עד 60,גמל - מסלול לבני 50 עד 60,2025,"אחר (קרנות השקעה פרטיות, קרנות נדלן, מכשירים
מובנים)*",,16.19,17.0,5% +/-,12.0,22.0,70% AC MSCI Yield High Liquid USD iBoxx Markit 30% Index,,page1,2026-10-01T03:15:46+00:00,https://www.ami-gml.co.il/wp-content/uploads/2026/07/67118ImageFile3.pdf,policy/companies/520042581/raw/520042581/5190aa4fbd94_67118ImageFile3.pdf,page1
520042581,,,520042581|page1|מסלול לבני 50 עד 60,גמל - מסלול לבני 50 עד 60,2025,"עו""ש פר""י פק""מ**",,2.58,2.0,6% +/-,0.0,8.0,ריבית בנק ישראל,,page1,2026-10-01T03:15:46+00:00,https://www.ami-gml.co.il/wp-content/uploads/2026/07/67118ImageFile3.pdf,policy/companies/520042581/raw/520042581/5190aa4fbd94_67118ImageFile3.pdf,page1
520042581,,,520042581|page1|מסלול לבני 50 עד 60,גמל - מסלול לבני 50 עד 60,2025,"סה""כ***",,104.29,103.0,,,,,,page1,2026-10-01T03:15:46+00:00,https://www.ami-gml.co.il/wp-content/uploads/2026/07/67118ImageFile3.pdf,policy/companies/520042581/raw/520042581/5190aa4fbd94_67118ImageFile3.pdf,page1
520042581,,,520042581|page1|מסלול לבני 50 עד 60,גמל - מסלול לבני 50 עד 60,2025,"חשיפה למט""ח",fx,22.66,21.0,6% +/-,15.0,27.0,דולר,,page1,2026-10-01T03:15:46+00:00,https://www.ami-gml.co.il/wp-content/uploads/2026/07/67118ImageFile3.pdf,policy/companies/520042581/raw/520042581/5190aa4fbd94_67118ImageFile3.pdf,page1
520042581,,,520042581|page1|מסלול לבני 50 עד 60 לשנת 2024,גמל - מסלול לבני 50 עד 60 לשנת 2024,2024,"מניות )תעודות סל, אופציות, קרנות
נאמנות(",equity,42.0,41.0,6% +/-,35.0,47.0,"מדד ת""א 125 - 40% 60% - AC MSCI",,page1,2026-10-01T03:15:46+00:00,https://www.ami-gml.co.il/wp-content/uploads/2026/07/66823ImageFile3.pdf,policy/companies/520042581/raw/520042581/4cbec1ddde37_66823ImageFile3.pdf,page1
520042581,,,520042581|page1|מסלול לבני 50 עד 60 לשנת 2024,גמל - מסלול לבני 50 עד 60 לשנת 2024,2024,"אג""ח ממשלתי",,21.0,21.0,5% +/-,16.0,26.0,ממשלתי שקלי 2-5 שנים- 70% ממשלתי צמוד 2-5 שנים - 30%,,page1,2026-10-01T03:15:46+00:00,https://www.ami-gml.co.il/wp-content/uploads/2026/07/66823ImageFile3.pdf,policy/companies/520042581/raw/520042581/4cbec1ddde37_66823ImageFile3.pdf,page1
520042581,,,520042581|page1|מסלול לבני 50 עד 60 לשנת 2024,גמל - מסלול לבני 50 עד 60 לשנת 2024,2024,"אג""ח קונצרני )קרנות נאמנות, תעודות
סל(",,21.0,23.0,6% +/-,17.0,29.0,מדד תל בונד 60 - 60% תל בונד שקלי - 20% bond 1-10 corporate us bloomberg 20% index,,page1,2026-10-01T03:15:46+00:00,https://www.ami-gml.co.il/wp-content/uploads/2026/07/66823ImageFile3.pdf,policy/companies/520042581/raw/520042581/4cbec1ddde37_66823ImageFile3.pdf,page1
520042581,,,520042581|page1|מסלול לבני 50 עד 60 לשנת 2024,גמל - מסלול לבני 50 עד 60 לשנת 2024,2024,"אחר )קרנות השקעה פרטיות, קרנות
נדלן, מכשירים מובנים(*",,14.5,16.0,5% +/-,11.0,21.0,AC MSCI,,page1,2026-10-01T03:15:46+00:00,https://www.ami-gml.co.il/wp-content/uploads/2026/07/66823ImageFile3.pdf,policy/companies/520042581/raw/520042581/4cbec1ddde37_66823ImageFile3.pdf,page1
520042581,,,520042581|page1|מסלול לבני 50 עד 60 לשנת 2024,גמל - מסלול לבני 50 עד 60 לשנת 2024,2024,"עו""ש פר""י פק""מ**",,5.0,3.0,6% +/-,0.0,9.0,ריבית בנק ישראל,,page1,2026-10-01T03:15:46+00:00,https://www.ami-gml.co.il/wp-content/uploads/2026/07/66823ImageFile3.pdf,policy/companies/520042581/raw/520042581/4cbec1ddde37_66823ImageFile3.pdf,page1
520042581,,,520042581|page1|מסלול לבני 50 עד 60 לשנת 2024,גמל - מסלול לבני 50 עד 60 לשנת 2024,2024,"סה""כ***",,104.0,104.0,,,,,,page1,2026-10-01T03:15:46+00:00,https://www.ami-gml.co.il/wp-content/uploads/2026/07/66823ImageFile3.pdf,policy/companies/520042581/raw/520042581/4cbec1ddde37_66823ImageFile3.pdf,page1
520042581,,,520042581|page1|מסלול לבני 50 עד 60 לשנת 2024,גמל - מסלול לבני 50 עד 60 לשנת 2024,2024,"חשיפה למט""ח",fx,17.0,20.0,6% +/-,14.0,26.0,,,page1,2026-10-01T03:15:46+00:00,https://www.ami-gml.co.il/wp-content/uploads/2026/07/66823ImageFile3.pdf,policy/companies/520042581/raw/520042581/4cbec1ddde37_66823ImageFile3.pdf,page1
520042581,,,520042581|page1|מסלול לבני 50 עד 60 לשנת 2023,גמל - מסלול לבני 50 עד 60 לשנת 2023,2023,"מניות )תעודות סל, אופציות, קרנות
נאמנות(",equity,42.12,40.0,6% +/-,34.0,46.0,"מדד ת""א 125 - 40% 60% - AC MSCI",,page1,2026-10-01T03:15:46+00:00,https://www.ami-gml.co.il/wp-content/uploads/2026/07/60329ImageFile3.pdf,policy/companies/520042581/raw/520042581/72a91d2ea41d_60329ImageFile3.pdf,page1
520042581,,,520042581|page1|מסלול לבני 50 עד 60 לשנת 2023,גמל - מסלול לבני 50 עד 60 לשנת 2023,2023,"אג""ח ממשלתי",,21.02,22.0,5% +/-,17.0,27.0,ממשלתי שקלי 2-5 שנים- 70% ממשלתי צמוד 2-5 שנים - 30%,,page1,2026-10-01T03:15:46+00:00,https://www.ami-gml.co.il/wp-content/uploads/2026/07/60329ImageFile3.pdf,policy/companies/520042581/raw/520042581/72a91d2ea41d_60329ImageFile3.pdf,page1
520042581,,,520042581|page1|מסלול לבני 50 עד 60 לשנת 2023,גמל - מסלול לבני 50 עד 60 לשנת 2023,2023,"אג""ח קונצרני )קרנות נאמנות, תעודות
סל(",,21.11,24.0,6% +/-,18.0,30.0,מדד תל בונד 60 - 60% תל בונד שקלי - 20% bond 1-10 corporate us bloomberg 20% index,,page1,2026-10-01T03:15:46+00:00,https://www.ami-gml.co.il/wp-content/uploads/2026/07/60329ImageFile3.pdf,policy/companies/520042581/raw/520042581/72a91d2ea41d_60329ImageFile3.pdf,page1
520042581,,,520042581|page1|מסלול לבני 50 עד 60 לשנת 2023,גמל - מסלול לבני 50 עד 60 לשנת 2023,2023,"אחר )קרנות השקעה פרטיות, קרנות
נדלן, מכשירים מובנים(*",,14.54,14.0,5% +/-,9.0,19.0,AC MSCI,,page1,2026-10-01T03:15:46+00:00,https://www.ami-gml.co.il/wp-content/uploads/2026/07/60329ImageFile3.pdf,policy/companies/520042581/raw/520042581/72a91d2ea41d_60329ImageFile3.pdf,page1
520042581,,,520042581|page1|מסלול לבני 50 עד 60 לשנת 2023,גמל - מסלול לבני 50 עד 60 לשנת 2023,2023,"עו""ש פר""י פק""מ**",,5.14,4.0,6% +/-,0.0,10.0,ריבית בנק ישראל,,page1,2026-10-01T03:15:46+00:00,https://www.ami-gml.co.il/wp-content/uploads/2026/07/60329ImageFile3.pdf,policy/companies/520042581/raw/520042581/72a91d2ea41d_60329ImageFile3.pdf,page1
520042581,,,520042581|page1|מסלול לבני 50 עד 60 לשנת 2023,גמל - מסלול לבני 50 עד 60 לשנת 2023,2023,"סה""כ***",,103.93,104.0,,,,,,page1,2026-10-01T03:15:46+00:00,https://www.ami-gml.co.il/wp-content/uploads/2026/07/60329ImageFile3.pdf,policy/companies/520042581/raw/520042581/72a91d2ea41d_60329ImageFile3.pdf,page1
520042581,,,520042581|page1|מסלול לבני 50 עד 60 לשנת 2023,גמל - מסלול לבני 50 עד 60 לשנת 2023,2023,"חשיפה למט""ח",fx,16.95,20.0,6% +/-,14.0,26.0,,,page1,2026-10-01T03:15:46+00:00,https://www.ami-gml.co.il/wp-content/uploads/2026/07/60329ImageFile3.pdf,policy/companies/520042581/raw/520042581/72a91d2ea41d_60329ImageFile3.pdf,page1
520042581,,,520042581|page1|מסלול לבני 50 עד 60 לשנת 2023,גמל - מסלול לבני 50 עד 60 לשנת 2023,2023,"מניות )תעודות סל, אופציות, קרנות
נאמנות(",equity,42.12,40.0,6% +/-,34.0,46.0,"מדד ת""א 125 - 40% 60% - AC MSCI",,page1,2026-10-01T03:15:46+00:00,https://www.ami-gml.co.il/wp-content/uploads/2026/07/60227ImageFile3.pdf,policy/companies/520042581/raw/520042581/e256fbdfa14a_60227ImageFile3.pdf,page1
520042581,,,520042581|page1|מסלול לבני 50 עד 60 לשנת 2023,גמל - מסלול לבני 50 עד 60 לשנת 2023,2023,"אג""ח ממשלתי",,21.02,22.0,5% +/-,17.0,27.0,ממשלתי שקלי 2-5 שנים- 70% ממשלתי צמוד 2-5 שנים - 30%,,page1,2026-10-01T03:15:46+00:00,https://www.ami-gml.co.il/wp-content/uploads/2026/07/60227ImageFile3.pdf,policy/companies/520042581/raw/520042581/e256fbdfa14a_60227ImageFile3.pdf,page1
520042581,,,520042581|page1|מסלול לבני 50 עד 60 לשנת 2023,גמל - מסלול לבני 50 עד 60 לשנת 2023,2023,"אג""ח קונצרני )קרנות נאמנות, תעודות
סל(",,21.11,24.0,6% +/-,18.0,30.0,מדד תל בונד 60 - 60% תל בונד שקלי - 20% bond 1-10 corporate us bloomberg 20% index,,page1,2026-10-01T03:15:46+00:00,https://www.ami-gml.co.il/wp-content/uploads/2026/07/60227ImageFile3.pdf,policy/companies/520042581/raw/520042581/e256fbdfa14a_60227ImageFile3.pdf,page1
520042581,,,520042581|page1|מסלול לבני 50 עד 60 לשנת 2023,גמל - מסלול לבני 50 עד 60 לשנת 2023,2023,"אחר )קרנות השקעה פרטיות, קרנות
נדלן, מכשירים מובנים(*",,14.54,14.0,5% +/-,9.0,19.0,AC MSCI,,page1,2026-10-01T03:15:46+00:00,https://www.ami-gml.co.il/wp-content/uploads/2026/07/60227ImageFile3.pdf,policy/companies/520042581/raw/520042581/e256fbdfa14a_60227ImageFile3.pdf,page1
520042581,,,520042581|page1|מסלול לבני 50 עד 60 לשנת 2023,גמל - מסלול לבני 50 עד 60 לשנת 2023,2023,"עו""ש פר""י פק""מ**",,5.14,4.0,6% +/-,0.0,10.0,ריבית בנק ישראל,,page1,2026-10-01T03:15:46+00:00,https://www.ami-gml.co.il/wp-content/uploads/2026/07/60227ImageFile3.pdf,policy/companies/520042581/raw/520042581/e256fbdfa14a_60227ImageFile3.pdf,page1
520042581,,,520042581|page1|מסלול לבני 50 עד 60 לשנת 2023,גמל - מסלול לבני 50 עד 60 לשנת 2023,2023,"סה""כ***",,103.93,104.0,,,,,,page1,2026-10-01T03:15:46+00:00,https://www.ami-gml.co.il/wp-content/uploads/2026/07/60227ImageFile3.pdf,policy/companies/520042581/raw/520042581/e256fbdfa14a_60227ImageFile3.pdf,page1
520042581,,,520042581|page1|מסלול לבני 50 עד 60 לשנת 2023,גמל - מסלול לבני 50 עד 60 לשנת 2023,2023,"חשיפה למט""ח",fx,16.95,20.0,6% +/-,14.0,26.0,,,page1,2026-10-01T03:15:46+00:00,https://www.ami-gml.co.il/wp-content/uploads/2026/07/60227ImageFile3.pdf,policy/companies/520042581/raw/520042581/e256fbdfa14a_60227ImageFile3.pdf,page1
520042581,,,520042581|page1|מסלול לבני 50 עד 60 לשנת 2023,גמל - מסלול לבני 50 עד 60 לשנת 2023,2023,"מניות )תעודות סל, אופציות, קרנות
נאמנות(",equity,42.12,40.0,6% +/-,34.0,46.0,"מדד ת""א 125 - 40% 60% - AC MSCI",,page1,2026-10-01T03:15:46+00:00,https://www.ami-gml.co.il/wp-content/uploads/2026/07/60025ImageFile3.pdf,policy/companies/520042581/raw/520042581/75650c88a574_60025ImageFile3.pdf,page1
520042581,,,520042581|page1|מסלול לבני 50 עד 60 לשנת 2023,גמל - מסלול לבני 50 עד 60 לשנת 2023,2023,"אג""ח ממשלתי",,21.02,22.0,5% +/-,17.0,27.0,ממשלתי שקלי 2-5 שנים- 70% ממשלתי צמוד 2-5 שנים - 30%,,page1,2026-10-01T03:15:46+00:00,https://www.ami-gml.co.il/wp-content/uploads/2026/07/60025ImageFile3.pdf,policy/companies/520042581/raw/520042581/75650c88a574_60025ImageFile3.pdf,page1
520042581,,,520042581|page1|מסלול לבני 50 עד 60 לשנת 2023,גמל - מסלול לבני 50 עד 60 לשנת 2023,2023,"אג""ח קונצרני )קרנות נאמנות, תעודות
סל(",,21.11,24.0,6% +/-,18.0,30.0,מדד תל בונד 60 - 60% תל בונד שקלי - 20% bond 1-10 corporate us bloomberg 20% index,,page1,2026-10-01T03:15:46+00:00,https://www.ami-gml.co.il/wp-content/uploads/2026/07/60025ImageFile3.pdf,policy/companies/520042581/raw/520042581/75650c88a574_60025ImageFile3.pdf,page1
520042581,,,520042581|page1|מסלול לבני 50 עד 60 לשנת 2023,גמל - מסלול לבני 50 עד 60 לשנת 2023,2023,"אחר )קרנות השקעה פרטיות, קרנות
נדלן, מכשירים מובנים(*",,14.54,14.0,5% +/-,9.0,19.0,AC MSCI,,page1,2026-10-01T03:15:46+00:00,https://www.ami-gml.co.il/wp-content/uploads/2026/07/60025ImageFile3.pdf,policy/companies/520042581/raw/520042581/75650c88a574_60025ImageFile3.pdf,page1
520042581,,,520042581|page1|מסלול לבני 50 עד 60 לשנת 2023,גמל - מסלול לבני 50 עד 60 לשנת 2023,2023,"עו""ש פר""י פק""מ**",,5.14,4.0,6% +/-,0.0,10.0,ריבית בנק ישראל,,page1,2026-10-01T03:15:46+00:00,https://www.ami-gml.co.il/wp-content/uploads/2026/07/60025ImageFile3.pdf,policy/companies/520042581/raw/520042581/75650c88a574_60025ImageFile3.pdf,page1
520042581,,,520042581|page1|מסלול לבני 50 עד 60 לשנת 2023,גמל - מסלול לבני 50 עד 60 לשנת 2023,2023,"סה""כ***",,103.93,104.0,,,,,,page1,2026-10-01T03:15:46+00:00,https://www.ami-gml.co.il/wp-content/uploads/2026/07/60025ImageFile3.pdf,policy/companies/520042581/raw/520042581/75650c88a574_60025ImageFile3.pdf,page1
520042581,,,520042581|page1|מסלול לבני 50 עד 60 לשנת 2023,גמל - מסלול לבני 50 עד 60 לשנת 2023,2023,"חשיפה למט""ח",fx,16.95,16.0,6% +/-,10.0,22.0,,,page1,2026-10-01T03:15:46+00:00,https://www.ami-gml.co.il/wp-content/uploads/2026/07/60025ImageFile3.pdf,policy/companies/520042581/raw/520042581/75650c88a574_60025ImageFile3.pdf,page1
520042581,,,520042581|page1|מסלול לבני 50 עד 60 לשנת 2022,גמל - מסלול לבני 50 עד 60 לשנת 2022,2022,"מניות (תעודות סל, אופציות, קרנות
נאמנות)",equity,49.0,49.0,6% +/-,43.0,54.0,"מדד ת""א 125 - 40% 60% - AC MSCI",,page1,2026-10-01T03:15:46+00:00,https://www.ami-gml.co.il/wp-content/uploads/2026/07/58973ImageFile3.pdf,policy/companies/520042581/raw/520042581/a256069fc53c_58973ImageFile3.pdf,page1
520042581,,,520042581|page1|מסלול לבני 50 עד 60 לשנת 2022,גמל - מסלול לבני 50 עד 60 לשנת 2022,2022,"אג""ח ממשלתי",,22.0,21.0,5% +/-,21.0,31.0,ממשלתי שקלי 2-5 שנים- 70% ממשלתי צמוד 2-5 שנים - 30%,,page1,2026-10-01T03:15:46+00:00,https://www.ami-gml.co.il/wp-content/uploads/2026/07/58973ImageFile3.pdf,policy/companies/520042581/raw/520042581/a256069fc53c_58973ImageFile3.pdf,page1
520042581,,,520042581|page1|מסלול לבני 50 עד 60 לשנת 2022,גמל - מסלול לבני 50 עד 60 לשנת 2022,2022,"אג""ח קונצרני (קרנות נאמנות, תעודות
סל)",,19.0,23.0,6% +/-,17.0,29.0,מדד תל בונד 60 - 60% תל בונד שקלי - 20% bond 1-10 corporate us bloomberg 20% index,,page1,2026-10-01T03:15:46+00:00,https://www.ami-gml.co.il/wp-content/uploads/2026/07/58973ImageFile3.pdf,policy/companies/520042581/raw/520042581/a256069fc53c_58973ImageFile3.pdf,page1
520042581,,,520042581|page1|מסלול לבני 50 עד 60 לשנת 2022,גמל - מסלול לבני 50 עד 60 לשנת 2022,2022,"אחר (קרנות השקעה פרטיות, קרנות
נדלן, מכשירים מובנים)*",,10.0,11.0,5% +/-,6.0,16.0,AC MSCI,,page1,2026-10-01T03:15:46+00:00,https://www.ami-gml.co.il/wp-content/uploads/2026/07/58973ImageFile3.pdf,policy/companies/520042581/raw/520042581/a256069fc53c_58973ImageFile3.pdf,page1
520042581,,,520042581|page1|מסלול לבני 50 עד 60 לשנת 2022,גמל - מסלול לבני 50 עד 60 לשנת 2022,2022,"עו""ש פר""י פק""מ**",,5.0,5.0,6% +/-,0.0,11.0,ריבית בנק ישראל,,page1,2026-10-01T03:15:46+00:00,https://www.ami-gml.co.il/wp-content/uploads/2026/07/58973ImageFile3.pdf,policy/companies/520042581/raw/520042581/a256069fc53c_58973ImageFile3.pdf,page1
520042581,,,520042581|page1|מסלול לבני 50 עד 60 לשנת 2022,גמל - מסלול לבני 50 עד 60 לשנת 2022,2022,"סה""כ***",,105.0,109.0,,,,,,page1,2026-10-01T03:15:46+00:00,https://www.ami-gml.co.il/wp-content/uploads/2026/07/58973ImageFile3.pdf,policy/companies/520042581/raw/520042581/a256069fc53c_58973ImageFile3.pdf,page1
520042581,,,520042581|page1|מסלול לבני 50 עד 60 לשנת 2022,גמל - מסלול לבני 50 עד 60 לשנת 2022,2022,"חשיפה למט""ח",fx,20.0,17.0,6% +/-,11.0,23.0,,,page1,2026-10-01T03:15:46+00:00,https://www.ami-gml.co.il/wp-content/uploads/2026/07/58973ImageFile3.pdf,policy/companies/520042581/raw/520042581/a256069fc53c_58973ImageFile3.pdf,page1
520042581,,,520042581|page1|מסלול לבני 50 עד 60 לשנת 2021,גמל - מסלול לבני 50 עד 60 לשנת 2021,2021,"מניות )תעודות סל, אופציות, קרנות
נאמנות(",equity,38.17,39.0,6% +/-,33.0,45.0,"מדד ת""א 125 - 40% 60% - AC MSCI",,page1,2026-10-01T03:15:46+00:00,https://www.ami-gml.co.il/wp-content/uploads/2026/07/58975ImageFile3.pdf,policy/companies/520042581/raw/520042581/cc43ff7af4bd_58975ImageFile3.pdf,page1
520042581,,,520042581|page1|מסלול לבני 50 עד 60 לשנת 2021,גמל - מסלול לבני 50 עד 60 לשנת 2021,2021,"אג""ח ממשלתי",,24.0,26.0,5% +/-,21.0,31.0,ממשלתי שקלי 2-5 שנים- 70% ממשלתי צמוד 2-5 שנים - 30%,,page1,2026-10-01T03:15:46+00:00,https://www.ami-gml.co.il/wp-content/uploads/2026/07/58975ImageFile3.pdf,policy/companies/520042581/raw/520042581/cc43ff7af4bd_58975ImageFile3.pdf,page1
520042581,,,520042581|page1|מסלול לבני 50 עד 60 לשנת 2021,גמל - מסלול לבני 50 עד 60 לשנת 2021,2021,"אג""ח קונצרני )קרנות נאמנות,
תעודות סל(",,24.64,24.0,6% +/-,18.0,30.0,מדד תל בונד 60 - 60% תל בונד שקלי - 20% 1-10 corporate us bloomberg 20% index bond,,page1,2026-10-01T03:15:46+00:00,https://www.ami-gml.co.il/wp-content/uploads/2026/07/58975ImageFile3.pdf,policy/companies/520042581/raw/520042581/cc43ff7af4bd_58975ImageFile3.pdf,page1
520042581,,,520042581|page1|מסלול לבני 50 עד 60 לשנת 2021,גמל - מסלול לבני 50 עד 60 לשנת 2021,2021,"אחר )קרנות השקעה פרטיות,
קרנות נדלן, מכשירים מובנים(*",,8.73,9.0,5% +/-,4.0,14.0,AC MSCI,,page1,2026-10-01T03:15:46+00:00,https://www.ami-gml.co.il/wp-content/uploads/2026/07/58975ImageFile3.pdf,policy/companies/520042581/raw/520042581/cc43ff7af4bd_58975ImageFile3.pdf,page1
520042581,,,520042581|page1|מסלול לבני 50 עד 60 לשנת 2021,גמל - מסלול לבני 50 עד 60 לשנת 2021,2021,"עו""ש פר""י פק""מ**",,5.75,5.0,6% +/-,0.0,11.0,ריבית בנק ישראל,,page1,2026-10-01T03:15:46+00:00,https://www.ami-gml.co.il/wp-content/uploads/2026/07/58975ImageFile3.pdf,policy/companies/520042581/raw/520042581/cc43ff7af4bd_58975ImageFile3.pdf,page1
520042581,,,520042581|page1|מסלול לבני 50 עד 60 לשנת 2021,גמל - מסלול לבני 50 עד 60 לשנת 2021,2021,"סה""כ***",,101.3,103.0,,,,,,page1,2026-10-01T03:15:46+00:00,https://www.ami-gml.co.il/wp-content/uploads/2026/07/58975ImageFile3.pdf,policy/companies/520042581/raw/520042581/cc43ff7af4bd_58975ImageFile3.pdf,page1
520042581,,,520042581|page1|מסלול לבני 50 עד 60 לשנת 2021,גמל - מסלול לבני 50 עד 60 לשנת 2021,2021,"חשיפה למט""ח",fx,21.07,18.0,6% +/-,12.0,24.0,,,page1,2026-10-01T03:15:46+00:00,https://www.ami-gml.co.il/wp-content/uploads/2026/07/58975ImageFile3.pdf,policy/companies/520042581/raw/520042581/cc43ff7af4bd_58975ImageFile3.pdf,page1
520042581,,,520042581|page1|מסלול לבני 50 עד 60 לשנת 2020,גמל - מסלול לבני 50 עד 60 לשנת 2020,2020,"מניות )תעודות סל, אופציות, קרנות
נאמנות(",equity,34.99,34.0,6% +/-,28.0,40.0,"מדד ת""א 125 - 40% 60% - AC MSCI",,page1,2026-10-01T03:15:46+00:00,https://www.ami-gml.co.il/wp-content/uploads/2026/07/58972ImageFile3.pdf,policy/companies/520042581/raw/520042581/2664f6dcb52e_58972ImageFile3.pdf,page1
520042581,,,520042581|page1|מסלול לבני 50 עד 60 לשנת 2020,גמל - מסלול לבני 50 עד 60 לשנת 2020,2020,"אג""ח ממשלתי",,26.11,25.0,5% +/-,20.0,30.0,ממשלתי שקלי 2-5 שנים- 70% ממשלתי צמוד 2-5 שנים - 30%,,page1,2026-10-01T03:15:46+00:00,https://www.ami-gml.co.il/wp-content/uploads/2026/07/58972ImageFile3.pdf,policy/companies/520042581/raw/520042581/2664f6dcb52e_58972ImageFile3.pdf,page1
520042581,,,520042581|page1|מסלול לבני 50 עד 60 לשנת 2020,גמל - מסלול לבני 50 עד 60 לשנת 2020,2020,"אג""ח קונצרני )קרנות נאמנות, תעודות
סל(",,27.8,28.0,6% +/-,22.0,34.0,מדד תל בונד 60 - 60% תל בונד שקלי - 20% bond 1-10 corporate us bloomberg 20% index,,page1,2026-10-01T03:15:46+00:00,https://www.ami-gml.co.il/wp-content/uploads/2026/07/58972ImageFile3.pdf,policy/companies/520042581/raw/520042581/2664f6dcb52e_58972ImageFile3.pdf,page1
520042581,,,520042581|page1|מסלול לבני 50 עד 60 לשנת 2020,גמל - מסלול לבני 50 עד 60 לשנת 2020,2020,"אחר )קרנות השקעה פרטיות, קרנות
נדלן, מכשירים מובנים(*",,8.55,9.0,5% +/-,4.0,14.0,AC MSCI,,page1,2026-10-01T03:15:46+00:00,https://www.ami-gml.co.il/wp-content/uploads/2026/07/58972ImageFile3.pdf,policy/companies/520042581/raw/520042581/2664f6dcb52e_58972ImageFile3.pdf,page1
520042581,,,520042581|page1|מסלול לבני 50 עד 60 לשנת 2020,גמל - מסלול לבני 50 עד 60 לשנת 2020,2020,"עו""ש פר""י פק""מ**",,2.59,4.0,6% +/-,0.0,10.0,ריבית בנק ישראל,,page1,2026-10-01T03:15:46+00:00,https://www.ami-gml.co.il/wp-content/uploads/2026/07/58972ImageFile3.pdf,policy/companies/520042581/raw/520042581/2664f6dcb52e_58972ImageFile3.pdf,page1
520042581,,,520042581|page1|מסלול לבני 50 עד 60 לשנת 2020,גמל - מסלול לבני 50 עד 60 לשנת 2020,2020,"חשיפה למט""ח",fx,27.64,18.0,6% +/-,12.0,24.0,,,page1,2026-10-01T03:15:46+00:00,https://www.ami-gml.co.il/wp-content/uploads/2026/07/58972ImageFile3.pdf,policy/companies/520042581/raw/520042581/2664f6dcb52e_58972ImageFile3.pdf,page1
520042581,,,520042581|page1|מסלול לבני 50 עד 60 לשנת 2019,גמל - מסלול לבני 50 עד 60 לשנת 2019,2019,"מניות )תעודות סל, אופציות, קרנות
נאמנות(",equity,30.44,31.0,6% +/-,25.0,37.0,"מדד ת""א 125 - 40% 60% - AC MSCI",,page1,2026-10-01T03:15:46+00:00,https://www.ami-gml.co.il/wp-content/uploads/2026/07/58974ImageFile3.pdf,policy/companies/520042581/raw/520042581/e0899bb30fd9_58974ImageFile3.pdf,page1
520042581,,,520042581|page1|מסלול לבני 50 עד 60 לשנת 2019,גמל - מסלול לבני 50 עד 60 לשנת 2019,2019,"אג""ח ממשלתי",,21.72,22.0,5% +/-,17.0,27.0,ממשלתי שקלי 2-5 שנים- 70% ממשלתי צמוד 2-5 שנים - 30%,,page1,2026-10-01T03:15:46+00:00,https://www.ami-gml.co.il/wp-content/uploads/2026/07/58974ImageFile3.pdf,policy/companies/520042581/raw/520042581/e0899bb30fd9_58974ImageFile3.pdf,page1
520042581,,,520042581|page1|מסלול לבני 50 עד 60 לשנת 2019,גמל - מסלול לבני 50 עד 60 לשנת 2019,2019,"אג""ח קונצרני )קרנות נאמנות, תעודות
סל(",,35.92,33.0,6% +/-,27.0,39.0,מדד תל בונד 60 - 60% תל בונד שקלי - 20% bond 1-10 corporate us bloomberg 20% index,,page1,2026-10-01T03:15:46+00:00,https://www.ami-gml.co.il/wp-content/uploads/2026/07/58974ImageFile3.pdf,policy/companies/520042581/raw/520042581/e0899bb30fd9_58974ImageFile3.pdf,page1
520042581,,,520042581|page1|מסלול לבני 50 עד 60 לשנת 2019,גמל - מסלול לבני 50 עד 60 לשנת 2019,2019,"אחר )קרנות השקעה פרטיות, קרנות
נדלן, מכשירים מובנים(*",,7.34,8.0,5% +/-,3.0,13.0,AC MSCI,,page1,2026-10-01T03:15:46+00:00,https://www.ami-gml.co.il/wp-content/uploads/2026/07/58974ImageFile3.pdf,policy/companies/520042581/raw/520042581/e0899bb30fd9_58974ImageFile3.pdf,page1
520042581,,,520042581|page1|מסלול לבני 50 עד 60 לשנת 2019,גמל - מסלול לבני 50 עד 60 לשנת 2019,2019,"עו""ש פר""י פק""מ**",,4.57,6.0,6% +/-,0.0,12.0,ריבית בנק ישראל,,page1,2026-10-01T03:15:46+00:00,https://www.ami-gml.co.il/wp-content/uploads/2026/07/58974ImageFile3.pdf,policy/companies/520042581/raw/520042581/e0899bb30fd9_58974ImageFile3.pdf,page1
520042581,,,520042581|page1|מסלול לבני 50 עד 60 לשנת 2019,גמל - מסלול לבני 50 עד 60 לשנת 2019,2019,"חשיפה למט""ח",fx,17.94,18.0,6% +/-,12.0,24.0,,,page1,2026-10-01T03:15:46+00:00,https://www.ami-gml.co.il/wp-content/uploads/2026/07/58974ImageFile3.pdf,policy/companies/520042581/raw/520042581/e0899bb30fd9_58974ImageFile3.pdf,page1
520042581,,,520042581|page1|מסלול לבני 60 ומעלה,גמל - מסלול לבני 60 ומעלה,2026,"מניות (תעודות סל, אופציות, קרנות נאמנות)",equity,29.0,28.0,6% +/-,22.0,34.0,"מדד ת""א 90 35% 65% AC MSCI",,page1,2026-10-01T03:15:46+00:00,https://www.ami-gml.co.il/wp-content/uploads/2026/07/67203ImageFile3.pdf,policy/companies/520042581/raw/520042581/cac7a58da0d1_67203ImageFile3.pdf,page1
520042581,,,520042581|page1|מסלול לבני 60 ומעלה,גמל - מסלול לבני 60 ומעלה,2026,"אג""ח ממשלתי",,51.0,50.0,5% +/-,45.0,55.0,ממשלתי שקלי 2-5 שנים 50% ממשלתי צמוד 2-5 שנים 50%,,page1,2026-10-01T03:15:46+00:00,https://www.ami-gml.co.il/wp-content/uploads/2026/07/67203ImageFile3.pdf,policy/companies/520042581/raw/520042581/cac7a58da0d1_67203ImageFile3.pdf,page1
520042581,,,520042581|page1|מסלול לבני 60 ומעלה,גמל - מסלול לבני 60 ומעלה,2026,"אג""ח קונצרני (קרנות נאמנות, תעודות סל)",,23.0,23.0,6% +/-,17.0,29.0,מדד תל בונד 60 - 45% תל בונד שקלי 50 - 45% grade investment liquid usd iboxx Market 10% 30 top,,page1,2026-10-01T03:15:46+00:00,https://www.ami-gml.co.il/wp-content/uploads/2026/07/67203ImageFile3.pdf,policy/companies/520042581/raw/520042581/cac7a58da0d1_67203ImageFile3.pdf,page1
520042581,,,520042581|page1|מסלול לבני 60 ומעלה,גמל - מסלול לבני 60 ומעלה,2026,"אחר (קרנות השקעה פרטיות, קרנות נדלן,
מכשירים מובנים)*",,0.0,1.0,5% +/-,0.0,6.0,"ת""א 125 15% תל בונד שיקלי 50 15% 50% AC MSCI Index Yield High Liquid USD iBoxx Markit 20%",,page1,2026-10-01T03:15:46+00:00,https://www.ami-gml.co.il/wp-content/uploads/2026/07/67203ImageFile3.pdf,policy/companies/520042581/raw/520042581/cac7a58da0d1_67203ImageFile3.pdf,page1
520042581,,,520042581|page1|מסלול לבני 60 ומעלה,גמל - מסלול לבני 60 ומעלה,2026,"עו""ש פר""י פק""מ**",,5.0,2.0,6% +/-,0.0,8.0,"מק""מ",,page1,2026-10-01T03:15:46+00:00,https://www.ami-gml.co.il/wp-content/uploads/2026/07/67203ImageFile3.pdf,policy/companies/520042581/raw/520042581/cac7a58da0d1_67203ImageFile3.pdf,page1
520042581,,,520042581|page1|מסלול לבני 60 ומעלה,גמל - מסלול לבני 60 ומעלה,2026,"סה""כ***",,108.0,104.0,,,,,,page1,2026-10-01T03:15:46+00:00,https://www.ami-gml.co.il/wp-content/uploads/2026/07/67203ImageFile3.pdf,policy/companies/520042581/raw/520042581/cac7a58da0d1_67203ImageFile3.pdf,page1
520042581,,,520042581|page1|מסלול לבני 60 ומעלה,גמל - מסלול לבני 60 ומעלה,2026,"חשיפה למט""ח",fx,18.0,15.0,6% +/-,9.0,21.0,דולר,,page1,2026-10-01T03:15:46+00:00,https://www.ami-gml.co.il/wp-content/uploads/2026/07/67203ImageFile3.pdf,policy/companies/520042581/raw/520042581/cac7a58da0d1_67203ImageFile3.pdf,page1
520042581,,,520042581|page1|מסלול לבני 60 ומעלה,גמל - מסלול לבני 60 ומעלה,2025,"מניות (תעודות סל, אופציות, קרנות נאמנות)",equity,27.9,26.0,6% +/-,20.0,32.0,"מדד ת""א 125 30% 55% s&p500 15% AC MSCI",,page1,2026-10-01T03:15:46+00:00,https://www.ami-gml.co.il/wp-content/uploads/2026/07/67119ImageFile3.pdf,policy/companies/520042581/raw/520042581/71844baeab99_67119ImageFile3.pdf,page1
520042581,,,520042581|page1|מסלול לבני 60 ומעלה,גמל - מסלול לבני 60 ומעלה,2025,"אג""ח ממשלתי",,44.78,47.0,5% +/-,42.0,52.0,ממשלתי שקלי 2-5 שנים 50% ממשלתי צמוד 2-5 שנים 50%,,page1,2026-10-01T03:15:46+00:00,https://www.ami-gml.co.il/wp-content/uploads/2026/07/67119ImageFile3.pdf,policy/companies/520042581/raw/520042581/71844baeab99_67119ImageFile3.pdf,page1
520042581,,,520042581|page1|מסלול לבני 60 ומעלה,גמל - מסלול לבני 60 ומעלה,2025,"אג""ח קונצרני (קרנות נאמנות, תעודות סל)",,23.87,24.0,6% +/-,18.0,30.0,מדד תל בונד 60 - 40% תל בונד שקלי 50 - 40% grade investment liquid usd iboxx Market 20% 30 top,,page1,2026-10-01T03:15:46+00:00,https://www.ami-gml.co.il/wp-content/uploads/2026/07/67119ImageFile3.pdf,policy/companies/520042581/raw/520042581/71844baeab99_67119ImageFile3.pdf,page1
520042581,,,520042581|page1|מסלול לבני 60 ומעלה,גמל - מסלול לבני 60 ומעלה,2025,"אחר (קרנות השקעה פרטיות, קרנות נדלן,
מכשירים מובנים)*",,0.31,1.0,5% +/-,0.0,6.0,70% AC MSCI Index Yield High Liquid USD iBoxx Markit 30%,,page1,2026-10-01T03:15:46+00:00,https://www.ami-gml.co.il/wp-content/uploads/2026/07/67119ImageFile3.pdf,policy/companies/520042581/raw/520042581/71844baeab99_67119ImageFile3.pdf,page1
520042581,,,520042581|page1|מסלול לבני 60 ומעלה,גמל - מסלול לבני 60 ומעלה,2025,"עו""ש פר""י פק""מ**",,12.18,7.0,5% +/-,2.0,12.0,ריבית בנק ישראל,,page1,2026-10-01T03:15:46+00:00,https://www.ami-gml.co.il/wp-content/uploads/2026/07/67119ImageFile3.pdf,policy/companies/520042581/raw/520042581/71844baeab99_67119ImageFile3.pdf,page1
520042581,,,520042581|page1|מסלול לבני 60 ומעלה,גמל - מסלול לבני 60 ומעלה,2025,"סה""כ***",,109.04,105.0,,,,,,page1,2026-10-01T03:15:46+00:00,https://www.ami-gml.co.il/wp-content/uploads/2026/07/67119ImageFile3.pdf,policy/companies/520042581/raw/520042581/71844baeab99_67119ImageFile3.pdf,page1
520042581,,,520042581|page1|מסלול לבני 60 ומעלה,גמל - מסלול לבני 60 ומעלה,2025,"חשיפה למט""ח",fx,18.18,15.0,6% +/-,9.0,21.0,דולר,,page1,2026-10-01T03:15:46+00:00,https://www.ami-gml.co.il/wp-content/uploads/2026/07/67119ImageFile3.pdf,policy/companies/520042581/raw/520042581/71844baeab99_67119ImageFile3.pdf,page1
520042581,,,520042581|page1|מסלול לבני 60 ומעלה לשנת 2024,גמל - מסלול לבני 60 ומעלה לשנת 2024,2024,"מניות )תעודות סל,
אופציות, קרנות נאמנות(",equity,28.0,22.0,6% +/-,16.0,28.0,"מדד ת""א 125 - 40% 60% - AC MSCI",,page1,2026-10-01T03:15:46+00:00,https://www.ami-gml.co.il/wp-content/uploads/2026/07/66824ImageFile3.pdf,policy/companies/520042581/raw/520042581/f725b7b936dc_66824ImageFile3.pdf,page1
520042581,,,520042581|page1|מסלול לבני 60 ומעלה לשנת 2024,גמל - מסלול לבני 60 ומעלה לשנת 2024,2024,"אג""ח ממשלתי",,41.0,40.0,5% +/-,35.0,45.0,ממשלתי שקלי 2-5 שנים- 70% ממשלתי צמוד 2-5 שנים - 30%,,page1,2026-10-01T03:15:46+00:00,https://www.ami-gml.co.il/wp-content/uploads/2026/07/66824ImageFile3.pdf,policy/companies/520042581/raw/520042581/f725b7b936dc_66824ImageFile3.pdf,page1
520042581,,,520042581|page1|מסלול לבני 60 ומעלה לשנת 2024,גמל - מסלול לבני 60 ומעלה לשנת 2024,2024,"אג""ח קונצרני )קרנות
נאמנות, תעודות סל(",,29.0,27.0,6% +/-,21.0,33.0,מדד תל בונד 60 - 70% תל בונד שקלי - 20% index bond 1-10 corporate us bloomberg 10%,,page1,2026-10-01T03:15:46+00:00,https://www.ami-gml.co.il/wp-content/uploads/2026/07/66824ImageFile3.pdf,policy/companies/520042581/raw/520042581/f725b7b936dc_66824ImageFile3.pdf,page1
520042581,,,520042581|page1|מסלול לבני 60 ומעלה לשנת 2024,גמל - מסלול לבני 60 ומעלה לשנת 2024,2024,"אחר )קרנות השקעה
פרטיות, קרנות נדלן,
מכשירים מובנים(*",,1.3,1.0,5% +/-,0.0,6.0,AC MSCI,,page1,2026-10-01T03:15:46+00:00,https://www.ami-gml.co.il/wp-content/uploads/2026/07/66824ImageFile3.pdf,policy/companies/520042581/raw/520042581/f725b7b936dc_66824ImageFile3.pdf,page1
520042581,,,520042581|page1|מסלול לבני 60 ומעלה לשנת 2024,גמל - מסלול לבני 60 ומעלה לשנת 2024,2024,"עו""ש פר""י פק""מ**",,13.0,13.0,6% +/-,7.0,19.0,ריבית בנק ישראל,,page1,2026-10-01T03:15:46+00:00,https://www.ami-gml.co.il/wp-content/uploads/2026/07/66824ImageFile3.pdf,policy/companies/520042581/raw/520042581/f725b7b936dc_66824ImageFile3.pdf,page1
520042581,,,520042581|page1|מסלול לבני 60 ומעלה לשנת 2024,גמל - מסלול לבני 60 ומעלה לשנת 2024,2024,"סה""כ***",,113.0,103.0,,,,,,page1,2026-10-01T03:15:46+00:00,https://www.ami-gml.co.il/wp-content/uploads/2026/07/66824ImageFile3.pdf,policy/companies/520042581/raw/520042581/f725b7b936dc_66824ImageFile3.pdf,page1
520042581,,,520042581|page1|מסלול לבני 60 ומעלה לשנת 2024,גמל - מסלול לבני 60 ומעלה לשנת 2024,2024,"חשיפה למט""ח",fx,17.0,15.0,6% +/-,9.0,21.0,,,page1,2026-10-01T03:15:46+00:00,https://www.ami-gml.co.il/wp-content/uploads/2026/07/66824ImageFile3.pdf,policy/companies/520042581/raw/520042581/f725b7b936dc_66824ImageFile3.pdf,page1
520042581,,,520042581|page1|מסלול לבני 60 ומעלה לשנת 2023,גמל - מסלול לבני 60 ומעלה לשנת 2023,2023,"מניות )תעודות סל,
אופציות, קרנות נאמנות(",equity,21.87,22.0,6% +/-,16.0,28.0,"מדד ת""א 125 - 40% 60% - AC MSCI",,page1,2026-10-01T03:15:46+00:00,https://www.ami-gml.co.il/wp-content/uploads/2026/07/60026ImageFile3.pdf,policy/companies/520042581/raw/520042581/2d7b9309d70d_60026ImageFile3.pdf,page1
520042581,,,520042581|page1|מסלול לבני 60 ומעלה לשנת 2023,גמל - מסלול לבני 60 ומעלה לשנת 2023,2023,"אג""ח ממשלתי",,40.79,40.0,5% +/-,35.0,45.0,ממשלתי שקלי 2-5 שנים- 70% ממשלתי צמוד 2-5 שנים - 30%,,page1,2026-10-01T03:15:46+00:00,https://www.ami-gml.co.il/wp-content/uploads/2026/07/60026ImageFile3.pdf,policy/companies/520042581/raw/520042581/2d7b9309d70d_60026ImageFile3.pdf,page1
520042581,,,520042581|page1|מסלול לבני 60 ומעלה לשנת 2023,גמל - מסלול לבני 60 ומעלה לשנת 2023,2023,"אג""ח קונצרני )קרנות
נאמנות, תעודות סל(",,27.92,27.0,6% +/-,21.0,33.0,מדד תל בונד 60 - 70% תל בונד שקלי - 20% index bond 1-10 corporate us bloomberg 10%,,page1,2026-10-01T03:15:46+00:00,https://www.ami-gml.co.il/wp-content/uploads/2026/07/60026ImageFile3.pdf,policy/companies/520042581/raw/520042581/2d7b9309d70d_60026ImageFile3.pdf,page1
520042581,,,520042581|page1|מסלול לבני 60 ומעלה לשנת 2023,גמל - מסלול לבני 60 ומעלה לשנת 2023,2023,"אחר )קרנות השקעה
פרטיות, קרנות נדלן,
מכשירים מובנים(*",,0.17,1.0,5% +/-,0.0,6.0,AC MSCI,,page1,2026-10-01T03:15:46+00:00,https://www.ami-gml.co.il/wp-content/uploads/2026/07/60026ImageFile3.pdf,policy/companies/520042581/raw/520042581/2d7b9309d70d_60026ImageFile3.pdf,page1
520042581,,,520042581|page1|מסלול לבני 60 ומעלה לשנת 2023,גמל - מסלול לבני 60 ומעלה לשנת 2023,2023,"עו""ש פר""י פק""מ**",,18.15,13.0,6% +/-,7.0,19.0,ריבית בנק ישראל,,page1,2026-10-01T03:15:46+00:00,https://www.ami-gml.co.il/wp-content/uploads/2026/07/60026ImageFile3.pdf,policy/companies/520042581/raw/520042581/2d7b9309d70d_60026ImageFile3.pdf,page1
520042581,,,520042581|page1|מסלול לבני 60 ומעלה לשנת 2023,גמל - מסלול לבני 60 ומעלה לשנת 2023,2023,"סה""כ***",,108.9,103.0,,,,,,page1,2026-10-01T03:15:46+00:00,https://www.ami-gml.co.il/wp-content/uploads/2026/07/60026ImageFile3.pdf,policy/companies/520042581/raw/520042581/2d7b9309d70d_60026ImageFile3.pdf,page1
520042581,,,520042581|page1|מסלול לבני 60 ומעלה לשנת 2023,גמל - מסלול לבני 60 ומעלה לשנת 2023,2023,"חשיפה למט""ח",fx,11.23,15.0,6% +/-,9.0,21.0,,,page1,2026-10-01T03:15:46+00:00,https://www.ami-gml.co.il/wp-content/uploads/2026/07/60026ImageFile3.pdf,policy/companies/520042581/raw/520042581/2d7b9309d70d_60026ImageFile3.pdf,page1
520042581,,,520042581|page1|מסלול לבני 60 ומעלה לשנת 2022,גמל - מסלול לבני 60 ומעלה לשנת 2022,2022,"מניות (תעודות סל,
אופציות, קרנות נאמנות)",equity,28.0,24.0,6% +/-,18.0,30.0,"מדד ת""א 125 - 40% 60% - AC MSCI",,page1,2026-10-01T03:15:46+00:00,https://www.ami-gml.co.il/wp-content/uploads/2026/07/59346ImageFile3.pdf,policy/companies/520042581/raw/520042581/ee9a54b02007_59346ImageFile3.pdf,page1
520042581,,,520042581|page1|מסלול לבני 60 ומעלה לשנת 2022,גמל - מסלול לבני 60 ומעלה לשנת 2022,2022,"אג""ח ממשלתי",,46.0,36.0,5% +/-,31.0,41.0,ממשלתי שקלי 2-5 שנים- 70% ממשלתי צמוד 2-5 שנים - 30%,,page1,2026-10-01T03:15:46+00:00,https://www.ami-gml.co.il/wp-content/uploads/2026/07/59346ImageFile3.pdf,policy/companies/520042581/raw/520042581/ee9a54b02007_59346ImageFile3.pdf,page1
520042581,,,520042581|page1|מסלול לבני 60 ומעלה לשנת 2022,גמל - מסלול לבני 60 ומעלה לשנת 2022,2022,"אג""ח קונצרני (קרנות
נאמנות, תעודות סל)",,27.0,27.0,6% +/-,21.0,33.0,מדד תל בונד 60 - 70% תל בונד שקלי - 20% index bond 1-10 corporate us bloomberg 10%,,page1,2026-10-01T03:15:46+00:00,https://www.ami-gml.co.il/wp-content/uploads/2026/07/59346ImageFile3.pdf,policy/companies/520042581/raw/520042581/ee9a54b02007_59346ImageFile3.pdf,page1
520042581,,,520042581|page1|מסלול לבני 60 ומעלה לשנת 2022,גמל - מסלול לבני 60 ומעלה לשנת 2022,2022,"אחר (קרנות השקעה
פרטיות, קרנות נדלן,
מכשירים מובנים)*",,0.0,0.0,5% +/-,0.0,5.0,AC MSCI,,page1,2026-10-01T03:15:46+00:00,https://www.ami-gml.co.il/wp-content/uploads/2026/07/59346ImageFile3.pdf,policy/companies/520042581/raw/520042581/ee9a54b02007_59346ImageFile3.pdf,page1
520042581,,,520042581|page1|מסלול לבני 60 ומעלה לשנת 2022,גמל - מסלול לבני 60 ומעלה לשנת 2022,2022,"עו""ש פר""י פק""מ**",,9.0,13.0,6% +/-,7.0,19.0,ריבית בנק ישראל,,page1,2026-10-01T03:15:46+00:00,https://www.ami-gml.co.il/wp-content/uploads/2026/07/59346ImageFile3.pdf,policy/companies/520042581/raw/520042581/ee9a54b02007_59346ImageFile3.pdf,page1
520042581,,,520042581|page1|מסלול לבני 60 ומעלה לשנת 2022,גמל - מסלול לבני 60 ומעלה לשנת 2022,2022,"סה""כ***",,110.0,100.0,,,,,,page1,2026-10-01T03:15:46+00:00,https://www.ami-gml.co.il/wp-content/uploads/2026/07/59346ImageFile3.pdf,policy/companies/520042581/raw/520042581/ee9a54b02007_59346ImageFile3.pdf,page1
520042581,,,520042581|page1|מסלול לבני 60 ומעלה לשנת 2022,גמל - מסלול לבני 60 ומעלה לשנת 2022,2022,"חשיפה למט""ח",fx,11.0,12.0,6% +/-,6.0,18.0,,,page1,2026-10-01T03:15:46+00:00,https://www.ami-gml.co.il/wp-content/uploads/2026/07/59346ImageFile3.pdf,policy/companies/520042581/raw/520042581/ee9a54b02007_59346ImageFile3.pdf,page1
520042581,,,520042581|page1|מסלול לבני 60 ומעלה לשנת 2021,גמל - מסלול לבני 60 ומעלה לשנת 2021,2021,"מניות )תעודות סל,
אופציות, קרנות נאמנות(",equity,20.52,20.0,6% +/-,14.0,26.0,"מדד ת""א 125 - 40% 60% - AC MSCI",,page1,2026-10-01T03:15:46+00:00,https://www.ami-gml.co.il/wp-content/uploads/2026/07/59345ImageFile3.pdf,policy/companies/520042581/raw/520042581/72b18be365dd_59345ImageFile3.pdf,page1
520042581,,,520042581|page1|מסלול לבני 60 ומעלה לשנת 2021,גמל - מסלול לבני 60 ומעלה לשנת 2021,2021,"אג""ח ממשלתי",,50.1,45.0,5% +/-,40.0,50.0,ממשלתי שקלי 2-5 שנים- 70% ממשלתי צמוד 2-5 שנים - 30%,,page1,2026-10-01T03:15:46+00:00,https://www.ami-gml.co.il/wp-content/uploads/2026/07/59345ImageFile3.pdf,policy/companies/520042581/raw/520042581/72b18be365dd_59345ImageFile3.pdf,page1
520042581,,,520042581|page1|מסלול לבני 60 ומעלה לשנת 2021,גמל - מסלול לבני 60 ומעלה לשנת 2021,2021,"אג""ח קונצרני )קרנות
נאמנות, תעודות סל(",,24.76,26.0,6% +/-,20.0,32.0,מדד תל בונד 60 - 70% תל בונד שקלי - 20% bond 1-10 corporate us bloomberg 10% index,,page1,2026-10-01T03:15:46+00:00,https://www.ami-gml.co.il/wp-content/uploads/2026/07/59345ImageFile3.pdf,policy/companies/520042581/raw/520042581/72b18be365dd_59345ImageFile3.pdf,page1
520042581,,,520042581|page1|מסלול לבני 60 ומעלה לשנת 2021,גמל - מסלול לבני 60 ומעלה לשנת 2021,2021,"אחר )קרנות השקעה
פרטיות, קרנות נדלן,
מכשירים מובנים(*",,0.0,0.0,5% +/-,0.0,5.0,AC MSCI,,page1,2026-10-01T03:15:46+00:00,https://www.ami-gml.co.il/wp-content/uploads/2026/07/59345ImageFile3.pdf,policy/companies/520042581/raw/520042581/72b18be365dd_59345ImageFile3.pdf,page1
520042581,,,520042581|page1|מסלול לבני 60 ומעלה לשנת 2021,גמל - מסלול לבני 60 ומעלה לשנת 2021,2021,"עו""ש פר""י פק""מ**",,8.77,10.0,6% +/-,4.0,16.0,ריבית בנק ישראל,,page1,2026-10-01T03:15:46+00:00,https://www.ami-gml.co.il/wp-content/uploads/2026/07/59345ImageFile3.pdf,policy/companies/520042581/raw/520042581/72b18be365dd_59345ImageFile3.pdf,page1
520042581,,,520042581|page1|מסלול לבני 60 ומעלה לשנת 2021,גמל - מסלול לבני 60 ומעלה לשנת 2021,2021,"חשיפה למט""ח",fx,11.4,15.0,6% +/-,9.0,21.0,,,page1,2026-10-01T03:15:46+00:00,https://www.ami-gml.co.il/wp-content/uploads/2026/07/59345ImageFile3.pdf,policy/companies/520042581/raw/520042581/72b18be365dd_59345ImageFile3.pdf,page1
520042581,,,520042581|page1|מסלול לבני 60 ומעלה לשנת 2020,גמל - מסלול לבני 60 ומעלה לשנת 2020,2020,"מניות )תעודות סל,
אופציות, קרנות נאמנות(",equity,19.08,18.0,6% +/-,12.0,24.0,"מדד ת""א 125 - 40% 60% - AC MSCI",,page1,2026-10-01T03:15:46+00:00,https://www.ami-gml.co.il/wp-content/uploads/2026/07/59344ImageFile3.pdf,policy/companies/520042581/raw/520042581/9c0ff6c97051_59344ImageFile3.pdf,page1
520042581,,,520042581|page1|מסלול לבני 60 ומעלה לשנת 2020,גמל - מסלול לבני 60 ומעלה לשנת 2020,2020,"אג""ח ממשלתי",,43.73,46.0,5% +/-,41.0,51.0,ממשלתי שקלי 2-5 שנים- 70% ממשלתי צמוד 2-5 שנים - 30%,,page1,2026-10-01T03:15:46+00:00,https://www.ami-gml.co.il/wp-content/uploads/2026/07/59344ImageFile3.pdf,policy/companies/520042581/raw/520042581/9c0ff6c97051_59344ImageFile3.pdf,page1
520042581,,,520042581|page1|מסלול לבני 60 ומעלה לשנת 2020,גמל - מסלול לבני 60 ומעלה לשנת 2020,2020,"אג""ח קונצרני )קרנות
נאמנות, תעודות סל(",,30.55,30.0,6% +/-,24.0,36.0,מדד תל בונד 60 - 70% תל בונד שקלי - 20% index bond 1-10 corporate us bloomberg 10%,,page1,2026-10-01T03:15:46+00:00,https://www.ami-gml.co.il/wp-content/uploads/2026/07/59344ImageFile3.pdf,policy/companies/520042581/raw/520042581/9c0ff6c97051_59344ImageFile3.pdf,page1
520042581,,,520042581|page1|מסלול לבני 60 ומעלה לשנת 2020,גמל - מסלול לבני 60 ומעלה לשנת 2020,2020,"אחר )קרנות השקעה
פרטיות, קרנות נדלן,
מכשירים מובנים(*",,0.0,1.0,5% +/-,0.0,6.0,AC MSCI,,page1,2026-10-01T03:15:46+00:00,https://www.ami-gml.co.il/wp-content/uploads/2026/07/59344ImageFile3.pdf,policy/companies/520042581/raw/520042581/9c0ff6c97051_59344ImageFile3.pdf,page1
520042581,,,520042581|page1|מסלול לבני 60 ומעלה לשנת 2020,גמל - מסלול לבני 60 ומעלה לשנת 2020,2020,"עו""ש פר""י פק""מ**",,6.63,5.0,6% +/-,0.0,11.0,ריבית בנק ישראל,,page1,2026-10-01T03:15:46+00:00,https://www.ami-gml.co.il/wp-content/uploads/2026/07/59344ImageFile3.pdf,policy/companies/520042581/raw/520042581/9c0ff6c97051_59344ImageFile3.pdf,page1
520042581,,,520042581|page1|מסלול לבני 60 ומעלה לשנת 2020,גמל - מסלול לבני 60 ומעלה לשנת 2020,2020,"חשיפה למט""ח",fx,12.64,12.0,6% +/-,6.0,18.0,,,page1,2026-10-01T03:15:46+00:00,https://www.ami-gml.co.il/wp-content/uploads/2026/07/59344ImageFile3.pdf,policy/companies/520042581/raw/520042581/9c0ff6c97051_59344ImageFile3.pdf,page1
520042581,,,520042581|page1|מסלול לבני 60 ומעלה לשנת 2019,גמל - מסלול לבני 60 ומעלה לשנת 2019,2019,"מניות )תעודות סל,
אופציות, קרנות נאמנות(",equity,19.4,16.0,6% +/-,10.0,22.0,"מדד ת""א 125 - 40% 60% - AC MSCI",,page1,2026-10-01T03:15:46+00:00,https://www.ami-gml.co.il/wp-content/uploads/2026/07/59343ImageFile3.pdf,policy/companies/520042581/raw/520042581/c81d4e8d7ece_59343ImageFile3.pdf,page1
520042581,,,520042581|page1|מסלול לבני 60 ומעלה לשנת 2019,גמל - מסלול לבני 60 ומעלה לשנת 2019,2019,"אג""ח ממשלתי",,41.47,44.0,5% +/-,39.0,49.0,ממשלתי שקלי 2-5 שנים- 70% ממשלתי צמוד 2-5 שנים - 30%,,page1,2026-10-01T03:15:46+00:00,https://www.ami-gml.co.il/wp-content/uploads/2026/07/59343ImageFile3.pdf,policy/companies/520042581/raw/520042581/c81d4e8d7ece_59343ImageFile3.pdf,page1
520042581,,,520042581|page1|מסלול לבני 60 ומעלה לשנת 2019,גמל - מסלול לבני 60 ומעלה לשנת 2019,2019,"אג""ח קונצרני )קרנות
נאמנות, תעודות סל(",,35.48,35.0,6% +/-,29.0,41.0,מדד תל בונד 60 - 70% תל בונד שקלי - 20% index bond 1-10 corporate us bloomberg 10%,,page1,2026-10-01T03:15:46+00:00,https://www.ami-gml.co.il/wp-content/uploads/2026/07/59343ImageFile3.pdf,policy/companies/520042581/raw/520042581/c81d4e8d7ece_59343ImageFile3.pdf,page1
520042581,,,520042581|page1|מסלול לבני 60 ומעלה לשנת 2019,גמל - מסלול לבני 60 ומעלה לשנת 2019,2019,"אחר )קרנות השקעה
פרטיות, קרנות נדלן,
מכשירים מובנים(*",,0.0,0.0,5% +/-,0.0,5.0,AC MSCI,,page1,2026-10-01T03:15:46+00:00,https://www.ami-gml.co.il/wp-content/uploads/2026/07/59343ImageFile3.pdf,policy/companies/520042581/raw/520042581/c81d4e8d7ece_59343ImageFile3.pdf,page1
520042581,,,520042581|page1|מסלול לבני 60 ומעלה לשנת 2019,גמל - מסלול לבני 60 ומעלה לשנת 2019,2019,"עו""ש פר""י פק""מ**",,3.66,5.0,6% +/-,0.0,11.0,ריבית בנק ישראל,,page1,2026-10-01T03:15:46+00:00,https://www.ami-gml.co.il/wp-content/uploads/2026/07/59343ImageFile3.pdf,policy/companies/520042581/raw/520042581/c81d4e8d7ece_59343ImageFile3.pdf,page1
520042581,,,520042581|page1|מסלול לבני 60 ומעלה לשנת 2019,גמל - מסלול לבני 60 ומעלה לשנת 2019,2019,"חשיפה למט""ח",fx,12.56,12.0,6% +/-,6.0,18.0,,,page1,2026-10-01T03:15:46+00:00,https://www.ami-gml.co.il/wp-content/uploads/2026/07/59343ImageFile3.pdf,policy/companies/520042581/raw/520042581/c81d4e8d7ece_59343ImageFile3.pdf,page1
520042581,,,520042581|page1|מסלול אשראי אג ח,גמל - מסלול אשראי אג ח,2026,"מניות (תעודות סל, אופציות, קרנות נאמנות)",equity,0.0,3.0,6% +/-,0.0,9.0,"מדד ת""א 90 35% 65% AC MSCI",,page1,2026-10-01T03:15:46+00:00,https://www.ami-gml.co.il/wp-content/uploads/2026/07/67204ImageFile3.pdf,policy/companies/520042581/raw/520042581/539740fc22bb_67204ImageFile3.pdf,page1
520042581,,,520042581|page1|מסלול אשראי אג ח,גמל - מסלול אשראי אג ח,2026,"אג""ח ממשלתי",,55.0,52.0,5% +/-,47.0,57.0,ממשלתי שקלי 2-5 שנים 50% ממשלתי צמוד 2-5 שנים 50%,,page1,2026-10-01T03:15:46+00:00,https://www.ami-gml.co.il/wp-content/uploads/2026/07/67204ImageFile3.pdf,policy/companies/520042581/raw/520042581/539740fc22bb_67204ImageFile3.pdf,page1
520042581,,,520042581|page1|מסלול אשראי אג ח,גמל - מסלול אשראי אג ח,2026,"אג""ח קונצרני (קרנות נאמנות, תעודות סל)",,43.0,43.0,6% +/-,37.0,49.0,מדד תל בונד 60 - 45% תל בונד שקלי 50 - 45% grade investment liquid usd iboxx Market 10% 30 top,,page1,2026-10-01T03:15:46+00:00,https://www.ami-gml.co.il/wp-content/uploads/2026/07/67204ImageFile3.pdf,policy/companies/520042581/raw/520042581/539740fc22bb_67204ImageFile3.pdf,page1
520042581,,,520042581|page1|מסלול אשראי אג ח,גמל - מסלול אשראי אג ח,2026,"אחר (קרנות השקעה פרטיות, קרנות נדלן, מכשירים מובנים)*",,0.0,0.0,5% +/-,0.0,5.0,"ת""א 125 15% תל בונד שיקלי 15% 50% AC MSCI Index Yield High Liquid USD iBoxx Markit 20%",,page1,2026-10-01T03:15:46+00:00,https://www.ami-gml.co.il/wp-content/uploads/2026/07/67204ImageFile3.pdf,policy/companies/520042581/raw/520042581/539740fc22bb_67204ImageFile3.pdf,page1
520042581,,,520042581|page1|מסלול אשראי אג ח,גמל - מסלול אשראי אג ח,2026,"עו""ש פר""י פק""מ**",,2.5,2.0,6% +/-,0.0,8.0,"מק""מ",,page1,2026-10-01T03:15:46+00:00,https://www.ami-gml.co.il/wp-content/uploads/2026/07/67204ImageFile3.pdf,policy/companies/520042581/raw/520042581/539740fc22bb_67204ImageFile3.pdf,page1
520042581,,,520042581|page1|מסלול אשראי אג ח,גמל - מסלול אשראי אג ח,2026,"סה""כ***",,100.0,100.0,,,,,,page1,2026-10-01T03:15:46+00:00,https://www.ami-gml.co.il/wp-content/uploads/2026/07/67204ImageFile3.pdf,policy/companies/520042581/raw/520042581/539740fc22bb_67204ImageFile3.pdf,page1
520042581,,,520042581|page1|מסלול אשראי אג ח,גמל - מסלול אשראי אג ח,2026,"חשיפה למט""ח",fx,3.45,6.0,6% +/-,0.0,12.0,דולר,,page1,2026-10-01T03:15:46+00:00,https://www.ami-gml.co.il/wp-content/uploads/2026/07/67204ImageFile3.pdf,policy/companies/520042581/raw/520042581/539740fc22bb_67204ImageFile3.pdf,page1
520042581,,,520042581|page1|מסלול אשראי אג ח,גמל - מסלול אשראי אג ח,2025,"מניות (תעודות סל, אופציות, קרנות נאמנות)",equity,0.0,0.0,6% +/-,,,"מדד ת""א 125 30% 55% s&p500 15% AC MSCI",,page1,2026-10-01T03:15:46+00:00,https://www.ami-gml.co.il/wp-content/uploads/2026/07/67120ImageFile3.pdf,policy/companies/520042581/raw/520042581/ada2fb760d80_67120ImageFile3.pdf,page1
520042581,,,520042581|page1|מסלול אשראי אג ח,גמל - מסלול אשראי אג ח,2025,"אג""ח ממשלתי",,59.14,55.0,5% +/-,50.0,60.0,ממשלתי שקלי 2-5 שנים 50% ממשלתי צמוד 2-5 שנים 50%,,page1,2026-10-01T03:15:46+00:00,https://www.ami-gml.co.il/wp-content/uploads/2026/07/67120ImageFile3.pdf,policy/companies/520042581/raw/520042581/ada2fb760d80_67120ImageFile3.pdf,page1
520042581,,,520042581|page1|מסלול אשראי אג ח,גמל - מסלול אשראי אג ח,2025,"אג""ח קונצרני (קרנות נאמנות, תעודות סל)",,37.61,40.0,6% +/-,34.0,46.0,מדד תל בונד 60 - 40% תל בונד שקלי 50 - 40% grade investment liquid usd iboxx Market 20% 30 top,,page1,2026-10-01T03:15:46+00:00,https://www.ami-gml.co.il/wp-content/uploads/2026/07/67120ImageFile3.pdf,policy/companies/520042581/raw/520042581/ada2fb760d80_67120ImageFile3.pdf,page1
520042581,,,520042581|page1|מסלול אשראי אג ח,גמל - מסלול אשראי אג ח,2025,"אחר (קרנות השקעה פרטיות, קרנות נדלן, מכשירים מובנים)*",,0.0,0.0,5% +/-,0.0,5.0,70% AC MSCI Index Yield High Liquid USD iBoxx Markit 30%,,page1,2026-10-01T03:15:46+00:00,https://www.ami-gml.co.il/wp-content/uploads/2026/07/67120ImageFile3.pdf,policy/companies/520042581/raw/520042581/ada2fb760d80_67120ImageFile3.pdf,page1
520042581,,,520042581|page1|מסלול אשראי אג ח,גמל - מסלול אשראי אג ח,2025,"עו""ש פר""י פק""מ**",,3.26,5.0,5% +/-,0.0,10.0,ריבית בנק ישראל,,page1,2026-10-01T03:15:46+00:00,https://www.ami-gml.co.il/wp-content/uploads/2026/07/67120ImageFile3.pdf,policy/companies/520042581/raw/520042581/ada2fb760d80_67120ImageFile3.pdf,page1
520042581,,,520042581|page1|מסלול אשראי אג ח,גמל - מסלול אשראי אג ח,2025,"סה""כ***",,100.0,100.0,,,,,,page1,2026-10-01T03:15:46+00:00,https://www.ami-gml.co.il/wp-content/uploads/2026/07/67120ImageFile3.pdf,policy/companies/520042581/raw/520042581/ada2fb760d80_67120ImageFile3.pdf,page1
520042581,,,520042581|page1|מסלול אשראי אג ח,גמל - מסלול אשראי אג ח,2025,"חשיפה למט""ח",fx,8.19,7.0,6% +/-,1.0,13.0,דולר,,page1,2026-10-01T03:15:46+00:00,https://www.ami-gml.co.il/wp-content/uploads/2026/07/67120ImageFile3.pdf,policy/companies/520042581/raw/520042581/ada2fb760d80_67120ImageFile3.pdf,page1
520042581,,,520042581|page1|מסלול ללא מניות,גמל - מסלול ללא מניות,2024,"מניות )תעודות סל,
אופציות, קרנות נאמנות(",equity,0.0,0.0,6% +/-,,,,,page1,2026-10-01T03:15:46+00:00,https://www.ami-gml.co.il/wp-content/uploads/2026/07/66825ImageFile3.pdf,policy/companies/520042581/raw/520042581/f9f6368d0f6a_66825ImageFile3.pdf,page1
520042581,,,520042581|page1|מסלול ללא מניות,גמל - מסלול ללא מניות,2024,"אג""ח ממשלתי",,59.0,55.0,5% +/-,50.0,60.0,ממשלתי שקלי 2-5 שנים- 50% ממשלתי צמוד 2-5 שנים - 50%,,page1,2026-10-01T03:15:46+00:00,https://www.ami-gml.co.il/wp-content/uploads/2026/07/66825ImageFile3.pdf,policy/companies/520042581/raw/520042581/f9f6368d0f6a_66825ImageFile3.pdf,page1
520042581,,,520042581|page1|מסלול ללא מניות,גמל - מסלול ללא מניות,2024,"אג""ח קונצרני )קרנות
נאמנות, תעודות סל(",,36.0,40.0,6% +/-,34.0,46.0,מדד תל בונד 60 - 60% תל בונד שקלי - 30% index bond 1-10 corporate us bloomberg 10%,,page1,2026-10-01T03:15:46+00:00,https://www.ami-gml.co.il/wp-content/uploads/2026/07/66825ImageFile3.pdf,policy/companies/520042581/raw/520042581/f9f6368d0f6a_66825ImageFile3.pdf,page1
520042581,,,520042581|page1|מסלול ללא מניות,גמל - מסלול ללא מניות,2024,"אחר )קרנות השקעה
פרטיות, קרנות נדלן,
מכשירים מובנים(*",,0.0,0.0,5% +/-,,,AC MSCI,,page1,2026-10-01T03:15:46+00:00,https://www.ami-gml.co.il/wp-content/uploads/2026/07/66825ImageFile3.pdf,policy/companies/520042581/raw/520042581/f9f6368d0f6a_66825ImageFile3.pdf,page1
520042581,,,520042581|page1|מסלול ללא מניות,גמל - מסלול ללא מניות,2024,"עו""ש פר""י פק""מ**",,4.5,5.0,6% +/-,0.0,11.0,ריבית בנק ישראל,,page1,2026-10-01T03:15:46+00:00,https://www.ami-gml.co.il/wp-content/uploads/2026/07/66825ImageFile3.pdf,policy/companies/520042581/raw/520042581/f9f6368d0f6a_66825ImageFile3.pdf,page1
520042581,,,520042581|page1|מסלול ללא מניות,גמל - מסלול ללא מניות,2024,"סה""כ***",,100.0,100.0,,,,,,page1,2026-10-01T03:15:46+00:00,https://www.ami-gml.co.il/wp-content/uploads/2026/07/66825ImageFile3.pdf,policy/companies/520042581/raw/520042581/f9f6368d0f6a_66825ImageFile3.pdf,page1
520042581,,,520042581|page1|מסלול ללא מניות,גמל - מסלול ללא מניות,2024,"חשיפה למט""ח",fx,7.0,7.0,6% +/-,1.0,13.0,,,page1,2026-10-01T03:15:46+00:00,https://www.ami-gml.co.il/wp-content/uploads/2026/07/66825ImageFile3.pdf,policy/companies/520042581/raw/520042581/f9f6368d0f6a_66825ImageFile3.pdf,page1
520042581,,,520042581|page1|מסלול מניות,גמל - מסלול מניות,2026,"מניות (תעודות סל, אופציות, קרנות נאמנות)",equity,96.0,94.0,6% +/-,88.0,100.0,"מדד ת""א 90 35% 65% AC MSCI",,page1,2026-10-01T03:15:46+00:00,https://www.ami-gml.co.il/wp-content/uploads/2026/07/67205ImageFile3.pdf,policy/companies/520042581/raw/520042581/334fab06aa94_67205ImageFile3.pdf,page1
520042581,,,520042581|page1|מסלול מניות,גמל - מסלול מניות,2026,"אג""ח ממשלתי",,25.0,25.0,5% +/-,20.0,30.0,ממשלתי שקלי 2-5 שנים 50% ממשלתי צמוד 2-5 שנים 50%,,page1,2026-10-01T03:15:46+00:00,https://www.ami-gml.co.il/wp-content/uploads/2026/07/67205ImageFile3.pdf,policy/companies/520042581/raw/520042581/334fab06aa94_67205ImageFile3.pdf,page1
520042581,,,520042581|page1|מסלול מניות,גמל - מסלול מניות,2026,"אג""ח קונצרני (קרנות נאמנות, תעודות סל)",,0.5,0.0,6% +/-,0.0,6.0,מדד תל בונד 60 - 45% תל בונד שקלי 50 - 45% investment liquid usd iboxx Market 10% 30 top grade,,page1,2026-10-01T03:15:46+00:00,https://www.ami-gml.co.il/wp-content/uploads/2026/07/67205ImageFile3.pdf,policy/companies/520042581/raw/520042581/334fab06aa94_67205ImageFile3.pdf,page1
520042581,,,520042581|page1|מסלול מניות,גמל - מסלול מניות,2026,"אחר (קרנות השקעה פרטיות, קרנות נדלן, מכשירים מובנים)*",,0.0,0.0,5% +/-,0.0,5.0,"ת""א 125 15% תל בונד שיקלי 15% 50% AC MSCI High Liquid USD iBoxx Markit 20% Index Yield",,page1,2026-10-01T03:15:46+00:00,https://www.ami-gml.co.il/wp-content/uploads/2026/07/67205ImageFile3.pdf,policy/companies/520042581/raw/520042581/334fab06aa94_67205ImageFile3.pdf,page1
520042581,,,520042581|page1|מסלול מניות,גמל - מסלול מניות,2026,"עו""ש פר""י פק""מ**",,2.0,2.0,6% +/-,0.0,8.0,"מק""מ",,page1,2026-10-01T03:15:46+00:00,https://www.ami-gml.co.il/wp-content/uploads/2026/07/67205ImageFile3.pdf,policy/companies/520042581/raw/520042581/334fab06aa94_67205ImageFile3.pdf,page1
520042581,,,520042581|page1|מסלול מניות,גמל - מסלול מניות,2026,"סה""כ***",,124.0,121.0,,,,,,page1,2026-10-01T03:15:46+00:00,https://www.ami-gml.co.il/wp-content/uploads/2026/07/67205ImageFile3.pdf,policy/companies/520042581/raw/520042581/334fab06aa94_67205ImageFile3.pdf,page1
520042581,,,520042581|page1|מסלול מניות,גמל - מסלול מניות,2026,"חשיפה למט""ח",fx,27.0,28.0,6% +/-,22.0,34.0,דולר,,page1,2026-10-01T03:15:46+00:00,https://www.ami-gml.co.il/wp-content/uploads/2026/07/67205ImageFile3.pdf,policy/companies/520042581/raw/520042581/334fab06aa94_67205ImageFile3.pdf,page1
520042581,,,520042581|page1|מסלול מניות,גמל - מסלול מניות,2025,"מניות (תעודות סל, אופציות, קרנות נאמנות)",equity,92.18,94.0,6% +/-,88.0,100.0,"מדד ת""א 125 30% 55% s&p500 15% AC MSCI",,page1,2026-10-01T03:15:46+00:00,https://www.ami-gml.co.il/wp-content/uploads/2026/07/67121ImageFile3.pdf,policy/companies/520042581/raw/520042581/d0b145f2764a_67121ImageFile3.pdf,page1
520042581,,,520042581|page1|מסלול מניות,גמל - מסלול מניות,2025,"אג""ח ממשלתי",,36.58,30.0,5% +/-,25.0,35.0,ממשלתי שקלי 2-5 שנים 50% ממשלתי צמוד 2-5 שנים 50%,,page1,2026-10-01T03:15:46+00:00,https://www.ami-gml.co.il/wp-content/uploads/2026/07/67121ImageFile3.pdf,policy/companies/520042581/raw/520042581/d0b145f2764a_67121ImageFile3.pdf,page1
520042581,,,520042581|page1|מסלול מניות,גמל - מסלול מניות,2025,"אג""ח קונצרני (קרנות נאמנות, תעודות סל)",,2.01,2.0,6% +/-,0.0,8.0,מדד תל בונד 60 - 40% תל בונד שקלי 50 - 40% liquid usd iboxx Market 20% 30 top grade investment,,page1,2026-10-01T03:15:46+00:00,https://www.ami-gml.co.il/wp-content/uploads/2026/07/67121ImageFile3.pdf,policy/companies/520042581/raw/520042581/d0b145f2764a_67121ImageFile3.pdf,page1
520042581,,,520042581|page1|מסלול מניות,גמל - מסלול מניות,2025,"אחר (קרנות השקעה פרטיות, קרנות נדלן,
מכשירים מובנים)*",,0.0,0.0,5% +/-,0.0,5.0,70% AC MSCI High Liquid USD iBoxx Markit 30% Index Yield,,page1,2026-10-01T03:15:46+00:00,https://www.ami-gml.co.il/wp-content/uploads/2026/07/67121ImageFile3.pdf,policy/companies/520042581/raw/520042581/d0b145f2764a_67121ImageFile3.pdf,page1
520042581,,,520042581|page1|מסלול מניות,גמל - מסלול מניות,2025,"עו""ש פר""י פק""מ**",,11.47,7.0,5% +/-,2.0,12.0,ריבית בנק ישראל,,page1,2026-10-01T03:15:46+00:00,https://www.ami-gml.co.il/wp-content/uploads/2026/07/67121ImageFile3.pdf,policy/companies/520042581/raw/520042581/d0b145f2764a_67121ImageFile3.pdf,page1
520042581,,,520042581|page1|מסלול מניות,גמל - מסלול מניות,2025,"סה""כ***",,142.24,133.0,,,,,,page1,2026-10-01T03:15:46+00:00,https://www.ami-gml.co.il/wp-content/uploads/2026/07/67121ImageFile3.pdf,policy/companies/520042581/raw/520042581/d0b145f2764a_67121ImageFile3.pdf,page1
520042581,,,520042581|page1|מסלול מניות,גמל - מסלול מניות,2025,"חשיפה למט""ח",fx,26.38,30.0,6% +/-,24.0,36.0,דולר,,page1,2026-10-01T03:15:46+00:00,https://www.ami-gml.co.il/wp-content/uploads/2026/07/67121ImageFile3.pdf,policy/companies/520042581/raw/520042581/d0b145f2764a_67121ImageFile3.pdf,page1
520042581,,,520042581|page1|מסלול מניות,גמל - מסלול מניות,2024,"מניות )תעודות סל, אופציות,
קרנות נאמנות(",equity,89.0,89.0,6% +/-,83.0,95.0,"מדד ת""א 125 - 30% 70% - AC MSCI",,page1,2026-10-01T03:15:46+00:00,https://www.ami-gml.co.il/wp-content/uploads/2026/07/66826ImageFile3.pdf,policy/companies/520042581/raw/520042581/b1757214cf6d_66826ImageFile3.pdf,page1
520042581,,,520042581|page1|מסלול מניות,גמל - מסלול מניות,2024,"אג""ח ממשלתי",,40.0,40.0,5% +/-,35.0,45.0,מקמ,,page1,2026-10-01T03:15:46+00:00,https://www.ami-gml.co.il/wp-content/uploads/2026/07/66826ImageFile3.pdf,policy/companies/520042581/raw/520042581/b1757214cf6d_66826ImageFile3.pdf,page1
520042581,,,520042581|page1|מסלול מניות,גמל - מסלול מניות,2024,"אג""ח קונצרני )קרנות נאמנות,
תעודות סל(",,8.6,8.0,6% +/-,2.0,14.0,מדד תל בונד 60 - 50% תל בונד שקלי - 50%,,page1,2026-10-01T03:15:46+00:00,https://www.ami-gml.co.il/wp-content/uploads/2026/07/66826ImageFile3.pdf,policy/companies/520042581/raw/520042581/b1757214cf6d_66826ImageFile3.pdf,page1
520042581,,,520042581|page1|מסלול מניות,גמל - מסלול מניות,2024,"אחר )קרנות השקעה פרטיות,
קרנות נדלן, מכשירים מובנים(*",,0.0,0.0,5% +/-,,,,,page1,2026-10-01T03:15:46+00:00,https://www.ami-gml.co.il/wp-content/uploads/2026/07/66826ImageFile3.pdf,policy/companies/520042581/raw/520042581/b1757214cf6d_66826ImageFile3.pdf,page1
520042581,,,520042581|page1|מסלול מניות,גמל - מסלול מניות,2024,"עו""ש פר""י פק""מ**",,10.0,13.0,6% +/-,7.0,19.0,ריבית בנק ישראל,,page1,2026-10-01T03:15:46+00:00,https://www.ami-gml.co.il/wp-content/uploads/2026/07/66826ImageFile3.pdf,policy/companies/520042581/raw/520042581/b1757214cf6d_66826ImageFile3.pdf,page1
520042581,,,520042581|page1|מסלול מניות,גמל - מסלול מניות,2024,"סה""כ***",,148.0,150.0,,,,,,page1,2026-10-01T03:15:46+00:00,https://www.ami-gml.co.il/wp-content/uploads/2026/07/66826ImageFile3.pdf,policy/companies/520042581/raw/520042581/b1757214cf6d_66826ImageFile3.pdf,page1
520042581,,,520042581|page1|מסלול מניות,גמל - מסלול מניות,2024,"חשיפה למט""ח",fx,26.0,25.0,6% +/-,19.0,31.0,,,page1,2026-10-01T03:15:46+00:00,https://www.ami-gml.co.il/wp-content/uploads/2026/07/66826ImageFile3.pdf,policy/companies/520042581/raw/520042581/b1757214cf6d_66826ImageFile3.pdf,page1
520042581,,,520042581|page1|מסלול עוקב מדד S&P500,גמל - מסלול עוקב מדד S&P500,2026,"מניות (כולל תעודות סל, אופציות, קרנות נאמנות
מנייתיות וחוזים עתידיים)",equity,99.0,97.0,±6%,91.0,103.0,100% s&p500,,page1,2026-10-01T03:15:46+00:00,https://www.ami-gml.co.il/wp-content/uploads/2026/07/67206ImageFile3.pdf,policy/companies/520042581/raw/520042581/32c252b12a8d_67206ImageFile3.pdf,page1
520042581,,,520042581|page1|מסלול עוקב מדד S&P500,גמל - מסלול עוקב מדד S&P500,2026,"אג""ח ממשלתי",,0.0,0.0,±5%,0.0,5.0,,,page1,2026-10-01T03:15:46+00:00,https://www.ami-gml.co.il/wp-content/uploads/2026/07/67206ImageFile3.pdf,policy/companies/520042581/raw/520042581/32c252b12a8d_67206ImageFile3.pdf,page1
520042581,,,520042581|page1|מסלול עוקב מדד S&P500,גמל - מסלול עוקב מדד S&P500,2026,"אג""ח קונצרני (כולל קרנות נאמנות, תעודות סל)",,0.0,,"ל""ר",,,,,page1,2026-10-01T03:15:46+00:00,https://www.ami-gml.co.il/wp-content/uploads/2026/07/67206ImageFile3.pdf,policy/companies/520042581/raw/520042581/32c252b12a8d_67206ImageFile3.pdf,page1
520042581,,,520042581|page1|מסלול עוקב מדד S&P500,גמל - מסלול עוקב מדד S&P500,2026,אחר,,0.0,,"ל""ר",,,,,page1,2026-10-01T03:15:46+00:00,https://www.ami-gml.co.il/wp-content/uploads/2026/07/67206ImageFile3.pdf,policy/companies/520042581/raw/520042581/32c252b12a8d_67206ImageFile3.pdf,page1
520042581,,,520042581|page1|מסלול עוקב מדד S&P500,גמל - מסלול עוקב מדד S&P500,2026,"עו""ש פר""י פק""מ**",,1.0,3.0,±5%,0.0,8.0,,,page1,2026-10-01T03:15:46+00:00,https://www.ami-gml.co.il/wp-content/uploads/2026/07/67206ImageFile3.pdf,policy/companies/520042581/raw/520042581/32c252b12a8d_67206ImageFile3.pdf,page1
520042581,,,520042581|page1|מסלול עוקב מדד S&P500,גמל - מסלול עוקב מדד S&P500,2026,"חשיפה למט""ח",fx,99.0,97.0,±6%,91.0,103.0,דולר,,page1,2026-10-01T03:15:46+00:00,https://www.ami-gml.co.il/wp-content/uploads/2026/07/67206ImageFile3.pdf,policy/companies/520042581/raw/520042581/32c252b12a8d_67206ImageFile3.pdf,page1
520042581,,,520042581|page1|מסלול עוקב מדד S&P500,גמל - מסלול עוקב מדד S&P500,2025,"מניות (כולל תעודות סל, אופציות, קרנות נאמנות
מנייתיות וחוזים עתידיים)",equity,81.98,94.0,±6%,88.0,100.0,100% s&p500,,page1,2026-10-01T03:15:46+00:00,https://www.ami-gml.co.il/wp-content/uploads/2026/07/67122ImageFile3.pdf,policy/companies/520042581/raw/520042581/beb5792bf16e_67122ImageFile3.pdf,page1
520042581,,,520042581|page1|מסלול עוקב מדד S&P500,גמל - מסלול עוקב מדד S&P500,2025,"אג""ח ממשלתי",,0.0,,±5%,0.0,5.0,,,page1,2026-10-01T03:15:46+00:00,https://www.ami-gml.co.il/wp-content/uploads/2026/07/67122ImageFile3.pdf,policy/companies/520042581/raw/520042581/beb5792bf16e_67122ImageFile3.pdf,page1
520042581,,,520042581|page1|מסלול עוקב מדד S&P500,גמל - מסלול עוקב מדד S&P500,2025,"אג""ח קונצרני (כולל קרנות נאמנות, תעודות סל)",,,,±6%,0.0,6.0,,,page1,2026-10-01T03:15:46+00:00,https://www.ami-gml.co.il/wp-content/uploads/2026/07/67122ImageFile3.pdf,policy/companies/520042581/raw/520042581/beb5792bf16e_67122ImageFile3.pdf,page1
520042581,,,520042581|page1|מסלול עוקב מדד S&P500,גמל - מסלול עוקב מדד S&P500,2025,אחר,,,,±5%,0.0,5.0,,,page1,2026-10-01T03:15:46+00:00,https://www.ami-gml.co.il/wp-content/uploads/2026/07/67122ImageFile3.pdf,policy/companies/520042581/raw/520042581/beb5792bf16e_67122ImageFile3.pdf,page1
520042581,,,520042581|page1|מסלול עוקב מדד S&P500,גמל - מסלול עוקב מדד S&P500,2025,"עו""ש פר""י פק""מ**",,18.02,,±5%,0.0,5.0,,,page1,2026-10-01T03:15:46+00:00,https://www.ami-gml.co.il/wp-content/uploads/2026/07/67122ImageFile3.pdf,policy/companies/520042581/raw/520042581/beb5792bf16e_67122ImageFile3.pdf,page1
520042581,,,520042581|page1|מסלול עוקב מדד S&P500,גמל - מסלול עוקב מדד S&P500,2025,"חשיפה למט""ח",fx,81.98,94.0,±6%,0.0,100.0,דולר,,page1,2026-10-01T03:15:46+00:00,https://www.ami-gml.co.il/wp-content/uploads/2026/07/67122ImageFile3.pdf,policy/companies/520042581/raw/520042581/beb5792bf16e_67122ImageFile3.pdf,page1
520042581,,,520042581|page1|מסלול עוקב מדד S&P500,גמל - מסלול עוקב מדד S&P500,2024,"מניות )כולל תעודות סל, אופציות, קרנות נאמנות
מנייתיות וחוזים עתידיים(",equity,,94.0,±6%,88.0,100.0,מדד 100% S&P500,,page1,2026-10-01T03:15:46+00:00,https://www.ami-gml.co.il/wp-content/uploads/2026/07/60603ImageFile3.pdf,policy/companies/520042581/raw/520042581/f34496d5651a_60603ImageFile3.pdf,page1
520042581,,,520042581|page1|מסלול עוקב מדד S&P500,גמל - מסלול עוקב מדד S&P500,2024,"אג""ח ממשלתי",,,,±5%,0.0,5.0,,,page1,2026-10-01T03:15:46+00:00,https://www.ami-gml.co.il/wp-content/uploads/2026/07/60603ImageFile3.pdf,policy/companies/520042581/raw/520042581/f34496d5651a_60603ImageFile3.pdf,page1
520042581,,,520042581|page1|מסלול עוקב מדד S&P500,גמל - מסלול עוקב מדד S&P500,2024,"אג""ח קונצרני )כולל קרנות נאמנות, תעודות סל(",,,,±6%,0.0,6.0,,,page1,2026-10-01T03:15:46+00:00,https://www.ami-gml.co.il/wp-content/uploads/2026/07/60603ImageFile3.pdf,policy/companies/520042581/raw/520042581/f34496d5651a_60603ImageFile3.pdf,page1
520042581,,,520042581|page1|מסלול עוקב מדד S&P500,גמל - מסלול עוקב מדד S&P500,2024,אחר,,,,±5%,0.0,5.0,,,page1,2026-10-01T03:15:46+00:00,https://www.ami-gml.co.il/wp-content/uploads/2026/07/60603ImageFile3.pdf,policy/companies/520042581/raw/520042581/f34496d5651a_60603ImageFile3.pdf,page1
520042581,,,520042581|page1|מסלול עוקב מדד S&P500,גמל - מסלול עוקב מדד S&P500,2024,מזומנים,,,,±5%,0.0,5.0,,,page1,2026-10-01T03:15:46+00:00,https://www.ami-gml.co.il/wp-content/uploads/2026/07/60603ImageFile3.pdf,policy/companies/520042581/raw/520042581/f34496d5651a_60603ImageFile3.pdf,page1
520042581,,,520042581|page1|מסלול עוקב מדד S&P500,גמל - מסלול עוקב מדד S&P500,2024,"חשיפה למט""ח",fx,,94.0,±6%,0.0,100.0,דולר,,page1,2026-10-01T03:15:46+00:00,https://www.ami-gml.co.il/wp-content/uploads/2026/07/60603ImageFile3.pdf,policy/companies/520042581/raw/520042581/f34496d5651a_60603ImageFile3.pdf,page1
520042581,,,520042581|page1|מסלול כללי,גמל להשקעה - מסלול כללי,2026,"מניות (תעודות סל, אופציות, קרנות נאמנות)",equity,48.0,47.0,6% +/-,41.0,53.0,"מדד ת""א 90 35% 65% AC MSCI",,page1,2026-10-01T03:15:46+00:00,https://www.ami-gml.co.il/wp-content/uploads/2026/07/59837ImageFile3.pdf,policy/companies/520042581/raw/520042581/a6b15cf9e560_59837ImageFile3.pdf,page1
520042581,,,520042581|page1|מסלול כללי,גמל להשקעה - מסלול כללי,2026,"אג""ח ממשלתי",,22.0,22.0,5% +/-,17.0,27.0,ממשלתי שקלי 2-5 שנים 50% ממשלתי צמוד 2-5 שנים 50%,,page1,2026-10-01T03:15:46+00:00,https://www.ami-gml.co.il/wp-content/uploads/2026/07/59837ImageFile3.pdf,policy/companies/520042581/raw/520042581/a6b15cf9e560_59837ImageFile3.pdf,page1
520042581,,,520042581|page1|מסלול כללי,גמל להשקעה - מסלול כללי,2026,"אג""ח קונצרני (קרנות נאמנות, תעודות סל)",,25.5,26.0,6% +/-,20.0,32.0,מדד תל בונד 60 - 45% תל בונד שקלי 50 - 45% investment liquid usd iboxx Market 10% 30 top grade,,page1,2026-10-01T03:15:46+00:00,https://www.ami-gml.co.il/wp-content/uploads/2026/07/59837ImageFile3.pdf,policy/companies/520042581/raw/520042581/a6b15cf9e560_59837ImageFile3.pdf,page1
520042581,,,520042581|page1|מסלול כללי,גמל להשקעה - מסלול כללי,2026,"אחר (קרנות השקעה פרטיות, קרנות נדלן, מכשירים
מובנים)*",,0.0,0.0,5% +/-,0.0,5.0,"ת""א 125 15% תל בונד שיקלי 15% 50% AC MSCI Yield High Liquid USD iBoxx Markit 20% Index",,page1,2026-10-01T03:15:46+00:00,https://www.ami-gml.co.il/wp-content/uploads/2026/07/59837ImageFile3.pdf,policy/companies/520042581/raw/520042581/a6b15cf9e560_59837ImageFile3.pdf,page1
520042581,,,520042581|page1|מסלול כללי,גמל להשקעה - מסלול כללי,2026,"עו""ש פר""י פק""מ**",,4.0,5.0,6% +/-,0.0,11.0,"מק""מ",,page1,2026-10-01T03:15:46+00:00,https://www.ami-gml.co.il/wp-content/uploads/2026/07/59837ImageFile3.pdf,policy/companies/520042581/raw/520042581/a6b15cf9e560_59837ImageFile3.pdf,page1
520042581,,,520042581|page1|מסלול כללי,גמל להשקעה - מסלול כללי,2026,"חשיפה למט""ח",fx,18.0,18.0,6% +/-,24.0,112.0,דולר,,page1,2026-10-01T03:15:46+00:00,https://www.ami-gml.co.il/wp-content/uploads/2026/07/59837ImageFile3.pdf,policy/companies/520042581/raw/520042581/a6b15cf9e560_59837ImageFile3.pdf,page1
520042581,,,520042581|page1|מסלול כללי,גמל להשקעה - מסלול כללי,2026,"מניות (תעודות סל, אופציות, קרנות נאמנות)",equity,48.0,47.0,6% +/-,41.0,53.0,"מדד ת""א 90 35% 65% AC MSCI",,page1,2026-10-01T03:15:46+00:00,https://www.ami-gml.co.il/wp-content/uploads/2026/07/67208ImageFile3.pdf,policy/companies/520042581/raw/520042581/a6b15cf9e560_67208ImageFile3.pdf,page1
520042581,,,520042581|page1|מסלול כללי,גמל להשקעה - מסלול כללי,2026,"אג""ח ממשלתי",,22.0,22.0,5% +/-,17.0,27.0,ממשלתי שקלי 2-5 שנים 50% ממשלתי צמוד 2-5 שנים 50%,,page1,2026-10-01T03:15:46+00:00,https://www.ami-gml.co.il/wp-content/uploads/2026/07/67208ImageFile3.pdf,policy/companies/520042581/raw/520042581/a6b15cf9e560_67208ImageFile3.pdf,page1
520042581,,,520042581|page1|מסלול כללי,גמל להשקעה - מסלול כללי,2026,"אג""ח קונצרני (קרנות נאמנות, תעודות סל)",,25.5,26.0,6% +/-,20.0,32.0,מדד תל בונד 60 - 45% תל בונד שקלי 50 - 45% investment liquid usd iboxx Market 10% 30 top grade,,page1,2026-10-01T03:15:46+00:00,https://www.ami-gml.co.il/wp-content/uploads/2026/07/67208ImageFile3.pdf,policy/companies/520042581/raw/520042581/a6b15cf9e560_67208ImageFile3.pdf,page1
520042581,,,520042581|page1|מסלול כללי,גמל להשקעה - מסלול כללי,2026,"אחר (קרנות השקעה פרטיות, קרנות נדלן, מכשירים
מובנים)*",,0.0,0.0,5% +/-,0.0,5.0,"ת""א 125 15% תל בונד שיקלי 15% 50% AC MSCI Yield High Liquid USD iBoxx Markit 20% Index",,page1,2026-10-01T03:15:46+00:00,https://www.ami-gml.co.il/wp-content/uploads/2026/07/67208ImageFile3.pdf,policy/companies/520042581/raw/520042581/a6b15cf9e560_67208ImageFile3.pdf,page1
520042581,,,520042581|page1|מסלול כללי,גמל להשקעה - מסלול כללי,2026,"עו""ש פר""י פק""מ**",,4.0,5.0,6% +/-,0.0,11.0,"מק""מ",,page1,2026-10-01T03:15:46+00:00,https://www.ami-gml.co.il/wp-content/uploads/2026/07/67208ImageFile3.pdf,policy/companies/520042581/raw/520042581/a6b15cf9e560_67208ImageFile3.pdf,page1
520042581,,,520042581|page1|מסלול כללי,גמל להשקעה - מסלול כללי,2026,"חשיפה למט""ח",fx,18.0,18.0,6% +/-,24.0,112.0,דולר,,page1,2026-10-01T03:15:46+00:00,https://www.ami-gml.co.il/wp-content/uploads/2026/07/67208ImageFile3.pdf,policy/companies/520042581/raw/520042581/a6b15cf9e560_67208ImageFile3.pdf,page1
520042581,,,520042581|page1|מסלול כללי,גמל להשקעה - מסלול כללי,2025,"מניות (תעודות סל, אופציות, קרנות נאמנות)",equity,45.39,47.0,6% +/-,41.0,53.0,"מדד ת""א 125 30% 55% s&p500 15% AC MSCI",,page1,2026-10-01T03:15:46+00:00,https://www.ami-gml.co.il/wp-content/uploads/2026/07/67123ImageFile3.pdf,policy/companies/520042581/raw/520042581/4b053823a46d_67123ImageFile3.pdf,page1
520042581,,,520042581|page1|מסלול כללי,גמל להשקעה - מסלול כללי,2025,"אג""ח ממשלתי",,20.99,22.0,5% +/-,17.0,27.0,ממשלתי שקלי 2-5 שנים 50% ממשלתי צמוד 2-5 שנים 50%,,page1,2026-10-01T03:15:46+00:00,https://www.ami-gml.co.il/wp-content/uploads/2026/07/67123ImageFile3.pdf,policy/companies/520042581/raw/520042581/4b053823a46d_67123ImageFile3.pdf,page1
520042581,,,520042581|page1|מסלול כללי,גמל להשקעה - מסלול כללי,2025,"אג""ח קונצרני (קרנות נאמנות, תעודות סל)",,26.54,26.0,6% +/-,20.0,32.0,מדד תל בונד 60 - 40% תל בונד שקלי 50 - 40% grade investment liquid usd iboxx Market 20% 30 top,,page1,2026-10-01T03:15:46+00:00,https://www.ami-gml.co.il/wp-content/uploads/2026/07/67123ImageFile3.pdf,policy/companies/520042581/raw/520042581/4b053823a46d_67123ImageFile3.pdf,page1
520042581,,,520042581|page1|מסלול כללי,גמל להשקעה - מסלול כללי,2025,"אחר (קרנות השקעה פרטיות, קרנות נדלן,
מכשירים מובנים)*",,0.0,0.0,5% +/-,0.0,5.0,70% AC MSCI Index Yield High Liquid USD iBoxx Markit 30%,,page1,2026-10-01T03:15:46+00:00,https://www.ami-gml.co.il/wp-content/uploads/2026/07/67123ImageFile3.pdf,policy/companies/520042581/raw/520042581/4b053823a46d_67123ImageFile3.pdf,page1
520042581,,,520042581|page1|מסלול כללי,גמל להשקעה - מסלול כללי,2025,"עו""ש פר""י פק""מ**",,7.07,5.0,6% +/-,0.0,11.0,ריבית בנק ישראל,,page1,2026-10-01T03:15:46+00:00,https://www.ami-gml.co.il/wp-content/uploads/2026/07/67123ImageFile3.pdf,policy/companies/520042581/raw/520042581/4b053823a46d_67123ImageFile3.pdf,page1
520042581,,,520042581|page1|מסלול כללי,גמל להשקעה - מסלול כללי,2025,"סה""כ***",,100.0,100.0,,,,,,page1,2026-10-01T03:15:46+00:00,https://www.ami-gml.co.il/wp-content/uploads/2026/07/67123ImageFile3.pdf,policy/companies/520042581/raw/520042581/4b053823a46d_67123ImageFile3.pdf,page1
520042581,,,520042581|page1|מסלול כללי,גמל להשקעה - מסלול כללי,2025,"חשיפה למט""ח",fx,19.6,23.0,6% +/-,17.0,29.0,דולר,,page1,2026-10-01T03:15:46+00:00,https://www.ami-gml.co.il/wp-content/uploads/2026/07/67123ImageFile3.pdf,policy/companies/520042581/raw/520042581/4b053823a46d_67123ImageFile3.pdf,page1
520042581,,,520042581|page1|מסלול כללי,גמל להשקעה - מסלול כללי,2024,"מניות )תעודות סל, אופציות, קרנות
נאמנות(",equity,46.0,46.0,6% +/-,40.0,52.0,"מדד ת""א 125 - 30% 70% - AC MSCI",,page1,2026-10-01T03:15:46+00:00,https://www.ami-gml.co.il/wp-content/uploads/2026/07/66815ImageFile3.pdf,policy/companies/520042581/raw/520042581/f0a3f94ef883_66815ImageFile3.pdf,page1
520042581,,,520042581|page1|מסלול כללי,גמל להשקעה - מסלול כללי,2024,"אג""ח ממשלתי",,20.0,19.0,5% +/-,14.0,24.0,ממשלתי שקלי 2-5 שנים- 50% ממשלתי צמוד 2-5 שנים - 50%,,page1,2026-10-01T03:15:46+00:00,https://www.ami-gml.co.il/wp-content/uploads/2026/07/66815ImageFile3.pdf,policy/companies/520042581/raw/520042581/f0a3f94ef883_66815ImageFile3.pdf,page1
520042581,,,520042581|page1|מסלול כללי,גמל להשקעה - מסלול כללי,2024,"אג""ח קונצרני )קרנות נאמנות, תעודות
סל(",,24.0,25.0,6% +/-,19.0,31.0,מדד תל בונד 60 - 50% תל בונד שקלי - 50%,,page1,2026-10-01T03:15:46+00:00,https://www.ami-gml.co.il/wp-content/uploads/2026/07/66815ImageFile3.pdf,policy/companies/520042581/raw/520042581/f0a3f94ef883_66815ImageFile3.pdf,page1
520042581,,,520042581|page1|מסלול כללי,גמל להשקעה - מסלול כללי,2024,"אחר )קרנות השקעה פרטיות, קרנות
נדלן, מכשירים מובנים(*",,0.0,0.0,5% +/-,0.0,5.0,,,page1,2026-10-01T03:15:46+00:00,https://www.ami-gml.co.il/wp-content/uploads/2026/07/66815ImageFile3.pdf,policy/companies/520042581/raw/520042581/f0a3f94ef883_66815ImageFile3.pdf,page1
520042581,,,520042581|page1|מסלול כללי,גמל להשקעה - מסלול כללי,2024,"עו""ש פר""י פק""מ**",,9.0,10.0,6% +/-,4.0,16.0,,,page1,2026-10-01T03:15:46+00:00,https://www.ami-gml.co.il/wp-content/uploads/2026/07/66815ImageFile3.pdf,policy/companies/520042581/raw/520042581/f0a3f94ef883_66815ImageFile3.pdf,page1
520042581,,,520042581|page1|מסלול כללי,גמל להשקעה - מסלול כללי,2024,"סה""כ***",,100.0,100.0,,,,,,page1,2026-10-01T03:15:46+00:00,https://www.ami-gml.co.il/wp-content/uploads/2026/07/66815ImageFile3.pdf,policy/companies/520042581/raw/520042581/f0a3f94ef883_66815ImageFile3.pdf,page1
520042581,,,520042581|page1|מסלול כללי,גמל להשקעה - מסלול כללי,2024,"חשיפה למט""ח",fx,21.0,20.0,6% +/-,14.0,26.0,דולר,,page1,2026-10-01T03:15:46+00:00,https://www.ami-gml.co.il/wp-content/uploads/2026/07/66815ImageFile3.pdf,policy/companies/520042581/raw/520042581/f0a3f94ef883_66815ImageFile3.pdf,page1
520042581,,,520042581|page1|מסלול כללי,גמל להשקעה - מסלול כללי,2023,"מניות )תעודות סל, אופציות, קרנות
נאמנות(",equity,37.44,46.0,6% +/-,40.0,52.0,"מדד ת""א 125 - 40% 60% - AC MSCI",,page1,2026-10-01T03:15:46+00:00,https://www.ami-gml.co.il/wp-content/uploads/2026/07/60009ImageFile3.pdf,policy/companies/520042581/raw/520042581/2e746794b4ca_60009ImageFile3.pdf,page1
520042581,,,520042581|page1|מסלול כללי,גמל להשקעה - מסלול כללי,2023,"אג""ח ממשלתי",,18.31,19.0,5% +/-,14.0,24.0,ממשלתי שקלי 2-5 שנים- 50% ממשלתי צמוד 2-5 שנים - 50%,,page1,2026-10-01T03:15:46+00:00,https://www.ami-gml.co.il/wp-content/uploads/2026/07/60009ImageFile3.pdf,policy/companies/520042581/raw/520042581/2e746794b4ca_60009ImageFile3.pdf,page1
520042581,,,520042581|page1|מסלול כללי,גמל להשקעה - מסלול כללי,2023,"אג""ח קונצרני )קרנות נאמנות, תעודות
סל(",,23.75,25.0,6% +/-,19.0,31.0,מדד תל בונד 60 - 50% תל בונד שקלי - 50%,,page1,2026-10-01T03:15:46+00:00,https://www.ami-gml.co.il/wp-content/uploads/2026/07/60009ImageFile3.pdf,policy/companies/520042581/raw/520042581/2e746794b4ca_60009ImageFile3.pdf,page1
520042581,,,520042581|page1|מסלול כללי,גמל להשקעה - מסלול כללי,2023,"אחר )קרנות השקעה פרטיות, קרנות
נדלן, מכשירים מובנים(*",,0.0,0.0,5% +/-,0.0,5.0,AC MSCI,,page1,2026-10-01T03:15:46+00:00,https://www.ami-gml.co.il/wp-content/uploads/2026/07/60009ImageFile3.pdf,policy/companies/520042581/raw/520042581/2e746794b4ca_60009ImageFile3.pdf,page1
520042581,,,520042581|page1|מסלול כללי,גמל להשקעה - מסלול כללי,2023,"עו""ש פר""י פק""מ**",,20.5,10.0,6% +/-,4.0,16.0,ריבית בנק ישראל,,page1,2026-10-01T03:15:46+00:00,https://www.ami-gml.co.il/wp-content/uploads/2026/07/60009ImageFile3.pdf,policy/companies/520042581/raw/520042581/2e746794b4ca_60009ImageFile3.pdf,page1
520042581,,,520042581|page1|מסלול כללי,גמל להשקעה - מסלול כללי,2023,"סה""כ***",,,100.0,,,,,,page1,2026-10-01T03:15:46+00:00,https://www.ami-gml.co.il/wp-content/uploads/2026/07/60009ImageFile3.pdf,policy/companies/520042581/raw/520042581/2e746794b4ca_60009ImageFile3.pdf,page1
520042581,,,520042581|page1|מסלול כללי,גמל להשקעה - מסלול כללי,2023,"חשיפה למט""ח",fx,21.24,18.0,6% +/-,12.0,24.0,,,page1,2026-10-01T03:15:46+00:00,https://www.ami-gml.co.il/wp-content/uploads/2026/07/60009ImageFile3.pdf,policy/companies/520042581/raw/520042581/2e746794b4ca_60009ImageFile3.pdf,page1
520042581,,,520042581|page1|מסלול מתמחה משולב אג ח עד 20% מניות,גמל להשקעה - מסלול מתמחה משולב אג ח עד 20% מניות,2022,"מניות )כולל תעודות סל, אופציות, קרנות נאמנות מנייתיות וחוזים עתידיים(",equity,,14.0,±6%,8.0,20.0,"מדד ת""א 125 - 40% 60% - AC MSCI",,page1,2026-10-01T03:15:46+00:00,https://www.ami-gml.co.il/wp-content/uploads/2026/07/59753ImageFile3.pdf,policy/companies/520042581/raw/520042581/c44587cc4fa0_59753ImageFile3.pdf,page1
520042581,,,520042581|page1|מסלול מתמחה משולב אג ח עד 20% מניות,גמל להשקעה - מסלול מתמחה משולב אג ח עד 20% מניות,2022,"אג""ח ממשלתי",,,31.0,±5%,36.0,46.0,ממשלתי שקלי 2-5 שנים- 50% ממשלתי צמוד 2-5 שנים - 50%,,page1,2026-10-01T03:15:46+00:00,https://www.ami-gml.co.il/wp-content/uploads/2026/07/59753ImageFile3.pdf,policy/companies/520042581/raw/520042581/c44587cc4fa0_59753ImageFile3.pdf,page1
520042581,,,520042581|page1|מסלול מתמחה משולב אג ח עד 20% מניות,גמל להשקעה - מסלול מתמחה משולב אג ח עד 20% מניות,2022,"אג""ח קונצרני )כולל קרנות נאמנות, תעודות סל(",,,45.0,±6%,39.0,51.0,מדד תל בונד 60 - 50% תל בונד שקלי - 50%,,page1,2026-10-01T03:15:46+00:00,https://www.ami-gml.co.il/wp-content/uploads/2026/07/59753ImageFile3.pdf,policy/companies/520042581/raw/520042581/c44587cc4fa0_59753ImageFile3.pdf,page1
520042581,,,520042581|page1|מסלול מתמחה משולב אג ח עד 20% מניות,גמל להשקעה - מסלול מתמחה משולב אג ח עד 20% מניות,2022,אחר,,,0.0,±5%,0.0,5.0,,,page1,2026-10-01T03:15:46+00:00,https://www.ami-gml.co.il/wp-content/uploads/2026/07/59753ImageFile3.pdf,policy/companies/520042581/raw/520042581/c44587cc4fa0_59753ImageFile3.pdf,page1
520042581,,,520042581|page1|מסלול מתמחה משולב אג ח עד 20% מניות,גמל להשקעה - מסלול מתמחה משולב אג ח עד 20% מניות,2022,מזומנים,,,10.0,±5%,5.0,15.0,,,page1,2026-10-01T03:15:46+00:00,https://www.ami-gml.co.il/wp-content/uploads/2026/07/59753ImageFile3.pdf,policy/companies/520042581/raw/520042581/c44587cc4fa0_59753ImageFile3.pdf,page1
520042581,,,520042581|page1|מסלול מתמחה משולב אג ח עד 20% מניות,גמל להשקעה - מסלול מתמחה משולב אג ח עד 20% מניות,2022,"חשיפה למט""ח",fx,,10.0,±6%,4.0,16.0,,,page1,2026-10-01T03:15:46+00:00,https://www.ami-gml.co.il/wp-content/uploads/2026/07/59753ImageFile3.pdf,policy/companies/520042581/raw/520042581/c44587cc4fa0_59753ImageFile3.pdf,page1
520042581,,,520042581|page1|מסלול אשראי ואג ח עד 25% מניות,גמל להשקעה - מסלול אשראי ואג ח עד 25% מניות,2026,"מניות (תעודות סל, אופציות, קרנות נאמנות)",equity,22.0,19.0,6% +/-,13.0,25.0,"מדד ת""א 90 35% 65% AC MSCI",,page1,2026-10-01T03:15:46+00:00,https://www.ami-gml.co.il/wp-content/uploads/2026/07/67207ImageFile3.pdf,policy/companies/520042581/raw/520042581/edfb88b21dd2_67207ImageFile3.pdf,page1
520042581,,,520042581|page1|מסלול אשראי ואג ח עד 25% מניות,גמל להשקעה - מסלול אשראי ואג ח עד 25% מניות,2026,"אג""ח ממשלתי",,28.0,33.0,5% +/-,28.0,38.0,ממשלתי שקלי 2-5 שנים 50% ממשלתי צמוד 2-5 שנים 50%,,page1,2026-10-01T03:15:46+00:00,https://www.ami-gml.co.il/wp-content/uploads/2026/07/67207ImageFile3.pdf,policy/companies/520042581/raw/520042581/edfb88b21dd2_67207ImageFile3.pdf,page1
520042581,,,520042581|page1|מסלול אשראי ואג ח עד 25% מניות,גמל להשקעה - מסלול אשראי ואג ח עד 25% מניות,2026,"אג""ח קונצרני (קרנות נאמנות, תעודות סל)",,,43.0,6% +/-,37.0,49.0,מדד תל בונד 60 - 45% תל בונד שקלי 50 - 45% 30 top grade investment liquid usd iboxx Market 10%,,page1,2026-10-01T03:15:46+00:00,https://www.ami-gml.co.il/wp-content/uploads/2026/07/67207ImageFile3.pdf,policy/companies/520042581/raw/520042581/edfb88b21dd2_67207ImageFile3.pdf,page1
520042581,,,520042581|page1|מסלול אשראי ואג ח עד 25% מניות,גמל להשקעה - מסלול אשראי ואג ח עד 25% מניות,2026,"אחר (קרנות השקעה פרטיות, קרנות נדלן,
מכשירים מובנים)*",,0.0,0.0,5% +/-,0.0,5.0,"ת""א 125 15% תל בונד שיקלי 15% 50% AC MSCI 20% Index Yield High Liquid USD iBoxx Markit",,page1,2026-10-01T03:15:46+00:00,https://www.ami-gml.co.il/wp-content/uploads/2026/07/67207ImageFile3.pdf,policy/companies/520042581/raw/520042581/edfb88b21dd2_67207ImageFile3.pdf,page1
520042581,,,520042581|page1|מסלול אשראי ואג ח עד 25% מניות,גמל להשקעה - מסלול אשראי ואג ח עד 25% מניות,2026,"עו""ש פר""י פק""מ**",,11.0,5.0,5% +/-,0.0,11.0,"מק""מ",,page1,2026-10-01T03:15:46+00:00,https://www.ami-gml.co.il/wp-content/uploads/2026/07/67207ImageFile3.pdf,policy/companies/520042581/raw/520042581/edfb88b21dd2_67207ImageFile3.pdf,page1
520042581,,,520042581|page1|מסלול אשראי ואג ח עד 25% מניות,גמל להשקעה - מסלול אשראי ואג ח עד 25% מניות,2026,"חשיפה למט""ח",fx,13.0,15.0,6% +/-,9.0,21.0,דולר,,page1,2026-10-01T03:15:46+00:00,https://www.ami-gml.co.il/wp-content/uploads/2026/07/67207ImageFile3.pdf,policy/companies/520042581/raw/520042581/edfb88b21dd2_67207ImageFile3.pdf,page1
520042581,,,520042581|page1|מסלול אשראי ואג ח עד 25% מניות,גמל להשקעה - מסלול אשראי ואג ח עד 25% מניות,2025,"מניות (כולל תעודות סל, אופציות,
קרנות נאמנות מנייתיות וחוזים עתידיים)",equity,22.52,19.0,±6%,13.0,25.0,"מדד ת""א 125 30% 55% s&p500 15% AC MSCI",,page1,2026-10-01T03:15:46+00:00,https://www.ami-gml.co.il/wp-content/uploads/2026/07/67124ImageFile3.pdf,policy/companies/520042581/raw/520042581/eb7a83c38af8_67124ImageFile3.pdf,page1
520042581,,,520042581|page1|מסלול אשראי ואג ח עד 25% מניות,גמל להשקעה - מסלול אשראי ואג ח עד 25% מניות,2025,"אג""ח ממשלתי",,30.02,30.0,±5%,25.0,35.0,ממשלתי שקלי 2-5 שנים 50% ממשלתי צמוד 2-5 שנים 50%,,page1,2026-10-01T03:15:46+00:00,https://www.ami-gml.co.il/wp-content/uploads/2026/07/67124ImageFile3.pdf,policy/companies/520042581/raw/520042581/eb7a83c38af8_67124ImageFile3.pdf,page1
520042581,,,520042581|page1|מסלול אשראי ואג ח עד 25% מניות,גמל להשקעה - מסלול אשראי ואג ח עד 25% מניות,2025,"אג""ח קונצרני (כולל קרנות נאמנות,
תעודות סל)",,41.12,41.0,±6%,35.0,47.0,מדד תל בונד 60 - 40% תל בונד שקלי 50 - 40% liquid usd iboxx Market 20% 30 top grade investment,,page1,2026-10-01T03:15:46+00:00,https://www.ami-gml.co.il/wp-content/uploads/2026/07/67124ImageFile3.pdf,policy/companies/520042581/raw/520042581/eb7a83c38af8_67124ImageFile3.pdf,page1
520042581,,,520042581|page1|מסלול אשראי ואג ח עד 25% מניות,גמל להשקעה - מסלול אשראי ואג ח עד 25% מניות,2025,אחר,,,0.0,±5%,0.0,5.0,70% AC MSCI High Liquid USD iBoxx Markit 30% Index Yield,,page1,2026-10-01T03:15:46+00:00,https://www.ami-gml.co.il/wp-content/uploads/2026/07/67124ImageFile3.pdf,policy/companies/520042581/raw/520042581/eb7a83c38af8_67124ImageFile3.pdf,page1
520042581,,,520042581|page1|מסלול אשראי ואג ח עד 25% מניות,גמל להשקעה - מסלול אשראי ואג ח עד 25% מניות,2025,מזומנים,,6.34,10.0,±5%,5.0,15.0,ריבית בנק ישראל,,page1,2026-10-01T03:15:46+00:00,https://www.ami-gml.co.il/wp-content/uploads/2026/07/67124ImageFile3.pdf,policy/companies/520042581/raw/520042581/eb7a83c38af8_67124ImageFile3.pdf,page1
520042581,,,520042581|page1|מסלול אשראי ואג ח עד 25% מניות,גמל להשקעה - מסלול אשראי ואג ח עד 25% מניות,2025,"חשיפה למט""ח",fx,15.78,17.0,±6%,11.0,23.0,דולר,,page1,2026-10-01T03:15:46+00:00,https://www.ami-gml.co.il/wp-content/uploads/2026/07/67124ImageFile3.pdf,policy/companies/520042581/raw/520042581/eb7a83c38af8_67124ImageFile3.pdf,page1
520042581,,,520042581|page1|מסלול אשראי ואג ח עד 25% מניות,גמל להשקעה - מסלול אשראי ואג ח עד 25% מניות,2024,"מניות )כולל תעודות סל, אופציות, קרנות נאמנות
מנייתיות וחוזים עתידיים(",equity,15.0,14.0,±6%,8.0,20.0,"מדד ת""א 125 - 30% 70% - AC MSCI",,page1,2026-10-01T03:15:46+00:00,https://www.ami-gml.co.il/wp-content/uploads/2026/07/60632ImageFile3.pdf,policy/companies/520042581/raw/520042581/80a10c0239a3_60632ImageFile3.pdf,page1
520042581,,,520042581|page1|מסלול אשראי ואג ח עד 25% מניות,גמל להשקעה - מסלול אשראי ואג ח עד 25% מניות,2024,"אג""ח ממשלתי",,32.0,31.0,±5%,26.0,36.0,ממשלתי שקלי 2-5 שנים- 50% ממשלתי צמוד 2-5 שנים - 50%,,page1,2026-10-01T03:15:46+00:00,https://www.ami-gml.co.il/wp-content/uploads/2026/07/60632ImageFile3.pdf,policy/companies/520042581/raw/520042581/80a10c0239a3_60632ImageFile3.pdf,page1
520042581,,,520042581|page1|מסלול אשראי ואג ח עד 25% מניות,גמל להשקעה - מסלול אשראי ואג ח עד 25% מניות,2024,"אג""ח קונצרני )כולל קרנות נאמנות, תעודות סל(",,45.0,45.0,±6%,39.0,51.0,מדד תל בונד 60 - 50% תל בונד שקלי - 50%,,page1,2026-10-01T03:15:46+00:00,https://www.ami-gml.co.il/wp-content/uploads/2026/07/60632ImageFile3.pdf,policy/companies/520042581/raw/520042581/80a10c0239a3_60632ImageFile3.pdf,page1
520042581,,,520042581|page1|מסלול אשראי ואג ח עד 25% מניות,גמל להשקעה - מסלול אשראי ואג ח עד 25% מניות,2024,אחר,,8.0,0.0,±5%,0.0,5.0,,,page1,2026-10-01T03:15:46+00:00,https://www.ami-gml.co.il/wp-content/uploads/2026/07/60632ImageFile3.pdf,policy/companies/520042581/raw/520042581/80a10c0239a3_60632ImageFile3.pdf,page1
520042581,,,520042581|page1|מסלול אשראי ואג ח עד 25% מניות,גמל להשקעה - מסלול אשראי ואג ח עד 25% מניות,2024,מזומנים,,100.0,10.0,±5%,5.0,15.0,,,page1,2026-10-01T03:15:46+00:00,https://www.ami-gml.co.il/wp-content/uploads/2026/07/60632ImageFile3.pdf,policy/companies/520042581/raw/520042581/80a10c0239a3_60632ImageFile3.pdf,page1
520042581,,,520042581|page1|מסלול אשראי ואג ח עד 25% מניות,גמל להשקעה - מסלול אשראי ואג ח עד 25% מניות,2024,"חשיפה למט""ח",fx,,10.0,±6%,4.0,16.0,,,page1,2026-10-01T03:15:46+00:00,https://www.ami-gml.co.il/wp-content/uploads/2026/07/60632ImageFile3.pdf,policy/companies/520042581/raw/520042581/80a10c0239a3_60632ImageFile3.pdf,page1
520042581,,,520042581|page1|מסלול מתמחה משולב אג ח עד 25% מניות,גמל להשקעה - מסלול מתמחה משולב אג ח עד 25% מניות,2024,"מניות )כולל תעודות סל, אופציות, קרנות נאמנות
מנייתיות וחוזים עתידיים(",equity,15.0,19.0,±6%,13.0,25.0,"מדד ת""א 125 - 30% 70% - AC MSCI",,page1,2026-10-01T03:15:46+00:00,https://www.ami-gml.co.il/wp-content/uploads/2026/07/66819ImageFile3.pdf,policy/companies/520042581/raw/520042581/a0036bc56a13_66819ImageFile3.pdf,page1
520042581,,,520042581|page1|מסלול מתמחה משולב אג ח עד 25% מניות,גמל להשקעה - מסלול מתמחה משולב אג ח עד 25% מניות,2024,"אג""ח ממשלתי",,32.0,29.0,±5%,24.0,34.0,ממשלתי שקלי 2-5 שנים- 50% ממשלתי צמוד 2-5 שנים - 50%,,page1,2026-10-01T03:15:46+00:00,https://www.ami-gml.co.il/wp-content/uploads/2026/07/66819ImageFile3.pdf,policy/companies/520042581/raw/520042581/a0036bc56a13_66819ImageFile3.pdf,page1
520042581,,,520042581|page1|מסלול מתמחה משולב אג ח עד 25% מניות,גמל להשקעה - מסלול מתמחה משולב אג ח עד 25% מניות,2024,"אג""ח קונצרני )כולל קרנות נאמנות, תעודות סל(",,45.0,42.0,±6%,36.0,48.0,מדד תל בונד 60 - 50% תל בונד שקלי - 50%,,page1,2026-10-01T03:15:46+00:00,https://www.ami-gml.co.il/wp-content/uploads/2026/07/66819ImageFile3.pdf,policy/companies/520042581/raw/520042581/a0036bc56a13_66819ImageFile3.pdf,page1
520042581,,,520042581|page1|מסלול מתמחה משולב אג ח עד 25% מניות,גמל להשקעה - מסלול מתמחה משולב אג ח עד 25% מניות,2024,אחר,,0.0,0.0,±5%,0.0,5.0,,,page1,2026-10-01T03:15:46+00:00,https://www.ami-gml.co.il/wp-content/uploads/2026/07/66819ImageFile3.pdf,policy/companies/520042581/raw/520042581/a0036bc56a13_66819ImageFile3.pdf,page1
520042581,,,520042581|page1|מסלול מתמחה משולב אג ח עד 25% מניות,גמל להשקעה - מסלול מתמחה משולב אג ח עד 25% מניות,2024,מזומנים,,8.0,10.0,±5%,5.0,15.0,,,page1,2026-10-01T03:15:46+00:00,https://www.ami-gml.co.il/wp-content/uploads/2026/07/66819ImageFile3.pdf,policy/companies/520042581/raw/520042581/a0036bc56a13_66819ImageFile3.pdf,page1
520042581,,,520042581|page1|מסלול מתמחה משולב אג ח עד 25% מניות,גמל להשקעה - מסלול מתמחה משולב אג ח עד 25% מניות,2024,"חשיפה למט""ח",fx,10.0,15.0,±6%,9.0,16.0,דולר,,page1,2026-10-01T03:15:46+00:00,https://www.ami-gml.co.il/wp-content/uploads/2026/07/66819ImageFile3.pdf,policy/companies/520042581/raw/520042581/a0036bc56a13_66819ImageFile3.pdf,page1
520042581,,,520042581|page1|מסלול מתמחה משולב אג ח עד 20% מניות,גמל להשקעה - מסלול מתמחה משולב אג ח עד 20% מניות,2023,"מניות )כולל תעודות סל, אופציות, קרנות
נאמנות מנייתיות וחוזים עתידיים(",equity,18.91,14.0,±6%,8.0,20.0,"מדד ת""א 125 - 40% 60% - AC MSCI",,page1,2026-10-01T03:15:46+00:00,https://www.ami-gml.co.il/wp-content/uploads/2026/07/60010ImageFile3.pdf,policy/companies/520042581/raw/520042581/53aaaf65f50e_60010ImageFile3.pdf,page1
520042581,,,520042581|page1|מסלול מתמחה משולב אג ח עד 20% מניות,גמל להשקעה - מסלול מתמחה משולב אג ח עד 20% מניות,2023,"אג""ח ממשלתי",,30.09,31.0,±5%,36.0,46.0,ממשלתי שקלי 2-5 שנים- 50% ממשלתי צמוד 2-5 שנים - 50%,,page1,2026-10-01T03:15:46+00:00,https://www.ami-gml.co.il/wp-content/uploads/2026/07/60010ImageFile3.pdf,policy/companies/520042581/raw/520042581/53aaaf65f50e_60010ImageFile3.pdf,page1
520042581,,,520042581|page1|מסלול מתמחה משולב אג ח עד 20% מניות,גמל להשקעה - מסלול מתמחה משולב אג ח עד 20% מניות,2023,"אג""ח קונצרני )כולל קרנות נאמנות, תעודות סל(",,44.98,45.0,±6%,39.0,51.0,מדד תל בונד 60 - 50% תל בונד שקלי - 50%,,page1,2026-10-01T03:15:46+00:00,https://www.ami-gml.co.il/wp-content/uploads/2026/07/60010ImageFile3.pdf,policy/companies/520042581/raw/520042581/53aaaf65f50e_60010ImageFile3.pdf,page1
520042581,,,520042581|page1|מסלול מתמחה משולב אג ח עד 20% מניות,גמל להשקעה - מסלול מתמחה משולב אג ח עד 20% מניות,2023,אחר,,0.0,0.0,±5%,0.0,5.0,,,page1,2026-10-01T03:15:46+00:00,https://www.ami-gml.co.il/wp-content/uploads/2026/07/60010ImageFile3.pdf,policy/companies/520042581/raw/520042581/53aaaf65f50e_60010ImageFile3.pdf,page1
520042581,,,520042581|page1|מסלול מתמחה משולב אג ח עד 20% מניות,גמל להשקעה - מסלול מתמחה משולב אג ח עד 20% מניות,2023,מזומנים,,6.02,10.0,±5%,5.0,15.0,,,page1,2026-10-01T03:15:46+00:00,https://www.ami-gml.co.il/wp-content/uploads/2026/07/60010ImageFile3.pdf,policy/companies/520042581/raw/520042581/53aaaf65f50e_60010ImageFile3.pdf,page1
520042581,,,520042581|page1|מסלול מתמחה משולב אג ח עד 20% מניות,גמל להשקעה - מסלול מתמחה משולב אג ח עד 20% מניות,2023,"חשיפה למט""ח",fx,,10.0,±6%,4.0,16.0,,,page1,2026-10-01T03:15:46+00:00,https://www.ami-gml.co.il/wp-content/uploads/2026/07/60010ImageFile3.pdf,policy/companies/520042581/raw/520042581/53aaaf65f50e_60010ImageFile3.pdf,page1
520042581,,,520042581|page1|מסלול מניות,גמל להשקעה - מסלול מניות,2026,"מניות (תעודות סל, אופציות, קרנות נאמנות)",equity,94.5,94.0,6% +/-,88.0,100.0,"מדד ת""א 90 35% 65% AC MSCI",,page1,2026-10-01T03:15:46+00:00,https://www.ami-gml.co.il/wp-content/uploads/2026/07/67209ImageFile3.pdf,policy/companies/520042581/raw/520042581/bd062a2947b9_67209ImageFile3.pdf,page1
520042581,,,520042581|page1|מסלול מניות,גמל להשקעה - מסלול מניות,2026,"אג""ח ממשלתי",,0.0,1.0,5% +/-,0.0,6.0,ממשלתי שקלי 2-5 שנים 50% ממשלתי צמוד 2-5 שנים 50%,,page1,2026-10-01T03:15:46+00:00,https://www.ami-gml.co.il/wp-content/uploads/2026/07/67209ImageFile3.pdf,policy/companies/520042581/raw/520042581/bd062a2947b9_67209ImageFile3.pdf,page1
520042581,,,520042581|page1|מסלול מניות,גמל להשקעה - מסלול מניות,2026,"אג""ח קונצרני (קרנות נאמנות, תעודות סל)",,0.0,0.0,6% +/-,0.0,6.0,מדד תל בונד 60 - 45% תל בונד שקלי 50 - 45% grade investment liquid usd iboxx Market 10% 30 top,,page1,2026-10-01T03:15:46+00:00,https://www.ami-gml.co.il/wp-content/uploads/2026/07/67209ImageFile3.pdf,policy/companies/520042581/raw/520042581/bd062a2947b9_67209ImageFile3.pdf,page1
520042581,,,520042581|page1|מסלול מניות,גמל להשקעה - מסלול מניות,2026,"אחר (קרנות השקעה פרטיות, קרנות נדלן,
מכשירים מובנים)*",,0.0,0.0,5% +/-,0.0,5.0,"ת""א 125 15% תל בונד שיקלי 50 15% 50% AC MSCI Index Yield High Liquid USD iBoxx Markit 20%",,page1,2026-10-01T03:15:46+00:00,https://www.ami-gml.co.il/wp-content/uploads/2026/07/67209ImageFile3.pdf,policy/companies/520042581/raw/520042581/bd062a2947b9_67209ImageFile3.pdf,page1
520042581,,,520042581|page1|מסלול מניות,גמל להשקעה - מסלול מניות,2026,"עו""ש פר""י פק""מ**",,5.5,5.0,6% +/-,0.0,11.0,ריבית בנק ישראל,,page1,2026-10-01T03:15:46+00:00,https://www.ami-gml.co.il/wp-content/uploads/2026/07/67209ImageFile3.pdf,policy/companies/520042581/raw/520042581/bd062a2947b9_67209ImageFile3.pdf,page1
520042581,,,520042581|page1|מסלול מניות,גמל להשקעה - מסלול מניות,2026,"סה""כ***",,100.0,100.0,,,,,,page1,2026-10-01T03:15:46+00:00,https://www.ami-gml.co.il/wp-content/uploads/2026/07/67209ImageFile3.pdf,policy/companies/520042581/raw/520042581/bd062a2947b9_67209ImageFile3.pdf,page1
520042581,,,520042581|page1|מסלול מניות,גמל להשקעה - מסלול מניות,2026,"חשיפה למט""ח",fx,28.0,28.0,6% +/-,22.0,34.0,דולר,,page1,2026-10-01T03:15:46+00:00,https://www.ami-gml.co.il/wp-content/uploads/2026/07/67209ImageFile3.pdf,policy/companies/520042581/raw/520042581/bd062a2947b9_67209ImageFile3.pdf,page1
520042581,,,520042581|page1|מסלול מניות,גמל להשקעה - מסלול מניות,2025,"מניות (תעודות סל, אופציות, קרנות
נאמנות)",equity,94.36,95.0,6% +/-,89.0,100.0,"מדד ת""א 125 30% 55% s&p500 15% AC MSCI",,page1,2026-10-01T03:15:46+00:00,https://www.ami-gml.co.il/wp-content/uploads/2026/07/67125ImageFile3.pdf,policy/companies/520042581/raw/520042581/aeb486e3f1de_67125ImageFile3.pdf,page1
520042581,,,520042581|page1|מסלול מניות,גמל להשקעה - מסלול מניות,2025,"אג""ח ממשלתי",,0.0,0.0,5% +/-,0.0,5.0,ממשלתי שקלי 2-5 שנים 50% ממשלתי צמוד 2-5 שנים 50%,,page1,2026-10-01T03:15:46+00:00,https://www.ami-gml.co.il/wp-content/uploads/2026/07/67125ImageFile3.pdf,policy/companies/520042581/raw/520042581/aeb486e3f1de_67125ImageFile3.pdf,page1
520042581,,,520042581|page1|מסלול מניות,גמל להשקעה - מסלול מניות,2025,"אג""ח קונצרני (קרנות נאמנות, תעודות סל)",,0.0,0.0,6% +/-,0.0,6.0,מדד תל בונד 60 - 40% תל בונד שקלי 50 - 40% liquid usd iboxx Market,,page1,2026-10-01T03:15:46+00:00,https://www.ami-gml.co.il/wp-content/uploads/2026/07/67125ImageFile3.pdf,policy/companies/520042581/raw/520042581/aeb486e3f1de_67125ImageFile3.pdf,page1
520042581,,,520042581|page1|מסלול מניות,גמל להשקעה - מסלול מניות,2025,"אחר (קרנות השקעה פרטיות, קרנות נדלן,
מכשירים מובנים)*",,0.0,0.0,5% +/-,0.0,5.0,70% AC MSCI Liquid USD iBoxx Markit 30% Index Yield High,,page1,2026-10-01T03:15:46+00:00,https://www.ami-gml.co.il/wp-content/uploads/2026/07/67125ImageFile3.pdf,policy/companies/520042581/raw/520042581/aeb486e3f1de_67125ImageFile3.pdf,page1
520042581,,,520042581|page1|מסלול מניות,גמל להשקעה - מסלול מניות,2025,"עו""ש פר""י פק""מ**",,5.64,5.0,6% +/-,0.0,11.0,ריבית בנק ישראל,,page1,2026-10-01T03:15:46+00:00,https://www.ami-gml.co.il/wp-content/uploads/2026/07/67125ImageFile3.pdf,policy/companies/520042581/raw/520042581/aeb486e3f1de_67125ImageFile3.pdf,page1
520042581,,,520042581|page1|מסלול מניות,גמל להשקעה - מסלול מניות,2025,"סה""כ***",,100.0,100.0,,,,,,page1,2026-10-01T03:15:46+00:00,https://www.ami-gml.co.il/wp-content/uploads/2026/07/67125ImageFile3.pdf,policy/companies/520042581/raw/520042581/aeb486e3f1de_67125ImageFile3.pdf,page1
520042581,,,520042581|page1|מסלול מניות,גמל להשקעה - מסלול מניות,2025,"חשיפה למט""ח",fx,30.76,33.0,6% +/-,27.0,39.0,דולר,,page1,2026-10-01T03:15:46+00:00,https://www.ami-gml.co.il/wp-content/uploads/2026/07/67125ImageFile3.pdf,policy/companies/520042581/raw/520042581/aeb486e3f1de_67125ImageFile3.pdf,page1
520042581,,,520042581|page1|מסלול מניות,גמל להשקעה - מסלול מניות,2024,"מניות )תעודות סל, אופציות, קרנות נאמנות(",equity,91.0,94.0,6% +/-,88.0,100.0,"מדד ת""א 125 - 30% 70% - AC MSCI",,page1,2026-10-01T03:15:46+00:00,https://www.ami-gml.co.il/wp-content/uploads/2026/07/66821ImageFile3.pdf,policy/companies/520042581/raw/520042581/82aa654954e2_66821ImageFile3.pdf,page1
520042581,,,520042581|page1|מסלול מניות,גמל להשקעה - מסלול מניות,2024,"אג""ח ממשלתי",,0.0,0.0,5% +/-,0.0,5.0,"מק""מ",,page1,2026-10-01T03:15:46+00:00,https://www.ami-gml.co.il/wp-content/uploads/2026/07/66821ImageFile3.pdf,policy/companies/520042581/raw/520042581/82aa654954e2_66821ImageFile3.pdf,page1
520042581,,,520042581|page1|מסלול מניות,גמל להשקעה - מסלול מניות,2024,"אג""ח קונצרני )קרנות נאמנות, תעודות סל(",,0.0,0.0,6% +/-,0.0,6.0,מדד תל בונד 60 - 50% תל בונד שקלי - 50%,,page1,2026-10-01T03:15:46+00:00,https://www.ami-gml.co.il/wp-content/uploads/2026/07/66821ImageFile3.pdf,policy/companies/520042581/raw/520042581/82aa654954e2_66821ImageFile3.pdf,page1
520042581,,,520042581|page1|מסלול מניות,גמל להשקעה - מסלול מניות,2024,"אחר )קרנות השקעה פרטיות, קרנות נדלן, מכשירים מובנים(*",,0.0,0.0,5% +/-,0.0,5.0,,,page1,2026-10-01T03:15:46+00:00,https://www.ami-gml.co.il/wp-content/uploads/2026/07/66821ImageFile3.pdf,policy/companies/520042581/raw/520042581/82aa654954e2_66821ImageFile3.pdf,page1
520042581,,,520042581|page1|מסלול מניות,גמל להשקעה - מסלול מניות,2024,"עו""ש פר""י פק""מ**",,9.0,6.0,6% +/-,1.0,11.0,,,page1,2026-10-01T03:15:46+00:00,https://www.ami-gml.co.il/wp-content/uploads/2026/07/66821ImageFile3.pdf,policy/companies/520042581/raw/520042581/82aa654954e2_66821ImageFile3.pdf,page1
520042581,,,520042581|page1|מסלול מניות,גמל להשקעה - מסלול מניות,2024,"סה""כ***",,100.0,100.0,,,,,,page1,2026-10-01T03:15:46+00:00,https://www.ami-gml.co.il/wp-content/uploads/2026/07/66821ImageFile3.pdf,policy/companies/520042581/raw/520042581/82aa654954e2_66821ImageFile3.pdf,page1
520042581,,,520042581|page1|מסלול מניות,גמל להשקעה - מסלול מניות,2024,"חשיפה למט""ח",fx,29.0,30.0,6% +/-,24.0,36.0,דולר,,page1,2026-10-01T03:15:46+00:00,https://www.ami-gml.co.il/wp-content/uploads/2026/07/66821ImageFile3.pdf,policy/companies/520042581/raw/520042581/82aa654954e2_66821ImageFile3.pdf,page1
