legal_id,fund_id,track_no,track_code,track_name,year,asset,asset_key,current_pct,expected_pct,tolerance,min_pct,max_pct,benchmark,policy_text,group,doc_first_seen,url,doc_file,sheet
513621110,,,513621110|גמל|קידוד,קידוד,2025,"מניות (תעודות סל, אופציות, קרנות נאמנות)",equity,55.44,53.0,6% -/+,47.0,59.0,"50% ת""א 125, 50% MSCI WORLD ALL COUNTRY",,גמל,2026-09-30T22:27:25+00:00,https://infinity.co.il/wp-content/uploads/2025/10/עותק-של-מדיניות-השקעה-מוצהרת-אתר-החברה-15.9.25-1.xls,policy/companies/513621110/raw/513621110/799a66317208_עותק-של-מדיניות-השקעה-מוצהרת-אתר-החברה-15.9.25-1.xls,גמל
513621110,,,513621110|גמל|קידוד,קידוד,2025,"אג""ח ממשלתי (לרבות מק""מ בנק ישראל)",,19.57,18.0,5% -/+,13.0,23.0,"50% ממשלתי שקלי 2-5, 50% ממשלתי צמוד 2-5",,גמל,2026-09-30T22:27:25+00:00,https://infinity.co.il/wp-content/uploads/2025/10/עותק-של-מדיניות-השקעה-מוצהרת-אתר-החברה-15.9.25-1.xls,policy/companies/513621110/raw/513621110/799a66317208_עותק-של-מדיניות-השקעה-מוצהרת-אתר-החברה-15.9.25-1.xls,גמל
513621110,,,513621110|גמל|קידוד,קידוד,2025,"אג""ח חברות (קרנות נאמנות, תעודות סל ואג""ח קונצרני לא סחיר)",,23.06,23.0,6% -/+,17.0,29.0,"50% תל בונד 60, 50% תל בונד שקלי",,גמל,2026-09-30T22:27:25+00:00,https://infinity.co.il/wp-content/uploads/2025/10/עותק-של-מדיניות-השקעה-מוצהרת-אתר-החברה-15.9.25-1.xls,policy/companies/513621110/raw/513621110/799a66317208_עותק-של-מדיניות-השקעה-מוצהרת-אתר-החברה-15.9.25-1.xls,גמל
513621110,,,513621110|גמל|קידוד,קידוד,2025,"אחר (קרנות השקעה, פקדונות  והלוואות לעמיתים)",,0.18,5.0,5% -/+,0.0,10.0,"מק""מ (לשנה)",,גמל,2026-09-30T22:27:25+00:00,https://infinity.co.il/wp-content/uploads/2025/10/עותק-של-מדיניות-השקעה-מוצהרת-אתר-החברה-15.9.25-1.xls,policy/companies/513621110/raw/513621110/799a66317208_עותק-של-מדיניות-השקעה-מוצהרת-אתר-החברה-15.9.25-1.xls,גמל
513621110,,,513621110|גמל|קידוד,קידוד,2025,מזומן,,1.74,1.0,5% -/+,0.0,6.0,"מק""מ (לשנה)",,גמל,2026-09-30T22:27:25+00:00,https://infinity.co.il/wp-content/uploads/2025/10/עותק-של-מדיניות-השקעה-מוצהרת-אתר-החברה-15.9.25-1.xls,policy/companies/513621110/raw/513621110/799a66317208_עותק-של-מדיניות-השקעה-מוצהרת-אתר-החברה-15.9.25-1.xls,גמל
513621110,,,513621110|גמל|קידוד,קידוד,2025,"חשיפה למט""ח",fx,23.1,21.0,6% -/+,15.0,27.0,ערכי מטבע,,גמל,2026-09-30T22:27:25+00:00,https://infinity.co.il/wp-content/uploads/2025/10/עותק-של-מדיניות-השקעה-מוצהרת-אתר-החברה-15.9.25-1.xls,policy/companies/513621110/raw/513621110/799a66317208_עותק-של-מדיניות-השקעה-מוצהרת-אתר-החברה-15.9.25-1.xls,גמל
513621110,,,513621110|גמל|קידוד,קידוד,2025,מגבלת עמלת ניהול חיצוני בשנת 2025,,0.25,,,,,,,גמל,2026-09-30T22:27:25+00:00,https://infinity.co.il/wp-content/uploads/2025/10/עותק-של-מדיניות-השקעה-מוצהרת-אתר-החברה-15.9.25-1.xls,policy/companies/513621110/raw/513621110/799a66317208_עותק-של-מדיניות-השקעה-מוצהרת-אתר-החברה-15.9.25-1.xls,גמל
513621110,,,513621110|גמל|קידוד,קידוד,2025,"מניות (תעודות סל, אופציות, קרנות נאמנות)",equity,48.54,48.0,6% -/+,42.0,54.0,"50% ת""א 125, 50% MSCI WORLD ALL COUNTRY",,גמל,2026-09-30T22:27:25+00:00,https://infinity.co.il/wp-content/uploads/2025/10/עותק-של-מדיניות-השקעה-מוצהרת-אתר-החברה-15.9.25-1.xls,policy/companies/513621110/raw/513621110/799a66317208_עותק-של-מדיניות-השקעה-מוצהרת-אתר-החברה-15.9.25-1.xls,גמל
513621110,,,513621110|גמל|קידוד,קידוד,2025,"אג""ח ממשלתי (לרבות מק""מ בנק ישראל)",,22.75,24.0,5% -/+,19.0,29.0,"50% ממשלתי שקלי 2-5, 50% ממשלתי צמוד 2-5",,גמל,2026-09-30T22:27:25+00:00,https://infinity.co.il/wp-content/uploads/2025/10/עותק-של-מדיניות-השקעה-מוצהרת-אתר-החברה-15.9.25-1.xls,policy/companies/513621110/raw/513621110/799a66317208_עותק-של-מדיניות-השקעה-מוצהרת-אתר-החברה-15.9.25-1.xls,גמל
513621110,,,513621110|גמל|קידוד,קידוד,2025,"אג""ח חברות (קרנות נאמנות, תעודות סל ואג""ח קונצרני לא סחיר)",,24.3,25.0,6% -/+,19.0,31.0,"50% תל בונד 60, 50% תל בונד שקלי",,גמל,2026-09-30T22:27:25+00:00,https://infinity.co.il/wp-content/uploads/2025/10/עותק-של-מדיניות-השקעה-מוצהרת-אתר-החברה-15.9.25-1.xls,policy/companies/513621110/raw/513621110/799a66317208_עותק-של-מדיניות-השקעה-מוצהרת-אתר-החברה-15.9.25-1.xls,גמל
513621110,,,513621110|גמל|קידוד,קידוד,2025,"אחר (קרנות השקעה, פקדונות  והלוואות לעמיתים)",,1.64,2.0,5% -/+,0.0,7.0,"מק""מ (לשנה)",,גמל,2026-09-30T22:27:25+00:00,https://infinity.co.il/wp-content/uploads/2025/10/עותק-של-מדיניות-השקעה-מוצהרת-אתר-החברה-15.9.25-1.xls,policy/companies/513621110/raw/513621110/799a66317208_עותק-של-מדיניות-השקעה-מוצהרת-אתר-החברה-15.9.25-1.xls,גמל
513621110,,,513621110|גמל|קידוד,קידוד,2025,מזומן,,2.74,1.0,5% -/+,0.0,6.0,"מק""מ (לשנה)",,גמל,2026-09-30T22:27:25+00:00,https://infinity.co.il/wp-content/uploads/2025/10/עותק-של-מדיניות-השקעה-מוצהרת-אתר-החברה-15.9.25-1.xls,policy/companies/513621110/raw/513621110/799a66317208_עותק-של-מדיניות-השקעה-מוצהרת-אתר-החברה-15.9.25-1.xls,גמל
513621110,,,513621110|גמל|קידוד,קידוד,2025,"חשיפה למט""ח",fx,24.24,21.0,6% -/+,15.0,27.0,ערכי מטבע,,גמל,2026-09-30T22:27:25+00:00,https://infinity.co.il/wp-content/uploads/2025/10/עותק-של-מדיניות-השקעה-מוצהרת-אתר-החברה-15.9.25-1.xls,policy/companies/513621110/raw/513621110/799a66317208_עותק-של-מדיניות-השקעה-מוצהרת-אתר-החברה-15.9.25-1.xls,גמל
513621110,,,513621110|גמל|קידוד,קידוד,2025,מגבלת עמלת ניהול חיצוני בשנת 2025,,0.25,,,,,,,גמל,2026-09-30T22:27:25+00:00,https://infinity.co.il/wp-content/uploads/2025/10/עותק-של-מדיניות-השקעה-מוצהרת-אתר-החברה-15.9.25-1.xls,policy/companies/513621110/raw/513621110/799a66317208_עותק-של-מדיניות-השקעה-מוצהרת-אתר-החברה-15.9.25-1.xls,גמל
513621110,,,513621110|גמל|קידוד,קידוד,2025,"מניות (תעודות סל, אופציות, קרנות נאמנות)",equity,34.89,30.0,6% -/+,24.0,36.0,"50% ת""א 125, 50% MSCI WORLD ALL COUNTRY",,גמל,2026-09-30T22:27:25+00:00,https://infinity.co.il/wp-content/uploads/2025/10/עותק-של-מדיניות-השקעה-מוצהרת-אתר-החברה-15.9.25-1.xls,policy/companies/513621110/raw/513621110/799a66317208_עותק-של-מדיניות-השקעה-מוצהרת-אתר-החברה-15.9.25-1.xls,גמל
513621110,,,513621110|גמל|קידוד,קידוד,2025,"אג""ח ממשלתי (לרבות מק""מ בנק ישראל)",,31.91,30.0,5% -/+,25.0,35.0,"50% ממשלתי שקלי 2-5, 50% ממשלתי צמוד 2-5",,גמל,2026-09-30T22:27:25+00:00,https://infinity.co.il/wp-content/uploads/2025/10/עותק-של-מדיניות-השקעה-מוצהרת-אתר-החברה-15.9.25-1.xls,policy/companies/513621110/raw/513621110/799a66317208_עותק-של-מדיניות-השקעה-מוצהרת-אתר-החברה-15.9.25-1.xls,גמל
513621110,,,513621110|גמל|קידוד,קידוד,2025,"אג""ח חברות (קרנות נאמנות, תעודות סל ואג""ח קונצרני לא סחיר)",,30.3,34.0,6% -/+,28.0,40.0,"50% תל בונד 60, 50% תל בונד שקלי",,גמל,2026-09-30T22:27:25+00:00,https://infinity.co.il/wp-content/uploads/2025/10/עותק-של-מדיניות-השקעה-מוצהרת-אתר-החברה-15.9.25-1.xls,policy/companies/513621110/raw/513621110/799a66317208_עותק-של-מדיניות-השקעה-מוצהרת-אתר-החברה-15.9.25-1.xls,גמל
513621110,,,513621110|גמל|קידוד,קידוד,2025,"אחר (קרנות השקעה, פקדונות  והלוואות לעמיתים)",,0.0,5.0,5% -/+,0.0,10.0,"מק""מ (לשנה)",,גמל,2026-09-30T22:27:25+00:00,https://infinity.co.il/wp-content/uploads/2025/10/עותק-של-מדיניות-השקעה-מוצהרת-אתר-החברה-15.9.25-1.xls,policy/companies/513621110/raw/513621110/799a66317208_עותק-של-מדיניות-השקעה-מוצהרת-אתר-החברה-15.9.25-1.xls,גמל
513621110,,,513621110|גמל|קידוד,קידוד,2025,מזומן,,2.9,1.0,5% -/+,0.0,6.0,"מק""מ (לשנה)",,גמל,2026-09-30T22:27:25+00:00,https://infinity.co.il/wp-content/uploads/2025/10/עותק-של-מדיניות-השקעה-מוצהרת-אתר-החברה-15.9.25-1.xls,policy/companies/513621110/raw/513621110/799a66317208_עותק-של-מדיניות-השקעה-מוצהרת-אתר-החברה-15.9.25-1.xls,גמל
513621110,,,513621110|גמל|קידוד,קידוד,2025,"חשיפה למט""ח",fx,14.73,10.0,6% -/+,4.0,16.0,ערכי מטבע,,גמל,2026-09-30T22:27:25+00:00,https://infinity.co.il/wp-content/uploads/2025/10/עותק-של-מדיניות-השקעה-מוצהרת-אתר-החברה-15.9.25-1.xls,policy/companies/513621110/raw/513621110/799a66317208_עותק-של-מדיניות-השקעה-מוצהרת-אתר-החברה-15.9.25-1.xls,גמל
513621110,,,513621110|גמל|קידוד,קידוד,2025,מגבלת עמלת ניהול חיצוני בשנת 2025,,0.25,,,,,,,גמל,2026-09-30T22:27:25+00:00,https://infinity.co.il/wp-content/uploads/2025/10/עותק-של-מדיניות-השקעה-מוצהרת-אתר-החברה-15.9.25-1.xls,policy/companies/513621110/raw/513621110/799a66317208_עותק-של-מדיניות-השקעה-מוצהרת-אתר-החברה-15.9.25-1.xls,גמל
513621110,,,513621110|גמל|קידוד,קידוד,2025,"מניות (תעודות סל, אופציות, קרנות נאמנות)",equity,9.88,6.0,6% -/+,0.0,12.0,"50% ת""א 125, 50% MSCI WORLD ALL COUNTRY",,גמל,2026-09-30T22:27:25+00:00,https://infinity.co.il/wp-content/uploads/2025/10/עותק-של-מדיניות-השקעה-מוצהרת-אתר-החברה-15.9.25-1.xls,policy/companies/513621110/raw/513621110/799a66317208_עותק-של-מדיניות-השקעה-מוצהרת-אתר-החברה-15.9.25-1.xls,גמל
513621110,,,513621110|גמל|קידוד,קידוד,2025,"אג""ח ממשלתי (לרבות מק""מ בנק ישראל)",,40.58,44.0,5% -/+,39.0,49.0,"50% ממשלתי שקלי 2-5, 50% ממשלתי צמוד 2-5",,גמל,2026-09-30T22:27:25+00:00,https://infinity.co.il/wp-content/uploads/2025/10/עותק-של-מדיניות-השקעה-מוצהרת-אתר-החברה-15.9.25-1.xls,policy/companies/513621110/raw/513621110/799a66317208_עותק-של-מדיניות-השקעה-מוצהרת-אתר-החברה-15.9.25-1.xls,גמל
513621110,,,513621110|גמל|קידוד,קידוד,2025,"אג""ח חברות (קרנות נאמנות, תעודות סל ואג""ח קונצרני לא סחיר)",,42.63,45.0,6% -/+,39.0,51.0,"50% תל בונד 60, 50% תל בונד שקלי",,גמל,2026-09-30T22:27:25+00:00,https://infinity.co.il/wp-content/uploads/2025/10/עותק-של-מדיניות-השקעה-מוצהרת-אתר-החברה-15.9.25-1.xls,policy/companies/513621110/raw/513621110/799a66317208_עותק-של-מדיניות-השקעה-מוצהרת-אתר-החברה-15.9.25-1.xls,גמל
513621110,,,513621110|גמל|קידוד,קידוד,2025,הלוואות לעמיתים,,5.37,4.0,5% -/+,0.0,9.0,"מק""מ (לשנה)",,גמל,2026-09-30T22:27:25+00:00,https://infinity.co.il/wp-content/uploads/2025/10/עותק-של-מדיניות-השקעה-מוצהרת-אתר-החברה-15.9.25-1.xls,policy/companies/513621110/raw/513621110/799a66317208_עותק-של-מדיניות-השקעה-מוצהרת-אתר-החברה-15.9.25-1.xls,גמל
513621110,,,513621110|גמל|קידוד,קידוד,2025,"אחר (קרנות השקעה, פקדונות)",,0.0,0.0,5% -/+,0.0,5.0,"מק""מ (לשנה)",,גמל,2026-09-30T22:27:25+00:00,https://infinity.co.il/wp-content/uploads/2025/10/עותק-של-מדיניות-השקעה-מוצהרת-אתר-החברה-15.9.25-1.xls,policy/companies/513621110/raw/513621110/799a66317208_עותק-של-מדיניות-השקעה-מוצהרת-אתר-החברה-15.9.25-1.xls,גמל
513621110,,,513621110|גמל|קידוד,קידוד,2025,מזומן,,1.53,1.0,5% -/+,0.0,6.0,"מק""מ (לשנה)",,גמל,2026-09-30T22:27:25+00:00,https://infinity.co.il/wp-content/uploads/2025/10/עותק-של-מדיניות-השקעה-מוצהרת-אתר-החברה-15.9.25-1.xls,policy/companies/513621110/raw/513621110/799a66317208_עותק-של-מדיניות-השקעה-מוצהרת-אתר-החברה-15.9.25-1.xls,גמל
513621110,,,513621110|גמל|קידוד,קידוד,2025,"חשיפה למט""ח",fx,10.7,6.0,6% -/+,0.0,12.0,ערכי מטבע,,גמל,2026-09-30T22:27:25+00:00,https://infinity.co.il/wp-content/uploads/2025/10/עותק-של-מדיניות-השקעה-מוצהרת-אתר-החברה-15.9.25-1.xls,policy/companies/513621110/raw/513621110/799a66317208_עותק-של-מדיניות-השקעה-מוצהרת-אתר-החברה-15.9.25-1.xls,גמל
513621110,,,513621110|גמל|קידוד,קידוד,2025,מגבלת עמלת ניהול חיצוני בשנת 2025,,0.25,,,,,,,גמל,2026-09-30T22:27:25+00:00,https://infinity.co.il/wp-content/uploads/2025/10/עותק-של-מדיניות-השקעה-מוצהרת-אתר-החברה-15.9.25-1.xls,policy/companies/513621110/raw/513621110/799a66317208_עותק-של-מדיניות-השקעה-מוצהרת-אתר-החברה-15.9.25-1.xls,גמל
513621110,,,513621110|גמל|קידוד,קידוד,2025,"מניות (תעודות סל, אופציות, קרנות נאמנות)",equity,0.0,0.0,6% -/+,0.0,6.0,"50% ת""א 125, 50% MSCI WORLD ALL COUNTRY",,גמל,2026-09-30T22:27:25+00:00,https://infinity.co.il/wp-content/uploads/2025/10/עותק-של-מדיניות-השקעה-מוצהרת-אתר-החברה-15.9.25-1.xls,policy/companies/513621110/raw/513621110/799a66317208_עותק-של-מדיניות-השקעה-מוצהרת-אתר-החברה-15.9.25-1.xls,גמל
513621110,,,513621110|גמל|קידוד,קידוד,2025,"אג""ח ממשלתי (לרבות מק""מ בנק ישראל)",,98.29,94.0,5% -/+,89.0,99.0,"50% ממשלתי שקלי 2-5, 50% ממשלתי צמוד 2-5",,גמל,2026-09-30T22:27:25+00:00,https://infinity.co.il/wp-content/uploads/2025/10/עותק-של-מדיניות-השקעה-מוצהרת-אתר-החברה-15.9.25-1.xls,policy/companies/513621110/raw/513621110/799a66317208_עותק-של-מדיניות-השקעה-מוצהרת-אתר-החברה-15.9.25-1.xls,גמל
513621110,,,513621110|גמל|קידוד,קידוד,2025,"אג""ח חברות (קרנות נאמנות, תעודות סל ואג""ח קונצרני לא סחיר)",,0.0,0.0,6% -/+,0.0,6.0,"50% תל בונד 60, 50% תל בונד שקלי",,גמל,2026-09-30T22:27:25+00:00,https://infinity.co.il/wp-content/uploads/2025/10/עותק-של-מדיניות-השקעה-מוצהרת-אתר-החברה-15.9.25-1.xls,policy/companies/513621110/raw/513621110/799a66317208_עותק-של-מדיניות-השקעה-מוצהרת-אתר-החברה-15.9.25-1.xls,גמל
513621110,,,513621110|גמל|קידוד,קידוד,2025,"אחר (קרנות השקעה, פקדונות  והלוואות לעמיתים)",,0.0,5.0,5% -/+,0.0,10.0,"מק""מ (לשנה)",,גמל,2026-09-30T22:27:25+00:00,https://infinity.co.il/wp-content/uploads/2025/10/עותק-של-מדיניות-השקעה-מוצהרת-אתר-החברה-15.9.25-1.xls,policy/companies/513621110/raw/513621110/799a66317208_עותק-של-מדיניות-השקעה-מוצהרת-אתר-החברה-15.9.25-1.xls,גמל
513621110,,,513621110|גמל|קידוד,קידוד,2025,מזומן,,1.71,1.0,5% -/+,0.0,6.0,"מק""מ (לשנה)",,גמל,2026-09-30T22:27:25+00:00,https://infinity.co.il/wp-content/uploads/2025/10/עותק-של-מדיניות-השקעה-מוצהרת-אתר-החברה-15.9.25-1.xls,policy/companies/513621110/raw/513621110/799a66317208_עותק-של-מדיניות-השקעה-מוצהרת-אתר-החברה-15.9.25-1.xls,גמל
513621110,,,513621110|גמל|קידוד,קידוד,2025,"חשיפה למט""ח",fx,4.52,3.0,6% -/+,0.0,9.0,ערכי מטבע,,גמל,2026-09-30T22:27:25+00:00,https://infinity.co.il/wp-content/uploads/2025/10/עותק-של-מדיניות-השקעה-מוצהרת-אתר-החברה-15.9.25-1.xls,policy/companies/513621110/raw/513621110/799a66317208_עותק-של-מדיניות-השקעה-מוצהרת-אתר-החברה-15.9.25-1.xls,גמל
513621110,,,513621110|גמל|קידוד,קידוד,2025,מגבלת עמלת ניהול חיצוני בשנת 2025,,0.25,,,,,,,גמל,2026-09-30T22:27:25+00:00,https://infinity.co.il/wp-content/uploads/2025/10/עותק-של-מדיניות-השקעה-מוצהרת-אתר-החברה-15.9.25-1.xls,policy/companies/513621110/raw/513621110/799a66317208_עותק-של-מדיניות-השקעה-מוצהרת-אתר-החברה-15.9.25-1.xls,גמל
513621110,,,513621110|גמל|קידוד,קידוד,2025,"מניות (תעודות סל, נגזרים, קרנות נאמנות)",equity,95.4,94.0,6% -/+,88.0,100.0,"50% ת""א 125, 50% MSCI WORLD ALL COUNTRY",,גמל,2026-09-30T22:27:25+00:00,https://infinity.co.il/wp-content/uploads/2025/10/עותק-של-מדיניות-השקעה-מוצהרת-אתר-החברה-15.9.25-1.xls,policy/companies/513621110/raw/513621110/799a66317208_עותק-של-מדיניות-השקעה-מוצהרת-אתר-החברה-15.9.25-1.xls,גמל
513621110,,,513621110|גמל|קידוד,קידוד,2025,"אג""ח ממשלתי (לרבות מק""מ בנק ישראל או אג""ח ממשלת ארה""ב)",,7.51,10.0,5% -/+,5.0,15.0,"50% ממשלתי שקלי 2-5, 50% ממשלתי צמוד 2-5",,גמל,2026-09-30T22:27:25+00:00,https://infinity.co.il/wp-content/uploads/2025/10/עותק-של-מדיניות-השקעה-מוצהרת-אתר-החברה-15.9.25-1.xls,policy/companies/513621110/raw/513621110/799a66317208_עותק-של-מדיניות-השקעה-מוצהרת-אתר-החברה-15.9.25-1.xls,גמל
513621110,,,513621110|גמל|קידוד,קידוד,2025,"אג""ח חברות (קרנות נאמנות, תעודות סל ואג""ח קונצרני לא סחיר)",,0.0,0.0,6% -/+,0.0,6.0,"50% תל בונד 60, 50% תל בונד שקלי",,גמל,2026-09-30T22:27:25+00:00,https://infinity.co.il/wp-content/uploads/2025/10/עותק-של-מדיניות-השקעה-מוצהרת-אתר-החברה-15.9.25-1.xls,policy/companies/513621110/raw/513621110/799a66317208_עותק-של-מדיניות-השקעה-מוצהרת-אתר-החברה-15.9.25-1.xls,גמל
513621110,,,513621110|גמל|קידוד,קידוד,2025,פקדונות,,12.94,10.0,5% -/+,5.0,15.0,"מק""מ (לשנה)",,גמל,2026-09-30T22:27:25+00:00,https://infinity.co.il/wp-content/uploads/2025/10/עותק-של-מדיניות-השקעה-מוצהרת-אתר-החברה-15.9.25-1.xls,policy/companies/513621110/raw/513621110/799a66317208_עותק-של-מדיניות-השקעה-מוצהרת-אתר-החברה-15.9.25-1.xls,גמל
513621110,,,513621110|גמל|קידוד,קידוד,2025,אחר (קרנות השקעה והלוואות לעמיתים),,0.28,1.0,5% -/+,0.0,6.0,"מק""מ (לשנה)",,גמל,2026-09-30T22:27:25+00:00,https://infinity.co.il/wp-content/uploads/2025/10/עותק-של-מדיניות-השקעה-מוצהרת-אתר-החברה-15.9.25-1.xls,policy/companies/513621110/raw/513621110/799a66317208_עותק-של-מדיניות-השקעה-מוצהרת-אתר-החברה-15.9.25-1.xls,גמל
513621110,,,513621110|גמל|קידוד,קידוד,2025,מזומן,,1.35,5.0,5% -/+,0.0,10.0,"מק""מ (לשנה)",,גמל,2026-09-30T22:27:25+00:00,https://infinity.co.il/wp-content/uploads/2025/10/עותק-של-מדיניות-השקעה-מוצהרת-אתר-החברה-15.9.25-1.xls,policy/companies/513621110/raw/513621110/799a66317208_עותק-של-מדיניות-השקעה-מוצהרת-אתר-החברה-15.9.25-1.xls,גמל
513621110,,,513621110|גמל|קידוד,קידוד,2025,"חשיפה למט""ח",fx,30.53,36.0,6% -/+,30.0,42.0,ערכי מטבע,,גמל,2026-09-30T22:27:25+00:00,https://infinity.co.il/wp-content/uploads/2025/10/עותק-של-מדיניות-השקעה-מוצהרת-אתר-החברה-15.9.25-1.xls,policy/companies/513621110/raw/513621110/799a66317208_עותק-של-מדיניות-השקעה-מוצהרת-אתר-החברה-15.9.25-1.xls,גמל
513621110,,,513621110|גמל|קידוד,קידוד,2025,מגבלת עמלת ניהול חיצוני בשנת 2025,,0.25,,,,,,,גמל,2026-09-30T22:27:25+00:00,https://infinity.co.il/wp-content/uploads/2025/10/עותק-של-מדיניות-השקעה-מוצהרת-אתר-החברה-15.9.25-1.xls,policy/companies/513621110/raw/513621110/799a66317208_עותק-של-מדיניות-השקעה-מוצהרת-אתר-החברה-15.9.25-1.xls,גמל
513621110,,,513621110|גמל|קידוד,קידוד,2025,"מניות (תעודות סל, אופציות, קרנות נאמנות)",equity,93.52,94.0,6% -/+,88.0,100.0,"100% ת""א 125",,גמל,2026-09-30T22:27:25+00:00,https://infinity.co.il/wp-content/uploads/2025/10/עותק-של-מדיניות-השקעה-מוצהרת-אתר-החברה-15.9.25-1.xls,policy/companies/513621110/raw/513621110/799a66317208_עותק-של-מדיניות-השקעה-מוצהרת-אתר-החברה-15.9.25-1.xls,גמל
513621110,,,513621110|גמל|קידוד,קידוד,2025,"אג""ח ממשלתי (לרבות מק""מ בנק ישראל)",,0.0,0.0,5% -/+,0.0,5.0,"50% ממשלתי שקלי 2-5, 50% ממשלתי צמוד 2-5",,גמל,2026-09-30T22:27:25+00:00,https://infinity.co.il/wp-content/uploads/2025/10/עותק-של-מדיניות-השקעה-מוצהרת-אתר-החברה-15.9.25-1.xls,policy/companies/513621110/raw/513621110/799a66317208_עותק-של-מדיניות-השקעה-מוצהרת-אתר-החברה-15.9.25-1.xls,גמל
513621110,,,513621110|גמל|קידוד,קידוד,2025,"אג""ח חברות (קרנות נאמנות, תעודות סל ואג""ח קונצרני לא סחיר)",,0.0,0.0,6% -/+,6.0,0.0,"50% תל בונד 60, 50% תל בונד שקלי",,גמל,2026-09-30T22:27:25+00:00,https://infinity.co.il/wp-content/uploads/2025/10/עותק-של-מדיניות-השקעה-מוצהרת-אתר-החברה-15.9.25-1.xls,policy/companies/513621110/raw/513621110/799a66317208_עותק-של-מדיניות-השקעה-מוצהרת-אתר-החברה-15.9.25-1.xls,גמל
513621110,,,513621110|גמל|קידוד,קידוד,2025,"אחר (קרנות השקעה, פקדונות  והלוואות לעמיתים)",,0.0,0.0,5% -/+,0.0,5.0,"מק""מ (לשנה)",,גמל,2026-09-30T22:27:25+00:00,https://infinity.co.il/wp-content/uploads/2025/10/עותק-של-מדיניות-השקעה-מוצהרת-אתר-החברה-15.9.25-1.xls,policy/companies/513621110/raw/513621110/799a66317208_עותק-של-מדיניות-השקעה-מוצהרת-אתר-החברה-15.9.25-1.xls,גמל
513621110,,,513621110|גמל|קידוד,קידוד,2025,מזומן,,6.48,1.0,5% -/+,0.0,6.0,"מק""מ (לשנה)",,גמל,2026-09-30T22:27:25+00:00,https://infinity.co.il/wp-content/uploads/2025/10/עותק-של-מדיניות-השקעה-מוצהרת-אתר-החברה-15.9.25-1.xls,policy/companies/513621110/raw/513621110/799a66317208_עותק-של-מדיניות-השקעה-מוצהרת-אתר-החברה-15.9.25-1.xls,גמל
513621110,,,513621110|גמל|קידוד,קידוד,2025,"חשיפה למט""ח",fx,0.0,0.0,6% -/+,0.0,6.0,ערכי מטבע,,גמל,2026-09-30T22:27:25+00:00,https://infinity.co.il/wp-content/uploads/2025/10/עותק-של-מדיניות-השקעה-מוצהרת-אתר-החברה-15.9.25-1.xls,policy/companies/513621110/raw/513621110/799a66317208_עותק-של-מדיניות-השקעה-מוצהרת-אתר-החברה-15.9.25-1.xls,גמל
513621110,,,513621110|גמל|קידוד,קידוד,2025,מגבלת עמלת ניהול חיצוני בשנת 2025,,0.25,,,,,,,גמל,2026-09-30T22:27:25+00:00,https://infinity.co.il/wp-content/uploads/2025/10/עותק-של-מדיניות-השקעה-מוצהרת-אתר-החברה-15.9.25-1.xls,policy/companies/513621110/raw/513621110/799a66317208_עותק-של-מדיניות-השקעה-מוצהרת-אתר-החברה-15.9.25-1.xls,גמל
513621110,,,513621110|גמל|קידוד,קידוד,2025,"מניות (תעודות סל, אופציות, קרנות נאמנות)",equity,50.5,50.0,6% -/+,44.0,56.0,"50% ת""א 125, 50% MSCI WORLD ALL COUNTRY",,גמל,2026-09-30T22:27:25+00:00,https://infinity.co.il/wp-content/uploads/2025/10/עותק-של-מדיניות-השקעה-מוצהרת-אתר-החברה-15.9.25-1.xls,policy/companies/513621110/raw/513621110/799a66317208_עותק-של-מדיניות-השקעה-מוצהרת-אתר-החברה-15.9.25-1.xls,גמל
513621110,,,513621110|גמל|קידוד,קידוד,2025,"אג""ח ממשלתי (לרבות מק""מ בנק ישראל)",,22.7,22.0,5% -/+,17.0,27.0,"50% ממשלתי שקלי 2-5, 50% ממשלתי צמוד 2-5",,גמל,2026-09-30T22:27:25+00:00,https://infinity.co.il/wp-content/uploads/2025/10/עותק-של-מדיניות-השקעה-מוצהרת-אתר-החברה-15.9.25-1.xls,policy/companies/513621110/raw/513621110/799a66317208_עותק-של-מדיניות-השקעה-מוצהרת-אתר-החברה-15.9.25-1.xls,גמל
513621110,,,513621110|גמל|קידוד,קידוד,2025,"אג""ח חברות (קרנות נאמנות, תעודות סל ואג""ח קונצרני לא סחיר)",,23.46,22.0,6% -/+,28.0,16.0,"50% תל בונד 60, 50% תל בונד שקלי",,גמל,2026-09-30T22:27:25+00:00,https://infinity.co.il/wp-content/uploads/2025/10/עותק-של-מדיניות-השקעה-מוצהרת-אתר-החברה-15.9.25-1.xls,policy/companies/513621110/raw/513621110/799a66317208_עותק-של-מדיניות-השקעה-מוצהרת-אתר-החברה-15.9.25-1.xls,גמל
513621110,,,513621110|גמל|קידוד,קידוד,2025,"אחר (קרנות השקעה, פקדונות  והלוואות לעמיתים)",,0.0,5.0,5% -/+,0.0,10.0,"מק""מ (לשנה)",,גמל,2026-09-30T22:27:25+00:00,https://infinity.co.il/wp-content/uploads/2025/10/עותק-של-מדיניות-השקעה-מוצהרת-אתר-החברה-15.9.25-1.xls,policy/companies/513621110/raw/513621110/799a66317208_עותק-של-מדיניות-השקעה-מוצהרת-אתר-החברה-15.9.25-1.xls,גמל
513621110,,,513621110|גמל|קידוד,קידוד,2025,מזומן,,3.37,1.0,5% -/+,0.0,6.0,"מק""מ (לשנה)",,גמל,2026-09-30T22:27:25+00:00,https://infinity.co.il/wp-content/uploads/2025/10/עותק-של-מדיניות-השקעה-מוצהרת-אתר-החברה-15.9.25-1.xls,policy/companies/513621110/raw/513621110/799a66317208_עותק-של-מדיניות-השקעה-מוצהרת-אתר-החברה-15.9.25-1.xls,גמל
513621110,,,513621110|גמל|קידוד,קידוד,2025,"חשיפה למט""ח",fx,21.89,19.0,6% -/+,13.0,25.0,ערכי מטבע,,גמל,2026-09-30T22:27:25+00:00,https://infinity.co.il/wp-content/uploads/2025/10/עותק-של-מדיניות-השקעה-מוצהרת-אתר-החברה-15.9.25-1.xls,policy/companies/513621110/raw/513621110/799a66317208_עותק-של-מדיניות-השקעה-מוצהרת-אתר-החברה-15.9.25-1.xls,גמל
513621110,,,513621110|גמל|קידוד,קידוד,2025,מגבלת עמלת ניהול חיצוני בשנת 2025,,0.5,,,,,,,גמל,2026-09-30T22:27:25+00:00,https://infinity.co.il/wp-content/uploads/2025/10/עותק-של-מדיניות-השקעה-מוצהרת-אתר-החברה-15.9.25-1.xls,policy/companies/513621110/raw/513621110/799a66317208_עותק-של-מדיניות-השקעה-מוצהרת-אתר-החברה-15.9.25-1.xls,גמל
513621110,,,513621110|גמל|קידוד,קידוד,2025,"מניות (תעודות סל, אופציות, קרנות נאמנות)",equity,99.95,94.0,6% -/+,88.0,100.0,100% מדד S&P 500,,גמל,2026-09-30T22:27:25+00:00,https://infinity.co.il/wp-content/uploads/2025/10/עותק-של-מדיניות-השקעה-מוצהרת-אתר-החברה-15.9.25-1.xls,policy/companies/513621110/raw/513621110/799a66317208_עותק-של-מדיניות-השקעה-מוצהרת-אתר-החברה-15.9.25-1.xls,גמל
513621110,,,513621110|גמל|קידוד,קידוד,2025,"אג""ח ממשלתי (לרבות אג""ח ממשלת ארה""ב)",,12.45,15.0,5% -/+,10.0,20.0,"50% ממשלתי שקלי 2-5, 50% ממשלתי צמוד 2-5",,גמל,2026-09-30T22:27:25+00:00,https://infinity.co.il/wp-content/uploads/2025/10/עותק-של-מדיניות-השקעה-מוצהרת-אתר-החברה-15.9.25-1.xls,policy/companies/513621110/raw/513621110/799a66317208_עותק-של-מדיניות-השקעה-מוצהרת-אתר-החברה-15.9.25-1.xls,גמל
513621110,,,513621110|גמל|קידוד,קידוד,2025,"אג""ח חברות (קרנות נאמנות, תעודות סל ואג""ח קונצרני לא סחיר)",,0.0,0.0,6% -/+,,,"50% תל בונד 60, 50% תל בונד שקלי",,גמל,2026-09-30T22:27:25+00:00,https://infinity.co.il/wp-content/uploads/2025/10/עותק-של-מדיניות-השקעה-מוצהרת-אתר-החברה-15.9.25-1.xls,policy/companies/513621110/raw/513621110/799a66317208_עותק-של-מדיניות-השקעה-מוצהרת-אתר-החברה-15.9.25-1.xls,גמל
513621110,,,513621110|גמל|קידוד,קידוד,2025,פקדונות,,19.88,16.0,5% -/+,11.0,21.0,"מק""מ (לשנה)",,גמל,2026-09-30T22:27:25+00:00,https://infinity.co.il/wp-content/uploads/2025/10/עותק-של-מדיניות-השקעה-מוצהרת-אתר-החברה-15.9.25-1.xls,policy/companies/513621110/raw/513621110/799a66317208_עותק-של-מדיניות-השקעה-מוצהרת-אתר-החברה-15.9.25-1.xls,גמל
513621110,,,513621110|גמל|קידוד,קידוד,2025,אחר (קרנות השקעה והלוואות לעמיתים),,0.0,5.0,5% -/+,0.0,10.0,"מק""מ (לשנה)",,גמל,2026-09-30T22:27:25+00:00,https://infinity.co.il/wp-content/uploads/2025/10/עותק-של-מדיניות-השקעה-מוצהרת-אתר-החברה-15.9.25-1.xls,policy/companies/513621110/raw/513621110/799a66317208_עותק-של-מדיניות-השקעה-מוצהרת-אתר-החברה-15.9.25-1.xls,גמל
513621110,,,513621110|גמל|קידוד,קידוד,2025,מזומן,,3.32,5.0,5% -/+,0.0,10.0,"מק""מ (לשנה)",,גמל,2026-09-30T22:27:25+00:00,https://infinity.co.il/wp-content/uploads/2025/10/עותק-של-מדיניות-השקעה-מוצהרת-אתר-החברה-15.9.25-1.xls,policy/companies/513621110/raw/513621110/799a66317208_עותק-של-מדיניות-השקעה-מוצהרת-אתר-החברה-15.9.25-1.xls,גמל
513621110,,,513621110|גמל|קידוד,קידוד,2025,"חשיפה למט""ח",fx,91.48,94.0,6% -/+,88.0,100.0,ערכי מטבע,,גמל,2026-09-30T22:27:25+00:00,https://infinity.co.il/wp-content/uploads/2025/10/עותק-של-מדיניות-השקעה-מוצהרת-אתר-החברה-15.9.25-1.xls,policy/companies/513621110/raw/513621110/799a66317208_עותק-של-מדיניות-השקעה-מוצהרת-אתר-החברה-15.9.25-1.xls,גמל
513621110,,,513621110|גמל|קידוד,קידוד,2025,מגבלת עמלת ניהול חיצוני בשנת 2025,,0.35,,,,,,,גמל,2026-09-30T22:27:25+00:00,https://infinity.co.il/wp-content/uploads/2025/10/עותק-של-מדיניות-השקעה-מוצהרת-אתר-החברה-15.9.25-1.xls,policy/companies/513621110/raw/513621110/799a66317208_עותק-של-מדיניות-השקעה-מוצהרת-אתר-החברה-15.9.25-1.xls,גמל
513621110,,,513621110|גמל|קידוד,קידוד,2025,"מניות (תעודות סל, אופציות, קרנות נאמנות)",equity,99.86,98.0,6% -/+,88.0,100.0,100% MSCI WORLD ALL COUNTRIES,,גמל,2026-09-30T22:27:25+00:00,https://infinity.co.il/wp-content/uploads/2025/10/עותק-של-מדיניות-השקעה-מוצהרת-אתר-החברה-15.9.25-1.xls,policy/companies/513621110/raw/513621110/799a66317208_עותק-של-מדיניות-השקעה-מוצהרת-אתר-החברה-15.9.25-1.xls,גמל
513621110,,,513621110|גמל|קידוד,קידוד,2025,"אג""ח ממשלתי (לרבות מק""מ בנק ישראל)",,43.84,45.0,5% -/+,40.0,50.0,"50% ממשלתי שקלי 2-5, 50% ממשלתי צמוד 2-5",,גמל,2026-09-30T22:27:25+00:00,https://infinity.co.il/wp-content/uploads/2025/10/עותק-של-מדיניות-השקעה-מוצהרת-אתר-החברה-15.9.25-1.xls,policy/companies/513621110/raw/513621110/799a66317208_עותק-של-מדיניות-השקעה-מוצהרת-אתר-החברה-15.9.25-1.xls,גמל
513621110,,,513621110|גמל|קידוד,קידוד,2025,"אג""ח חברות (קרנות נאמנות, תעודות סל ואג""ח קונצרני לא סחיר)",,0.0,0.0,6% -/+,,,"50% תל בונד 60, 50% תל בונד שקלי",,גמל,2026-09-30T22:27:25+00:00,https://infinity.co.il/wp-content/uploads/2025/10/עותק-של-מדיניות-השקעה-מוצהרת-אתר-החברה-15.9.25-1.xls,policy/companies/513621110/raw/513621110/799a66317208_עותק-של-מדיניות-השקעה-מוצהרת-אתר-החברה-15.9.25-1.xls,גמל
513621110,,,513621110|גמל|קידוד,קידוד,2025,"אחר (קרנות השקעה, פקדונות  והלוואות לעמיתים)",,0.0,0.0,5% -/+,0.0,10.0,"מק""מ (לשנה)",,גמל,2026-09-30T22:27:25+00:00,https://infinity.co.il/wp-content/uploads/2025/10/עותק-של-מדיניות-השקעה-מוצהרת-אתר-החברה-15.9.25-1.xls,policy/companies/513621110/raw/513621110/799a66317208_עותק-של-מדיניות-השקעה-מוצהרת-אתר-החברה-15.9.25-1.xls,גמל
513621110,,,513621110|גמל|קידוד,קידוד,2025,מזומן,,3.31,5.0,5% -/+,0.0,10.0,"מק""מ (לשנה)",,גמל,2026-09-30T22:27:25+00:00,https://infinity.co.il/wp-content/uploads/2025/10/עותק-של-מדיניות-השקעה-מוצהרת-אתר-החברה-15.9.25-1.xls,policy/companies/513621110/raw/513621110/799a66317208_עותק-של-מדיניות-השקעה-מוצהרת-אתר-החברה-15.9.25-1.xls,גמל
513621110,,,513621110|גמל|קידוד,קידוד,2025,"חשיפה למט""ח",fx,92.0,98.0,6% -/+,88.0,100.0,ערכי מטבע,,גמל,2026-09-30T22:27:25+00:00,https://infinity.co.il/wp-content/uploads/2025/10/עותק-של-מדיניות-השקעה-מוצהרת-אתר-החברה-15.9.25-1.xls,policy/companies/513621110/raw/513621110/799a66317208_עותק-של-מדיניות-השקעה-מוצהרת-אתר-החברה-15.9.25-1.xls,גמל
513621110,,,513621110|גמל|קידוד,קידוד,2025,מגבלת עמלת ניהול חיצוני בשנת 2025,,2.0,,,,,,,גמל,2026-09-30T22:27:25+00:00,https://infinity.co.il/wp-content/uploads/2025/10/עותק-של-מדיניות-השקעה-מוצהרת-אתר-החברה-15.9.25-1.xls,policy/companies/513621110/raw/513621110/799a66317208_עותק-של-מדיניות-השקעה-מוצהרת-אתר-החברה-15.9.25-1.xls,גמל
513621110,,,513621110|גמל|קידוד,קידוד,2025,"מניות (תעודות סל, אופציות, קרנות נאמנות)",equity,94.02,94.0,6% -/+,88.0,100.0,US Listed Semiconductor 25 Index-MVSMHTR-25% Consumer Discretionary Sector Index-IXYTR-25% Communication Services Sector Index-IXCTR-25% software &services industry group gics level 2 index-S5SFTW-15% technology hardware & equipment  industry group gics level 2 index-S5TECH-10%,,גמל,2026-09-30T22:27:25+00:00,https://infinity.co.il/wp-content/uploads/2025/10/עותק-של-מדיניות-השקעה-מוצהרת-אתר-החברה-15.9.25-1.xls,policy/companies/513621110/raw/513621110/799a66317208_עותק-של-מדיניות-השקעה-מוצהרת-אתר-החברה-15.9.25-1.xls,גמל
513621110,,,513621110|גמל|קידוד,קידוד,2025,"אג""ח ממשלתי (לרבות אג""ח ממשלת ארה""ב)",,17.71,20.0,5% -/+,15.0,25.0,"50% ממשלתי שקלי 2-5, 50% ממשלתי צמוד 2-5",,גמל,2026-09-30T22:27:25+00:00,https://infinity.co.il/wp-content/uploads/2025/10/עותק-של-מדיניות-השקעה-מוצהרת-אתר-החברה-15.9.25-1.xls,policy/companies/513621110/raw/513621110/799a66317208_עותק-של-מדיניות-השקעה-מוצהרת-אתר-החברה-15.9.25-1.xls,גמל
513621110,,,513621110|גמל|קידוד,קידוד,2025,"אג""ח חברות (קרנות נאמנות, תעודות סל ואג""ח קונצרני לא סחיר)",,0.0,0.0,6% -/+,0.0,6.0,"50% תל בונד 60, 50% תל בונד שקלי",,גמל,2026-09-30T22:27:25+00:00,https://infinity.co.il/wp-content/uploads/2025/10/עותק-של-מדיניות-השקעה-מוצהרת-אתר-החברה-15.9.25-1.xls,policy/companies/513621110/raw/513621110/799a66317208_עותק-של-מדיניות-השקעה-מוצהרת-אתר-החברה-15.9.25-1.xls,גמל
513621110,,,513621110|גמל|קידוד,קידוד,2025,פקדונות,,11.82,10.0,5% -/+,5.0,15.0,"מק""מ (לשנה)",,גמל,2026-09-30T22:27:25+00:00,https://infinity.co.il/wp-content/uploads/2025/10/עותק-של-מדיניות-השקעה-מוצהרת-אתר-החברה-15.9.25-1.xls,policy/companies/513621110/raw/513621110/799a66317208_עותק-של-מדיניות-השקעה-מוצהרת-אתר-החברה-15.9.25-1.xls,גמל
513621110,,,513621110|גמל|קידוד,קידוד,2025,"אחר (קרנות השקעה, והלוואות לעמיתים)",,0.0,0.0,5% -/+,0.0,5.0,"מק""מ (לשנה)",,גמל,2026-09-30T22:27:25+00:00,https://infinity.co.il/wp-content/uploads/2025/10/עותק-של-מדיניות-השקעה-מוצהרת-אתר-החברה-15.9.25-1.xls,policy/companies/513621110/raw/513621110/799a66317208_עותק-של-מדיניות-השקעה-מוצהרת-אתר-החברה-15.9.25-1.xls,גמל
513621110,,,513621110|גמל|קידוד,קידוד,2025,מזומן,,4.24,1.0,5% -/+,0.0,6.0,"מק""מ (לשנה)",,גמל,2026-09-30T22:27:25+00:00,https://infinity.co.il/wp-content/uploads/2025/10/עותק-של-מדיניות-השקעה-מוצהרת-אתר-החברה-15.9.25-1.xls,policy/companies/513621110/raw/513621110/799a66317208_עותק-של-מדיניות-השקעה-מוצהרת-אתר-החברה-15.9.25-1.xls,גמל
513621110,,,513621110|גמל|קידוד,קידוד,2025,"חשיפה למט""ח",fx,91.4,94.0,6% -/+,88.0,100.0,ערכי מטבע,,גמל,2026-09-30T22:27:25+00:00,https://infinity.co.il/wp-content/uploads/2025/10/עותק-של-מדיניות-השקעה-מוצהרת-אתר-החברה-15.9.25-1.xls,policy/companies/513621110/raw/513621110/799a66317208_עותק-של-מדיניות-השקעה-מוצהרת-אתר-החברה-15.9.25-1.xls,גמל
513621110,,,513621110|גמל|קידוד,קידוד,2025,מגבלת עמלת ניהול חיצוני בשנת 2025,,4.0,,,,,,,גמל,2026-09-30T22:27:25+00:00,https://infinity.co.il/wp-content/uploads/2025/10/עותק-של-מדיניות-השקעה-מוצהרת-אתר-החברה-15.9.25-1.xls,policy/companies/513621110/raw/513621110/799a66317208_עותק-של-מדיניות-השקעה-מוצהרת-אתר-החברה-15.9.25-1.xls,גמל
513621110,,,513621110|השתלמות|קידוד,קידוד,2025,"מניות (תעודות סל, אופציות, קרנות נאמנות)",equity,48.02,48.0,6% -/+,42.0,54.0,"50% ת""א 125, 50% MSCI WORLD ALL COUNTRY",,השתלמות,2026-09-30T22:27:25+00:00,https://infinity.co.il/wp-content/uploads/2025/10/עותק-של-מדיניות-השקעה-מוצהרת-אתר-החברה-15.9.25-1.xls,policy/companies/513621110/raw/513621110/799a66317208_עותק-של-מדיניות-השקעה-מוצהרת-אתר-החברה-15.9.25-1.xls,השתלמות
513621110,,,513621110|השתלמות|קידוד,קידוד,2025,"אג""ח ממשלתי (לרבות מק""מ בנק ישראל)",,22.34,24.0,5% -/+,19.0,29.0,"50% ממשלתי שקלי 2-5, 50% ממשלתי צמוד 2-5",,השתלמות,2026-09-30T22:27:25+00:00,https://infinity.co.il/wp-content/uploads/2025/10/עותק-של-מדיניות-השקעה-מוצהרת-אתר-החברה-15.9.25-1.xls,policy/companies/513621110/raw/513621110/799a66317208_עותק-של-מדיניות-השקעה-מוצהרת-אתר-החברה-15.9.25-1.xls,השתלמות
513621110,,,513621110|השתלמות|קידוד,קידוד,2025,"אג""ח חברות (קרנות נאמנות, תעודות סל ואג""ח קונצרני לא סחיר)",,22.79,26.0,6% -/+,20.0,32.0,"50% תל בונד 60, 50% תל בונד שקלי",,השתלמות,2026-09-30T22:27:25+00:00,https://infinity.co.il/wp-content/uploads/2025/10/עותק-של-מדיניות-השקעה-מוצהרת-אתר-החברה-15.9.25-1.xls,policy/companies/513621110/raw/513621110/799a66317208_עותק-של-מדיניות-השקעה-מוצהרת-אתר-החברה-15.9.25-1.xls,השתלמות
513621110,,,513621110|השתלמות|קידוד,קידוד,2025,"אחר (קרנות השקעה, פקדונות  והלוואות לעמיתים)",,2.38,1.0,5% -/+,0.0,6.0,"מק""מ (לשנה)",,השתלמות,2026-09-30T22:27:25+00:00,https://infinity.co.il/wp-content/uploads/2025/10/עותק-של-מדיניות-השקעה-מוצהרת-אתר-החברה-15.9.25-1.xls,policy/companies/513621110/raw/513621110/799a66317208_עותק-של-מדיניות-השקעה-מוצהרת-אתר-החברה-15.9.25-1.xls,השתלמות
513621110,,,513621110|השתלמות|קידוד,קידוד,2025,מזומן,,4.48,1.0,5% -/+,0.0,6.0,"מק""מ (לשנה)",,השתלמות,2026-09-30T22:27:25+00:00,https://infinity.co.il/wp-content/uploads/2025/10/עותק-של-מדיניות-השקעה-מוצהרת-אתר-החברה-15.9.25-1.xls,policy/companies/513621110/raw/513621110/799a66317208_עותק-של-מדיניות-השקעה-מוצהרת-אתר-החברה-15.9.25-1.xls,השתלמות
513621110,,,513621110|השתלמות|קידוד,קידוד,2025,"חשיפה למט""ח",fx,23.63,21.0,6% -/+,15.0,27.0,ערכי מטבע,,השתלמות,2026-09-30T22:27:25+00:00,https://infinity.co.il/wp-content/uploads/2025/10/עותק-של-מדיניות-השקעה-מוצהרת-אתר-החברה-15.9.25-1.xls,policy/companies/513621110/raw/513621110/799a66317208_עותק-של-מדיניות-השקעה-מוצהרת-אתר-החברה-15.9.25-1.xls,השתלמות
513621110,,,513621110|השתלמות|קידוד,קידוד,2025,מגבלת עמלת ניהול חיצוני בשנת 2025,,0.25,,,,,,,השתלמות,2026-09-30T22:27:25+00:00,https://infinity.co.il/wp-content/uploads/2025/10/עותק-של-מדיניות-השקעה-מוצהרת-אתר-החברה-15.9.25-1.xls,policy/companies/513621110/raw/513621110/799a66317208_עותק-של-מדיניות-השקעה-מוצהרת-אתר-החברה-15.9.25-1.xls,השתלמות
513621110,,,513621110|השתלמות|קידוד,קידוד,2025,"מניות (תעודות סל, אופציות, קרנות נאמנות)",equity,24.68,19.0,6% -/+,13.0,25.0,"50% ת""א 125, 50% MSCI WORLD ALL COUNTRY",,השתלמות,2026-09-30T22:27:25+00:00,https://infinity.co.il/wp-content/uploads/2025/10/עותק-של-מדיניות-השקעה-מוצהרת-אתר-החברה-15.9.25-1.xls,policy/companies/513621110/raw/513621110/799a66317208_עותק-של-מדיניות-השקעה-מוצהרת-אתר-החברה-15.9.25-1.xls,השתלמות
513621110,,,513621110|השתלמות|קידוד,קידוד,2025,"אג""ח ממשלתי (לרבות מק""מ בנק ישראל)",,38.47,38.0,5% -/+,33.0,43.0,"50% ממשלתי שקלי 2-5, 50% ממשלתי צמוד 2-5",,השתלמות,2026-09-30T22:27:25+00:00,https://infinity.co.il/wp-content/uploads/2025/10/עותק-של-מדיניות-השקעה-מוצהרת-אתר-החברה-15.9.25-1.xls,policy/companies/513621110/raw/513621110/799a66317208_עותק-של-מדיניות-השקעה-מוצהרת-אתר-החברה-15.9.25-1.xls,השתלמות
513621110,,,513621110|השתלמות|קידוד,קידוד,2025,"אג""ח חברות (קרנות נאמנות, תעודות סל ואג""ח קונצרני לא סחיר)",,32.0,38.0,6% -/+,32.0,44.0,"50% תל בונד 60, 50% תל בונד שקלי",,השתלמות,2026-09-30T22:27:25+00:00,https://infinity.co.il/wp-content/uploads/2025/10/עותק-של-מדיניות-השקעה-מוצהרת-אתר-החברה-15.9.25-1.xls,policy/companies/513621110/raw/513621110/799a66317208_עותק-של-מדיניות-השקעה-מוצהרת-אתר-החברה-15.9.25-1.xls,השתלמות
513621110,,,513621110|השתלמות|קידוד,קידוד,2025,"אחר (קרנות השקעה, פקדונות  והלוואות לעמיתים)",,2.09,4.0,5% -/+,0.0,9.0,"מק""מ (לשנה)",,השתלמות,2026-09-30T22:27:25+00:00,https://infinity.co.il/wp-content/uploads/2025/10/עותק-של-מדיניות-השקעה-מוצהרת-אתר-החברה-15.9.25-1.xls,policy/companies/513621110/raw/513621110/799a66317208_עותק-של-מדיניות-השקעה-מוצהרת-אתר-החברה-15.9.25-1.xls,השתלמות
513621110,,,513621110|השתלמות|קידוד,קידוד,2025,מזומן,,2.8,1.0,5% -/+,0.0,6.0,"מק""מ (לשנה)",,השתלמות,2026-09-30T22:27:25+00:00,https://infinity.co.il/wp-content/uploads/2025/10/עותק-של-מדיניות-השקעה-מוצהרת-אתר-החברה-15.9.25-1.xls,policy/companies/513621110/raw/513621110/799a66317208_עותק-של-מדיניות-השקעה-מוצהרת-אתר-החברה-15.9.25-1.xls,השתלמות
513621110,,,513621110|השתלמות|קידוד,קידוד,2025,"חשיפה למט""ח",fx,14.49,10.0,6% -/+,4.0,16.0,ערכי מטבע,,השתלמות,2026-09-30T22:27:25+00:00,https://infinity.co.il/wp-content/uploads/2025/10/עותק-של-מדיניות-השקעה-מוצהרת-אתר-החברה-15.9.25-1.xls,policy/companies/513621110/raw/513621110/799a66317208_עותק-של-מדיניות-השקעה-מוצהרת-אתר-החברה-15.9.25-1.xls,השתלמות
513621110,,,513621110|השתלמות|קידוד,קידוד,2025,מגבלת עמלת ניהול חיצוני בשנת 2025,,0.25,,,,,,,השתלמות,2026-09-30T22:27:25+00:00,https://infinity.co.il/wp-content/uploads/2025/10/עותק-של-מדיניות-השקעה-מוצהרת-אתר-החברה-15.9.25-1.xls,policy/companies/513621110/raw/513621110/799a66317208_עותק-של-מדיניות-השקעה-מוצהרת-אתר-החברה-15.9.25-1.xls,השתלמות
513621110,,,513621110|השתלמות|קידוד,קידוד,2025,"מניות (תעודות סל, אופציות, קרנות נאמנות)",equity,92.9,94.0,6% -/+,88.0,100.0,"100% ת""א 125",,השתלמות,2026-09-30T22:27:25+00:00,https://infinity.co.il/wp-content/uploads/2025/10/עותק-של-מדיניות-השקעה-מוצהרת-אתר-החברה-15.9.25-1.xls,policy/companies/513621110/raw/513621110/799a66317208_עותק-של-מדיניות-השקעה-מוצהרת-אתר-החברה-15.9.25-1.xls,השתלמות
513621110,,,513621110|השתלמות|קידוד,קידוד,2025,"אג""ח ממשלתי (לרבות מק""מ בנק ישראל)",,0.0,3.0,5% -/+,0.0,8.0,"50% ממשלתי שקלי 2-5, 50% ממשלתי צמוד 2-5",,השתלמות,2026-09-30T22:27:25+00:00,https://infinity.co.il/wp-content/uploads/2025/10/עותק-של-מדיניות-השקעה-מוצהרת-אתר-החברה-15.9.25-1.xls,policy/companies/513621110/raw/513621110/799a66317208_עותק-של-מדיניות-השקעה-מוצהרת-אתר-החברה-15.9.25-1.xls,השתלמות
513621110,,,513621110|השתלמות|קידוד,קידוד,2025,"אג""ח חברות (קרנות נאמנות, תעודות סל ואג""ח קונצרני לא סחיר)",,0.0,0.0,6% -/+,0.0,6.0,"50% תל בונד 60, 50% תל בונד שקלי",,השתלמות,2026-09-30T22:27:25+00:00,https://infinity.co.il/wp-content/uploads/2025/10/עותק-של-מדיניות-השקעה-מוצהרת-אתר-החברה-15.9.25-1.xls,policy/companies/513621110/raw/513621110/799a66317208_עותק-של-מדיניות-השקעה-מוצהרת-אתר-החברה-15.9.25-1.xls,השתלמות
513621110,,,513621110|השתלמות|קידוד,קידוד,2025,"אחר (קרנות השקעה, פקדונות והלוואות לעמיתים)",,1.53,2.0,5% -/+,0.0,7.0,"מק""מ (לשנה)",,השתלמות,2026-09-30T22:27:25+00:00,https://infinity.co.il/wp-content/uploads/2025/10/עותק-של-מדיניות-השקעה-מוצהרת-אתר-החברה-15.9.25-1.xls,policy/companies/513621110/raw/513621110/799a66317208_עותק-של-מדיניות-השקעה-מוצהרת-אתר-החברה-15.9.25-1.xls,השתלמות
513621110,,,513621110|השתלמות|קידוד,קידוד,2025,מזומן,,5.54,1.0,5% -/+,0.0,6.0,"מק""מ (לשנה)",,השתלמות,2026-09-30T22:27:25+00:00,https://infinity.co.il/wp-content/uploads/2025/10/עותק-של-מדיניות-השקעה-מוצהרת-אתר-החברה-15.9.25-1.xls,policy/companies/513621110/raw/513621110/799a66317208_עותק-של-מדיניות-השקעה-מוצהרת-אתר-החברה-15.9.25-1.xls,השתלמות
513621110,,,513621110|השתלמות|קידוד,קידוד,2025,"חשיפה למט""ח",fx,2.24,0.0,6% -/+,0.0,6.0,ערכי מטבע,,השתלמות,2026-09-30T22:27:25+00:00,https://infinity.co.il/wp-content/uploads/2025/10/עותק-של-מדיניות-השקעה-מוצהרת-אתר-החברה-15.9.25-1.xls,policy/companies/513621110/raw/513621110/799a66317208_עותק-של-מדיניות-השקעה-מוצהרת-אתר-החברה-15.9.25-1.xls,השתלמות
513621110,,,513621110|השתלמות|קידוד,קידוד,2025,מגבלת עמלת ניהול חיצוני בשנת 2025,,0.25,,,,,,,השתלמות,2026-09-30T22:27:25+00:00,https://infinity.co.il/wp-content/uploads/2025/10/עותק-של-מדיניות-השקעה-מוצהרת-אתר-החברה-15.9.25-1.xls,policy/companies/513621110/raw/513621110/799a66317208_עותק-של-מדיניות-השקעה-מוצהרת-אתר-החברה-15.9.25-1.xls,השתלמות
513621110,,,513621110|השתלמות|קידוד,קידוד,2025,"מניות (תעודות סל, אופציות, קרנות נאמנות)",equity,8.8,6.0,6% -/+,0.0,12.0,"50% ת""א 125, 50% MSCI WORLD ALL COUNTRY",,השתלמות,2026-09-30T22:27:25+00:00,https://infinity.co.il/wp-content/uploads/2025/10/עותק-של-מדיניות-השקעה-מוצהרת-אתר-החברה-15.9.25-1.xls,policy/companies/513621110/raw/513621110/799a66317208_עותק-של-מדיניות-השקעה-מוצהרת-אתר-החברה-15.9.25-1.xls,השתלמות
513621110,,,513621110|השתלמות|קידוד,קידוד,2025,"אג""ח ממשלתי (לרבות מק""מ בנק ישראל)",,41.49,44.0,5% -/+,39.0,49.0,"50% ממשלתי שקלי 2-5, 50% ממשלתי צמוד 2-5",,השתלמות,2026-09-30T22:27:25+00:00,https://infinity.co.il/wp-content/uploads/2025/10/עותק-של-מדיניות-השקעה-מוצהרת-אתר-החברה-15.9.25-1.xls,policy/companies/513621110/raw/513621110/799a66317208_עותק-של-מדיניות-השקעה-מוצהרת-אתר-החברה-15.9.25-1.xls,השתלמות
513621110,,,513621110|השתלמות|קידוד,קידוד,2025,"אג""ח חברות (קרנות נאמנות, תעודות סל ואג""ח קונצרני לא סחיר)",,39.0,45.0,6% -/+,39.0,51.0,"50% תל בונד 60, 50% תל בונד שקלי",,השתלמות,2026-09-30T22:27:25+00:00,https://infinity.co.il/wp-content/uploads/2025/10/עותק-של-מדיניות-השקעה-מוצהרת-אתר-החברה-15.9.25-1.xls,policy/companies/513621110/raw/513621110/799a66317208_עותק-של-מדיניות-השקעה-מוצהרת-אתר-החברה-15.9.25-1.xls,השתלמות
513621110,,,513621110|השתלמות|קידוד,קידוד,2025,הלוואות לעמיתים,,6.0,4.0,5% -/+,0.0,9.0,"מק""מ (לשנה)",,השתלמות,2026-09-30T22:27:25+00:00,https://infinity.co.il/wp-content/uploads/2025/10/עותק-של-מדיניות-השקעה-מוצהרת-אתר-החברה-15.9.25-1.xls,policy/companies/513621110/raw/513621110/799a66317208_עותק-של-מדיניות-השקעה-מוצהרת-אתר-החברה-15.9.25-1.xls,השתלמות
513621110,,,513621110|השתלמות|קידוד,קידוד,2025,"אחר (קרנות השקעה, פקדונות  והלוואות לעמיתים)",,0.0,0.0,5% -/+,0.0,5.0,"מק""מ (לשנה)",,השתלמות,2026-09-30T22:27:25+00:00,https://infinity.co.il/wp-content/uploads/2025/10/עותק-של-מדיניות-השקעה-מוצהרת-אתר-החברה-15.9.25-1.xls,policy/companies/513621110/raw/513621110/799a66317208_עותק-של-מדיניות-השקעה-מוצהרת-אתר-החברה-15.9.25-1.xls,השתלמות
513621110,,,513621110|השתלמות|קידוד,קידוד,2025,מזומן,,4.7,1.0,5% -/+,0.0,6.0,"מק""מ (לשנה)",,השתלמות,2026-09-30T22:27:25+00:00,https://infinity.co.il/wp-content/uploads/2025/10/עותק-של-מדיניות-השקעה-מוצהרת-אתר-החברה-15.9.25-1.xls,policy/companies/513621110/raw/513621110/799a66317208_עותק-של-מדיניות-השקעה-מוצהרת-אתר-החברה-15.9.25-1.xls,השתלמות
513621110,,,513621110|השתלמות|קידוד,קידוד,2025,"חשיפה למט""ח",fx,8.0,6.0,6% -/+,0.0,12.0,ערכי מטבע,,השתלמות,2026-09-30T22:27:25+00:00,https://infinity.co.il/wp-content/uploads/2025/10/עותק-של-מדיניות-השקעה-מוצהרת-אתר-החברה-15.9.25-1.xls,policy/companies/513621110/raw/513621110/799a66317208_עותק-של-מדיניות-השקעה-מוצהרת-אתר-החברה-15.9.25-1.xls,השתלמות
513621110,,,513621110|השתלמות|קידוד,קידוד,2025,מגבלת עמלת ניהול חיצוני בשנת 2025,,0.25,,,,,,,השתלמות,2026-09-30T22:27:25+00:00,https://infinity.co.il/wp-content/uploads/2025/10/עותק-של-מדיניות-השקעה-מוצהרת-אתר-החברה-15.9.25-1.xls,policy/companies/513621110/raw/513621110/799a66317208_עותק-של-מדיניות-השקעה-מוצהרת-אתר-החברה-15.9.25-1.xls,השתלמות
513621110,,,513621110|השתלמות|קידוד,קידוד,2025,"מניות (תעודות סל, אופציות, קרנות נאמנות)",equity,0.0,0.0,6% -/+,0.0,6.0,"50% ת""א 125, 50% MSCI WORLD ALL COUNTRY",,השתלמות,2026-09-30T22:27:25+00:00,https://infinity.co.il/wp-content/uploads/2025/10/עותק-של-מדיניות-השקעה-מוצהרת-אתר-החברה-15.9.25-1.xls,policy/companies/513621110/raw/513621110/799a66317208_עותק-של-מדיניות-השקעה-מוצהרת-אתר-החברה-15.9.25-1.xls,השתלמות
513621110,,,513621110|השתלמות|קידוד,קידוד,2025,"אג""ח ממשלתי (לרבות מק""מ בנק ישראל)",,94.3,94.0,5% -/+,89.0,99.0,"50% ממשלתי שקלי 2-5, 50% ממשלתי צמוד 2-5",,השתלמות,2026-09-30T22:27:25+00:00,https://infinity.co.il/wp-content/uploads/2025/10/עותק-של-מדיניות-השקעה-מוצהרת-אתר-החברה-15.9.25-1.xls,policy/companies/513621110/raw/513621110/799a66317208_עותק-של-מדיניות-השקעה-מוצהרת-אתר-החברה-15.9.25-1.xls,השתלמות
513621110,,,513621110|השתלמות|קידוד,קידוד,2025,"אג""ח חברות (קרנות נאמנות, תעודות סל ואג""ח קונצרני לא סחיר)",,0.0,0.0,6% -/+,0.0,6.0,"50% תל בונד 60, 50% תל בונד שקלי",,השתלמות,2026-09-30T22:27:25+00:00,https://infinity.co.il/wp-content/uploads/2025/10/עותק-של-מדיניות-השקעה-מוצהרת-אתר-החברה-15.9.25-1.xls,policy/companies/513621110/raw/513621110/799a66317208_עותק-של-מדיניות-השקעה-מוצהרת-אתר-החברה-15.9.25-1.xls,השתלמות
513621110,,,513621110|השתלמות|קידוד,קידוד,2025,"אחר (קרנות השקעה, פקדונות  והלוואות לעמיתים)",,4.45,5.0,5% -/+,0.0,10.0,"מק""מ (לשנה)",,השתלמות,2026-09-30T22:27:25+00:00,https://infinity.co.il/wp-content/uploads/2025/10/עותק-של-מדיניות-השקעה-מוצהרת-אתר-החברה-15.9.25-1.xls,policy/companies/513621110/raw/513621110/799a66317208_עותק-של-מדיניות-השקעה-מוצהרת-אתר-החברה-15.9.25-1.xls,השתלמות
513621110,,,513621110|השתלמות|קידוד,קידוד,2025,מזומן,,1.26,1.0,5% -/+,0.0,6.0,"מק""מ (לשנה)",,השתלמות,2026-09-30T22:27:25+00:00,https://infinity.co.il/wp-content/uploads/2025/10/עותק-של-מדיניות-השקעה-מוצהרת-אתר-החברה-15.9.25-1.xls,policy/companies/513621110/raw/513621110/799a66317208_עותק-של-מדיניות-השקעה-מוצהרת-אתר-החברה-15.9.25-1.xls,השתלמות
513621110,,,513621110|השתלמות|קידוד,קידוד,2025,"חשיפה למט""ח",fx,1.49,3.0,6% -/+,0.0,9.0,ערכי מטבע,,השתלמות,2026-09-30T22:27:25+00:00,https://infinity.co.il/wp-content/uploads/2025/10/עותק-של-מדיניות-השקעה-מוצהרת-אתר-החברה-15.9.25-1.xls,policy/companies/513621110/raw/513621110/799a66317208_עותק-של-מדיניות-השקעה-מוצהרת-אתר-החברה-15.9.25-1.xls,השתלמות
513621110,,,513621110|השתלמות|קידוד,קידוד,2025,מגבלת עמלת ניהול חיצוני בשנת 2025,,0.25,,,,,,,השתלמות,2026-09-30T22:27:25+00:00,https://infinity.co.il/wp-content/uploads/2025/10/עותק-של-מדיניות-השקעה-מוצהרת-אתר-החברה-15.9.25-1.xls,policy/companies/513621110/raw/513621110/799a66317208_עותק-של-מדיניות-השקעה-מוצהרת-אתר-החברה-15.9.25-1.xls,השתלמות
513621110,,,513621110|השתלמות|קידוד,קידוד,2025,"מניות (תעודות סל, אופציות, קרנות נאמנות, חוזים עתידיים)",equity,95.23,94.0,6% -/+,88.0,100.0,"50% ת""א 125, 50% MSCI WORLD ALL COUNTRY",,השתלמות,2026-09-30T22:27:25+00:00,https://infinity.co.il/wp-content/uploads/2025/10/עותק-של-מדיניות-השקעה-מוצהרת-אתר-החברה-15.9.25-1.xls,policy/companies/513621110/raw/513621110/799a66317208_עותק-של-מדיניות-השקעה-מוצהרת-אתר-החברה-15.9.25-1.xls,השתלמות
513621110,,,513621110|השתלמות|קידוד,קידוד,2025,"אג""ח ממשלתי (לרבות מק""מ בנק ישראל או אג""ח ממשלת ארה""ב)",,9.47,10.0,5% -/+,5.0,15.0,"50% ממשלתי שקלי 2-5, 50% ממשלתי צמוד 2-5",,השתלמות,2026-09-30T22:27:25+00:00,https://infinity.co.il/wp-content/uploads/2025/10/עותק-של-מדיניות-השקעה-מוצהרת-אתר-החברה-15.9.25-1.xls,policy/companies/513621110/raw/513621110/799a66317208_עותק-של-מדיניות-השקעה-מוצהרת-אתר-החברה-15.9.25-1.xls,השתלמות
513621110,,,513621110|השתלמות|קידוד,קידוד,2025,"אג""ח חברות (קרנות נאמנות, תעודות סל ואג""ח קונצרני לא סחיר)",,0.0,0.0,6% -/+,0.0,6.0,"50% תל בונד 60, 50% תל בונד שקלי",,השתלמות,2026-09-30T22:27:25+00:00,https://infinity.co.il/wp-content/uploads/2025/10/עותק-של-מדיניות-השקעה-מוצהרת-אתר-החברה-15.9.25-1.xls,policy/companies/513621110/raw/513621110/799a66317208_עותק-של-מדיניות-השקעה-מוצהרת-אתר-החברה-15.9.25-1.xls,השתלמות
513621110,,,513621110|השתלמות|קידוד,קידוד,2025,פקדונות,,12.46,10.0,5% -/+,5.0,15.0,"מק""מ (לשנה)",,השתלמות,2026-09-30T22:27:25+00:00,https://infinity.co.il/wp-content/uploads/2025/10/עותק-של-מדיניות-השקעה-מוצהרת-אתר-החברה-15.9.25-1.xls,policy/companies/513621110/raw/513621110/799a66317208_עותק-של-מדיניות-השקעה-מוצהרת-אתר-החברה-15.9.25-1.xls,השתלמות
513621110,,,513621110|השתלמות|קידוד,קידוד,2025,אחר (קרנות השקעה והלוואות לעמיתים),,0.32,3.0,5% -/+,0.0,8.0,"מק""מ (לשנה)",,השתלמות,2026-09-30T22:27:25+00:00,https://infinity.co.il/wp-content/uploads/2025/10/עותק-של-מדיניות-השקעה-מוצהרת-אתר-החברה-15.9.25-1.xls,policy/companies/513621110/raw/513621110/799a66317208_עותק-של-מדיניות-השקעה-מוצהרת-אתר-החברה-15.9.25-1.xls,השתלמות
513621110,,,513621110|השתלמות|קידוד,קידוד,2025,מזומן,,2.38,5.0,5% -/+,0.0,10.0,"מק""מ (לשנה)",,השתלמות,2026-09-30T22:27:25+00:00,https://infinity.co.il/wp-content/uploads/2025/10/עותק-של-מדיניות-השקעה-מוצהרת-אתר-החברה-15.9.25-1.xls,policy/companies/513621110/raw/513621110/799a66317208_עותק-של-מדיניות-השקעה-מוצהרת-אתר-החברה-15.9.25-1.xls,השתלמות
513621110,,,513621110|השתלמות|קידוד,קידוד,2025,"חשיפה למט""ח",fx,30.97,36.0,6% -/+,30.0,42.0,ערכי מטבע,,השתלמות,2026-09-30T22:27:25+00:00,https://infinity.co.il/wp-content/uploads/2025/10/עותק-של-מדיניות-השקעה-מוצהרת-אתר-החברה-15.9.25-1.xls,policy/companies/513621110/raw/513621110/799a66317208_עותק-של-מדיניות-השקעה-מוצהרת-אתר-החברה-15.9.25-1.xls,השתלמות
513621110,,,513621110|השתלמות|קידוד,קידוד,2025,מגבלת עמלת ניהול חיצוני בשנת 2025,,0.25,,,,,,,השתלמות,2026-09-30T22:27:25+00:00,https://infinity.co.il/wp-content/uploads/2025/10/עותק-של-מדיניות-השקעה-מוצהרת-אתר-החברה-15.9.25-1.xls,policy/companies/513621110/raw/513621110/799a66317208_עותק-של-מדיניות-השקעה-מוצהרת-אתר-החברה-15.9.25-1.xls,השתלמות
513621110,,,513621110|השתלמות|קידוד,קידוד,2025,"מניות (תעודות סל, אופציות, קרנות נאמנות)",equity,99.8,94.0,6% -/+,88.0,100.0,100% מדד S&P 500,,השתלמות,2026-09-30T22:27:25+00:00,https://infinity.co.il/wp-content/uploads/2025/10/עותק-של-מדיניות-השקעה-מוצהרת-אתר-החברה-15.9.25-1.xls,policy/companies/513621110/raw/513621110/799a66317208_עותק-של-מדיניות-השקעה-מוצהרת-אתר-החברה-15.9.25-1.xls,השתלמות
513621110,,,513621110|השתלמות|קידוד,קידוד,2025,"אג""ח ממשלתי (לרבות אג""ח ממשלת ארה""ב)",,12.74,15.0,5% -/+,10.0,20.0,"50% ממשלתי שקלי 2-5, 50% ממשלתי צמוד 2-5",,השתלמות,2026-09-30T22:27:25+00:00,https://infinity.co.il/wp-content/uploads/2025/10/עותק-של-מדיניות-השקעה-מוצהרת-אתר-החברה-15.9.25-1.xls,policy/companies/513621110/raw/513621110/799a66317208_עותק-של-מדיניות-השקעה-מוצהרת-אתר-החברה-15.9.25-1.xls,השתלמות
513621110,,,513621110|השתלמות|קידוד,קידוד,2025,"אג""ח חברות (קרנות נאמנות, תעודות סל ואג""ח קונצרני לא סחיר)",,0.0,0.0,6% -/+,0.0,6.0,"50% תל בונד 60, 50% תל בונד שקלי",,השתלמות,2026-09-30T22:27:25+00:00,https://infinity.co.il/wp-content/uploads/2025/10/עותק-של-מדיניות-השקעה-מוצהרת-אתר-החברה-15.9.25-1.xls,policy/companies/513621110/raw/513621110/799a66317208_עותק-של-מדיניות-השקעה-מוצהרת-אתר-החברה-15.9.25-1.xls,השתלמות
513621110,,,513621110|השתלמות|קידוד,קידוד,2025,פקדונות,,15.92,16.0,5% -/+,11.0,21.0,"מק""מ (לשנה)",,השתלמות,2026-09-30T22:27:25+00:00,https://infinity.co.il/wp-content/uploads/2025/10/עותק-של-מדיניות-השקעה-מוצהרת-אתר-החברה-15.9.25-1.xls,policy/companies/513621110/raw/513621110/799a66317208_עותק-של-מדיניות-השקעה-מוצהרת-אתר-החברה-15.9.25-1.xls,השתלמות
513621110,,,513621110|השתלמות|קידוד,קידוד,2025,אחר (קרנות השקעה והלוואות לעמיתים),,0.0,5.0,5% -/+,0.0,10.0,"מק""מ (לשנה)",,השתלמות,2026-09-30T22:27:25+00:00,https://infinity.co.il/wp-content/uploads/2025/10/עותק-של-מדיניות-השקעה-מוצהרת-אתר-החברה-15.9.25-1.xls,policy/companies/513621110/raw/513621110/799a66317208_עותק-של-מדיניות-השקעה-מוצהרת-אתר-החברה-15.9.25-1.xls,השתלמות
513621110,,,513621110|השתלמות|קידוד,קידוד,2025,מזומן,,3.9,5.0,5% -/+,0.0,10.0,"מק""מ (לשנה)",,השתלמות,2026-09-30T22:27:25+00:00,https://infinity.co.il/wp-content/uploads/2025/10/עותק-של-מדיניות-השקעה-מוצהרת-אתר-החברה-15.9.25-1.xls,policy/companies/513621110/raw/513621110/799a66317208_עותק-של-מדיניות-השקעה-מוצהרת-אתר-החברה-15.9.25-1.xls,השתלמות
513621110,,,513621110|השתלמות|קידוד,קידוד,2025,"חשיפה למט""ח",fx,92.77,94.0,6% -/+,88.0,100.0,ערכי מטבע,,השתלמות,2026-09-30T22:27:25+00:00,https://infinity.co.il/wp-content/uploads/2025/10/עותק-של-מדיניות-השקעה-מוצהרת-אתר-החברה-15.9.25-1.xls,policy/companies/513621110/raw/513621110/799a66317208_עותק-של-מדיניות-השקעה-מוצהרת-אתר-החברה-15.9.25-1.xls,השתלמות
513621110,,,513621110|השתלמות|קידוד,קידוד,2025,מגבלת עמלת ניהול חיצוני בשנת 2025,,0.35,,,,,,,השתלמות,2026-09-30T22:27:25+00:00,https://infinity.co.il/wp-content/uploads/2025/10/עותק-של-מדיניות-השקעה-מוצהרת-אתר-החברה-15.9.25-1.xls,policy/companies/513621110/raw/513621110/799a66317208_עותק-של-מדיניות-השקעה-מוצהרת-אתר-החברה-15.9.25-1.xls,השתלמות
513621110,,,513621110|השתלמות|קידוד,קידוד,2025,"מניות (תעודות סל, אופציות, קרנות נאמנות)",equity,96.28,94.0,6% -/+,88.0,100.0,US Listed Semiconductor 25 Index-MVSMHTR-25% Consumer Discretionary Sector Index-IXYTR-25% Communication Services Sector Index-IXCTR-25% software &services industry group gics level 2 index-S5SFTW-15% technology hardware & equipment  industry group gics level 2 index-S5TECH-10%,,השתלמות,2026-09-30T22:27:25+00:00,https://infinity.co.il/wp-content/uploads/2025/10/עותק-של-מדיניות-השקעה-מוצהרת-אתר-החברה-15.9.25-1.xls,policy/companies/513621110/raw/513621110/799a66317208_עותק-של-מדיניות-השקעה-מוצהרת-אתר-החברה-15.9.25-1.xls,השתלמות
513621110,,,513621110|השתלמות|קידוד,קידוד,2025,"אג""ח ממשלתי (לרבות אג""ח ממשלת ארה""ב)",,0.0,25.0,5% -/+,20.0,30.0,"50% ממשלתי שקלי 2-5, 50% ממשלתי צמוד 2-5",,השתלמות,2026-09-30T22:27:25+00:00,https://infinity.co.il/wp-content/uploads/2025/10/עותק-של-מדיניות-השקעה-מוצהרת-אתר-החברה-15.9.25-1.xls,policy/companies/513621110/raw/513621110/799a66317208_עותק-של-מדיניות-השקעה-מוצהרת-אתר-החברה-15.9.25-1.xls,השתלמות
513621110,,,513621110|השתלמות|קידוד,קידוד,2025,"אג""ח חברות (קרנות נאמנות, תעודות סל ואג""ח קונצרני לא סחיר)",,0.0,0.0,6% -/+,0.0,6.0,"50% תל בונד 60, 50% תל בונד שקלי",,השתלמות,2026-09-30T22:27:25+00:00,https://infinity.co.il/wp-content/uploads/2025/10/עותק-של-מדיניות-השקעה-מוצהרת-אתר-החברה-15.9.25-1.xls,policy/companies/513621110/raw/513621110/799a66317208_עותק-של-מדיניות-השקעה-מוצהרת-אתר-החברה-15.9.25-1.xls,השתלמות
513621110,,,513621110|השתלמות|קידוד,קידוד,2025,"אחר (קרנות השקעה, פקדונות  והלוואות לעמיתים)",,0.0,0.0,5% -/+,0.0,5.0,"מק""מ (לשנה)",,השתלמות,2026-09-30T22:27:25+00:00,https://infinity.co.il/wp-content/uploads/2025/10/עותק-של-מדיניות-השקעה-מוצהרת-אתר-החברה-15.9.25-1.xls,policy/companies/513621110/raw/513621110/799a66317208_עותק-של-מדיניות-השקעה-מוצהרת-אתר-החברה-15.9.25-1.xls,השתלמות
513621110,,,513621110|השתלמות|קידוד,קידוד,2025,מזומן,,3.72,1.0,5% -/+,0.0,6.0,"מק""מ (לשנה)",,השתלמות,2026-09-30T22:27:25+00:00,https://infinity.co.il/wp-content/uploads/2025/10/עותק-של-מדיניות-השקעה-מוצהרת-אתר-החברה-15.9.25-1.xls,policy/companies/513621110/raw/513621110/799a66317208_עותק-של-מדיניות-השקעה-מוצהרת-אתר-החברה-15.9.25-1.xls,השתלמות
513621110,,,513621110|השתלמות|קידוד,קידוד,2025,"חשיפה למט""ח",fx,90.48,94.0,6% -/+,88.0,100.0,ערכי מטבע,,השתלמות,2026-09-30T22:27:25+00:00,https://infinity.co.il/wp-content/uploads/2025/10/עותק-של-מדיניות-השקעה-מוצהרת-אתר-החברה-15.9.25-1.xls,policy/companies/513621110/raw/513621110/799a66317208_עותק-של-מדיניות-השקעה-מוצהרת-אתר-החברה-15.9.25-1.xls,השתלמות
513621110,,,513621110|השתלמות|קידוד,קידוד,2025,מגבלת עמלת ניהול חיצוני בשנת 2025,,2.0,,,,,,,השתלמות,2026-09-30T22:27:25+00:00,https://infinity.co.il/wp-content/uploads/2025/10/עותק-של-מדיניות-השקעה-מוצהרת-אתר-החברה-15.9.25-1.xls,policy/companies/513621110/raw/513621110/799a66317208_עותק-של-מדיניות-השקעה-מוצהרת-אתר-החברה-15.9.25-1.xls,השתלמות
513621110,,,513621110|השתלמות|קידוד,קידוד,2025,"מניות (תעודות סל, אופציות, קרנות נאמנות)",equity,99.28,98.0,6% -/+,88.0,100.0,100% MSCI WORLD ALL COUNTRIES,,השתלמות,2026-09-30T22:27:25+00:00,https://infinity.co.il/wp-content/uploads/2025/10/עותק-של-מדיניות-השקעה-מוצהרת-אתר-החברה-15.9.25-1.xls,policy/companies/513621110/raw/513621110/799a66317208_עותק-של-מדיניות-השקעה-מוצהרת-אתר-החברה-15.9.25-1.xls,השתלמות
513621110,,,513621110|השתלמות|קידוד,קידוד,2025,"אג""ח ממשלתי (לרבות מק""מ בנק ישראל)",,31.98,30.0,5% -/+,25.0,35.0,"50% ממשלתי שקלי 2-5, 50% ממשלתי צמוד 2-5",,השתלמות,2026-09-30T22:27:25+00:00,https://infinity.co.il/wp-content/uploads/2025/10/עותק-של-מדיניות-השקעה-מוצהרת-אתר-החברה-15.9.25-1.xls,policy/companies/513621110/raw/513621110/799a66317208_עותק-של-מדיניות-השקעה-מוצהרת-אתר-החברה-15.9.25-1.xls,השתלמות
513621110,,,513621110|השתלמות|קידוד,קידוד,2025,"אג""ח חברות (קרנות נאמנות, תעודות סל ואג""ח קונצרני לא סחיר)",,0.0,0.0,6% -/+,0.0,6.0,"50% תל בונד 60, 50% תל בונד שקלי",,השתלמות,2026-09-30T22:27:25+00:00,https://infinity.co.il/wp-content/uploads/2025/10/עותק-של-מדיניות-השקעה-מוצהרת-אתר-החברה-15.9.25-1.xls,policy/companies/513621110/raw/513621110/799a66317208_עותק-של-מדיניות-השקעה-מוצהרת-אתר-החברה-15.9.25-1.xls,השתלמות
513621110,,,513621110|השתלמות|קידוד,קידוד,2025,פקדונות,,15.72,15.0,5% -/+,10.0,20.0,"מק""מ (לשנה)",,השתלמות,2026-09-30T22:27:25+00:00,https://infinity.co.il/wp-content/uploads/2025/10/עותק-של-מדיניות-השקעה-מוצהרת-אתר-החברה-15.9.25-1.xls,policy/companies/513621110/raw/513621110/799a66317208_עותק-של-מדיניות-השקעה-מוצהרת-אתר-החברה-15.9.25-1.xls,השתלמות
513621110,,,513621110|השתלמות|קידוד,קידוד,2025,אחר (קרנות השקעה והלוואות לעמיתים),,2.97,0.0,5% -/+,0.0,5.0,"מק""מ (לשנה)",,השתלמות,2026-09-30T22:27:25+00:00,https://infinity.co.il/wp-content/uploads/2025/10/עותק-של-מדיניות-השקעה-מוצהרת-אתר-החברה-15.9.25-1.xls,policy/companies/513621110/raw/513621110/799a66317208_עותק-של-מדיניות-השקעה-מוצהרת-אתר-החברה-15.9.25-1.xls,השתלמות
513621110,,,513621110|השתלמות|קידוד,קידוד,2025,מזומן,,2.08,5.0,5% -/+,0.0,10.0,"מק""מ (לשנה)",,השתלמות,2026-09-30T22:27:25+00:00,https://infinity.co.il/wp-content/uploads/2025/10/עותק-של-מדיניות-השקעה-מוצהרת-אתר-החברה-15.9.25-1.xls,policy/companies/513621110/raw/513621110/799a66317208_עותק-של-מדיניות-השקעה-מוצהרת-אתר-החברה-15.9.25-1.xls,השתלמות
513621110,,,513621110|השתלמות|קידוד,קידוד,2025,"חשיפה למט""ח",fx,92.14,94.0,6% -/+,88.0,100.0,ערכי מטבע,,השתלמות,2026-09-30T22:27:25+00:00,https://infinity.co.il/wp-content/uploads/2025/10/עותק-של-מדיניות-השקעה-מוצהרת-אתר-החברה-15.9.25-1.xls,policy/companies/513621110/raw/513621110/799a66317208_עותק-של-מדיניות-השקעה-מוצהרת-אתר-החברה-15.9.25-1.xls,השתלמות
513621110,,,513621110|השתלמות|קידוד,קידוד,2025,מגבלת עמלת ניהול חיצוני בשנת 2025,,0.5,,,,,,,השתלמות,2026-09-30T22:27:25+00:00,https://infinity.co.il/wp-content/uploads/2025/10/עותק-של-מדיניות-השקעה-מוצהרת-אתר-החברה-15.9.25-1.xls,policy/companies/513621110/raw/513621110/799a66317208_עותק-של-מדיניות-השקעה-מוצהרת-אתר-החברה-15.9.25-1.xls,השתלמות
513621110,,,513621110|גמל להשקעה|קידוד,קידוד,2025,"מניות (תעודות סל, אופציות, קרנות נאמנות)",equity,49.84,48.0,6% -/+,42.0,54.0,"50% ת""א 125, 50% MSCI WORLD ALL COUNTRY",,גמל להשקעה,2026-09-30T22:27:25+00:00,https://infinity.co.il/wp-content/uploads/2025/10/עותק-של-מדיניות-השקעה-מוצהרת-אתר-החברה-15.9.25-1.xls,policy/companies/513621110/raw/513621110/799a66317208_עותק-של-מדיניות-השקעה-מוצהרת-אתר-החברה-15.9.25-1.xls,גמל להשקעה
513621110,,,513621110|גמל להשקעה|קידוד,קידוד,2025,"אג""ח ממשלתי (לרבות מק""מ בנק ישראל)",,19.66,24.0,5% -/+,19.0,29.0,"50% ממשלתי שקלי 2-5, 50% ממשלתי צמוד 2-5",,גמל להשקעה,2026-09-30T22:27:25+00:00,https://infinity.co.il/wp-content/uploads/2025/10/עותק-של-מדיניות-השקעה-מוצהרת-אתר-החברה-15.9.25-1.xls,policy/companies/513621110/raw/513621110/799a66317208_עותק-של-מדיניות-השקעה-מוצהרת-אתר-החברה-15.9.25-1.xls,גמל להשקעה
513621110,,,513621110|גמל להשקעה|קידוד,קידוד,2025,"אג""ח חברות (קרנות נאמנות, תעודות סל ואג""ח קונצרני לא סחיר)",,22.94,26.0,6% -/+,20.0,32.0,"50% תל בונד 60, 50% תל בונד שקלי",,גמל להשקעה,2026-09-30T22:27:25+00:00,https://infinity.co.il/wp-content/uploads/2025/10/עותק-של-מדיניות-השקעה-מוצהרת-אתר-החברה-15.9.25-1.xls,policy/companies/513621110/raw/513621110/799a66317208_עותק-של-מדיניות-השקעה-מוצהרת-אתר-החברה-15.9.25-1.xls,גמל להשקעה
513621110,,,513621110|גמל להשקעה|קידוד,קידוד,2025,"אחר (קרנות השקעה, פקדונות  והלוואות לעמיתים)",,3.62,1.0,5% -/+,0.0,6.0,"מק""מ (לשנה)",,גמל להשקעה,2026-09-30T22:27:25+00:00,https://infinity.co.il/wp-content/uploads/2025/10/עותק-של-מדיניות-השקעה-מוצהרת-אתר-החברה-15.9.25-1.xls,policy/companies/513621110/raw/513621110/799a66317208_עותק-של-מדיניות-השקעה-מוצהרת-אתר-החברה-15.9.25-1.xls,גמל להשקעה
513621110,,,513621110|גמל להשקעה|קידוד,קידוד,2025,מזומן,,3.95,1.0,5% -/+,0.0,6.0,"מק""מ (לשנה)",,גמל להשקעה,2026-09-30T22:27:25+00:00,https://infinity.co.il/wp-content/uploads/2025/10/עותק-של-מדיניות-השקעה-מוצהרת-אתר-החברה-15.9.25-1.xls,policy/companies/513621110/raw/513621110/799a66317208_עותק-של-מדיניות-השקעה-מוצהרת-אתר-החברה-15.9.25-1.xls,גמל להשקעה
513621110,,,513621110|גמל להשקעה|קידוד,קידוד,2025,"חשיפה למט""ח",fx,15.53,19.0,6% -/+,13.0,25.0,ערכי מטבע,,גמל להשקעה,2026-09-30T22:27:25+00:00,https://infinity.co.il/wp-content/uploads/2025/10/עותק-של-מדיניות-השקעה-מוצהרת-אתר-החברה-15.9.25-1.xls,policy/companies/513621110/raw/513621110/799a66317208_עותק-של-מדיניות-השקעה-מוצהרת-אתר-החברה-15.9.25-1.xls,גמל להשקעה
513621110,,,513621110|גמל להשקעה|קידוד,קידוד,2025,מגבלת עמלת ניהול חיצוני בשנת 2025,,0.25,,,,,,,גמל להשקעה,2026-09-30T22:27:25+00:00,https://infinity.co.il/wp-content/uploads/2025/10/עותק-של-מדיניות-השקעה-מוצהרת-אתר-החברה-15.9.25-1.xls,policy/companies/513621110/raw/513621110/799a66317208_עותק-של-מדיניות-השקעה-מוצהרת-אתר-החברה-15.9.25-1.xls,גמל להשקעה
513621110,,,513621110|גמל להשקעה|קידוד,קידוד,2025,"מניות (תעודות סל, אופציות, קרנות נאמנות)",equity,54.15,50.0,6% -/+,44.0,56.0,"50% ת""א 125, 50% MSCI WORLD ALL COUNTRY",,גמל להשקעה,2026-09-30T22:27:25+00:00,https://infinity.co.il/wp-content/uploads/2025/10/עותק-של-מדיניות-השקעה-מוצהרת-אתר-החברה-15.9.25-1.xls,policy/companies/513621110/raw/513621110/799a66317208_עותק-של-מדיניות-השקעה-מוצהרת-אתר-החברה-15.9.25-1.xls,גמל להשקעה
513621110,,,513621110|גמל להשקעה|קידוד,קידוד,2025,"אג""ח ממשלתי (לרבות מק""מ בנק ישראל)",,22.89,22.0,5% -/+,17.0,27.0,"50% ממשלתי שקלי 2-5, 50% ממשלתי צמוד 2-5",,גמל להשקעה,2026-09-30T22:27:25+00:00,https://infinity.co.il/wp-content/uploads/2025/10/עותק-של-מדיניות-השקעה-מוצהרת-אתר-החברה-15.9.25-1.xls,policy/companies/513621110/raw/513621110/799a66317208_עותק-של-מדיניות-השקעה-מוצהרת-אתר-החברה-15.9.25-1.xls,גמל להשקעה
513621110,,,513621110|גמל להשקעה|קידוד,קידוד,2025,"אג""ח חברות (קרנות נאמנות, תעודות סל ואג""ח קונצרני לא סחיר)",,21.55,22.0,6% -/+,28.0,16.0,"50% תל בונד 60, 50% תל בונד שקלי",,גמל להשקעה,2026-09-30T22:27:25+00:00,https://infinity.co.il/wp-content/uploads/2025/10/עותק-של-מדיניות-השקעה-מוצהרת-אתר-החברה-15.9.25-1.xls,policy/companies/513621110/raw/513621110/799a66317208_עותק-של-מדיניות-השקעה-מוצהרת-אתר-החברה-15.9.25-1.xls,גמל להשקעה
513621110,,,513621110|גמל להשקעה|קידוד,קידוד,2025,"אחר (קרנות השקעה, פקדונות  והלוואות לעמיתים)",,0.0,5.0,5% -/+,0.0,10.0,"מק""מ (לשנה)",,גמל להשקעה,2026-09-30T22:27:25+00:00,https://infinity.co.il/wp-content/uploads/2025/10/עותק-של-מדיניות-השקעה-מוצהרת-אתר-החברה-15.9.25-1.xls,policy/companies/513621110/raw/513621110/799a66317208_עותק-של-מדיניות-השקעה-מוצהרת-אתר-החברה-15.9.25-1.xls,גמל להשקעה
513621110,,,513621110|גמל להשקעה|קידוד,קידוד,2025,מזומן,,1.41,1.0,5% -/+,0.0,6.0,"מק""מ (לשנה)",,גמל להשקעה,2026-09-30T22:27:25+00:00,https://infinity.co.il/wp-content/uploads/2025/10/עותק-של-מדיניות-השקעה-מוצהרת-אתר-החברה-15.9.25-1.xls,policy/companies/513621110/raw/513621110/799a66317208_עותק-של-מדיניות-השקעה-מוצהרת-אתר-החברה-15.9.25-1.xls,גמל להשקעה
513621110,,,513621110|גמל להשקעה|קידוד,קידוד,2025,"חשיפה למט""ח",fx,24.39,19.0,6% -/+,13.0,25.0,ערכי מטבע,,גמל להשקעה,2026-09-30T22:27:25+00:00,https://infinity.co.il/wp-content/uploads/2025/10/עותק-של-מדיניות-השקעה-מוצהרת-אתר-החברה-15.9.25-1.xls,policy/companies/513621110/raw/513621110/799a66317208_עותק-של-מדיניות-השקעה-מוצהרת-אתר-החברה-15.9.25-1.xls,גמל להשקעה
513621110,,,513621110|גמל להשקעה|קידוד,קידוד,2025,מגבלת עמלת ניהול חיצוני בשנת 2025,,0.5,,,,,,,גמל להשקעה,2026-09-30T22:27:25+00:00,https://infinity.co.il/wp-content/uploads/2025/10/עותק-של-מדיניות-השקעה-מוצהרת-אתר-החברה-15.9.25-1.xls,policy/companies/513621110/raw/513621110/799a66317208_עותק-של-מדיניות-השקעה-מוצהרת-אתר-החברה-15.9.25-1.xls,גמל להשקעה
513621110,,,513621110|גמל להשקעה|קידוד,קידוד,2025,"מניות (תעודות סל, אופציות, קרנות נאמנות)",equity,20.66,19.0,6% -/+,13.0,25.0,"50% ת""א 125, 50% MSCI WORLD ALL COUNTRY",,גמל להשקעה,2026-09-30T22:27:25+00:00,https://infinity.co.il/wp-content/uploads/2025/10/עותק-של-מדיניות-השקעה-מוצהרת-אתר-החברה-15.9.25-1.xls,policy/companies/513621110/raw/513621110/799a66317208_עותק-של-מדיניות-השקעה-מוצהרת-אתר-החברה-15.9.25-1.xls,גמל להשקעה
513621110,,,513621110|גמל להשקעה|קידוד,קידוד,2025,"אג""ח ממשלתי (לרבות מק""מ בנק ישראל)",,36.04,34.0,5% -/+,29.0,39.0,"50% ממשלתי שקלי 2-5, 50% ממשלתי צמוד 2-5",,גמל להשקעה,2026-09-30T22:27:25+00:00,https://infinity.co.il/wp-content/uploads/2025/10/עותק-של-מדיניות-השקעה-מוצהרת-אתר-החברה-15.9.25-1.xls,policy/companies/513621110/raw/513621110/799a66317208_עותק-של-מדיניות-השקעה-מוצהרת-אתר-החברה-15.9.25-1.xls,גמל להשקעה
513621110,,,513621110|גמל להשקעה|קידוד,קידוד,2025,"אג""ח חברות (קרנות נאמנות, תעודות סל ואג""ח קונצרני לא סחיר)",,37.96,37.0,6% -/+,31.0,43.0,"50% תל בונד 60, 50% תל בונד שקלי",,גמל להשקעה,2026-09-30T22:27:25+00:00,https://infinity.co.il/wp-content/uploads/2025/10/עותק-של-מדיניות-השקעה-מוצהרת-אתר-החברה-15.9.25-1.xls,policy/companies/513621110/raw/513621110/799a66317208_עותק-של-מדיניות-השקעה-מוצהרת-אתר-החברה-15.9.25-1.xls,גמל להשקעה
513621110,,,513621110|גמל להשקעה|קידוד,קידוד,2025,"אחר (קרנות השקעה, פקדונות  והלוואות לעמיתים)",,2.09,5.0,5% -/+,0.0,10.0,"מק""מ (לשנה)",,גמל להשקעה,2026-09-30T22:27:25+00:00,https://infinity.co.il/wp-content/uploads/2025/10/עותק-של-מדיניות-השקעה-מוצהרת-אתר-החברה-15.9.25-1.xls,policy/companies/513621110/raw/513621110/799a66317208_עותק-של-מדיניות-השקעה-מוצהרת-אתר-החברה-15.9.25-1.xls,גמל להשקעה
513621110,,,513621110|גמל להשקעה|קידוד,קידוד,2025,מזומן,,3.26,5.0,5% -/+,0.0,10.0,"מק""מ (לשנה)",,גמל להשקעה,2026-09-30T22:27:25+00:00,https://infinity.co.il/wp-content/uploads/2025/10/עותק-של-מדיניות-השקעה-מוצהרת-אתר-החברה-15.9.25-1.xls,policy/companies/513621110/raw/513621110/799a66317208_עותק-של-מדיניות-השקעה-מוצהרת-אתר-החברה-15.9.25-1.xls,גמל להשקעה
513621110,,,513621110|גמל להשקעה|קידוד,קידוד,2025,"חשיפה למט""ח",fx,6.15,12.0,6% -/+,6.0,18.0,ערכי מטבע,,גמל להשקעה,2026-09-30T22:27:25+00:00,https://infinity.co.il/wp-content/uploads/2025/10/עותק-של-מדיניות-השקעה-מוצהרת-אתר-החברה-15.9.25-1.xls,policy/companies/513621110/raw/513621110/799a66317208_עותק-של-מדיניות-השקעה-מוצהרת-אתר-החברה-15.9.25-1.xls,גמל להשקעה
513621110,,,513621110|גמל להשקעה|קידוד,קידוד,2025,מגבלת עמלת ניהול חיצוני בשנת 2025,,0.25,,,,,,,גמל להשקעה,2026-09-30T22:27:25+00:00,https://infinity.co.il/wp-content/uploads/2025/10/עותק-של-מדיניות-השקעה-מוצהרת-אתר-החברה-15.9.25-1.xls,policy/companies/513621110/raw/513621110/799a66317208_עותק-של-מדיניות-השקעה-מוצהרת-אתר-החברה-15.9.25-1.xls,גמל להשקעה
513621110,,,513621110|גמל להשקעה|קידוד,קידוד,2025,"מניות (תעודות סל, אופציות, קרנות נאמנות)",equity,95.42,94.0,6% -/+,88.0,100.0,"50% ת""א 125, 50% MSCI WORLD ALL COUNTRY",,גמל להשקעה,2026-09-30T22:27:25+00:00,https://infinity.co.il/wp-content/uploads/2025/10/עותק-של-מדיניות-השקעה-מוצהרת-אתר-החברה-15.9.25-1.xls,policy/companies/513621110/raw/513621110/799a66317208_עותק-של-מדיניות-השקעה-מוצהרת-אתר-החברה-15.9.25-1.xls,גמל להשקעה
513621110,,,513621110|גמל להשקעה|קידוד,קידוד,2025,"אג""ח ממשלתי (לרבות מק""מ בנק ישראל)",,0.0,0.0,5% -/+,0.0,5.0,"50% ממשלתי שקלי 2-5, 50% ממשלתי צמוד 2-5",,גמל להשקעה,2026-09-30T22:27:25+00:00,https://infinity.co.il/wp-content/uploads/2025/10/עותק-של-מדיניות-השקעה-מוצהרת-אתר-החברה-15.9.25-1.xls,policy/companies/513621110/raw/513621110/799a66317208_עותק-של-מדיניות-השקעה-מוצהרת-אתר-החברה-15.9.25-1.xls,גמל להשקעה
513621110,,,513621110|גמל להשקעה|קידוד,קידוד,2025,"אג""ח חברות (קרנות נאמנות, תעודות סל ואג""ח קונצרני לא סחיר)",,0.0,0.0,6% -/+,0.0,6.0,"50% תל בונד 60, 50% תל בונד שקלי",,גמל להשקעה,2026-09-30T22:27:25+00:00,https://infinity.co.il/wp-content/uploads/2025/10/עותק-של-מדיניות-השקעה-מוצהרת-אתר-החברה-15.9.25-1.xls,policy/companies/513621110/raw/513621110/799a66317208_עותק-של-מדיניות-השקעה-מוצהרת-אתר-החברה-15.9.25-1.xls,גמל להשקעה
513621110,,,513621110|גמל להשקעה|קידוד,קידוד,2025,"אחר (קרנות השקעה, פקדונות  והלוואות לעמיתים)",,0.3,1.0,5% -/+,0.0,6.0,"מק""מ (לשנה)",,גמל להשקעה,2026-09-30T22:27:25+00:00,https://infinity.co.il/wp-content/uploads/2025/10/עותק-של-מדיניות-השקעה-מוצהרת-אתר-החברה-15.9.25-1.xls,policy/companies/513621110/raw/513621110/799a66317208_עותק-של-מדיניות-השקעה-מוצהרת-אתר-החברה-15.9.25-1.xls,גמל להשקעה
513621110,,,513621110|גמל להשקעה|קידוד,קידוד,2025,מזומן,,5.36,5.0,5% -/+,0.0,10.0,"מק""מ (לשנה)",,גמל להשקעה,2026-09-30T22:27:25+00:00,https://infinity.co.il/wp-content/uploads/2025/10/עותק-של-מדיניות-השקעה-מוצהרת-אתר-החברה-15.9.25-1.xls,policy/companies/513621110/raw/513621110/799a66317208_עותק-של-מדיניות-השקעה-מוצהרת-אתר-החברה-15.9.25-1.xls,גמל להשקעה
513621110,,,513621110|גמל להשקעה|קידוד,קידוד,2025,"חשיפה למט""ח",fx,33.32,36.0,6% -/+,30.0,42.0,ערכי מטבע,,גמל להשקעה,2026-09-30T22:27:25+00:00,https://infinity.co.il/wp-content/uploads/2025/10/עותק-של-מדיניות-השקעה-מוצהרת-אתר-החברה-15.9.25-1.xls,policy/companies/513621110/raw/513621110/799a66317208_עותק-של-מדיניות-השקעה-מוצהרת-אתר-החברה-15.9.25-1.xls,גמל להשקעה
513621110,,,513621110|גמל להשקעה|קידוד,קידוד,2025,מגבלת עמלת ניהול חיצוני בשנת 2025,,0.25,,,,,,,גמל להשקעה,2026-09-30T22:27:25+00:00,https://infinity.co.il/wp-content/uploads/2025/10/עותק-של-מדיניות-השקעה-מוצהרת-אתר-החברה-15.9.25-1.xls,policy/companies/513621110/raw/513621110/799a66317208_עותק-של-מדיניות-השקעה-מוצהרת-אתר-החברה-15.9.25-1.xls,גמל להשקעה
513621110,,,513621110|גמל להשקעה|קידוד,קידוד,2025,"מניות (תעודות סל, אופציות, קרנות נאמנות)",equity,99.35,94.0,6% -/+,88.0,100.0,100% MSCI WORLD ALL COUNTRIES,,גמל להשקעה,2026-09-30T22:27:25+00:00,https://infinity.co.il/wp-content/uploads/2025/10/עותק-של-מדיניות-השקעה-מוצהרת-אתר-החברה-15.9.25-1.xls,policy/companies/513621110/raw/513621110/799a66317208_עותק-של-מדיניות-השקעה-מוצהרת-אתר-החברה-15.9.25-1.xls,גמל להשקעה
513621110,,,513621110|גמל להשקעה|קידוד,קידוד,2025,"אג""ח ממשלתי (לרבות מק""מ בנק ישראל)",,33.66,35.0,5% -/+,30.0,40.0,"50% ממשלתי שקלי 2-5, 50% ממשלתי צמוד 2-5",,גמל להשקעה,2026-09-30T22:27:25+00:00,https://infinity.co.il/wp-content/uploads/2025/10/עותק-של-מדיניות-השקעה-מוצהרת-אתר-החברה-15.9.25-1.xls,policy/companies/513621110/raw/513621110/799a66317208_עותק-של-מדיניות-השקעה-מוצהרת-אתר-החברה-15.9.25-1.xls,גמל להשקעה
513621110,,,513621110|גמל להשקעה|קידוד,קידוד,2025,"אג""ח חברות (קרנות נאמנות, תעודות סל ואג""ח קונצרני לא סחיר)",,0.0,0.0,6% -/+,0.0,6.0,"50% תל בונד 60, 50% תל בונד שקלי",,גמל להשקעה,2026-09-30T22:27:25+00:00,https://infinity.co.il/wp-content/uploads/2025/10/עותק-של-מדיניות-השקעה-מוצהרת-אתר-החברה-15.9.25-1.xls,policy/companies/513621110/raw/513621110/799a66317208_עותק-של-מדיניות-השקעה-מוצהרת-אתר-החברה-15.9.25-1.xls,גמל להשקעה
513621110,,,513621110|גמל להשקעה|קידוד,קידוד,2025,פקדונות,,19.03,15.0,5% -/+,10.0,20.0,"מק""מ (לשנה)",,גמל להשקעה,2026-09-30T22:27:25+00:00,https://infinity.co.il/wp-content/uploads/2025/10/עותק-של-מדיניות-השקעה-מוצהרת-אתר-החברה-15.9.25-1.xls,policy/companies/513621110/raw/513621110/799a66317208_עותק-של-מדיניות-השקעה-מוצהרת-אתר-החברה-15.9.25-1.xls,גמל להשקעה
513621110,,,513621110|גמל להשקעה|קידוד,קידוד,2025,אחר (קרנות השקעה והלוואות לעמיתים),,0.0,0.0,5% -/+,0.0,5.0,"מק""מ (לשנה)",,גמל להשקעה,2026-09-30T22:27:25+00:00,https://infinity.co.il/wp-content/uploads/2025/10/עותק-של-מדיניות-השקעה-מוצהרת-אתר-החברה-15.9.25-1.xls,policy/companies/513621110/raw/513621110/799a66317208_עותק-של-מדיניות-השקעה-מוצהרת-אתר-החברה-15.9.25-1.xls,גמל להשקעה
513621110,,,513621110|גמל להשקעה|קידוד,קידוד,2025,מזומן,,1.88,5.0,5% -/+,0.0,10.0,,,גמל להשקעה,2026-09-30T22:27:25+00:00,https://infinity.co.il/wp-content/uploads/2025/10/עותק-של-מדיניות-השקעה-מוצהרת-אתר-החברה-15.9.25-1.xls,policy/companies/513621110/raw/513621110/799a66317208_עותק-של-מדיניות-השקעה-מוצהרת-אתר-החברה-15.9.25-1.xls,גמל להשקעה
513621110,,,513621110|גמל להשקעה|קידוד,קידוד,2025,"חשיפה למט""ח",fx,92.9,94.0,6% -/+,88.0,100.0,ערכי מטבע,,גמל להשקעה,2026-09-30T22:27:25+00:00,https://infinity.co.il/wp-content/uploads/2025/10/עותק-של-מדיניות-השקעה-מוצהרת-אתר-החברה-15.9.25-1.xls,policy/companies/513621110/raw/513621110/799a66317208_עותק-של-מדיניות-השקעה-מוצהרת-אתר-החברה-15.9.25-1.xls,גמל להשקעה
513621110,,,513621110|גמל להשקעה|קידוד,קידוד,2025,מגבלת עמלת ניהול חיצוני בשנת 2025,,0.5,,,,,,,גמל להשקעה,2026-09-30T22:27:25+00:00,https://infinity.co.il/wp-content/uploads/2025/10/עותק-של-מדיניות-השקעה-מוצהרת-אתר-החברה-15.9.25-1.xls,policy/companies/513621110/raw/513621110/799a66317208_עותק-של-מדיניות-השקעה-מוצהרת-אתר-החברה-15.9.25-1.xls,גמל להשקעה
513621110,,,513621110|גמל להשקעה|קידוד,קידוד,2025,"מניות (תעודות סל, אופציות, קרנות נאמנות)",equity,99.9,94.0,6% -/+,88.0,100.0,100% מדד S&P 500,,גמל להשקעה,2026-09-30T22:27:25+00:00,https://infinity.co.il/wp-content/uploads/2025/10/עותק-של-מדיניות-השקעה-מוצהרת-אתר-החברה-15.9.25-1.xls,policy/companies/513621110/raw/513621110/799a66317208_עותק-של-מדיניות-השקעה-מוצהרת-אתר-החברה-15.9.25-1.xls,גמל להשקעה
513621110,,,513621110|גמל להשקעה|קידוד,קידוד,2025,"אג""ח ממשלתי (לרבות אג""ח ממשלת ארה""ב)",,16.67,15.0,5% -/+,10.0,20.0,"50% ממשלתי שקלי 2-5, 50% ממשלתי צמוד 2-5",,גמל להשקעה,2026-09-30T22:27:25+00:00,https://infinity.co.il/wp-content/uploads/2025/10/עותק-של-מדיניות-השקעה-מוצהרת-אתר-החברה-15.9.25-1.xls,policy/companies/513621110/raw/513621110/799a66317208_עותק-של-מדיניות-השקעה-מוצהרת-אתר-החברה-15.9.25-1.xls,גמל להשקעה
513621110,,,513621110|גמל להשקעה|קידוד,קידוד,2025,"אג""ח חברות (קרנות נאמנות, תעודות סל ואג""ח קונצרני לא סחיר)",,0.0,0.0,6% -/+,0.0,6.0,"50% תל בונד 60, 50% תל בונד שקלי",,גמל להשקעה,2026-09-30T22:27:25+00:00,https://infinity.co.il/wp-content/uploads/2025/10/עותק-של-מדיניות-השקעה-מוצהרת-אתר-החברה-15.9.25-1.xls,policy/companies/513621110/raw/513621110/799a66317208_עותק-של-מדיניות-השקעה-מוצהרת-אתר-החברה-15.9.25-1.xls,גמל להשקעה
513621110,,,513621110|גמל להשקעה|קידוד,קידוד,2025,פקדונות,,17.95,16.0,5% -/+,11.0,21.0,"מק""מ (לשנה)",,גמל להשקעה,2026-09-30T22:27:25+00:00,https://infinity.co.il/wp-content/uploads/2025/10/עותק-של-מדיניות-השקעה-מוצהרת-אתר-החברה-15.9.25-1.xls,policy/companies/513621110/raw/513621110/799a66317208_עותק-של-מדיניות-השקעה-מוצהרת-אתר-החברה-15.9.25-1.xls,גמל להשקעה
513621110,,,513621110|גמל להשקעה|קידוד,קידוד,2025,אחר (קרנות השקעה והלוואות לעמיתים),,0.0,5.0,5% -/+,0.0,10.0,"מק""מ (לשנה)",,גמל להשקעה,2026-09-30T22:27:25+00:00,https://infinity.co.il/wp-content/uploads/2025/10/עותק-של-מדיניות-השקעה-מוצהרת-אתר-החברה-15.9.25-1.xls,policy/companies/513621110/raw/513621110/799a66317208_עותק-של-מדיניות-השקעה-מוצהרת-אתר-החברה-15.9.25-1.xls,גמל להשקעה
513621110,,,513621110|גמל להשקעה|קידוד,קידוד,2025,מזומן,,4.68,5.0,5% -/+,0.0,10.0,"מק""מ (לשנה)",,גמל להשקעה,2026-09-30T22:27:25+00:00,https://infinity.co.il/wp-content/uploads/2025/10/עותק-של-מדיניות-השקעה-מוצהרת-אתר-החברה-15.9.25-1.xls,policy/companies/513621110/raw/513621110/799a66317208_עותק-של-מדיניות-השקעה-מוצהרת-אתר-החברה-15.9.25-1.xls,גמל להשקעה
513621110,,,513621110|גמל להשקעה|קידוד,קידוד,2025,"חשיפה למט""ח",fx,89.19,94.0,6% -/+,88.0,100.0,ערכי מטבע,,גמל להשקעה,2026-09-30T22:27:25+00:00,https://infinity.co.il/wp-content/uploads/2025/10/עותק-של-מדיניות-השקעה-מוצהרת-אתר-החברה-15.9.25-1.xls,policy/companies/513621110/raw/513621110/799a66317208_עותק-של-מדיניות-השקעה-מוצהרת-אתר-החברה-15.9.25-1.xls,גמל להשקעה
513621110,,,513621110|גמל להשקעה|קידוד,קידוד,2025,מגבלת עמלת ניהול חיצוני בשנת 2025,,0.35,,,,,,,גמל להשקעה,2026-09-30T22:27:25+00:00,https://infinity.co.il/wp-content/uploads/2025/10/עותק-של-מדיניות-השקעה-מוצהרת-אתר-החברה-15.9.25-1.xls,policy/companies/513621110/raw/513621110/799a66317208_עותק-של-מדיניות-השקעה-מוצהרת-אתר-החברה-15.9.25-1.xls,גמל להשקעה
513621110,,,513621110|גמל להשקעה|קידוד,קידוד,2025,"מניות (תעודות סל, אופציות, קרנות נאמנות)",equity,99.5,94.0,6% -/+,88.0,100.0,US Listed Semiconductor 25 Index-MVSMHTR-25% Consumer Discretionary Sector Index-IXYTR-25% Communication Services Sector Index-IXCTR-25% software &services industry group gics level 2 index-S5SFTW-15% technology hardware & equipment  industry group gics level 2 index-S5TECH-10%,,גמל להשקעה,2026-09-30T22:27:25+00:00,https://infinity.co.il/wp-content/uploads/2025/10/עותק-של-מדיניות-השקעה-מוצהרת-אתר-החברה-15.9.25-1.xls,policy/companies/513621110/raw/513621110/799a66317208_עותק-של-מדיניות-השקעה-מוצהרת-אתר-החברה-15.9.25-1.xls,גמל להשקעה
513621110,,,513621110|גמל להשקעה|קידוד,קידוד,2025,"אג""ח ממשלתי (לרבות אג""ח ממשלת ארה""ב)",,13.5,15.0,5% -/+,10.0,20.0,"50% ממשלתי שקלי 2-5, 50% ממשלתי צמוד 2-5",,גמל להשקעה,2026-09-30T22:27:25+00:00,https://infinity.co.il/wp-content/uploads/2025/10/עותק-של-מדיניות-השקעה-מוצהרת-אתר-החברה-15.9.25-1.xls,policy/companies/513621110/raw/513621110/799a66317208_עותק-של-מדיניות-השקעה-מוצהרת-אתר-החברה-15.9.25-1.xls,גמל להשקעה
513621110,,,513621110|גמל להשקעה|קידוד,קידוד,2025,"אג""ח חברות (קרנות נאמנות, תעודות סל ואג""ח קונצרני לא סחיר)",,0.0,0.0,6% -/+,0.0,6.0,"50% תל בונד 60, 50% תל בונד שקלי",,גמל להשקעה,2026-09-30T22:27:25+00:00,https://infinity.co.il/wp-content/uploads/2025/10/עותק-של-מדיניות-השקעה-מוצהרת-אתר-החברה-15.9.25-1.xls,policy/companies/513621110/raw/513621110/799a66317208_עותק-של-מדיניות-השקעה-מוצהרת-אתר-החברה-15.9.25-1.xls,גמל להשקעה
513621110,,,513621110|גמל להשקעה|קידוד,קידוד,2025,"אחר (קרנות השקעה, פקדונות  והלוואות לעמיתים)",,5.28,5.0,5% -/+,0.0,10.0,"מק""מ (לשנה)",,גמל להשקעה,2026-09-30T22:27:25+00:00,https://infinity.co.il/wp-content/uploads/2025/10/עותק-של-מדיניות-השקעה-מוצהרת-אתר-החברה-15.9.25-1.xls,policy/companies/513621110/raw/513621110/799a66317208_עותק-של-מדיניות-השקעה-מוצהרת-אתר-החברה-15.9.25-1.xls,גמל להשקעה
513621110,,,513621110|גמל להשקעה|קידוד,קידוד,2025,מזומן,,6.79,5.0,5% -/+,0.0,10.0,"מק""מ (לשנה)",,גמל להשקעה,2026-09-30T22:27:25+00:00,https://infinity.co.il/wp-content/uploads/2025/10/עותק-של-מדיניות-השקעה-מוצהרת-אתר-החברה-15.9.25-1.xls,policy/companies/513621110/raw/513621110/799a66317208_עותק-של-מדיניות-השקעה-מוצהרת-אתר-החברה-15.9.25-1.xls,גמל להשקעה
513621110,,,513621110|גמל להשקעה|קידוד,קידוד,2025,"חשיפה למט""ח",fx,88.23,94.0,6% -/+,88.0,100.0,ערכי מטבע,,גמל להשקעה,2026-09-30T22:27:25+00:00,https://infinity.co.il/wp-content/uploads/2025/10/עותק-של-מדיניות-השקעה-מוצהרת-אתר-החברה-15.9.25-1.xls,policy/companies/513621110/raw/513621110/799a66317208_עותק-של-מדיניות-השקעה-מוצהרת-אתר-החברה-15.9.25-1.xls,גמל להשקעה
513621110,,,513621110|גמל להשקעה|קידוד,קידוד,2025,מגבלת עמלת ניהול חיצוני בשנת 2025,,2.0,,,,,,,גמל להשקעה,2026-09-30T22:27:25+00:00,https://infinity.co.il/wp-content/uploads/2025/10/עותק-של-מדיניות-השקעה-מוצהרת-אתר-החברה-15.9.25-1.xls,policy/companies/513621110/raw/513621110/799a66317208_עותק-של-מדיניות-השקעה-מוצהרת-אתר-החברה-15.9.25-1.xls,גמל להשקעה
513621110,,,513621110|גמל להשקעה|קידוד,קידוד,2025,"מניות (תעודות סל, אופציות, קרנות נאמנות)",equity,97.48,94.0,6% -/+,88.0,100.0,"100% ת""א 125",,גמל להשקעה,2026-09-30T22:27:25+00:00,https://infinity.co.il/wp-content/uploads/2025/10/עותק-של-מדיניות-השקעה-מוצהרת-אתר-החברה-15.9.25-1.xls,policy/companies/513621110/raw/513621110/799a66317208_עותק-של-מדיניות-השקעה-מוצהרת-אתר-החברה-15.9.25-1.xls,גמל להשקעה
513621110,,,513621110|גמל להשקעה|קידוד,קידוד,2025,"אג""ח ממשלתי (לרבות מק""מ בנק ישראל)",,0.0,0.0,5% -/+,0.0,5.0,"50% ממשלתי שקלי 2-5, 50% ממשלתי צמוד 2-5",,גמל להשקעה,2026-09-30T22:27:25+00:00,https://infinity.co.il/wp-content/uploads/2025/10/עותק-של-מדיניות-השקעה-מוצהרת-אתר-החברה-15.9.25-1.xls,policy/companies/513621110/raw/513621110/799a66317208_עותק-של-מדיניות-השקעה-מוצהרת-אתר-החברה-15.9.25-1.xls,גמל להשקעה
513621110,,,513621110|גמל להשקעה|קידוד,קידוד,2025,"אג""ח חברות (קרנות נאמנות, תעודות סל ואג""ח קונצרני לא סחיר)",,0.0,0.0,6% -/+,0.0,6.0,"50% תל בונד 60, 50% תל בונד שקלי",,גמל להשקעה,2026-09-30T22:27:25+00:00,https://infinity.co.il/wp-content/uploads/2025/10/עותק-של-מדיניות-השקעה-מוצהרת-אתר-החברה-15.9.25-1.xls,policy/companies/513621110/raw/513621110/799a66317208_עותק-של-מדיניות-השקעה-מוצהרת-אתר-החברה-15.9.25-1.xls,גמל להשקעה
513621110,,,513621110|גמל להשקעה|קידוד,קידוד,2025,"אחר (קרנות השקעה, פקדונות  והלוואות לעמיתים)",,0.0,0.0,5% -/+,0.0,5.0,"מק""מ (לשנה)",,גמל להשקעה,2026-09-30T22:27:25+00:00,https://infinity.co.il/wp-content/uploads/2025/10/עותק-של-מדיניות-השקעה-מוצהרת-אתר-החברה-15.9.25-1.xls,policy/companies/513621110/raw/513621110/799a66317208_עותק-של-מדיניות-השקעה-מוצהרת-אתר-החברה-15.9.25-1.xls,גמל להשקעה
513621110,,,513621110|גמל להשקעה|קידוד,קידוד,2025,מזומן,,2.52,6.0,5% -/+,1.0,11.0,"מק""מ (לשנה)",,גמל להשקעה,2026-09-30T22:27:25+00:00,https://infinity.co.il/wp-content/uploads/2025/10/עותק-של-מדיניות-השקעה-מוצהרת-אתר-החברה-15.9.25-1.xls,policy/companies/513621110/raw/513621110/799a66317208_עותק-של-מדיניות-השקעה-מוצהרת-אתר-החברה-15.9.25-1.xls,גמל להשקעה
513621110,,,513621110|גמל להשקעה|קידוד,קידוד,2025,"חשיפה למט""ח",fx,0.0,0.0,6% -/+,0.0,6.0,ערכי מטבע,,גמל להשקעה,2026-09-30T22:27:25+00:00,https://infinity.co.il/wp-content/uploads/2025/10/עותק-של-מדיניות-השקעה-מוצהרת-אתר-החברה-15.9.25-1.xls,policy/companies/513621110/raw/513621110/799a66317208_עותק-של-מדיניות-השקעה-מוצהרת-אתר-החברה-15.9.25-1.xls,גמל להשקעה
513621110,,,513621110|גמל להשקעה|קידוד,קידוד,2025,מגבלת עמלת ניהול חיצוני בשנת 2025,,2.0,,,,,,,גמל להשקעה,2026-09-30T22:27:25+00:00,https://infinity.co.il/wp-content/uploads/2025/10/עותק-של-מדיניות-השקעה-מוצהרת-אתר-החברה-15.9.25-1.xls,policy/companies/513621110/raw/513621110/799a66317208_עותק-של-מדיניות-השקעה-מוצהרת-אתר-החברה-15.9.25-1.xls,גמל להשקעה
513621110,,,513621110|פנסיה מקיפה|קידוד,קידוד,2025,"מניות (תעודות סל, אופציות, קרנות נאמנות)",equity,56.0,53.0,6% -/+,47.0,59.0,"50% ת""א 125, 50% MSCI WORLD ALL COUNTRY",,פנסיה מקיפה,2026-09-30T22:27:25+00:00,https://infinity.co.il/wp-content/uploads/2025/10/עותק-של-מדיניות-השקעה-מוצהרת-אתר-החברה-15.9.25-1.xls,policy/companies/513621110/raw/513621110/799a66317208_עותק-של-מדיניות-השקעה-מוצהרת-אתר-החברה-15.9.25-1.xls,פנסיה מקיפה
513621110,,,513621110|פנסיה מקיפה|קידוד,קידוד,2025,"אג""ח ממשלתי (לרבות מק""מ בנק ישראל)",,3.6,5.0,5% -/+,0.0,10.0,"אג""ח ממשלתי כללי",,פנסיה מקיפה,2026-09-30T22:27:25+00:00,https://infinity.co.il/wp-content/uploads/2025/10/עותק-של-מדיניות-השקעה-מוצהרת-אתר-החברה-15.9.25-1.xls,policy/companies/513621110/raw/513621110/799a66317208_עותק-של-מדיניות-השקעה-מוצהרת-אתר-החברה-15.9.25-1.xls,פנסיה מקיפה
513621110,,,513621110|פנסיה מקיפה|קידוד,קידוד,2025,"אג""ח מיועדות",,27.4,30.0,5% -/+,25.0,35.0,,,פנסיה מקיפה,2026-09-30T22:27:25+00:00,https://infinity.co.il/wp-content/uploads/2025/10/עותק-של-מדיניות-השקעה-מוצהרת-אתר-החברה-15.9.25-1.xls,policy/companies/513621110/raw/513621110/799a66317208_עותק-של-מדיניות-השקעה-מוצהרת-אתר-החברה-15.9.25-1.xls,פנסיה מקיפה
513621110,,,513621110|פנסיה מקיפה|קידוד,קידוד,2025,"אג""ח חברות (קרנות נאמנות, תעודות סל ואג""ח קונצרני לא סחיר)",,10.8,11.0,6% -/+,17.0,7.0,"50% תל בונד 60, 50% תל בונד שקלי",,פנסיה מקיפה,2026-09-30T22:27:25+00:00,https://infinity.co.il/wp-content/uploads/2025/10/עותק-של-מדיניות-השקעה-מוצהרת-אתר-החברה-15.9.25-1.xls,policy/companies/513621110/raw/513621110/799a66317208_עותק-של-מדיניות-השקעה-מוצהרת-אתר-החברה-15.9.25-1.xls,פנסיה מקיפה
513621110,,,513621110|פנסיה מקיפה|קידוד,קידוד,2025,"אחר (קרנות השקעה, פקדונות  והלוואות לעמיתים)",,0.0,0.0,5% -/+,0.0,5.0,"50%- MSCI WORLD AC 25% - IBOXX HY - 25%, IBOXX IG",,פנסיה מקיפה,2026-09-30T22:27:25+00:00,https://infinity.co.il/wp-content/uploads/2025/10/עותק-של-מדיניות-השקעה-מוצהרת-אתר-החברה-15.9.25-1.xls,policy/companies/513621110/raw/513621110/799a66317208_עותק-של-מדיניות-השקעה-מוצהרת-אתר-החברה-15.9.25-1.xls,פנסיה מקיפה
513621110,,,513621110|פנסיה מקיפה|קידוד,קידוד,2025,מזומן,,2.2,1.0,5% -/+,0.0,6.0,"מק""מ (לשנה)",,פנסיה מקיפה,2026-09-30T22:27:25+00:00,https://infinity.co.il/wp-content/uploads/2025/10/עותק-של-מדיניות-השקעה-מוצהרת-אתר-החברה-15.9.25-1.xls,policy/companies/513621110/raw/513621110/799a66317208_עותק-של-מדיניות-השקעה-מוצהרת-אתר-החברה-15.9.25-1.xls,פנסיה מקיפה
513621110,,,513621110|פנסיה מקיפה|קידוד,קידוד,2025,"חשיפה למט""ח",fx,27.0,20.0,6% -/+,16.0,28.0,ערכי מטבע,,פנסיה מקיפה,2026-09-30T22:27:25+00:00,https://infinity.co.il/wp-content/uploads/2025/10/עותק-של-מדיניות-השקעה-מוצהרת-אתר-החברה-15.9.25-1.xls,policy/companies/513621110/raw/513621110/799a66317208_עותק-של-מדיניות-השקעה-מוצהרת-אתר-החברה-15.9.25-1.xls,פנסיה מקיפה
513621110,,,513621110|פנסיה מקיפה|קידוד,קידוד,2025,מגבלת עמלת ניהול חיצוני בשנת 2025,,1.0,,,,,,,פנסיה מקיפה,2026-09-30T22:27:25+00:00,https://infinity.co.il/wp-content/uploads/2025/10/עותק-של-מדיניות-השקעה-מוצהרת-אתר-החברה-15.9.25-1.xls,policy/companies/513621110/raw/513621110/799a66317208_עותק-של-מדיניות-השקעה-מוצהרת-אתר-החברה-15.9.25-1.xls,פנסיה מקיפה
513621110,,,513621110|פנסיה מקיפה|קידוד,קידוד,2025,"מניות (תעודות סל, אופציות, קרנות נאמנות)",equity,46.0,47.0,6% -/+,41.0,53.0,"50% ת""א 125, 50% MSCI WORLD ALL COUNTRY",,פנסיה מקיפה,2026-09-30T22:27:25+00:00,https://infinity.co.il/wp-content/uploads/2025/10/עותק-של-מדיניות-השקעה-מוצהרת-אתר-החברה-15.9.25-1.xls,policy/companies/513621110/raw/513621110/799a66317208_עותק-של-מדיניות-השקעה-מוצהרת-אתר-החברה-15.9.25-1.xls,פנסיה מקיפה
513621110,,,513621110|פנסיה מקיפה|קידוד,קידוד,2025,"אג""ח ממשלתי (לרבות מק""מ בנק ישראל)",,9.0,5.0,5% -/+,0.0,10.0,"אג""ח ממשלתי כללי",,פנסיה מקיפה,2026-09-30T22:27:25+00:00,https://infinity.co.il/wp-content/uploads/2025/10/עותק-של-מדיניות-השקעה-מוצהרת-אתר-החברה-15.9.25-1.xls,policy/companies/513621110/raw/513621110/799a66317208_עותק-של-מדיניות-השקעה-מוצהרת-אתר-החברה-15.9.25-1.xls,פנסיה מקיפה
513621110,,,513621110|פנסיה מקיפה|קידוד,קידוד,2025,"אג""ח מיועדות",,28.0,30.0,5% -/+,25.0,35.0,,,פנסיה מקיפה,2026-09-30T22:27:25+00:00,https://infinity.co.il/wp-content/uploads/2025/10/עותק-של-מדיניות-השקעה-מוצהרת-אתר-החברה-15.9.25-1.xls,policy/companies/513621110/raw/513621110/799a66317208_עותק-של-מדיניות-השקעה-מוצהרת-אתר-החברה-15.9.25-1.xls,פנסיה מקיפה
513621110,,,513621110|פנסיה מקיפה|קידוד,קידוד,2025,"אג""ח חברות (קרנות נאמנות, תעודות סל ואג""ח קונצרני לא סחיר)",,16.43,17.0,6% -/+,23.0,11.0,"50% תל בונד 60, 50% תל בונד שקלי",,פנסיה מקיפה,2026-09-30T22:27:25+00:00,https://infinity.co.il/wp-content/uploads/2025/10/עותק-של-מדיניות-השקעה-מוצהרת-אתר-החברה-15.9.25-1.xls,policy/companies/513621110/raw/513621110/799a66317208_עותק-של-מדיניות-השקעה-מוצהרת-אתר-החברה-15.9.25-1.xls,פנסיה מקיפה
513621110,,,513621110|פנסיה מקיפה|קידוד,קידוד,2025,"אחר (קרנות השקעה, פקדונות  והלוואות לעמיתים)",,0.0,0.0,5% -/+,0.0,5.0,"50%- MSCI WORLD AC 25% - IBOXX HY - 25%, IBOXX IG",,פנסיה מקיפה,2026-09-30T22:27:25+00:00,https://infinity.co.il/wp-content/uploads/2025/10/עותק-של-מדיניות-השקעה-מוצהרת-אתר-החברה-15.9.25-1.xls,policy/companies/513621110/raw/513621110/799a66317208_עותק-של-מדיניות-השקעה-מוצהרת-אתר-החברה-15.9.25-1.xls,פנסיה מקיפה
513621110,,,513621110|פנסיה מקיפה|קידוד,קידוד,2025,מזומן,,0.57,1.0,5% -/+,0.0,6.0,"מק""מ (לשנה)",,פנסיה מקיפה,2026-09-30T22:27:25+00:00,https://infinity.co.il/wp-content/uploads/2025/10/עותק-של-מדיניות-השקעה-מוצהרת-אתר-החברה-15.9.25-1.xls,policy/companies/513621110/raw/513621110/799a66317208_עותק-של-מדיניות-השקעה-מוצהרת-אתר-החברה-15.9.25-1.xls,פנסיה מקיפה
513621110,,,513621110|פנסיה מקיפה|קידוד,קידוד,2025,"חשיפה למט""ח",fx,23.0,21.0,6% -/+,15.0,27.0,ערכי מטבע,,פנסיה מקיפה,2026-09-30T22:27:25+00:00,https://infinity.co.il/wp-content/uploads/2025/10/עותק-של-מדיניות-השקעה-מוצהרת-אתר-החברה-15.9.25-1.xls,policy/companies/513621110/raw/513621110/799a66317208_עותק-של-מדיניות-השקעה-מוצהרת-אתר-החברה-15.9.25-1.xls,פנסיה מקיפה
513621110,,,513621110|פנסיה מקיפה|קידוד,קידוד,2025,מגבלת עמלת ניהול חיצוני בשנת 2025,,1.0,,,,,,,פנסיה מקיפה,2026-09-30T22:27:25+00:00,https://infinity.co.il/wp-content/uploads/2025/10/עותק-של-מדיניות-השקעה-מוצהרת-אתר-החברה-15.9.25-1.xls,policy/companies/513621110/raw/513621110/799a66317208_עותק-של-מדיניות-השקעה-מוצהרת-אתר-החברה-15.9.25-1.xls,פנסיה מקיפה
513621110,,,513621110|פנסיה מקיפה|קידוד,קידוד,2025,"מניות (תעודות סל, אופציות, קרנות נאמנות)",equity,27.0,29.0,6% -/+,23.0,35.0,"50% ת""א 125, 50% MSCI WORLD ALL COUNTRY",,פנסיה מקיפה,2026-09-30T22:27:25+00:00,https://infinity.co.il/wp-content/uploads/2025/10/עותק-של-מדיניות-השקעה-מוצהרת-אתר-החברה-15.9.25-1.xls,policy/companies/513621110/raw/513621110/799a66317208_עותק-של-מדיניות-השקעה-מוצהרת-אתר-החברה-15.9.25-1.xls,פנסיה מקיפה
513621110,,,513621110|פנסיה מקיפה|קידוד,קידוד,2025,"אג""ח ממשלתי (לרבות מק""מ בנק ישראל)",,11.0,10.0,5% -/+,5.0,15.0,"אג""ח ממשלתי כללי",,פנסיה מקיפה,2026-09-30T22:27:25+00:00,https://infinity.co.il/wp-content/uploads/2025/10/עותק-של-מדיניות-השקעה-מוצהרת-אתר-החברה-15.9.25-1.xls,policy/companies/513621110/raw/513621110/799a66317208_עותק-של-מדיניות-השקעה-מוצהרת-אתר-החברה-15.9.25-1.xls,פנסיה מקיפה
513621110,,,513621110|פנסיה מקיפה|קידוד,קידוד,2025,"אג""ח מיועדות",,28.0,30.0,5% -/+,25.0,35.0,,,פנסיה מקיפה,2026-09-30T22:27:25+00:00,https://infinity.co.il/wp-content/uploads/2025/10/עותק-של-מדיניות-השקעה-מוצהרת-אתר-החברה-15.9.25-1.xls,policy/companies/513621110/raw/513621110/799a66317208_עותק-של-מדיניות-השקעה-מוצהרת-אתר-החברה-15.9.25-1.xls,פנסיה מקיפה
513621110,,,513621110|פנסיה מקיפה|קידוד,קידוד,2025,"אג""ח חברות (קרנות נאמנות, תעודות סל ואג""ח קונצרני לא סחיר)",,29.0,30.0,6% -/+,36.0,24.0,"50% תל בונד 60, 50% תל בונד שקלי",,פנסיה מקיפה,2026-09-30T22:27:25+00:00,https://infinity.co.il/wp-content/uploads/2025/10/עותק-של-מדיניות-השקעה-מוצהרת-אתר-החברה-15.9.25-1.xls,policy/companies/513621110/raw/513621110/799a66317208_עותק-של-מדיניות-השקעה-מוצהרת-אתר-החברה-15.9.25-1.xls,פנסיה מקיפה
513621110,,,513621110|פנסיה מקיפה|קידוד,קידוד,2025,"אחר (קרנות השקעה, פקדונות  והלוואות לעמיתים)",,0.0,0.0,5% -/+,0.0,5.0,"50%- MSCI WORLD AC 25% - IBOXX HY - 25%, IBOXX IG",,פנסיה מקיפה,2026-09-30T22:27:25+00:00,https://infinity.co.il/wp-content/uploads/2025/10/עותק-של-מדיניות-השקעה-מוצהרת-אתר-החברה-15.9.25-1.xls,policy/companies/513621110/raw/513621110/799a66317208_עותק-של-מדיניות-השקעה-מוצהרת-אתר-החברה-15.9.25-1.xls,פנסיה מקיפה
513621110,,,513621110|פנסיה מקיפה|קידוד,קידוד,2025,מזומן,,5.0,1.0,5% -/+,0.0,6.0,"מק""מ (לשנה)",,פנסיה מקיפה,2026-09-30T22:27:25+00:00,https://infinity.co.il/wp-content/uploads/2025/10/עותק-של-מדיניות-השקעה-מוצהרת-אתר-החברה-15.9.25-1.xls,policy/companies/513621110/raw/513621110/799a66317208_עותק-של-מדיניות-השקעה-מוצהרת-אתר-החברה-15.9.25-1.xls,פנסיה מקיפה
513621110,,,513621110|פנסיה מקיפה|קידוד,קידוד,2025,"חשיפה למט""ח",fx,16.0,12.0,6% -/+,6.0,18.0,ערכי מטבע,,פנסיה מקיפה,2026-09-30T22:27:25+00:00,https://infinity.co.il/wp-content/uploads/2025/10/עותק-של-מדיניות-השקעה-מוצהרת-אתר-החברה-15.9.25-1.xls,policy/companies/513621110/raw/513621110/799a66317208_עותק-של-מדיניות-השקעה-מוצהרת-אתר-החברה-15.9.25-1.xls,פנסיה מקיפה
513621110,,,513621110|פנסיה מקיפה|קידוד,קידוד,2025,מגבלת עמלת ניהול חיצוני בשנת 2025,,1.0,,,,,,,פנסיה מקיפה,2026-09-30T22:27:25+00:00,https://infinity.co.il/wp-content/uploads/2025/10/עותק-של-מדיניות-השקעה-מוצהרת-אתר-החברה-15.9.25-1.xls,policy/companies/513621110/raw/513621110/799a66317208_עותק-של-מדיניות-השקעה-מוצהרת-אתר-החברה-15.9.25-1.xls,פנסיה מקיפה
513621110,,,513621110|פנסיה מקיפה|קידוד,קידוד,2025,"מניות (תעודות סל, אופציות, קרנות נאמנות)",equity,69.0,70.0,6% -/+,64.0,76.0,US Listed Semiconductor 25 Index-MVSMHTR-25% Consumer Discretionary Sector Index-IXYTR-25% Communication Services Sector Index-IXCTR-25% software &services industry group gics level 2 index-S5SFTW-15% technology hardware & equipment  industry group gics level 2 index-S5TECH-10%,,פנסיה מקיפה,2026-09-30T22:27:25+00:00,https://infinity.co.il/wp-content/uploads/2025/10/עותק-של-מדיניות-השקעה-מוצהרת-אתר-החברה-15.9.25-1.xls,policy/companies/513621110/raw/513621110/799a66317208_עותק-של-מדיניות-השקעה-מוצהרת-אתר-החברה-15.9.25-1.xls,פנסיה מקיפה
513621110,,,513621110|פנסיה מקיפה|קידוד,קידוד,2025,"אג""ח ממשלתי (לרבות מק""מ בנק ישראל)",,9.92,5.0,5% -/+,0.0,10.0,"50% ממשלתי שקלי 2-5, 50% ממשלתי צמוד 2-5",,פנסיה מקיפה,2026-09-30T22:27:25+00:00,https://infinity.co.il/wp-content/uploads/2025/10/עותק-של-מדיניות-השקעה-מוצהרת-אתר-החברה-15.9.25-1.xls,policy/companies/513621110/raw/513621110/799a66317208_עותק-של-מדיניות-השקעה-מוצהרת-אתר-החברה-15.9.25-1.xls,פנסיה מקיפה
513621110,,,513621110|פנסיה מקיפה|קידוד,קידוד,2025,"אג""ח מיועדות",,28.0,30.0,5% -/+,25.0,35.0,,,פנסיה מקיפה,2026-09-30T22:27:25+00:00,https://infinity.co.il/wp-content/uploads/2025/10/עותק-של-מדיניות-השקעה-מוצהרת-אתר-החברה-15.9.25-1.xls,policy/companies/513621110/raw/513621110/799a66317208_עותק-של-מדיניות-השקעה-מוצהרת-אתר-החברה-15.9.25-1.xls,פנסיה מקיפה
513621110,,,513621110|פנסיה מקיפה|קידוד,קידוד,2025,"אג""ח חברות (קרנות נאמנות, תעודות סל ואג""ח קונצרני לא סחיר)",,0.0,0.0,6% -/+,0.0,6.0,"50% תל בונד 60, 50% תל בונד שקלי",,פנסיה מקיפה,2026-09-30T22:27:25+00:00,https://infinity.co.il/wp-content/uploads/2025/10/עותק-של-מדיניות-השקעה-מוצהרת-אתר-החברה-15.9.25-1.xls,policy/companies/513621110/raw/513621110/799a66317208_עותק-של-מדיניות-השקעה-מוצהרת-אתר-החברה-15.9.25-1.xls,פנסיה מקיפה
513621110,,,513621110|פנסיה מקיפה|קידוד,קידוד,2025,פקודנות,,6.0,10.0,5% -/+,5.0,15.0,"מק""מ (לשנה)",,פנסיה מקיפה,2026-09-30T22:27:25+00:00,https://infinity.co.il/wp-content/uploads/2025/10/עותק-של-מדיניות-השקעה-מוצהרת-אתר-החברה-15.9.25-1.xls,policy/companies/513621110/raw/513621110/799a66317208_עותק-של-מדיניות-השקעה-מוצהרת-אתר-החברה-15.9.25-1.xls,פנסיה מקיפה
513621110,,,513621110|פנסיה מקיפה|קידוד,קידוד,2025,אחר (קרנות השקעה והלוואות לעמיתים),,0.0,0.0,5% -/+,0.0,5.0,"מק""מ (לשנה)",,פנסיה מקיפה,2026-09-30T22:27:25+00:00,https://infinity.co.il/wp-content/uploads/2025/10/עותק-של-מדיניות-השקעה-מוצהרת-אתר-החברה-15.9.25-1.xls,policy/companies/513621110/raw/513621110/799a66317208_עותק-של-מדיניות-השקעה-מוצהרת-אתר-החברה-15.9.25-1.xls,פנסיה מקיפה
513621110,,,513621110|פנסיה מקיפה|קידוד,קידוד,2025,מזומן,,3.0,1.0,5% -/+,0.0,6.0,"מק""מ (לשנה)",,פנסיה מקיפה,2026-09-30T22:27:25+00:00,https://infinity.co.il/wp-content/uploads/2025/10/עותק-של-מדיניות-השקעה-מוצהרת-אתר-החברה-15.9.25-1.xls,policy/companies/513621110/raw/513621110/799a66317208_עותק-של-מדיניות-השקעה-מוצהרת-אתר-החברה-15.9.25-1.xls,פנסיה מקיפה
513621110,,,513621110|פנסיה מקיפה|קידוד,קידוד,2025,"חשיפה למט""ח",fx,70.0,70.0,6% -/+,64.0,76.0,ערכי מטבע,,פנסיה מקיפה,2026-09-30T22:27:25+00:00,https://infinity.co.il/wp-content/uploads/2025/10/עותק-של-מדיניות-השקעה-מוצהרת-אתר-החברה-15.9.25-1.xls,policy/companies/513621110/raw/513621110/799a66317208_עותק-של-מדיניות-השקעה-מוצהרת-אתר-החברה-15.9.25-1.xls,פנסיה מקיפה
513621110,,,513621110|פנסיה מקיפה|קידוד,קידוד,2025,מגבלת עמלת ניהול חיצוני בשנת 2025,,1.0,,,,,,,פנסיה מקיפה,2026-09-30T22:27:25+00:00,https://infinity.co.il/wp-content/uploads/2025/10/עותק-של-מדיניות-השקעה-מוצהרת-אתר-החברה-15.9.25-1.xls,policy/companies/513621110/raw/513621110/799a66317208_עותק-של-מדיניות-השקעה-מוצהרת-אתר-החברה-15.9.25-1.xls,פנסיה מקיפה
513621110,,,513621110|פנסיה מקיפה|קידוד,קידוד,2025,"מניות (תעודות סל, אופציות, קרנות נאמנות)",equity,70.01,70.0,6% -/+,64.0,76.0,S&P 500 100%,,פנסיה מקיפה,2026-09-30T22:27:25+00:00,https://infinity.co.il/wp-content/uploads/2025/10/עותק-של-מדיניות-השקעה-מוצהרת-אתר-החברה-15.9.25-1.xls,policy/companies/513621110/raw/513621110/799a66317208_עותק-של-מדיניות-השקעה-מוצהרת-אתר-החברה-15.9.25-1.xls,פנסיה מקיפה
513621110,,,513621110|פנסיה מקיפה|קידוד,קידוד,2025,"אג""ח ממשלתי (לרבות מק""מ בנק ישראל)",,3.74,5.0,5% -/+,0.0,10.0,"אג""ח ממשלתי כללי",,פנסיה מקיפה,2026-09-30T22:27:25+00:00,https://infinity.co.il/wp-content/uploads/2025/10/עותק-של-מדיניות-השקעה-מוצהרת-אתר-החברה-15.9.25-1.xls,policy/companies/513621110/raw/513621110/799a66317208_עותק-של-מדיניות-השקעה-מוצהרת-אתר-החברה-15.9.25-1.xls,פנסיה מקיפה
513621110,,,513621110|פנסיה מקיפה|קידוד,קידוד,2025,"אג""ח מיועדות",,28.0,30.0,5% -/+,25.0,35.0,,,פנסיה מקיפה,2026-09-30T22:27:25+00:00,https://infinity.co.il/wp-content/uploads/2025/10/עותק-של-מדיניות-השקעה-מוצהרת-אתר-החברה-15.9.25-1.xls,policy/companies/513621110/raw/513621110/799a66317208_עותק-של-מדיניות-השקעה-מוצהרת-אתר-החברה-15.9.25-1.xls,פנסיה מקיפה
513621110,,,513621110|פנסיה מקיפה|קידוד,קידוד,2025,"אג""ח חברות (קרנות נאמנות, תעודות סל ואג""ח קונצרני לא סחיר)",,0.0,0.0,6% -/+,0.0,6.0,"50% תל בונד 60, 50% תל בונד שקלי",,פנסיה מקיפה,2026-09-30T22:27:25+00:00,https://infinity.co.il/wp-content/uploads/2025/10/עותק-של-מדיניות-השקעה-מוצהרת-אתר-החברה-15.9.25-1.xls,policy/companies/513621110/raw/513621110/799a66317208_עותק-של-מדיניות-השקעה-מוצהרת-אתר-החברה-15.9.25-1.xls,פנסיה מקיפה
513621110,,,513621110|פנסיה מקיפה|קידוד,קידוד,2025,פקודנות,,10.03,10.0,5% -/+,5.0,15.0,"מק""מ (לשנה)",,פנסיה מקיפה,2026-09-30T22:27:25+00:00,https://infinity.co.il/wp-content/uploads/2025/10/עותק-של-מדיניות-השקעה-מוצהרת-אתר-החברה-15.9.25-1.xls,policy/companies/513621110/raw/513621110/799a66317208_עותק-של-מדיניות-השקעה-מוצהרת-אתר-החברה-15.9.25-1.xls,פנסיה מקיפה
513621110,,,513621110|פנסיה מקיפה|קידוד,קידוד,2025,אחר (קרנות השקעה והלוואות לעמיתים),,0.0,0.0,5% -/+,0.0,5.0,"50%- MSCI WORLD AC 25% - IBOXX HY - 25%, IBOXX IG",,פנסיה מקיפה,2026-09-30T22:27:25+00:00,https://infinity.co.il/wp-content/uploads/2025/10/עותק-של-מדיניות-השקעה-מוצהרת-אתר-החברה-15.9.25-1.xls,policy/companies/513621110/raw/513621110/799a66317208_עותק-של-מדיניות-השקעה-מוצהרת-אתר-החברה-15.9.25-1.xls,פנסיה מקיפה
513621110,,,513621110|פנסיה מקיפה|קידוד,קידוד,2025,מזומן,,2.0,1.0,5% -/+,0.0,6.0,"מק""מ (לשנה)",,פנסיה מקיפה,2026-09-30T22:27:25+00:00,https://infinity.co.il/wp-content/uploads/2025/10/עותק-של-מדיניות-השקעה-מוצהרת-אתר-החברה-15.9.25-1.xls,policy/companies/513621110/raw/513621110/799a66317208_עותק-של-מדיניות-השקעה-מוצהרת-אתר-החברה-15.9.25-1.xls,פנסיה מקיפה
513621110,,,513621110|פנסיה מקיפה|קידוד,קידוד,2025,"חשיפה למט""ח",fx,70.0,70.0,6% -/+,64.0,76.0,ערכי מטבע,,פנסיה מקיפה,2026-09-30T22:27:25+00:00,https://infinity.co.il/wp-content/uploads/2025/10/עותק-של-מדיניות-השקעה-מוצהרת-אתר-החברה-15.9.25-1.xls,policy/companies/513621110/raw/513621110/799a66317208_עותק-של-מדיניות-השקעה-מוצהרת-אתר-החברה-15.9.25-1.xls,פנסיה מקיפה
513621110,,,513621110|פנסיה מקיפה|קידוד,קידוד,2025,מגבלת עמלת ניהול חיצוני בשנת 2025,,0.5,,,,,,,פנסיה מקיפה,2026-09-30T22:27:25+00:00,https://infinity.co.il/wp-content/uploads/2025/10/עותק-של-מדיניות-השקעה-מוצהרת-אתר-החברה-15.9.25-1.xls,policy/companies/513621110/raw/513621110/799a66317208_עותק-של-מדיניות-השקעה-מוצהרת-אתר-החברה-15.9.25-1.xls,פנסיה מקיפה
513621110,,,513621110|פנסיה מקיפה|קידוד,קידוד,2025,"מניות (תעודות סל, אופציות, קרנות נאמנות)",equity,69.6,70.0,6% -/+,64.0,76.0,100% MSCI WORLD ALL COUNTRIES,,פנסיה מקיפה,2026-09-30T22:27:25+00:00,https://infinity.co.il/wp-content/uploads/2025/10/עותק-של-מדיניות-השקעה-מוצהרת-אתר-החברה-15.9.25-1.xls,policy/companies/513621110/raw/513621110/799a66317208_עותק-של-מדיניות-השקעה-מוצהרת-אתר-החברה-15.9.25-1.xls,פנסיה מקיפה
513621110,,,513621110|פנסיה מקיפה|קידוד,קידוד,2025,"אג""ח ממשלתי (לרבות מק""מ בנק ישראל)",,13.92,10.0,5% -/+,5.0,15.0,"אג""ח ממשלתי כללי",,פנסיה מקיפה,2026-09-30T22:27:25+00:00,https://infinity.co.il/wp-content/uploads/2025/10/עותק-של-מדיניות-השקעה-מוצהרת-אתר-החברה-15.9.25-1.xls,policy/companies/513621110/raw/513621110/799a66317208_עותק-של-מדיניות-השקעה-מוצהרת-אתר-החברה-15.9.25-1.xls,פנסיה מקיפה
513621110,,,513621110|פנסיה מקיפה|קידוד,קידוד,2025,"אג""ח מיועדות",,27.5,30.0,5% -/+,25.0,35.0,,,פנסיה מקיפה,2026-09-30T22:27:25+00:00,https://infinity.co.il/wp-content/uploads/2025/10/עותק-של-מדיניות-השקעה-מוצהרת-אתר-החברה-15.9.25-1.xls,policy/companies/513621110/raw/513621110/799a66317208_עותק-של-מדיניות-השקעה-מוצהרת-אתר-החברה-15.9.25-1.xls,פנסיה מקיפה
513621110,,,513621110|פנסיה מקיפה|קידוד,קידוד,2025,"אג""ח חברות (קרנות נאמנות, תעודות סל ואג""ח קונצרני לא סחיר)",,0.0,0.0,6% -/+,0.0,6.0,"50% תל בונד 60, 50% תל בונד שקלי",,פנסיה מקיפה,2026-09-30T22:27:25+00:00,https://infinity.co.il/wp-content/uploads/2025/10/עותק-של-מדיניות-השקעה-מוצהרת-אתר-החברה-15.9.25-1.xls,policy/companies/513621110/raw/513621110/799a66317208_עותק-של-מדיניות-השקעה-מוצהרת-אתר-החברה-15.9.25-1.xls,פנסיה מקיפה
513621110,,,513621110|פנסיה מקיפה|קידוד,קידוד,2025,פקודנות,,2.29,10.0,5% -/+,5.0,15.0,"מק""מ (לשנה)",,פנסיה מקיפה,2026-09-30T22:27:25+00:00,https://infinity.co.il/wp-content/uploads/2025/10/עותק-של-מדיניות-השקעה-מוצהרת-אתר-החברה-15.9.25-1.xls,policy/companies/513621110/raw/513621110/799a66317208_עותק-של-מדיניות-השקעה-מוצהרת-אתר-החברה-15.9.25-1.xls,פנסיה מקיפה
513621110,,,513621110|פנסיה מקיפה|קידוד,קידוד,2025,אחר (קרנות השקעה והלוואות לעמיתים),,0.0,0.0,5% -/+,0.0,5.0,"50%- MSCI WORLD AC 25% - IBOXX HY - 25%, IBOXX IG",,פנסיה מקיפה,2026-09-30T22:27:25+00:00,https://infinity.co.il/wp-content/uploads/2025/10/עותק-של-מדיניות-השקעה-מוצהרת-אתר-החברה-15.9.25-1.xls,policy/companies/513621110/raw/513621110/799a66317208_עותק-של-מדיניות-השקעה-מוצהרת-אתר-החברה-15.9.25-1.xls,פנסיה מקיפה
513621110,,,513621110|פנסיה מקיפה|קידוד,קידוד,2025,מזומן,,3.0,1.0,5% -/+,0.0,6.0,"מק""מ (לשנה)",,פנסיה מקיפה,2026-09-30T22:27:25+00:00,https://infinity.co.il/wp-content/uploads/2025/10/עותק-של-מדיניות-השקעה-מוצהרת-אתר-החברה-15.9.25-1.xls,policy/companies/513621110/raw/513621110/799a66317208_עותק-של-מדיניות-השקעה-מוצהרת-אתר-החברה-15.9.25-1.xls,פנסיה מקיפה
513621110,,,513621110|פנסיה מקיפה|קידוד,קידוד,2025,"חשיפה למט""ח",fx,69.7,70.0,6% -/+,64.0,76.0,ערכי מטבע,,פנסיה מקיפה,2026-09-30T22:27:25+00:00,https://infinity.co.il/wp-content/uploads/2025/10/עותק-של-מדיניות-השקעה-מוצהרת-אתר-החברה-15.9.25-1.xls,policy/companies/513621110/raw/513621110/799a66317208_עותק-של-מדיניות-השקעה-מוצהרת-אתר-החברה-15.9.25-1.xls,פנסיה מקיפה
513621110,,,513621110|פנסיה מקיפה|קידוד,קידוד,2025,מגבלת עמלת ניהול חיצוני בשנת 2025,,0.5,,,,,,,פנסיה מקיפה,2026-09-30T22:27:25+00:00,https://infinity.co.il/wp-content/uploads/2025/10/עותק-של-מדיניות-השקעה-מוצהרת-אתר-החברה-15.9.25-1.xls,policy/companies/513621110/raw/513621110/799a66317208_עותק-של-מדיניות-השקעה-מוצהרת-אתר-החברה-15.9.25-1.xls,פנסיה מקיפה
513621110,,,513621110|פנסיה מקיפה|קידוד,קידוד,2025,"מניות (תעודות סל, אופציות, קרנות נאמנות)",equity,70.37,69.0,6% -/+,58.0,70.0,"100% ת""א 125",,פנסיה מקיפה,2026-09-30T22:27:25+00:00,https://infinity.co.il/wp-content/uploads/2025/10/עותק-של-מדיניות-השקעה-מוצהרת-אתר-החברה-15.9.25-1.xls,policy/companies/513621110/raw/513621110/799a66317208_עותק-של-מדיניות-השקעה-מוצהרת-אתר-החברה-15.9.25-1.xls,פנסיה מקיפה
513621110,,,513621110|פנסיה מקיפה|קידוד,קידוד,2025,"אג""ח ממשלתי (לרבות מק""מ בנק ישראל)",,0.0,0.0,5% -/+,0.0,5.0,"50% ממשלתי שקלי 2-5, 50% ממשלתי צמוד 2-5",,פנסיה מקיפה,2026-09-30T22:27:25+00:00,https://infinity.co.il/wp-content/uploads/2025/10/עותק-של-מדיניות-השקעה-מוצהרת-אתר-החברה-15.9.25-1.xls,policy/companies/513621110/raw/513621110/799a66317208_עותק-של-מדיניות-השקעה-מוצהרת-אתר-החברה-15.9.25-1.xls,פנסיה מקיפה
513621110,,,513621110|פנסיה מקיפה|קידוד,קידוד,2025,"אג""ח מיועדות",,22.0,30.0,5% -/+,25.0,35.0,,,פנסיה מקיפה,2026-09-30T22:27:25+00:00,https://infinity.co.il/wp-content/uploads/2025/10/עותק-של-מדיניות-השקעה-מוצהרת-אתר-החברה-15.9.25-1.xls,policy/companies/513621110/raw/513621110/799a66317208_עותק-של-מדיניות-השקעה-מוצהרת-אתר-החברה-15.9.25-1.xls,פנסיה מקיפה
513621110,,,513621110|פנסיה מקיפה|קידוד,קידוד,2025,"אג""ח חברות (קרנות נאמנות, תעודות סל ואג""ח קונצרני לא סחיר)",,0.0,0.0,6% -/+,6.0,0.0,"50% תל בונד 60, 50% תל בונד שקלי",,פנסיה מקיפה,2026-09-30T22:27:25+00:00,https://infinity.co.il/wp-content/uploads/2025/10/עותק-של-מדיניות-השקעה-מוצהרת-אתר-החברה-15.9.25-1.xls,policy/companies/513621110/raw/513621110/799a66317208_עותק-של-מדיניות-השקעה-מוצהרת-אתר-החברה-15.9.25-1.xls,פנסיה מקיפה
513621110,,,513621110|פנסיה מקיפה|קידוד,קידוד,2025,"אחר (קרנות השקעה, פקדונות  והלוואות לעמיתים)",,0.0,0.0,5% -/+,0.0,5.0,"מק""מ (לשנה)",,פנסיה מקיפה,2026-09-30T22:27:25+00:00,https://infinity.co.il/wp-content/uploads/2025/10/עותק-של-מדיניות-השקעה-מוצהרת-אתר-החברה-15.9.25-1.xls,policy/companies/513621110/raw/513621110/799a66317208_עותק-של-מדיניות-השקעה-מוצהרת-אתר-החברה-15.9.25-1.xls,פנסיה מקיפה
513621110,,,513621110|פנסיה מקיפה|קידוד,קידוד,2025,מזומן,,7.63,1.0,5% -/+,0.0,6.0,"מק""מ (לשנה)",,פנסיה מקיפה,2026-09-30T22:27:25+00:00,https://infinity.co.il/wp-content/uploads/2025/10/עותק-של-מדיניות-השקעה-מוצהרת-אתר-החברה-15.9.25-1.xls,policy/companies/513621110/raw/513621110/799a66317208_עותק-של-מדיניות-השקעה-מוצהרת-אתר-החברה-15.9.25-1.xls,פנסיה מקיפה
513621110,,,513621110|פנסיה מקיפה|קידוד,קידוד,2025,"חשיפה למט""ח",fx,0.0,0.0,6% -/+,0.0,12.0,ערכי מטבע,,פנסיה מקיפה,2026-09-30T22:27:25+00:00,https://infinity.co.il/wp-content/uploads/2025/10/עותק-של-מדיניות-השקעה-מוצהרת-אתר-החברה-15.9.25-1.xls,policy/companies/513621110/raw/513621110/799a66317208_עותק-של-מדיניות-השקעה-מוצהרת-אתר-החברה-15.9.25-1.xls,פנסיה מקיפה
513621110,,,513621110|פנסיה מקיפה|קידוד,קידוד,2025,מגבלת עמלת ניהול חיצוני בשנת 2025,,0.25,,,,,,,פנסיה מקיפה,2026-09-30T22:27:25+00:00,https://infinity.co.il/wp-content/uploads/2025/10/עותק-של-מדיניות-השקעה-מוצהרת-אתר-החברה-15.9.25-1.xls,policy/companies/513621110/raw/513621110/799a66317208_עותק-של-מדיניות-השקעה-מוצהרת-אתר-החברה-15.9.25-1.xls,פנסיה מקיפה
513621110,,,513621110|פנסיה מקיפה|קידוד,קידוד,2025,"מניות (תעודות סל, אופציות, קרנות נאמנות)",equity,49.47,44.0,6% -/+,38.0,50.0,"50% ת""א 125, 50% MSCI WORLD ALL COUNTRY",,פנסיה מקיפה,2026-09-30T22:27:25+00:00,https://infinity.co.il/wp-content/uploads/2025/10/עותק-של-מדיניות-השקעה-מוצהרת-אתר-החברה-15.9.25-1.xls,policy/companies/513621110/raw/513621110/799a66317208_עותק-של-מדיניות-השקעה-מוצהרת-אתר-החברה-15.9.25-1.xls,פנסיה מקיפה
513621110,,,513621110|פנסיה מקיפה|קידוד,קידוד,2025,"אג""ח ממשלתי (לרבות מק""מ בנק ישראל)",,15.5,16.0,5% -/+,11.0,21.0,"אג""ח ממשלתי כללי",,פנסיה מקיפה,2026-09-30T22:27:25+00:00,https://infinity.co.il/wp-content/uploads/2025/10/עותק-של-מדיניות-השקעה-מוצהרת-אתר-החברה-15.9.25-1.xls,policy/companies/513621110/raw/513621110/799a66317208_עותק-של-מדיניות-השקעה-מוצהרת-אתר-החברה-15.9.25-1.xls,פנסיה מקיפה
513621110,,,513621110|פנסיה מקיפה|קידוד,קידוד,2025,"אג""ח מיועדות",,20.0,30.0,5% -/+,25.0,35.0,,,פנסיה מקיפה,2026-09-30T22:27:25+00:00,https://infinity.co.il/wp-content/uploads/2025/10/עותק-של-מדיניות-השקעה-מוצהרת-אתר-החברה-15.9.25-1.xls,policy/companies/513621110/raw/513621110/799a66317208_עותק-של-מדיניות-השקעה-מוצהרת-אתר-החברה-15.9.25-1.xls,פנסיה מקיפה
513621110,,,513621110|פנסיה מקיפה|קידוד,קידוד,2025,"אג""ח חברות (קרנות נאמנות, תעודות סל ואג""ח קונצרני לא סחיר)",,12.63,9.0,6% -/+,15.0,3.0,"50% תל בונד 60, 50% תל בונד שקלי",,פנסיה מקיפה,2026-09-30T22:27:25+00:00,https://infinity.co.il/wp-content/uploads/2025/10/עותק-של-מדיניות-השקעה-מוצהרת-אתר-החברה-15.9.25-1.xls,policy/companies/513621110/raw/513621110/799a66317208_עותק-של-מדיניות-השקעה-מוצהרת-אתר-החברה-15.9.25-1.xls,פנסיה מקיפה
513621110,,,513621110|פנסיה מקיפה|קידוד,קידוד,2025,"אחר (קרנות השקעה, פקדונות  והלוואות לעמיתים)",,0.0,0.0,5% -/+,0.0,5.0,"50%- MSCI WORLD AC 25% - IBOXX HY - 25%, IBOXX IG",,פנסיה מקיפה,2026-09-30T22:27:25+00:00,https://infinity.co.il/wp-content/uploads/2025/10/עותק-של-מדיניות-השקעה-מוצהרת-אתר-החברה-15.9.25-1.xls,policy/companies/513621110/raw/513621110/799a66317208_עותק-של-מדיניות-השקעה-מוצהרת-אתר-החברה-15.9.25-1.xls,פנסיה מקיפה
513621110,,,513621110|פנסיה מקיפה|קידוד,קידוד,2025,מזומן,,2.4,1.0,5% -/+,0.0,6.0,"מק""מ (לשנה)",,פנסיה מקיפה,2026-09-30T22:27:25+00:00,https://infinity.co.il/wp-content/uploads/2025/10/עותק-של-מדיניות-השקעה-מוצהרת-אתר-החברה-15.9.25-1.xls,policy/companies/513621110/raw/513621110/799a66317208_עותק-של-מדיניות-השקעה-מוצהרת-אתר-החברה-15.9.25-1.xls,פנסיה מקיפה
513621110,,,513621110|פנסיה מקיפה|קידוד,קידוד,2025,"חשיפה למט""ח",fx,25.6,20.0,6% -/+,14.0,26.0,ערכי מטבע,,פנסיה מקיפה,2026-09-30T22:27:25+00:00,https://infinity.co.il/wp-content/uploads/2025/10/עותק-של-מדיניות-השקעה-מוצהרת-אתר-החברה-15.9.25-1.xls,policy/companies/513621110/raw/513621110/799a66317208_עותק-של-מדיניות-השקעה-מוצהרת-אתר-החברה-15.9.25-1.xls,פנסיה מקיפה
513621110,,,513621110|פנסיה מקיפה|קידוד,קידוד,2025,מגבלת עמלת ניהול חיצוני בשנת 2025,,1.0,,,,,,,פנסיה מקיפה,2026-09-30T22:27:25+00:00,https://infinity.co.il/wp-content/uploads/2025/10/עותק-של-מדיניות-השקעה-מוצהרת-אתר-החברה-15.9.25-1.xls,policy/companies/513621110/raw/513621110/799a66317208_עותק-של-מדיניות-השקעה-מוצהרת-אתר-החברה-15.9.25-1.xls,פנסיה מקיפה
513621110,,,513621110|פנסיה מקיפה|קידוד,קידוד,2025,"מניות (תעודות סל, אופציות, קרנות נאמנות)",equity,21.6,20.0,6% -/+,14.0,26.0,"50% ת""א 125, 50% MSCI WORLD ALL COUNTRY",,פנסיה מקיפה,2026-09-30T22:27:25+00:00,https://infinity.co.il/wp-content/uploads/2025/10/עותק-של-מדיניות-השקעה-מוצהרת-אתר-החברה-15.9.25-1.xls,policy/companies/513621110/raw/513621110/799a66317208_עותק-של-מדיניות-השקעה-מוצהרת-אתר-החברה-15.9.25-1.xls,פנסיה מקיפה
513621110,,,513621110|פנסיה מקיפה|קידוד,קידוד,2025,"אג""ח ממשלתי (לרבות מק""מ בנק ישראל)",,2.3,0.0,5% -/+,0.0,5.0,"אג""ח ממשלתי כללי",,פנסיה מקיפה,2026-09-30T22:27:25+00:00,https://infinity.co.il/wp-content/uploads/2025/10/עותק-של-מדיניות-השקעה-מוצהרת-אתר-החברה-15.9.25-1.xls,policy/companies/513621110/raw/513621110/799a66317208_עותק-של-מדיניות-השקעה-מוצהרת-אתר-החברה-15.9.25-1.xls,פנסיה מקיפה
513621110,,,513621110|פנסיה מקיפה|קידוד,קידוד,2025,"אג""ח מיועדות",,59.74,60.0,5% -/+,55.0,65.0,,,פנסיה מקיפה,2026-09-30T22:27:25+00:00,https://infinity.co.il/wp-content/uploads/2025/10/עותק-של-מדיניות-השקעה-מוצהרת-אתר-החברה-15.9.25-1.xls,policy/companies/513621110/raw/513621110/799a66317208_עותק-של-מדיניות-השקעה-מוצהרת-אתר-החברה-15.9.25-1.xls,פנסיה מקיפה
513621110,,,513621110|פנסיה מקיפה|קידוד,קידוד,2025,"אג""ח חברות (קרנות נאמנות, תעודות סל ואג""ח קונצרני לא סחיר)",,15.82,19.0,6% -/+,25.0,13.0,"50% תל בונד 60, 50% תל בונד שקלי",,פנסיה מקיפה,2026-09-30T22:27:25+00:00,https://infinity.co.il/wp-content/uploads/2025/10/עותק-של-מדיניות-השקעה-מוצהרת-אתר-החברה-15.9.25-1.xls,policy/companies/513621110/raw/513621110/799a66317208_עותק-של-מדיניות-השקעה-מוצהרת-אתר-החברה-15.9.25-1.xls,פנסיה מקיפה
513621110,,,513621110|פנסיה מקיפה|קידוד,קידוד,2025,"אחר (קרנות השקעה, פקדונות  והלוואות לעמיתים)",,0.0,0.0,5% -/+,0.0,5.0,"50%- MSCI WORLD AC 25% - IBOXX HY - 25%, IBOXX IG",,פנסיה מקיפה,2026-09-30T22:27:25+00:00,https://infinity.co.il/wp-content/uploads/2025/10/עותק-של-מדיניות-השקעה-מוצהרת-אתר-החברה-15.9.25-1.xls,policy/companies/513621110/raw/513621110/799a66317208_עותק-של-מדיניות-השקעה-מוצהרת-אתר-החברה-15.9.25-1.xls,פנסיה מקיפה
513621110,,,513621110|פנסיה מקיפה|קידוד,קידוד,2025,מזומן,,0.54,1.0,5% -/+,0.0,6.0,"מק""מ (לשנה)",,פנסיה מקיפה,2026-09-30T22:27:25+00:00,https://infinity.co.il/wp-content/uploads/2025/10/עותק-של-מדיניות-השקעה-מוצהרת-אתר-החברה-15.9.25-1.xls,policy/companies/513621110/raw/513621110/799a66317208_עותק-של-מדיניות-השקעה-מוצהרת-אתר-החברה-15.9.25-1.xls,פנסיה מקיפה
513621110,,,513621110|פנסיה מקיפה|קידוד,קידוד,2025,"חשיפה למט""ח",fx,5.8,0.0,6% -/+,0.0,6.0,ערכי מטבע,,פנסיה מקיפה,2026-09-30T22:27:25+00:00,https://infinity.co.il/wp-content/uploads/2025/10/עותק-של-מדיניות-השקעה-מוצהרת-אתר-החברה-15.9.25-1.xls,policy/companies/513621110/raw/513621110/799a66317208_עותק-של-מדיניות-השקעה-מוצהרת-אתר-החברה-15.9.25-1.xls,פנסיה מקיפה
513621110,,,513621110|פנסיה מקיפה|קידוד,קידוד,2025,מגבלת עמלת ניהול חיצוני בשנת 2025,,0.25,,,,,,,פנסיה מקיפה,2026-09-30T22:27:25+00:00,https://infinity.co.il/wp-content/uploads/2025/10/עותק-של-מדיניות-השקעה-מוצהרת-אתר-החברה-15.9.25-1.xls,policy/companies/513621110/raw/513621110/799a66317208_עותק-של-מדיניות-השקעה-מוצהרת-אתר-החברה-15.9.25-1.xls,פנסיה מקיפה
513621110,,,513621110|פנסיה מקיפה|קידוד,קידוד,2025,"מניות (תעודות סל, אופציות, קרנות נאמנות)",equity,0.0,69.0,6% -/+,58.0,70.0,"50% ת""א 125, 50% MSCI WORLD ALL COUNTRY",,פנסיה מקיפה,2026-09-30T22:27:25+00:00,https://infinity.co.il/wp-content/uploads/2025/10/עותק-של-מדיניות-השקעה-מוצהרת-אתר-החברה-15.9.25-1.xls,policy/companies/513621110/raw/513621110/799a66317208_עותק-של-מדיניות-השקעה-מוצהרת-אתר-החברה-15.9.25-1.xls,פנסיה מקיפה
513621110,,,513621110|פנסיה מקיפה|קידוד,קידוד,2025,"אג""ח ממשלתי (לרבות מק""מ בנק ישראל)",,0.0,0.0,5% -/+,0.0,5.0,"50% ממשלתי שקלי 2-5, 50% ממשלתי צמוד 2-5",,פנסיה מקיפה,2026-09-30T22:27:25+00:00,https://infinity.co.il/wp-content/uploads/2025/10/עותק-של-מדיניות-השקעה-מוצהרת-אתר-החברה-15.9.25-1.xls,policy/companies/513621110/raw/513621110/799a66317208_עותק-של-מדיניות-השקעה-מוצהרת-אתר-החברה-15.9.25-1.xls,פנסיה מקיפה
513621110,,,513621110|פנסיה מקיפה|קידוד,קידוד,2025,"אג""ח מיועדות",,0.0,30.0,5% -/+,25.0,35.0,,,פנסיה מקיפה,2026-09-30T22:27:25+00:00,https://infinity.co.il/wp-content/uploads/2025/10/עותק-של-מדיניות-השקעה-מוצהרת-אתר-החברה-15.9.25-1.xls,policy/companies/513621110/raw/513621110/799a66317208_עותק-של-מדיניות-השקעה-מוצהרת-אתר-החברה-15.9.25-1.xls,פנסיה מקיפה
513621110,,,513621110|פנסיה מקיפה|קידוד,קידוד,2025,"אג""ח חברות (קרנות נאמנות, תעודות סל ואג""ח קונצרני לא סחיר)",,0.0,0.0,6% -/+,6.0,0.0,"50% תל בונד 60, 50% תל בונד שקלי",,פנסיה מקיפה,2026-09-30T22:27:25+00:00,https://infinity.co.il/wp-content/uploads/2025/10/עותק-של-מדיניות-השקעה-מוצהרת-אתר-החברה-15.9.25-1.xls,policy/companies/513621110/raw/513621110/799a66317208_עותק-של-מדיניות-השקעה-מוצהרת-אתר-החברה-15.9.25-1.xls,פנסיה מקיפה
513621110,,,513621110|פנסיה מקיפה|קידוד,קידוד,2025,"אחר (קרנות השקעה, פקדונות  והלוואות לעמיתים)",,0.0,0.0,5% -/+,0.0,5.0,"מק""מ (לשנה)",,פנסיה מקיפה,2026-09-30T22:27:25+00:00,https://infinity.co.il/wp-content/uploads/2025/10/עותק-של-מדיניות-השקעה-מוצהרת-אתר-החברה-15.9.25-1.xls,policy/companies/513621110/raw/513621110/799a66317208_עותק-של-מדיניות-השקעה-מוצהרת-אתר-החברה-15.9.25-1.xls,פנסיה מקיפה
513621110,,,513621110|פנסיה מקיפה|קידוד,קידוד,2025,מזומן,,0.0,1.0,5% -/+,0.0,6.0,"מק""מ (לשנה)",,פנסיה מקיפה,2026-09-30T22:27:25+00:00,https://infinity.co.il/wp-content/uploads/2025/10/עותק-של-מדיניות-השקעה-מוצהרת-אתר-החברה-15.9.25-1.xls,policy/companies/513621110/raw/513621110/799a66317208_עותק-של-מדיניות-השקעה-מוצהרת-אתר-החברה-15.9.25-1.xls,פנסיה מקיפה
513621110,,,513621110|פנסיה מקיפה|קידוד,קידוד,2025,"חשיפה למט""ח",fx,0.0,20.0,6% -/+,14.0,26.0,ערכי מטבע,,פנסיה מקיפה,2026-09-30T22:27:25+00:00,https://infinity.co.il/wp-content/uploads/2025/10/עותק-של-מדיניות-השקעה-מוצהרת-אתר-החברה-15.9.25-1.xls,policy/companies/513621110/raw/513621110/799a66317208_עותק-של-מדיניות-השקעה-מוצהרת-אתר-החברה-15.9.25-1.xls,פנסיה מקיפה
513621110,,,513621110|פנסיה כללית|קידוד,קידוד,2025,"מניות (תעודות סל, אופציות, קרנות נאמנות)",equity,53.4,53.0,6% -/+,47.0,59.0,"50% ת""א 125, 50% MSCI WORLD ALL COUNTRY",,פנסיה כללית,2026-09-30T22:27:25+00:00,https://infinity.co.il/wp-content/uploads/2025/10/עותק-של-מדיניות-השקעה-מוצהרת-אתר-החברה-15.9.25-1.xls,policy/companies/513621110/raw/513621110/799a66317208_עותק-של-מדיניות-השקעה-מוצהרת-אתר-החברה-15.9.25-1.xls,פנסיה כללית
513621110,,,513621110|פנסיה כללית|קידוד,קידוד,2025,"אג""ח ממשלתי (לרבות מק""מ בנק ישראל)",,16.5,18.0,5% -/+,13.0,23.0,"אג""ח ממשלתי כללי",,פנסיה כללית,2026-09-30T22:27:25+00:00,https://infinity.co.il/wp-content/uploads/2025/10/עותק-של-מדיניות-השקעה-מוצהרת-אתר-החברה-15.9.25-1.xls,policy/companies/513621110/raw/513621110/799a66317208_עותק-של-מדיניות-השקעה-מוצהרת-אתר-החברה-15.9.25-1.xls,פנסיה כללית
513621110,,,513621110|פנסיה כללית|קידוד,קידוד,2025,"אג""ח חברות (קרנות נאמנות, תעודות סל ואג""ח קונצרני לא סחיר)",,26.3,28.0,6% -/+,22.0,34.0,"50% תל בונד 60, 50% תל בונד שקלי",,פנסיה כללית,2026-09-30T22:27:25+00:00,https://infinity.co.il/wp-content/uploads/2025/10/עותק-של-מדיניות-השקעה-מוצהרת-אתר-החברה-15.9.25-1.xls,policy/companies/513621110/raw/513621110/799a66317208_עותק-של-מדיניות-השקעה-מוצהרת-אתר-החברה-15.9.25-1.xls,פנסיה כללית
513621110,,,513621110|פנסיה כללית|קידוד,קידוד,2025,"אחר (קרנות השקעה, פקדונות  והלוואות לעמיתים)",,0.0,0.0,5% -/+,0.0,5.0,"50%- MSCI WORLD AC 25% - IBOXX HY - 25%, IBOXX IG",,פנסיה כללית,2026-09-30T22:27:25+00:00,https://infinity.co.il/wp-content/uploads/2025/10/עותק-של-מדיניות-השקעה-מוצהרת-אתר-החברה-15.9.25-1.xls,policy/companies/513621110/raw/513621110/799a66317208_עותק-של-מדיניות-השקעה-מוצהרת-אתר-החברה-15.9.25-1.xls,פנסיה כללית
513621110,,,513621110|פנסיה כללית|קידוד,קידוד,2025,מזומן,,3.8,1.0,5% -/+,0.0,6.0,"מק""מ (לשנה)",,פנסיה כללית,2026-09-30T22:27:25+00:00,https://infinity.co.il/wp-content/uploads/2025/10/עותק-של-מדיניות-השקעה-מוצהרת-אתר-החברה-15.9.25-1.xls,policy/companies/513621110/raw/513621110/799a66317208_עותק-של-מדיניות-השקעה-מוצהרת-אתר-החברה-15.9.25-1.xls,פנסיה כללית
513621110,,,513621110|פנסיה כללית|קידוד,קידוד,2025,"חשיפה למט""ח",fx,26.0,22.0,6% -/+,16.0,28.0,ערכי מטבע,,פנסיה כללית,2026-09-30T22:27:25+00:00,https://infinity.co.il/wp-content/uploads/2025/10/עותק-של-מדיניות-השקעה-מוצהרת-אתר-החברה-15.9.25-1.xls,policy/companies/513621110/raw/513621110/799a66317208_עותק-של-מדיניות-השקעה-מוצהרת-אתר-החברה-15.9.25-1.xls,פנסיה כללית
513621110,,,513621110|פנסיה כללית|קידוד,קידוד,2025,מגבלת עמלת ניהול חיצוני בשנת 2025,,1.0,,,,,,,פנסיה כללית,2026-09-30T22:27:25+00:00,https://infinity.co.il/wp-content/uploads/2025/10/עותק-של-מדיניות-השקעה-מוצהרת-אתר-החברה-15.9.25-1.xls,policy/companies/513621110/raw/513621110/799a66317208_עותק-של-מדיניות-השקעה-מוצהרת-אתר-החברה-15.9.25-1.xls,פנסיה כללית
513621110,,,513621110|פנסיה כללית|קידוד,קידוד,2025,"מניות (תעודות סל, אופציות, קרנות נאמנות)",equity,46.5,49.0,6% -/+,43.0,55.0,"50% ת""א 125, 50% MSCI WORLD ALL COUNTRY",,פנסיה כללית,2026-09-30T22:27:25+00:00,https://infinity.co.il/wp-content/uploads/2025/10/עותק-של-מדיניות-השקעה-מוצהרת-אתר-החברה-15.9.25-1.xls,policy/companies/513621110/raw/513621110/799a66317208_עותק-של-מדיניות-השקעה-מוצהרת-אתר-החברה-15.9.25-1.xls,פנסיה כללית
513621110,,,513621110|פנסיה כללית|קידוד,קידוד,2025,"אג""ח ממשלתי (לרבות מק""מ בנק ישראל)",,25.3,22.0,5% -/+,17.0,27.0,"אג""ח ממשלתי כללי",,פנסיה כללית,2026-09-30T22:27:25+00:00,https://infinity.co.il/wp-content/uploads/2025/10/עותק-של-מדיניות-השקעה-מוצהרת-אתר-החברה-15.9.25-1.xls,policy/companies/513621110/raw/513621110/799a66317208_עותק-של-מדיניות-השקעה-מוצהרת-אתר-החברה-15.9.25-1.xls,פנסיה כללית
513621110,,,513621110|פנסיה כללית|קידוד,קידוד,2025,"אג""ח חברות (קרנות נאמנות, תעודות סל ואג""ח קונצרני לא סחיר)",,27.6,28.0,6% -/+,22.0,34.0,"50% תל בונד 60, 50% תל בונד שקלי",,פנסיה כללית,2026-09-30T22:27:25+00:00,https://infinity.co.il/wp-content/uploads/2025/10/עותק-של-מדיניות-השקעה-מוצהרת-אתר-החברה-15.9.25-1.xls,policy/companies/513621110/raw/513621110/799a66317208_עותק-של-מדיניות-השקעה-מוצהרת-אתר-החברה-15.9.25-1.xls,פנסיה כללית
513621110,,,513621110|פנסיה כללית|קידוד,קידוד,2025,"אחר (קרנות השקעה, פקדונות  והלוואות לעמיתים)",,0.0,0.0,5% -/+,0.0,5.0,"50%- MSCI WORLD AC 25% - IBOXX HY - 25%, IBOXX IG",,פנסיה כללית,2026-09-30T22:27:25+00:00,https://infinity.co.il/wp-content/uploads/2025/10/עותק-של-מדיניות-השקעה-מוצהרת-אתר-החברה-15.9.25-1.xls,policy/companies/513621110/raw/513621110/799a66317208_עותק-של-מדיניות-השקעה-מוצהרת-אתר-החברה-15.9.25-1.xls,פנסיה כללית
513621110,,,513621110|פנסיה כללית|קידוד,קידוד,2025,מזומן,,0.6,1.0,5% -/+,0.0,6.0,"מק""מ (לשנה)",,פנסיה כללית,2026-09-30T22:27:25+00:00,https://infinity.co.il/wp-content/uploads/2025/10/עותק-של-מדיניות-השקעה-מוצהרת-אתר-החברה-15.9.25-1.xls,policy/companies/513621110/raw/513621110/799a66317208_עותק-של-מדיניות-השקעה-מוצהרת-אתר-החברה-15.9.25-1.xls,פנסיה כללית
513621110,,,513621110|פנסיה כללית|קידוד,קידוד,2025,"חשיפה למט""ח",fx,23.3,21.0,6% -/+,15.0,27.0,ערכי מטבע,,פנסיה כללית,2026-09-30T22:27:25+00:00,https://infinity.co.il/wp-content/uploads/2025/10/עותק-של-מדיניות-השקעה-מוצהרת-אתר-החברה-15.9.25-1.xls,policy/companies/513621110/raw/513621110/799a66317208_עותק-של-מדיניות-השקעה-מוצהרת-אתר-החברה-15.9.25-1.xls,פנסיה כללית
513621110,,,513621110|פנסיה כללית|קידוד,קידוד,2025,מגבלת עמלת ניהול חיצוני בשנת 2025,,1.0,,,,,,,פנסיה כללית,2026-09-30T22:27:25+00:00,https://infinity.co.il/wp-content/uploads/2025/10/עותק-של-מדיניות-השקעה-מוצהרת-אתר-החברה-15.9.25-1.xls,policy/companies/513621110/raw/513621110/799a66317208_עותק-של-מדיניות-השקעה-מוצהרת-אתר-החברה-15.9.25-1.xls,פנסיה כללית
513621110,,,513621110|פנסיה כללית|קידוד,קידוד,2025,"מניות (תעודות סל, אופציות, קרנות נאמנות)",equity,27.5,30.0,6% -/+,24.0,36.0,"50% ת""א 125, 50% MSCI WORLD ALL COUNTRY",,פנסיה כללית,2026-09-30T22:27:25+00:00,https://infinity.co.il/wp-content/uploads/2025/10/עותק-של-מדיניות-השקעה-מוצהרת-אתר-החברה-15.9.25-1.xls,policy/companies/513621110/raw/513621110/799a66317208_עותק-של-מדיניות-השקעה-מוצהרת-אתר-החברה-15.9.25-1.xls,פנסיה כללית
513621110,,,513621110|פנסיה כללית|קידוד,קידוד,2025,"אג""ח ממשלתי (לרבות מק""מ בנק ישראל)",,36.7,35.0,5% -/+,30.0,40.0,"אג""ח ממשלתי כללי",,פנסיה כללית,2026-09-30T22:27:25+00:00,https://infinity.co.il/wp-content/uploads/2025/10/עותק-של-מדיניות-השקעה-מוצהרת-אתר-החברה-15.9.25-1.xls,policy/companies/513621110/raw/513621110/799a66317208_עותק-של-מדיניות-השקעה-מוצהרת-אתר-החברה-15.9.25-1.xls,פנסיה כללית
513621110,,,513621110|פנסיה כללית|קידוד,קידוד,2025,"אג""ח חברות (קרנות נאמנות, תעודות סל ואג""ח קונצרני לא סחיר)",,34.1,29.0,6% -/+,35.0,23.0,"50% תל בונד 60, 50% תל בונד שקלי",,פנסיה כללית,2026-09-30T22:27:25+00:00,https://infinity.co.il/wp-content/uploads/2025/10/עותק-של-מדיניות-השקעה-מוצהרת-אתר-החברה-15.9.25-1.xls,policy/companies/513621110/raw/513621110/799a66317208_עותק-של-מדיניות-השקעה-מוצהרת-אתר-החברה-15.9.25-1.xls,פנסיה כללית
513621110,,,513621110|פנסיה כללית|קידוד,קידוד,2025,"אחר (קרנות השקעה, פקדונות  והלוואות לעמיתים)",,0.0,5.0,5% -/+,0.0,10.0,"50%- MSCI WORLD AC 25% - IBOXX HY - 25%, IBOXX IG",,פנסיה כללית,2026-09-30T22:27:25+00:00,https://infinity.co.il/wp-content/uploads/2025/10/עותק-של-מדיניות-השקעה-מוצהרת-אתר-החברה-15.9.25-1.xls,policy/companies/513621110/raw/513621110/799a66317208_עותק-של-מדיניות-השקעה-מוצהרת-אתר-החברה-15.9.25-1.xls,פנסיה כללית
513621110,,,513621110|פנסיה כללית|קידוד,קידוד,2025,מזומן,,1.7,1.0,5% -/+,0.0,6.0,"מק""מ (לשנה)",,פנסיה כללית,2026-09-30T22:27:25+00:00,https://infinity.co.il/wp-content/uploads/2025/10/עותק-של-מדיניות-השקעה-מוצהרת-אתר-החברה-15.9.25-1.xls,policy/companies/513621110/raw/513621110/799a66317208_עותק-של-מדיניות-השקעה-מוצהרת-אתר-החברה-15.9.25-1.xls,פנסיה כללית
513621110,,,513621110|פנסיה כללית|קידוד,קידוד,2025,"חשיפה למט""ח",fx,18.3,12.0,6% -/+,6.0,18.0,ערכי מטבע,,פנסיה כללית,2026-09-30T22:27:25+00:00,https://infinity.co.il/wp-content/uploads/2025/10/עותק-של-מדיניות-השקעה-מוצהרת-אתר-החברה-15.9.25-1.xls,policy/companies/513621110/raw/513621110/799a66317208_עותק-של-מדיניות-השקעה-מוצהרת-אתר-החברה-15.9.25-1.xls,פנסיה כללית
513621110,,,513621110|פנסיה כללית|קידוד,קידוד,2025,מגבלת עמלת ניהול חיצוני בשנת 2025,,1.0,,,,,,,פנסיה כללית,2026-09-30T22:27:25+00:00,https://infinity.co.il/wp-content/uploads/2025/10/עותק-של-מדיניות-השקעה-מוצהרת-אתר-החברה-15.9.25-1.xls,policy/companies/513621110/raw/513621110/799a66317208_עותק-של-מדיניות-השקעה-מוצהרת-אתר-החברה-15.9.25-1.xls,פנסיה כללית
513621110,,,513621110|פנסיה כללית|קידוד,קידוד,2025,"מניות (תעודות סל, אופציות, קרנות נאמנות)",equity,97.1,94.0,6% -/+,88.0,100.0,US Listed Semiconductor 25 Index-MVSMHTR-25% Consumer Discretionary Sector Index-IXYTR-25% Communication Services Sector Index-IXCTR-25% software &services industry group gics level 2 index-S5SFTW-15% technology hardware & equipment  industry group gics level 2 index-S5TECH-10%,,פנסיה כללית,2026-09-30T22:27:25+00:00,https://infinity.co.il/wp-content/uploads/2025/10/עותק-של-מדיניות-השקעה-מוצהרת-אתר-החברה-15.9.25-1.xls,policy/companies/513621110/raw/513621110/799a66317208_עותק-של-מדיניות-השקעה-מוצהרת-אתר-החברה-15.9.25-1.xls,פנסיה כללית
513621110,,,513621110|פנסיה כללית|קידוד,קידוד,2025,"אג""ח ממשלתי (לרבות מק""מ בנק ישראל)",,20.31,20.0,5% -/+,15.0,25.0,"50% ממשלתי שקלי 2-5, 50% ממשלתי צמוד 2-5",,פנסיה כללית,2026-09-30T22:27:25+00:00,https://infinity.co.il/wp-content/uploads/2025/10/עותק-של-מדיניות-השקעה-מוצהרת-אתר-החברה-15.9.25-1.xls,policy/companies/513621110/raw/513621110/799a66317208_עותק-של-מדיניות-השקעה-מוצהרת-אתר-החברה-15.9.25-1.xls,פנסיה כללית
513621110,,,513621110|פנסיה כללית|קידוד,קידוד,2025,"אג""ח חברות (קרנות נאמנות, תעודות סל ואג""ח קונצרני לא סחיר)",,0.0,0.0,6% -/+,0.0,6.0,"50% תל בונד 60, 50% תל בונד שקלי",,פנסיה כללית,2026-09-30T22:27:25+00:00,https://infinity.co.il/wp-content/uploads/2025/10/עותק-של-מדיניות-השקעה-מוצהרת-אתר-החברה-15.9.25-1.xls,policy/companies/513621110/raw/513621110/799a66317208_עותק-של-מדיניות-השקעה-מוצהרת-אתר-החברה-15.9.25-1.xls,פנסיה כללית
513621110,,,513621110|פנסיה כללית|קידוד,קידוד,2025,"אחר (קרנות השקעה, פקדונות  והלוואות לעמיתים)",,2.24,5.0,5% -/+,0.0,10.0,"מק""מ (לשנה)",,פנסיה כללית,2026-09-30T22:27:25+00:00,https://infinity.co.il/wp-content/uploads/2025/10/עותק-של-מדיניות-השקעה-מוצהרת-אתר-החברה-15.9.25-1.xls,policy/companies/513621110/raw/513621110/799a66317208_עותק-של-מדיניות-השקעה-מוצהרת-אתר-החברה-15.9.25-1.xls,פנסיה כללית
513621110,,,513621110|פנסיה כללית|קידוד,קידוד,2025,מזומן,,2.9,6.0,5% -/+,0.0,10.0,"מק""מ (לשנה)",,פנסיה כללית,2026-09-30T22:27:25+00:00,https://infinity.co.il/wp-content/uploads/2025/10/עותק-של-מדיניות-השקעה-מוצהרת-אתר-החברה-15.9.25-1.xls,policy/companies/513621110/raw/513621110/799a66317208_עותק-של-מדיניות-השקעה-מוצהרת-אתר-החברה-15.9.25-1.xls,פנסיה כללית
513621110,,,513621110|פנסיה כללית|קידוד,קידוד,2025,"חשיפה למט""ח",fx,97.1,94.0,6% -/+,88.0,100.0,ערכי מטבע,,פנסיה כללית,2026-09-30T22:27:25+00:00,https://infinity.co.il/wp-content/uploads/2025/10/עותק-של-מדיניות-השקעה-מוצהרת-אתר-החברה-15.9.25-1.xls,policy/companies/513621110/raw/513621110/799a66317208_עותק-של-מדיניות-השקעה-מוצהרת-אתר-החברה-15.9.25-1.xls,פנסיה כללית
513621110,,,513621110|פנסיה כללית|קידוד,קידוד,2025,מגבלת עמלת ניהול חיצוני בשנת 2025,,1.0,,,,,,,פנסיה כללית,2026-09-30T22:27:25+00:00,https://infinity.co.il/wp-content/uploads/2025/10/עותק-של-מדיניות-השקעה-מוצהרת-אתר-החברה-15.9.25-1.xls,policy/companies/513621110/raw/513621110/799a66317208_עותק-של-מדיניות-השקעה-מוצהרת-אתר-החברה-15.9.25-1.xls,פנסיה כללית
513621110,,,513621110|פנסיה כללית|קידוד,קידוד,2025,"מניות (תעודות סל, אופציות, קרנות נאמנות)",equity,99.8,94.0,6% -/+,88.0,100.0,S&P 500 100%,,פנסיה כללית,2026-09-30T22:27:25+00:00,https://infinity.co.il/wp-content/uploads/2025/10/עותק-של-מדיניות-השקעה-מוצהרת-אתר-החברה-15.9.25-1.xls,policy/companies/513621110/raw/513621110/799a66317208_עותק-של-מדיניות-השקעה-מוצהרת-אתר-החברה-15.9.25-1.xls,פנסיה כללית
513621110,,,513621110|פנסיה כללית|קידוד,קידוד,2025,"אג""ח ממשלתי (לרבות מק""מ בנק ישראל)",,7.5,10.0,5% -/+,5.0,15.0,"אג""ח ממשלתי כללי",,פנסיה כללית,2026-09-30T22:27:25+00:00,https://infinity.co.il/wp-content/uploads/2025/10/עותק-של-מדיניות-השקעה-מוצהרת-אתר-החברה-15.9.25-1.xls,policy/companies/513621110/raw/513621110/799a66317208_עותק-של-מדיניות-השקעה-מוצהרת-אתר-החברה-15.9.25-1.xls,פנסיה כללית
513621110,,,513621110|פנסיה כללית|קידוד,קידוד,2025,"אג""ח חברות (קרנות נאמנות, תעודות סל ואג""ח קונצרני לא סחיר)",,0.0,0.0,6% -/+,0.0,6.0,"50% תל בונד 60, 50% תל בונד שקלי",,פנסיה כללית,2026-09-30T22:27:25+00:00,https://infinity.co.il/wp-content/uploads/2025/10/עותק-של-מדיניות-השקעה-מוצהרת-אתר-החברה-15.9.25-1.xls,policy/companies/513621110/raw/513621110/799a66317208_עותק-של-מדיניות-השקעה-מוצהרת-אתר-החברה-15.9.25-1.xls,פנסיה כללית
513621110,,,513621110|פנסיה כללית|קידוד,קידוד,2025,פקודנות,,15.5,16.0,5% -/+,11.0,21.0,"מק""מ (לשנה)",,פנסיה כללית,2026-09-30T22:27:25+00:00,https://infinity.co.il/wp-content/uploads/2025/10/עותק-של-מדיניות-השקעה-מוצהרת-אתר-החברה-15.9.25-1.xls,policy/companies/513621110/raw/513621110/799a66317208_עותק-של-מדיניות-השקעה-מוצהרת-אתר-החברה-15.9.25-1.xls,פנסיה כללית
513621110,,,513621110|פנסיה כללית|קידוד,קידוד,2025,אחר (קרנות השקעה והלוואות לעמיתים),,0.0,0.0,5% -/+,0.0,5.0,"50%- MSCI WORLD AC 25% - IBOXX HY - 25%, IBOXX IG",,פנסיה כללית,2026-09-30T22:27:25+00:00,https://infinity.co.il/wp-content/uploads/2025/10/עותק-של-מדיניות-השקעה-מוצהרת-אתר-החברה-15.9.25-1.xls,policy/companies/513621110/raw/513621110/799a66317208_עותק-של-מדיניות-השקעה-מוצהרת-אתר-החברה-15.9.25-1.xls,פנסיה כללית
513621110,,,513621110|פנסיה כללית|קידוד,קידוד,2025,מזומן,,1.8,1.0,5% -/+,0.0,6.0,"מק""מ (לשנה)",,פנסיה כללית,2026-09-30T22:27:25+00:00,https://infinity.co.il/wp-content/uploads/2025/10/עותק-של-מדיניות-השקעה-מוצהרת-אתר-החברה-15.9.25-1.xls,policy/companies/513621110/raw/513621110/799a66317208_עותק-של-מדיניות-השקעה-מוצהרת-אתר-החברה-15.9.25-1.xls,פנסיה כללית
513621110,,,513621110|פנסיה כללית|קידוד,קידוד,2025,"חשיפה למט""ח",fx,99.8,94.0,6% -/+,88.0,100.0,ערכי מטבע,,פנסיה כללית,2026-09-30T22:27:25+00:00,https://infinity.co.il/wp-content/uploads/2025/10/עותק-של-מדיניות-השקעה-מוצהרת-אתר-החברה-15.9.25-1.xls,policy/companies/513621110/raw/513621110/799a66317208_עותק-של-מדיניות-השקעה-מוצהרת-אתר-החברה-15.9.25-1.xls,פנסיה כללית
513621110,,,513621110|פנסיה כללית|קידוד,קידוד,2025,מגבלת עמלת ניהול חיצוני בשנת 2025,,0.5,,,,,,,פנסיה כללית,2026-09-30T22:27:25+00:00,https://infinity.co.il/wp-content/uploads/2025/10/עותק-של-מדיניות-השקעה-מוצהרת-אתר-החברה-15.9.25-1.xls,policy/companies/513621110/raw/513621110/799a66317208_עותק-של-מדיניות-השקעה-מוצהרת-אתר-החברה-15.9.25-1.xls,פנסיה כללית
513621110,,,513621110|פנסיה כללית|קידוד,קידוד,2025,"מניות (תעודות סל, אופציות, קרנות נאמנות)",equity,97.0,94.0,6% -/+,88.0,100.0,100% MSCI WORLD ALL COUNTRIES,,פנסיה כללית,2026-09-30T22:27:25+00:00,https://infinity.co.il/wp-content/uploads/2025/10/עותק-של-מדיניות-השקעה-מוצהרת-אתר-החברה-15.9.25-1.xls,policy/companies/513621110/raw/513621110/799a66317208_עותק-של-מדיניות-השקעה-מוצהרת-אתר-החברה-15.9.25-1.xls,פנסיה כללית
513621110,,,513621110|פנסיה כללית|קידוד,קידוד,2025,"אג""ח ממשלתי (לרבות מק""מ בנק ישראל)",,0.0,55.0,5% -/+,50.0,60.0,"אג""ח ממשלתי כללי",,פנסיה כללית,2026-09-30T22:27:25+00:00,https://infinity.co.il/wp-content/uploads/2025/10/עותק-של-מדיניות-השקעה-מוצהרת-אתר-החברה-15.9.25-1.xls,policy/companies/513621110/raw/513621110/799a66317208_עותק-של-מדיניות-השקעה-מוצהרת-אתר-החברה-15.9.25-1.xls,פנסיה כללית
513621110,,,513621110|פנסיה כללית|קידוד,קידוד,2025,"אג""ח חברות (קרנות נאמנות, תעודות סל ואג""ח קונצרני לא סחיר)",,0.0,0.0,6% -/+,0.0,6.0,"50% תל בונד 60, 50% תל בונד שקלי",,פנסיה כללית,2026-09-30T22:27:25+00:00,https://infinity.co.il/wp-content/uploads/2025/10/עותק-של-מדיניות-השקעה-מוצהרת-אתר-החברה-15.9.25-1.xls,policy/companies/513621110/raw/513621110/799a66317208_עותק-של-מדיניות-השקעה-מוצהרת-אתר-החברה-15.9.25-1.xls,פנסיה כללית
513621110,,,513621110|פנסיה כללית|קידוד,קידוד,2025,"אחר (קרנות השקעה, פקדונות  והלוואות לעמיתים)",,0.0,0.0,5% -/+,0.0,5.0,"50%- MSCI WORLD AC 25% - IBOXX HY - 25%, IBOXX IG",,פנסיה כללית,2026-09-30T22:27:25+00:00,https://infinity.co.il/wp-content/uploads/2025/10/עותק-של-מדיניות-השקעה-מוצהרת-אתר-החברה-15.9.25-1.xls,policy/companies/513621110/raw/513621110/799a66317208_עותק-של-מדיניות-השקעה-מוצהרת-אתר-החברה-15.9.25-1.xls,פנסיה כללית
513621110,,,513621110|פנסיה כללית|קידוד,קידוד,2025,מזומן,,3.0,1.0,5% -/+,0.0,6.0,"מק""מ (לשנה)",,פנסיה כללית,2026-09-30T22:27:25+00:00,https://infinity.co.il/wp-content/uploads/2025/10/עותק-של-מדיניות-השקעה-מוצהרת-אתר-החברה-15.9.25-1.xls,policy/companies/513621110/raw/513621110/799a66317208_עותק-של-מדיניות-השקעה-מוצהרת-אתר-החברה-15.9.25-1.xls,פנסיה כללית
513621110,,,513621110|פנסיה כללית|קידוד,קידוד,2025,"חשיפה למט""ח",fx,97.0,94.0,6% -/+,88.0,100.0,ערכי מטבע,,פנסיה כללית,2026-09-30T22:27:25+00:00,https://infinity.co.il/wp-content/uploads/2025/10/עותק-של-מדיניות-השקעה-מוצהרת-אתר-החברה-15.9.25-1.xls,policy/companies/513621110/raw/513621110/799a66317208_עותק-של-מדיניות-השקעה-מוצהרת-אתר-החברה-15.9.25-1.xls,פנסיה כללית
513621110,,,513621110|פנסיה כללית|קידוד,קידוד,2025,מגבלת עמלת ניהול חיצוני בשנת 2025,,2.0,,,,,,,פנסיה כללית,2026-09-30T22:27:25+00:00,https://infinity.co.il/wp-content/uploads/2025/10/עותק-של-מדיניות-השקעה-מוצהרת-אתר-החברה-15.9.25-1.xls,policy/companies/513621110/raw/513621110/799a66317208_עותק-של-מדיניות-השקעה-מוצהרת-אתר-החברה-15.9.25-1.xls,פנסיה כללית
513621110,,,513621110|פנסיה כללית|קידוד,קידוד,2025,"מניות (תעודות סל, אופציות, קרנות נאמנות)",equity,0.0,99.0,6% -/+,88.0,100.0,"100% ת""א 125",,פנסיה כללית,2026-09-30T22:27:25+00:00,https://infinity.co.il/wp-content/uploads/2025/10/עותק-של-מדיניות-השקעה-מוצהרת-אתר-החברה-15.9.25-1.xls,policy/companies/513621110/raw/513621110/799a66317208_עותק-של-מדיניות-השקעה-מוצהרת-אתר-החברה-15.9.25-1.xls,פנסיה כללית
513621110,,,513621110|פנסיה כללית|קידוד,קידוד,2025,"אג""ח ממשלתי (לרבות מק""מ בנק ישראל)",,0.0,0.0,5% -/+,0.0,5.0,"50% ממשלתי שקלי 2-5, 50% ממשלתי צמוד 2-5",,פנסיה כללית,2026-09-30T22:27:25+00:00,https://infinity.co.il/wp-content/uploads/2025/10/עותק-של-מדיניות-השקעה-מוצהרת-אתר-החברה-15.9.25-1.xls,policy/companies/513621110/raw/513621110/799a66317208_עותק-של-מדיניות-השקעה-מוצהרת-אתר-החברה-15.9.25-1.xls,פנסיה כללית
513621110,,,513621110|פנסיה כללית|קידוד,קידוד,2025,"אג""ח חברות (קרנות נאמנות, תעודות סל ואג""ח קונצרני לא סחיר)",,0.0,0.0,6% -/+,6.0,0.0,"50% תל בונד 60, 50% תל בונד שקלי",,פנסיה כללית,2026-09-30T22:27:25+00:00,https://infinity.co.il/wp-content/uploads/2025/10/עותק-של-מדיניות-השקעה-מוצהרת-אתר-החברה-15.9.25-1.xls,policy/companies/513621110/raw/513621110/799a66317208_עותק-של-מדיניות-השקעה-מוצהרת-אתר-החברה-15.9.25-1.xls,פנסיה כללית
513621110,,,513621110|פנסיה כללית|קידוד,קידוד,2025,"אחר (קרנות השקעה, פקדונות  והלוואות לעמיתים)",,0.0,0.0,5% -/+,0.0,5.0,"מק""מ (לשנה)",,פנסיה כללית,2026-09-30T22:27:25+00:00,https://infinity.co.il/wp-content/uploads/2025/10/עותק-של-מדיניות-השקעה-מוצהרת-אתר-החברה-15.9.25-1.xls,policy/companies/513621110/raw/513621110/799a66317208_עותק-של-מדיניות-השקעה-מוצהרת-אתר-החברה-15.9.25-1.xls,פנסיה כללית
513621110,,,513621110|פנסיה כללית|קידוד,קידוד,2025,מזומן,,0.0,1.0,5% -/+,0.0,6.0,"מק""מ (לשנה)",,פנסיה כללית,2026-09-30T22:27:25+00:00,https://infinity.co.il/wp-content/uploads/2025/10/עותק-של-מדיניות-השקעה-מוצהרת-אתר-החברה-15.9.25-1.xls,policy/companies/513621110/raw/513621110/799a66317208_עותק-של-מדיניות-השקעה-מוצהרת-אתר-החברה-15.9.25-1.xls,פנסיה כללית
513621110,,,513621110|פנסיה כללית|קידוד,קידוד,2025,"חשיפה למט""ח",fx,0.0,0.0,6% -/+,0.0,6.0,ערכי מטבע,,פנסיה כללית,2026-09-30T22:27:25+00:00,https://infinity.co.il/wp-content/uploads/2025/10/עותק-של-מדיניות-השקעה-מוצהרת-אתר-החברה-15.9.25-1.xls,policy/companies/513621110/raw/513621110/799a66317208_עותק-של-מדיניות-השקעה-מוצהרת-אתר-החברה-15.9.25-1.xls,פנסיה כללית
513621110,,,513621110|פנסיה כללית|קידוד,קידוד,2025,מגבלת עמלת ניהול חיצוני בשנת 2025,,1.0,,,,,,,פנסיה כללית,2026-09-30T22:27:25+00:00,https://infinity.co.il/wp-content/uploads/2025/10/עותק-של-מדיניות-השקעה-מוצהרת-אתר-החברה-15.9.25-1.xls,policy/companies/513621110/raw/513621110/799a66317208_עותק-של-מדיניות-השקעה-מוצהרת-אתר-החברה-15.9.25-1.xls,פנסיה כללית
513621110,,,513621110|פנסיה כללית|קידוד,קידוד,2025,"מניות (תעודות סל, אופציות, קרנות נאמנות)",equity,0.0,50.0,6% -/+,44.0,56.0,"50% ת""א 125, 50% MSCI WORLD ALL COUNTRY",,פנסיה כללית,2026-09-30T22:27:25+00:00,https://infinity.co.il/wp-content/uploads/2025/10/עותק-של-מדיניות-השקעה-מוצהרת-אתר-החברה-15.9.25-1.xls,policy/companies/513621110/raw/513621110/799a66317208_עותק-של-מדיניות-השקעה-מוצהרת-אתר-החברה-15.9.25-1.xls,פנסיה כללית
513621110,,,513621110|פנסיה כללית|קידוד,קידוד,2025,"אג""ח ממשלתי (לרבות מק""מ בנק ישראל)",,0.0,22.0,5% -/+,17.0,27.0,"50% ממשלתי שקלי 2-5, 50% ממשלתי צמוד 2-5",,פנסיה כללית,2026-09-30T22:27:25+00:00,https://infinity.co.il/wp-content/uploads/2025/10/עותק-של-מדיניות-השקעה-מוצהרת-אתר-החברה-15.9.25-1.xls,policy/companies/513621110/raw/513621110/799a66317208_עותק-של-מדיניות-השקעה-מוצהרת-אתר-החברה-15.9.25-1.xls,פנסיה כללית
513621110,,,513621110|פנסיה כללית|קידוד,קידוד,2025,"אג""ח חברות (קרנות נאמנות, תעודות סל ואג""ח קונצרני לא סחיר)",,0.0,22.0,6% -/+,28.0,16.0,"50% תל בונד 60, 50% תל בונד שקלי",,פנסיה כללית,2026-09-30T22:27:25+00:00,https://infinity.co.il/wp-content/uploads/2025/10/עותק-של-מדיניות-השקעה-מוצהרת-אתר-החברה-15.9.25-1.xls,policy/companies/513621110/raw/513621110/799a66317208_עותק-של-מדיניות-השקעה-מוצהרת-אתר-החברה-15.9.25-1.xls,פנסיה כללית
513621110,,,513621110|פנסיה כללית|קידוד,קידוד,2025,"אחר (קרנות השקעה, פקדונות  והלוואות לעמיתים)",,0.0,5.0,5% -/+,0.0,10.0,"מק""מ (לשנה)",,פנסיה כללית,2026-09-30T22:27:25+00:00,https://infinity.co.il/wp-content/uploads/2025/10/עותק-של-מדיניות-השקעה-מוצהרת-אתר-החברה-15.9.25-1.xls,policy/companies/513621110/raw/513621110/799a66317208_עותק-של-מדיניות-השקעה-מוצהרת-אתר-החברה-15.9.25-1.xls,פנסיה כללית
513621110,,,513621110|פנסיה כללית|קידוד,קידוד,2025,מזומן,,0.0,1.0,5% -/+,0.0,5.0,"מק""מ (לשנה)",,פנסיה כללית,2026-09-30T22:27:25+00:00,https://infinity.co.il/wp-content/uploads/2025/10/עותק-של-מדיניות-השקעה-מוצהרת-אתר-החברה-15.9.25-1.xls,policy/companies/513621110/raw/513621110/799a66317208_עותק-של-מדיניות-השקעה-מוצהרת-אתר-החברה-15.9.25-1.xls,פנסיה כללית
513621110,,,513621110|פנסיה כללית|קידוד,קידוד,2025,"חשיפה למט""ח",fx,0.0,20.0,6% -/+,14.0,26.0,ערכי מטבע,,פנסיה כללית,2026-09-30T22:27:25+00:00,https://infinity.co.il/wp-content/uploads/2025/10/עותק-של-מדיניות-השקעה-מוצהרת-אתר-החברה-15.9.25-1.xls,policy/companies/513621110/raw/513621110/799a66317208_עותק-של-מדיניות-השקעה-מוצהרת-אתר-החברה-15.9.25-1.xls,פנסיה כללית
513621110,,,513621110|פנסיה כללית|קידוד,קידוד,2025,מגבלת עמלת ניהול חיצוני בשנת 2025,,1.0,,,,,,,פנסיה כללית,2026-09-30T22:27:25+00:00,https://infinity.co.il/wp-content/uploads/2025/10/עותק-של-מדיניות-השקעה-מוצהרת-אתר-החברה-15.9.25-1.xls,policy/companies/513621110/raw/513621110/799a66317208_עותק-של-מדיניות-השקעה-מוצהרת-אתר-החברה-15.9.25-1.xls,פנסיה כללית
513621110,,,513621110|פנסיה כללית|קידוד,קידוד,2025,"מניות (תעודות סל, אופציות, קרנות נאמנות)",equity,0.0,20.0,6% -/+,14.0,26.0,"50% ת""א 125, 50% MSCI WORLD ALL COUNTRY",,פנסיה כללית,2026-09-30T22:27:25+00:00,https://infinity.co.il/wp-content/uploads/2025/10/עותק-של-מדיניות-השקעה-מוצהרת-אתר-החברה-15.9.25-1.xls,policy/companies/513621110/raw/513621110/799a66317208_עותק-של-מדיניות-השקעה-מוצהרת-אתר-החברה-15.9.25-1.xls,פנסיה כללית
513621110,,,513621110|פנסיה כללית|קידוד,קידוד,2025,"אג""ח ממשלתי (לרבות מק""מ בנק ישראל)",,0.0,54.0,5% -/+,49.0,59.0,"אג""ח ממשלתי כללי",,פנסיה כללית,2026-09-30T22:27:25+00:00,https://infinity.co.il/wp-content/uploads/2025/10/עותק-של-מדיניות-השקעה-מוצהרת-אתר-החברה-15.9.25-1.xls,policy/companies/513621110/raw/513621110/799a66317208_עותק-של-מדיניות-השקעה-מוצהרת-אתר-החברה-15.9.25-1.xls,פנסיה כללית
513621110,,,513621110|פנסיה כללית|קידוד,קידוד,2025,"אג""ח חברות (קרנות נאמנות, תעודות סל ואג""ח קונצרני לא סחיר)",,0.0,25.0,6% -/+,31.0,19.0,"50% תל בונד 60, 50% תל בונד שקלי",,פנסיה כללית,2026-09-30T22:27:25+00:00,https://infinity.co.il/wp-content/uploads/2025/10/עותק-של-מדיניות-השקעה-מוצהרת-אתר-החברה-15.9.25-1.xls,policy/companies/513621110/raw/513621110/799a66317208_עותק-של-מדיניות-השקעה-מוצהרת-אתר-החברה-15.9.25-1.xls,פנסיה כללית
513621110,,,513621110|פנסיה כללית|קידוד,קידוד,2025,"אחר (קרנות השקעה, פקדונות  והלוואות לעמיתים)",,0.0,0.0,5% -/+,0.0,5.0,"50%- MSCI WORLD AC 25% - IBOXX HY - 25%, IBOXX IG",,פנסיה כללית,2026-09-30T22:27:25+00:00,https://infinity.co.il/wp-content/uploads/2025/10/עותק-של-מדיניות-השקעה-מוצהרת-אתר-החברה-15.9.25-1.xls,policy/companies/513621110/raw/513621110/799a66317208_עותק-של-מדיניות-השקעה-מוצהרת-אתר-החברה-15.9.25-1.xls,פנסיה כללית
513621110,,,513621110|פנסיה כללית|קידוד,קידוד,2025,מזומן,,,1.0,5% -/+,0.0,6.0,"מק""מ (לשנה)",,פנסיה כללית,2026-09-30T22:27:25+00:00,https://infinity.co.il/wp-content/uploads/2025/10/עותק-של-מדיניות-השקעה-מוצהרת-אתר-החברה-15.9.25-1.xls,policy/companies/513621110/raw/513621110/799a66317208_עותק-של-מדיניות-השקעה-מוצהרת-אתר-החברה-15.9.25-1.xls,פנסיה כללית
513621110,,,513621110|פנסיה כללית|קידוד,קידוד,2025,"חשיפה למט""ח",fx,0.0,0.0,6% -/+,0.0,6.0,ערכי מטבע,,פנסיה כללית,2026-09-30T22:27:25+00:00,https://infinity.co.il/wp-content/uploads/2025/10/עותק-של-מדיניות-השקעה-מוצהרת-אתר-החברה-15.9.25-1.xls,policy/companies/513621110/raw/513621110/799a66317208_עותק-של-מדיניות-השקעה-מוצהרת-אתר-החברה-15.9.25-1.xls,פנסיה כללית
513621110,,,513621110|פנסיה כללית|קידוד,קידוד,2025,מגבלת עמלת ניהול חיצוני בשנת 2025,,1.0,,,,,,,פנסיה כללית,2026-09-30T22:27:25+00:00,https://infinity.co.il/wp-content/uploads/2025/10/עותק-של-מדיניות-השקעה-מוצהרת-אתר-החברה-15.9.25-1.xls,policy/companies/513621110/raw/513621110/799a66317208_עותק-של-מדיניות-השקעה-מוצהרת-אתר-החברה-15.9.25-1.xls,פנסיה כללית
513621110,,,513621110|פנסיה כללית|קידוד,קידוד,2025,"מניות (תעודות סל, אופציות, קרנות נאמנות)",equity,0.0,94.0,6% -/+,88.0,100.0,"50% ת""א 125, 50% MSCI WORLD ALL COUNTRY",,פנסיה כללית,2026-09-30T22:27:25+00:00,https://infinity.co.il/wp-content/uploads/2025/10/עותק-של-מדיניות-השקעה-מוצהרת-אתר-החברה-15.9.25-1.xls,policy/companies/513621110/raw/513621110/799a66317208_עותק-של-מדיניות-השקעה-מוצהרת-אתר-החברה-15.9.25-1.xls,פנסיה כללית
513621110,,,513621110|פנסיה כללית|קידוד,קידוד,2025,"אג""ח ממשלתי (לרבות מק""מ בנק ישראל)",,0.0,5.0,5% -/+,0.0,10.0,"50% ממשלתי שקלי 2-5, 50% ממשלתי צמוד 2-5",,פנסיה כללית,2026-09-30T22:27:25+00:00,https://infinity.co.il/wp-content/uploads/2025/10/עותק-של-מדיניות-השקעה-מוצהרת-אתר-החברה-15.9.25-1.xls,policy/companies/513621110/raw/513621110/799a66317208_עותק-של-מדיניות-השקעה-מוצהרת-אתר-החברה-15.9.25-1.xls,פנסיה כללית
513621110,,,513621110|פנסיה כללית|קידוד,קידוד,2025,"אג""ח חברות (קרנות נאמנות, תעודות סל ואג""ח קונצרני לא סחיר)",,0.0,0.0,6% -/+,0.0,6.0,"50% תל בונד 60, 50% תל בונד שקלי",,פנסיה כללית,2026-09-30T22:27:25+00:00,https://infinity.co.il/wp-content/uploads/2025/10/עותק-של-מדיניות-השקעה-מוצהרת-אתר-החברה-15.9.25-1.xls,policy/companies/513621110/raw/513621110/799a66317208_עותק-של-מדיניות-השקעה-מוצהרת-אתר-החברה-15.9.25-1.xls,פנסיה כללית
513621110,,,513621110|פנסיה כללית|קידוד,קידוד,2025,"אחר (קרנות השקעה, פקדונות  והלוואות לעמיתים)",,0.0,0.0,5% -/+,0.0,5.0,"מק""מ (לשנה)",,פנסיה כללית,2026-09-30T22:27:25+00:00,https://infinity.co.il/wp-content/uploads/2025/10/עותק-של-מדיניות-השקעה-מוצהרת-אתר-החברה-15.9.25-1.xls,policy/companies/513621110/raw/513621110/799a66317208_עותק-של-מדיניות-השקעה-מוצהרת-אתר-החברה-15.9.25-1.xls,פנסיה כללית
513621110,,,513621110|פנסיה כללית|קידוד,קידוד,2025,מזומן,,0.0,1.0,5% -/+,0.0,6.0,"מק""מ (לשנה)",,פנסיה כללית,2026-09-30T22:27:25+00:00,https://infinity.co.il/wp-content/uploads/2025/10/עותק-של-מדיניות-השקעה-מוצהרת-אתר-החברה-15.9.25-1.xls,policy/companies/513621110/raw/513621110/799a66317208_עותק-של-מדיניות-השקעה-מוצהרת-אתר-החברה-15.9.25-1.xls,פנסיה כללית
513621110,,,513621110|פנסיה כללית|קידוד,קידוד,2025,"חשיפה למט""ח",fx,0.0,36.0,6% -/+,30.0,42.0,ערכי מטבע,,פנסיה כללית,2026-09-30T22:27:25+00:00,https://infinity.co.il/wp-content/uploads/2025/10/עותק-של-מדיניות-השקעה-מוצהרת-אתר-החברה-15.9.25-1.xls,policy/companies/513621110/raw/513621110/799a66317208_עותק-של-מדיניות-השקעה-מוצהרת-אתר-החברה-15.9.25-1.xls,פנסיה כללית
513621110,,,513621110|חיסכון לכל ילד|קידוד,קידוד,2025,"מניות (תעודות סל, אופציות, קרנות נאמנות)",equity,30.82,25.0,6% -/+,19.0,31.0,"50% ת""א 125, 50% MSCI WORLD ALL COUNTRY",,חיסכון לכל ילד,2026-09-30T22:27:25+00:00,https://infinity.co.il/wp-content/uploads/2025/10/עותק-של-מדיניות-השקעה-מוצהרת-אתר-החברה-15.9.25-1.xls,policy/companies/513621110/raw/513621110/799a66317208_עותק-של-מדיניות-השקעה-מוצהרת-אתר-החברה-15.9.25-1.xls,חיסכון לכל ילד
513621110,,,513621110|חיסכון לכל ילד|קידוד,קידוד,2025,"אג""ח ממשלתי (לרבות מק""מ בנק ישראל)",,31.27,35.0,5% -/+,30.0,40.0,"50% ממשלתי שקלי 2-5, 50% ממשלתי צמוד 2-5",,חיסכון לכל ילד,2026-09-30T22:27:25+00:00,https://infinity.co.il/wp-content/uploads/2025/10/עותק-של-מדיניות-השקעה-מוצהרת-אתר-החברה-15.9.25-1.xls,policy/companies/513621110/raw/513621110/799a66317208_עותק-של-מדיניות-השקעה-מוצהרת-אתר-החברה-15.9.25-1.xls,חיסכון לכל ילד
513621110,,,513621110|חיסכון לכל ילד|קידוד,קידוד,2025,"אג""ח חברות (קרנות נאמנות, תעודות סל ואג""ח קונצרני לא סחיר)",,34.11,35.0,6% -/+,29.0,41.0,"50% תל בונד 60, 50% תל בונד שקלי",,חיסכון לכל ילד,2026-09-30T22:27:25+00:00,https://infinity.co.il/wp-content/uploads/2025/10/עותק-של-מדיניות-השקעה-מוצהרת-אתר-החברה-15.9.25-1.xls,policy/companies/513621110/raw/513621110/799a66317208_עותק-של-מדיניות-השקעה-מוצהרת-אתר-החברה-15.9.25-1.xls,חיסכון לכל ילד
513621110,,,513621110|חיסכון לכל ילד|קידוד,קידוד,2025,"אחר (קרנות השקעה, פקדונות  והלוואות לעמיתים)",,0.0,4.0,5% -/+,0.0,9.0,"מק""מ (לשנה)",,חיסכון לכל ילד,2026-09-30T22:27:25+00:00,https://infinity.co.il/wp-content/uploads/2025/10/עותק-של-מדיניות-השקעה-מוצהרת-אתר-החברה-15.9.25-1.xls,policy/companies/513621110/raw/513621110/799a66317208_עותק-של-מדיניות-השקעה-מוצהרת-אתר-החברה-15.9.25-1.xls,חיסכון לכל ילד
513621110,,,513621110|חיסכון לכל ילד|קידוד,קידוד,2025,מזומן,,3.8,1.0,5% -/+,0.0,6.0,"מק""מ (לשנה)",,חיסכון לכל ילד,2026-09-30T22:27:25+00:00,https://infinity.co.il/wp-content/uploads/2025/10/עותק-של-מדיניות-השקעה-מוצהרת-אתר-החברה-15.9.25-1.xls,policy/companies/513621110/raw/513621110/799a66317208_עותק-של-מדיניות-השקעה-מוצהרת-אתר-החברה-15.9.25-1.xls,חיסכון לכל ילד
513621110,,,513621110|חיסכון לכל ילד|קידוד,קידוד,2025,"חשיפה למט""ח",fx,14.24,10.0,6% -/+,4.0,16.0,ערכי מטבע,,חיסכון לכל ילד,2026-09-30T22:27:25+00:00,https://infinity.co.il/wp-content/uploads/2025/10/עותק-של-מדיניות-השקעה-מוצהרת-אתר-החברה-15.9.25-1.xls,policy/companies/513621110/raw/513621110/799a66317208_עותק-של-מדיניות-השקעה-מוצהרת-אתר-החברה-15.9.25-1.xls,חיסכון לכל ילד
513621110,,,513621110|חיסכון לכל ילד|קידוד,קידוד,2025,מגבלת עמלת ניהול חיצוני בשנת 2025,,0.25,,,,,,,חיסכון לכל ילד,2026-09-30T22:27:25+00:00,https://infinity.co.il/wp-content/uploads/2025/10/עותק-של-מדיניות-השקעה-מוצהרת-אתר-החברה-15.9.25-1.xls,policy/companies/513621110/raw/513621110/799a66317208_עותק-של-מדיניות-השקעה-מוצהרת-אתר-החברה-15.9.25-1.xls,חיסכון לכל ילד
513621110,,,513621110|חיסכון לכל ילד|קידוד,קידוד,2025,"מניות (תעודות סל, אופציות, קרנות נאמנות)",equity,50.01,48.0,6% -/+,42.0,54.0,"50% ת""א 125, 50% MSCI WORLD ALL COUNTRY",,חיסכון לכל ילד,2026-09-30T22:27:25+00:00,https://infinity.co.il/wp-content/uploads/2025/10/עותק-של-מדיניות-השקעה-מוצהרת-אתר-החברה-15.9.25-1.xls,policy/companies/513621110/raw/513621110/799a66317208_עותק-של-מדיניות-השקעה-מוצהרת-אתר-החברה-15.9.25-1.xls,חיסכון לכל ילד
513621110,,,513621110|חיסכון לכל ילד|קידוד,קידוד,2025,"אג""ח ממשלתי (לרבות מק""מ בנק ישראל)",,23.0,24.0,5% -/+,19.0,29.0,"50% ממשלתי שקלי 2-5, 50% ממשלתי צמוד 2-5",,חיסכון לכל ילד,2026-09-30T22:27:25+00:00,https://infinity.co.il/wp-content/uploads/2025/10/עותק-של-מדיניות-השקעה-מוצהרת-אתר-החברה-15.9.25-1.xls,policy/companies/513621110/raw/513621110/799a66317208_עותק-של-מדיניות-השקעה-מוצהרת-אתר-החברה-15.9.25-1.xls,חיסכון לכל ילד
513621110,,,513621110|חיסכון לכל ילד|קידוד,קידוד,2025,"אג""ח חברות (קרנות נאמנות, תעודות סל ואג""ח קונצרני לא סחיר)",,22.57,26.0,6% -/+,20.0,32.0,"50% תל בונד 60, 50% תל בונד שקלי",,חיסכון לכל ילד,2026-09-30T22:27:25+00:00,https://infinity.co.il/wp-content/uploads/2025/10/עותק-של-מדיניות-השקעה-מוצהרת-אתר-החברה-15.9.25-1.xls,policy/companies/513621110/raw/513621110/799a66317208_עותק-של-מדיניות-השקעה-מוצהרת-אתר-החברה-15.9.25-1.xls,חיסכון לכל ילד
513621110,,,513621110|חיסכון לכל ילד|קידוד,קידוד,2025,"אחר (קרנות השקעה, פקדונות  והלוואות לעמיתים)",,0.0,1.0,5% -/+,0.0,6.0,"מק""מ (לשנה)",,חיסכון לכל ילד,2026-09-30T22:27:25+00:00,https://infinity.co.il/wp-content/uploads/2025/10/עותק-של-מדיניות-השקעה-מוצהרת-אתר-החברה-15.9.25-1.xls,policy/companies/513621110/raw/513621110/799a66317208_עותק-של-מדיניות-השקעה-מוצהרת-אתר-החברה-15.9.25-1.xls,חיסכון לכל ילד
513621110,,,513621110|חיסכון לכל ילד|קידוד,קידוד,2025,מזומן,,4.41,1.0,5% -/+,0.0,6.0,"מק""מ (לשנה)",,חיסכון לכל ילד,2026-09-30T22:27:25+00:00,https://infinity.co.il/wp-content/uploads/2025/10/עותק-של-מדיניות-השקעה-מוצהרת-אתר-החברה-15.9.25-1.xls,policy/companies/513621110/raw/513621110/799a66317208_עותק-של-מדיניות-השקעה-מוצהרת-אתר-החברה-15.9.25-1.xls,חיסכון לכל ילד
513621110,,,513621110|חיסכון לכל ילד|קידוד,קידוד,2025,"חשיפה למט""ח",fx,20.99,20.0,6% -/+,14.0,26.0,ערכי מטבע,,חיסכון לכל ילד,2026-09-30T22:27:25+00:00,https://infinity.co.il/wp-content/uploads/2025/10/עותק-של-מדיניות-השקעה-מוצהרת-אתר-החברה-15.9.25-1.xls,policy/companies/513621110/raw/513621110/799a66317208_עותק-של-מדיניות-השקעה-מוצהרת-אתר-החברה-15.9.25-1.xls,חיסכון לכל ילד
513621110,,,513621110|חיסכון לכל ילד|קידוד,קידוד,2025,מגבלת עמלת ניהול חיצוני בשנת 2025,,0.25,,,,,,,חיסכון לכל ילד,2026-09-30T22:27:25+00:00,https://infinity.co.il/wp-content/uploads/2025/10/עותק-של-מדיניות-השקעה-מוצהרת-אתר-החברה-15.9.25-1.xls,policy/companies/513621110/raw/513621110/799a66317208_עותק-של-מדיניות-השקעה-מוצהרת-אתר-החברה-15.9.25-1.xls,חיסכון לכל ילד
513621110,,,513621110|חיסכון לכל ילד|קידוד,קידוד,2025,"מניות (תעודות סל, אופציות, קרנות נאמנות)",equity,91.96,94.0,6% -/+,88.0,100.0,"50% ת""א 125, 50% MSCI WORLD ALL COUNTRY",,חיסכון לכל ילד,2026-09-30T22:27:25+00:00,https://infinity.co.il/wp-content/uploads/2025/10/עותק-של-מדיניות-השקעה-מוצהרת-אתר-החברה-15.9.25-1.xls,policy/companies/513621110/raw/513621110/799a66317208_עותק-של-מדיניות-השקעה-מוצהרת-אתר-החברה-15.9.25-1.xls,חיסכון לכל ילד
513621110,,,513621110|חיסכון לכל ילד|קידוד,קידוד,2025,"אג""ח ממשלתי (לרבות מק""מ בנק ישראל)",,1.22,0.0,5% -/+,0.0,10.0,"50% ממשלתי שקלי 2-5, 50% ממשלתי צמוד 2-5",,חיסכון לכל ילד,2026-09-30T22:27:25+00:00,https://infinity.co.il/wp-content/uploads/2025/10/עותק-של-מדיניות-השקעה-מוצהרת-אתר-החברה-15.9.25-1.xls,policy/companies/513621110/raw/513621110/799a66317208_עותק-של-מדיניות-השקעה-מוצהרת-אתר-החברה-15.9.25-1.xls,חיסכון לכל ילד
513621110,,,513621110|חיסכון לכל ילד|קידוד,קידוד,2025,"אג""ח חברות (קרנות נאמנות, תעודות סל ואג""ח קונצרני לא סחיר)",,0.0,0.0,6% -/+,0.0,6.0,"50% תל בונד 60, 50% תל בונד שקלי",,חיסכון לכל ילד,2026-09-30T22:27:25+00:00,https://infinity.co.il/wp-content/uploads/2025/10/עותק-של-מדיניות-השקעה-מוצהרת-אתר-החברה-15.9.25-1.xls,policy/companies/513621110/raw/513621110/799a66317208_עותק-של-מדיניות-השקעה-מוצהרת-אתר-החברה-15.9.25-1.xls,חיסכון לכל ילד
513621110,,,513621110|חיסכון לכל ילד|קידוד,קידוד,2025,"אחר (קרנות השקעה, פקדונות  והלוואות לעמיתים)",,0.0,0.0,5% -/+,0.0,5.0,"מק""מ (לשנה)",,חיסכון לכל ילד,2026-09-30T22:27:25+00:00,https://infinity.co.il/wp-content/uploads/2025/10/עותק-של-מדיניות-השקעה-מוצהרת-אתר-החברה-15.9.25-1.xls,policy/companies/513621110/raw/513621110/799a66317208_עותק-של-מדיניות-השקעה-מוצהרת-אתר-החברה-15.9.25-1.xls,חיסכון לכל ילד
513621110,,,513621110|חיסכון לכל ילד|קידוד,קידוד,2025,מזומן,,6.82,6.0,5% -/+,1.0,11.0,"מק""מ (לשנה)",,חיסכון לכל ילד,2026-09-30T22:27:25+00:00,https://infinity.co.il/wp-content/uploads/2025/10/עותק-של-מדיניות-השקעה-מוצהרת-אתר-החברה-15.9.25-1.xls,policy/companies/513621110/raw/513621110/799a66317208_עותק-של-מדיניות-השקעה-מוצהרת-אתר-החברה-15.9.25-1.xls,חיסכון לכל ילד
513621110,,,513621110|חיסכון לכל ילד|קידוד,קידוד,2025,"חשיפה למט""ח",fx,46.38,36.0,6% -/+,30.0,42.0,ערכי מטבע,,חיסכון לכל ילד,2026-09-30T22:27:25+00:00,https://infinity.co.il/wp-content/uploads/2025/10/עותק-של-מדיניות-השקעה-מוצהרת-אתר-החברה-15.9.25-1.xls,policy/companies/513621110/raw/513621110/799a66317208_עותק-של-מדיניות-השקעה-מוצהרת-אתר-החברה-15.9.25-1.xls,חיסכון לכל ילד
513621110,,,513621110|חיסכון לכל ילד|קידוד,קידוד,2025,מגבלת עמלת ניהול חיצוני בשנת 2025,,0.25,,,,,,,חיסכון לכל ילד,2026-09-30T22:27:25+00:00,https://infinity.co.il/wp-content/uploads/2025/10/עותק-של-מדיניות-השקעה-מוצהרת-אתר-החברה-15.9.25-1.xls,policy/companies/513621110/raw/513621110/799a66317208_עותק-של-מדיניות-השקעה-מוצהרת-אתר-החברה-15.9.25-1.xls,חיסכון לכל ילד
513621110,,,513621110|חיסכון לכל ילד|קידוד,קידוד,2025,"מניות (תעודות סל, אופציות, קרנות נאמנות)",equity,99.9,94.0,6% -/+,88.0,100.0,100% MSCI WORLD ALL COUNTRIES,,חיסכון לכל ילד,2026-09-30T22:27:25+00:00,https://infinity.co.il/wp-content/uploads/2025/10/עותק-של-מדיניות-השקעה-מוצהרת-אתר-החברה-15.9.25-1.xls,policy/companies/513621110/raw/513621110/799a66317208_עותק-של-מדיניות-השקעה-מוצהרת-אתר-החברה-15.9.25-1.xls,חיסכון לכל ילד
513621110,,,513621110|חיסכון לכל ילד|קידוד,קידוד,2025,"אג""ח ממשלתי (לרבות מק""מ בנק ישראל)",,31.98,30.0,5% -/+,25.0,35.0,"50% ממשלתי שקלי 2-5, 50% ממשלתי צמוד 2-5",,חיסכון לכל ילד,2026-09-30T22:27:25+00:00,https://infinity.co.il/wp-content/uploads/2025/10/עותק-של-מדיניות-השקעה-מוצהרת-אתר-החברה-15.9.25-1.xls,policy/companies/513621110/raw/513621110/799a66317208_עותק-של-מדיניות-השקעה-מוצהרת-אתר-החברה-15.9.25-1.xls,חיסכון לכל ילד
513621110,,,513621110|חיסכון לכל ילד|קידוד,קידוד,2025,"אג""ח חברות (קרנות נאמנות, תעודות סל ואג""ח קונצרני לא סחיר)",,0.0,0.0,6% -/+,0.0,6.0,"50% תל בונד 60, 50% תל בונד שקלי",,חיסכון לכל ילד,2026-09-30T22:27:25+00:00,https://infinity.co.il/wp-content/uploads/2025/10/עותק-של-מדיניות-השקעה-מוצהרת-אתר-החברה-15.9.25-1.xls,policy/companies/513621110/raw/513621110/799a66317208_עותק-של-מדיניות-השקעה-מוצהרת-אתר-החברה-15.9.25-1.xls,חיסכון לכל ילד
513621110,,,513621110|חיסכון לכל ילד|קידוד,קידוד,2025,פקדונות,,18.68,15.0,5% -/+,10.0,20.0,"מק""מ (לשנה)",,חיסכון לכל ילד,2026-09-30T22:27:25+00:00,https://infinity.co.il/wp-content/uploads/2025/10/עותק-של-מדיניות-השקעה-מוצהרת-אתר-החברה-15.9.25-1.xls,policy/companies/513621110/raw/513621110/799a66317208_עותק-של-מדיניות-השקעה-מוצהרת-אתר-החברה-15.9.25-1.xls,חיסכון לכל ילד
513621110,,,513621110|חיסכון לכל ילד|קידוד,קידוד,2025,אחר (קרנות השקעה והלוואות לעמיתים),,3.73,0.0,5% -/+,0.0,10.0,"מק""מ (לשנה)",,חיסכון לכל ילד,2026-09-30T22:27:25+00:00,https://infinity.co.il/wp-content/uploads/2025/10/עותק-של-מדיניות-השקעה-מוצהרת-אתר-החברה-15.9.25-1.xls,policy/companies/513621110/raw/513621110/799a66317208_עותק-של-מדיניות-השקעה-מוצהרת-אתר-החברה-15.9.25-1.xls,חיסכון לכל ילד
513621110,,,513621110|חיסכון לכל ילד|קידוד,קידוד,2025,מזומן,,3.35,5.0,5% -/+,0.0,10.0,"מק""מ (לשנה)",,חיסכון לכל ילד,2026-09-30T22:27:25+00:00,https://infinity.co.il/wp-content/uploads/2025/10/עותק-של-מדיניות-השקעה-מוצהרת-אתר-החברה-15.9.25-1.xls,policy/companies/513621110/raw/513621110/799a66317208_עותק-של-מדיניות-השקעה-מוצהרת-אתר-החברה-15.9.25-1.xls,חיסכון לכל ילד
513621110,,,513621110|חיסכון לכל ילד|קידוד,קידוד,2025,"חשיפה למט""ח",fx,93.63,94.0,6% -/+,88.0,100.0,ערכי מטבע,,חיסכון לכל ילד,2026-09-30T22:27:25+00:00,https://infinity.co.il/wp-content/uploads/2025/10/עותק-של-מדיניות-השקעה-מוצהרת-אתר-החברה-15.9.25-1.xls,policy/companies/513621110/raw/513621110/799a66317208_עותק-של-מדיניות-השקעה-מוצהרת-אתר-החברה-15.9.25-1.xls,חיסכון לכל ילד
513621110,,,513621110|חיסכון לכל ילד|קידוד,קידוד,2025,מגבלת עמלת ניהול חיצוני בשנת 2025,,0.25,,,,,,,חיסכון לכל ילד,2026-09-30T22:27:25+00:00,https://infinity.co.il/wp-content/uploads/2025/10/עותק-של-מדיניות-השקעה-מוצהרת-אתר-החברה-15.9.25-1.xls,policy/companies/513621110/raw/513621110/799a66317208_עותק-של-מדיניות-השקעה-מוצהרת-אתר-החברה-15.9.25-1.xls,חיסכון לכל ילד
513621110,,,513621110|פיצויים|קידוד,קידוד,2025,"מניות (תעודות סל, אופציות, קרנות נאמנות)",equity,9.33,9.0,6% -/+,3.0,15.0,"50% ת""א 125, 50% MSCI WORLD ALL COUNTRY",,פיצויים,2026-09-30T22:27:25+00:00,https://infinity.co.il/wp-content/uploads/2025/10/עותק-של-מדיניות-השקעה-מוצהרת-אתר-החברה-15.9.25-1.xls,policy/companies/513621110/raw/513621110/799a66317208_עותק-של-מדיניות-השקעה-מוצהרת-אתר-החברה-15.9.25-1.xls,פיצויים
513621110,,,513621110|פיצויים|קידוד,קידוד,2025,"אג""ח ממשלתי (לרבות מק""מ בנק ישראל)",,42.39,45.0,5% -/+,40.0,50.0,"50% ממשלתי שקלי 2-5, 50% ממשלתי צמוד 2-5",,פיצויים,2026-09-30T22:27:25+00:00,https://infinity.co.il/wp-content/uploads/2025/10/עותק-של-מדיניות-השקעה-מוצהרת-אתר-החברה-15.9.25-1.xls,policy/companies/513621110/raw/513621110/799a66317208_עותק-של-מדיניות-השקעה-מוצהרת-אתר-החברה-15.9.25-1.xls,פיצויים
513621110,,,513621110|פיצויים|קידוד,קידוד,2025,"אג""ח חברות (קרנות נאמנות, תעודות סל ואג""ח קונצרני לא סחיר)",,45.57,45.0,6% -/+,39.0,51.0,"50% תל בונד 60, 50% תל בונד שקלי",,פיצויים,2026-09-30T22:27:25+00:00,https://infinity.co.il/wp-content/uploads/2025/10/עותק-של-מדיניות-השקעה-מוצהרת-אתר-החברה-15.9.25-1.xls,policy/companies/513621110/raw/513621110/799a66317208_עותק-של-מדיניות-השקעה-מוצהרת-אתר-החברה-15.9.25-1.xls,פיצויים
513621110,,,513621110|פיצויים|קידוד,קידוד,2025,"אחר (קרנות השקעה, פקדונות  והלוואות לעמיתים)",,0.0,0.0,5% -/+,0.0,5.0,"מק""מ (לשנה)",,פיצויים,2026-09-30T22:27:25+00:00,https://infinity.co.il/wp-content/uploads/2025/10/עותק-של-מדיניות-השקעה-מוצהרת-אתר-החברה-15.9.25-1.xls,policy/companies/513621110/raw/513621110/799a66317208_עותק-של-מדיניות-השקעה-מוצהרת-אתר-החברה-15.9.25-1.xls,פיצויים
513621110,,,513621110|פיצויים|קידוד,קידוד,2025,מזומן,,2.7,1.0,5% -/+,0.0,6.0,"מק""מ (לשנה)",,פיצויים,2026-09-30T22:27:25+00:00,https://infinity.co.il/wp-content/uploads/2025/10/עותק-של-מדיניות-השקעה-מוצהרת-אתר-החברה-15.9.25-1.xls,policy/companies/513621110/raw/513621110/799a66317208_עותק-של-מדיניות-השקעה-מוצהרת-אתר-החברה-15.9.25-1.xls,פיצויים
513621110,,,513621110|פיצויים|קידוד,קידוד,2025,"חשיפה למט""ח",fx,6.6,9.0,6% -/+,3.0,15.0,ערכי מטבע,,פיצויים,2026-09-30T22:27:25+00:00,https://infinity.co.il/wp-content/uploads/2025/10/עותק-של-מדיניות-השקעה-מוצהרת-אתר-החברה-15.9.25-1.xls,policy/companies/513621110/raw/513621110/799a66317208_עותק-של-מדיניות-השקעה-מוצהרת-אתר-החברה-15.9.25-1.xls,פיצויים
513621110,,,513621110|פיצויים|קידוד,קידוד,2025,מגבלת עמלת ניהול חיצוני בשנת 2025,,0.25,,,,,,,פיצויים,2026-09-30T22:27:25+00:00,https://infinity.co.il/wp-content/uploads/2025/10/עותק-של-מדיניות-השקעה-מוצהרת-אתר-החברה-15.9.25-1.xls,policy/companies/513621110/raw/513621110/799a66317208_עותק-של-מדיניות-השקעה-מוצהרת-אתר-החברה-15.9.25-1.xls,פיצויים
513621110,,,513621110|פיצויים|קידוד,קידוד,2025,"מניות (תעודות סל, אופציות, קרנות נאמנות)",equity,96.08,94.0,6% -/+,88.0,100.0,"50% ת""א 125, 50% MSCI WORLD ALL COUNTRY",,פיצויים,2026-09-30T22:27:25+00:00,https://infinity.co.il/wp-content/uploads/2025/10/עותק-של-מדיניות-השקעה-מוצהרת-אתר-החברה-15.9.25-1.xls,policy/companies/513621110/raw/513621110/799a66317208_עותק-של-מדיניות-השקעה-מוצהרת-אתר-החברה-15.9.25-1.xls,פיצויים
513621110,,,513621110|פיצויים|קידוד,קידוד,2025,"אג""ח ממשלתי (לרבות מק""מ בנק ישראל)",,0.0,0.0,5% -/+,0.0,5.0,"50% ממשלתי שקלי 2-5, 50% ממשלתי צמוד 2-5",,פיצויים,2026-09-30T22:27:25+00:00,https://infinity.co.il/wp-content/uploads/2025/10/עותק-של-מדיניות-השקעה-מוצהרת-אתר-החברה-15.9.25-1.xls,policy/companies/513621110/raw/513621110/799a66317208_עותק-של-מדיניות-השקעה-מוצהרת-אתר-החברה-15.9.25-1.xls,פיצויים
513621110,,,513621110|פיצויים|קידוד,קידוד,2025,"אג""ח חברות (קרנות נאמנות, תעודות סל ואג""ח קונצרני לא סחיר)",,0.0,0.0,6% -/+,0.0,6.0,"50% תל בונד 60, 50% תל בונד שקלי",,פיצויים,2026-09-30T22:27:25+00:00,https://infinity.co.il/wp-content/uploads/2025/10/עותק-של-מדיניות-השקעה-מוצהרת-אתר-החברה-15.9.25-1.xls,policy/companies/513621110/raw/513621110/799a66317208_עותק-של-מדיניות-השקעה-מוצהרת-אתר-החברה-15.9.25-1.xls,פיצויים
513621110,,,513621110|פיצויים|קידוד,קידוד,2025,"אחר (קרנות השקעה, פקדונות  והלוואות לעמיתים)",,0.0,5.0,5% -/+,0.0,10.0,"מק""מ (לשנה)",,פיצויים,2026-09-30T22:27:25+00:00,https://infinity.co.il/wp-content/uploads/2025/10/עותק-של-מדיניות-השקעה-מוצהרת-אתר-החברה-15.9.25-1.xls,policy/companies/513621110/raw/513621110/799a66317208_עותק-של-מדיניות-השקעה-מוצהרת-אתר-החברה-15.9.25-1.xls,פיצויים
513621110,,,513621110|פיצויים|קידוד,קידוד,2025,מזומן,,3.92,1.0,5% -/+,0.0,6.0,"מק""מ (לשנה)",,פיצויים,2026-09-30T22:27:25+00:00,https://infinity.co.il/wp-content/uploads/2025/10/עותק-של-מדיניות-השקעה-מוצהרת-אתר-החברה-15.9.25-1.xls,policy/companies/513621110/raw/513621110/799a66317208_עותק-של-מדיניות-השקעה-מוצהרת-אתר-החברה-15.9.25-1.xls,פיצויים
513621110,,,513621110|פיצויים|קידוד,קידוד,2025,"חשיפה למט""ח",fx,40.85,36.0,6% -/+,30.0,42.0,ערכי מטבע,,פיצויים,2026-09-30T22:27:25+00:00,https://infinity.co.il/wp-content/uploads/2025/10/עותק-של-מדיניות-השקעה-מוצהרת-אתר-החברה-15.9.25-1.xls,policy/companies/513621110/raw/513621110/799a66317208_עותק-של-מדיניות-השקעה-מוצהרת-אתר-החברה-15.9.25-1.xls,פיצויים
513621110,,,513621110|פיצויים|קידוד,קידוד,2025,מגבלת עמלת ניהול חיצוני בשנת 2025,,0.25,,,,,,,פיצויים,2026-09-30T22:27:25+00:00,https://infinity.co.il/wp-content/uploads/2025/10/עותק-של-מדיניות-השקעה-מוצהרת-אתר-החברה-15.9.25-1.xls,policy/companies/513621110/raw/513621110/799a66317208_עותק-של-מדיניות-השקעה-מוצהרת-אתר-החברה-15.9.25-1.xls,פיצויים
513621110,,,513621110|פנסיה כללית תלוי גיל-1|אינפיניטי פנסיה כללית לבני 50 ומטה,אינפיניטי פנסיה כללית לבני 50 ומטה,2023,"מניות (כולל תעודות סל, אופציות, קרנות נאמנות)",equity,,53.0,0.06,47.0,59.0,"50%- מדד ת""א 125 ,   50%- MSCI WORLD AC",,פנסיה כללית תלוי גיל-1,2026-09-30T22:27:25+00:00,https://infinity.co.il/wp-content/uploads/2025/07/מדיניות-השקעות-מוצהרת-2023-אינפיניטי-פנסיה-כללית-משלימה-2-1.xls,policy/companies/513621110/raw/513621110/84202ef23c56_מדיניות-השקעות-מוצהרת-2023-אינפיניטי-פנסיה-כללית-משלימה-2-1.xls,פנסיה כללית תלוי גיל-1
513621110,,,513621110|פנסיה כללית תלוי גיל-1|אינפיניטי פנסיה כללית לבני 50 ומטה,אינפיניטי פנסיה כללית לבני 50 ומטה,2023,"אחר (קרנות השקעה, Co Invest, תשתיות, גידור)",,,5.0,0.05,0.0,10.0,"50%- MSCI WORLD AC 25% - IBOXX HY - 25%, IBOXX IG",,פנסיה כללית תלוי גיל-1,2026-09-30T22:27:25+00:00,https://infinity.co.il/wp-content/uploads/2025/07/מדיניות-השקעות-מוצהרת-2023-אינפיניטי-פנסיה-כללית-משלימה-2-1.xls,policy/companies/513621110/raw/513621110/84202ef23c56_מדיניות-השקעות-מוצהרת-2023-אינפיניטי-פנסיה-כללית-משלימה-2-1.xls,פנסיה כללית תלוי גיל-1
513621110,,,513621110|פנסיה כללית תלוי גיל-1|אינפיניטי פנסיה כללית לבני 50 ומטה,אינפיניטי פנסיה כללית לבני 50 ומטה,2023,"חשיפה למט""ח",fx,,18.0,0.06,12.0,24.0,,,פנסיה כללית תלוי גיל-1,2026-09-30T22:27:25+00:00,https://infinity.co.il/wp-content/uploads/2025/07/מדיניות-השקעות-מוצהרת-2023-אינפיניטי-פנסיה-כללית-משלימה-2-1.xls,policy/companies/513621110/raw/513621110/84202ef23c56_מדיניות-השקעות-מוצהרת-2023-אינפיניטי-פנסיה-כללית-משלימה-2-1.xls,פנסיה כללית תלוי גיל-1
513621110,,,513621110|פנסיה כללית תלוי גיל-1|אינפיניטי פנסיה כללית לבני 50 עד 60,אינפיניטי פנסיה כללית לבני 50 עד 60,2023,"אחר (קרנות השקעה, Co Invest, תשתיות, גידור)",,,5.0,0.05,0.0,10.0,"50%- MSCI WORLD AC 25% - IBOXX HY - 25%, IBOXX IG",,פנסיה כללית תלוי גיל-1,2026-09-30T22:27:25+00:00,https://infinity.co.il/wp-content/uploads/2025/07/מדיניות-השקעות-מוצהרת-2023-אינפיניטי-פנסיה-כללית-משלימה-2-1.xls,policy/companies/513621110/raw/513621110/84202ef23c56_מדיניות-השקעות-מוצהרת-2023-אינפיניטי-פנסיה-כללית-משלימה-2-1.xls,פנסיה כללית תלוי גיל-1
513621110,,,513621110|פנסיה כללית תלוי גיל-1|אינפיניטי פנסיה כללית לבני 50 עד 60,אינפיניטי פנסיה כללית לבני 50 עד 60,2023,מזומנים (*),,,1.0,0.05,0.0,6.0,,,פנסיה כללית תלוי גיל-1,2026-09-30T22:27:25+00:00,https://infinity.co.il/wp-content/uploads/2025/07/מדיניות-השקעות-מוצהרת-2023-אינפיניטי-פנסיה-כללית-משלימה-2-1.xls,policy/companies/513621110/raw/513621110/84202ef23c56_מדיניות-השקעות-מוצהרת-2023-אינפיניטי-פנסיה-כללית-משלימה-2-1.xls,פנסיה כללית תלוי גיל-1
513621110,,,513621110|פנסיה כללית תלוי גיל-1|אינפיניטי פנסיה כללית לבני 50 עד 60,אינפיניטי פנסיה כללית לבני 50 עד 60,2023,"חשיפה למט""ח",fx,,16.0,0.06,10.0,22.0,,,פנסיה כללית תלוי גיל-1,2026-09-30T22:27:25+00:00,https://infinity.co.il/wp-content/uploads/2025/07/מדיניות-השקעות-מוצהרת-2023-אינפיניטי-פנסיה-כללית-משלימה-2-1.xls,policy/companies/513621110/raw/513621110/84202ef23c56_מדיניות-השקעות-מוצהרת-2023-אינפיניטי-פנסיה-כללית-משלימה-2-1.xls,פנסיה כללית תלוי גיל-1
513621110,,,513621110|פנסיה כללית תלוי גיל-1|אינפיניטי פנסיה כללית לבני 60 ומעלה,אינפיניטי פנסיה כללית לבני 60 ומעלה,2023,"מניות (כולל תעודות סל, אופציות, קרנות נאמנות)",equity,,30.0,0.06,24.0,36.0,"50%- מדד ת""א 125 ,   50%- MSCI WORLD AC",,פנסיה כללית תלוי גיל-1,2026-09-30T22:27:25+00:00,https://infinity.co.il/wp-content/uploads/2025/07/מדיניות-השקעות-מוצהרת-2023-אינפיניטי-פנסיה-כללית-משלימה-2-1.xls,policy/companies/513621110/raw/513621110/84202ef23c56_מדיניות-השקעות-מוצהרת-2023-אינפיניטי-פנסיה-כללית-משלימה-2-1.xls,פנסיה כללית תלוי גיל-1
513621110,,,513621110|פנסיה כללית תלוי גיל-1|אינפיניטי פנסיה כללית לבני 60 ומעלה,אינפיניטי פנסיה כללית לבני 60 ומעלה,2023,"אחר (קרנות השקעה, Co Invest, תשתיות, גידור)",,,5.0,0.05,0.0,10.0,"50%- MSCI WORLD AC 25% - IBOXX HY - 25%, IBOXX IG",,פנסיה כללית תלוי גיל-1,2026-09-30T22:27:25+00:00,https://infinity.co.il/wp-content/uploads/2025/07/מדיניות-השקעות-מוצהרת-2023-אינפיניטי-פנסיה-כללית-משלימה-2-1.xls,policy/companies/513621110/raw/513621110/84202ef23c56_מדיניות-השקעות-מוצהרת-2023-אינפיניטי-פנסיה-כללית-משלימה-2-1.xls,פנסיה כללית תלוי גיל-1
513621110,,,513621110|פנסיה כללית תלוי גיל-1|אינפיניטי פנסיה כללית לבני 60 ומעלה,אינפיניטי פנסיה כללית לבני 60 ומעלה,2023,מזומנים (*),,,1.0,0.05,0.0,6.0,,,פנסיה כללית תלוי גיל-1,2026-09-30T22:27:25+00:00,https://infinity.co.il/wp-content/uploads/2025/07/מדיניות-השקעות-מוצהרת-2023-אינפיניטי-פנסיה-כללית-משלימה-2-1.xls,policy/companies/513621110/raw/513621110/84202ef23c56_מדיניות-השקעות-מוצהרת-2023-אינפיניטי-פנסיה-כללית-משלימה-2-1.xls,פנסיה כללית תלוי גיל-1
513621110,,,513621110|פנסיה כללית תלוי גיל-1|אינפיניטי פנסיה כללית לבני 60 ומעלה,אינפיניטי פנסיה כללית לבני 60 ומעלה,2023,"חשיפה למט""ח",fx,,10.0,0.06,4.0,16.0,,,פנסיה כללית תלוי גיל-1,2026-09-30T22:27:25+00:00,https://infinity.co.il/wp-content/uploads/2025/07/מדיניות-השקעות-מוצהרת-2023-אינפיניטי-פנסיה-כללית-משלימה-2-1.xls,policy/companies/513621110/raw/513621110/84202ef23c56_מדיניות-השקעות-מוצהרת-2023-אינפיניטי-פנסיה-כללית-משלימה-2-1.xls,פנסיה כללית תלוי גיל-1
513621110,,,513621110|פנסיה כללית - מסלולים מתמחים-3|מדיניות עבור מסלולים חדשים,מדיניות עבור מסלולים חדשים,2023,"מניות (תעודות סל, אופציות, קרנות נאמנות)",equity,,45.0,+/- 6%,39.0,51.0,"מדד ת""א 125 - 50%",,פנסיה כללית - מסלולים מתמחים-3,2026-09-30T22:27:25+00:00,https://infinity.co.il/wp-content/uploads/2025/07/מדיניות-השקעות-מוצהרת-2023-אינפיניטי-פנסיה-כללית-משלימה-2-1.xls,policy/companies/513621110/raw/513621110/84202ef23c56_מדיניות-השקעות-מוצהרת-2023-אינפיניטי-פנסיה-כללית-משלימה-2-1.xls,פנסיה כללית - מסלולים מתמחים-3
513621110,,,513621110|פנסיה כללית - מסלולים מתמחים-3|מדיניות עבור מסלולים חדשים,מדיניות עבור מסלולים חדשים,2023,"אג""ח ממשלתי (לרבות מק""מ בנק ישראל)",,,24.0,+/- 5%,19.0,29.0,ממשלתי שקלי 2-5 50% ממשלתי צמוד 2-5 50%,,פנסיה כללית - מסלולים מתמחים-3,2026-09-30T22:27:25+00:00,https://infinity.co.il/wp-content/uploads/2025/07/מדיניות-השקעות-מוצהרת-2023-אינפיניטי-פנסיה-כללית-משלימה-2-1.xls,policy/companies/513621110/raw/513621110/84202ef23c56_מדיניות-השקעות-מוצהרת-2023-אינפיניטי-פנסיה-כללית-משלימה-2-1.xls,פנסיה כללית - מסלולים מתמחים-3
513621110,,,513621110|פנסיה כללית - מסלולים מתמחים-3|מדיניות עבור מסלולים חדשים,מדיניות עבור מסלולים חדשים,2023,"אג""ח חברות (קרנות נאמנות, תעודות סל ואג""ח קונצרני לא סחיר)",,,25.0,+/- 6%,19.0,31.0,מדד תל בונד 60 - 50%                   תל בונד שקלי - 50%,,פנסיה כללית - מסלולים מתמחים-3,2026-09-30T22:27:25+00:00,https://infinity.co.il/wp-content/uploads/2025/07/מדיניות-השקעות-מוצהרת-2023-אינפיניטי-פנסיה-כללית-משלימה-2-1.xls,policy/companies/513621110/raw/513621110/84202ef23c56_מדיניות-השקעות-מוצהרת-2023-אינפיניטי-פנסיה-כללית-משלימה-2-1.xls,פנסיה כללית - מסלולים מתמחים-3
513621110,,,513621110|פנסיה כללית - מסלולים מתמחים-3|מדיניות עבור מסלולים חדשים,מדיניות עבור מסלולים חדשים,2023,"אחר: קרנות השקעה, פקדונות  והלוואות לעמיתים",,,5.0,+/- 5%,0.0,10.0,"מק""מ (לשנה)",,פנסיה כללית - מסלולים מתמחים-3,2026-09-30T22:27:25+00:00,https://infinity.co.il/wp-content/uploads/2025/07/מדיניות-השקעות-מוצהרת-2023-אינפיניטי-פנסיה-כללית-משלימה-2-1.xls,policy/companies/513621110/raw/513621110/84202ef23c56_מדיניות-השקעות-מוצהרת-2023-אינפיניטי-פנסיה-כללית-משלימה-2-1.xls,פנסיה כללית - מסלולים מתמחים-3
513621110,,,513621110|פנסיה כללית - מסלולים מתמחים-3|מדיניות עבור מסלולים חדשים,מדיניות עבור מסלולים חדשים,2023,מזומן,,,1.0,+/- 5%,0.0,6.0,"מק""מ (לשנה)",,פנסיה כללית - מסלולים מתמחים-3,2026-09-30T22:27:25+00:00,https://infinity.co.il/wp-content/uploads/2025/07/מדיניות-השקעות-מוצהרת-2023-אינפיניטי-פנסיה-כללית-משלימה-2-1.xls,policy/companies/513621110/raw/513621110/84202ef23c56_מדיניות-השקעות-מוצהרת-2023-אינפיניטי-פנסיה-כללית-משלימה-2-1.xls,פנסיה כללית - מסלולים מתמחים-3
513621110,,,513621110|פנסיה כללית - מסלולים מתמחים-3|מדיניות עבור מסלולים חדשים,מדיניות עבור מסלולים חדשים,2023,"חשיפה למט""ח",fx,,16.0,+/- 6%,10.0,22.0,ערכי מטבע,,פנסיה כללית - מסלולים מתמחים-3,2026-09-30T22:27:25+00:00,https://infinity.co.il/wp-content/uploads/2025/07/מדיניות-השקעות-מוצהרת-2023-אינפיניטי-פנסיה-כללית-משלימה-2-1.xls,policy/companies/513621110/raw/513621110/84202ef23c56_מדיניות-השקעות-מוצהרת-2023-אינפיניטי-פנסיה-כללית-משלימה-2-1.xls,פנסיה כללית - מסלולים מתמחים-3
513621110,,,513621110|כללית-מקבלי קצבה-4|אינפיניטי פנסיה כללית מסלול למקבלי קצבה,אינפיניטי פנסיה כללית מסלול למקבלי קצבה,2023,"מניות (תעודות סל, אופציות, קרנות נאמנות)",equity,0.0,20.0,0.06,14.0,26.0,"50%- מדד ת""א 125 ,   50%- MSCI WORLD AC",,כללית-מקבלי קצבה-4,2026-09-30T22:27:25+00:00,https://infinity.co.il/wp-content/uploads/2025/07/מדיניות-השקעות-מוצהרת-2023-אינפיניטי-פנסיה-כללית-משלימה-2-1.xls,policy/companies/513621110/raw/513621110/84202ef23c56_מדיניות-השקעות-מוצהרת-2023-אינפיניטי-פנסיה-כללית-משלימה-2-1.xls,כללית-מקבלי קצבה-4
513621110,,,513621110|כללית-מקבלי קצבה-4|אינפיניטי פנסיה כללית מסלול למקבלי קצבה,אינפיניטי פנסיה כללית מסלול למקבלי קצבה,2023,"אג""ח ממשלתי (צמוד, שקלי ומט""ח), ממשלות זרות בנטרול חשיפות בנגזרים",,0.0,54.0,0.05,49.0,59.0,"מדד אג""ח ממשלתי כללי",,כללית-מקבלי קצבה-4,2026-09-30T22:27:25+00:00,https://infinity.co.il/wp-content/uploads/2025/07/מדיניות-השקעות-מוצהרת-2023-אינפיניטי-פנסיה-כללית-משלימה-2-1.xls,policy/companies/513621110/raw/513621110/84202ef23c56_מדיניות-השקעות-מוצהרת-2023-אינפיניטי-פנסיה-כללית-משלימה-2-1.xls,כללית-מקבלי קצבה-4
513621110,,,513621110|כללית-מקבלי קצבה-4|אינפיניטי פנסיה כללית מסלול למקבלי קצבה,אינפיניטי פנסיה כללית מסלול למקבלי קצבה,2023,"אג""ח קונצרני (כולל קרנות נאמנות, תעודות סל)",,0.0,25.0,0.06,19.0,31.0,מדד תל בונד 60 - 50%     תל בונד שקלי - 50%,,כללית-מקבלי קצבה-4,2026-09-30T22:27:25+00:00,https://infinity.co.il/wp-content/uploads/2025/07/מדיניות-השקעות-מוצהרת-2023-אינפיניטי-פנסיה-כללית-משלימה-2-1.xls,policy/companies/513621110/raw/513621110/84202ef23c56_מדיניות-השקעות-מוצהרת-2023-אינפיניטי-פנסיה-כללית-משלימה-2-1.xls,כללית-מקבלי קצבה-4
513621110,,,513621110|כללית-מקבלי קצבה-4|אינפיניטי פנסיה כללית מסלול למקבלי קצבה,אינפיניטי פנסיה כללית מסלול למקבלי קצבה,2023,"אחר (קרנות השקעה, Co Invest, תשתיות, גידור)",,0.0,0.0,0.05,0.0,5.0,"50%- MSCI WORLD AC 25% - IBOXX HY - 25%, IBOXX IG",,כללית-מקבלי קצבה-4,2026-09-30T22:27:25+00:00,https://infinity.co.il/wp-content/uploads/2025/07/מדיניות-השקעות-מוצהרת-2023-אינפיניטי-פנסיה-כללית-משלימה-2-1.xls,policy/companies/513621110/raw/513621110/84202ef23c56_מדיניות-השקעות-מוצהרת-2023-אינפיניטי-פנסיה-כללית-משלימה-2-1.xls,כללית-מקבלי קצבה-4
513621110,,,513621110|כללית-מקבלי קצבה-4|אינפיניטי פנסיה כללית מסלול למקבלי קצבה,אינפיניטי פנסיה כללית מסלול למקבלי קצבה,2023,מזומנים (*),,0.0,1.0,0.05,0.0,6.0,,,כללית-מקבלי קצבה-4,2026-09-30T22:27:25+00:00,https://infinity.co.il/wp-content/uploads/2025/07/מדיניות-השקעות-מוצהרת-2023-אינפיניטי-פנסיה-כללית-משלימה-2-1.xls,policy/companies/513621110/raw/513621110/84202ef23c56_מדיניות-השקעות-מוצהרת-2023-אינפיניטי-פנסיה-כללית-משלימה-2-1.xls,כללית-מקבלי קצבה-4
513621110,,,513621110|כללית-מקבלי קצבה-4|אינפיניטי פנסיה כללית מסלול למקבלי קצבה,אינפיניטי פנסיה כללית מסלול למקבלי קצבה,2023,"חשיפה למט""ח",fx,0.0,0.0,0.06,0.0,6.0,,,כללית-מקבלי קצבה-4,2026-09-30T22:27:25+00:00,https://infinity.co.il/wp-content/uploads/2025/07/מדיניות-השקעות-מוצהרת-2023-אינפיניטי-פנסיה-כללית-משלימה-2-1.xls,policy/companies/513621110/raw/513621110/84202ef23c56_מדיניות-השקעות-מוצהרת-2023-אינפיניטי-פנסיה-כללית-משלימה-2-1.xls,כללית-מקבלי קצבה-4
513621110,,,513621110|פנסיה מקיפה תלוי גיל|אינפיניטי פנסיה מקיפה לבני 50 ומטה,אינפיניטי פנסיה מקיפה לבני 50 ומטה,2023,"מניות (כולל תעודות סל, אופציות, קרנות נאמנות)",equity,,53.0,0.06,47.0,59.0,"50%- מדד ת""א 125 ,   50%- MSCI WORLD AC",,פנסיה מקיפה תלוי גיל,2026-09-30T22:27:25+00:00,https://infinity.co.il/wp-content/uploads/2025/07/מדיניות-השקעות-מוצהרת-2023-אינפיניטי-פנסיה-מקיפה.xls,policy/companies/513621110/raw/513621110/1e6aaef30a6f_מדיניות-השקעות-מוצהרת-2023-אינפיניטי-פנסיה-מקיפה.xls,פנסיה מקיפה תלוי גיל
513621110,,,513621110|פנסיה מקיפה תלוי גיל|אינפיניטי פנסיה מקיפה לבני 50 ומטה,אינפיניטי פנסיה מקיפה לבני 50 ומטה,2023,"אג""ח ממשלתי (צמוד, שקלי ומט""ח), 
ממשלות זרות בנטרול חשיפות בנגזרים",,,1.0,0.05,0.0,6.0,"מדד אג""ח ממשלתי כללי",,פנסיה מקיפה תלוי גיל,2026-09-30T22:27:25+00:00,https://infinity.co.il/wp-content/uploads/2025/07/מדיניות-השקעות-מוצהרת-2023-אינפיניטי-פנסיה-מקיפה.xls,policy/companies/513621110/raw/513621110/1e6aaef30a6f_מדיניות-השקעות-מוצהרת-2023-אינפיניטי-פנסיה-מקיפה.xls,פנסיה מקיפה תלוי גיל
513621110,,,513621110|פנסיה מקיפה תלוי גיל|אינפיניטי פנסיה מקיפה לבני 50 ומטה,אינפיניטי פנסיה מקיפה לבני 50 ומטה,2023,"אג""ח מיועדות",,,30.0,0.05,25.0,35.0,,,פנסיה מקיפה תלוי גיל,2026-09-30T22:27:25+00:00,https://infinity.co.il/wp-content/uploads/2025/07/מדיניות-השקעות-מוצהרת-2023-אינפיניטי-פנסיה-מקיפה.xls,policy/companies/513621110/raw/513621110/1e6aaef30a6f_מדיניות-השקעות-מוצהרת-2023-אינפיניטי-פנסיה-מקיפה.xls,פנסיה מקיפה תלוי גיל
513621110,,,513621110|פנסיה מקיפה תלוי גיל|אינפיניטי פנסיה מקיפה לבני 50 ומטה,אינפיניטי פנסיה מקיפה לבני 50 ומטה,2023,"אחר (קרנות השקעה, Co Invest, תשתיות, גידור)",,,5.0,0.05,0.0,10.0,"50%- MSCI WORLD AC 25% - IBOXX HY - 25%, IBOXX IG",,פנסיה מקיפה תלוי גיל,2026-09-30T22:27:25+00:00,https://infinity.co.il/wp-content/uploads/2025/07/מדיניות-השקעות-מוצהרת-2023-אינפיניטי-פנסיה-מקיפה.xls,policy/companies/513621110/raw/513621110/1e6aaef30a6f_מדיניות-השקעות-מוצהרת-2023-אינפיניטי-פנסיה-מקיפה.xls,פנסיה מקיפה תלוי גיל
513621110,,,513621110|פנסיה מקיפה תלוי גיל|אינפיניטי פנסיה מקיפה לבני 50 ומטה,אינפיניטי פנסיה מקיפה לבני 50 ומטה,2023,"חשיפה למט""ח",fx,,18.0,0.06,12.0,24.0,,,פנסיה מקיפה תלוי גיל,2026-09-30T22:27:25+00:00,https://infinity.co.il/wp-content/uploads/2025/07/מדיניות-השקעות-מוצהרת-2023-אינפיניטי-פנסיה-מקיפה.xls,policy/companies/513621110/raw/513621110/1e6aaef30a6f_מדיניות-השקעות-מוצהרת-2023-אינפיניטי-פנסיה-מקיפה.xls,פנסיה מקיפה תלוי גיל
513621110,,,513621110|פנסיה מקיפה תלוי גיל|אינפיניטי פנסיה מקיפה לבני 50 עד 60,אינפיניטי פנסיה מקיפה לבני 50 עד 60,2023,"אג""ח מיועדות",,,30.0,0.05,25.0,35.0,,,פנסיה מקיפה תלוי גיל,2026-09-30T22:27:25+00:00,https://infinity.co.il/wp-content/uploads/2025/07/מדיניות-השקעות-מוצהרת-2023-אינפיניטי-פנסיה-מקיפה.xls,policy/companies/513621110/raw/513621110/1e6aaef30a6f_מדיניות-השקעות-מוצהרת-2023-אינפיניטי-פנסיה-מקיפה.xls,פנסיה מקיפה תלוי גיל
513621110,,,513621110|פנסיה מקיפה תלוי גיל|אינפיניטי פנסיה מקיפה לבני 50 עד 60,אינפיניטי פנסיה מקיפה לבני 50 עד 60,2023,"אחר (קרנות השקעה, Co Invest, תשתיות, גידור)",,,5.0,0.05,0.0,10.0,"50%- MSCI WORLD AC 25% - IBOXX HY - 25%, IBOXX IG",,פנסיה מקיפה תלוי גיל,2026-09-30T22:27:25+00:00,https://infinity.co.il/wp-content/uploads/2025/07/מדיניות-השקעות-מוצהרת-2023-אינפיניטי-פנסיה-מקיפה.xls,policy/companies/513621110/raw/513621110/1e6aaef30a6f_מדיניות-השקעות-מוצהרת-2023-אינפיניטי-פנסיה-מקיפה.xls,פנסיה מקיפה תלוי גיל
513621110,,,513621110|פנסיה מקיפה תלוי גיל|אינפיניטי פנסיה מקיפה לבני 50 עד 60,אינפיניטי פנסיה מקיפה לבני 50 עד 60,2023,מזומנים (*),,,1.0,0.05,0.0,6.0,,,פנסיה מקיפה תלוי גיל,2026-09-30T22:27:25+00:00,https://infinity.co.il/wp-content/uploads/2025/07/מדיניות-השקעות-מוצהרת-2023-אינפיניטי-פנסיה-מקיפה.xls,policy/companies/513621110/raw/513621110/1e6aaef30a6f_מדיניות-השקעות-מוצהרת-2023-אינפיניטי-פנסיה-מקיפה.xls,פנסיה מקיפה תלוי גיל
513621110,,,513621110|פנסיה מקיפה תלוי גיל|אינפיניטי פנסיה מקיפה לבני 50 עד 60,אינפיניטי פנסיה מקיפה לבני 50 עד 60,2023,"חשיפה למט""ח",fx,,16.0,0.06,10.0,22.0,,,פנסיה מקיפה תלוי גיל,2026-09-30T22:27:25+00:00,https://infinity.co.il/wp-content/uploads/2025/07/מדיניות-השקעות-מוצהרת-2023-אינפיניטי-פנסיה-מקיפה.xls,policy/companies/513621110/raw/513621110/1e6aaef30a6f_מדיניות-השקעות-מוצהרת-2023-אינפיניטי-פנסיה-מקיפה.xls,פנסיה מקיפה תלוי גיל
513621110,,,513621110|פנסיה מקיפה תלוי גיל|אינפיניטי פנסיה מקיפה לבני 60 ומעלה,אינפיניטי פנסיה מקיפה לבני 60 ומעלה,2023,"מניות (כולל תעודות סל, אופציות, קרנות נאמנות)",equity,,30.0,0.06,24.0,36.0,"50%- מדד ת""א 125 ,   50%- MSCI WORLD AC",,פנסיה מקיפה תלוי גיל,2026-09-30T22:27:25+00:00,https://infinity.co.il/wp-content/uploads/2025/07/מדיניות-השקעות-מוצהרת-2023-אינפיניטי-פנסיה-מקיפה.xls,policy/companies/513621110/raw/513621110/1e6aaef30a6f_מדיניות-השקעות-מוצהרת-2023-אינפיניטי-פנסיה-מקיפה.xls,פנסיה מקיפה תלוי גיל
513621110,,,513621110|פנסיה מקיפה תלוי גיל|אינפיניטי פנסיה מקיפה לבני 60 ומעלה,אינפיניטי פנסיה מקיפה לבני 60 ומעלה,2023,"אג""ח מיועדות",,,30.0,0.05,25.0,35.0,,,פנסיה מקיפה תלוי גיל,2026-09-30T22:27:25+00:00,https://infinity.co.il/wp-content/uploads/2025/07/מדיניות-השקעות-מוצהרת-2023-אינפיניטי-פנסיה-מקיפה.xls,policy/companies/513621110/raw/513621110/1e6aaef30a6f_מדיניות-השקעות-מוצהרת-2023-אינפיניטי-פנסיה-מקיפה.xls,פנסיה מקיפה תלוי גיל
513621110,,,513621110|פנסיה מקיפה תלוי גיל|אינפיניטי פנסיה מקיפה לבני 60 ומעלה,אינפיניטי פנסיה מקיפה לבני 60 ומעלה,2023,"אחר (קרנות השקעה, Co Invest, תשתיות, גידור)",,,5.0,0.05,0.0,10.0,"50%- MSCI WORLD AC 25% - IBOXX HY - 25%, IBOXX IG",,פנסיה מקיפה תלוי גיל,2026-09-30T22:27:25+00:00,https://infinity.co.il/wp-content/uploads/2025/07/מדיניות-השקעות-מוצהרת-2023-אינפיניטי-פנסיה-מקיפה.xls,policy/companies/513621110/raw/513621110/1e6aaef30a6f_מדיניות-השקעות-מוצהרת-2023-אינפיניטי-פנסיה-מקיפה.xls,פנסיה מקיפה תלוי גיל
513621110,,,513621110|פנסיה מקיפה תלוי גיל|אינפיניטי פנסיה מקיפה לבני 60 ומעלה,אינפיניטי פנסיה מקיפה לבני 60 ומעלה,2023,מזומנים (*),,,1.0,0.05,0.0,6.0,,,פנסיה מקיפה תלוי גיל,2026-09-30T22:27:25+00:00,https://infinity.co.il/wp-content/uploads/2025/07/מדיניות-השקעות-מוצהרת-2023-אינפיניטי-פנסיה-מקיפה.xls,policy/companies/513621110/raw/513621110/1e6aaef30a6f_מדיניות-השקעות-מוצהרת-2023-אינפיניטי-פנסיה-מקיפה.xls,פנסיה מקיפה תלוי גיל
513621110,,,513621110|פנסיה מקיפה תלוי גיל|אינפיניטי פנסיה מקיפה לבני 60 ומעלה,אינפיניטי פנסיה מקיפה לבני 60 ומעלה,2023,"חשיפה למט""ח",fx,,10.0,0.06,4.0,16.0,,,פנסיה מקיפה תלוי גיל,2026-09-30T22:27:25+00:00,https://infinity.co.il/wp-content/uploads/2025/07/מדיניות-השקעות-מוצהרת-2023-אינפיניטי-פנסיה-מקיפה.xls,policy/companies/513621110/raw/513621110/1e6aaef30a6f_מדיניות-השקעות-מוצהרת-2023-אינפיניטי-פנסיה-מקיפה.xls,פנסיה מקיפה תלוי גיל
513621110,,,513621110|פנסיה מקיפה - מסלולים מתמחים|מדיניות עבור מסלולים חדשים,מדיניות עבור מסלולים חדשים,2023,"מניות (תעודות סל, אופציות, קרנות נאמנות)",equity,,45.0,+/- 6%,39.0,51.0,"מדד ת""א 125 - 50%",,פנסיה מקיפה - מסלולים מתמחים,2026-09-30T22:27:25+00:00,https://infinity.co.il/wp-content/uploads/2025/07/מדיניות-השקעות-מוצהרת-2023-אינפיניטי-פנסיה-מקיפה.xls,policy/companies/513621110/raw/513621110/1e6aaef30a6f_מדיניות-השקעות-מוצהרת-2023-אינפיניטי-פנסיה-מקיפה.xls,פנסיה מקיפה - מסלולים מתמחים
513621110,,,513621110|פנסיה מקיפה - מסלולים מתמחים|מדיניות עבור מסלולים חדשים,מדיניות עבור מסלולים חדשים,2023,"אג""ח ממשלתי (לרבות מק""מ בנק ישראל)",,,0.0,+/- 5%,19.0,29.0,ממשלתי שקלי 2-5 50% ממשלתי צמוד 2-5 50%,,פנסיה מקיפה - מסלולים מתמחים,2026-09-30T22:27:25+00:00,https://infinity.co.il/wp-content/uploads/2025/07/מדיניות-השקעות-מוצהרת-2023-אינפיניטי-פנסיה-מקיפה.xls,policy/companies/513621110/raw/513621110/1e6aaef30a6f_מדיניות-השקעות-מוצהרת-2023-אינפיניטי-פנסיה-מקיפה.xls,פנסיה מקיפה - מסלולים מתמחים
513621110,,,513621110|פנסיה מקיפה - מסלולים מתמחים|מדיניות עבור מסלולים חדשים,מדיניות עבור מסלולים חדשים,2023,"אג""ח מיועדות",,,30.0,+/- 5%,25.0,35.0,,,פנסיה מקיפה - מסלולים מתמחים,2026-09-30T22:27:25+00:00,https://infinity.co.il/wp-content/uploads/2025/07/מדיניות-השקעות-מוצהרת-2023-אינפיניטי-פנסיה-מקיפה.xls,policy/companies/513621110/raw/513621110/1e6aaef30a6f_מדיניות-השקעות-מוצהרת-2023-אינפיניטי-פנסיה-מקיפה.xls,פנסיה מקיפה - מסלולים מתמחים
513621110,,,513621110|פנסיה מקיפה - מסלולים מתמחים|מדיניות עבור מסלולים חדשים,מדיניות עבור מסלולים חדשים,2023,"אג""ח חברות (קרנות נאמנות, תעודות סל ואג""ח קונצרני לא סחיר)",,,19.0,+/- 6%,13.0,25.0,מדד תל בונד 60 - 50%                   תל בונד שקלי - 50%,,פנסיה מקיפה - מסלולים מתמחים,2026-09-30T22:27:25+00:00,https://infinity.co.il/wp-content/uploads/2025/07/מדיניות-השקעות-מוצהרת-2023-אינפיניטי-פנסיה-מקיפה.xls,policy/companies/513621110/raw/513621110/1e6aaef30a6f_מדיניות-השקעות-מוצהרת-2023-אינפיניטי-פנסיה-מקיפה.xls,פנסיה מקיפה - מסלולים מתמחים
513621110,,,513621110|פנסיה מקיפה - מסלולים מתמחים|מדיניות עבור מסלולים חדשים,מדיניות עבור מסלולים חדשים,2023,"אחר: קרנות השקעה, פקדונות  והלוואות לעמיתים",,,5.0,+/- 5%,0.0,10.0,"מק""מ (לשנה)",,פנסיה מקיפה - מסלולים מתמחים,2026-09-30T22:27:25+00:00,https://infinity.co.il/wp-content/uploads/2025/07/מדיניות-השקעות-מוצהרת-2023-אינפיניטי-פנסיה-מקיפה.xls,policy/companies/513621110/raw/513621110/1e6aaef30a6f_מדיניות-השקעות-מוצהרת-2023-אינפיניטי-פנסיה-מקיפה.xls,פנסיה מקיפה - מסלולים מתמחים
513621110,,,513621110|פנסיה מקיפה - מסלולים מתמחים|מדיניות עבור מסלולים חדשים,מדיניות עבור מסלולים חדשים,2023,מזומן,,,1.0,+/- 5%,0.0,6.0,"מק""מ (לשנה)",,פנסיה מקיפה - מסלולים מתמחים,2026-09-30T22:27:25+00:00,https://infinity.co.il/wp-content/uploads/2025/07/מדיניות-השקעות-מוצהרת-2023-אינפיניטי-פנסיה-מקיפה.xls,policy/companies/513621110/raw/513621110/1e6aaef30a6f_מדיניות-השקעות-מוצהרת-2023-אינפיניטי-פנסיה-מקיפה.xls,פנסיה מקיפה - מסלולים מתמחים
513621110,,,513621110|פנסיה מקיפה - מסלולים מתמחים|מדיניות עבור מסלולים חדשים,מדיניות עבור מסלולים חדשים,2023,"חשיפה למט""ח",fx,,16.0,+/- 6%,10.0,22.0,ערכי מטבע,,פנסיה מקיפה - מסלולים מתמחים,2026-09-30T22:27:25+00:00,https://infinity.co.il/wp-content/uploads/2025/07/מדיניות-השקעות-מוצהרת-2023-אינפיניטי-פנסיה-מקיפה.xls,policy/companies/513621110/raw/513621110/1e6aaef30a6f_מדיניות-השקעות-מוצהרת-2023-אינפיניטי-פנסיה-מקיפה.xls,פנסיה מקיפה - מסלולים מתמחים
513621110,,,513621110|פנסיה מקיפה - למקבלי קצבה|אינפיניטי פנסיה מקיפה מסלול למקבלי קצבה,אינפיניטי פנסיה מקיפה מסלול למקבלי קצבה,2023,"מניות (תעודות סל, אופציות, קרנות נאמנות)",equity,0.0,20.0,0.06,14.0,26.0,"50%- מדד ת""א 125 ,   50%- MSCI WORLD AC",,פנסיה מקיפה - למקבלי קצבה,2026-09-30T22:27:25+00:00,https://infinity.co.il/wp-content/uploads/2025/07/מדיניות-השקעות-מוצהרת-2023-אינפיניטי-פנסיה-מקיפה.xls,policy/companies/513621110/raw/513621110/1e6aaef30a6f_מדיניות-השקעות-מוצהרת-2023-אינפיניטי-פנסיה-מקיפה.xls,פנסיה מקיפה - למקבלי קצבה
513621110,,,513621110|פנסיה מקיפה - למקבלי קצבה|אינפיניטי פנסיה מקיפה מסלול למקבלי קצבה,אינפיניטי פנסיה מקיפה מסלול למקבלי קצבה,2023,"אג""ח ממשלתי (צמוד, שקלי ומט""ח), ממשלות זרות בנטרול חשיפות בנגזרים",,0.0,0.0,0.05,0.0,5.0,"מדד אג""ח ממשלתי כללי",,פנסיה מקיפה - למקבלי קצבה,2026-09-30T22:27:25+00:00,https://infinity.co.il/wp-content/uploads/2025/07/מדיניות-השקעות-מוצהרת-2023-אינפיניטי-פנסיה-מקיפה.xls,policy/companies/513621110/raw/513621110/1e6aaef30a6f_מדיניות-השקעות-מוצהרת-2023-אינפיניטי-פנסיה-מקיפה.xls,פנסיה מקיפה - למקבלי קצבה
513621110,,,513621110|פנסיה מקיפה - למקבלי קצבה|אינפיניטי פנסיה מקיפה מסלול למקבלי קצבה,אינפיניטי פנסיה מקיפה מסלול למקבלי קצבה,2023,"אג""ח מיועדות",,0.0,60.0,0.05,55.0,65.0,,,פנסיה מקיפה - למקבלי קצבה,2026-09-30T22:27:25+00:00,https://infinity.co.il/wp-content/uploads/2025/07/מדיניות-השקעות-מוצהרת-2023-אינפיניטי-פנסיה-מקיפה.xls,policy/companies/513621110/raw/513621110/1e6aaef30a6f_מדיניות-השקעות-מוצהרת-2023-אינפיניטי-פנסיה-מקיפה.xls,פנסיה מקיפה - למקבלי קצבה
513621110,,,513621110|פנסיה מקיפה - למקבלי קצבה|אינפיניטי פנסיה מקיפה מסלול למקבלי קצבה,אינפיניטי פנסיה מקיפה מסלול למקבלי קצבה,2023,"אג""ח קונצרני (כולל קרנות נאמנות, תעודות סל)",,0.0,19.0,0.06,13.0,25.0,מדד תל בונד 60 - 50%     תל בונד שקלי - 50%,,פנסיה מקיפה - למקבלי קצבה,2026-09-30T22:27:25+00:00,https://infinity.co.il/wp-content/uploads/2025/07/מדיניות-השקעות-מוצהרת-2023-אינפיניטי-פנסיה-מקיפה.xls,policy/companies/513621110/raw/513621110/1e6aaef30a6f_מדיניות-השקעות-מוצהרת-2023-אינפיניטי-פנסיה-מקיפה.xls,פנסיה מקיפה - למקבלי קצבה
513621110,,,513621110|פנסיה מקיפה - למקבלי קצבה|אינפיניטי פנסיה מקיפה מסלול למקבלי קצבה,אינפיניטי פנסיה מקיפה מסלול למקבלי קצבה,2023,"אחר (קרנות השקעה, Co Invest, תשתיות, גידור)",,0.0,0.0,0.05,0.0,5.0,"50%- MSCI WORLD AC 25% - IBOXX HY - 25%, IBOXX IG",,פנסיה מקיפה - למקבלי קצבה,2026-09-30T22:27:25+00:00,https://infinity.co.il/wp-content/uploads/2025/07/מדיניות-השקעות-מוצהרת-2023-אינפיניטי-פנסיה-מקיפה.xls,policy/companies/513621110/raw/513621110/1e6aaef30a6f_מדיניות-השקעות-מוצהרת-2023-אינפיניטי-פנסיה-מקיפה.xls,פנסיה מקיפה - למקבלי קצבה
513621110,,,513621110|פנסיה מקיפה - למקבלי קצבה|אינפיניטי פנסיה מקיפה מסלול למקבלי קצבה,אינפיניטי פנסיה מקיפה מסלול למקבלי קצבה,2023,מזומנים (*),,0.0,1.0,0.05,0.0,6.0,,,פנסיה מקיפה - למקבלי קצבה,2026-09-30T22:27:25+00:00,https://infinity.co.il/wp-content/uploads/2025/07/מדיניות-השקעות-מוצהרת-2023-אינפיניטי-פנסיה-מקיפה.xls,policy/companies/513621110/raw/513621110/1e6aaef30a6f_מדיניות-השקעות-מוצהרת-2023-אינפיניטי-פנסיה-מקיפה.xls,פנסיה מקיפה - למקבלי קצבה
513621110,,,513621110|פנסיה מקיפה - למקבלי קצבה|אינפיניטי פנסיה מקיפה מסלול למקבלי קצבה,אינפיניטי פנסיה מקיפה מסלול למקבלי קצבה,2023,"חשיפה למט""ח",fx,0.0,0.0,0.06,0.0,6.0,,,פנסיה מקיפה - למקבלי קצבה,2026-09-30T22:27:25+00:00,https://infinity.co.il/wp-content/uploads/2025/07/מדיניות-השקעות-מוצהרת-2023-אינפיניטי-פנסיה-מקיפה.xls,policy/companies/513621110/raw/513621110/1e6aaef30a6f_מדיניות-השקעות-מוצהרת-2023-אינפיניטי-פנסיה-מקיפה.xls,פנסיה מקיפה - למקבלי קצבה
513621110,,,513621110|Sheet1|מדיניות השקעה מוצהרת קהר,מדיניות השקעה מוצהרת קהר,2026,"מניות (ת.סל, אופציות, קרנות נאמנות)",equity,50.46,46.0,0.06,40.0,52.0,"ת""א 125 40%, 60% MSCI WORLD ALL COUNTRIES",,Sheet1,2026-09-30T22:27:25+00:00,https://infinity.co.il/wp-content/uploads/2026/06/מדיניות-השקעה-2026-קהר.xls,policy/companies/513621110/raw/513621110/4366c7734e23_מדיניות-השקעה-2026-קהר.xls,Sheet1
513621110,,,513621110|Sheet1|מדיניות השקעה מוצהרת קהר,מדיניות השקעה מוצהרת קהר,2026,"אג""ח ממשלתי",,21.9,24.0,0.05,19.0,29.0,ממשלתי שקלי 2-5 50%,,Sheet1,2026-09-30T22:27:25+00:00,https://infinity.co.il/wp-content/uploads/2026/06/מדיניות-השקעה-2026-קהר.xls,policy/companies/513621110/raw/513621110/4366c7734e23_מדיניות-השקעה-2026-קהר.xls,Sheet1
513621110,,,513621110|Sheet1|מדיניות השקעה מוצהרת קהר,מדיניות השקעה מוצהרת קהר,2026,"אג""ח חברות (קרנות נאמנות, תעודות סל) ושטרי הון",,25.2,25.0,0.06,19.0,31.0,תל בונד 60 - 50%     תל בונד שקלי - 50%,,Sheet1,2026-09-30T22:27:25+00:00,https://infinity.co.il/wp-content/uploads/2026/06/מדיניות-השקעה-2026-קהר.xls,policy/companies/513621110/raw/513621110/4366c7734e23_מדיניות-השקעה-2026-קהר.xls,Sheet1
513621110,,,513621110|Sheet1|מדיניות השקעה מוצהרת קהר,מדיניות השקעה מוצהרת קהר,2026,"אחר: קרנות נדלן, קרנות הון סיכון, קרנות PE, קרנות גידור, תיקי משכנתאות",,1.67,4.0,0.05,0.0,9.0,"ת""א 125 50%, 50% MSCI WORLD ALL COUNTRIES",,Sheet1,2026-09-30T22:27:25+00:00,https://infinity.co.il/wp-content/uploads/2026/06/מדיניות-השקעה-2026-קהר.xls,policy/companies/513621110/raw/513621110/4366c7734e23_מדיניות-השקעה-2026-קהר.xls,Sheet1
513621110,,,513621110|Sheet1|מדיניות השקעה מוצהרת קהר,מדיניות השקעה מוצהרת קהר,2026,"עו""ש, פרי, פק""מ , מזומנים במט""ח",,0.8,1.0,0.05,0.0,6.0,"מק""מ (לשנה)",,Sheet1,2026-09-30T22:27:25+00:00,https://infinity.co.il/wp-content/uploads/2026/06/מדיניות-השקעה-2026-קהר.xls,policy/companies/513621110/raw/513621110/4366c7734e23_מדיניות-השקעה-2026-קהר.xls,Sheet1
513621110,,,513621110|Sheet1|מדיניות השקעה מוצהרת קהר,מדיניות השקעה מוצהרת קהר,2026,"חשיפה למט""ח",fx,18.6,21.0,0.06,15.0,26.0,ערכי מטבע,,Sheet1,2026-09-30T22:27:25+00:00,https://infinity.co.il/wp-content/uploads/2026/06/מדיניות-השקעה-2026-קהר.xls,policy/companies/513621110/raw/513621110/4366c7734e23_מדיניות-השקעה-2026-קהר.xls,Sheet1
513621110,,,513621110|Sheet1|Sheet1,Sheet1,2025,"מניות (ת.סל, אופציות, קרנות נאמנות)",equity,48.4,45.0,0.06,39.0,51.0,"ת""א 125 40%, 60% MSCI WORLD ALL COUNTRIES",,Sheet1,2026-09-30T22:27:25+00:00,https://infinity.co.il/wp-content/uploads/2026/06/מדיניות-השקעה-קהר-2025.xls,policy/companies/513621110/raw/513621110/253c7eb47caa_מדיניות-השקעה-קהר-2025.xls,Sheet1
513621110,,,513621110|Sheet1|Sheet1,Sheet1,2025,"אג""ח ממשלתי",,23.4,25.0,0.05,20.0,30.0,ממשלתי שקלי 2-5 50%,,Sheet1,2026-09-30T22:27:25+00:00,https://infinity.co.il/wp-content/uploads/2026/06/מדיניות-השקעה-קהר-2025.xls,policy/companies/513621110/raw/513621110/253c7eb47caa_מדיניות-השקעה-קהר-2025.xls,Sheet1
513621110,,,513621110|Sheet1|Sheet1,Sheet1,2025,"אג""ח חברות (קרנות נאמנות, תעודות סל) ושטרי הון",,24.4,24.0,0.06,18.0,30.0,תל בונד 60 - 50%     תל בונד שקלי - 50%,,Sheet1,2026-09-30T22:27:25+00:00,https://infinity.co.il/wp-content/uploads/2026/06/מדיניות-השקעה-קהר-2025.xls,policy/companies/513621110/raw/513621110/253c7eb47caa_מדיניות-השקעה-קהר-2025.xls,Sheet1
513621110,,,513621110|Sheet1|Sheet1,Sheet1,2025,"אחר: קרנות נדלן, קרנות הון סיכון, קרנות PE, קרנות גידור, תיקי משכנתאות",,2.06,5.0,0.05,0.0,10.0,"ת""א 125 50%, 50% MSCI WORLD ALL COUNTRIES",,Sheet1,2026-09-30T22:27:25+00:00,https://infinity.co.il/wp-content/uploads/2026/06/מדיניות-השקעה-קהר-2025.xls,policy/companies/513621110/raw/513621110/253c7eb47caa_מדיניות-השקעה-קהר-2025.xls,Sheet1
513621110,,,513621110|Sheet1|Sheet1,Sheet1,2025,"עו""ש, פרי, פק""מ , מזומנים במט""ח",,1.74,1.0,0.05,0.0,6.0,"מק""מ (לשנה)",,Sheet1,2026-09-30T22:27:25+00:00,https://infinity.co.il/wp-content/uploads/2026/06/מדיניות-השקעה-קהר-2025.xls,policy/companies/513621110/raw/513621110/253c7eb47caa_מדיניות-השקעה-קהר-2025.xls,Sheet1
513621110,,,513621110|Sheet1|Sheet1,Sheet1,2025,"חשיפה למט""ח",fx,22.6,17.0,0.06,11.0,23.0,ערכי מטבע,,Sheet1,2026-09-30T22:27:25+00:00,https://infinity.co.il/wp-content/uploads/2026/06/מדיניות-השקעה-קהר-2025.xls,policy/companies/513621110/raw/513621110/253c7eb47caa_מדיניות-השקעה-קהר-2025.xls,Sheet1
513621110,,,513621110|Sheet1|מדיניות השקעה מוצהרת קהר,מדיניות השקעה מוצהרת קהר,2024,"מניות (ת.סל, אופציות, קרנות נאמנות)",equity,50.15,46.0,0.06,39.0,51.0,"ת""א 125 40%, 60% MSCI WORLD ALL COUNTRIES",,Sheet1,2026-09-30T22:27:25+00:00,https://infinity.co.il/wp-content/uploads/2026/06/מדיניות-השקעה-2024-קהר.xls,policy/companies/513621110/raw/513621110/e10a96dead7d_מדיניות-השקעה-2024-קהר.xls,Sheet1
513621110,,,513621110|Sheet1|מדיניות השקעה מוצהרת קהר,מדיניות השקעה מוצהרת קהר,2024,"אג""ח ממשלתי",,22.3,23.0,0.05,20.0,30.0,ממשלתי שקלי 2-5 50%,,Sheet1,2026-09-30T22:27:25+00:00,https://infinity.co.il/wp-content/uploads/2026/06/מדיניות-השקעה-2024-קהר.xls,policy/companies/513621110/raw/513621110/e10a96dead7d_מדיניות-השקעה-2024-קהר.xls,Sheet1
513621110,,,513621110|Sheet1|מדיניות השקעה מוצהרת קהר,מדיניות השקעה מוצהרת קהר,2024,"אג""ח חברות (קרנות נאמנות, תעודות סל) ושטרי הון",,24.53,25.0,0.06,18.0,30.0,תל בונד 60 - 50%     תל בונד שקלי - 50%,,Sheet1,2026-09-30T22:27:25+00:00,https://infinity.co.il/wp-content/uploads/2026/06/מדיניות-השקעה-2024-קהר.xls,policy/companies/513621110/raw/513621110/e10a96dead7d_מדיניות-השקעה-2024-קהר.xls,Sheet1
513621110,,,513621110|Sheet1|מדיניות השקעה מוצהרת קהר,מדיניות השקעה מוצהרת קהר,2024,"אחר: קרנות נדלן, קרנות הון סיכון, קרנות PE, קרנות גידור, תיקי משכנתאות",,0.98,2.0,0.05,0.0,10.0,"ת""א 125 50%, 50% MSCI WORLD ALL COUNTRIES",,Sheet1,2026-09-30T22:27:25+00:00,https://infinity.co.il/wp-content/uploads/2026/06/מדיניות-השקעה-2024-קהר.xls,policy/companies/513621110/raw/513621110/e10a96dead7d_מדיניות-השקעה-2024-קהר.xls,Sheet1
513621110,,,513621110|Sheet1|מדיניות השקעה מוצהרת קהר,מדיניות השקעה מוצהרת קהר,2024,"עו""ש, פרי, פק""מ , מזומנים במט""ח",,2.04,1.0,0.05,0.0,6.0,"מק""מ (לשנה)",,Sheet1,2026-09-30T22:27:25+00:00,https://infinity.co.il/wp-content/uploads/2026/06/מדיניות-השקעה-2024-קהר.xls,policy/companies/513621110/raw/513621110/e10a96dead7d_מדיניות-השקעה-2024-קהר.xls,Sheet1
513621110,,,513621110|Sheet1|מדיניות השקעה מוצהרת קהר,מדיניות השקעה מוצהרת קהר,2024,"חשיפה למט""ח",fx,17.47,23.0,0.06,11.0,23.0,ערכי מטבע,,Sheet1,2026-09-30T22:27:25+00:00,https://infinity.co.il/wp-content/uploads/2026/06/מדיניות-השקעה-2024-קהר.xls,policy/companies/513621110/raw/513621110/e10a96dead7d_מדיניות-השקעה-2024-קהר.xls,Sheet1
513621110,,,513621110|Sheet1|מדיניות השקעה מוצהרת קהר,מדיניות השקעה מוצהרת קהר,2023,"מניות (ת.סל, אופציות, קרנות נאמנות)",equity,50.15,,0.06,39.0,51.0,"ת""א 125 40%, 60% MSCI WORLD ALL COUNTRIES",,Sheet1,2026-09-30T22:27:25+00:00,https://infinity.co.il/wp-content/uploads/2025/07/מדיניות-קהר-2023.xls,policy/companies/513621110/raw/513621110/b72c6fdc6578_מדיניות-קהר-2023.xls,Sheet1
513621110,,,513621110|Sheet1|מדיניות השקעה מוצהרת קהר,מדיניות השקעה מוצהרת קהר,2023,"אג""ח ממשלתי",,22.3,,0.05,20.0,30.0,ממשלתי שקלי 2-5 50%,,Sheet1,2026-09-30T22:27:25+00:00,https://infinity.co.il/wp-content/uploads/2025/07/מדיניות-קהר-2023.xls,policy/companies/513621110/raw/513621110/b72c6fdc6578_מדיניות-קהר-2023.xls,Sheet1
513621110,,,513621110|Sheet1|מדיניות השקעה מוצהרת קהר,מדיניות השקעה מוצהרת קהר,2023,"אג""ח חברות (קרנות נאמנות, תעודות סל) ושטרי הון",,24.53,,0.06,18.0,30.0,תל בונד 60 - 50%     תל בונד שקלי - 50%,,Sheet1,2026-09-30T22:27:25+00:00,https://infinity.co.il/wp-content/uploads/2025/07/מדיניות-קהר-2023.xls,policy/companies/513621110/raw/513621110/b72c6fdc6578_מדיניות-קהר-2023.xls,Sheet1
513621110,,,513621110|Sheet1|מדיניות השקעה מוצהרת קהר,מדיניות השקעה מוצהרת קהר,2023,"אחר: קרנות נדלן, קרנות הון סיכון, קרנות PE, קרנות גידור, תיקי משכנתאות",,0.98,,0.05,0.0,10.0,"ת""א 125 50%, 50% MSCI WORLD ALL COUNTRIES",,Sheet1,2026-09-30T22:27:25+00:00,https://infinity.co.il/wp-content/uploads/2025/07/מדיניות-קהר-2023.xls,policy/companies/513621110/raw/513621110/b72c6fdc6578_מדיניות-קהר-2023.xls,Sheet1
513621110,,,513621110|Sheet1|מדיניות השקעה מוצהרת קהר,מדיניות השקעה מוצהרת קהר,2023,"עו""ש, פרי, פק""מ , מזומנים במט""ח",,2.04,,0.05,0.0,6.0,"מק""מ (לשנה)",,Sheet1,2026-09-30T22:27:25+00:00,https://infinity.co.il/wp-content/uploads/2025/07/מדיניות-קהר-2023.xls,policy/companies/513621110/raw/513621110/b72c6fdc6578_מדיניות-קהר-2023.xls,Sheet1
513621110,,,513621110|Sheet1|מדיניות השקעה מוצהרת קהר,מדיניות השקעה מוצהרת קהר,2023,"חשיפה למט""ח",fx,17.47,,0.06,11.0,23.0,ערכי מטבע,,Sheet1,2026-09-30T22:27:25+00:00,https://infinity.co.il/wp-content/uploads/2025/07/מדיניות-קהר-2023.xls,policy/companies/513621110/raw/513621110/b72c6fdc6578_מדיניות-קהר-2023.xls,Sheet1
513621110,,,513621110|Sheet1|Sheet1,Sheet1,2022,"מניות (ת.סל, אופציות, קרנות נאמנות)",equity,50.12,,0.06,42.0,54.0,"ת""א 125 40%, 60% MSCI WORLD ALL COUNTRIES",,Sheet1,2026-09-30T22:27:25+00:00,https://infinity.co.il/wp-content/uploads/2025/07/קהר-מדיניות-השקעה-מוצהרת-2022.xls,policy/companies/513621110/raw/513621110/5d7430c1750b_קהר-מדיניות-השקעה-מוצהרת-2022.xls,Sheet1
513621110,,,513621110|Sheet1|Sheet1,Sheet1,2022,"אג""ח ממשלתי",,27.62,,0.05,22.0,32.0,ממשלתי שקלי 2-5 50%,,Sheet1,2026-09-30T22:27:25+00:00,https://infinity.co.il/wp-content/uploads/2025/07/קהר-מדיניות-השקעה-מוצהרת-2022.xls,policy/companies/513621110/raw/513621110/5d7430c1750b_קהר-מדיניות-השקעה-מוצהרת-2022.xls,Sheet1
513621110,,,513621110|Sheet1|Sheet1,Sheet1,2022,"אג""ח חברות (קרנות נאמנות, תעודות סל) ושטרי הון",,18.33,,0.06,13.0,25.0,תל בונד 60 - 50%     תל בונד שקלי - 50%,,Sheet1,2026-09-30T22:27:25+00:00,https://infinity.co.il/wp-content/uploads/2025/07/קהר-מדיניות-השקעה-מוצהרת-2022.xls,policy/companies/513621110/raw/513621110/5d7430c1750b_קהר-מדיניות-השקעה-מוצהרת-2022.xls,Sheet1
513621110,,,513621110|Sheet1|Sheet1,Sheet1,2022,"אחר: קרנות נדלן, קרנות הון סיכון, קרנות PE, קרנות גידור, תיקי משכנתאות",,0.36,,0.05,0.0,10.0,"ת""א 125 50%, 50% MSCI WORLD ALL COUNTRIES",,Sheet1,2026-09-30T22:27:25+00:00,https://infinity.co.il/wp-content/uploads/2025/07/קהר-מדיניות-השקעה-מוצהרת-2022.xls,policy/companies/513621110/raw/513621110/5d7430c1750b_קהר-מדיניות-השקעה-מוצהרת-2022.xls,Sheet1
513621110,,,513621110|Sheet1|Sheet1,Sheet1,2022,"עו""ש, פרי, פק""מ , מזומנים במט""ח",,3.58,,0.05,0.0,6.0,"מק""מ (לשנה)",,Sheet1,2026-09-30T22:27:25+00:00,https://infinity.co.il/wp-content/uploads/2025/07/קהר-מדיניות-השקעה-מוצהרת-2022.xls,policy/companies/513621110/raw/513621110/5d7430c1750b_קהר-מדיניות-השקעה-מוצהרת-2022.xls,Sheet1
513621110,,,513621110|Sheet1|Sheet1,Sheet1,2022,"חשיפה למט""ח",fx,17.43,,0.06,11.0,23.0,ערכי מטבע,,Sheet1,2026-09-30T22:27:25+00:00,https://infinity.co.il/wp-content/uploads/2025/07/קהר-מדיניות-השקעה-מוצהרת-2022.xls,policy/companies/513621110/raw/513621110/5d7430c1750b_קהר-מדיניות-השקעה-מוצהרת-2022.xls,Sheet1
