detected,legal_id,company,kind,page,text,href
2026-10-01T10:35:32+00:00,520022351,"נתיב קרן הפנסיה של פועלי ועובדי מפעלי משק ההסתדרות בע""מ",text_changed,https://amitim.com/keren/investment_policy_nativ_pension_fund/,מדיניות השקעה 2026 -> (html),https://amitim.com/wp-content/uploads/2026/05/Nativ-mediniut-hashkaa-2026.xlsx
2026-10-01T10:35:32+00:00,520022351,"נתיב קרן הפנסיה של פועלי ועובדי מפעלי משק ההסתדרות בע""מ",text_changed,https://amitim.com/keren/investment_policy_nativ_pension_fund/,מדיניות השקעה 2022 -> (html),https://amitim.com/wp-content/uploads/2026/05/Nativ-mediniut-hashkaa-2022-1.xlsx
2026-10-01T10:35:32+00:00,520022351,"נתיב קרן הפנסיה של פועלי ועובדי מפעלי משק ההסתדרות בע""מ",text_changed,https://amitim.com/keren/investment_policy_nativ_pension_fund/,מדיניות השקעות ESG -> (html),https://amitim.com/wp-content/uploads/2025/10/מדיניות-השקעות-ESG-1.pdf
2026-10-01T10:35:32+00:00,520022351,"נתיב קרן הפנסיה של פועלי ועובדי מפעלי משק ההסתדרות בע""מ",text_changed,https://amitim.com/keren/investment_policy_nativ_pension_fund/,מדיניות השקעה 2025 -> (html),https://amitim.com/wp-content/uploads/2025/11/מדיניות-השקעה-2025-6.xlsx
2026-10-01T10:35:32+00:00,520022351,"נתיב קרן הפנסיה של פועלי ועובדי מפעלי משק ההסתדרות בע""מ",text_changed,https://amitim.com/keren/investment_policy_nativ_pension_fund/,מדיניות השקעה 2024 -> (html),https://amitim.com/wp-content/uploads/2025/11/מדיניות-השקעה-2024-6.xlsx
2026-10-01T10:35:32+00:00,520022351,"נתיב קרן הפנסיה של פועלי ועובדי מפעלי משק ההסתדרות בע""מ",text_changed,https://amitim.com/keren/investment_policy_nativ_pension_fund/,מדיניות השקעה 2023 -> (html),https://amitim.com/wp-content/uploads/2025/11/מדיניות-השקעה-2023-6.xlsx
2026-10-01T10:35:32+00:00,520022351,"נתיב קרן הפנסיה של פועלי ועובדי מפעלי משק ההסתדרות בע""מ",text_changed,https://amitim.com/keren/investment_policy_nativ_pension_fund/,"אגד -> יצירת קשר מוקד טלפוני - 6667* ימים א'-ה' בין השעות 08:30-16:00 אפליקציית עמיתים כל המידע שנחוץ לך, נגיש בטלפון שלך עקבו אחרינו ברשתות קרנות מבטחים מקפת קג״מ נתיב חקלאים בניין אגד הדסה מידע למעסיקים אי אגד",https://amitim.com/keren/about_the_fund_egged_pension_fund/
2026-10-01T10:35:32+00:00,520022351,"נתיב קרן הפנסיה של פועלי ועובדי מפעלי משק ההסתדרות בע""מ",text_changed,https://amitim.com/keren/investment_policy_egged_pension_fund/,מדיניות השקעה 2026 -> (html),https://amitim.com/wp-content/uploads/2026/04/Eged-mediniut-hashkaa-2026.xlsx
2026-10-01T10:35:32+00:00,520022351,"נתיב קרן הפנסיה של פועלי ועובדי מפעלי משק ההסתדרות בע""מ",text_changed,https://amitim.com/keren/investment_policy_egged_pension_fund/,מדיניות השקעות ESG -> (html),https://amitim.com/wp-content/uploads/2025/10/מדיניות-השקעות-ESG-1.pdf
2026-10-01T10:35:32+00:00,520022351,"נתיב קרן הפנסיה של פועלי ועובדי מפעלי משק ההסתדרות בע""מ",text_changed,https://amitim.com/keren/investment_policy_egged_pension_fund/,מדיניות השקעה 2025 -> (html),https://amitim.com/wp-content/uploads/2025/11/מדיניות-השקעה-2025-7.xlsx
2026-10-01T10:35:32+00:00,520022351,"נתיב קרן הפנסיה של פועלי ועובדי מפעלי משק ההסתדרות בע""מ",text_changed,https://amitim.com/keren/investment_policy_egged_pension_fund/,מדיניות השקעה 2024 -> (html),https://amitim.com/wp-content/uploads/2025/11/מדיניות-השקעה-2024-7.xlsx
2026-10-01T10:35:32+00:00,520022351,"נתיב קרן הפנסיה של פועלי ועובדי מפעלי משק ההסתדרות בע""מ",text_changed,https://amitim.com/keren/investment_policy_egged_pension_fund/,מדיניות השקעה 2023 -> (html),https://amitim.com/wp-content/uploads/2025/11/מדיניות-השקעה-2023-7.xlsx
2026-10-01T10:35:32+00:00,520022351,"נתיב קרן הפנסיה של פועלי ועובדי מפעלי משק ההסתדרות בע""מ",text_changed,https://amitim.com/keren/investment_policy_egged_pension_fund/,"אגד -> יצירת קשר מוקד טלפוני - 6667* ימים א'-ה' בין השעות 08:30-16:00 אפליקציית עמיתים כל המידע שנחוץ לך, נגיש בטלפון שלך עקבו אחרינו ברשתות קרנות מבטחים מקפת קג״מ נתיב חקלאים בניין אגד הדסה מידע למעסיקים אי אגד",https://amitim.com/keren/about_the_fund_egged_pension_fund/
2026-10-01T10:35:32+00:00,520022351,"נתיב קרן הפנסיה של פועלי ועובדי מפעלי משק ההסתדרות בע""מ",text_changed,https://amitim.com/keren/investment_policy_hadassah_pension_fund/,מדיניות השקעה 2026 -> (html),https://amitim.com/wp-content/uploads/2026/04/Hadasa-mediniut-hashkaa-2026.xlsx
2026-10-01T10:35:32+00:00,520022351,"נתיב קרן הפנסיה של פועלי ועובדי מפעלי משק ההסתדרות בע""מ",text_changed,https://amitim.com/keren/investment_policy_hadassah_pension_fund/,מדיניות השקעות ESG -> (html),https://amitim.com/wp-content/uploads/2025/10/מדיניות-השקעות-ESG-1.pdf
2026-10-01T10:35:32+00:00,520022351,"נתיב קרן הפנסיה של פועלי ועובדי מפעלי משק ההסתדרות בע""מ",text_changed,https://amitim.com/keren/investment_policy_hadassah_pension_fund/,מדיניות השקעה 2025 -> (html),https://amitim.com/wp-content/uploads/2025/11/מדיניות-השקעה-2025-8.xlsx
2026-10-01T10:35:32+00:00,520022351,"נתיב קרן הפנסיה של פועלי ועובדי מפעלי משק ההסתדרות בע""מ",text_changed,https://amitim.com/keren/investment_policy_hadassah_pension_fund/,מדיניות השקעה 2024 -> (html),https://amitim.com/wp-content/uploads/2025/11/מדיניות-השקעה-2024-8.xlsx
2026-10-01T10:35:32+00:00,520022351,"נתיב קרן הפנסיה של פועלי ועובדי מפעלי משק ההסתדרות בע""מ",text_changed,https://amitim.com/keren/investment_policy_hadassah_pension_fund/,מדיניות השקעה 2023 -> (html),https://amitim.com/wp-content/uploads/2025/11/מדיניות-השקעה-2023-8.xlsx
2026-10-01T10:35:32+00:00,520022351,"נתיב קרן הפנסיה של פועלי ועובדי מפעלי משק ההסתדרות בע""מ",text_changed,https://amitim.com/keren/investment_policy_hadassah_pension_fund/,"אגד -> יצירת קשר מוקד טלפוני - 6667* ימים א'-ה' בין השעות 08:30-16:00 אפליקציית עמיתים כל המידע שנחוץ לך, נגיש בטלפון שלך עקבו אחרינו ברשתות קרנות מבטחים מקפת קג״מ נתיב חקלאים בניין אגד הדסה מידע למעסיקים אי אגד",https://amitim.com/keren/about_the_fund_egged_pension_fund/
2026-10-01T10:35:32+00:00,520022351,"נתיב קרן הפנסיה של פועלי ועובדי מפעלי משק ההסתדרות בע""מ",text_changed,https://amitim.com/keren/investment_policy_provident_insurance/,מדיניות השקעה 2026 -> (html),https://amitim.com/wp-content/uploads/2026/04/Mivtachim-kupatgemel-mediniut-hashkaa-2026.xlsx
2026-10-01T10:35:32+00:00,520022351,"נתיב קרן הפנסיה של פועלי ועובדי מפעלי משק ההסתדרות בע""מ",text_changed,https://amitim.com/keren/investment_policy_provident_insurance/,מדיניות השקעה 2025 -> (html),https://amitim.com/wp-content/uploads/2026/04/מדיניות-השקעה-מבטחים-קופת-גמל-2025.xlsx
2026-10-01T10:35:32+00:00,520022351,"נתיב קרן הפנסיה של פועלי ועובדי מפעלי משק ההסתדרות בע""מ",text_changed,https://amitim.com/keren/investment_policy_provident_insurance/,מדיניות השקעה 2024 -> (html),https://amitim.com/wp-content/uploads/2026/04/מדיניות-השקעה-מבטחים-קופת-גמל-2024.xlsx
2026-10-01T10:35:32+00:00,520022351,"נתיב קרן הפנסיה של פועלי ועובדי מפעלי משק ההסתדרות בע""מ",text_changed,https://amitim.com/keren/investment_policy_provident_insurance/,מדיניות השקעה 2023 -> (html),https://amitim.com/wp-content/uploads/2026/04/מדיניות-השקעה-מבטחים-קופת-גמל-2023.xlsx
2026-10-01T10:35:32+00:00,520022351,"נתיב קרן הפנסיה של פועלי ועובדי מפעלי משק ההסתדרות בע""מ",text_changed,https://amitim.com/keren/investment_policy_provident_insurance/,מדיניות השקעות ESG -> (html),https://amitim.com/wp-content/uploads/2025/10/מדיניות-השקעות-ESG-1.pdf
2026-10-01T10:35:32+00:00,520022351,"נתיב קרן הפנסיה של פועלי ועובדי מפעלי משק ההסתדרות בע""מ",text_changed,https://amitim.com/keren/investment_policy_provident_insurance/,"אגד -> יצירת קשר מוקד טלפוני - 6667* ימים א'-ה' בין השעות 08:30-16:00 אפליקציית עמיתים כל המידע שנחוץ לך, נגיש בטלפון שלך עקבו אחרינו ברשתות קרנות מבטחים מקפת קג״מ נתיב חקלאים בניין אגד הדסה מידע למעסיקים אי אגד",https://amitim.com/keren/about_the_fund_egged_pension_fund/
2026-10-01T10:35:32+00:00,520022351,"נתיב קרן הפנסיה של פועלי ועובדי מפעלי משק ההסתדרות בע""מ",text_changed,https://amitim.com/keren/investment_policy_makefet_provident_fund/,מדיניות השקעה 2026 -> (html),https://amitim.com/wp-content/uploads/2026/04/Makefet-kupatgemel-mediniut-hashkaa-2026.xlsx
2026-10-01T10:35:32+00:00,520022351,"נתיב קרן הפנסיה של פועלי ועובדי מפעלי משק ההסתדרות בע""מ",text_changed,https://amitim.com/keren/investment_policy_makefet_provident_fund/,מדיניות השקעות ESG -> (html),https://amitim.com/wp-content/uploads/2025/10/מדיניות-השקעות-ESG-1.pdf
2026-10-01T10:35:32+00:00,520022351,"נתיב קרן הפנסיה של פועלי ועובדי מפעלי משק ההסתדרות בע""מ",text_changed,https://amitim.com/keren/investment_policy_makefet_provident_fund/,מדיניות השקעה 2025 -> (html),https://amitim.com/wp-content/uploads/2025/11/מדיניות-השקעה-2025.xlsx
2026-10-01T10:35:32+00:00,520022351,"נתיב קרן הפנסיה של פועלי ועובדי מפעלי משק ההסתדרות בע""מ",text_changed,https://amitim.com/keren/investment_policy_makefet_provident_fund/,מדיניות השקעה 2024 -> (html),https://amitim.com/wp-content/uploads/2025/11/מדיניות-השקעה-2024.xlsx
2026-10-01T10:35:32+00:00,520022351,"נתיב קרן הפנסיה של פועלי ועובדי מפעלי משק ההסתדרות בע""מ",text_changed,https://amitim.com/keren/investment_policy_makefet_provident_fund/,מדיניות השקעה 2023 -> (html),https://amitim.com/wp-content/uploads/2025/11/מדיניות-השקעה-2023.xlsx
2026-10-01T10:35:32+00:00,520022351,"נתיב קרן הפנסיה של פועלי ועובדי מפעלי משק ההסתדרות בע""מ",text_changed,https://amitim.com/keren/investment_policy_makefet_provident_fund/,"אגד -> יצירת קשר מוקד טלפוני - 6667* ימים א'-ה' בין השעות 08:30-16:00 אפליקציית עמיתים כל המידע שנחוץ לך, נגיש בטלפון שלך עקבו אחרינו ברשתות קרנות מבטחים מקפת קג״מ נתיב חקלאים בניין אגד הדסה מידע למעסיקים אי אגד",https://amitim.com/keren/about_the_fund_egged_pension_fund/
2026-10-01T10:35:32+00:00,520022351,"נתיב קרן הפנסיה של פועלי ועובדי מפעלי משק ההסתדרות בע""מ",text_changed,https://amitim.com/keren/investment_policy_farmers_pension_fund/,"אגד -> יצירת קשר מוקד טלפוני - 6667* ימים א'-ה' בין השעות 08:30-16:00 אפליקציית עמיתים כל המידע שנחוץ לך, נגיש בטלפון שלך עקבו אחרינו ברשתות קרנות מבטחים מקפת קג״מ נתיב חקלאים בניין אגד הדסה מידע למעסיקים אי אגד",https://amitim.com/keren/about_the_fund_egged_pension_fund/
2026-10-01T10:35:32+00:00,520022351,"נתיב קרן הפנסיה של פועלי ועובדי מפעלי משק ההסתדרות בע""מ",text_changed,https://amitim.com/keren/investment_policy_farmers_provident_fund/,מדיניות השקעה 2026 -> (html),https://amitim.com/wp-content/uploads/2026/04/Haklaim-kupatgemel-mediniut-hashkaa-2026.xlsx
2026-10-01T10:35:32+00:00,520022351,"נתיב קרן הפנסיה של פועלי ועובדי מפעלי משק ההסתדרות בע""מ",text_changed,https://amitim.com/keren/investment_policy_farmers_provident_fund/,מדיניות השקעות ESG -> (html),https://amitim.com/wp-content/uploads/2025/10/מדיניות-השקעות-ESG-1.pdf
2026-10-01T10:35:32+00:00,520022351,"נתיב קרן הפנסיה של פועלי ועובדי מפעלי משק ההסתדרות בע""מ",text_changed,https://amitim.com/keren/investment_policy_farmers_provident_fund/,מדיניות השקעה 2025 -> (html),https://amitim.com/wp-content/uploads/2025/11/מדיניות-השקעה-2025-2.xlsx
2026-10-01T10:35:32+00:00,520022351,"נתיב קרן הפנסיה של פועלי ועובדי מפעלי משק ההסתדרות בע""מ",text_changed,https://amitim.com/keren/investment_policy_farmers_provident_fund/,מדיניות השקעה 2024 -> (html),https://amitim.com/wp-content/uploads/2025/11/מדיניות-השקעה-2024-2.xlsx
2026-10-01T10:35:32+00:00,520022351,"נתיב קרן הפנסיה של פועלי ועובדי מפעלי משק ההסתדרות בע""מ",text_changed,https://amitim.com/keren/investment_policy_farmers_provident_fund/,מדיניות השקעה 2023 -> (html),https://amitim.com/wp-content/uploads/2025/11/מדיניות-השקעה-2023-2.xlsx
2026-10-01T10:35:32+00:00,520022351,"נתיב קרן הפנסיה של פועלי ועובדי מפעלי משק ההסתדרות בע""מ",text_changed,https://amitim.com/keren/investment_policy_farmers_provident_fund/,"אגד -> יצירת קשר מוקד טלפוני - 6667* ימים א'-ה' בין השעות 08:30-16:00 אפליקציית עמיתים כל המידע שנחוץ לך, נגיש בטלפון שלך עקבו אחרינו ברשתות קרנות מבטחים מקפת קג״מ נתיב חקלאים בניין אגד הדסה מידע למעסיקים אי אגד",https://amitim.com/keren/about_the_fund_egged_pension_fund/
2026-10-01T10:35:32+00:00,520022351,"נתיב קרן הפנסיה של פועלי ועובדי מפעלי משק ההסתדרות בע""מ",text_changed,https://amitim.com/keren/investment_policy_building_a_pension_fund/,מדיניות השקעה 2026 -> (html),https://amitim.com/wp-content/uploads/2026/04/Binyan-mediniut-hashkaa-2026.xlsx
2026-10-01T10:35:32+00:00,520022351,"נתיב קרן הפנסיה של פועלי ועובדי מפעלי משק ההסתדרות בע""מ",text_changed,https://amitim.com/keren/investment_policy_building_a_pension_fund/,מדיניות השקעות ESG -> (html),https://amitim.com/wp-content/uploads/2025/10/מדיניות-השקעות-ESG-1.pdf
2026-10-01T10:35:32+00:00,520022351,"נתיב קרן הפנסיה של פועלי ועובדי מפעלי משק ההסתדרות בע""מ",text_changed,https://amitim.com/keren/investment_policy_building_a_pension_fund/,מדיניות השקעה 2025 -> (html),https://amitim.com/wp-content/uploads/2025/11/מדיניות-השקעה-2025-3.xlsx
2026-10-01T10:35:32+00:00,520022351,"נתיב קרן הפנסיה של פועלי ועובדי מפעלי משק ההסתדרות בע""מ",text_changed,https://amitim.com/keren/investment_policy_building_a_pension_fund/,מדיניות השקעה 2024 -> (html),https://amitim.com/wp-content/uploads/2025/11/מדיניות-השקעה-2024-3.xlsx
2026-10-01T10:35:32+00:00,520022351,"נתיב קרן הפנסיה של פועלי ועובדי מפעלי משק ההסתדרות בע""מ",text_changed,https://amitim.com/keren/investment_policy_building_a_pension_fund/,מדיניות השקעה 2023 -> (html),https://amitim.com/wp-content/uploads/2025/11/מדיניות-השקעה-2023-3.xlsx
2026-10-01T10:35:32+00:00,520022351,"נתיב קרן הפנסיה של פועלי ועובדי מפעלי משק ההסתדרות בע""מ",text_changed,https://amitim.com/keren/investment_policy_building_a_pension_fund/,"אגד -> יצירת קשר מוקד טלפוני - 6667* ימים א'-ה' בין השעות 08:30-16:00 אפליקציית עמיתים כל המידע שנחוץ לך, נגיש בטלפון שלך עקבו אחרינו ברשתות קרנות מבטחים מקפת קג״מ נתיב חקלאים בניין אגד הדסה מידע למעסיקים אי אגד",https://amitim.com/keren/about_the_fund_egged_pension_fund/
2026-10-01T10:35:32+00:00,520022351,"נתיב קרן הפנסיה של פועלי ועובדי מפעלי משק ההסתדרות בע""מ",text_changed,https://amitim.com/keren/investment_policy_provident_fund_building/,"אגד -> יצירת קשר מוקד טלפוני - 6667* ימים א'-ה' בין השעות 08:30-16:00 אפליקציית עמיתים כל המידע שנחוץ לך, נגיש בטלפון שלך עקבו אחרינו ברשתות קרנות מבטחים מקפת קג״מ נתיב חקלאים בניין אגד הדסה מידע למעסיקים אי אגד",https://amitim.com/keren/about_the_fund_egged_pension_fund/
2026-10-01T10:35:32+00:00,520022351,"נתיב קרן הפנסיה של פועלי ועובדי מפעלי משק ההסתדרות בע""מ",text_changed,https://amitim.com/keren/investment_policy_kgm_pension_fund/,מדיניות השקעה 2026 -> (html),https://amitim.com/wp-content/uploads/2026/04/Kagam-mediniut-hashkaa-2026.xlsx
2026-10-01T10:35:32+00:00,520022351,"נתיב קרן הפנסיה של פועלי ועובדי מפעלי משק ההסתדרות בע""מ",text_changed,https://amitim.com/keren/investment_policy_kgm_pension_fund/,מדיניות השקעות ESG -> (html),https://amitim.com/wp-content/uploads/2025/10/מדיניות-השקעות-ESG-1.pdf
2026-10-01T10:35:32+00:00,520022351,"נתיב קרן הפנסיה של פועלי ועובדי מפעלי משק ההסתדרות בע""מ",text_changed,https://amitim.com/keren/investment_policy_kgm_pension_fund/,מדיניות השקעה 2025 -> (html),https://amitim.com/wp-content/uploads/2025/11/מדיניות-השקעה-2025-5.xlsx
2026-10-01T10:35:32+00:00,520022351,"נתיב קרן הפנסיה של פועלי ועובדי מפעלי משק ההסתדרות בע""מ",text_changed,https://amitim.com/keren/investment_policy_kgm_pension_fund/,מדיניות השקעה 2024 -> (html),https://amitim.com/wp-content/uploads/2025/11/מדיניות-השקעה-2024-5.xlsx
2026-10-01T10:35:32+00:00,520022351,"נתיב קרן הפנסיה של פועלי ועובדי מפעלי משק ההסתדרות בע""מ",text_changed,https://amitim.com/keren/investment_policy_kgm_pension_fund/,מדיניות השקעה 2023 -> (html),https://amitim.com/wp-content/uploads/2025/11/מדיניות-השקעה-2023-5.xlsx
2026-10-01T10:35:32+00:00,520022351,"נתיב קרן הפנסיה של פועלי ועובדי מפעלי משק ההסתדרות בע""מ",text_changed,https://amitim.com/keren/investment_policy_kgm_pension_fund/,"אגד -> יצירת קשר מוקד טלפוני - 6667* ימים א'-ה' בין השעות 08:30-16:00 אפליקציית עמיתים כל המידע שנחוץ לך, נגיש בטלפון שלך עקבו אחרינו ברשתות קרנות מבטחים מקפת קג״מ נתיב חקלאים בניין אגד הדסה מידע למעסיקים אי אגד",https://amitim.com/keren/about_the_fund_egged_pension_fund/
2026-10-01T10:35:32+00:00,520022351,"נתיב קרן הפנסיה של פועלי ועובדי מפעלי משק ההסתדרות בע""מ",text_changed,https://amitim.com/keren/investment_policy_pension_insurers/,מדיניות השקעה 2026 -> (html),https://amitim.com/wp-content/uploads/2026/04/מדיניות-השקעה-מבטחים-קרן-פנסיה-2026.xlsx
2026-10-01T10:35:32+00:00,520022351,"נתיב קרן הפנסיה של פועלי ועובדי מפעלי משק ההסתדרות בע""מ",text_changed,https://amitim.com/keren/investment_policy_pension_insurers/,מדיניות השקעות ESG -> (html),https://amitim.com/wp-content/uploads/2025/10/מדיניות-השקעות-ESG-1.pdf
2026-10-01T10:35:32+00:00,520022351,"נתיב קרן הפנסיה של פועלי ועובדי מפעלי משק ההסתדרות בע""מ",text_changed,https://amitim.com/keren/investment_policy_pension_insurers/,מדיניות השקעה 2025 -> (html),https://amitim.com/wp-content/uploads/2025/10/מדיניות-השקעה-2025.xlsx
2026-10-01T10:35:32+00:00,520022351,"נתיב קרן הפנסיה של פועלי ועובדי מפעלי משק ההסתדרות בע""מ",text_changed,https://amitim.com/keren/investment_policy_pension_insurers/,מדיניות השקעה 2024 -> (html),https://amitim.com/wp-content/uploads/2025/10/מדיניות-השקעה-2024.xlsx
2026-10-01T10:35:32+00:00,520022351,"נתיב קרן הפנסיה של פועלי ועובדי מפעלי משק ההסתדרות בע""מ",text_changed,https://amitim.com/keren/investment_policy_pension_insurers/,מדיניות השקעה 2023 -> (html),https://amitim.com/wp-content/uploads/2025/10/מדיניות-השקעה-2023.xlsx
2026-10-01T10:35:32+00:00,520022351,"נתיב קרן הפנסיה של פועלי ועובדי מפעלי משק ההסתדרות בע""מ",text_changed,https://amitim.com/keren/investment_policy_pension_insurers/,"אגד -> יצירת קשר מוקד טלפוני - 6667* ימים א'-ה' בין השעות 08:30-16:00 אפליקציית עמיתים כל המידע שנחוץ לך, נגיש בטלפון שלך עקבו אחרינו ברשתות קרנות מבטחים מקפת קג״מ נתיב חקלאים בניין אגד הדסה מידע למעסיקים אי אגד",https://amitim.com/keren/about_the_fund_egged_pension_fund/
2026-10-01T10:35:32+00:00,520022351,"נתיב קרן הפנסיה של פועלי ועובדי מפעלי משק ההסתדרות בע""מ",text_changed,https://amitim.com/keren/investment_policy_pension_fund_circle/,"אגד -> יצירת קשר מוקד טלפוני - 6667* ימים א'-ה' בין השעות 08:30-16:00 אפליקציית עמיתים כל המידע שנחוץ לך, נגיש בטלפון שלך עקבו אחרינו ברשתות קרנות מבטחים מקפת קג״מ נתיב חקלאים בניין אגד הדסה מידע למעסיקים אי אגד",https://amitim.com/keren/about_the_fund_egged_pension_fund/
2026-10-01T10:35:32+00:00,520022351,"נתיב קרן הפנסיה של פועלי ועובדי מפעלי משק ההסתדרות בע""מ",new_page,https://amitim.com/keren/mivtahim-pensia-mediniut-tigmul/,112 items,https://amitim.com/keren/mivtahim-pensia-mediniut-tigmul/
2026-10-01T10:35:32+00:00,520022351,"נתיב קרן הפנסיה של פועלי ועובדי מפעלי משק ההסתדרות בע""מ",new_page,https://amitim.com/keren/mivtahim-pensia-mediniut-tigmul/m/keren/about_the_fund_kgm_pension_fund/,113 items,https://amitim.com/keren/mivtahim-pensia-mediniut-tigmul/m/keren/about_the_fund_kgm_pension_fund/
2026-10-01T10:35:32+00:00,520022351,"נתיב קרן הפנסיה של פועלי ועובדי מפעלי משק ההסתדרות בע""מ",new_page,https://amitim.com/keren/mivtahim-pensia-mediniut-tigmul/m/keren/about_the_fund_kgm_pension_fund/m/keren/about_the_fund_kgm_pension_fund/,113 items,https://amitim.com/keren/mivtahim-pensia-mediniut-tigmul/m/keren/about_the_fund_kgm_pension_fund/m/keren/about_the_fund_kgm_pension_fund/
2026-10-02T11:01:29+00:00,520022351,"נתיב קרן הפנסיה של פועלי ועובדי מפעלי משק ההסתדרות בע""מ",text_changed,https://amitim.com/keren/investment_policy_farmers_pension_fund/,מדיניות השקעה 2026 -> (html),https://amitim.com/wp-content/uploads/2026/04/Haklaim-mediniut-hashkaa-2026.xlsx
2026-10-02T11:01:29+00:00,520022351,"נתיב קרן הפנסיה של פועלי ועובדי מפעלי משק ההסתדרות בע""מ",text_changed,https://amitim.com/keren/investment_policy_farmers_pension_fund/,מדיניות השקעות ESG -> (html),https://amitim.com/wp-content/uploads/2025/10/מדיניות-השקעות-ESG-1.pdf
2026-10-02T11:01:29+00:00,520022351,"נתיב קרן הפנסיה של פועלי ועובדי מפעלי משק ההסתדרות בע""מ",text_changed,https://amitim.com/keren/investment_policy_farmers_pension_fund/,מדיניות השקעה 2025 -> (html),https://amitim.com/wp-content/uploads/2025/11/מדיניות-השקעה-2025-1.xlsx
2026-10-02T11:01:29+00:00,520022351,"נתיב קרן הפנסיה של פועלי ועובדי מפעלי משק ההסתדרות בע""מ",text_changed,https://amitim.com/keren/investment_policy_farmers_pension_fund/,מדיניות השקעה 2024 -> (html),https://amitim.com/wp-content/uploads/2025/11/מדיניות-השקעה-2024-1.xlsx
2026-10-02T11:01:29+00:00,520022351,"נתיב קרן הפנסיה של פועלי ועובדי מפעלי משק ההסתדרות בע""מ",text_changed,https://amitim.com/keren/investment_policy_farmers_pension_fund/,מדיניות השקעה 2023 -> (html),https://amitim.com/wp-content/uploads/2025/11/מדיניות-השקעה-2023-1.xlsx
2026-10-02T11:01:29+00:00,520022351,"נתיב קרן הפנסיה של פועלי ועובדי מפעלי משק ההסתדרות בע""מ",text_changed,https://amitim.com/keren/investment_policy_provident_fund_building/,מדיניות השקעה 2026 -> (html),https://amitim.com/wp-content/uploads/2026/04/Binyan-kupatgemel-mediniut-hashkaa-2026.xlsx
2026-10-02T11:01:29+00:00,520022351,"נתיב קרן הפנסיה של פועלי ועובדי מפעלי משק ההסתדרות בע""מ",text_changed,https://amitim.com/keren/investment_policy_provident_fund_building/,מדיניות השקעות ESG -> (html),https://amitim.com/wp-content/uploads/2025/10/מדיניות-השקעות-ESG-1.pdf
2026-10-02T11:01:29+00:00,520022351,"נתיב קרן הפנסיה של פועלי ועובדי מפעלי משק ההסתדרות בע""מ",text_changed,https://amitim.com/keren/investment_policy_provident_fund_building/,מדיניות השקעה 2025 -> (html),https://amitim.com/wp-content/uploads/2025/11/מדיניות-השקעה-2025-4.xlsx
2026-10-02T11:01:29+00:00,520022351,"נתיב קרן הפנסיה של פועלי ועובדי מפעלי משק ההסתדרות בע""מ",text_changed,https://amitim.com/keren/investment_policy_provident_fund_building/,מדיניות השקעה 2024 -> (html),https://amitim.com/wp-content/uploads/2025/11/מדיניות-השקעה-2024-4.xlsx
2026-10-02T11:01:29+00:00,520022351,"נתיב קרן הפנסיה של פועלי ועובדי מפעלי משק ההסתדרות בע""מ",text_changed,https://amitim.com/keren/investment_policy_provident_fund_building/,מדיניות השקעה 2023 -> (html),https://amitim.com/wp-content/uploads/2025/11/מדיניות-השקעה-2023-4.xlsx
2026-10-02T11:01:29+00:00,520022351,"נתיב קרן הפנסיה של פועלי ועובדי מפעלי משק ההסתדרות בע""מ",text_changed,https://amitim.com/keren/investment_policy_pension_fund_circle/,מדיניות השקעה 2026 -> (html),https://amitim.com/wp-content/uploads/2026/04/מדיניות-השקעה-מקפת-קרן-פנסיה-2026.xlsx
2026-10-02T11:01:29+00:00,520022351,"נתיב קרן הפנסיה של פועלי ועובדי מפעלי משק ההסתדרות בע""מ",text_changed,https://amitim.com/keren/investment_policy_pension_fund_circle/,מדיניות השקעה 2025 -> (html),https://amitim.com/wp-content/uploads/2026/04/מדיניות-השקעה-מקפת-קרן-פנסיה-2025.xlsx
2026-10-02T11:01:29+00:00,520022351,"נתיב קרן הפנסיה של פועלי ועובדי מפעלי משק ההסתדרות בע""מ",text_changed,https://amitim.com/keren/investment_policy_pension_fund_circle/,מדיניות השקעה 2024 -> (html),https://amitim.com/wp-content/uploads/2026/04/מדיניות-השקעה-מקפת-קרן-פנסיה-2024.xlsx
2026-10-02T11:01:29+00:00,520022351,"נתיב קרן הפנסיה של פועלי ועובדי מפעלי משק ההסתדרות בע""מ",text_changed,https://amitim.com/keren/investment_policy_pension_fund_circle/,מדיניות השקעה 2023 -> (html),https://amitim.com/wp-content/uploads/2026/04/מדיניות-השקעה-מקפת-קרן-פנסיה-2023.xlsx
2026-10-02T11:01:29+00:00,520022351,"נתיב קרן הפנסיה של פועלי ועובדי מפעלי משק ההסתדרות בע""מ",text_changed,https://amitim.com/keren/investment_policy_pension_fund_circle/,מדיניות השקעות ESG -> (html),https://amitim.com/wp-content/uploads/2025/10/מדיניות-השקעות-ESG-1.pdf
2026-10-02T11:01:29+00:00,520022351,"נתיב קרן הפנסיה של פועלי ועובדי מפעלי משק ההסתדרות בע""מ",page_changed,https://amitim.com/keren/mivtahim-pensia-mediniut-tigmul/,טקסט העמוד השתנה (אותם קישורים),https://amitim.com/keren/mivtahim-pensia-mediniut-tigmul/
2026-10-04T10:34:44+00:00,520022351,"נתיב קרן הפנסיה של פועלי ועובדי מפעלי משק ההסתדרות בע""מ",text_changed,https://amitim.com/keren/investment_policy_building_a_pension_fund/,(html) -> מדיניות השקעה 2026,https://amitim.com/wp-content/uploads/2026/04/Binyan-mediniut-hashkaa-2026.xlsx
2026-10-04T10:34:44+00:00,520022351,"נתיב קרן הפנסיה של פועלי ועובדי מפעלי משק ההסתדרות בע""מ",text_changed,https://amitim.com/keren/investment_policy_building_a_pension_fund/,(html) -> מדיניות השקעות ESG,https://amitim.com/wp-content/uploads/2025/10/מדיניות-השקעות-ESG-1.pdf
2026-10-04T10:34:44+00:00,520022351,"נתיב קרן הפנסיה של פועלי ועובדי מפעלי משק ההסתדרות בע""מ",text_changed,https://amitim.com/keren/investment_policy_building_a_pension_fund/,(html) -> מדיניות השקעה 2025,https://amitim.com/wp-content/uploads/2025/11/מדיניות-השקעה-2025-3.xlsx
2026-10-04T10:34:44+00:00,520022351,"נתיב קרן הפנסיה של פועלי ועובדי מפעלי משק ההסתדרות בע""מ",text_changed,https://amitim.com/keren/investment_policy_building_a_pension_fund/,(html) -> מדיניות השקעה 2024,https://amitim.com/wp-content/uploads/2025/11/מדיניות-השקעה-2024-3.xlsx
2026-10-04T10:34:44+00:00,520022351,"נתיב קרן הפנסיה של פועלי ועובדי מפעלי משק ההסתדרות בע""מ",text_changed,https://amitim.com/keren/investment_policy_building_a_pension_fund/,(html) -> מדיניות השקעה 2023,https://amitim.com/wp-content/uploads/2025/11/מדיניות-השקעה-2023-3.xlsx
2026-10-05T11:24:52+00:00,520022351,"נתיב קרן הפנסיה של פועלי ועובדי מפעלי משק ההסתדרות בע""מ",text_changed,https://amitim.com/keren/investment_policy_building_a_pension_fund/,מדיניות השקעה 2026 -> (html),https://amitim.com/wp-content/uploads/2026/04/Binyan-mediniut-hashkaa-2026.xlsx
2026-10-05T11:24:52+00:00,520022351,"נתיב קרן הפנסיה של פועלי ועובדי מפעלי משק ההסתדרות בע""מ",text_changed,https://amitim.com/keren/investment_policy_building_a_pension_fund/,מדיניות השקעות ESG -> (html),https://amitim.com/wp-content/uploads/2025/10/מדיניות-השקעות-ESG-1.pdf
2026-10-05T11:24:52+00:00,520022351,"נתיב קרן הפנסיה של פועלי ועובדי מפעלי משק ההסתדרות בע""מ",text_changed,https://amitim.com/keren/investment_policy_building_a_pension_fund/,מדיניות השקעה 2025 -> (html),https://amitim.com/wp-content/uploads/2025/11/מדיניות-השקעה-2025-3.xlsx
2026-10-05T11:24:52+00:00,520022351,"נתיב קרן הפנסיה של פועלי ועובדי מפעלי משק ההסתדרות בע""מ",text_changed,https://amitim.com/keren/investment_policy_building_a_pension_fund/,מדיניות השקעה 2024 -> (html),https://amitim.com/wp-content/uploads/2025/11/מדיניות-השקעה-2024-3.xlsx
2026-10-05T11:24:52+00:00,520022351,"נתיב קרן הפנסיה של פועלי ועובדי מפעלי משק ההסתדרות בע""מ",text_changed,https://amitim.com/keren/investment_policy_building_a_pension_fund/,מדיניות השקעה 2023 -> (html),https://amitim.com/wp-content/uploads/2025/11/מדיניות-השקעה-2023-3.xlsx
2026-10-05T21:58:41+00:00,520022351,"נתיב קרן הפנסיה של פועלי ועובדי מפעלי משק ההסתדרות בע""מ",text_changed,https://amitim.com/keren/investment_policy_nativ_pension_fund/,(html) -> מדיניות השקעה 2026,https://amitim.com/wp-content/uploads/2026/05/Nativ-mediniut-hashkaa-2026.xlsx
2026-10-05T21:58:41+00:00,520022351,"נתיב קרן הפנסיה של פועלי ועובדי מפעלי משק ההסתדרות בע""מ",text_changed,https://amitim.com/keren/investment_policy_nativ_pension_fund/,(html) -> מדיניות השקעות ESG,https://amitim.com/wp-content/uploads/2025/10/מדיניות-השקעות-ESG-1.pdf
2026-10-05T21:58:41+00:00,520022351,"נתיב קרן הפנסיה של פועלי ועובדי מפעלי משק ההסתדרות בע""מ",text_changed,https://amitim.com/keren/investment_policy_nativ_pension_fund/,(html) -> מדיניות השקעה 2025,https://amitim.com/wp-content/uploads/2025/11/מדיניות-השקעה-2025-6.xlsx
2026-10-05T21:58:41+00:00,520022351,"נתיב קרן הפנסיה של פועלי ועובדי מפעלי משק ההסתדרות בע""מ",text_changed,https://amitim.com/keren/investment_policy_nativ_pension_fund/,(html) -> מדיניות השקעה 2024,https://amitim.com/wp-content/uploads/2025/11/מדיניות-השקעה-2024-6.xlsx
2026-10-05T21:58:41+00:00,520022351,"נתיב קרן הפנסיה של פועלי ועובדי מפעלי משק ההסתדרות בע""מ",text_changed,https://amitim.com/keren/investment_policy_nativ_pension_fund/,(html) -> מדיניות השקעה 2023,https://amitim.com/wp-content/uploads/2025/11/מדיניות-השקעה-2023-6.xlsx
2026-10-05T21:58:41+00:00,520022351,"נתיב קרן הפנסיה של פועלי ועובדי מפעלי משק ההסתדרות בע""מ",text_changed,https://amitim.com/keren/investment_policy_nativ_pension_fund/,(html) -> מדיניות השקעה 2022,https://amitim.com/wp-content/uploads/2026/05/Nativ-mediniut-hashkaa-2022-1.xlsx
2026-10-05T21:58:41+00:00,520022351,"נתיב קרן הפנסיה של פועלי ועובדי מפעלי משק ההסתדרות בע""מ",text_changed,https://amitim.com/keren/investment_policy_nativ_pension_fund/,(iframe) -> לדלג לתוכן,https://amitim.com/keren/investment_policy_nativ_pension_fund/
2026-10-05T21:58:41+00:00,520022351,"נתיב קרן הפנסיה של פועלי ועובדי מפעלי משק ההסתדרות בע""מ",text_changed,https://amitim.com/keren/investment_policy_nativ_pension_fund/,מקפת -> אודות הקרן,https://amitim.com/keren/about_the_fund_makefet_pension_fund/
2026-10-05T21:58:41+00:00,520022351,"נתיב קרן הפנסיה של פועלי ועובדי מפעלי משק ההסתדרות בע""מ",text_changed,https://amitim.com/keren/investment_policy_nativ_pension_fund/,חקלאים -> אודות הקרן,https://amitim.com/keren/about_the_fund_farmers_pension_fund/
2026-10-05T21:58:41+00:00,520022351,"נתיב קרן הפנסיה של פועלי ועובדי מפעלי משק ההסתדרות בע""מ",text_changed,https://amitim.com/keren/investment_policy_nativ_pension_fund/,בניין -> אודות הקרן,https://amitim.com/keren/about_the_fund_pension_fund_building/
2026-10-05T21:58:41+00:00,520022351,"נתיב קרן הפנסיה של פועלי ועובדי מפעלי משק ההסתדרות בע""מ",text_changed,https://amitim.com/keren/investment_policy_nativ_pension_fund/,נתיב -> אודות הקרן,https://amitim.com/keren/about_the_fund_nativ_pension_fund/
2026-10-05T21:58:41+00:00,520022351,"נתיב קרן הפנסיה של פועלי ועובדי מפעלי משק ההסתדרות בע""מ",text_changed,https://amitim.com/keren/investment_policy_nativ_pension_fund/,"יצירת קשר מוקד טלפוני - 6667* ימים א'-ה' בין השעות 08:30-16:00 אפליקציית עמיתים כל המידע שנחוץ לך, נגיש בטלפון שלך עקבו אחרינו ברשתות קרנות מבטחים מקפת קג״מ נתיב חקלאים בניין אגד הדסה מידע למעסיקים אי אגד -> אודות הקרן",https://amitim.com/keren/about_the_fund_egged_pension_fund/
2026-10-05T21:58:41+00:00,520022351,"נתיב קרן הפנסיה של פועלי ועובדי מפעלי משק ההסתדרות בע""מ",text_changed,https://amitim.com/keren/investment_policy_nativ_pension_fund/,הדסה -> אודות הקרן,https://amitim.com/keren/about-_he_fund_hadassah_pension_fund/
2026-10-05T21:58:41+00:00,520022351,"נתיב קרן הפנסיה של פועלי ועובדי מפעלי משק ההסתדרות בע""מ",text_changed,https://amitim.com/keren/investment_policy_egged_pension_fund/,(html) -> מדיניות השקעה 2026,https://amitim.com/wp-content/uploads/2026/04/Eged-mediniut-hashkaa-2026.xlsx
2026-10-05T21:58:41+00:00,520022351,"נתיב קרן הפנסיה של פועלי ועובדי מפעלי משק ההסתדרות בע""מ",text_changed,https://amitim.com/keren/investment_policy_egged_pension_fund/,(html) -> מדיניות השקעות ESG,https://amitim.com/wp-content/uploads/2025/10/מדיניות-השקעות-ESG-1.pdf
2026-10-05T21:58:41+00:00,520022351,"נתיב קרן הפנסיה של פועלי ועובדי מפעלי משק ההסתדרות בע""מ",text_changed,https://amitim.com/keren/investment_policy_egged_pension_fund/,(html) -> מדיניות השקעה 2025,https://amitim.com/wp-content/uploads/2025/11/מדיניות-השקעה-2025-7.xlsx
2026-10-05T21:58:41+00:00,520022351,"נתיב קרן הפנסיה של פועלי ועובדי מפעלי משק ההסתדרות בע""מ",text_changed,https://amitim.com/keren/investment_policy_egged_pension_fund/,(html) -> מדיניות השקעה 2024,https://amitim.com/wp-content/uploads/2025/11/מדיניות-השקעה-2024-7.xlsx
2026-10-05T21:58:41+00:00,520022351,"נתיב קרן הפנסיה של פועלי ועובדי מפעלי משק ההסתדרות בע""מ",text_changed,https://amitim.com/keren/investment_policy_egged_pension_fund/,(html) -> מדיניות השקעה 2023,https://amitim.com/wp-content/uploads/2025/11/מדיניות-השקעה-2023-7.xlsx
2026-10-05T21:58:41+00:00,520022351,"נתיב קרן הפנסיה של פועלי ועובדי מפעלי משק ההסתדרות בע""מ",text_changed,https://amitim.com/keren/investment_policy_egged_pension_fund/,(iframe) -> לדלג לתוכן,https://amitim.com/keren/investment_policy_egged_pension_fund/
2026-10-05T21:58:41+00:00,520022351,"נתיב קרן הפנסיה של פועלי ועובדי מפעלי משק ההסתדרות בע""מ",text_changed,https://amitim.com/keren/investment_policy_egged_pension_fund/,מקפת -> אודות הקרן,https://amitim.com/keren/about_the_fund_makefet_pension_fund/
2026-10-05T21:58:41+00:00,520022351,"נתיב קרן הפנסיה של פועלי ועובדי מפעלי משק ההסתדרות בע""מ",text_changed,https://amitim.com/keren/investment_policy_egged_pension_fund/,חקלאים -> אודות הקרן,https://amitim.com/keren/about_the_fund_farmers_pension_fund/
2026-10-05T21:58:41+00:00,520022351,"נתיב קרן הפנסיה של פועלי ועובדי מפעלי משק ההסתדרות בע""מ",text_changed,https://amitim.com/keren/investment_policy_egged_pension_fund/,בניין -> אודות הקרן,https://amitim.com/keren/about_the_fund_pension_fund_building/
2026-10-05T21:58:41+00:00,520022351,"נתיב קרן הפנסיה של פועלי ועובדי מפעלי משק ההסתדרות בע""מ",text_changed,https://amitim.com/keren/investment_policy_egged_pension_fund/,נתיב -> אודות הקרן,https://amitim.com/keren/about_the_fund_nativ_pension_fund/
2026-10-05T21:58:41+00:00,520022351,"נתיב קרן הפנסיה של פועלי ועובדי מפעלי משק ההסתדרות בע""מ",text_changed,https://amitim.com/keren/investment_policy_egged_pension_fund/,"יצירת קשר מוקד טלפוני - 6667* ימים א'-ה' בין השעות 08:30-16:00 אפליקציית עמיתים כל המידע שנחוץ לך, נגיש בטלפון שלך עקבו אחרינו ברשתות קרנות מבטחים מקפת קג״מ נתיב חקלאים בניין אגד הדסה מידע למעסיקים אי אגד -> אודות הקרן",https://amitim.com/keren/about_the_fund_egged_pension_fund/
2026-10-05T21:58:41+00:00,520022351,"נתיב קרן הפנסיה של פועלי ועובדי מפעלי משק ההסתדרות בע""מ",text_changed,https://amitim.com/keren/investment_policy_egged_pension_fund/,הדסה -> אודות הקרן,https://amitim.com/keren/about-_he_fund_hadassah_pension_fund/
2026-10-05T21:58:41+00:00,520022351,"נתיב קרן הפנסיה של פועלי ועובדי מפעלי משק ההסתדרות בע""מ",text_changed,https://amitim.com/keren/investment_policy_hadassah_pension_fund/,(html) -> מדיניות השקעה 2026,https://amitim.com/wp-content/uploads/2026/04/Hadasa-mediniut-hashkaa-2026.xlsx
2026-10-05T21:58:41+00:00,520022351,"נתיב קרן הפנסיה של פועלי ועובדי מפעלי משק ההסתדרות בע""מ",text_changed,https://amitim.com/keren/investment_policy_hadassah_pension_fund/,(html) -> מדיניות השקעות ESG,https://amitim.com/wp-content/uploads/2025/10/מדיניות-השקעות-ESG-1.pdf
2026-10-05T21:58:41+00:00,520022351,"נתיב קרן הפנסיה של פועלי ועובדי מפעלי משק ההסתדרות בע""מ",text_changed,https://amitim.com/keren/investment_policy_hadassah_pension_fund/,(html) -> מדיניות השקעה 2025,https://amitim.com/wp-content/uploads/2025/11/מדיניות-השקעה-2025-8.xlsx
2026-10-05T21:58:41+00:00,520022351,"נתיב קרן הפנסיה של פועלי ועובדי מפעלי משק ההסתדרות בע""מ",text_changed,https://amitim.com/keren/investment_policy_hadassah_pension_fund/,(html) -> מדיניות השקעה 2024,https://amitim.com/wp-content/uploads/2025/11/מדיניות-השקעה-2024-8.xlsx
2026-10-05T21:58:41+00:00,520022351,"נתיב קרן הפנסיה של פועלי ועובדי מפעלי משק ההסתדרות בע""מ",text_changed,https://amitim.com/keren/investment_policy_hadassah_pension_fund/,(html) -> מדיניות השקעה 2023,https://amitim.com/wp-content/uploads/2025/11/מדיניות-השקעה-2023-8.xlsx
2026-10-05T21:58:41+00:00,520022351,"נתיב קרן הפנסיה של פועלי ועובדי מפעלי משק ההסתדרות בע""מ",text_changed,https://amitim.com/keren/investment_policy_hadassah_pension_fund/,(iframe) -> לדלג לתוכן,https://amitim.com/keren/investment_policy_hadassah_pension_fund/
2026-10-05T21:58:41+00:00,520022351,"נתיב קרן הפנסיה של פועלי ועובדי מפעלי משק ההסתדרות בע""מ",text_changed,https://amitim.com/keren/investment_policy_hadassah_pension_fund/,מקפת -> אודות הקרן,https://amitim.com/keren/about_the_fund_makefet_pension_fund/
2026-10-05T21:58:41+00:00,520022351,"נתיב קרן הפנסיה של פועלי ועובדי מפעלי משק ההסתדרות בע""מ",text_changed,https://amitim.com/keren/investment_policy_hadassah_pension_fund/,חקלאים -> אודות הקרן,https://amitim.com/keren/about_the_fund_farmers_pension_fund/
2026-10-05T21:58:41+00:00,520022351,"נתיב קרן הפנסיה של פועלי ועובדי מפעלי משק ההסתדרות בע""מ",text_changed,https://amitim.com/keren/investment_policy_hadassah_pension_fund/,בניין -> אודות הקרן,https://amitim.com/keren/about_the_fund_pension_fund_building/
2026-10-05T21:58:41+00:00,520022351,"נתיב קרן הפנסיה של פועלי ועובדי מפעלי משק ההסתדרות בע""מ",text_changed,https://amitim.com/keren/investment_policy_hadassah_pension_fund/,נתיב -> אודות הקרן,https://amitim.com/keren/about_the_fund_nativ_pension_fund/
2026-10-05T21:58:41+00:00,520022351,"נתיב קרן הפנסיה של פועלי ועובדי מפעלי משק ההסתדרות בע""מ",text_changed,https://amitim.com/keren/investment_policy_hadassah_pension_fund/,"יצירת קשר מוקד טלפוני - 6667* ימים א'-ה' בין השעות 08:30-16:00 אפליקציית עמיתים כל המידע שנחוץ לך, נגיש בטלפון שלך עקבו אחרינו ברשתות קרנות מבטחים מקפת קג״מ נתיב חקלאים בניין אגד הדסה מידע למעסיקים אי אגד -> אודות הקרן",https://amitim.com/keren/about_the_fund_egged_pension_fund/
2026-10-05T21:58:41+00:00,520022351,"נתיב קרן הפנסיה של פועלי ועובדי מפעלי משק ההסתדרות בע""מ",text_changed,https://amitim.com/keren/investment_policy_hadassah_pension_fund/,הדסה -> אודות הקרן,https://amitim.com/keren/about-_he_fund_hadassah_pension_fund/
2026-10-05T21:58:41+00:00,520022351,"נתיב קרן הפנסיה של פועלי ועובדי מפעלי משק ההסתדרות בע""מ",text_changed,https://amitim.com/keren/investment_policy_provident_insurance/,(html) -> מדיניות השקעה 2026,https://amitim.com/wp-content/uploads/2026/04/Mivtachim-kupatgemel-mediniut-hashkaa-2026.xlsx
2026-10-05T21:58:41+00:00,520022351,"נתיב קרן הפנסיה של פועלי ועובדי מפעלי משק ההסתדרות בע""מ",text_changed,https://amitim.com/keren/investment_policy_provident_insurance/,(html) -> מדיניות השקעות ESG,https://amitim.com/wp-content/uploads/2025/10/מדיניות-השקעות-ESG-1.pdf
2026-10-05T21:58:41+00:00,520022351,"נתיב קרן הפנסיה של פועלי ועובדי מפעלי משק ההסתדרות בע""מ",text_changed,https://amitim.com/keren/investment_policy_provident_insurance/,(html) -> מדיניות השקעה 2025,https://amitim.com/wp-content/uploads/2026/04/מדיניות-השקעה-מבטחים-קופת-גמל-2025.xlsx
2026-10-05T21:58:41+00:00,520022351,"נתיב קרן הפנסיה של פועלי ועובדי מפעלי משק ההסתדרות בע""מ",text_changed,https://amitim.com/keren/investment_policy_provident_insurance/,(html) -> מדיניות השקעה 2024,https://amitim.com/wp-content/uploads/2026/04/מדיניות-השקעה-מבטחים-קופת-גמל-2024.xlsx
2026-10-05T21:58:41+00:00,520022351,"נתיב קרן הפנסיה של פועלי ועובדי מפעלי משק ההסתדרות בע""מ",text_changed,https://amitim.com/keren/investment_policy_provident_insurance/,(html) -> מדיניות השקעה 2023,https://amitim.com/wp-content/uploads/2026/04/מדיניות-השקעה-מבטחים-קופת-גמל-2023.xlsx
2026-10-05T21:58:41+00:00,520022351,"נתיב קרן הפנסיה של פועלי ועובדי מפעלי משק ההסתדרות בע""מ",text_changed,https://amitim.com/keren/investment_policy_provident_insurance/,(iframe) -> לדלג לתוכן,https://amitim.com/keren/investment_policy_provident_insurance/
2026-10-05T21:58:41+00:00,520022351,"נתיב קרן הפנסיה של פועלי ועובדי מפעלי משק ההסתדרות בע""מ",text_changed,https://amitim.com/keren/investment_policy_provident_insurance/,מבטחים קופת גמל -> אודות הקרן,https://amitim.com/keren/about_the_fund_mivtachim_provident_fund/
2026-10-05T21:58:41+00:00,520022351,"נתיב קרן הפנסיה של פועלי ועובדי מפעלי משק ההסתדרות בע""מ",text_changed,https://amitim.com/keren/investment_policy_provident_insurance/,מקפת -> אודות הקרן,https://amitim.com/keren/about_the_fund_makefet_pension_fund/
2026-10-05T21:58:41+00:00,520022351,"נתיב קרן הפנסיה של פועלי ועובדי מפעלי משק ההסתדרות בע""מ",text_changed,https://amitim.com/keren/investment_policy_provident_insurance/,חקלאים -> אודות הקרן,https://amitim.com/keren/about_the_fund_farmers_pension_fund/
2026-10-05T21:58:41+00:00,520022351,"נתיב קרן הפנסיה של פועלי ועובדי מפעלי משק ההסתדרות בע""מ",text_changed,https://amitim.com/keren/investment_policy_provident_insurance/,בניין -> אודות הקרן,https://amitim.com/keren/about_the_fund_pension_fund_building/
2026-10-05T21:58:41+00:00,520022351,"נתיב קרן הפנסיה של פועלי ועובדי מפעלי משק ההסתדרות בע""מ",text_changed,https://amitim.com/keren/investment_policy_provident_insurance/,נתיב -> אודות הקרן,https://amitim.com/keren/about_the_fund_nativ_pension_fund/
2026-10-05T21:58:41+00:00,520022351,"נתיב קרן הפנסיה של פועלי ועובדי מפעלי משק ההסתדרות בע""מ",text_changed,https://amitim.com/keren/investment_policy_provident_insurance/,"יצירת קשר מוקד טלפוני - 6667* ימים א'-ה' בין השעות 08:30-16:00 אפליקציית עמיתים כל המידע שנחוץ לך, נגיש בטלפון שלך עקבו אחרינו ברשתות קרנות מבטחים מקפת קג״מ נתיב חקלאים בניין אגד הדסה מידע למעסיקים אי אגד -> אודות הקרן",https://amitim.com/keren/about_the_fund_egged_pension_fund/
2026-10-05T21:58:41+00:00,520022351,"נתיב קרן הפנסיה של פועלי ועובדי מפעלי משק ההסתדרות בע""מ",text_changed,https://amitim.com/keren/investment_policy_provident_insurance/,הדסה -> אודות הקרן,https://amitim.com/keren/about-_he_fund_hadassah_pension_fund/
2026-10-05T21:58:41+00:00,520022351,"נתיב קרן הפנסיה של פועלי ועובדי מפעלי משק ההסתדרות בע""מ",text_changed,https://amitim.com/keren/investment_policy_makefet_provident_fund/,(html) -> מדיניות השקעה 2026,https://amitim.com/wp-content/uploads/2026/04/Makefet-kupatgemel-mediniut-hashkaa-2026.xlsx
2026-10-05T21:58:41+00:00,520022351,"נתיב קרן הפנסיה של פועלי ועובדי מפעלי משק ההסתדרות בע""מ",text_changed,https://amitim.com/keren/investment_policy_makefet_provident_fund/,(html) -> מדיניות השקעות ESG,https://amitim.com/wp-content/uploads/2025/10/מדיניות-השקעות-ESG-1.pdf
2026-10-05T21:58:41+00:00,520022351,"נתיב קרן הפנסיה של פועלי ועובדי מפעלי משק ההסתדרות בע""מ",text_changed,https://amitim.com/keren/investment_policy_makefet_provident_fund/,(html) -> מדיניות השקעה 2025,https://amitim.com/wp-content/uploads/2025/11/מדיניות-השקעה-2025.xlsx
2026-10-05T21:58:41+00:00,520022351,"נתיב קרן הפנסיה של פועלי ועובדי מפעלי משק ההסתדרות בע""מ",text_changed,https://amitim.com/keren/investment_policy_makefet_provident_fund/,(html) -> מדיניות השקעה 2024,https://amitim.com/wp-content/uploads/2025/11/מדיניות-השקעה-2024.xlsx
2026-10-05T21:58:41+00:00,520022351,"נתיב קרן הפנסיה של פועלי ועובדי מפעלי משק ההסתדרות בע""מ",text_changed,https://amitim.com/keren/investment_policy_makefet_provident_fund/,(html) -> מדיניות השקעה 2023,https://amitim.com/wp-content/uploads/2025/11/מדיניות-השקעה-2023.xlsx
2026-10-05T21:58:41+00:00,520022351,"נתיב קרן הפנסיה של פועלי ועובדי מפעלי משק ההסתדרות בע""מ",text_changed,https://amitim.com/keren/investment_policy_makefet_provident_fund/,תקנון הקרן -> תקנון הקופה,https://amitim.com/keren/fund_regulations_makefet_provident_fund/
2026-10-05T21:58:41+00:00,520022351,"נתיב קרן הפנסיה של פועלי ועובדי מפעלי משק ההסתדרות בע""מ",text_changed,https://amitim.com/keren/investment_policy_makefet_provident_fund/,(iframe) -> לדלג לתוכן,https://amitim.com/keren/investment_policy_makefet_provident_fund/
2026-10-05T21:58:41+00:00,520022351,"נתיב קרן הפנסיה של פועלי ועובדי מפעלי משק ההסתדרות בע""מ",text_changed,https://amitim.com/keren/investment_policy_makefet_provident_fund/,מקפת -> אודות הקרן,https://amitim.com/keren/about_the_fund_makefet_pension_fund/
2026-10-05T21:58:41+00:00,520022351,"נתיב קרן הפנסיה של פועלי ועובדי מפעלי משק ההסתדרות בע""מ",text_changed,https://amitim.com/keren/investment_policy_makefet_provident_fund/,מקפת קופת גמל -> אודות הקרן,https://amitim.com/keren/about_the_fund_makefet_provident_fund/
2026-10-05T21:58:41+00:00,520022351,"נתיב קרן הפנסיה של פועלי ועובדי מפעלי משק ההסתדרות בע""מ",text_changed,https://amitim.com/keren/investment_policy_makefet_provident_fund/,חקלאים -> אודות הקרן,https://amitim.com/keren/about_the_fund_farmers_pension_fund/
2026-10-05T21:58:41+00:00,520022351,"נתיב קרן הפנסיה של פועלי ועובדי מפעלי משק ההסתדרות בע""מ",text_changed,https://amitim.com/keren/investment_policy_makefet_provident_fund/,בניין -> אודות הקרן,https://amitim.com/keren/about_the_fund_pension_fund_building/
2026-10-05T21:58:41+00:00,520022351,"נתיב קרן הפנסיה של פועלי ועובדי מפעלי משק ההסתדרות בע""מ",text_changed,https://amitim.com/keren/investment_policy_makefet_provident_fund/,נתיב -> אודות הקרן,https://amitim.com/keren/about_the_fund_nativ_pension_fund/
2026-10-05T21:58:41+00:00,520022351,"נתיב קרן הפנסיה של פועלי ועובדי מפעלי משק ההסתדרות בע""מ",text_changed,https://amitim.com/keren/investment_policy_makefet_provident_fund/,"יצירת קשר מוקד טלפוני - 6667* ימים א'-ה' בין השעות 08:30-16:00 אפליקציית עמיתים כל המידע שנחוץ לך, נגיש בטלפון שלך עקבו אחרינו ברשתות קרנות מבטחים מקפת קג״מ נתיב חקלאים בניין אגד הדסה מידע למעסיקים אי אגד -> אודות הקרן",https://amitim.com/keren/about_the_fund_egged_pension_fund/
2026-10-05T21:58:41+00:00,520022351,"נתיב קרן הפנסיה של פועלי ועובדי מפעלי משק ההסתדרות בע""מ",text_changed,https://amitim.com/keren/investment_policy_makefet_provident_fund/,הדסה -> אודות הקרן,https://amitim.com/keren/about-_he_fund_hadassah_pension_fund/
2026-10-05T21:58:41+00:00,520022351,"נתיב קרן הפנסיה של פועלי ועובדי מפעלי משק ההסתדרות בע""מ",text_changed,https://amitim.com/keren/investment_policy_farmers_pension_fund/,(html) -> מדיניות השקעה 2026,https://amitim.com/wp-content/uploads/2026/04/Haklaim-mediniut-hashkaa-2026.xlsx
2026-10-05T21:58:41+00:00,520022351,"נתיב קרן הפנסיה של פועלי ועובדי מפעלי משק ההסתדרות בע""מ",text_changed,https://amitim.com/keren/investment_policy_farmers_pension_fund/,(html) -> מדיניות השקעות ESG,https://amitim.com/wp-content/uploads/2025/10/מדיניות-השקעות-ESG-1.pdf
2026-10-05T21:58:41+00:00,520022351,"נתיב קרן הפנסיה של פועלי ועובדי מפעלי משק ההסתדרות בע""מ",text_changed,https://amitim.com/keren/investment_policy_farmers_pension_fund/,(html) -> מדיניות השקעה 2025,https://amitim.com/wp-content/uploads/2025/11/מדיניות-השקעה-2025-1.xlsx
2026-10-05T21:58:41+00:00,520022351,"נתיב קרן הפנסיה של פועלי ועובדי מפעלי משק ההסתדרות בע""מ",text_changed,https://amitim.com/keren/investment_policy_farmers_pension_fund/,(html) -> מדיניות השקעה 2024,https://amitim.com/wp-content/uploads/2025/11/מדיניות-השקעה-2024-1.xlsx
2026-10-05T21:58:41+00:00,520022351,"נתיב קרן הפנסיה של פועלי ועובדי מפעלי משק ההסתדרות בע""מ",text_changed,https://amitim.com/keren/investment_policy_farmers_pension_fund/,(html) -> מדיניות השקעה 2023,https://amitim.com/wp-content/uploads/2025/11/מדיניות-השקעה-2023-1.xlsx
2026-10-05T21:58:41+00:00,520022351,"נתיב קרן הפנסיה של פועלי ועובדי מפעלי משק ההסתדרות בע""מ",text_changed,https://amitim.com/keren/investment_policy_farmers_pension_fund/,(iframe) -> לדלג לתוכן,https://amitim.com/keren/investment_policy_farmers_pension_fund/
2026-10-05T21:58:41+00:00,520022351,"נתיב קרן הפנסיה של פועלי ועובדי מפעלי משק ההסתדרות בע""מ",text_changed,https://amitim.com/keren/investment_policy_farmers_pension_fund/,מקפת -> אודות הקרן,https://amitim.com/keren/about_the_fund_makefet_pension_fund/
2026-10-05T21:58:41+00:00,520022351,"נתיב קרן הפנסיה של פועלי ועובדי מפעלי משק ההסתדרות בע""מ",text_changed,https://amitim.com/keren/investment_policy_farmers_pension_fund/,חקלאים -> אודות הקרן,https://amitim.com/keren/about_the_fund_farmers_pension_fund/
2026-10-05T21:58:41+00:00,520022351,"נתיב קרן הפנסיה של פועלי ועובדי מפעלי משק ההסתדרות בע""מ",text_changed,https://amitim.com/keren/investment_policy_farmers_pension_fund/,בניין -> אודות הקרן,https://amitim.com/keren/about_the_fund_pension_fund_building/
2026-10-05T21:58:41+00:00,520022351,"נתיב קרן הפנסיה של פועלי ועובדי מפעלי משק ההסתדרות בע""מ",text_changed,https://amitim.com/keren/investment_policy_farmers_pension_fund/,נתיב -> אודות הקרן,https://amitim.com/keren/about_the_fund_nativ_pension_fund/
2026-10-05T21:58:41+00:00,520022351,"נתיב קרן הפנסיה של פועלי ועובדי מפעלי משק ההסתדרות בע""מ",text_changed,https://amitim.com/keren/investment_policy_farmers_pension_fund/,"יצירת קשר מוקד טלפוני - 6667* ימים א'-ה' בין השעות 08:30-16:00 אפליקציית עמיתים כל המידע שנחוץ לך, נגיש בטלפון שלך עקבו אחרינו ברשתות קרנות מבטחים מקפת קג״מ נתיב חקלאים בניין אגד הדסה מידע למעסיקים אי אגד -> אודות הקרן",https://amitim.com/keren/about_the_fund_egged_pension_fund/
2026-10-05T21:58:41+00:00,520022351,"נתיב קרן הפנסיה של פועלי ועובדי מפעלי משק ההסתדרות בע""מ",text_changed,https://amitim.com/keren/investment_policy_farmers_pension_fund/,הדסה -> אודות הקרן,https://amitim.com/keren/about-_he_fund_hadassah_pension_fund/
2026-10-05T21:58:41+00:00,520022351,"נתיב קרן הפנסיה של פועלי ועובדי מפעלי משק ההסתדרות בע""מ",text_changed,https://amitim.com/keren/investment_policy_farmers_pension_fund/,חקלאים קופת גמל -> אודות הקופה,https://amitim.com/keren/about_the_fund_farmers_provident_fund/
2026-10-05T21:58:41+00:00,520022351,"נתיב קרן הפנסיה של פועלי ועובדי מפעלי משק ההסתדרות בע""מ",text_changed,https://amitim.com/keren/investment_policy_farmers_provident_fund/,(html) -> מדיניות השקעה 2026,https://amitim.com/wp-content/uploads/2026/04/Haklaim-kupatgemel-mediniut-hashkaa-2026.xlsx
2026-10-05T21:58:41+00:00,520022351,"נתיב קרן הפנסיה של פועלי ועובדי מפעלי משק ההסתדרות בע""מ",text_changed,https://amitim.com/keren/investment_policy_farmers_provident_fund/,(html) -> מדיניות השקעות ESG,https://amitim.com/wp-content/uploads/2025/10/מדיניות-השקעות-ESG-1.pdf
2026-10-05T21:58:41+00:00,520022351,"נתיב קרן הפנסיה של פועלי ועובדי מפעלי משק ההסתדרות בע""מ",text_changed,https://amitim.com/keren/investment_policy_farmers_provident_fund/,(html) -> מדיניות השקעה 2025,https://amitim.com/wp-content/uploads/2025/11/מדיניות-השקעה-2025-2.xlsx
2026-10-05T21:58:41+00:00,520022351,"נתיב קרן הפנסיה של פועלי ועובדי מפעלי משק ההסתדרות בע""מ",text_changed,https://amitim.com/keren/investment_policy_farmers_provident_fund/,(html) -> מדיניות השקעה 2024,https://amitim.com/wp-content/uploads/2025/11/מדיניות-השקעה-2024-2.xlsx
2026-10-05T21:58:41+00:00,520022351,"נתיב קרן הפנסיה של פועלי ועובדי מפעלי משק ההסתדרות בע""מ",text_changed,https://amitim.com/keren/investment_policy_farmers_provident_fund/,(html) -> מדיניות השקעה 2023,https://amitim.com/wp-content/uploads/2025/11/מדיניות-השקעה-2023-2.xlsx
2026-10-05T21:58:41+00:00,520022351,"נתיב קרן הפנסיה של פועלי ועובדי מפעלי משק ההסתדרות בע""מ",text_changed,https://amitim.com/keren/investment_policy_farmers_provident_fund/,(iframe) -> לדלג לתוכן,https://amitim.com/keren/investment_policy_farmers_provident_fund/
2026-10-05T21:58:41+00:00,520022351,"נתיב קרן הפנסיה של פועלי ועובדי מפעלי משק ההסתדרות בע""מ",text_changed,https://amitim.com/keren/investment_policy_farmers_provident_fund/,מקפת -> אודות הקרן,https://amitim.com/keren/about_the_fund_makefet_pension_fund/
2026-10-05T21:58:41+00:00,520022351,"נתיב קרן הפנסיה של פועלי ועובדי מפעלי משק ההסתדרות בע""מ",text_changed,https://amitim.com/keren/investment_policy_farmers_provident_fund/,חקלאים -> אודות הקרן,https://amitim.com/keren/about_the_fund_farmers_pension_fund/
2026-10-05T21:58:41+00:00,520022351,"נתיב קרן הפנסיה של פועלי ועובדי מפעלי משק ההסתדרות בע""מ",text_changed,https://amitim.com/keren/investment_policy_farmers_provident_fund/,בניין -> אודות הקרן,https://amitim.com/keren/about_the_fund_pension_fund_building/
2026-10-05T21:58:41+00:00,520022351,"נתיב קרן הפנסיה של פועלי ועובדי מפעלי משק ההסתדרות בע""מ",text_changed,https://amitim.com/keren/investment_policy_farmers_provident_fund/,נתיב -> אודות הקרן,https://amitim.com/keren/about_the_fund_nativ_pension_fund/
2026-10-05T21:58:41+00:00,520022351,"נתיב קרן הפנסיה של פועלי ועובדי מפעלי משק ההסתדרות בע""מ",text_changed,https://amitim.com/keren/investment_policy_farmers_provident_fund/,"יצירת קשר מוקד טלפוני - 6667* ימים א'-ה' בין השעות 08:30-16:00 אפליקציית עמיתים כל המידע שנחוץ לך, נגיש בטלפון שלך עקבו אחרינו ברשתות קרנות מבטחים מקפת קג״מ נתיב חקלאים בניין אגד הדסה מידע למעסיקים אי אגד -> אודות הקרן",https://amitim.com/keren/about_the_fund_egged_pension_fund/
2026-10-05T21:58:41+00:00,520022351,"נתיב קרן הפנסיה של פועלי ועובדי מפעלי משק ההסתדרות בע""מ",text_changed,https://amitim.com/keren/investment_policy_farmers_provident_fund/,הדסה -> אודות הקרן,https://amitim.com/keren/about-_he_fund_hadassah_pension_fund/
2026-10-05T21:58:41+00:00,520022351,"נתיב קרן הפנסיה של פועלי ועובדי מפעלי משק ההסתדרות בע""מ",text_changed,https://amitim.com/keren/investment_policy_farmers_provident_fund/,חקלאים קופת גמל -> אודות הקופה,https://amitim.com/keren/about_the_fund_farmers_provident_fund/
2026-10-05T21:58:41+00:00,520022351,"נתיב קרן הפנסיה של פועלי ועובדי מפעלי משק ההסתדרות בע""מ",text_changed,https://amitim.com/keren/investment_policy_building_a_pension_fund/,(html) -> מדיניות השקעה 2026,https://amitim.com/wp-content/uploads/2026/04/Binyan-mediniut-hashkaa-2026.xlsx
2026-10-05T21:58:41+00:00,520022351,"נתיב קרן הפנסיה של פועלי ועובדי מפעלי משק ההסתדרות בע""מ",text_changed,https://amitim.com/keren/investment_policy_building_a_pension_fund/,(html) -> מדיניות השקעות ESG,https://amitim.com/wp-content/uploads/2025/10/מדיניות-השקעות-ESG-1.pdf
2026-10-05T21:58:41+00:00,520022351,"נתיב קרן הפנסיה של פועלי ועובדי מפעלי משק ההסתדרות בע""מ",text_changed,https://amitim.com/keren/investment_policy_building_a_pension_fund/,(html) -> מדיניות השקעה 2025,https://amitim.com/wp-content/uploads/2025/11/מדיניות-השקעה-2025-3.xlsx
2026-10-05T21:58:41+00:00,520022351,"נתיב קרן הפנסיה של פועלי ועובדי מפעלי משק ההסתדרות בע""מ",text_changed,https://amitim.com/keren/investment_policy_building_a_pension_fund/,(html) -> מדיניות השקעה 2024,https://amitim.com/wp-content/uploads/2025/11/מדיניות-השקעה-2024-3.xlsx
2026-10-05T21:58:41+00:00,520022351,"נתיב קרן הפנסיה של פועלי ועובדי מפעלי משק ההסתדרות בע""מ",text_changed,https://amitim.com/keren/investment_policy_building_a_pension_fund/,(html) -> מדיניות השקעה 2023,https://amitim.com/wp-content/uploads/2025/11/מדיניות-השקעה-2023-3.xlsx
2026-10-05T21:58:41+00:00,520022351,"נתיב קרן הפנסיה של פועלי ועובדי מפעלי משק ההסתדרות בע""מ",text_changed,https://amitim.com/keren/investment_policy_building_a_pension_fund/,(iframe) -> לדלג לתוכן,https://amitim.com/keren/investment_policy_building_a_pension_fund/
2026-10-05T21:58:41+00:00,520022351,"נתיב קרן הפנסיה של פועלי ועובדי מפעלי משק ההסתדרות בע""מ",text_changed,https://amitim.com/keren/investment_policy_building_a_pension_fund/,מקפת -> אודות הקרן,https://amitim.com/keren/about_the_fund_makefet_pension_fund/
2026-10-05T21:58:41+00:00,520022351,"נתיב קרן הפנסיה של פועלי ועובדי מפעלי משק ההסתדרות בע""מ",text_changed,https://amitim.com/keren/investment_policy_building_a_pension_fund/,חקלאים -> אודות הקרן,https://amitim.com/keren/about_the_fund_farmers_pension_fund/
2026-10-05T21:58:41+00:00,520022351,"נתיב קרן הפנסיה של פועלי ועובדי מפעלי משק ההסתדרות בע""מ",text_changed,https://amitim.com/keren/investment_policy_building_a_pension_fund/,בניין -> אודות הקרן,https://amitim.com/keren/about_the_fund_pension_fund_building/
2026-10-05T21:58:41+00:00,520022351,"נתיב קרן הפנסיה של פועלי ועובדי מפעלי משק ההסתדרות בע""מ",text_changed,https://amitim.com/keren/investment_policy_building_a_pension_fund/,נתיב -> אודות הקרן,https://amitim.com/keren/about_the_fund_nativ_pension_fund/
2026-10-05T21:58:41+00:00,520022351,"נתיב קרן הפנסיה של פועלי ועובדי מפעלי משק ההסתדרות בע""מ",text_changed,https://amitim.com/keren/investment_policy_building_a_pension_fund/,"יצירת קשר מוקד טלפוני - 6667* ימים א'-ה' בין השעות 08:30-16:00 אפליקציית עמיתים כל המידע שנחוץ לך, נגיש בטלפון שלך עקבו אחרינו ברשתות קרנות מבטחים מקפת קג״מ נתיב חקלאים בניין אגד הדסה מידע למעסיקים אי אגד -> אודות הקרן",https://amitim.com/keren/about_the_fund_egged_pension_fund/
2026-10-05T21:58:41+00:00,520022351,"נתיב קרן הפנסיה של פועלי ועובדי מפעלי משק ההסתדרות בע""מ",text_changed,https://amitim.com/keren/investment_policy_building_a_pension_fund/,הדסה -> אודות הקרן,https://amitim.com/keren/about-_he_fund_hadassah_pension_fund/
2026-10-05T21:58:41+00:00,520022351,"נתיב קרן הפנסיה של פועלי ועובדי מפעלי משק ההסתדרות בע""מ",text_changed,https://amitim.com/keren/investment_policy_building_a_pension_fund/,בניין קופת גמל -> אודות הקופה,https://amitim.com/keren/about_the_fund_provident_fund_building/
2026-10-05T21:58:41+00:00,520022351,"נתיב קרן הפנסיה של פועלי ועובדי מפעלי משק ההסתדרות בע""מ",text_changed,https://amitim.com/keren/investment_policy_provident_fund_building/,(html) -> מדיניות השקעה 2026,https://amitim.com/wp-content/uploads/2026/04/Binyan-kupatgemel-mediniut-hashkaa-2026.xlsx
2026-10-05T21:58:41+00:00,520022351,"נתיב קרן הפנסיה של פועלי ועובדי מפעלי משק ההסתדרות בע""מ",text_changed,https://amitim.com/keren/investment_policy_provident_fund_building/,(html) -> מדיניות השקעות ESG,https://amitim.com/wp-content/uploads/2025/10/מדיניות-השקעות-ESG-1.pdf
2026-10-05T21:58:41+00:00,520022351,"נתיב קרן הפנסיה של פועלי ועובדי מפעלי משק ההסתדרות בע""מ",text_changed,https://amitim.com/keren/investment_policy_provident_fund_building/,(html) -> מדיניות השקעה 2025,https://amitim.com/wp-content/uploads/2025/11/מדיניות-השקעה-2025-4.xlsx
2026-10-05T21:58:41+00:00,520022351,"נתיב קרן הפנסיה של פועלי ועובדי מפעלי משק ההסתדרות בע""מ",text_changed,https://amitim.com/keren/investment_policy_provident_fund_building/,(html) -> מדיניות השקעה 2024,https://amitim.com/wp-content/uploads/2025/11/מדיניות-השקעה-2024-4.xlsx
2026-10-05T21:58:41+00:00,520022351,"נתיב קרן הפנסיה של פועלי ועובדי מפעלי משק ההסתדרות בע""מ",text_changed,https://amitim.com/keren/investment_policy_provident_fund_building/,(html) -> מדיניות השקעה 2023,https://amitim.com/wp-content/uploads/2025/11/מדיניות-השקעה-2023-4.xlsx
2026-10-05T21:58:41+00:00,520022351,"נתיב קרן הפנסיה של פועלי ועובדי מפעלי משק ההסתדרות בע""מ",text_changed,https://amitim.com/keren/investment_policy_provident_fund_building/,נכסי הקרן -> נכסי הקופה,https://amitim.com/keren/fund_assets_provident_fund_building/
2026-10-05T21:58:41+00:00,520022351,"נתיב קרן הפנסיה של פועלי ועובדי מפעלי משק ההסתדרות בע""מ",text_changed,https://amitim.com/keren/investment_policy_provident_fund_building/,(iframe) -> לדלג לתוכן,https://amitim.com/keren/investment_policy_provident_fund_building/
2026-10-05T21:58:41+00:00,520022351,"נתיב קרן הפנסיה של פועלי ועובדי מפעלי משק ההסתדרות בע""מ",text_changed,https://amitim.com/keren/investment_policy_provident_fund_building/,מקפת -> אודות הקרן,https://amitim.com/keren/about_the_fund_makefet_pension_fund/
2026-10-05T21:58:41+00:00,520022351,"נתיב קרן הפנסיה של פועלי ועובדי מפעלי משק ההסתדרות בע""מ",text_changed,https://amitim.com/keren/investment_policy_provident_fund_building/,חקלאים -> אודות הקרן,https://amitim.com/keren/about_the_fund_farmers_pension_fund/
2026-10-05T21:58:41+00:00,520022351,"נתיב קרן הפנסיה של פועלי ועובדי מפעלי משק ההסתדרות בע""מ",text_changed,https://amitim.com/keren/investment_policy_provident_fund_building/,בניין -> אודות הקרן,https://amitim.com/keren/about_the_fund_pension_fund_building/
2026-10-05T21:58:41+00:00,520022351,"נתיב קרן הפנסיה של פועלי ועובדי מפעלי משק ההסתדרות בע""מ",text_changed,https://amitim.com/keren/investment_policy_provident_fund_building/,נתיב -> אודות הקרן,https://amitim.com/keren/about_the_fund_nativ_pension_fund/
2026-10-05T21:58:41+00:00,520022351,"נתיב קרן הפנסיה של פועלי ועובדי מפעלי משק ההסתדרות בע""מ",text_changed,https://amitim.com/keren/investment_policy_provident_fund_building/,"יצירת קשר מוקד טלפוני - 6667* ימים א'-ה' בין השעות 08:30-16:00 אפליקציית עמיתים כל המידע שנחוץ לך, נגיש בטלפון שלך עקבו אחרינו ברשתות קרנות מבטחים מקפת קג״מ נתיב חקלאים בניין אגד הדסה מידע למעסיקים אי אגד -> אודות הקרן",https://amitim.com/keren/about_the_fund_egged_pension_fund/
2026-10-05T21:58:41+00:00,520022351,"נתיב קרן הפנסיה של פועלי ועובדי מפעלי משק ההסתדרות בע""מ",text_changed,https://amitim.com/keren/investment_policy_provident_fund_building/,הדסה -> אודות הקרן,https://amitim.com/keren/about-_he_fund_hadassah_pension_fund/
2026-10-05T21:58:41+00:00,520022351,"נתיב קרן הפנסיה של פועלי ועובדי מפעלי משק ההסתדרות בע""מ",text_changed,https://amitim.com/keren/investment_policy_provident_fund_building/,בניין קופת גמל -> אודות הקופה,https://amitim.com/keren/about_the_fund_provident_fund_building/
2026-10-05T21:58:41+00:00,520022351,"נתיב קרן הפנסיה של פועלי ועובדי מפעלי משק ההסתדרות בע""מ",text_changed,https://amitim.com/keren/investment_policy_kgm_pension_fund/,(html) -> מדיניות השקעה 2026,https://amitim.com/wp-content/uploads/2026/04/Kagam-mediniut-hashkaa-2026.xlsx
2026-10-05T21:58:41+00:00,520022351,"נתיב קרן הפנסיה של פועלי ועובדי מפעלי משק ההסתדרות בע""מ",text_changed,https://amitim.com/keren/investment_policy_kgm_pension_fund/,(html) -> מדיניות השקעות ESG,https://amitim.com/wp-content/uploads/2025/10/מדיניות-השקעות-ESG-1.pdf
2026-10-05T21:58:41+00:00,520022351,"נתיב קרן הפנסיה של פועלי ועובדי מפעלי משק ההסתדרות בע""מ",text_changed,https://amitim.com/keren/investment_policy_kgm_pension_fund/,(html) -> מדיניות השקעה 2025,https://amitim.com/wp-content/uploads/2025/11/מדיניות-השקעה-2025-5.xlsx
2026-10-05T21:58:41+00:00,520022351,"נתיב קרן הפנסיה של פועלי ועובדי מפעלי משק ההסתדרות בע""מ",text_changed,https://amitim.com/keren/investment_policy_kgm_pension_fund/,(html) -> מדיניות השקעה 2024,https://amitim.com/wp-content/uploads/2025/11/מדיניות-השקעה-2024-5.xlsx
2026-10-05T21:58:41+00:00,520022351,"נתיב קרן הפנסיה של פועלי ועובדי מפעלי משק ההסתדרות בע""מ",text_changed,https://amitim.com/keren/investment_policy_kgm_pension_fund/,(html) -> מדיניות השקעה 2023,https://amitim.com/wp-content/uploads/2025/11/מדיניות-השקעה-2023-5.xlsx
2026-10-05T21:58:41+00:00,520022351,"נתיב קרן הפנסיה של פועלי ועובדי מפעלי משק ההסתדרות בע""מ",text_changed,https://amitim.com/keren/investment_policy_kgm_pension_fund/,(iframe) -> לדלג לתוכן,https://amitim.com/keren/investment_policy_kgm_pension_fund/
2026-10-05T21:58:41+00:00,520022351,"נתיב קרן הפנסיה של פועלי ועובדי מפעלי משק ההסתדרות בע""מ",text_changed,https://amitim.com/keren/investment_policy_kgm_pension_fund/,מקפת -> אודות הקרן,https://amitim.com/keren/about_the_fund_makefet_pension_fund/
2026-10-05T21:58:41+00:00,520022351,"נתיב קרן הפנסיה של פועלי ועובדי מפעלי משק ההסתדרות בע""מ",text_changed,https://amitim.com/keren/investment_policy_kgm_pension_fund/,חקלאים -> אודות הקרן,https://amitim.com/keren/about_the_fund_farmers_pension_fund/
2026-10-05T21:58:41+00:00,520022351,"נתיב קרן הפנסיה של פועלי ועובדי מפעלי משק ההסתדרות בע""מ",text_changed,https://amitim.com/keren/investment_policy_kgm_pension_fund/,בניין -> אודות הקרן,https://amitim.com/keren/about_the_fund_pension_fund_building/
2026-10-05T21:58:41+00:00,520022351,"נתיב קרן הפנסיה של פועלי ועובדי מפעלי משק ההסתדרות בע""מ",text_changed,https://amitim.com/keren/investment_policy_kgm_pension_fund/,קגמ קרן פנסיה -> אודות הקרן,https://amitim.com/keren/about_the_fund_kgm_pension_fund/
2026-10-05T21:58:41+00:00,520022351,"נתיב קרן הפנסיה של פועלי ועובדי מפעלי משק ההסתדרות בע""מ",text_changed,https://amitim.com/keren/investment_policy_kgm_pension_fund/,נתיב -> אודות הקרן,https://amitim.com/keren/about_the_fund_nativ_pension_fund/
2026-10-05T21:58:41+00:00,520022351,"נתיב קרן הפנסיה של פועלי ועובדי מפעלי משק ההסתדרות בע""מ",text_changed,https://amitim.com/keren/investment_policy_kgm_pension_fund/,"יצירת קשר מוקד טלפוני - 6667* ימים א'-ה' בין השעות 08:30-16:00 אפליקציית עמיתים כל המידע שנחוץ לך, נגיש בטלפון שלך עקבו אחרינו ברשתות קרנות מבטחים מקפת קג״מ נתיב חקלאים בניין אגד הדסה מידע למעסיקים אי אגד -> אודות הקרן",https://amitim.com/keren/about_the_fund_egged_pension_fund/
2026-10-05T21:58:41+00:00,520022351,"נתיב קרן הפנסיה של פועלי ועובדי מפעלי משק ההסתדרות בע""מ",text_changed,https://amitim.com/keren/investment_policy_kgm_pension_fund/,הדסה -> אודות הקרן,https://amitim.com/keren/about-_he_fund_hadassah_pension_fund/
2026-10-05T21:58:41+00:00,520022351,"נתיב קרן הפנסיה של פועלי ועובדי מפעלי משק ההסתדרות בע""מ",text_changed,https://amitim.com/keren/investment_policy_pension_insurers/,(html) -> מדיניות השקעה 2026,https://amitim.com/wp-content/uploads/2026/04/מדיניות-השקעה-מבטחים-קרן-פנסיה-2026.xlsx
2026-10-05T21:58:41+00:00,520022351,"נתיב קרן הפנסיה של פועלי ועובדי מפעלי משק ההסתדרות בע""מ",text_changed,https://amitim.com/keren/investment_policy_pension_insurers/,(html) -> מדיניות השקעות ESG,https://amitim.com/wp-content/uploads/2025/10/מדיניות-השקעות-ESG-1.pdf
2026-10-05T21:58:41+00:00,520022351,"נתיב קרן הפנסיה של פועלי ועובדי מפעלי משק ההסתדרות בע""מ",text_changed,https://amitim.com/keren/investment_policy_pension_insurers/,(html) -> מדיניות השקעה 2025,https://amitim.com/wp-content/uploads/2025/10/מדיניות-השקעה-2025.xlsx
2026-10-05T21:58:41+00:00,520022351,"נתיב קרן הפנסיה של פועלי ועובדי מפעלי משק ההסתדרות בע""מ",text_changed,https://amitim.com/keren/investment_policy_pension_insurers/,(html) -> מדיניות השקעה 2024,https://amitim.com/wp-content/uploads/2025/10/מדיניות-השקעה-2024.xlsx
2026-10-05T21:58:41+00:00,520022351,"נתיב קרן הפנסיה של פועלי ועובדי מפעלי משק ההסתדרות בע""מ",text_changed,https://amitim.com/keren/investment_policy_pension_insurers/,(html) -> מדיניות השקעה 2023,https://amitim.com/wp-content/uploads/2025/10/מדיניות-השקעה-2023.xlsx
2026-10-05T21:58:41+00:00,520022351,"נתיב קרן הפנסיה של פועלי ועובדי מפעלי משק ההסתדרות בע""מ",text_changed,https://amitim.com/keren/investment_policy_pension_insurers/,(iframe) -> לדלג לתוכן,https://amitim.com/keren/investment_policy_pension_insurers/
2026-10-05T21:58:41+00:00,520022351,"נתיב קרן הפנסיה של פועלי ועובדי מפעלי משק ההסתדרות בע""מ",text_changed,https://amitim.com/keren/investment_policy_pension_insurers/,מבטחים קופת גמל -> אודות הקרן,https://amitim.com/keren/about_the_fund_mivtachim_provident_fund/
2026-10-05T21:58:41+00:00,520022351,"נתיב קרן הפנסיה של פועלי ועובדי מפעלי משק ההסתדרות בע""מ",text_changed,https://amitim.com/keren/investment_policy_pension_insurers/,מקפת -> אודות הקרן,https://amitim.com/keren/about_the_fund_makefet_pension_fund/
2026-10-05T21:58:41+00:00,520022351,"נתיב קרן הפנסיה של פועלי ועובדי מפעלי משק ההסתדרות בע""מ",text_changed,https://amitim.com/keren/investment_policy_pension_insurers/,חקלאים -> אודות הקרן,https://amitim.com/keren/about_the_fund_farmers_pension_fund/
2026-10-05T21:58:41+00:00,520022351,"נתיב קרן הפנסיה של פועלי ועובדי מפעלי משק ההסתדרות בע""מ",text_changed,https://amitim.com/keren/investment_policy_pension_insurers/,בניין -> אודות הקרן,https://amitim.com/keren/about_the_fund_pension_fund_building/
2026-10-05T21:58:41+00:00,520022351,"נתיב קרן הפנסיה של פועלי ועובדי מפעלי משק ההסתדרות בע""מ",text_changed,https://amitim.com/keren/investment_policy_pension_insurers/,נתיב -> אודות הקרן,https://amitim.com/keren/about_the_fund_nativ_pension_fund/
2026-10-05T21:58:41+00:00,520022351,"נתיב קרן הפנסיה של פועלי ועובדי מפעלי משק ההסתדרות בע""מ",text_changed,https://amitim.com/keren/investment_policy_pension_insurers/,"יצירת קשר מוקד טלפוני - 6667* ימים א'-ה' בין השעות 08:30-16:00 אפליקציית עמיתים כל המידע שנחוץ לך, נגיש בטלפון שלך עקבו אחרינו ברשתות קרנות מבטחים מקפת קג״מ נתיב חקלאים בניין אגד הדסה מידע למעסיקים אי אגד -> אודות הקרן",https://amitim.com/keren/about_the_fund_egged_pension_fund/
2026-10-05T21:58:41+00:00,520022351,"נתיב קרן הפנסיה של פועלי ועובדי מפעלי משק ההסתדרות בע""מ",text_changed,https://amitim.com/keren/investment_policy_pension_insurers/,הדסה -> אודות הקרן,https://amitim.com/keren/about-_he_fund_hadassah_pension_fund/
2026-10-05T21:58:41+00:00,520022351,"נתיב קרן הפנסיה של פועלי ועובדי מפעלי משק ההסתדרות בע""מ",text_changed,https://amitim.com/keren/investment_policy_pension_fund_circle/,(html) -> מדיניות השקעה 2026,https://amitim.com/wp-content/uploads/2026/04/מדיניות-השקעה-מקפת-קרן-פנסיה-2026.xlsx
2026-10-05T21:58:41+00:00,520022351,"נתיב קרן הפנסיה של פועלי ועובדי מפעלי משק ההסתדרות בע""מ",text_changed,https://amitim.com/keren/investment_policy_pension_fund_circle/,(html) -> מדיניות השקעות ESG,https://amitim.com/wp-content/uploads/2025/10/מדיניות-השקעות-ESG-1.pdf
2026-10-05T21:58:41+00:00,520022351,"נתיב קרן הפנסיה של פועלי ועובדי מפעלי משק ההסתדרות בע""מ",text_changed,https://amitim.com/keren/investment_policy_pension_fund_circle/,(html) -> מדיניות השקעה 2025,https://amitim.com/wp-content/uploads/2026/04/מדיניות-השקעה-מקפת-קרן-פנסיה-2025.xlsx
2026-10-05T21:58:41+00:00,520022351,"נתיב קרן הפנסיה של פועלי ועובדי מפעלי משק ההסתדרות בע""מ",text_changed,https://amitim.com/keren/investment_policy_pension_fund_circle/,(html) -> מדיניות השקעה 2024,https://amitim.com/wp-content/uploads/2026/04/מדיניות-השקעה-מקפת-קרן-פנסיה-2024.xlsx
2026-10-05T21:58:41+00:00,520022351,"נתיב קרן הפנסיה של פועלי ועובדי מפעלי משק ההסתדרות בע""מ",text_changed,https://amitim.com/keren/investment_policy_pension_fund_circle/,(html) -> מדיניות השקעה 2023,https://amitim.com/wp-content/uploads/2026/04/מדיניות-השקעה-מקפת-קרן-פנסיה-2023.xlsx
2026-10-05T21:58:41+00:00,520022351,"נתיב קרן הפנסיה של פועלי ועובדי מפעלי משק ההסתדרות בע""מ",text_changed,https://amitim.com/keren/investment_policy_pension_fund_circle/,(iframe) -> לדלג לתוכן,https://amitim.com/keren/investment_policy_pension_fund_circle/
2026-10-05T21:58:41+00:00,520022351,"נתיב קרן הפנסיה של פועלי ועובדי מפעלי משק ההסתדרות בע""מ",text_changed,https://amitim.com/keren/investment_policy_pension_fund_circle/,מקפת -> אודות הקרן,https://amitim.com/keren/about_the_fund_makefet_pension_fund/
2026-10-05T21:58:41+00:00,520022351,"נתיב קרן הפנסיה של פועלי ועובדי מפעלי משק ההסתדרות בע""מ",text_changed,https://amitim.com/keren/investment_policy_pension_fund_circle/,מקפת קופת גמל -> אודות הקרן,https://amitim.com/keren/about_the_fund_makefet_provident_fund/
2026-10-05T21:58:41+00:00,520022351,"נתיב קרן הפנסיה של פועלי ועובדי מפעלי משק ההסתדרות בע""מ",text_changed,https://amitim.com/keren/investment_policy_pension_fund_circle/,חקלאים -> אודות הקרן,https://amitim.com/keren/about_the_fund_farmers_pension_fund/
2026-10-05T21:58:41+00:00,520022351,"נתיב קרן הפנסיה של פועלי ועובדי מפעלי משק ההסתדרות בע""מ",text_changed,https://amitim.com/keren/investment_policy_pension_fund_circle/,בניין -> אודות הקרן,https://amitim.com/keren/about_the_fund_pension_fund_building/
2026-10-05T21:58:41+00:00,520022351,"נתיב קרן הפנסיה של פועלי ועובדי מפעלי משק ההסתדרות בע""מ",text_changed,https://amitim.com/keren/investment_policy_pension_fund_circle/,נתיב -> אודות הקרן,https://amitim.com/keren/about_the_fund_nativ_pension_fund/
2026-10-05T21:58:41+00:00,520022351,"נתיב קרן הפנסיה של פועלי ועובדי מפעלי משק ההסתדרות בע""מ",text_changed,https://amitim.com/keren/investment_policy_pension_fund_circle/,"יצירת קשר מוקד טלפוני - 6667* ימים א'-ה' בין השעות 08:30-16:00 אפליקציית עמיתים כל המידע שנחוץ לך, נגיש בטלפון שלך עקבו אחרינו ברשתות קרנות מבטחים מקפת קג״מ נתיב חקלאים בניין אגד הדסה מידע למעסיקים אי אגד -> אודות הקרן",https://amitim.com/keren/about_the_fund_egged_pension_fund/
2026-10-05T21:58:41+00:00,520022351,"נתיב קרן הפנסיה של פועלי ועובדי מפעלי משק ההסתדרות בע""מ",text_changed,https://amitim.com/keren/investment_policy_pension_fund_circle/,הדסה -> אודות הקרן,https://amitim.com/keren/about-_he_fund_hadassah_pension_fund/
2026-10-05T21:58:41+00:00,520022351,"נתיב קרן הפנסיה של פועלי ועובדי מפעלי משק ההסתדרות בע""מ",text_changed,https://amitim.com/keren/mivtahim-pensia-mediniut-tigmul/,(iframe) -> מדיניות תגמול מנהלי השקעות,https://amitim.com/keren/mivtahim-pensia-mediniut-tigmul/
2026-10-05T21:58:41+00:00,520022351,"נתיב קרן הפנסיה של פועלי ועובדי מפעלי משק ההסתדרות בע""מ",text_changed,https://amitim.com/keren/mivtahim-pensia-mediniut-tigmul/,מבטחים קופת גמל -> אודות הקרן,https://amitim.com/keren/about_the_fund_mivtachim_provident_fund/
2026-10-05T21:58:41+00:00,520022351,"נתיב קרן הפנסיה של פועלי ועובדי מפעלי משק ההסתדרות בע""מ",text_changed,https://amitim.com/keren/mivtahim-pensia-mediniut-tigmul/,מקפת -> אודות הקרן,https://amitim.com/keren/about_the_fund_makefet_pension_fund/
2026-10-05T21:58:41+00:00,520022351,"נתיב קרן הפנסיה של פועלי ועובדי מפעלי משק ההסתדרות בע""מ",text_changed,https://amitim.com/keren/mivtahim-pensia-mediniut-tigmul/,חקלאים -> אודות הקרן,https://amitim.com/keren/about_the_fund_farmers_pension_fund/
2026-10-05T21:58:41+00:00,520022351,"נתיב קרן הפנסיה של פועלי ועובדי מפעלי משק ההסתדרות בע""מ",text_changed,https://amitim.com/keren/mivtahim-pensia-mediniut-tigmul/,בניין -> אודות הקרן,https://amitim.com/keren/about_the_fund_pension_fund_building/
2026-10-05T21:58:41+00:00,520022351,"נתיב קרן הפנסיה של פועלי ועובדי מפעלי משק ההסתדרות בע""מ",text_changed,https://amitim.com/keren/mivtahim-pensia-mediniut-tigmul/,נתיב -> אודות הקרן,https://amitim.com/keren/about_the_fund_nativ_pension_fund/
2026-10-05T21:58:41+00:00,520022351,"נתיב קרן הפנסיה של פועלי ועובדי מפעלי משק ההסתדרות בע""מ",text_changed,https://amitim.com/keren/mivtahim-pensia-mediniut-tigmul/,"יצירת קשר מוקד טלפוני - 6667* ימים א'-ה' בין השעות 08:30-16:00 אפליקציית עמיתים כל המידע שנחוץ לך, נגיש בטלפון שלך עקבו אחרינו ברשתות קרנות מבטחים מקפת קג״מ נתיב חקלאים בניין אגד הדסה מידע למעסיקים אי אגד -> אודות הקרן",https://amitim.com/keren/about_the_fund_egged_pension_fund/
2026-10-05T21:58:41+00:00,520022351,"נתיב קרן הפנסיה של פועלי ועובדי מפעלי משק ההסתדרות בע""מ",text_changed,https://amitim.com/keren/mivtahim-pensia-mediniut-tigmul/,הדסה -> אודות הקרן,https://amitim.com/keren/about-_he_fund_hadassah_pension_fund/
2026-10-05T21:58:41+00:00,520022351,"נתיב קרן הפנסיה של פועלי ועובדי מפעלי משק ההסתדרות בע""מ",text_changed,https://amitim.com/keren/investment_policy_provident_fund_building//,מדיניות השקעה -> עב,https://amitim.com/keren/investment_policy_provident_fund_building/
2026-10-05T21:58:41+00:00,520022351,"נתיב קרן הפנסיה של פועלי ועובדי מפעלי משק ההסתדרות בע""מ",text_changed,https://amitim.com/keren/investment_policy_provident_fund_building//,נכסי הקרן -> נכסי הקופה,https://amitim.com/keren/fund_assets_provident_fund_building/
2026-10-05T21:58:41+00:00,520022351,"נתיב קרן הפנסיה של פועלי ועובדי מפעלי משק ההסתדרות בע""מ",text_changed,https://amitim.com/keren/investment_policy_provident_fund_building//,מדיניות השקעה -> לדלג לתוכן,https://amitim.com/keren/investment_policy_provident_fund_building//
2026-10-05T21:58:41+00:00,520022351,"נתיב קרן הפנסיה של פועלי ועובדי מפעלי משק ההסתדרות בע""מ",text_changed,https://amitim.com/keren/investment_policy_provident_fund_building//,מקפת -> אודות הקרן,https://amitim.com/keren/about_the_fund_makefet_pension_fund/
2026-10-05T21:58:41+00:00,520022351,"נתיב קרן הפנסיה של פועלי ועובדי מפעלי משק ההסתדרות בע""מ",text_changed,https://amitim.com/keren/investment_policy_provident_fund_building//,חקלאים -> אודות הקרן,https://amitim.com/keren/about_the_fund_farmers_pension_fund/
2026-10-05T21:58:41+00:00,520022351,"נתיב קרן הפנסיה של פועלי ועובדי מפעלי משק ההסתדרות בע""מ",text_changed,https://amitim.com/keren/investment_policy_provident_fund_building//,בניין -> אודות הקרן,https://amitim.com/keren/about_the_fund_pension_fund_building/
2026-10-05T21:58:41+00:00,520022351,"נתיב קרן הפנסיה של פועלי ועובדי מפעלי משק ההסתדרות בע""מ",text_changed,https://amitim.com/keren/investment_policy_provident_fund_building//,נתיב -> אודות הקרן,https://amitim.com/keren/about_the_fund_nativ_pension_fund/
2026-10-05T21:58:41+00:00,520022351,"נתיב קרן הפנסיה של פועלי ועובדי מפעלי משק ההסתדרות בע""מ",text_changed,https://amitim.com/keren/investment_policy_provident_fund_building//,אגד -> אודות הקרן,https://amitim.com/keren/about_the_fund_egged_pension_fund/
2026-10-05T21:58:41+00:00,520022351,"נתיב קרן הפנסיה של פועלי ועובדי מפעלי משק ההסתדרות בע""מ",text_changed,https://amitim.com/keren/investment_policy_provident_fund_building//,הדסה -> אודות הקרן,https://amitim.com/keren/about-_he_fund_hadassah_pension_fund/
2026-10-05T21:58:41+00:00,520022351,"נתיב קרן הפנסיה של פועלי ועובדי מפעלי משק ההסתדרות בע""מ",text_changed,https://amitim.com/keren/investment_policy_provident_fund_building//,בניין קופת גמל -> אודות הקופה,https://amitim.com/keren/about_the_fund_provident_fund_building/
2026-10-05T21:58:41+00:00,520022351,"נתיב קרן הפנסיה של פועלי ועובדי מפעלי משק ההסתדרות בע""מ",text_changed,https://amitim.com/keren/investment_policy_nativ_pension_fund/m/keren/about_the_fund_kgm_pension_fund/,קגמ קרן פנסיה -> עב,https://amitim.com/keren/about_the_fund_kgm_pension_fund/
2026-10-05T21:58:41+00:00,520022351,"נתיב קרן הפנסיה של פועלי ועובדי מפעלי משק ההסתדרות בע""מ",text_changed,https://amitim.com/keren/investment_policy_nativ_pension_fund/m/keren/about_the_fund_kgm_pension_fund/,מקפת -> אודות הקרן,https://amitim.com/keren/about_the_fund_makefet_pension_fund/
2026-10-05T21:58:41+00:00,520022351,"נתיב קרן הפנסיה של פועלי ועובדי מפעלי משק ההסתדרות בע""מ",text_changed,https://amitim.com/keren/investment_policy_nativ_pension_fund/m/keren/about_the_fund_kgm_pension_fund/,חקלאים -> אודות הקרן,https://amitim.com/keren/about_the_fund_farmers_pension_fund/
2026-10-05T21:58:41+00:00,520022351,"נתיב קרן הפנסיה של פועלי ועובדי מפעלי משק ההסתדרות בע""מ",text_changed,https://amitim.com/keren/investment_policy_nativ_pension_fund/m/keren/about_the_fund_kgm_pension_fund/,בניין -> אודות הקרן,https://amitim.com/keren/about_the_fund_pension_fund_building/
2026-10-05T21:58:41+00:00,520022351,"נתיב קרן הפנסיה של פועלי ועובדי מפעלי משק ההסתדרות בע""מ",text_changed,https://amitim.com/keren/investment_policy_nativ_pension_fund/m/keren/about_the_fund_kgm_pension_fund/,נתיב -> אודות הקרן,https://amitim.com/keren/about_the_fund_nativ_pension_fund/
2026-10-05T21:58:41+00:00,520022351,"נתיב קרן הפנסיה של פועלי ועובדי מפעלי משק ההסתדרות בע""מ",text_changed,https://amitim.com/keren/investment_policy_nativ_pension_fund/m/keren/about_the_fund_kgm_pension_fund/,אגד -> אודות הקרן,https://amitim.com/keren/about_the_fund_egged_pension_fund/
2026-10-05T21:58:41+00:00,520022351,"נתיב קרן הפנסיה של פועלי ועובדי מפעלי משק ההסתדרות בע""מ",text_changed,https://amitim.com/keren/investment_policy_nativ_pension_fund/m/keren/about_the_fund_kgm_pension_fund/,הדסה -> אודות הקרן,https://amitim.com/keren/about-_he_fund_hadassah_pension_fund/
2026-10-05T21:58:41+00:00,520022351,"נתיב קרן הפנסיה של פועלי ועובדי מפעלי משק ההסתדרות בע""מ",text_changed,https://amitim.com/keren/investment_policy_egged_pension_fund/m/keren/about_the_fund_kgm_pension_fund/,קגמ קרן פנסיה -> עב,https://amitim.com/keren/about_the_fund_kgm_pension_fund/
2026-10-05T21:58:41+00:00,520022351,"נתיב קרן הפנסיה של פועלי ועובדי מפעלי משק ההסתדרות בע""מ",text_changed,https://amitim.com/keren/investment_policy_egged_pension_fund/m/keren/about_the_fund_kgm_pension_fund/,מקפת -> אודות הקרן,https://amitim.com/keren/about_the_fund_makefet_pension_fund/
2026-10-05T21:58:41+00:00,520022351,"נתיב קרן הפנסיה של פועלי ועובדי מפעלי משק ההסתדרות בע""מ",text_changed,https://amitim.com/keren/investment_policy_egged_pension_fund/m/keren/about_the_fund_kgm_pension_fund/,חקלאים -> אודות הקרן,https://amitim.com/keren/about_the_fund_farmers_pension_fund/
2026-10-05T21:58:41+00:00,520022351,"נתיב קרן הפנסיה של פועלי ועובדי מפעלי משק ההסתדרות בע""מ",text_changed,https://amitim.com/keren/investment_policy_egged_pension_fund/m/keren/about_the_fund_kgm_pension_fund/,בניין -> אודות הקרן,https://amitim.com/keren/about_the_fund_pension_fund_building/
2026-10-05T21:58:41+00:00,520022351,"נתיב קרן הפנסיה של פועלי ועובדי מפעלי משק ההסתדרות בע""מ",text_changed,https://amitim.com/keren/investment_policy_egged_pension_fund/m/keren/about_the_fund_kgm_pension_fund/,נתיב -> אודות הקרן,https://amitim.com/keren/about_the_fund_nativ_pension_fund/
2026-10-05T21:58:41+00:00,520022351,"נתיב קרן הפנסיה של פועלי ועובדי מפעלי משק ההסתדרות בע""מ",text_changed,https://amitim.com/keren/investment_policy_egged_pension_fund/m/keren/about_the_fund_kgm_pension_fund/,אגד -> אודות הקרן,https://amitim.com/keren/about_the_fund_egged_pension_fund/
2026-10-05T21:58:41+00:00,520022351,"נתיב קרן הפנסיה של פועלי ועובדי מפעלי משק ההסתדרות בע""מ",text_changed,https://amitim.com/keren/investment_policy_egged_pension_fund/m/keren/about_the_fund_kgm_pension_fund/,הדסה -> אודות הקרן,https://amitim.com/keren/about-_he_fund_hadassah_pension_fund/
2026-10-05T21:58:41+00:00,520022351,"נתיב קרן הפנסיה של פועלי ועובדי מפעלי משק ההסתדרות בע""מ",text_changed,https://amitim.com/keren/investment_policy_hadassah_pension_fund/m/keren/about_the_fund_kgm_pension_fund/,קגמ קרן פנסיה -> עב,https://amitim.com/keren/about_the_fund_kgm_pension_fund/
2026-10-05T21:58:41+00:00,520022351,"נתיב קרן הפנסיה של פועלי ועובדי מפעלי משק ההסתדרות בע""מ",text_changed,https://amitim.com/keren/investment_policy_hadassah_pension_fund/m/keren/about_the_fund_kgm_pension_fund/,מקפת -> אודות הקרן,https://amitim.com/keren/about_the_fund_makefet_pension_fund/
2026-10-05T21:58:41+00:00,520022351,"נתיב קרן הפנסיה של פועלי ועובדי מפעלי משק ההסתדרות בע""מ",text_changed,https://amitim.com/keren/investment_policy_hadassah_pension_fund/m/keren/about_the_fund_kgm_pension_fund/,חקלאים -> אודות הקרן,https://amitim.com/keren/about_the_fund_farmers_pension_fund/
2026-10-05T21:58:41+00:00,520022351,"נתיב קרן הפנסיה של פועלי ועובדי מפעלי משק ההסתדרות בע""מ",text_changed,https://amitim.com/keren/investment_policy_hadassah_pension_fund/m/keren/about_the_fund_kgm_pension_fund/,בניין -> אודות הקרן,https://amitim.com/keren/about_the_fund_pension_fund_building/
2026-10-05T21:58:41+00:00,520022351,"נתיב קרן הפנסיה של פועלי ועובדי מפעלי משק ההסתדרות בע""מ",text_changed,https://amitim.com/keren/investment_policy_hadassah_pension_fund/m/keren/about_the_fund_kgm_pension_fund/,נתיב -> אודות הקרן,https://amitim.com/keren/about_the_fund_nativ_pension_fund/
2026-10-05T21:58:41+00:00,520022351,"נתיב קרן הפנסיה של פועלי ועובדי מפעלי משק ההסתדרות בע""מ",text_changed,https://amitim.com/keren/investment_policy_hadassah_pension_fund/m/keren/about_the_fund_kgm_pension_fund/,אגד -> אודות הקרן,https://amitim.com/keren/about_the_fund_egged_pension_fund/
2026-10-05T21:58:41+00:00,520022351,"נתיב קרן הפנסיה של פועלי ועובדי מפעלי משק ההסתדרות בע""מ",text_changed,https://amitim.com/keren/investment_policy_hadassah_pension_fund/m/keren/about_the_fund_kgm_pension_fund/,הדסה -> אודות הקרן,https://amitim.com/keren/about-_he_fund_hadassah_pension_fund/
2026-10-05T21:58:41+00:00,520022351,"נתיב קרן הפנסיה של פועלי ועובדי מפעלי משק ההסתדרות בע""מ",text_changed,https://amitim.com/keren/investment_policy_provident_insurance/m/keren/about_the_fund_kgm_pension_fund/,קגמ קרן פנסיה -> עב,https://amitim.com/keren/about_the_fund_kgm_pension_fund/
2026-10-05T21:58:41+00:00,520022351,"נתיב קרן הפנסיה של פועלי ועובדי מפעלי משק ההסתדרות בע""מ",text_changed,https://amitim.com/keren/investment_policy_provident_insurance/m/keren/about_the_fund_kgm_pension_fund/,מקפת -> אודות הקרן,https://amitim.com/keren/about_the_fund_makefet_pension_fund/
2026-10-05T21:58:41+00:00,520022351,"נתיב קרן הפנסיה של פועלי ועובדי מפעלי משק ההסתדרות בע""מ",text_changed,https://amitim.com/keren/investment_policy_provident_insurance/m/keren/about_the_fund_kgm_pension_fund/,חקלאים -> אודות הקרן,https://amitim.com/keren/about_the_fund_farmers_pension_fund/
2026-10-05T21:58:41+00:00,520022351,"נתיב קרן הפנסיה של פועלי ועובדי מפעלי משק ההסתדרות בע""מ",text_changed,https://amitim.com/keren/investment_policy_provident_insurance/m/keren/about_the_fund_kgm_pension_fund/,בניין -> אודות הקרן,https://amitim.com/keren/about_the_fund_pension_fund_building/
2026-10-05T21:58:41+00:00,520022351,"נתיב קרן הפנסיה של פועלי ועובדי מפעלי משק ההסתדרות בע""מ",text_changed,https://amitim.com/keren/investment_policy_provident_insurance/m/keren/about_the_fund_kgm_pension_fund/,נתיב -> אודות הקרן,https://amitim.com/keren/about_the_fund_nativ_pension_fund/
2026-10-05T21:58:41+00:00,520022351,"נתיב קרן הפנסיה של פועלי ועובדי מפעלי משק ההסתדרות בע""מ",text_changed,https://amitim.com/keren/investment_policy_provident_insurance/m/keren/about_the_fund_kgm_pension_fund/,אגד -> אודות הקרן,https://amitim.com/keren/about_the_fund_egged_pension_fund/
2026-10-05T21:58:41+00:00,520022351,"נתיב קרן הפנסיה של פועלי ועובדי מפעלי משק ההסתדרות בע""מ",text_changed,https://amitim.com/keren/investment_policy_provident_insurance/m/keren/about_the_fund_kgm_pension_fund/,הדסה -> אודות הקרן,https://amitim.com/keren/about-_he_fund_hadassah_pension_fund/
2026-10-05T21:58:41+00:00,520022351,"נתיב קרן הפנסיה של פועלי ועובדי מפעלי משק ההסתדרות בע""מ",text_changed,https://amitim.com/keren/investment_policy_makefet_provident_fund/m/keren/about_the_fund_kgm_pension_fund/,קגמ קרן פנסיה -> עב,https://amitim.com/keren/about_the_fund_kgm_pension_fund/
2026-10-05T21:58:41+00:00,520022351,"נתיב קרן הפנסיה של פועלי ועובדי מפעלי משק ההסתדרות בע""מ",text_changed,https://amitim.com/keren/investment_policy_makefet_provident_fund/m/keren/about_the_fund_kgm_pension_fund/,מקפת -> אודות הקרן,https://amitim.com/keren/about_the_fund_makefet_pension_fund/
2026-10-05T21:58:41+00:00,520022351,"נתיב קרן הפנסיה של פועלי ועובדי מפעלי משק ההסתדרות בע""מ",text_changed,https://amitim.com/keren/investment_policy_makefet_provident_fund/m/keren/about_the_fund_kgm_pension_fund/,חקלאים -> אודות הקרן,https://amitim.com/keren/about_the_fund_farmers_pension_fund/
2026-10-05T21:58:41+00:00,520022351,"נתיב קרן הפנסיה של פועלי ועובדי מפעלי משק ההסתדרות בע""מ",text_changed,https://amitim.com/keren/investment_policy_makefet_provident_fund/m/keren/about_the_fund_kgm_pension_fund/,בניין -> אודות הקרן,https://amitim.com/keren/about_the_fund_pension_fund_building/
2026-10-05T21:58:41+00:00,520022351,"נתיב קרן הפנסיה של פועלי ועובדי מפעלי משק ההסתדרות בע""מ",text_changed,https://amitim.com/keren/investment_policy_makefet_provident_fund/m/keren/about_the_fund_kgm_pension_fund/,נתיב -> אודות הקרן,https://amitim.com/keren/about_the_fund_nativ_pension_fund/
2026-10-05T21:58:41+00:00,520022351,"נתיב קרן הפנסיה של פועלי ועובדי מפעלי משק ההסתדרות בע""מ",text_changed,https://amitim.com/keren/investment_policy_makefet_provident_fund/m/keren/about_the_fund_kgm_pension_fund/,אגד -> אודות הקרן,https://amitim.com/keren/about_the_fund_egged_pension_fund/
2026-10-05T21:58:41+00:00,520022351,"נתיב קרן הפנסיה של פועלי ועובדי מפעלי משק ההסתדרות בע""מ",text_changed,https://amitim.com/keren/investment_policy_makefet_provident_fund/m/keren/about_the_fund_kgm_pension_fund/,הדסה -> אודות הקרן,https://amitim.com/keren/about-_he_fund_hadassah_pension_fund/
2026-10-05T21:58:41+00:00,520022351,"נתיב קרן הפנסיה של פועלי ועובדי מפעלי משק ההסתדרות בע""מ",text_changed,https://amitim.com/keren/investment_policy_farmers_pension_fund/m/keren/about_the_fund_kgm_pension_fund/,קגמ קרן פנסיה -> עב,https://amitim.com/keren/about_the_fund_kgm_pension_fund/
2026-10-05T21:58:41+00:00,520022351,"נתיב קרן הפנסיה של פועלי ועובדי מפעלי משק ההסתדרות בע""מ",text_changed,https://amitim.com/keren/investment_policy_farmers_pension_fund/m/keren/about_the_fund_kgm_pension_fund/,מקפת -> אודות הקרן,https://amitim.com/keren/about_the_fund_makefet_pension_fund/
2026-10-05T21:58:41+00:00,520022351,"נתיב קרן הפנסיה של פועלי ועובדי מפעלי משק ההסתדרות בע""מ",text_changed,https://amitim.com/keren/investment_policy_farmers_pension_fund/m/keren/about_the_fund_kgm_pension_fund/,חקלאים -> אודות הקרן,https://amitim.com/keren/about_the_fund_farmers_pension_fund/
2026-10-05T21:58:41+00:00,520022351,"נתיב קרן הפנסיה של פועלי ועובדי מפעלי משק ההסתדרות בע""מ",text_changed,https://amitim.com/keren/investment_policy_farmers_pension_fund/m/keren/about_the_fund_kgm_pension_fund/,בניין -> אודות הקרן,https://amitim.com/keren/about_the_fund_pension_fund_building/
2026-10-05T21:58:41+00:00,520022351,"נתיב קרן הפנסיה של פועלי ועובדי מפעלי משק ההסתדרות בע""מ",text_changed,https://amitim.com/keren/investment_policy_farmers_pension_fund/m/keren/about_the_fund_kgm_pension_fund/,נתיב -> אודות הקרן,https://amitim.com/keren/about_the_fund_nativ_pension_fund/
2026-10-05T21:58:41+00:00,520022351,"נתיב קרן הפנסיה של פועלי ועובדי מפעלי משק ההסתדרות בע""מ",text_changed,https://amitim.com/keren/investment_policy_farmers_pension_fund/m/keren/about_the_fund_kgm_pension_fund/,אגד -> אודות הקרן,https://amitim.com/keren/about_the_fund_egged_pension_fund/
2026-10-05T21:58:41+00:00,520022351,"נתיב קרן הפנסיה של פועלי ועובדי מפעלי משק ההסתדרות בע""מ",text_changed,https://amitim.com/keren/investment_policy_farmers_pension_fund/m/keren/about_the_fund_kgm_pension_fund/,הדסה -> אודות הקרן,https://amitim.com/keren/about-_he_fund_hadassah_pension_fund/
2026-10-05T21:58:41+00:00,520022351,"נתיב קרן הפנסיה של פועלי ועובדי מפעלי משק ההסתדרות בע""מ",text_changed,https://amitim.com/keren/investment_policy_farmers_provident_fund/m/keren/about_the_fund_kgm_pension_fund/,קגמ קרן פנסיה -> עב,https://amitim.com/keren/about_the_fund_kgm_pension_fund/
2026-10-05T21:58:41+00:00,520022351,"נתיב קרן הפנסיה של פועלי ועובדי מפעלי משק ההסתדרות בע""מ",text_changed,https://amitim.com/keren/investment_policy_farmers_provident_fund/m/keren/about_the_fund_kgm_pension_fund/,מקפת -> אודות הקרן,https://amitim.com/keren/about_the_fund_makefet_pension_fund/
2026-10-05T21:58:41+00:00,520022351,"נתיב קרן הפנסיה של פועלי ועובדי מפעלי משק ההסתדרות בע""מ",text_changed,https://amitim.com/keren/investment_policy_farmers_provident_fund/m/keren/about_the_fund_kgm_pension_fund/,חקלאים -> אודות הקרן,https://amitim.com/keren/about_the_fund_farmers_pension_fund/
2026-10-05T21:58:41+00:00,520022351,"נתיב קרן הפנסיה של פועלי ועובדי מפעלי משק ההסתדרות בע""מ",text_changed,https://amitim.com/keren/investment_policy_farmers_provident_fund/m/keren/about_the_fund_kgm_pension_fund/,בניין -> אודות הקרן,https://amitim.com/keren/about_the_fund_pension_fund_building/
2026-10-05T21:58:41+00:00,520022351,"נתיב קרן הפנסיה של פועלי ועובדי מפעלי משק ההסתדרות בע""מ",text_changed,https://amitim.com/keren/investment_policy_farmers_provident_fund/m/keren/about_the_fund_kgm_pension_fund/,נתיב -> אודות הקרן,https://amitim.com/keren/about_the_fund_nativ_pension_fund/
2026-10-05T21:58:41+00:00,520022351,"נתיב קרן הפנסיה של פועלי ועובדי מפעלי משק ההסתדרות בע""מ",text_changed,https://amitim.com/keren/investment_policy_farmers_provident_fund/m/keren/about_the_fund_kgm_pension_fund/,אגד -> אודות הקרן,https://amitim.com/keren/about_the_fund_egged_pension_fund/
2026-10-05T21:58:41+00:00,520022351,"נתיב קרן הפנסיה של פועלי ועובדי מפעלי משק ההסתדרות בע""מ",text_changed,https://amitim.com/keren/investment_policy_farmers_provident_fund/m/keren/about_the_fund_kgm_pension_fund/,הדסה -> אודות הקרן,https://amitim.com/keren/about-_he_fund_hadassah_pension_fund/
2026-10-05T21:58:41+00:00,520022351,"נתיב קרן הפנסיה של פועלי ועובדי מפעלי משק ההסתדרות בע""מ",text_changed,https://amitim.com/keren/investment_policy_building_a_pension_fund/m/keren/about_the_fund_kgm_pension_fund/,קגמ קרן פנסיה -> עב,https://amitim.com/keren/about_the_fund_kgm_pension_fund/
2026-10-05T21:58:41+00:00,520022351,"נתיב קרן הפנסיה של פועלי ועובדי מפעלי משק ההסתדרות בע""מ",text_changed,https://amitim.com/keren/investment_policy_building_a_pension_fund/m/keren/about_the_fund_kgm_pension_fund/,מקפת -> אודות הקרן,https://amitim.com/keren/about_the_fund_makefet_pension_fund/
2026-10-05T21:58:41+00:00,520022351,"נתיב קרן הפנסיה של פועלי ועובדי מפעלי משק ההסתדרות בע""מ",text_changed,https://amitim.com/keren/investment_policy_building_a_pension_fund/m/keren/about_the_fund_kgm_pension_fund/,חקלאים -> אודות הקרן,https://amitim.com/keren/about_the_fund_farmers_pension_fund/
2026-10-05T21:58:41+00:00,520022351,"נתיב קרן הפנסיה של פועלי ועובדי מפעלי משק ההסתדרות בע""מ",text_changed,https://amitim.com/keren/investment_policy_building_a_pension_fund/m/keren/about_the_fund_kgm_pension_fund/,בניין -> אודות הקרן,https://amitim.com/keren/about_the_fund_pension_fund_building/
2026-10-05T21:58:41+00:00,520022351,"נתיב קרן הפנסיה של פועלי ועובדי מפעלי משק ההסתדרות בע""מ",text_changed,https://amitim.com/keren/investment_policy_building_a_pension_fund/m/keren/about_the_fund_kgm_pension_fund/,נתיב -> אודות הקרן,https://amitim.com/keren/about_the_fund_nativ_pension_fund/
2026-10-05T21:58:41+00:00,520022351,"נתיב קרן הפנסיה של פועלי ועובדי מפעלי משק ההסתדרות בע""מ",text_changed,https://amitim.com/keren/investment_policy_building_a_pension_fund/m/keren/about_the_fund_kgm_pension_fund/,אגד -> אודות הקרן,https://amitim.com/keren/about_the_fund_egged_pension_fund/
2026-10-05T21:58:41+00:00,520022351,"נתיב קרן הפנסיה של פועלי ועובדי מפעלי משק ההסתדרות בע""מ",text_changed,https://amitim.com/keren/investment_policy_building_a_pension_fund/m/keren/about_the_fund_kgm_pension_fund/,הדסה -> אודות הקרן,https://amitim.com/keren/about-_he_fund_hadassah_pension_fund/
2026-10-05T21:58:41+00:00,520022351,"נתיב קרן הפנסיה של פועלי ועובדי מפעלי משק ההסתדרות בע""מ",text_changed,https://amitim.com/keren/investment_policy_provident_fund_building/m/keren/about_the_fund_kgm_pension_fund/,קגמ קרן פנסיה -> עב,https://amitim.com/keren/about_the_fund_kgm_pension_fund/
2026-10-05T21:58:41+00:00,520022351,"נתיב קרן הפנסיה של פועלי ועובדי מפעלי משק ההסתדרות בע""מ",text_changed,https://amitim.com/keren/investment_policy_provident_fund_building/m/keren/about_the_fund_kgm_pension_fund/,מקפת -> אודות הקרן,https://amitim.com/keren/about_the_fund_makefet_pension_fund/
2026-10-05T21:58:41+00:00,520022351,"נתיב קרן הפנסיה של פועלי ועובדי מפעלי משק ההסתדרות בע""מ",text_changed,https://amitim.com/keren/investment_policy_provident_fund_building/m/keren/about_the_fund_kgm_pension_fund/,חקלאים -> אודות הקרן,https://amitim.com/keren/about_the_fund_farmers_pension_fund/
2026-10-05T21:58:41+00:00,520022351,"נתיב קרן הפנסיה של פועלי ועובדי מפעלי משק ההסתדרות בע""מ",text_changed,https://amitim.com/keren/investment_policy_provident_fund_building/m/keren/about_the_fund_kgm_pension_fund/,בניין -> אודות הקרן,https://amitim.com/keren/about_the_fund_pension_fund_building/
2026-10-05T21:58:41+00:00,520022351,"נתיב קרן הפנסיה של פועלי ועובדי מפעלי משק ההסתדרות בע""מ",text_changed,https://amitim.com/keren/investment_policy_provident_fund_building/m/keren/about_the_fund_kgm_pension_fund/,נתיב -> אודות הקרן,https://amitim.com/keren/about_the_fund_nativ_pension_fund/
2026-10-05T21:58:41+00:00,520022351,"נתיב קרן הפנסיה של פועלי ועובדי מפעלי משק ההסתדרות בע""מ",text_changed,https://amitim.com/keren/investment_policy_provident_fund_building/m/keren/about_the_fund_kgm_pension_fund/,אגד -> אודות הקרן,https://amitim.com/keren/about_the_fund_egged_pension_fund/
2026-10-05T21:58:41+00:00,520022351,"נתיב קרן הפנסיה של פועלי ועובדי מפעלי משק ההסתדרות בע""מ",text_changed,https://amitim.com/keren/investment_policy_provident_fund_building/m/keren/about_the_fund_kgm_pension_fund/,הדסה -> אודות הקרן,https://amitim.com/keren/about-_he_fund_hadassah_pension_fund/
2026-10-05T21:58:41+00:00,520022351,"נתיב קרן הפנסיה של פועלי ועובדי מפעלי משק ההסתדרות בע""מ",text_changed,https://amitim.com/keren/investment_policy_kgm_pension_fund/m/keren/about_the_fund_kgm_pension_fund/,קגמ קרן פנסיה -> עב,https://amitim.com/keren/about_the_fund_kgm_pension_fund/
2026-10-05T21:58:41+00:00,520022351,"נתיב קרן הפנסיה של פועלי ועובדי מפעלי משק ההסתדרות בע""מ",text_changed,https://amitim.com/keren/investment_policy_kgm_pension_fund/m/keren/about_the_fund_kgm_pension_fund/,מקפת -> אודות הקרן,https://amitim.com/keren/about_the_fund_makefet_pension_fund/
2026-10-05T21:58:41+00:00,520022351,"נתיב קרן הפנסיה של פועלי ועובדי מפעלי משק ההסתדרות בע""מ",text_changed,https://amitim.com/keren/investment_policy_kgm_pension_fund/m/keren/about_the_fund_kgm_pension_fund/,חקלאים -> אודות הקרן,https://amitim.com/keren/about_the_fund_farmers_pension_fund/
2026-10-05T21:58:41+00:00,520022351,"נתיב קרן הפנסיה של פועלי ועובדי מפעלי משק ההסתדרות בע""מ",text_changed,https://amitim.com/keren/investment_policy_kgm_pension_fund/m/keren/about_the_fund_kgm_pension_fund/,בניין -> אודות הקרן,https://amitim.com/keren/about_the_fund_pension_fund_building/
2026-10-05T21:58:41+00:00,520022351,"נתיב קרן הפנסיה של פועלי ועובדי מפעלי משק ההסתדרות בע""מ",text_changed,https://amitim.com/keren/investment_policy_kgm_pension_fund/m/keren/about_the_fund_kgm_pension_fund/,נתיב -> אודות הקרן,https://amitim.com/keren/about_the_fund_nativ_pension_fund/
2026-10-05T21:58:41+00:00,520022351,"נתיב קרן הפנסיה של פועלי ועובדי מפעלי משק ההסתדרות בע""מ",text_changed,https://amitim.com/keren/investment_policy_kgm_pension_fund/m/keren/about_the_fund_kgm_pension_fund/,אגד -> אודות הקרן,https://amitim.com/keren/about_the_fund_egged_pension_fund/
2026-10-05T21:58:41+00:00,520022351,"נתיב קרן הפנסיה של פועלי ועובדי מפעלי משק ההסתדרות בע""מ",text_changed,https://amitim.com/keren/investment_policy_kgm_pension_fund/m/keren/about_the_fund_kgm_pension_fund/,הדסה -> אודות הקרן,https://amitim.com/keren/about-_he_fund_hadassah_pension_fund/
2026-10-05T21:58:41+00:00,520022351,"נתיב קרן הפנסיה של פועלי ועובדי מפעלי משק ההסתדרות בע""מ",text_changed,https://amitim.com/keren/investment_policy_pension_insurers/m/keren/about_the_fund_kgm_pension_fund/,קגמ קרן פנסיה -> עב,https://amitim.com/keren/about_the_fund_kgm_pension_fund/
2026-10-05T21:58:41+00:00,520022351,"נתיב קרן הפנסיה של פועלי ועובדי מפעלי משק ההסתדרות בע""מ",text_changed,https://amitim.com/keren/investment_policy_pension_insurers/m/keren/about_the_fund_kgm_pension_fund/,מקפת -> אודות הקרן,https://amitim.com/keren/about_the_fund_makefet_pension_fund/
2026-10-05T21:58:41+00:00,520022351,"נתיב קרן הפנסיה של פועלי ועובדי מפעלי משק ההסתדרות בע""מ",text_changed,https://amitim.com/keren/investment_policy_pension_insurers/m/keren/about_the_fund_kgm_pension_fund/,חקלאים -> אודות הקרן,https://amitim.com/keren/about_the_fund_farmers_pension_fund/
2026-10-05T21:58:41+00:00,520022351,"נתיב קרן הפנסיה של פועלי ועובדי מפעלי משק ההסתדרות בע""מ",text_changed,https://amitim.com/keren/investment_policy_pension_insurers/m/keren/about_the_fund_kgm_pension_fund/,בניין -> אודות הקרן,https://amitim.com/keren/about_the_fund_pension_fund_building/
2026-10-05T21:58:41+00:00,520022351,"נתיב קרן הפנסיה של פועלי ועובדי מפעלי משק ההסתדרות בע""מ",text_changed,https://amitim.com/keren/investment_policy_pension_insurers/m/keren/about_the_fund_kgm_pension_fund/,נתיב -> אודות הקרן,https://amitim.com/keren/about_the_fund_nativ_pension_fund/
2026-10-05T21:58:41+00:00,520022351,"נתיב קרן הפנסיה של פועלי ועובדי מפעלי משק ההסתדרות בע""מ",text_changed,https://amitim.com/keren/investment_policy_pension_insurers/m/keren/about_the_fund_kgm_pension_fund/,אגד -> אודות הקרן,https://amitim.com/keren/about_the_fund_egged_pension_fund/
2026-10-05T21:58:41+00:00,520022351,"נתיב קרן הפנסיה של פועלי ועובדי מפעלי משק ההסתדרות בע""מ",text_changed,https://amitim.com/keren/investment_policy_pension_insurers/m/keren/about_the_fund_kgm_pension_fund/,הדסה -> אודות הקרן,https://amitim.com/keren/about-_he_fund_hadassah_pension_fund/
2026-10-05T21:58:41+00:00,520022351,"נתיב קרן הפנסיה של פועלי ועובדי מפעלי משק ההסתדרות בע""מ",text_changed,https://amitim.com/keren/investment_policy_pension_fund_circle/m/keren/about_the_fund_kgm_pension_fund/,קגמ קרן פנסיה -> עב,https://amitim.com/keren/about_the_fund_kgm_pension_fund/
2026-10-05T21:58:41+00:00,520022351,"נתיב קרן הפנסיה של פועלי ועובדי מפעלי משק ההסתדרות בע""מ",text_changed,https://amitim.com/keren/investment_policy_pension_fund_circle/m/keren/about_the_fund_kgm_pension_fund/,מקפת -> אודות הקרן,https://amitim.com/keren/about_the_fund_makefet_pension_fund/
2026-10-05T21:58:41+00:00,520022351,"נתיב קרן הפנסיה של פועלי ועובדי מפעלי משק ההסתדרות בע""מ",text_changed,https://amitim.com/keren/investment_policy_pension_fund_circle/m/keren/about_the_fund_kgm_pension_fund/,חקלאים -> אודות הקרן,https://amitim.com/keren/about_the_fund_farmers_pension_fund/
2026-10-05T21:58:41+00:00,520022351,"נתיב קרן הפנסיה של פועלי ועובדי מפעלי משק ההסתדרות בע""מ",text_changed,https://amitim.com/keren/investment_policy_pension_fund_circle/m/keren/about_the_fund_kgm_pension_fund/,בניין -> אודות הקרן,https://amitim.com/keren/about_the_fund_pension_fund_building/
2026-10-05T21:58:41+00:00,520022351,"נתיב קרן הפנסיה של פועלי ועובדי מפעלי משק ההסתדרות בע""מ",text_changed,https://amitim.com/keren/investment_policy_pension_fund_circle/m/keren/about_the_fund_kgm_pension_fund/,נתיב -> אודות הקרן,https://amitim.com/keren/about_the_fund_nativ_pension_fund/
2026-10-05T21:58:41+00:00,520022351,"נתיב קרן הפנסיה של פועלי ועובדי מפעלי משק ההסתדרות בע""מ",text_changed,https://amitim.com/keren/investment_policy_pension_fund_circle/m/keren/about_the_fund_kgm_pension_fund/,אגד -> אודות הקרן,https://amitim.com/keren/about_the_fund_egged_pension_fund/
2026-10-05T21:58:41+00:00,520022351,"נתיב קרן הפנסיה של פועלי ועובדי מפעלי משק ההסתדרות בע""מ",text_changed,https://amitim.com/keren/investment_policy_pension_fund_circle/m/keren/about_the_fund_kgm_pension_fund/,הדסה -> אודות הקרן,https://amitim.com/keren/about-_he_fund_hadassah_pension_fund/
2026-10-05T21:58:41+00:00,520022351,"נתיב קרן הפנסיה של פועלי ועובדי מפעלי משק ההסתדרות בע""מ",text_changed,https://amitim.com/keren/mivtahim-pensia-mediniut-tigmul/m/keren/about_the_fund_kgm_pension_fund/,קגמ קרן פנסיה -> עב,https://amitim.com/keren/about_the_fund_kgm_pension_fund/
2026-10-05T21:58:41+00:00,520022351,"נתיב קרן הפנסיה של פועלי ועובדי מפעלי משק ההסתדרות בע""מ",text_changed,https://amitim.com/keren/mivtahim-pensia-mediniut-tigmul/m/keren/about_the_fund_kgm_pension_fund/,מקפת -> אודות הקרן,https://amitim.com/keren/about_the_fund_makefet_pension_fund/
2026-10-05T21:58:41+00:00,520022351,"נתיב קרן הפנסיה של פועלי ועובדי מפעלי משק ההסתדרות בע""מ",text_changed,https://amitim.com/keren/mivtahim-pensia-mediniut-tigmul/m/keren/about_the_fund_kgm_pension_fund/,חקלאים -> אודות הקרן,https://amitim.com/keren/about_the_fund_farmers_pension_fund/
2026-10-05T21:58:41+00:00,520022351,"נתיב קרן הפנסיה של פועלי ועובדי מפעלי משק ההסתדרות בע""מ",text_changed,https://amitim.com/keren/mivtahim-pensia-mediniut-tigmul/m/keren/about_the_fund_kgm_pension_fund/,בניין -> אודות הקרן,https://amitim.com/keren/about_the_fund_pension_fund_building/
2026-10-05T21:58:41+00:00,520022351,"נתיב קרן הפנסיה של פועלי ועובדי מפעלי משק ההסתדרות בע""מ",text_changed,https://amitim.com/keren/mivtahim-pensia-mediniut-tigmul/m/keren/about_the_fund_kgm_pension_fund/,נתיב -> אודות הקרן,https://amitim.com/keren/about_the_fund_nativ_pension_fund/
2026-10-05T21:58:41+00:00,520022351,"נתיב קרן הפנסיה של פועלי ועובדי מפעלי משק ההסתדרות בע""מ",text_changed,https://amitim.com/keren/mivtahim-pensia-mediniut-tigmul/m/keren/about_the_fund_kgm_pension_fund/,אגד -> אודות הקרן,https://amitim.com/keren/about_the_fund_egged_pension_fund/
2026-10-05T21:58:41+00:00,520022351,"נתיב קרן הפנסיה של פועלי ועובדי מפעלי משק ההסתדרות בע""מ",text_changed,https://amitim.com/keren/mivtahim-pensia-mediniut-tigmul/m/keren/about_the_fund_kgm_pension_fund/,הדסה -> אודות הקרן,https://amitim.com/keren/about-_he_fund_hadassah_pension_fund/
2026-10-05T21:58:41+00:00,520022351,"נתיב קרן הפנסיה של פועלי ועובדי מפעלי משק ההסתדרות בע""מ",text_changed,https://amitim.com/keren/investment_policy_nativ_pension_fund/m/keren/about_the_fund_kgm_pension_fund/m/keren/about_the_fund_kgm_pension_fund/,קגמ קרן פנסיה -> עב,https://amitim.com/keren/about_the_fund_kgm_pension_fund/
2026-10-05T21:58:41+00:00,520022351,"נתיב קרן הפנסיה של פועלי ועובדי מפעלי משק ההסתדרות בע""מ",text_changed,https://amitim.com/keren/investment_policy_nativ_pension_fund/m/keren/about_the_fund_kgm_pension_fund/m/keren/about_the_fund_kgm_pension_fund/,מקפת -> אודות הקרן,https://amitim.com/keren/about_the_fund_makefet_pension_fund/
2026-10-05T21:58:41+00:00,520022351,"נתיב קרן הפנסיה של פועלי ועובדי מפעלי משק ההסתדרות בע""מ",text_changed,https://amitim.com/keren/investment_policy_nativ_pension_fund/m/keren/about_the_fund_kgm_pension_fund/m/keren/about_the_fund_kgm_pension_fund/,חקלאים -> אודות הקרן,https://amitim.com/keren/about_the_fund_farmers_pension_fund/
2026-10-05T21:58:41+00:00,520022351,"נתיב קרן הפנסיה של פועלי ועובדי מפעלי משק ההסתדרות בע""מ",text_changed,https://amitim.com/keren/investment_policy_nativ_pension_fund/m/keren/about_the_fund_kgm_pension_fund/m/keren/about_the_fund_kgm_pension_fund/,בניין -> אודות הקרן,https://amitim.com/keren/about_the_fund_pension_fund_building/
2026-10-05T21:58:41+00:00,520022351,"נתיב קרן הפנסיה של פועלי ועובדי מפעלי משק ההסתדרות בע""מ",text_changed,https://amitim.com/keren/investment_policy_nativ_pension_fund/m/keren/about_the_fund_kgm_pension_fund/m/keren/about_the_fund_kgm_pension_fund/,נתיב -> אודות הקרן,https://amitim.com/keren/about_the_fund_nativ_pension_fund/
2026-10-05T21:58:41+00:00,520022351,"נתיב קרן הפנסיה של פועלי ועובדי מפעלי משק ההסתדרות בע""מ",text_changed,https://amitim.com/keren/investment_policy_nativ_pension_fund/m/keren/about_the_fund_kgm_pension_fund/m/keren/about_the_fund_kgm_pension_fund/,אגד -> אודות הקרן,https://amitim.com/keren/about_the_fund_egged_pension_fund/
2026-10-05T21:58:41+00:00,520022351,"נתיב קרן הפנסיה של פועלי ועובדי מפעלי משק ההסתדרות בע""מ",text_changed,https://amitim.com/keren/investment_policy_nativ_pension_fund/m/keren/about_the_fund_kgm_pension_fund/m/keren/about_the_fund_kgm_pension_fund/,הדסה -> אודות הקרן,https://amitim.com/keren/about-_he_fund_hadassah_pension_fund/
2026-10-05T21:58:41+00:00,520022351,"נתיב קרן הפנסיה של פועלי ועובדי מפעלי משק ההסתדרות בע""מ",text_changed,https://amitim.com/keren/investment_policy_egged_pension_fund/m/keren/about_the_fund_kgm_pension_fund/m/keren/about_the_fund_kgm_pension_fund/,קגמ קרן פנסיה -> עב,https://amitim.com/keren/about_the_fund_kgm_pension_fund/
2026-10-05T21:58:41+00:00,520022351,"נתיב קרן הפנסיה של פועלי ועובדי מפעלי משק ההסתדרות בע""מ",text_changed,https://amitim.com/keren/investment_policy_egged_pension_fund/m/keren/about_the_fund_kgm_pension_fund/m/keren/about_the_fund_kgm_pension_fund/,מקפת -> אודות הקרן,https://amitim.com/keren/about_the_fund_makefet_pension_fund/
2026-10-05T21:58:41+00:00,520022351,"נתיב קרן הפנסיה של פועלי ועובדי מפעלי משק ההסתדרות בע""מ",text_changed,https://amitim.com/keren/investment_policy_egged_pension_fund/m/keren/about_the_fund_kgm_pension_fund/m/keren/about_the_fund_kgm_pension_fund/,חקלאים -> אודות הקרן,https://amitim.com/keren/about_the_fund_farmers_pension_fund/
2026-10-05T21:58:41+00:00,520022351,"נתיב קרן הפנסיה של פועלי ועובדי מפעלי משק ההסתדרות בע""מ",text_changed,https://amitim.com/keren/investment_policy_egged_pension_fund/m/keren/about_the_fund_kgm_pension_fund/m/keren/about_the_fund_kgm_pension_fund/,בניין -> אודות הקרן,https://amitim.com/keren/about_the_fund_pension_fund_building/
2026-10-05T21:58:41+00:00,520022351,"נתיב קרן הפנסיה של פועלי ועובדי מפעלי משק ההסתדרות בע""מ",text_changed,https://amitim.com/keren/investment_policy_egged_pension_fund/m/keren/about_the_fund_kgm_pension_fund/m/keren/about_the_fund_kgm_pension_fund/,נתיב -> אודות הקרן,https://amitim.com/keren/about_the_fund_nativ_pension_fund/
2026-10-05T21:58:41+00:00,520022351,"נתיב קרן הפנסיה של פועלי ועובדי מפעלי משק ההסתדרות בע""מ",text_changed,https://amitim.com/keren/investment_policy_egged_pension_fund/m/keren/about_the_fund_kgm_pension_fund/m/keren/about_the_fund_kgm_pension_fund/,אגד -> אודות הקרן,https://amitim.com/keren/about_the_fund_egged_pension_fund/
2026-10-05T21:58:41+00:00,520022351,"נתיב קרן הפנסיה של פועלי ועובדי מפעלי משק ההסתדרות בע""מ",text_changed,https://amitim.com/keren/investment_policy_egged_pension_fund/m/keren/about_the_fund_kgm_pension_fund/m/keren/about_the_fund_kgm_pension_fund/,הדסה -> אודות הקרן,https://amitim.com/keren/about-_he_fund_hadassah_pension_fund/
2026-10-05T21:58:41+00:00,520022351,"נתיב קרן הפנסיה של פועלי ועובדי מפעלי משק ההסתדרות בע""מ",text_changed,https://amitim.com/keren/investment_policy_hadassah_pension_fund/m/keren/about_the_fund_kgm_pension_fund/m/keren/about_the_fund_kgm_pension_fund/,קגמ קרן פנסיה -> עב,https://amitim.com/keren/about_the_fund_kgm_pension_fund/
2026-10-05T21:58:41+00:00,520022351,"נתיב קרן הפנסיה של פועלי ועובדי מפעלי משק ההסתדרות בע""מ",text_changed,https://amitim.com/keren/investment_policy_hadassah_pension_fund/m/keren/about_the_fund_kgm_pension_fund/m/keren/about_the_fund_kgm_pension_fund/,מקפת -> אודות הקרן,https://amitim.com/keren/about_the_fund_makefet_pension_fund/
2026-10-05T21:58:41+00:00,520022351,"נתיב קרן הפנסיה של פועלי ועובדי מפעלי משק ההסתדרות בע""מ",text_changed,https://amitim.com/keren/investment_policy_hadassah_pension_fund/m/keren/about_the_fund_kgm_pension_fund/m/keren/about_the_fund_kgm_pension_fund/,חקלאים -> אודות הקרן,https://amitim.com/keren/about_the_fund_farmers_pension_fund/
2026-10-05T21:58:41+00:00,520022351,"נתיב קרן הפנסיה של פועלי ועובדי מפעלי משק ההסתדרות בע""מ",text_changed,https://amitim.com/keren/investment_policy_hadassah_pension_fund/m/keren/about_the_fund_kgm_pension_fund/m/keren/about_the_fund_kgm_pension_fund/,בניין -> אודות הקרן,https://amitim.com/keren/about_the_fund_pension_fund_building/
2026-10-05T21:58:41+00:00,520022351,"נתיב קרן הפנסיה של פועלי ועובדי מפעלי משק ההסתדרות בע""מ",text_changed,https://amitim.com/keren/investment_policy_hadassah_pension_fund/m/keren/about_the_fund_kgm_pension_fund/m/keren/about_the_fund_kgm_pension_fund/,נתיב -> אודות הקרן,https://amitim.com/keren/about_the_fund_nativ_pension_fund/
2026-10-05T21:58:41+00:00,520022351,"נתיב קרן הפנסיה של פועלי ועובדי מפעלי משק ההסתדרות בע""מ",text_changed,https://amitim.com/keren/investment_policy_hadassah_pension_fund/m/keren/about_the_fund_kgm_pension_fund/m/keren/about_the_fund_kgm_pension_fund/,אגד -> אודות הקרן,https://amitim.com/keren/about_the_fund_egged_pension_fund/
2026-10-05T21:58:41+00:00,520022351,"נתיב קרן הפנסיה של פועלי ועובדי מפעלי משק ההסתדרות בע""מ",text_changed,https://amitim.com/keren/investment_policy_hadassah_pension_fund/m/keren/about_the_fund_kgm_pension_fund/m/keren/about_the_fund_kgm_pension_fund/,הדסה -> אודות הקרן,https://amitim.com/keren/about-_he_fund_hadassah_pension_fund/
2026-10-05T21:58:41+00:00,520022351,"נתיב קרן הפנסיה של פועלי ועובדי מפעלי משק ההסתדרות בע""מ",text_changed,https://amitim.com/keren/investment_policy_provident_insurance/m/keren/about_the_fund_kgm_pension_fund/m/keren/about_the_fund_kgm_pension_fund/,קגמ קרן פנסיה -> עב,https://amitim.com/keren/about_the_fund_kgm_pension_fund/
2026-10-05T21:58:41+00:00,520022351,"נתיב קרן הפנסיה של פועלי ועובדי מפעלי משק ההסתדרות בע""מ",text_changed,https://amitim.com/keren/investment_policy_provident_insurance/m/keren/about_the_fund_kgm_pension_fund/m/keren/about_the_fund_kgm_pension_fund/,מקפת -> אודות הקרן,https://amitim.com/keren/about_the_fund_makefet_pension_fund/
2026-10-05T21:58:41+00:00,520022351,"נתיב קרן הפנסיה של פועלי ועובדי מפעלי משק ההסתדרות בע""מ",text_changed,https://amitim.com/keren/investment_policy_provident_insurance/m/keren/about_the_fund_kgm_pension_fund/m/keren/about_the_fund_kgm_pension_fund/,חקלאים -> אודות הקרן,https://amitim.com/keren/about_the_fund_farmers_pension_fund/
2026-10-05T21:58:41+00:00,520022351,"נתיב קרן הפנסיה של פועלי ועובדי מפעלי משק ההסתדרות בע""מ",text_changed,https://amitim.com/keren/investment_policy_provident_insurance/m/keren/about_the_fund_kgm_pension_fund/m/keren/about_the_fund_kgm_pension_fund/,בניין -> אודות הקרן,https://amitim.com/keren/about_the_fund_pension_fund_building/
2026-10-05T21:58:41+00:00,520022351,"נתיב קרן הפנסיה של פועלי ועובדי מפעלי משק ההסתדרות בע""מ",text_changed,https://amitim.com/keren/investment_policy_provident_insurance/m/keren/about_the_fund_kgm_pension_fund/m/keren/about_the_fund_kgm_pension_fund/,נתיב -> אודות הקרן,https://amitim.com/keren/about_the_fund_nativ_pension_fund/
2026-10-05T21:58:41+00:00,520022351,"נתיב קרן הפנסיה של פועלי ועובדי מפעלי משק ההסתדרות בע""מ",text_changed,https://amitim.com/keren/investment_policy_provident_insurance/m/keren/about_the_fund_kgm_pension_fund/m/keren/about_the_fund_kgm_pension_fund/,אגד -> אודות הקרן,https://amitim.com/keren/about_the_fund_egged_pension_fund/
2026-10-05T21:58:41+00:00,520022351,"נתיב קרן הפנסיה של פועלי ועובדי מפעלי משק ההסתדרות בע""מ",text_changed,https://amitim.com/keren/investment_policy_provident_insurance/m/keren/about_the_fund_kgm_pension_fund/m/keren/about_the_fund_kgm_pension_fund/,הדסה -> אודות הקרן,https://amitim.com/keren/about-_he_fund_hadassah_pension_fund/
2026-10-05T21:58:41+00:00,520022351,"נתיב קרן הפנסיה של פועלי ועובדי מפעלי משק ההסתדרות בע""מ",text_changed,https://amitim.com/keren/investment_policy_makefet_provident_fund/m/keren/about_the_fund_kgm_pension_fund/m/keren/about_the_fund_kgm_pension_fund/,קגמ קרן פנסיה -> עב,https://amitim.com/keren/about_the_fund_kgm_pension_fund/
2026-10-05T21:58:41+00:00,520022351,"נתיב קרן הפנסיה של פועלי ועובדי מפעלי משק ההסתדרות בע""מ",text_changed,https://amitim.com/keren/investment_policy_makefet_provident_fund/m/keren/about_the_fund_kgm_pension_fund/m/keren/about_the_fund_kgm_pension_fund/,מקפת -> אודות הקרן,https://amitim.com/keren/about_the_fund_makefet_pension_fund/
2026-10-05T21:58:41+00:00,520022351,"נתיב קרן הפנסיה של פועלי ועובדי מפעלי משק ההסתדרות בע""מ",text_changed,https://amitim.com/keren/investment_policy_makefet_provident_fund/m/keren/about_the_fund_kgm_pension_fund/m/keren/about_the_fund_kgm_pension_fund/,חקלאים -> אודות הקרן,https://amitim.com/keren/about_the_fund_farmers_pension_fund/
2026-10-05T21:58:41+00:00,520022351,"נתיב קרן הפנסיה של פועלי ועובדי מפעלי משק ההסתדרות בע""מ",text_changed,https://amitim.com/keren/investment_policy_makefet_provident_fund/m/keren/about_the_fund_kgm_pension_fund/m/keren/about_the_fund_kgm_pension_fund/,בניין -> אודות הקרן,https://amitim.com/keren/about_the_fund_pension_fund_building/
2026-10-05T21:58:41+00:00,520022351,"נתיב קרן הפנסיה של פועלי ועובדי מפעלי משק ההסתדרות בע""מ",text_changed,https://amitim.com/keren/investment_policy_makefet_provident_fund/m/keren/about_the_fund_kgm_pension_fund/m/keren/about_the_fund_kgm_pension_fund/,נתיב -> אודות הקרן,https://amitim.com/keren/about_the_fund_nativ_pension_fund/
2026-10-05T21:58:41+00:00,520022351,"נתיב קרן הפנסיה של פועלי ועובדי מפעלי משק ההסתדרות בע""מ",text_changed,https://amitim.com/keren/investment_policy_makefet_provident_fund/m/keren/about_the_fund_kgm_pension_fund/m/keren/about_the_fund_kgm_pension_fund/,אגד -> אודות הקרן,https://amitim.com/keren/about_the_fund_egged_pension_fund/
2026-10-05T21:58:41+00:00,520022351,"נתיב קרן הפנסיה של פועלי ועובדי מפעלי משק ההסתדרות בע""מ",text_changed,https://amitim.com/keren/investment_policy_makefet_provident_fund/m/keren/about_the_fund_kgm_pension_fund/m/keren/about_the_fund_kgm_pension_fund/,הדסה -> אודות הקרן,https://amitim.com/keren/about-_he_fund_hadassah_pension_fund/
2026-10-05T21:58:41+00:00,520022351,"נתיב קרן הפנסיה של פועלי ועובדי מפעלי משק ההסתדרות בע""מ",text_changed,https://amitim.com/keren/investment_policy_farmers_pension_fund/m/keren/about_the_fund_kgm_pension_fund/m/keren/about_the_fund_kgm_pension_fund/,קגמ קרן פנסיה -> עב,https://amitim.com/keren/about_the_fund_kgm_pension_fund/
2026-10-05T21:58:41+00:00,520022351,"נתיב קרן הפנסיה של פועלי ועובדי מפעלי משק ההסתדרות בע""מ",text_changed,https://amitim.com/keren/investment_policy_farmers_pension_fund/m/keren/about_the_fund_kgm_pension_fund/m/keren/about_the_fund_kgm_pension_fund/,מקפת -> אודות הקרן,https://amitim.com/keren/about_the_fund_makefet_pension_fund/
2026-10-05T21:58:41+00:00,520022351,"נתיב קרן הפנסיה של פועלי ועובדי מפעלי משק ההסתדרות בע""מ",text_changed,https://amitim.com/keren/investment_policy_farmers_pension_fund/m/keren/about_the_fund_kgm_pension_fund/m/keren/about_the_fund_kgm_pension_fund/,חקלאים -> אודות הקרן,https://amitim.com/keren/about_the_fund_farmers_pension_fund/
2026-10-05T21:58:41+00:00,520022351,"נתיב קרן הפנסיה של פועלי ועובדי מפעלי משק ההסתדרות בע""מ",text_changed,https://amitim.com/keren/investment_policy_farmers_pension_fund/m/keren/about_the_fund_kgm_pension_fund/m/keren/about_the_fund_kgm_pension_fund/,בניין -> אודות הקרן,https://amitim.com/keren/about_the_fund_pension_fund_building/
2026-10-05T21:58:41+00:00,520022351,"נתיב קרן הפנסיה של פועלי ועובדי מפעלי משק ההסתדרות בע""מ",text_changed,https://amitim.com/keren/investment_policy_farmers_pension_fund/m/keren/about_the_fund_kgm_pension_fund/m/keren/about_the_fund_kgm_pension_fund/,נתיב -> אודות הקרן,https://amitim.com/keren/about_the_fund_nativ_pension_fund/
2026-10-05T21:58:41+00:00,520022351,"נתיב קרן הפנסיה של פועלי ועובדי מפעלי משק ההסתדרות בע""מ",text_changed,https://amitim.com/keren/investment_policy_farmers_pension_fund/m/keren/about_the_fund_kgm_pension_fund/m/keren/about_the_fund_kgm_pension_fund/,אגד -> אודות הקרן,https://amitim.com/keren/about_the_fund_egged_pension_fund/
2026-10-05T21:58:41+00:00,520022351,"נתיב קרן הפנסיה של פועלי ועובדי מפעלי משק ההסתדרות בע""מ",text_changed,https://amitim.com/keren/investment_policy_farmers_pension_fund/m/keren/about_the_fund_kgm_pension_fund/m/keren/about_the_fund_kgm_pension_fund/,הדסה -> אודות הקרן,https://amitim.com/keren/about-_he_fund_hadassah_pension_fund/
2026-10-05T21:58:41+00:00,520022351,"נתיב קרן הפנסיה של פועלי ועובדי מפעלי משק ההסתדרות בע""מ",text_changed,https://amitim.com/keren/investment_policy_farmers_provident_fund/m/keren/about_the_fund_kgm_pension_fund/m/keren/about_the_fund_kgm_pension_fund/,קגמ קרן פנסיה -> עב,https://amitim.com/keren/about_the_fund_kgm_pension_fund/
2026-10-05T21:58:41+00:00,520022351,"נתיב קרן הפנסיה של פועלי ועובדי מפעלי משק ההסתדרות בע""מ",text_changed,https://amitim.com/keren/investment_policy_farmers_provident_fund/m/keren/about_the_fund_kgm_pension_fund/m/keren/about_the_fund_kgm_pension_fund/,מקפת -> אודות הקרן,https://amitim.com/keren/about_the_fund_makefet_pension_fund/
2026-10-05T21:58:41+00:00,520022351,"נתיב קרן הפנסיה של פועלי ועובדי מפעלי משק ההסתדרות בע""מ",text_changed,https://amitim.com/keren/investment_policy_farmers_provident_fund/m/keren/about_the_fund_kgm_pension_fund/m/keren/about_the_fund_kgm_pension_fund/,חקלאים -> אודות הקרן,https://amitim.com/keren/about_the_fund_farmers_pension_fund/
2026-10-05T21:58:41+00:00,520022351,"נתיב קרן הפנסיה של פועלי ועובדי מפעלי משק ההסתדרות בע""מ",text_changed,https://amitim.com/keren/investment_policy_farmers_provident_fund/m/keren/about_the_fund_kgm_pension_fund/m/keren/about_the_fund_kgm_pension_fund/,בניין -> אודות הקרן,https://amitim.com/keren/about_the_fund_pension_fund_building/
2026-10-05T21:58:41+00:00,520022351,"נתיב קרן הפנסיה של פועלי ועובדי מפעלי משק ההסתדרות בע""מ",text_changed,https://amitim.com/keren/investment_policy_farmers_provident_fund/m/keren/about_the_fund_kgm_pension_fund/m/keren/about_the_fund_kgm_pension_fund/,נתיב -> אודות הקרן,https://amitim.com/keren/about_the_fund_nativ_pension_fund/
2026-10-05T21:58:41+00:00,520022351,"נתיב קרן הפנסיה של פועלי ועובדי מפעלי משק ההסתדרות בע""מ",text_changed,https://amitim.com/keren/investment_policy_farmers_provident_fund/m/keren/about_the_fund_kgm_pension_fund/m/keren/about_the_fund_kgm_pension_fund/,אגד -> אודות הקרן,https://amitim.com/keren/about_the_fund_egged_pension_fund/
2026-10-05T21:58:41+00:00,520022351,"נתיב קרן הפנסיה של פועלי ועובדי מפעלי משק ההסתדרות בע""מ",text_changed,https://amitim.com/keren/investment_policy_farmers_provident_fund/m/keren/about_the_fund_kgm_pension_fund/m/keren/about_the_fund_kgm_pension_fund/,הדסה -> אודות הקרן,https://amitim.com/keren/about-_he_fund_hadassah_pension_fund/
2026-10-05T21:58:41+00:00,520022351,"נתיב קרן הפנסיה של פועלי ועובדי מפעלי משק ההסתדרות בע""מ",text_changed,https://amitim.com/keren/investment_policy_building_a_pension_fund/m/keren/about_the_fund_kgm_pension_fund/m/keren/about_the_fund_kgm_pension_fund/,קגמ קרן פנסיה -> עב,https://amitim.com/keren/about_the_fund_kgm_pension_fund/
2026-10-05T21:58:41+00:00,520022351,"נתיב קרן הפנסיה של פועלי ועובדי מפעלי משק ההסתדרות בע""מ",text_changed,https://amitim.com/keren/investment_policy_building_a_pension_fund/m/keren/about_the_fund_kgm_pension_fund/m/keren/about_the_fund_kgm_pension_fund/,מקפת -> אודות הקרן,https://amitim.com/keren/about_the_fund_makefet_pension_fund/
2026-10-05T21:58:41+00:00,520022351,"נתיב קרן הפנסיה של פועלי ועובדי מפעלי משק ההסתדרות בע""מ",text_changed,https://amitim.com/keren/investment_policy_building_a_pension_fund/m/keren/about_the_fund_kgm_pension_fund/m/keren/about_the_fund_kgm_pension_fund/,חקלאים -> אודות הקרן,https://amitim.com/keren/about_the_fund_farmers_pension_fund/
2026-10-05T21:58:41+00:00,520022351,"נתיב קרן הפנסיה של פועלי ועובדי מפעלי משק ההסתדרות בע""מ",text_changed,https://amitim.com/keren/investment_policy_building_a_pension_fund/m/keren/about_the_fund_kgm_pension_fund/m/keren/about_the_fund_kgm_pension_fund/,בניין -> אודות הקרן,https://amitim.com/keren/about_the_fund_pension_fund_building/
2026-10-05T21:58:41+00:00,520022351,"נתיב קרן הפנסיה של פועלי ועובדי מפעלי משק ההסתדרות בע""מ",text_changed,https://amitim.com/keren/investment_policy_building_a_pension_fund/m/keren/about_the_fund_kgm_pension_fund/m/keren/about_the_fund_kgm_pension_fund/,נתיב -> אודות הקרן,https://amitim.com/keren/about_the_fund_nativ_pension_fund/
2026-10-05T21:58:41+00:00,520022351,"נתיב קרן הפנסיה של פועלי ועובדי מפעלי משק ההסתדרות בע""מ",text_changed,https://amitim.com/keren/investment_policy_building_a_pension_fund/m/keren/about_the_fund_kgm_pension_fund/m/keren/about_the_fund_kgm_pension_fund/,אגד -> אודות הקרן,https://amitim.com/keren/about_the_fund_egged_pension_fund/
2026-10-05T21:58:41+00:00,520022351,"נתיב קרן הפנסיה של פועלי ועובדי מפעלי משק ההסתדרות בע""מ",text_changed,https://amitim.com/keren/investment_policy_building_a_pension_fund/m/keren/about_the_fund_kgm_pension_fund/m/keren/about_the_fund_kgm_pension_fund/,הדסה -> אודות הקרן,https://amitim.com/keren/about-_he_fund_hadassah_pension_fund/
2026-10-05T21:58:41+00:00,520022351,"נתיב קרן הפנסיה של פועלי ועובדי מפעלי משק ההסתדרות בע""מ",text_changed,https://amitim.com/keren/investment_policy_provident_fund_building/m/keren/about_the_fund_kgm_pension_fund/m/keren/about_the_fund_kgm_pension_fund/,קגמ קרן פנסיה -> עב,https://amitim.com/keren/about_the_fund_kgm_pension_fund/
2026-10-05T21:58:41+00:00,520022351,"נתיב קרן הפנסיה של פועלי ועובדי מפעלי משק ההסתדרות בע""מ",text_changed,https://amitim.com/keren/investment_policy_provident_fund_building/m/keren/about_the_fund_kgm_pension_fund/m/keren/about_the_fund_kgm_pension_fund/,מקפת -> אודות הקרן,https://amitim.com/keren/about_the_fund_makefet_pension_fund/
2026-10-05T21:58:41+00:00,520022351,"נתיב קרן הפנסיה של פועלי ועובדי מפעלי משק ההסתדרות בע""מ",text_changed,https://amitim.com/keren/investment_policy_provident_fund_building/m/keren/about_the_fund_kgm_pension_fund/m/keren/about_the_fund_kgm_pension_fund/,חקלאים -> אודות הקרן,https://amitim.com/keren/about_the_fund_farmers_pension_fund/
2026-10-05T21:58:41+00:00,520022351,"נתיב קרן הפנסיה של פועלי ועובדי מפעלי משק ההסתדרות בע""מ",text_changed,https://amitim.com/keren/investment_policy_provident_fund_building/m/keren/about_the_fund_kgm_pension_fund/m/keren/about_the_fund_kgm_pension_fund/,בניין -> אודות הקרן,https://amitim.com/keren/about_the_fund_pension_fund_building/
2026-10-05T21:58:41+00:00,520022351,"נתיב קרן הפנסיה של פועלי ועובדי מפעלי משק ההסתדרות בע""מ",text_changed,https://amitim.com/keren/investment_policy_provident_fund_building/m/keren/about_the_fund_kgm_pension_fund/m/keren/about_the_fund_kgm_pension_fund/,נתיב -> אודות הקרן,https://amitim.com/keren/about_the_fund_nativ_pension_fund/
2026-10-05T21:58:41+00:00,520022351,"נתיב קרן הפנסיה של פועלי ועובדי מפעלי משק ההסתדרות בע""מ",text_changed,https://amitim.com/keren/investment_policy_provident_fund_building/m/keren/about_the_fund_kgm_pension_fund/m/keren/about_the_fund_kgm_pension_fund/,אגד -> אודות הקרן,https://amitim.com/keren/about_the_fund_egged_pension_fund/
2026-10-05T21:58:41+00:00,520022351,"נתיב קרן הפנסיה של פועלי ועובדי מפעלי משק ההסתדרות בע""מ",text_changed,https://amitim.com/keren/investment_policy_provident_fund_building/m/keren/about_the_fund_kgm_pension_fund/m/keren/about_the_fund_kgm_pension_fund/,הדסה -> אודות הקרן,https://amitim.com/keren/about-_he_fund_hadassah_pension_fund/
2026-10-05T21:58:41+00:00,520022351,"נתיב קרן הפנסיה של פועלי ועובדי מפעלי משק ההסתדרות בע""מ",text_changed,https://amitim.com/keren/investment_policy_kgm_pension_fund/m/keren/about_the_fund_kgm_pension_fund/m/keren/about_the_fund_kgm_pension_fund/,קגמ קרן פנסיה -> עב,https://amitim.com/keren/about_the_fund_kgm_pension_fund/
2026-10-05T21:58:41+00:00,520022351,"נתיב קרן הפנסיה של פועלי ועובדי מפעלי משק ההסתדרות בע""מ",text_changed,https://amitim.com/keren/investment_policy_kgm_pension_fund/m/keren/about_the_fund_kgm_pension_fund/m/keren/about_the_fund_kgm_pension_fund/,מקפת -> אודות הקרן,https://amitim.com/keren/about_the_fund_makefet_pension_fund/
2026-10-05T21:58:41+00:00,520022351,"נתיב קרן הפנסיה של פועלי ועובדי מפעלי משק ההסתדרות בע""מ",text_changed,https://amitim.com/keren/investment_policy_kgm_pension_fund/m/keren/about_the_fund_kgm_pension_fund/m/keren/about_the_fund_kgm_pension_fund/,חקלאים -> אודות הקרן,https://amitim.com/keren/about_the_fund_farmers_pension_fund/
2026-10-05T21:58:41+00:00,520022351,"נתיב קרן הפנסיה של פועלי ועובדי מפעלי משק ההסתדרות בע""מ",text_changed,https://amitim.com/keren/investment_policy_kgm_pension_fund/m/keren/about_the_fund_kgm_pension_fund/m/keren/about_the_fund_kgm_pension_fund/,בניין -> אודות הקרן,https://amitim.com/keren/about_the_fund_pension_fund_building/
2026-10-05T21:58:41+00:00,520022351,"נתיב קרן הפנסיה של פועלי ועובדי מפעלי משק ההסתדרות בע""מ",text_changed,https://amitim.com/keren/investment_policy_kgm_pension_fund/m/keren/about_the_fund_kgm_pension_fund/m/keren/about_the_fund_kgm_pension_fund/,נתיב -> אודות הקרן,https://amitim.com/keren/about_the_fund_nativ_pension_fund/
2026-10-05T21:58:41+00:00,520022351,"נתיב קרן הפנסיה של פועלי ועובדי מפעלי משק ההסתדרות בע""מ",text_changed,https://amitim.com/keren/investment_policy_kgm_pension_fund/m/keren/about_the_fund_kgm_pension_fund/m/keren/about_the_fund_kgm_pension_fund/,אגד -> אודות הקרן,https://amitim.com/keren/about_the_fund_egged_pension_fund/
2026-10-05T21:58:41+00:00,520022351,"נתיב קרן הפנסיה של פועלי ועובדי מפעלי משק ההסתדרות בע""מ",text_changed,https://amitim.com/keren/investment_policy_kgm_pension_fund/m/keren/about_the_fund_kgm_pension_fund/m/keren/about_the_fund_kgm_pension_fund/,הדסה -> אודות הקרן,https://amitim.com/keren/about-_he_fund_hadassah_pension_fund/
2026-10-05T21:58:41+00:00,520022351,"נתיב קרן הפנסיה של פועלי ועובדי מפעלי משק ההסתדרות בע""מ",text_changed,https://amitim.com/keren/investment_policy_pension_insurers/m/keren/about_the_fund_kgm_pension_fund/m/keren/about_the_fund_kgm_pension_fund/,קגמ קרן פנסיה -> עב,https://amitim.com/keren/about_the_fund_kgm_pension_fund/
2026-10-05T21:58:41+00:00,520022351,"נתיב קרן הפנסיה של פועלי ועובדי מפעלי משק ההסתדרות בע""מ",text_changed,https://amitim.com/keren/investment_policy_pension_insurers/m/keren/about_the_fund_kgm_pension_fund/m/keren/about_the_fund_kgm_pension_fund/,מקפת -> אודות הקרן,https://amitim.com/keren/about_the_fund_makefet_pension_fund/
2026-10-05T21:58:41+00:00,520022351,"נתיב קרן הפנסיה של פועלי ועובדי מפעלי משק ההסתדרות בע""מ",text_changed,https://amitim.com/keren/investment_policy_pension_insurers/m/keren/about_the_fund_kgm_pension_fund/m/keren/about_the_fund_kgm_pension_fund/,חקלאים -> אודות הקרן,https://amitim.com/keren/about_the_fund_farmers_pension_fund/
2026-10-05T21:58:41+00:00,520022351,"נתיב קרן הפנסיה של פועלי ועובדי מפעלי משק ההסתדרות בע""מ",text_changed,https://amitim.com/keren/investment_policy_pension_insurers/m/keren/about_the_fund_kgm_pension_fund/m/keren/about_the_fund_kgm_pension_fund/,בניין -> אודות הקרן,https://amitim.com/keren/about_the_fund_pension_fund_building/
2026-10-05T21:58:41+00:00,520022351,"נתיב קרן הפנסיה של פועלי ועובדי מפעלי משק ההסתדרות בע""מ",text_changed,https://amitim.com/keren/investment_policy_pension_insurers/m/keren/about_the_fund_kgm_pension_fund/m/keren/about_the_fund_kgm_pension_fund/,נתיב -> אודות הקרן,https://amitim.com/keren/about_the_fund_nativ_pension_fund/
2026-10-05T21:58:41+00:00,520022351,"נתיב קרן הפנסיה של פועלי ועובדי מפעלי משק ההסתדרות בע""מ",text_changed,https://amitim.com/keren/investment_policy_pension_insurers/m/keren/about_the_fund_kgm_pension_fund/m/keren/about_the_fund_kgm_pension_fund/,אגד -> אודות הקרן,https://amitim.com/keren/about_the_fund_egged_pension_fund/
2026-10-05T21:58:41+00:00,520022351,"נתיב קרן הפנסיה של פועלי ועובדי מפעלי משק ההסתדרות בע""מ",text_changed,https://amitim.com/keren/investment_policy_pension_insurers/m/keren/about_the_fund_kgm_pension_fund/m/keren/about_the_fund_kgm_pension_fund/,הדסה -> אודות הקרן,https://amitim.com/keren/about-_he_fund_hadassah_pension_fund/
2026-10-05T21:58:41+00:00,520022351,"נתיב קרן הפנסיה של פועלי ועובדי מפעלי משק ההסתדרות בע""מ",text_changed,https://amitim.com/keren/investment_policy_pension_fund_circle/m/keren/about_the_fund_kgm_pension_fund/m/keren/about_the_fund_kgm_pension_fund/,קגמ קרן פנסיה -> עב,https://amitim.com/keren/about_the_fund_kgm_pension_fund/
2026-10-05T21:58:41+00:00,520022351,"נתיב קרן הפנסיה של פועלי ועובדי מפעלי משק ההסתדרות בע""מ",text_changed,https://amitim.com/keren/investment_policy_pension_fund_circle/m/keren/about_the_fund_kgm_pension_fund/m/keren/about_the_fund_kgm_pension_fund/,מקפת -> אודות הקרן,https://amitim.com/keren/about_the_fund_makefet_pension_fund/
2026-10-05T21:58:41+00:00,520022351,"נתיב קרן הפנסיה של פועלי ועובדי מפעלי משק ההסתדרות בע""מ",text_changed,https://amitim.com/keren/investment_policy_pension_fund_circle/m/keren/about_the_fund_kgm_pension_fund/m/keren/about_the_fund_kgm_pension_fund/,חקלאים -> אודות הקרן,https://amitim.com/keren/about_the_fund_farmers_pension_fund/
2026-10-05T21:58:41+00:00,520022351,"נתיב קרן הפנסיה של פועלי ועובדי מפעלי משק ההסתדרות בע""מ",text_changed,https://amitim.com/keren/investment_policy_pension_fund_circle/m/keren/about_the_fund_kgm_pension_fund/m/keren/about_the_fund_kgm_pension_fund/,בניין -> אודות הקרן,https://amitim.com/keren/about_the_fund_pension_fund_building/
2026-10-05T21:58:41+00:00,520022351,"נתיב קרן הפנסיה של פועלי ועובדי מפעלי משק ההסתדרות בע""מ",text_changed,https://amitim.com/keren/investment_policy_pension_fund_circle/m/keren/about_the_fund_kgm_pension_fund/m/keren/about_the_fund_kgm_pension_fund/,נתיב -> אודות הקרן,https://amitim.com/keren/about_the_fund_nativ_pension_fund/
2026-10-05T21:58:41+00:00,520022351,"נתיב קרן הפנסיה של פועלי ועובדי מפעלי משק ההסתדרות בע""מ",text_changed,https://amitim.com/keren/investment_policy_pension_fund_circle/m/keren/about_the_fund_kgm_pension_fund/m/keren/about_the_fund_kgm_pension_fund/,אגד -> אודות הקרן,https://amitim.com/keren/about_the_fund_egged_pension_fund/
2026-10-05T21:58:41+00:00,520022351,"נתיב קרן הפנסיה של פועלי ועובדי מפעלי משק ההסתדרות בע""מ",text_changed,https://amitim.com/keren/investment_policy_pension_fund_circle/m/keren/about_the_fund_kgm_pension_fund/m/keren/about_the_fund_kgm_pension_fund/,הדסה -> אודות הקרן,https://amitim.com/keren/about-_he_fund_hadassah_pension_fund/
2026-10-05T21:58:41+00:00,520022351,"נתיב קרן הפנסיה של פועלי ועובדי מפעלי משק ההסתדרות בע""מ",text_changed,https://amitim.com/keren/mivtahim-pensia-mediniut-tigmul/m/keren/about_the_fund_kgm_pension_fund/m/keren/about_the_fund_kgm_pension_fund/,קגמ קרן פנסיה -> עב,https://amitim.com/keren/about_the_fund_kgm_pension_fund/
2026-10-05T21:58:41+00:00,520022351,"נתיב קרן הפנסיה של פועלי ועובדי מפעלי משק ההסתדרות בע""מ",text_changed,https://amitim.com/keren/mivtahim-pensia-mediniut-tigmul/m/keren/about_the_fund_kgm_pension_fund/m/keren/about_the_fund_kgm_pension_fund/,מקפת -> אודות הקרן,https://amitim.com/keren/about_the_fund_makefet_pension_fund/
2026-10-05T21:58:41+00:00,520022351,"נתיב קרן הפנסיה של פועלי ועובדי מפעלי משק ההסתדרות בע""מ",text_changed,https://amitim.com/keren/mivtahim-pensia-mediniut-tigmul/m/keren/about_the_fund_kgm_pension_fund/m/keren/about_the_fund_kgm_pension_fund/,חקלאים -> אודות הקרן,https://amitim.com/keren/about_the_fund_farmers_pension_fund/
2026-10-05T21:58:41+00:00,520022351,"נתיב קרן הפנסיה של פועלי ועובדי מפעלי משק ההסתדרות בע""מ",text_changed,https://amitim.com/keren/mivtahim-pensia-mediniut-tigmul/m/keren/about_the_fund_kgm_pension_fund/m/keren/about_the_fund_kgm_pension_fund/,בניין -> אודות הקרן,https://amitim.com/keren/about_the_fund_pension_fund_building/
2026-10-05T21:58:41+00:00,520022351,"נתיב קרן הפנסיה של פועלי ועובדי מפעלי משק ההסתדרות בע""מ",text_changed,https://amitim.com/keren/mivtahim-pensia-mediniut-tigmul/m/keren/about_the_fund_kgm_pension_fund/m/keren/about_the_fund_kgm_pension_fund/,נתיב -> אודות הקרן,https://amitim.com/keren/about_the_fund_nativ_pension_fund/
2026-10-05T21:58:41+00:00,520022351,"נתיב קרן הפנסיה של פועלי ועובדי מפעלי משק ההסתדרות בע""מ",text_changed,https://amitim.com/keren/mivtahim-pensia-mediniut-tigmul/m/keren/about_the_fund_kgm_pension_fund/m/keren/about_the_fund_kgm_pension_fund/,אגד -> אודות הקרן,https://amitim.com/keren/about_the_fund_egged_pension_fund/
2026-10-05T21:58:41+00:00,520022351,"נתיב קרן הפנסיה של פועלי ועובדי מפעלי משק ההסתדרות בע""מ",text_changed,https://amitim.com/keren/mivtahim-pensia-mediniut-tigmul/m/keren/about_the_fund_kgm_pension_fund/m/keren/about_the_fund_kgm_pension_fund/,הדסה -> אודות הקרן,https://amitim.com/keren/about-_he_fund_hadassah_pension_fund/
