detected,legal_id,company,kind,page,text,href
2026-10-01T10:34:19+00:00,515447035,"הפניקס חח""י קופה מרכזית לקצבה בע""מ",new_page,https://www.fnx.co.il/pension-savings/iec-pension/,65 items,https://www.fnx.co.il/pension-savings/iec-pension/
2026-10-01T10:34:19+00:00,515447035,"הפניקס חח""י קופה מרכזית לקצבה בע""מ",text_changed,https://www.fnx.co.il/fnx-insurance-ltd/investment-information-reports/the-expected-investment-policy/,חוק שכר שווה -> (html),https://digital-content.fnx.co.il/Documents/fnx-equal-pay-law-public2025.pdf
2026-10-01T10:34:19+00:00,515447035,"הפניקס חח""י קופה מרכזית לקצבה בע""מ",new_item,https://www.fnx.co.il/fnx-insurance-ltd/investment-information-reports/the-expected-investment-policy/,רפורמה - יולי 2024,https://www.fnx.co.il/pension-savings/investment-tracks/tracks-reform/
2026-10-01T10:34:19+00:00,515447035,"הפניקס חח""י קופה מרכזית לקצבה בע""מ",new_item,https://www.fnx.co.il/fnx-insurance-ltd/investment-information-reports/the-expected-investment-policy/,תשואות,https://www.fnx.co.il/pension-savings/yields/
2026-10-01T10:34:19+00:00,515447035,"הפניקס חח""י קופה מרכזית לקצבה בע""מ",new_item,https://www.fnx.co.il/fnx-insurance-ltd/investment-information-reports/the-expected-investment-policy/,תכנון לגיל פרישה,https://www.fnx.co.il/pension_retirement/
2026-10-01T10:34:19+00:00,515447035,"הפניקס חח""י קופה מרכזית לקצבה בע""מ",new_item,https://www.fnx.co.il/fnx-insurance-ltd/investment-information-reports/the-expected-investment-policy/,תיקון 190,https://www.fnx.co.il/pension_retirement/new-route-for-retirement/
2026-10-01T10:34:19+00:00,515447035,"הפניקס חח""י קופה מרכזית לקצבה בע""מ",new_item,https://www.fnx.co.il/fnx-insurance-ltd/investment-information-reports/the-expected-investment-policy/,תחום פנסיה,https://www.fnx.co.il/customer-service/pension-savings/
2026-10-01T10:34:19+00:00,515447035,"הפניקס חח""י קופה מרכזית לקצבה בע""מ",new_item,https://www.fnx.co.il/fnx-insurance-ltd/investment-information-reports/the-expected-investment-policy/,תחום גמל והשתלמות,https://www.fnx.co.il/customer-service/gemel-ishtlamutfund/
2026-10-01T10:34:19+00:00,515447035,"הפניקס חח""י קופה מרכזית לקצבה בע""מ",new_item,https://www.fnx.co.il/fnx-insurance-ltd/investment-information-reports/the-expected-investment-policy/,תביעות פנסיה,https://www.fnx.co.il/claims-customer-service/claims-all-embracing-pension/
2026-10-01T10:34:19+00:00,515447035,"הפניקס חח""י קופה מרכזית לקצבה בע""מ",new_item,https://www.fnx.co.il/fnx-insurance-ltd/investment-information-reports/the-expected-investment-policy/,קרן השתלמות לשכירים,https://www.fnx.co.il/ishtalmutfund/employee/
2026-10-01T10:34:19+00:00,515447035,"הפניקס חח""י קופה מרכזית לקצבה בע""מ",new_item,https://www.fnx.co.il/fnx-insurance-ltd/investment-information-reports/the-expected-investment-policy/,קרן השתלמות לעצמאים,https://www.fnx.co.il/ishtalmutfund/self-employee/
2026-10-01T10:34:19+00:00,515447035,"הפניקס חח""י קופה מרכזית לקצבה בע""מ",new_item,https://www.fnx.co.il/fnx-insurance-ltd/investment-information-reports/the-expected-investment-policy/,קרן השתלמות,https://www.fnx.co.il/ishtalmutfund/
2026-10-01T10:34:19+00:00,515447035,"הפניקס חח""י קופה מרכזית לקצבה בע""מ",new_item,https://www.fnx.co.il/fnx-insurance-ltd/investment-information-reports/the-expected-investment-policy/,קצבה מיידית,https://www.fnx.co.il/pension-savings/immediate-pension/
2026-10-01T10:34:19+00:00,515447035,"הפניקס חח""י קופה מרכזית לקצבה בע""מ",new_item,https://www.fnx.co.il/fnx-insurance-ltd/investment-information-reports/the-expected-investment-policy/,קופת גמל לשכירים,https://www.fnx.co.il/gemel/employee/
2026-10-01T10:34:19+00:00,515447035,"הפניקס חח""י קופה מרכזית לקצבה בע""מ",new_item,https://www.fnx.co.il/fnx-insurance-ltd/investment-information-reports/the-expected-investment-policy/,קופת גמל להשקעה,https://www.fnx.co.il/gemel/gemelhashkaa/
2026-10-01T10:34:19+00:00,515447035,"הפניקס חח""י קופה מרכזית לקצבה בע""מ",new_item,https://www.fnx.co.il/fnx-insurance-ltd/investment-information-reports/the-expected-investment-policy/,קופת גמל,https://www.fnx.co.il/gemel/
2026-10-01T10:34:19+00:00,515447035,"הפניקס חח""י קופה מרכזית לקצבה בע""מ",new_item,https://www.fnx.co.il/fnx-insurance-ltd/investment-information-reports/the-expected-investment-policy/,פנסיה,https://www.fnx.co.il/pension-savings/
2026-10-01T10:34:19+00:00,515447035,"הפניקס חח""י קופה מרכזית לקצבה בע""מ",new_item,https://www.fnx.co.il/fnx-insurance-ltd/investment-information-reports/the-expected-investment-policy/,משכנתא הפוכה,https://www.fnx.co.il/pension_retirement/reverse-mortgage/
2026-10-01T10:34:19+00:00,515447035,"הפניקס חח""י קופה מרכזית לקצבה בע""מ",new_item,https://www.fnx.co.il/fnx-insurance-ltd/investment-information-reports/the-expected-investment-policy/,משיכה מקופת גמל בעלת יתרה נמוכה,https://www.fnx.co.il/gemel/gemel-information/notax/
2026-10-01T10:34:19+00:00,515447035,"הפניקס חח""י קופה מרכזית לקצבה בע""מ",new_item,https://www.fnx.co.il/fnx-insurance-ltd/investment-information-reports/the-expected-investment-policy/,מיזוג קופות מסלוליות סלייס,https://www.fnx.co.il/gemel/merging2/
2026-10-01T10:34:19+00:00,515447035,"הפניקס חח""י קופה מרכזית לקצבה בע""מ",new_item,https://www.fnx.co.il/fnx-insurance-ltd/investment-information-reports/the-expected-investment-policy/,מידע לעצמאים,https://www.fnx.co.il/pension-savings/pensya-self-employee/
2026-10-01T10:34:19+00:00,515447035,"הפניקס חח""י קופה מרכזית לקצבה בע""מ",new_item,https://www.fnx.co.il/fnx-insurance-ltd/investment-information-reports/the-expected-investment-policy/,חלוקת חיסכון פנסיוני,https://www.fnx.co.il/pension-savings/pension-spouse/
2026-10-01T10:34:19+00:00,515447035,"הפניקס חח""י קופה מרכזית לקצבה בע""מ",new_item,https://www.fnx.co.il/fnx-insurance-ltd/investment-information-reports/the-expected-investment-policy/,חיסכון לכל ילד,https://www.fnx.co.il/gemel/child_investment/
2026-10-01T10:34:19+00:00,515447035,"הפניקס חח""י קופה מרכזית לקצבה בע""מ",new_item,https://www.fnx.co.il/fnx-insurance-ltd/investment-information-reports/the-expected-investment-policy/,חדש! מחשבון תשואות - גמל להשקעה,https://gemel-calc.fnx.co.il/
2026-10-01T10:34:19+00:00,515447035,"הפניקס חח""י קופה מרכזית לקצבה בע""מ",new_item,https://www.fnx.co.il/fnx-insurance-ltd/investment-information-reports/the-expected-investment-policy/,"הפניקס פנסיה וגמל בע""מ",https://www.fnx.co.il/pension-savings/fnx-pension-ltd/
2026-10-01T10:34:19+00:00,515447035,"הפניקס חח""י קופה מרכזית לקצבה בע""מ",new_item,https://www.fnx.co.il/fnx-insurance-ltd/investment-information-reports/the-expected-investment-policy/,"הפניקס חח""י קופה מרכזית לקצבה בע""מ",https://www.fnx.co.il/pension-savings/iec-pension/
2026-10-01T10:34:19+00:00,515447035,"הפניקס חח""י קופה מרכזית לקצבה בע""מ",new_item,https://www.fnx.co.il/fnx-insurance-ltd/investment-information-reports/the-expected-investment-policy/,"הפניקס השקעות ביטוח, פיננסים - קישור לעמוד הבית קישור לאתר פנימי",https://www.fnx.co.il/
2026-10-01T10:34:19+00:00,515447035,"הפניקס חח""י קופה מרכזית לקצבה בע""מ",new_item,https://www.fnx.co.il/fnx-insurance-ltd/investment-information-reports/the-expected-investment-policy/,הנחיות הפקדה לסוף שנה,https://www.fnx.co.il/gemel/endofyear_deposite/
2026-10-01T10:34:19+00:00,515447035,"הפניקס חח""י קופה מרכזית לקצבה בע""מ",new_item,https://www.fnx.co.il/fnx-insurance-ltd/investment-information-reports/the-expected-investment-policy/,גמל - תיקון 190,https://www.fnx.co.il/gemel/tikon190/
2026-10-01T10:34:19+00:00,515447035,"הפניקס חח""י קופה מרכזית לקצבה בע""מ",new_item,https://www.fnx.co.il/fnx-insurance-ltd/investment-information-reports/the-expected-investment-policy/,ביטוח מנהלים,https://www.fnx.co.il/pension-savings/managers-insurance/
2026-10-01T10:34:19+00:00,515447035,"הפניקס חח""י קופה מרכזית לקצבה בע""מ",text_changed,https://www.fnx.co.il/fnx-insurance-ltd/investment-information-reports/the-expected-investment-policy/,דוח ממונה אזרחים ותיקים -> (html),https://digital-content.fnx.co.il/sites/docs/genery/for_new_site/esg/%D7%94%D7%A4%D7%A0%D7%99%D7%A7%D7%A1-%D7%93%D7%95%D7%97-%D7%9E%D7%9E%D7%95%D7%A0%D7%94-%D7%90%D7%96%D7%A8%D7%97%D7%99%D7%9D-%D7%95%D7%AA%D7%99%D7%A7%D7%99%D7%9D25.pdf
2026-10-01T10:34:19+00:00,515447035,"הפניקס חח""י קופה מרכזית לקצבה בע""מ",text_changed,https://www.fnx.co.il/fnx-insurance-ltd/investment-information-reports/the-expected-investment-policy/,ניוד פוליסות מקדמי קצבה -> (html),https://www.fnx.co.il/sites/docs/genery/DocLib9/annuity-factor.xls
2026-10-01T10:34:19+00:00,515447035,"הפניקס חח""י קופה מרכזית לקצבה בע""מ",text_changed,https://www.fnx.co.il/fnx-insurance-ltd/investment-information-reports/the-expected-investment-policy/,"פרמיות יומיות ביטוח נסיעות לחו""ל -> (html)",https://www.fnx.co.il/Documents/premiot_nesiot_yomiot.xls
2026-10-01T10:34:19+00:00,515447035,"הפניקס חח""י קופה מרכזית לקצבה בע""מ",text_changed,https://www.fnx.co.il/fnx-insurance-ltd/investment-information-reports/the-expected-investment-policy/the-expected-investment-policy-2021/,חוק שכר שווה -> (html),https://digital-content.fnx.co.il/Documents/fnx-equal-pay-law-public2025.pdf
2026-10-01T10:34:19+00:00,515447035,"הפניקס חח""י קופה מרכזית לקצבה בע""מ",new_item,https://www.fnx.co.il/fnx-insurance-ltd/investment-information-reports/the-expected-investment-policy/the-expected-investment-policy-2021/,רפורמה - יולי 2024,https://www.fnx.co.il/pension-savings/investment-tracks/tracks-reform/
2026-10-01T10:34:19+00:00,515447035,"הפניקס חח""י קופה מרכזית לקצבה בע""מ",new_item,https://www.fnx.co.il/fnx-insurance-ltd/investment-information-reports/the-expected-investment-policy/the-expected-investment-policy-2021/,תשואות,https://www.fnx.co.il/pension-savings/yields/
2026-10-01T10:34:19+00:00,515447035,"הפניקס חח""י קופה מרכזית לקצבה בע""מ",new_item,https://www.fnx.co.il/fnx-insurance-ltd/investment-information-reports/the-expected-investment-policy/the-expected-investment-policy-2021/,תכנון לגיל פרישה,https://www.fnx.co.il/pension_retirement/
2026-10-01T10:34:19+00:00,515447035,"הפניקס חח""י קופה מרכזית לקצבה בע""מ",new_item,https://www.fnx.co.il/fnx-insurance-ltd/investment-information-reports/the-expected-investment-policy/the-expected-investment-policy-2021/,תיקון 190,https://www.fnx.co.il/pension_retirement/new-route-for-retirement/
2026-10-01T10:34:19+00:00,515447035,"הפניקס חח""י קופה מרכזית לקצבה בע""מ",new_item,https://www.fnx.co.il/fnx-insurance-ltd/investment-information-reports/the-expected-investment-policy/the-expected-investment-policy-2021/,תחום פנסיה,https://www.fnx.co.il/customer-service/pension-savings/
2026-10-01T10:34:19+00:00,515447035,"הפניקס חח""י קופה מרכזית לקצבה בע""מ",new_item,https://www.fnx.co.il/fnx-insurance-ltd/investment-information-reports/the-expected-investment-policy/the-expected-investment-policy-2021/,תחום גמל והשתלמות,https://www.fnx.co.il/customer-service/gemel-ishtlamutfund/
2026-10-01T10:34:19+00:00,515447035,"הפניקס חח""י קופה מרכזית לקצבה בע""מ",new_item,https://www.fnx.co.il/fnx-insurance-ltd/investment-information-reports/the-expected-investment-policy/the-expected-investment-policy-2021/,תביעות פנסיה,https://www.fnx.co.il/claims-customer-service/claims-all-embracing-pension/
2026-10-01T10:34:19+00:00,515447035,"הפניקס חח""י קופה מרכזית לקצבה בע""מ",new_item,https://www.fnx.co.il/fnx-insurance-ltd/investment-information-reports/the-expected-investment-policy/the-expected-investment-policy-2021/,קרן השתלמות לשכירים,https://www.fnx.co.il/ishtalmutfund/employee/
2026-10-01T10:34:19+00:00,515447035,"הפניקס חח""י קופה מרכזית לקצבה בע""מ",new_item,https://www.fnx.co.il/fnx-insurance-ltd/investment-information-reports/the-expected-investment-policy/the-expected-investment-policy-2021/,קרן השתלמות לעצמאים,https://www.fnx.co.il/ishtalmutfund/self-employee/
2026-10-01T10:34:19+00:00,515447035,"הפניקס חח""י קופה מרכזית לקצבה בע""מ",new_item,https://www.fnx.co.il/fnx-insurance-ltd/investment-information-reports/the-expected-investment-policy/the-expected-investment-policy-2021/,קרן השתלמות,https://www.fnx.co.il/ishtalmutfund/
2026-10-01T10:34:19+00:00,515447035,"הפניקס חח""י קופה מרכזית לקצבה בע""מ",new_item,https://www.fnx.co.il/fnx-insurance-ltd/investment-information-reports/the-expected-investment-policy/the-expected-investment-policy-2021/,קצבה מיידית,https://www.fnx.co.il/pension-savings/immediate-pension/
2026-10-01T10:34:19+00:00,515447035,"הפניקס חח""י קופה מרכזית לקצבה בע""מ",new_item,https://www.fnx.co.il/fnx-insurance-ltd/investment-information-reports/the-expected-investment-policy/the-expected-investment-policy-2021/,קופת גמל לשכירים,https://www.fnx.co.il/gemel/employee/
2026-10-01T10:34:19+00:00,515447035,"הפניקס חח""י קופה מרכזית לקצבה בע""מ",new_item,https://www.fnx.co.il/fnx-insurance-ltd/investment-information-reports/the-expected-investment-policy/the-expected-investment-policy-2021/,קופת גמל להשקעה,https://www.fnx.co.il/gemel/gemelhashkaa/
2026-10-01T10:34:19+00:00,515447035,"הפניקס חח""י קופה מרכזית לקצבה בע""מ",new_item,https://www.fnx.co.il/fnx-insurance-ltd/investment-information-reports/the-expected-investment-policy/the-expected-investment-policy-2021/,קופת גמל,https://www.fnx.co.il/gemel/
2026-10-01T10:34:19+00:00,515447035,"הפניקס חח""י קופה מרכזית לקצבה בע""מ",new_item,https://www.fnx.co.il/fnx-insurance-ltd/investment-information-reports/the-expected-investment-policy/the-expected-investment-policy-2021/,פנסיה,https://www.fnx.co.il/pension-savings/
2026-10-01T10:34:19+00:00,515447035,"הפניקס חח""י קופה מרכזית לקצבה בע""מ",new_item,https://www.fnx.co.il/fnx-insurance-ltd/investment-information-reports/the-expected-investment-policy/the-expected-investment-policy-2021/,משכנתא הפוכה,https://www.fnx.co.il/pension_retirement/reverse-mortgage/
2026-10-01T10:34:19+00:00,515447035,"הפניקס חח""י קופה מרכזית לקצבה בע""מ",new_item,https://www.fnx.co.il/fnx-insurance-ltd/investment-information-reports/the-expected-investment-policy/the-expected-investment-policy-2021/,משיכה מקופת גמל בעלת יתרה נמוכה,https://www.fnx.co.il/gemel/gemel-information/notax/
2026-10-01T10:34:19+00:00,515447035,"הפניקס חח""י קופה מרכזית לקצבה בע""מ",new_item,https://www.fnx.co.il/fnx-insurance-ltd/investment-information-reports/the-expected-investment-policy/the-expected-investment-policy-2021/,מיזוג קופות מסלוליות סלייס,https://www.fnx.co.il/gemel/merging2/
2026-10-01T10:34:19+00:00,515447035,"הפניקס חח""י קופה מרכזית לקצבה בע""מ",new_item,https://www.fnx.co.il/fnx-insurance-ltd/investment-information-reports/the-expected-investment-policy/the-expected-investment-policy-2021/,מידע לעצמאים,https://www.fnx.co.il/pension-savings/pensya-self-employee/
2026-10-01T10:34:19+00:00,515447035,"הפניקס חח""י קופה מרכזית לקצבה בע""מ",new_item,https://www.fnx.co.il/fnx-insurance-ltd/investment-information-reports/the-expected-investment-policy/the-expected-investment-policy-2021/,חלוקת חיסכון פנסיוני,https://www.fnx.co.il/pension-savings/pension-spouse/
2026-10-01T10:34:19+00:00,515447035,"הפניקס חח""י קופה מרכזית לקצבה בע""מ",new_item,https://www.fnx.co.il/fnx-insurance-ltd/investment-information-reports/the-expected-investment-policy/the-expected-investment-policy-2021/,חיסכון לכל ילד,https://www.fnx.co.il/gemel/child_investment/
2026-10-01T10:34:19+00:00,515447035,"הפניקס חח""י קופה מרכזית לקצבה בע""מ",new_item,https://www.fnx.co.il/fnx-insurance-ltd/investment-information-reports/the-expected-investment-policy/the-expected-investment-policy-2021/,חדש! מחשבון תשואות - גמל להשקעה,https://gemel-calc.fnx.co.il/
2026-10-01T10:34:19+00:00,515447035,"הפניקס חח""י קופה מרכזית לקצבה בע""מ",new_item,https://www.fnx.co.il/fnx-insurance-ltd/investment-information-reports/the-expected-investment-policy/the-expected-investment-policy-2021/,"הפניקס פנסיה וגמל בע""מ",https://www.fnx.co.il/pension-savings/fnx-pension-ltd/
2026-10-01T10:34:19+00:00,515447035,"הפניקס חח""י קופה מרכזית לקצבה בע""מ",new_item,https://www.fnx.co.il/fnx-insurance-ltd/investment-information-reports/the-expected-investment-policy/the-expected-investment-policy-2021/,"הפניקס חח""י קופה מרכזית לקצבה בע""מ",https://www.fnx.co.il/pension-savings/iec-pension/
2026-10-01T10:34:19+00:00,515447035,"הפניקס חח""י קופה מרכזית לקצבה בע""מ",new_item,https://www.fnx.co.il/fnx-insurance-ltd/investment-information-reports/the-expected-investment-policy/the-expected-investment-policy-2021/,"הפניקס השקעות ביטוח, פיננסים - קישור לעמוד הבית קישור לאתר פנימי",https://www.fnx.co.il/
2026-10-01T10:34:19+00:00,515447035,"הפניקס חח""י קופה מרכזית לקצבה בע""מ",new_item,https://www.fnx.co.il/fnx-insurance-ltd/investment-information-reports/the-expected-investment-policy/the-expected-investment-policy-2021/,הנחיות הפקדה לסוף שנה,https://www.fnx.co.il/gemel/endofyear_deposite/
2026-10-01T10:34:19+00:00,515447035,"הפניקס חח""י קופה מרכזית לקצבה בע""מ",new_item,https://www.fnx.co.il/fnx-insurance-ltd/investment-information-reports/the-expected-investment-policy/the-expected-investment-policy-2021/,גמל - תיקון 190,https://www.fnx.co.il/gemel/tikon190/
2026-10-01T10:34:19+00:00,515447035,"הפניקס חח""י קופה מרכזית לקצבה בע""מ",new_item,https://www.fnx.co.il/fnx-insurance-ltd/investment-information-reports/the-expected-investment-policy/the-expected-investment-policy-2021/,ביטוח מנהלים,https://www.fnx.co.il/pension-savings/managers-insurance/
2026-10-01T10:34:19+00:00,515447035,"הפניקס חח""י קופה מרכזית לקצבה בע""מ",text_changed,https://www.fnx.co.il/fnx-insurance-ltd/investment-information-reports/the-expected-investment-policy/the-expected-investment-policy-2021/,דוח ממונה אזרחים ותיקים -> (html),https://digital-content.fnx.co.il/sites/docs/genery/for_new_site/esg/%D7%94%D7%A4%D7%A0%D7%99%D7%A7%D7%A1-%D7%93%D7%95%D7%97-%D7%9E%D7%9E%D7%95%D7%A0%D7%94-%D7%90%D7%96%D7%A8%D7%97%D7%99%D7%9D-%D7%95%D7%AA%D7%99%D7%A7%D7%99%D7%9D25.pdf
2026-10-01T10:34:19+00:00,515447035,"הפניקס חח""י קופה מרכזית לקצבה בע""מ",text_changed,https://www.fnx.co.il/fnx-insurance-ltd/investment-information-reports/the-expected-investment-policy/the-expected-investment-policy-2021/,ניוד פוליסות מקדמי קצבה -> (html),https://www.fnx.co.il/sites/docs/genery/DocLib9/annuity-factor.xls
2026-10-01T10:34:19+00:00,515447035,"הפניקס חח""י קופה מרכזית לקצבה בע""מ",text_changed,https://www.fnx.co.il/fnx-insurance-ltd/investment-information-reports/the-expected-investment-policy/the-expected-investment-policy-2021/,"פרמיות יומיות ביטוח נסיעות לחו""ל -> (html)",https://www.fnx.co.il/Documents/premiot_nesiot_yomiot.xls
2026-10-01T10:34:19+00:00,515447035,"הפניקס חח""י קופה מרכזית לקצבה בע""מ",text_changed,https://www.fnx.co.il/fnx-insurance-ltd/investment-information-reports/the-expected-investment-policy/the-expected-investment-policy-2022/,חוק שכר שווה -> (html),https://digital-content.fnx.co.il/Documents/fnx-equal-pay-law-public2025.pdf
2026-10-01T10:34:19+00:00,515447035,"הפניקס חח""י קופה מרכזית לקצבה בע""מ",new_item,https://www.fnx.co.il/fnx-insurance-ltd/investment-information-reports/the-expected-investment-policy/the-expected-investment-policy-2022/,רפורמה - יולי 2024,https://www.fnx.co.il/pension-savings/investment-tracks/tracks-reform/
2026-10-01T10:34:19+00:00,515447035,"הפניקס חח""י קופה מרכזית לקצבה בע""מ",new_item,https://www.fnx.co.il/fnx-insurance-ltd/investment-information-reports/the-expected-investment-policy/the-expected-investment-policy-2022/,(iframe),https://www.fnx.co.il/SPF/iframe-the-expected-investment-policy-2022.aspx
2026-10-01T10:34:19+00:00,515447035,"הפניקס חח""י קופה מרכזית לקצבה בע""מ",new_item,https://www.fnx.co.il/fnx-insurance-ltd/investment-information-reports/the-expected-investment-policy/the-expected-investment-policy-2022/,תשואות,https://www.fnx.co.il/pension-savings/yields/
2026-10-01T10:34:19+00:00,515447035,"הפניקס חח""י קופה מרכזית לקצבה בע""מ",new_item,https://www.fnx.co.il/fnx-insurance-ltd/investment-information-reports/the-expected-investment-policy/the-expected-investment-policy-2022/,תכנון לגיל פרישה,https://www.fnx.co.il/pension_retirement/
2026-10-01T10:34:19+00:00,515447035,"הפניקס חח""י קופה מרכזית לקצבה בע""מ",new_item,https://www.fnx.co.il/fnx-insurance-ltd/investment-information-reports/the-expected-investment-policy/the-expected-investment-policy-2022/,תיקון 190,https://www.fnx.co.il/pension_retirement/new-route-for-retirement/
2026-10-01T10:34:19+00:00,515447035,"הפניקס חח""י קופה מרכזית לקצבה בע""מ",new_item,https://www.fnx.co.il/fnx-insurance-ltd/investment-information-reports/the-expected-investment-policy/the-expected-investment-policy-2022/,תחום פנסיה,https://www.fnx.co.il/customer-service/pension-savings/
2026-10-01T10:34:19+00:00,515447035,"הפניקס חח""י קופה מרכזית לקצבה בע""מ",new_item,https://www.fnx.co.il/fnx-insurance-ltd/investment-information-reports/the-expected-investment-policy/the-expected-investment-policy-2022/,תחום גמל והשתלמות,https://www.fnx.co.il/customer-service/gemel-ishtlamutfund/
2026-10-01T10:34:19+00:00,515447035,"הפניקס חח""י קופה מרכזית לקצבה בע""מ",new_item,https://www.fnx.co.il/fnx-insurance-ltd/investment-information-reports/the-expected-investment-policy/the-expected-investment-policy-2022/,תביעות פנסיה,https://www.fnx.co.il/claims-customer-service/claims-all-embracing-pension/
2026-10-01T10:34:19+00:00,515447035,"הפניקס חח""י קופה מרכזית לקצבה בע""מ",new_item,https://www.fnx.co.il/fnx-insurance-ltd/investment-information-reports/the-expected-investment-policy/the-expected-investment-policy-2022/,קרן השתלמות לשכירים,https://www.fnx.co.il/ishtalmutfund/employee/
2026-10-01T10:34:19+00:00,515447035,"הפניקס חח""י קופה מרכזית לקצבה בע""מ",new_item,https://www.fnx.co.il/fnx-insurance-ltd/investment-information-reports/the-expected-investment-policy/the-expected-investment-policy-2022/,קרן השתלמות לעצמאים,https://www.fnx.co.il/ishtalmutfund/self-employee/
2026-10-01T10:34:19+00:00,515447035,"הפניקס חח""י קופה מרכזית לקצבה בע""מ",new_item,https://www.fnx.co.il/fnx-insurance-ltd/investment-information-reports/the-expected-investment-policy/the-expected-investment-policy-2022/,קרן השתלמות,https://www.fnx.co.il/ishtalmutfund/
2026-10-01T10:34:19+00:00,515447035,"הפניקס חח""י קופה מרכזית לקצבה בע""מ",new_item,https://www.fnx.co.il/fnx-insurance-ltd/investment-information-reports/the-expected-investment-policy/the-expected-investment-policy-2022/,קצבה מיידית,https://www.fnx.co.il/pension-savings/immediate-pension/
2026-10-01T10:34:19+00:00,515447035,"הפניקס חח""י קופה מרכזית לקצבה בע""מ",new_item,https://www.fnx.co.il/fnx-insurance-ltd/investment-information-reports/the-expected-investment-policy/the-expected-investment-policy-2022/,קופת גמל לשכירים,https://www.fnx.co.il/gemel/employee/
2026-10-01T10:34:19+00:00,515447035,"הפניקס חח""י קופה מרכזית לקצבה בע""מ",new_item,https://www.fnx.co.il/fnx-insurance-ltd/investment-information-reports/the-expected-investment-policy/the-expected-investment-policy-2022/,קופת גמל להשקעה,https://www.fnx.co.il/gemel/gemelhashkaa/
2026-10-01T10:34:19+00:00,515447035,"הפניקס חח""י קופה מרכזית לקצבה בע""מ",new_item,https://www.fnx.co.il/fnx-insurance-ltd/investment-information-reports/the-expected-investment-policy/the-expected-investment-policy-2022/,קופת גמל,https://www.fnx.co.il/gemel/
2026-10-01T10:34:19+00:00,515447035,"הפניקס חח""י קופה מרכזית לקצבה בע""מ",new_item,https://www.fnx.co.il/fnx-insurance-ltd/investment-information-reports/the-expected-investment-policy/the-expected-investment-policy-2022/,פנסיה,https://www.fnx.co.il/pension-savings/
2026-10-01T10:34:19+00:00,515447035,"הפניקס חח""י קופה מרכזית לקצבה בע""מ",new_item,https://www.fnx.co.il/fnx-insurance-ltd/investment-information-reports/the-expected-investment-policy/the-expected-investment-policy-2022/,משכנתא הפוכה,https://www.fnx.co.il/pension_retirement/reverse-mortgage/
2026-10-01T10:34:19+00:00,515447035,"הפניקס חח""י קופה מרכזית לקצבה בע""מ",new_item,https://www.fnx.co.il/fnx-insurance-ltd/investment-information-reports/the-expected-investment-policy/the-expected-investment-policy-2022/,משיכה מקופת גמל בעלת יתרה נמוכה,https://www.fnx.co.il/gemel/gemel-information/notax/
2026-10-01T10:34:19+00:00,515447035,"הפניקס חח""י קופה מרכזית לקצבה בע""מ",new_item,https://www.fnx.co.il/fnx-insurance-ltd/investment-information-reports/the-expected-investment-policy/the-expected-investment-policy-2022/,מיזוג קופות מסלוליות סלייס,https://www.fnx.co.il/gemel/merging2/
2026-10-01T10:34:19+00:00,515447035,"הפניקס חח""י קופה מרכזית לקצבה בע""מ",new_item,https://www.fnx.co.il/fnx-insurance-ltd/investment-information-reports/the-expected-investment-policy/the-expected-investment-policy-2022/,מידע לעצמאים,https://www.fnx.co.il/pension-savings/pensya-self-employee/
2026-10-01T10:34:19+00:00,515447035,"הפניקס חח""י קופה מרכזית לקצבה בע""מ",new_item,https://www.fnx.co.il/fnx-insurance-ltd/investment-information-reports/the-expected-investment-policy/the-expected-investment-policy-2022/,חלוקת חיסכון פנסיוני,https://www.fnx.co.il/pension-savings/pension-spouse/
2026-10-01T10:34:19+00:00,515447035,"הפניקס חח""י קופה מרכזית לקצבה בע""מ",new_item,https://www.fnx.co.il/fnx-insurance-ltd/investment-information-reports/the-expected-investment-policy/the-expected-investment-policy-2022/,חיסכון לכל ילד,https://www.fnx.co.il/gemel/child_investment/
2026-10-01T10:34:19+00:00,515447035,"הפניקס חח""י קופה מרכזית לקצבה בע""מ",new_item,https://www.fnx.co.il/fnx-insurance-ltd/investment-information-reports/the-expected-investment-policy/the-expected-investment-policy-2022/,חדש! מחשבון תשואות - גמל להשקעה,https://gemel-calc.fnx.co.il/
2026-10-01T10:34:19+00:00,515447035,"הפניקס חח""י קופה מרכזית לקצבה בע""מ",new_item,https://www.fnx.co.il/fnx-insurance-ltd/investment-information-reports/the-expected-investment-policy/the-expected-investment-policy-2022/,"הפניקס פנסיה וגמל בע""מ",https://www.fnx.co.il/pension-savings/fnx-pension-ltd/
2026-10-01T10:34:19+00:00,515447035,"הפניקס חח""י קופה מרכזית לקצבה בע""מ",new_item,https://www.fnx.co.il/fnx-insurance-ltd/investment-information-reports/the-expected-investment-policy/the-expected-investment-policy-2022/,"הפניקס חח""י קופה מרכזית לקצבה בע""מ",https://www.fnx.co.il/pension-savings/iec-pension/
2026-10-01T10:34:19+00:00,515447035,"הפניקס חח""י קופה מרכזית לקצבה בע""מ",new_item,https://www.fnx.co.il/fnx-insurance-ltd/investment-information-reports/the-expected-investment-policy/the-expected-investment-policy-2022/,"הפניקס השקעות ביטוח, פיננסים - קישור לעמוד הבית קישור לאתר פנימי",https://www.fnx.co.il/
2026-10-01T10:34:19+00:00,515447035,"הפניקס חח""י קופה מרכזית לקצבה בע""מ",new_item,https://www.fnx.co.il/fnx-insurance-ltd/investment-information-reports/the-expected-investment-policy/the-expected-investment-policy-2022/,הנחיות הפקדה לסוף שנה,https://www.fnx.co.il/gemel/endofyear_deposite/
2026-10-01T10:34:19+00:00,515447035,"הפניקס חח""י קופה מרכזית לקצבה בע""מ",new_item,https://www.fnx.co.il/fnx-insurance-ltd/investment-information-reports/the-expected-investment-policy/the-expected-investment-policy-2022/,גמל - תיקון 190,https://www.fnx.co.il/gemel/tikon190/
2026-10-01T10:34:19+00:00,515447035,"הפניקס חח""י קופה מרכזית לקצבה בע""מ",new_item,https://www.fnx.co.il/fnx-insurance-ltd/investment-information-reports/the-expected-investment-policy/the-expected-investment-policy-2022/,במדיניות הפרטיות,https://www.fnx.co.il/customer-service/terms-of-use/privacy-policy
2026-10-01T10:34:19+00:00,515447035,"הפניקס חח""י קופה מרכזית לקצבה בע""מ",new_item,https://www.fnx.co.il/fnx-insurance-ltd/investment-information-reports/the-expected-investment-policy/the-expected-investment-policy-2022/,ביטוח מנהלים,https://www.fnx.co.il/pension-savings/managers-insurance/
2026-10-01T10:34:19+00:00,515447035,"הפניקס חח""י קופה מרכזית לקצבה בע""מ",text_changed,https://www.fnx.co.il/fnx-insurance-ltd/investment-information-reports/the-expected-investment-policy/the-expected-investment-policy-2022/,דוח ממונה אזרחים ותיקים -> (html),https://digital-content.fnx.co.il/sites/docs/genery/for_new_site/esg/%D7%94%D7%A4%D7%A0%D7%99%D7%A7%D7%A1-%D7%93%D7%95%D7%97-%D7%9E%D7%9E%D7%95%D7%A0%D7%94-%D7%90%D7%96%D7%A8%D7%97%D7%99%D7%9D-%D7%95%D7%AA%D7%99%D7%A7%D7%99%D7%9D25.pdf
2026-10-01T10:34:19+00:00,515447035,"הפניקס חח""י קופה מרכזית לקצבה בע""מ",text_changed,https://www.fnx.co.il/fnx-insurance-ltd/investment-information-reports/the-expected-investment-policy/the-expected-investment-policy-2022/,ניוד פוליסות מקדמי קצבה -> (html),https://www.fnx.co.il/sites/docs/genery/DocLib9/annuity-factor.xls
2026-10-01T10:34:19+00:00,515447035,"הפניקס חח""י קופה מרכזית לקצבה בע""מ",text_changed,https://www.fnx.co.il/fnx-insurance-ltd/investment-information-reports/the-expected-investment-policy/the-expected-investment-policy-2022/,"פרמיות יומיות ביטוח נסיעות לחו""ל -> (html)",https://www.fnx.co.il/Documents/premiot_nesiot_yomiot.xls
2026-10-01T10:34:19+00:00,515447035,"הפניקס חח""י קופה מרכזית לקצבה בע""מ",text_changed,https://www.fnx.co.il/fnx-insurance-ltd/investment-information-reports/the-expected-investment-policy/the-expected-investment-policy-2020/,חוק שכר שווה -> (html),https://digital-content.fnx.co.il/Documents/fnx-equal-pay-law-public2025.pdf
2026-10-01T10:34:19+00:00,515447035,"הפניקס חח""י קופה מרכזית לקצבה בע""מ",new_item,https://www.fnx.co.il/fnx-insurance-ltd/investment-information-reports/the-expected-investment-policy/the-expected-investment-policy-2020/,רפורמה - יולי 2024,https://www.fnx.co.il/pension-savings/investment-tracks/tracks-reform/
2026-10-01T10:34:19+00:00,515447035,"הפניקס חח""י קופה מרכזית לקצבה בע""מ",new_item,https://www.fnx.co.il/fnx-insurance-ltd/investment-information-reports/the-expected-investment-policy/the-expected-investment-policy-2020/,(iframe),https://www.fnx.co.il/SPF/iframe-the-expected-investment-policy-2020.aspx
2026-10-01T10:34:19+00:00,515447035,"הפניקס חח""י קופה מרכזית לקצבה בע""מ",new_item,https://www.fnx.co.il/fnx-insurance-ltd/investment-information-reports/the-expected-investment-policy/the-expected-investment-policy-2020/,תשואות,https://www.fnx.co.il/pension-savings/yields/
2026-10-01T10:34:19+00:00,515447035,"הפניקס חח""י קופה מרכזית לקצבה בע""מ",new_item,https://www.fnx.co.il/fnx-insurance-ltd/investment-information-reports/the-expected-investment-policy/the-expected-investment-policy-2020/,תכנון לגיל פרישה,https://www.fnx.co.il/pension_retirement/
2026-10-01T10:34:19+00:00,515447035,"הפניקס חח""י קופה מרכזית לקצבה בע""מ",new_item,https://www.fnx.co.il/fnx-insurance-ltd/investment-information-reports/the-expected-investment-policy/the-expected-investment-policy-2020/,תיקון 190,https://www.fnx.co.il/pension_retirement/new-route-for-retirement/
2026-10-01T10:34:19+00:00,515447035,"הפניקס חח""י קופה מרכזית לקצבה בע""מ",new_item,https://www.fnx.co.il/fnx-insurance-ltd/investment-information-reports/the-expected-investment-policy/the-expected-investment-policy-2020/,תחום פנסיה,https://www.fnx.co.il/customer-service/pension-savings/
2026-10-01T10:34:19+00:00,515447035,"הפניקס חח""י קופה מרכזית לקצבה בע""מ",new_item,https://www.fnx.co.il/fnx-insurance-ltd/investment-information-reports/the-expected-investment-policy/the-expected-investment-policy-2020/,תחום גמל והשתלמות,https://www.fnx.co.il/customer-service/gemel-ishtlamutfund/
2026-10-01T10:34:19+00:00,515447035,"הפניקס חח""י קופה מרכזית לקצבה בע""מ",new_item,https://www.fnx.co.il/fnx-insurance-ltd/investment-information-reports/the-expected-investment-policy/the-expected-investment-policy-2020/,תביעות פנסיה,https://www.fnx.co.il/claims-customer-service/claims-all-embracing-pension/
2026-10-01T10:34:19+00:00,515447035,"הפניקס חח""י קופה מרכזית לקצבה בע""מ",new_item,https://www.fnx.co.il/fnx-insurance-ltd/investment-information-reports/the-expected-investment-policy/the-expected-investment-policy-2020/,קרן השתלמות לשכירים,https://www.fnx.co.il/ishtalmutfund/employee/
2026-10-01T10:34:19+00:00,515447035,"הפניקס חח""י קופה מרכזית לקצבה בע""מ",new_item,https://www.fnx.co.il/fnx-insurance-ltd/investment-information-reports/the-expected-investment-policy/the-expected-investment-policy-2020/,קרן השתלמות לעצמאים,https://www.fnx.co.il/ishtalmutfund/self-employee/
2026-10-01T10:34:19+00:00,515447035,"הפניקס חח""י קופה מרכזית לקצבה בע""מ",new_item,https://www.fnx.co.il/fnx-insurance-ltd/investment-information-reports/the-expected-investment-policy/the-expected-investment-policy-2020/,קרן השתלמות,https://www.fnx.co.il/ishtalmutfund/
2026-10-01T10:34:19+00:00,515447035,"הפניקס חח""י קופה מרכזית לקצבה בע""מ",new_item,https://www.fnx.co.il/fnx-insurance-ltd/investment-information-reports/the-expected-investment-policy/the-expected-investment-policy-2020/,קצבה מיידית,https://www.fnx.co.il/pension-savings/immediate-pension/
2026-10-01T10:34:19+00:00,515447035,"הפניקס חח""י קופה מרכזית לקצבה בע""מ",new_item,https://www.fnx.co.il/fnx-insurance-ltd/investment-information-reports/the-expected-investment-policy/the-expected-investment-policy-2020/,קופת גמל לשכירים,https://www.fnx.co.il/gemel/employee/
2026-10-01T10:34:19+00:00,515447035,"הפניקס חח""י קופה מרכזית לקצבה בע""מ",new_item,https://www.fnx.co.il/fnx-insurance-ltd/investment-information-reports/the-expected-investment-policy/the-expected-investment-policy-2020/,קופת גמל להשקעה,https://www.fnx.co.il/gemel/gemelhashkaa/
2026-10-01T10:34:19+00:00,515447035,"הפניקס חח""י קופה מרכזית לקצבה בע""מ",new_item,https://www.fnx.co.il/fnx-insurance-ltd/investment-information-reports/the-expected-investment-policy/the-expected-investment-policy-2020/,קופת גמל,https://www.fnx.co.il/gemel/
2026-10-01T10:34:19+00:00,515447035,"הפניקס חח""י קופה מרכזית לקצבה בע""מ",new_item,https://www.fnx.co.il/fnx-insurance-ltd/investment-information-reports/the-expected-investment-policy/the-expected-investment-policy-2020/,פנסיה,https://www.fnx.co.il/pension-savings/
2026-10-01T10:34:19+00:00,515447035,"הפניקס חח""י קופה מרכזית לקצבה בע""מ",new_item,https://www.fnx.co.il/fnx-insurance-ltd/investment-information-reports/the-expected-investment-policy/the-expected-investment-policy-2020/,משכנתא הפוכה,https://www.fnx.co.il/pension_retirement/reverse-mortgage/
2026-10-01T10:34:19+00:00,515447035,"הפניקס חח""י קופה מרכזית לקצבה בע""מ",new_item,https://www.fnx.co.il/fnx-insurance-ltd/investment-information-reports/the-expected-investment-policy/the-expected-investment-policy-2020/,משיכה מקופת גמל בעלת יתרה נמוכה,https://www.fnx.co.il/gemel/gemel-information/notax/
2026-10-01T10:34:19+00:00,515447035,"הפניקס חח""י קופה מרכזית לקצבה בע""מ",new_item,https://www.fnx.co.il/fnx-insurance-ltd/investment-information-reports/the-expected-investment-policy/the-expected-investment-policy-2020/,מיזוג קופות מסלוליות סלייס,https://www.fnx.co.il/gemel/merging2/
2026-10-01T10:34:19+00:00,515447035,"הפניקס חח""י קופה מרכזית לקצבה בע""מ",new_item,https://www.fnx.co.il/fnx-insurance-ltd/investment-information-reports/the-expected-investment-policy/the-expected-investment-policy-2020/,מידע לעצמאים,https://www.fnx.co.il/pension-savings/pensya-self-employee/
2026-10-01T10:34:19+00:00,515447035,"הפניקס חח""י קופה מרכזית לקצבה בע""מ",new_item,https://www.fnx.co.il/fnx-insurance-ltd/investment-information-reports/the-expected-investment-policy/the-expected-investment-policy-2020/,חלוקת חיסכון פנסיוני,https://www.fnx.co.il/pension-savings/pension-spouse/
2026-10-01T10:34:19+00:00,515447035,"הפניקס חח""י קופה מרכזית לקצבה בע""מ",new_item,https://www.fnx.co.il/fnx-insurance-ltd/investment-information-reports/the-expected-investment-policy/the-expected-investment-policy-2020/,חיסכון לכל ילד,https://www.fnx.co.il/gemel/child_investment/
2026-10-01T10:34:19+00:00,515447035,"הפניקס חח""י קופה מרכזית לקצבה בע""מ",new_item,https://www.fnx.co.il/fnx-insurance-ltd/investment-information-reports/the-expected-investment-policy/the-expected-investment-policy-2020/,חדש! מחשבון תשואות - גמל להשקעה,https://gemel-calc.fnx.co.il/
2026-10-01T10:34:19+00:00,515447035,"הפניקס חח""י קופה מרכזית לקצבה בע""מ",new_item,https://www.fnx.co.il/fnx-insurance-ltd/investment-information-reports/the-expected-investment-policy/the-expected-investment-policy-2020/,"הפניקס פנסיה וגמל בע""מ",https://www.fnx.co.il/pension-savings/fnx-pension-ltd/
2026-10-01T10:34:19+00:00,515447035,"הפניקס חח""י קופה מרכזית לקצבה בע""מ",new_item,https://www.fnx.co.il/fnx-insurance-ltd/investment-information-reports/the-expected-investment-policy/the-expected-investment-policy-2020/,"הפניקס חח""י קופה מרכזית לקצבה בע""מ",https://www.fnx.co.il/pension-savings/iec-pension/
2026-10-01T10:34:19+00:00,515447035,"הפניקס חח""י קופה מרכזית לקצבה בע""מ",new_item,https://www.fnx.co.il/fnx-insurance-ltd/investment-information-reports/the-expected-investment-policy/the-expected-investment-policy-2020/,"הפניקס השקעות ביטוח, פיננסים - קישור לעמוד הבית קישור לאתר פנימי",https://www.fnx.co.il/
2026-10-01T10:34:19+00:00,515447035,"הפניקס חח""י קופה מרכזית לקצבה בע""מ",new_item,https://www.fnx.co.il/fnx-insurance-ltd/investment-information-reports/the-expected-investment-policy/the-expected-investment-policy-2020/,הנחיות הפקדה לסוף שנה,https://www.fnx.co.il/gemel/endofyear_deposite/
2026-10-01T10:34:19+00:00,515447035,"הפניקס חח""י קופה מרכזית לקצבה בע""מ",new_item,https://www.fnx.co.il/fnx-insurance-ltd/investment-information-reports/the-expected-investment-policy/the-expected-investment-policy-2020/,גמל - תיקון 190,https://www.fnx.co.il/gemel/tikon190/
2026-10-01T10:34:19+00:00,515447035,"הפניקס חח""י קופה מרכזית לקצבה בע""מ",new_item,https://www.fnx.co.il/fnx-insurance-ltd/investment-information-reports/the-expected-investment-policy/the-expected-investment-policy-2020/,במדיניות הפרטיות,https://www.fnx.co.il/customer-service/terms-of-use/privacy-policy
2026-10-01T10:34:19+00:00,515447035,"הפניקס חח""י קופה מרכזית לקצבה בע""מ",new_item,https://www.fnx.co.il/fnx-insurance-ltd/investment-information-reports/the-expected-investment-policy/the-expected-investment-policy-2020/,ביטוח מנהלים,https://www.fnx.co.il/pension-savings/managers-insurance/
2026-10-01T10:34:19+00:00,515447035,"הפניקס חח""י קופה מרכזית לקצבה בע""מ",text_changed,https://www.fnx.co.il/fnx-insurance-ltd/investment-information-reports/the-expected-investment-policy/the-expected-investment-policy-2020/,דוח ממונה אזרחים ותיקים -> (html),https://digital-content.fnx.co.il/sites/docs/genery/for_new_site/esg/%D7%94%D7%A4%D7%A0%D7%99%D7%A7%D7%A1-%D7%93%D7%95%D7%97-%D7%9E%D7%9E%D7%95%D7%A0%D7%94-%D7%90%D7%96%D7%A8%D7%97%D7%99%D7%9D-%D7%95%D7%AA%D7%99%D7%A7%D7%99%D7%9D25.pdf
2026-10-01T10:34:19+00:00,515447035,"הפניקס חח""י קופה מרכזית לקצבה בע""מ",text_changed,https://www.fnx.co.il/fnx-insurance-ltd/investment-information-reports/the-expected-investment-policy/the-expected-investment-policy-2020/,ניוד פוליסות מקדמי קצבה -> (html),https://www.fnx.co.il/sites/docs/genery/DocLib9/annuity-factor.xls
2026-10-01T10:34:19+00:00,515447035,"הפניקס חח""י קופה מרכזית לקצבה בע""מ",text_changed,https://www.fnx.co.il/fnx-insurance-ltd/investment-information-reports/the-expected-investment-policy/the-expected-investment-policy-2020/,"פרמיות יומיות ביטוח נסיעות לחו""ל -> (html)",https://www.fnx.co.il/Documents/premiot_nesiot_yomiot.xls
2026-10-01T10:34:19+00:00,515447035,"הפניקס חח""י קופה מרכזית לקצבה בע""מ",text_changed,https://www.fnx.co.il/fnx-insurance-ltd/investment-information-reports/the-expected-investment-policy/the-expected-investment-policy-2019/,חוק שכר שווה -> (html),https://digital-content.fnx.co.il/Documents/fnx-equal-pay-law-public2025.pdf
2026-10-01T10:34:19+00:00,515447035,"הפניקס חח""י קופה מרכזית לקצבה בע""מ",new_item,https://www.fnx.co.il/fnx-insurance-ltd/investment-information-reports/the-expected-investment-policy/the-expected-investment-policy-2019/,רפורמה - יולי 2024,https://www.fnx.co.il/pension-savings/investment-tracks/tracks-reform/
2026-10-01T10:34:19+00:00,515447035,"הפניקס חח""י קופה מרכזית לקצבה בע""מ",new_item,https://www.fnx.co.il/fnx-insurance-ltd/investment-information-reports/the-expected-investment-policy/the-expected-investment-policy-2019/,תשואות,https://www.fnx.co.il/pension-savings/yields/
2026-10-01T10:34:19+00:00,515447035,"הפניקס חח""י קופה מרכזית לקצבה בע""מ",new_item,https://www.fnx.co.il/fnx-insurance-ltd/investment-information-reports/the-expected-investment-policy/the-expected-investment-policy-2019/,תכנון לגיל פרישה,https://www.fnx.co.il/pension_retirement/
2026-10-01T10:34:19+00:00,515447035,"הפניקס חח""י קופה מרכזית לקצבה בע""מ",new_item,https://www.fnx.co.il/fnx-insurance-ltd/investment-information-reports/the-expected-investment-policy/the-expected-investment-policy-2019/,תיקון 190,https://www.fnx.co.il/pension_retirement/new-route-for-retirement/
2026-10-01T10:34:19+00:00,515447035,"הפניקס חח""י קופה מרכזית לקצבה בע""מ",new_item,https://www.fnx.co.il/fnx-insurance-ltd/investment-information-reports/the-expected-investment-policy/the-expected-investment-policy-2019/,תחום פנסיה,https://www.fnx.co.il/customer-service/pension-savings/
2026-10-01T10:34:19+00:00,515447035,"הפניקס חח""י קופה מרכזית לקצבה בע""מ",new_item,https://www.fnx.co.il/fnx-insurance-ltd/investment-information-reports/the-expected-investment-policy/the-expected-investment-policy-2019/,תחום גמל והשתלמות,https://www.fnx.co.il/customer-service/gemel-ishtlamutfund/
2026-10-01T10:34:19+00:00,515447035,"הפניקס חח""י קופה מרכזית לקצבה בע""מ",new_item,https://www.fnx.co.il/fnx-insurance-ltd/investment-information-reports/the-expected-investment-policy/the-expected-investment-policy-2019/,תביעות פנסיה,https://www.fnx.co.il/claims-customer-service/claims-all-embracing-pension/
2026-10-01T10:34:19+00:00,515447035,"הפניקס חח""י קופה מרכזית לקצבה בע""מ",new_item,https://www.fnx.co.il/fnx-insurance-ltd/investment-information-reports/the-expected-investment-policy/the-expected-investment-policy-2019/,קרן השתלמות לשכירים,https://www.fnx.co.il/ishtalmutfund/employee/
2026-10-01T10:34:19+00:00,515447035,"הפניקס חח""י קופה מרכזית לקצבה בע""מ",new_item,https://www.fnx.co.il/fnx-insurance-ltd/investment-information-reports/the-expected-investment-policy/the-expected-investment-policy-2019/,קרן השתלמות לעצמאים,https://www.fnx.co.il/ishtalmutfund/self-employee/
2026-10-01T10:34:19+00:00,515447035,"הפניקס חח""י קופה מרכזית לקצבה בע""מ",new_item,https://www.fnx.co.il/fnx-insurance-ltd/investment-information-reports/the-expected-investment-policy/the-expected-investment-policy-2019/,קרן השתלמות,https://www.fnx.co.il/ishtalmutfund/
2026-10-01T10:34:19+00:00,515447035,"הפניקס חח""י קופה מרכזית לקצבה בע""מ",new_item,https://www.fnx.co.il/fnx-insurance-ltd/investment-information-reports/the-expected-investment-policy/the-expected-investment-policy-2019/,קצבה מיידית,https://www.fnx.co.il/pension-savings/immediate-pension/
2026-10-01T10:34:19+00:00,515447035,"הפניקס חח""י קופה מרכזית לקצבה בע""מ",new_item,https://www.fnx.co.il/fnx-insurance-ltd/investment-information-reports/the-expected-investment-policy/the-expected-investment-policy-2019/,קופת גמל לשכירים,https://www.fnx.co.il/gemel/employee/
2026-10-01T10:34:19+00:00,515447035,"הפניקס חח""י קופה מרכזית לקצבה בע""מ",new_item,https://www.fnx.co.il/fnx-insurance-ltd/investment-information-reports/the-expected-investment-policy/the-expected-investment-policy-2019/,קופת גמל להשקעה,https://www.fnx.co.il/gemel/gemelhashkaa/
2026-10-01T10:34:19+00:00,515447035,"הפניקס חח""י קופה מרכזית לקצבה בע""מ",new_item,https://www.fnx.co.il/fnx-insurance-ltd/investment-information-reports/the-expected-investment-policy/the-expected-investment-policy-2019/,קופת גמל,https://www.fnx.co.il/gemel/
2026-10-01T10:34:19+00:00,515447035,"הפניקס חח""י קופה מרכזית לקצבה בע""מ",new_item,https://www.fnx.co.il/fnx-insurance-ltd/investment-information-reports/the-expected-investment-policy/the-expected-investment-policy-2019/,פנסיה,https://www.fnx.co.il/pension-savings/
2026-10-01T10:34:19+00:00,515447035,"הפניקס חח""י קופה מרכזית לקצבה בע""מ",new_item,https://www.fnx.co.il/fnx-insurance-ltd/investment-information-reports/the-expected-investment-policy/the-expected-investment-policy-2019/,משכנתא הפוכה,https://www.fnx.co.il/pension_retirement/reverse-mortgage/
2026-10-01T10:34:19+00:00,515447035,"הפניקס חח""י קופה מרכזית לקצבה בע""מ",new_item,https://www.fnx.co.il/fnx-insurance-ltd/investment-information-reports/the-expected-investment-policy/the-expected-investment-policy-2019/,משיכה מקופת גמל בעלת יתרה נמוכה,https://www.fnx.co.il/gemel/gemel-information/notax/
2026-10-01T10:34:19+00:00,515447035,"הפניקס חח""י קופה מרכזית לקצבה בע""מ",new_item,https://www.fnx.co.il/fnx-insurance-ltd/investment-information-reports/the-expected-investment-policy/the-expected-investment-policy-2019/,מיזוג קופות מסלוליות סלייס,https://www.fnx.co.il/gemel/merging2/
2026-10-01T10:34:19+00:00,515447035,"הפניקס חח""י קופה מרכזית לקצבה בע""מ",new_item,https://www.fnx.co.il/fnx-insurance-ltd/investment-information-reports/the-expected-investment-policy/the-expected-investment-policy-2019/,מידע לעצמאים,https://www.fnx.co.il/pension-savings/pensya-self-employee/
2026-10-01T10:34:19+00:00,515447035,"הפניקס חח""י קופה מרכזית לקצבה בע""מ",new_item,https://www.fnx.co.il/fnx-insurance-ltd/investment-information-reports/the-expected-investment-policy/the-expected-investment-policy-2019/,חלוקת חיסכון פנסיוני,https://www.fnx.co.il/pension-savings/pension-spouse/
2026-10-01T10:34:19+00:00,515447035,"הפניקס חח""י קופה מרכזית לקצבה בע""מ",new_item,https://www.fnx.co.il/fnx-insurance-ltd/investment-information-reports/the-expected-investment-policy/the-expected-investment-policy-2019/,חיסכון לכל ילד,https://www.fnx.co.il/gemel/child_investment/
2026-10-01T10:34:19+00:00,515447035,"הפניקס חח""י קופה מרכזית לקצבה בע""מ",new_item,https://www.fnx.co.il/fnx-insurance-ltd/investment-information-reports/the-expected-investment-policy/the-expected-investment-policy-2019/,חדש! מחשבון תשואות - גמל להשקעה,https://gemel-calc.fnx.co.il/
2026-10-01T10:34:19+00:00,515447035,"הפניקס חח""י קופה מרכזית לקצבה בע""מ",new_item,https://www.fnx.co.il/fnx-insurance-ltd/investment-information-reports/the-expected-investment-policy/the-expected-investment-policy-2019/,"הפניקס פנסיה וגמל בע""מ",https://www.fnx.co.il/pension-savings/fnx-pension-ltd/
2026-10-01T10:34:19+00:00,515447035,"הפניקס חח""י קופה מרכזית לקצבה בע""מ",new_item,https://www.fnx.co.il/fnx-insurance-ltd/investment-information-reports/the-expected-investment-policy/the-expected-investment-policy-2019/,"הפניקס חח""י קופה מרכזית לקצבה בע""מ",https://www.fnx.co.il/pension-savings/iec-pension/
2026-10-01T10:34:19+00:00,515447035,"הפניקס חח""י קופה מרכזית לקצבה בע""מ",new_item,https://www.fnx.co.il/fnx-insurance-ltd/investment-information-reports/the-expected-investment-policy/the-expected-investment-policy-2019/,"הפניקס השקעות ביטוח, פיננסים - קישור לעמוד הבית קישור לאתר פנימי",https://www.fnx.co.il/
2026-10-01T10:34:19+00:00,515447035,"הפניקס חח""י קופה מרכזית לקצבה בע""מ",new_item,https://www.fnx.co.il/fnx-insurance-ltd/investment-information-reports/the-expected-investment-policy/the-expected-investment-policy-2019/,הנחיות הפקדה לסוף שנה,https://www.fnx.co.il/gemel/endofyear_deposite/
2026-10-01T10:34:19+00:00,515447035,"הפניקס חח""י קופה מרכזית לקצבה בע""מ",new_item,https://www.fnx.co.il/fnx-insurance-ltd/investment-information-reports/the-expected-investment-policy/the-expected-investment-policy-2019/,גמל - תיקון 190,https://www.fnx.co.il/gemel/tikon190/
2026-10-01T10:34:19+00:00,515447035,"הפניקס חח""י קופה מרכזית לקצבה בע""מ",new_item,https://www.fnx.co.il/fnx-insurance-ltd/investment-information-reports/the-expected-investment-policy/the-expected-investment-policy-2019/,ביטוח מנהלים,https://www.fnx.co.il/pension-savings/managers-insurance/
2026-10-01T10:34:19+00:00,515447035,"הפניקס חח""י קופה מרכזית לקצבה בע""מ",text_changed,https://www.fnx.co.il/fnx-insurance-ltd/investment-information-reports/the-expected-investment-policy/the-expected-investment-policy-2019/,דוח ממונה אזרחים ותיקים -> (html),https://digital-content.fnx.co.il/sites/docs/genery/for_new_site/esg/%D7%94%D7%A4%D7%A0%D7%99%D7%A7%D7%A1-%D7%93%D7%95%D7%97-%D7%9E%D7%9E%D7%95%D7%A0%D7%94-%D7%90%D7%96%D7%A8%D7%97%D7%99%D7%9D-%D7%95%D7%AA%D7%99%D7%A7%D7%99%D7%9D25.pdf
2026-10-01T10:34:19+00:00,515447035,"הפניקס חח""י קופה מרכזית לקצבה בע""מ",text_changed,https://www.fnx.co.il/fnx-insurance-ltd/investment-information-reports/the-expected-investment-policy/the-expected-investment-policy-2019/,ניוד פוליסות מקדמי קצבה -> (html),https://www.fnx.co.il/sites/docs/genery/DocLib9/annuity-factor.xls
2026-10-01T10:34:19+00:00,515447035,"הפניקס חח""י קופה מרכזית לקצבה בע""מ",text_changed,https://www.fnx.co.il/fnx-insurance-ltd/investment-information-reports/the-expected-investment-policy/the-expected-investment-policy-2019/,"פרמיות יומיות ביטוח נסיעות לחו""ל -> (html)",https://www.fnx.co.il/Documents/premiot_nesiot_yomiot.xls
2026-10-01T10:34:19+00:00,515447035,"הפניקס חח""י קופה מרכזית לקצבה בע""מ",text_changed,https://www.fnx.co.il/fnx-insurance-ltd/investment-information-reports/the-expected-investment-policy/the-expected-investment-policy-2018/,חוק שכר שווה -> (html),https://digital-content.fnx.co.il/Documents/fnx-equal-pay-law-public2025.pdf
2026-10-01T10:34:19+00:00,515447035,"הפניקס חח""י קופה מרכזית לקצבה בע""מ",new_item,https://www.fnx.co.il/fnx-insurance-ltd/investment-information-reports/the-expected-investment-policy/the-expected-investment-policy-2018/,רפורמה - יולי 2024,https://www.fnx.co.il/pension-savings/investment-tracks/tracks-reform/
2026-10-01T10:34:19+00:00,515447035,"הפניקס חח""י קופה מרכזית לקצבה בע""מ",new_item,https://www.fnx.co.il/fnx-insurance-ltd/investment-information-reports/the-expected-investment-policy/the-expected-investment-policy-2018/,(iframe),https://www.fnx.co.il/SPF/iframe-the-expected-investment-policy-2018.aspx
2026-10-01T10:34:19+00:00,515447035,"הפניקס חח""י קופה מרכזית לקצבה בע""מ",new_item,https://www.fnx.co.il/fnx-insurance-ltd/investment-information-reports/the-expected-investment-policy/the-expected-investment-policy-2018/,תשואות,https://www.fnx.co.il/pension-savings/yields/
2026-10-01T10:34:19+00:00,515447035,"הפניקס חח""י קופה מרכזית לקצבה בע""מ",new_item,https://www.fnx.co.il/fnx-insurance-ltd/investment-information-reports/the-expected-investment-policy/the-expected-investment-policy-2018/,תכנון לגיל פרישה,https://www.fnx.co.il/pension_retirement/
2026-10-01T10:34:19+00:00,515447035,"הפניקס חח""י קופה מרכזית לקצבה בע""מ",new_item,https://www.fnx.co.il/fnx-insurance-ltd/investment-information-reports/the-expected-investment-policy/the-expected-investment-policy-2018/,תיקון 190,https://www.fnx.co.il/pension_retirement/new-route-for-retirement/
2026-10-01T10:34:19+00:00,515447035,"הפניקס חח""י קופה מרכזית לקצבה בע""מ",new_item,https://www.fnx.co.il/fnx-insurance-ltd/investment-information-reports/the-expected-investment-policy/the-expected-investment-policy-2018/,תחום פנסיה,https://www.fnx.co.il/customer-service/pension-savings/
2026-10-01T10:34:19+00:00,515447035,"הפניקס חח""י קופה מרכזית לקצבה בע""מ",new_item,https://www.fnx.co.il/fnx-insurance-ltd/investment-information-reports/the-expected-investment-policy/the-expected-investment-policy-2018/,תחום גמל והשתלמות,https://www.fnx.co.il/customer-service/gemel-ishtlamutfund/
2026-10-01T10:34:19+00:00,515447035,"הפניקס חח""י קופה מרכזית לקצבה בע""מ",new_item,https://www.fnx.co.il/fnx-insurance-ltd/investment-information-reports/the-expected-investment-policy/the-expected-investment-policy-2018/,תביעות פנסיה,https://www.fnx.co.il/claims-customer-service/claims-all-embracing-pension/
2026-10-01T10:34:19+00:00,515447035,"הפניקס חח""י קופה מרכזית לקצבה בע""מ",new_item,https://www.fnx.co.il/fnx-insurance-ltd/investment-information-reports/the-expected-investment-policy/the-expected-investment-policy-2018/,קרן השתלמות לשכירים,https://www.fnx.co.il/ishtalmutfund/employee/
2026-10-01T10:34:19+00:00,515447035,"הפניקס חח""י קופה מרכזית לקצבה בע""מ",new_item,https://www.fnx.co.il/fnx-insurance-ltd/investment-information-reports/the-expected-investment-policy/the-expected-investment-policy-2018/,קרן השתלמות לעצמאים,https://www.fnx.co.il/ishtalmutfund/self-employee/
2026-10-01T10:34:19+00:00,515447035,"הפניקס חח""י קופה מרכזית לקצבה בע""מ",new_item,https://www.fnx.co.il/fnx-insurance-ltd/investment-information-reports/the-expected-investment-policy/the-expected-investment-policy-2018/,קרן השתלמות,https://www.fnx.co.il/ishtalmutfund/
2026-10-01T10:34:19+00:00,515447035,"הפניקס חח""י קופה מרכזית לקצבה בע""מ",new_item,https://www.fnx.co.il/fnx-insurance-ltd/investment-information-reports/the-expected-investment-policy/the-expected-investment-policy-2018/,קצבה מיידית,https://www.fnx.co.il/pension-savings/immediate-pension/
2026-10-01T10:34:19+00:00,515447035,"הפניקס חח""י קופה מרכזית לקצבה בע""מ",new_item,https://www.fnx.co.il/fnx-insurance-ltd/investment-information-reports/the-expected-investment-policy/the-expected-investment-policy-2018/,קופת גמל לשכירים,https://www.fnx.co.il/gemel/employee/
2026-10-01T10:34:19+00:00,515447035,"הפניקס חח""י קופה מרכזית לקצבה בע""מ",new_item,https://www.fnx.co.il/fnx-insurance-ltd/investment-information-reports/the-expected-investment-policy/the-expected-investment-policy-2018/,קופת גמל להשקעה,https://www.fnx.co.il/gemel/gemelhashkaa/
2026-10-01T10:34:19+00:00,515447035,"הפניקס חח""י קופה מרכזית לקצבה בע""מ",new_item,https://www.fnx.co.il/fnx-insurance-ltd/investment-information-reports/the-expected-investment-policy/the-expected-investment-policy-2018/,קופת גמל,https://www.fnx.co.il/gemel/
2026-10-01T10:34:19+00:00,515447035,"הפניקס חח""י קופה מרכזית לקצבה בע""מ",new_item,https://www.fnx.co.il/fnx-insurance-ltd/investment-information-reports/the-expected-investment-policy/the-expected-investment-policy-2018/,פנסיה,https://www.fnx.co.il/pension-savings/
2026-10-01T10:34:19+00:00,515447035,"הפניקס חח""י קופה מרכזית לקצבה בע""מ",new_item,https://www.fnx.co.il/fnx-insurance-ltd/investment-information-reports/the-expected-investment-policy/the-expected-investment-policy-2018/,משכנתא הפוכה,https://www.fnx.co.il/pension_retirement/reverse-mortgage/
2026-10-01T10:34:19+00:00,515447035,"הפניקס חח""י קופה מרכזית לקצבה בע""מ",new_item,https://www.fnx.co.il/fnx-insurance-ltd/investment-information-reports/the-expected-investment-policy/the-expected-investment-policy-2018/,משיכה מקופת גמל בעלת יתרה נמוכה,https://www.fnx.co.il/gemel/gemel-information/notax/
2026-10-01T10:34:19+00:00,515447035,"הפניקס חח""י קופה מרכזית לקצבה בע""מ",new_item,https://www.fnx.co.il/fnx-insurance-ltd/investment-information-reports/the-expected-investment-policy/the-expected-investment-policy-2018/,מיזוג קופות מסלוליות סלייס,https://www.fnx.co.il/gemel/merging2/
2026-10-01T10:34:19+00:00,515447035,"הפניקס חח""י קופה מרכזית לקצבה בע""מ",new_item,https://www.fnx.co.il/fnx-insurance-ltd/investment-information-reports/the-expected-investment-policy/the-expected-investment-policy-2018/,מידע לעצמאים,https://www.fnx.co.il/pension-savings/pensya-self-employee/
2026-10-01T10:34:19+00:00,515447035,"הפניקס חח""י קופה מרכזית לקצבה בע""מ",new_item,https://www.fnx.co.il/fnx-insurance-ltd/investment-information-reports/the-expected-investment-policy/the-expected-investment-policy-2018/,חלוקת חיסכון פנסיוני,https://www.fnx.co.il/pension-savings/pension-spouse/
2026-10-01T10:34:19+00:00,515447035,"הפניקס חח""י קופה מרכזית לקצבה בע""מ",new_item,https://www.fnx.co.il/fnx-insurance-ltd/investment-information-reports/the-expected-investment-policy/the-expected-investment-policy-2018/,חיסכון לכל ילד,https://www.fnx.co.il/gemel/child_investment/
2026-10-01T10:34:19+00:00,515447035,"הפניקס חח""י קופה מרכזית לקצבה בע""מ",new_item,https://www.fnx.co.il/fnx-insurance-ltd/investment-information-reports/the-expected-investment-policy/the-expected-investment-policy-2018/,חדש! מחשבון תשואות - גמל להשקעה,https://gemel-calc.fnx.co.il/
2026-10-01T10:34:19+00:00,515447035,"הפניקס חח""י קופה מרכזית לקצבה בע""מ",new_item,https://www.fnx.co.il/fnx-insurance-ltd/investment-information-reports/the-expected-investment-policy/the-expected-investment-policy-2018/,"הפניקס פנסיה וגמל בע""מ",https://www.fnx.co.il/pension-savings/fnx-pension-ltd/
2026-10-01T10:34:19+00:00,515447035,"הפניקס חח""י קופה מרכזית לקצבה בע""מ",new_item,https://www.fnx.co.il/fnx-insurance-ltd/investment-information-reports/the-expected-investment-policy/the-expected-investment-policy-2018/,"הפניקס חח""י קופה מרכזית לקצבה בע""מ",https://www.fnx.co.il/pension-savings/iec-pension/
2026-10-01T10:34:19+00:00,515447035,"הפניקס חח""י קופה מרכזית לקצבה בע""מ",new_item,https://www.fnx.co.il/fnx-insurance-ltd/investment-information-reports/the-expected-investment-policy/the-expected-investment-policy-2018/,"הפניקס השקעות ביטוח, פיננסים - קישור לעמוד הבית קישור לאתר פנימי",https://www.fnx.co.il/
2026-10-01T10:34:19+00:00,515447035,"הפניקס חח""י קופה מרכזית לקצבה בע""מ",new_item,https://www.fnx.co.il/fnx-insurance-ltd/investment-information-reports/the-expected-investment-policy/the-expected-investment-policy-2018/,הנחיות הפקדה לסוף שנה,https://www.fnx.co.il/gemel/endofyear_deposite/
2026-10-01T10:34:19+00:00,515447035,"הפניקס חח""י קופה מרכזית לקצבה בע""מ",new_item,https://www.fnx.co.il/fnx-insurance-ltd/investment-information-reports/the-expected-investment-policy/the-expected-investment-policy-2018/,גמל - תיקון 190,https://www.fnx.co.il/gemel/tikon190/
2026-10-01T10:34:19+00:00,515447035,"הפניקס חח""י קופה מרכזית לקצבה בע""מ",new_item,https://www.fnx.co.il/fnx-insurance-ltd/investment-information-reports/the-expected-investment-policy/the-expected-investment-policy-2018/,במדיניות הפרטיות,https://www.fnx.co.il/customer-service/terms-of-use/privacy-policy
2026-10-01T10:34:19+00:00,515447035,"הפניקס חח""י קופה מרכזית לקצבה בע""מ",new_item,https://www.fnx.co.il/fnx-insurance-ltd/investment-information-reports/the-expected-investment-policy/the-expected-investment-policy-2018/,ביטוח מנהלים,https://www.fnx.co.il/pension-savings/managers-insurance/
2026-10-01T10:34:19+00:00,515447035,"הפניקס חח""י קופה מרכזית לקצבה בע""מ",text_changed,https://www.fnx.co.il/fnx-insurance-ltd/investment-information-reports/the-expected-investment-policy/the-expected-investment-policy-2018/,דוח ממונה אזרחים ותיקים -> (html),https://digital-content.fnx.co.il/sites/docs/genery/for_new_site/esg/%D7%94%D7%A4%D7%A0%D7%99%D7%A7%D7%A1-%D7%93%D7%95%D7%97-%D7%9E%D7%9E%D7%95%D7%A0%D7%94-%D7%90%D7%96%D7%A8%D7%97%D7%99%D7%9D-%D7%95%D7%AA%D7%99%D7%A7%D7%99%D7%9D25.pdf
2026-10-01T10:34:19+00:00,515447035,"הפניקס חח""י קופה מרכזית לקצבה בע""מ",text_changed,https://www.fnx.co.il/fnx-insurance-ltd/investment-information-reports/the-expected-investment-policy/the-expected-investment-policy-2018/,ניוד פוליסות מקדמי קצבה -> (html),https://www.fnx.co.il/sites/docs/genery/DocLib9/annuity-factor.xls
2026-10-01T10:34:19+00:00,515447035,"הפניקס חח""י קופה מרכזית לקצבה בע""מ",text_changed,https://www.fnx.co.il/fnx-insurance-ltd/investment-information-reports/the-expected-investment-policy/the-expected-investment-policy-2018/,"פרמיות יומיות ביטוח נסיעות לחו""ל -> (html)",https://www.fnx.co.il/Documents/premiot_nesiot_yomiot.xls
2026-10-01T10:34:19+00:00,515447035,"הפניקס חח""י קופה מרכזית לקצבה בע""מ",text_changed,https://www.fnx.co.il/fnx-insurance-ltd/investment-information-reports/the-expected-investment-policy/the-expected-investment-policy-2017/,חוק שכר שווה -> (html),https://digital-content.fnx.co.il/Documents/fnx-equal-pay-law-public2025.pdf
2026-10-01T10:34:19+00:00,515447035,"הפניקס חח""י קופה מרכזית לקצבה בע""מ",new_item,https://www.fnx.co.il/fnx-insurance-ltd/investment-information-reports/the-expected-investment-policy/the-expected-investment-policy-2017/,רפורמה - יולי 2024,https://www.fnx.co.il/pension-savings/investment-tracks/tracks-reform/
2026-10-01T10:34:19+00:00,515447035,"הפניקס חח""י קופה מרכזית לקצבה בע""מ",new_item,https://www.fnx.co.il/fnx-insurance-ltd/investment-information-reports/the-expected-investment-policy/the-expected-investment-policy-2017/,(iframe),https://www.fnx.co.il/SPF/iframe-the-expected-investment-policy-2017.aspx
2026-10-01T10:34:19+00:00,515447035,"הפניקס חח""י קופה מרכזית לקצבה בע""מ",new_item,https://www.fnx.co.il/fnx-insurance-ltd/investment-information-reports/the-expected-investment-policy/the-expected-investment-policy-2017/,תשואות,https://www.fnx.co.il/pension-savings/yields/
2026-10-01T10:34:19+00:00,515447035,"הפניקס חח""י קופה מרכזית לקצבה בע""מ",new_item,https://www.fnx.co.il/fnx-insurance-ltd/investment-information-reports/the-expected-investment-policy/the-expected-investment-policy-2017/,תכנון לגיל פרישה,https://www.fnx.co.il/pension_retirement/
2026-10-01T10:34:19+00:00,515447035,"הפניקס חח""י קופה מרכזית לקצבה בע""מ",new_item,https://www.fnx.co.il/fnx-insurance-ltd/investment-information-reports/the-expected-investment-policy/the-expected-investment-policy-2017/,תיקון 190,https://www.fnx.co.il/pension_retirement/new-route-for-retirement/
2026-10-01T10:34:19+00:00,515447035,"הפניקס חח""י קופה מרכזית לקצבה בע""מ",new_item,https://www.fnx.co.il/fnx-insurance-ltd/investment-information-reports/the-expected-investment-policy/the-expected-investment-policy-2017/,תחום פנסיה,https://www.fnx.co.il/customer-service/pension-savings/
2026-10-01T10:34:19+00:00,515447035,"הפניקס חח""י קופה מרכזית לקצבה בע""מ",new_item,https://www.fnx.co.il/fnx-insurance-ltd/investment-information-reports/the-expected-investment-policy/the-expected-investment-policy-2017/,תחום גמל והשתלמות,https://www.fnx.co.il/customer-service/gemel-ishtlamutfund/
2026-10-01T10:34:19+00:00,515447035,"הפניקס חח""י קופה מרכזית לקצבה בע""מ",new_item,https://www.fnx.co.il/fnx-insurance-ltd/investment-information-reports/the-expected-investment-policy/the-expected-investment-policy-2017/,תביעות פנסיה,https://www.fnx.co.il/claims-customer-service/claims-all-embracing-pension/
2026-10-01T10:34:19+00:00,515447035,"הפניקס חח""י קופה מרכזית לקצבה בע""מ",new_item,https://www.fnx.co.il/fnx-insurance-ltd/investment-information-reports/the-expected-investment-policy/the-expected-investment-policy-2017/,קרן השתלמות לשכירים,https://www.fnx.co.il/ishtalmutfund/employee/
2026-10-01T10:34:19+00:00,515447035,"הפניקס חח""י קופה מרכזית לקצבה בע""מ",new_item,https://www.fnx.co.il/fnx-insurance-ltd/investment-information-reports/the-expected-investment-policy/the-expected-investment-policy-2017/,קרן השתלמות לעצמאים,https://www.fnx.co.il/ishtalmutfund/self-employee/
2026-10-01T10:34:19+00:00,515447035,"הפניקס חח""י קופה מרכזית לקצבה בע""מ",new_item,https://www.fnx.co.il/fnx-insurance-ltd/investment-information-reports/the-expected-investment-policy/the-expected-investment-policy-2017/,קרן השתלמות,https://www.fnx.co.il/ishtalmutfund/
2026-10-01T10:34:19+00:00,515447035,"הפניקס חח""י קופה מרכזית לקצבה בע""מ",new_item,https://www.fnx.co.il/fnx-insurance-ltd/investment-information-reports/the-expected-investment-policy/the-expected-investment-policy-2017/,קצבה מיידית,https://www.fnx.co.il/pension-savings/immediate-pension/
2026-10-01T10:34:19+00:00,515447035,"הפניקס חח""י קופה מרכזית לקצבה בע""מ",new_item,https://www.fnx.co.il/fnx-insurance-ltd/investment-information-reports/the-expected-investment-policy/the-expected-investment-policy-2017/,קופת גמל לשכירים,https://www.fnx.co.il/gemel/employee/
2026-10-01T10:34:19+00:00,515447035,"הפניקס חח""י קופה מרכזית לקצבה בע""מ",new_item,https://www.fnx.co.il/fnx-insurance-ltd/investment-information-reports/the-expected-investment-policy/the-expected-investment-policy-2017/,קופת גמל להשקעה,https://www.fnx.co.il/gemel/gemelhashkaa/
2026-10-01T10:34:19+00:00,515447035,"הפניקס חח""י קופה מרכזית לקצבה בע""מ",new_item,https://www.fnx.co.il/fnx-insurance-ltd/investment-information-reports/the-expected-investment-policy/the-expected-investment-policy-2017/,קופת גמל,https://www.fnx.co.il/gemel/
2026-10-01T10:34:19+00:00,515447035,"הפניקס חח""י קופה מרכזית לקצבה בע""מ",new_item,https://www.fnx.co.il/fnx-insurance-ltd/investment-information-reports/the-expected-investment-policy/the-expected-investment-policy-2017/,פנסיה,https://www.fnx.co.il/pension-savings/
2026-10-01T10:34:19+00:00,515447035,"הפניקס חח""י קופה מרכזית לקצבה בע""מ",new_item,https://www.fnx.co.il/fnx-insurance-ltd/investment-information-reports/the-expected-investment-policy/the-expected-investment-policy-2017/,משכנתא הפוכה,https://www.fnx.co.il/pension_retirement/reverse-mortgage/
2026-10-01T10:34:19+00:00,515447035,"הפניקס חח""י קופה מרכזית לקצבה בע""מ",new_item,https://www.fnx.co.il/fnx-insurance-ltd/investment-information-reports/the-expected-investment-policy/the-expected-investment-policy-2017/,משיכה מקופת גמל בעלת יתרה נמוכה,https://www.fnx.co.il/gemel/gemel-information/notax/
2026-10-01T10:34:19+00:00,515447035,"הפניקס חח""י קופה מרכזית לקצבה בע""מ",new_item,https://www.fnx.co.il/fnx-insurance-ltd/investment-information-reports/the-expected-investment-policy/the-expected-investment-policy-2017/,מיזוג קופות מסלוליות סלייס,https://www.fnx.co.il/gemel/merging2/
2026-10-01T10:34:19+00:00,515447035,"הפניקס חח""י קופה מרכזית לקצבה בע""מ",new_item,https://www.fnx.co.il/fnx-insurance-ltd/investment-information-reports/the-expected-investment-policy/the-expected-investment-policy-2017/,מידע לעצמאים,https://www.fnx.co.il/pension-savings/pensya-self-employee/
2026-10-01T10:34:19+00:00,515447035,"הפניקס חח""י קופה מרכזית לקצבה בע""מ",new_item,https://www.fnx.co.il/fnx-insurance-ltd/investment-information-reports/the-expected-investment-policy/the-expected-investment-policy-2017/,חלוקת חיסכון פנסיוני,https://www.fnx.co.il/pension-savings/pension-spouse/
2026-10-01T10:34:19+00:00,515447035,"הפניקס חח""י קופה מרכזית לקצבה בע""מ",new_item,https://www.fnx.co.il/fnx-insurance-ltd/investment-information-reports/the-expected-investment-policy/the-expected-investment-policy-2017/,חיסכון לכל ילד,https://www.fnx.co.il/gemel/child_investment/
2026-10-01T10:34:19+00:00,515447035,"הפניקס חח""י קופה מרכזית לקצבה בע""מ",new_item,https://www.fnx.co.il/fnx-insurance-ltd/investment-information-reports/the-expected-investment-policy/the-expected-investment-policy-2017/,חדש! מחשבון תשואות - גמל להשקעה,https://gemel-calc.fnx.co.il/
2026-10-01T10:34:19+00:00,515447035,"הפניקס חח""י קופה מרכזית לקצבה בע""מ",new_item,https://www.fnx.co.il/fnx-insurance-ltd/investment-information-reports/the-expected-investment-policy/the-expected-investment-policy-2017/,"הפניקס פנסיה וגמל בע""מ",https://www.fnx.co.il/pension-savings/fnx-pension-ltd/
2026-10-01T10:34:19+00:00,515447035,"הפניקס חח""י קופה מרכזית לקצבה בע""מ",new_item,https://www.fnx.co.il/fnx-insurance-ltd/investment-information-reports/the-expected-investment-policy/the-expected-investment-policy-2017/,"הפניקס חח""י קופה מרכזית לקצבה בע""מ",https://www.fnx.co.il/pension-savings/iec-pension/
2026-10-01T10:34:19+00:00,515447035,"הפניקס חח""י קופה מרכזית לקצבה בע""מ",new_item,https://www.fnx.co.il/fnx-insurance-ltd/investment-information-reports/the-expected-investment-policy/the-expected-investment-policy-2017/,"הפניקס השקעות ביטוח, פיננסים - קישור לעמוד הבית קישור לאתר פנימי",https://www.fnx.co.il/
2026-10-01T10:34:19+00:00,515447035,"הפניקס חח""י קופה מרכזית לקצבה בע""מ",new_item,https://www.fnx.co.il/fnx-insurance-ltd/investment-information-reports/the-expected-investment-policy/the-expected-investment-policy-2017/,הנחיות הפקדה לסוף שנה,https://www.fnx.co.il/gemel/endofyear_deposite/
2026-10-01T10:34:19+00:00,515447035,"הפניקס חח""י קופה מרכזית לקצבה בע""מ",new_item,https://www.fnx.co.il/fnx-insurance-ltd/investment-information-reports/the-expected-investment-policy/the-expected-investment-policy-2017/,גמל - תיקון 190,https://www.fnx.co.il/gemel/tikon190/
2026-10-01T10:34:19+00:00,515447035,"הפניקס חח""י קופה מרכזית לקצבה בע""מ",new_item,https://www.fnx.co.il/fnx-insurance-ltd/investment-information-reports/the-expected-investment-policy/the-expected-investment-policy-2017/,במדיניות הפרטיות,https://www.fnx.co.il/customer-service/terms-of-use/privacy-policy
2026-10-01T10:34:19+00:00,515447035,"הפניקס חח""י קופה מרכזית לקצבה בע""מ",new_item,https://www.fnx.co.il/fnx-insurance-ltd/investment-information-reports/the-expected-investment-policy/the-expected-investment-policy-2017/,ביטוח מנהלים,https://www.fnx.co.il/pension-savings/managers-insurance/
2026-10-01T10:34:19+00:00,515447035,"הפניקס חח""י קופה מרכזית לקצבה בע""מ",text_changed,https://www.fnx.co.il/fnx-insurance-ltd/investment-information-reports/the-expected-investment-policy/the-expected-investment-policy-2017/,דוח ממונה אזרחים ותיקים -> (html),https://digital-content.fnx.co.il/sites/docs/genery/for_new_site/esg/%D7%94%D7%A4%D7%A0%D7%99%D7%A7%D7%A1-%D7%93%D7%95%D7%97-%D7%9E%D7%9E%D7%95%D7%A0%D7%94-%D7%90%D7%96%D7%A8%D7%97%D7%99%D7%9D-%D7%95%D7%AA%D7%99%D7%A7%D7%99%D7%9D25.pdf
2026-10-01T10:34:19+00:00,515447035,"הפניקס חח""י קופה מרכזית לקצבה בע""מ",text_changed,https://www.fnx.co.il/fnx-insurance-ltd/investment-information-reports/the-expected-investment-policy/the-expected-investment-policy-2017/,ניוד פוליסות מקדמי קצבה -> (html),https://www.fnx.co.il/sites/docs/genery/DocLib9/annuity-factor.xls
2026-10-01T10:34:19+00:00,515447035,"הפניקס חח""י קופה מרכזית לקצבה בע""מ",text_changed,https://www.fnx.co.il/fnx-insurance-ltd/investment-information-reports/the-expected-investment-policy/the-expected-investment-policy-2017/,"פרמיות יומיות ביטוח נסיעות לחו""ל -> (html)",https://www.fnx.co.il/Documents/premiot_nesiot_yomiot.xls
2026-10-01T10:34:19+00:00,515447035,"הפניקס חח""י קופה מרכזית לקצבה בע""מ",text_changed,https://www.fnx.co.il/fnx-insurance-ltd/investment-information-reports/the-expected-investment-policy/the-expected-investment-policy-2016/,חוק שכר שווה -> (html),https://digital-content.fnx.co.il/Documents/fnx-equal-pay-law-public2025.pdf
2026-10-01T10:34:19+00:00,515447035,"הפניקס חח""י קופה מרכזית לקצבה בע""מ",new_item,https://www.fnx.co.il/fnx-insurance-ltd/investment-information-reports/the-expected-investment-policy/the-expected-investment-policy-2016/,רפורמה - יולי 2024,https://www.fnx.co.il/pension-savings/investment-tracks/tracks-reform/
2026-10-01T10:34:19+00:00,515447035,"הפניקס חח""י קופה מרכזית לקצבה בע""מ",new_item,https://www.fnx.co.il/fnx-insurance-ltd/investment-information-reports/the-expected-investment-policy/the-expected-investment-policy-2016/,(iframe),https://www.fnx.co.il/SPF/iframe-the-expected-investment-policy-2016.aspx
2026-10-01T10:34:19+00:00,515447035,"הפניקס חח""י קופה מרכזית לקצבה בע""מ",new_item,https://www.fnx.co.il/fnx-insurance-ltd/investment-information-reports/the-expected-investment-policy/the-expected-investment-policy-2016/,תשואות,https://www.fnx.co.il/pension-savings/yields/
2026-10-01T10:34:19+00:00,515447035,"הפניקס חח""י קופה מרכזית לקצבה בע""מ",new_item,https://www.fnx.co.il/fnx-insurance-ltd/investment-information-reports/the-expected-investment-policy/the-expected-investment-policy-2016/,תכנון לגיל פרישה,https://www.fnx.co.il/pension_retirement/
2026-10-01T10:34:19+00:00,515447035,"הפניקס חח""י קופה מרכזית לקצבה בע""מ",new_item,https://www.fnx.co.il/fnx-insurance-ltd/investment-information-reports/the-expected-investment-policy/the-expected-investment-policy-2016/,תיקון 190,https://www.fnx.co.il/pension_retirement/new-route-for-retirement/
2026-10-01T10:34:19+00:00,515447035,"הפניקס חח""י קופה מרכזית לקצבה בע""מ",new_item,https://www.fnx.co.il/fnx-insurance-ltd/investment-information-reports/the-expected-investment-policy/the-expected-investment-policy-2016/,תחום פנסיה,https://www.fnx.co.il/customer-service/pension-savings/
2026-10-01T10:34:19+00:00,515447035,"הפניקס חח""י קופה מרכזית לקצבה בע""מ",new_item,https://www.fnx.co.il/fnx-insurance-ltd/investment-information-reports/the-expected-investment-policy/the-expected-investment-policy-2016/,תחום גמל והשתלמות,https://www.fnx.co.il/customer-service/gemel-ishtlamutfund/
2026-10-01T10:34:19+00:00,515447035,"הפניקס חח""י קופה מרכזית לקצבה בע""מ",new_item,https://www.fnx.co.il/fnx-insurance-ltd/investment-information-reports/the-expected-investment-policy/the-expected-investment-policy-2016/,תביעות פנסיה,https://www.fnx.co.il/claims-customer-service/claims-all-embracing-pension/
2026-10-01T10:34:19+00:00,515447035,"הפניקס חח""י קופה מרכזית לקצבה בע""מ",new_item,https://www.fnx.co.il/fnx-insurance-ltd/investment-information-reports/the-expected-investment-policy/the-expected-investment-policy-2016/,קרן השתלמות לשכירים,https://www.fnx.co.il/ishtalmutfund/employee/
2026-10-01T10:34:19+00:00,515447035,"הפניקס חח""י קופה מרכזית לקצבה בע""מ",new_item,https://www.fnx.co.il/fnx-insurance-ltd/investment-information-reports/the-expected-investment-policy/the-expected-investment-policy-2016/,קרן השתלמות לעצמאים,https://www.fnx.co.il/ishtalmutfund/self-employee/
2026-10-01T10:34:19+00:00,515447035,"הפניקס חח""י קופה מרכזית לקצבה בע""מ",new_item,https://www.fnx.co.il/fnx-insurance-ltd/investment-information-reports/the-expected-investment-policy/the-expected-investment-policy-2016/,קרן השתלמות,https://www.fnx.co.il/ishtalmutfund/
2026-10-01T10:34:19+00:00,515447035,"הפניקס חח""י קופה מרכזית לקצבה בע""מ",new_item,https://www.fnx.co.il/fnx-insurance-ltd/investment-information-reports/the-expected-investment-policy/the-expected-investment-policy-2016/,קצבה מיידית,https://www.fnx.co.il/pension-savings/immediate-pension/
2026-10-01T10:34:19+00:00,515447035,"הפניקס חח""י קופה מרכזית לקצבה בע""מ",new_item,https://www.fnx.co.il/fnx-insurance-ltd/investment-information-reports/the-expected-investment-policy/the-expected-investment-policy-2016/,קופת גמל לשכירים,https://www.fnx.co.il/gemel/employee/
2026-10-01T10:34:19+00:00,515447035,"הפניקס חח""י קופה מרכזית לקצבה בע""מ",new_item,https://www.fnx.co.il/fnx-insurance-ltd/investment-information-reports/the-expected-investment-policy/the-expected-investment-policy-2016/,קופת גמל להשקעה,https://www.fnx.co.il/gemel/gemelhashkaa/
2026-10-01T10:34:19+00:00,515447035,"הפניקס חח""י קופה מרכזית לקצבה בע""מ",new_item,https://www.fnx.co.il/fnx-insurance-ltd/investment-information-reports/the-expected-investment-policy/the-expected-investment-policy-2016/,קופת גמל,https://www.fnx.co.il/gemel/
2026-10-01T10:34:19+00:00,515447035,"הפניקס חח""י קופה מרכזית לקצבה בע""מ",new_item,https://www.fnx.co.il/fnx-insurance-ltd/investment-information-reports/the-expected-investment-policy/the-expected-investment-policy-2016/,פנסיה,https://www.fnx.co.il/pension-savings/
2026-10-01T10:34:19+00:00,515447035,"הפניקס חח""י קופה מרכזית לקצבה בע""מ",new_item,https://www.fnx.co.il/fnx-insurance-ltd/investment-information-reports/the-expected-investment-policy/the-expected-investment-policy-2016/,משכנתא הפוכה,https://www.fnx.co.il/pension_retirement/reverse-mortgage/
2026-10-01T10:34:19+00:00,515447035,"הפניקס חח""י קופה מרכזית לקצבה בע""מ",new_item,https://www.fnx.co.il/fnx-insurance-ltd/investment-information-reports/the-expected-investment-policy/the-expected-investment-policy-2016/,משיכה מקופת גמל בעלת יתרה נמוכה,https://www.fnx.co.il/gemel/gemel-information/notax/
2026-10-01T10:34:19+00:00,515447035,"הפניקס חח""י קופה מרכזית לקצבה בע""מ",new_item,https://www.fnx.co.il/fnx-insurance-ltd/investment-information-reports/the-expected-investment-policy/the-expected-investment-policy-2016/,מיזוג קופות מסלוליות סלייס,https://www.fnx.co.il/gemel/merging2/
2026-10-01T10:34:19+00:00,515447035,"הפניקס חח""י קופה מרכזית לקצבה בע""מ",new_item,https://www.fnx.co.il/fnx-insurance-ltd/investment-information-reports/the-expected-investment-policy/the-expected-investment-policy-2016/,מידע לעצמאים,https://www.fnx.co.il/pension-savings/pensya-self-employee/
2026-10-01T10:34:19+00:00,515447035,"הפניקס חח""י קופה מרכזית לקצבה בע""מ",new_item,https://www.fnx.co.il/fnx-insurance-ltd/investment-information-reports/the-expected-investment-policy/the-expected-investment-policy-2016/,חלוקת חיסכון פנסיוני,https://www.fnx.co.il/pension-savings/pension-spouse/
2026-10-01T10:34:19+00:00,515447035,"הפניקס חח""י קופה מרכזית לקצבה בע""מ",new_item,https://www.fnx.co.il/fnx-insurance-ltd/investment-information-reports/the-expected-investment-policy/the-expected-investment-policy-2016/,חיסכון לכל ילד,https://www.fnx.co.il/gemel/child_investment/
2026-10-01T10:34:19+00:00,515447035,"הפניקס חח""י קופה מרכזית לקצבה בע""מ",new_item,https://www.fnx.co.il/fnx-insurance-ltd/investment-information-reports/the-expected-investment-policy/the-expected-investment-policy-2016/,חדש! מחשבון תשואות - גמל להשקעה,https://gemel-calc.fnx.co.il/
2026-10-01T10:34:19+00:00,515447035,"הפניקס חח""י קופה מרכזית לקצבה בע""מ",new_item,https://www.fnx.co.il/fnx-insurance-ltd/investment-information-reports/the-expected-investment-policy/the-expected-investment-policy-2016/,"הפניקס פנסיה וגמל בע""מ",https://www.fnx.co.il/pension-savings/fnx-pension-ltd/
2026-10-01T10:34:19+00:00,515447035,"הפניקס חח""י קופה מרכזית לקצבה בע""מ",new_item,https://www.fnx.co.il/fnx-insurance-ltd/investment-information-reports/the-expected-investment-policy/the-expected-investment-policy-2016/,"הפניקס חח""י קופה מרכזית לקצבה בע""מ",https://www.fnx.co.il/pension-savings/iec-pension/
2026-10-01T10:34:19+00:00,515447035,"הפניקס חח""י קופה מרכזית לקצבה בע""מ",new_item,https://www.fnx.co.il/fnx-insurance-ltd/investment-information-reports/the-expected-investment-policy/the-expected-investment-policy-2016/,"הפניקס השקעות ביטוח, פיננסים - קישור לעמוד הבית קישור לאתר פנימי",https://www.fnx.co.il/
2026-10-01T10:34:19+00:00,515447035,"הפניקס חח""י קופה מרכזית לקצבה בע""מ",new_item,https://www.fnx.co.il/fnx-insurance-ltd/investment-information-reports/the-expected-investment-policy/the-expected-investment-policy-2016/,הנחיות הפקדה לסוף שנה,https://www.fnx.co.il/gemel/endofyear_deposite/
2026-10-01T10:34:19+00:00,515447035,"הפניקס חח""י קופה מרכזית לקצבה בע""מ",new_item,https://www.fnx.co.il/fnx-insurance-ltd/investment-information-reports/the-expected-investment-policy/the-expected-investment-policy-2016/,גמל - תיקון 190,https://www.fnx.co.il/gemel/tikon190/
2026-10-01T10:34:19+00:00,515447035,"הפניקס חח""י קופה מרכזית לקצבה בע""מ",new_item,https://www.fnx.co.il/fnx-insurance-ltd/investment-information-reports/the-expected-investment-policy/the-expected-investment-policy-2016/,במדיניות הפרטיות,https://www.fnx.co.il/customer-service/terms-of-use/privacy-policy
2026-10-01T10:34:19+00:00,515447035,"הפניקס חח""י קופה מרכזית לקצבה בע""מ",new_item,https://www.fnx.co.il/fnx-insurance-ltd/investment-information-reports/the-expected-investment-policy/the-expected-investment-policy-2016/,ביטוח מנהלים,https://www.fnx.co.il/pension-savings/managers-insurance/
2026-10-01T10:34:19+00:00,515447035,"הפניקס חח""י קופה מרכזית לקצבה בע""מ",text_changed,https://www.fnx.co.il/fnx-insurance-ltd/investment-information-reports/the-expected-investment-policy/the-expected-investment-policy-2016/,דוח ממונה אזרחים ותיקים -> (html),https://digital-content.fnx.co.il/sites/docs/genery/for_new_site/esg/%D7%94%D7%A4%D7%A0%D7%99%D7%A7%D7%A1-%D7%93%D7%95%D7%97-%D7%9E%D7%9E%D7%95%D7%A0%D7%94-%D7%90%D7%96%D7%A8%D7%97%D7%99%D7%9D-%D7%95%D7%AA%D7%99%D7%A7%D7%99%D7%9D25.pdf
2026-10-01T10:34:19+00:00,515447035,"הפניקס חח""י קופה מרכזית לקצבה בע""מ",text_changed,https://www.fnx.co.il/fnx-insurance-ltd/investment-information-reports/the-expected-investment-policy/the-expected-investment-policy-2016/,ניוד פוליסות מקדמי קצבה -> (html),https://www.fnx.co.il/sites/docs/genery/DocLib9/annuity-factor.xls
2026-10-01T10:34:19+00:00,515447035,"הפניקס חח""י קופה מרכזית לקצבה בע""מ",text_changed,https://www.fnx.co.il/fnx-insurance-ltd/investment-information-reports/the-expected-investment-policy/the-expected-investment-policy-2016/,"פרמיות יומיות ביטוח נסיעות לחו""ל -> (html)",https://www.fnx.co.il/Documents/premiot_nesiot_yomiot.xls
2026-10-01T10:34:19+00:00,515447035,"הפניקס חח""י קופה מרכזית לקצבה בע""מ",text_changed,https://www.fnx.co.il/fnx-insurance-ltd/investment-information-reports/the-expected-investment-policy/the-expected-investment-policy-2015/,חוק שכר שווה -> (html),https://digital-content.fnx.co.il/Documents/fnx-equal-pay-law-public2025.pdf
2026-10-01T10:34:19+00:00,515447035,"הפניקס חח""י קופה מרכזית לקצבה בע""מ",new_item,https://www.fnx.co.il/fnx-insurance-ltd/investment-information-reports/the-expected-investment-policy/the-expected-investment-policy-2015/,רפורמה - יולי 2024,https://www.fnx.co.il/pension-savings/investment-tracks/tracks-reform/
2026-10-01T10:34:19+00:00,515447035,"הפניקס חח""י קופה מרכזית לקצבה בע""מ",new_item,https://www.fnx.co.il/fnx-insurance-ltd/investment-information-reports/the-expected-investment-policy/the-expected-investment-policy-2015/,(iframe),https://www.fnx.co.il/SPF/iframe-the-expected-investment-policy-2015.aspx
2026-10-01T10:34:19+00:00,515447035,"הפניקס חח""י קופה מרכזית לקצבה בע""מ",new_item,https://www.fnx.co.il/fnx-insurance-ltd/investment-information-reports/the-expected-investment-policy/the-expected-investment-policy-2015/,תשואות,https://www.fnx.co.il/pension-savings/yields/
2026-10-01T10:34:19+00:00,515447035,"הפניקס חח""י קופה מרכזית לקצבה בע""מ",new_item,https://www.fnx.co.il/fnx-insurance-ltd/investment-information-reports/the-expected-investment-policy/the-expected-investment-policy-2015/,תכנון לגיל פרישה,https://www.fnx.co.il/pension_retirement/
2026-10-01T10:34:19+00:00,515447035,"הפניקס חח""י קופה מרכזית לקצבה בע""מ",new_item,https://www.fnx.co.il/fnx-insurance-ltd/investment-information-reports/the-expected-investment-policy/the-expected-investment-policy-2015/,תיקון 190,https://www.fnx.co.il/pension_retirement/new-route-for-retirement/
2026-10-01T10:34:19+00:00,515447035,"הפניקס חח""י קופה מרכזית לקצבה בע""מ",new_item,https://www.fnx.co.il/fnx-insurance-ltd/investment-information-reports/the-expected-investment-policy/the-expected-investment-policy-2015/,תחום פנסיה,https://www.fnx.co.il/customer-service/pension-savings/
2026-10-01T10:34:19+00:00,515447035,"הפניקס חח""י קופה מרכזית לקצבה בע""מ",new_item,https://www.fnx.co.il/fnx-insurance-ltd/investment-information-reports/the-expected-investment-policy/the-expected-investment-policy-2015/,תחום גמל והשתלמות,https://www.fnx.co.il/customer-service/gemel-ishtlamutfund/
2026-10-01T10:34:19+00:00,515447035,"הפניקס חח""י קופה מרכזית לקצבה בע""מ",new_item,https://www.fnx.co.il/fnx-insurance-ltd/investment-information-reports/the-expected-investment-policy/the-expected-investment-policy-2015/,תביעות פנסיה,https://www.fnx.co.il/claims-customer-service/claims-all-embracing-pension/
2026-10-01T10:34:19+00:00,515447035,"הפניקס חח""י קופה מרכזית לקצבה בע""מ",new_item,https://www.fnx.co.il/fnx-insurance-ltd/investment-information-reports/the-expected-investment-policy/the-expected-investment-policy-2015/,קרן השתלמות לשכירים,https://www.fnx.co.il/ishtalmutfund/employee/
2026-10-01T10:34:19+00:00,515447035,"הפניקס חח""י קופה מרכזית לקצבה בע""מ",new_item,https://www.fnx.co.il/fnx-insurance-ltd/investment-information-reports/the-expected-investment-policy/the-expected-investment-policy-2015/,קרן השתלמות לעצמאים,https://www.fnx.co.il/ishtalmutfund/self-employee/
2026-10-01T10:34:19+00:00,515447035,"הפניקס חח""י קופה מרכזית לקצבה בע""מ",new_item,https://www.fnx.co.il/fnx-insurance-ltd/investment-information-reports/the-expected-investment-policy/the-expected-investment-policy-2015/,קרן השתלמות,https://www.fnx.co.il/ishtalmutfund/
2026-10-01T10:34:19+00:00,515447035,"הפניקס חח""י קופה מרכזית לקצבה בע""מ",new_item,https://www.fnx.co.il/fnx-insurance-ltd/investment-information-reports/the-expected-investment-policy/the-expected-investment-policy-2015/,קצבה מיידית,https://www.fnx.co.il/pension-savings/immediate-pension/
2026-10-01T10:34:19+00:00,515447035,"הפניקס חח""י קופה מרכזית לקצבה בע""מ",new_item,https://www.fnx.co.il/fnx-insurance-ltd/investment-information-reports/the-expected-investment-policy/the-expected-investment-policy-2015/,קופת גמל לשכירים,https://www.fnx.co.il/gemel/employee/
2026-10-01T10:34:19+00:00,515447035,"הפניקס חח""י קופה מרכזית לקצבה בע""מ",new_item,https://www.fnx.co.il/fnx-insurance-ltd/investment-information-reports/the-expected-investment-policy/the-expected-investment-policy-2015/,קופת גמל להשקעה,https://www.fnx.co.il/gemel/gemelhashkaa/
2026-10-01T10:34:19+00:00,515447035,"הפניקס חח""י קופה מרכזית לקצבה בע""מ",new_item,https://www.fnx.co.il/fnx-insurance-ltd/investment-information-reports/the-expected-investment-policy/the-expected-investment-policy-2015/,קופת גמל,https://www.fnx.co.il/gemel/
2026-10-01T10:34:19+00:00,515447035,"הפניקס חח""י קופה מרכזית לקצבה בע""מ",new_item,https://www.fnx.co.il/fnx-insurance-ltd/investment-information-reports/the-expected-investment-policy/the-expected-investment-policy-2015/,פנסיה,https://www.fnx.co.il/pension-savings/
2026-10-01T10:34:19+00:00,515447035,"הפניקס חח""י קופה מרכזית לקצבה בע""מ",new_item,https://www.fnx.co.il/fnx-insurance-ltd/investment-information-reports/the-expected-investment-policy/the-expected-investment-policy-2015/,משכנתא הפוכה,https://www.fnx.co.il/pension_retirement/reverse-mortgage/
2026-10-01T10:34:19+00:00,515447035,"הפניקס חח""י קופה מרכזית לקצבה בע""מ",new_item,https://www.fnx.co.il/fnx-insurance-ltd/investment-information-reports/the-expected-investment-policy/the-expected-investment-policy-2015/,משיכה מקופת גמל בעלת יתרה נמוכה,https://www.fnx.co.il/gemel/gemel-information/notax/
2026-10-01T10:34:19+00:00,515447035,"הפניקס חח""י קופה מרכזית לקצבה בע""מ",new_item,https://www.fnx.co.il/fnx-insurance-ltd/investment-information-reports/the-expected-investment-policy/the-expected-investment-policy-2015/,מיזוג קופות מסלוליות סלייס,https://www.fnx.co.il/gemel/merging2/
2026-10-01T10:34:19+00:00,515447035,"הפניקס חח""י קופה מרכזית לקצבה בע""מ",new_item,https://www.fnx.co.il/fnx-insurance-ltd/investment-information-reports/the-expected-investment-policy/the-expected-investment-policy-2015/,מידע לעצמאים,https://www.fnx.co.il/pension-savings/pensya-self-employee/
2026-10-01T10:34:19+00:00,515447035,"הפניקס חח""י קופה מרכזית לקצבה בע""מ",new_item,https://www.fnx.co.il/fnx-insurance-ltd/investment-information-reports/the-expected-investment-policy/the-expected-investment-policy-2015/,חלוקת חיסכון פנסיוני,https://www.fnx.co.il/pension-savings/pension-spouse/
2026-10-01T10:34:19+00:00,515447035,"הפניקס חח""י קופה מרכזית לקצבה בע""מ",new_item,https://www.fnx.co.il/fnx-insurance-ltd/investment-information-reports/the-expected-investment-policy/the-expected-investment-policy-2015/,חיסכון לכל ילד,https://www.fnx.co.il/gemel/child_investment/
2026-10-01T10:34:19+00:00,515447035,"הפניקס חח""י קופה מרכזית לקצבה בע""מ",new_item,https://www.fnx.co.il/fnx-insurance-ltd/investment-information-reports/the-expected-investment-policy/the-expected-investment-policy-2015/,חדש! מחשבון תשואות - גמל להשקעה,https://gemel-calc.fnx.co.il/
2026-10-01T10:34:19+00:00,515447035,"הפניקס חח""י קופה מרכזית לקצבה בע""מ",new_item,https://www.fnx.co.il/fnx-insurance-ltd/investment-information-reports/the-expected-investment-policy/the-expected-investment-policy-2015/,"הפניקס פנסיה וגמל בע""מ",https://www.fnx.co.il/pension-savings/fnx-pension-ltd/
2026-10-01T10:34:19+00:00,515447035,"הפניקס חח""י קופה מרכזית לקצבה בע""מ",new_item,https://www.fnx.co.il/fnx-insurance-ltd/investment-information-reports/the-expected-investment-policy/the-expected-investment-policy-2015/,"הפניקס חח""י קופה מרכזית לקצבה בע""מ",https://www.fnx.co.il/pension-savings/iec-pension/
2026-10-01T10:34:19+00:00,515447035,"הפניקס חח""י קופה מרכזית לקצבה בע""מ",new_item,https://www.fnx.co.il/fnx-insurance-ltd/investment-information-reports/the-expected-investment-policy/the-expected-investment-policy-2015/,"הפניקס השקעות ביטוח, פיננסים - קישור לעמוד הבית קישור לאתר פנימי",https://www.fnx.co.il/
2026-10-01T10:34:19+00:00,515447035,"הפניקס חח""י קופה מרכזית לקצבה בע""מ",new_item,https://www.fnx.co.il/fnx-insurance-ltd/investment-information-reports/the-expected-investment-policy/the-expected-investment-policy-2015/,הנחיות הפקדה לסוף שנה,https://www.fnx.co.il/gemel/endofyear_deposite/
2026-10-01T10:34:19+00:00,515447035,"הפניקס חח""י קופה מרכזית לקצבה בע""מ",new_item,https://www.fnx.co.il/fnx-insurance-ltd/investment-information-reports/the-expected-investment-policy/the-expected-investment-policy-2015/,גמל - תיקון 190,https://www.fnx.co.il/gemel/tikon190/
2026-10-01T10:34:19+00:00,515447035,"הפניקס חח""י קופה מרכזית לקצבה בע""מ",new_item,https://www.fnx.co.il/fnx-insurance-ltd/investment-information-reports/the-expected-investment-policy/the-expected-investment-policy-2015/,במדיניות הפרטיות,https://www.fnx.co.il/customer-service/terms-of-use/privacy-policy
2026-10-01T10:34:19+00:00,515447035,"הפניקס חח""י קופה מרכזית לקצבה בע""מ",new_item,https://www.fnx.co.il/fnx-insurance-ltd/investment-information-reports/the-expected-investment-policy/the-expected-investment-policy-2015/,ביטוח מנהלים,https://www.fnx.co.il/pension-savings/managers-insurance/
2026-10-01T10:34:19+00:00,515447035,"הפניקס חח""י קופה מרכזית לקצבה בע""מ",text_changed,https://www.fnx.co.il/fnx-insurance-ltd/investment-information-reports/the-expected-investment-policy/the-expected-investment-policy-2015/,דוח ממונה אזרחים ותיקים -> (html),https://digital-content.fnx.co.il/sites/docs/genery/for_new_site/esg/%D7%94%D7%A4%D7%A0%D7%99%D7%A7%D7%A1-%D7%93%D7%95%D7%97-%D7%9E%D7%9E%D7%95%D7%A0%D7%94-%D7%90%D7%96%D7%A8%D7%97%D7%99%D7%9D-%D7%95%D7%AA%D7%99%D7%A7%D7%99%D7%9D25.pdf
2026-10-01T10:34:19+00:00,515447035,"הפניקס חח""י קופה מרכזית לקצבה בע""מ",text_changed,https://www.fnx.co.il/fnx-insurance-ltd/investment-information-reports/the-expected-investment-policy/the-expected-investment-policy-2015/,ניוד פוליסות מקדמי קצבה -> (html),https://www.fnx.co.il/sites/docs/genery/DocLib9/annuity-factor.xls
2026-10-01T10:34:19+00:00,515447035,"הפניקס חח""י קופה מרכזית לקצבה בע""מ",text_changed,https://www.fnx.co.il/fnx-insurance-ltd/investment-information-reports/the-expected-investment-policy/the-expected-investment-policy-2015/,"פרמיות יומיות ביטוח נסיעות לחו""ל -> (html)",https://www.fnx.co.il/Documents/premiot_nesiot_yomiot.xls
2026-10-01T10:34:19+00:00,515447035,"הפניקס חח""י קופה מרכזית לקצבה בע""מ",text_changed,https://www.fnx.co.il/fnx-insurance-ltd/investment-information-reports/the-expected-investment-policy/the-expected-investment-policy-2014/,חוק שכר שווה -> (html),https://digital-content.fnx.co.il/Documents/fnx-equal-pay-law-public2025.pdf
2026-10-01T10:34:19+00:00,515447035,"הפניקס חח""י קופה מרכזית לקצבה בע""מ",new_item,https://www.fnx.co.il/fnx-insurance-ltd/investment-information-reports/the-expected-investment-policy/the-expected-investment-policy-2014/,רפורמה - יולי 2024,https://www.fnx.co.il/pension-savings/investment-tracks/tracks-reform/
2026-10-01T10:34:19+00:00,515447035,"הפניקס חח""י קופה מרכזית לקצבה בע""מ",new_item,https://www.fnx.co.il/fnx-insurance-ltd/investment-information-reports/the-expected-investment-policy/the-expected-investment-policy-2014/,(iframe),https://www.fnx.co.il/SPF/iframe-the-expected-investment-policy-2014.aspx
2026-10-01T10:34:19+00:00,515447035,"הפניקס חח""י קופה מרכזית לקצבה בע""מ",new_item,https://www.fnx.co.il/fnx-insurance-ltd/investment-information-reports/the-expected-investment-policy/the-expected-investment-policy-2014/,תשואות,https://www.fnx.co.il/pension-savings/yields/
2026-10-01T10:34:19+00:00,515447035,"הפניקס חח""י קופה מרכזית לקצבה בע""מ",new_item,https://www.fnx.co.il/fnx-insurance-ltd/investment-information-reports/the-expected-investment-policy/the-expected-investment-policy-2014/,תכנון לגיל פרישה,https://www.fnx.co.il/pension_retirement/
2026-10-01T10:34:19+00:00,515447035,"הפניקס חח""י קופה מרכזית לקצבה בע""מ",new_item,https://www.fnx.co.il/fnx-insurance-ltd/investment-information-reports/the-expected-investment-policy/the-expected-investment-policy-2014/,תיקון 190,https://www.fnx.co.il/pension_retirement/new-route-for-retirement/
2026-10-01T10:34:19+00:00,515447035,"הפניקס חח""י קופה מרכזית לקצבה בע""מ",new_item,https://www.fnx.co.il/fnx-insurance-ltd/investment-information-reports/the-expected-investment-policy/the-expected-investment-policy-2014/,תחום פנסיה,https://www.fnx.co.il/customer-service/pension-savings/
2026-10-01T10:34:19+00:00,515447035,"הפניקס חח""י קופה מרכזית לקצבה בע""מ",new_item,https://www.fnx.co.il/fnx-insurance-ltd/investment-information-reports/the-expected-investment-policy/the-expected-investment-policy-2014/,תחום גמל והשתלמות,https://www.fnx.co.il/customer-service/gemel-ishtlamutfund/
2026-10-01T10:34:19+00:00,515447035,"הפניקס חח""י קופה מרכזית לקצבה בע""מ",new_item,https://www.fnx.co.il/fnx-insurance-ltd/investment-information-reports/the-expected-investment-policy/the-expected-investment-policy-2014/,תביעות פנסיה,https://www.fnx.co.il/claims-customer-service/claims-all-embracing-pension/
2026-10-01T10:34:19+00:00,515447035,"הפניקס חח""י קופה מרכזית לקצבה בע""מ",new_item,https://www.fnx.co.il/fnx-insurance-ltd/investment-information-reports/the-expected-investment-policy/the-expected-investment-policy-2014/,קרן השתלמות לשכירים,https://www.fnx.co.il/ishtalmutfund/employee/
2026-10-01T10:34:19+00:00,515447035,"הפניקס חח""י קופה מרכזית לקצבה בע""מ",new_item,https://www.fnx.co.il/fnx-insurance-ltd/investment-information-reports/the-expected-investment-policy/the-expected-investment-policy-2014/,קרן השתלמות לעצמאים,https://www.fnx.co.il/ishtalmutfund/self-employee/
2026-10-01T10:34:19+00:00,515447035,"הפניקס חח""י קופה מרכזית לקצבה בע""מ",new_item,https://www.fnx.co.il/fnx-insurance-ltd/investment-information-reports/the-expected-investment-policy/the-expected-investment-policy-2014/,קרן השתלמות,https://www.fnx.co.il/ishtalmutfund/
2026-10-01T10:34:19+00:00,515447035,"הפניקס חח""י קופה מרכזית לקצבה בע""מ",new_item,https://www.fnx.co.il/fnx-insurance-ltd/investment-information-reports/the-expected-investment-policy/the-expected-investment-policy-2014/,קצבה מיידית,https://www.fnx.co.il/pension-savings/immediate-pension/
2026-10-01T10:34:19+00:00,515447035,"הפניקס חח""י קופה מרכזית לקצבה בע""מ",new_item,https://www.fnx.co.il/fnx-insurance-ltd/investment-information-reports/the-expected-investment-policy/the-expected-investment-policy-2014/,קופת גמל לשכירים,https://www.fnx.co.il/gemel/employee/
2026-10-01T10:34:19+00:00,515447035,"הפניקס חח""י קופה מרכזית לקצבה בע""מ",new_item,https://www.fnx.co.il/fnx-insurance-ltd/investment-information-reports/the-expected-investment-policy/the-expected-investment-policy-2014/,קופת גמל להשקעה,https://www.fnx.co.il/gemel/gemelhashkaa/
2026-10-01T10:34:19+00:00,515447035,"הפניקס חח""י קופה מרכזית לקצבה בע""מ",new_item,https://www.fnx.co.il/fnx-insurance-ltd/investment-information-reports/the-expected-investment-policy/the-expected-investment-policy-2014/,קופת גמל,https://www.fnx.co.il/gemel/
2026-10-01T10:34:19+00:00,515447035,"הפניקס חח""י קופה מרכזית לקצבה בע""מ",new_item,https://www.fnx.co.il/fnx-insurance-ltd/investment-information-reports/the-expected-investment-policy/the-expected-investment-policy-2014/,פנסיה,https://www.fnx.co.il/pension-savings/
2026-10-01T10:34:19+00:00,515447035,"הפניקס חח""י קופה מרכזית לקצבה בע""מ",new_item,https://www.fnx.co.il/fnx-insurance-ltd/investment-information-reports/the-expected-investment-policy/the-expected-investment-policy-2014/,משכנתא הפוכה,https://www.fnx.co.il/pension_retirement/reverse-mortgage/
2026-10-01T10:34:19+00:00,515447035,"הפניקס חח""י קופה מרכזית לקצבה בע""מ",new_item,https://www.fnx.co.il/fnx-insurance-ltd/investment-information-reports/the-expected-investment-policy/the-expected-investment-policy-2014/,משיכה מקופת גמל בעלת יתרה נמוכה,https://www.fnx.co.il/gemel/gemel-information/notax/
2026-10-01T10:34:19+00:00,515447035,"הפניקס חח""י קופה מרכזית לקצבה בע""מ",new_item,https://www.fnx.co.il/fnx-insurance-ltd/investment-information-reports/the-expected-investment-policy/the-expected-investment-policy-2014/,מיזוג קופות מסלוליות סלייס,https://www.fnx.co.il/gemel/merging2/
2026-10-01T10:34:19+00:00,515447035,"הפניקס חח""י קופה מרכזית לקצבה בע""מ",new_item,https://www.fnx.co.il/fnx-insurance-ltd/investment-information-reports/the-expected-investment-policy/the-expected-investment-policy-2014/,מידע לעצמאים,https://www.fnx.co.il/pension-savings/pensya-self-employee/
2026-10-01T10:34:19+00:00,515447035,"הפניקס חח""י קופה מרכזית לקצבה בע""מ",new_item,https://www.fnx.co.il/fnx-insurance-ltd/investment-information-reports/the-expected-investment-policy/the-expected-investment-policy-2014/,חלוקת חיסכון פנסיוני,https://www.fnx.co.il/pension-savings/pension-spouse/
2026-10-01T10:34:19+00:00,515447035,"הפניקס חח""י קופה מרכזית לקצבה בע""מ",new_item,https://www.fnx.co.il/fnx-insurance-ltd/investment-information-reports/the-expected-investment-policy/the-expected-investment-policy-2014/,חיסכון לכל ילד,https://www.fnx.co.il/gemel/child_investment/
2026-10-01T10:34:19+00:00,515447035,"הפניקס חח""י קופה מרכזית לקצבה בע""מ",new_item,https://www.fnx.co.il/fnx-insurance-ltd/investment-information-reports/the-expected-investment-policy/the-expected-investment-policy-2014/,חדש! מחשבון תשואות - גמל להשקעה,https://gemel-calc.fnx.co.il/
2026-10-01T10:34:19+00:00,515447035,"הפניקס חח""י קופה מרכזית לקצבה בע""מ",new_item,https://www.fnx.co.il/fnx-insurance-ltd/investment-information-reports/the-expected-investment-policy/the-expected-investment-policy-2014/,"הפניקס פנסיה וגמל בע""מ",https://www.fnx.co.il/pension-savings/fnx-pension-ltd/
2026-10-01T10:34:19+00:00,515447035,"הפניקס חח""י קופה מרכזית לקצבה בע""מ",new_item,https://www.fnx.co.il/fnx-insurance-ltd/investment-information-reports/the-expected-investment-policy/the-expected-investment-policy-2014/,"הפניקס חח""י קופה מרכזית לקצבה בע""מ",https://www.fnx.co.il/pension-savings/iec-pension/
2026-10-01T10:34:19+00:00,515447035,"הפניקס חח""י קופה מרכזית לקצבה בע""מ",new_item,https://www.fnx.co.il/fnx-insurance-ltd/investment-information-reports/the-expected-investment-policy/the-expected-investment-policy-2014/,"הפניקס השקעות ביטוח, פיננסים - קישור לעמוד הבית קישור לאתר פנימי",https://www.fnx.co.il/
2026-10-01T10:34:19+00:00,515447035,"הפניקס חח""י קופה מרכזית לקצבה בע""מ",new_item,https://www.fnx.co.il/fnx-insurance-ltd/investment-information-reports/the-expected-investment-policy/the-expected-investment-policy-2014/,הנחיות הפקדה לסוף שנה,https://www.fnx.co.il/gemel/endofyear_deposite/
2026-10-01T10:34:19+00:00,515447035,"הפניקס חח""י קופה מרכזית לקצבה בע""מ",new_item,https://www.fnx.co.il/fnx-insurance-ltd/investment-information-reports/the-expected-investment-policy/the-expected-investment-policy-2014/,גמל - תיקון 190,https://www.fnx.co.il/gemel/tikon190/
2026-10-01T10:34:19+00:00,515447035,"הפניקס חח""י קופה מרכזית לקצבה בע""מ",new_item,https://www.fnx.co.il/fnx-insurance-ltd/investment-information-reports/the-expected-investment-policy/the-expected-investment-policy-2014/,במדיניות הפרטיות,https://www.fnx.co.il/customer-service/terms-of-use/privacy-policy
2026-10-01T10:34:19+00:00,515447035,"הפניקס חח""י קופה מרכזית לקצבה בע""מ",new_item,https://www.fnx.co.il/fnx-insurance-ltd/investment-information-reports/the-expected-investment-policy/the-expected-investment-policy-2014/,ביטוח מנהלים,https://www.fnx.co.il/pension-savings/managers-insurance/
2026-10-01T10:34:19+00:00,515447035,"הפניקס חח""י קופה מרכזית לקצבה בע""מ",text_changed,https://www.fnx.co.il/fnx-insurance-ltd/investment-information-reports/the-expected-investment-policy/the-expected-investment-policy-2014/,דוח ממונה אזרחים ותיקים -> (html),https://digital-content.fnx.co.il/sites/docs/genery/for_new_site/esg/%D7%94%D7%A4%D7%A0%D7%99%D7%A7%D7%A1-%D7%93%D7%95%D7%97-%D7%9E%D7%9E%D7%95%D7%A0%D7%94-%D7%90%D7%96%D7%A8%D7%97%D7%99%D7%9D-%D7%95%D7%AA%D7%99%D7%A7%D7%99%D7%9D25.pdf
2026-10-01T10:34:19+00:00,515447035,"הפניקס חח""י קופה מרכזית לקצבה בע""מ",text_changed,https://www.fnx.co.il/fnx-insurance-ltd/investment-information-reports/the-expected-investment-policy/the-expected-investment-policy-2014/,ניוד פוליסות מקדמי קצבה -> (html),https://www.fnx.co.il/sites/docs/genery/DocLib9/annuity-factor.xls
2026-10-01T10:34:19+00:00,515447035,"הפניקס חח""י קופה מרכזית לקצבה בע""מ",text_changed,https://www.fnx.co.il/fnx-insurance-ltd/investment-information-reports/the-expected-investment-policy/the-expected-investment-policy-2014/,"פרמיות יומיות ביטוח נסיעות לחו""ל -> (html)",https://www.fnx.co.il/Documents/premiot_nesiot_yomiot.xls
2026-10-01T10:34:19+00:00,515447035,"הפניקס חח""י קופה מרכזית לקצבה בע""מ",text_changed,https://www.fnx.co.il/fnx-insurance-ltd/investment-information-reports/the-expected-investment-policy/the-expected-investment-policy-2013/,חוק שכר שווה -> (html),https://digital-content.fnx.co.il/Documents/fnx-equal-pay-law-public2025.pdf
2026-10-01T10:34:19+00:00,515447035,"הפניקס חח""י קופה מרכזית לקצבה בע""מ",new_item,https://www.fnx.co.il/fnx-insurance-ltd/investment-information-reports/the-expected-investment-policy/the-expected-investment-policy-2013/,רפורמה - יולי 2024,https://www.fnx.co.il/pension-savings/investment-tracks/tracks-reform/
2026-10-01T10:34:19+00:00,515447035,"הפניקס חח""י קופה מרכזית לקצבה בע""מ",new_item,https://www.fnx.co.il/fnx-insurance-ltd/investment-information-reports/the-expected-investment-policy/the-expected-investment-policy-2013/,(iframe),https://www.fnx.co.il/SPF/iframe-the-expected-investment-policy-2013.aspx
2026-10-01T10:34:19+00:00,515447035,"הפניקס חח""י קופה מרכזית לקצבה בע""מ",new_item,https://www.fnx.co.il/fnx-insurance-ltd/investment-information-reports/the-expected-investment-policy/the-expected-investment-policy-2013/,תשואות,https://www.fnx.co.il/pension-savings/yields/
2026-10-01T10:34:19+00:00,515447035,"הפניקס חח""י קופה מרכזית לקצבה בע""מ",new_item,https://www.fnx.co.il/fnx-insurance-ltd/investment-information-reports/the-expected-investment-policy/the-expected-investment-policy-2013/,תכנון לגיל פרישה,https://www.fnx.co.il/pension_retirement/
2026-10-01T10:34:19+00:00,515447035,"הפניקס חח""י קופה מרכזית לקצבה בע""מ",new_item,https://www.fnx.co.il/fnx-insurance-ltd/investment-information-reports/the-expected-investment-policy/the-expected-investment-policy-2013/,תיקון 190,https://www.fnx.co.il/pension_retirement/new-route-for-retirement/
2026-10-01T10:34:19+00:00,515447035,"הפניקס חח""י קופה מרכזית לקצבה בע""מ",new_item,https://www.fnx.co.il/fnx-insurance-ltd/investment-information-reports/the-expected-investment-policy/the-expected-investment-policy-2013/,תחום פנסיה,https://www.fnx.co.il/customer-service/pension-savings/
2026-10-01T10:34:19+00:00,515447035,"הפניקס חח""י קופה מרכזית לקצבה בע""מ",new_item,https://www.fnx.co.il/fnx-insurance-ltd/investment-information-reports/the-expected-investment-policy/the-expected-investment-policy-2013/,תחום גמל והשתלמות,https://www.fnx.co.il/customer-service/gemel-ishtlamutfund/
2026-10-01T10:34:19+00:00,515447035,"הפניקס חח""י קופה מרכזית לקצבה בע""מ",new_item,https://www.fnx.co.il/fnx-insurance-ltd/investment-information-reports/the-expected-investment-policy/the-expected-investment-policy-2013/,תביעות פנסיה,https://www.fnx.co.il/claims-customer-service/claims-all-embracing-pension/
2026-10-01T10:34:19+00:00,515447035,"הפניקס חח""י קופה מרכזית לקצבה בע""מ",new_item,https://www.fnx.co.il/fnx-insurance-ltd/investment-information-reports/the-expected-investment-policy/the-expected-investment-policy-2013/,קרן השתלמות לשכירים,https://www.fnx.co.il/ishtalmutfund/employee/
2026-10-01T10:34:19+00:00,515447035,"הפניקס חח""י קופה מרכזית לקצבה בע""מ",new_item,https://www.fnx.co.il/fnx-insurance-ltd/investment-information-reports/the-expected-investment-policy/the-expected-investment-policy-2013/,קרן השתלמות לעצמאים,https://www.fnx.co.il/ishtalmutfund/self-employee/
2026-10-01T10:34:19+00:00,515447035,"הפניקס חח""י קופה מרכזית לקצבה בע""מ",new_item,https://www.fnx.co.il/fnx-insurance-ltd/investment-information-reports/the-expected-investment-policy/the-expected-investment-policy-2013/,קרן השתלמות,https://www.fnx.co.il/ishtalmutfund/
2026-10-01T10:34:19+00:00,515447035,"הפניקס חח""י קופה מרכזית לקצבה בע""מ",new_item,https://www.fnx.co.il/fnx-insurance-ltd/investment-information-reports/the-expected-investment-policy/the-expected-investment-policy-2013/,קצבה מיידית,https://www.fnx.co.il/pension-savings/immediate-pension/
2026-10-01T10:34:19+00:00,515447035,"הפניקס חח""י קופה מרכזית לקצבה בע""מ",new_item,https://www.fnx.co.il/fnx-insurance-ltd/investment-information-reports/the-expected-investment-policy/the-expected-investment-policy-2013/,קופת גמל לשכירים,https://www.fnx.co.il/gemel/employee/
2026-10-01T10:34:19+00:00,515447035,"הפניקס חח""י קופה מרכזית לקצבה בע""מ",new_item,https://www.fnx.co.il/fnx-insurance-ltd/investment-information-reports/the-expected-investment-policy/the-expected-investment-policy-2013/,קופת גמל להשקעה,https://www.fnx.co.il/gemel/gemelhashkaa/
2026-10-01T10:34:19+00:00,515447035,"הפניקס חח""י קופה מרכזית לקצבה בע""מ",new_item,https://www.fnx.co.il/fnx-insurance-ltd/investment-information-reports/the-expected-investment-policy/the-expected-investment-policy-2013/,קופת גמל,https://www.fnx.co.il/gemel/
2026-10-01T10:34:19+00:00,515447035,"הפניקס חח""י קופה מרכזית לקצבה בע""מ",new_item,https://www.fnx.co.il/fnx-insurance-ltd/investment-information-reports/the-expected-investment-policy/the-expected-investment-policy-2013/,פנסיה,https://www.fnx.co.il/pension-savings/
2026-10-01T10:34:19+00:00,515447035,"הפניקס חח""י קופה מרכזית לקצבה בע""מ",new_item,https://www.fnx.co.il/fnx-insurance-ltd/investment-information-reports/the-expected-investment-policy/the-expected-investment-policy-2013/,משכנתא הפוכה,https://www.fnx.co.il/pension_retirement/reverse-mortgage/
2026-10-01T10:34:19+00:00,515447035,"הפניקס חח""י קופה מרכזית לקצבה בע""מ",new_item,https://www.fnx.co.il/fnx-insurance-ltd/investment-information-reports/the-expected-investment-policy/the-expected-investment-policy-2013/,משיכה מקופת גמל בעלת יתרה נמוכה,https://www.fnx.co.il/gemel/gemel-information/notax/
2026-10-01T10:34:19+00:00,515447035,"הפניקס חח""י קופה מרכזית לקצבה בע""מ",new_item,https://www.fnx.co.il/fnx-insurance-ltd/investment-information-reports/the-expected-investment-policy/the-expected-investment-policy-2013/,מיזוג קופות מסלוליות סלייס,https://www.fnx.co.il/gemel/merging2/
2026-10-01T10:34:19+00:00,515447035,"הפניקס חח""י קופה מרכזית לקצבה בע""מ",new_item,https://www.fnx.co.il/fnx-insurance-ltd/investment-information-reports/the-expected-investment-policy/the-expected-investment-policy-2013/,מידע לעצמאים,https://www.fnx.co.il/pension-savings/pensya-self-employee/
2026-10-01T10:34:19+00:00,515447035,"הפניקס חח""י קופה מרכזית לקצבה בע""מ",new_item,https://www.fnx.co.il/fnx-insurance-ltd/investment-information-reports/the-expected-investment-policy/the-expected-investment-policy-2013/,חלוקת חיסכון פנסיוני,https://www.fnx.co.il/pension-savings/pension-spouse/
2026-10-01T10:34:19+00:00,515447035,"הפניקס חח""י קופה מרכזית לקצבה בע""מ",new_item,https://www.fnx.co.il/fnx-insurance-ltd/investment-information-reports/the-expected-investment-policy/the-expected-investment-policy-2013/,חיסכון לכל ילד,https://www.fnx.co.il/gemel/child_investment/
2026-10-01T10:34:19+00:00,515447035,"הפניקס חח""י קופה מרכזית לקצבה בע""מ",new_item,https://www.fnx.co.il/fnx-insurance-ltd/investment-information-reports/the-expected-investment-policy/the-expected-investment-policy-2013/,חדש! מחשבון תשואות - גמל להשקעה,https://gemel-calc.fnx.co.il/
2026-10-01T10:34:19+00:00,515447035,"הפניקס חח""י קופה מרכזית לקצבה בע""מ",new_item,https://www.fnx.co.il/fnx-insurance-ltd/investment-information-reports/the-expected-investment-policy/the-expected-investment-policy-2013/,"הפניקס פנסיה וגמל בע""מ",https://www.fnx.co.il/pension-savings/fnx-pension-ltd/
2026-10-01T10:34:19+00:00,515447035,"הפניקס חח""י קופה מרכזית לקצבה בע""מ",new_item,https://www.fnx.co.il/fnx-insurance-ltd/investment-information-reports/the-expected-investment-policy/the-expected-investment-policy-2013/,"הפניקס חח""י קופה מרכזית לקצבה בע""מ",https://www.fnx.co.il/pension-savings/iec-pension/
2026-10-01T10:34:19+00:00,515447035,"הפניקס חח""י קופה מרכזית לקצבה בע""מ",new_item,https://www.fnx.co.il/fnx-insurance-ltd/investment-information-reports/the-expected-investment-policy/the-expected-investment-policy-2013/,"הפניקס השקעות ביטוח, פיננסים - קישור לעמוד הבית קישור לאתר פנימי",https://www.fnx.co.il/
2026-10-01T10:34:19+00:00,515447035,"הפניקס חח""י קופה מרכזית לקצבה בע""מ",new_item,https://www.fnx.co.il/fnx-insurance-ltd/investment-information-reports/the-expected-investment-policy/the-expected-investment-policy-2013/,הנחיות הפקדה לסוף שנה,https://www.fnx.co.il/gemel/endofyear_deposite/
2026-10-01T10:34:19+00:00,515447035,"הפניקס חח""י קופה מרכזית לקצבה בע""מ",new_item,https://www.fnx.co.il/fnx-insurance-ltd/investment-information-reports/the-expected-investment-policy/the-expected-investment-policy-2013/,גמל - תיקון 190,https://www.fnx.co.il/gemel/tikon190/
2026-10-01T10:34:19+00:00,515447035,"הפניקס חח""י קופה מרכזית לקצבה בע""מ",new_item,https://www.fnx.co.il/fnx-insurance-ltd/investment-information-reports/the-expected-investment-policy/the-expected-investment-policy-2013/,במדיניות הפרטיות,https://www.fnx.co.il/customer-service/terms-of-use/privacy-policy
2026-10-01T10:34:19+00:00,515447035,"הפניקס חח""י קופה מרכזית לקצבה בע""מ",new_item,https://www.fnx.co.il/fnx-insurance-ltd/investment-information-reports/the-expected-investment-policy/the-expected-investment-policy-2013/,ביטוח מנהלים,https://www.fnx.co.il/pension-savings/managers-insurance/
2026-10-01T10:34:19+00:00,515447035,"הפניקס חח""י קופה מרכזית לקצבה בע""מ",text_changed,https://www.fnx.co.il/fnx-insurance-ltd/investment-information-reports/the-expected-investment-policy/the-expected-investment-policy-2013/,דוח ממונה אזרחים ותיקים -> (html),https://digital-content.fnx.co.il/sites/docs/genery/for_new_site/esg/%D7%94%D7%A4%D7%A0%D7%99%D7%A7%D7%A1-%D7%93%D7%95%D7%97-%D7%9E%D7%9E%D7%95%D7%A0%D7%94-%D7%90%D7%96%D7%A8%D7%97%D7%99%D7%9D-%D7%95%D7%AA%D7%99%D7%A7%D7%99%D7%9D25.pdf
2026-10-01T10:34:19+00:00,515447035,"הפניקס חח""י קופה מרכזית לקצבה בע""מ",text_changed,https://www.fnx.co.il/fnx-insurance-ltd/investment-information-reports/the-expected-investment-policy/the-expected-investment-policy-2013/,ניוד פוליסות מקדמי קצבה -> (html),https://www.fnx.co.il/sites/docs/genery/DocLib9/annuity-factor.xls
2026-10-01T10:34:19+00:00,515447035,"הפניקס חח""י קופה מרכזית לקצבה בע""מ",text_changed,https://www.fnx.co.il/fnx-insurance-ltd/investment-information-reports/the-expected-investment-policy/the-expected-investment-policy-2013/,"פרמיות יומיות ביטוח נסיעות לחו""ל -> (html)",https://www.fnx.co.il/Documents/premiot_nesiot_yomiot.xls
